tech,summer_power_capacity_MW,energy_capacity_MWh,battery_duration,RetireYear,NukeRefRetireYear,Nuke60RetireYear,Nuke80RetireYear,NukeEarlyRetireYear,StartYear,IsExistUnit,HeatRate,FIPS,county,T_IGRP,T_GRP,T_GRP2,T_CID,T_PCA,T_PID,T_UID,T_PNM,TVIN,EFDcd,ECPcd,TFOWN,T_MRUN,TEFPT,TNOPER,TNOWN,T_CLRG,TSTATE,T_CR,T_GR,TCOUNT,TC_NP,TC_WIN,T_CCSROV,T_CCSF,T_CCSV,T_CCSHR,TRFURB,T_SMO,T_RMO,T_NRET,T_CCSCAPA,T_CCSLOC,T_COOL,TSCBEF,TSCBYR,TSCBCST,TSCBGRP,TSEQEF,T_CF,M_CF_JAN,M_CF_FEB,M_CF_MAR,M_CF_APR,M_CF_MAY,M_CF_JUN,M_CF_JUL,M_CF_AUG,M_CF_SEP,M_CF_OCT,M_CF_NOV,M_CF_DEC,CFL_1,CFL_2,CFL_3,T_FSHR_1,T_FSHR_2,T_FSHR_3,T_VOM,T_FOM,T_CAPAD,T_GRID,TNOX_R,T_COMB,T_POST,TCOMB_O,TCOMB_F,TCOMB_V,TCOMB_R,TSNCR_O,TSNCR_F,TSNCR_V,TSNCR_R,TSCR_O,TSCR_F,TSCR_V,TSCR_R,TSCBT,TPART,T_LONG,T_LAT,T_DSIR,T_DSIOV,T_DSIF,T_DSIV,T_FFOV,T_FFF,T_FFV,T_ESPU,T_CFBU,T_CFBUV,T_CFBUF,T_NG_COST,T_NG_TRAN,THR_QT,THR_O,THR_F,THR_V,THR_IMP,TOID,coolingwatertech,ctt,wst,in_nems,status,in_eia860M,Description,NukeRetireBin,MAT Exemptions,RetireYearGiven,Unique ID,r,sc_point_gid,reV_capacity_factor_ac
coaloldscr,454.0,,,2028,2028,2028,2028,2028,2009,True,10036.0,p99069,Puerto Rico,4.0,4.0,1.0,195.0,SOCO ,PR100_coal_2009_2028_pr321,PR100_coal_2009_2028_pr321,Barry,7.0,CSC,C7,1.0,0.0,1.0,15.0,15.0,9.0,PR,6.0,9.0,1.0,788.8,454.0,742.7227967,5.507225032,0.875739635,13823.93916,1971,1.0,12.0,0.0,0.0,0.0,0.0,98.0,2010.0,215.2,  ,0.0,0.446,0.277,0.349,0.471,0.481,0.458,0.647,0.685,0.557,0.517,0.289,0.373,0.307,C7,DS,WD,0.99,0.01,0.0,0.543886951,10.7540436,11.73718224,1.0,0.309,1.0,2.0,10.3,0.05,0.05,0.718,8.9,0.13,0.48,0.35,112.8,0.34,0.79,0.9,W ,E ,-66.149463495378,17.9474467239165,0.0,0.0,0.0,0.0,80.5,0.438,0.071,0.0,0.0,0.0,0.0,97.23483888,13.35514553,3.0,1.462,0.0,0.0,180.0,195.0,coaloldscr_r_fsa,r,fsa,1,(OP) Operating,1,Coal Steam with Scrubber,,1.0,True,PR100_coal_2009_2028_pr321,pr321,,
gas-ct,8.640530775461922,,,2025,2025,2025,2025,2025,2009,True,18949.0,p99031,Puerto Rico,8.0,8.0,1.0,5701.0,EPE  ,PR100_diesel_2009_2025_pr101,PR100_diesel_2009_2025_pr101,Copper,1.0,CTG,ET,1.0,2016.0,9.0,20.0,20.0,12.0,PR,7.0,12.0,1.0,86.9,8.640530775461922,0.0,0.0,0.0,0.0,1980,7.0,12.0,0.0,0.0,0.0,0.0,0.0,0.0,0.0,  ,0.0,0.087,0.042,0.045,0.043,0.046,0.088,0.119,0.145,0.122,0.102,0.055,0.032,0.04,GI,0,0,1.0,0.0,0.0,14.23226102,1.230331313,0.0,1.0,0.385,0.0,0.0,300.5,1.48,0.05,0.0,0.0,0.0,1.21,0.35,0.0,0.88,0.0,0.9,N ,N ,-65.667,18.232,0.0,0.0,0.0,0.0,0.0,0.0,0.0,0.0,0.0,0.0,0.0,0.0,0.0,0.0,0.0,0.0,0.0,0.0,5701.0,gas-ct_n_fsa,n,fsa,1,(OP) Operating,1,Gas Turbine,,,True,PR100_diesel_2009_2025_pr101,pr101,,
gas-ct,121.76976585704548,,,2025,2025,2025,2025,2025,2009,True,18949.0,p99034,Puerto Rico,8.0,8.0,1.0,5701.0,EPE  ,PR100_diesel_2009_2025_pr106,PR100_diesel_2009_2025_pr106,Copper,1.0,CTG,ET,1.0,2016.0,9.0,20.0,20.0,12.0,PR,7.0,12.0,1.0,86.9,121.76976585704548,0.0,0.0,0.0,0.0,1980,7.0,12.0,0.0,0.0,0.0,0.0,0.0,0.0,0.0,  ,0.0,0.087,0.042,0.045,0.043,0.046,0.088,0.119,0.145,0.122,0.102,0.055,0.032,0.04,GI,0,0,1.0,0.0,0.0,14.23226102,1.230331313,0.0,1.0,0.385,0.0,0.0,300.5,1.48,0.05,0.0,0.0,0.0,1.21,0.35,0.0,0.88,0.0,0.9,N ,N ,-66.2308401882358,17.9520116156805,0.0,0.0,0.0,0.0,0.0,0.0,0.0,0.0,0.0,0.0,0.0,0.0,0.0,0.0,0.0,0.0,0.0,0.0,5701.0,gas-ct_n_fsa,n,fsa,1,(OP) Operating,1,Gas Turbine,,,True,PR100_diesel_2009_2025_pr106,pr106,,
gas-ct,8.640530775461922,,,2025,2025,2025,2025,2025,2009,True,18949.0,p99035,Puerto Rico,8.0,8.0,1.0,5701.0,EPE  ,PR100_diesel_2009_2025_pr107,PR100_diesel_2009_2025_pr107,Copper,1.0,CTG,ET,1.0,2016.0,9.0,20.0,20.0,12.0,PR,7.0,12.0,1.0,86.9,8.640530775461922,0.0,0.0,0.0,0.0,1980,7.0,12.0,0.0,0.0,0.0,0.0,0.0,0.0,0.0,  ,0.0,0.087,0.042,0.045,0.043,0.046,0.088,0.119,0.145,0.122,0.102,0.055,0.032,0.04,GI,0,0,1.0,0.0,0.0,14.23226102,1.230331313,0.0,1.0,0.385,0.0,0.0,300.5,1.48,0.05,0.0,0.0,0.0,1.21,0.35,0.0,0.88,0.0,0.9,N ,N ,-66.2311584279522,17.9532741471698,0.0,0.0,0.0,0.0,0.0,0.0,0.0,0.0,0.0,0.0,0.0,0.0,0.0,0.0,0.0,0.0,0.0,0.0,5701.0,gas-ct_n_fsa,n,fsa,1,(OP) Operating,1,Gas Turbine,,,True,PR100_diesel_2009_2025_pr107,pr107,,
gas-ct,8.640530775461922,,,2025,2025,2025,2025,2025,2009,True,18949.0,p99001,Puerto Rico,8.0,8.0,1.0,5701.0,EPE  ,PR100_diesel_2009_2025_pr2,PR100_diesel_2009_2025_pr2,Copper,1.0,CTG,ET,1.0,2016.0,9.0,20.0,20.0,12.0,PR,7.0,12.0,1.0,86.9,8.640530775461922,0.0,0.0,0.0,0.0,1980,7.0,12.0,0.0,0.0,0.0,0.0,0.0,0.0,0.0,  ,0.0,0.087,0.042,0.045,0.043,0.046,0.088,0.119,0.145,0.122,0.102,0.055,0.032,0.04,GI,0,0,1.0,0.0,0.0,14.23226102,1.230331313,0.0,1.0,0.385,0.0,0.0,300.5,1.48,0.05,0.0,0.0,0.0,1.21,0.35,0.0,0.88,0.0,0.9,N ,N ,-66.7532760592112,18.0015070538032,0.0,0.0,0.0,0.0,0.0,0.0,0.0,0.0,0.0,0.0,0.0,0.0,0.0,0.0,0.0,0.0,0.0,0.0,5701.0,gas-ct_n_fsa,n,fsa,1,(OP) Operating,1,Gas Turbine,,,True,PR100_diesel_2009_2025_pr2,pr2,,
gas-ct,47.62578272665321,,,2025,2025,2025,2025,2025,2009,True,18949.0,p99011,Puerto Rico,8.0,8.0,1.0,5701.0,EPE  ,PR100_diesel_2009_2025_pr29,PR100_diesel_2009_2025_pr29,Copper,1.0,CTG,ET,1.0,2016.0,9.0,20.0,20.0,12.0,PR,7.0,12.0,1.0,86.9,47.62578272665321,0.0,0.0,0.0,0.0,1980,7.0,12.0,0.0,0.0,0.0,0.0,0.0,0.0,0.0,  ,0.0,0.087,0.042,0.045,0.043,0.046,0.088,0.119,0.145,0.122,0.102,0.055,0.032,0.04,GI,0,0,1.0,0.0,0.0,14.23226102,1.230331313,0.0,1.0,0.385,0.0,0.0,300.5,1.48,0.05,0.0,0.0,0.0,1.21,0.35,0.0,0.88,0.0,0.9,N ,N ,-67.147380541546,18.2373912818469,0.0,0.0,0.0,0.0,0.0,0.0,0.0,0.0,0.0,0.0,0.0,0.0,0.0,0.0,0.0,0.0,0.0,0.0,5701.0,gas-ct_n_fsa,n,fsa,1,(OP) Operating,1,Gas Turbine,,,True,PR100_diesel_2009_2025_pr29,pr29,,
gas-ct,8.640530775461922,,,2025,2025,2025,2025,2025,2009,True,18949.0,p99016,Puerto Rico,8.0,8.0,1.0,5701.0,EPE  ,PR100_diesel_2009_2025_pr41,PR100_diesel_2009_2025_pr41,Copper,1.0,CTG,ET,1.0,2016.0,9.0,20.0,20.0,12.0,PR,7.0,12.0,1.0,86.9,8.640530775461922,0.0,0.0,0.0,0.0,1980,7.0,12.0,0.0,0.0,0.0,0.0,0.0,0.0,0.0,  ,0.0,0.087,0.042,0.045,0.043,0.046,0.088,0.119,0.145,0.122,0.102,0.055,0.032,0.04,GI,0,0,1.0,0.0,0.0,14.23226102,1.230331313,0.0,1.0,0.385,0.0,0.0,300.5,1.48,0.05,0.0,0.0,0.0,1.21,0.35,0.0,0.88,0.0,0.9,N ,N ,-66.3914685076281,18.4458787165834,0.0,0.0,0.0,0.0,0.0,0.0,0.0,0.0,0.0,0.0,0.0,0.0,0.0,0.0,0.0,0.0,0.0,0.0,5701.0,gas-ct_n_fsa,n,fsa,1,(OP) Operating,1,Gas Turbine,,,True,PR100_diesel_2009_2025_pr41,pr41,,
gas-ct,50.917413498257744,,,2025,2025,2025,2025,2025,2009,True,18949.0,p99080,Puerto Rico,8.0,8.0,1.0,5701.0,EPE  ,PR100_diesel_2009_2025_pr440,PR100_diesel_2009_2025_pr440,Copper,1.0,CTG,ET,1.0,2016.0,9.0,20.0,20.0,12.0,PR,7.0,12.0,1.0,86.9,50.917413498257744,0.0,0.0,0.0,0.0,1980,7.0,12.0,0.0,0.0,0.0,0.0,0.0,0.0,0.0,  ,0.0,0.087,0.042,0.045,0.043,0.046,0.088,0.119,0.145,0.122,0.102,0.055,0.032,0.04,GI,0,0,1.0,0.0,0.0,14.23226102,1.230331313,0.0,1.0,0.385,0.0,0.0,300.5,1.48,0.05,0.0,0.0,0.0,1.21,0.35,0.0,0.88,0.0,0.9,N ,N ,-66.6968634056452,18.4690563228198,0.0,0.0,0.0,0.0,0.0,0.0,0.0,0.0,0.0,0.0,0.0,0.0,0.0,0.0,0.0,0.0,0.0,0.0,5701.0,gas-ct_n_fsa,n,fsa,1,(OP) Operating,1,Gas Turbine,,,True,PR100_diesel_2009_2025_pr440,pr440,,
gas-ct,8.640530775461922,,,2025,2025,2025,2025,2025,2009,True,18949.0,p99003,Puerto Rico,8.0,8.0,1.0,5701.0,EPE  ,PR100_diesel_2009_2025_pr5,PR100_diesel_2009_2025_pr5,Copper,1.0,CTG,ET,1.0,2016.0,9.0,20.0,20.0,12.0,PR,7.0,12.0,1.0,86.9,8.640530775461922,0.0,0.0,0.0,0.0,1980,7.0,12.0,0.0,0.0,0.0,0.0,0.0,0.0,0.0,  ,0.0,0.087,0.042,0.045,0.043,0.046,0.088,0.119,0.145,0.122,0.102,0.055,0.032,0.04,GI,0,0,1.0,0.0,0.0,14.23226102,1.230331313,0.0,1.0,0.385,0.0,0.0,300.5,1.48,0.05,0.0,0.0,0.0,1.21,0.35,0.0,0.88,0.0,0.9,N ,N ,-65.8234605404272,18.1051828222315,0.0,0.0,0.0,0.0,0.0,0.0,0.0,0.0,0.0,0.0,0.0,0.0,0.0,0.0,0.0,0.0,0.0,0.0,5701.0,gas-ct_n_fsa,n,fsa,1,(OP) Operating,1,Gas Turbine,,,True,PR100_diesel_2009_2025_pr5,pr5,,
gas-ct,42.58547310763375,,,2025,2025,2025,2025,2025,2009,True,18949.0,p99019,Puerto Rico,8.0,8.0,1.0,5701.0,EPE  ,PR100_diesel_2009_2025_pr63,PR100_diesel_2009_2025_pr63,Copper,1.0,CTG,ET,1.0,2016.0,9.0,20.0,20.0,12.0,PR,7.0,12.0,1.0,86.9,42.58547310763375,0.0,0.0,0.0,0.0,1980,7.0,12.0,0.0,0.0,0.0,0.0,0.0,0.0,0.0,  ,0.0,0.087,0.042,0.045,0.043,0.046,0.088,0.119,0.145,0.122,0.102,0.055,0.032,0.04,GI,0,0,1.0,0.0,0.0,14.23226102,1.230331313,0.0,1.0,0.385,0.0,0.0,300.5,1.48,0.05,0.0,0.0,0.0,1.21,0.35,0.0,0.88,0.0,0.9,N ,N ,-66.14887874,18.45454337,0.0,0.0,0.0,0.0,0.0,0.0,0.0,0.0,0.0,0.0,0.0,0.0,0.0,0.0,0.0,0.0,0.0,0.0,5701.0,gas-ct_n_fsa,n,fsa,1,(OP) Operating,1,Gas Turbine,,,True,PR100_diesel_2009_2025_pr63,pr63,,
gas-ct,8.640530775461922,,,2025,2025,2025,2025,2025,2009,True,18949.0,p99004,Puerto Rico,8.0,8.0,1.0,5701.0,EPE  ,PR100_diesel_2009_2025_pr8,PR100_diesel_2009_2025_pr8,Copper,1.0,CTG,ET,1.0,2016.0,9.0,20.0,20.0,12.0,PR,7.0,12.0,1.0,86.9,8.640530775461922,0.0,0.0,0.0,0.0,1980,7.0,12.0,0.0,0.0,0.0,0.0,0.0,0.0,0.0,  ,0.0,0.087,0.042,0.045,0.043,0.046,0.088,0.119,0.145,0.122,0.102,0.055,0.032,0.04,GI,0,0,1.0,0.0,0.0,14.23226102,1.230331313,0.0,1.0,0.385,0.0,0.0,300.5,1.48,0.05,0.0,0.0,0.0,1.21,0.35,0.0,0.88,0.0,0.9,N ,N ,-66.139303974935,17.961056944062,0.0,0.0,0.0,0.0,0.0,0.0,0.0,0.0,0.0,0.0,0.0,0.0,0.0,0.0,0.0,0.0,0.0,0.0,5701.0,gas-ct_n_fsa,n,fsa,1,(OP) Operating,1,Gas Turbine,,,True,PR100_diesel_2009_2025_pr8,pr8,,
gas-ct,0.8486235583042958,,,2025,2025,2025,2025,2025,2009,True,18949.0,p99020,Puerto Rico,8.0,8.0,1.0,5701.0,EPE  ,PR100_diesel_2009_2025_pr82,PR100_diesel_2009_2025_pr82,Copper,1.0,CTG,ET,1.0,2016.0,9.0,20.0,20.0,12.0,PR,7.0,12.0,1.0,86.9,0.8486235583042958,0.0,0.0,0.0,0.0,1980,7.0,12.0,0.0,0.0,0.0,0.0,0.0,0.0,0.0,  ,0.0,0.087,0.042,0.045,0.043,0.046,0.088,0.119,0.145,0.122,0.102,0.055,0.032,0.04,GI,0,0,1.0,0.0,0.0,14.23226102,1.230331313,0.0,1.0,0.385,0.0,0.0,300.5,1.48,0.05,0.0,0.0,0.0,1.21,0.35,0.0,0.88,0.0,0.9,N ,N ,-65.9094991272663,18.3749310778779,0.0,0.0,0.0,0.0,0.0,0.0,0.0,0.0,0.0,0.0,0.0,0.0,0.0,0.0,0.0,0.0,0.0,0.0,5701.0,gas-ct_n_fsa,n,fsa,1,(OP) Operating,1,Gas Turbine,,,True,PR100_diesel_2009_2025_pr82,pr82,,
gas-ct,84.40975659933396,,,2025,2025,2025,2025,2025,2009,True,18949.0,p99026,Puerto Rico,8.0,8.0,1.0,5701.0,EPE  ,PR100_diesel_2009_2025_pr88,PR100_diesel_2009_2025_pr88,Copper,1.0,CTG,ET,1.0,2016.0,9.0,20.0,20.0,12.0,PR,7.0,12.0,1.0,86.9,84.40975659933396,0.0,0.0,0.0,0.0,1980,7.0,12.0,0.0,0.0,0.0,0.0,0.0,0.0,0.0,  ,0.0,0.087,0.042,0.045,0.043,0.046,0.088,0.119,0.145,0.122,0.102,0.055,0.032,0.04,GI,0,0,1.0,0.0,0.0,14.23226102,1.230331313,0.0,1.0,0.385,0.0,0.0,300.5,1.48,0.05,0.0,0.0,0.0,1.21,0.35,0.0,0.88,0.0,0.9,N ,N ,-66.104404337261,18.4270894106024,0.0,0.0,0.0,0.0,0.0,0.0,0.0,0.0,0.0,0.0,0.0,0.0,0.0,0.0,0.0,0.0,0.0,0.0,5701.0,gas-ct_n_fsa,n,fsa,1,(OP) Operating,1,Gas Turbine,,,True,PR100_diesel_2009_2025_pr88,pr88,,
gas-ct,6.912424620369537,,,2030,2030,2030,2030,2030,2009,True,18949.0,p99031,Puerto Rico,8.0,8.0,1.0,5701.0,EPE  ,PR100_diesel_2009_2030_pr101,PR100_diesel_2009_2030_pr101,Copper,1.0,CTG,ET,1.0,2016.0,9.0,20.0,20.0,12.0,PR,7.0,12.0,1.0,86.9,6.912424620369537,0.0,0.0,0.0,0.0,1980,7.0,12.0,0.0,0.0,0.0,0.0,0.0,0.0,0.0,  ,0.0,0.087,0.042,0.045,0.043,0.046,0.088,0.119,0.145,0.122,0.102,0.055,0.032,0.04,GI,0,0,1.0,0.0,0.0,14.23226102,1.230331313,0.0,1.0,0.385,0.0,0.0,300.5,1.48,0.05,0.0,0.0,0.0,1.21,0.35,0.0,0.88,0.0,0.9,N ,N ,-65.667,18.232,0.0,0.0,0.0,0.0,0.0,0.0,0.0,0.0,0.0,0.0,0.0,0.0,0.0,0.0,0.0,0.0,0.0,0.0,5701.0,gas-ct_n_fsa,n,fsa,1,(OP) Operating,1,Gas Turbine,,,True,PR100_diesel_2009_2030_pr101,pr101,,
gas-ct,97.41581268563638,,,2030,2030,2030,2030,2030,2009,True,18949.0,p99034,Puerto Rico,8.0,8.0,1.0,5701.0,EPE  ,PR100_diesel_2009_2030_pr106,PR100_diesel_2009_2030_pr106,Copper,1.0,CTG,ET,1.0,2016.0,9.0,20.0,20.0,12.0,PR,7.0,12.0,1.0,86.9,97.41581268563638,0.0,0.0,0.0,0.0,1980,7.0,12.0,0.0,0.0,0.0,0.0,0.0,0.0,0.0,  ,0.0,0.087,0.042,0.045,0.043,0.046,0.088,0.119,0.145,0.122,0.102,0.055,0.032,0.04,GI,0,0,1.0,0.0,0.0,14.23226102,1.230331313,0.0,1.0,0.385,0.0,0.0,300.5,1.48,0.05,0.0,0.0,0.0,1.21,0.35,0.0,0.88,0.0,0.9,N ,N ,-66.2308401882358,17.9520116156805,0.0,0.0,0.0,0.0,0.0,0.0,0.0,0.0,0.0,0.0,0.0,0.0,0.0,0.0,0.0,0.0,0.0,0.0,5701.0,gas-ct_n_fsa,n,fsa,1,(OP) Operating,1,Gas Turbine,,,True,PR100_diesel_2009_2030_pr106,pr106,,
gas-ct,6.912424620369537,,,2030,2030,2030,2030,2030,2009,True,18949.0,p99035,Puerto Rico,8.0,8.0,1.0,5701.0,EPE  ,PR100_diesel_2009_2030_pr107,PR100_diesel_2009_2030_pr107,Copper,1.0,CTG,ET,1.0,2016.0,9.0,20.0,20.0,12.0,PR,7.0,12.0,1.0,86.9,6.912424620369537,0.0,0.0,0.0,0.0,1980,7.0,12.0,0.0,0.0,0.0,0.0,0.0,0.0,0.0,  ,0.0,0.087,0.042,0.045,0.043,0.046,0.088,0.119,0.145,0.122,0.102,0.055,0.032,0.04,GI,0,0,1.0,0.0,0.0,14.23226102,1.230331313,0.0,1.0,0.385,0.0,0.0,300.5,1.48,0.05,0.0,0.0,0.0,1.21,0.35,0.0,0.88,0.0,0.9,N ,N ,-66.2311584279522,17.9532741471698,0.0,0.0,0.0,0.0,0.0,0.0,0.0,0.0,0.0,0.0,0.0,0.0,0.0,0.0,0.0,0.0,0.0,0.0,5701.0,gas-ct_n_fsa,n,fsa,1,(OP) Operating,1,Gas Turbine,,,True,PR100_diesel_2009_2030_pr107,pr107,,
gas-ct,6.912424620369537,,,2030,2030,2030,2030,2030,2009,True,18949.0,p99001,Puerto Rico,8.0,8.0,1.0,5701.0,EPE  ,PR100_diesel_2009_2030_pr2,PR100_diesel_2009_2030_pr2,Copper,1.0,CTG,ET,1.0,2016.0,9.0,20.0,20.0,12.0,PR,7.0,12.0,1.0,86.9,6.912424620369537,0.0,0.0,0.0,0.0,1980,7.0,12.0,0.0,0.0,0.0,0.0,0.0,0.0,0.0,  ,0.0,0.087,0.042,0.045,0.043,0.046,0.088,0.119,0.145,0.122,0.102,0.055,0.032,0.04,GI,0,0,1.0,0.0,0.0,14.23226102,1.230331313,0.0,1.0,0.385,0.0,0.0,300.5,1.48,0.05,0.0,0.0,0.0,1.21,0.35,0.0,0.88,0.0,0.9,N ,N ,-66.7532760592112,18.0015070538032,0.0,0.0,0.0,0.0,0.0,0.0,0.0,0.0,0.0,0.0,0.0,0.0,0.0,0.0,0.0,0.0,0.0,0.0,5701.0,gas-ct_n_fsa,n,fsa,1,(OP) Operating,1,Gas Turbine,,,True,PR100_diesel_2009_2030_pr2,pr2,,
gas-ct,38.10062618132257,,,2030,2030,2030,2030,2030,2009,True,18949.0,p99011,Puerto Rico,8.0,8.0,1.0,5701.0,EPE  ,PR100_diesel_2009_2030_pr29,PR100_diesel_2009_2030_pr29,Copper,1.0,CTG,ET,1.0,2016.0,9.0,20.0,20.0,12.0,PR,7.0,12.0,1.0,86.9,38.10062618132257,0.0,0.0,0.0,0.0,1980,7.0,12.0,0.0,0.0,0.0,0.0,0.0,0.0,0.0,  ,0.0,0.087,0.042,0.045,0.043,0.046,0.088,0.119,0.145,0.122,0.102,0.055,0.032,0.04,GI,0,0,1.0,0.0,0.0,14.23226102,1.230331313,0.0,1.0,0.385,0.0,0.0,300.5,1.48,0.05,0.0,0.0,0.0,1.21,0.35,0.0,0.88,0.0,0.9,N ,N ,-67.147380541546,18.2373912818469,0.0,0.0,0.0,0.0,0.0,0.0,0.0,0.0,0.0,0.0,0.0,0.0,0.0,0.0,0.0,0.0,0.0,0.0,5701.0,gas-ct_n_fsa,n,fsa,1,(OP) Operating,1,Gas Turbine,,,True,PR100_diesel_2009_2030_pr29,pr29,,
gas-ct,6.912424620369537,,,2030,2030,2030,2030,2030,2009,True,18949.0,p99016,Puerto Rico,8.0,8.0,1.0,5701.0,EPE  ,PR100_diesel_2009_2030_pr41,PR100_diesel_2009_2030_pr41,Copper,1.0,CTG,ET,1.0,2016.0,9.0,20.0,20.0,12.0,PR,7.0,12.0,1.0,86.9,6.912424620369537,0.0,0.0,0.0,0.0,1980,7.0,12.0,0.0,0.0,0.0,0.0,0.0,0.0,0.0,  ,0.0,0.087,0.042,0.045,0.043,0.046,0.088,0.119,0.145,0.122,0.102,0.055,0.032,0.04,GI,0,0,1.0,0.0,0.0,14.23226102,1.230331313,0.0,1.0,0.385,0.0,0.0,300.5,1.48,0.05,0.0,0.0,0.0,1.21,0.35,0.0,0.88,0.0,0.9,N ,N ,-66.3914685076281,18.4458787165834,0.0,0.0,0.0,0.0,0.0,0.0,0.0,0.0,0.0,0.0,0.0,0.0,0.0,0.0,0.0,0.0,0.0,0.0,5701.0,gas-ct_n_fsa,n,fsa,1,(OP) Operating,1,Gas Turbine,,,True,PR100_diesel_2009_2030_pr41,pr41,,
gas-ct,40.733930798606195,,,2030,2030,2030,2030,2030,2009,True,18949.0,p99080,Puerto Rico,8.0,8.0,1.0,5701.0,EPE  ,PR100_diesel_2009_2030_pr440,PR100_diesel_2009_2030_pr440,Copper,1.0,CTG,ET,1.0,2016.0,9.0,20.0,20.0,12.0,PR,7.0,12.0,1.0,86.9,40.733930798606195,0.0,0.0,0.0,0.0,1980,7.0,12.0,0.0,0.0,0.0,0.0,0.0,0.0,0.0,  ,0.0,0.087,0.042,0.045,0.043,0.046,0.088,0.119,0.145,0.122,0.102,0.055,0.032,0.04,GI,0,0,1.0,0.0,0.0,14.23226102,1.230331313,0.0,1.0,0.385,0.0,0.0,300.5,1.48,0.05,0.0,0.0,0.0,1.21,0.35,0.0,0.88,0.0,0.9,N ,N ,-66.6968634056452,18.4690563228198,0.0,0.0,0.0,0.0,0.0,0.0,0.0,0.0,0.0,0.0,0.0,0.0,0.0,0.0,0.0,0.0,0.0,0.0,5701.0,gas-ct_n_fsa,n,fsa,1,(OP) Operating,1,Gas Turbine,,,True,PR100_diesel_2009_2030_pr440,pr440,,
gas-ct,6.912424620369537,,,2030,2030,2030,2030,2030,2009,True,18949.0,p99003,Puerto Rico,8.0,8.0,1.0,5701.0,EPE  ,PR100_diesel_2009_2030_pr5,PR100_diesel_2009_2030_pr5,Copper,1.0,CTG,ET,1.0,2016.0,9.0,20.0,20.0,12.0,PR,7.0,12.0,1.0,86.9,6.912424620369537,0.0,0.0,0.0,0.0,1980,7.0,12.0,0.0,0.0,0.0,0.0,0.0,0.0,0.0,  ,0.0,0.087,0.042,0.045,0.043,0.046,0.088,0.119,0.145,0.122,0.102,0.055,0.032,0.04,GI,0,0,1.0,0.0,0.0,14.23226102,1.230331313,0.0,1.0,0.385,0.0,0.0,300.5,1.48,0.05,0.0,0.0,0.0,1.21,0.35,0.0,0.88,0.0,0.9,N ,N ,-65.8234605404272,18.1051828222315,0.0,0.0,0.0,0.0,0.0,0.0,0.0,0.0,0.0,0.0,0.0,0.0,0.0,0.0,0.0,0.0,0.0,0.0,5701.0,gas-ct_n_fsa,n,fsa,1,(OP) Operating,1,Gas Turbine,,,True,PR100_diesel_2009_2030_pr5,pr5,,
gas-ct,34.068378486107,,,2030,2030,2030,2030,2030,2009,True,18949.0,p99019,Puerto Rico,8.0,8.0,1.0,5701.0,EPE  ,PR100_diesel_2009_2030_pr63,PR100_diesel_2009_2030_pr63,Copper,1.0,CTG,ET,1.0,2016.0,9.0,20.0,20.0,12.0,PR,7.0,12.0,1.0,86.9,34.068378486107,0.0,0.0,0.0,0.0,1980,7.0,12.0,0.0,0.0,0.0,0.0,0.0,0.0,0.0,  ,0.0,0.087,0.042,0.045,0.043,0.046,0.088,0.119,0.145,0.122,0.102,0.055,0.032,0.04,GI,0,0,1.0,0.0,0.0,14.23226102,1.230331313,0.0,1.0,0.385,0.0,0.0,300.5,1.48,0.05,0.0,0.0,0.0,1.21,0.35,0.0,0.88,0.0,0.9,N ,N ,-66.14887874,18.45454337,0.0,0.0,0.0,0.0,0.0,0.0,0.0,0.0,0.0,0.0,0.0,0.0,0.0,0.0,0.0,0.0,0.0,0.0,5701.0,gas-ct_n_fsa,n,fsa,1,(OP) Operating,1,Gas Turbine,,,True,PR100_diesel_2009_2030_pr63,pr63,,
gas-ct,6.912424620369537,,,2030,2030,2030,2030,2030,2009,True,18949.0,p99004,Puerto Rico,8.0,8.0,1.0,5701.0,EPE  ,PR100_diesel_2009_2030_pr8,PR100_diesel_2009_2030_pr8,Copper,1.0,CTG,ET,1.0,2016.0,9.0,20.0,20.0,12.0,PR,7.0,12.0,1.0,86.9,6.912424620369537,0.0,0.0,0.0,0.0,1980,7.0,12.0,0.0,0.0,0.0,0.0,0.0,0.0,0.0,  ,0.0,0.087,0.042,0.045,0.043,0.046,0.088,0.119,0.145,0.122,0.102,0.055,0.032,0.04,GI,0,0,1.0,0.0,0.0,14.23226102,1.230331313,0.0,1.0,0.385,0.0,0.0,300.5,1.48,0.05,0.0,0.0,0.0,1.21,0.35,0.0,0.88,0.0,0.9,N ,N ,-66.139303974935,17.961056944062,0.0,0.0,0.0,0.0,0.0,0.0,0.0,0.0,0.0,0.0,0.0,0.0,0.0,0.0,0.0,0.0,0.0,0.0,5701.0,gas-ct_n_fsa,n,fsa,1,(OP) Operating,1,Gas Turbine,,,True,PR100_diesel_2009_2030_pr8,pr8,,
gas-ct,0.6788988466434366,,,2030,2030,2030,2030,2030,2009,True,18949.0,p99020,Puerto Rico,8.0,8.0,1.0,5701.0,EPE  ,PR100_diesel_2009_2030_pr82,PR100_diesel_2009_2030_pr82,Copper,1.0,CTG,ET,1.0,2016.0,9.0,20.0,20.0,12.0,PR,7.0,12.0,1.0,86.9,0.6788988466434366,0.0,0.0,0.0,0.0,1980,7.0,12.0,0.0,0.0,0.0,0.0,0.0,0.0,0.0,  ,0.0,0.087,0.042,0.045,0.043,0.046,0.088,0.119,0.145,0.122,0.102,0.055,0.032,0.04,GI,0,0,1.0,0.0,0.0,14.23226102,1.230331313,0.0,1.0,0.385,0.0,0.0,300.5,1.48,0.05,0.0,0.0,0.0,1.21,0.35,0.0,0.88,0.0,0.9,N ,N ,-65.9094991272663,18.3749310778779,0.0,0.0,0.0,0.0,0.0,0.0,0.0,0.0,0.0,0.0,0.0,0.0,0.0,0.0,0.0,0.0,0.0,0.0,5701.0,gas-ct_n_fsa,n,fsa,1,(OP) Operating,1,Gas Turbine,,,True,PR100_diesel_2009_2030_pr82,pr82,,
gas-ct,67.52780527946717,,,2030,2030,2030,2030,2030,2009,True,18949.0,p99026,Puerto Rico,8.0,8.0,1.0,5701.0,EPE  ,PR100_diesel_2009_2030_pr88,PR100_diesel_2009_2030_pr88,Copper,1.0,CTG,ET,1.0,2016.0,9.0,20.0,20.0,12.0,PR,7.0,12.0,1.0,86.9,67.52780527946717,0.0,0.0,0.0,0.0,1980,7.0,12.0,0.0,0.0,0.0,0.0,0.0,0.0,0.0,  ,0.0,0.087,0.042,0.045,0.043,0.046,0.088,0.119,0.145,0.122,0.102,0.055,0.032,0.04,GI,0,0,1.0,0.0,0.0,14.23226102,1.230331313,0.0,1.0,0.385,0.0,0.0,300.5,1.48,0.05,0.0,0.0,0.0,1.21,0.35,0.0,0.88,0.0,0.9,N ,N ,-66.104404337261,18.4270894106024,0.0,0.0,0.0,0.0,0.0,0.0,0.0,0.0,0.0,0.0,0.0,0.0,0.0,0.0,0.0,0.0,0.0,0.0,5701.0,gas-ct_n_fsa,n,fsa,1,(OP) Operating,1,Gas Turbine,,,True,PR100_diesel_2009_2030_pr88,pr88,,
gas-ct,13.414424028904634,,,2050,2050,2050,2050,2050,2009,True,18949.0,p99031,Puerto Rico,8.0,8.0,1.0,5701.0,EPE  ,PR100_diesel_2009_2050_pr101,PR100_diesel_2009_2050_pr101,Copper,1.0,CTG,ET,1.0,2016.0,9.0,20.0,20.0,12.0,PR,7.0,12.0,1.0,86.9,13.414424028904634,0.0,0.0,0.0,0.0,1980,7.0,12.0,0.0,0.0,0.0,0.0,0.0,0.0,0.0,  ,0.0,0.087,0.042,0.045,0.043,0.046,0.088,0.119,0.145,0.122,0.102,0.055,0.032,0.04,GI,0,0,1.0,0.0,0.0,14.23226102,1.230331313,0.0,1.0,0.385,0.0,0.0,300.5,1.48,0.05,0.0,0.0,0.0,1.21,0.35,0.0,0.88,0.0,0.9,N ,N ,-65.667,18.232,0.0,0.0,0.0,0.0,0.0,0.0,0.0,0.0,0.0,0.0,0.0,0.0,0.0,0.0,0.0,0.0,0.0,0.0,5701.0,gas-ct_n_fsa,n,fsa,1,(OP) Operating,1,Gas Turbine,,,True,PR100_diesel_2009_2050_pr101,pr101,,
gas-ct,189.0475614930631,,,2050,2050,2050,2050,2050,2009,True,18949.0,p99034,Puerto Rico,8.0,8.0,1.0,5701.0,EPE  ,PR100_diesel_2009_2050_pr106,PR100_diesel_2009_2050_pr106,Copper,1.0,CTG,ET,1.0,2016.0,9.0,20.0,20.0,12.0,PR,7.0,12.0,1.0,86.9,189.0475614930631,0.0,0.0,0.0,0.0,1980,7.0,12.0,0.0,0.0,0.0,0.0,0.0,0.0,0.0,  ,0.0,0.087,0.042,0.045,0.043,0.046,0.088,0.119,0.145,0.122,0.102,0.055,0.032,0.04,GI,0,0,1.0,0.0,0.0,14.23226102,1.230331313,0.0,1.0,0.385,0.0,0.0,300.5,1.48,0.05,0.0,0.0,0.0,1.21,0.35,0.0,0.88,0.0,0.9,N ,N ,-66.2308401882358,17.9520116156805,0.0,0.0,0.0,0.0,0.0,0.0,0.0,0.0,0.0,0.0,0.0,0.0,0.0,0.0,0.0,0.0,0.0,0.0,5701.0,gas-ct_n_fsa,n,fsa,1,(OP) Operating,1,Gas Turbine,,,True,PR100_diesel_2009_2050_pr106,pr106,,
gas-ct,13.414424028904634,,,2050,2050,2050,2050,2050,2009,True,18949.0,p99035,Puerto Rico,8.0,8.0,1.0,5701.0,EPE  ,PR100_diesel_2009_2050_pr107,PR100_diesel_2009_2050_pr107,Copper,1.0,CTG,ET,1.0,2016.0,9.0,20.0,20.0,12.0,PR,7.0,12.0,1.0,86.9,13.414424028904634,0.0,0.0,0.0,0.0,1980,7.0,12.0,0.0,0.0,0.0,0.0,0.0,0.0,0.0,  ,0.0,0.087,0.042,0.045,0.043,0.046,0.088,0.119,0.145,0.122,0.102,0.055,0.032,0.04,GI,0,0,1.0,0.0,0.0,14.23226102,1.230331313,0.0,1.0,0.385,0.0,0.0,300.5,1.48,0.05,0.0,0.0,0.0,1.21,0.35,0.0,0.88,0.0,0.9,N ,N ,-66.2311584279522,17.9532741471698,0.0,0.0,0.0,0.0,0.0,0.0,0.0,0.0,0.0,0.0,0.0,0.0,0.0,0.0,0.0,0.0,0.0,0.0,5701.0,gas-ct_n_fsa,n,fsa,1,(OP) Operating,1,Gas Turbine,,,True,PR100_diesel_2009_2050_pr107,pr107,,
gas-ct,13.414424028904634,,,2050,2050,2050,2050,2050,2009,True,18949.0,p99001,Puerto Rico,8.0,8.0,1.0,5701.0,EPE  ,PR100_diesel_2009_2050_pr2,PR100_diesel_2009_2050_pr2,Copper,1.0,CTG,ET,1.0,2016.0,9.0,20.0,20.0,12.0,PR,7.0,12.0,1.0,86.9,13.414424028904634,0.0,0.0,0.0,0.0,1980,7.0,12.0,0.0,0.0,0.0,0.0,0.0,0.0,0.0,  ,0.0,0.087,0.042,0.045,0.043,0.046,0.088,0.119,0.145,0.122,0.102,0.055,0.032,0.04,GI,0,0,1.0,0.0,0.0,14.23226102,1.230331313,0.0,1.0,0.385,0.0,0.0,300.5,1.48,0.05,0.0,0.0,0.0,1.21,0.35,0.0,0.88,0.0,0.9,N ,N ,-66.7532760592112,18.0015070538032,0.0,0.0,0.0,0.0,0.0,0.0,0.0,0.0,0.0,0.0,0.0,0.0,0.0,0.0,0.0,0.0,0.0,0.0,5701.0,gas-ct_n_fsa,n,fsa,1,(OP) Operating,1,Gas Turbine,,,True,PR100_diesel_2009_2050_pr2,pr2,,
gas-ct,73.93902768312911,,,2050,2050,2050,2050,2050,2009,True,18949.0,p99011,Puerto Rico,8.0,8.0,1.0,5701.0,EPE  ,PR100_diesel_2009_2050_pr29,PR100_diesel_2009_2050_pr29,Copper,1.0,CTG,ET,1.0,2016.0,9.0,20.0,20.0,12.0,PR,7.0,12.0,1.0,86.9,73.93902768312911,0.0,0.0,0.0,0.0,1980,7.0,12.0,0.0,0.0,0.0,0.0,0.0,0.0,0.0,  ,0.0,0.087,0.042,0.045,0.043,0.046,0.088,0.119,0.145,0.122,0.102,0.055,0.032,0.04,GI,0,0,1.0,0.0,0.0,14.23226102,1.230331313,0.0,1.0,0.385,0.0,0.0,300.5,1.48,0.05,0.0,0.0,0.0,1.21,0.35,0.0,0.88,0.0,0.9,N ,N ,-67.147380541546,18.2373912818469,0.0,0.0,0.0,0.0,0.0,0.0,0.0,0.0,0.0,0.0,0.0,0.0,0.0,0.0,0.0,0.0,0.0,0.0,5701.0,gas-ct_n_fsa,n,fsa,1,(OP) Operating,1,Gas Turbine,,,True,PR100_diesel_2009_2050_pr29,pr29,,
gas-ct,13.414424028904634,,,2050,2050,2050,2050,2050,2009,True,18949.0,p99016,Puerto Rico,8.0,8.0,1.0,5701.0,EPE  ,PR100_diesel_2009_2050_pr41,PR100_diesel_2009_2050_pr41,Copper,1.0,CTG,ET,1.0,2016.0,9.0,20.0,20.0,12.0,PR,7.0,12.0,1.0,86.9,13.414424028904634,0.0,0.0,0.0,0.0,1980,7.0,12.0,0.0,0.0,0.0,0.0,0.0,0.0,0.0,  ,0.0,0.087,0.042,0.045,0.043,0.046,0.088,0.119,0.145,0.122,0.102,0.055,0.032,0.04,GI,0,0,1.0,0.0,0.0,14.23226102,1.230331313,0.0,1.0,0.385,0.0,0.0,300.5,1.48,0.05,0.0,0.0,0.0,1.21,0.35,0.0,0.88,0.0,0.9,N ,N ,-66.3914685076281,18.4458787165834,0.0,0.0,0.0,0.0,0.0,0.0,0.0,0.0,0.0,0.0,0.0,0.0,0.0,0.0,0.0,0.0,0.0,0.0,5701.0,gas-ct_n_fsa,n,fsa,1,(OP) Operating,1,Gas Turbine,,,True,PR100_diesel_2009_2050_pr41,pr41,,
gas-ct,79.04928445604516,,,2050,2050,2050,2050,2050,2009,True,18949.0,p99080,Puerto Rico,8.0,8.0,1.0,5701.0,EPE  ,PR100_diesel_2009_2050_pr440,PR100_diesel_2009_2050_pr440,Copper,1.0,CTG,ET,1.0,2016.0,9.0,20.0,20.0,12.0,PR,7.0,12.0,1.0,86.9,79.04928445604516,0.0,0.0,0.0,0.0,1980,7.0,12.0,0.0,0.0,0.0,0.0,0.0,0.0,0.0,  ,0.0,0.087,0.042,0.045,0.043,0.046,0.088,0.119,0.145,0.122,0.102,0.055,0.032,0.04,GI,0,0,1.0,0.0,0.0,14.23226102,1.230331313,0.0,1.0,0.385,0.0,0.0,300.5,1.48,0.05,0.0,0.0,0.0,1.21,0.35,0.0,0.88,0.0,0.9,N ,N ,-66.6968634056452,18.4690563228198,0.0,0.0,0.0,0.0,0.0,0.0,0.0,0.0,0.0,0.0,0.0,0.0,0.0,0.0,0.0,0.0,0.0,0.0,5701.0,gas-ct_n_fsa,n,fsa,1,(OP) Operating,1,Gas Turbine,,,True,PR100_diesel_2009_2050_pr440,pr440,,
gas-ct,13.414424028904634,,,2050,2050,2050,2050,2050,2009,True,18949.0,p99003,Puerto Rico,8.0,8.0,1.0,5701.0,EPE  ,PR100_diesel_2009_2050_pr5,PR100_diesel_2009_2050_pr5,Copper,1.0,CTG,ET,1.0,2016.0,9.0,20.0,20.0,12.0,PR,7.0,12.0,1.0,86.9,13.414424028904634,0.0,0.0,0.0,0.0,1980,7.0,12.0,0.0,0.0,0.0,0.0,0.0,0.0,0.0,  ,0.0,0.087,0.042,0.045,0.043,0.046,0.088,0.119,0.145,0.122,0.102,0.055,0.032,0.04,GI,0,0,1.0,0.0,0.0,14.23226102,1.230331313,0.0,1.0,0.385,0.0,0.0,300.5,1.48,0.05,0.0,0.0,0.0,1.21,0.35,0.0,0.88,0.0,0.9,N ,N ,-65.8234605404272,18.1051828222315,0.0,0.0,0.0,0.0,0.0,0.0,0.0,0.0,0.0,0.0,0.0,0.0,0.0,0.0,0.0,0.0,0.0,0.0,5701.0,gas-ct_n_fsa,n,fsa,1,(OP) Operating,1,Gas Turbine,,,True,PR100_diesel_2009_2050_pr5,pr5,,
gas-ct,66.1139469996014,,,2050,2050,2050,2050,2050,2009,True,18949.0,p99019,Puerto Rico,8.0,8.0,1.0,5701.0,EPE  ,PR100_diesel_2009_2050_pr63,PR100_diesel_2009_2050_pr63,Copper,1.0,CTG,ET,1.0,2016.0,9.0,20.0,20.0,12.0,PR,7.0,12.0,1.0,86.9,66.1139469996014,0.0,0.0,0.0,0.0,1980,7.0,12.0,0.0,0.0,0.0,0.0,0.0,0.0,0.0,  ,0.0,0.087,0.042,0.045,0.043,0.046,0.088,0.119,0.145,0.122,0.102,0.055,0.032,0.04,GI,0,0,1.0,0.0,0.0,14.23226102,1.230331313,0.0,1.0,0.385,0.0,0.0,300.5,1.48,0.05,0.0,0.0,0.0,1.21,0.35,0.0,0.88,0.0,0.9,N ,N ,-66.14887874,18.45454337,0.0,0.0,0.0,0.0,0.0,0.0,0.0,0.0,0.0,0.0,0.0,0.0,0.0,0.0,0.0,0.0,0.0,0.0,5701.0,gas-ct_n_fsa,n,fsa,1,(OP) Operating,1,Gas Turbine,,,True,PR100_diesel_2009_2050_pr63,pr63,,
gas-ct,13.414424028904634,,,2050,2050,2050,2050,2050,2009,True,18949.0,p99004,Puerto Rico,8.0,8.0,1.0,5701.0,EPE  ,PR100_diesel_2009_2050_pr8,PR100_diesel_2009_2050_pr8,Copper,1.0,CTG,ET,1.0,2016.0,9.0,20.0,20.0,12.0,PR,7.0,12.0,1.0,86.9,13.414424028904634,0.0,0.0,0.0,0.0,1980,7.0,12.0,0.0,0.0,0.0,0.0,0.0,0.0,0.0,  ,0.0,0.087,0.042,0.045,0.043,0.046,0.088,0.119,0.145,0.122,0.102,0.055,0.032,0.04,GI,0,0,1.0,0.0,0.0,14.23226102,1.230331313,0.0,1.0,0.385,0.0,0.0,300.5,1.48,0.05,0.0,0.0,0.0,1.21,0.35,0.0,0.88,0.0,0.9,N ,N ,-66.139303974935,17.961056944062,0.0,0.0,0.0,0.0,0.0,0.0,0.0,0.0,0.0,0.0,0.0,0.0,0.0,0.0,0.0,0.0,0.0,0.0,5701.0,gas-ct_n_fsa,n,fsa,1,(OP) Operating,1,Gas Turbine,,,True,PR100_diesel_2009_2050_pr8,pr8,,
gas-ct,1.317488074267419,,,2050,2050,2050,2050,2050,2009,True,18949.0,p99020,Puerto Rico,8.0,8.0,1.0,5701.0,EPE  ,PR100_diesel_2009_2050_pr82,PR100_diesel_2009_2050_pr82,Copper,1.0,CTG,ET,1.0,2016.0,9.0,20.0,20.0,12.0,PR,7.0,12.0,1.0,86.9,1.317488074267419,0.0,0.0,0.0,0.0,1980,7.0,12.0,0.0,0.0,0.0,0.0,0.0,0.0,0.0,  ,0.0,0.087,0.042,0.045,0.043,0.046,0.088,0.119,0.145,0.122,0.102,0.055,0.032,0.04,GI,0,0,1.0,0.0,0.0,14.23226102,1.230331313,0.0,1.0,0.385,0.0,0.0,300.5,1.48,0.05,0.0,0.0,0.0,1.21,0.35,0.0,0.88,0.0,0.9,N ,N ,-65.9094991272663,18.3749310778779,0.0,0.0,0.0,0.0,0.0,0.0,0.0,0.0,0.0,0.0,0.0,0.0,0.0,0.0,0.0,0.0,0.0,0.0,5701.0,gas-ct_n_fsa,n,fsa,1,(OP) Operating,1,Gas Turbine,,,True,PR100_diesel_2009_2050_pr82,pr82,,
gas-ct,131.04614712046597,,,2050,2050,2050,2050,2050,2009,True,18949.0,p99026,Puerto Rico,8.0,8.0,1.0,5701.0,EPE  ,PR100_diesel_2009_2050_pr88,PR100_diesel_2009_2050_pr88,Copper,1.0,CTG,ET,1.0,2016.0,9.0,20.0,20.0,12.0,PR,7.0,12.0,1.0,86.9,131.04614712046597,0.0,0.0,0.0,0.0,1980,7.0,12.0,0.0,0.0,0.0,0.0,0.0,0.0,0.0,  ,0.0,0.087,0.042,0.045,0.043,0.046,0.088,0.119,0.145,0.122,0.102,0.055,0.032,0.04,GI,0,0,1.0,0.0,0.0,14.23226102,1.230331313,0.0,1.0,0.385,0.0,0.0,300.5,1.48,0.05,0.0,0.0,0.0,1.21,0.35,0.0,0.88,0.0,0.9,N ,N ,-66.104404337261,18.4270894106024,0.0,0.0,0.0,0.0,0.0,0.0,0.0,0.0,0.0,0.0,0.0,0.0,0.0,0.0,0.0,0.0,0.0,0.0,5701.0,gas-ct_n_fsa,n,fsa,1,(OP) Operating,1,Gas Turbine,,,True,PR100_diesel_2009_2050_pr88,pr88,,
o-g-s,0.3423336547733848,,,2025,2025,2025,2025,2025,2009,True,10609.0,p99031,Puerto Rico,2.0,2.0,1.0,195.0,SOCO ,PR100_fuel_oil_2009_2025_pr101,PR100_fuel_oil_2009_2025_pr101,Barry,1.0,STG,ST,1.0,0.0,3.0,15.0,15.0,9.0,PR,6.0,9.0,1.0,153.1,0.3423336547733848,0.0,0.0,0.0,0.0,1954,2.0,12.0,0.0,0.0,0.0,0.0,0.0,0.0,0.0,  ,0.0,0.144,0.919,0.0,0.0,0.0,0.089,0.053,0.077,0.006,0.051,0.021,0.05,0.025,GF,0,0,1.0,0.0,0.0,1.836,25.297,6.46,1.0,0.326,1.0,1.0,217.2,1.07,0.05,0.0,0.0,0.0,0.52,0.35,0.0,0.76,0.0,0.9,N ,N ,-65.667,18.232,0.0,0.0,0.0,0.0,0.0,0.0,0.0,0.0,0.0,0.0,0.0,0.0,0.0,1.0,0.0,0.0,0.0,0.0,195.0,o-g-s_n_fsa,n,fsa,1,(OP) Operating,1,Gas Steam,,,True,PR100_fuel_oil_2009_2025_pr101,pr101,,
o-g-s,154.05014464802315,,,2025,2025,2025,2025,2025,2009,True,10609.0,p99034,Puerto Rico,2.0,2.0,1.0,195.0,SOCO ,PR100_fuel_oil_2009_2025_pr106,PR100_fuel_oil_2009_2025_pr106,Barry,1.0,STG,ST,1.0,0.0,3.0,15.0,15.0,9.0,PR,6.0,9.0,1.0,153.1,154.05014464802315,0.0,0.0,0.0,0.0,1954,2.0,12.0,0.0,0.0,0.0,0.0,0.0,0.0,0.0,  ,0.0,0.144,0.919,0.0,0.0,0.0,0.089,0.053,0.077,0.006,0.051,0.021,0.05,0.025,GF,0,0,1.0,0.0,0.0,1.836,25.297,6.46,1.0,0.326,1.0,1.0,217.2,1.07,0.05,0.0,0.0,0.0,0.52,0.35,0.0,0.76,0.0,0.9,N ,N ,-66.2308401882358,17.9520116156805,0.0,0.0,0.0,0.0,0.0,0.0,0.0,0.0,0.0,0.0,0.0,0.0,0.0,1.0,0.0,0.0,0.0,0.0,195.0,o-g-s_n_fsa,n,fsa,1,(OP) Operating,1,Gas Steam,,,True,PR100_fuel_oil_2009_2025_pr106,pr106,,
o-g-s,29.098360655737704,,,2025,2025,2025,2025,2025,2009,True,10609.0,p99001,Puerto Rico,2.0,2.0,1.0,195.0,SOCO ,PR100_fuel_oil_2009_2025_pr2,PR100_fuel_oil_2009_2025_pr2,Barry,1.0,STG,ST,1.0,0.0,3.0,15.0,15.0,9.0,PR,6.0,9.0,1.0,153.1,29.098360655737704,0.0,0.0,0.0,0.0,1954,2.0,12.0,0.0,0.0,0.0,0.0,0.0,0.0,0.0,  ,0.0,0.144,0.919,0.0,0.0,0.0,0.089,0.053,0.077,0.006,0.051,0.021,0.05,0.025,GF,0,0,1.0,0.0,0.0,1.836,25.297,6.46,1.0,0.326,1.0,1.0,217.2,1.07,0.05,0.0,0.0,0.0,0.52,0.35,0.0,0.76,0.0,0.9,N ,N ,-66.7532760592112,18.0015070538032,0.0,0.0,0.0,0.0,0.0,0.0,0.0,0.0,0.0,0.0,0.0,0.0,0.0,1.0,0.0,0.0,0.0,0.0,195.0,o-g-s_n_fsa,n,fsa,1,(OP) Operating,1,Gas Steam,,,True,PR100_fuel_oil_2009_2025_pr2,pr2,,
o-g-s,103.04243008678883,,,2025,2025,2025,2025,2025,2009,True,10609.0,p99019,Puerto Rico,2.0,2.0,1.0,195.0,SOCO ,PR100_fuel_oil_2009_2025_pr63,PR100_fuel_oil_2009_2025_pr63,Barry,1.0,STG,ST,1.0,0.0,3.0,15.0,15.0,9.0,PR,6.0,9.0,1.0,153.1,103.04243008678883,0.0,0.0,0.0,0.0,1954,2.0,12.0,0.0,0.0,0.0,0.0,0.0,0.0,0.0,  ,0.0,0.144,0.919,0.0,0.0,0.0,0.089,0.053,0.077,0.006,0.051,0.021,0.05,0.025,GF,0,0,1.0,0.0,0.0,1.836,25.297,6.46,1.0,0.326,1.0,1.0,217.2,1.07,0.05,0.0,0.0,0.0,0.52,0.35,0.0,0.76,0.0,0.9,N ,N ,-66.14887874,18.45454337,0.0,0.0,0.0,0.0,0.0,0.0,0.0,0.0,0.0,0.0,0.0,0.0,0.0,1.0,0.0,0.0,0.0,0.0,195.0,o-g-s_n_fsa,n,fsa,1,(OP) Operating,1,Gas Steam,,,True,PR100_fuel_oil_2009_2025_pr63,pr63,,
o-g-s,68.46673095467695,,,2025,2025,2025,2025,2025,2009,True,10609.0,p99026,Puerto Rico,2.0,2.0,1.0,195.0,SOCO ,PR100_fuel_oil_2009_2025_pr88,PR100_fuel_oil_2009_2025_pr88,Barry,1.0,STG,ST,1.0,0.0,3.0,15.0,15.0,9.0,PR,6.0,9.0,1.0,153.1,68.46673095467695,0.0,0.0,0.0,0.0,1954,2.0,12.0,0.0,0.0,0.0,0.0,0.0,0.0,0.0,  ,0.0,0.144,0.919,0.0,0.0,0.0,0.089,0.053,0.077,0.006,0.051,0.021,0.05,0.025,GF,0,0,1.0,0.0,0.0,1.836,25.297,6.46,1.0,0.326,1.0,1.0,217.2,1.07,0.05,0.0,0.0,0.0,0.52,0.35,0.0,0.76,0.0,0.9,N ,N ,-66.104404337261,18.4270894106024,0.0,0.0,0.0,0.0,0.0,0.0,0.0,0.0,0.0,0.0,0.0,0.0,0.0,1.0,0.0,0.0,0.0,0.0,195.0,o-g-s_n_fsa,n,fsa,1,(OP) Operating,1,Gas Steam,,,True,PR100_fuel_oil_2009_2025_pr88,pr88,,
o-g-s,0.8486017357762777,,,2028,2028,2028,2028,2028,2009,True,10609.0,p99031,Puerto Rico,2.0,2.0,1.0,195.0,SOCO ,PR100_fuel_oil_2009_2028_pr101,PR100_fuel_oil_2009_2028_pr101,Barry,1.0,STG,ST,1.0,0.0,3.0,15.0,15.0,9.0,PR,6.0,9.0,1.0,153.1,0.8486017357762777,0.0,0.0,0.0,0.0,1954,2.0,12.0,0.0,0.0,0.0,0.0,0.0,0.0,0.0,  ,0.0,0.144,0.919,0.0,0.0,0.0,0.089,0.053,0.077,0.006,0.051,0.021,0.05,0.025,GF,0,0,1.0,0.0,0.0,1.836,25.297,6.46,1.0,0.326,1.0,1.0,217.2,1.07,0.05,0.0,0.0,0.0,0.52,0.35,0.0,0.76,0.0,0.9,N ,N ,-65.667,18.232,0.0,0.0,0.0,0.0,0.0,0.0,0.0,0.0,0.0,0.0,0.0,0.0,0.0,1.0,0.0,0.0,0.0,0.0,195.0,o-g-s_n_fsa,n,fsa,1,(OP) Operating,1,Gas Steam,,,True,PR100_fuel_oil_2009_2028_pr101,pr101,,
o-g-s,381.870781099325,,,2028,2028,2028,2028,2028,2009,True,10609.0,p99034,Puerto Rico,2.0,2.0,1.0,195.0,SOCO ,PR100_fuel_oil_2009_2028_pr106,PR100_fuel_oil_2009_2028_pr106,Barry,1.0,STG,ST,1.0,0.0,3.0,15.0,15.0,9.0,PR,6.0,9.0,1.0,153.1,381.870781099325,0.0,0.0,0.0,0.0,1954,2.0,12.0,0.0,0.0,0.0,0.0,0.0,0.0,0.0,  ,0.0,0.144,0.919,0.0,0.0,0.0,0.089,0.053,0.077,0.006,0.051,0.021,0.05,0.025,GF,0,0,1.0,0.0,0.0,1.836,25.297,6.46,1.0,0.326,1.0,1.0,217.2,1.07,0.05,0.0,0.0,0.0,0.52,0.35,0.0,0.76,0.0,0.9,N ,N ,-66.2308401882358,17.9520116156805,0.0,0.0,0.0,0.0,0.0,0.0,0.0,0.0,0.0,0.0,0.0,0.0,0.0,1.0,0.0,0.0,0.0,0.0,195.0,o-g-s_n_fsa,n,fsa,1,(OP) Operating,1,Gas Steam,,,True,PR100_fuel_oil_2009_2028_pr106,pr106,,
o-g-s,72.1311475409836,,,2028,2028,2028,2028,2028,2009,True,10609.0,p99001,Puerto Rico,2.0,2.0,1.0,195.0,SOCO ,PR100_fuel_oil_2009_2028_pr2,PR100_fuel_oil_2009_2028_pr2,Barry,1.0,STG,ST,1.0,0.0,3.0,15.0,15.0,9.0,PR,6.0,9.0,1.0,153.1,72.1311475409836,0.0,0.0,0.0,0.0,1954,2.0,12.0,0.0,0.0,0.0,0.0,0.0,0.0,0.0,  ,0.0,0.144,0.919,0.0,0.0,0.0,0.089,0.053,0.077,0.006,0.051,0.021,0.05,0.025,GF,0,0,1.0,0.0,0.0,1.836,25.297,6.46,1.0,0.326,1.0,1.0,217.2,1.07,0.05,0.0,0.0,0.0,0.52,0.35,0.0,0.76,0.0,0.9,N ,N ,-66.7532760592112,18.0015070538032,0.0,0.0,0.0,0.0,0.0,0.0,0.0,0.0,0.0,0.0,0.0,0.0,0.0,1.0,0.0,0.0,0.0,0.0,195.0,o-g-s_n_fsa,n,fsa,1,(OP) Operating,1,Gas Steam,,,True,PR100_fuel_oil_2009_2028_pr2,pr2,,
o-g-s,255.4291224686596,,,2028,2028,2028,2028,2028,2009,True,10609.0,p99019,Puerto Rico,2.0,2.0,1.0,195.0,SOCO ,PR100_fuel_oil_2009_2028_pr63,PR100_fuel_oil_2009_2028_pr63,Barry,1.0,STG,ST,1.0,0.0,3.0,15.0,15.0,9.0,PR,6.0,9.0,1.0,153.1,255.4291224686596,0.0,0.0,0.0,0.0,1954,2.0,12.0,0.0,0.0,0.0,0.0,0.0,0.0,0.0,  ,0.0,0.144,0.919,0.0,0.0,0.0,0.089,0.053,0.077,0.006,0.051,0.021,0.05,0.025,GF,0,0,1.0,0.0,0.0,1.836,25.297,6.46,1.0,0.326,1.0,1.0,217.2,1.07,0.05,0.0,0.0,0.0,0.52,0.35,0.0,0.76,0.0,0.9,N ,N ,-66.14887874,18.45454337,0.0,0.0,0.0,0.0,0.0,0.0,0.0,0.0,0.0,0.0,0.0,0.0,0.0,1.0,0.0,0.0,0.0,0.0,195.0,o-g-s_n_fsa,n,fsa,1,(OP) Operating,1,Gas Steam,,,True,PR100_fuel_oil_2009_2028_pr63,pr63,,
o-g-s,169.72034715525555,,,2028,2028,2028,2028,2028,2009,True,10609.0,p99026,Puerto Rico,2.0,2.0,1.0,195.0,SOCO ,PR100_fuel_oil_2009_2028_pr88,PR100_fuel_oil_2009_2028_pr88,Barry,1.0,STG,ST,1.0,0.0,3.0,15.0,15.0,9.0,PR,6.0,9.0,1.0,153.1,169.72034715525555,0.0,0.0,0.0,0.0,1954,2.0,12.0,0.0,0.0,0.0,0.0,0.0,0.0,0.0,  ,0.0,0.144,0.919,0.0,0.0,0.0,0.089,0.053,0.077,0.006,0.051,0.021,0.05,0.025,GF,0,0,1.0,0.0,0.0,1.836,25.297,6.46,1.0,0.326,1.0,1.0,217.2,1.07,0.05,0.0,0.0,0.0,0.52,0.35,0.0,0.76,0.0,0.9,N ,N ,-66.104404337261,18.4270894106024,0.0,0.0,0.0,0.0,0.0,0.0,0.0,0.0,0.0,0.0,0.0,0.0,0.0,1.0,0.0,0.0,0.0,0.0,195.0,o-g-s_n_fsa,n,fsa,1,(OP) Operating,1,Gas Steam,,,True,PR100_fuel_oil_2009_2028_pr88,pr88,,
gas-cc,469.8824327379606,,,2050,2050,2050,2050,2050,2009,True,7050.0,p99068,Puerto Rico,5.0,5.0,1.0,195.0,SOCO ,PR100_natural_gas_2009_2050_pr319,PR100_natural_gas_2009_2050_pr319,Barry,1.0,CCG,EC,1.0,0.0,5.0,15.0,15.0,9.0,PR,6.0,9.0,1.0,170.1,469.8824327379606,639.7353531,4.984339699,0.92750951,8094.274242,2000,5.0,12.0,0.0,0.0,0.0,0.0,0.0,0.0,0.0,  ,0.0,0.775,0.752,0.841,0.7,0.726,0.716,0.876,0.872,0.859,0.735,0.767,0.74,0.747,GF,0,0,1.0,0.0,0.0,0.751840417,2.738869166,0.0,1.0,0.01,0.0,2.0,69.8,0.34,0.05,0.0,0.0,0.0,0.02,0.35,0.0,0.5,0.0,0.9,N ,N ,-66.7568194626311,17.9785078976431,0.0,0.0,0.0,0.0,0.0,0.0,0.0,0.0,0.0,0.0,0.0,0.0,0.0,0.0,0.0,0.0,0.0,0.0,195.0,gas-cc_r_fg,r,fg,1,(OP) Operating,1,Gas Combined Cycle,,,True,PR100_natural_gas_2009_2050_pr319,pr319,,
gas-cc,760.1175672620393,,,2050,2050,2050,2050,2050,2009,True,7050.0,p99028,Puerto Rico,5.0,5.0,1.0,195.0,SOCO ,PR100_natural_gas_2009_2050_pr96,PR100_natural_gas_2009_2050_pr96,Barry,1.0,CCG,EC,1.0,0.0,5.0,15.0,15.0,9.0,PR,6.0,9.0,1.0,170.1,760.1175672620393,639.7353531,4.984339699,0.92750951,8094.274242,2000,5.0,12.0,0.0,0.0,0.0,0.0,0.0,0.0,0.0,  ,0.0,0.775,0.752,0.841,0.7,0.726,0.716,0.876,0.872,0.859,0.735,0.767,0.74,0.747,GF,0,0,1.0,0.0,0.0,0.751840417,2.738869166,0.0,1.0,0.01,0.0,2.0,69.8,0.34,0.05,0.0,0.0,0.0,0.02,0.35,0.0,0.5,0.0,0.9,N ,N ,-66.7549319005293,18.0030629750221,0.0,0.0,0.0,0.0,0.0,0.0,0.0,0.0,0.0,0.0,0.0,0.0,0.0,0.0,0.0,0.0,0.0,0.0,195.0,gas-cc_r_fg,r,fg,1,(OP) Operating,1,Gas Combined Cycle,,,True,PR100_natural_gas_2009_2050_pr96,pr96,,
gas-cc,152.80729519933678,,,2050,2050,2050,2050,2050,2025,False,7050.0,p99068,Puerto Rico,5.0,5.0,1.0,195.0,SOCO ,PR100_natural_gas_2025_2050_pr319,PR100_natural_gas_2025_2050_pr319,Barry,1.0,CCG,EC,1.0,0.0,5.0,15.0,15.0,9.0,PR,6.0,9.0,1.0,170.1,152.80729519933678,639.7353531,4.984339699,0.92750951,8094.274242,2000,5.0,12.0,0.0,0.0,0.0,0.0,0.0,0.0,0.0,  ,0.0,0.775,0.752,0.841,0.7,0.726,0.716,0.876,0.872,0.859,0.735,0.767,0.74,0.747,GF,0,0,1.0,0.0,0.0,0.751840417,2.738869166,0.0,1.0,0.01,0.0,2.0,69.8,0.34,0.05,0.0,0.0,0.0,0.02,0.35,0.0,0.5,0.0,0.9,N ,N ,-66.7568194626311,17.9785078976431,0.0,0.0,0.0,0.0,0.0,0.0,0.0,0.0,0.0,0.0,0.0,0.0,0.0,0.0,0.0,0.0,0.0,0.0,195.0,gas-cc_r_fg,r,fg,1,(OP) Operating,1,Gas Combined Cycle,,,True,PR100_natural_gas_2025_2050_pr319,pr319,,
gas-cc,247.1927048006632,,,2050,2050,2050,2050,2050,2025,False,7050.0,p99028,Puerto Rico,5.0,5.0,1.0,195.0,SOCO ,PR100_natural_gas_2025_2050_pr96,PR100_natural_gas_2025_2050_pr96,Barry,1.0,CCG,EC,1.0,0.0,5.0,15.0,15.0,9.0,PR,6.0,9.0,1.0,170.1,247.1927048006632,639.7353531,4.984339699,0.92750951,8094.274242,2000,5.0,12.0,0.0,0.0,0.0,0.0,0.0,0.0,0.0,  ,0.0,0.775,0.752,0.841,0.7,0.726,0.716,0.876,0.872,0.859,0.735,0.767,0.74,0.747,GF,0,0,1.0,0.0,0.0,0.751840417,2.738869166,0.0,1.0,0.01,0.0,2.0,69.8,0.34,0.05,0.0,0.0,0.0,0.02,0.35,0.0,0.5,0.0,0.9,N ,N ,-66.7549319005293,18.0030629750221,0.0,0.0,0.0,0.0,0.0,0.0,0.0,0.0,0.0,0.0,0.0,0.0,0.0,0.0,0.0,0.0,0.0,0.0,195.0,gas-cc_r_fg,r,fg,1,(OP) Operating,1,Gas Combined Cycle,,,True,PR100_natural_gas_2025_2050_pr96,pr96,,
hydED,10.0,,,2051,2051,2051,2051,2051,2009,True,,p99043,Puerto Rico,1.0,1.0,1.0,195.0,SOCO ,PR100_HYDRO_2022,PR100_HYDRO_2022,Bankhead Dam,1.0,HYC,HY,1.0,0.0,12.0,15.0,15.0,9.0,PR,6.0,9.0,1.0,53.9,10.0,0.0,0.0,0.0,0.0,1963,7.0,12.0,0.0,0.0,0.0,0.0,0.0,0.0,0.0,  ,0.0,0.36,0.348,0.354,0.3,0.262,0.237,0.238,0.246,0.217,0.155,0.142,0.176,0.206,WA,0,0,1.0,0.0,0.0,0.0,6.527,0.0,1.0,0.0,0.0,0.0,0.0,0.0,0.0,0.0,0.0,0.0,0.0,0.35,0.0,0.0,0.0,0.9,N ,N ,-67.0091432005955,18.0750990243733,0.0,0.0,0.0,0.0,0.0,0.0,0.0,0.0,0.0,0.0,0.0,0.0,0.0,0.0,0.0,0.0,0.0,0.0,195.0,hydED_n_fsa,n,fsa,1,(OP) Operating,1,Conventional Hydroelectric,,,True,PR100_HYDRO_2022,pr169,,
lfill-gas,4.8,,,2051,2051,2051,2051,2051,2009,True,18878.0,p99019,Puerto Rico,1396.0,1396.0,1.0,13781.0,MISO ,PR100_LFG_2022,PR100_LFG_2022,Red Wing,1.0,MSW,MS,1.0,0.0,4.0,3.0,3.0,10.0,PR,4.0,5.0,1.0,11.5,4.8,0.0,0.0,0.0,0.0,1949,10.0,12.0,0.0,0.0,0.0,0.0,90.0,2001.0,0.0,  ,0.0,0.827,0.913,0.494,0.501,0.805,0.964,0.937,0.913,0.905,0.898,0.922,0.915,0.858,SW,0,0,1.0,0.0,0.0,2.932,97.836,79.76,1.0,0.5,0.0,0.0,0.0,0.0,0.0,0.0,0.0,0.0,0.0,0.35,0.0,0.0,0.0,0.9,W ,B ,-66.14887874,18.45454337,0.0,0.0,0.0,0.0,0.0,0.0,0.0,0.0,0.0,0.0,0.0,0.0,0.0,0.0,0.0,0.0,0.0,0.0,13781.0,lfill-gas_r_fsa,r,fsa,1,(OP) Operating,1,Municipal Solid Waste,,,True,PR100_LFG_2022,pr63,,
wind-ons,75.0,,,2051,2051,2051,2051,2051,2009,True,,p99069,Puerto Rico,407.0,407.0,1.0,10633.0,PSCO ,PR100_WIND_2022,PR100_WIND_2022,Lamar Plant,1.0,WND,WN,2.0,0.0,4.0,24.0,24.0,14.0,PR,8.0,13.0,1.0,4.5,75.0,0.0,0.0,0.0,0.0,2004,2.0,12.0,0.0,0.0,0.0,0.0,0.0,0.0,0.0,  ,0.0,0.249,0.253,0.245,0.265,0.281,0.25,0.232,0.22,0.222,0.228,0.219,0.247,0.271,WN,0,0,1.0,0.0,0.0,0.0,39.115,0.0,1.0,0.0,0.0,0.0,0.0,0.0,0.0,0.0,0.0,0.0,0.0,0.35,0.0,0.0,0.0,0.9,N ,N ,-66.149463495378,17.9474467239165,0.0,0.0,0.0,0.0,0.0,0.0,0.0,0.0,0.0,0.0,0.0,0.0,0.0,0.0,0.0,0.0,0.0,0.0,10633.0,wind-ons_n_fg,n,fg,1,(OP) Operating,1,Land-based Wind,,,True,PR100_WIND_2022,pr321,203,0.628837
upv,143.1,,,2051,2051,2051,2051,2051,2009,True,,p99004,Puerto Rico,97.0,97.0,1.0,16572.0,SRP  ,PR100_UPV_2022,PR100_UPV_2022,Agua Fria,1.0,PVT,PT,2.0,0.0,4.0,20.0,20.0,15.0,PR,8.0,14.0,1.0,0.2,143.1,0.0,0.0,0.0,0.0,2001,6.0,12.0,0.0,0.0,0.0,0.0,0.0,0.0,0.0,  ,0.0,0.039,0.032,0.049,0.032,0.046,0.082,0.086,0.078,0.067,0.033,0.026,0.022,0.017,PT,0,0,1.0,0.0,0.0,0.0,46.92,0.0,1.0,0.0,0.0,0.0,0.0,0.0,0.0,0.0,0.0,0.0,0.0,0.35,0.0,0.0,0.0,0.9,N ,N ,-66.139303974935,17.961056944062,0.0,0.0,0.0,0.0,0.0,0.0,0.0,0.0,0.0,0.0,0.0,0.0,0.0,0.0,0.0,0.0,0.0,0.0,16572.0,upv_n_fg,n,fg,1,(OP) Operating,1,PV+Battery Hybrid,,,True,PR100_UPV_2022,pr8,1667,0.20298149
upv,25.50307765151515,,,2051,2051,2051,2051,2051,2025,False,,p99016,Puerto Rico,97.0,97.0,1.0,16572.0,SRP  ,TRANCHE1_AJ-1-P,TRANCHE1_AJ-1-P,Agua Fria,1.0,PVT,PT,2.0,0.0,4.0,20.0,20.0,15.0,PR,8.0,14.0,1.0,0.2,25.50307765151515,0.0,0.0,0.0,0.0,2001,6.0,12.0,0.0,0.0,0.0,0.0,0.0,0.0,0.0,  ,0.0,0.039,0.032,0.049,0.032,0.046,0.082,0.086,0.078,0.067,0.033,0.026,0.022,0.017,PT,0,0,1.0,0.0,0.0,0.0,46.92,0.0,1.0,0.0,0.0,0.0,0.0,0.0,0.0,0.0,0.0,0.0,0.0,0.35,0.0,0.0,0.0,0.9,N ,N ,-66.3914685076281,18.4458787165834,0.0,0.0,0.0,0.0,0.0,0.0,0.0,0.0,0.0,0.0,0.0,0.0,0.0,0.0,0.0,0.0,0.0,0.0,16572.0,upv_n_fg,n,fg,1,(OP) Operating,1,PV+Battery Hybrid,,,True,TRANCHE1_AJ-1-P,pr41,262,0.19518115
upv,33.6640625,,,2051,2051,2051,2051,2051,2025,False,,p99115,Puerto Rico,97.0,97.0,1.0,16572.0,SRP  ,TRANCHE1_AD-1-P,TRANCHE1_AD-1-P,Agua Fria,1.0,PVT,PT,2.0,0.0,4.0,20.0,20.0,15.0,PR,8.0,14.0,1.0,0.2,33.6640625,0.0,0.0,0.0,0.0,2001,6.0,12.0,0.0,0.0,0.0,0.0,0.0,0.0,0.0,  ,0.0,0.039,0.032,0.049,0.032,0.046,0.082,0.086,0.078,0.067,0.033,0.026,0.022,0.017,PT,0,0,1.0,0.0,0.0,0.0,46.92,0.0,1.0,0.0,0.0,0.0,0.0,0.0,0.0,0.0,0.0,0.0,0.0,0.35,0.0,0.0,0.0,0.9,N ,N ,-66.23855932079218,17.961615397833075,0.0,0.0,0.0,0.0,0.0,0.0,0.0,0.0,0.0,0.0,0.0,0.0,0.0,0.0,0.0,0.0,0.0,0.0,16572.0,upv_n_fg,n,fg,1,(OP) Operating,1,PV+Battery Hybrid,,,True,TRANCHE1_AD-1-P,pr97014,1673,0.2027052
upv,102.0123106060606,,,2051,2051,2051,2051,2051,2025,False,,p99065,Puerto Rico,97.0,97.0,1.0,16572.0,SRP  ,TRANCHE1_I-1-P,TRANCHE1_I-1-P,Agua Fria,1.0,PVT,PT,2.0,0.0,4.0,20.0,20.0,15.0,PR,8.0,14.0,1.0,0.2,102.0123106060606,0.0,0.0,0.0,0.0,2001,6.0,12.0,0.0,0.0,0.0,0.0,0.0,0.0,0.0,  ,0.0,0.039,0.032,0.049,0.032,0.046,0.082,0.086,0.078,0.067,0.033,0.026,0.022,0.017,PT,0,0,1.0,0.0,0.0,0.0,46.92,0.0,1.0,0.0,0.0,0.0,0.0,0.0,0.0,0.0,0.0,0.0,0.0,0.35,0.0,0.0,0.0,0.9,N ,N ,-66.36966581,18.02198247,0.0,0.0,0.0,0.0,0.0,0.0,0.0,0.0,0.0,0.0,0.0,0.0,0.0,0.0,0.0,0.0,0.0,0.0,16572.0,upv_n_fg,n,fg,1,(OP) Operating,1,PV+Battery Hybrid,,,True,TRANCHE1_I-1-P,pr296,1477,0.19796625
upv,102.0123106060606,,,2051,2051,2051,2051,2051,2025,False,,p99105,Puerto Rico,97.0,97.0,1.0,16572.0,SRP  ,TRANCHE1_AQ-1-P,TRANCHE1_AQ-1-P,Agua Fria,1.0,PVT,PT,2.0,0.0,4.0,20.0,20.0,15.0,PR,8.0,14.0,1.0,0.2,102.0123106060606,0.0,0.0,0.0,0.0,2001,6.0,12.0,0.0,0.0,0.0,0.0,0.0,0.0,0.0,  ,0.0,0.039,0.032,0.049,0.032,0.046,0.082,0.086,0.078,0.067,0.033,0.026,0.022,0.017,PT,0,0,1.0,0.0,0.0,0.0,46.92,0.0,1.0,0.0,0.0,0.0,0.0,0.0,0.0,0.0,0.0,0.0,0.0,0.35,0.0,0.0,0.0,0.9,N ,N ,-65.91415150823626,18.22764836265537,0.0,0.0,0.0,0.0,0.0,0.0,0.0,0.0,0.0,0.0,0.0,0.0,0.0,0.0,0.0,0.0,0.0,0.0,16572.0,upv_n_fg,n,fg,1,(OP) Operating,1,PV+Battery Hybrid,,,True,TRANCHE1_AQ-1-P,pr1206,886,0.19064379
upv,61.20738636363636,,,2051,2051,2051,2051,2051,2025,False,,p99042,Puerto Rico,97.0,97.0,1.0,16572.0,SRP  ,TRANCHE1_W-3-P,TRANCHE1_W-3-P,Agua Fria,1.0,PVT,PT,2.0,0.0,4.0,20.0,20.0,15.0,PR,8.0,14.0,1.0,0.2,61.20738636363636,0.0,0.0,0.0,0.0,2001,6.0,12.0,0.0,0.0,0.0,0.0,0.0,0.0,0.0,  ,0.0,0.039,0.032,0.049,0.032,0.046,0.082,0.086,0.078,0.067,0.033,0.026,0.022,0.017,PT,0,0,1.0,0.0,0.0,0.0,46.92,0.0,1.0,0.0,0.0,0.0,0.0,0.0,0.0,0.0,0.0,0.0,0.0,0.35,0.0,0.0,0.0,0.9,N ,N ,-66.5905482796362,18.4249383396828,0.0,0.0,0.0,0.0,0.0,0.0,0.0,0.0,0.0,0.0,0.0,0.0,0.0,0.0,0.0,0.0,0.0,0.0,16572.0,upv_n_fg,n,fg,1,(OP) Operating,1,PV+Battery Hybrid,,,True,TRANCHE1_W-3-P,pr167,176,0.19659065
upv,25.50307765151515,,,2051,2051,2051,2051,2051,2025,False,,p99079,Puerto Rico,97.0,97.0,1.0,16572.0,SRP  ,TRANCHE1_O-2-P,TRANCHE1_O-2-P,Agua Fria,1.0,PVT,PT,2.0,0.0,4.0,20.0,20.0,15.0,PR,8.0,14.0,1.0,0.2,25.50307765151515,0.0,0.0,0.0,0.0,2001,6.0,12.0,0.0,0.0,0.0,0.0,0.0,0.0,0.0,  ,0.0,0.039,0.032,0.049,0.032,0.046,0.082,0.086,0.078,0.067,0.033,0.026,0.022,0.017,PT,0,0,1.0,0.0,0.0,0.0,46.92,0.0,1.0,0.0,0.0,0.0,0.0,0.0,0.0,0.0,0.0,0.0,0.0,0.35,0.0,0.0,0.0,0.9,N ,N ,-67.1513062922523,18.2327569503965,0.0,0.0,0.0,0.0,0.0,0.0,0.0,0.0,0.0,0.0,0.0,0.0,0.0,0.0,0.0,0.0,0.0,0.0,16572.0,upv_n_fg,n,fg,1,(OP) Operating,1,PV+Battery Hybrid,,,True,TRANCHE1_O-2-P,pr428,1657,0.18500876
upv,21.116548295454542,,,2051,2051,2051,2051,2051,2025,False,,p99037,Puerto Rico,97.0,97.0,1.0,16572.0,SRP  ,TRANCHE1_O-1-P,TRANCHE1_O-1-P,Agua Fria,1.0,PVT,PT,2.0,0.0,4.0,20.0,20.0,15.0,PR,8.0,14.0,1.0,0.2,21.116548295454542,0.0,0.0,0.0,0.0,2001,6.0,12.0,0.0,0.0,0.0,0.0,0.0,0.0,0.0,  ,0.0,0.039,0.032,0.049,0.032,0.046,0.082,0.086,0.078,0.067,0.033,0.026,0.022,0.017,PT,0,0,1.0,0.0,0.0,0.0,46.92,0.0,1.0,0.0,0.0,0.0,0.0,0.0,0.0,0.0,0.0,0.0,0.0,0.35,0.0,0.0,0.0,0.9,N ,N ,-67.1360455,18.12868123,0.0,0.0,0.0,0.0,0.0,0.0,0.0,0.0,0.0,0.0,0.0,0.0,0.0,0.0,0.0,0.0,0.0,0.0,16572.0,upv_n_fg,n,fg,1,(OP) Operating,1,PV+Battery Hybrid,,,True,TRANCHE1_O-1-P,pr116,1219,0.18771364
upv,122.41477272727272,,,2051,2051,2051,2051,2051,2025,False,,p99035,Puerto Rico,97.0,97.0,1.0,16572.0,SRP  ,TRANCHE1_C-1-P,TRANCHE1_C-1-P,Agua Fria,1.0,PVT,PT,2.0,0.0,4.0,20.0,20.0,15.0,PR,8.0,14.0,1.0,0.2,122.41477272727272,0.0,0.0,0.0,0.0,2001,6.0,12.0,0.0,0.0,0.0,0.0,0.0,0.0,0.0,  ,0.0,0.039,0.032,0.049,0.032,0.046,0.082,0.086,0.078,0.067,0.033,0.026,0.022,0.017,PT,0,0,1.0,0.0,0.0,0.0,46.92,0.0,1.0,0.0,0.0,0.0,0.0,0.0,0.0,0.0,0.0,0.0,0.0,0.35,0.0,0.0,0.0,0.9,N ,N ,-66.2311584279522,17.9532741471698,0.0,0.0,0.0,0.0,0.0,0.0,0.0,0.0,0.0,0.0,0.0,0.0,0.0,0.0,0.0,0.0,0.0,0.0,16572.0,upv_n_fg,n,fg,1,(OP) Operating,1,PV+Battery Hybrid,,,True,TRANCHE1_C-1-P,pr107,1642,0.20296995
upv,81.91588541666665,,,2051,2051,2051,2051,2051,2025,False,,p99069,Puerto Rico,97.0,97.0,1.0,16572.0,SRP  ,TRANCHE1_A-1-P,TRANCHE1_A-1-P,Agua Fria,1.0,PVT,PT,2.0,0.0,4.0,20.0,20.0,15.0,PR,8.0,14.0,1.0,0.2,81.91588541666665,0.0,0.0,0.0,0.0,2001,6.0,12.0,0.0,0.0,0.0,0.0,0.0,0.0,0.0,  ,0.0,0.039,0.032,0.049,0.032,0.046,0.082,0.086,0.078,0.067,0.033,0.026,0.022,0.017,PT,0,0,1.0,0.0,0.0,0.0,46.92,0.0,1.0,0.0,0.0,0.0,0.0,0.0,0.0,0.0,0.0,0.0,0.0,0.35,0.0,0.0,0.0,0.9,N ,N ,-66.149463495378,17.9474467239165,0.0,0.0,0.0,0.0,0.0,0.0,0.0,0.0,0.0,0.0,0.0,0.0,0.0,0.0,0.0,0.0,0.0,0.0,16572.0,upv_n_fg,n,fg,1,(OP) Operating,1,PV+Battery Hybrid,,,True,TRANCHE1_A-1-P,pr321,1560,0.20144314
upv,25.50307765151515,,,2051,2051,2051,2051,2051,2025,False,,p99118,Puerto Rico,97.0,97.0,1.0,16572.0,SRP  ,TRANCHE1_AB-1-P,TRANCHE1_AB-1-P,Agua Fria,1.0,PVT,PT,2.0,0.0,4.0,20.0,20.0,15.0,PR,8.0,14.0,1.0,0.2,25.50307765151515,0.0,0.0,0.0,0.0,2001,6.0,12.0,0.0,0.0,0.0,0.0,0.0,0.0,0.0,  ,0.0,0.039,0.032,0.049,0.032,0.046,0.082,0.086,0.078,0.067,0.033,0.026,0.022,0.017,PT,0,0,1.0,0.0,0.0,0.0,46.92,0.0,1.0,0.0,0.0,0.0,0.0,0.0,0.0,0.0,0.0,0.0,0.0,0.35,0.0,0.0,0.0,0.9,N ,N ,-66.40141277730525,18.446222196096137,0.0,0.0,0.0,0.0,0.0,0.0,0.0,0.0,0.0,0.0,0.0,0.0,0.0,0.0,0.0,0.0,0.0,0.0,16572.0,upv_n_fg,n,fg,1,(OP) Operating,1,PV+Battery Hybrid,,,True,TRANCHE1_AB-1-P,pr97064,1675,0.19702654
upv,20.402462121212118,,,2051,2051,2051,2051,2051,2025,False,,p99007,Puerto Rico,97.0,97.0,1.0,16572.0,SRP  ,TRANCHE1_B-2-P,TRANCHE1_B-2-P,Agua Fria,1.0,PVT,PT,2.0,0.0,4.0,20.0,20.0,15.0,PR,8.0,14.0,1.0,0.2,20.402462121212118,0.0,0.0,0.0,0.0,2001,6.0,12.0,0.0,0.0,0.0,0.0,0.0,0.0,0.0,  ,0.0,0.039,0.032,0.049,0.032,0.046,0.082,0.086,0.078,0.067,0.033,0.026,0.022,0.017,PT,0,0,1.0,0.0,0.0,0.0,46.92,0.0,1.0,0.0,0.0,0.0,0.0,0.0,0.0,0.0,0.0,0.0,0.0,0.35,0.0,0.0,0.0,0.9,N ,N ,-65.7850288247602,18.2429864355861,0.0,0.0,0.0,0.0,0.0,0.0,0.0,0.0,0.0,0.0,0.0,0.0,0.0,0.0,0.0,0.0,0.0,0.0,16572.0,upv_n_fg,n,fg,1,(OP) Operating,1,PV+Battery Hybrid,,,True,TRANCHE1_B-2-P,pr16,812,0.18714307
upv,25.50307765151515,,,2051,2051,2051,2051,2051,2025,False,,p99007,Puerto Rico,97.0,97.0,1.0,16572.0,SRP  ,TRANCHE1_B-1-P,TRANCHE1_B-1-P,Agua Fria,1.0,PVT,PT,2.0,0.0,4.0,20.0,20.0,15.0,PR,8.0,14.0,1.0,0.2,25.50307765151515,0.0,0.0,0.0,0.0,2001,6.0,12.0,0.0,0.0,0.0,0.0,0.0,0.0,0.0,  ,0.0,0.039,0.032,0.049,0.032,0.046,0.082,0.086,0.078,0.067,0.033,0.026,0.022,0.017,PT,0,0,1.0,0.0,0.0,0.0,46.92,0.0,1.0,0.0,0.0,0.0,0.0,0.0,0.0,0.0,0.0,0.0,0.0,0.35,0.0,0.0,0.0,0.9,N ,N ,-65.7850288247602,18.2429864355861,0.0,0.0,0.0,0.0,0.0,0.0,0.0,0.0,0.0,0.0,0.0,0.0,0.0,0.0,0.0,0.0,0.0,0.0,16572.0,upv_n_fg,n,fg,1,(OP) Operating,1,PV+Battery Hybrid,,,True,TRANCHE1_B-1-P,pr16,812,0.18714307
upv,32.745951704545455,,,2051,2051,2051,2051,2051,2025,False,,p99006,Puerto Rico,97.0,97.0,1.0,16572.0,SRP  ,TRANCHE1_AK-1-P,TRANCHE1_AK-1-P,Agua Fria,1.0,PVT,PT,2.0,0.0,4.0,20.0,20.0,15.0,PR,8.0,14.0,1.0,0.2,32.745951704545455,0.0,0.0,0.0,0.0,2001,6.0,12.0,0.0,0.0,0.0,0.0,0.0,0.0,0.0,  ,0.0,0.039,0.032,0.049,0.032,0.046,0.082,0.086,0.078,0.067,0.033,0.026,0.022,0.017,PT,0,0,1.0,0.0,0.0,0.0,46.92,0.0,1.0,0.0,0.0,0.0,0.0,0.0,0.0,0.0,0.0,0.0,0.0,0.35,0.0,0.0,0.0,0.9,N ,N ,-65.82683737768,18.13732480866,0.0,0.0,0.0,0.0,0.0,0.0,0.0,0.0,0.0,0.0,0.0,0.0,0.0,0.0,0.0,0.0,0.0,0.0,16572.0,upv_n_fg,n,fg,1,(OP) Operating,1,PV+Battery Hybrid,,,True,TRANCHE1_AK-1-P,pr14,1645,0.19101645
upv,39.478764204545456,,,2051,2051,2051,2051,2051,2025,False,,p99006,Puerto Rico,97.0,97.0,1.0,16572.0,SRP  ,TRANCHE1_AT-1-P,TRANCHE1_AT-1-P,Agua Fria,1.0,PVT,PT,2.0,0.0,4.0,20.0,20.0,15.0,PR,8.0,14.0,1.0,0.2,39.478764204545456,0.0,0.0,0.0,0.0,2001,6.0,12.0,0.0,0.0,0.0,0.0,0.0,0.0,0.0,  ,0.0,0.039,0.032,0.049,0.032,0.046,0.082,0.086,0.078,0.067,0.033,0.026,0.022,0.017,PT,0,0,1.0,0.0,0.0,0.0,46.92,0.0,1.0,0.0,0.0,0.0,0.0,0.0,0.0,0.0,0.0,0.0,0.0,0.35,0.0,0.0,0.0,0.9,N ,N ,-65.82683737768,18.13732480866,0.0,0.0,0.0,0.0,0.0,0.0,0.0,0.0,0.0,0.0,0.0,0.0,0.0,0.0,0.0,0.0,0.0,0.0,16572.0,upv_n_fg,n,fg,1,(OP) Operating,1,PV+Battery Hybrid,,,True,TRANCHE1_AT-1-P,pr14,1645,0.19101645
upv,35.70430871212121,,,2051,2051,2051,2051,2051,2025,False,,p99043,Puerto Rico,97.0,97.0,1.0,16572.0,SRP  ,TRANCHE1_AI-1-P,TRANCHE1_AI-1-P,Agua Fria,1.0,PVT,PT,2.0,0.0,4.0,20.0,20.0,15.0,PR,8.0,14.0,1.0,0.2,35.70430871212121,0.0,0.0,0.0,0.0,2001,6.0,12.0,0.0,0.0,0.0,0.0,0.0,0.0,0.0,  ,0.0,0.039,0.032,0.049,0.032,0.046,0.082,0.086,0.078,0.067,0.033,0.026,0.022,0.017,PT,0,0,1.0,0.0,0.0,0.0,46.92,0.0,1.0,0.0,0.0,0.0,0.0,0.0,0.0,0.0,0.0,0.0,0.0,0.35,0.0,0.0,0.0,0.9,N ,N ,-67.0091432005955,18.0750990243733,0.0,0.0,0.0,0.0,0.0,0.0,0.0,0.0,0.0,0.0,0.0,0.0,0.0,0.0,0.0,0.0,0.0,0.0,16572.0,upv_n_fg,n,fg,1,(OP) Operating,1,PV+Battery Hybrid,,,True,TRANCHE1_AI-1-P,pr169,1300,0.18838961
upv,61.20738636363636,,,2051,2051,2051,2051,2051,2025,False,,p99065,Puerto Rico,97.0,97.0,1.0,16572.0,SRP  ,TRANCHE1_N-1-P,TRANCHE1_N-1-P,Agua Fria,1.0,PVT,PT,2.0,0.0,4.0,20.0,20.0,15.0,PR,8.0,14.0,1.0,0.2,61.20738636363636,0.0,0.0,0.0,0.0,2001,6.0,12.0,0.0,0.0,0.0,0.0,0.0,0.0,0.0,  ,0.0,0.039,0.032,0.049,0.032,0.046,0.082,0.086,0.078,0.067,0.033,0.026,0.022,0.017,PT,0,0,1.0,0.0,0.0,0.0,46.92,0.0,1.0,0.0,0.0,0.0,0.0,0.0,0.0,0.0,0.0,0.0,0.0,0.35,0.0,0.0,0.0,0.9,N ,N ,-66.36966581,18.02198247,0.0,0.0,0.0,0.0,0.0,0.0,0.0,0.0,0.0,0.0,0.0,0.0,0.0,0.0,0.0,0.0,0.0,0.0,16572.0,upv_n_fg,n,fg,1,(OP) Operating,1,PV+Battery Hybrid,,,True,TRANCHE1_N-1-P,pr296,1477,0.19796625
upv,20.402462121212118,,,2051,2051,2051,2051,2051,2025,False,,p99080,Puerto Rico,97.0,97.0,1.0,16572.0,SRP  ,TRANCHE1_AS-1-P,TRANCHE1_AS-1-P,Agua Fria,1.0,PVT,PT,2.0,0.0,4.0,20.0,20.0,15.0,PR,8.0,14.0,1.0,0.2,20.402462121212118,0.0,0.0,0.0,0.0,2001,6.0,12.0,0.0,0.0,0.0,0.0,0.0,0.0,0.0,  ,0.0,0.039,0.032,0.049,0.032,0.046,0.082,0.086,0.078,0.067,0.033,0.026,0.022,0.017,PT,0,0,1.0,0.0,0.0,0.0,46.92,0.0,1.0,0.0,0.0,0.0,0.0,0.0,0.0,0.0,0.0,0.0,0.0,0.35,0.0,0.0,0.0,0.9,N ,N ,-66.6968634056452,18.4690563228198,0.0,0.0,0.0,0.0,0.0,0.0,0.0,0.0,0.0,0.0,0.0,0.0,0.0,0.0,0.0,0.0,0.0,0.0,16572.0,upv_n_fg,n,fg,1,(OP) Operating,1,PV+Battery Hybrid,,,True,TRANCHE1_AS-1-P,pr440,99,0.199824
upv,25.50307765151515,,,2051,2051,2051,2051,2051,2025,False,,p99004,Puerto Rico,97.0,97.0,1.0,16572.0,SRP  ,TRANCHE1_AE-1-P,TRANCHE1_AE-1-P,Agua Fria,1.0,PVT,PT,2.0,0.0,4.0,20.0,20.0,15.0,PR,8.0,14.0,1.0,0.2,25.50307765151515,0.0,0.0,0.0,0.0,2001,6.0,12.0,0.0,0.0,0.0,0.0,0.0,0.0,0.0,  ,0.0,0.039,0.032,0.049,0.032,0.046,0.082,0.086,0.078,0.067,0.033,0.026,0.022,0.017,PT,0,0,1.0,0.0,0.0,0.0,46.92,0.0,1.0,0.0,0.0,0.0,0.0,0.0,0.0,0.0,0.0,0.0,0.0,0.35,0.0,0.0,0.0,0.9,N ,N ,-66.139303974935,17.961056944062,0.0,0.0,0.0,0.0,0.0,0.0,0.0,0.0,0.0,0.0,0.0,0.0,0.0,0.0,0.0,0.0,0.0,0.0,16572.0,upv_n_fg,n,fg,1,(OP) Operating,1,PV+Battery Hybrid,,,True,TRANCHE1_AE-1-P,pr8,1667,0.20298149
battery_li,105.11363636363637,420.4545454545455,4.0,2051,2051,2051,2051,2051,2025,False,,p99035,Puerto Rico,178.0,178.0,1.0,54802.0,CISO ,PR100_Tranche1_4h_2025_pr107,PR100_Tranche1_4h_2025_pr107,Dynegy Moss Landing Power Plant Hybrid,1.0,DST,DS,3.0,0.0,11.0,21.0,21.0,16.0,PR,9.0,16.0,1.0,300.0,105.11363636363637,0.0,0.0,0.0,0.0,2021,5.0,12.0,0.0,0.0,0.0,0.0,0.0,0.0,0.0,  ,0.0,0.0,0.0,0.0,0.0,0.0,0.0,0.0,0.0,0.0,0.0,0.0,0.0,0.0,PS,0,0,1.0,0.0,0.0,0.0,12.544,0.0,1.0,0.0,0.0,0.0,0.0,0.0,0.0,0.0,0.0,0.0,0.0,0.35,0.0,0.0,0.0,0.9,N ,N ,-66.2311584279522,17.9532741471698,0.0,0.0,0.0,0.0,0.0,0.0,0.0,0.0,0.0,0.0,0.0,0.0,0.0,0.0,0.0,0.0,0.0,0.0,14328.0,battery_li_n_fsu,n,fsu,1,(OP) Operating,1,Battery Storage,,,True,PR100_Tranche1_4h_2025_pr107,pr107,,
battery_li,18.132102272727273,72.5284090909091,4.0,2051,2051,2051,2051,2051,2025,False,,p99037,Puerto Rico,178.0,178.0,1.0,54802.0,CISO ,PR100_Tranche1_4h_2025_pr116,PR100_Tranche1_4h_2025_pr116,Dynegy Moss Landing Power Plant Hybrid,1.0,DST,DS,3.0,0.0,11.0,21.0,21.0,16.0,PR,9.0,16.0,1.0,300.0,18.132102272727273,0.0,0.0,0.0,0.0,2021,5.0,12.0,0.0,0.0,0.0,0.0,0.0,0.0,0.0,  ,0.0,0.0,0.0,0.0,0.0,0.0,0.0,0.0,0.0,0.0,0.0,0.0,0.0,0.0,PS,0,0,1.0,0.0,0.0,0.0,12.544,0.0,1.0,0.0,0.0,0.0,0.0,0.0,0.0,0.0,0.0,0.0,0.0,0.35,0.0,0.0,0.0,0.9,N ,N ,-67.1360455,18.12868123,0.0,0.0,0.0,0.0,0.0,0.0,0.0,0.0,0.0,0.0,0.0,0.0,0.0,0.0,0.0,0.0,0.0,0.0,14328.0,battery_li_n_fsu,n,fsu,1,(OP) Operating,1,Battery Storage,,,True,PR100_Tranche1_4h_2025_pr116,pr116,,
battery_li,87.59469696969697,350.3787878787879,4.0,2051,2051,2051,2051,2051,2025,False,,p99105,Puerto Rico,178.0,178.0,1.0,54802.0,CISO ,PR100_Tranche1_4h_2025_pr1206,PR100_Tranche1_4h_2025_pr1206,Dynegy Moss Landing Power Plant Hybrid,1.0,DST,DS,3.0,0.0,11.0,21.0,21.0,16.0,PR,9.0,16.0,1.0,300.0,87.59469696969697,0.0,0.0,0.0,0.0,2021,5.0,12.0,0.0,0.0,0.0,0.0,0.0,0.0,0.0,  ,0.0,0.0,0.0,0.0,0.0,0.0,0.0,0.0,0.0,0.0,0.0,0.0,0.0,0.0,PS,0,0,1.0,0.0,0.0,0.0,12.544,0.0,1.0,0.0,0.0,0.0,0.0,0.0,0.0,0.0,0.0,0.0,0.0,0.35,0.0,0.0,0.0,0.9,N ,N ,-65.91415150823626,18.22764836265537,0.0,0.0,0.0,0.0,0.0,0.0,0.0,0.0,0.0,0.0,0.0,0.0,0.0,0.0,0.0,0.0,0.0,0.0,14328.0,battery_li_n_fsu,n,fsu,1,(OP) Operating,1,Battery Storage,,,True,PR100_Tranche1_4h_2025_pr1206,pr1206,,
battery_li,62.017045454545475,248.0681818181819,4.0,2051,2051,2051,2051,2051,2025,False,,p99006,Puerto Rico,178.0,178.0,1.0,54802.0,CISO ,PR100_Tranche1_4h_2025_pr14,PR100_Tranche1_4h_2025_pr14,Dynegy Moss Landing Power Plant Hybrid,1.0,DST,DS,3.0,0.0,11.0,21.0,21.0,16.0,PR,9.0,16.0,1.0,300.0,62.017045454545475,0.0,0.0,0.0,0.0,2021,5.0,12.0,0.0,0.0,0.0,0.0,0.0,0.0,0.0,  ,0.0,0.0,0.0,0.0,0.0,0.0,0.0,0.0,0.0,0.0,0.0,0.0,0.0,0.0,PS,0,0,1.0,0.0,0.0,0.0,12.544,0.0,1.0,0.0,0.0,0.0,0.0,0.0,0.0,0.0,0.0,0.0,0.0,0.35,0.0,0.0,0.0,0.9,N ,N ,-65.82683737768,18.13732480866,0.0,0.0,0.0,0.0,0.0,0.0,0.0,0.0,0.0,0.0,0.0,0.0,0.0,0.0,0.0,0.0,0.0,0.0,14328.0,battery_li_n_fsu,n,fsu,1,(OP) Operating,1,Battery Storage,,,True,PR100_Tranche1_4h_2025_pr14,pr14,,
battery_li,39.41761363636364,157.67045454545456,4.0,2051,2051,2051,2051,2051,2025,False,,p99007,Puerto Rico,178.0,178.0,1.0,54802.0,CISO ,PR100_Tranche1_4h_2025_pr16,PR100_Tranche1_4h_2025_pr16,Dynegy Moss Landing Power Plant Hybrid,1.0,DST,DS,3.0,0.0,11.0,21.0,21.0,16.0,PR,9.0,16.0,1.0,300.0,39.41761363636364,0.0,0.0,0.0,0.0,2021,5.0,12.0,0.0,0.0,0.0,0.0,0.0,0.0,0.0,  ,0.0,0.0,0.0,0.0,0.0,0.0,0.0,0.0,0.0,0.0,0.0,0.0,0.0,0.0,PS,0,0,1.0,0.0,0.0,0.0,12.544,0.0,1.0,0.0,0.0,0.0,0.0,0.0,0.0,0.0,0.0,0.0,0.0,0.35,0.0,0.0,0.0,0.9,N ,N ,-65.7850288247602,18.2429864355861,0.0,0.0,0.0,0.0,0.0,0.0,0.0,0.0,0.0,0.0,0.0,0.0,0.0,0.0,0.0,0.0,0.0,0.0,14328.0,battery_li_n_fsu,n,fsu,1,(OP) Operating,1,Battery Storage,,,True,PR100_Tranche1_4h_2025_pr16,pr16,,
battery_li,52.55681818181819,210.22727272727275,4.0,2051,2051,2051,2051,2051,2025,False,,p99042,Puerto Rico,178.0,178.0,1.0,54802.0,CISO ,PR100_Tranche1_4h_2025_pr167,PR100_Tranche1_4h_2025_pr167,Dynegy Moss Landing Power Plant Hybrid,1.0,DST,DS,3.0,0.0,11.0,21.0,21.0,16.0,PR,9.0,16.0,1.0,300.0,52.55681818181819,0.0,0.0,0.0,0.0,2021,5.0,12.0,0.0,0.0,0.0,0.0,0.0,0.0,0.0,  ,0.0,0.0,0.0,0.0,0.0,0.0,0.0,0.0,0.0,0.0,0.0,0.0,0.0,0.0,PS,0,0,1.0,0.0,0.0,0.0,12.544,0.0,1.0,0.0,0.0,0.0,0.0,0.0,0.0,0.0,0.0,0.0,0.0,0.35,0.0,0.0,0.0,0.9,N ,N ,-66.5905482796362,18.4249383396828,0.0,0.0,0.0,0.0,0.0,0.0,0.0,0.0,0.0,0.0,0.0,0.0,0.0,0.0,0.0,0.0,0.0,0.0,14328.0,battery_li_n_fsu,n,fsu,1,(OP) Operating,1,Battery Storage,,,True,PR100_Tranche1_4h_2025_pr167,pr167,,
battery_li,30.65814393939394,122.63257575757576,4.0,2051,2051,2051,2051,2051,2025,False,,p99043,Puerto Rico,178.0,178.0,1.0,54802.0,CISO ,PR100_Tranche1_4h_2025_pr169,PR100_Tranche1_4h_2025_pr169,Dynegy Moss Landing Power Plant Hybrid,1.0,DST,DS,3.0,0.0,11.0,21.0,21.0,16.0,PR,9.0,16.0,1.0,300.0,30.65814393939394,0.0,0.0,0.0,0.0,2021,5.0,12.0,0.0,0.0,0.0,0.0,0.0,0.0,0.0,  ,0.0,0.0,0.0,0.0,0.0,0.0,0.0,0.0,0.0,0.0,0.0,0.0,0.0,0.0,PS,0,0,1.0,0.0,0.0,0.0,12.544,0.0,1.0,0.0,0.0,0.0,0.0,0.0,0.0,0.0,0.0,0.0,0.0,0.35,0.0,0.0,0.0,0.9,N ,N ,-67.0091432005955,18.0750990243733,0.0,0.0,0.0,0.0,0.0,0.0,0.0,0.0,0.0,0.0,0.0,0.0,0.0,0.0,0.0,0.0,0.0,0.0,14328.0,battery_li_n_fsu,n,fsu,1,(OP) Operating,1,Battery Storage,,,True,PR100_Tranche1_4h_2025_pr169,pr169,,
battery_li,140.15151515151516,560.6060606060606,4.0,2051,2051,2051,2051,2051,2025,False,,p99065,Puerto Rico,178.0,178.0,1.0,54802.0,CISO ,PR100_Tranche1_4h_2025_pr296,PR100_Tranche1_4h_2025_pr296,Dynegy Moss Landing Power Plant Hybrid,1.0,DST,DS,3.0,0.0,11.0,21.0,21.0,16.0,PR,9.0,16.0,1.0,300.0,140.15151515151516,0.0,0.0,0.0,0.0,2021,5.0,12.0,0.0,0.0,0.0,0.0,0.0,0.0,0.0,  ,0.0,0.0,0.0,0.0,0.0,0.0,0.0,0.0,0.0,0.0,0.0,0.0,0.0,0.0,PS,0,0,1.0,0.0,0.0,0.0,12.544,0.0,1.0,0.0,0.0,0.0,0.0,0.0,0.0,0.0,0.0,0.0,0.0,0.35,0.0,0.0,0.0,0.9,N ,N ,-66.36966581,18.02198247,0.0,0.0,0.0,0.0,0.0,0.0,0.0,0.0,0.0,0.0,0.0,0.0,0.0,0.0,0.0,0.0,0.0,0.0,14328.0,battery_li_n_fsu,n,fsu,1,(OP) Operating,1,Battery Storage,,,True,PR100_Tranche1_4h_2025_pr296,pr296,,
battery_li,70.33854166666666,281.35416666666663,4.0,2051,2051,2051,2051,2051,2025,False,,p99069,Puerto Rico,178.0,178.0,1.0,54802.0,CISO ,PR100_Tranche1_4h_2025_pr321,PR100_Tranche1_4h_2025_pr321,Dynegy Moss Landing Power Plant Hybrid,1.0,DST,DS,3.0,0.0,11.0,21.0,21.0,16.0,PR,9.0,16.0,1.0,300.0,70.33854166666666,0.0,0.0,0.0,0.0,2021,5.0,12.0,0.0,0.0,0.0,0.0,0.0,0.0,0.0,  ,0.0,0.0,0.0,0.0,0.0,0.0,0.0,0.0,0.0,0.0,0.0,0.0,0.0,0.0,PS,0,0,1.0,0.0,0.0,0.0,12.544,0.0,1.0,0.0,0.0,0.0,0.0,0.0,0.0,0.0,0.0,0.0,0.0,0.35,0.0,0.0,0.0,0.9,N ,N ,-66.149463495378,17.9474467239165,0.0,0.0,0.0,0.0,0.0,0.0,0.0,0.0,0.0,0.0,0.0,0.0,0.0,0.0,0.0,0.0,0.0,0.0,14328.0,battery_li_n_fsu,n,fsu,1,(OP) Operating,1,Battery Storage,,,True,PR100_Tranche1_4h_2025_pr321,pr321,,
battery_li,21.898674242424242,87.59469696969697,4.0,2051,2051,2051,2051,2051,2025,False,,p99016,Puerto Rico,178.0,178.0,1.0,54802.0,CISO ,PR100_Tranche1_4h_2025_pr41,PR100_Tranche1_4h_2025_pr41,Dynegy Moss Landing Power Plant Hybrid,1.0,DST,DS,3.0,0.0,11.0,21.0,21.0,16.0,PR,9.0,16.0,1.0,300.0,21.898674242424242,0.0,0.0,0.0,0.0,2021,5.0,12.0,0.0,0.0,0.0,0.0,0.0,0.0,0.0,  ,0.0,0.0,0.0,0.0,0.0,0.0,0.0,0.0,0.0,0.0,0.0,0.0,0.0,0.0,PS,0,0,1.0,0.0,0.0,0.0,12.544,0.0,1.0,0.0,0.0,0.0,0.0,0.0,0.0,0.0,0.0,0.0,0.0,0.35,0.0,0.0,0.0,0.9,N ,N ,-66.3914685076281,18.4458787165834,0.0,0.0,0.0,0.0,0.0,0.0,0.0,0.0,0.0,0.0,0.0,0.0,0.0,0.0,0.0,0.0,0.0,0.0,14328.0,battery_li_n_fsu,n,fsu,1,(OP) Operating,1,Battery Storage,,,True,PR100_Tranche1_4h_2025_pr41,pr41,,
battery_li,21.898674242424242,87.59469696969697,4.0,2051,2051,2051,2051,2051,2025,False,,p99079,Puerto Rico,178.0,178.0,1.0,54802.0,CISO ,PR100_Tranche1_4h_2025_pr428,PR100_Tranche1_4h_2025_pr428,Dynegy Moss Landing Power Plant Hybrid,1.0,DST,DS,3.0,0.0,11.0,21.0,21.0,16.0,PR,9.0,16.0,1.0,300.0,21.898674242424242,0.0,0.0,0.0,0.0,2021,5.0,12.0,0.0,0.0,0.0,0.0,0.0,0.0,0.0,  ,0.0,0.0,0.0,0.0,0.0,0.0,0.0,0.0,0.0,0.0,0.0,0.0,0.0,0.0,PS,0,0,1.0,0.0,0.0,0.0,12.544,0.0,1.0,0.0,0.0,0.0,0.0,0.0,0.0,0.0,0.0,0.0,0.0,0.35,0.0,0.0,0.0,0.9,N ,N ,-67.1513062922523,18.2327569503965,0.0,0.0,0.0,0.0,0.0,0.0,0.0,0.0,0.0,0.0,0.0,0.0,0.0,0.0,0.0,0.0,0.0,0.0,14328.0,battery_li_n_fsu,n,fsu,1,(OP) Operating,1,Battery Storage,,,True,PR100_Tranche1_4h_2025_pr428,pr428,,
battery_li,17.518939393939394,70.07575757575758,4.0,2051,2051,2051,2051,2051,2025,False,,p99080,Puerto Rico,178.0,178.0,1.0,54802.0,CISO ,PR100_Tranche1_4h_2025_pr440,PR100_Tranche1_4h_2025_pr440,Dynegy Moss Landing Power Plant Hybrid,1.0,DST,DS,3.0,0.0,11.0,21.0,21.0,16.0,PR,9.0,16.0,1.0,300.0,17.518939393939394,0.0,0.0,0.0,0.0,2021,5.0,12.0,0.0,0.0,0.0,0.0,0.0,0.0,0.0,  ,0.0,0.0,0.0,0.0,0.0,0.0,0.0,0.0,0.0,0.0,0.0,0.0,0.0,0.0,PS,0,0,1.0,0.0,0.0,0.0,12.544,0.0,1.0,0.0,0.0,0.0,0.0,0.0,0.0,0.0,0.0,0.0,0.0,0.35,0.0,0.0,0.0,0.9,N ,N ,-66.6968634056452,18.4690563228198,0.0,0.0,0.0,0.0,0.0,0.0,0.0,0.0,0.0,0.0,0.0,0.0,0.0,0.0,0.0,0.0,0.0,0.0,14328.0,battery_li_n_fsu,n,fsu,1,(OP) Operating,1,Battery Storage,,,True,PR100_Tranche1_4h_2025_pr440,pr440,,
battery_li,21.898674242424242,87.59469696969697,4.0,2051,2051,2051,2051,2051,2025,False,,p99004,Puerto Rico,178.0,178.0,1.0,54802.0,CISO ,PR100_Tranche1_4h_2025_pr8,PR100_Tranche1_4h_2025_pr8,Dynegy Moss Landing Power Plant Hybrid,1.0,DST,DS,3.0,0.0,11.0,21.0,21.0,16.0,PR,9.0,16.0,1.0,300.0,21.898674242424242,0.0,0.0,0.0,0.0,2021,5.0,12.0,0.0,0.0,0.0,0.0,0.0,0.0,0.0,  ,0.0,0.0,0.0,0.0,0.0,0.0,0.0,0.0,0.0,0.0,0.0,0.0,0.0,0.0,PS,0,0,1.0,0.0,0.0,0.0,12.544,0.0,1.0,0.0,0.0,0.0,0.0,0.0,0.0,0.0,0.0,0.0,0.0,0.35,0.0,0.0,0.0,0.9,N ,N ,-66.139303974935,17.961056944062,0.0,0.0,0.0,0.0,0.0,0.0,0.0,0.0,0.0,0.0,0.0,0.0,0.0,0.0,0.0,0.0,0.0,0.0,14328.0,battery_li_n_fsu,n,fsu,1,(OP) Operating,1,Battery Storage,,,True,PR100_Tranche1_4h_2025_pr8,pr8,,
battery_li,28.90625,115.625,4.0,2051,2051,2051,2051,2051,2025,False,,p99115,Puerto Rico,178.0,178.0,1.0,54802.0,CISO ,PR100_Tranche1_4h_2025_pr97014,PR100_Tranche1_4h_2025_pr97014,Dynegy Moss Landing Power Plant Hybrid,1.0,DST,DS,3.0,0.0,11.0,21.0,21.0,16.0,PR,9.0,16.0,1.0,300.0,28.90625,0.0,0.0,0.0,0.0,2021,5.0,12.0,0.0,0.0,0.0,0.0,0.0,0.0,0.0,  ,0.0,0.0,0.0,0.0,0.0,0.0,0.0,0.0,0.0,0.0,0.0,0.0,0.0,0.0,PS,0,0,1.0,0.0,0.0,0.0,12.544,0.0,1.0,0.0,0.0,0.0,0.0,0.0,0.0,0.0,0.0,0.0,0.0,0.35,0.0,0.0,0.0,0.9,N ,N ,-66.23855932079218,17.961615397833075,0.0,0.0,0.0,0.0,0.0,0.0,0.0,0.0,0.0,0.0,0.0,0.0,0.0,0.0,0.0,0.0,0.0,0.0,14328.0,battery_li_n_fsu,n,fsu,1,(OP) Operating,1,Battery Storage,,,True,PR100_Tranche1_4h_2025_pr97014,pr97014,,
battery_li,21.898674242424242,87.59469696969697,4.0,2051,2051,2051,2051,2051,2025,False,,p99118,Puerto Rico,178.0,178.0,1.0,54802.0,CISO ,PR100_Tranche1_4h_2025_pr97064,PR100_Tranche1_4h_2025_pr97064,Dynegy Moss Landing Power Plant Hybrid,1.0,DST,DS,3.0,0.0,11.0,21.0,21.0,16.0,PR,9.0,16.0,1.0,300.0,21.898674242424242,0.0,0.0,0.0,0.0,2021,5.0,12.0,0.0,0.0,0.0,0.0,0.0,0.0,0.0,  ,0.0,0.0,0.0,0.0,0.0,0.0,0.0,0.0,0.0,0.0,0.0,0.0,0.0,0.0,PS,0,0,1.0,0.0,0.0,0.0,12.544,0.0,1.0,0.0,0.0,0.0,0.0,0.0,0.0,0.0,0.0,0.0,0.0,0.35,0.0,0.0,0.0,0.9,N ,N ,-66.40141277730525,18.446222196096137,0.0,0.0,0.0,0.0,0.0,0.0,0.0,0.0,0.0,0.0,0.0,0.0,0.0,0.0,0.0,0.0,0.0,0.0,14328.0,battery_li_n_fsu,n,fsu,1,(OP) Operating,1,Battery Storage,,,True,PR100_Tranche1_4h_2025_pr97064,pr97064,,
battery_li,106.53409090909092,426.1363636363637,4.0,2051,2051,2051,2051,2051,2028,False,,p99035,Puerto Rico,178.0,178.0,1.0,54802.0,CISO ,PR100_Tranche1_4h_2028_pr107,PR100_Tranche1_4h_2028_pr107,Dynegy Moss Landing Power Plant Hybrid,1.0,DST,DS,3.0,0.0,11.0,21.0,21.0,16.0,PR,9.0,16.0,1.0,300.0,106.53409090909092,0.0,0.0,0.0,0.0,2021,5.0,12.0,0.0,0.0,0.0,0.0,0.0,0.0,0.0,  ,0.0,0.0,0.0,0.0,0.0,0.0,0.0,0.0,0.0,0.0,0.0,0.0,0.0,0.0,PS,0,0,1.0,0.0,0.0,0.0,12.544,0.0,1.0,0.0,0.0,0.0,0.0,0.0,0.0,0.0,0.0,0.0,0.0,0.35,0.0,0.0,0.0,0.9,N ,N ,-66.2311584279522,17.9532741471698,0.0,0.0,0.0,0.0,0.0,0.0,0.0,0.0,0.0,0.0,0.0,0.0,0.0,0.0,0.0,0.0,0.0,0.0,14328.0,battery_li_n_fsu,n,fsu,1,(OP) Operating,1,Battery Storage,,,True,PR100_Tranche1_4h_2028_pr107,pr107,,
battery_li,18.37713068181818,73.50852272727272,4.0,2051,2051,2051,2051,2051,2028,False,,p99037,Puerto Rico,178.0,178.0,1.0,54802.0,CISO ,PR100_Tranche1_4h_2028_pr116,PR100_Tranche1_4h_2028_pr116,Dynegy Moss Landing Power Plant Hybrid,1.0,DST,DS,3.0,0.0,11.0,21.0,21.0,16.0,PR,9.0,16.0,1.0,300.0,18.37713068181818,0.0,0.0,0.0,0.0,2021,5.0,12.0,0.0,0.0,0.0,0.0,0.0,0.0,0.0,  ,0.0,0.0,0.0,0.0,0.0,0.0,0.0,0.0,0.0,0.0,0.0,0.0,0.0,0.0,PS,0,0,1.0,0.0,0.0,0.0,12.544,0.0,1.0,0.0,0.0,0.0,0.0,0.0,0.0,0.0,0.0,0.0,0.0,0.35,0.0,0.0,0.0,0.9,N ,N ,-67.1360455,18.12868123,0.0,0.0,0.0,0.0,0.0,0.0,0.0,0.0,0.0,0.0,0.0,0.0,0.0,0.0,0.0,0.0,0.0,0.0,14328.0,battery_li_n_fsu,n,fsu,1,(OP) Operating,1,Battery Storage,,,True,PR100_Tranche1_4h_2028_pr116,pr116,,
battery_li,88.7784090909091,355.1136363636364,4.0,2051,2051,2051,2051,2051,2028,False,,p99105,Puerto Rico,178.0,178.0,1.0,54802.0,CISO ,PR100_Tranche1_4h_2028_pr1206,PR100_Tranche1_4h_2028_pr1206,Dynegy Moss Landing Power Plant Hybrid,1.0,DST,DS,3.0,0.0,11.0,21.0,21.0,16.0,PR,9.0,16.0,1.0,300.0,88.7784090909091,0.0,0.0,0.0,0.0,2021,5.0,12.0,0.0,0.0,0.0,0.0,0.0,0.0,0.0,  ,0.0,0.0,0.0,0.0,0.0,0.0,0.0,0.0,0.0,0.0,0.0,0.0,0.0,0.0,PS,0,0,1.0,0.0,0.0,0.0,12.544,0.0,1.0,0.0,0.0,0.0,0.0,0.0,0.0,0.0,0.0,0.0,0.0,0.35,0.0,0.0,0.0,0.9,N ,N ,-65.91415150823626,18.22764836265537,0.0,0.0,0.0,0.0,0.0,0.0,0.0,0.0,0.0,0.0,0.0,0.0,0.0,0.0,0.0,0.0,0.0,0.0,14328.0,battery_li_n_fsu,n,fsu,1,(OP) Operating,1,Battery Storage,,,True,PR100_Tranche1_4h_2028_pr1206,pr1206,,
battery_li,62.855113636363654,251.42045454545462,4.0,2051,2051,2051,2051,2051,2028,False,,p99006,Puerto Rico,178.0,178.0,1.0,54802.0,CISO ,PR100_Tranche1_4h_2028_pr14,PR100_Tranche1_4h_2028_pr14,Dynegy Moss Landing Power Plant Hybrid,1.0,DST,DS,3.0,0.0,11.0,21.0,21.0,16.0,PR,9.0,16.0,1.0,300.0,62.855113636363654,0.0,0.0,0.0,0.0,2021,5.0,12.0,0.0,0.0,0.0,0.0,0.0,0.0,0.0,  ,0.0,0.0,0.0,0.0,0.0,0.0,0.0,0.0,0.0,0.0,0.0,0.0,0.0,0.0,PS,0,0,1.0,0.0,0.0,0.0,12.544,0.0,1.0,0.0,0.0,0.0,0.0,0.0,0.0,0.0,0.0,0.0,0.0,0.35,0.0,0.0,0.0,0.9,N ,N ,-65.82683737768,18.13732480866,0.0,0.0,0.0,0.0,0.0,0.0,0.0,0.0,0.0,0.0,0.0,0.0,0.0,0.0,0.0,0.0,0.0,0.0,14328.0,battery_li_n_fsu,n,fsu,1,(OP) Operating,1,Battery Storage,,,True,PR100_Tranche1_4h_2028_pr14,pr14,,
battery_li,39.95028409090909,159.80113636363637,4.0,2051,2051,2051,2051,2051,2028,False,,p99007,Puerto Rico,178.0,178.0,1.0,54802.0,CISO ,PR100_Tranche1_4h_2028_pr16,PR100_Tranche1_4h_2028_pr16,Dynegy Moss Landing Power Plant Hybrid,1.0,DST,DS,3.0,0.0,11.0,21.0,21.0,16.0,PR,9.0,16.0,1.0,300.0,39.95028409090909,0.0,0.0,0.0,0.0,2021,5.0,12.0,0.0,0.0,0.0,0.0,0.0,0.0,0.0,  ,0.0,0.0,0.0,0.0,0.0,0.0,0.0,0.0,0.0,0.0,0.0,0.0,0.0,0.0,PS,0,0,1.0,0.0,0.0,0.0,12.544,0.0,1.0,0.0,0.0,0.0,0.0,0.0,0.0,0.0,0.0,0.0,0.0,0.35,0.0,0.0,0.0,0.9,N ,N ,-65.7850288247602,18.2429864355861,0.0,0.0,0.0,0.0,0.0,0.0,0.0,0.0,0.0,0.0,0.0,0.0,0.0,0.0,0.0,0.0,0.0,0.0,14328.0,battery_li_n_fsu,n,fsu,1,(OP) Operating,1,Battery Storage,,,True,PR100_Tranche1_4h_2028_pr16,pr16,,
battery_li,53.26704545454546,213.06818181818184,4.0,2051,2051,2051,2051,2051,2028,False,,p99042,Puerto Rico,178.0,178.0,1.0,54802.0,CISO ,PR100_Tranche1_4h_2028_pr167,PR100_Tranche1_4h_2028_pr167,Dynegy Moss Landing Power Plant Hybrid,1.0,DST,DS,3.0,0.0,11.0,21.0,21.0,16.0,PR,9.0,16.0,1.0,300.0,53.26704545454546,0.0,0.0,0.0,0.0,2021,5.0,12.0,0.0,0.0,0.0,0.0,0.0,0.0,0.0,  ,0.0,0.0,0.0,0.0,0.0,0.0,0.0,0.0,0.0,0.0,0.0,0.0,0.0,0.0,PS,0,0,1.0,0.0,0.0,0.0,12.544,0.0,1.0,0.0,0.0,0.0,0.0,0.0,0.0,0.0,0.0,0.0,0.0,0.35,0.0,0.0,0.0,0.9,N ,N ,-66.5905482796362,18.4249383396828,0.0,0.0,0.0,0.0,0.0,0.0,0.0,0.0,0.0,0.0,0.0,0.0,0.0,0.0,0.0,0.0,0.0,0.0,14328.0,battery_li_n_fsu,n,fsu,1,(OP) Operating,1,Battery Storage,,,True,PR100_Tranche1_4h_2028_pr167,pr167,,
battery_li,31.072443181818187,124.28977272727275,4.0,2051,2051,2051,2051,2051,2028,False,,p99043,Puerto Rico,178.0,178.0,1.0,54802.0,CISO ,PR100_Tranche1_4h_2028_pr169,PR100_Tranche1_4h_2028_pr169,Dynegy Moss Landing Power Plant Hybrid,1.0,DST,DS,3.0,0.0,11.0,21.0,21.0,16.0,PR,9.0,16.0,1.0,300.0,31.072443181818187,0.0,0.0,0.0,0.0,2021,5.0,12.0,0.0,0.0,0.0,0.0,0.0,0.0,0.0,  ,0.0,0.0,0.0,0.0,0.0,0.0,0.0,0.0,0.0,0.0,0.0,0.0,0.0,0.0,PS,0,0,1.0,0.0,0.0,0.0,12.544,0.0,1.0,0.0,0.0,0.0,0.0,0.0,0.0,0.0,0.0,0.0,0.0,0.35,0.0,0.0,0.0,0.9,N ,N ,-67.0091432005955,18.0750990243733,0.0,0.0,0.0,0.0,0.0,0.0,0.0,0.0,0.0,0.0,0.0,0.0,0.0,0.0,0.0,0.0,0.0,0.0,14328.0,battery_li_n_fsu,n,fsu,1,(OP) Operating,1,Battery Storage,,,True,PR100_Tranche1_4h_2028_pr169,pr169,,
battery_li,142.04545454545453,568.1818181818181,4.0,2051,2051,2051,2051,2051,2028,False,,p99065,Puerto Rico,178.0,178.0,1.0,54802.0,CISO ,PR100_Tranche1_4h_2028_pr296,PR100_Tranche1_4h_2028_pr296,Dynegy Moss Landing Power Plant Hybrid,1.0,DST,DS,3.0,0.0,11.0,21.0,21.0,16.0,PR,9.0,16.0,1.0,300.0,142.04545454545453,0.0,0.0,0.0,0.0,2021,5.0,12.0,0.0,0.0,0.0,0.0,0.0,0.0,0.0,  ,0.0,0.0,0.0,0.0,0.0,0.0,0.0,0.0,0.0,0.0,0.0,0.0,0.0,0.0,PS,0,0,1.0,0.0,0.0,0.0,12.544,0.0,1.0,0.0,0.0,0.0,0.0,0.0,0.0,0.0,0.0,0.0,0.0,0.35,0.0,0.0,0.0,0.9,N ,N ,-66.36966581,18.02198247,0.0,0.0,0.0,0.0,0.0,0.0,0.0,0.0,0.0,0.0,0.0,0.0,0.0,0.0,0.0,0.0,0.0,0.0,14328.0,battery_li_n_fsu,n,fsu,1,(OP) Operating,1,Battery Storage,,,True,PR100_Tranche1_4h_2028_pr296,pr296,,
battery_li,71.2890625,285.15625,4.0,2051,2051,2051,2051,2051,2028,False,,p99069,Puerto Rico,178.0,178.0,1.0,54802.0,CISO ,PR100_Tranche1_4h_2028_pr321,PR100_Tranche1_4h_2028_pr321,Dynegy Moss Landing Power Plant Hybrid,1.0,DST,DS,3.0,0.0,11.0,21.0,21.0,16.0,PR,9.0,16.0,1.0,300.0,71.2890625,0.0,0.0,0.0,0.0,2021,5.0,12.0,0.0,0.0,0.0,0.0,0.0,0.0,0.0,  ,0.0,0.0,0.0,0.0,0.0,0.0,0.0,0.0,0.0,0.0,0.0,0.0,0.0,0.0,PS,0,0,1.0,0.0,0.0,0.0,12.544,0.0,1.0,0.0,0.0,0.0,0.0,0.0,0.0,0.0,0.0,0.0,0.0,0.35,0.0,0.0,0.0,0.9,N ,N ,-66.149463495378,17.9474467239165,0.0,0.0,0.0,0.0,0.0,0.0,0.0,0.0,0.0,0.0,0.0,0.0,0.0,0.0,0.0,0.0,0.0,0.0,14328.0,battery_li_n_fsu,n,fsu,1,(OP) Operating,1,Battery Storage,,,True,PR100_Tranche1_4h_2028_pr321,pr321,,
battery_li,22.194602272727273,88.7784090909091,4.0,2051,2051,2051,2051,2051,2028,False,,p99016,Puerto Rico,178.0,178.0,1.0,54802.0,CISO ,PR100_Tranche1_4h_2028_pr41,PR100_Tranche1_4h_2028_pr41,Dynegy Moss Landing Power Plant Hybrid,1.0,DST,DS,3.0,0.0,11.0,21.0,21.0,16.0,PR,9.0,16.0,1.0,300.0,22.194602272727273,0.0,0.0,0.0,0.0,2021,5.0,12.0,0.0,0.0,0.0,0.0,0.0,0.0,0.0,  ,0.0,0.0,0.0,0.0,0.0,0.0,0.0,0.0,0.0,0.0,0.0,0.0,0.0,0.0,PS,0,0,1.0,0.0,0.0,0.0,12.544,0.0,1.0,0.0,0.0,0.0,0.0,0.0,0.0,0.0,0.0,0.0,0.0,0.35,0.0,0.0,0.0,0.9,N ,N ,-66.3914685076281,18.4458787165834,0.0,0.0,0.0,0.0,0.0,0.0,0.0,0.0,0.0,0.0,0.0,0.0,0.0,0.0,0.0,0.0,0.0,0.0,14328.0,battery_li_n_fsu,n,fsu,1,(OP) Operating,1,Battery Storage,,,True,PR100_Tranche1_4h_2028_pr41,pr41,,
battery_li,22.194602272727273,88.7784090909091,4.0,2051,2051,2051,2051,2051,2028,False,,p99079,Puerto Rico,178.0,178.0,1.0,54802.0,CISO ,PR100_Tranche1_4h_2028_pr428,PR100_Tranche1_4h_2028_pr428,Dynegy Moss Landing Power Plant Hybrid,1.0,DST,DS,3.0,0.0,11.0,21.0,21.0,16.0,PR,9.0,16.0,1.0,300.0,22.194602272727273,0.0,0.0,0.0,0.0,2021,5.0,12.0,0.0,0.0,0.0,0.0,0.0,0.0,0.0,  ,0.0,0.0,0.0,0.0,0.0,0.0,0.0,0.0,0.0,0.0,0.0,0.0,0.0,0.0,PS,0,0,1.0,0.0,0.0,0.0,12.544,0.0,1.0,0.0,0.0,0.0,0.0,0.0,0.0,0.0,0.0,0.0,0.0,0.35,0.0,0.0,0.0,0.9,N ,N ,-67.1513062922523,18.2327569503965,0.0,0.0,0.0,0.0,0.0,0.0,0.0,0.0,0.0,0.0,0.0,0.0,0.0,0.0,0.0,0.0,0.0,0.0,14328.0,battery_li_n_fsu,n,fsu,1,(OP) Operating,1,Battery Storage,,,True,PR100_Tranche1_4h_2028_pr428,pr428,,
battery_li,17.755681818181817,71.02272727272727,4.0,2051,2051,2051,2051,2051,2028,False,,p99080,Puerto Rico,178.0,178.0,1.0,54802.0,CISO ,PR100_Tranche1_4h_2028_pr440,PR100_Tranche1_4h_2028_pr440,Dynegy Moss Landing Power Plant Hybrid,1.0,DST,DS,3.0,0.0,11.0,21.0,21.0,16.0,PR,9.0,16.0,1.0,300.0,17.755681818181817,0.0,0.0,0.0,0.0,2021,5.0,12.0,0.0,0.0,0.0,0.0,0.0,0.0,0.0,  ,0.0,0.0,0.0,0.0,0.0,0.0,0.0,0.0,0.0,0.0,0.0,0.0,0.0,0.0,PS,0,0,1.0,0.0,0.0,0.0,12.544,0.0,1.0,0.0,0.0,0.0,0.0,0.0,0.0,0.0,0.0,0.0,0.0,0.35,0.0,0.0,0.0,0.9,N ,N ,-66.6968634056452,18.4690563228198,0.0,0.0,0.0,0.0,0.0,0.0,0.0,0.0,0.0,0.0,0.0,0.0,0.0,0.0,0.0,0.0,0.0,0.0,14328.0,battery_li_n_fsu,n,fsu,1,(OP) Operating,1,Battery Storage,,,True,PR100_Tranche1_4h_2028_pr440,pr440,,
battery_li,22.194602272727273,88.7784090909091,4.0,2051,2051,2051,2051,2051,2028,False,,p99004,Puerto Rico,178.0,178.0,1.0,54802.0,CISO ,PR100_Tranche1_4h_2028_pr8,PR100_Tranche1_4h_2028_pr8,Dynegy Moss Landing Power Plant Hybrid,1.0,DST,DS,3.0,0.0,11.0,21.0,21.0,16.0,PR,9.0,16.0,1.0,300.0,22.194602272727273,0.0,0.0,0.0,0.0,2021,5.0,12.0,0.0,0.0,0.0,0.0,0.0,0.0,0.0,  ,0.0,0.0,0.0,0.0,0.0,0.0,0.0,0.0,0.0,0.0,0.0,0.0,0.0,0.0,PS,0,0,1.0,0.0,0.0,0.0,12.544,0.0,1.0,0.0,0.0,0.0,0.0,0.0,0.0,0.0,0.0,0.0,0.0,0.35,0.0,0.0,0.0,0.9,N ,N ,-66.139303974935,17.961056944062,0.0,0.0,0.0,0.0,0.0,0.0,0.0,0.0,0.0,0.0,0.0,0.0,0.0,0.0,0.0,0.0,0.0,0.0,14328.0,battery_li_n_fsu,n,fsu,1,(OP) Operating,1,Battery Storage,,,True,PR100_Tranche1_4h_2028_pr8,pr8,,
battery_li,29.296875,117.1875,4.0,2051,2051,2051,2051,2051,2028,False,,p99115,Puerto Rico,178.0,178.0,1.0,54802.0,CISO ,PR100_Tranche1_4h_2028_pr97014,PR100_Tranche1_4h_2028_pr97014,Dynegy Moss Landing Power Plant Hybrid,1.0,DST,DS,3.0,0.0,11.0,21.0,21.0,16.0,PR,9.0,16.0,1.0,300.0,29.296875,0.0,0.0,0.0,0.0,2021,5.0,12.0,0.0,0.0,0.0,0.0,0.0,0.0,0.0,  ,0.0,0.0,0.0,0.0,0.0,0.0,0.0,0.0,0.0,0.0,0.0,0.0,0.0,0.0,PS,0,0,1.0,0.0,0.0,0.0,12.544,0.0,1.0,0.0,0.0,0.0,0.0,0.0,0.0,0.0,0.0,0.0,0.0,0.35,0.0,0.0,0.0,0.9,N ,N ,-66.23855932079218,17.961615397833075,0.0,0.0,0.0,0.0,0.0,0.0,0.0,0.0,0.0,0.0,0.0,0.0,0.0,0.0,0.0,0.0,0.0,0.0,14328.0,battery_li_n_fsu,n,fsu,1,(OP) Operating,1,Battery Storage,,,True,PR100_Tranche1_4h_2028_pr97014,pr97014,,
battery_li,22.194602272727273,88.7784090909091,4.0,2051,2051,2051,2051,2051,2028,False,,p99118,Puerto Rico,178.0,178.0,1.0,54802.0,CISO ,PR100_Tranche1_4h_2028_pr97064,PR100_Tranche1_4h_2028_pr97064,Dynegy Moss Landing Power Plant Hybrid,1.0,DST,DS,3.0,0.0,11.0,21.0,21.0,16.0,PR,9.0,16.0,1.0,300.0,22.194602272727273,0.0,0.0,0.0,0.0,2021,5.0,12.0,0.0,0.0,0.0,0.0,0.0,0.0,0.0,  ,0.0,0.0,0.0,0.0,0.0,0.0,0.0,0.0,0.0,0.0,0.0,0.0,0.0,0.0,PS,0,0,1.0,0.0,0.0,0.0,12.544,0.0,1.0,0.0,0.0,0.0,0.0,0.0,0.0,0.0,0.0,0.0,0.0,0.35,0.0,0.0,0.0,0.9,N ,N ,-66.40141277730525,18.446222196096137,0.0,0.0,0.0,0.0,0.0,0.0,0.0,0.0,0.0,0.0,0.0,0.0,0.0,0.0,0.0,0.0,0.0,0.0,14328.0,battery_li_n_fsu,n,fsu,1,(OP) Operating,1,Battery Storage,,,True,PR100_Tranche1_4h_2028_pr97064,pr97064,,
battery_li,45.48981629337836,454.8981629337836,10.0,2051,2051,2051,2051,2051,2025,False,,p99035,Puerto Rico,178.0,178.0,1.0,54802.0,CISO ,PR100_RA_10h_2025_pr107,PR100_RA_10h_2025_pr107,Dynegy Moss Landing Power Plant Hybrid,1.0,DST,DS,3.0,0.0,11.0,21.0,21.0,16.0,PR,9.0,16.0,1.0,300.0,45.48981629337836,0.0,0.0,0.0,0.0,2021,5.0,12.0,0.0,0.0,0.0,0.0,0.0,0.0,0.0,  ,0.0,0.0,0.0,0.0,0.0,0.0,0.0,0.0,0.0,0.0,0.0,0.0,0.0,0.0,PS,0,0,1.0,0.0,0.0,0.0,12.544,0.0,1.0,0.0,0.0,0.0,0.0,0.0,0.0,0.0,0.0,0.0,0.0,0.35,0.0,0.0,0.0,0.9,N ,N ,-66.2311584279522,17.9532741471698,0.0,0.0,0.0,0.0,0.0,0.0,0.0,0.0,0.0,0.0,0.0,0.0,0.0,0.0,0.0,0.0,0.0,0.0,14328.0,battery_li_n_fsu,n,fsu,1,(OP) Operating,1,Battery Storage,,,True,PR100_RA_10h_2025_pr107,pr107,,
battery_li,7.8469933106077665,78.46993310607766,10.0,2051,2051,2051,2051,2051,2025,False,,p99037,Puerto Rico,178.0,178.0,1.0,54802.0,CISO ,PR100_RA_10h_2025_pr116,PR100_RA_10h_2025_pr116,Dynegy Moss Landing Power Plant Hybrid,1.0,DST,DS,3.0,0.0,11.0,21.0,21.0,16.0,PR,9.0,16.0,1.0,300.0,7.8469933106077665,0.0,0.0,0.0,0.0,2021,5.0,12.0,0.0,0.0,0.0,0.0,0.0,0.0,0.0,  ,0.0,0.0,0.0,0.0,0.0,0.0,0.0,0.0,0.0,0.0,0.0,0.0,0.0,0.0,PS,0,0,1.0,0.0,0.0,0.0,12.544,0.0,1.0,0.0,0.0,0.0,0.0,0.0,0.0,0.0,0.0,0.0,0.0,0.35,0.0,0.0,0.0,0.9,N ,N ,-67.1360455,18.12868123,0.0,0.0,0.0,0.0,0.0,0.0,0.0,0.0,0.0,0.0,0.0,0.0,0.0,0.0,0.0,0.0,0.0,0.0,14328.0,battery_li_n_fsu,n,fsu,1,(OP) Operating,1,Battery Storage,,,True,PR100_RA_10h_2025_pr116,pr116,,
battery_li,37.90818024448197,379.0818024448197,10.0,2051,2051,2051,2051,2051,2025,False,,p99105,Puerto Rico,178.0,178.0,1.0,54802.0,CISO ,PR100_RA_10h_2025_pr1206,PR100_RA_10h_2025_pr1206,Dynegy Moss Landing Power Plant Hybrid,1.0,DST,DS,3.0,0.0,11.0,21.0,21.0,16.0,PR,9.0,16.0,1.0,300.0,37.90818024448197,0.0,0.0,0.0,0.0,2021,5.0,12.0,0.0,0.0,0.0,0.0,0.0,0.0,0.0,  ,0.0,0.0,0.0,0.0,0.0,0.0,0.0,0.0,0.0,0.0,0.0,0.0,0.0,0.0,PS,0,0,1.0,0.0,0.0,0.0,12.544,0.0,1.0,0.0,0.0,0.0,0.0,0.0,0.0,0.0,0.0,0.0,0.0,0.35,0.0,0.0,0.0,0.9,N ,N ,-65.91415150823626,18.22764836265537,0.0,0.0,0.0,0.0,0.0,0.0,0.0,0.0,0.0,0.0,0.0,0.0,0.0,0.0,0.0,0.0,0.0,0.0,14328.0,battery_li_n_fsu,n,fsu,1,(OP) Operating,1,Battery Storage,,,True,PR100_RA_10h_2025_pr1206,pr1206,,
battery_li,26.83899161309324,268.38991613093236,10.0,2051,2051,2051,2051,2051,2025,False,,p99006,Puerto Rico,178.0,178.0,1.0,54802.0,CISO ,PR100_RA_10h_2025_pr14,PR100_RA_10h_2025_pr14,Dynegy Moss Landing Power Plant Hybrid,1.0,DST,DS,3.0,0.0,11.0,21.0,21.0,16.0,PR,9.0,16.0,1.0,300.0,26.83899161309324,0.0,0.0,0.0,0.0,2021,5.0,12.0,0.0,0.0,0.0,0.0,0.0,0.0,0.0,  ,0.0,0.0,0.0,0.0,0.0,0.0,0.0,0.0,0.0,0.0,0.0,0.0,0.0,0.0,PS,0,0,1.0,0.0,0.0,0.0,12.544,0.0,1.0,0.0,0.0,0.0,0.0,0.0,0.0,0.0,0.0,0.0,0.0,0.35,0.0,0.0,0.0,0.9,N ,N ,-65.82683737768,18.13732480866,0.0,0.0,0.0,0.0,0.0,0.0,0.0,0.0,0.0,0.0,0.0,0.0,0.0,0.0,0.0,0.0,0.0,0.0,14328.0,battery_li_n_fsu,n,fsu,1,(OP) Operating,1,Battery Storage,,,True,PR100_RA_10h_2025_pr14,pr14,,
battery_li,17.058681110016884,170.58681110016886,10.0,2051,2051,2051,2051,2051,2025,False,,p99007,Puerto Rico,178.0,178.0,1.0,54802.0,CISO ,PR100_RA_10h_2025_pr16,PR100_RA_10h_2025_pr16,Dynegy Moss Landing Power Plant Hybrid,1.0,DST,DS,3.0,0.0,11.0,21.0,21.0,16.0,PR,9.0,16.0,1.0,300.0,17.058681110016884,0.0,0.0,0.0,0.0,2021,5.0,12.0,0.0,0.0,0.0,0.0,0.0,0.0,0.0,  ,0.0,0.0,0.0,0.0,0.0,0.0,0.0,0.0,0.0,0.0,0.0,0.0,0.0,0.0,PS,0,0,1.0,0.0,0.0,0.0,12.544,0.0,1.0,0.0,0.0,0.0,0.0,0.0,0.0,0.0,0.0,0.0,0.0,0.35,0.0,0.0,0.0,0.9,N ,N ,-65.7850288247602,18.2429864355861,0.0,0.0,0.0,0.0,0.0,0.0,0.0,0.0,0.0,0.0,0.0,0.0,0.0,0.0,0.0,0.0,0.0,0.0,14328.0,battery_li_n_fsu,n,fsu,1,(OP) Operating,1,Battery Storage,,,True,PR100_RA_10h_2025_pr16,pr16,,
battery_li,22.74490814668918,227.4490814668918,10.0,2051,2051,2051,2051,2051,2025,False,,p99042,Puerto Rico,178.0,178.0,1.0,54802.0,CISO ,PR100_RA_10h_2025_pr167,PR100_RA_10h_2025_pr167,Dynegy Moss Landing Power Plant Hybrid,1.0,DST,DS,3.0,0.0,11.0,21.0,21.0,16.0,PR,9.0,16.0,1.0,300.0,22.74490814668918,0.0,0.0,0.0,0.0,2021,5.0,12.0,0.0,0.0,0.0,0.0,0.0,0.0,0.0,  ,0.0,0.0,0.0,0.0,0.0,0.0,0.0,0.0,0.0,0.0,0.0,0.0,0.0,0.0,PS,0,0,1.0,0.0,0.0,0.0,12.544,0.0,1.0,0.0,0.0,0.0,0.0,0.0,0.0,0.0,0.0,0.0,0.0,0.35,0.0,0.0,0.0,0.9,N ,N ,-66.5905482796362,18.4249383396828,0.0,0.0,0.0,0.0,0.0,0.0,0.0,0.0,0.0,0.0,0.0,0.0,0.0,0.0,0.0,0.0,0.0,0.0,14328.0,battery_li_n_fsu,n,fsu,1,(OP) Operating,1,Battery Storage,,,True,PR100_RA_10h_2025_pr167,pr167,,
battery_li,13.26786308556869,132.6786308556869,10.0,2051,2051,2051,2051,2051,2025,False,,p99043,Puerto Rico,178.0,178.0,1.0,54802.0,CISO ,PR100_RA_10h_2025_pr169,PR100_RA_10h_2025_pr169,Dynegy Moss Landing Power Plant Hybrid,1.0,DST,DS,3.0,0.0,11.0,21.0,21.0,16.0,PR,9.0,16.0,1.0,300.0,13.26786308556869,0.0,0.0,0.0,0.0,2021,5.0,12.0,0.0,0.0,0.0,0.0,0.0,0.0,0.0,  ,0.0,0.0,0.0,0.0,0.0,0.0,0.0,0.0,0.0,0.0,0.0,0.0,0.0,0.0,PS,0,0,1.0,0.0,0.0,0.0,12.544,0.0,1.0,0.0,0.0,0.0,0.0,0.0,0.0,0.0,0.0,0.0,0.0,0.35,0.0,0.0,0.0,0.9,N ,N ,-67.0091432005955,18.0750990243733,0.0,0.0,0.0,0.0,0.0,0.0,0.0,0.0,0.0,0.0,0.0,0.0,0.0,0.0,0.0,0.0,0.0,0.0,14328.0,battery_li_n_fsu,n,fsu,1,(OP) Operating,1,Battery Storage,,,True,PR100_RA_10h_2025_pr169,pr169,,
battery_li,60.653088391171146,606.5308839117115,10.0,2051,2051,2051,2051,2051,2025,False,,p99065,Puerto Rico,178.0,178.0,1.0,54802.0,CISO ,PR100_RA_10h_2025_pr296,PR100_RA_10h_2025_pr296,Dynegy Moss Landing Power Plant Hybrid,1.0,DST,DS,3.0,0.0,11.0,21.0,21.0,16.0,PR,9.0,16.0,1.0,300.0,60.653088391171146,0.0,0.0,0.0,0.0,2021,5.0,12.0,0.0,0.0,0.0,0.0,0.0,0.0,0.0,  ,0.0,0.0,0.0,0.0,0.0,0.0,0.0,0.0,0.0,0.0,0.0,0.0,0.0,0.0,PS,0,0,1.0,0.0,0.0,0.0,12.544,0.0,1.0,0.0,0.0,0.0,0.0,0.0,0.0,0.0,0.0,0.0,0.0,0.35,0.0,0.0,0.0,0.9,N ,N ,-66.36966581,18.02198247,0.0,0.0,0.0,0.0,0.0,0.0,0.0,0.0,0.0,0.0,0.0,0.0,0.0,0.0,0.0,0.0,0.0,0.0,14328.0,battery_li_n_fsu,n,fsu,1,(OP) Operating,1,Battery Storage,,,True,PR100_RA_10h_2025_pr296,pr296,,
battery_li,30.440268736319016,304.4026873631902,10.0,2051,2051,2051,2051,2051,2025,False,,p99069,Puerto Rico,178.0,178.0,1.0,54802.0,CISO ,PR100_RA_10h_2025_pr321,PR100_RA_10h_2025_pr321,Dynegy Moss Landing Power Plant Hybrid,1.0,DST,DS,3.0,0.0,11.0,21.0,21.0,16.0,PR,9.0,16.0,1.0,300.0,30.440268736319016,0.0,0.0,0.0,0.0,2021,5.0,12.0,0.0,0.0,0.0,0.0,0.0,0.0,0.0,  ,0.0,0.0,0.0,0.0,0.0,0.0,0.0,0.0,0.0,0.0,0.0,0.0,0.0,0.0,PS,0,0,1.0,0.0,0.0,0.0,12.544,0.0,1.0,0.0,0.0,0.0,0.0,0.0,0.0,0.0,0.0,0.0,0.0,0.35,0.0,0.0,0.0,0.9,N ,N ,-66.149463495378,17.9474467239165,0.0,0.0,0.0,0.0,0.0,0.0,0.0,0.0,0.0,0.0,0.0,0.0,0.0,0.0,0.0,0.0,0.0,0.0,14328.0,battery_li_n_fsu,n,fsu,1,(OP) Operating,1,Battery Storage,,,True,PR100_RA_10h_2025_pr321,pr321,,
battery_li,9.477045061120492,94.77045061120492,10.0,2051,2051,2051,2051,2051,2025,False,,p99016,Puerto Rico,178.0,178.0,1.0,54802.0,CISO ,PR100_RA_10h_2025_pr41,PR100_RA_10h_2025_pr41,Dynegy Moss Landing Power Plant Hybrid,1.0,DST,DS,3.0,0.0,11.0,21.0,21.0,16.0,PR,9.0,16.0,1.0,300.0,9.477045061120492,0.0,0.0,0.0,0.0,2021,5.0,12.0,0.0,0.0,0.0,0.0,0.0,0.0,0.0,  ,0.0,0.0,0.0,0.0,0.0,0.0,0.0,0.0,0.0,0.0,0.0,0.0,0.0,0.0,PS,0,0,1.0,0.0,0.0,0.0,12.544,0.0,1.0,0.0,0.0,0.0,0.0,0.0,0.0,0.0,0.0,0.0,0.0,0.35,0.0,0.0,0.0,0.9,N ,N ,-66.3914685076281,18.4458787165834,0.0,0.0,0.0,0.0,0.0,0.0,0.0,0.0,0.0,0.0,0.0,0.0,0.0,0.0,0.0,0.0,0.0,0.0,14328.0,battery_li_n_fsu,n,fsu,1,(OP) Operating,1,Battery Storage,,,True,PR100_RA_10h_2025_pr41,pr41,,
battery_li,9.477045061120492,94.77045061120492,10.0,2051,2051,2051,2051,2051,2025,False,,p99079,Puerto Rico,178.0,178.0,1.0,54802.0,CISO ,PR100_RA_10h_2025_pr428,PR100_RA_10h_2025_pr428,Dynegy Moss Landing Power Plant Hybrid,1.0,DST,DS,3.0,0.0,11.0,21.0,21.0,16.0,PR,9.0,16.0,1.0,300.0,9.477045061120492,0.0,0.0,0.0,0.0,2021,5.0,12.0,0.0,0.0,0.0,0.0,0.0,0.0,0.0,  ,0.0,0.0,0.0,0.0,0.0,0.0,0.0,0.0,0.0,0.0,0.0,0.0,0.0,0.0,PS,0,0,1.0,0.0,0.0,0.0,12.544,0.0,1.0,0.0,0.0,0.0,0.0,0.0,0.0,0.0,0.0,0.0,0.0,0.35,0.0,0.0,0.0,0.9,N ,N ,-67.1513062922523,18.2327569503965,0.0,0.0,0.0,0.0,0.0,0.0,0.0,0.0,0.0,0.0,0.0,0.0,0.0,0.0,0.0,0.0,0.0,0.0,14328.0,battery_li_n_fsu,n,fsu,1,(OP) Operating,1,Battery Storage,,,True,PR100_RA_10h_2025_pr428,pr428,,
battery_li,7.581636048896393,75.81636048896394,10.0,2051,2051,2051,2051,2051,2025,False,,p99080,Puerto Rico,178.0,178.0,1.0,54802.0,CISO ,PR100_RA_10h_2025_pr440,PR100_RA_10h_2025_pr440,Dynegy Moss Landing Power Plant Hybrid,1.0,DST,DS,3.0,0.0,11.0,21.0,21.0,16.0,PR,9.0,16.0,1.0,300.0,7.581636048896393,0.0,0.0,0.0,0.0,2021,5.0,12.0,0.0,0.0,0.0,0.0,0.0,0.0,0.0,  ,0.0,0.0,0.0,0.0,0.0,0.0,0.0,0.0,0.0,0.0,0.0,0.0,0.0,0.0,PS,0,0,1.0,0.0,0.0,0.0,12.544,0.0,1.0,0.0,0.0,0.0,0.0,0.0,0.0,0.0,0.0,0.0,0.0,0.35,0.0,0.0,0.0,0.9,N ,N ,-66.6968634056452,18.4690563228198,0.0,0.0,0.0,0.0,0.0,0.0,0.0,0.0,0.0,0.0,0.0,0.0,0.0,0.0,0.0,0.0,0.0,0.0,14328.0,battery_li_n_fsu,n,fsu,1,(OP) Operating,1,Battery Storage,,,True,PR100_RA_10h_2025_pr440,pr440,,
battery_li,9.477045061120492,94.77045061120492,10.0,2051,2051,2051,2051,2051,2025,False,,p99004,Puerto Rico,178.0,178.0,1.0,54802.0,CISO ,PR100_RA_10h_2025_pr8,PR100_RA_10h_2025_pr8,Dynegy Moss Landing Power Plant Hybrid,1.0,DST,DS,3.0,0.0,11.0,21.0,21.0,16.0,PR,9.0,16.0,1.0,300.0,9.477045061120492,0.0,0.0,0.0,0.0,2021,5.0,12.0,0.0,0.0,0.0,0.0,0.0,0.0,0.0,  ,0.0,0.0,0.0,0.0,0.0,0.0,0.0,0.0,0.0,0.0,0.0,0.0,0.0,0.0,PS,0,0,1.0,0.0,0.0,0.0,12.544,0.0,1.0,0.0,0.0,0.0,0.0,0.0,0.0,0.0,0.0,0.0,0.0,0.35,0.0,0.0,0.0,0.9,N ,N ,-66.139303974935,17.961056944062,0.0,0.0,0.0,0.0,0.0,0.0,0.0,0.0,0.0,0.0,0.0,0.0,0.0,0.0,0.0,0.0,0.0,0.0,14328.0,battery_li_n_fsu,n,fsu,1,(OP) Operating,1,Battery Storage,,,True,PR100_RA_10h_2025_pr8,pr8,,
battery_li,12.509699480679048,125.09699480679048,10.0,2051,2051,2051,2051,2051,2025,False,,p99115,Puerto Rico,178.0,178.0,1.0,54802.0,CISO ,PR100_RA_10h_2025_pr97014,PR100_RA_10h_2025_pr97014,Dynegy Moss Landing Power Plant Hybrid,1.0,DST,DS,3.0,0.0,11.0,21.0,21.0,16.0,PR,9.0,16.0,1.0,300.0,12.509699480679048,0.0,0.0,0.0,0.0,2021,5.0,12.0,0.0,0.0,0.0,0.0,0.0,0.0,0.0,  ,0.0,0.0,0.0,0.0,0.0,0.0,0.0,0.0,0.0,0.0,0.0,0.0,0.0,0.0,PS,0,0,1.0,0.0,0.0,0.0,12.544,0.0,1.0,0.0,0.0,0.0,0.0,0.0,0.0,0.0,0.0,0.0,0.0,0.35,0.0,0.0,0.0,0.9,N ,N ,-66.23855932079218,17.961615397833075,0.0,0.0,0.0,0.0,0.0,0.0,0.0,0.0,0.0,0.0,0.0,0.0,0.0,0.0,0.0,0.0,0.0,0.0,14328.0,battery_li_n_fsu,n,fsu,1,(OP) Operating,1,Battery Storage,,,True,PR100_RA_10h_2025_pr97014,pr97014,,
battery_li,9.477045061120492,94.77045061120492,10.0,2051,2051,2051,2051,2051,2025,False,,p99118,Puerto Rico,178.0,178.0,1.0,54802.0,CISO ,PR100_RA_10h_2025_pr97064,PR100_RA_10h_2025_pr97064,Dynegy Moss Landing Power Plant Hybrid,1.0,DST,DS,3.0,0.0,11.0,21.0,21.0,16.0,PR,9.0,16.0,1.0,300.0,9.477045061120492,0.0,0.0,0.0,0.0,2021,5.0,12.0,0.0,0.0,0.0,0.0,0.0,0.0,0.0,  ,0.0,0.0,0.0,0.0,0.0,0.0,0.0,0.0,0.0,0.0,0.0,0.0,0.0,0.0,PS,0,0,1.0,0.0,0.0,0.0,12.544,0.0,1.0,0.0,0.0,0.0,0.0,0.0,0.0,0.0,0.0,0.0,0.0,0.35,0.0,0.0,0.0,0.9,N ,N ,-66.40141277730525,18.446222196096137,0.0,0.0,0.0,0.0,0.0,0.0,0.0,0.0,0.0,0.0,0.0,0.0,0.0,0.0,0.0,0.0,0.0,0.0,14328.0,battery_li_n_fsu,n,fsu,1,(OP) Operating,1,Battery Storage,,,True,PR100_RA_10h_2025_pr97064,pr97064,,
battery_li,14.204545454545464,142.04545454545465,10.0,2051,2051,2051,2051,2051,2030,False,,p99035,Puerto Rico,178.0,178.0,1.0,54802.0,CISO ,PR100_RA_10h_2030_pr107,PR100_RA_10h_2030_pr107,Dynegy Moss Landing Power Plant Hybrid,1.0,DST,DS,3.0,0.0,11.0,21.0,21.0,16.0,PR,9.0,16.0,1.0,300.0,14.204545454545464,0.0,0.0,0.0,0.0,2021,5.0,12.0,0.0,0.0,0.0,0.0,0.0,0.0,0.0,  ,0.0,0.0,0.0,0.0,0.0,0.0,0.0,0.0,0.0,0.0,0.0,0.0,0.0,0.0,PS,0,0,1.0,0.0,0.0,0.0,12.544,0.0,1.0,0.0,0.0,0.0,0.0,0.0,0.0,0.0,0.0,0.0,0.0,0.35,0.0,0.0,0.0,0.9,N ,N ,-66.2311584279522,17.9532741471698,0.0,0.0,0.0,0.0,0.0,0.0,0.0,0.0,0.0,0.0,0.0,0.0,0.0,0.0,0.0,0.0,0.0,0.0,14328.0,battery_li_n_fsu,n,fsu,1,(OP) Operating,1,Battery Storage,,,True,PR100_RA_10h_2030_pr107,pr107,,
battery_li,2.450284090909092,24.50284090909092,10.0,2051,2051,2051,2051,2051,2030,False,,p99037,Puerto Rico,178.0,178.0,1.0,54802.0,CISO ,PR100_RA_10h_2030_pr116,PR100_RA_10h_2030_pr116,Dynegy Moss Landing Power Plant Hybrid,1.0,DST,DS,3.0,0.0,11.0,21.0,21.0,16.0,PR,9.0,16.0,1.0,300.0,2.450284090909092,0.0,0.0,0.0,0.0,2021,5.0,12.0,0.0,0.0,0.0,0.0,0.0,0.0,0.0,  ,0.0,0.0,0.0,0.0,0.0,0.0,0.0,0.0,0.0,0.0,0.0,0.0,0.0,0.0,PS,0,0,1.0,0.0,0.0,0.0,12.544,0.0,1.0,0.0,0.0,0.0,0.0,0.0,0.0,0.0,0.0,0.0,0.0,0.35,0.0,0.0,0.0,0.9,N ,N ,-67.1360455,18.12868123,0.0,0.0,0.0,0.0,0.0,0.0,0.0,0.0,0.0,0.0,0.0,0.0,0.0,0.0,0.0,0.0,0.0,0.0,14328.0,battery_li_n_fsu,n,fsu,1,(OP) Operating,1,Battery Storage,,,True,PR100_RA_10h_2030_pr116,pr116,,
battery_li,11.83712121212122,118.3712121212122,10.0,2051,2051,2051,2051,2051,2030,False,,p99105,Puerto Rico,178.0,178.0,1.0,54802.0,CISO ,PR100_RA_10h_2030_pr1206,PR100_RA_10h_2030_pr1206,Dynegy Moss Landing Power Plant Hybrid,1.0,DST,DS,3.0,0.0,11.0,21.0,21.0,16.0,PR,9.0,16.0,1.0,300.0,11.83712121212122,0.0,0.0,0.0,0.0,2021,5.0,12.0,0.0,0.0,0.0,0.0,0.0,0.0,0.0,  ,0.0,0.0,0.0,0.0,0.0,0.0,0.0,0.0,0.0,0.0,0.0,0.0,0.0,0.0,PS,0,0,1.0,0.0,0.0,0.0,12.544,0.0,1.0,0.0,0.0,0.0,0.0,0.0,0.0,0.0,0.0,0.0,0.0,0.35,0.0,0.0,0.0,0.9,N ,N ,-65.91415150823626,18.22764836265537,0.0,0.0,0.0,0.0,0.0,0.0,0.0,0.0,0.0,0.0,0.0,0.0,0.0,0.0,0.0,0.0,0.0,0.0,14328.0,battery_li_n_fsu,n,fsu,1,(OP) Operating,1,Battery Storage,,,True,PR100_RA_10h_2030_pr1206,pr1206,,
battery_li,8.380681818181825,83.80681818181826,10.0,2051,2051,2051,2051,2051,2030,False,,p99006,Puerto Rico,178.0,178.0,1.0,54802.0,CISO ,PR100_RA_10h_2030_pr14,PR100_RA_10h_2030_pr14,Dynegy Moss Landing Power Plant Hybrid,1.0,DST,DS,3.0,0.0,11.0,21.0,21.0,16.0,PR,9.0,16.0,1.0,300.0,8.380681818181825,0.0,0.0,0.0,0.0,2021,5.0,12.0,0.0,0.0,0.0,0.0,0.0,0.0,0.0,  ,0.0,0.0,0.0,0.0,0.0,0.0,0.0,0.0,0.0,0.0,0.0,0.0,0.0,0.0,PS,0,0,1.0,0.0,0.0,0.0,12.544,0.0,1.0,0.0,0.0,0.0,0.0,0.0,0.0,0.0,0.0,0.0,0.0,0.35,0.0,0.0,0.0,0.9,N ,N ,-65.82683737768,18.13732480866,0.0,0.0,0.0,0.0,0.0,0.0,0.0,0.0,0.0,0.0,0.0,0.0,0.0,0.0,0.0,0.0,0.0,0.0,14328.0,battery_li_n_fsu,n,fsu,1,(OP) Operating,1,Battery Storage,,,True,PR100_RA_10h_2030_pr14,pr14,,
battery_li,5.3267045454545485,53.26704545454548,10.0,2051,2051,2051,2051,2051,2030,False,,p99007,Puerto Rico,178.0,178.0,1.0,54802.0,CISO ,PR100_RA_10h_2030_pr16,PR100_RA_10h_2030_pr16,Dynegy Moss Landing Power Plant Hybrid,1.0,DST,DS,3.0,0.0,11.0,21.0,21.0,16.0,PR,9.0,16.0,1.0,300.0,5.3267045454545485,0.0,0.0,0.0,0.0,2021,5.0,12.0,0.0,0.0,0.0,0.0,0.0,0.0,0.0,  ,0.0,0.0,0.0,0.0,0.0,0.0,0.0,0.0,0.0,0.0,0.0,0.0,0.0,0.0,PS,0,0,1.0,0.0,0.0,0.0,12.544,0.0,1.0,0.0,0.0,0.0,0.0,0.0,0.0,0.0,0.0,0.0,0.0,0.35,0.0,0.0,0.0,0.9,N ,N ,-65.7850288247602,18.2429864355861,0.0,0.0,0.0,0.0,0.0,0.0,0.0,0.0,0.0,0.0,0.0,0.0,0.0,0.0,0.0,0.0,0.0,0.0,14328.0,battery_li_n_fsu,n,fsu,1,(OP) Operating,1,Battery Storage,,,True,PR100_RA_10h_2030_pr16,pr16,,
battery_li,7.102272727272732,71.02272727272732,10.0,2051,2051,2051,2051,2051,2030,False,,p99042,Puerto Rico,178.0,178.0,1.0,54802.0,CISO ,PR100_RA_10h_2030_pr167,PR100_RA_10h_2030_pr167,Dynegy Moss Landing Power Plant Hybrid,1.0,DST,DS,3.0,0.0,11.0,21.0,21.0,16.0,PR,9.0,16.0,1.0,300.0,7.102272727272732,0.0,0.0,0.0,0.0,2021,5.0,12.0,0.0,0.0,0.0,0.0,0.0,0.0,0.0,  ,0.0,0.0,0.0,0.0,0.0,0.0,0.0,0.0,0.0,0.0,0.0,0.0,0.0,0.0,PS,0,0,1.0,0.0,0.0,0.0,12.544,0.0,1.0,0.0,0.0,0.0,0.0,0.0,0.0,0.0,0.0,0.0,0.0,0.35,0.0,0.0,0.0,0.9,N ,N ,-66.5905482796362,18.4249383396828,0.0,0.0,0.0,0.0,0.0,0.0,0.0,0.0,0.0,0.0,0.0,0.0,0.0,0.0,0.0,0.0,0.0,0.0,14328.0,battery_li_n_fsu,n,fsu,1,(OP) Operating,1,Battery Storage,,,True,PR100_RA_10h_2030_pr167,pr167,,
battery_li,4.142992424242427,41.42992424242428,10.0,2051,2051,2051,2051,2051,2030,False,,p99043,Puerto Rico,178.0,178.0,1.0,54802.0,CISO ,PR100_RA_10h_2030_pr169,PR100_RA_10h_2030_pr169,Dynegy Moss Landing Power Plant Hybrid,1.0,DST,DS,3.0,0.0,11.0,21.0,21.0,16.0,PR,9.0,16.0,1.0,300.0,4.142992424242427,0.0,0.0,0.0,0.0,2021,5.0,12.0,0.0,0.0,0.0,0.0,0.0,0.0,0.0,  ,0.0,0.0,0.0,0.0,0.0,0.0,0.0,0.0,0.0,0.0,0.0,0.0,0.0,0.0,PS,0,0,1.0,0.0,0.0,0.0,12.544,0.0,1.0,0.0,0.0,0.0,0.0,0.0,0.0,0.0,0.0,0.0,0.0,0.35,0.0,0.0,0.0,0.9,N ,N ,-67.0091432005955,18.0750990243733,0.0,0.0,0.0,0.0,0.0,0.0,0.0,0.0,0.0,0.0,0.0,0.0,0.0,0.0,0.0,0.0,0.0,0.0,14328.0,battery_li_n_fsu,n,fsu,1,(OP) Operating,1,Battery Storage,,,True,PR100_RA_10h_2030_pr169,pr169,,
battery_li,18.93939393939395,189.3939393939395,10.0,2051,2051,2051,2051,2051,2030,False,,p99065,Puerto Rico,178.0,178.0,1.0,54802.0,CISO ,PR100_RA_10h_2030_pr296,PR100_RA_10h_2030_pr296,Dynegy Moss Landing Power Plant Hybrid,1.0,DST,DS,3.0,0.0,11.0,21.0,21.0,16.0,PR,9.0,16.0,1.0,300.0,18.93939393939395,0.0,0.0,0.0,0.0,2021,5.0,12.0,0.0,0.0,0.0,0.0,0.0,0.0,0.0,  ,0.0,0.0,0.0,0.0,0.0,0.0,0.0,0.0,0.0,0.0,0.0,0.0,0.0,0.0,PS,0,0,1.0,0.0,0.0,0.0,12.544,0.0,1.0,0.0,0.0,0.0,0.0,0.0,0.0,0.0,0.0,0.0,0.0,0.35,0.0,0.0,0.0,0.9,N ,N ,-66.36966581,18.02198247,0.0,0.0,0.0,0.0,0.0,0.0,0.0,0.0,0.0,0.0,0.0,0.0,0.0,0.0,0.0,0.0,0.0,0.0,14328.0,battery_li_n_fsu,n,fsu,1,(OP) Operating,1,Battery Storage,,,True,PR100_RA_10h_2030_pr296,pr296,,
battery_li,9.505208333333337,95.05208333333337,10.0,2051,2051,2051,2051,2051,2030,False,,p99069,Puerto Rico,178.0,178.0,1.0,54802.0,CISO ,PR100_RA_10h_2030_pr321,PR100_RA_10h_2030_pr321,Dynegy Moss Landing Power Plant Hybrid,1.0,DST,DS,3.0,0.0,11.0,21.0,21.0,16.0,PR,9.0,16.0,1.0,300.0,9.505208333333337,0.0,0.0,0.0,0.0,2021,5.0,12.0,0.0,0.0,0.0,0.0,0.0,0.0,0.0,  ,0.0,0.0,0.0,0.0,0.0,0.0,0.0,0.0,0.0,0.0,0.0,0.0,0.0,0.0,PS,0,0,1.0,0.0,0.0,0.0,12.544,0.0,1.0,0.0,0.0,0.0,0.0,0.0,0.0,0.0,0.0,0.0,0.0,0.35,0.0,0.0,0.0,0.9,N ,N ,-66.149463495378,17.9474467239165,0.0,0.0,0.0,0.0,0.0,0.0,0.0,0.0,0.0,0.0,0.0,0.0,0.0,0.0,0.0,0.0,0.0,0.0,14328.0,battery_li_n_fsu,n,fsu,1,(OP) Operating,1,Battery Storage,,,True,PR100_RA_10h_2030_pr321,pr321,,
battery_li,2.959280303030305,29.59280303030305,10.0,2051,2051,2051,2051,2051,2030,False,,p99016,Puerto Rico,178.0,178.0,1.0,54802.0,CISO ,PR100_RA_10h_2030_pr41,PR100_RA_10h_2030_pr41,Dynegy Moss Landing Power Plant Hybrid,1.0,DST,DS,3.0,0.0,11.0,21.0,21.0,16.0,PR,9.0,16.0,1.0,300.0,2.959280303030305,0.0,0.0,0.0,0.0,2021,5.0,12.0,0.0,0.0,0.0,0.0,0.0,0.0,0.0,  ,0.0,0.0,0.0,0.0,0.0,0.0,0.0,0.0,0.0,0.0,0.0,0.0,0.0,0.0,PS,0,0,1.0,0.0,0.0,0.0,12.544,0.0,1.0,0.0,0.0,0.0,0.0,0.0,0.0,0.0,0.0,0.0,0.0,0.35,0.0,0.0,0.0,0.9,N ,N ,-66.3914685076281,18.4458787165834,0.0,0.0,0.0,0.0,0.0,0.0,0.0,0.0,0.0,0.0,0.0,0.0,0.0,0.0,0.0,0.0,0.0,0.0,14328.0,battery_li_n_fsu,n,fsu,1,(OP) Operating,1,Battery Storage,,,True,PR100_RA_10h_2030_pr41,pr41,,
battery_li,2.959280303030305,29.59280303030305,10.0,2051,2051,2051,2051,2051,2030,False,,p99079,Puerto Rico,178.0,178.0,1.0,54802.0,CISO ,PR100_RA_10h_2030_pr428,PR100_RA_10h_2030_pr428,Dynegy Moss Landing Power Plant Hybrid,1.0,DST,DS,3.0,0.0,11.0,21.0,21.0,16.0,PR,9.0,16.0,1.0,300.0,2.959280303030305,0.0,0.0,0.0,0.0,2021,5.0,12.0,0.0,0.0,0.0,0.0,0.0,0.0,0.0,  ,0.0,0.0,0.0,0.0,0.0,0.0,0.0,0.0,0.0,0.0,0.0,0.0,0.0,0.0,PS,0,0,1.0,0.0,0.0,0.0,12.544,0.0,1.0,0.0,0.0,0.0,0.0,0.0,0.0,0.0,0.0,0.0,0.0,0.35,0.0,0.0,0.0,0.9,N ,N ,-67.1513062922523,18.2327569503965,0.0,0.0,0.0,0.0,0.0,0.0,0.0,0.0,0.0,0.0,0.0,0.0,0.0,0.0,0.0,0.0,0.0,0.0,14328.0,battery_li_n_fsu,n,fsu,1,(OP) Operating,1,Battery Storage,,,True,PR100_RA_10h_2030_pr428,pr428,,
battery_li,2.3674242424242435,23.674242424242436,10.0,2051,2051,2051,2051,2051,2030,False,,p99080,Puerto Rico,178.0,178.0,1.0,54802.0,CISO ,PR100_RA_10h_2030_pr440,PR100_RA_10h_2030_pr440,Dynegy Moss Landing Power Plant Hybrid,1.0,DST,DS,3.0,0.0,11.0,21.0,21.0,16.0,PR,9.0,16.0,1.0,300.0,2.3674242424242435,0.0,0.0,0.0,0.0,2021,5.0,12.0,0.0,0.0,0.0,0.0,0.0,0.0,0.0,  ,0.0,0.0,0.0,0.0,0.0,0.0,0.0,0.0,0.0,0.0,0.0,0.0,0.0,0.0,PS,0,0,1.0,0.0,0.0,0.0,12.544,0.0,1.0,0.0,0.0,0.0,0.0,0.0,0.0,0.0,0.0,0.0,0.0,0.35,0.0,0.0,0.0,0.9,N ,N ,-66.6968634056452,18.4690563228198,0.0,0.0,0.0,0.0,0.0,0.0,0.0,0.0,0.0,0.0,0.0,0.0,0.0,0.0,0.0,0.0,0.0,0.0,14328.0,battery_li_n_fsu,n,fsu,1,(OP) Operating,1,Battery Storage,,,True,PR100_RA_10h_2030_pr440,pr440,,
battery_li,2.959280303030305,29.59280303030305,10.0,2051,2051,2051,2051,2051,2030,False,,p99004,Puerto Rico,178.0,178.0,1.0,54802.0,CISO ,PR100_RA_10h_2030_pr8,PR100_RA_10h_2030_pr8,Dynegy Moss Landing Power Plant Hybrid,1.0,DST,DS,3.0,0.0,11.0,21.0,21.0,16.0,PR,9.0,16.0,1.0,300.0,2.959280303030305,0.0,0.0,0.0,0.0,2021,5.0,12.0,0.0,0.0,0.0,0.0,0.0,0.0,0.0,  ,0.0,0.0,0.0,0.0,0.0,0.0,0.0,0.0,0.0,0.0,0.0,0.0,0.0,0.0,PS,0,0,1.0,0.0,0.0,0.0,12.544,0.0,1.0,0.0,0.0,0.0,0.0,0.0,0.0,0.0,0.0,0.0,0.0,0.35,0.0,0.0,0.0,0.9,N ,N ,-66.139303974935,17.961056944062,0.0,0.0,0.0,0.0,0.0,0.0,0.0,0.0,0.0,0.0,0.0,0.0,0.0,0.0,0.0,0.0,0.0,0.0,14328.0,battery_li_n_fsu,n,fsu,1,(OP) Operating,1,Battery Storage,,,True,PR100_RA_10h_2030_pr8,pr8,,
battery_li,3.906250000000002,39.06250000000002,10.0,2051,2051,2051,2051,2051,2030,False,,p99115,Puerto Rico,178.0,178.0,1.0,54802.0,CISO ,PR100_RA_10h_2030_pr97014,PR100_RA_10h_2030_pr97014,Dynegy Moss Landing Power Plant Hybrid,1.0,DST,DS,3.0,0.0,11.0,21.0,21.0,16.0,PR,9.0,16.0,1.0,300.0,3.906250000000002,0.0,0.0,0.0,0.0,2021,5.0,12.0,0.0,0.0,0.0,0.0,0.0,0.0,0.0,  ,0.0,0.0,0.0,0.0,0.0,0.0,0.0,0.0,0.0,0.0,0.0,0.0,0.0,0.0,PS,0,0,1.0,0.0,0.0,0.0,12.544,0.0,1.0,0.0,0.0,0.0,0.0,0.0,0.0,0.0,0.0,0.0,0.0,0.35,0.0,0.0,0.0,0.9,N ,N ,-66.23855932079218,17.961615397833075,0.0,0.0,0.0,0.0,0.0,0.0,0.0,0.0,0.0,0.0,0.0,0.0,0.0,0.0,0.0,0.0,0.0,0.0,14328.0,battery_li_n_fsu,n,fsu,1,(OP) Operating,1,Battery Storage,,,True,PR100_RA_10h_2030_pr97014,pr97014,,
battery_li,2.959280303030305,29.59280303030305,10.0,2051,2051,2051,2051,2051,2030,False,,p99118,Puerto Rico,178.0,178.0,1.0,54802.0,CISO ,PR100_RA_10h_2030_pr97064,PR100_RA_10h_2030_pr97064,Dynegy Moss Landing Power Plant Hybrid,1.0,DST,DS,3.0,0.0,11.0,21.0,21.0,16.0,PR,9.0,16.0,1.0,300.0,2.959280303030305,0.0,0.0,0.0,0.0,2021,5.0,12.0,0.0,0.0,0.0,0.0,0.0,0.0,0.0,  ,0.0,0.0,0.0,0.0,0.0,0.0,0.0,0.0,0.0,0.0,0.0,0.0,0.0,0.0,PS,0,0,1.0,0.0,0.0,0.0,12.544,0.0,1.0,0.0,0.0,0.0,0.0,0.0,0.0,0.0,0.0,0.0,0.0,0.35,0.0,0.0,0.0,0.9,N ,N ,-66.40141277730525,18.446222196096137,0.0,0.0,0.0,0.0,0.0,0.0,0.0,0.0,0.0,0.0,0.0,0.0,0.0,0.0,0.0,0.0,0.0,0.0,14328.0,battery_li_n_fsu,n,fsu,1,(OP) Operating,1,Battery Storage,,,True,PR100_RA_10h_2030_pr97064,pr97064,,
battery_li,7.3474117534036205,73.47411753403621,10.0,2051,2051,2051,2051,2051,2045,False,,p99035,Puerto Rico,178.0,178.0,1.0,54802.0,CISO ,PR100_RA_10h_2045_pr107,PR100_RA_10h_2045_pr107,Dynegy Moss Landing Power Plant Hybrid,1.0,DST,DS,3.0,0.0,11.0,21.0,21.0,16.0,PR,9.0,16.0,1.0,300.0,7.3474117534036205,0.0,0.0,0.0,0.0,2021,5.0,12.0,0.0,0.0,0.0,0.0,0.0,0.0,0.0,  ,0.0,0.0,0.0,0.0,0.0,0.0,0.0,0.0,0.0,0.0,0.0,0.0,0.0,0.0,PS,0,0,1.0,0.0,0.0,0.0,12.544,0.0,1.0,0.0,0.0,0.0,0.0,0.0,0.0,0.0,0.0,0.0,0.0,0.35,0.0,0.0,0.0,0.9,N ,N ,-66.2311584279522,17.9532741471698,0.0,0.0,0.0,0.0,0.0,0.0,0.0,0.0,0.0,0.0,0.0,0.0,0.0,0.0,0.0,0.0,0.0,0.0,14328.0,battery_li_n_fsu,n,fsu,1,(OP) Operating,1,Battery Storage,,,True,PR100_RA_10h_2045_pr107,pr107,,
battery_li,1.2674285274621244,12.674285274621244,10.0,2051,2051,2051,2051,2051,2045,False,,p99037,Puerto Rico,178.0,178.0,1.0,54802.0,CISO ,PR100_RA_10h_2045_pr116,PR100_RA_10h_2045_pr116,Dynegy Moss Landing Power Plant Hybrid,1.0,DST,DS,3.0,0.0,11.0,21.0,21.0,16.0,PR,9.0,16.0,1.0,300.0,1.2674285274621244,0.0,0.0,0.0,0.0,2021,5.0,12.0,0.0,0.0,0.0,0.0,0.0,0.0,0.0,  ,0.0,0.0,0.0,0.0,0.0,0.0,0.0,0.0,0.0,0.0,0.0,0.0,0.0,0.0,PS,0,0,1.0,0.0,0.0,0.0,12.544,0.0,1.0,0.0,0.0,0.0,0.0,0.0,0.0,0.0,0.0,0.0,0.0,0.35,0.0,0.0,0.0,0.9,N ,N ,-67.1360455,18.12868123,0.0,0.0,0.0,0.0,0.0,0.0,0.0,0.0,0.0,0.0,0.0,0.0,0.0,0.0,0.0,0.0,0.0,0.0,14328.0,battery_li_n_fsu,n,fsu,1,(OP) Operating,1,Battery Storage,,,True,PR100_RA_10h_2045_pr116,pr116,,
battery_li,6.12284312783635,61.2284312783635,10.0,2051,2051,2051,2051,2051,2045,False,,p99105,Puerto Rico,178.0,178.0,1.0,54802.0,CISO ,PR100_RA_10h_2045_pr1206,PR100_RA_10h_2045_pr1206,Dynegy Moss Landing Power Plant Hybrid,1.0,DST,DS,3.0,0.0,11.0,21.0,21.0,16.0,PR,9.0,16.0,1.0,300.0,6.12284312783635,0.0,0.0,0.0,0.0,2021,5.0,12.0,0.0,0.0,0.0,0.0,0.0,0.0,0.0,  ,0.0,0.0,0.0,0.0,0.0,0.0,0.0,0.0,0.0,0.0,0.0,0.0,0.0,0.0,PS,0,0,1.0,0.0,0.0,0.0,12.544,0.0,1.0,0.0,0.0,0.0,0.0,0.0,0.0,0.0,0.0,0.0,0.0,0.35,0.0,0.0,0.0,0.9,N ,N ,-65.91415150823626,18.22764836265537,0.0,0.0,0.0,0.0,0.0,0.0,0.0,0.0,0.0,0.0,0.0,0.0,0.0,0.0,0.0,0.0,0.0,0.0,14328.0,battery_li_n_fsu,n,fsu,1,(OP) Operating,1,Battery Storage,,,True,PR100_RA_10h_2045_pr1206,pr1206,,
battery_li,4.334972934508137,43.34972934508137,10.0,2051,2051,2051,2051,2051,2045,False,,p99006,Puerto Rico,178.0,178.0,1.0,54802.0,CISO ,PR100_RA_10h_2045_pr14,PR100_RA_10h_2045_pr14,Dynegy Moss Landing Power Plant Hybrid,1.0,DST,DS,3.0,0.0,11.0,21.0,21.0,16.0,PR,9.0,16.0,1.0,300.0,4.334972934508137,0.0,0.0,0.0,0.0,2021,5.0,12.0,0.0,0.0,0.0,0.0,0.0,0.0,0.0,  ,0.0,0.0,0.0,0.0,0.0,0.0,0.0,0.0,0.0,0.0,0.0,0.0,0.0,0.0,PS,0,0,1.0,0.0,0.0,0.0,12.544,0.0,1.0,0.0,0.0,0.0,0.0,0.0,0.0,0.0,0.0,0.0,0.0,0.35,0.0,0.0,0.0,0.9,N ,N ,-65.82683737768,18.13732480866,0.0,0.0,0.0,0.0,0.0,0.0,0.0,0.0,0.0,0.0,0.0,0.0,0.0,0.0,0.0,0.0,0.0,0.0,14328.0,battery_li_n_fsu,n,fsu,1,(OP) Operating,1,Battery Storage,,,True,PR100_RA_10h_2045_pr14,pr14,,
battery_li,2.7552794075263574,27.552794075263574,10.0,2051,2051,2051,2051,2051,2045,False,,p99007,Puerto Rico,178.0,178.0,1.0,54802.0,CISO ,PR100_RA_10h_2045_pr16,PR100_RA_10h_2045_pr16,Dynegy Moss Landing Power Plant Hybrid,1.0,DST,DS,3.0,0.0,11.0,21.0,21.0,16.0,PR,9.0,16.0,1.0,300.0,2.7552794075263574,0.0,0.0,0.0,0.0,2021,5.0,12.0,0.0,0.0,0.0,0.0,0.0,0.0,0.0,  ,0.0,0.0,0.0,0.0,0.0,0.0,0.0,0.0,0.0,0.0,0.0,0.0,0.0,0.0,PS,0,0,1.0,0.0,0.0,0.0,12.544,0.0,1.0,0.0,0.0,0.0,0.0,0.0,0.0,0.0,0.0,0.0,0.0,0.35,0.0,0.0,0.0,0.9,N ,N ,-65.7850288247602,18.2429864355861,0.0,0.0,0.0,0.0,0.0,0.0,0.0,0.0,0.0,0.0,0.0,0.0,0.0,0.0,0.0,0.0,0.0,0.0,14328.0,battery_li_n_fsu,n,fsu,1,(OP) Operating,1,Battery Storage,,,True,PR100_RA_10h_2045_pr16,pr16,,
battery_li,3.6737058767018103,36.737058767018105,10.0,2051,2051,2051,2051,2051,2045,False,,p99042,Puerto Rico,178.0,178.0,1.0,54802.0,CISO ,PR100_RA_10h_2045_pr167,PR100_RA_10h_2045_pr167,Dynegy Moss Landing Power Plant Hybrid,1.0,DST,DS,3.0,0.0,11.0,21.0,21.0,16.0,PR,9.0,16.0,1.0,300.0,3.6737058767018103,0.0,0.0,0.0,0.0,2021,5.0,12.0,0.0,0.0,0.0,0.0,0.0,0.0,0.0,  ,0.0,0.0,0.0,0.0,0.0,0.0,0.0,0.0,0.0,0.0,0.0,0.0,0.0,0.0,PS,0,0,1.0,0.0,0.0,0.0,12.544,0.0,1.0,0.0,0.0,0.0,0.0,0.0,0.0,0.0,0.0,0.0,0.0,0.35,0.0,0.0,0.0,0.9,N ,N ,-66.5905482796362,18.4249383396828,0.0,0.0,0.0,0.0,0.0,0.0,0.0,0.0,0.0,0.0,0.0,0.0,0.0,0.0,0.0,0.0,0.0,0.0,14328.0,battery_li_n_fsu,n,fsu,1,(OP) Operating,1,Battery Storage,,,True,PR100_RA_10h_2045_pr167,pr167,,
battery_li,2.1429950947427225,21.429950947427226,10.0,2051,2051,2051,2051,2051,2045,False,,p99043,Puerto Rico,178.0,178.0,1.0,54802.0,CISO ,PR100_RA_10h_2045_pr169,PR100_RA_10h_2045_pr169,Dynegy Moss Landing Power Plant Hybrid,1.0,DST,DS,3.0,0.0,11.0,21.0,21.0,16.0,PR,9.0,16.0,1.0,300.0,2.1429950947427225,0.0,0.0,0.0,0.0,2021,5.0,12.0,0.0,0.0,0.0,0.0,0.0,0.0,0.0,  ,0.0,0.0,0.0,0.0,0.0,0.0,0.0,0.0,0.0,0.0,0.0,0.0,0.0,0.0,PS,0,0,1.0,0.0,0.0,0.0,12.544,0.0,1.0,0.0,0.0,0.0,0.0,0.0,0.0,0.0,0.0,0.0,0.0,0.35,0.0,0.0,0.0,0.9,N ,N ,-67.0091432005955,18.0750990243733,0.0,0.0,0.0,0.0,0.0,0.0,0.0,0.0,0.0,0.0,0.0,0.0,0.0,0.0,0.0,0.0,0.0,0.0,14328.0,battery_li_n_fsu,n,fsu,1,(OP) Operating,1,Battery Storage,,,True,PR100_RA_10h_2045_pr169,pr169,,
battery_li,9.79654900453816,97.96549004538161,10.0,2051,2051,2051,2051,2051,2045,False,,p99065,Puerto Rico,178.0,178.0,1.0,54802.0,CISO ,PR100_RA_10h_2045_pr296,PR100_RA_10h_2045_pr296,Dynegy Moss Landing Power Plant Hybrid,1.0,DST,DS,3.0,0.0,11.0,21.0,21.0,16.0,PR,9.0,16.0,1.0,300.0,9.79654900453816,0.0,0.0,0.0,0.0,2021,5.0,12.0,0.0,0.0,0.0,0.0,0.0,0.0,0.0,  ,0.0,0.0,0.0,0.0,0.0,0.0,0.0,0.0,0.0,0.0,0.0,0.0,0.0,0.0,PS,0,0,1.0,0.0,0.0,0.0,12.544,0.0,1.0,0.0,0.0,0.0,0.0,0.0,0.0,0.0,0.0,0.0,0.0,0.35,0.0,0.0,0.0,0.9,N ,N ,-66.36966581,18.02198247,0.0,0.0,0.0,0.0,0.0,0.0,0.0,0.0,0.0,0.0,0.0,0.0,0.0,0.0,0.0,0.0,0.0,0.0,14328.0,battery_li_n_fsu,n,fsu,1,(OP) Operating,1,Battery Storage,,,True,PR100_RA_10h_2045_pr296,pr296,,
battery_li,4.916643031652589,49.16643031652589,10.0,2051,2051,2051,2051,2051,2045,False,,p99069,Puerto Rico,178.0,178.0,1.0,54802.0,CISO ,PR100_RA_10h_2045_pr321,PR100_RA_10h_2045_pr321,Dynegy Moss Landing Power Plant Hybrid,1.0,DST,DS,3.0,0.0,11.0,21.0,21.0,16.0,PR,9.0,16.0,1.0,300.0,4.916643031652589,0.0,0.0,0.0,0.0,2021,5.0,12.0,0.0,0.0,0.0,0.0,0.0,0.0,0.0,  ,0.0,0.0,0.0,0.0,0.0,0.0,0.0,0.0,0.0,0.0,0.0,0.0,0.0,0.0,PS,0,0,1.0,0.0,0.0,0.0,12.544,0.0,1.0,0.0,0.0,0.0,0.0,0.0,0.0,0.0,0.0,0.0,0.0,0.35,0.0,0.0,0.0,0.9,N ,N ,-66.149463495378,17.9474467239165,0.0,0.0,0.0,0.0,0.0,0.0,0.0,0.0,0.0,0.0,0.0,0.0,0.0,0.0,0.0,0.0,0.0,0.0,14328.0,battery_li_n_fsu,n,fsu,1,(OP) Operating,1,Battery Storage,,,True,PR100_RA_10h_2045_pr321,pr321,,
battery_li,1.5307107819590875,15.307107819590875,10.0,2051,2051,2051,2051,2051,2045,False,,p99016,Puerto Rico,178.0,178.0,1.0,54802.0,CISO ,PR100_RA_10h_2045_pr41,PR100_RA_10h_2045_pr41,Dynegy Moss Landing Power Plant Hybrid,1.0,DST,DS,3.0,0.0,11.0,21.0,21.0,16.0,PR,9.0,16.0,1.0,300.0,1.5307107819590875,0.0,0.0,0.0,0.0,2021,5.0,12.0,0.0,0.0,0.0,0.0,0.0,0.0,0.0,  ,0.0,0.0,0.0,0.0,0.0,0.0,0.0,0.0,0.0,0.0,0.0,0.0,0.0,0.0,PS,0,0,1.0,0.0,0.0,0.0,12.544,0.0,1.0,0.0,0.0,0.0,0.0,0.0,0.0,0.0,0.0,0.0,0.0,0.35,0.0,0.0,0.0,0.9,N ,N ,-66.3914685076281,18.4458787165834,0.0,0.0,0.0,0.0,0.0,0.0,0.0,0.0,0.0,0.0,0.0,0.0,0.0,0.0,0.0,0.0,0.0,0.0,14328.0,battery_li_n_fsu,n,fsu,1,(OP) Operating,1,Battery Storage,,,True,PR100_RA_10h_2045_pr41,pr41,,
battery_li,1.5307107819590875,15.307107819590875,10.0,2051,2051,2051,2051,2051,2045,False,,p99079,Puerto Rico,178.0,178.0,1.0,54802.0,CISO ,PR100_RA_10h_2045_pr428,PR100_RA_10h_2045_pr428,Dynegy Moss Landing Power Plant Hybrid,1.0,DST,DS,3.0,0.0,11.0,21.0,21.0,16.0,PR,9.0,16.0,1.0,300.0,1.5307107819590875,0.0,0.0,0.0,0.0,2021,5.0,12.0,0.0,0.0,0.0,0.0,0.0,0.0,0.0,  ,0.0,0.0,0.0,0.0,0.0,0.0,0.0,0.0,0.0,0.0,0.0,0.0,0.0,0.0,PS,0,0,1.0,0.0,0.0,0.0,12.544,0.0,1.0,0.0,0.0,0.0,0.0,0.0,0.0,0.0,0.0,0.0,0.0,0.35,0.0,0.0,0.0,0.9,N ,N ,-67.1513062922523,18.2327569503965,0.0,0.0,0.0,0.0,0.0,0.0,0.0,0.0,0.0,0.0,0.0,0.0,0.0,0.0,0.0,0.0,0.0,0.0,14328.0,battery_li_n_fsu,n,fsu,1,(OP) Operating,1,Battery Storage,,,True,PR100_RA_10h_2045_pr428,pr428,,
battery_li,1.22456862556727,12.245686255672702,10.0,2051,2051,2051,2051,2051,2045,False,,p99080,Puerto Rico,178.0,178.0,1.0,54802.0,CISO ,PR100_RA_10h_2045_pr440,PR100_RA_10h_2045_pr440,Dynegy Moss Landing Power Plant Hybrid,1.0,DST,DS,3.0,0.0,11.0,21.0,21.0,16.0,PR,9.0,16.0,1.0,300.0,1.22456862556727,0.0,0.0,0.0,0.0,2021,5.0,12.0,0.0,0.0,0.0,0.0,0.0,0.0,0.0,  ,0.0,0.0,0.0,0.0,0.0,0.0,0.0,0.0,0.0,0.0,0.0,0.0,0.0,0.0,PS,0,0,1.0,0.0,0.0,0.0,12.544,0.0,1.0,0.0,0.0,0.0,0.0,0.0,0.0,0.0,0.0,0.0,0.0,0.35,0.0,0.0,0.0,0.9,N ,N ,-66.6968634056452,18.4690563228198,0.0,0.0,0.0,0.0,0.0,0.0,0.0,0.0,0.0,0.0,0.0,0.0,0.0,0.0,0.0,0.0,0.0,0.0,14328.0,battery_li_n_fsu,n,fsu,1,(OP) Operating,1,Battery Storage,,,True,PR100_RA_10h_2045_pr440,pr440,,
battery_li,1.5307107819590875,15.307107819590875,10.0,2051,2051,2051,2051,2051,2045,False,,p99004,Puerto Rico,178.0,178.0,1.0,54802.0,CISO ,PR100_RA_10h_2045_pr8,PR100_RA_10h_2045_pr8,Dynegy Moss Landing Power Plant Hybrid,1.0,DST,DS,3.0,0.0,11.0,21.0,21.0,16.0,PR,9.0,16.0,1.0,300.0,1.5307107819590875,0.0,0.0,0.0,0.0,2021,5.0,12.0,0.0,0.0,0.0,0.0,0.0,0.0,0.0,  ,0.0,0.0,0.0,0.0,0.0,0.0,0.0,0.0,0.0,0.0,0.0,0.0,0.0,0.0,PS,0,0,1.0,0.0,0.0,0.0,12.544,0.0,1.0,0.0,0.0,0.0,0.0,0.0,0.0,0.0,0.0,0.0,0.0,0.35,0.0,0.0,0.0,0.9,N ,N ,-66.139303974935,17.961056944062,0.0,0.0,0.0,0.0,0.0,0.0,0.0,0.0,0.0,0.0,0.0,0.0,0.0,0.0,0.0,0.0,0.0,0.0,14328.0,battery_li_n_fsu,n,fsu,1,(OP) Operating,1,Battery Storage,,,True,PR100_RA_10h_2045_pr8,pr8,,
battery_li,2.0205382321859955,20.205382321859954,10.0,2051,2051,2051,2051,2051,2045,False,,p99115,Puerto Rico,178.0,178.0,1.0,54802.0,CISO ,PR100_RA_10h_2045_pr97014,PR100_RA_10h_2045_pr97014,Dynegy Moss Landing Power Plant Hybrid,1.0,DST,DS,3.0,0.0,11.0,21.0,21.0,16.0,PR,9.0,16.0,1.0,300.0,2.0205382321859955,0.0,0.0,0.0,0.0,2021,5.0,12.0,0.0,0.0,0.0,0.0,0.0,0.0,0.0,  ,0.0,0.0,0.0,0.0,0.0,0.0,0.0,0.0,0.0,0.0,0.0,0.0,0.0,0.0,PS,0,0,1.0,0.0,0.0,0.0,12.544,0.0,1.0,0.0,0.0,0.0,0.0,0.0,0.0,0.0,0.0,0.0,0.0,0.35,0.0,0.0,0.0,0.9,N ,N ,-66.23855932079218,17.961615397833075,0.0,0.0,0.0,0.0,0.0,0.0,0.0,0.0,0.0,0.0,0.0,0.0,0.0,0.0,0.0,0.0,0.0,0.0,14328.0,battery_li_n_fsu,n,fsu,1,(OP) Operating,1,Battery Storage,,,True,PR100_RA_10h_2045_pr97014,pr97014,,
battery_li,1.5307107819590875,15.307107819590875,10.0,2051,2051,2051,2051,2051,2045,False,,p99118,Puerto Rico,178.0,178.0,1.0,54802.0,CISO ,PR100_RA_10h_2045_pr97064,PR100_RA_10h_2045_pr97064,Dynegy Moss Landing Power Plant Hybrid,1.0,DST,DS,3.0,0.0,11.0,21.0,21.0,16.0,PR,9.0,16.0,1.0,300.0,1.5307107819590875,0.0,0.0,0.0,0.0,2021,5.0,12.0,0.0,0.0,0.0,0.0,0.0,0.0,0.0,  ,0.0,0.0,0.0,0.0,0.0,0.0,0.0,0.0,0.0,0.0,0.0,0.0,0.0,0.0,PS,0,0,1.0,0.0,0.0,0.0,12.544,0.0,1.0,0.0,0.0,0.0,0.0,0.0,0.0,0.0,0.0,0.0,0.0,0.35,0.0,0.0,0.0,0.9,N ,N ,-66.40141277730525,18.446222196096137,0.0,0.0,0.0,0.0,0.0,0.0,0.0,0.0,0.0,0.0,0.0,0.0,0.0,0.0,0.0,0.0,0.0,0.0,14328.0,battery_li_n_fsu,n,fsu,1,(OP) Operating,1,Battery Storage,,,True,PR100_RA_10h_2045_pr97064,pr97064,,
battery_li,136.34184838985124,1363.4184838985125,10.0,2051,2051,2051,2051,2051,2050,False,,p99035,Puerto Rico,178.0,178.0,1.0,54802.0,CISO ,PR100_RA_10h_2050_pr107,PR100_RA_10h_2050_pr107,Dynegy Moss Landing Power Plant Hybrid,1.0,DST,DS,3.0,0.0,11.0,21.0,21.0,16.0,PR,9.0,16.0,1.0,300.0,136.34184838985124,0.0,0.0,0.0,0.0,2021,5.0,12.0,0.0,0.0,0.0,0.0,0.0,0.0,0.0,  ,0.0,0.0,0.0,0.0,0.0,0.0,0.0,0.0,0.0,0.0,0.0,0.0,0.0,0.0,PS,0,0,1.0,0.0,0.0,0.0,12.544,0.0,1.0,0.0,0.0,0.0,0.0,0.0,0.0,0.0,0.0,0.0,0.0,0.35,0.0,0.0,0.0,0.9,N ,N ,-66.2311584279522,17.9532741471698,0.0,0.0,0.0,0.0,0.0,0.0,0.0,0.0,0.0,0.0,0.0,0.0,0.0,0.0,0.0,0.0,0.0,0.0,14328.0,battery_li_n_fsu,n,fsu,1,(OP) Operating,1,Battery Storage,,,True,PR100_RA_10h_2050_pr107,pr107,,
battery_li,23.518968847249333,235.18968847249334,10.0,2051,2051,2051,2051,2051,2050,False,,p99037,Puerto Rico,178.0,178.0,1.0,54802.0,CISO ,PR100_RA_10h_2050_pr116,PR100_RA_10h_2050_pr116,Dynegy Moss Landing Power Plant Hybrid,1.0,DST,DS,3.0,0.0,11.0,21.0,21.0,16.0,PR,9.0,16.0,1.0,300.0,23.518968847249333,0.0,0.0,0.0,0.0,2021,5.0,12.0,0.0,0.0,0.0,0.0,0.0,0.0,0.0,  ,0.0,0.0,0.0,0.0,0.0,0.0,0.0,0.0,0.0,0.0,0.0,0.0,0.0,0.0,PS,0,0,1.0,0.0,0.0,0.0,12.544,0.0,1.0,0.0,0.0,0.0,0.0,0.0,0.0,0.0,0.0,0.0,0.0,0.35,0.0,0.0,0.0,0.9,N ,N ,-67.1360455,18.12868123,0.0,0.0,0.0,0.0,0.0,0.0,0.0,0.0,0.0,0.0,0.0,0.0,0.0,0.0,0.0,0.0,0.0,0.0,14328.0,battery_li_n_fsu,n,fsu,1,(OP) Operating,1,Battery Storage,,,True,PR100_RA_10h_2050_pr116,pr116,,
battery_li,113.61820699154269,1136.1820699154268,10.0,2051,2051,2051,2051,2051,2050,False,,p99105,Puerto Rico,178.0,178.0,1.0,54802.0,CISO ,PR100_RA_10h_2050_pr1206,PR100_RA_10h_2050_pr1206,Dynegy Moss Landing Power Plant Hybrid,1.0,DST,DS,3.0,0.0,11.0,21.0,21.0,16.0,PR,9.0,16.0,1.0,300.0,113.61820699154269,0.0,0.0,0.0,0.0,2021,5.0,12.0,0.0,0.0,0.0,0.0,0.0,0.0,0.0,  ,0.0,0.0,0.0,0.0,0.0,0.0,0.0,0.0,0.0,0.0,0.0,0.0,0.0,0.0,PS,0,0,1.0,0.0,0.0,0.0,12.544,0.0,1.0,0.0,0.0,0.0,0.0,0.0,0.0,0.0,0.0,0.0,0.0,0.35,0.0,0.0,0.0,0.9,N ,N ,-65.91415150823626,18.22764836265537,0.0,0.0,0.0,0.0,0.0,0.0,0.0,0.0,0.0,0.0,0.0,0.0,0.0,0.0,0.0,0.0,0.0,0.0,14328.0,battery_li_n_fsu,n,fsu,1,(OP) Operating,1,Battery Storage,,,True,PR100_RA_10h_2050_pr1206,pr1206,,
battery_li,80.44169055001224,804.4169055001224,10.0,2051,2051,2051,2051,2051,2050,False,,p99006,Puerto Rico,178.0,178.0,1.0,54802.0,CISO ,PR100_RA_10h_2050_pr14,PR100_RA_10h_2050_pr14,Dynegy Moss Landing Power Plant Hybrid,1.0,DST,DS,3.0,0.0,11.0,21.0,21.0,16.0,PR,9.0,16.0,1.0,300.0,80.44169055001224,0.0,0.0,0.0,0.0,2021,5.0,12.0,0.0,0.0,0.0,0.0,0.0,0.0,0.0,  ,0.0,0.0,0.0,0.0,0.0,0.0,0.0,0.0,0.0,0.0,0.0,0.0,0.0,0.0,PS,0,0,1.0,0.0,0.0,0.0,12.544,0.0,1.0,0.0,0.0,0.0,0.0,0.0,0.0,0.0,0.0,0.0,0.0,0.35,0.0,0.0,0.0,0.9,N ,N ,-65.82683737768,18.13732480866,0.0,0.0,0.0,0.0,0.0,0.0,0.0,0.0,0.0,0.0,0.0,0.0,0.0,0.0,0.0,0.0,0.0,0.0,14328.0,battery_li_n_fsu,n,fsu,1,(OP) Operating,1,Battery Storage,,,True,PR100_RA_10h_2050_pr14,pr14,,
battery_li,51.12819314619421,511.28193146194207,10.0,2051,2051,2051,2051,2051,2050,False,,p99007,Puerto Rico,178.0,178.0,1.0,54802.0,CISO ,PR100_RA_10h_2050_pr16,PR100_RA_10h_2050_pr16,Dynegy Moss Landing Power Plant Hybrid,1.0,DST,DS,3.0,0.0,11.0,21.0,21.0,16.0,PR,9.0,16.0,1.0,300.0,51.12819314619421,0.0,0.0,0.0,0.0,2021,5.0,12.0,0.0,0.0,0.0,0.0,0.0,0.0,0.0,  ,0.0,0.0,0.0,0.0,0.0,0.0,0.0,0.0,0.0,0.0,0.0,0.0,0.0,0.0,PS,0,0,1.0,0.0,0.0,0.0,12.544,0.0,1.0,0.0,0.0,0.0,0.0,0.0,0.0,0.0,0.0,0.0,0.0,0.35,0.0,0.0,0.0,0.9,N ,N ,-65.7850288247602,18.2429864355861,0.0,0.0,0.0,0.0,0.0,0.0,0.0,0.0,0.0,0.0,0.0,0.0,0.0,0.0,0.0,0.0,0.0,0.0,14328.0,battery_li_n_fsu,n,fsu,1,(OP) Operating,1,Battery Storage,,,True,PR100_RA_10h_2050_pr16,pr16,,
battery_li,68.17092419492562,681.7092419492562,10.0,2051,2051,2051,2051,2051,2050,False,,p99042,Puerto Rico,178.0,178.0,1.0,54802.0,CISO ,PR100_RA_10h_2050_pr167,PR100_RA_10h_2050_pr167,Dynegy Moss Landing Power Plant Hybrid,1.0,DST,DS,3.0,0.0,11.0,21.0,21.0,16.0,PR,9.0,16.0,1.0,300.0,68.17092419492562,0.0,0.0,0.0,0.0,2021,5.0,12.0,0.0,0.0,0.0,0.0,0.0,0.0,0.0,  ,0.0,0.0,0.0,0.0,0.0,0.0,0.0,0.0,0.0,0.0,0.0,0.0,0.0,0.0,PS,0,0,1.0,0.0,0.0,0.0,12.544,0.0,1.0,0.0,0.0,0.0,0.0,0.0,0.0,0.0,0.0,0.0,0.0,0.35,0.0,0.0,0.0,0.9,N ,N ,-66.5905482796362,18.4249383396828,0.0,0.0,0.0,0.0,0.0,0.0,0.0,0.0,0.0,0.0,0.0,0.0,0.0,0.0,0.0,0.0,0.0,0.0,14328.0,battery_li_n_fsu,n,fsu,1,(OP) Operating,1,Battery Storage,,,True,PR100_RA_10h_2050_pr167,pr167,,
battery_li,39.76637244703994,397.6637244703994,10.0,2051,2051,2051,2051,2051,2050,False,,p99043,Puerto Rico,178.0,178.0,1.0,54802.0,CISO ,PR100_RA_10h_2050_pr169,PR100_RA_10h_2050_pr169,Dynegy Moss Landing Power Plant Hybrid,1.0,DST,DS,3.0,0.0,11.0,21.0,21.0,16.0,PR,9.0,16.0,1.0,300.0,39.76637244703994,0.0,0.0,0.0,0.0,2021,5.0,12.0,0.0,0.0,0.0,0.0,0.0,0.0,0.0,  ,0.0,0.0,0.0,0.0,0.0,0.0,0.0,0.0,0.0,0.0,0.0,0.0,0.0,0.0,PS,0,0,1.0,0.0,0.0,0.0,12.544,0.0,1.0,0.0,0.0,0.0,0.0,0.0,0.0,0.0,0.0,0.0,0.0,0.35,0.0,0.0,0.0,0.9,N ,N ,-67.0091432005955,18.0750990243733,0.0,0.0,0.0,0.0,0.0,0.0,0.0,0.0,0.0,0.0,0.0,0.0,0.0,0.0,0.0,0.0,0.0,0.0,14328.0,battery_li_n_fsu,n,fsu,1,(OP) Operating,1,Battery Storage,,,True,PR100_RA_10h_2050_pr169,pr169,,
battery_li,181.7891311864683,1817.8913118646828,10.0,2051,2051,2051,2051,2051,2050,False,,p99065,Puerto Rico,178.0,178.0,1.0,54802.0,CISO ,PR100_RA_10h_2050_pr296,PR100_RA_10h_2050_pr296,Dynegy Moss Landing Power Plant Hybrid,1.0,DST,DS,3.0,0.0,11.0,21.0,21.0,16.0,PR,9.0,16.0,1.0,300.0,181.7891311864683,0.0,0.0,0.0,0.0,2021,5.0,12.0,0.0,0.0,0.0,0.0,0.0,0.0,0.0,  ,0.0,0.0,0.0,0.0,0.0,0.0,0.0,0.0,0.0,0.0,0.0,0.0,0.0,0.0,PS,0,0,1.0,0.0,0.0,0.0,12.544,0.0,1.0,0.0,0.0,0.0,0.0,0.0,0.0,0.0,0.0,0.0,0.0,0.35,0.0,0.0,0.0,0.9,N ,N ,-66.36966581,18.02198247,0.0,0.0,0.0,0.0,0.0,0.0,0.0,0.0,0.0,0.0,0.0,0.0,0.0,0.0,0.0,0.0,0.0,0.0,14328.0,battery_li_n_fsu,n,fsu,1,(OP) Operating,1,Battery Storage,,,True,PR100_RA_10h_2050_pr296,pr296,,
battery_li,91.23542021420877,912.3542021420877,10.0,2051,2051,2051,2051,2051,2050,False,,p99069,Puerto Rico,178.0,178.0,1.0,54802.0,CISO ,PR100_RA_10h_2050_pr321,PR100_RA_10h_2050_pr321,Dynegy Moss Landing Power Plant Hybrid,1.0,DST,DS,3.0,0.0,11.0,21.0,21.0,16.0,PR,9.0,16.0,1.0,300.0,91.23542021420877,0.0,0.0,0.0,0.0,2021,5.0,12.0,0.0,0.0,0.0,0.0,0.0,0.0,0.0,  ,0.0,0.0,0.0,0.0,0.0,0.0,0.0,0.0,0.0,0.0,0.0,0.0,0.0,0.0,PS,0,0,1.0,0.0,0.0,0.0,12.544,0.0,1.0,0.0,0.0,0.0,0.0,0.0,0.0,0.0,0.0,0.0,0.0,0.35,0.0,0.0,0.0,0.9,N ,N ,-66.149463495378,17.9474467239165,0.0,0.0,0.0,0.0,0.0,0.0,0.0,0.0,0.0,0.0,0.0,0.0,0.0,0.0,0.0,0.0,0.0,0.0,14328.0,battery_li_n_fsu,n,fsu,1,(OP) Operating,1,Battery Storage,,,True,PR100_RA_10h_2050_pr321,pr321,,
battery_li,28.404551747885673,284.0455174788567,10.0,2051,2051,2051,2051,2051,2050,False,,p99016,Puerto Rico,178.0,178.0,1.0,54802.0,CISO ,PR100_RA_10h_2050_pr41,PR100_RA_10h_2050_pr41,Dynegy Moss Landing Power Plant Hybrid,1.0,DST,DS,3.0,0.0,11.0,21.0,21.0,16.0,PR,9.0,16.0,1.0,300.0,28.404551747885673,0.0,0.0,0.0,0.0,2021,5.0,12.0,0.0,0.0,0.0,0.0,0.0,0.0,0.0,  ,0.0,0.0,0.0,0.0,0.0,0.0,0.0,0.0,0.0,0.0,0.0,0.0,0.0,0.0,PS,0,0,1.0,0.0,0.0,0.0,12.544,0.0,1.0,0.0,0.0,0.0,0.0,0.0,0.0,0.0,0.0,0.0,0.0,0.35,0.0,0.0,0.0,0.9,N ,N ,-66.3914685076281,18.4458787165834,0.0,0.0,0.0,0.0,0.0,0.0,0.0,0.0,0.0,0.0,0.0,0.0,0.0,0.0,0.0,0.0,0.0,0.0,14328.0,battery_li_n_fsu,n,fsu,1,(OP) Operating,1,Battery Storage,,,True,PR100_RA_10h_2050_pr41,pr41,,
battery_li,28.404551747885673,284.0455174788567,10.0,2051,2051,2051,2051,2051,2050,False,,p99079,Puerto Rico,178.0,178.0,1.0,54802.0,CISO ,PR100_RA_10h_2050_pr428,PR100_RA_10h_2050_pr428,Dynegy Moss Landing Power Plant Hybrid,1.0,DST,DS,3.0,0.0,11.0,21.0,21.0,16.0,PR,9.0,16.0,1.0,300.0,28.404551747885673,0.0,0.0,0.0,0.0,2021,5.0,12.0,0.0,0.0,0.0,0.0,0.0,0.0,0.0,  ,0.0,0.0,0.0,0.0,0.0,0.0,0.0,0.0,0.0,0.0,0.0,0.0,0.0,0.0,PS,0,0,1.0,0.0,0.0,0.0,12.544,0.0,1.0,0.0,0.0,0.0,0.0,0.0,0.0,0.0,0.0,0.0,0.0,0.35,0.0,0.0,0.0,0.9,N ,N ,-67.1513062922523,18.2327569503965,0.0,0.0,0.0,0.0,0.0,0.0,0.0,0.0,0.0,0.0,0.0,0.0,0.0,0.0,0.0,0.0,0.0,0.0,14328.0,battery_li_n_fsu,n,fsu,1,(OP) Operating,1,Battery Storage,,,True,PR100_RA_10h_2050_pr428,pr428,,
battery_li,22.723641398308537,227.23641398308536,10.0,2051,2051,2051,2051,2051,2050,False,,p99080,Puerto Rico,178.0,178.0,1.0,54802.0,CISO ,PR100_RA_10h_2050_pr440,PR100_RA_10h_2050_pr440,Dynegy Moss Landing Power Plant Hybrid,1.0,DST,DS,3.0,0.0,11.0,21.0,21.0,16.0,PR,9.0,16.0,1.0,300.0,22.723641398308537,0.0,0.0,0.0,0.0,2021,5.0,12.0,0.0,0.0,0.0,0.0,0.0,0.0,0.0,  ,0.0,0.0,0.0,0.0,0.0,0.0,0.0,0.0,0.0,0.0,0.0,0.0,0.0,0.0,PS,0,0,1.0,0.0,0.0,0.0,12.544,0.0,1.0,0.0,0.0,0.0,0.0,0.0,0.0,0.0,0.0,0.0,0.0,0.35,0.0,0.0,0.0,0.9,N ,N ,-66.6968634056452,18.4690563228198,0.0,0.0,0.0,0.0,0.0,0.0,0.0,0.0,0.0,0.0,0.0,0.0,0.0,0.0,0.0,0.0,0.0,0.0,14328.0,battery_li_n_fsu,n,fsu,1,(OP) Operating,1,Battery Storage,,,True,PR100_RA_10h_2050_pr440,pr440,,
battery_li,28.404551747885673,284.0455174788567,10.0,2051,2051,2051,2051,2051,2050,False,,p99004,Puerto Rico,178.0,178.0,1.0,54802.0,CISO ,PR100_RA_10h_2050_pr8,PR100_RA_10h_2050_pr8,Dynegy Moss Landing Power Plant Hybrid,1.0,DST,DS,3.0,0.0,11.0,21.0,21.0,16.0,PR,9.0,16.0,1.0,300.0,28.404551747885673,0.0,0.0,0.0,0.0,2021,5.0,12.0,0.0,0.0,0.0,0.0,0.0,0.0,0.0,  ,0.0,0.0,0.0,0.0,0.0,0.0,0.0,0.0,0.0,0.0,0.0,0.0,0.0,0.0,PS,0,0,1.0,0.0,0.0,0.0,12.544,0.0,1.0,0.0,0.0,0.0,0.0,0.0,0.0,0.0,0.0,0.0,0.0,0.35,0.0,0.0,0.0,0.9,N ,N ,-66.139303974935,17.961056944062,0.0,0.0,0.0,0.0,0.0,0.0,0.0,0.0,0.0,0.0,0.0,0.0,0.0,0.0,0.0,0.0,0.0,0.0,14328.0,battery_li_n_fsu,n,fsu,1,(OP) Operating,1,Battery Storage,,,True,PR100_RA_10h_2050_pr8,pr8,,
battery_li,37.494008307209086,374.94008307209083,10.0,2051,2051,2051,2051,2051,2050,False,,p99115,Puerto Rico,178.0,178.0,1.0,54802.0,CISO ,PR100_RA_10h_2050_pr97014,PR100_RA_10h_2050_pr97014,Dynegy Moss Landing Power Plant Hybrid,1.0,DST,DS,3.0,0.0,11.0,21.0,21.0,16.0,PR,9.0,16.0,1.0,300.0,37.494008307209086,0.0,0.0,0.0,0.0,2021,5.0,12.0,0.0,0.0,0.0,0.0,0.0,0.0,0.0,  ,0.0,0.0,0.0,0.0,0.0,0.0,0.0,0.0,0.0,0.0,0.0,0.0,0.0,0.0,PS,0,0,1.0,0.0,0.0,0.0,12.544,0.0,1.0,0.0,0.0,0.0,0.0,0.0,0.0,0.0,0.0,0.0,0.0,0.35,0.0,0.0,0.0,0.9,N ,N ,-66.23855932079218,17.961615397833075,0.0,0.0,0.0,0.0,0.0,0.0,0.0,0.0,0.0,0.0,0.0,0.0,0.0,0.0,0.0,0.0,0.0,0.0,14328.0,battery_li_n_fsu,n,fsu,1,(OP) Operating,1,Battery Storage,,,True,PR100_RA_10h_2050_pr97014,pr97014,,
battery_li,28.404551747885673,284.0455174788567,10.0,2051,2051,2051,2051,2051,2050,False,,p99118,Puerto Rico,178.0,178.0,1.0,54802.0,CISO ,PR100_RA_10h_2050_pr97064,PR100_RA_10h_2050_pr97064,Dynegy Moss Landing Power Plant Hybrid,1.0,DST,DS,3.0,0.0,11.0,21.0,21.0,16.0,PR,9.0,16.0,1.0,300.0,28.404551747885673,0.0,0.0,0.0,0.0,2021,5.0,12.0,0.0,0.0,0.0,0.0,0.0,0.0,0.0,  ,0.0,0.0,0.0,0.0,0.0,0.0,0.0,0.0,0.0,0.0,0.0,0.0,0.0,0.0,PS,0,0,1.0,0.0,0.0,0.0,12.544,0.0,1.0,0.0,0.0,0.0,0.0,0.0,0.0,0.0,0.0,0.0,0.0,0.35,0.0,0.0,0.0,0.9,N ,N ,-66.40141277730525,18.446222196096137,0.0,0.0,0.0,0.0,0.0,0.0,0.0,0.0,0.0,0.0,0.0,0.0,0.0,0.0,0.0,0.0,0.0,0.0,14328.0,battery_li_n_fsu,n,fsu,1,(OP) Operating,1,Battery Storage,,,True,PR100_RA_10h_2050_pr97064,pr97064,,
o-g-s,1318.4938065462215,,,2051,2051,2051,2051,2051,2050,False,10609.0,p99034,Puerto Rico,2.0,2.0,1.0,195.0,SOCO ,PR100_RA_BIODIESEL_2050,PR100_RA_BIODIESEL_2050,Barry,1.0,STG,ST,1.0,0.0,3.0,15.0,15.0,9.0,PR,6.0,9.0,1.0,153.1,1318.4938065462215,0.0,0.0,0.0,0.0,1954,2.0,12.0,0.0,0.0,0.0,0.0,0.0,0.0,0.0,  ,0.0,0.144,0.919,0.0,0.0,0.0,0.089,0.053,0.077,0.006,0.051,0.021,0.05,0.025,GF,0,0,1.0,0.0,0.0,1.836,25.297,6.46,1.0,0.326,1.0,1.0,217.2,1.07,0.05,0.0,0.0,0.0,0.52,0.35,0.0,0.76,0.0,0.9,N ,N ,-66.2308401882358,17.9520116156805,0.0,0.0,0.0,0.0,0.0,0.0,0.0,0.0,0.0,0.0,0.0,0.0,0.0,1.0,0.0,0.0,0.0,0.0,195.0,o-g-s_n_fsa,n,fsa,1,(OP) Operating,1,Gas Steam,,,True,PR100_RA_BIODIESEL_2050,pr106,,
