tech,summer_power_capacity_MW,energy_capacity_MWh,battery_duration,RetireYear,NukeRefRetireYear,Nuke60RetireYear,Nuke80RetireYear,NukeEarlyRetireYear,StartYear,IsExistUnit,HeatRate,FIPS,county,T_IGRP,T_GRP,T_GRP2,T_CID,T_PCA,T_PID,T_UID,T_PNM,TVIN,EFDcd,ECPcd,TFOWN,T_MRUN,TEFPT,TNOPER,TNOWN,T_CLRG,TSTATE,T_CR,T_GR,TCOUNT,TC_NP,TC_WIN,T_CCSROV,T_CCSF,T_CCSV,T_CCSHR,TRFURB,T_SMO,T_RMO,T_NRET,T_CCSCAPA,T_CCSLOC,T_COOL,TSCBEF,TSCBYR,TSCBCST,TSCBGRP,TSEQEF,T_CF,M_CF_JAN,M_CF_FEB,M_CF_MAR,M_CF_APR,M_CF_MAY,M_CF_JUN,M_CF_JUL,M_CF_AUG,M_CF_SEP,M_CF_OCT,M_CF_NOV,M_CF_DEC,CFL_1,CFL_2,CFL_3,T_FSHR_1,T_FSHR_2,T_FSHR_3,T_VOM,T_FOM,T_CAPAD,T_GRID,TNOX_R,T_COMB,T_POST,TCOMB_O,TCOMB_F,TCOMB_V,TCOMB_R,TSNCR_O,TSNCR_F,TSNCR_V,TSNCR_R,TSCR_O,TSCR_F,TSCR_V,TSCR_R,TSCBT,TPART,T_LONG,T_LAT,T_DSIR,T_DSIOV,T_DSIF,T_DSIV,T_FFOV,T_FFF,T_FFV,T_ESPU,T_CFBU,T_CFBUV,T_CFBUF,T_NG_COST,T_NG_TRAN,THR_QT,THR_O,THR_F,THR_V,THR_IMP,TOID,coolingwatertech,ctt,wst,in_nems,status,in_eia860M,Description,NukeRetireBin,MAT Exemptions,RetireYearGiven,Unique ID,r,sc_point_gid,reV_capacity_factor_ac
coaloldscr,260.00000000000006,,,2051,2051,2051,2051,2051,2009,True,10036.0,p99069,Puerto Rico,4.0,4.0,1.0,195.0,SOCO ,PR_42b82c0a-fce6-4260-8aa7-13dd6260f9fd,42b82c0a-fce6-4260-8aa7-13dd6260f9fd,Barry,7.0,CSC,C7,1.0,0.0,1.0,15.0,15.0,9.0,PR,6.0,9.0,1.0,788.8,260.00000000000006,742.7227967,5.507225032,0.875739635,13823.93916,1971,1.0,12.0,0.0,0.0,0.0,0.0,98.0,2010.0,215.2,  ,0.0,0.446,0.277,0.349,0.471,0.481,0.458,0.647,0.685,0.557,0.517,0.289,0.373,0.307,C7,DS,WD,0.99,0.01,0.0,0.543886951,10.7540436,11.73718224,1.0,0.309,1.0,2.0,10.3,0.05,0.05,0.718,8.9,0.13,0.48,0.35,112.8,0.34,0.79,0.9,W ,E ,-66.149463495378,17.9474467239165,0.0,0.0,0.0,0.0,80.5,0.438,0.071,0.0,0.0,0.0,0.0,97.23483888,13.35514553,3.0,1.462,0.0,0.0,180.0,195.0,coaloldscr_r_fsa,r,fsa,1,(OP) Operating,1,Coal Steam with Scrubber,,1.0,False,42b82c0a-fce6-4260-8aa7-13dd6260f9fd,pr321,,
o-g-s,27.0,,,2051,2051,2051,2051,2051,2009,True,10609.0,p99019,Puerto Rico,2.0,2.0,1.0,195.0,SOCO ,PR_1db4c121-7390-43d8-b655-7cec5e20dbae,1db4c121-7390-43d8-b655-7cec5e20dbae,Barry,1.0,STG,ST,1.0,0.0,3.0,15.0,15.0,9.0,PR,6.0,9.0,1.0,153.1,27.0,0.0,0.0,0.0,0.0,1954,2.0,12.0,0.0,0.0,0.0,0.0,0.0,0.0,0.0,  ,0.0,0.144,0.919,0.0,0.0,0.0,0.089,0.053,0.077,0.006,0.051,0.021,0.05,0.025,GF,0,0,1.0,0.0,0.0,1.836,25.297,6.46,1.0,0.326,1.0,1.0,217.2,1.07,0.05,0.0,0.0,0.0,0.52,0.35,0.0,0.76,0.0,0.9,N ,N ,-66.14887874,18.45454337,0.0,0.0,0.0,0.0,0.0,0.0,0.0,0.0,0.0,0.0,0.0,0.0,0.0,1.0,0.0,0.0,0.0,0.0,195.0,o-g-s_n_fsa,n,fsa,1,(OP) Operating,1,Gas Steam,,,False,1db4c121-7390-43d8-b655-7cec5e20dbae,pr63,,
o-g-s,142.3,,,2051,2051,2051,2051,2051,2009,True,10609.0,p99026,Puerto Rico,2.0,2.0,1.0,195.0,SOCO ,PR_af5f6809-d457-4673-ab86-34cf8756e66a,af5f6809-d457-4673-ab86-34cf8756e66a,Barry,1.0,STG,ST,1.0,0.0,3.0,15.0,15.0,9.0,PR,6.0,9.0,1.0,153.1,142.3,0.0,0.0,0.0,0.0,1954,2.0,12.0,0.0,0.0,0.0,0.0,0.0,0.0,0.0,  ,0.0,0.144,0.919,0.0,0.0,0.0,0.089,0.053,0.077,0.006,0.051,0.021,0.05,0.025,GF,0,0,1.0,0.0,0.0,1.836,25.297,6.46,1.0,0.326,1.0,1.0,217.2,1.07,0.05,0.0,0.0,0.0,0.52,0.35,0.0,0.76,0.0,0.9,N ,N ,-66.104404337261,18.4270894106024,0.0,0.0,0.0,0.0,0.0,0.0,0.0,0.0,0.0,0.0,0.0,0.0,0.0,1.0,0.0,0.0,0.0,0.0,195.0,o-g-s_n_fsa,n,fsa,1,(OP) Operating,1,Gas Steam,,,False,af5f6809-d457-4673-ab86-34cf8756e66a,pr88,,
o-g-s,162.7,,,2051,2051,2051,2051,2051,2009,True,10609.0,p99068,Puerto Rico,2.0,2.0,1.0,195.0,SOCO ,PR_7232b367-6436-43c0-926a-366d5e53e02f,7232b367-6436-43c0-926a-366d5e53e02f,Barry,1.0,STG,ST,1.0,0.0,3.0,15.0,15.0,9.0,PR,6.0,9.0,1.0,153.1,162.7,0.0,0.0,0.0,0.0,1954,2.0,12.0,0.0,0.0,0.0,0.0,0.0,0.0,0.0,  ,0.0,0.144,0.919,0.0,0.0,0.0,0.089,0.053,0.077,0.006,0.051,0.021,0.05,0.025,GF,0,0,1.0,0.0,0.0,1.836,25.297,6.46,1.0,0.326,1.0,1.0,217.2,1.07,0.05,0.0,0.0,0.0,0.52,0.35,0.0,0.76,0.0,0.9,N ,N ,-66.7568194626311,17.9785078976431,0.0,0.0,0.0,0.0,0.0,0.0,0.0,0.0,0.0,0.0,0.0,0.0,0.0,1.0,0.0,0.0,0.0,0.0,195.0,o-g-s_n_fsa,n,fsa,1,(OP) Operating,1,Gas Steam,,,False,7232b367-6436-43c0-926a-366d5e53e02f,pr319,,
o-g-s,21.0,,,2051,2051,2051,2051,2051,2009,True,10609.0,p99019,Puerto Rico,2.0,2.0,1.0,195.0,SOCO ,PR_fb5a3ccd-b908-4991-ba98-06a43a788110,fb5a3ccd-b908-4991-ba98-06a43a788110,Barry,1.0,STG,ST,1.0,0.0,3.0,15.0,15.0,9.0,PR,6.0,9.0,1.0,153.1,21.0,0.0,0.0,0.0,0.0,1954,2.0,12.0,0.0,0.0,0.0,0.0,0.0,0.0,0.0,  ,0.0,0.144,0.919,0.0,0.0,0.0,0.089,0.053,0.077,0.006,0.051,0.021,0.05,0.025,GF,0,0,1.0,0.0,0.0,1.836,25.297,6.46,1.0,0.326,1.0,1.0,217.2,1.07,0.05,0.0,0.0,0.0,0.52,0.35,0.0,0.76,0.0,0.9,N ,N ,-66.14887874,18.45454337,0.0,0.0,0.0,0.0,0.0,0.0,0.0,0.0,0.0,0.0,0.0,0.0,0.0,1.0,0.0,0.0,0.0,0.0,195.0,o-g-s_n_fsa,n,fsa,1,(OP) Operating,1,Gas Steam,,,False,fb5a3ccd-b908-4991-ba98-06a43a788110,pr63,,
o-g-s,1.6,,,2051,2051,2051,2051,2051,2009,True,10609.0,p99008,Puerto Rico,2.0,2.0,1.0,195.0,SOCO ,PR_6764fb01-7366-499f-b226-7b41a6113c09,6764fb01-7366-499f-b226-7b41a6113c09,Barry,1.0,STG,ST,1.0,0.0,3.0,15.0,15.0,9.0,PR,6.0,9.0,1.0,153.1,1.6,0.0,0.0,0.0,0.0,1954,2.0,12.0,0.0,0.0,0.0,0.0,0.0,0.0,0.0,  ,0.0,0.144,0.919,0.0,0.0,0.0,0.089,0.053,0.077,0.006,0.051,0.021,0.05,0.025,GF,0,0,1.0,0.0,0.0,1.836,25.297,6.46,1.0,0.326,1.0,1.0,217.2,1.07,0.05,0.0,0.0,0.0,0.52,0.35,0.0,0.76,0.0,0.9,N ,N ,-65.6457601435012,18.3297155598641,0.0,0.0,0.0,0.0,0.0,0.0,0.0,0.0,0.0,0.0,0.0,0.0,0.0,1.0,0.0,0.0,0.0,0.0,195.0,o-g-s_n_fsa,n,fsa,1,(OP) Operating,1,Gas Steam,,,False,6764fb01-7366-499f-b226-7b41a6113c09,pr18,,
o-g-s,27.0,,,2051,2051,2051,2051,2051,2009,True,10609.0,p99019,Puerto Rico,2.0,2.0,1.0,195.0,SOCO ,PR_440ad2d7-52be-4667-a6f9-048ec821b31d,440ad2d7-52be-4667-a6f9-048ec821b31d,Barry,1.0,STG,ST,1.0,0.0,3.0,15.0,15.0,9.0,PR,6.0,9.0,1.0,153.1,27.0,0.0,0.0,0.0,0.0,1954,2.0,12.0,0.0,0.0,0.0,0.0,0.0,0.0,0.0,  ,0.0,0.144,0.919,0.0,0.0,0.0,0.089,0.053,0.077,0.006,0.051,0.021,0.05,0.025,GF,0,0,1.0,0.0,0.0,1.836,25.297,6.46,1.0,0.326,1.0,1.0,217.2,1.07,0.05,0.0,0.0,0.0,0.52,0.35,0.0,0.76,0.0,0.9,N ,N ,-66.14887874,18.45454337,0.0,0.0,0.0,0.0,0.0,0.0,0.0,0.0,0.0,0.0,0.0,0.0,0.0,1.0,0.0,0.0,0.0,0.0,195.0,o-g-s_n_fsa,n,fsa,1,(OP) Operating,1,Gas Steam,,,False,440ad2d7-52be-4667-a6f9-048ec821b31d,pr63,,
o-g-s,57.7,,,2051,2051,2051,2051,2051,2009,True,10609.0,p99026,Puerto Rico,2.0,2.0,1.0,195.0,SOCO ,PR_751096b1-b22a-433d-ad93-a92fedc539f1,751096b1-b22a-433d-ad93-a92fedc539f1,Barry,1.0,STG,ST,1.0,0.0,3.0,15.0,15.0,9.0,PR,6.0,9.0,1.0,153.1,57.7,0.0,0.0,0.0,0.0,1954,2.0,12.0,0.0,0.0,0.0,0.0,0.0,0.0,0.0,  ,0.0,0.144,0.919,0.0,0.0,0.0,0.089,0.053,0.077,0.006,0.051,0.021,0.05,0.025,GF,0,0,1.0,0.0,0.0,1.836,25.297,6.46,1.0,0.326,1.0,1.0,217.2,1.07,0.05,0.0,0.0,0.0,0.52,0.35,0.0,0.76,0.0,0.9,N ,N ,-66.104404337261,18.4270894106024,0.0,0.0,0.0,0.0,0.0,0.0,0.0,0.0,0.0,0.0,0.0,0.0,0.0,1.0,0.0,0.0,0.0,0.0,195.0,o-g-s_n_fsa,n,fsa,1,(OP) Operating,1,Gas Steam,,,False,751096b1-b22a-433d-ad93-a92fedc539f1,pr88,,
o-g-s,68.0,,,2051,2051,2051,2051,2051,2009,True,10609.0,p99026,Puerto Rico,2.0,2.0,1.0,195.0,SOCO ,PR_09679b05-f148-46bc-9475-c1af8630dad7,09679b05-f148-46bc-9475-c1af8630dad7,Barry,1.0,STG,ST,1.0,0.0,3.0,15.0,15.0,9.0,PR,6.0,9.0,1.0,153.1,68.0,0.0,0.0,0.0,0.0,1954,2.0,12.0,0.0,0.0,0.0,0.0,0.0,0.0,0.0,  ,0.0,0.144,0.919,0.0,0.0,0.0,0.089,0.053,0.077,0.006,0.051,0.021,0.05,0.025,GF,0,0,1.0,0.0,0.0,1.836,25.297,6.46,1.0,0.326,1.0,1.0,217.2,1.07,0.05,0.0,0.0,0.0,0.52,0.35,0.0,0.76,0.0,0.9,N ,N ,-66.104404337261,18.4270894106024,0.0,0.0,0.0,0.0,0.0,0.0,0.0,0.0,0.0,0.0,0.0,0.0,0.0,1.0,0.0,0.0,0.0,0.0,195.0,o-g-s_n_fsa,n,fsa,1,(OP) Operating,1,Gas Steam,,,False,09679b05-f148-46bc-9475-c1af8630dad7,pr88,,
o-g-s,21.0,,,2051,2051,2051,2051,2051,2009,True,10609.0,p99003,Puerto Rico,2.0,2.0,1.0,195.0,SOCO ,PR_d88b59b3-9bd2-43fc-99bc-898349cf6ec1,d88b59b3-9bd2-43fc-99bc-898349cf6ec1,Barry,1.0,STG,ST,1.0,0.0,3.0,15.0,15.0,9.0,PR,6.0,9.0,1.0,153.1,21.0,0.0,0.0,0.0,0.0,1954,2.0,12.0,0.0,0.0,0.0,0.0,0.0,0.0,0.0,  ,0.0,0.144,0.919,0.0,0.0,0.0,0.089,0.053,0.077,0.006,0.051,0.021,0.05,0.025,GF,0,0,1.0,0.0,0.0,1.836,25.297,6.46,1.0,0.326,1.0,1.0,217.2,1.07,0.05,0.0,0.0,0.0,0.52,0.35,0.0,0.76,0.0,0.9,N ,N ,-65.8234605404272,18.1051828222315,0.0,0.0,0.0,0.0,0.0,0.0,0.0,0.0,0.0,0.0,0.0,0.0,0.0,1.0,0.0,0.0,0.0,0.0,195.0,o-g-s_n_fsa,n,fsa,1,(OP) Operating,1,Gas Steam,,,False,d88b59b3-9bd2-43fc-99bc-898349cf6ec1,pr5,,
o-g-s,50.0,,,2051,2051,2051,2051,2051,2009,True,10609.0,p99011,Puerto Rico,2.0,2.0,1.0,195.0,SOCO ,PR_68286b03-e64f-419f-8323-ed3747ab945c,68286b03-e64f-419f-8323-ed3747ab945c,Barry,1.0,STG,ST,1.0,0.0,3.0,15.0,15.0,9.0,PR,6.0,9.0,1.0,153.1,50.0,0.0,0.0,0.0,0.0,1954,2.0,12.0,0.0,0.0,0.0,0.0,0.0,0.0,0.0,  ,0.0,0.144,0.919,0.0,0.0,0.0,0.089,0.053,0.077,0.006,0.051,0.021,0.05,0.025,GF,0,0,1.0,0.0,0.0,1.836,25.297,6.46,1.0,0.326,1.0,1.0,217.2,1.07,0.05,0.0,0.0,0.0,0.52,0.35,0.0,0.76,0.0,0.9,N ,N ,-67.147380541546,18.2373912818469,0.0,0.0,0.0,0.0,0.0,0.0,0.0,0.0,0.0,0.0,0.0,0.0,0.0,1.0,0.0,0.0,0.0,0.0,195.0,o-g-s_n_fsa,n,fsa,1,(OP) Operating,1,Gas Steam,,,False,68286b03-e64f-419f-8323-ed3747ab945c,pr29,,
o-g-s,21.0,,,2051,2051,2051,2051,2051,2009,True,10609.0,p99019,Puerto Rico,2.0,2.0,1.0,195.0,SOCO ,PR_df4b8c7c-4efb-4303-8543-962e182bc7c0,df4b8c7c-4efb-4303-8543-962e182bc7c0,Barry,1.0,STG,ST,1.0,0.0,3.0,15.0,15.0,9.0,PR,6.0,9.0,1.0,153.1,21.0,0.0,0.0,0.0,0.0,1954,2.0,12.0,0.0,0.0,0.0,0.0,0.0,0.0,0.0,  ,0.0,0.144,0.919,0.0,0.0,0.0,0.089,0.053,0.077,0.006,0.051,0.021,0.05,0.025,GF,0,0,1.0,0.0,0.0,1.836,25.297,6.46,1.0,0.326,1.0,1.0,217.2,1.07,0.05,0.0,0.0,0.0,0.52,0.35,0.0,0.76,0.0,0.9,N ,N ,-66.14887874,18.45454337,0.0,0.0,0.0,0.0,0.0,0.0,0.0,0.0,0.0,0.0,0.0,0.0,0.0,1.0,0.0,0.0,0.0,0.0,195.0,o-g-s_n_fsa,n,fsa,1,(OP) Operating,1,Gas Steam,,,False,df4b8c7c-4efb-4303-8543-962e182bc7c0,pr63,,
o-g-s,82.5,,,2051,2051,2051,2051,2051,2009,True,10609.0,p99080,Puerto Rico,2.0,2.0,1.0,195.0,SOCO ,PR_529b437f-c4b8-464a-83ca-afebf598d1e3,529b437f-c4b8-464a-83ca-afebf598d1e3,Barry,1.0,STG,ST,1.0,0.0,3.0,15.0,15.0,9.0,PR,6.0,9.0,1.0,153.1,82.5,0.0,0.0,0.0,0.0,1954,2.0,12.0,0.0,0.0,0.0,0.0,0.0,0.0,0.0,  ,0.0,0.144,0.919,0.0,0.0,0.0,0.089,0.053,0.077,0.006,0.051,0.021,0.05,0.025,GF,0,0,1.0,0.0,0.0,1.836,25.297,6.46,1.0,0.326,1.0,1.0,217.2,1.07,0.05,0.0,0.0,0.0,0.52,0.35,0.0,0.76,0.0,0.9,N ,N ,-66.6968634056452,18.4690563228198,0.0,0.0,0.0,0.0,0.0,0.0,0.0,0.0,0.0,0.0,0.0,0.0,0.0,1.0,0.0,0.0,0.0,0.0,195.0,o-g-s_n_fsa,n,fsa,1,(OP) Operating,1,Gas Steam,,,False,529b437f-c4b8-464a-83ca-afebf598d1e3,pr440,,
o-g-s,410.0,,,2051,2051,2051,2051,2051,2009,True,10609.0,p99028,Puerto Rico,2.0,2.0,1.0,195.0,SOCO ,PR_502fb4c2-85c9-418e-a05b-61e3edec0759,502fb4c2-85c9-418e-a05b-61e3edec0759,Barry,1.0,STG,ST,1.0,0.0,3.0,15.0,15.0,9.0,PR,6.0,9.0,1.0,153.1,410.0,0.0,0.0,0.0,0.0,1954,2.0,12.0,0.0,0.0,0.0,0.0,0.0,0.0,0.0,  ,0.0,0.144,0.919,0.0,0.0,0.0,0.089,0.053,0.077,0.006,0.051,0.021,0.05,0.025,GF,0,0,1.0,0.0,0.0,1.836,25.297,6.46,1.0,0.326,1.0,1.0,217.2,1.07,0.05,0.0,0.0,0.0,0.52,0.35,0.0,0.76,0.0,0.9,N ,N ,-66.7549319005293,18.0030629750221,0.0,0.0,0.0,0.0,0.0,0.0,0.0,0.0,0.0,0.0,0.0,0.0,0.0,1.0,0.0,0.0,0.0,0.0,195.0,o-g-s_n_fsa,n,fsa,1,(OP) Operating,1,Gas Steam,,,False,502fb4c2-85c9-418e-a05b-61e3edec0759,pr96,,
o-g-s,60.5,,,2051,2051,2051,2051,2051,2009,True,10609.0,p99011,Puerto Rico,2.0,2.0,1.0,195.0,SOCO ,PR_6661b925-d433-43bc-afe4-5e7b6049fe17,6661b925-d433-43bc-afe4-5e7b6049fe17,Barry,1.0,STG,ST,1.0,0.0,3.0,15.0,15.0,9.0,PR,6.0,9.0,1.0,153.1,60.5,0.0,0.0,0.0,0.0,1954,2.0,12.0,0.0,0.0,0.0,0.0,0.0,0.0,0.0,  ,0.0,0.144,0.919,0.0,0.0,0.0,0.089,0.053,0.077,0.006,0.051,0.021,0.05,0.025,GF,0,0,1.0,0.0,0.0,1.836,25.297,6.46,1.0,0.326,1.0,1.0,217.2,1.07,0.05,0.0,0.0,0.0,0.52,0.35,0.0,0.76,0.0,0.9,N ,N ,-67.147380541546,18.2373912818469,0.0,0.0,0.0,0.0,0.0,0.0,0.0,0.0,0.0,0.0,0.0,0.0,0.0,1.0,0.0,0.0,0.0,0.0,195.0,o-g-s_n_fsa,n,fsa,1,(OP) Operating,1,Gas Steam,,,False,6661b925-d433-43bc-afe4-5e7b6049fe17,pr29,,
o-g-s,21.0,,,2051,2051,2051,2051,2051,2009,True,10609.0,p99031,Puerto Rico,2.0,2.0,1.0,195.0,SOCO ,PR_d9553dc2-ede7-425a-840f-15eb363cfaed,d9553dc2-ede7-425a-840f-15eb363cfaed,Barry,1.0,STG,ST,1.0,0.0,3.0,15.0,15.0,9.0,PR,6.0,9.0,1.0,153.1,21.0,0.0,0.0,0.0,0.0,1954,2.0,12.0,0.0,0.0,0.0,0.0,0.0,0.0,0.0,  ,0.0,0.144,0.919,0.0,0.0,0.0,0.089,0.053,0.077,0.006,0.051,0.021,0.05,0.025,GF,0,0,1.0,0.0,0.0,1.836,25.297,6.46,1.0,0.326,1.0,1.0,217.2,1.07,0.05,0.0,0.0,0.0,0.52,0.35,0.0,0.76,0.0,0.9,N ,N ,-65.667,18.232,0.0,0.0,0.0,0.0,0.0,0.0,0.0,0.0,0.0,0.0,0.0,0.0,0.0,1.0,0.0,0.0,0.0,0.0,195.0,o-g-s_n_fsa,n,fsa,1,(OP) Operating,1,Gas Steam,,,False,d9553dc2-ede7-425a-840f-15eb363cfaed,pr101,,
o-g-s,60.5,,,2051,2051,2051,2051,2051,2009,True,10609.0,p99011,Puerto Rico,2.0,2.0,1.0,195.0,SOCO ,PR_8595fd90-6aaa-452d-9abe-eeba92ddda2c,8595fd90-6aaa-452d-9abe-eeba92ddda2c,Barry,1.0,STG,ST,1.0,0.0,3.0,15.0,15.0,9.0,PR,6.0,9.0,1.0,153.1,60.5,0.0,0.0,0.0,0.0,1954,2.0,12.0,0.0,0.0,0.0,0.0,0.0,0.0,0.0,  ,0.0,0.144,0.919,0.0,0.0,0.0,0.089,0.053,0.077,0.006,0.051,0.021,0.05,0.025,GF,0,0,1.0,0.0,0.0,1.836,25.297,6.46,1.0,0.326,1.0,1.0,217.2,1.07,0.05,0.0,0.0,0.0,0.52,0.35,0.0,0.76,0.0,0.9,N ,N ,-67.147380541546,18.2373912818469,0.0,0.0,0.0,0.0,0.0,0.0,0.0,0.0,0.0,0.0,0.0,0.0,0.0,1.0,0.0,0.0,0.0,0.0,195.0,o-g-s_n_fsa,n,fsa,1,(OP) Operating,1,Gas Steam,,,False,8595fd90-6aaa-452d-9abe-eeba92ddda2c,pr29,,
o-g-s,410.0,,,2051,2051,2051,2051,2051,2009,True,10609.0,p99028,Puerto Rico,2.0,2.0,1.0,195.0,SOCO ,PR_901600aa-0fd5-424f-854f-f936db9ee696,901600aa-0fd5-424f-854f-f936db9ee696,Barry,1.0,STG,ST,1.0,0.0,3.0,15.0,15.0,9.0,PR,6.0,9.0,1.0,153.1,410.0,0.0,0.0,0.0,0.0,1954,2.0,12.0,0.0,0.0,0.0,0.0,0.0,0.0,0.0,  ,0.0,0.144,0.919,0.0,0.0,0.0,0.089,0.053,0.077,0.006,0.051,0.021,0.05,0.025,GF,0,0,1.0,0.0,0.0,1.836,25.297,6.46,1.0,0.326,1.0,1.0,217.2,1.07,0.05,0.0,0.0,0.0,0.52,0.35,0.0,0.76,0.0,0.9,N ,N ,-66.7549319005293,18.0030629750221,0.0,0.0,0.0,0.0,0.0,0.0,0.0,0.0,0.0,0.0,0.0,0.0,0.0,1.0,0.0,0.0,0.0,0.0,195.0,o-g-s_n_fsa,n,fsa,1,(OP) Operating,1,Gas Steam,,,False,901600aa-0fd5-424f-854f-f936db9ee696,pr96,,
o-g-s,21.0,,,2051,2051,2051,2051,2051,2009,True,10609.0,p99019,Puerto Rico,2.0,2.0,1.0,195.0,SOCO ,PR_abff6ccf-9a21-4e34-a62c-94898b567951,abff6ccf-9a21-4e34-a62c-94898b567951,Barry,1.0,STG,ST,1.0,0.0,3.0,15.0,15.0,9.0,PR,6.0,9.0,1.0,153.1,21.0,0.0,0.0,0.0,0.0,1954,2.0,12.0,0.0,0.0,0.0,0.0,0.0,0.0,0.0,  ,0.0,0.144,0.919,0.0,0.0,0.0,0.089,0.053,0.077,0.006,0.051,0.021,0.05,0.025,GF,0,0,1.0,0.0,0.0,1.836,25.297,6.46,1.0,0.326,1.0,1.0,217.2,1.07,0.05,0.0,0.0,0.0,0.52,0.35,0.0,0.76,0.0,0.9,N ,N ,-66.14887874,18.45454337,0.0,0.0,0.0,0.0,0.0,0.0,0.0,0.0,0.0,0.0,0.0,0.0,0.0,1.0,0.0,0.0,0.0,0.0,195.0,o-g-s_n_fsa,n,fsa,1,(OP) Operating,1,Gas Steam,,,False,abff6ccf-9a21-4e34-a62c-94898b567951,pr63,,
o-g-s,21.0,,,2051,2051,2051,2051,2051,2009,True,10609.0,p99004,Puerto Rico,2.0,2.0,1.0,195.0,SOCO ,PR_2cc7523c-8692-4e7d-b5ac-e5348bb6f572,2cc7523c-8692-4e7d-b5ac-e5348bb6f572,Barry,1.0,STG,ST,1.0,0.0,3.0,15.0,15.0,9.0,PR,6.0,9.0,1.0,153.1,21.0,0.0,0.0,0.0,0.0,1954,2.0,12.0,0.0,0.0,0.0,0.0,0.0,0.0,0.0,  ,0.0,0.144,0.919,0.0,0.0,0.0,0.089,0.053,0.077,0.006,0.051,0.021,0.05,0.025,GF,0,0,1.0,0.0,0.0,1.836,25.297,6.46,1.0,0.326,1.0,1.0,217.2,1.07,0.05,0.0,0.0,0.0,0.52,0.35,0.0,0.76,0.0,0.9,N ,N ,-66.139303974935,17.961056944062,0.0,0.0,0.0,0.0,0.0,0.0,0.0,0.0,0.0,0.0,0.0,0.0,0.0,1.0,0.0,0.0,0.0,0.0,195.0,o-g-s_n_fsa,n,fsa,1,(OP) Operating,1,Gas Steam,,,False,2cc7523c-8692-4e7d-b5ac-e5348bb6f572,pr8,,
o-g-s,50.0,,,2051,2051,2051,2051,2051,2009,True,10609.0,p99034,Puerto Rico,2.0,2.0,1.0,195.0,SOCO ,PR_33cf268c-d7cf-4386-aebf-e13a0bcfc74e,33cf268c-d7cf-4386-aebf-e13a0bcfc74e,Barry,1.0,STG,ST,1.0,0.0,3.0,15.0,15.0,9.0,PR,6.0,9.0,1.0,153.1,50.0,0.0,0.0,0.0,0.0,1954,2.0,12.0,0.0,0.0,0.0,0.0,0.0,0.0,0.0,  ,0.0,0.144,0.919,0.0,0.0,0.0,0.089,0.053,0.077,0.006,0.051,0.021,0.05,0.025,GF,0,0,1.0,0.0,0.0,1.836,25.297,6.46,1.0,0.326,1.0,1.0,217.2,1.07,0.05,0.0,0.0,0.0,0.52,0.35,0.0,0.76,0.0,0.9,N ,N ,-66.2308401882358,17.9520116156805,0.0,0.0,0.0,0.0,0.0,0.0,0.0,0.0,0.0,0.0,0.0,0.0,0.0,1.0,0.0,0.0,0.0,0.0,195.0,o-g-s_n_fsa,n,fsa,1,(OP) Operating,1,Gas Steam,,,False,33cf268c-d7cf-4386-aebf-e13a0bcfc74e,pr106,,
o-g-s,27.0,,,2051,2051,2051,2051,2051,2009,True,10609.0,p99019,Puerto Rico,2.0,2.0,1.0,195.0,SOCO ,PR_6f345e87-1b79-4ebc-b9e7-60c0de23b805,6f345e87-1b79-4ebc-b9e7-60c0de23b805,Barry,1.0,STG,ST,1.0,0.0,3.0,15.0,15.0,9.0,PR,6.0,9.0,1.0,153.1,27.0,0.0,0.0,0.0,0.0,1954,2.0,12.0,0.0,0.0,0.0,0.0,0.0,0.0,0.0,  ,0.0,0.144,0.919,0.0,0.0,0.0,0.089,0.053,0.077,0.006,0.051,0.021,0.05,0.025,GF,0,0,1.0,0.0,0.0,1.836,25.297,6.46,1.0,0.326,1.0,1.0,217.2,1.07,0.05,0.0,0.0,0.0,0.52,0.35,0.0,0.76,0.0,0.9,N ,N ,-66.14887874,18.45454337,0.0,0.0,0.0,0.0,0.0,0.0,0.0,0.0,0.0,0.0,0.0,0.0,0.0,1.0,0.0,0.0,0.0,0.0,195.0,o-g-s_n_fsa,n,fsa,1,(OP) Operating,1,Gas Steam,,,False,6f345e87-1b79-4ebc-b9e7-60c0de23b805,pr63,,
o-g-s,60.5,,,2051,2051,2051,2051,2051,2009,True,10609.0,p99011,Puerto Rico,2.0,2.0,1.0,195.0,SOCO ,PR_009dcb1e-5d0d-4a52-9487-ed1c1f3ac2ee,009dcb1e-5d0d-4a52-9487-ed1c1f3ac2ee,Barry,1.0,STG,ST,1.0,0.0,3.0,15.0,15.0,9.0,PR,6.0,9.0,1.0,153.1,60.5,0.0,0.0,0.0,0.0,1954,2.0,12.0,0.0,0.0,0.0,0.0,0.0,0.0,0.0,  ,0.0,0.144,0.919,0.0,0.0,0.0,0.089,0.053,0.077,0.006,0.051,0.021,0.05,0.025,GF,0,0,1.0,0.0,0.0,1.836,25.297,6.46,1.0,0.326,1.0,1.0,217.2,1.07,0.05,0.0,0.0,0.0,0.52,0.35,0.0,0.76,0.0,0.9,N ,N ,-67.147380541546,18.2373912818469,0.0,0.0,0.0,0.0,0.0,0.0,0.0,0.0,0.0,0.0,0.0,0.0,0.0,1.0,0.0,0.0,0.0,0.0,195.0,o-g-s_n_fsa,n,fsa,1,(OP) Operating,1,Gas Steam,,,False,009dcb1e-5d0d-4a52-9487-ed1c1f3ac2ee,pr29,,
o-g-s,181.5,,,2051,2051,2051,2051,2051,2009,True,10609.0,p99068,Puerto Rico,2.0,2.0,1.0,195.0,SOCO ,PR_59a099af-52cb-4b4e-b40d-1fc85ce9885b,59a099af-52cb-4b4e-b40d-1fc85ce9885b,Barry,1.0,STG,ST,1.0,0.0,3.0,15.0,15.0,9.0,PR,6.0,9.0,1.0,153.1,181.5,0.0,0.0,0.0,0.0,1954,2.0,12.0,0.0,0.0,0.0,0.0,0.0,0.0,0.0,  ,0.0,0.144,0.919,0.0,0.0,0.0,0.089,0.053,0.077,0.006,0.051,0.021,0.05,0.025,GF,0,0,1.0,0.0,0.0,1.836,25.297,6.46,1.0,0.326,1.0,1.0,217.2,1.07,0.05,0.0,0.0,0.0,0.52,0.35,0.0,0.76,0.0,0.9,N ,N ,-66.7568194626311,17.9785078976431,0.0,0.0,0.0,0.0,0.0,0.0,0.0,0.0,0.0,0.0,0.0,0.0,0.0,1.0,0.0,0.0,0.0,0.0,195.0,o-g-s_n_fsa,n,fsa,1,(OP) Operating,1,Gas Steam,,,False,59a099af-52cb-4b4e-b40d-1fc85ce9885b,pr319,,
o-g-s,450.0,,,2051,2051,2051,2051,2051,2009,True,10609.0,p99034,Puerto Rico,2.0,2.0,1.0,195.0,SOCO ,PR_af7da546-0baa-438e-96f1-7d09fcc1fdd8,af7da546-0baa-438e-96f1-7d09fcc1fdd8,Barry,1.0,STG,ST,1.0,0.0,3.0,15.0,15.0,9.0,PR,6.0,9.0,1.0,153.1,450.0,0.0,0.0,0.0,0.0,1954,2.0,12.0,0.0,0.0,0.0,0.0,0.0,0.0,0.0,  ,0.0,0.144,0.919,0.0,0.0,0.0,0.089,0.053,0.077,0.006,0.051,0.021,0.05,0.025,GF,0,0,1.0,0.0,0.0,1.836,25.297,6.46,1.0,0.326,1.0,1.0,217.2,1.07,0.05,0.0,0.0,0.0,0.52,0.35,0.0,0.76,0.0,0.9,N ,N ,-66.2308401882358,17.9520116156805,0.0,0.0,0.0,0.0,0.0,0.0,0.0,0.0,0.0,0.0,0.0,0.0,0.0,1.0,0.0,0.0,0.0,0.0,195.0,o-g-s_n_fsa,n,fsa,1,(OP) Operating,1,Gas Steam,,,False,af7da546-0baa-438e-96f1-7d09fcc1fdd8,pr106,,
o-g-s,142.3,,,2051,2051,2051,2051,2051,2009,True,10609.0,p99026,Puerto Rico,2.0,2.0,1.0,195.0,SOCO ,PR_d76088cb-2877-4d8f-bd4d-a71e49f3ef95,d76088cb-2877-4d8f-bd4d-a71e49f3ef95,Barry,1.0,STG,ST,1.0,0.0,3.0,15.0,15.0,9.0,PR,6.0,9.0,1.0,153.1,142.3,0.0,0.0,0.0,0.0,1954,2.0,12.0,0.0,0.0,0.0,0.0,0.0,0.0,0.0,  ,0.0,0.144,0.919,0.0,0.0,0.0,0.089,0.053,0.077,0.006,0.051,0.021,0.05,0.025,GF,0,0,1.0,0.0,0.0,1.836,25.297,6.46,1.0,0.326,1.0,1.0,217.2,1.07,0.05,0.0,0.0,0.0,0.52,0.35,0.0,0.76,0.0,0.9,N ,N ,-66.104404337261,18.4270894106024,0.0,0.0,0.0,0.0,0.0,0.0,0.0,0.0,0.0,0.0,0.0,0.0,0.0,1.0,0.0,0.0,0.0,0.0,195.0,o-g-s_n_fsa,n,fsa,1,(OP) Operating,1,Gas Steam,,,False,d76088cb-2877-4d8f-bd4d-a71e49f3ef95,pr88,,
o-g-s,82.5,,,2051,2051,2051,2051,2051,2009,True,10609.0,p99080,Puerto Rico,2.0,2.0,1.0,195.0,SOCO ,PR_4ad23632-da06-4ee7-9a47-31f4feaf953d,4ad23632-da06-4ee7-9a47-31f4feaf953d,Barry,1.0,STG,ST,1.0,0.0,3.0,15.0,15.0,9.0,PR,6.0,9.0,1.0,153.1,82.5,0.0,0.0,0.0,0.0,1954,2.0,12.0,0.0,0.0,0.0,0.0,0.0,0.0,0.0,  ,0.0,0.144,0.919,0.0,0.0,0.0,0.089,0.053,0.077,0.006,0.051,0.021,0.05,0.025,GF,0,0,1.0,0.0,0.0,1.836,25.297,6.46,1.0,0.326,1.0,1.0,217.2,1.07,0.05,0.0,0.0,0.0,0.52,0.35,0.0,0.76,0.0,0.9,N ,N ,-66.6968634056452,18.4690563228198,0.0,0.0,0.0,0.0,0.0,0.0,0.0,0.0,0.0,0.0,0.0,0.0,0.0,1.0,0.0,0.0,0.0,0.0,195.0,o-g-s_n_fsa,n,fsa,1,(OP) Operating,1,Gas Steam,,,False,4ad23632-da06-4ee7-9a47-31f4feaf953d,pr440,,
o-g-s,162.7,,,2051,2051,2051,2051,2051,2009,True,10609.0,p99068,Puerto Rico,2.0,2.0,1.0,195.0,SOCO ,PR_4f83c4fc-5da4-4de3-954a-27806f17354e,4f83c4fc-5da4-4de3-954a-27806f17354e,Barry,1.0,STG,ST,1.0,0.0,3.0,15.0,15.0,9.0,PR,6.0,9.0,1.0,153.1,162.7,0.0,0.0,0.0,0.0,1954,2.0,12.0,0.0,0.0,0.0,0.0,0.0,0.0,0.0,  ,0.0,0.144,0.919,0.0,0.0,0.0,0.089,0.053,0.077,0.006,0.051,0.021,0.05,0.025,GF,0,0,1.0,0.0,0.0,1.836,25.297,6.46,1.0,0.326,1.0,1.0,217.2,1.07,0.05,0.0,0.0,0.0,0.52,0.35,0.0,0.76,0.0,0.9,N ,N ,-66.7568194626311,17.9785078976431,0.0,0.0,0.0,0.0,0.0,0.0,0.0,0.0,0.0,0.0,0.0,0.0,0.0,1.0,0.0,0.0,0.0,0.0,195.0,o-g-s_n_fsa,n,fsa,1,(OP) Operating,1,Gas Steam,,,False,4f83c4fc-5da4-4de3-954a-27806f17354e,pr319,,
hydED,20.0,,,2051,2051,2051,2051,2051,2009,True,,p99043,Puerto Rico,1.0,1.0,1.0,195.0,SOCO ,PR_cbee1d7e-8a9c-4f96-9491-efe43c1d7719,cbee1d7e-8a9c-4f96-9491-efe43c1d7719,Bankhead Dam,1.0,HYC,HY,1.0,0.0,12.0,15.0,15.0,9.0,PR,6.0,9.0,1.0,53.9,20.0,0.0,0.0,0.0,0.0,1963,7.0,12.0,0.0,0.0,0.0,0.0,0.0,0.0,0.0,  ,0.0,0.36,0.348,0.354,0.3,0.262,0.237,0.238,0.246,0.217,0.155,0.142,0.176,0.206,WA,0,0,1.0,0.0,0.0,0.0,6.527,0.0,1.0,0.0,0.0,0.0,0.0,0.0,0.0,0.0,0.0,0.0,0.0,0.35,0.0,0.0,0.0,0.9,N ,N ,-67.0091432005955,18.0750990243733,0.0,0.0,0.0,0.0,0.0,0.0,0.0,0.0,0.0,0.0,0.0,0.0,0.0,0.0,0.0,0.0,0.0,0.0,195.0,hydED_n_fsa,n,fsa,1,(OP) Operating,1,Conventional Hydroelectric,,,False,cbee1d7e-8a9c-4f96-9491-efe43c1d7719,pr169,,
dupv,10.858064023870588,,,2051,2051,2051,2051,2051,2009,True,,p99001,Puerto Rico,3894.0,3894.0,2.0,24211.0,TEPC ,PR_PR100_DPV_2022_pr2,PR100_DPV_2022_pr2,Springerville,1.0,SPV,PV,1.0,0.0,4.0,20.0,20.0,15.0,PR,8.0,14.0,1.0,1.4,10.858064023870588,0.0,0.0,0.0,0.0,2010,12.0,12.0,0.0,0.0,0.0,0.0,0.0,0.0,0.0,  ,0.0,0.161,0.132,0.121,0.192,0.203,0.221,0.211,0.167,0.177,0.162,0.155,0.16,0.115,PV,0,0,1.0,0.0,0.0,0.0,17.4,0.0,1.0,0.0,0.0,0.0,0.0,0.0,0.0,0.0,0.0,0.0,0.0,0.35,0.0,0.0,0.0,0.9,N ,N ,-66.7532760592112,18.0015070538032,0.0,0.0,0.0,0.0,0.0,0.0,0.0,0.0,0.0,0.0,0.0,0.0,0.0,0.0,0.0,0.0,0.0,0.0,24211.0,dupv_n_fg,n,fg,1,(OP) Operating,1,Solar Photovoltaic,,,False,PR100_DPV_2022_pr2,pr2,1649,0.18592988
dupv,11.688715213588235,,,2051,2051,2051,2051,2051,2009,True,,p99002,Puerto Rico,3894.0,3894.0,2.0,24211.0,TEPC ,PR_PR100_DPV_2022_pr3,PR100_DPV_2022_pr3,Springerville,1.0,SPV,PV,1.0,0.0,4.0,20.0,20.0,15.0,PR,8.0,14.0,1.0,1.4,11.688715213588235,0.0,0.0,0.0,0.0,2010,12.0,12.0,0.0,0.0,0.0,0.0,0.0,0.0,0.0,  ,0.0,0.161,0.132,0.121,0.192,0.203,0.221,0.211,0.167,0.177,0.162,0.155,0.16,0.115,PV,0,0,1.0,0.0,0.0,0.0,17.4,0.0,1.0,0.0,0.0,0.0,0.0,0.0,0.0,0.0,0.0,0.0,0.0,0.35,0.0,0.0,0.0,0.9,N ,N ,-66.6114863915734,18.0012809272951,0.0,0.0,0.0,0.0,0.0,0.0,0.0,0.0,0.0,0.0,0.0,0.0,0.0,0.0,0.0,0.0,0.0,0.0,24211.0,dupv_n_fg,n,fg,1,(OP) Operating,1,Solar Photovoltaic,,,False,PR100_DPV_2022_pr3,pr3,1652,0.18430041
dupv,0.4900384615384619,,,2051,2051,2051,2051,2051,2009,True,,p99003,Puerto Rico,3894.0,3894.0,2.0,24211.0,TEPC ,PR_PR100_DPV_2022_pr5,PR100_DPV_2022_pr5,Springerville,1.0,SPV,PV,1.0,0.0,4.0,20.0,20.0,15.0,PR,8.0,14.0,1.0,1.4,0.4900384615384619,0.0,0.0,0.0,0.0,2010,12.0,12.0,0.0,0.0,0.0,0.0,0.0,0.0,0.0,  ,0.0,0.161,0.132,0.121,0.192,0.203,0.221,0.211,0.167,0.177,0.162,0.155,0.16,0.115,PV,0,0,1.0,0.0,0.0,0.0,17.4,0.0,1.0,0.0,0.0,0.0,0.0,0.0,0.0,0.0,0.0,0.0,0.0,0.35,0.0,0.0,0.0,0.9,N ,N ,-65.8234605404272,18.1051828222315,0.0,0.0,0.0,0.0,0.0,0.0,0.0,0.0,0.0,0.0,0.0,0.0,0.0,0.0,0.0,0.0,0.0,0.0,24211.0,dupv_n_fg,n,fg,1,(OP) Operating,1,Solar Photovoltaic,,,False,PR100_DPV_2022_pr5,pr5,1662,0.19205135
dupv,11.864850443754545,,,2051,2051,2051,2051,2051,2009,True,,p99004,Puerto Rico,3894.0,3894.0,2.0,24211.0,TEPC ,PR_PR100_DPV_2022_pr8,PR100_DPV_2022_pr8,Springerville,1.0,SPV,PV,1.0,0.0,4.0,20.0,20.0,15.0,PR,8.0,14.0,1.0,1.4,11.864850443754545,0.0,0.0,0.0,0.0,2010,12.0,12.0,0.0,0.0,0.0,0.0,0.0,0.0,0.0,  ,0.0,0.161,0.132,0.121,0.192,0.203,0.221,0.211,0.167,0.177,0.162,0.155,0.16,0.115,PV,0,0,1.0,0.0,0.0,0.0,17.4,0.0,1.0,0.0,0.0,0.0,0.0,0.0,0.0,0.0,0.0,0.0,0.0,0.35,0.0,0.0,0.0,0.9,N ,N ,-66.139303974935,17.961056944062,0.0,0.0,0.0,0.0,0.0,0.0,0.0,0.0,0.0,0.0,0.0,0.0,0.0,0.0,0.0,0.0,0.0,0.0,24211.0,dupv_n_fg,n,fg,1,(OP) Operating,1,Solar Photovoltaic,,,False,PR100_DPV_2022_pr8,pr8,1667,0.20298149
dupv,13.166463569833333,,,2051,2051,2051,2051,2051,2009,True,,p99005,Puerto Rico,3894.0,3894.0,2.0,24211.0,TEPC ,PR_PR100_DPV_2022_pr10,PR100_DPV_2022_pr10,Springerville,1.0,SPV,PV,1.0,0.0,4.0,20.0,20.0,15.0,PR,8.0,14.0,1.0,1.4,13.166463569833333,0.0,0.0,0.0,0.0,2010,12.0,12.0,0.0,0.0,0.0,0.0,0.0,0.0,0.0,  ,0.0,0.161,0.132,0.121,0.192,0.203,0.221,0.211,0.167,0.177,0.162,0.155,0.16,0.115,PV,0,0,1.0,0.0,0.0,0.0,17.4,0.0,1.0,0.0,0.0,0.0,0.0,0.0,0.0,0.0,0.0,0.0,0.0,0.35,0.0,0.0,0.0,0.9,N ,N ,-66.1710658953323,18.1204052191257,0.0,0.0,0.0,0.0,0.0,0.0,0.0,0.0,0.0,0.0,0.0,0.0,0.0,0.0,0.0,0.0,0.0,0.0,24211.0,dupv_n_fg,n,fg,1,(OP) Operating,1,Solar Photovoltaic,,,False,PR100_DPV_2022_pr10,pr10,1106,0.19133598
dupv,11.270884615384617,,,2051,2051,2051,2051,2051,2009,True,,p99006,Puerto Rico,3894.0,3894.0,2.0,24211.0,TEPC ,PR_PR100_DPV_2022_pr14,PR100_DPV_2022_pr14,Springerville,1.0,SPV,PV,1.0,0.0,4.0,20.0,20.0,15.0,PR,8.0,14.0,1.0,1.4,11.270884615384617,0.0,0.0,0.0,0.0,2010,12.0,12.0,0.0,0.0,0.0,0.0,0.0,0.0,0.0,  ,0.0,0.161,0.132,0.121,0.192,0.203,0.221,0.211,0.167,0.177,0.162,0.155,0.16,0.115,PV,0,0,1.0,0.0,0.0,0.0,17.4,0.0,1.0,0.0,0.0,0.0,0.0,0.0,0.0,0.0,0.0,0.0,0.0,0.35,0.0,0.0,0.0,0.9,N ,N ,-65.82683737768,18.13732480866,0.0,0.0,0.0,0.0,0.0,0.0,0.0,0.0,0.0,0.0,0.0,0.0,0.0,0.0,0.0,0.0,0.0,0.0,24211.0,dupv_n_fg,n,fg,1,(OP) Operating,1,Solar Photovoltaic,,,False,PR100_DPV_2022_pr14,pr14,1645,0.19101645
dupv,9.443,,,2051,2051,2051,2051,2051,2009,True,,p99008,Puerto Rico,3894.0,3894.0,2.0,24211.0,TEPC ,PR_PR100_DPV_2022_pr18,PR100_DPV_2022_pr18,Springerville,1.0,SPV,PV,1.0,0.0,4.0,20.0,20.0,15.0,PR,8.0,14.0,1.0,1.4,9.443,0.0,0.0,0.0,0.0,2010,12.0,12.0,0.0,0.0,0.0,0.0,0.0,0.0,0.0,  ,0.0,0.161,0.132,0.121,0.192,0.203,0.221,0.211,0.167,0.177,0.162,0.155,0.16,0.115,PV,0,0,1.0,0.0,0.0,0.0,17.4,0.0,1.0,0.0,0.0,0.0,0.0,0.0,0.0,0.0,0.0,0.0,0.0,0.35,0.0,0.0,0.0,0.9,N ,N ,-65.6457601435012,18.3297155598641,0.0,0.0,0.0,0.0,0.0,0.0,0.0,0.0,0.0,0.0,0.0,0.0,0.0,0.0,0.0,0.0,0.0,0.0,24211.0,dupv_n_fg,n,fg,1,(OP) Operating,1,Solar Photovoltaic,,,False,PR100_DPV_2022_pr18,pr18,513,0.19359612
dupv,41.67981549141936,,,2051,2051,2051,2051,2051,2009,True,,p99009,Puerto Rico,3894.0,3894.0,2.0,24211.0,TEPC ,PR_PR100_DPV_2022_pr21,PR100_DPV_2022_pr21,Springerville,1.0,SPV,PV,1.0,0.0,4.0,20.0,20.0,15.0,PR,8.0,14.0,1.0,1.4,41.67981549141936,0.0,0.0,0.0,0.0,2010,12.0,12.0,0.0,0.0,0.0,0.0,0.0,0.0,0.0,  ,0.0,0.161,0.132,0.121,0.192,0.203,0.221,0.211,0.167,0.177,0.162,0.155,0.16,0.115,PV,0,0,1.0,0.0,0.0,0.0,17.4,0.0,1.0,0.0,0.0,0.0,0.0,0.0,0.0,0.0,0.0,0.0,0.0,0.35,0.0,0.0,0.0,0.9,N ,N ,-66.0367270254871,18.2394711140921,0.0,0.0,0.0,0.0,0.0,0.0,0.0,0.0,0.0,0.0,0.0,0.0,0.0,0.0,0.0,0.0,0.0,0.0,24211.0,dupv_n_fg,n,fg,1,(OP) Operating,1,Solar Photovoltaic,,,False,PR100_DPV_2022_pr21,pr21,883,0.18832254
dupv,7.082047071486955,,,2051,2051,2051,2051,2051,2009,True,,p99011,Puerto Rico,3894.0,3894.0,2.0,24211.0,TEPC ,PR_PR100_DPV_2022_pr29,PR100_DPV_2022_pr29,Springerville,1.0,SPV,PV,1.0,0.0,4.0,20.0,20.0,15.0,PR,8.0,14.0,1.0,1.4,7.082047071486955,0.0,0.0,0.0,0.0,2010,12.0,12.0,0.0,0.0,0.0,0.0,0.0,0.0,0.0,  ,0.0,0.161,0.132,0.121,0.192,0.203,0.221,0.211,0.167,0.177,0.162,0.155,0.16,0.115,PV,0,0,1.0,0.0,0.0,0.0,17.4,0.0,1.0,0.0,0.0,0.0,0.0,0.0,0.0,0.0,0.0,0.0,0.0,0.35,0.0,0.0,0.0,0.9,N ,N ,-67.147380541546,18.2373912818469,0.0,0.0,0.0,0.0,0.0,0.0,0.0,0.0,0.0,0.0,0.0,0.0,0.0,0.0,0.0,0.0,0.0,0.0,24211.0,dupv_n_fg,n,fg,1,(OP) Operating,1,Solar Photovoltaic,,,False,PR100_DPV_2022_pr29,pr29,1651,0.18500876
dupv,11.649598962375,,,2051,2051,2051,2051,2051,2009,True,,p99012,Puerto Rico,3894.0,3894.0,2.0,24211.0,TEPC ,PR_PR100_DPV_2022_pr32,PR100_DPV_2022_pr32,Springerville,1.0,SPV,PV,1.0,0.0,4.0,20.0,20.0,15.0,PR,8.0,14.0,1.0,1.4,11.649598962375,0.0,0.0,0.0,0.0,2010,12.0,12.0,0.0,0.0,0.0,0.0,0.0,0.0,0.0,  ,0.0,0.161,0.132,0.121,0.192,0.203,0.221,0.211,0.167,0.177,0.162,0.155,0.16,0.115,PV,0,0,1.0,0.0,0.0,0.0,17.4,0.0,1.0,0.0,0.0,0.0,0.0,0.0,0.0,0.0,0.0,0.0,0.0,0.35,0.0,0.0,0.0,0.9,N ,N ,-67.15392125,18.40430858,0.0,0.0,0.0,0.0,0.0,0.0,0.0,0.0,0.0,0.0,0.0,0.0,0.0,0.0,0.0,0.0,0.0,0.0,24211.0,dupv_n_fg,n,fg,1,(OP) Operating,1,Solar Photovoltaic,,,False,PR100_DPV_2022_pr32,pr32,233,0.19425148
dupv,10.585734516125,,,2051,2051,2051,2051,2051,2009,True,,p99013,Puerto Rico,3894.0,3894.0,2.0,24211.0,TEPC ,PR_PR100_DPV_2022_pr35,PR100_DPV_2022_pr35,Springerville,1.0,SPV,PV,1.0,0.0,4.0,20.0,20.0,15.0,PR,8.0,14.0,1.0,1.4,10.585734516125,0.0,0.0,0.0,0.0,2010,12.0,12.0,0.0,0.0,0.0,0.0,0.0,0.0,0.0,  ,0.0,0.161,0.132,0.121,0.192,0.203,0.221,0.211,0.167,0.177,0.162,0.155,0.16,0.115,PV,0,0,1.0,0.0,0.0,0.0,17.4,0.0,1.0,0.0,0.0,0.0,0.0,0.0,0.0,0.0,0.0,0.0,0.0,0.35,0.0,0.0,0.0,0.9,N ,N ,-66.9886325740527,18.3408521093501,0.0,0.0,0.0,0.0,0.0,0.0,0.0,0.0,0.0,0.0,0.0,0.0,0.0,0.0,0.0,0.0,0.0,0.0,24211.0,dupv_n_fg,n,fg,1,(OP) Operating,1,Solar Photovoltaic,,,False,PR100_DPV_2022_pr35,pr35,467,0.18547796
dupv,4.39276045303125,,,2051,2051,2051,2051,2051,2009,True,,p99014,Puerto Rico,3894.0,3894.0,2.0,24211.0,TEPC ,PR_PR100_DPV_2022_pr38,PR100_DPV_2022_pr38,Springerville,1.0,SPV,PV,1.0,0.0,4.0,20.0,20.0,15.0,PR,8.0,14.0,1.0,1.4,4.39276045303125,0.0,0.0,0.0,0.0,2010,12.0,12.0,0.0,0.0,0.0,0.0,0.0,0.0,0.0,  ,0.0,0.161,0.132,0.121,0.192,0.203,0.221,0.211,0.167,0.177,0.162,0.155,0.16,0.115,PV,0,0,1.0,0.0,0.0,0.0,17.4,0.0,1.0,0.0,0.0,0.0,0.0,0.0,0.0,0.0,0.0,0.0,0.0,0.35,0.0,0.0,0.0,0.9,N ,N ,-66.666,18.336,0.0,0.0,0.0,0.0,0.0,0.0,0.0,0.0,0.0,0.0,0.0,0.0,0.0,0.0,0.0,0.0,0.0,0.0,24211.0,dupv_n_fg,n,fg,1,(OP) Operating,1,Solar Photovoltaic,,,False,PR100_DPV_2022_pr38,pr38,1654,0.18834226
dupv,4.63693750040625,,,2051,2051,2051,2051,2051,2009,True,,p99015,Puerto Rico,3894.0,3894.0,2.0,24211.0,TEPC ,PR_PR100_DPV_2022_pr40,PR100_DPV_2022_pr40,Springerville,1.0,SPV,PV,1.0,0.0,4.0,20.0,20.0,15.0,PR,8.0,14.0,1.0,1.4,4.63693750040625,0.0,0.0,0.0,0.0,2010,12.0,12.0,0.0,0.0,0.0,0.0,0.0,0.0,0.0,  ,0.0,0.161,0.132,0.121,0.192,0.203,0.221,0.211,0.167,0.177,0.162,0.155,0.16,0.115,PV,0,0,1.0,0.0,0.0,0.0,17.4,0.0,1.0,0.0,0.0,0.0,0.0,0.0,0.0,0.0,0.0,0.0,0.0,0.35,0.0,0.0,0.0,0.9,N ,N ,-66.70054232,18.45395878,0.0,0.0,0.0,0.0,0.0,0.0,0.0,0.0,0.0,0.0,0.0,0.0,0.0,0.0,0.0,0.0,0.0,0.0,24211.0,dupv_n_fg,n,fg,1,(OP) Operating,1,Solar Photovoltaic,,,False,PR100_DPV_2022_pr40,pr40,1656,0.19359472
dupv,14.056021478,,,2051,2051,2051,2051,2051,2009,True,,p99016,Puerto Rico,3894.0,3894.0,2.0,24211.0,TEPC ,PR_PR100_DPV_2022_pr41,PR100_DPV_2022_pr41,Springerville,1.0,SPV,PV,1.0,0.0,4.0,20.0,20.0,15.0,PR,8.0,14.0,1.0,1.4,14.056021478,0.0,0.0,0.0,0.0,2010,12.0,12.0,0.0,0.0,0.0,0.0,0.0,0.0,0.0,  ,0.0,0.161,0.132,0.121,0.192,0.203,0.221,0.211,0.167,0.177,0.162,0.155,0.16,0.115,PV,0,0,1.0,0.0,0.0,0.0,17.4,0.0,1.0,0.0,0.0,0.0,0.0,0.0,0.0,0.0,0.0,0.0,0.0,0.35,0.0,0.0,0.0,0.9,N ,N ,-66.3914685076281,18.4458787165834,0.0,0.0,0.0,0.0,0.0,0.0,0.0,0.0,0.0,0.0,0.0,0.0,0.0,0.0,0.0,0.0,0.0,0.0,24211.0,dupv_n_fg,n,fg,1,(OP) Operating,1,Solar Photovoltaic,,,False,PR100_DPV_2022_pr41,pr41,262,0.19518115
dupv,15.50146666537778,,,2051,2051,2051,2051,2051,2009,True,,p99017,Puerto Rico,3894.0,3894.0,2.0,24211.0,TEPC ,PR_PR100_DPV_2022_pr45,PR100_DPV_2022_pr45,Springerville,1.0,SPV,PV,1.0,0.0,4.0,20.0,20.0,15.0,PR,8.0,14.0,1.0,1.4,15.50146666537778,0.0,0.0,0.0,0.0,2010,12.0,12.0,0.0,0.0,0.0,0.0,0.0,0.0,0.0,  ,0.0,0.161,0.132,0.121,0.192,0.203,0.221,0.211,0.167,0.177,0.162,0.155,0.16,0.115,PV,0,0,1.0,0.0,0.0,0.0,17.4,0.0,1.0,0.0,0.0,0.0,0.0,0.0,0.0,0.0,0.0,0.0,0.0,0.35,0.0,0.0,0.0,0.9,N ,N ,-66.1410715779413,18.3988201392758,0.0,0.0,0.0,0.0,0.0,0.0,0.0,0.0,0.0,0.0,0.0,0.0,0.0,0.0,0.0,0.0,0.0,0.0,24211.0,dupv_n_fg,n,fg,1,(OP) Operating,1,Solar Photovoltaic,,,False,PR100_DPV_2022_pr45,pr45,1659,0.1808112
dupv,9.475927497467744,,,2051,2051,2051,2051,2051,2009,True,,p99018,Puerto Rico,3894.0,3894.0,2.0,24211.0,TEPC ,PR_PR100_DPV_2022_pr50,PR100_DPV_2022_pr50,Springerville,1.0,SPV,PV,1.0,0.0,4.0,20.0,20.0,15.0,PR,8.0,14.0,1.0,1.4,9.475927497467744,0.0,0.0,0.0,0.0,2010,12.0,12.0,0.0,0.0,0.0,0.0,0.0,0.0,0.0,  ,0.0,0.161,0.132,0.121,0.192,0.203,0.221,0.211,0.167,0.177,0.162,0.155,0.16,0.115,PV,0,0,1.0,0.0,0.0,0.0,17.4,0.0,1.0,0.0,0.0,0.0,0.0,0.0,0.0,0.0,0.0,0.0,0.0,0.35,0.0,0.0,0.0,0.9,N ,N ,-66.0728457784086,18.3732806365162,0.0,0.0,0.0,0.0,0.0,0.0,0.0,0.0,0.0,0.0,0.0,0.0,0.0,0.0,0.0,0.0,0.0,0.0,24211.0,dupv_n_fg,n,fg,1,(OP) Operating,1,Solar Photovoltaic,,,False,PR100_DPV_2022_pr50,pr50,1663,0.18255089
dupv,2.79977254928366,,,2051,2051,2051,2051,2051,2009,True,,p99019,Puerto Rico,3894.0,3894.0,2.0,24211.0,TEPC ,PR_PR100_DPV_2022_pr63,PR100_DPV_2022_pr63,Springerville,1.0,SPV,PV,1.0,0.0,4.0,20.0,20.0,15.0,PR,8.0,14.0,1.0,1.4,2.79977254928366,0.0,0.0,0.0,0.0,2010,12.0,12.0,0.0,0.0,0.0,0.0,0.0,0.0,0.0,  ,0.0,0.161,0.132,0.121,0.192,0.203,0.221,0.211,0.167,0.177,0.162,0.155,0.16,0.115,PV,0,0,1.0,0.0,0.0,0.0,17.4,0.0,1.0,0.0,0.0,0.0,0.0,0.0,0.0,0.0,0.0,0.0,0.0,0.35,0.0,0.0,0.0,0.9,N ,N ,-66.14887874,18.45454337,0.0,0.0,0.0,0.0,0.0,0.0,0.0,0.0,0.0,0.0,0.0,0.0,0.0,0.0,0.0,0.0,0.0,0.0,24211.0,dupv_n_fg,n,fg,1,(OP) Operating,1,Solar Photovoltaic,,,False,PR100_DPV_2022_pr63,pr63,1665,0.18287948
dupv,14.123442001250895,,,2051,2051,2051,2051,2051,2009,True,,p99020,Puerto Rico,3894.0,3894.0,2.0,24211.0,TEPC ,PR_PR100_DPV_2022_pr82,PR100_DPV_2022_pr82,Springerville,1.0,SPV,PV,1.0,0.0,4.0,20.0,20.0,15.0,PR,8.0,14.0,1.0,1.4,14.123442001250895,0.0,0.0,0.0,0.0,2010,12.0,12.0,0.0,0.0,0.0,0.0,0.0,0.0,0.0,  ,0.0,0.161,0.132,0.121,0.192,0.203,0.221,0.211,0.167,0.177,0.162,0.155,0.16,0.115,PV,0,0,1.0,0.0,0.0,0.0,17.4,0.0,1.0,0.0,0.0,0.0,0.0,0.0,0.0,0.0,0.0,0.0,0.0,0.35,0.0,0.0,0.0,0.9,N ,N ,-65.9094991272663,18.3749310778779,0.0,0.0,0.0,0.0,0.0,0.0,0.0,0.0,0.0,0.0,0.0,0.0,0.0,0.0,0.0,0.0,0.0,0.0,24211.0,dupv_n_fg,n,fg,1,(OP) Operating,1,Solar Photovoltaic,,,False,PR100_DPV_2022_pr82,pr82,431,0.19399005
dupv,19.387822628540324,,,2051,2051,2051,2051,2051,2009,True,,p99022,Puerto Rico,3894.0,3894.0,2.0,24211.0,TEPC ,PR_PR100_DPV_2022_pr84,PR100_DPV_2022_pr84,Springerville,1.0,SPV,PV,1.0,0.0,4.0,20.0,20.0,15.0,PR,8.0,14.0,1.0,1.4,19.387822628540324,0.0,0.0,0.0,0.0,2010,12.0,12.0,0.0,0.0,0.0,0.0,0.0,0.0,0.0,  ,0.0,0.161,0.132,0.121,0.192,0.203,0.221,0.211,0.167,0.177,0.162,0.155,0.16,0.115,PV,0,0,1.0,0.0,0.0,0.0,17.4,0.0,1.0,0.0,0.0,0.0,0.0,0.0,0.0,0.0,0.0,0.0,0.0,0.35,0.0,0.0,0.0,0.9,N ,N ,-66.011397443087,18.4101485183135,0.0,0.0,0.0,0.0,0.0,0.0,0.0,0.0,0.0,0.0,0.0,0.0,0.0,0.0,0.0,0.0,0.0,0.0,24211.0,dupv_n_fg,n,fg,1,(OP) Operating,1,Solar Photovoltaic,,,False,PR100_DPV_2022_pr84,pr84,1668,0.19575962
dupv,11.853997917217743,,,2051,2051,2051,2051,2051,2009,True,,p99023,Puerto Rico,3894.0,3894.0,2.0,24211.0,TEPC ,PR_PR100_DPV_2022_pr85,PR100_DPV_2022_pr85,Springerville,1.0,SPV,PV,1.0,0.0,4.0,20.0,20.0,15.0,PR,8.0,14.0,1.0,1.4,11.853997917217743,0.0,0.0,0.0,0.0,2010,12.0,12.0,0.0,0.0,0.0,0.0,0.0,0.0,0.0,  ,0.0,0.161,0.132,0.121,0.192,0.203,0.221,0.211,0.167,0.177,0.162,0.155,0.16,0.115,PV,0,0,1.0,0.0,0.0,0.0,17.4,0.0,1.0,0.0,0.0,0.0,0.0,0.0,0.0,0.0,0.0,0.0,0.0,0.35,0.0,0.0,0.0,0.9,N ,N ,-65.981,18.395,0.0,0.0,0.0,0.0,0.0,0.0,0.0,0.0,0.0,0.0,0.0,0.0,0.0,0.0,0.0,0.0,0.0,0.0,24211.0,dupv_n_fg,n,fg,1,(OP) Operating,1,Solar Photovoltaic,,,False,PR100_DPV_2022_pr85,pr85,1669,0.19575962
dupv,8.122223569258066,,,2051,2051,2051,2051,2051,2009,True,,p99024,Puerto Rico,3894.0,3894.0,2.0,24211.0,TEPC ,PR_PR100_DPV_2022_pr86,PR100_DPV_2022_pr86,Springerville,1.0,SPV,PV,1.0,0.0,4.0,20.0,20.0,15.0,PR,8.0,14.0,1.0,1.4,8.122223569258066,0.0,0.0,0.0,0.0,2010,12.0,12.0,0.0,0.0,0.0,0.0,0.0,0.0,0.0,  ,0.0,0.161,0.132,0.121,0.192,0.203,0.221,0.211,0.167,0.177,0.162,0.155,0.16,0.115,PV,0,0,1.0,0.0,0.0,0.0,17.4,0.0,1.0,0.0,0.0,0.0,0.0,0.0,0.0,0.0,0.0,0.0,0.0,0.35,0.0,0.0,0.0,0.9,N ,N ,-66.0779062917654,18.4462551438155,0.0,0.0,0.0,0.0,0.0,0.0,0.0,0.0,0.0,0.0,0.0,0.0,0.0,0.0,0.0,0.0,0.0,0.0,24211.0,dupv_n_fg,n,fg,1,(OP) Operating,1,Solar Photovoltaic,,,False,PR100_DPV_2022_pr86,pr86,1670,0.18200722
dupv,31.13519034882258,,,2051,2051,2051,2051,2051,2009,True,,p99025,Puerto Rico,3894.0,3894.0,2.0,24211.0,TEPC ,PR_PR100_DPV_2022_pr87,PR100_DPV_2022_pr87,Springerville,1.0,SPV,PV,1.0,0.0,4.0,20.0,20.0,15.0,PR,8.0,14.0,1.0,1.4,31.13519034882258,0.0,0.0,0.0,0.0,2010,12.0,12.0,0.0,0.0,0.0,0.0,0.0,0.0,0.0,  ,0.0,0.161,0.132,0.121,0.192,0.203,0.221,0.211,0.167,0.177,0.162,0.155,0.16,0.115,PV,0,0,1.0,0.0,0.0,0.0,17.4,0.0,1.0,0.0,0.0,0.0,0.0,0.0,0.0,0.0,0.0,0.0,0.0,0.35,0.0,0.0,0.0,0.9,N ,N ,-66.0676831279039,18.4270871873285,0.0,0.0,0.0,0.0,0.0,0.0,0.0,0.0,0.0,0.0,0.0,0.0,0.0,0.0,0.0,0.0,0.0,0.0,24211.0,dupv_n_fg,n,fg,1,(OP) Operating,1,Solar Photovoltaic,,,False,PR100_DPV_2022_pr87,pr87,1671,0.18255089
dupv,2.707407856419356,,,2051,2051,2051,2051,2051,2009,True,,p99026,Puerto Rico,3894.0,3894.0,2.0,24211.0,TEPC ,PR_PR100_DPV_2022_pr88,PR100_DPV_2022_pr88,Springerville,1.0,SPV,PV,1.0,0.0,4.0,20.0,20.0,15.0,PR,8.0,14.0,1.0,1.4,2.707407856419356,0.0,0.0,0.0,0.0,2010,12.0,12.0,0.0,0.0,0.0,0.0,0.0,0.0,0.0,  ,0.0,0.161,0.132,0.121,0.192,0.203,0.221,0.211,0.167,0.177,0.162,0.155,0.16,0.115,PV,0,0,1.0,0.0,0.0,0.0,17.4,0.0,1.0,0.0,0.0,0.0,0.0,0.0,0.0,0.0,0.0,0.0,0.0,0.35,0.0,0.0,0.0,0.9,N ,N ,-66.104404337261,18.4270894106024,0.0,0.0,0.0,0.0,0.0,0.0,0.0,0.0,0.0,0.0,0.0,0.0,0.0,0.0,0.0,0.0,0.0,0.0,24211.0,dupv_n_fg,n,fg,1,(OP) Operating,1,Solar Photovoltaic,,,False,PR100_DPV_2022_pr88,pr88,1672,0.18200722
dupv,24.87517648117647,,,2051,2051,2051,2051,2051,2009,True,,p99027,Puerto Rico,3894.0,3894.0,2.0,24211.0,TEPC ,PR_PR100_DPV_2022_pr93,PR100_DPV_2022_pr93,Springerville,1.0,SPV,PV,1.0,0.0,4.0,20.0,20.0,15.0,PR,8.0,14.0,1.0,1.4,24.87517648117647,0.0,0.0,0.0,0.0,2010,12.0,12.0,0.0,0.0,0.0,0.0,0.0,0.0,0.0,  ,0.0,0.161,0.132,0.121,0.192,0.203,0.221,0.211,0.167,0.177,0.162,0.155,0.16,0.115,PV,0,0,1.0,0.0,0.0,0.0,17.4,0.0,1.0,0.0,0.0,0.0,0.0,0.0,0.0,0.0,0.0,0.0,0.0,0.35,0.0,0.0,0.0,0.9,N ,N ,-66.2653662847825,18.4177430276982,0.0,0.0,0.0,0.0,0.0,0.0,0.0,0.0,0.0,0.0,0.0,0.0,0.0,0.0,0.0,0.0,0.0,0.0,24211.0,dupv_n_fg,n,fg,1,(OP) Operating,1,Solar Photovoltaic,,,False,PR100_DPV_2022_pr93,pr93,263,0.1952187
dupv,13.073107158375,,,2051,2051,2051,2051,2051,2009,True,,p99030,Puerto Rico,3894.0,3894.0,2.0,24211.0,TEPC ,PR_PR100_DPV_2022_pr100,PR100_DPV_2022_pr100,Springerville,1.0,SPV,PV,1.0,0.0,4.0,20.0,20.0,15.0,PR,8.0,14.0,1.0,1.4,13.073107158375,0.0,0.0,0.0,0.0,2010,12.0,12.0,0.0,0.0,0.0,0.0,0.0,0.0,0.0,  ,0.0,0.161,0.132,0.121,0.192,0.203,0.221,0.211,0.167,0.177,0.162,0.155,0.16,0.115,PV,0,0,1.0,0.0,0.0,0.0,17.4,0.0,1.0,0.0,0.0,0.0,0.0,0.0,0.0,0.0,0.0,0.0,0.0,0.35,0.0,0.0,0.0,0.9,N ,N ,-67.036,18.467,0.0,0.0,0.0,0.0,0.0,0.0,0.0,0.0,0.0,0.0,0.0,0.0,0.0,0.0,0.0,0.0,0.0,0.0,24211.0,dupv_n_fg,n,fg,1,(OP) Operating,1,Solar Photovoltaic,,,False,PR100_DPV_2022_pr100,pr100,1640,0.19306168
dupv,1.8948919517408087,,,2051,2051,2051,2051,2051,2009,True,,p99032,Puerto Rico,3894.0,3894.0,2.0,24211.0,TEPC ,PR_PR100_DPV_2022_pr102,PR100_DPV_2022_pr102,Springerville,1.0,SPV,PV,1.0,0.0,4.0,20.0,20.0,15.0,PR,8.0,14.0,1.0,1.4,1.8948919517408087,0.0,0.0,0.0,0.0,2010,12.0,12.0,0.0,0.0,0.0,0.0,0.0,0.0,0.0,  ,0.0,0.161,0.132,0.121,0.192,0.203,0.221,0.211,0.167,0.177,0.162,0.155,0.16,0.115,PV,0,0,1.0,0.0,0.0,0.0,17.4,0.0,1.0,0.0,0.0,0.0,0.0,0.0,0.0,0.0,0.0,0.0,0.0,0.35,0.0,0.0,0.0,0.9,N ,N ,-66.5706576264178,18.4283908357814,0.0,0.0,0.0,0.0,0.0,0.0,0.0,0.0,0.0,0.0,0.0,0.0,0.0,0.0,0.0,0.0,0.0,0.0,24211.0,dupv_n_fg,n,fg,1,(OP) Operating,1,Solar Photovoltaic,,,False,PR100_DPV_2022_pr102,pr102,604,0.2061576
dupv,3.7705532947058815,,,2051,2051,2051,2051,2051,2009,True,,p99033,Puerto Rico,3894.0,3894.0,2.0,24211.0,TEPC ,PR_PR100_DPV_2022_pr103,PR100_DPV_2022_pr103,Springerville,1.0,SPV,PV,1.0,0.0,4.0,20.0,20.0,15.0,PR,8.0,14.0,1.0,1.4,3.7705532947058815,0.0,0.0,0.0,0.0,2010,12.0,12.0,0.0,0.0,0.0,0.0,0.0,0.0,0.0,  ,0.0,0.161,0.132,0.121,0.192,0.203,0.221,0.211,0.167,0.177,0.162,0.155,0.16,0.115,PV,0,0,1.0,0.0,0.0,0.0,17.4,0.0,1.0,0.0,0.0,0.0,0.0,0.0,0.0,0.0,0.0,0.0,0.0,0.35,0.0,0.0,0.0,0.9,N ,N ,-66.6390769907291,18.0127700579151,0.0,0.0,0.0,0.0,0.0,0.0,0.0,0.0,0.0,0.0,0.0,0.0,0.0,0.0,0.0,0.0,0.0,0.0,24211.0,dupv_n_fg,n,fg,1,(OP) Operating,1,Solar Photovoltaic,,,False,PR100_DPV_2022_pr103,pr103,1641,0.19929782
dupv,2.6378726946000004,,,2051,2051,2051,2051,2051,2009,True,,p99034,Puerto Rico,3894.0,3894.0,2.0,24211.0,TEPC ,PR_PR100_DPV_2022_pr106,PR100_DPV_2022_pr106,Springerville,1.0,SPV,PV,1.0,0.0,4.0,20.0,20.0,15.0,PR,8.0,14.0,1.0,1.4,2.6378726946000004,0.0,0.0,0.0,0.0,2010,12.0,12.0,0.0,0.0,0.0,0.0,0.0,0.0,0.0,  ,0.0,0.161,0.132,0.121,0.192,0.203,0.221,0.211,0.167,0.177,0.162,0.155,0.16,0.115,PV,0,0,1.0,0.0,0.0,0.0,17.4,0.0,1.0,0.0,0.0,0.0,0.0,0.0,0.0,0.0,0.0,0.0,0.0,0.35,0.0,0.0,0.0,0.9,N ,N ,-66.2308401882358,17.9520116156805,0.0,0.0,0.0,0.0,0.0,0.0,0.0,0.0,0.0,0.0,0.0,0.0,0.0,0.0,0.0,0.0,0.0,0.0,24211.0,dupv_n_fg,n,fg,1,(OP) Operating,1,Solar Photovoltaic,,,False,PR100_DPV_2022_pr106,pr106,1480,0.19685872
dupv,0.5345333332888887,,,2051,2051,2051,2051,2051,2009,True,,p99036,Puerto Rico,3894.0,3894.0,2.0,24211.0,TEPC ,PR_PR100_DPV_2022_pr111,PR100_DPV_2022_pr111,Springerville,1.0,SPV,PV,1.0,0.0,4.0,20.0,20.0,15.0,PR,8.0,14.0,1.0,1.4,0.5345333332888887,0.0,0.0,0.0,0.0,2010,12.0,12.0,0.0,0.0,0.0,0.0,0.0,0.0,0.0,  ,0.0,0.161,0.132,0.121,0.192,0.203,0.221,0.211,0.167,0.177,0.162,0.155,0.16,0.115,PV,0,0,1.0,0.0,0.0,0.0,17.4,0.0,1.0,0.0,0.0,0.0,0.0,0.0,0.0,0.0,0.0,0.0,0.0,0.35,0.0,0.0,0.0,0.9,N ,N ,-66.1779709050394,18.41145572511,0.0,0.0,0.0,0.0,0.0,0.0,0.0,0.0,0.0,0.0,0.0,0.0,0.0,0.0,0.0,0.0,0.0,0.0,24211.0,dupv_n_fg,n,fg,1,(OP) Operating,1,Solar Photovoltaic,,,False,PR100_DPV_2022_pr111,pr111,1643,0.18287948
dupv,8.057648943373913,,,2051,2051,2051,2051,2051,2009,True,,p99037,Puerto Rico,3894.0,3894.0,2.0,24211.0,TEPC ,PR_PR100_DPV_2022_pr116,PR100_DPV_2022_pr116,Springerville,1.0,SPV,PV,1.0,0.0,4.0,20.0,20.0,15.0,PR,8.0,14.0,1.0,1.4,8.057648943373913,0.0,0.0,0.0,0.0,2010,12.0,12.0,0.0,0.0,0.0,0.0,0.0,0.0,0.0,  ,0.0,0.161,0.132,0.121,0.192,0.203,0.221,0.211,0.167,0.177,0.162,0.155,0.16,0.115,PV,0,0,1.0,0.0,0.0,0.0,17.4,0.0,1.0,0.0,0.0,0.0,0.0,0.0,0.0,0.0,0.0,0.0,0.0,0.35,0.0,0.0,0.0,0.9,N ,N ,-67.1360455,18.12868123,0.0,0.0,0.0,0.0,0.0,0.0,0.0,0.0,0.0,0.0,0.0,0.0,0.0,0.0,0.0,0.0,0.0,0.0,24211.0,dupv_n_fg,n,fg,1,(OP) Operating,1,Solar Photovoltaic,,,False,PR100_DPV_2022_pr116,pr116,1219,0.18771364
dupv,0.676851964104839,,,2051,2051,2051,2051,2051,2009,True,,p99039,Puerto Rico,3894.0,3894.0,2.0,24211.0,TEPC ,PR_PR100_DPV_2022_pr127,PR100_DPV_2022_pr127,Springerville,1.0,SPV,PV,1.0,0.0,4.0,20.0,20.0,15.0,PR,8.0,14.0,1.0,1.4,0.676851964104839,0.0,0.0,0.0,0.0,2010,12.0,12.0,0.0,0.0,0.0,0.0,0.0,0.0,0.0,  ,0.0,0.161,0.132,0.121,0.192,0.203,0.221,0.211,0.167,0.177,0.162,0.155,0.16,0.115,PV,0,0,1.0,0.0,0.0,0.0,17.4,0.0,1.0,0.0,0.0,0.0,0.0,0.0,0.0,0.0,0.0,0.0,0.0,0.35,0.0,0.0,0.0,0.9,N ,N ,-66.0989665285312,18.3984931434295,0.0,0.0,0.0,0.0,0.0,0.0,0.0,0.0,0.0,0.0,0.0,0.0,0.0,0.0,0.0,0.0,0.0,0.0,24211.0,dupv_n_fg,n,fg,1,(OP) Operating,1,Solar Photovoltaic,,,False,PR100_DPV_2022_pr127,pr127,1644,0.18200722
dupv,0.450757312,,,2051,2051,2051,2051,2051,2009,True,,p99040,Puerto Rico,3894.0,3894.0,2.0,24211.0,TEPC ,PR_PR100_DPV_2022_pr149,PR100_DPV_2022_pr149,Springerville,1.0,SPV,PV,1.0,0.0,4.0,20.0,20.0,15.0,PR,8.0,14.0,1.0,1.4,0.450757312,0.0,0.0,0.0,0.0,2010,12.0,12.0,0.0,0.0,0.0,0.0,0.0,0.0,0.0,  ,0.0,0.161,0.132,0.121,0.192,0.203,0.221,0.211,0.167,0.177,0.162,0.155,0.16,0.115,PV,0,0,1.0,0.0,0.0,0.0,17.4,0.0,1.0,0.0,0.0,0.0,0.0,0.0,0.0,0.0,0.0,0.0,0.0,0.35,0.0,0.0,0.0,0.9,N ,N ,-66.1060753786802,18.247078688759,0.0,0.0,0.0,0.0,0.0,0.0,0.0,0.0,0.0,0.0,0.0,0.0,0.0,0.0,0.0,0.0,0.0,0.0,24211.0,dupv_n_fg,n,fg,1,(OP) Operating,1,Solar Photovoltaic,,,False,PR100_DPV_2022_pr149,pr149,1646,0.18215382
dupv,11.547612323058823,,,2051,2051,2051,2051,2051,2009,True,,p99041,Puerto Rico,3894.0,3894.0,2.0,24211.0,TEPC ,PR_PR100_DPV_2022_pr153,PR100_DPV_2022_pr153,Springerville,1.0,SPV,PV,1.0,0.0,4.0,20.0,20.0,15.0,PR,8.0,14.0,1.0,1.4,11.547612323058823,0.0,0.0,0.0,0.0,2010,12.0,12.0,0.0,0.0,0.0,0.0,0.0,0.0,0.0,  ,0.0,0.161,0.132,0.121,0.192,0.203,0.221,0.211,0.167,0.177,0.162,0.155,0.16,0.115,PV,0,0,1.0,0.0,0.0,0.0,17.4,0.0,1.0,0.0,0.0,0.0,0.0,0.0,0.0,0.0,0.0,0.0,0.0,0.35,0.0,0.0,0.0,0.9,N ,N ,-66.456,18.433,0.0,0.0,0.0,0.0,0.0,0.0,0.0,0.0,0.0,0.0,0.0,0.0,0.0,0.0,0.0,0.0,0.0,0.0,24211.0,dupv_n_fg,n,fg,1,(OP) Operating,1,Solar Photovoltaic,,,False,PR100_DPV_2022_pr153,pr153,1647,0.18885249
dupv,0.35668750003125,,,2051,2051,2051,2051,2051,2009,True,,p99042,Puerto Rico,3894.0,3894.0,2.0,24211.0,TEPC ,PR_PR100_DPV_2022_pr167,PR100_DPV_2022_pr167,Springerville,1.0,SPV,PV,1.0,0.0,4.0,20.0,20.0,15.0,PR,8.0,14.0,1.0,1.4,0.35668750003125,0.0,0.0,0.0,0.0,2010,12.0,12.0,0.0,0.0,0.0,0.0,0.0,0.0,0.0,  ,0.0,0.161,0.132,0.121,0.192,0.203,0.221,0.211,0.167,0.177,0.162,0.155,0.16,0.115,PV,0,0,1.0,0.0,0.0,0.0,17.4,0.0,1.0,0.0,0.0,0.0,0.0,0.0,0.0,0.0,0.0,0.0,0.0,0.35,0.0,0.0,0.0,0.9,N ,N ,-66.5905482796362,18.4249383396828,0.0,0.0,0.0,0.0,0.0,0.0,0.0,0.0,0.0,0.0,0.0,0.0,0.0,0.0,0.0,0.0,0.0,0.0,24211.0,dupv_n_fg,n,fg,1,(OP) Operating,1,Solar Photovoltaic,,,False,PR100_DPV_2022_pr167,pr167,176,0.19659065
dupv,12.544596449,,,2051,2051,2051,2051,2051,2009,True,,p99043,Puerto Rico,3894.0,3894.0,2.0,24211.0,TEPC ,PR_PR100_DPV_2022_pr169,PR100_DPV_2022_pr169,Springerville,1.0,SPV,PV,1.0,0.0,4.0,20.0,20.0,15.0,PR,8.0,14.0,1.0,1.4,12.544596449,0.0,0.0,0.0,0.0,2010,12.0,12.0,0.0,0.0,0.0,0.0,0.0,0.0,0.0,  ,0.0,0.161,0.132,0.121,0.192,0.203,0.221,0.211,0.167,0.177,0.162,0.155,0.16,0.115,PV,0,0,1.0,0.0,0.0,0.0,17.4,0.0,1.0,0.0,0.0,0.0,0.0,0.0,0.0,0.0,0.0,0.0,0.0,0.35,0.0,0.0,0.0,0.9,N ,N ,-67.0091432005955,18.0750990243733,0.0,0.0,0.0,0.0,0.0,0.0,0.0,0.0,0.0,0.0,0.0,0.0,0.0,0.0,0.0,0.0,0.0,0.0,24211.0,dupv_n_fg,n,fg,1,(OP) Operating,1,Solar Photovoltaic,,,False,PR100_DPV_2022_pr169,pr169,1300,0.18838961
dupv,0.5345333332888887,,,2051,2051,2051,2051,2051,2009,True,,p99048,Puerto Rico,3894.0,3894.0,2.0,24211.0,TEPC ,PR_PR100_DPV_2022_pr190,PR100_DPV_2022_pr190,Springerville,1.0,SPV,PV,1.0,0.0,4.0,20.0,20.0,15.0,PR,8.0,14.0,1.0,1.4,0.5345333332888887,0.0,0.0,0.0,0.0,2010,12.0,12.0,0.0,0.0,0.0,0.0,0.0,0.0,0.0,  ,0.0,0.161,0.132,0.121,0.192,0.203,0.221,0.211,0.167,0.177,0.162,0.155,0.16,0.115,PV,0,0,1.0,0.0,0.0,0.0,17.4,0.0,1.0,0.0,0.0,0.0,0.0,0.0,0.0,0.0,0.0,0.0,0.0,0.35,0.0,0.0,0.0,0.9,N ,N ,-66.185849899094,18.3494926249706,0.0,0.0,0.0,0.0,0.0,0.0,0.0,0.0,0.0,0.0,0.0,0.0,0.0,0.0,0.0,0.0,0.0,0.0,24211.0,dupv_n_fg,n,fg,1,(OP) Operating,1,Solar Photovoltaic,,,False,PR100_DPV_2022_pr190,pr190,1648,0.18287948
dupv,3.938167265555556,,,2051,2051,2051,2051,2051,2009,True,,p99051,Puerto Rico,3894.0,3894.0,2.0,24211.0,TEPC ,PR_PR100_DPV_2022_pr211,PR100_DPV_2022_pr211,Springerville,1.0,SPV,PV,1.0,0.0,4.0,20.0,20.0,15.0,PR,8.0,14.0,1.0,1.4,3.938167265555556,0.0,0.0,0.0,0.0,2010,12.0,12.0,0.0,0.0,0.0,0.0,0.0,0.0,0.0,  ,0.0,0.161,0.132,0.121,0.192,0.203,0.221,0.211,0.167,0.177,0.162,0.155,0.16,0.115,PV,0,0,1.0,0.0,0.0,0.0,17.4,0.0,1.0,0.0,0.0,0.0,0.0,0.0,0.0,0.0,0.0,0.0,0.0,0.35,0.0,0.0,0.0,0.9,N ,N ,-65.77090642,18.3639503,0.0,0.0,0.0,0.0,0.0,0.0,0.0,0.0,0.0,0.0,0.0,0.0,0.0,0.0,0.0,0.0,0.0,0.0,24211.0,dupv_n_fg,n,fg,1,(OP) Operating,1,Solar Photovoltaic,,,False,PR100_DPV_2022_pr211,pr211,435,0.19749705
dupv,8.6287755725,,,2051,2051,2051,2051,2051,2009,True,,p99052,Puerto Rico,3894.0,3894.0,2.0,24211.0,TEPC ,PR_PR100_DPV_2022_pr213,PR100_DPV_2022_pr213,Springerville,1.0,SPV,PV,1.0,0.0,4.0,20.0,20.0,15.0,PR,8.0,14.0,1.0,1.4,8.6287755725,0.0,0.0,0.0,0.0,2010,12.0,12.0,0.0,0.0,0.0,0.0,0.0,0.0,0.0,  ,0.0,0.161,0.132,0.121,0.192,0.203,0.221,0.211,0.167,0.177,0.162,0.155,0.16,0.115,PV,0,0,1.0,0.0,0.0,0.0,17.4,0.0,1.0,0.0,0.0,0.0,0.0,0.0,0.0,0.0,0.0,0.0,0.0,0.35,0.0,0.0,0.0,0.9,N ,N ,-66.488,18.132,0.0,0.0,0.0,0.0,0.0,0.0,0.0,0.0,0.0,0.0,0.0,0.0,0.0,0.0,0.0,0.0,0.0,0.0,24211.0,dupv_n_fg,n,fg,1,(OP) Operating,1,Solar Photovoltaic,,,False,PR100_DPV_2022_pr213,pr213,1168,0.16653189
dupv,1.450943275304348,,,2051,2051,2051,2051,2051,2009,True,,p99053,Puerto Rico,3894.0,3894.0,2.0,24211.0,TEPC ,PR_PR100_DPV_2022_pr231,PR100_DPV_2022_pr231,Springerville,1.0,SPV,PV,1.0,0.0,4.0,20.0,20.0,15.0,PR,8.0,14.0,1.0,1.4,1.450943275304348,0.0,0.0,0.0,0.0,2010,12.0,12.0,0.0,0.0,0.0,0.0,0.0,0.0,0.0,  ,0.0,0.161,0.132,0.121,0.192,0.203,0.221,0.211,0.167,0.177,0.162,0.155,0.16,0.115,PV,0,0,1.0,0.0,0.0,0.0,17.4,0.0,1.0,0.0,0.0,0.0,0.0,0.0,0.0,0.0,0.0,0.0,0.0,0.35,0.0,0.0,0.0,0.9,N ,N ,-67.152569302061,18.2984761586059,0.0,0.0,0.0,0.0,0.0,0.0,0.0,0.0,0.0,0.0,0.0,0.0,0.0,0.0,0.0,0.0,0.0,0.0,24211.0,dupv_n_fg,n,fg,1,(OP) Operating,1,Solar Photovoltaic,,,False,PR100_DPV_2022_pr231,pr231,460,0.1841639
dupv,0.4900384615384619,,,2051,2051,2051,2051,2051,2009,True,,p99055,Puerto Rico,3894.0,3894.0,2.0,24211.0,TEPC ,PR_PR100_DPV_2022_pr233,PR100_DPV_2022_pr233,Springerville,1.0,SPV,PV,1.0,0.0,4.0,20.0,20.0,15.0,PR,8.0,14.0,1.0,1.4,0.4900384615384619,0.0,0.0,0.0,0.0,2010,12.0,12.0,0.0,0.0,0.0,0.0,0.0,0.0,0.0,  ,0.0,0.161,0.132,0.121,0.192,0.203,0.221,0.211,0.167,0.177,0.162,0.155,0.16,0.115,PV,0,0,1.0,0.0,0.0,0.0,17.4,0.0,1.0,0.0,0.0,0.0,0.0,0.0,0.0,0.0,0.0,0.0,0.0,0.35,0.0,0.0,0.0,0.9,N ,N ,-65.825,18.106,0.0,0.0,0.0,0.0,0.0,0.0,0.0,0.0,0.0,0.0,0.0,0.0,0.0,0.0,0.0,0.0,0.0,0.0,24211.0,dupv_n_fg,n,fg,1,(OP) Operating,1,Solar Photovoltaic,,,False,PR100_DPV_2022_pr233,pr233,1267,0.19515157
dupv,13.171634509714284,,,2051,2051,2051,2051,2051,2009,True,,p99056,Puerto Rico,3894.0,3894.0,2.0,24211.0,TEPC ,PR_PR100_DPV_2022_pr234,PR100_DPV_2022_pr234,Springerville,1.0,SPV,PV,1.0,0.0,4.0,20.0,20.0,15.0,PR,8.0,14.0,1.0,1.4,13.171634509714284,0.0,0.0,0.0,0.0,2010,12.0,12.0,0.0,0.0,0.0,0.0,0.0,0.0,0.0,  ,0.0,0.161,0.132,0.121,0.192,0.203,0.221,0.211,0.167,0.177,0.162,0.155,0.16,0.115,PV,0,0,1.0,0.0,0.0,0.0,17.4,0.0,1.0,0.0,0.0,0.0,0.0,0.0,0.0,0.0,0.0,0.0,0.0,0.35,0.0,0.0,0.0,0.9,N ,N ,-65.9154707181728,18.2269009978467,0.0,0.0,0.0,0.0,0.0,0.0,0.0,0.0,0.0,0.0,0.0,0.0,0.0,0.0,0.0,0.0,0.0,0.0,24211.0,dupv_n_fg,n,fg,1,(OP) Operating,1,Solar Photovoltaic,,,False,PR100_DPV_2022_pr234,pr234,1035,0.18917033
dupv,1.0690666665777775,,,2051,2051,2051,2051,2051,2009,True,,p99058,Puerto Rico,3894.0,3894.0,2.0,24211.0,TEPC ,PR_PR100_DPV_2022_pr271,PR100_DPV_2022_pr271,Springerville,1.0,SPV,PV,1.0,0.0,4.0,20.0,20.0,15.0,PR,8.0,14.0,1.0,1.4,1.0690666665777775,0.0,0.0,0.0,0.0,2010,12.0,12.0,0.0,0.0,0.0,0.0,0.0,0.0,0.0,  ,0.0,0.161,0.132,0.121,0.192,0.203,0.221,0.211,0.167,0.177,0.162,0.155,0.16,0.115,PV,0,0,1.0,0.0,0.0,0.0,17.4,0.0,1.0,0.0,0.0,0.0,0.0,0.0,0.0,0.0,0.0,0.0,0.0,0.35,0.0,0.0,0.0,0.9,N ,N ,-66.1259055887702,18.381696554124,0.0,0.0,0.0,0.0,0.0,0.0,0.0,0.0,0.0,0.0,0.0,0.0,0.0,0.0,0.0,0.0,0.0,0.0,24211.0,dupv_n_fg,n,fg,1,(OP) Operating,1,Solar Photovoltaic,,,False,PR100_DPV_2022_pr271,pr271,1650,0.1808112
dupv,0.711428983,,,2051,2051,2051,2051,2051,2009,True,,p99059,Puerto Rico,3894.0,3894.0,2.0,24211.0,TEPC ,PR_PR100_DPV_2022_pr275,PR100_DPV_2022_pr275,Springerville,1.0,SPV,PV,1.0,0.0,4.0,20.0,20.0,15.0,PR,8.0,14.0,1.0,1.4,0.711428983,0.0,0.0,0.0,0.0,2010,12.0,12.0,0.0,0.0,0.0,0.0,0.0,0.0,0.0,  ,0.0,0.161,0.132,0.121,0.192,0.203,0.221,0.211,0.167,0.177,0.162,0.155,0.16,0.115,PV,0,0,1.0,0.0,0.0,0.0,17.4,0.0,1.0,0.0,0.0,0.0,0.0,0.0,0.0,0.0,0.0,0.0,0.0,0.35,0.0,0.0,0.0,0.9,N ,N ,-66.2094086233001,18.1983008074441,0.0,0.0,0.0,0.0,0.0,0.0,0.0,0.0,0.0,0.0,0.0,0.0,0.0,0.0,0.0,0.0,0.0,0.0,24211.0,dupv_n_fg,n,fg,1,(OP) Operating,1,Solar Photovoltaic,,,False,PR100_DPV_2022_pr275,pr275,875,0.18470287
dupv,0.676851964104839,,,2051,2051,2051,2051,2051,2009,True,,p99061,Puerto Rico,3894.0,3894.0,2.0,24211.0,TEPC ,PR_PR100_DPV_2022_pr280,PR100_DPV_2022_pr280,Springerville,1.0,SPV,PV,1.0,0.0,4.0,20.0,20.0,15.0,PR,8.0,14.0,1.0,1.4,0.676851964104839,0.0,0.0,0.0,0.0,2010,12.0,12.0,0.0,0.0,0.0,0.0,0.0,0.0,0.0,  ,0.0,0.161,0.132,0.121,0.192,0.203,0.221,0.211,0.167,0.177,0.162,0.155,0.16,0.115,PV,0,0,1.0,0.0,0.0,0.0,17.4,0.0,1.0,0.0,0.0,0.0,0.0,0.0,0.0,0.0,0.0,0.0,0.0,0.35,0.0,0.0,0.0,0.9,N ,N ,-66.0565131330956,18.3439345103641,0.0,0.0,0.0,0.0,0.0,0.0,0.0,0.0,0.0,0.0,0.0,0.0,0.0,0.0,0.0,0.0,0.0,0.0,24211.0,dupv_n_fg,n,fg,1,(OP) Operating,1,Solar Photovoltaic,,,False,PR100_DPV_2022_pr280,pr280,500,0.18255089
dupv,8.2555127756,,,2051,2051,2051,2051,2051,2009,True,,p99065,Puerto Rico,3894.0,3894.0,2.0,24211.0,TEPC ,PR_PR100_DPV_2022_pr296,PR100_DPV_2022_pr296,Springerville,1.0,SPV,PV,1.0,0.0,4.0,20.0,20.0,15.0,PR,8.0,14.0,1.0,1.4,8.2555127756,0.0,0.0,0.0,0.0,2010,12.0,12.0,0.0,0.0,0.0,0.0,0.0,0.0,0.0,  ,0.0,0.161,0.132,0.121,0.192,0.203,0.221,0.211,0.167,0.177,0.162,0.155,0.16,0.115,PV,0,0,1.0,0.0,0.0,0.0,17.4,0.0,1.0,0.0,0.0,0.0,0.0,0.0,0.0,0.0,0.0,0.0,0.0,0.35,0.0,0.0,0.0,0.9,N ,N ,-66.36966581,18.02198247,0.0,0.0,0.0,0.0,0.0,0.0,0.0,0.0,0.0,0.0,0.0,0.0,0.0,0.0,0.0,0.0,0.0,0.0,24211.0,dupv_n_fg,n,fg,1,(OP) Operating,1,Solar Photovoltaic,,,False,PR100_DPV_2022_pr296,pr296,1477,0.19796625
dupv,18.478466502235293,,,2051,2051,2051,2051,2051,2009,True,,p99067,Puerto Rico,3894.0,3894.0,2.0,24211.0,TEPC ,PR_PR100_DPV_2022_pr313,PR100_DPV_2022_pr313,Springerville,1.0,SPV,PV,1.0,0.0,4.0,20.0,20.0,15.0,PR,8.0,14.0,1.0,1.4,18.478466502235293,0.0,0.0,0.0,0.0,2010,12.0,12.0,0.0,0.0,0.0,0.0,0.0,0.0,0.0,  ,0.0,0.161,0.132,0.121,0.192,0.203,0.221,0.211,0.167,0.177,0.162,0.155,0.16,0.115,PV,0,0,1.0,0.0,0.0,0.0,17.4,0.0,1.0,0.0,0.0,0.0,0.0,0.0,0.0,0.0,0.0,0.0,0.0,0.35,0.0,0.0,0.0,0.9,N ,N ,-66.5513201474167,18.0599121162378,0.0,0.0,0.0,0.0,0.0,0.0,0.0,0.0,0.0,0.0,0.0,0.0,0.0,0.0,0.0,0.0,0.0,0.0,24211.0,dupv_n_fg,n,fg,1,(OP) Operating,1,Solar Photovoltaic,,,False,PR100_DPV_2022_pr313,pr313,1318,0.18537639
dupv,0.5021863855454546,,,2051,2051,2051,2051,2051,2009,True,,p99069,Puerto Rico,3894.0,3894.0,2.0,24211.0,TEPC ,PR_PR100_DPV_2022_pr321,PR100_DPV_2022_pr321,Springerville,1.0,SPV,PV,1.0,0.0,4.0,20.0,20.0,15.0,PR,8.0,14.0,1.0,1.4,0.5021863855454546,0.0,0.0,0.0,0.0,2010,12.0,12.0,0.0,0.0,0.0,0.0,0.0,0.0,0.0,  ,0.0,0.161,0.132,0.121,0.192,0.203,0.221,0.211,0.167,0.177,0.162,0.155,0.16,0.115,PV,0,0,1.0,0.0,0.0,0.0,17.4,0.0,1.0,0.0,0.0,0.0,0.0,0.0,0.0,0.0,0.0,0.0,0.0,0.35,0.0,0.0,0.0,0.9,N ,N ,-66.149463495378,17.9474467239165,0.0,0.0,0.0,0.0,0.0,0.0,0.0,0.0,0.0,0.0,0.0,0.0,0.0,0.0,0.0,0.0,0.0,0.0,24211.0,dupv_n_fg,n,fg,1,(OP) Operating,1,Solar Photovoltaic,,,False,PR100_DPV_2022_pr321,pr321,1560,0.20144314
dupv,3.5668750003125,,,2051,2051,2051,2051,2051,2009,True,,p99071,Puerto Rico,3894.0,3894.0,2.0,24211.0,TEPC ,PR_PR100_DPV_2022_pr335,PR100_DPV_2022_pr335,Springerville,1.0,SPV,PV,1.0,0.0,4.0,20.0,20.0,15.0,PR,8.0,14.0,1.0,1.4,3.5668750003125,0.0,0.0,0.0,0.0,2010,12.0,12.0,0.0,0.0,0.0,0.0,0.0,0.0,0.0,  ,0.0,0.161,0.132,0.121,0.192,0.203,0.221,0.211,0.167,0.177,0.162,0.155,0.16,0.115,PV,0,0,1.0,0.0,0.0,0.0,17.4,0.0,1.0,0.0,0.0,0.0,0.0,0.0,0.0,0.0,0.0,0.0,0.0,0.35,0.0,0.0,0.0,0.9,N ,N ,-66.7866985581113,18.4352984995114,0.0,0.0,0.0,0.0,0.0,0.0,0.0,0.0,0.0,0.0,0.0,0.0,0.0,0.0,0.0,0.0,0.0,0.0,24211.0,dupv_n_fg,n,fg,1,(OP) Operating,1,Solar Photovoltaic,,,False,PR100_DPV_2022_pr335,pr335,166,0.19463803
dupv,0.788432412125,,,2051,2051,2051,2051,2051,2009,True,,p99073,Puerto Rico,3894.0,3894.0,2.0,24211.0,TEPC ,PR_PR100_DPV_2022_pr352,PR100_DPV_2022_pr352,Springerville,1.0,SPV,PV,1.0,0.0,4.0,20.0,20.0,15.0,PR,8.0,14.0,1.0,1.4,0.788432412125,0.0,0.0,0.0,0.0,2010,12.0,12.0,0.0,0.0,0.0,0.0,0.0,0.0,0.0,  ,0.0,0.161,0.132,0.121,0.192,0.203,0.221,0.211,0.167,0.177,0.162,0.155,0.16,0.115,PV,0,0,1.0,0.0,0.0,0.0,17.4,0.0,1.0,0.0,0.0,0.0,0.0,0.0,0.0,0.0,0.0,0.0,0.0,0.35,0.0,0.0,0.0,0.9,N ,N ,-67.0363686248201,18.4661126296469,0.0,0.0,0.0,0.0,0.0,0.0,0.0,0.0,0.0,0.0,0.0,0.0,0.0,0.0,0.0,0.0,0.0,0.0,24211.0,dupv_n_fg,n,fg,1,(OP) Operating,1,Solar Photovoltaic,,,False,PR100_DPV_2022_pr352,pr352,82,0.20041934
dupv,1.3888072614999998,,,2051,2051,2051,2051,2051,2009,True,,p99074,Puerto Rico,3894.0,3894.0,2.0,24211.0,TEPC ,PR_PR100_DPV_2022_pr353,PR100_DPV_2022_pr353,Springerville,1.0,SPV,PV,1.0,0.0,4.0,20.0,20.0,15.0,PR,8.0,14.0,1.0,1.4,1.3888072614999998,0.0,0.0,0.0,0.0,2010,12.0,12.0,0.0,0.0,0.0,0.0,0.0,0.0,0.0,  ,0.0,0.161,0.132,0.121,0.192,0.203,0.221,0.211,0.167,0.177,0.162,0.155,0.16,0.115,PV,0,0,1.0,0.0,0.0,0.0,17.4,0.0,1.0,0.0,0.0,0.0,0.0,0.0,0.0,0.0,0.0,0.0,0.0,0.35,0.0,0.0,0.0,0.9,N ,N ,-66.319,18.189,0.0,0.0,0.0,0.0,0.0,0.0,0.0,0.0,0.0,0.0,0.0,0.0,0.0,0.0,0.0,0.0,0.0,0.0,24211.0,dupv_n_fg,n,fg,1,(OP) Operating,1,Solar Photovoltaic,,,False,PR100_DPV_2022_pr353,pr353,1175,0.1859831
dupv,10.26316470632026,,,2051,2051,2051,2051,2051,2009,True,,p99076,Puerto Rico,3894.0,3894.0,2.0,24211.0,TEPC ,PR_PR100_DPV_2022_pr378,PR100_DPV_2022_pr378,Springerville,1.0,SPV,PV,1.0,0.0,4.0,20.0,20.0,15.0,PR,8.0,14.0,1.0,1.4,10.26316470632026,0.0,0.0,0.0,0.0,2010,12.0,12.0,0.0,0.0,0.0,0.0,0.0,0.0,0.0,  ,0.0,0.161,0.132,0.121,0.192,0.203,0.221,0.211,0.167,0.177,0.162,0.155,0.16,0.115,PV,0,0,1.0,0.0,0.0,0.0,17.4,0.0,1.0,0.0,0.0,0.0,0.0,0.0,0.0,0.0,0.0,0.0,0.0,0.35,0.0,0.0,0.0,0.9,N ,N ,-66.1952581711991,18.4168046806253,0.0,0.0,0.0,0.0,0.0,0.0,0.0,0.0,0.0,0.0,0.0,0.0,0.0,0.0,0.0,0.0,0.0,0.0,24211.0,dupv_n_fg,n,fg,1,(OP) Operating,1,Solar Photovoltaic,,,False,PR100_DPV_2022_pr378,pr378,1653,0.18287948
dupv,7.445371605153228,,,2051,2051,2051,2051,2051,2009,True,,p99077,Puerto Rico,3894.0,3894.0,2.0,24211.0,TEPC ,PR_PR100_DPV_2022_pr392,PR100_DPV_2022_pr392,Springerville,1.0,SPV,PV,1.0,0.0,4.0,20.0,20.0,15.0,PR,8.0,14.0,1.0,1.4,7.445371605153228,0.0,0.0,0.0,0.0,2010,12.0,12.0,0.0,0.0,0.0,0.0,0.0,0.0,0.0,  ,0.0,0.161,0.132,0.121,0.192,0.203,0.221,0.211,0.167,0.177,0.162,0.155,0.16,0.115,PV,0,0,1.0,0.0,0.0,0.0,17.4,0.0,1.0,0.0,0.0,0.0,0.0,0.0,0.0,0.0,0.0,0.0,0.0,0.35,0.0,0.0,0.0,0.9,N ,N ,-66.0602809398757,18.4341115095258,0.0,0.0,0.0,0.0,0.0,0.0,0.0,0.0,0.0,0.0,0.0,0.0,0.0,0.0,0.0,0.0,0.0,0.0,24211.0,dupv_n_fg,n,fg,1,(OP) Operating,1,Solar Photovoltaic,,,False,PR100_DPV_2022_pr392,pr392,1655,0.19575962
dupv,0.4836477584347826,,,2051,2051,2051,2051,2051,2009,True,,p99079,Puerto Rico,3894.0,3894.0,2.0,24211.0,TEPC ,PR_PR100_DPV_2022_pr428,PR100_DPV_2022_pr428,Springerville,1.0,SPV,PV,1.0,0.0,4.0,20.0,20.0,15.0,PR,8.0,14.0,1.0,1.4,0.4836477584347826,0.0,0.0,0.0,0.0,2010,12.0,12.0,0.0,0.0,0.0,0.0,0.0,0.0,0.0,  ,0.0,0.161,0.132,0.121,0.192,0.203,0.221,0.211,0.167,0.177,0.162,0.155,0.16,0.115,PV,0,0,1.0,0.0,0.0,0.0,17.4,0.0,1.0,0.0,0.0,0.0,0.0,0.0,0.0,0.0,0.0,0.0,0.0,0.35,0.0,0.0,0.0,0.9,N ,N ,-67.1513062922523,18.2327569503965,0.0,0.0,0.0,0.0,0.0,0.0,0.0,0.0,0.0,0.0,0.0,0.0,0.0,0.0,0.0,0.0,0.0,0.0,24211.0,dupv_n_fg,n,fg,1,(OP) Operating,1,Solar Photovoltaic,,,False,PR100_DPV_2022_pr428,pr428,1657,0.18500876
dupv,1.07006250009375,,,2051,2051,2051,2051,2051,2009,True,,p99080,Puerto Rico,3894.0,3894.0,2.0,24211.0,TEPC ,PR_PR100_DPV_2022_pr440,PR100_DPV_2022_pr440,Springerville,1.0,SPV,PV,1.0,0.0,4.0,20.0,20.0,15.0,PR,8.0,14.0,1.0,1.4,1.07006250009375,0.0,0.0,0.0,0.0,2010,12.0,12.0,0.0,0.0,0.0,0.0,0.0,0.0,0.0,  ,0.0,0.161,0.132,0.121,0.192,0.203,0.221,0.211,0.167,0.177,0.162,0.155,0.16,0.115,PV,0,0,1.0,0.0,0.0,0.0,17.4,0.0,1.0,0.0,0.0,0.0,0.0,0.0,0.0,0.0,0.0,0.0,0.0,0.35,0.0,0.0,0.0,0.9,N ,N ,-66.6968634056452,18.4690563228198,0.0,0.0,0.0,0.0,0.0,0.0,0.0,0.0,0.0,0.0,0.0,0.0,0.0,0.0,0.0,0.0,0.0,0.0,24211.0,dupv_n_fg,n,fg,1,(OP) Operating,1,Solar Photovoltaic,,,False,PR100_DPV_2022_pr440,pr440,99,0.199824
dupv,0.8248294516470587,,,2051,2051,2051,2051,2051,2009,True,,p99082,Puerto Rico,3894.0,3894.0,2.0,24211.0,TEPC ,PR_PR100_DPV_2022_pr442,PR100_DPV_2022_pr442,Springerville,1.0,SPV,PV,1.0,0.0,4.0,20.0,20.0,15.0,PR,8.0,14.0,1.0,1.4,0.8248294516470587,0.0,0.0,0.0,0.0,2010,12.0,12.0,0.0,0.0,0.0,0.0,0.0,0.0,0.0,  ,0.0,0.161,0.132,0.121,0.192,0.203,0.221,0.211,0.167,0.177,0.162,0.155,0.16,0.115,PV,0,0,1.0,0.0,0.0,0.0,17.4,0.0,1.0,0.0,0.0,0.0,0.0,0.0,0.0,0.0,0.0,0.0,0.0,0.35,0.0,0.0,0.0,0.9,N ,N ,-66.468957719599,18.4569403497865,0.0,0.0,0.0,0.0,0.0,0.0,0.0,0.0,0.0,0.0,0.0,0.0,0.0,0.0,0.0,0.0,0.0,0.0,24211.0,dupv_n_fg,n,fg,1,(OP) Operating,1,Solar Photovoltaic,,,False,PR100_DPV_2022_pr442,pr442,1658,0.19760661
dupv,0.8248294516470587,,,2051,2051,2051,2051,2051,2009,True,,p99084,Puerto Rico,3894.0,3894.0,2.0,24211.0,TEPC ,PR_PR100_DPV_2022_pr452,PR100_DPV_2022_pr452,Springerville,1.0,SPV,PV,1.0,0.0,4.0,20.0,20.0,15.0,PR,8.0,14.0,1.0,1.4,0.8248294516470587,0.0,0.0,0.0,0.0,2010,12.0,12.0,0.0,0.0,0.0,0.0,0.0,0.0,0.0,  ,0.0,0.161,0.132,0.121,0.192,0.203,0.221,0.211,0.167,0.177,0.162,0.155,0.16,0.115,PV,0,0,1.0,0.0,0.0,0.0,17.4,0.0,1.0,0.0,0.0,0.0,0.0,0.0,0.0,0.0,0.0,0.0,0.0,0.35,0.0,0.0,0.0,0.9,N ,N ,-66.4666915134419,18.4259465841657,0.0,0.0,0.0,0.0,0.0,0.0,0.0,0.0,0.0,0.0,0.0,0.0,0.0,0.0,0.0,0.0,0.0,0.0,24211.0,dupv_n_fg,n,fg,1,(OP) Operating,1,Solar Photovoltaic,,,False,PR100_DPV_2022_pr452,pr452,1660,0.18885249
dupv,0.8653529413529412,,,2051,2051,2051,2051,2051,2009,True,,p99087,Puerto Rico,3894.0,3894.0,2.0,24211.0,TEPC ,PR_PR100_DPV_2022_pr492,PR100_DPV_2022_pr492,Springerville,1.0,SPV,PV,1.0,0.0,4.0,20.0,20.0,15.0,PR,8.0,14.0,1.0,1.4,0.8653529413529412,0.0,0.0,0.0,0.0,2010,12.0,12.0,0.0,0.0,0.0,0.0,0.0,0.0,0.0,  ,0.0,0.161,0.132,0.121,0.192,0.203,0.221,0.211,0.167,0.177,0.162,0.155,0.16,0.115,PV,0,0,1.0,0.0,0.0,0.0,17.4,0.0,1.0,0.0,0.0,0.0,0.0,0.0,0.0,0.0,0.0,0.0,0.0,0.35,0.0,0.0,0.0,0.9,N ,N ,-66.2261741709764,18.4133390538859,0.0,0.0,0.0,0.0,0.0,0.0,0.0,0.0,0.0,0.0,0.0,0.0,0.0,0.0,0.0,0.0,0.0,0.0,24211.0,dupv_n_fg,n,fg,1,(OP) Operating,1,Solar Photovoltaic,,,False,PR100_DPV_2022_pr492,pr492,1661,0.19056092
dupv,0.5457467791612903,,,2051,2051,2051,2051,2051,2009,True,,p99090,Puerto Rico,3894.0,3894.0,2.0,24211.0,TEPC ,PR_PR100_DPV_2022_pr583,PR100_DPV_2022_pr583,Springerville,1.0,SPV,PV,1.0,0.0,4.0,20.0,20.0,15.0,PR,8.0,14.0,1.0,1.4,0.5457467791612903,0.0,0.0,0.0,0.0,2010,12.0,12.0,0.0,0.0,0.0,0.0,0.0,0.0,0.0,  ,0.0,0.161,0.132,0.121,0.192,0.203,0.221,0.211,0.167,0.177,0.162,0.155,0.16,0.115,PV,0,0,1.0,0.0,0.0,0.0,17.4,0.0,1.0,0.0,0.0,0.0,0.0,0.0,0.0,0.0,0.0,0.0,0.0,0.35,0.0,0.0,0.0,0.9,N ,N ,-65.9924687286346,18.396697621194,0.0,0.0,0.0,0.0,0.0,0.0,0.0,0.0,0.0,0.0,0.0,0.0,0.0,0.0,0.0,0.0,0.0,0.0,24211.0,dupv_n_fg,n,fg,1,(OP) Operating,1,Solar Photovoltaic,,,False,PR100_DPV_2022_pr583,pr583,1664,0.19575962
dupv,3.3842598205241954,,,2051,2051,2051,2051,2051,2009,True,,p99091,Puerto Rico,3894.0,3894.0,2.0,24211.0,TEPC ,PR_PR100_DPV_2022_pr632,PR100_DPV_2022_pr632,Springerville,1.0,SPV,PV,1.0,0.0,4.0,20.0,20.0,15.0,PR,8.0,14.0,1.0,1.4,3.3842598205241954,0.0,0.0,0.0,0.0,2010,12.0,12.0,0.0,0.0,0.0,0.0,0.0,0.0,0.0,  ,0.0,0.161,0.132,0.121,0.192,0.203,0.221,0.211,0.167,0.177,0.162,0.155,0.16,0.115,PV,0,0,1.0,0.0,0.0,0.0,17.4,0.0,1.0,0.0,0.0,0.0,0.0,0.0,0.0,0.0,0.0,0.0,0.0,0.35,0.0,0.0,0.0,0.9,N ,N ,-66.091184784167,18.4509507741195,0.0,0.0,0.0,0.0,0.0,0.0,0.0,0.0,0.0,0.0,0.0,0.0,0.0,0.0,0.0,0.0,0.0,0.0,24211.0,dupv_n_fg,n,fg,1,(OP) Operating,1,Solar Photovoltaic,,,False,PR100_DPV_2022_pr632,pr632,1666,0.18200722
dupv,0.35668750003125,,,2051,2051,2051,2051,2051,2009,True,,p99092,Puerto Rico,3894.0,3894.0,2.0,24211.0,TEPC ,PR_PR100_DPV_2022_pr902,PR100_DPV_2022_pr902,Springerville,1.0,SPV,PV,1.0,0.0,4.0,20.0,20.0,15.0,PR,8.0,14.0,1.0,1.4,0.35668750003125,0.0,0.0,0.0,0.0,2010,12.0,12.0,0.0,0.0,0.0,0.0,0.0,0.0,0.0,  ,0.0,0.161,0.132,0.121,0.192,0.203,0.221,0.211,0.167,0.177,0.162,0.155,0.16,0.115,PV,0,0,1.0,0.0,0.0,0.0,17.4,0.0,1.0,0.0,0.0,0.0,0.0,0.0,0.0,0.0,0.0,0.0,0.0,0.35,0.0,0.0,0.0,0.9,N ,N ,-66.7203883384155,18.3343350948124,0.0,0.0,0.0,0.0,0.0,0.0,0.0,0.0,0.0,0.0,0.0,0.0,0.0,0.0,0.0,0.0,0.0,0.0,24211.0,dupv_n_fg,n,fg,1,(OP) Operating,1,Solar Photovoltaic,,,False,PR100_DPV_2022_pr902,pr902,473,0.18181354
dupv,2.195272418285714,,,2051,2051,2051,2051,2051,2009,True,,p99105,Puerto Rico,3894.0,3894.0,2.0,24211.0,TEPC ,PR_PR100_DPV_2022_pr1206,PR100_DPV_2022_pr1206,Springerville,1.0,SPV,PV,1.0,0.0,4.0,20.0,20.0,15.0,PR,8.0,14.0,1.0,1.4,2.195272418285714,0.0,0.0,0.0,0.0,2010,12.0,12.0,0.0,0.0,0.0,0.0,0.0,0.0,0.0,  ,0.0,0.161,0.132,0.121,0.192,0.203,0.221,0.211,0.167,0.177,0.162,0.155,0.16,0.115,PV,0,0,1.0,0.0,0.0,0.0,17.4,0.0,1.0,0.0,0.0,0.0,0.0,0.0,0.0,0.0,0.0,0.0,0.0,0.35,0.0,0.0,0.0,0.9,N ,N ,-65.91415150823626,18.22764836265537,0.0,0.0,0.0,0.0,0.0,0.0,0.0,0.0,0.0,0.0,0.0,0.0,0.0,0.0,0.0,0.0,0.0,0.0,24211.0,dupv_n_fg,n,fg,1,(OP) Operating,1,Solar Photovoltaic,,,False,PR100_DPV_2022_pr1206,pr1206,886,0.19064379
dupv,0.4900384615384619,,,2051,2051,2051,2051,2051,2009,True,,p99117,Puerto Rico,3894.0,3894.0,2.0,24211.0,TEPC ,PR_PR100_DPV_2022_pr97047,PR100_DPV_2022_pr97047,Springerville,1.0,SPV,PV,1.0,0.0,4.0,20.0,20.0,15.0,PR,8.0,14.0,1.0,1.4,0.4900384615384619,0.0,0.0,0.0,0.0,2010,12.0,12.0,0.0,0.0,0.0,0.0,0.0,0.0,0.0,  ,0.0,0.161,0.132,0.121,0.192,0.203,0.221,0.211,0.167,0.177,0.162,0.155,0.16,0.115,PV,0,0,1.0,0.0,0.0,0.0,17.4,0.0,1.0,0.0,0.0,0.0,0.0,0.0,0.0,0.0,0.0,0.0,0.0,0.35,0.0,0.0,0.0,0.9,N ,N ,-65.84480859072228,18.136654288299766,0.0,0.0,0.0,0.0,0.0,0.0,0.0,0.0,0.0,0.0,0.0,0.0,0.0,0.0,0.0,0.0,0.0,0.0,24211.0,dupv_n_fg,n,fg,1,(OP) Operating,1,Solar Photovoltaic,,,False,PR100_DPV_2022_pr97047,pr97047,1674,0.19101645
battery_li,9.347982701355182,37.39193080694762,4.00000000016334,2051,2051,2051,2051,2051,2009,True,,p99001,Puerto Rico,178.0,178.0,1.0,54802.0,CISO ,PR_PR100_DST_2022_pr2,PR100_DST_2022_pr2,Dynegy Moss Landing Power Plant Hybrid,1.0,DST,DS,3.0,0.0,11.0,21.0,21.0,16.0,PR,9.0,16.0,1.0,300.0,9.347982701355182,0.0,0.0,0.0,0.0,2021,5.0,12.0,0.0,0.0,0.0,0.0,0.0,0.0,0.0,  ,0.0,0.0,0.0,0.0,0.0,0.0,0.0,0.0,0.0,0.0,0.0,0.0,0.0,0.0,PS,0,0,1.0,0.0,0.0,0.0,12.544,0.0,1.0,0.0,0.0,0.0,0.0,0.0,0.0,0.0,0.0,0.0,0.0,0.35,0.0,0.0,0.0,0.9,N ,N ,-66.7532760592112,18.0015070538032,0.0,0.0,0.0,0.0,0.0,0.0,0.0,0.0,0.0,0.0,0.0,0.0,0.0,0.0,0.0,0.0,0.0,0.0,14328.0,battery_li_n_fsu,n,fsu,1,(OP) Operating,1,Battery Storage,,,False,PR100_DST_2022_pr2,pr2,,
battery_li,10.814635761039217,43.25854304233334,3.9999999998313838,2051,2051,2051,2051,2051,2009,True,,p99002,Puerto Rico,178.0,178.0,1.0,54802.0,CISO ,PR_PR100_DST_2022_pr3,PR100_DST_2022_pr3,Dynegy Moss Landing Power Plant Hybrid,1.0,DST,DS,3.0,0.0,11.0,21.0,21.0,16.0,PR,9.0,16.0,1.0,300.0,10.814635761039217,0.0,0.0,0.0,0.0,2021,5.0,12.0,0.0,0.0,0.0,0.0,0.0,0.0,0.0,  ,0.0,0.0,0.0,0.0,0.0,0.0,0.0,0.0,0.0,0.0,0.0,0.0,0.0,0.0,PS,0,0,1.0,0.0,0.0,0.0,12.544,0.0,1.0,0.0,0.0,0.0,0.0,0.0,0.0,0.0,0.0,0.0,0.0,0.35,0.0,0.0,0.0,0.9,N ,N ,-66.6114863915734,18.0012809272951,0.0,0.0,0.0,0.0,0.0,0.0,0.0,0.0,0.0,0.0,0.0,0.0,0.0,0.0,0.0,0.0,0.0,0.0,14328.0,battery_li_n_fsu,n,fsu,1,(OP) Operating,1,Battery Storage,,,False,PR100_DST_2022_pr3,pr3,,
battery_li,0.1251963461538462,0.500785384615385,4.000000000000002,2051,2051,2051,2051,2051,2009,True,,p99003,Puerto Rico,178.0,178.0,1.0,54802.0,CISO ,PR_PR100_DST_2022_pr5,PR100_DST_2022_pr5,Dynegy Moss Landing Power Plant Hybrid,1.0,DST,DS,3.0,0.0,11.0,21.0,21.0,16.0,PR,9.0,16.0,1.0,300.0,0.1251963461538462,0.0,0.0,0.0,0.0,2021,5.0,12.0,0.0,0.0,0.0,0.0,0.0,0.0,0.0,  ,0.0,0.0,0.0,0.0,0.0,0.0,0.0,0.0,0.0,0.0,0.0,0.0,0.0,0.0,PS,0,0,1.0,0.0,0.0,0.0,12.544,0.0,1.0,0.0,0.0,0.0,0.0,0.0,0.0,0.0,0.0,0.0,0.0,0.35,0.0,0.0,0.0,0.9,N ,N ,-65.8234605404272,18.1051828222315,0.0,0.0,0.0,0.0,0.0,0.0,0.0,0.0,0.0,0.0,0.0,0.0,0.0,0.0,0.0,0.0,0.0,0.0,14328.0,battery_li_n_fsu,n,fsu,1,(OP) Operating,1,Battery Storage,,,False,PR100_DST_2022_pr5,pr5,,
battery_li,9.752934016800909,39.01173606983091,4.000000000269383,2051,2051,2051,2051,2051,2009,True,,p99004,Puerto Rico,178.0,178.0,1.0,54802.0,CISO ,PR_PR100_DST_2022_pr8,PR100_DST_2022_pr8,Dynegy Moss Landing Power Plant Hybrid,1.0,DST,DS,3.0,0.0,11.0,21.0,21.0,16.0,PR,9.0,16.0,1.0,300.0,9.752934016800909,0.0,0.0,0.0,0.0,2021,5.0,12.0,0.0,0.0,0.0,0.0,0.0,0.0,0.0,  ,0.0,0.0,0.0,0.0,0.0,0.0,0.0,0.0,0.0,0.0,0.0,0.0,0.0,0.0,PS,0,0,1.0,0.0,0.0,0.0,12.544,0.0,1.0,0.0,0.0,0.0,0.0,0.0,0.0,0.0,0.0,0.0,0.0,0.35,0.0,0.0,0.0,0.9,N ,N ,-66.139303974935,17.961056944062,0.0,0.0,0.0,0.0,0.0,0.0,0.0,0.0,0.0,0.0,0.0,0.0,0.0,0.0,0.0,0.0,0.0,0.0,14328.0,battery_li_n_fsu,n,fsu,1,(OP) Operating,1,Battery Storage,,,False,PR100_DST_2022_pr8,pr8,,
battery_li,14.90330749933333,59.61323000558333,4.00000000055357,2051,2051,2051,2051,2051,2009,True,,p99005,Puerto Rico,178.0,178.0,1.0,54802.0,CISO ,PR_PR100_DST_2022_pr10,PR100_DST_2022_pr10,Dynegy Moss Landing Power Plant Hybrid,1.0,DST,DS,3.0,0.0,11.0,21.0,21.0,16.0,PR,9.0,16.0,1.0,300.0,14.90330749933333,0.0,0.0,0.0,0.0,2021,5.0,12.0,0.0,0.0,0.0,0.0,0.0,0.0,0.0,  ,0.0,0.0,0.0,0.0,0.0,0.0,0.0,0.0,0.0,0.0,0.0,0.0,0.0,0.0,PS,0,0,1.0,0.0,0.0,0.0,12.544,0.0,1.0,0.0,0.0,0.0,0.0,0.0,0.0,0.0,0.0,0.0,0.0,0.35,0.0,0.0,0.0,0.9,N ,N ,-66.1710658953323,18.1204052191257,0.0,0.0,0.0,0.0,0.0,0.0,0.0,0.0,0.0,0.0,0.0,0.0,0.0,0.0,0.0,0.0,0.0,0.0,14328.0,battery_li_n_fsu,n,fsu,1,(OP) Operating,1,Battery Storage,,,False,PR100_DST_2022_pr10,pr10,,
battery_li,3.732577493205128,14.930308967153849,3.999999730570453,2051,2051,2051,2051,2051,2009,True,,p99006,Puerto Rico,178.0,178.0,1.0,54802.0,CISO ,PR_PR100_DST_2022_pr14,PR100_DST_2022_pr14,Dynegy Moss Landing Power Plant Hybrid,1.0,DST,DS,3.0,0.0,11.0,21.0,21.0,16.0,PR,9.0,16.0,1.0,300.0,3.732577493205128,0.0,0.0,0.0,0.0,2021,5.0,12.0,0.0,0.0,0.0,0.0,0.0,0.0,0.0,  ,0.0,0.0,0.0,0.0,0.0,0.0,0.0,0.0,0.0,0.0,0.0,0.0,0.0,0.0,PS,0,0,1.0,0.0,0.0,0.0,12.544,0.0,1.0,0.0,0.0,0.0,0.0,0.0,0.0,0.0,0.0,0.0,0.0,0.35,0.0,0.0,0.0,0.9,N ,N ,-65.82683737768,18.13732480866,0.0,0.0,0.0,0.0,0.0,0.0,0.0,0.0,0.0,0.0,0.0,0.0,0.0,0.0,0.0,0.0,0.0,0.0,14328.0,battery_li_n_fsu,n,fsu,1,(OP) Operating,1,Battery Storage,,,False,PR100_DST_2022_pr14,pr14,,
battery_li,1.497667223,5.9906688930000005,4.000000000667705,2051,2051,2051,2051,2051,2009,True,,p99007,Puerto Rico,178.0,178.0,1.0,54802.0,CISO ,PR_PR100_DST_2022_pr16,PR100_DST_2022_pr16,Dynegy Moss Landing Power Plant Hybrid,1.0,DST,DS,3.0,0.0,11.0,21.0,21.0,16.0,PR,9.0,16.0,1.0,300.0,1.497667223,0.0,0.0,0.0,0.0,2021,5.0,12.0,0.0,0.0,0.0,0.0,0.0,0.0,0.0,  ,0.0,0.0,0.0,0.0,0.0,0.0,0.0,0.0,0.0,0.0,0.0,0.0,0.0,0.0,PS,0,0,1.0,0.0,0.0,0.0,12.544,0.0,1.0,0.0,0.0,0.0,0.0,0.0,0.0,0.0,0.0,0.0,0.0,0.35,0.0,0.0,0.0,0.9,N ,N ,-65.7850288247602,18.2429864355861,0.0,0.0,0.0,0.0,0.0,0.0,0.0,0.0,0.0,0.0,0.0,0.0,0.0,0.0,0.0,0.0,0.0,0.0,14328.0,battery_li_n_fsu,n,fsu,1,(OP) Operating,1,Battery Storage,,,False,PR100_DST_2022_pr16,pr16,,
battery_li,1.8090596354,7.2362385412,3.9999999997788906,2051,2051,2051,2051,2051,2009,True,,p99008,Puerto Rico,178.0,178.0,1.0,54802.0,CISO ,PR_PR100_DST_2022_pr18,PR100_DST_2022_pr18,Dynegy Moss Landing Power Plant Hybrid,1.0,DST,DS,3.0,0.0,11.0,21.0,21.0,16.0,PR,9.0,16.0,1.0,300.0,1.8090596354,0.0,0.0,0.0,0.0,2021,5.0,12.0,0.0,0.0,0.0,0.0,0.0,0.0,0.0,  ,0.0,0.0,0.0,0.0,0.0,0.0,0.0,0.0,0.0,0.0,0.0,0.0,0.0,0.0,PS,0,0,1.0,0.0,0.0,0.0,12.544,0.0,1.0,0.0,0.0,0.0,0.0,0.0,0.0,0.0,0.0,0.0,0.0,0.35,0.0,0.0,0.0,0.9,N ,N ,-65.6457601435012,18.3297155598641,0.0,0.0,0.0,0.0,0.0,0.0,0.0,0.0,0.0,0.0,0.0,0.0,0.0,0.0,0.0,0.0,0.0,0.0,14328.0,battery_li_n_fsu,n,fsu,1,(OP) Operating,1,Battery Storage,,,False,PR100_DST_2022_pr18,pr18,,
battery_li,13.479082598145162,53.91657760646774,4.000018340557326,2051,2051,2051,2051,2051,2009,True,,p99009,Puerto Rico,178.0,178.0,1.0,54802.0,CISO ,PR_PR100_DST_2022_pr21,PR100_DST_2022_pr21,Dynegy Moss Landing Power Plant Hybrid,1.0,DST,DS,3.0,0.0,11.0,21.0,21.0,16.0,PR,9.0,16.0,1.0,300.0,13.479082598145162,0.0,0.0,0.0,0.0,2021,5.0,12.0,0.0,0.0,0.0,0.0,0.0,0.0,0.0,  ,0.0,0.0,0.0,0.0,0.0,0.0,0.0,0.0,0.0,0.0,0.0,0.0,0.0,0.0,PS,0,0,1.0,0.0,0.0,0.0,12.544,0.0,1.0,0.0,0.0,0.0,0.0,0.0,0.0,0.0,0.0,0.0,0.0,0.35,0.0,0.0,0.0,0.9,N ,N ,-66.0367270254871,18.2394711140921,0.0,0.0,0.0,0.0,0.0,0.0,0.0,0.0,0.0,0.0,0.0,0.0,0.0,0.0,0.0,0.0,0.0,0.0,14328.0,battery_li_n_fsu,n,fsu,1,(OP) Operating,1,Battery Storage,,,False,PR100_DST_2022_pr21,pr21,,
battery_li,0.26936625,1.0774650005,4.0000000018562085,2051,2051,2051,2051,2051,2009,True,,p99010,Puerto Rico,178.0,178.0,1.0,54802.0,CISO ,PR_PR100_DST_2022_pr23,PR100_DST_2022_pr23,Dynegy Moss Landing Power Plant Hybrid,1.0,DST,DS,3.0,0.0,11.0,21.0,21.0,16.0,PR,9.0,16.0,1.0,300.0,0.26936625,0.0,0.0,0.0,0.0,2021,5.0,12.0,0.0,0.0,0.0,0.0,0.0,0.0,0.0,  ,0.0,0.0,0.0,0.0,0.0,0.0,0.0,0.0,0.0,0.0,0.0,0.0,0.0,0.0,PS,0,0,1.0,0.0,0.0,0.0,12.544,0.0,1.0,0.0,0.0,0.0,0.0,0.0,0.0,0.0,0.0,0.0,0.0,0.35,0.0,0.0,0.0,0.9,N ,N ,-66.8976331730957,17.9659887334244,0.0,0.0,0.0,0.0,0.0,0.0,0.0,0.0,0.0,0.0,0.0,0.0,0.0,0.0,0.0,0.0,0.0,0.0,14328.0,battery_li_n_fsu,n,fsu,1,(OP) Operating,1,Battery Storage,,,False,PR100_DST_2022_pr23,pr23,,
battery_li,1.478812552188406,5.915250119011595,3.9999999393148045,2051,2051,2051,2051,2051,2009,True,,p99011,Puerto Rico,178.0,178.0,1.0,54802.0,CISO ,PR_PR100_DST_2022_pr29,PR100_DST_2022_pr29,Dynegy Moss Landing Power Plant Hybrid,1.0,DST,DS,3.0,0.0,11.0,21.0,21.0,16.0,PR,9.0,16.0,1.0,300.0,1.478812552188406,0.0,0.0,0.0,0.0,2021,5.0,12.0,0.0,0.0,0.0,0.0,0.0,0.0,0.0,  ,0.0,0.0,0.0,0.0,0.0,0.0,0.0,0.0,0.0,0.0,0.0,0.0,0.0,0.0,PS,0,0,1.0,0.0,0.0,0.0,12.544,0.0,1.0,0.0,0.0,0.0,0.0,0.0,0.0,0.0,0.0,0.0,0.0,0.35,0.0,0.0,0.0,0.9,N ,N ,-67.147380541546,18.2373912818469,0.0,0.0,0.0,0.0,0.0,0.0,0.0,0.0,0.0,0.0,0.0,0.0,0.0,0.0,0.0,0.0,0.0,0.0,14328.0,battery_li_n_fsu,n,fsu,1,(OP) Operating,1,Battery Storage,,,False,PR100_DST_2022_pr29,pr29,,
battery_li,3.4922755773625,13.9691023079375,3.9999999995669016,2051,2051,2051,2051,2051,2009,True,,p99012,Puerto Rico,178.0,178.0,1.0,54802.0,CISO ,PR_PR100_DST_2022_pr32,PR100_DST_2022_pr32,Dynegy Moss Landing Power Plant Hybrid,1.0,DST,DS,3.0,0.0,11.0,21.0,21.0,16.0,PR,9.0,16.0,1.0,300.0,3.4922755773625,0.0,0.0,0.0,0.0,2021,5.0,12.0,0.0,0.0,0.0,0.0,0.0,0.0,0.0,  ,0.0,0.0,0.0,0.0,0.0,0.0,0.0,0.0,0.0,0.0,0.0,0.0,0.0,0.0,PS,0,0,1.0,0.0,0.0,0.0,12.544,0.0,1.0,0.0,0.0,0.0,0.0,0.0,0.0,0.0,0.0,0.0,0.0,0.35,0.0,0.0,0.0,0.9,N ,N ,-67.15392125,18.40430858,0.0,0.0,0.0,0.0,0.0,0.0,0.0,0.0,0.0,0.0,0.0,0.0,0.0,0.0,0.0,0.0,0.0,0.0,14328.0,battery_li_n_fsu,n,fsu,1,(OP) Operating,1,Battery Storage,,,False,PR100_DST_2022_pr32,pr32,,
battery_li,1.7671521790416669,7.068608720566667,4.000000002489881,2051,2051,2051,2051,2051,2009,True,,p99013,Puerto Rico,178.0,178.0,1.0,54802.0,CISO ,PR_PR100_DST_2022_pr35,PR100_DST_2022_pr35,Dynegy Moss Landing Power Plant Hybrid,1.0,DST,DS,3.0,0.0,11.0,21.0,21.0,16.0,PR,9.0,16.0,1.0,300.0,1.7671521790416669,0.0,0.0,0.0,0.0,2021,5.0,12.0,0.0,0.0,0.0,0.0,0.0,0.0,0.0,  ,0.0,0.0,0.0,0.0,0.0,0.0,0.0,0.0,0.0,0.0,0.0,0.0,0.0,0.0,PS,0,0,1.0,0.0,0.0,0.0,12.544,0.0,1.0,0.0,0.0,0.0,0.0,0.0,0.0,0.0,0.0,0.0,0.0,0.35,0.0,0.0,0.0,0.9,N ,N ,-66.9886325740527,18.3408521093501,0.0,0.0,0.0,0.0,0.0,0.0,0.0,0.0,0.0,0.0,0.0,0.0,0.0,0.0,0.0,0.0,0.0,0.0,14328.0,battery_li_n_fsu,n,fsu,1,(OP) Operating,1,Battery Storage,,,False,PR100_DST_2022_pr35,pr35,,
battery_li,0.7800244270833333,3.120097710177084,4.000000002363709,2051,2051,2051,2051,2051,2009,True,,p99014,Puerto Rico,178.0,178.0,1.0,54802.0,CISO ,PR_PR100_DST_2022_pr38,PR100_DST_2022_pr38,Dynegy Moss Landing Power Plant Hybrid,1.0,DST,DS,3.0,0.0,11.0,21.0,21.0,16.0,PR,9.0,16.0,1.0,300.0,0.7800244270833333,0.0,0.0,0.0,0.0,2021,5.0,12.0,0.0,0.0,0.0,0.0,0.0,0.0,0.0,  ,0.0,0.0,0.0,0.0,0.0,0.0,0.0,0.0,0.0,0.0,0.0,0.0,0.0,0.0,PS,0,0,1.0,0.0,0.0,0.0,12.544,0.0,1.0,0.0,0.0,0.0,0.0,0.0,0.0,0.0,0.0,0.0,0.0,0.35,0.0,0.0,0.0,0.9,N ,N ,-66.666,18.336,0.0,0.0,0.0,0.0,0.0,0.0,0.0,0.0,0.0,0.0,0.0,0.0,0.0,0.0,0.0,0.0,0.0,0.0,14328.0,battery_li_n_fsu,n,fsu,1,(OP) Operating,1,Battery Storage,,,False,PR100_DST_2022_pr38,pr38,,
battery_li,1.7145517187500003,6.858206872968751,3.9999999988152877,2051,2051,2051,2051,2051,2009,True,,p99015,Puerto Rico,178.0,178.0,1.0,54802.0,CISO ,PR_PR100_DST_2022_pr40,PR100_DST_2022_pr40,Dynegy Moss Landing Power Plant Hybrid,1.0,DST,DS,3.0,0.0,11.0,21.0,21.0,16.0,PR,9.0,16.0,1.0,300.0,1.7145517187500003,0.0,0.0,0.0,0.0,2021,5.0,12.0,0.0,0.0,0.0,0.0,0.0,0.0,0.0,  ,0.0,0.0,0.0,0.0,0.0,0.0,0.0,0.0,0.0,0.0,0.0,0.0,0.0,0.0,PS,0,0,1.0,0.0,0.0,0.0,12.544,0.0,1.0,0.0,0.0,0.0,0.0,0.0,0.0,0.0,0.0,0.0,0.0,0.35,0.0,0.0,0.0,0.9,N ,N ,-66.70054232,18.45395878,0.0,0.0,0.0,0.0,0.0,0.0,0.0,0.0,0.0,0.0,0.0,0.0,0.0,0.0,0.0,0.0,0.0,0.0,14328.0,battery_li_n_fsu,n,fsu,1,(OP) Operating,1,Battery Storage,,,False,PR100_DST_2022_pr40,pr40,,
battery_li,15.05648388775,60.22593555150001,4.000000000033209,2051,2051,2051,2051,2051,2009,True,,p99016,Puerto Rico,178.0,178.0,1.0,54802.0,CISO ,PR_PR100_DST_2022_pr41,PR100_DST_2022_pr41,Dynegy Moss Landing Power Plant Hybrid,1.0,DST,DS,3.0,0.0,11.0,21.0,21.0,16.0,PR,9.0,16.0,1.0,300.0,15.05648388775,0.0,0.0,0.0,0.0,2021,5.0,12.0,0.0,0.0,0.0,0.0,0.0,0.0,0.0,  ,0.0,0.0,0.0,0.0,0.0,0.0,0.0,0.0,0.0,0.0,0.0,0.0,0.0,0.0,PS,0,0,1.0,0.0,0.0,0.0,12.544,0.0,1.0,0.0,0.0,0.0,0.0,0.0,0.0,0.0,0.0,0.0,0.0,0.35,0.0,0.0,0.0,0.9,N ,N ,-66.3914685076281,18.4458787165834,0.0,0.0,0.0,0.0,0.0,0.0,0.0,0.0,0.0,0.0,0.0,0.0,0.0,0.0,0.0,0.0,0.0,0.0,14328.0,battery_li_n_fsu,n,fsu,1,(OP) Operating,1,Battery Storage,,,False,PR100_DST_2022_pr41,pr41,,
battery_li,9.366769131069177,37.46707653099304,4.000000000717039,2051,2051,2051,2051,2051,2009,True,,p99017,Puerto Rico,178.0,178.0,1.0,54802.0,CISO ,PR_PR100_DST_2022_pr45,PR100_DST_2022_pr45,Dynegy Moss Landing Power Plant Hybrid,1.0,DST,DS,3.0,0.0,11.0,21.0,21.0,16.0,PR,9.0,16.0,1.0,300.0,9.366769131069177,0.0,0.0,0.0,0.0,2021,5.0,12.0,0.0,0.0,0.0,0.0,0.0,0.0,0.0,  ,0.0,0.0,0.0,0.0,0.0,0.0,0.0,0.0,0.0,0.0,0.0,0.0,0.0,0.0,PS,0,0,1.0,0.0,0.0,0.0,12.544,0.0,1.0,0.0,0.0,0.0,0.0,0.0,0.0,0.0,0.0,0.0,0.0,0.35,0.0,0.0,0.0,0.9,N ,N ,-66.1410715779413,18.3988201392758,0.0,0.0,0.0,0.0,0.0,0.0,0.0,0.0,0.0,0.0,0.0,0.0,0.0,0.0,0.0,0.0,0.0,0.0,14328.0,battery_li_n_fsu,n,fsu,1,(OP) Operating,1,Battery Storage,,,False,PR100_DST_2022_pr45,pr45,,
battery_li,4.225505773999444,16.90202309693882,4.000000000222705,2051,2051,2051,2051,2051,2009,True,,p99018,Puerto Rico,178.0,178.0,1.0,54802.0,CISO ,PR_PR100_DST_2022_pr50,PR100_DST_2022_pr50,Dynegy Moss Landing Power Plant Hybrid,1.0,DST,DS,3.0,0.0,11.0,21.0,21.0,16.0,PR,9.0,16.0,1.0,300.0,4.225505773999444,0.0,0.0,0.0,0.0,2021,5.0,12.0,0.0,0.0,0.0,0.0,0.0,0.0,0.0,  ,0.0,0.0,0.0,0.0,0.0,0.0,0.0,0.0,0.0,0.0,0.0,0.0,0.0,0.0,PS,0,0,1.0,0.0,0.0,0.0,12.544,0.0,1.0,0.0,0.0,0.0,0.0,0.0,0.0,0.0,0.0,0.0,0.0,0.35,0.0,0.0,0.0,0.9,N ,N ,-66.0728457784086,18.3732806365162,0.0,0.0,0.0,0.0,0.0,0.0,0.0,0.0,0.0,0.0,0.0,0.0,0.0,0.0,0.0,0.0,0.0,0.0,14328.0,battery_li_n_fsu,n,fsu,1,(OP) Operating,1,Battery Storage,,,False,PR100_DST_2022_pr50,pr50,,
battery_li,1.9689193430174683,7.875677366594177,3.999999997218933,2051,2051,2051,2051,2051,2009,True,,p99019,Puerto Rico,178.0,178.0,1.0,54802.0,CISO ,PR_PR100_DST_2022_pr63,PR100_DST_2022_pr63,Dynegy Moss Landing Power Plant Hybrid,1.0,DST,DS,3.0,0.0,11.0,21.0,21.0,16.0,PR,9.0,16.0,1.0,300.0,1.9689193430174683,0.0,0.0,0.0,0.0,2021,5.0,12.0,0.0,0.0,0.0,0.0,0.0,0.0,0.0,  ,0.0,0.0,0.0,0.0,0.0,0.0,0.0,0.0,0.0,0.0,0.0,0.0,0.0,0.0,PS,0,0,1.0,0.0,0.0,0.0,12.544,0.0,1.0,0.0,0.0,0.0,0.0,0.0,0.0,0.0,0.0,0.0,0.0,0.35,0.0,0.0,0.0,0.9,N ,N ,-66.14887874,18.45454337,0.0,0.0,0.0,0.0,0.0,0.0,0.0,0.0,0.0,0.0,0.0,0.0,0.0,0.0,0.0,0.0,0.0,0.0,14328.0,battery_li_n_fsu,n,fsu,1,(OP) Operating,1,Battery Storage,,,False,PR100_DST_2022_pr63,pr63,,
battery_li,7.906918927799282,31.627675704512544,3.9999999991545905,2051,2051,2051,2051,2051,2009,True,,p99020,Puerto Rico,178.0,178.0,1.0,54802.0,CISO ,PR_PR100_DST_2022_pr82,PR100_DST_2022_pr82,Dynegy Moss Landing Power Plant Hybrid,1.0,DST,DS,3.0,0.0,11.0,21.0,21.0,16.0,PR,9.0,16.0,1.0,300.0,7.906918927799282,0.0,0.0,0.0,0.0,2021,5.0,12.0,0.0,0.0,0.0,0.0,0.0,0.0,0.0,  ,0.0,0.0,0.0,0.0,0.0,0.0,0.0,0.0,0.0,0.0,0.0,0.0,0.0,0.0,PS,0,0,1.0,0.0,0.0,0.0,12.544,0.0,1.0,0.0,0.0,0.0,0.0,0.0,0.0,0.0,0.0,0.0,0.0,0.35,0.0,0.0,0.0,0.9,N ,N ,-65.9094991272663,18.3749310778779,0.0,0.0,0.0,0.0,0.0,0.0,0.0,0.0,0.0,0.0,0.0,0.0,0.0,0.0,0.0,0.0,0.0,0.0,14328.0,battery_li_n_fsu,n,fsu,1,(OP) Operating,1,Battery Storage,,,False,PR100_DST_2022_pr82,pr82,,
battery_li,0.64418875,2.5767550005,4.00000000077617,2051,2051,2051,2051,2051,2009,True,,p99021,Puerto Rico,178.0,178.0,1.0,54802.0,CISO ,PR_PR100_DST_2022_pr83,PR100_DST_2022_pr83,Dynegy Moss Landing Power Plant Hybrid,1.0,DST,DS,3.0,0.0,11.0,21.0,21.0,16.0,PR,9.0,16.0,1.0,300.0,0.64418875,0.0,0.0,0.0,0.0,2021,5.0,12.0,0.0,0.0,0.0,0.0,0.0,0.0,0.0,  ,0.0,0.0,0.0,0.0,0.0,0.0,0.0,0.0,0.0,0.0,0.0,0.0,0.0,0.0,PS,0,0,1.0,0.0,0.0,0.0,12.544,0.0,1.0,0.0,0.0,0.0,0.0,0.0,0.0,0.0,0.0,0.0,0.0,0.35,0.0,0.0,0.0,0.9,N ,N ,-66.3595940765544,18.3291233336108,0.0,0.0,0.0,0.0,0.0,0.0,0.0,0.0,0.0,0.0,0.0,0.0,0.0,0.0,0.0,0.0,0.0,0.0,14328.0,battery_li_n_fsu,n,fsu,1,(OP) Operating,1,Battery Storage,,,False,PR100_DST_2022_pr83,pr83,,
battery_li,9.38001604905645,37.52006419687097,4.0000000000687805,2051,2051,2051,2051,2051,2009,True,,p99022,Puerto Rico,178.0,178.0,1.0,54802.0,CISO ,PR_PR100_DST_2022_pr84,PR100_DST_2022_pr84,Dynegy Moss Landing Power Plant Hybrid,1.0,DST,DS,3.0,0.0,11.0,21.0,21.0,16.0,PR,9.0,16.0,1.0,300.0,9.38001604905645,0.0,0.0,0.0,0.0,2021,5.0,12.0,0.0,0.0,0.0,0.0,0.0,0.0,0.0,  ,0.0,0.0,0.0,0.0,0.0,0.0,0.0,0.0,0.0,0.0,0.0,0.0,0.0,0.0,PS,0,0,1.0,0.0,0.0,0.0,12.544,0.0,1.0,0.0,0.0,0.0,0.0,0.0,0.0,0.0,0.0,0.0,0.0,0.35,0.0,0.0,0.0,0.9,N ,N ,-66.011397443087,18.4101485183135,0.0,0.0,0.0,0.0,0.0,0.0,0.0,0.0,0.0,0.0,0.0,0.0,0.0,0.0,0.0,0.0,0.0,0.0,14328.0,battery_li_n_fsu,n,fsu,1,(OP) Operating,1,Battery Storage,,,False,PR100_DST_2022_pr84,pr84,,
battery_li,14.51727073191129,58.069082925120966,3.9999999998261244,2051,2051,2051,2051,2051,2009,True,,p99023,Puerto Rico,178.0,178.0,1.0,54802.0,CISO ,PR_PR100_DST_2022_pr85,PR100_DST_2022_pr85,Dynegy Moss Landing Power Plant Hybrid,1.0,DST,DS,3.0,0.0,11.0,21.0,21.0,16.0,PR,9.0,16.0,1.0,300.0,14.51727073191129,0.0,0.0,0.0,0.0,2021,5.0,12.0,0.0,0.0,0.0,0.0,0.0,0.0,0.0,  ,0.0,0.0,0.0,0.0,0.0,0.0,0.0,0.0,0.0,0.0,0.0,0.0,0.0,0.0,PS,0,0,1.0,0.0,0.0,0.0,12.544,0.0,1.0,0.0,0.0,0.0,0.0,0.0,0.0,0.0,0.0,0.0,0.0,0.35,0.0,0.0,0.0,0.9,N ,N ,-65.981,18.395,0.0,0.0,0.0,0.0,0.0,0.0,0.0,0.0,0.0,0.0,0.0,0.0,0.0,0.0,0.0,0.0,0.0,0.0,14328.0,battery_li_n_fsu,n,fsu,1,(OP) Operating,1,Battery Storage,,,False,PR100_DST_2022_pr85,pr85,,
battery_li,2.5381679869354845,10.152671948903228,4.000000000457531,2051,2051,2051,2051,2051,2009,True,,p99024,Puerto Rico,178.0,178.0,1.0,54802.0,CISO ,PR_PR100_DST_2022_pr86,PR100_DST_2022_pr86,Dynegy Moss Landing Power Plant Hybrid,1.0,DST,DS,3.0,0.0,11.0,21.0,21.0,16.0,PR,9.0,16.0,1.0,300.0,2.5381679869354845,0.0,0.0,0.0,0.0,2021,5.0,12.0,0.0,0.0,0.0,0.0,0.0,0.0,0.0,  ,0.0,0.0,0.0,0.0,0.0,0.0,0.0,0.0,0.0,0.0,0.0,0.0,0.0,0.0,PS,0,0,1.0,0.0,0.0,0.0,12.544,0.0,1.0,0.0,0.0,0.0,0.0,0.0,0.0,0.0,0.0,0.0,0.0,0.35,0.0,0.0,0.0,0.9,N ,N ,-66.0779062917654,18.4462551438155,0.0,0.0,0.0,0.0,0.0,0.0,0.0,0.0,0.0,0.0,0.0,0.0,0.0,0.0,0.0,0.0,0.0,0.0,14328.0,battery_li_n_fsu,n,fsu,1,(OP) Operating,1,Battery Storage,,,False,PR100_DST_2022_pr86,pr86,,
battery_li,13.419644110527503,53.67857644466194,4.000000000190163,2051,2051,2051,2051,2051,2009,True,,p99025,Puerto Rico,178.0,178.0,1.0,54802.0,CISO ,PR_PR100_DST_2022_pr87,PR100_DST_2022_pr87,Dynegy Moss Landing Power Plant Hybrid,1.0,DST,DS,3.0,0.0,11.0,21.0,21.0,16.0,PR,9.0,16.0,1.0,300.0,13.419644110527503,0.0,0.0,0.0,0.0,2021,5.0,12.0,0.0,0.0,0.0,0.0,0.0,0.0,0.0,  ,0.0,0.0,0.0,0.0,0.0,0.0,0.0,0.0,0.0,0.0,0.0,0.0,0.0,0.0,PS,0,0,1.0,0.0,0.0,0.0,12.544,0.0,1.0,0.0,0.0,0.0,0.0,0.0,0.0,0.0,0.0,0.0,0.0,0.35,0.0,0.0,0.0,0.9,N ,N ,-66.0676831279039,18.4270871873285,0.0,0.0,0.0,0.0,0.0,0.0,0.0,0.0,0.0,0.0,0.0,0.0,0.0,0.0,0.0,0.0,0.0,0.0,14328.0,battery_li_n_fsu,n,fsu,1,(OP) Operating,1,Battery Storage,,,False,PR100_DST_2022_pr87,pr87,,
battery_li,0.8460559956451617,3.384223982967743,4.000000000457531,2051,2051,2051,2051,2051,2009,True,,p99026,Puerto Rico,178.0,178.0,1.0,54802.0,CISO ,PR_PR100_DST_2022_pr88,PR100_DST_2022_pr88,Dynegy Moss Landing Power Plant Hybrid,1.0,DST,DS,3.0,0.0,11.0,21.0,21.0,16.0,PR,9.0,16.0,1.0,300.0,0.8460559956451617,0.0,0.0,0.0,0.0,2021,5.0,12.0,0.0,0.0,0.0,0.0,0.0,0.0,0.0,  ,0.0,0.0,0.0,0.0,0.0,0.0,0.0,0.0,0.0,0.0,0.0,0.0,0.0,0.0,PS,0,0,1.0,0.0,0.0,0.0,12.544,0.0,1.0,0.0,0.0,0.0,0.0,0.0,0.0,0.0,0.0,0.0,0.0,0.35,0.0,0.0,0.0,0.9,N ,N ,-66.104404337261,18.4270894106024,0.0,0.0,0.0,0.0,0.0,0.0,0.0,0.0,0.0,0.0,0.0,0.0,0.0,0.0,0.0,0.0,0.0,0.0,14328.0,battery_li_n_fsu,n,fsu,1,(OP) Operating,1,Battery Storage,,,False,PR100_DST_2022_pr88,pr88,,
battery_li,10.369675065455883,41.47870025476471,3.9999999993192823,2051,2051,2051,2051,2051,2009,True,,p99027,Puerto Rico,178.0,178.0,1.0,54802.0,CISO ,PR_PR100_DST_2022_pr93,PR100_DST_2022_pr93,Dynegy Moss Landing Power Plant Hybrid,1.0,DST,DS,3.0,0.0,11.0,21.0,21.0,16.0,PR,9.0,16.0,1.0,300.0,10.369675065455883,0.0,0.0,0.0,0.0,2021,5.0,12.0,0.0,0.0,0.0,0.0,0.0,0.0,0.0,  ,0.0,0.0,0.0,0.0,0.0,0.0,0.0,0.0,0.0,0.0,0.0,0.0,0.0,0.0,PS,0,0,1.0,0.0,0.0,0.0,12.544,0.0,1.0,0.0,0.0,0.0,0.0,0.0,0.0,0.0,0.0,0.0,0.0,0.35,0.0,0.0,0.0,0.9,N ,N ,-66.2653662847825,18.4177430276982,0.0,0.0,0.0,0.0,0.0,0.0,0.0,0.0,0.0,0.0,0.0,0.0,0.0,0.0,0.0,0.0,0.0,0.0,14328.0,battery_li_n_fsu,n,fsu,1,(OP) Operating,1,Battery Storage,,,False,PR100_DST_2022_pr93,pr93,,
battery_li,0.2030376833142857,0.8121507330285715,3.9999999988742423,2051,2051,2051,2051,2051,2009,True,,p99028,Puerto Rico,178.0,178.0,1.0,54802.0,CISO ,PR_PR100_DST_2022_pr96,PR100_DST_2022_pr96,Dynegy Moss Landing Power Plant Hybrid,1.0,DST,DS,3.0,0.0,11.0,21.0,21.0,16.0,PR,9.0,16.0,1.0,300.0,0.2030376833142857,0.0,0.0,0.0,0.0,2021,5.0,12.0,0.0,0.0,0.0,0.0,0.0,0.0,0.0,  ,0.0,0.0,0.0,0.0,0.0,0.0,0.0,0.0,0.0,0.0,0.0,0.0,0.0,0.0,PS,0,0,1.0,0.0,0.0,0.0,12.544,0.0,1.0,0.0,0.0,0.0,0.0,0.0,0.0,0.0,0.0,0.0,0.0,0.35,0.0,0.0,0.0,0.9,N ,N ,-66.7549319005293,18.0030629750221,0.0,0.0,0.0,0.0,0.0,0.0,0.0,0.0,0.0,0.0,0.0,0.0,0.0,0.0,0.0,0.0,0.0,0.0,14328.0,battery_li_n_fsu,n,fsu,1,(OP) Operating,1,Battery Storage,,,False,PR100_DST_2022_pr96,pr96,,
battery_li,3.468618058054166,13.874472231729168,3.999999999859455,2051,2051,2051,2051,2051,2009,True,,p99030,Puerto Rico,178.0,178.0,1.0,54802.0,CISO ,PR_PR100_DST_2022_pr100,PR100_DST_2022_pr100,Dynegy Moss Landing Power Plant Hybrid,1.0,DST,DS,3.0,0.0,11.0,21.0,21.0,16.0,PR,9.0,16.0,1.0,300.0,3.468618058054166,0.0,0.0,0.0,0.0,2021,5.0,12.0,0.0,0.0,0.0,0.0,0.0,0.0,0.0,  ,0.0,0.0,0.0,0.0,0.0,0.0,0.0,0.0,0.0,0.0,0.0,0.0,0.0,0.0,PS,0,0,1.0,0.0,0.0,0.0,12.544,0.0,1.0,0.0,0.0,0.0,0.0,0.0,0.0,0.0,0.0,0.0,0.0,0.35,0.0,0.0,0.0,0.9,N ,N ,-67.036,18.467,0.0,0.0,0.0,0.0,0.0,0.0,0.0,0.0,0.0,0.0,0.0,0.0,0.0,0.0,0.0,0.0,0.0,0.0,14328.0,battery_li_n_fsu,n,fsu,1,(OP) Operating,1,Battery Storage,,,False,PR100_DST_2022_pr100,pr100,,
battery_li,0.516980807156,2.06792441822,4.000002301044804,2051,2051,2051,2051,2051,2009,True,,p99031,Puerto Rico,178.0,178.0,1.0,54802.0,CISO ,PR_PR100_DST_2022_pr101,PR100_DST_2022_pr101,Dynegy Moss Landing Power Plant Hybrid,1.0,DST,DS,3.0,0.0,11.0,21.0,21.0,16.0,PR,9.0,16.0,1.0,300.0,0.516980807156,0.0,0.0,0.0,0.0,2021,5.0,12.0,0.0,0.0,0.0,0.0,0.0,0.0,0.0,  ,0.0,0.0,0.0,0.0,0.0,0.0,0.0,0.0,0.0,0.0,0.0,0.0,0.0,0.0,PS,0,0,1.0,0.0,0.0,0.0,12.544,0.0,1.0,0.0,0.0,0.0,0.0,0.0,0.0,0.0,0.0,0.0,0.0,0.35,0.0,0.0,0.0,0.9,N ,N ,-65.667,18.232,0.0,0.0,0.0,0.0,0.0,0.0,0.0,0.0,0.0,0.0,0.0,0.0,0.0,0.0,0.0,0.0,0.0,0.0,14328.0,battery_li_n_fsu,n,fsu,1,(OP) Operating,1,Battery Storage,,,False,PR100_DST_2022_pr101,pr101,,
battery_li,2.2224397798917117,8.889759120515206,4.00000000042672,2051,2051,2051,2051,2051,2009,True,,p99032,Puerto Rico,178.0,178.0,1.0,54802.0,CISO ,PR_PR100_DST_2022_pr102,PR100_DST_2022_pr102,Dynegy Moss Landing Power Plant Hybrid,1.0,DST,DS,3.0,0.0,11.0,21.0,21.0,16.0,PR,9.0,16.0,1.0,300.0,2.2224397798917117,0.0,0.0,0.0,0.0,2021,5.0,12.0,0.0,0.0,0.0,0.0,0.0,0.0,0.0,  ,0.0,0.0,0.0,0.0,0.0,0.0,0.0,0.0,0.0,0.0,0.0,0.0,0.0,0.0,PS,0,0,1.0,0.0,0.0,0.0,12.544,0.0,1.0,0.0,0.0,0.0,0.0,0.0,0.0,0.0,0.0,0.0,0.0,0.35,0.0,0.0,0.0,0.9,N ,N ,-66.5706576264178,18.4283908357814,0.0,0.0,0.0,0.0,0.0,0.0,0.0,0.0,0.0,0.0,0.0,0.0,0.0,0.0,0.0,0.0,0.0,0.0,14328.0,battery_li_n_fsu,n,fsu,1,(OP) Operating,1,Battery Storage,,,False,PR100_DST_2022_pr102,pr102,,
battery_li,3.5960715094803923,14.384286036333336,3.999999999558342,2051,2051,2051,2051,2051,2009,True,,p99033,Puerto Rico,178.0,178.0,1.0,54802.0,CISO ,PR_PR100_DST_2022_pr103,PR100_DST_2022_pr103,Dynegy Moss Landing Power Plant Hybrid,1.0,DST,DS,3.0,0.0,11.0,21.0,21.0,16.0,PR,9.0,16.0,1.0,300.0,3.5960715094803923,0.0,0.0,0.0,0.0,2021,5.0,12.0,0.0,0.0,0.0,0.0,0.0,0.0,0.0,  ,0.0,0.0,0.0,0.0,0.0,0.0,0.0,0.0,0.0,0.0,0.0,0.0,0.0,0.0,PS,0,0,1.0,0.0,0.0,0.0,12.544,0.0,1.0,0.0,0.0,0.0,0.0,0.0,0.0,0.0,0.0,0.0,0.0,0.35,0.0,0.0,0.0,0.9,N ,N ,-66.6390769907291,18.0127700579151,0.0,0.0,0.0,0.0,0.0,0.0,0.0,0.0,0.0,0.0,0.0,0.0,0.0,0.0,0.0,0.0,0.0,0.0,14328.0,battery_li_n_fsu,n,fsu,1,(OP) Operating,1,Battery Storage,,,False,PR100_DST_2022_pr103,pr103,,
battery_li,5.479246842600001,21.916987369200005,3.9999999997809916,2051,2051,2051,2051,2051,2009,True,,p99034,Puerto Rico,178.0,178.0,1.0,54802.0,CISO ,PR_PR100_DST_2022_pr106,PR100_DST_2022_pr106,Dynegy Moss Landing Power Plant Hybrid,1.0,DST,DS,3.0,0.0,11.0,21.0,21.0,16.0,PR,9.0,16.0,1.0,300.0,5.479246842600001,0.0,0.0,0.0,0.0,2021,5.0,12.0,0.0,0.0,0.0,0.0,0.0,0.0,0.0,  ,0.0,0.0,0.0,0.0,0.0,0.0,0.0,0.0,0.0,0.0,0.0,0.0,0.0,0.0,PS,0,0,1.0,0.0,0.0,0.0,12.544,0.0,1.0,0.0,0.0,0.0,0.0,0.0,0.0,0.0,0.0,0.0,0.0,0.35,0.0,0.0,0.0,0.9,N ,N ,-66.2308401882358,17.9520116156805,0.0,0.0,0.0,0.0,0.0,0.0,0.0,0.0,0.0,0.0,0.0,0.0,0.0,0.0,0.0,0.0,0.0,0.0,14328.0,battery_li_n_fsu,n,fsu,1,(OP) Operating,1,Battery Storage,,,False,PR100_DST_2022_pr106,pr106,,
battery_li,0.2688222777333333,1.0752891112222218,4.000000001074645,2051,2051,2051,2051,2051,2009,True,,p99036,Puerto Rico,178.0,178.0,1.0,54802.0,CISO ,PR_PR100_DST_2022_pr111,PR100_DST_2022_pr111,Dynegy Moss Landing Power Plant Hybrid,1.0,DST,DS,3.0,0.0,11.0,21.0,21.0,16.0,PR,9.0,16.0,1.0,300.0,0.2688222777333333,0.0,0.0,0.0,0.0,2021,5.0,12.0,0.0,0.0,0.0,0.0,0.0,0.0,0.0,  ,0.0,0.0,0.0,0.0,0.0,0.0,0.0,0.0,0.0,0.0,0.0,0.0,0.0,0.0,PS,0,0,1.0,0.0,0.0,0.0,12.544,0.0,1.0,0.0,0.0,0.0,0.0,0.0,0.0,0.0,0.0,0.0,0.0,0.35,0.0,0.0,0.0,0.9,N ,N ,-66.1779709050394,18.41145572511,0.0,0.0,0.0,0.0,0.0,0.0,0.0,0.0,0.0,0.0,0.0,0.0,0.0,0.0,0.0,0.0,0.0,0.0,14328.0,battery_li_n_fsu,n,fsu,1,(OP) Operating,1,Battery Storage,,,False,PR100_DST_2022_pr111,pr111,,
battery_li,3.1100837434434787,12.440334971156524,3.999999999158418,2051,2051,2051,2051,2051,2009,True,,p99037,Puerto Rico,178.0,178.0,1.0,54802.0,CISO ,PR_PR100_DST_2022_pr116,PR100_DST_2022_pr116,Dynegy Moss Landing Power Plant Hybrid,1.0,DST,DS,3.0,0.0,11.0,21.0,21.0,16.0,PR,9.0,16.0,1.0,300.0,3.1100837434434787,0.0,0.0,0.0,0.0,2021,5.0,12.0,0.0,0.0,0.0,0.0,0.0,0.0,0.0,  ,0.0,0.0,0.0,0.0,0.0,0.0,0.0,0.0,0.0,0.0,0.0,0.0,0.0,0.0,PS,0,0,1.0,0.0,0.0,0.0,12.544,0.0,1.0,0.0,0.0,0.0,0.0,0.0,0.0,0.0,0.0,0.0,0.0,0.35,0.0,0.0,0.0,0.9,N ,N ,-67.1360455,18.12868123,0.0,0.0,0.0,0.0,0.0,0.0,0.0,0.0,0.0,0.0,0.0,0.0,0.0,0.0,0.0,0.0,0.0,0.0,14328.0,battery_li_n_fsu,n,fsu,1,(OP) Operating,1,Battery Storage,,,False,PR100_DST_2022_pr116,pr116,,
battery_li,0.2115139989112904,0.8460559957419358,4.000000000457531,2051,2051,2051,2051,2051,2009,True,,p99039,Puerto Rico,178.0,178.0,1.0,54802.0,CISO ,PR_PR100_DST_2022_pr127,PR100_DST_2022_pr127,Dynegy Moss Landing Power Plant Hybrid,1.0,DST,DS,3.0,0.0,11.0,21.0,21.0,16.0,PR,9.0,16.0,1.0,300.0,0.2115139989112904,0.0,0.0,0.0,0.0,2021,5.0,12.0,0.0,0.0,0.0,0.0,0.0,0.0,0.0,  ,0.0,0.0,0.0,0.0,0.0,0.0,0.0,0.0,0.0,0.0,0.0,0.0,0.0,0.0,PS,0,0,1.0,0.0,0.0,0.0,12.544,0.0,1.0,0.0,0.0,0.0,0.0,0.0,0.0,0.0,0.0,0.0,0.0,0.35,0.0,0.0,0.0,0.9,N ,N ,-66.0989665285312,18.3984931434295,0.0,0.0,0.0,0.0,0.0,0.0,0.0,0.0,0.0,0.0,0.0,0.0,0.0,0.0,0.0,0.0,0.0,0.0,14328.0,battery_li_n_fsu,n,fsu,1,(OP) Operating,1,Battery Storage,,,False,PR100_DST_2022_pr127,pr127,,
battery_li,0.3147973275,1.259189309,3.9999999968233526,2051,2051,2051,2051,2051,2009,True,,p99040,Puerto Rico,178.0,178.0,1.0,54802.0,CISO ,PR_PR100_DST_2022_pr149,PR100_DST_2022_pr149,Dynegy Moss Landing Power Plant Hybrid,1.0,DST,DS,3.0,0.0,11.0,21.0,21.0,16.0,PR,9.0,16.0,1.0,300.0,0.3147973275,0.0,0.0,0.0,0.0,2021,5.0,12.0,0.0,0.0,0.0,0.0,0.0,0.0,0.0,  ,0.0,0.0,0.0,0.0,0.0,0.0,0.0,0.0,0.0,0.0,0.0,0.0,0.0,0.0,PS,0,0,1.0,0.0,0.0,0.0,12.544,0.0,1.0,0.0,0.0,0.0,0.0,0.0,0.0,0.0,0.0,0.0,0.0,0.35,0.0,0.0,0.0,0.9,N ,N ,-66.1060753786802,18.247078688759,0.0,0.0,0.0,0.0,0.0,0.0,0.0,0.0,0.0,0.0,0.0,0.0,0.0,0.0,0.0,0.0,0.0,0.0,14328.0,battery_li_n_fsu,n,fsu,1,(OP) Operating,1,Battery Storage,,,False,PR100_DST_2022_pr149,pr149,,
battery_li,1.6938783375294115,6.775513353411765,4.00000000194472,2051,2051,2051,2051,2051,2009,True,,p99041,Puerto Rico,178.0,178.0,1.0,54802.0,CISO ,PR_PR100_DST_2022_pr153,PR100_DST_2022_pr153,Dynegy Moss Landing Power Plant Hybrid,1.0,DST,DS,3.0,0.0,11.0,21.0,21.0,16.0,PR,9.0,16.0,1.0,300.0,1.6938783375294115,0.0,0.0,0.0,0.0,2021,5.0,12.0,0.0,0.0,0.0,0.0,0.0,0.0,0.0,  ,0.0,0.0,0.0,0.0,0.0,0.0,0.0,0.0,0.0,0.0,0.0,0.0,0.0,0.0,PS,0,0,1.0,0.0,0.0,0.0,12.544,0.0,1.0,0.0,0.0,0.0,0.0,0.0,0.0,0.0,0.0,0.0,0.0,0.35,0.0,0.0,0.0,0.9,N ,N ,-66.456,18.433,0.0,0.0,0.0,0.0,0.0,0.0,0.0,0.0,0.0,0.0,0.0,0.0,0.0,0.0,0.0,0.0,0.0,0.0,14328.0,battery_li_n_fsu,n,fsu,1,(OP) Operating,1,Battery Storage,,,False,PR100_DST_2022_pr153,pr153,,
battery_li,0.13188859375,0.52755437484375,3.999999998815288,2051,2051,2051,2051,2051,2009,True,,p99042,Puerto Rico,178.0,178.0,1.0,54802.0,CISO ,PR_PR100_DST_2022_pr167,PR100_DST_2022_pr167,Dynegy Moss Landing Power Plant Hybrid,1.0,DST,DS,3.0,0.0,11.0,21.0,21.0,16.0,PR,9.0,16.0,1.0,300.0,0.13188859375,0.0,0.0,0.0,0.0,2021,5.0,12.0,0.0,0.0,0.0,0.0,0.0,0.0,0.0,  ,0.0,0.0,0.0,0.0,0.0,0.0,0.0,0.0,0.0,0.0,0.0,0.0,0.0,0.0,PS,0,0,1.0,0.0,0.0,0.0,12.544,0.0,1.0,0.0,0.0,0.0,0.0,0.0,0.0,0.0,0.0,0.0,0.0,0.35,0.0,0.0,0.0,0.9,N ,N ,-66.5905482796362,18.4249383396828,0.0,0.0,0.0,0.0,0.0,0.0,0.0,0.0,0.0,0.0,0.0,0.0,0.0,0.0,0.0,0.0,0.0,0.0,14328.0,battery_li_n_fsu,n,fsu,1,(OP) Operating,1,Battery Storage,,,False,PR100_DST_2022_pr167,pr167,,
battery_li,4.507667630933334,18.030670486466665,3.999999991732605,2051,2051,2051,2051,2051,2009,True,,p99043,Puerto Rico,178.0,178.0,1.0,54802.0,CISO ,PR_PR100_DST_2022_pr169,PR100_DST_2022_pr169,Dynegy Moss Landing Power Plant Hybrid,1.0,DST,DS,3.0,0.0,11.0,21.0,21.0,16.0,PR,9.0,16.0,1.0,300.0,4.507667630933334,0.0,0.0,0.0,0.0,2021,5.0,12.0,0.0,0.0,0.0,0.0,0.0,0.0,0.0,  ,0.0,0.0,0.0,0.0,0.0,0.0,0.0,0.0,0.0,0.0,0.0,0.0,0.0,0.0,PS,0,0,1.0,0.0,0.0,0.0,12.544,0.0,1.0,0.0,0.0,0.0,0.0,0.0,0.0,0.0,0.0,0.0,0.0,0.35,0.0,0.0,0.0,0.9,N ,N ,-67.0091432005955,18.0750990243733,0.0,0.0,0.0,0.0,0.0,0.0,0.0,0.0,0.0,0.0,0.0,0.0,0.0,0.0,0.0,0.0,0.0,0.0,14328.0,battery_li_n_fsu,n,fsu,1,(OP) Operating,1,Battery Storage,,,False,PR100_DST_2022_pr169,pr169,,
battery_li,0.4544459375,1.81778375025,4.000000000550121,2051,2051,2051,2051,2051,2009,True,,p99044,Puerto Rico,178.0,178.0,1.0,54802.0,CISO ,PR_PR100_DST_2022_pr175,PR100_DST_2022_pr175,Dynegy Moss Landing Power Plant Hybrid,1.0,DST,DS,3.0,0.0,11.0,21.0,21.0,16.0,PR,9.0,16.0,1.0,300.0,0.4544459375,0.0,0.0,0.0,0.0,2021,5.0,12.0,0.0,0.0,0.0,0.0,0.0,0.0,0.0,  ,0.0,0.0,0.0,0.0,0.0,0.0,0.0,0.0,0.0,0.0,0.0,0.0,0.0,0.0,PS,0,0,1.0,0.0,0.0,0.0,12.544,0.0,1.0,0.0,0.0,0.0,0.0,0.0,0.0,0.0,0.0,0.0,0.0,0.35,0.0,0.0,0.0,0.9,N ,N ,-66.0125885191723,18.3435425236042,0.0,0.0,0.0,0.0,0.0,0.0,0.0,0.0,0.0,0.0,0.0,0.0,0.0,0.0,0.0,0.0,0.0,0.0,14328.0,battery_li_n_fsu,n,fsu,1,(OP) Operating,1,Battery Storage,,,False,PR100_DST_2022_pr175,pr175,,
battery_li,0.469461888,1.877847551,3.9999999978699017,2051,2051,2051,2051,2051,2009,True,,p99045,Puerto Rico,178.0,178.0,1.0,54802.0,CISO ,PR_PR100_DST_2022_pr177,PR100_DST_2022_pr177,Dynegy Moss Landing Power Plant Hybrid,1.0,DST,DS,3.0,0.0,11.0,21.0,21.0,16.0,PR,9.0,16.0,1.0,300.0,0.469461888,0.0,0.0,0.0,0.0,2021,5.0,12.0,0.0,0.0,0.0,0.0,0.0,0.0,0.0,  ,0.0,0.0,0.0,0.0,0.0,0.0,0.0,0.0,0.0,0.0,0.0,0.0,0.0,0.0,PS,0,0,1.0,0.0,0.0,0.0,12.544,0.0,1.0,0.0,0.0,0.0,0.0,0.0,0.0,0.0,0.0,0.0,0.0,0.35,0.0,0.0,0.0,0.9,N ,N ,-66.4738323567036,18.3275495781778,0.0,0.0,0.0,0.0,0.0,0.0,0.0,0.0,0.0,0.0,0.0,0.0,0.0,0.0,0.0,0.0,0.0,0.0,14328.0,battery_li_n_fsu,n,fsu,1,(OP) Operating,1,Battery Storage,,,False,PR100_DST_2022_pr177,pr177,,
battery_li,0.1456340701666666,0.5825362805,3.9999999988555808,2051,2051,2051,2051,2051,2009,True,,p99047,Puerto Rico,178.0,178.0,1.0,54802.0,CISO ,PR_PR100_DST_2022_pr185,PR100_DST_2022_pr185,Dynegy Moss Landing Power Plant Hybrid,1.0,DST,DS,3.0,0.0,11.0,21.0,21.0,16.0,PR,9.0,16.0,1.0,300.0,0.1456340701666666,0.0,0.0,0.0,0.0,2021,5.0,12.0,0.0,0.0,0.0,0.0,0.0,0.0,0.0,  ,0.0,0.0,0.0,0.0,0.0,0.0,0.0,0.0,0.0,0.0,0.0,0.0,0.0,0.0,PS,0,0,1.0,0.0,0.0,0.0,12.544,0.0,1.0,0.0,0.0,0.0,0.0,0.0,0.0,0.0,0.0,0.0,0.0,0.35,0.0,0.0,0.0,0.9,N ,N ,-65.8516387068331,18.0483889897792,0.0,0.0,0.0,0.0,0.0,0.0,0.0,0.0,0.0,0.0,0.0,0.0,0.0,0.0,0.0,0.0,0.0,0.0,14328.0,battery_li_n_fsu,n,fsu,1,(OP) Operating,1,Battery Storage,,,False,PR100_DST_2022_pr185,pr185,,
battery_li,0.2688222777333333,1.0752891112222218,4.000000001074645,2051,2051,2051,2051,2051,2009,True,,p99048,Puerto Rico,178.0,178.0,1.0,54802.0,CISO ,PR_PR100_DST_2022_pr190,PR100_DST_2022_pr190,Dynegy Moss Landing Power Plant Hybrid,1.0,DST,DS,3.0,0.0,11.0,21.0,21.0,16.0,PR,9.0,16.0,1.0,300.0,0.2688222777333333,0.0,0.0,0.0,0.0,2021,5.0,12.0,0.0,0.0,0.0,0.0,0.0,0.0,0.0,  ,0.0,0.0,0.0,0.0,0.0,0.0,0.0,0.0,0.0,0.0,0.0,0.0,0.0,0.0,PS,0,0,1.0,0.0,0.0,0.0,12.544,0.0,1.0,0.0,0.0,0.0,0.0,0.0,0.0,0.0,0.0,0.0,0.0,0.35,0.0,0.0,0.0,0.9,N ,N ,-66.185849899094,18.3494926249706,0.0,0.0,0.0,0.0,0.0,0.0,0.0,0.0,0.0,0.0,0.0,0.0,0.0,0.0,0.0,0.0,0.0,0.0,14328.0,battery_li_n_fsu,n,fsu,1,(OP) Operating,1,Battery Storage,,,False,PR100_DST_2022_pr190,pr190,,
battery_li,2.699997150555556,10.79998859377778,3.999999996872425,2051,2051,2051,2051,2051,2009,True,,p99051,Puerto Rico,178.0,178.0,1.0,54802.0,CISO ,PR_PR100_DST_2022_pr211,PR100_DST_2022_pr211,Dynegy Moss Landing Power Plant Hybrid,1.0,DST,DS,3.0,0.0,11.0,21.0,21.0,16.0,PR,9.0,16.0,1.0,300.0,2.699997150555556,0.0,0.0,0.0,0.0,2021,5.0,12.0,0.0,0.0,0.0,0.0,0.0,0.0,0.0,  ,0.0,0.0,0.0,0.0,0.0,0.0,0.0,0.0,0.0,0.0,0.0,0.0,0.0,0.0,PS,0,0,1.0,0.0,0.0,0.0,12.544,0.0,1.0,0.0,0.0,0.0,0.0,0.0,0.0,0.0,0.0,0.0,0.0,0.35,0.0,0.0,0.0,0.9,N ,N ,-65.77090642,18.3639503,0.0,0.0,0.0,0.0,0.0,0.0,0.0,0.0,0.0,0.0,0.0,0.0,0.0,0.0,0.0,0.0,0.0,0.0,14328.0,battery_li_n_fsu,n,fsu,1,(OP) Operating,1,Battery Storage,,,False,PR100_DST_2022_pr211,pr211,,
battery_li,0.8193617,3.277446806,4.0000000073227735,2051,2051,2051,2051,2051,2009,True,,p99052,Puerto Rico,178.0,178.0,1.0,54802.0,CISO ,PR_PR100_DST_2022_pr213,PR100_DST_2022_pr213,Dynegy Moss Landing Power Plant Hybrid,1.0,DST,DS,3.0,0.0,11.0,21.0,21.0,16.0,PR,9.0,16.0,1.0,300.0,0.8193617,0.0,0.0,0.0,0.0,2021,5.0,12.0,0.0,0.0,0.0,0.0,0.0,0.0,0.0,  ,0.0,0.0,0.0,0.0,0.0,0.0,0.0,0.0,0.0,0.0,0.0,0.0,0.0,0.0,PS,0,0,1.0,0.0,0.0,0.0,12.544,0.0,1.0,0.0,0.0,0.0,0.0,0.0,0.0,0.0,0.0,0.0,0.0,0.35,0.0,0.0,0.0,0.9,N ,N ,-66.488,18.132,0.0,0.0,0.0,0.0,0.0,0.0,0.0,0.0,0.0,0.0,0.0,0.0,0.0,0.0,0.0,0.0,0.0,0.0,14328.0,battery_li_n_fsu,n,fsu,1,(OP) Operating,1,Battery Storage,,,False,PR100_DST_2022_pr213,pr213,,
battery_li,1.497137201826087,5.988548805173913,3.9999999985769943,2051,2051,2051,2051,2051,2009,True,,p99053,Puerto Rico,178.0,178.0,1.0,54802.0,CISO ,PR_PR100_DST_2022_pr231,PR100_DST_2022_pr231,Dynegy Moss Landing Power Plant Hybrid,1.0,DST,DS,3.0,0.0,11.0,21.0,21.0,16.0,PR,9.0,16.0,1.0,300.0,1.497137201826087,0.0,0.0,0.0,0.0,2021,5.0,12.0,0.0,0.0,0.0,0.0,0.0,0.0,0.0,  ,0.0,0.0,0.0,0.0,0.0,0.0,0.0,0.0,0.0,0.0,0.0,0.0,0.0,0.0,PS,0,0,1.0,0.0,0.0,0.0,12.544,0.0,1.0,0.0,0.0,0.0,0.0,0.0,0.0,0.0,0.0,0.0,0.0,0.35,0.0,0.0,0.0,0.9,N ,N ,-67.152569302061,18.2984761586059,0.0,0.0,0.0,0.0,0.0,0.0,0.0,0.0,0.0,0.0,0.0,0.0,0.0,0.0,0.0,0.0,0.0,0.0,14328.0,battery_li_n_fsu,n,fsu,1,(OP) Operating,1,Battery Storage,,,False,PR100_DST_2022_pr231,pr231,,
battery_li,0.1251963461538462,0.500785384615385,4.000000000000002,2051,2051,2051,2051,2051,2009,True,,p99055,Puerto Rico,178.0,178.0,1.0,54802.0,CISO ,PR_PR100_DST_2022_pr233,PR100_DST_2022_pr233,Dynegy Moss Landing Power Plant Hybrid,1.0,DST,DS,3.0,0.0,11.0,21.0,21.0,16.0,PR,9.0,16.0,1.0,300.0,0.1251963461538462,0.0,0.0,0.0,0.0,2021,5.0,12.0,0.0,0.0,0.0,0.0,0.0,0.0,0.0,  ,0.0,0.0,0.0,0.0,0.0,0.0,0.0,0.0,0.0,0.0,0.0,0.0,0.0,0.0,PS,0,0,1.0,0.0,0.0,0.0,12.544,0.0,1.0,0.0,0.0,0.0,0.0,0.0,0.0,0.0,0.0,0.0,0.0,0.35,0.0,0.0,0.0,0.9,N ,N ,-65.825,18.106,0.0,0.0,0.0,0.0,0.0,0.0,0.0,0.0,0.0,0.0,0.0,0.0,0.0,0.0,0.0,0.0,0.0,0.0,14328.0,battery_li_n_fsu,n,fsu,1,(OP) Operating,1,Battery Storage,,,False,PR100_DST_2022_pr233,pr233,,
battery_li,15.101293581142857,60.40542154192857,4.000016370607976,2051,2051,2051,2051,2051,2009,True,,p99056,Puerto Rico,178.0,178.0,1.0,54802.0,CISO ,PR_PR100_DST_2022_pr234,PR100_DST_2022_pr234,Dynegy Moss Landing Power Plant Hybrid,1.0,DST,DS,3.0,0.0,11.0,21.0,21.0,16.0,PR,9.0,16.0,1.0,300.0,15.101293581142857,0.0,0.0,0.0,0.0,2021,5.0,12.0,0.0,0.0,0.0,0.0,0.0,0.0,0.0,  ,0.0,0.0,0.0,0.0,0.0,0.0,0.0,0.0,0.0,0.0,0.0,0.0,0.0,0.0,PS,0,0,1.0,0.0,0.0,0.0,12.544,0.0,1.0,0.0,0.0,0.0,0.0,0.0,0.0,0.0,0.0,0.0,0.0,0.35,0.0,0.0,0.0,0.9,N ,N ,-65.9154707181728,18.2269009978467,0.0,0.0,0.0,0.0,0.0,0.0,0.0,0.0,0.0,0.0,0.0,0.0,0.0,0.0,0.0,0.0,0.0,0.0,14328.0,battery_li_n_fsu,n,fsu,1,(OP) Operating,1,Battery Storage,,,False,PR100_DST_2022_pr234,pr234,,
battery_li,0.303984991,1.215939965,4.000000003289636,2051,2051,2051,2051,2051,2009,True,,p99057,Puerto Rico,178.0,178.0,1.0,54802.0,CISO ,PR_PR100_DST_2022_pr266,PR100_DST_2022_pr266,Dynegy Moss Landing Power Plant Hybrid,1.0,DST,DS,3.0,0.0,11.0,21.0,21.0,16.0,PR,9.0,16.0,1.0,300.0,0.303984991,0.0,0.0,0.0,0.0,2021,5.0,12.0,0.0,0.0,0.0,0.0,0.0,0.0,0.0,  ,0.0,0.0,0.0,0.0,0.0,0.0,0.0,0.0,0.0,0.0,0.0,0.0,0.0,0.0,PS,0,0,1.0,0.0,0.0,0.0,12.544,0.0,1.0,0.0,0.0,0.0,0.0,0.0,0.0,0.0,0.0,0.0,0.0,0.35,0.0,0.0,0.0,0.9,N ,N ,-66.6040735772664,18.2178266340192,0.0,0.0,0.0,0.0,0.0,0.0,0.0,0.0,0.0,0.0,0.0,0.0,0.0,0.0,0.0,0.0,0.0,0.0,14328.0,battery_li_n_fsu,n,fsu,1,(OP) Operating,1,Battery Storage,,,False,PR100_DST_2022_pr266,pr266,,
battery_li,0.5376445554666666,2.150578222444444,4.000000001074646,2051,2051,2051,2051,2051,2009,True,,p99058,Puerto Rico,178.0,178.0,1.0,54802.0,CISO ,PR_PR100_DST_2022_pr271,PR100_DST_2022_pr271,Dynegy Moss Landing Power Plant Hybrid,1.0,DST,DS,3.0,0.0,11.0,21.0,21.0,16.0,PR,9.0,16.0,1.0,300.0,0.5376445554666666,0.0,0.0,0.0,0.0,2021,5.0,12.0,0.0,0.0,0.0,0.0,0.0,0.0,0.0,  ,0.0,0.0,0.0,0.0,0.0,0.0,0.0,0.0,0.0,0.0,0.0,0.0,0.0,0.0,PS,0,0,1.0,0.0,0.0,0.0,12.544,0.0,1.0,0.0,0.0,0.0,0.0,0.0,0.0,0.0,0.0,0.0,0.0,0.35,0.0,0.0,0.0,0.9,N ,N ,-66.1259055887702,18.381696554124,0.0,0.0,0.0,0.0,0.0,0.0,0.0,0.0,0.0,0.0,0.0,0.0,0.0,0.0,0.0,0.0,0.0,0.0,14328.0,battery_li_n_fsu,n,fsu,1,(OP) Operating,1,Battery Storage,,,False,PR100_DST_2022_pr271,pr271,,
battery_li,0.3313775,1.325509998,3.9999999939645874,2051,2051,2051,2051,2051,2009,True,,p99059,Puerto Rico,178.0,178.0,1.0,54802.0,CISO ,PR_PR100_DST_2022_pr275,PR100_DST_2022_pr275,Dynegy Moss Landing Power Plant Hybrid,1.0,DST,DS,3.0,0.0,11.0,21.0,21.0,16.0,PR,9.0,16.0,1.0,300.0,0.3313775,0.0,0.0,0.0,0.0,2021,5.0,12.0,0.0,0.0,0.0,0.0,0.0,0.0,0.0,  ,0.0,0.0,0.0,0.0,0.0,0.0,0.0,0.0,0.0,0.0,0.0,0.0,0.0,0.0,PS,0,0,1.0,0.0,0.0,0.0,12.544,0.0,1.0,0.0,0.0,0.0,0.0,0.0,0.0,0.0,0.0,0.0,0.0,0.35,0.0,0.0,0.0,0.9,N ,N ,-66.2094086233001,18.1983008074441,0.0,0.0,0.0,0.0,0.0,0.0,0.0,0.0,0.0,0.0,0.0,0.0,0.0,0.0,0.0,0.0,0.0,0.0,14328.0,battery_li_n_fsu,n,fsu,1,(OP) Operating,1,Battery Storage,,,False,PR100_DST_2022_pr275,pr275,,
battery_li,0.2115139989112904,0.8460559957419358,4.000000000457531,2051,2051,2051,2051,2051,2009,True,,p99061,Puerto Rico,178.0,178.0,1.0,54802.0,CISO ,PR_PR100_DST_2022_pr280,PR100_DST_2022_pr280,Dynegy Moss Landing Power Plant Hybrid,1.0,DST,DS,3.0,0.0,11.0,21.0,21.0,16.0,PR,9.0,16.0,1.0,300.0,0.2115139989112904,0.0,0.0,0.0,0.0,2021,5.0,12.0,0.0,0.0,0.0,0.0,0.0,0.0,0.0,  ,0.0,0.0,0.0,0.0,0.0,0.0,0.0,0.0,0.0,0.0,0.0,0.0,0.0,0.0,PS,0,0,1.0,0.0,0.0,0.0,12.544,0.0,1.0,0.0,0.0,0.0,0.0,0.0,0.0,0.0,0.0,0.0,0.0,0.35,0.0,0.0,0.0,0.9,N ,N ,-66.0565131330956,18.3439345103641,0.0,0.0,0.0,0.0,0.0,0.0,0.0,0.0,0.0,0.0,0.0,0.0,0.0,0.0,0.0,0.0,0.0,0.0,14328.0,battery_li_n_fsu,n,fsu,1,(OP) Operating,1,Battery Storage,,,False,PR100_DST_2022_pr280,pr280,,
battery_li,0.4544459375,1.81778375025,4.000000000550121,2051,2051,2051,2051,2051,2009,True,,p99062,Puerto Rico,178.0,178.0,1.0,54802.0,CISO ,PR_PR100_DST_2022_pr281,PR100_DST_2022_pr281,Dynegy Moss Landing Power Plant Hybrid,1.0,DST,DS,3.0,0.0,11.0,21.0,21.0,16.0,PR,9.0,16.0,1.0,300.0,0.4544459375,0.0,0.0,0.0,0.0,2021,5.0,12.0,0.0,0.0,0.0,0.0,0.0,0.0,0.0,  ,0.0,0.0,0.0,0.0,0.0,0.0,0.0,0.0,0.0,0.0,0.0,0.0,0.0,0.0,PS,0,0,1.0,0.0,0.0,0.0,12.544,0.0,1.0,0.0,0.0,0.0,0.0,0.0,0.0,0.0,0.0,0.0,0.0,0.35,0.0,0.0,0.0,0.9,N ,N ,-65.9877304348331,18.3220582564782,0.0,0.0,0.0,0.0,0.0,0.0,0.0,0.0,0.0,0.0,0.0,0.0,0.0,0.0,0.0,0.0,0.0,0.0,14328.0,battery_li_n_fsu,n,fsu,1,(OP) Operating,1,Battery Storage,,,False,PR100_DST_2022_pr281,pr281,,
battery_li,4.2025839431000005,16.81033576795,3.9999999989411275,2051,2051,2051,2051,2051,2009,True,,p99065,Puerto Rico,178.0,178.0,1.0,54802.0,CISO ,PR_PR100_DST_2022_pr296,PR100_DST_2022_pr296,Dynegy Moss Landing Power Plant Hybrid,1.0,DST,DS,3.0,0.0,11.0,21.0,21.0,16.0,PR,9.0,16.0,1.0,300.0,4.2025839431000005,0.0,0.0,0.0,0.0,2021,5.0,12.0,0.0,0.0,0.0,0.0,0.0,0.0,0.0,  ,0.0,0.0,0.0,0.0,0.0,0.0,0.0,0.0,0.0,0.0,0.0,0.0,0.0,0.0,PS,0,0,1.0,0.0,0.0,0.0,12.544,0.0,1.0,0.0,0.0,0.0,0.0,0.0,0.0,0.0,0.0,0.0,0.0,0.35,0.0,0.0,0.0,0.9,N ,N ,-66.36966581,18.02198247,0.0,0.0,0.0,0.0,0.0,0.0,0.0,0.0,0.0,0.0,0.0,0.0,0.0,0.0,0.0,0.0,0.0,0.0,14328.0,battery_li_n_fsu,n,fsu,1,(OP) Operating,1,Battery Storage,,,False,PR100_DST_2022_pr296,pr296,,
battery_li,1.4434512235,5.7738048935,3.9999999996536078,2051,2051,2051,2051,2051,2009,True,,p99066,Puerto Rico,178.0,178.0,1.0,54802.0,CISO ,PR_PR100_DST_2022_pr310,PR100_DST_2022_pr310,Dynegy Moss Landing Power Plant Hybrid,1.0,DST,DS,3.0,0.0,11.0,21.0,21.0,16.0,PR,9.0,16.0,1.0,300.0,1.4434512235,0.0,0.0,0.0,0.0,2021,5.0,12.0,0.0,0.0,0.0,0.0,0.0,0.0,0.0,  ,0.0,0.0,0.0,0.0,0.0,0.0,0.0,0.0,0.0,0.0,0.0,0.0,0.0,0.0,PS,0,0,1.0,0.0,0.0,0.0,12.544,0.0,1.0,0.0,0.0,0.0,0.0,0.0,0.0,0.0,0.0,0.0,0.0,0.35,0.0,0.0,0.0,0.9,N ,N ,-66.2309197231098,18.3468783690967,0.0,0.0,0.0,0.0,0.0,0.0,0.0,0.0,0.0,0.0,0.0,0.0,0.0,0.0,0.0,0.0,0.0,0.0,14328.0,battery_li_n_fsu,n,fsu,1,(OP) Operating,1,Battery Storage,,,False,PR100_DST_2022_pr310,pr310,,
battery_li,12.461062716882353,49.845151855,4.000072304224051,2051,2051,2051,2051,2051,2009,True,,p99067,Puerto Rico,178.0,178.0,1.0,54802.0,CISO ,PR_PR100_DST_2022_pr313,PR100_DST_2022_pr313,Dynegy Moss Landing Power Plant Hybrid,1.0,DST,DS,3.0,0.0,11.0,21.0,21.0,16.0,PR,9.0,16.0,1.0,300.0,12.461062716882353,0.0,0.0,0.0,0.0,2021,5.0,12.0,0.0,0.0,0.0,0.0,0.0,0.0,0.0,  ,0.0,0.0,0.0,0.0,0.0,0.0,0.0,0.0,0.0,0.0,0.0,0.0,0.0,0.0,PS,0,0,1.0,0.0,0.0,0.0,12.544,0.0,1.0,0.0,0.0,0.0,0.0,0.0,0.0,0.0,0.0,0.0,0.0,0.35,0.0,0.0,0.0,0.9,N ,N ,-66.5513201474167,18.0599121162378,0.0,0.0,0.0,0.0,0.0,0.0,0.0,0.0,0.0,0.0,0.0,0.0,0.0,0.0,0.0,0.0,0.0,0.0,14328.0,battery_li_n_fsu,n,fsu,1,(OP) Operating,1,Battery Storage,,,False,PR100_DST_2022_pr313,pr313,,
battery_li,0.0896846427142857,0.3587385714285714,4.000000006371533,2051,2051,2051,2051,2051,2009,True,,p99068,Puerto Rico,178.0,178.0,1.0,54802.0,CISO ,PR_PR100_DST_2022_pr319,PR100_DST_2022_pr319,Dynegy Moss Landing Power Plant Hybrid,1.0,DST,DS,3.0,0.0,11.0,21.0,21.0,16.0,PR,9.0,16.0,1.0,300.0,0.0896846427142857,0.0,0.0,0.0,0.0,2021,5.0,12.0,0.0,0.0,0.0,0.0,0.0,0.0,0.0,  ,0.0,0.0,0.0,0.0,0.0,0.0,0.0,0.0,0.0,0.0,0.0,0.0,0.0,0.0,PS,0,0,1.0,0.0,0.0,0.0,12.544,0.0,1.0,0.0,0.0,0.0,0.0,0.0,0.0,0.0,0.0,0.0,0.0,0.35,0.0,0.0,0.0,0.9,N ,N ,-66.7568194626311,17.9785078976431,0.0,0.0,0.0,0.0,0.0,0.0,0.0,0.0,0.0,0.0,0.0,0.0,0.0,0.0,0.0,0.0,0.0,0.0,14328.0,battery_li_n_fsu,n,fsu,1,(OP) Operating,1,Battery Storage,,,False,PR100_DST_2022_pr319,pr319,,
battery_li,0.2489624094090909,0.9958496374090908,3.99999999908712,2051,2051,2051,2051,2051,2009,True,,p99069,Puerto Rico,178.0,178.0,1.0,54802.0,CISO ,PR_PR100_DST_2022_pr321,PR100_DST_2022_pr321,Dynegy Moss Landing Power Plant Hybrid,1.0,DST,DS,3.0,0.0,11.0,21.0,21.0,16.0,PR,9.0,16.0,1.0,300.0,0.2489624094090909,0.0,0.0,0.0,0.0,2021,5.0,12.0,0.0,0.0,0.0,0.0,0.0,0.0,0.0,  ,0.0,0.0,0.0,0.0,0.0,0.0,0.0,0.0,0.0,0.0,0.0,0.0,0.0,0.0,PS,0,0,1.0,0.0,0.0,0.0,12.544,0.0,1.0,0.0,0.0,0.0,0.0,0.0,0.0,0.0,0.0,0.0,0.0,0.35,0.0,0.0,0.0,0.9,N ,N ,-66.149463495378,17.9474467239165,0.0,0.0,0.0,0.0,0.0,0.0,0.0,0.0,0.0,0.0,0.0,0.0,0.0,0.0,0.0,0.0,0.0,0.0,14328.0,battery_li_n_fsu,n,fsu,1,(OP) Operating,1,Battery Storage,,,False,PR100_DST_2022_pr321,pr321,,
battery_li,3.0549512908333334,12.219805155770834,3.9999999975245104,2051,2051,2051,2051,2051,2009,True,,p99071,Puerto Rico,178.0,178.0,1.0,54802.0,CISO ,PR_PR100_DST_2022_pr335,PR100_DST_2022_pr335,Dynegy Moss Landing Power Plant Hybrid,1.0,DST,DS,3.0,0.0,11.0,21.0,21.0,16.0,PR,9.0,16.0,1.0,300.0,3.0549512908333334,0.0,0.0,0.0,0.0,2021,5.0,12.0,0.0,0.0,0.0,0.0,0.0,0.0,0.0,  ,0.0,0.0,0.0,0.0,0.0,0.0,0.0,0.0,0.0,0.0,0.0,0.0,0.0,0.0,PS,0,0,1.0,0.0,0.0,0.0,12.544,0.0,1.0,0.0,0.0,0.0,0.0,0.0,0.0,0.0,0.0,0.0,0.0,0.35,0.0,0.0,0.0,0.9,N ,N ,-66.7866985581113,18.4352984995114,0.0,0.0,0.0,0.0,0.0,0.0,0.0,0.0,0.0,0.0,0.0,0.0,0.0,0.0,0.0,0.0,0.0,0.0,14328.0,battery_li_n_fsu,n,fsu,1,(OP) Operating,1,Battery Storage,,,False,PR100_DST_2022_pr335,pr335,,
battery_li,0.1278973711818182,0.5115894845454546,3.999999998578405,2051,2051,2051,2051,2051,2009,True,,p99072,Puerto Rico,178.0,178.0,1.0,54802.0,CISO ,PR_PR100_DST_2022_pr343,PR100_DST_2022_pr343,Dynegy Moss Landing Power Plant Hybrid,1.0,DST,DS,3.0,0.0,11.0,21.0,21.0,16.0,PR,9.0,16.0,1.0,300.0,0.1278973711818182,0.0,0.0,0.0,0.0,2021,5.0,12.0,0.0,0.0,0.0,0.0,0.0,0.0,0.0,  ,0.0,0.0,0.0,0.0,0.0,0.0,0.0,0.0,0.0,0.0,0.0,0.0,0.0,0.0,PS,0,0,1.0,0.0,0.0,0.0,12.544,0.0,1.0,0.0,0.0,0.0,0.0,0.0,0.0,0.0,0.0,0.0,0.0,0.35,0.0,0.0,0.0,0.9,N ,N ,-66.568886543152,18.43424277838138,0.0,0.0,0.0,0.0,0.0,0.0,0.0,0.0,0.0,0.0,0.0,0.0,0.0,0.0,0.0,0.0,0.0,0.0,14328.0,battery_li_n_fsu,n,fsu,1,(OP) Operating,1,Battery Storage,,,False,PR100_DST_2022_pr343,pr343,,
battery_li,0.192996718875,0.7719868759999999,4.000000002590717,2051,2051,2051,2051,2051,2009,True,,p99073,Puerto Rico,178.0,178.0,1.0,54802.0,CISO ,PR_PR100_DST_2022_pr352,PR100_DST_2022_pr352,Dynegy Moss Landing Power Plant Hybrid,1.0,DST,DS,3.0,0.0,11.0,21.0,21.0,16.0,PR,9.0,16.0,1.0,300.0,0.192996718875,0.0,0.0,0.0,0.0,2021,5.0,12.0,0.0,0.0,0.0,0.0,0.0,0.0,0.0,  ,0.0,0.0,0.0,0.0,0.0,0.0,0.0,0.0,0.0,0.0,0.0,0.0,0.0,0.0,PS,0,0,1.0,0.0,0.0,0.0,12.544,0.0,1.0,0.0,0.0,0.0,0.0,0.0,0.0,0.0,0.0,0.0,0.0,0.35,0.0,0.0,0.0,0.9,N ,N ,-67.0363686248201,18.4661126296469,0.0,0.0,0.0,0.0,0.0,0.0,0.0,0.0,0.0,0.0,0.0,0.0,0.0,0.0,0.0,0.0,0.0,0.0,14328.0,battery_li_n_fsu,n,fsu,1,(OP) Operating,1,Battery Storage,,,False,PR100_DST_2022_pr352,pr352,,
battery_li,0.7061175000000001,2.8244700000000003,4.0,2051,2051,2051,2051,2051,2009,True,,p99074,Puerto Rico,178.0,178.0,1.0,54802.0,CISO ,PR_PR100_DST_2022_pr353,PR100_DST_2022_pr353,Dynegy Moss Landing Power Plant Hybrid,1.0,DST,DS,3.0,0.0,11.0,21.0,21.0,16.0,PR,9.0,16.0,1.0,300.0,0.7061175000000001,0.0,0.0,0.0,0.0,2021,5.0,12.0,0.0,0.0,0.0,0.0,0.0,0.0,0.0,  ,0.0,0.0,0.0,0.0,0.0,0.0,0.0,0.0,0.0,0.0,0.0,0.0,0.0,0.0,PS,0,0,1.0,0.0,0.0,0.0,12.544,0.0,1.0,0.0,0.0,0.0,0.0,0.0,0.0,0.0,0.0,0.0,0.0,0.35,0.0,0.0,0.0,0.9,N ,N ,-66.319,18.189,0.0,0.0,0.0,0.0,0.0,0.0,0.0,0.0,0.0,0.0,0.0,0.0,0.0,0.0,0.0,0.0,0.0,0.0,14328.0,battery_li_n_fsu,n,fsu,1,(OP) Operating,1,Battery Storage,,,False,PR100_DST_2022_pr353,pr353,,
battery_li,4.967445591058823,19.869782366535944,4.000000000463146,2051,2051,2051,2051,2051,2009,True,,p99076,Puerto Rico,178.0,178.0,1.0,54802.0,CISO ,PR_PR100_DST_2022_pr378,PR100_DST_2022_pr378,Dynegy Moss Landing Power Plant Hybrid,1.0,DST,DS,3.0,0.0,11.0,21.0,21.0,16.0,PR,9.0,16.0,1.0,300.0,4.967445591058823,0.0,0.0,0.0,0.0,2021,5.0,12.0,0.0,0.0,0.0,0.0,0.0,0.0,0.0,  ,0.0,0.0,0.0,0.0,0.0,0.0,0.0,0.0,0.0,0.0,0.0,0.0,0.0,0.0,PS,0,0,1.0,0.0,0.0,0.0,12.544,0.0,1.0,0.0,0.0,0.0,0.0,0.0,0.0,0.0,0.0,0.0,0.0,0.35,0.0,0.0,0.0,0.9,N ,N ,-66.1952581711991,18.4168046806253,0.0,0.0,0.0,0.0,0.0,0.0,0.0,0.0,0.0,0.0,0.0,0.0,0.0,0.0,0.0,0.0,0.0,0.0,14328.0,battery_li_n_fsu,n,fsu,1,(OP) Operating,1,Battery Storage,,,False,PR100_DST_2022_pr378,pr378,,
battery_li,2.326653988024194,9.306615953161293,4.000000000457532,2051,2051,2051,2051,2051,2009,True,,p99077,Puerto Rico,178.0,178.0,1.0,54802.0,CISO ,PR_PR100_DST_2022_pr392,PR100_DST_2022_pr392,Dynegy Moss Landing Power Plant Hybrid,1.0,DST,DS,3.0,0.0,11.0,21.0,21.0,16.0,PR,9.0,16.0,1.0,300.0,2.326653988024194,0.0,0.0,0.0,0.0,2021,5.0,12.0,0.0,0.0,0.0,0.0,0.0,0.0,0.0,  ,0.0,0.0,0.0,0.0,0.0,0.0,0.0,0.0,0.0,0.0,0.0,0.0,0.0,0.0,PS,0,0,1.0,0.0,0.0,0.0,12.544,0.0,1.0,0.0,0.0,0.0,0.0,0.0,0.0,0.0,0.0,0.0,0.0,0.35,0.0,0.0,0.0,0.9,N ,N ,-66.0602809398757,18.4341115095258,0.0,0.0,0.0,0.0,0.0,0.0,0.0,0.0,0.0,0.0,0.0,0.0,0.0,0.0,0.0,0.0,0.0,0.0,14328.0,battery_li_n_fsu,n,fsu,1,(OP) Operating,1,Battery Storage,,,False,PR100_DST_2022_pr392,pr392,,
battery_li,0.64418875,2.5767550005,4.00000000077617,2051,2051,2051,2051,2051,2009,True,,p99078,Puerto Rico,178.0,178.0,1.0,54802.0,CISO ,PR_PR100_DST_2022_pr400,PR100_DST_2022_pr400,Dynegy Moss Landing Power Plant Hybrid,1.0,DST,DS,3.0,0.0,11.0,21.0,21.0,16.0,PR,9.0,16.0,1.0,300.0,0.64418875,0.0,0.0,0.0,0.0,2021,5.0,12.0,0.0,0.0,0.0,0.0,0.0,0.0,0.0,  ,0.0,0.0,0.0,0.0,0.0,0.0,0.0,0.0,0.0,0.0,0.0,0.0,0.0,0.0,PS,0,0,1.0,0.0,0.0,0.0,12.544,0.0,1.0,0.0,0.0,0.0,0.0,0.0,0.0,0.0,0.0,0.0,0.0,0.35,0.0,0.0,0.0,0.9,N ,N ,-66.3052449457631,18.3383961252783,0.0,0.0,0.0,0.0,0.0,0.0,0.0,0.0,0.0,0.0,0.0,0.0,0.0,0.0,0.0,0.0,0.0,0.0,14328.0,battery_li_n_fsu,n,fsu,1,(OP) Operating,1,Battery Storage,,,False,PR100_DST_2022_pr400,pr400,,
battery_li,0.0971393306086956,0.3885573223913044,3.9999999995524163,2051,2051,2051,2051,2051,2009,True,,p99079,Puerto Rico,178.0,178.0,1.0,54802.0,CISO ,PR_PR100_DST_2022_pr428,PR100_DST_2022_pr428,Dynegy Moss Landing Power Plant Hybrid,1.0,DST,DS,3.0,0.0,11.0,21.0,21.0,16.0,PR,9.0,16.0,1.0,300.0,0.0971393306086956,0.0,0.0,0.0,0.0,2021,5.0,12.0,0.0,0.0,0.0,0.0,0.0,0.0,0.0,  ,0.0,0.0,0.0,0.0,0.0,0.0,0.0,0.0,0.0,0.0,0.0,0.0,0.0,0.0,PS,0,0,1.0,0.0,0.0,0.0,12.544,0.0,1.0,0.0,0.0,0.0,0.0,0.0,0.0,0.0,0.0,0.0,0.0,0.35,0.0,0.0,0.0,0.9,N ,N ,-67.1513062922523,18.2327569503965,0.0,0.0,0.0,0.0,0.0,0.0,0.0,0.0,0.0,0.0,0.0,0.0,0.0,0.0,0.0,0.0,0.0,0.0,14328.0,battery_li_n_fsu,n,fsu,1,(OP) Operating,1,Battery Storage,,,False,PR100_DST_2022_pr428,pr428,,
battery_li,0.39566578125,1.58266312453125,3.9999999988152877,2051,2051,2051,2051,2051,2009,True,,p99080,Puerto Rico,178.0,178.0,1.0,54802.0,CISO ,PR_PR100_DST_2022_pr440,PR100_DST_2022_pr440,Dynegy Moss Landing Power Plant Hybrid,1.0,DST,DS,3.0,0.0,11.0,21.0,21.0,16.0,PR,9.0,16.0,1.0,300.0,0.39566578125,0.0,0.0,0.0,0.0,2021,5.0,12.0,0.0,0.0,0.0,0.0,0.0,0.0,0.0,  ,0.0,0.0,0.0,0.0,0.0,0.0,0.0,0.0,0.0,0.0,0.0,0.0,0.0,0.0,PS,0,0,1.0,0.0,0.0,0.0,12.544,0.0,1.0,0.0,0.0,0.0,0.0,0.0,0.0,0.0,0.0,0.0,0.0,0.35,0.0,0.0,0.0,0.9,N ,N ,-66.6968634056452,18.4690563228198,0.0,0.0,0.0,0.0,0.0,0.0,0.0,0.0,0.0,0.0,0.0,0.0,0.0,0.0,0.0,0.0,0.0,0.0,14328.0,battery_li_n_fsu,n,fsu,1,(OP) Operating,1,Battery Storage,,,False,PR100_DST_2022_pr440,pr440,,
battery_li,0.1209913098235294,0.4839652395294117,4.000000001944719,2051,2051,2051,2051,2051,2009,True,,p99082,Puerto Rico,178.0,178.0,1.0,54802.0,CISO ,PR_PR100_DST_2022_pr442,PR100_DST_2022_pr442,Dynegy Moss Landing Power Plant Hybrid,1.0,DST,DS,3.0,0.0,11.0,21.0,21.0,16.0,PR,9.0,16.0,1.0,300.0,0.1209913098235294,0.0,0.0,0.0,0.0,2021,5.0,12.0,0.0,0.0,0.0,0.0,0.0,0.0,0.0,  ,0.0,0.0,0.0,0.0,0.0,0.0,0.0,0.0,0.0,0.0,0.0,0.0,0.0,0.0,PS,0,0,1.0,0.0,0.0,0.0,12.544,0.0,1.0,0.0,0.0,0.0,0.0,0.0,0.0,0.0,0.0,0.0,0.0,0.35,0.0,0.0,0.0,0.9,N ,N ,-66.468957719599,18.4569403497865,0.0,0.0,0.0,0.0,0.0,0.0,0.0,0.0,0.0,0.0,0.0,0.0,0.0,0.0,0.0,0.0,0.0,0.0,14328.0,battery_li_n_fsu,n,fsu,1,(OP) Operating,1,Battery Storage,,,False,PR100_DST_2022_pr442,pr442,,
battery_li,0.1209913098235294,0.4839652395294117,4.000000001944719,2051,2051,2051,2051,2051,2009,True,,p99084,Puerto Rico,178.0,178.0,1.0,54802.0,CISO ,PR_PR100_DST_2022_pr452,PR100_DST_2022_pr452,Dynegy Moss Landing Power Plant Hybrid,1.0,DST,DS,3.0,0.0,11.0,21.0,21.0,16.0,PR,9.0,16.0,1.0,300.0,0.1209913098235294,0.0,0.0,0.0,0.0,2021,5.0,12.0,0.0,0.0,0.0,0.0,0.0,0.0,0.0,  ,0.0,0.0,0.0,0.0,0.0,0.0,0.0,0.0,0.0,0.0,0.0,0.0,0.0,0.0,PS,0,0,1.0,0.0,0.0,0.0,12.544,0.0,1.0,0.0,0.0,0.0,0.0,0.0,0.0,0.0,0.0,0.0,0.0,0.35,0.0,0.0,0.0,0.9,N ,N ,-66.4666915134419,18.4259465841657,0.0,0.0,0.0,0.0,0.0,0.0,0.0,0.0,0.0,0.0,0.0,0.0,0.0,0.0,0.0,0.0,0.0,0.0,14328.0,battery_li_n_fsu,n,fsu,1,(OP) Operating,1,Battery Storage,,,False,PR100_DST_2022_pr452,pr452,,
battery_li,0.4544459375,1.81778375025,4.000000000550121,2051,2051,2051,2051,2051,2009,True,,p99085,Puerto Rico,178.0,178.0,1.0,54802.0,CISO ,PR_PR100_DST_2022_pr480,PR100_DST_2022_pr480,Dynegy Moss Landing Power Plant Hybrid,1.0,DST,DS,3.0,0.0,11.0,21.0,21.0,16.0,PR,9.0,16.0,1.0,300.0,0.4544459375,0.0,0.0,0.0,0.0,2021,5.0,12.0,0.0,0.0,0.0,0.0,0.0,0.0,0.0,  ,0.0,0.0,0.0,0.0,0.0,0.0,0.0,0.0,0.0,0.0,0.0,0.0,0.0,0.0,PS,0,0,1.0,0.0,0.0,0.0,12.544,0.0,1.0,0.0,0.0,0.0,0.0,0.0,0.0,0.0,0.0,0.0,0.0,0.35,0.0,0.0,0.0,0.9,N ,N ,-65.9909356210132,18.3436516739002,0.0,0.0,0.0,0.0,0.0,0.0,0.0,0.0,0.0,0.0,0.0,0.0,0.0,0.0,0.0,0.0,0.0,0.0,14328.0,battery_li_n_fsu,n,fsu,1,(OP) Operating,1,Battery Storage,,,False,PR100_DST_2022_pr480,pr480,,
battery_li,0.0896846427142857,0.3587385714285714,4.000000006371533,2051,2051,2051,2051,2051,2009,True,,p99086,Puerto Rico,178.0,178.0,1.0,54802.0,CISO ,PR_PR100_DST_2022_pr489,PR100_DST_2022_pr489,Dynegy Moss Landing Power Plant Hybrid,1.0,DST,DS,3.0,0.0,11.0,21.0,21.0,16.0,PR,9.0,16.0,1.0,300.0,0.0896846427142857,0.0,0.0,0.0,0.0,2021,5.0,12.0,0.0,0.0,0.0,0.0,0.0,0.0,0.0,  ,0.0,0.0,0.0,0.0,0.0,0.0,0.0,0.0,0.0,0.0,0.0,0.0,0.0,0.0,PS,0,0,1.0,0.0,0.0,0.0,12.544,0.0,1.0,0.0,0.0,0.0,0.0,0.0,0.0,0.0,0.0,0.0,0.0,0.35,0.0,0.0,0.0,0.9,N ,N ,-66.7424579382298,17.9986583457755,0.0,0.0,0.0,0.0,0.0,0.0,0.0,0.0,0.0,0.0,0.0,0.0,0.0,0.0,0.0,0.0,0.0,0.0,14328.0,battery_li_n_fsu,n,fsu,1,(OP) Operating,1,Battery Storage,,,False,PR100_DST_2022_pr489,pr489,,
battery_li,0.2844810294117647,1.1379241175294117,3.9999999995864504,2051,2051,2051,2051,2051,2009,True,,p99087,Puerto Rico,178.0,178.0,1.0,54802.0,CISO ,PR_PR100_DST_2022_pr492,PR100_DST_2022_pr492,Dynegy Moss Landing Power Plant Hybrid,1.0,DST,DS,3.0,0.0,11.0,21.0,21.0,16.0,PR,9.0,16.0,1.0,300.0,0.2844810294117647,0.0,0.0,0.0,0.0,2021,5.0,12.0,0.0,0.0,0.0,0.0,0.0,0.0,0.0,  ,0.0,0.0,0.0,0.0,0.0,0.0,0.0,0.0,0.0,0.0,0.0,0.0,0.0,0.0,PS,0,0,1.0,0.0,0.0,0.0,12.544,0.0,1.0,0.0,0.0,0.0,0.0,0.0,0.0,0.0,0.0,0.0,0.0,0.35,0.0,0.0,0.0,0.9,N ,N ,-66.2261741709764,18.4133390538859,0.0,0.0,0.0,0.0,0.0,0.0,0.0,0.0,0.0,0.0,0.0,0.0,0.0,0.0,0.0,0.0,0.0,0.0,14328.0,battery_li_n_fsu,n,fsu,1,(OP) Operating,1,Battery Storage,,,False,PR100_DST_2022_pr492,pr492,,
battery_li,0.4214365964137931,1.6857463855172412,3.999999999672712,2051,2051,2051,2051,2051,2009,True,,p99088,Puerto Rico,178.0,178.0,1.0,54802.0,CISO ,PR_PR100_DST_2022_pr545,PR100_DST_2022_pr545,Dynegy Moss Landing Power Plant Hybrid,1.0,DST,DS,3.0,0.0,11.0,21.0,21.0,16.0,PR,9.0,16.0,1.0,300.0,0.4214365964137931,0.0,0.0,0.0,0.0,2021,5.0,12.0,0.0,0.0,0.0,0.0,0.0,0.0,0.0,  ,0.0,0.0,0.0,0.0,0.0,0.0,0.0,0.0,0.0,0.0,0.0,0.0,0.0,0.0,PS,0,0,1.0,0.0,0.0,0.0,12.544,0.0,1.0,0.0,0.0,0.0,0.0,0.0,0.0,0.0,0.0,0.0,0.0,0.35,0.0,0.0,0.0,0.9,N ,N ,-66.1120134707712,18.3697102278284,0.0,0.0,0.0,0.0,0.0,0.0,0.0,0.0,0.0,0.0,0.0,0.0,0.0,0.0,0.0,0.0,0.0,0.0,14328.0,battery_li_n_fsu,n,fsu,1,(OP) Operating,1,Battery Storage,,,False,PR100_DST_2022_pr545,pr545,,
battery_li,1.156990917,4.627963674,4.000000005185867,2051,2051,2051,2051,2051,2009,True,,p99089,Puerto Rico,178.0,178.0,1.0,54802.0,CISO ,PR_PR100_DST_2022_pr555,PR100_DST_2022_pr555,Dynegy Moss Landing Power Plant Hybrid,1.0,DST,DS,3.0,0.0,11.0,21.0,21.0,16.0,PR,9.0,16.0,1.0,300.0,1.156990917,0.0,0.0,0.0,0.0,2021,5.0,12.0,0.0,0.0,0.0,0.0,0.0,0.0,0.0,  ,0.0,0.0,0.0,0.0,0.0,0.0,0.0,0.0,0.0,0.0,0.0,0.0,0.0,0.0,PS,0,0,1.0,0.0,0.0,0.0,12.544,0.0,1.0,0.0,0.0,0.0,0.0,0.0,0.0,0.0,0.0,0.0,0.0,0.35,0.0,0.0,0.0,0.9,N ,N ,-66.4067897909724,18.322755837772,0.0,0.0,0.0,0.0,0.0,0.0,0.0,0.0,0.0,0.0,0.0,0.0,0.0,0.0,0.0,0.0,0.0,0.0,14328.0,battery_li_n_fsu,n,fsu,1,(OP) Operating,1,Battery Storage,,,False,PR100_DST_2022_pr555,pr555,,
battery_li,0.6450277248709677,2.5801108992580644,3.9999999996499276,2051,2051,2051,2051,2051,2009,True,,p99090,Puerto Rico,178.0,178.0,1.0,54802.0,CISO ,PR_PR100_DST_2022_pr583,PR100_DST_2022_pr583,Dynegy Moss Landing Power Plant Hybrid,1.0,DST,DS,3.0,0.0,11.0,21.0,21.0,16.0,PR,9.0,16.0,1.0,300.0,0.6450277248709677,0.0,0.0,0.0,0.0,2021,5.0,12.0,0.0,0.0,0.0,0.0,0.0,0.0,0.0,  ,0.0,0.0,0.0,0.0,0.0,0.0,0.0,0.0,0.0,0.0,0.0,0.0,0.0,0.0,PS,0,0,1.0,0.0,0.0,0.0,12.544,0.0,1.0,0.0,0.0,0.0,0.0,0.0,0.0,0.0,0.0,0.0,0.0,0.35,0.0,0.0,0.0,0.9,N ,N ,-65.9924687286346,18.396697621194,0.0,0.0,0.0,0.0,0.0,0.0,0.0,0.0,0.0,0.0,0.0,0.0,0.0,0.0,0.0,0.0,0.0,0.0,14328.0,battery_li_n_fsu,n,fsu,1,(OP) Operating,1,Battery Storage,,,False,PR100_DST_2022_pr583,pr583,,
battery_li,1.057569994556452,4.23027997870968,4.000000000457532,2051,2051,2051,2051,2051,2009,True,,p99091,Puerto Rico,178.0,178.0,1.0,54802.0,CISO ,PR_PR100_DST_2022_pr632,PR100_DST_2022_pr632,Dynegy Moss Landing Power Plant Hybrid,1.0,DST,DS,3.0,0.0,11.0,21.0,21.0,16.0,PR,9.0,16.0,1.0,300.0,1.057569994556452,0.0,0.0,0.0,0.0,2021,5.0,12.0,0.0,0.0,0.0,0.0,0.0,0.0,0.0,  ,0.0,0.0,0.0,0.0,0.0,0.0,0.0,0.0,0.0,0.0,0.0,0.0,0.0,0.0,PS,0,0,1.0,0.0,0.0,0.0,12.544,0.0,1.0,0.0,0.0,0.0,0.0,0.0,0.0,0.0,0.0,0.0,0.0,0.35,0.0,0.0,0.0,0.9,N ,N ,-66.091184784167,18.4509507741195,0.0,0.0,0.0,0.0,0.0,0.0,0.0,0.0,0.0,0.0,0.0,0.0,0.0,0.0,0.0,0.0,0.0,0.0,14328.0,battery_li_n_fsu,n,fsu,1,(OP) Operating,1,Battery Storage,,,False,PR100_DST_2022_pr632,pr632,,
battery_li,0.13188859375,0.52755437484375,3.999999998815288,2051,2051,2051,2051,2051,2009,True,,p99092,Puerto Rico,178.0,178.0,1.0,54802.0,CISO ,PR_PR100_DST_2022_pr902,PR100_DST_2022_pr902,Dynegy Moss Landing Power Plant Hybrid,1.0,DST,DS,3.0,0.0,11.0,21.0,21.0,16.0,PR,9.0,16.0,1.0,300.0,0.13188859375,0.0,0.0,0.0,0.0,2021,5.0,12.0,0.0,0.0,0.0,0.0,0.0,0.0,0.0,  ,0.0,0.0,0.0,0.0,0.0,0.0,0.0,0.0,0.0,0.0,0.0,0.0,0.0,0.0,PS,0,0,1.0,0.0,0.0,0.0,12.544,0.0,1.0,0.0,0.0,0.0,0.0,0.0,0.0,0.0,0.0,0.0,0.0,0.35,0.0,0.0,0.0,0.9,N ,N ,-66.7203883384155,18.3343350948124,0.0,0.0,0.0,0.0,0.0,0.0,0.0,0.0,0.0,0.0,0.0,0.0,0.0,0.0,0.0,0.0,0.0,0.0,14328.0,battery_li_n_fsu,n,fsu,1,(OP) Operating,1,Battery Storage,,,False,PR100_DST_2022_pr902,pr902,,
battery_li,0.1456340701666666,0.5825362805,3.9999999988555808,2051,2051,2051,2051,2051,2009,True,,p99094,Puerto Rico,178.0,178.0,1.0,54802.0,CISO ,PR_PR100_DST_2022_pr1025,PR100_DST_2022_pr1025,Dynegy Moss Landing Power Plant Hybrid,1.0,DST,DS,3.0,0.0,11.0,21.0,21.0,16.0,PR,9.0,16.0,1.0,300.0,0.1456340701666666,0.0,0.0,0.0,0.0,2021,5.0,12.0,0.0,0.0,0.0,0.0,0.0,0.0,0.0,  ,0.0,0.0,0.0,0.0,0.0,0.0,0.0,0.0,0.0,0.0,0.0,0.0,0.0,0.0,PS,0,0,1.0,0.0,0.0,0.0,12.544,0.0,1.0,0.0,0.0,0.0,0.0,0.0,0.0,0.0,0.0,0.0,0.0,0.35,0.0,0.0,0.0,0.9,N ,N ,-65.8507550014057,18.0427565348008,0.0,0.0,0.0,0.0,0.0,0.0,0.0,0.0,0.0,0.0,0.0,0.0,0.0,0.0,0.0,0.0,0.0,0.0,14328.0,battery_li_n_fsu,n,fsu,1,(OP) Operating,1,Battery Storage,,,False,PR100_DST_2022_pr1025,pr1025,,
battery_li,0.2107182982068965,0.8428731927586206,3.999999999672713,2051,2051,2051,2051,2051,2009,True,,p99096,Puerto Rico,178.0,178.0,1.0,54802.0,CISO ,PR_PR100_DST_2022_pr1040,PR100_DST_2022_pr1040,Dynegy Moss Landing Power Plant Hybrid,1.0,DST,DS,3.0,0.0,11.0,21.0,21.0,16.0,PR,9.0,16.0,1.0,300.0,0.2107182982068965,0.0,0.0,0.0,0.0,2021,5.0,12.0,0.0,0.0,0.0,0.0,0.0,0.0,0.0,  ,0.0,0.0,0.0,0.0,0.0,0.0,0.0,0.0,0.0,0.0,0.0,0.0,0.0,0.0,PS,0,0,1.0,0.0,0.0,0.0,12.544,0.0,1.0,0.0,0.0,0.0,0.0,0.0,0.0,0.0,0.0,0.0,0.0,0.35,0.0,0.0,0.0,0.9,N ,N ,-66.0854506575756,18.3134012834972,0.0,0.0,0.0,0.0,0.0,0.0,0.0,0.0,0.0,0.0,0.0,0.0,0.0,0.0,0.0,0.0,0.0,0.0,14328.0,battery_li_n_fsu,n,fsu,1,(OP) Operating,1,Battery Storage,,,False,PR100_DST_2022_pr1040,pr1040,,
battery_li,1.260789053857143,5.043156214571428,3.999999999320153,2051,2051,2051,2051,2051,2009,True,,p99105,Puerto Rico,178.0,178.0,1.0,54802.0,CISO ,PR_PR100_DST_2022_pr1206,PR100_DST_2022_pr1206,Dynegy Moss Landing Power Plant Hybrid,1.0,DST,DS,3.0,0.0,11.0,21.0,21.0,16.0,PR,9.0,16.0,1.0,300.0,1.260789053857143,0.0,0.0,0.0,0.0,2021,5.0,12.0,0.0,0.0,0.0,0.0,0.0,0.0,0.0,  ,0.0,0.0,0.0,0.0,0.0,0.0,0.0,0.0,0.0,0.0,0.0,0.0,0.0,0.0,PS,0,0,1.0,0.0,0.0,0.0,12.544,0.0,1.0,0.0,0.0,0.0,0.0,0.0,0.0,0.0,0.0,0.0,0.0,0.35,0.0,0.0,0.0,0.9,N ,N ,-65.91415150823626,18.22764836265537,0.0,0.0,0.0,0.0,0.0,0.0,0.0,0.0,0.0,0.0,0.0,0.0,0.0,0.0,0.0,0.0,0.0,0.0,14328.0,battery_li_n_fsu,n,fsu,1,(OP) Operating,1,Battery Storage,,,False,PR100_DST_2022_pr1206,pr1206,,
battery_li,0.1251963461538462,0.500785384615385,4.000000000000002,2051,2051,2051,2051,2051,2009,True,,p99117,Puerto Rico,178.0,178.0,1.0,54802.0,CISO ,PR_PR100_DST_2022_pr97047,PR100_DST_2022_pr97047,Dynegy Moss Landing Power Plant Hybrid,1.0,DST,DS,3.0,0.0,11.0,21.0,21.0,16.0,PR,9.0,16.0,1.0,300.0,0.1251963461538462,0.0,0.0,0.0,0.0,2021,5.0,12.0,0.0,0.0,0.0,0.0,0.0,0.0,0.0,  ,0.0,0.0,0.0,0.0,0.0,0.0,0.0,0.0,0.0,0.0,0.0,0.0,0.0,0.0,PS,0,0,1.0,0.0,0.0,0.0,12.544,0.0,1.0,0.0,0.0,0.0,0.0,0.0,0.0,0.0,0.0,0.0,0.0,0.35,0.0,0.0,0.0,0.9,N ,N ,-65.84480859072228,18.136654288299766,0.0,0.0,0.0,0.0,0.0,0.0,0.0,0.0,0.0,0.0,0.0,0.0,0.0,0.0,0.0,0.0,0.0,0.0,14328.0,battery_li_n_fsu,n,fsu,1,(OP) Operating,1,Battery Storage,,,False,PR100_DST_2022_pr97047,pr97047,,
upv,25.0,,,2051,2051,2051,2051,2051,2025,False,,p99016,Puerto Rico,97.0,97.0,1.0,16572.0,SRP  ,PR_TRANCHE1_AJ-1-P,TRANCHE1_AJ-1-P,Agua Fria,1.0,PVT,PT,2.0,0.0,4.0,20.0,20.0,15.0,PR,8.0,14.0,1.0,0.2,25.0,0.0,0.0,0.0,0.0,2001,6.0,12.0,0.0,0.0,0.0,0.0,0.0,0.0,0.0,  ,0.0,0.039,0.032,0.049,0.032,0.046,0.082,0.086,0.078,0.067,0.033,0.026,0.022,0.017,PT,0,0,1.0,0.0,0.0,0.0,46.92,0.0,1.0,0.0,0.0,0.0,0.0,0.0,0.0,0.0,0.0,0.0,0.0,0.35,0.0,0.0,0.0,0.9,N ,N ,-66.3914685076281,18.4458787165834,0.0,0.0,0.0,0.0,0.0,0.0,0.0,0.0,0.0,0.0,0.0,0.0,0.0,0.0,0.0,0.0,0.0,0.0,16572.0,upv_n_fg,n,fg,1,(OP) Operating,1,PV+Battery Hybrid,,,False,TRANCHE1_AJ-1-P,pr41,262,0.19518115
upv,33.0,,,2051,2051,2051,2051,2051,2025,False,,p99115,Puerto Rico,97.0,97.0,1.0,16572.0,SRP  ,PR_TRANCHE1_AD-1-P,TRANCHE1_AD-1-P,Agua Fria,1.0,PVT,PT,2.0,0.0,4.0,20.0,20.0,15.0,PR,8.0,14.0,1.0,0.2,33.0,0.0,0.0,0.0,0.0,2001,6.0,12.0,0.0,0.0,0.0,0.0,0.0,0.0,0.0,  ,0.0,0.039,0.032,0.049,0.032,0.046,0.082,0.086,0.078,0.067,0.033,0.026,0.022,0.017,PT,0,0,1.0,0.0,0.0,0.0,46.92,0.0,1.0,0.0,0.0,0.0,0.0,0.0,0.0,0.0,0.0,0.0,0.0,0.35,0.0,0.0,0.0,0.9,N ,N ,-66.23855932079218,17.961615397833075,0.0,0.0,0.0,0.0,0.0,0.0,0.0,0.0,0.0,0.0,0.0,0.0,0.0,0.0,0.0,0.0,0.0,0.0,16572.0,upv_n_fg,n,fg,1,(OP) Operating,1,PV+Battery Hybrid,,,False,TRANCHE1_AD-1-P,pr97014,1673,0.2027052
upv,100.0,,,2051,2051,2051,2051,2051,2025,False,,p99065,Puerto Rico,97.0,97.0,1.0,16572.0,SRP  ,PR_TRANCHE1_I-1-P,TRANCHE1_I-1-P,Agua Fria,1.0,PVT,PT,2.0,0.0,4.0,20.0,20.0,15.0,PR,8.0,14.0,1.0,0.2,100.0,0.0,0.0,0.0,0.0,2001,6.0,12.0,0.0,0.0,0.0,0.0,0.0,0.0,0.0,  ,0.0,0.039,0.032,0.049,0.032,0.046,0.082,0.086,0.078,0.067,0.033,0.026,0.022,0.017,PT,0,0,1.0,0.0,0.0,0.0,46.92,0.0,1.0,0.0,0.0,0.0,0.0,0.0,0.0,0.0,0.0,0.0,0.0,0.35,0.0,0.0,0.0,0.9,N ,N ,-66.36966581,18.02198247,0.0,0.0,0.0,0.0,0.0,0.0,0.0,0.0,0.0,0.0,0.0,0.0,0.0,0.0,0.0,0.0,0.0,0.0,16572.0,upv_n_fg,n,fg,1,(OP) Operating,1,PV+Battery Hybrid,,,False,TRANCHE1_I-1-P,pr296,1477,0.19796625
upv,100.0,,,2051,2051,2051,2051,2051,2025,False,,p99105,Puerto Rico,97.0,97.0,1.0,16572.0,SRP  ,PR_TRANCHE1_AQ-1-P,TRANCHE1_AQ-1-P,Agua Fria,1.0,PVT,PT,2.0,0.0,4.0,20.0,20.0,15.0,PR,8.0,14.0,1.0,0.2,100.0,0.0,0.0,0.0,0.0,2001,6.0,12.0,0.0,0.0,0.0,0.0,0.0,0.0,0.0,  ,0.0,0.039,0.032,0.049,0.032,0.046,0.082,0.086,0.078,0.067,0.033,0.026,0.022,0.017,PT,0,0,1.0,0.0,0.0,0.0,46.92,0.0,1.0,0.0,0.0,0.0,0.0,0.0,0.0,0.0,0.0,0.0,0.0,0.35,0.0,0.0,0.0,0.9,N ,N ,-65.91415150823626,18.22764836265537,0.0,0.0,0.0,0.0,0.0,0.0,0.0,0.0,0.0,0.0,0.0,0.0,0.0,0.0,0.0,0.0,0.0,0.0,16572.0,upv_n_fg,n,fg,1,(OP) Operating,1,PV+Battery Hybrid,,,False,TRANCHE1_AQ-1-P,pr1206,886,0.19064379
upv,60.0,,,2051,2051,2051,2051,2051,2025,False,,p99042,Puerto Rico,97.0,97.0,1.0,16572.0,SRP  ,PR_TRANCHE1_W-3-P,TRANCHE1_W-3-P,Agua Fria,1.0,PVT,PT,2.0,0.0,4.0,20.0,20.0,15.0,PR,8.0,14.0,1.0,0.2,60.0,0.0,0.0,0.0,0.0,2001,6.0,12.0,0.0,0.0,0.0,0.0,0.0,0.0,0.0,  ,0.0,0.039,0.032,0.049,0.032,0.046,0.082,0.086,0.078,0.067,0.033,0.026,0.022,0.017,PT,0,0,1.0,0.0,0.0,0.0,46.92,0.0,1.0,0.0,0.0,0.0,0.0,0.0,0.0,0.0,0.0,0.0,0.0,0.35,0.0,0.0,0.0,0.9,N ,N ,-66.5905482796362,18.4249383396828,0.0,0.0,0.0,0.0,0.0,0.0,0.0,0.0,0.0,0.0,0.0,0.0,0.0,0.0,0.0,0.0,0.0,0.0,16572.0,upv_n_fg,n,fg,1,(OP) Operating,1,PV+Battery Hybrid,,,False,TRANCHE1_W-3-P,pr167,176,0.19659065
upv,25.0,,,2051,2051,2051,2051,2051,2025,False,,p99079,Puerto Rico,97.0,97.0,1.0,16572.0,SRP  ,PR_TRANCHE1_O-2-P,TRANCHE1_O-2-P,Agua Fria,1.0,PVT,PT,2.0,0.0,4.0,20.0,20.0,15.0,PR,8.0,14.0,1.0,0.2,25.0,0.0,0.0,0.0,0.0,2001,6.0,12.0,0.0,0.0,0.0,0.0,0.0,0.0,0.0,  ,0.0,0.039,0.032,0.049,0.032,0.046,0.082,0.086,0.078,0.067,0.033,0.026,0.022,0.017,PT,0,0,1.0,0.0,0.0,0.0,46.92,0.0,1.0,0.0,0.0,0.0,0.0,0.0,0.0,0.0,0.0,0.0,0.0,0.35,0.0,0.0,0.0,0.9,N ,N ,-67.1513062922523,18.2327569503965,0.0,0.0,0.0,0.0,0.0,0.0,0.0,0.0,0.0,0.0,0.0,0.0,0.0,0.0,0.0,0.0,0.0,0.0,16572.0,upv_n_fg,n,fg,1,(OP) Operating,1,PV+Battery Hybrid,,,False,TRANCHE1_O-2-P,pr428,1657,0.18500876
upv,20.7,,,2051,2051,2051,2051,2051,2025,False,,p99037,Puerto Rico,97.0,97.0,1.0,16572.0,SRP  ,PR_TRANCHE1_O-1-P,TRANCHE1_O-1-P,Agua Fria,1.0,PVT,PT,2.0,0.0,4.0,20.0,20.0,15.0,PR,8.0,14.0,1.0,0.2,20.7,0.0,0.0,0.0,0.0,2001,6.0,12.0,0.0,0.0,0.0,0.0,0.0,0.0,0.0,  ,0.0,0.039,0.032,0.049,0.032,0.046,0.082,0.086,0.078,0.067,0.033,0.026,0.022,0.017,PT,0,0,1.0,0.0,0.0,0.0,46.92,0.0,1.0,0.0,0.0,0.0,0.0,0.0,0.0,0.0,0.0,0.0,0.0,0.35,0.0,0.0,0.0,0.9,N ,N ,-67.1360455,18.12868123,0.0,0.0,0.0,0.0,0.0,0.0,0.0,0.0,0.0,0.0,0.0,0.0,0.0,0.0,0.0,0.0,0.0,0.0,16572.0,upv_n_fg,n,fg,1,(OP) Operating,1,PV+Battery Hybrid,,,False,TRANCHE1_O-1-P,pr116,1219,0.18771364
upv,120.0,,,2051,2051,2051,2051,2051,2025,False,,p99035,Puerto Rico,97.0,97.0,1.0,16572.0,SRP  ,PR_TRANCHE1_C-1-P,TRANCHE1_C-1-P,Agua Fria,1.0,PVT,PT,2.0,0.0,4.0,20.0,20.0,15.0,PR,8.0,14.0,1.0,0.2,120.0,0.0,0.0,0.0,0.0,2001,6.0,12.0,0.0,0.0,0.0,0.0,0.0,0.0,0.0,  ,0.0,0.039,0.032,0.049,0.032,0.046,0.082,0.086,0.078,0.067,0.033,0.026,0.022,0.017,PT,0,0,1.0,0.0,0.0,0.0,46.92,0.0,1.0,0.0,0.0,0.0,0.0,0.0,0.0,0.0,0.0,0.0,0.0,0.35,0.0,0.0,0.0,0.9,N ,N ,-66.2311584279522,17.9532741471698,0.0,0.0,0.0,0.0,0.0,0.0,0.0,0.0,0.0,0.0,0.0,0.0,0.0,0.0,0.0,0.0,0.0,0.0,16572.0,upv_n_fg,n,fg,1,(OP) Operating,1,PV+Battery Hybrid,,,False,TRANCHE1_C-1-P,pr107,1642,0.20296995
upv,80.3,,,2051,2051,2051,2051,2051,2025,False,,p99069,Puerto Rico,97.0,97.0,1.0,16572.0,SRP  ,PR_TRANCHE1_A-1-P,TRANCHE1_A-1-P,Agua Fria,1.0,PVT,PT,2.0,0.0,4.0,20.0,20.0,15.0,PR,8.0,14.0,1.0,0.2,80.3,0.0,0.0,0.0,0.0,2001,6.0,12.0,0.0,0.0,0.0,0.0,0.0,0.0,0.0,  ,0.0,0.039,0.032,0.049,0.032,0.046,0.082,0.086,0.078,0.067,0.033,0.026,0.022,0.017,PT,0,0,1.0,0.0,0.0,0.0,46.92,0.0,1.0,0.0,0.0,0.0,0.0,0.0,0.0,0.0,0.0,0.0,0.0,0.35,0.0,0.0,0.0,0.9,N ,N ,-66.149463495378,17.9474467239165,0.0,0.0,0.0,0.0,0.0,0.0,0.0,0.0,0.0,0.0,0.0,0.0,0.0,0.0,0.0,0.0,0.0,0.0,16572.0,upv_n_fg,n,fg,1,(OP) Operating,1,PV+Battery Hybrid,,,False,TRANCHE1_A-1-P,pr321,1560,0.20144314
upv,25.0,,,2051,2051,2051,2051,2051,2025,False,,p99118,Puerto Rico,97.0,97.0,1.0,16572.0,SRP  ,PR_TRANCHE1_AB-1-P,TRANCHE1_AB-1-P,Agua Fria,1.0,PVT,PT,2.0,0.0,4.0,20.0,20.0,15.0,PR,8.0,14.0,1.0,0.2,25.0,0.0,0.0,0.0,0.0,2001,6.0,12.0,0.0,0.0,0.0,0.0,0.0,0.0,0.0,  ,0.0,0.039,0.032,0.049,0.032,0.046,0.082,0.086,0.078,0.067,0.033,0.026,0.022,0.017,PT,0,0,1.0,0.0,0.0,0.0,46.92,0.0,1.0,0.0,0.0,0.0,0.0,0.0,0.0,0.0,0.0,0.0,0.0,0.35,0.0,0.0,0.0,0.9,N ,N ,-66.40141277730525,18.446222196096137,0.0,0.0,0.0,0.0,0.0,0.0,0.0,0.0,0.0,0.0,0.0,0.0,0.0,0.0,0.0,0.0,0.0,0.0,16572.0,upv_n_fg,n,fg,1,(OP) Operating,1,PV+Battery Hybrid,,,False,TRANCHE1_AB-1-P,pr97064,1675,0.19702654
upv,20.0,,,2051,2051,2051,2051,2051,2025,False,,p99007,Puerto Rico,97.0,97.0,1.0,16572.0,SRP  ,PR_TRANCHE1_B-2-P,TRANCHE1_B-2-P,Agua Fria,1.0,PVT,PT,2.0,0.0,4.0,20.0,20.0,15.0,PR,8.0,14.0,1.0,0.2,20.0,0.0,0.0,0.0,0.0,2001,6.0,12.0,0.0,0.0,0.0,0.0,0.0,0.0,0.0,  ,0.0,0.039,0.032,0.049,0.032,0.046,0.082,0.086,0.078,0.067,0.033,0.026,0.022,0.017,PT,0,0,1.0,0.0,0.0,0.0,46.92,0.0,1.0,0.0,0.0,0.0,0.0,0.0,0.0,0.0,0.0,0.0,0.0,0.35,0.0,0.0,0.0,0.9,N ,N ,-65.7850288247602,18.2429864355861,0.0,0.0,0.0,0.0,0.0,0.0,0.0,0.0,0.0,0.0,0.0,0.0,0.0,0.0,0.0,0.0,0.0,0.0,16572.0,upv_n_fg,n,fg,1,(OP) Operating,1,PV+Battery Hybrid,,,False,TRANCHE1_B-2-P,pr16,812,0.18714307
upv,25.0,,,2051,2051,2051,2051,2051,2025,False,,p99007,Puerto Rico,97.0,97.0,1.0,16572.0,SRP  ,PR_TRANCHE1_B-1-P,TRANCHE1_B-1-P,Agua Fria,1.0,PVT,PT,2.0,0.0,4.0,20.0,20.0,15.0,PR,8.0,14.0,1.0,0.2,25.0,0.0,0.0,0.0,0.0,2001,6.0,12.0,0.0,0.0,0.0,0.0,0.0,0.0,0.0,  ,0.0,0.039,0.032,0.049,0.032,0.046,0.082,0.086,0.078,0.067,0.033,0.026,0.022,0.017,PT,0,0,1.0,0.0,0.0,0.0,46.92,0.0,1.0,0.0,0.0,0.0,0.0,0.0,0.0,0.0,0.0,0.0,0.0,0.35,0.0,0.0,0.0,0.9,N ,N ,-65.7850288247602,18.2429864355861,0.0,0.0,0.0,0.0,0.0,0.0,0.0,0.0,0.0,0.0,0.0,0.0,0.0,0.0,0.0,0.0,0.0,0.0,16572.0,upv_n_fg,n,fg,1,(OP) Operating,1,PV+Battery Hybrid,,,False,TRANCHE1_B-1-P,pr16,812,0.18714307
upv,32.1,,,2051,2051,2051,2051,2051,2025,False,,p99006,Puerto Rico,97.0,97.0,1.0,16572.0,SRP  ,PR_TRANCHE1_AK-1-P,TRANCHE1_AK-1-P,Agua Fria,1.0,PVT,PT,2.0,0.0,4.0,20.0,20.0,15.0,PR,8.0,14.0,1.0,0.2,32.1,0.0,0.0,0.0,0.0,2001,6.0,12.0,0.0,0.0,0.0,0.0,0.0,0.0,0.0,  ,0.0,0.039,0.032,0.049,0.032,0.046,0.082,0.086,0.078,0.067,0.033,0.026,0.022,0.017,PT,0,0,1.0,0.0,0.0,0.0,46.92,0.0,1.0,0.0,0.0,0.0,0.0,0.0,0.0,0.0,0.0,0.0,0.0,0.35,0.0,0.0,0.0,0.9,N ,N ,-65.82683737768,18.13732480866,0.0,0.0,0.0,0.0,0.0,0.0,0.0,0.0,0.0,0.0,0.0,0.0,0.0,0.0,0.0,0.0,0.0,0.0,16572.0,upv_n_fg,n,fg,1,(OP) Operating,1,PV+Battery Hybrid,,,False,TRANCHE1_AK-1-P,pr14,1645,0.19101645
upv,38.7,,,2051,2051,2051,2051,2051,2025,False,,p99006,Puerto Rico,97.0,97.0,1.0,16572.0,SRP  ,PR_TRANCHE1_AT-1-P,TRANCHE1_AT-1-P,Agua Fria,1.0,PVT,PT,2.0,0.0,4.0,20.0,20.0,15.0,PR,8.0,14.0,1.0,0.2,38.7,0.0,0.0,0.0,0.0,2001,6.0,12.0,0.0,0.0,0.0,0.0,0.0,0.0,0.0,  ,0.0,0.039,0.032,0.049,0.032,0.046,0.082,0.086,0.078,0.067,0.033,0.026,0.022,0.017,PT,0,0,1.0,0.0,0.0,0.0,46.92,0.0,1.0,0.0,0.0,0.0,0.0,0.0,0.0,0.0,0.0,0.0,0.0,0.35,0.0,0.0,0.0,0.9,N ,N ,-65.82683737768,18.13732480866,0.0,0.0,0.0,0.0,0.0,0.0,0.0,0.0,0.0,0.0,0.0,0.0,0.0,0.0,0.0,0.0,0.0,0.0,16572.0,upv_n_fg,n,fg,1,(OP) Operating,1,PV+Battery Hybrid,,,False,TRANCHE1_AT-1-P,pr14,1645,0.19101645
upv,35.0,,,2051,2051,2051,2051,2051,2025,False,,p99043,Puerto Rico,97.0,97.0,1.0,16572.0,SRP  ,PR_TRANCHE1_AI-1-P,TRANCHE1_AI-1-P,Agua Fria,1.0,PVT,PT,2.0,0.0,4.0,20.0,20.0,15.0,PR,8.0,14.0,1.0,0.2,35.0,0.0,0.0,0.0,0.0,2001,6.0,12.0,0.0,0.0,0.0,0.0,0.0,0.0,0.0,  ,0.0,0.039,0.032,0.049,0.032,0.046,0.082,0.086,0.078,0.067,0.033,0.026,0.022,0.017,PT,0,0,1.0,0.0,0.0,0.0,46.92,0.0,1.0,0.0,0.0,0.0,0.0,0.0,0.0,0.0,0.0,0.0,0.0,0.35,0.0,0.0,0.0,0.9,N ,N ,-67.0091432005955,18.0750990243733,0.0,0.0,0.0,0.0,0.0,0.0,0.0,0.0,0.0,0.0,0.0,0.0,0.0,0.0,0.0,0.0,0.0,0.0,16572.0,upv_n_fg,n,fg,1,(OP) Operating,1,PV+Battery Hybrid,,,False,TRANCHE1_AI-1-P,pr169,1300,0.18838961
upv,60.0,,,2051,2051,2051,2051,2051,2025,False,,p99065,Puerto Rico,97.0,97.0,1.0,16572.0,SRP  ,PR_TRANCHE1_N-1-P,TRANCHE1_N-1-P,Agua Fria,1.0,PVT,PT,2.0,0.0,4.0,20.0,20.0,15.0,PR,8.0,14.0,1.0,0.2,60.0,0.0,0.0,0.0,0.0,2001,6.0,12.0,0.0,0.0,0.0,0.0,0.0,0.0,0.0,  ,0.0,0.039,0.032,0.049,0.032,0.046,0.082,0.086,0.078,0.067,0.033,0.026,0.022,0.017,PT,0,0,1.0,0.0,0.0,0.0,46.92,0.0,1.0,0.0,0.0,0.0,0.0,0.0,0.0,0.0,0.0,0.0,0.0,0.35,0.0,0.0,0.0,0.9,N ,N ,-66.36966581,18.02198247,0.0,0.0,0.0,0.0,0.0,0.0,0.0,0.0,0.0,0.0,0.0,0.0,0.0,0.0,0.0,0.0,0.0,0.0,16572.0,upv_n_fg,n,fg,1,(OP) Operating,1,PV+Battery Hybrid,,,False,TRANCHE1_N-1-P,pr296,1477,0.19796625
upv,20.0,,,2051,2051,2051,2051,2051,2025,False,,p99080,Puerto Rico,97.0,97.0,1.0,16572.0,SRP  ,PR_TRANCHE1_AS-1-P,TRANCHE1_AS-1-P,Agua Fria,1.0,PVT,PT,2.0,0.0,4.0,20.0,20.0,15.0,PR,8.0,14.0,1.0,0.2,20.0,0.0,0.0,0.0,0.0,2001,6.0,12.0,0.0,0.0,0.0,0.0,0.0,0.0,0.0,  ,0.0,0.039,0.032,0.049,0.032,0.046,0.082,0.086,0.078,0.067,0.033,0.026,0.022,0.017,PT,0,0,1.0,0.0,0.0,0.0,46.92,0.0,1.0,0.0,0.0,0.0,0.0,0.0,0.0,0.0,0.0,0.0,0.0,0.35,0.0,0.0,0.0,0.9,N ,N ,-66.6968634056452,18.4690563228198,0.0,0.0,0.0,0.0,0.0,0.0,0.0,0.0,0.0,0.0,0.0,0.0,0.0,0.0,0.0,0.0,0.0,0.0,16572.0,upv_n_fg,n,fg,1,(OP) Operating,1,PV+Battery Hybrid,,,False,TRANCHE1_AS-1-P,pr440,99,0.199824
upv,25.0,,,2051,2051,2051,2051,2051,2025,False,,p99004,Puerto Rico,97.0,97.0,1.0,16572.0,SRP  ,PR_TRANCHE1_AE-1-P,TRANCHE1_AE-1-P,Agua Fria,1.0,PVT,PT,2.0,0.0,4.0,20.0,20.0,15.0,PR,8.0,14.0,1.0,0.2,25.0,0.0,0.0,0.0,0.0,2001,6.0,12.0,0.0,0.0,0.0,0.0,0.0,0.0,0.0,  ,0.0,0.039,0.032,0.049,0.032,0.046,0.082,0.086,0.078,0.067,0.033,0.026,0.022,0.017,PT,0,0,1.0,0.0,0.0,0.0,46.92,0.0,1.0,0.0,0.0,0.0,0.0,0.0,0.0,0.0,0.0,0.0,0.0,0.35,0.0,0.0,0.0,0.9,N ,N ,-66.139303974935,17.961056944062,0.0,0.0,0.0,0.0,0.0,0.0,0.0,0.0,0.0,0.0,0.0,0.0,0.0,0.0,0.0,0.0,0.0,0.0,16572.0,upv_n_fg,n,fg,1,(OP) Operating,1,PV+Battery Hybrid,,,False,TRANCHE1_AE-1-P,pr8,1667,0.20298149
