interconnect,interface
western,FIPS_04001~~FIPS_04011
western,FIPS_04001~~FIPS_04017
western,FIPS_04001~~FIPS_04019_04023
western,FIPS_04001~~FIPS_04021
western,FIPS_04001~~FIPS_35029
western,FIPS_04001~~FIPS_35031
western,FIPS_04003~~FIPS_04007
western,FIPS_04003~~FIPS_04009
western,FIPS_04003~~FIPS_04011
western,FIPS_04003~~FIPS_04019_04023
western,FIPS_04005~~FIPS_04013
western,FIPS_04005~~FIPS_04017
western,FIPS_04005~~FIPS_04025
western,FIPS_04005~~FIPS_32003
western,FIPS_04005~~FIPS_35045
western,FIPS_04005~~FIPS_49041
western,FIPS_04007~~FIPS_04013
western,FIPS_04007~~FIPS_04017
western,FIPS_04007~~FIPS_04019_04023
western,FIPS_04007~~FIPS_04021
western,FIPS_04007~~FIPS_04025
western,FIPS_04009~~FIPS_04011
western,FIPS_04011~~FIPS_35023
western,FIPS_04012~~FIPS_04013
western,FIPS_04012~~FIPS_04027
western,FIPS_04012~~FIPS_06065
western,FIPS_04012~~FIPS_06071
western,FIPS_04013~~FIPS_04015
western,FIPS_04013~~FIPS_04017
western,FIPS_04013~~FIPS_04021
western,FIPS_04013~~FIPS_04025
western,FIPS_04013~~FIPS_04027
western,FIPS_04013~~FIPS_06025
western,FIPS_04013~~FIPS_06071
western,FIPS_04013~~FIPS_32003
western,FIPS_04015~~FIPS_04025
western,FIPS_04015~~FIPS_06071
western,FIPS_04015~~FIPS_32003
western,FIPS_04015~~FIPS_49053
western,FIPS_04017~~FIPS_04021
western,FIPS_04017~~FIPS_35045
western,FIPS_04019_04023~~FIPS_04021
western,FIPS_04019_04023~~FIPS_35029
western,FIPS_04027~~FIPS_06025
western,FIPS_06001~~FIPS_06007
western,FIPS_06001~~FIPS_06011
western,FIPS_06001~~FIPS_06013
western,FIPS_06001~~FIPS_06047
western,FIPS_06001~~FIPS_06067
western,FIPS_06001~~FIPS_06077
western,FIPS_06001~~FIPS_06081
western,FIPS_06001~~FIPS_06085
western,FIPS_06001~~FIPS_06095
western,FIPS_06001~~FIPS_06099
western,FIPS_06003_06051~~FIPS_06027
western,FIPS_06003_06051~~FIPS_32009
western,FIPS_06005~~FIPS_06009
western,FIPS_06005~~FIPS_06017
western,FIPS_06005~~FIPS_06077
western,FIPS_06005~~FIPS_06109
western,FIPS_06007~~FIPS_06011
western,FIPS_06007~~FIPS_06021
western,FIPS_06007~~FIPS_06063
western,FIPS_06007~~FIPS_06089
western,FIPS_06007~~FIPS_06095
western,FIPS_06007~~FIPS_06101
western,FIPS_06007~~FIPS_06103
western,FIPS_06007~~FIPS_06115
western,FIPS_06009~~FIPS_06047
western,FIPS_06009~~FIPS_06077
western,FIPS_06009~~FIPS_06099
western,FIPS_06009~~FIPS_06109
western,FIPS_06011~~FIPS_06021
western,FIPS_06011~~FIPS_06033
western,FIPS_06011~~FIPS_06089
western,FIPS_06011~~FIPS_06095
western,FIPS_06011~~FIPS_06101
western,FIPS_06011~~FIPS_06113
western,FIPS_06013~~FIPS_06041
western,FIPS_06013~~FIPS_06055
western,FIPS_06013~~FIPS_06067
western,FIPS_06013~~FIPS_06077
western,FIPS_06013~~FIPS_06081
western,FIPS_06013~~FIPS_06095
western,FIPS_06013~~FIPS_06097
western,FIPS_06015~~FIPS_41033
western,FIPS_06017~~FIPS_06061
western,FIPS_06017~~FIPS_06067
western,FIPS_06017~~FIPS_32005
western,FIPS_06019~~FIPS_06029
western,FIPS_06019~~FIPS_06031
western,FIPS_06019~~FIPS_06039
western,FIPS_06019~~FIPS_06047
western,FIPS_06019~~FIPS_06053
western,FIPS_06019~~FIPS_06079
western,FIPS_06019~~FIPS_06107
western,FIPS_06021~~FIPS_06089
western,FIPS_06021~~FIPS_06103
western,FIPS_06023~~FIPS_06105
western,FIPS_06025~~FIPS_06065
western,FIPS_06025~~FIPS_06073
western,FIPS_06027~~FIPS_06029
western,FIPS_06027~~FIPS_06037
western,FIPS_06027~~FIPS_06071
western,FIPS_06029~~FIPS_06031
western,FIPS_06029~~FIPS_06037
western,FIPS_06029~~FIPS_06047
western,FIPS_06029~~FIPS_06071
western,FIPS_06029~~FIPS_06079
western,FIPS_06029~~FIPS_06083
western,FIPS_06029~~FIPS_06107
western,FIPS_06031~~FIPS_06039
western,FIPS_06031~~FIPS_06107
western,FIPS_06033~~FIPS_06045
western,FIPS_06033~~FIPS_06055
western,FIPS_06033~~FIPS_06097
western,FIPS_06035~~FIPS_06049
western,FIPS_06035~~FIPS_06063
western,FIPS_06035~~FIPS_06089
western,FIPS_06035~~FIPS_06091
western,FIPS_06037~~FIPS_06059
western,FIPS_06037~~FIPS_06071
western,FIPS_06037~~FIPS_06111
western,FIPS_06039~~FIPS_06047
western,FIPS_06039~~FIPS_06107
western,FIPS_06041~~FIPS_06095
western,FIPS_06041~~FIPS_06097
western,FIPS_06043~~FIPS_06047
western,FIPS_06045~~FIPS_06097
western,FIPS_06045~~FIPS_06105
western,FIPS_06047~~FIPS_06053
western,FIPS_06047~~FIPS_06099
western,FIPS_06049~~FIPS_06091
western,FIPS_06049~~FIPS_06093
western,FIPS_06049~~FIPS_41035
western,FIPS_06049~~FIPS_41037
western,FIPS_06053~~FIPS_06069
western,FIPS_06053~~FIPS_06085
western,FIPS_06053~~FIPS_06087
western,FIPS_06055~~FIPS_06095
western,FIPS_06055~~FIPS_06097
western,FIPS_06057~~FIPS_06061
western,FIPS_06057~~FIPS_06091
western,FIPS_06057~~FIPS_06101
western,FIPS_06057~~FIPS_06115
western,FIPS_06059~~FIPS_06065
western,FIPS_06059~~FIPS_06071
western,FIPS_06059~~FIPS_06073
western,FIPS_06061~~FIPS_06067
western,FIPS_06061~~FIPS_06089
western,FIPS_06061~~FIPS_06091
western,FIPS_06061~~FIPS_06101
western,FIPS_06061~~FIPS_06115
western,FIPS_06063~~FIPS_06091
western,FIPS_06065~~FIPS_06071
western,FIPS_06065~~FIPS_06073
western,FIPS_06067~~FIPS_06077
western,FIPS_06067~~FIPS_06095
western,FIPS_06067~~FIPS_06101
western,FIPS_06067~~FIPS_06113
western,FIPS_06071~~FIPS_32003
western,FIPS_06075~~FIPS_06081
western,FIPS_06077~~FIPS_06099
western,FIPS_06077~~FIPS_06101
western,FIPS_06079~~FIPS_06083
western,FIPS_06081~~FIPS_06085
western,FIPS_06083~~FIPS_06111
western,FIPS_06085~~FIPS_06087
western,FIPS_06089~~FIPS_06093
western,FIPS_06089~~FIPS_06101
western,FIPS_06089~~FIPS_06103
western,FIPS_06089~~FIPS_06105
western,FIPS_06089~~FIPS_41035
western,FIPS_06091~~FIPS_32031
western,FIPS_06093~~FIPS_41029
western,FIPS_06093~~FIPS_41033
western,FIPS_06093~~FIPS_41035
western,FIPS_06095~~FIPS_06097
western,FIPS_06095~~FIPS_06113
western,FIPS_06097~~FIPS_06113
western,FIPS_06099~~FIPS_06109
western,FIPS_06101~~FIPS_06113
western,FIPS_06101~~FIPS_06115
western,FIPS_08001~~FIPS_08005
western,FIPS_08001~~FIPS_08013
western,FIPS_08001~~FIPS_08031
western,FIPS_08001~~FIPS_08039
western,FIPS_08001~~FIPS_08059
western,FIPS_08001~~FIPS_08087
western,FIPS_08001~~FIPS_08123
western,FIPS_08003~~FIPS_08015
western,FIPS_08003~~FIPS_08021
western,FIPS_08003~~FIPS_08023
western,FIPS_08003~~FIPS_08079_08105
western,FIPS_08003~~FIPS_08109
western,FIPS_08005~~FIPS_08031
western,FIPS_08005~~FIPS_08035
western,FIPS_08005~~FIPS_08087
western,FIPS_08007~~FIPS_08067
western,FIPS_08009~~FIPS_08099
western,FIPS_08011~~FIPS_08089
western,FIPS_08011~~FIPS_08099
western,FIPS_08013~~FIPS_08014
western,FIPS_08013~~FIPS_08059
western,FIPS_08013~~FIPS_08069
western,FIPS_08013~~FIPS_08123
western,FIPS_08014~~FIPS_08059
western,FIPS_08014~~FIPS_08123
western,FIPS_08015~~FIPS_08043
western,FIPS_08015~~FIPS_08051
western,FIPS_08015~~FIPS_08065
western,FIPS_08015~~FIPS_08079_08105
western,FIPS_08015~~FIPS_08085_08091
western,FIPS_08015~~FIPS_08109
western,FIPS_08017~~FIPS_08063
western,FIPS_08019_08047~~FIPS_08049_08057
western,FIPS_08019_08047~~FIPS_08059
western,FIPS_08019_08047~~FIPS_08117
western,FIPS_08025~~FIPS_08089
western,FIPS_08027_08055~~FIPS_08071
western,FIPS_08027_08055~~FIPS_08101
western,FIPS_08027_08055~~FIPS_35021_35059
western,FIPS_08029~~FIPS_08045
western,FIPS_08029~~FIPS_08051
western,FIPS_08029~~FIPS_08085_08091
western,FIPS_08031~~FIPS_08035
western,FIPS_08031~~FIPS_08059
western,FIPS_08033~~FIPS_08053_08111
western,FIPS_08033~~FIPS_08083
western,FIPS_08033~~FIPS_08085_08091
western,FIPS_08033~~FIPS_08113
western,FIPS_08035~~FIPS_08039
western,FIPS_08035~~FIPS_08041
western,FIPS_08035~~FIPS_08059
western,FIPS_08035~~FIPS_08087
western,FIPS_08035~~FIPS_08101
western,FIPS_08035~~FIPS_08119
western,FIPS_08037~~FIPS_08045
western,FIPS_08037~~FIPS_08065
western,FIPS_08037~~FIPS_08097
western,FIPS_08037~~FIPS_08107
western,FIPS_08037~~FIPS_08117
western,FIPS_08039~~FIPS_08041
western,FIPS_08039~~FIPS_08073
western,FIPS_08041~~FIPS_08043
western,FIPS_08041~~FIPS_08101
western,FIPS_08041~~FIPS_08119
western,FIPS_08043~~FIPS_08101
western,FIPS_08043~~FIPS_08119
western,FIPS_08045~~FIPS_08065
western,FIPS_08045~~FIPS_08077
western,FIPS_08045~~FIPS_08081
western,FIPS_08045~~FIPS_08103
western,FIPS_08049_08057~~FIPS_08069
western,FIPS_08049_08057~~FIPS_08107
western,FIPS_08049_08057~~FIPS_08117
western,FIPS_08051~~FIPS_08053_08111
western,FIPS_08051~~FIPS_08085_08091
western,FIPS_08053_08111~~FIPS_08067
western,FIPS_08053_08111~~FIPS_08083
western,FIPS_08061~~FIPS_08099
western,FIPS_08063~~FIPS_08073
western,FIPS_08063~~FIPS_08125
western,FIPS_08065~~FIPS_08093
western,FIPS_08067~~FIPS_08083
western,FIPS_08067~~FIPS_08085_08091
western,FIPS_08067~~FIPS_35045
western,FIPS_08069~~FIPS_08107
western,FIPS_08069~~FIPS_08123
western,FIPS_08069~~FIPS_56021
western,FIPS_08073~~FIPS_08121
western,FIPS_08075~~FIPS_08087
western,FIPS_08075~~FIPS_08095
western,FIPS_08075~~FIPS_08123
western,FIPS_08075~~FIPS_08125
western,FIPS_08077~~FIPS_08085_08091
western,FIPS_08081~~FIPS_08103
western,FIPS_08081~~FIPS_08107
western,FIPS_08081~~FIPS_08123
western,FIPS_08081~~FIPS_49023
western,FIPS_08081~~FIPS_56007
western,FIPS_08083~~FIPS_08085_08091
western,FIPS_08083~~FIPS_35045
western,FIPS_08085_08091~~FIPS_08113
western,FIPS_08087~~FIPS_08121
western,FIPS_08087~~FIPS_08123
western,FIPS_08087~~FIPS_08125
western,FIPS_08087~~FIPS_56021
western,FIPS_08087~~FIPS_56031
western,FIPS_08089~~FIPS_08099
western,FIPS_08089~~FIPS_08101
western,FIPS_08093~~FIPS_08117
western,FIPS_08093~~FIPS_08119
western,FIPS_08095~~FIPS_08125
western,FIPS_08099~~FIPS_08101
western,FIPS_08103~~FIPS_49047
western,FIPS_08107~~FIPS_49047
western,FIPS_08121~~FIPS_08125
western,FIPS_08123~~FIPS_56007
western,FIPS_08123~~FIPS_56021
western,FIPS_08123~~FIPS_56031
western,FIPS_08125~~FIPS_31057
western,FIPS_16001~~FIPS_16015_16039
western,FIPS_16001~~FIPS_16027
western,FIPS_16001~~FIPS_16045
western,FIPS_16001~~FIPS_16053
western,FIPS_16001~~FIPS_16073
western,FIPS_16001~~FIPS_16087
western,FIPS_16003~~FIPS_16085
western,FIPS_16003~~FIPS_16087
western,FIPS_16003~~FIPS_41001
western,FIPS_16005~~FIPS_16011
western,FIPS_16005~~FIPS_16013_16037
western,FIPS_16005~~FIPS_16077
western,FIPS_16005~~FIPS_16083
western,FIPS_16005~~FIPS_49003
western,FIPS_16005~~FIPS_49035
western,FIPS_16005~~FIPS_56037
western,FIPS_16007~~FIPS_16029
western,FIPS_16007~~FIPS_16041
western,FIPS_16009~~FIPS_16055
western,FIPS_16009~~FIPS_16057
western,FIPS_16009~~FIPS_16079
western,FIPS_16009~~FIPS_53063
western,FIPS_16009~~FIPS_53075
western,FIPS_16011~~FIPS_16019
western,FIPS_16011~~FIPS_16023
western,FIPS_16011~~FIPS_16029
western,FIPS_16011~~FIPS_16051
western,FIPS_16011~~FIPS_16077
western,FIPS_16013_16037~~FIPS_16025
western,FIPS_16013_16037~~FIPS_16047
western,FIPS_16013_16037~~FIPS_16053
western,FIPS_16013_16037~~FIPS_16063
western,FIPS_16013_16037~~FIPS_16067
western,FIPS_16013_16037~~FIPS_16077
western,FIPS_16015_16039~~FIPS_16047
western,FIPS_16015_16039~~FIPS_16053
western,FIPS_16015_16039~~FIPS_16073
western,FIPS_16015_16039~~FIPS_16083
western,FIPS_16017~~FIPS_16021
western,FIPS_16017~~FIPS_16055
western,FIPS_16017~~FIPS_30089
western,FIPS_16017~~FIPS_53051
western,FIPS_16019~~FIPS_16051
western,FIPS_16019~~FIPS_16065
western,FIPS_16019~~FIPS_16081
western,FIPS_16019~~FIPS_56023
western,FIPS_16019~~FIPS_56039
western,FIPS_16021~~FIPS_30053
western,FIPS_16023~~FIPS_16033
western,FIPS_16023~~FIPS_16077
western,FIPS_16027~~FIPS_16053
western,FIPS_16027~~FIPS_16073
western,FIPS_16027~~FIPS_16075
western,FIPS_16027~~FIPS_16083
western,FIPS_16027~~FIPS_16087
western,FIPS_16027~~FIPS_41025
western,FIPS_16027~~FIPS_41049
western,FIPS_16029~~FIPS_16041
western,FIPS_16029~~FIPS_56023
western,FIPS_16031~~FIPS_16053
western,FIPS_16031~~FIPS_16067
western,FIPS_16031~~FIPS_16077
western,FIPS_16031~~FIPS_16083
western,FIPS_16031~~FIPS_49003
western,FIPS_16033~~FIPS_16051
western,FIPS_16033~~FIPS_30001
western,FIPS_16035~~FIPS_16057
western,FIPS_16035~~FIPS_16061
western,FIPS_16035~~FIPS_16069
western,FIPS_16035~~FIPS_30061
western,FIPS_16041~~FIPS_16071
western,FIPS_16041~~FIPS_49003
western,FIPS_16041~~FIPS_49005_49033
western,FIPS_16041~~FIPS_56023
western,FIPS_16043~~FIPS_16081
western,FIPS_16043~~FIPS_30031
western,FIPS_16045~~FIPS_16075
western,FIPS_16045~~FIPS_16085
western,FIPS_16045~~FIPS_41045
western,FIPS_16047~~FIPS_16053
western,FIPS_16047~~FIPS_16083
western,FIPS_16049_16059~~FIPS_16061
western,FIPS_16051~~FIPS_16081
western,FIPS_16053~~FIPS_16063
western,FIPS_16053~~FIPS_16067
western,FIPS_16053~~FIPS_16073
western,FIPS_16053~~FIPS_16083
western,FIPS_16053~~FIPS_32003
western,FIPS_16055~~FIPS_16079
western,FIPS_16055~~FIPS_30089
western,FIPS_16055~~FIPS_53063
western,FIPS_16057~~FIPS_16069
western,FIPS_16057~~FIPS_53075
western,FIPS_16061~~FIPS_16069
western,FIPS_16067~~FIPS_16083
western,FIPS_16069~~FIPS_41063
western,FIPS_16069~~FIPS_53003
western,FIPS_16069~~FIPS_53023
western,FIPS_16069~~FIPS_53075
western,FIPS_16071~~FIPS_16077
western,FIPS_16071~~FIPS_49003
western,FIPS_16073~~FIPS_32007
western,FIPS_16075~~FIPS_16087
western,FIPS_16075~~FIPS_41045
western,FIPS_16079~~FIPS_30089
western,FIPS_16081~~FIPS_56039
western,FIPS_16087~~FIPS_41001
western,FIPS_16087~~FIPS_41045
western,FIPS_16087~~FIPS_41063
western,FIPS_30001~~FIPS_30023
western,FIPS_30001~~FIPS_30057
western,FIPS_30003~~FIPS_30087_30103
western,FIPS_30003~~FIPS_30111
western,FIPS_30003~~FIPS_56003
western,FIPS_30003~~FIPS_56005
western,FIPS_30003~~FIPS_56029
western,FIPS_30003~~FIPS_56033
western,FIPS_30005~~FIPS_30041
western,FIPS_30005~~FIPS_30071
western,FIPS_30007~~FIPS_30031
western,FIPS_30007~~FIPS_30043
western,FIPS_30007~~FIPS_30067
western,FIPS_30007~~FIPS_30077
western,FIPS_30007~~FIPS_30093
western,FIPS_30007~~FIPS_30111
western,FIPS_30009~~FIPS_30111
western,FIPS_30013~~FIPS_30015
western,FIPS_30013~~FIPS_30049
western,FIPS_30013~~FIPS_30059
western,FIPS_30013~~FIPS_30099
western,FIPS_30013~~FIPS_30101
western,FIPS_30015~~FIPS_30041
western,FIPS_30015~~FIPS_30107
western,FIPS_30023~~FIPS_30063
western,FIPS_30023~~FIPS_30077
western,FIPS_30023~~FIPS_30093
western,FIPS_30027_30069~~FIPS_30045
western,FIPS_30027_30069~~FIPS_30107
western,FIPS_30029~~FIPS_30047
western,FIPS_30029~~FIPS_30053
western,FIPS_30031~~FIPS_30043
western,FIPS_30031~~FIPS_30057
western,FIPS_30031~~FIPS_30067
western,FIPS_30035~~FIPS_30101
western,FIPS_30037~~FIPS_30065
western,FIPS_30037~~FIPS_30107
western,FIPS_30037~~FIPS_30111
western,FIPS_30039~~FIPS_30063
western,FIPS_30041~~FIPS_30051
western,FIPS_30043~~FIPS_30049
western,FIPS_30043~~FIPS_30057
western,FIPS_30043~~FIPS_30093
western,FIPS_30047~~FIPS_30089
western,FIPS_30049~~FIPS_30077
western,FIPS_30051~~FIPS_30101
western,FIPS_30053~~FIPS_30089
western,FIPS_30057~~FIPS_30093
western,FIPS_30059~~FIPS_30107
western,FIPS_30061~~FIPS_30063
western,FIPS_30061~~FIPS_30077
western,FIPS_30061~~FIPS_30089
western,FIPS_30061~~FIPS_53063
western,FIPS_30063~~FIPS_30077
western,FIPS_30063~~FIPS_30081
western,FIPS_30063~~FIPS_30089
western,FIPS_30067~~FIPS_30097
western,FIPS_30073~~FIPS_30099
western,FIPS_30073~~FIPS_30101
western,FIPS_30075_30011~~FIPS_46019
western,FIPS_30087_30103~~FIPS_30111
western,FIPS_30095~~FIPS_30097
western,FIPS_30095~~FIPS_30111
western,FIPS_30097~~FIPS_30111
western,FIPS_30107~~FIPS_30111
western,FIPS_31105~~FIPS_56021
western,FIPS_32001~~FIPS_32011_32015
western,FIPS_32001~~FIPS_32019
western,FIPS_32001~~FIPS_32027
western,FIPS_32001~~FIPS_32031
western,FIPS_32003~~FIPS_32017
western,FIPS_32003~~FIPS_32023
western,FIPS_32005~~FIPS_32019
western,FIPS_32005~~FIPS_32510
western,FIPS_32007~~FIPS_32011_32015
western,FIPS_32007~~FIPS_32013
western,FIPS_32009~~FIPS_32021
western,FIPS_32009~~FIPS_32023
western,FIPS_32011_32015~~FIPS_32013
western,FIPS_32011_32015~~FIPS_32023
western,FIPS_32011_32015~~FIPS_32033
western,FIPS_32013~~FIPS_32027
western,FIPS_32013~~FIPS_32029
western,FIPS_32013~~FIPS_32510
western,FIPS_32017~~FIPS_49053
western,FIPS_32019~~FIPS_32021
western,FIPS_32019~~FIPS_32029
western,FIPS_32019~~FIPS_32031
western,FIPS_32019~~FIPS_32510
western,FIPS_32021~~FIPS_32023
western,FIPS_32023~~FIPS_32033
western,FIPS_32029~~FIPS_32031
western,FIPS_32029~~FIPS_32510
western,FIPS_32031~~FIPS_32510
western,FIPS_32033~~FIPS_49027
western,FIPS_35001~~FIPS_35006
western,FIPS_35001~~FIPS_35013
western,FIPS_35001~~FIPS_35031
western,FIPS_35001~~FIPS_35043
western,FIPS_35001~~FIPS_35045
western,FIPS_35001~~FIPS_35061
western,FIPS_35003_35053~~FIPS_35051
western,FIPS_35003_35053~~FIPS_35057
western,FIPS_35003_35053~~FIPS_35061
western,FIPS_35006~~FIPS_35031
western,FIPS_35006~~FIPS_35043
western,FIPS_35007~~FIPS_35021_35059
western,FIPS_35007~~FIPS_35033
western,FIPS_35007~~FIPS_35055
western,FIPS_35011_35027~~FIPS_35035
western,FIPS_35011_35027~~FIPS_35057
western,FIPS_35013~~FIPS_35029
western,FIPS_35013~~FIPS_35035
western,FIPS_35013~~FIPS_35051
western,FIPS_35013~~FIPS_48141
western,FIPS_35017~~FIPS_35023
western,FIPS_35017~~FIPS_35029
western,FIPS_35019_35047~~FIPS_35033
western,FIPS_35019_35047~~FIPS_35043
western,FIPS_35019_35047~~FIPS_35049
western,FIPS_35023~~FIPS_35029
western,FIPS_35028~~FIPS_35043
western,FIPS_35028~~FIPS_35049
western,FIPS_35029~~FIPS_35051
western,FIPS_35031~~FIPS_35045
western,FIPS_35035~~FIPS_48141
western,FIPS_35039~~FIPS_35043
western,FIPS_35039~~FIPS_35045
western,FIPS_35039~~FIPS_35049
western,FIPS_35039~~FIPS_35055
western,FIPS_35043~~FIPS_35045
western,FIPS_35043~~FIPS_35049
western,FIPS_35043~~FIPS_35057
western,FIPS_35045~~FIPS_49017_49025_49037
western,FIPS_41001~~FIPS_41023
western,FIPS_41001~~FIPS_41045
western,FIPS_41001~~FIPS_41061
western,FIPS_41001~~FIPS_41063
western,FIPS_41003~~FIPS_41041
western,FIPS_41003~~FIPS_41043
western,FIPS_41003~~FIPS_41053
western,FIPS_41005~~FIPS_41047
western,FIPS_41005~~FIPS_41051
western,FIPS_41005~~FIPS_41065
western,FIPS_41005~~FIPS_41067
western,FIPS_41005~~FIPS_53077
western,FIPS_41007~~FIPS_41009
western,FIPS_41007~~FIPS_41057
western,FIPS_41007~~FIPS_53069
western,FIPS_41009~~FIPS_41051
western,FIPS_41009~~FIPS_41067
western,FIPS_41009~~FIPS_53011
western,FIPS_41009~~FIPS_53015
western,FIPS_41009~~FIPS_53041
western,FIPS_41009~~FIPS_53069
western,FIPS_41011~~FIPS_41015
western,FIPS_41011~~FIPS_41019
western,FIPS_41013~~FIPS_41017
western,FIPS_41013~~FIPS_41031
western,FIPS_41013~~FIPS_41035
western,FIPS_41013~~FIPS_41037
western,FIPS_41017~~FIPS_41023
western,FIPS_41017~~FIPS_41031
western,FIPS_41017~~FIPS_41035
western,FIPS_41017~~FIPS_41037
western,FIPS_41017~~FIPS_41065
western,FIPS_41019~~FIPS_41029
western,FIPS_41019~~FIPS_41033
western,FIPS_41019~~FIPS_41039
western,FIPS_41021~~FIPS_41047
western,FIPS_41021~~FIPS_41049
western,FIPS_41021~~FIPS_41055
western,FIPS_41021~~FIPS_41069
western,FIPS_41021~~FIPS_53005
western,FIPS_41023~~FIPS_41025
western,FIPS_41025~~FIPS_41037
western,FIPS_41027~~FIPS_41051
western,FIPS_41027~~FIPS_41065
western,FIPS_41027~~FIPS_53039
western,FIPS_41029~~FIPS_41033
western,FIPS_41029~~FIPS_41035
western,FIPS_41031~~FIPS_41035
western,FIPS_41031~~FIPS_41047
western,FIPS_41031~~FIPS_41055
western,FIPS_41035~~FIPS_41037
western,FIPS_41039~~FIPS_41041
western,FIPS_41039~~FIPS_41043
western,FIPS_41039~~FIPS_41047
western,FIPS_41041~~FIPS_41043
western,FIPS_41041~~FIPS_41053
western,FIPS_41041~~FIPS_41057
western,FIPS_41043~~FIPS_41047
western,FIPS_41043~~FIPS_41053
western,FIPS_41047~~FIPS_41053
western,FIPS_41047~~FIPS_41055
western,FIPS_41047~~FIPS_41065
western,FIPS_41047~~FIPS_53005
western,FIPS_41049~~FIPS_41059
western,FIPS_41049~~FIPS_53001
western,FIPS_41051~~FIPS_41067
western,FIPS_41051~~FIPS_53011
western,FIPS_41051~~FIPS_53039
western,FIPS_41051~~FIPS_53059
western,FIPS_41053~~FIPS_41057
western,FIPS_41053~~FIPS_41071
western,FIPS_41055~~FIPS_41059
western,FIPS_41055~~FIPS_41065
western,FIPS_41055~~FIPS_53039
western,FIPS_41057~~FIPS_41067
western,FIPS_41057~~FIPS_41071
western,FIPS_41059~~FIPS_41061
western,FIPS_41059~~FIPS_53005
western,FIPS_41059~~FIPS_53011
western,FIPS_41059~~FIPS_53021
western,FIPS_41059~~FIPS_53071
western,FIPS_41061~~FIPS_41063
western,FIPS_41063~~FIPS_53071
western,FIPS_41065~~FIPS_41069
western,FIPS_41065~~FIPS_53039
western,FIPS_41065~~FIPS_53077
western,FIPS_41067~~FIPS_41071
western,FIPS_41067~~FIPS_53011
western,FIPS_46019~~FIPS_46081
western,FIPS_46033~~FIPS_46047
western,FIPS_46033~~FIPS_46103
western,FIPS_46047~~FIPS_46103
western,FIPS_46047~~FIPS_56045
western,FIPS_46081~~FIPS_46103
western,FIPS_46081~~FIPS_56005
western,FIPS_46081~~FIPS_56045
western,FIPS_46103~~FIPS_56045
western,FIPS_48141~~FIPS_48229
western,FIPS_49001_49031~~FIPS_49021
western,FIPS_49001_49031~~FIPS_49027
western,FIPS_49001_49031~~FIPS_49041
western,FIPS_49003~~FIPS_49005_49033
western,FIPS_49003~~FIPS_49011
western,FIPS_49003~~FIPS_49035
western,FIPS_49003~~FIPS_49057
western,FIPS_49003~~FIPS_56023
western,FIPS_49005_49033~~FIPS_56023
western,FIPS_49005_49033~~FIPS_56041
western,FIPS_49007~~FIPS_49013
western,FIPS_49007~~FIPS_49015_49055
western,FIPS_49007~~FIPS_49049
western,FIPS_49009~~FIPS_49047
western,FIPS_49009~~FIPS_56037
western,FIPS_49009~~FIPS_56041
western,FIPS_49011~~FIPS_49029_49043
western,FIPS_49011~~FIPS_49035
western,FIPS_49011~~FIPS_49057
western,FIPS_49013~~FIPS_49047
western,FIPS_49015_49055~~FIPS_49017_49025_49037
western,FIPS_49015_49055~~FIPS_49019
western,FIPS_49015_49055~~FIPS_49023
western,FIPS_49015_49055~~FIPS_49041
western,FIPS_49015_49055~~FIPS_49049
western,FIPS_49017_49025_49037~~FIPS_49019
western,FIPS_49021~~FIPS_49041
western,FIPS_49021~~FIPS_49053
western,FIPS_49023~~FIPS_49027
western,FIPS_49023~~FIPS_49035
western,FIPS_49023~~FIPS_49039
western,FIPS_49023~~FIPS_49041
western,FIPS_49023~~FIPS_49047
western,FIPS_49023~~FIPS_49049
western,FIPS_49027~~FIPS_49041
western,FIPS_49029_49043~~FIPS_49035
western,FIPS_49035~~FIPS_49045
western,FIPS_49035~~FIPS_49049
western,FIPS_49041~~FIPS_49053
western,FIPS_49045~~FIPS_49049
western,FIPS_49049~~FIPS_49051
western,FIPS_53001~~FIPS_53021
western,FIPS_53001~~FIPS_53025
western,FIPS_53001~~FIPS_53043
western,FIPS_53001~~FIPS_53075
western,FIPS_53003~~FIPS_53023
western,FIPS_53003~~FIPS_53071
western,FIPS_53005~~FIPS_53021
western,FIPS_53005~~FIPS_53025
western,FIPS_53005~~FIPS_53037
western,FIPS_53005~~FIPS_53039
western,FIPS_53005~~FIPS_53071
western,FIPS_53005~~FIPS_53077
western,FIPS_53007~~FIPS_53017
western,FIPS_53007~~FIPS_53061
western,FIPS_53009~~FIPS_53031
western,FIPS_53011~~FIPS_53015
western,FIPS_53011~~FIPS_53059
western,FIPS_53013~~FIPS_53023
western,FIPS_53013~~FIPS_53071
western,FIPS_53013~~FIPS_53075
western,FIPS_53015~~FIPS_53041
western,FIPS_53017~~FIPS_53025
western,FIPS_53017~~FIPS_53033
western,FIPS_53017~~FIPS_53037
western,FIPS_53017~~FIPS_53047
western,FIPS_53017~~FIPS_53061
western,FIPS_53019~~FIPS_53025
western,FIPS_53019~~FIPS_53047
western,FIPS_53019~~FIPS_53065
western,FIPS_53021~~FIPS_53071
western,FIPS_53023~~FIPS_53071
western,FIPS_53023~~FIPS_53075
western,FIPS_53025~~FIPS_53037
western,FIPS_53025~~FIPS_53043
western,FIPS_53025~~FIPS_53063
western,FIPS_53025~~FIPS_53067
western,FIPS_53025~~FIPS_53071
western,FIPS_53025~~FIPS_53077
western,FIPS_53027~~FIPS_53041
western,FIPS_53027~~FIPS_53045
western,FIPS_53027~~FIPS_53049
western,FIPS_53027~~FIPS_53067
western,FIPS_53029~~FIPS_53057
western,FIPS_53031~~FIPS_53045
western,FIPS_53033~~FIPS_53035
western,FIPS_53033~~FIPS_53037
western,FIPS_53033~~FIPS_53041
western,FIPS_53033~~FIPS_53053
western,FIPS_53033~~FIPS_53061
western,FIPS_53035~~FIPS_53045
western,FIPS_53037~~FIPS_53077
western,FIPS_53039~~FIPS_53059
western,FIPS_53039~~FIPS_53077
western,FIPS_53041~~FIPS_53049
western,FIPS_53041~~FIPS_53053
western,FIPS_53041~~FIPS_53067
western,FIPS_53043~~FIPS_53063
western,FIPS_53043~~FIPS_53065
western,FIPS_53045~~FIPS_53053
western,FIPS_53045~~FIPS_53067
western,FIPS_53049~~FIPS_53069
western,FIPS_53051~~FIPS_53063
western,FIPS_53051~~FIPS_53065
western,FIPS_53053~~FIPS_53067
western,FIPS_53055~~FIPS_53057
western,FIPS_53057~~FIPS_53061
western,FIPS_53057~~FIPS_53073
western,FIPS_53061~~FIPS_53073
western,FIPS_53063~~FIPS_53065
western,FIPS_53063~~FIPS_53075
western,FIPS_53071~~FIPS_53075
western,FIPS_56001~~FIPS_56007
western,FIPS_56001~~FIPS_56021
western,FIPS_56003~~FIPS_56029
western,FIPS_56003~~FIPS_56043
western,FIPS_56005~~FIPS_56009
western,FIPS_56005~~FIPS_56011
western,FIPS_56005~~FIPS_56015
western,FIPS_56005~~FIPS_56019
western,FIPS_56005~~FIPS_56021
western,FIPS_56005~~FIPS_56033
western,FIPS_56005~~FIPS_56045
western,FIPS_56007~~FIPS_56009
western,FIPS_56007~~FIPS_56021
western,FIPS_56007~~FIPS_56025
western,FIPS_56007~~FIPS_56037
western,FIPS_56009~~FIPS_56015
western,FIPS_56009~~FIPS_56025
western,FIPS_56009~~FIPS_56031
western,FIPS_56011~~FIPS_56045
western,FIPS_56013_56035~~FIPS_56017
western,FIPS_56013_56035~~FIPS_56025
western,FIPS_56013_56035~~FIPS_56037
western,FIPS_56015~~FIPS_56021
western,FIPS_56015~~FIPS_56031
western,FIPS_56017~~FIPS_56025
western,FIPS_56017~~FIPS_56029
western,FIPS_56017~~FIPS_56043
western,FIPS_56019~~FIPS_56025
western,FIPS_56019~~FIPS_56033
western,FIPS_56021~~FIPS_56031
western,FIPS_56023~~FIPS_56037
western,FIPS_56023~~FIPS_56039
western,FIPS_56023~~FIPS_56041
western,FIPS_56025~~FIPS_56037
western,FIPS_56027~~FIPS_56031
western,FIPS_56037~~FIPS_56041
eastern,FIPS_01001~~FIPS_01007
eastern,FIPS_01001~~FIPS_01037
eastern,FIPS_01001~~FIPS_01047
eastern,FIPS_01001~~FIPS_01051
eastern,FIPS_01001~~FIPS_01085
eastern,FIPS_01001~~FIPS_01101
eastern,FIPS_01003~~FIPS_01053
eastern,FIPS_01003~~FIPS_01097
eastern,FIPS_01003~~FIPS_12033
eastern,FIPS_01005~~FIPS_01011
eastern,FIPS_01005~~FIPS_01045
eastern,FIPS_01005~~FIPS_01067
eastern,FIPS_01005~~FIPS_01109
eastern,FIPS_01005~~FIPS_01113
eastern,FIPS_01005~~FIPS_13239
eastern,FIPS_01007~~FIPS_01073
eastern,FIPS_01007~~FIPS_01117
eastern,FIPS_01007~~FIPS_01125
eastern,FIPS_01009~~FIPS_01055
eastern,FIPS_01009~~FIPS_01073
eastern,FIPS_01009~~FIPS_01095
eastern,FIPS_01009~~FIPS_01127
eastern,FIPS_01011~~FIPS_01041
eastern,FIPS_01011~~FIPS_01087
eastern,FIPS_01011~~FIPS_01101
eastern,FIPS_01011~~FIPS_01109
eastern,FIPS_01013~~FIPS_01035
eastern,FIPS_01013~~FIPS_01041
eastern,FIPS_01013~~FIPS_01085
eastern,FIPS_01013~~FIPS_01101
eastern,FIPS_01015~~FIPS_01019
eastern,FIPS_01015~~FIPS_01055
eastern,FIPS_01015~~FIPS_01115
eastern,FIPS_01015~~FIPS_01117
eastern,FIPS_01015~~FIPS_01121
eastern,FIPS_01015~~FIPS_13115
eastern,FIPS_01017~~FIPS_01081
eastern,FIPS_01017~~FIPS_01111
eastern,FIPS_01017~~FIPS_01123
eastern,FIPS_01017~~FIPS_13285
eastern,FIPS_01019~~FIPS_01049
eastern,FIPS_01019~~FIPS_01055
eastern,FIPS_01019~~FIPS_13115
eastern,FIPS_01021~~FIPS_01037
eastern,FIPS_01021~~FIPS_01047
eastern,FIPS_01021~~FIPS_01051
eastern,FIPS_01021~~FIPS_01117
eastern,FIPS_01023~~FIPS_01091
eastern,FIPS_01023~~FIPS_01129
eastern,FIPS_01025~~FIPS_01063
eastern,FIPS_01025~~FIPS_01091
eastern,FIPS_01025~~FIPS_01099
eastern,FIPS_01025~~FIPS_01129
eastern,FIPS_01025~~FIPS_01131
eastern,FIPS_01027~~FIPS_01029
eastern,FIPS_01027~~FIPS_01111
eastern,FIPS_01027~~FIPS_01117
eastern,FIPS_01029~~FIPS_01111
eastern,FIPS_01029~~FIPS_01121
eastern,FIPS_01029~~FIPS_13143
eastern,FIPS_01031~~FIPS_01039
eastern,FIPS_01031~~FIPS_01045
eastern,FIPS_01031~~FIPS_01061
eastern,FIPS_01031~~FIPS_01109
eastern,FIPS_01033~~FIPS_01059
eastern,FIPS_01033~~FIPS_01077
eastern,FIPS_01033~~FIPS_01079
eastern,FIPS_01033~~FIPS_01133
eastern,FIPS_01033~~FIPS_28095
eastern,FIPS_01033~~FIPS_28141
eastern,FIPS_01033~~FIPS_47071
eastern,FIPS_01033~~FIPS_47181
eastern,FIPS_01035~~FIPS_01039
eastern,FIPS_01035~~FIPS_01053
eastern,FIPS_01035~~FIPS_01099
eastern,FIPS_01037~~FIPS_01121
eastern,FIPS_01037~~FIPS_01123
eastern,FIPS_01039~~FIPS_01041
eastern,FIPS_01039~~FIPS_01045
eastern,FIPS_01039~~FIPS_01053
eastern,FIPS_01039~~FIPS_01061
eastern,FIPS_01039~~FIPS_12091
eastern,FIPS_01039~~FIPS_12131
eastern,FIPS_01041~~FIPS_01045
eastern,FIPS_01041~~FIPS_01101
eastern,FIPS_01041~~FIPS_01109
eastern,FIPS_01043~~FIPS_01071
eastern,FIPS_01043~~FIPS_01073
eastern,FIPS_01043~~FIPS_01095
eastern,FIPS_01043~~FIPS_01103
eastern,FIPS_01043~~FIPS_01127
eastern,FIPS_01043~~FIPS_01133
eastern,FIPS_01045~~FIPS_01061
eastern,FIPS_01045~~FIPS_01067
eastern,FIPS_01045~~FIPS_01069
eastern,FIPS_01047~~FIPS_01063
eastern,FIPS_01047~~FIPS_01085
eastern,FIPS_01047~~FIPS_01091
eastern,FIPS_01047~~FIPS_01105
eastern,FIPS_01047~~FIPS_01131
eastern,FIPS_01049~~FIPS_01071
eastern,FIPS_01049~~FIPS_01095
eastern,FIPS_01051~~FIPS_01081
eastern,FIPS_01051~~FIPS_01087
eastern,FIPS_01051~~FIPS_01101
eastern,FIPS_01051~~FIPS_01123
eastern,FIPS_01053~~FIPS_01097
eastern,FIPS_01053~~FIPS_12033
eastern,FIPS_01053~~FIPS_12113
eastern,FIPS_01055~~FIPS_01073
eastern,FIPS_01055~~FIPS_01095
eastern,FIPS_01057~~FIPS_01075
eastern,FIPS_01057~~FIPS_01093
eastern,FIPS_01057~~FIPS_01125
eastern,FIPS_01057~~FIPS_01127
eastern,FIPS_01059~~FIPS_01079
eastern,FIPS_01059~~FIPS_01133
eastern,FIPS_01059~~FIPS_28057
eastern,FIPS_01061~~FIPS_01069
eastern,FIPS_01061~~FIPS_12059
eastern,FIPS_01061~~FIPS_12063
eastern,FIPS_01061~~FIPS_12091
eastern,FIPS_01061~~FIPS_12131
eastern,FIPS_01063~~FIPS_01065
eastern,FIPS_01063~~FIPS_01091
eastern,FIPS_01063~~FIPS_01107
eastern,FIPS_01063~~FIPS_01119
eastern,FIPS_01063~~FIPS_28023
eastern,FIPS_01063~~FIPS_28075
eastern,FIPS_01065~~FIPS_01091
eastern,FIPS_01065~~FIPS_01125
eastern,FIPS_01067~~FIPS_01069
eastern,FIPS_01067~~FIPS_13061
eastern,FIPS_01069~~FIPS_01101
eastern,FIPS_01069~~FIPS_12063
eastern,FIPS_01069~~FIPS_13007_13205
eastern,FIPS_01069~~FIPS_13087
eastern,FIPS_01069~~FIPS_13099
eastern,FIPS_01071~~FIPS_01089
eastern,FIPS_01071~~FIPS_01095
eastern,FIPS_01071~~FIPS_13047
eastern,FIPS_01071~~FIPS_13083
eastern,FIPS_01071~~FIPS_47065
eastern,FIPS_01071~~FIPS_47115
eastern,FIPS_01073~~FIPS_01075
eastern,FIPS_01073~~FIPS_01115
eastern,FIPS_01073~~FIPS_01117
eastern,FIPS_01073~~FIPS_01125
eastern,FIPS_01073~~FIPS_01127
eastern,FIPS_01075~~FIPS_28087
eastern,FIPS_01079~~FIPS_01083
eastern,FIPS_01079~~FIPS_01103
eastern,FIPS_01079~~FIPS_47099
eastern,FIPS_01081~~FIPS_01087
eastern,FIPS_01081~~FIPS_01113
eastern,FIPS_01081~~FIPS_13145
eastern,FIPS_01081~~FIPS_13215
eastern,FIPS_01083~~FIPS_01089
eastern,FIPS_01083~~FIPS_01103
eastern,FIPS_01083~~FIPS_28025
eastern,FIPS_01083~~FIPS_28145
eastern,FIPS_01083~~FIPS_47103
eastern,FIPS_01083~~FIPS_47119
eastern,FIPS_01085~~FIPS_01101
eastern,FIPS_01087~~FIPS_01101
eastern,FIPS_01087~~FIPS_01123
eastern,FIPS_01089~~FIPS_01095
eastern,FIPS_01089~~FIPS_01103
eastern,FIPS_01091~~FIPS_01119
eastern,FIPS_01093~~FIPS_01133
eastern,FIPS_01095~~FIPS_01103
eastern,FIPS_01097~~FIPS_01099
eastern,FIPS_01097~~FIPS_01129
eastern,FIPS_01097~~FIPS_28039
eastern,FIPS_01097~~FIPS_28059
eastern,FIPS_01099~~FIPS_01129
eastern,FIPS_01101~~FIPS_01109
eastern,FIPS_01107~~FIPS_01125
eastern,FIPS_01111~~FIPS_01123
eastern,FIPS_01111~~FIPS_13045
eastern,FIPS_01111~~FIPS_13149
eastern,FIPS_01113~~FIPS_13053
eastern,FIPS_01113~~FIPS_13215
eastern,FIPS_01115~~FIPS_01121
eastern,FIPS_01117~~FIPS_01121
eastern,FIPS_01117~~FIPS_01123
eastern,FIPS_01119~~FIPS_28075
eastern,FIPS_01125~~FIPS_01127
eastern,FIPS_01127~~FIPS_01133
eastern,FIPS_01129~~FIPS_28041
eastern,FIPS_01129~~FIPS_28153
eastern,FIPS_05001~~FIPS_05041
eastern,FIPS_05001~~FIPS_05069
eastern,FIPS_05001~~FIPS_05085
eastern,FIPS_05001~~FIPS_05107
eastern,FIPS_05003~~FIPS_05043
eastern,FIPS_05003~~FIPS_22067
eastern,FIPS_05003~~FIPS_22073
eastern,FIPS_05005~~FIPS_05009
eastern,FIPS_05005~~FIPS_05049
eastern,FIPS_05005~~FIPS_05065
eastern,FIPS_05005~~FIPS_05089
eastern,FIPS_05005~~FIPS_05129
eastern,FIPS_05005~~FIPS_29091
eastern,FIPS_05005~~FIPS_29153
eastern,FIPS_05007~~FIPS_05015
eastern,FIPS_05007~~FIPS_05087_05101
eastern,FIPS_05007~~FIPS_05143
eastern,FIPS_05007~~FIPS_29077
eastern,FIPS_05007~~FIPS_29119
eastern,FIPS_05007~~FIPS_40001
eastern,FIPS_05007~~FIPS_40041
eastern,FIPS_05007~~FIPS_40145
eastern,FIPS_05009~~FIPS_05015
eastern,FIPS_05009~~FIPS_05089
eastern,FIPS_05009~~FIPS_05129
eastern,FIPS_05009~~FIPS_29213
eastern,FIPS_05011~~FIPS_05013
eastern,FIPS_05011~~FIPS_05025
eastern,FIPS_05013~~FIPS_05139
eastern,FIPS_05015~~FIPS_05087_05101
eastern,FIPS_05015~~FIPS_29009
eastern,FIPS_05015~~FIPS_29213
eastern,FIPS_05017~~FIPS_05043
eastern,FIPS_05017~~FIPS_22035_22123
eastern,FIPS_05017~~FIPS_28151
eastern,FIPS_05019~~FIPS_05059
eastern,FIPS_05019~~FIPS_05097_05109
eastern,FIPS_05019~~FIPS_05099
eastern,FIPS_05021~~FIPS_05055
eastern,FIPS_05021~~FIPS_05121
eastern,FIPS_05021~~FIPS_29069
eastern,FIPS_05023~~FIPS_05045
eastern,FIPS_05023~~FIPS_05063
eastern,FIPS_05025~~FIPS_05039
eastern,FIPS_05025~~FIPS_05043
eastern,FIPS_05025~~FIPS_05069
eastern,FIPS_05027~~FIPS_05059
eastern,FIPS_05027~~FIPS_05073
eastern,FIPS_05027~~FIPS_05099
eastern,FIPS_05027~~FIPS_05103
eastern,FIPS_05027~~FIPS_05139
eastern,FIPS_05027~~FIPS_22027
eastern,FIPS_05027~~FIPS_22119
eastern,FIPS_05029~~FIPS_05045
eastern,FIPS_05029~~FIPS_05105
eastern,FIPS_05029~~FIPS_05115
eastern,FIPS_05031~~FIPS_05055
eastern,FIPS_05031~~FIPS_05063
eastern,FIPS_05031~~FIPS_05067
eastern,FIPS_05031~~FIPS_05093
eastern,FIPS_05031~~FIPS_05111
eastern,FIPS_05031~~FIPS_05121
eastern,FIPS_05033~~FIPS_05047
eastern,FIPS_05033~~FIPS_05131
eastern,FIPS_05033~~FIPS_05143
eastern,FIPS_05033~~FIPS_40021
eastern,FIPS_05033~~FIPS_40079
eastern,FIPS_05033~~FIPS_40135
eastern,FIPS_05035~~FIPS_05037
eastern,FIPS_05035~~FIPS_05085
eastern,FIPS_05035~~FIPS_05093
eastern,FIPS_05035~~FIPS_05111
eastern,FIPS_05035~~FIPS_05123
eastern,FIPS_05035~~FIPS_47157
eastern,FIPS_05037~~FIPS_05111
eastern,FIPS_05037~~FIPS_05123
eastern,FIPS_05039~~FIPS_05103
eastern,FIPS_05041~~FIPS_05043
eastern,FIPS_05041~~FIPS_05079
eastern,FIPS_05043~~FIPS_05079
eastern,FIPS_05045~~FIPS_05085
eastern,FIPS_05045~~FIPS_05105
eastern,FIPS_05045~~FIPS_05115
eastern,FIPS_05045~~FIPS_05119
eastern,FIPS_05045~~FIPS_05141
eastern,FIPS_05047~~FIPS_05071
eastern,FIPS_05047~~FIPS_05083
eastern,FIPS_05047~~FIPS_05115
eastern,FIPS_05049~~FIPS_05135
eastern,FIPS_05049~~FIPS_29091
eastern,FIPS_05051~~FIPS_05059
eastern,FIPS_05051~~FIPS_05125
eastern,FIPS_05053~~FIPS_05059
eastern,FIPS_05053~~FIPS_05069
eastern,FIPS_05053~~FIPS_05119
eastern,FIPS_05053~~FIPS_05125
eastern,FIPS_05053~~FIPS_05139
eastern,FIPS_05055~~FIPS_05075
eastern,FIPS_05055~~FIPS_29069
eastern,FIPS_05057~~FIPS_05061
eastern,FIPS_05057~~FIPS_05081
eastern,FIPS_05057~~FIPS_05097_05109
eastern,FIPS_05057~~FIPS_05099
eastern,FIPS_05057~~FIPS_05133
eastern,FIPS_05059~~FIPS_05125
eastern,FIPS_05061~~FIPS_05091
eastern,FIPS_05061~~FIPS_05133
eastern,FIPS_05061~~FIPS_48037
eastern,FIPS_05063~~FIPS_05065
eastern,FIPS_05063~~FIPS_05067
eastern,FIPS_05063~~FIPS_05075
eastern,FIPS_05063~~FIPS_05085
eastern,FIPS_05063~~FIPS_05093
eastern,FIPS_05063~~FIPS_05145
eastern,FIPS_05065~~FIPS_05137
eastern,FIPS_05067~~FIPS_05111
eastern,FIPS_05067~~FIPS_05145
eastern,FIPS_05067~~FIPS_05147
eastern,FIPS_05069~~FIPS_05079
eastern,FIPS_05069~~FIPS_05085
eastern,FIPS_05069~~FIPS_05119
eastern,FIPS_05071~~FIPS_05083
eastern,FIPS_05071~~FIPS_05115
eastern,FIPS_05073~~FIPS_05099
eastern,FIPS_05075~~FIPS_05135
eastern,FIPS_05077~~FIPS_05095
eastern,FIPS_05077~~FIPS_05107
eastern,FIPS_05081~~FIPS_05091
eastern,FIPS_05081~~FIPS_05133
eastern,FIPS_05081~~FIPS_40089
eastern,FIPS_05081~~FIPS_48037
eastern,FIPS_05083~~FIPS_05131
eastern,FIPS_05083~~FIPS_05149
eastern,FIPS_05085~~FIPS_05095
eastern,FIPS_05085~~FIPS_05117
eastern,FIPS_05085~~FIPS_05119
eastern,FIPS_05085~~FIPS_05145
eastern,FIPS_05091~~FIPS_22017
eastern,FIPS_05091~~FIPS_48037
eastern,FIPS_05091~~FIPS_48067
eastern,FIPS_05093~~FIPS_05111
eastern,FIPS_05093~~FIPS_29143
eastern,FIPS_05093~~FIPS_29155
eastern,FIPS_05093~~FIPS_47157
eastern,FIPS_05095~~FIPS_05117
eastern,FIPS_05095~~FIPS_05123
eastern,FIPS_05097_05109~~FIPS_05133
eastern,FIPS_05103~~FIPS_05139
eastern,FIPS_05105~~FIPS_05119
eastern,FIPS_05107~~FIPS_28027
eastern,FIPS_05107~~FIPS_28143
eastern,FIPS_05113~~FIPS_05133
eastern,FIPS_05115~~FIPS_05119
eastern,FIPS_05115~~FIPS_05131
eastern,FIPS_05115~~FIPS_05149
eastern,FIPS_05117~~FIPS_05145
eastern,FIPS_05119~~FIPS_05125
eastern,FIPS_05121~~FIPS_05135
eastern,FIPS_05121~~FIPS_29149
eastern,FIPS_05121~~FIPS_29181
eastern,FIPS_05123~~FIPS_05147
eastern,FIPS_05125~~FIPS_05149
eastern,FIPS_05127~~FIPS_05131
eastern,FIPS_05129~~FIPS_05141
eastern,FIPS_05129~~FIPS_05149
eastern,FIPS_05131~~FIPS_40079
eastern,FIPS_05131~~FIPS_40101
eastern,FIPS_05131~~FIPS_40135
eastern,FIPS_05133~~FIPS_40089
eastern,FIPS_05139~~FIPS_22061
eastern,FIPS_05139~~FIPS_22073
eastern,FIPS_05139~~FIPS_22111
eastern,FIPS_05139~~FIPS_22119
eastern,FIPS_05143~~FIPS_40001
eastern,FIPS_05143~~FIPS_40097
eastern,FIPS_08115~~FIPS_31049
eastern,FIPS_09110~~FIPS_09130
eastern,FIPS_09110~~FIPS_09140
eastern,FIPS_09110~~FIPS_09150
eastern,FIPS_09110~~FIPS_09160
eastern,FIPS_09110~~FIPS_09170
eastern,FIPS_09110~~FIPS_09180
eastern,FIPS_09110~~FIPS_25013
eastern,FIPS_09120~~FIPS_09140
eastern,FIPS_09120~~FIPS_09170
eastern,FIPS_09120~~FIPS_09190
eastern,FIPS_09130~~FIPS_09170
eastern,FIPS_09130~~FIPS_09180
eastern,FIPS_09140~~FIPS_09160
eastern,FIPS_09140~~FIPS_09170
eastern,FIPS_09140~~FIPS_09190
eastern,FIPS_09150~~FIPS_09180
eastern,FIPS_09150~~FIPS_25027
eastern,FIPS_09150~~FIPS_44007
eastern,FIPS_09160~~FIPS_09190
eastern,FIPS_09160~~FIPS_36027
eastern,FIPS_09180~~FIPS_44009
eastern,FIPS_09190~~FIPS_36027
eastern,FIPS_09190~~FIPS_36079
eastern,FIPS_09190~~FIPS_36103
eastern,FIPS_10001~~FIPS_10003
eastern,FIPS_10001~~FIPS_10005
eastern,FIPS_10001~~FIPS_24035
eastern,FIPS_10003~~FIPS_10005
eastern,FIPS_10003~~FIPS_24011
eastern,FIPS_10003~~FIPS_24015
eastern,FIPS_10003~~FIPS_24035
eastern,FIPS_10003~~FIPS_34033
eastern,FIPS_10003~~FIPS_42029
eastern,FIPS_10003~~FIPS_42045
eastern,FIPS_10005~~FIPS_24011
eastern,FIPS_10005~~FIPS_24019
eastern,FIPS_10005~~FIPS_24045
eastern,FIPS_10005~~FIPS_24047
eastern,FIPS_11001~~FIPS_24031
eastern,FIPS_11001~~FIPS_24033
eastern,FIPS_11001~~FIPS_51013
eastern,FIPS_12001~~FIPS_12007
eastern,FIPS_12001~~FIPS_12023
eastern,FIPS_12001~~FIPS_12041
eastern,FIPS_12001~~FIPS_12075
eastern,FIPS_12001~~FIPS_12083
eastern,FIPS_12003~~FIPS_12023
eastern,FIPS_12003~~FIPS_12031
eastern,FIPS_12003~~FIPS_12125
eastern,FIPS_12003~~FIPS_13049
eastern,FIPS_12005~~FIPS_12013
eastern,FIPS_12005~~FIPS_12045
eastern,FIPS_12005~~FIPS_12063
eastern,FIPS_12005~~FIPS_12131
eastern,FIPS_12005~~FIPS_12133
eastern,FIPS_12007~~FIPS_12019
eastern,FIPS_12007~~FIPS_12031
eastern,FIPS_12007~~FIPS_12107
eastern,FIPS_12007~~FIPS_12125
eastern,FIPS_12009~~FIPS_12061
eastern,FIPS_12009~~FIPS_12095
eastern,FIPS_12009~~FIPS_12117
eastern,FIPS_12009~~FIPS_12127
eastern,FIPS_12011~~FIPS_12071
eastern,FIPS_12011~~FIPS_12085
eastern,FIPS_12011~~FIPS_12086
eastern,FIPS_12011~~FIPS_12099
eastern,FIPS_12013~~FIPS_12063
eastern,FIPS_12015~~FIPS_12027
eastern,FIPS_12015~~FIPS_12049
eastern,FIPS_12015~~FIPS_12071
eastern,FIPS_12015~~FIPS_12115
eastern,FIPS_12017~~FIPS_12053
eastern,FIPS_12017~~FIPS_12075
eastern,FIPS_12017~~FIPS_12083
eastern,FIPS_12017~~FIPS_12119
eastern,FIPS_12019~~FIPS_12031
eastern,FIPS_12019~~FIPS_12107
eastern,FIPS_12019~~FIPS_12109
eastern,FIPS_12021~~FIPS_12071
eastern,FIPS_12023~~FIPS_12041
eastern,FIPS_12023~~FIPS_12047
eastern,FIPS_12023~~FIPS_12121
eastern,FIPS_12023~~FIPS_12125
eastern,FIPS_12027~~FIPS_12049
eastern,FIPS_12027~~FIPS_12055
eastern,FIPS_12027~~FIPS_12071
eastern,FIPS_12027~~FIPS_12081
eastern,FIPS_12027~~FIPS_12105
eastern,FIPS_12029~~FIPS_12041
eastern,FIPS_12029~~FIPS_12075
eastern,FIPS_12029~~FIPS_12123
eastern,FIPS_12031~~FIPS_12089
eastern,FIPS_12031~~FIPS_12095
eastern,FIPS_12031~~FIPS_12107
eastern,FIPS_12031~~FIPS_12109
eastern,FIPS_12031~~FIPS_13001
eastern,FIPS_12031~~FIPS_13127
eastern,FIPS_12033~~FIPS_12113
eastern,FIPS_12035~~FIPS_12107
eastern,FIPS_12035~~FIPS_12109
eastern,FIPS_12035~~FIPS_12127
eastern,FIPS_12037~~FIPS_12045
eastern,FIPS_12037~~FIPS_12077
eastern,FIPS_12037~~FIPS_12129
eastern,FIPS_12039~~FIPS_12063
eastern,FIPS_12039~~FIPS_12073
eastern,FIPS_12039~~FIPS_12077
eastern,FIPS_12041~~FIPS_12075
eastern,FIPS_12043~~FIPS_12051
eastern,FIPS_12045~~FIPS_12077
eastern,FIPS_12047~~FIPS_12121
eastern,FIPS_12047~~FIPS_13101
eastern,FIPS_12049~~FIPS_12055
eastern,FIPS_12049~~FIPS_12057
eastern,FIPS_12049~~FIPS_12081
eastern,FIPS_12049~~FIPS_12105
eastern,FIPS_12051~~FIPS_12071
eastern,FIPS_12051~~FIPS_12099
eastern,FIPS_12053~~FIPS_12075
eastern,FIPS_12053~~FIPS_12101
eastern,FIPS_12053~~FIPS_12103
eastern,FIPS_12053~~FIPS_12119
eastern,FIPS_12055~~FIPS_12093
eastern,FIPS_12055~~FIPS_12105
eastern,FIPS_12057~~FIPS_12081
eastern,FIPS_12057~~FIPS_12101
eastern,FIPS_12057~~FIPS_12103
eastern,FIPS_12057~~FIPS_12105
eastern,FIPS_12059~~FIPS_12063
eastern,FIPS_12059~~FIPS_12131
eastern,FIPS_12059~~FIPS_12133
eastern,FIPS_12061~~FIPS_12111
eastern,FIPS_12063~~FIPS_13087
eastern,FIPS_12065~~FIPS_12073
eastern,FIPS_12065~~FIPS_12079
eastern,FIPS_12065~~FIPS_12123
eastern,FIPS_12067~~FIPS_12121
eastern,FIPS_12067~~FIPS_12123
eastern,FIPS_12069~~FIPS_12095
eastern,FIPS_12069~~FIPS_12097
eastern,FIPS_12069~~FIPS_12105
eastern,FIPS_12069~~FIPS_12119
eastern,FIPS_12069~~FIPS_12127
eastern,FIPS_12071~~FIPS_12099
eastern,FIPS_12073~~FIPS_12077
eastern,FIPS_12073~~FIPS_12129
eastern,FIPS_12073~~FIPS_13087
eastern,FIPS_12075~~FIPS_12083
eastern,FIPS_12075~~FIPS_12119
eastern,FIPS_12077~~FIPS_12129
eastern,FIPS_12079~~FIPS_12121
eastern,FIPS_12081~~FIPS_12115
eastern,FIPS_12083~~FIPS_12107
eastern,FIPS_12083~~FIPS_12119
eastern,FIPS_12083~~FIPS_12127
eastern,FIPS_12085~~FIPS_12093
eastern,FIPS_12085~~FIPS_12099
eastern,FIPS_12085~~FIPS_12111
eastern,FIPS_12086~~FIPS_12087
eastern,FIPS_12089~~FIPS_13039
eastern,FIPS_12091~~FIPS_12113
eastern,FIPS_12091~~FIPS_12131
eastern,FIPS_12091~~FIPS_12133
eastern,FIPS_12093~~FIPS_12095
eastern,FIPS_12095~~FIPS_12097
eastern,FIPS_12095~~FIPS_12107
eastern,FIPS_12095~~FIPS_12111
eastern,FIPS_12095~~FIPS_12117
eastern,FIPS_12095~~FIPS_12127
eastern,FIPS_12097~~FIPS_12105
eastern,FIPS_12099~~FIPS_12111
eastern,FIPS_12101~~FIPS_12103
eastern,FIPS_12101~~FIPS_12105
eastern,FIPS_12103~~FIPS_12105
eastern,FIPS_12105~~FIPS_12119
eastern,FIPS_12107~~FIPS_12109
eastern,FIPS_12107~~FIPS_12127
eastern,FIPS_12117~~FIPS_12127
eastern,FIPS_12121~~FIPS_12123
eastern,FIPS_12121~~FIPS_13185
eastern,FIPS_12123~~FIPS_12129
eastern,FIPS_12131~~FIPS_12133
eastern,FIPS_13001~~FIPS_13091
eastern,FIPS_13001~~FIPS_13127
eastern,FIPS_13001~~FIPS_13153
eastern,FIPS_13001~~FIPS_13161
eastern,FIPS_13001~~FIPS_13229
eastern,FIPS_13001~~FIPS_13277
eastern,FIPS_13001~~FIPS_13279
eastern,FIPS_13001~~FIPS_13305
eastern,FIPS_13003~~FIPS_13065
eastern,FIPS_13003~~FIPS_13069
eastern,FIPS_13003~~FIPS_13185
eastern,FIPS_13003~~FIPS_13299
eastern,FIPS_13005~~FIPS_13069
eastern,FIPS_13005~~FIPS_13229
eastern,FIPS_13005~~FIPS_13299
eastern,FIPS_13007_13205~~FIPS_13095
eastern,FIPS_13007_13205~~FIPS_13275
eastern,FIPS_13007_13205~~FIPS_13277
eastern,FIPS_13009~~FIPS_13141
eastern,FIPS_13009~~FIPS_13303
eastern,FIPS_13009~~FIPS_13319
eastern,FIPS_13011~~FIPS_13119
eastern,FIPS_13011~~FIPS_13137
eastern,FIPS_13011~~FIPS_13139
eastern,FIPS_13011~~FIPS_13157
eastern,FIPS_13011~~FIPS_13257
eastern,FIPS_13013~~FIPS_13059
eastern,FIPS_13013~~FIPS_13135
eastern,FIPS_13013~~FIPS_13157
eastern,FIPS_13013~~FIPS_13297
eastern,FIPS_13015~~FIPS_13057
eastern,FIPS_13015~~FIPS_13067
eastern,FIPS_13015~~FIPS_13115
eastern,FIPS_13015~~FIPS_13121
eastern,FIPS_13015~~FIPS_13129
eastern,FIPS_13015~~FIPS_13223
eastern,FIPS_13015~~FIPS_13233
eastern,FIPS_13015~~FIPS_13313
eastern,FIPS_13017~~FIPS_13069
eastern,FIPS_13017~~FIPS_13155
eastern,FIPS_13019~~FIPS_13075
eastern,FIPS_13019~~FIPS_13155
eastern,FIPS_13019~~FIPS_13185
eastern,FIPS_13021~~FIPS_13079
eastern,FIPS_13021~~FIPS_13153
eastern,FIPS_13021~~FIPS_13169
eastern,FIPS_13021~~FIPS_13207
eastern,FIPS_13021~~FIPS_13289
eastern,FIPS_13023~~FIPS_13091
eastern,FIPS_13023~~FIPS_13153
eastern,FIPS_13023~~FIPS_13235
eastern,FIPS_13025~~FIPS_13127
eastern,FIPS_13025~~FIPS_13229
eastern,FIPS_13025~~FIPS_13299
eastern,FIPS_13027~~FIPS_13185
eastern,FIPS_13029~~FIPS_13051
eastern,FIPS_13029~~FIPS_13103
eastern,FIPS_13029~~FIPS_13109
eastern,FIPS_13029~~FIPS_13179
eastern,FIPS_13031~~FIPS_13043
eastern,FIPS_13031~~FIPS_13103
eastern,FIPS_13031~~FIPS_13109
eastern,FIPS_13031~~FIPS_13165
eastern,FIPS_13031~~FIPS_13251
eastern,FIPS_13031~~FIPS_13279
eastern,FIPS_13033~~FIPS_13103
eastern,FIPS_13033~~FIPS_13125_13163
eastern,FIPS_13033~~FIPS_13165
eastern,FIPS_13033~~FIPS_13189
eastern,FIPS_13033~~FIPS_13245
eastern,FIPS_13033~~FIPS_13251
eastern,FIPS_13033~~FIPS_45003
eastern,FIPS_13035~~FIPS_13151
eastern,FIPS_13035~~FIPS_13207
eastern,FIPS_13035~~FIPS_13217
eastern,FIPS_13035~~FIPS_13255
eastern,FIPS_13037~~FIPS_13095
eastern,FIPS_13037~~FIPS_13099
eastern,FIPS_13039~~FIPS_13049
eastern,FIPS_13039~~FIPS_13127
eastern,FIPS_13043~~FIPS_13107
eastern,FIPS_13045~~FIPS_13077
eastern,FIPS_13045~~FIPS_13097
eastern,FIPS_13045~~FIPS_13143
eastern,FIPS_13045~~FIPS_13149
eastern,FIPS_13045~~FIPS_13223
eastern,FIPS_13047~~FIPS_13213
eastern,FIPS_13047~~FIPS_13295
eastern,FIPS_13047~~FIPS_13313
eastern,FIPS_13047~~FIPS_47065
eastern,FIPS_13047~~FIPS_47115
eastern,FIPS_13049~~FIPS_13299
eastern,FIPS_13051~~FIPS_13103
eastern,FIPS_13051~~FIPS_13179
eastern,FIPS_13051~~FIPS_45053
eastern,FIPS_13053~~FIPS_13215
eastern,FIPS_13053~~FIPS_13243
eastern,FIPS_13055~~FIPS_13115
eastern,FIPS_13055~~FIPS_13295
eastern,FIPS_13057~~FIPS_13067
eastern,FIPS_13057~~FIPS_13085
eastern,FIPS_13057~~FIPS_13117
eastern,FIPS_13057~~FIPS_13121
eastern,FIPS_13057~~FIPS_13227
eastern,FIPS_13057~~FIPS_13233
eastern,FIPS_13059~~FIPS_13157
eastern,FIPS_13059~~FIPS_13219
eastern,FIPS_13059~~FIPS_13221
eastern,FIPS_13059~~FIPS_13297
eastern,FIPS_13061~~FIPS_13099
eastern,FIPS_13063~~FIPS_13077
eastern,FIPS_13063~~FIPS_13089
eastern,FIPS_13063~~FIPS_13113
eastern,FIPS_13063~~FIPS_13121
eastern,FIPS_13063~~FIPS_13149
eastern,FIPS_13063~~FIPS_13151
eastern,FIPS_13063~~FIPS_13207
eastern,FIPS_13065~~FIPS_13101
eastern,FIPS_13065~~FIPS_13173
eastern,FIPS_13065~~FIPS_13299
eastern,FIPS_13067~~FIPS_13089
eastern,FIPS_13067~~FIPS_13097
eastern,FIPS_13067~~FIPS_13121
eastern,FIPS_13067~~FIPS_13223
eastern,FIPS_13069~~FIPS_13155
eastern,FIPS_13069~~FIPS_13161
eastern,FIPS_13069~~FIPS_13299
eastern,FIPS_13071~~FIPS_13095
eastern,FIPS_13071~~FIPS_13185
eastern,FIPS_13071~~FIPS_13275
eastern,FIPS_13071~~FIPS_13277
eastern,FIPS_13073~~FIPS_13181
eastern,FIPS_13073~~FIPS_13189
eastern,FIPS_13073~~FIPS_13245
eastern,FIPS_13073~~FIPS_45003
eastern,FIPS_13073~~FIPS_45037
eastern,FIPS_13073~~FIPS_45065
eastern,FIPS_13075~~FIPS_13185
eastern,FIPS_13075~~FIPS_13277
eastern,FIPS_13077~~FIPS_13113
eastern,FIPS_13077~~FIPS_13121
eastern,FIPS_13077~~FIPS_13149
eastern,FIPS_13077~~FIPS_13199
eastern,FIPS_13077~~FIPS_13263_13293
eastern,FIPS_13077~~FIPS_13285
eastern,FIPS_13079~~FIPS_13153
eastern,FIPS_13079~~FIPS_13225
eastern,FIPS_13079~~FIPS_13263_13293
eastern,FIPS_13079~~FIPS_13269
eastern,FIPS_13081~~FIPS_13261
eastern,FIPS_13081~~FIPS_13287
eastern,FIPS_13081~~FIPS_13315
eastern,FIPS_13081~~FIPS_13321
eastern,FIPS_13083~~FIPS_13295
eastern,FIPS_13083~~FIPS_47065
eastern,FIPS_13083~~FIPS_47115
eastern,FIPS_13085~~FIPS_13117
eastern,FIPS_13085~~FIPS_13139
eastern,FIPS_13085~~FIPS_13187
eastern,FIPS_13085~~FIPS_13227
eastern,FIPS_13087~~FIPS_13131
eastern,FIPS_13087~~FIPS_13201
eastern,FIPS_13087~~FIPS_13253
eastern,FIPS_13087~~FIPS_13275
eastern,FIPS_13089~~FIPS_13121
eastern,FIPS_13089~~FIPS_13135
eastern,FIPS_13089~~FIPS_13151
eastern,FIPS_13089~~FIPS_13207
eastern,FIPS_13089~~FIPS_13247
eastern,FIPS_13091~~FIPS_13175
eastern,FIPS_13091~~FIPS_13271_13309
eastern,FIPS_13093~~FIPS_13261
eastern,FIPS_13093~~FIPS_13321
eastern,FIPS_13095~~FIPS_13177
eastern,FIPS_13095~~FIPS_13277
eastern,FIPS_13095~~FIPS_13321
eastern,FIPS_13097~~FIPS_13121
eastern,FIPS_13097~~FIPS_13149
eastern,FIPS_13097~~FIPS_13223
eastern,FIPS_13099~~FIPS_13253
eastern,FIPS_13101~~FIPS_13185
eastern,FIPS_13103~~FIPS_13127
eastern,FIPS_13103~~FIPS_45053
eastern,FIPS_13105~~FIPS_13147
eastern,FIPS_13105~~FIPS_13221
eastern,FIPS_13105~~FIPS_13265_13317
eastern,FIPS_13105~~FIPS_45001
eastern,FIPS_13107~~FIPS_13125_13163
eastern,FIPS_13109~~FIPS_13267
eastern,FIPS_13111~~FIPS_13291
eastern,FIPS_13111~~FIPS_47139
eastern,FIPS_13113~~FIPS_13121
eastern,FIPS_13113~~FIPS_13255
eastern,FIPS_13115~~FIPS_13129
eastern,FIPS_13115~~FIPS_13233
eastern,FIPS_13115~~FIPS_13295
eastern,FIPS_13117~~FIPS_13121
eastern,FIPS_13117~~FIPS_13135
eastern,FIPS_13117~~FIPS_13139
eastern,FIPS_13119~~FIPS_13147
eastern,FIPS_13119~~FIPS_13257
eastern,FIPS_13121~~FIPS_13135
eastern,FIPS_13123~~FIPS_13213
eastern,FIPS_13123~~FIPS_13227
eastern,FIPS_13125_13163~~FIPS_13167
eastern,FIPS_13125_13163~~FIPS_13237
eastern,FIPS_13125_13163~~FIPS_13245
eastern,FIPS_13125_13163~~FIPS_13279
eastern,FIPS_13125_13163~~FIPS_13301
eastern,FIPS_13125_13163~~FIPS_13303
eastern,FIPS_13127~~FIPS_13191
eastern,FIPS_13127~~FIPS_13229
eastern,FIPS_13127~~FIPS_13305
eastern,FIPS_13129~~FIPS_13213
eastern,FIPS_13129~~FIPS_13313
eastern,FIPS_13131~~FIPS_13275
eastern,FIPS_13133~~FIPS_13211
eastern,FIPS_13133~~FIPS_13221
eastern,FIPS_13133~~FIPS_13237
eastern,FIPS_13133~~FIPS_13265_13317
eastern,FIPS_13135~~FIPS_13139
eastern,FIPS_13135~~FIPS_13157
eastern,FIPS_13135~~FIPS_13297
eastern,FIPS_13137~~FIPS_13139
eastern,FIPS_13137~~FIPS_13241
eastern,FIPS_13137~~FIPS_13257
eastern,FIPS_13137~~FIPS_13311
eastern,FIPS_13139~~FIPS_13157
eastern,FIPS_13139~~FIPS_13311
eastern,FIPS_13141~~FIPS_13237
eastern,FIPS_13141~~FIPS_13301
eastern,FIPS_13143~~FIPS_13223
eastern,FIPS_13143~~FIPS_13233
eastern,FIPS_13145~~FIPS_13149
eastern,FIPS_13145~~FIPS_13199
eastern,FIPS_13145~~FIPS_13215
eastern,FIPS_13145~~FIPS_13263_13293
eastern,FIPS_13145~~FIPS_13277
eastern,FIPS_13145~~FIPS_13285
eastern,FIPS_13147~~FIPS_13195
eastern,FIPS_13147~~FIPS_45007
eastern,FIPS_13149~~FIPS_13285
eastern,FIPS_13151~~FIPS_13217
eastern,FIPS_13151~~FIPS_13255
eastern,FIPS_13153~~FIPS_13193
eastern,FIPS_13153~~FIPS_13207
eastern,FIPS_13153~~FIPS_13225
eastern,FIPS_13153~~FIPS_13235
eastern,FIPS_13153~~FIPS_13289
eastern,FIPS_13153~~FIPS_13315
eastern,FIPS_13153~~FIPS_13319
eastern,FIPS_13155~~FIPS_13277
eastern,FIPS_13155~~FIPS_13315
eastern,FIPS_13157~~FIPS_13195
eastern,FIPS_13157~~FIPS_45073
eastern,FIPS_13159~~FIPS_13217
eastern,FIPS_13159~~FIPS_13237
eastern,FIPS_13165~~FIPS_13251
eastern,FIPS_13167~~FIPS_13175
eastern,FIPS_13169~~FIPS_13289
eastern,FIPS_13169~~FIPS_13319
eastern,FIPS_13171~~FIPS_13207
eastern,FIPS_13171~~FIPS_13231
eastern,FIPS_13171~~FIPS_13263_13293
eastern,FIPS_13173~~FIPS_13185
eastern,FIPS_13175~~FIPS_13283
eastern,FIPS_13175~~FIPS_13289
eastern,FIPS_13175~~FIPS_13319
eastern,FIPS_13177~~FIPS_13261
eastern,FIPS_13177~~FIPS_13273
eastern,FIPS_13179~~FIPS_13183
eastern,FIPS_13179~~FIPS_13191
eastern,FIPS_13181~~FIPS_13265_13317
eastern,FIPS_13181~~FIPS_45003
eastern,FIPS_13181~~FIPS_45065
eastern,FIPS_13183~~FIPS_13191
eastern,FIPS_13183~~FIPS_13267
eastern,FIPS_13183~~FIPS_13305
eastern,FIPS_13185~~FIPS_13277
eastern,FIPS_13187~~FIPS_13311
eastern,FIPS_13189~~FIPS_13301
eastern,FIPS_13193~~FIPS_13261
eastern,FIPS_13197~~FIPS_13215
eastern,FIPS_13197~~FIPS_13249
eastern,FIPS_13199~~FIPS_13231
eastern,FIPS_13199~~FIPS_13263_13293
eastern,FIPS_13199~~FIPS_13285
eastern,FIPS_13201~~FIPS_13253
eastern,FIPS_13207~~FIPS_13263_13293
eastern,FIPS_13207~~FIPS_13301
eastern,FIPS_13209~~FIPS_13271_13309
eastern,FIPS_13209~~FIPS_13279
eastern,FIPS_13211~~FIPS_13217
eastern,FIPS_13211~~FIPS_13297
eastern,FIPS_13213~~FIPS_13313
eastern,FIPS_13215~~FIPS_13263_13293
eastern,FIPS_13215~~FIPS_13269
eastern,FIPS_13217~~FIPS_13247
eastern,FIPS_13217~~FIPS_13297
eastern,FIPS_13219~~FIPS_13221
eastern,FIPS_13219~~FIPS_13297
eastern,FIPS_13223~~FIPS_13233
eastern,FIPS_13229~~FIPS_13299
eastern,FIPS_13229~~FIPS_13305
eastern,FIPS_13231~~FIPS_13255
eastern,FIPS_13231~~FIPS_13263_13293
eastern,FIPS_13233~~FIPS_47065
eastern,FIPS_13237~~FIPS_13297
eastern,FIPS_13237~~FIPS_13301
eastern,FIPS_13237~~FIPS_13303
eastern,FIPS_13237~~FIPS_13319
eastern,FIPS_13243~~FIPS_13259
eastern,FIPS_13243~~FIPS_13307
eastern,FIPS_13245~~FIPS_45003
eastern,FIPS_13247~~FIPS_13297
eastern,FIPS_13249~~FIPS_13261
eastern,FIPS_13249~~FIPS_13269
eastern,FIPS_13261~~FIPS_13273
eastern,FIPS_13261~~FIPS_13277
eastern,FIPS_13261~~FIPS_13307
eastern,FIPS_13263_13293~~FIPS_13269
eastern,FIPS_13265_13317~~FIPS_13301
eastern,FIPS_13267~~FIPS_13279
eastern,FIPS_13273~~FIPS_13307
eastern,FIPS_13277~~FIPS_13315
eastern,FIPS_13277~~FIPS_13321
eastern,FIPS_13279~~FIPS_13283
eastern,FIPS_13281~~FIPS_13291
eastern,FIPS_13281~~FIPS_37039
eastern,FIPS_13287~~FIPS_13321
eastern,FIPS_13289~~FIPS_13303
eastern,FIPS_13289~~FIPS_13319
eastern,FIPS_13291~~FIPS_37039
eastern,FIPS_13295~~FIPS_13313
eastern,FIPS_13303~~FIPS_13319
eastern,FIPS_13315~~FIPS_13321
eastern,FIPS_17001~~FIPS_17067_17071
eastern,FIPS_17001~~FIPS_17109
eastern,FIPS_17001~~FIPS_17137
eastern,FIPS_17001~~FIPS_17149
eastern,FIPS_17001~~FIPS_29127
eastern,FIPS_17003~~FIPS_17077_17181
eastern,FIPS_17003~~FIPS_17127_17151
eastern,FIPS_17003~~FIPS_17153
eastern,FIPS_17005~~FIPS_17027
eastern,FIPS_17005~~FIPS_17135
eastern,FIPS_17007~~FIPS_17111
eastern,FIPS_17007~~FIPS_17201
eastern,FIPS_17009_17169~~FIPS_17057
eastern,FIPS_17009_17169~~FIPS_17137
eastern,FIPS_17011~~FIPS_17073
eastern,FIPS_17011~~FIPS_17099
eastern,FIPS_17011~~FIPS_17103
eastern,FIPS_17011~~FIPS_17123
eastern,FIPS_17011~~FIPS_17155
eastern,FIPS_17011~~FIPS_17195
eastern,FIPS_17013~~FIPS_17061
eastern,FIPS_17013~~FIPS_17083
eastern,FIPS_17013~~FIPS_17149
eastern,FIPS_17013~~FIPS_29183
eastern,FIPS_17015~~FIPS_17085
eastern,FIPS_17015~~FIPS_17195
eastern,FIPS_17017~~FIPS_17137
eastern,FIPS_17019~~FIPS_17029_17035
eastern,FIPS_17019~~FIPS_17041
eastern,FIPS_17019~~FIPS_17053
eastern,FIPS_17019~~FIPS_17147
eastern,FIPS_17019~~FIPS_17183
eastern,FIPS_17021~~FIPS_17051
eastern,FIPS_17021~~FIPS_17107
eastern,FIPS_17021~~FIPS_17115
eastern,FIPS_17021~~FIPS_17135
eastern,FIPS_17021~~FIPS_17139_17173
eastern,FIPS_17021~~FIPS_17167
eastern,FIPS_17023_17045~~FIPS_17029_17035
eastern,FIPS_17023_17045~~FIPS_17033
eastern,FIPS_17023_17045~~FIPS_18153
eastern,FIPS_17023_17045~~FIPS_18165
eastern,FIPS_17025~~FIPS_17079
eastern,FIPS_17025~~FIPS_17081
eastern,FIPS_17025~~FIPS_17121
eastern,FIPS_17025~~FIPS_17159
eastern,FIPS_17027~~FIPS_17081
eastern,FIPS_17027~~FIPS_17121
eastern,FIPS_17027~~FIPS_17145
eastern,FIPS_17027~~FIPS_17163
eastern,FIPS_17027~~FIPS_17189
eastern,FIPS_17029_17035~~FIPS_17041
eastern,FIPS_17029_17035~~FIPS_17079
eastern,FIPS_17029_17035~~FIPS_17139_17173
eastern,FIPS_17029_17035~~FIPS_18153
eastern,FIPS_17029_17035~~FIPS_18167
eastern,FIPS_17031~~FIPS_17043
eastern,FIPS_17031~~FIPS_17089
eastern,FIPS_17031~~FIPS_17091
eastern,FIPS_17031~~FIPS_17097
eastern,FIPS_17031~~FIPS_17111
eastern,FIPS_17031~~FIPS_17197
eastern,FIPS_17031~~FIPS_18089
eastern,FIPS_17031~~FIPS_18141
eastern,FIPS_17033~~FIPS_17079
eastern,FIPS_17033~~FIPS_17101
eastern,FIPS_17033~~FIPS_17139_17173
eastern,FIPS_17033~~FIPS_18051
eastern,FIPS_17033~~FIPS_18055
eastern,FIPS_17033~~FIPS_18083
eastern,FIPS_17033~~FIPS_18153
eastern,FIPS_17033~~FIPS_18167
eastern,FIPS_17037~~FIPS_17089
eastern,FIPS_17037~~FIPS_17093
eastern,FIPS_17037~~FIPS_17103
eastern,FIPS_17037~~FIPS_17141
eastern,FIPS_17037~~FIPS_17201
eastern,FIPS_17039~~FIPS_17113
eastern,FIPS_17039~~FIPS_17115
eastern,FIPS_17043~~FIPS_17063
eastern,FIPS_17043~~FIPS_17089
eastern,FIPS_17043~~FIPS_17093
eastern,FIPS_17043~~FIPS_17103
eastern,FIPS_17043~~FIPS_17111
eastern,FIPS_17043~~FIPS_17141
eastern,FIPS_17043~~FIPS_17197
eastern,FIPS_17049~~FIPS_17079
eastern,FIPS_17049~~FIPS_17139_17173
eastern,FIPS_17051~~FIPS_17121
eastern,FIPS_17051~~FIPS_17135
eastern,FIPS_17051~~FIPS_17139_17173
eastern,FIPS_17053~~FIPS_17075
eastern,FIPS_17053~~FIPS_17113
eastern,FIPS_17053~~FIPS_17183
eastern,FIPS_17055~~FIPS_17065_17193
eastern,FIPS_17055~~FIPS_17081
eastern,FIPS_17055~~FIPS_17087_17199
eastern,FIPS_17055~~FIPS_17127_17151
eastern,FIPS_17055~~FIPS_17145
eastern,FIPS_17055~~FIPS_17165
eastern,FIPS_17055~~FIPS_21145
eastern,FIPS_17055~~FIPS_21225
eastern,FIPS_17057~~FIPS_17095_17187
eastern,FIPS_17057~~FIPS_17109
eastern,FIPS_17057~~FIPS_17125
eastern,FIPS_17057~~FIPS_17137
eastern,FIPS_17057~~FIPS_17175_17143
eastern,FIPS_17059_17069~~FIPS_17065_17193
eastern,FIPS_17059_17069~~FIPS_17087_17199
eastern,FIPS_17059_17069~~FIPS_17127_17151
eastern,FIPS_17059_17069~~FIPS_17165
eastern,FIPS_17059_17069~~FIPS_21225
eastern,FIPS_17061~~FIPS_17083
eastern,FIPS_17061~~FIPS_17137
eastern,FIPS_17061~~FIPS_17171
eastern,FIPS_17063~~FIPS_17093
eastern,FIPS_17063~~FIPS_17099
eastern,FIPS_17063~~FIPS_17105
eastern,FIPS_17063~~FIPS_17179
eastern,FIPS_17063~~FIPS_17197
eastern,FIPS_17063~~FIPS_17203
eastern,FIPS_17065_17193~~FIPS_17165
eastern,FIPS_17065_17193~~FIPS_17191_17047
eastern,FIPS_17065_17193~~FIPS_18129
eastern,FIPS_17065_17193~~FIPS_21225
eastern,FIPS_17067_17071~~FIPS_17109
eastern,FIPS_17067_17071~~FIPS_19111
eastern,FIPS_17067_17071~~FIPS_19177
eastern,FIPS_17073~~FIPS_17095_17187
eastern,FIPS_17073~~FIPS_17131_17161
eastern,FIPS_17073~~FIPS_17155
eastern,FIPS_17073~~FIPS_17175_17143
eastern,FIPS_17075~~FIPS_18111
eastern,FIPS_17077_17181~~FIPS_17087_17199
eastern,FIPS_17077_17181~~FIPS_17145
eastern,FIPS_17077_17181~~FIPS_17157
eastern,FIPS_17077_17181~~FIPS_29157
eastern,FIPS_17081~~FIPS_17121
eastern,FIPS_17081~~FIPS_17189
eastern,FIPS_17083~~FIPS_17117
eastern,FIPS_17083~~FIPS_29183
eastern,FIPS_17085~~FIPS_19061
eastern,FIPS_17085~~FIPS_55043
eastern,FIPS_17085~~FIPS_55065
eastern,FIPS_17087_17199~~FIPS_17127_17151
eastern,FIPS_17087_17199~~FIPS_17153
eastern,FIPS_17087_17199~~FIPS_17165
eastern,FIPS_17089~~FIPS_17093
eastern,FIPS_17089~~FIPS_17111
eastern,FIPS_17091~~FIPS_17197
eastern,FIPS_17093~~FIPS_17099
eastern,FIPS_17093~~FIPS_17179
eastern,FIPS_17093~~FIPS_17197
eastern,FIPS_17095_17187~~FIPS_17131_17161
eastern,FIPS_17095_17187~~FIPS_17175_17143
eastern,FIPS_17097~~FIPS_17111
eastern,FIPS_17097~~FIPS_55059
eastern,FIPS_17097~~FIPS_55133
eastern,FIPS_17099~~FIPS_17103
eastern,FIPS_17099~~FIPS_17155
eastern,FIPS_17099~~FIPS_17197
eastern,FIPS_17099~~FIPS_17203
eastern,FIPS_17101~~FIPS_17159
eastern,FIPS_17101~~FIPS_18083
eastern,FIPS_17103~~FIPS_17131_17161
eastern,FIPS_17103~~FIPS_17141
eastern,FIPS_17103~~FIPS_17195
eastern,FIPS_17105~~FIPS_17113
eastern,FIPS_17105~~FIPS_17115
eastern,FIPS_17105~~FIPS_17197
eastern,FIPS_17107~~FIPS_17115
eastern,FIPS_17107~~FIPS_17125
eastern,FIPS_17107~~FIPS_17167
eastern,FIPS_17107~~FIPS_17179
eastern,FIPS_17111~~FIPS_17201
eastern,FIPS_17111~~FIPS_55059
eastern,FIPS_17111~~FIPS_55127
eastern,FIPS_17113~~FIPS_17147
eastern,FIPS_17113~~FIPS_17167
eastern,FIPS_17113~~FIPS_17179
eastern,FIPS_17113~~FIPS_17203
eastern,FIPS_17115~~FIPS_17139_17173
eastern,FIPS_17115~~FIPS_17147
eastern,FIPS_17117~~FIPS_17119
eastern,FIPS_17117~~FIPS_17135
eastern,FIPS_17117~~FIPS_17167
eastern,FIPS_17119~~FIPS_17135
eastern,FIPS_17119~~FIPS_17163
eastern,FIPS_17119~~FIPS_17189
eastern,FIPS_17119~~FIPS_29183
eastern,FIPS_17119~~FIPS_29189
eastern,FIPS_17119~~FIPS_29510
eastern,FIPS_17123~~FIPS_17155
eastern,FIPS_17123~~FIPS_17175_17143
eastern,FIPS_17123~~FIPS_17203
eastern,FIPS_17125~~FIPS_17167
eastern,FIPS_17125~~FIPS_17179
eastern,FIPS_17127_17151~~FIPS_21139
eastern,FIPS_17127_17151~~FIPS_21145
eastern,FIPS_17127_17151~~FIPS_29031
eastern,FIPS_17127_17151~~FIPS_29201
eastern,FIPS_17129~~FIPS_17167
eastern,FIPS_17131_17161~~FIPS_17195
eastern,FIPS_17131_17161~~FIPS_19045
eastern,FIPS_17131_17161~~FIPS_19115
eastern,FIPS_17131_17161~~FIPS_19139
eastern,FIPS_17131_17161~~FIPS_19163
eastern,FIPS_17133~~FIPS_17157
eastern,FIPS_17133~~FIPS_17163
eastern,FIPS_17133~~FIPS_17189
eastern,FIPS_17133~~FIPS_29099
eastern,FIPS_17137~~FIPS_17149
eastern,FIPS_17137~~FIPS_17167
eastern,FIPS_17137~~FIPS_17171
eastern,FIPS_17141~~FIPS_17177
eastern,FIPS_17141~~FIPS_17201
eastern,FIPS_17145~~FIPS_17189
eastern,FIPS_17149~~FIPS_17171
eastern,FIPS_17149~~FIPS_29163
eastern,FIPS_17157~~FIPS_17163
eastern,FIPS_17157~~FIPS_17189
eastern,FIPS_17157~~FIPS_29099
eastern,FIPS_17159~~FIPS_17191_17047
eastern,FIPS_17163~~FIPS_17189
eastern,FIPS_17163~~FIPS_29189
eastern,FIPS_17163~~FIPS_29510
eastern,FIPS_17175_17143~~FIPS_17179
eastern,FIPS_17175_17143~~FIPS_17203
eastern,FIPS_17177~~FIPS_17201
eastern,FIPS_17179~~FIPS_17197
eastern,FIPS_17179~~FIPS_17203
eastern,FIPS_17183~~FIPS_18165
eastern,FIPS_17185~~FIPS_17191_17047
eastern,FIPS_17191_17047~~FIPS_18051
eastern,FIPS_17195~~FIPS_19045
eastern,FIPS_17197~~FIPS_18089
eastern,FIPS_17197~~FIPS_18141
eastern,FIPS_17201~~FIPS_55025
eastern,FIPS_17201~~FIPS_55105
eastern,FIPS_18001~~FIPS_18003
eastern,FIPS_18001~~FIPS_18075
eastern,FIPS_18001~~FIPS_18179
eastern,FIPS_18003~~FIPS_18033
eastern,FIPS_18003~~FIPS_18039
eastern,FIPS_18003~~FIPS_18069
eastern,FIPS_18003~~FIPS_18113
eastern,FIPS_18003~~FIPS_18179
eastern,FIPS_18003~~FIPS_18183
eastern,FIPS_18003~~FIPS_39039
eastern,FIPS_18003~~FIPS_39125
eastern,FIPS_18003~~FIPS_39137
eastern,FIPS_18003~~FIPS_39161
eastern,FIPS_18005~~FIPS_18031
eastern,FIPS_18005~~FIPS_18043
eastern,FIPS_18005~~FIPS_18071
eastern,FIPS_18005~~FIPS_18081
eastern,FIPS_18005~~FIPS_18093
eastern,FIPS_18005~~FIPS_18105
eastern,FIPS_18005~~FIPS_18145
eastern,FIPS_18007~~FIPS_18111
eastern,FIPS_18007~~FIPS_18157
eastern,FIPS_18007~~FIPS_18181
eastern,FIPS_18009~~FIPS_18053
eastern,FIPS_18009~~FIPS_18075
eastern,FIPS_18011~~FIPS_18023
eastern,FIPS_18011~~FIPS_18057
eastern,FIPS_18011~~FIPS_18063
eastern,FIPS_18011~~FIPS_18067
eastern,FIPS_18011~~FIPS_18097
eastern,FIPS_18011~~FIPS_18107
eastern,FIPS_18011~~FIPS_18157
eastern,FIPS_18013~~FIPS_18081
eastern,FIPS_18013~~FIPS_18105
eastern,FIPS_18015~~FIPS_18017
eastern,FIPS_18015~~FIPS_18067
eastern,FIPS_18015~~FIPS_18157
eastern,FIPS_18015~~FIPS_18181
eastern,FIPS_18017~~FIPS_18049
eastern,FIPS_18017~~FIPS_18067
eastern,FIPS_18017~~FIPS_18103
eastern,FIPS_18019~~FIPS_18043
eastern,FIPS_18019~~FIPS_18077
eastern,FIPS_18019~~FIPS_18143
eastern,FIPS_18019~~FIPS_18175
eastern,FIPS_18019~~FIPS_21111
eastern,FIPS_18019~~FIPS_21223
eastern,FIPS_18021~~FIPS_18055
eastern,FIPS_18021~~FIPS_18119
eastern,FIPS_18021~~FIPS_18121
eastern,FIPS_18021~~FIPS_18133
eastern,FIPS_18021~~FIPS_18153
eastern,FIPS_18021~~FIPS_18167
eastern,FIPS_18023~~FIPS_18067
eastern,FIPS_18023~~FIPS_18157
eastern,FIPS_18023~~FIPS_18165
eastern,FIPS_18025~~FIPS_18037
eastern,FIPS_18025~~FIPS_18043
eastern,FIPS_18025~~FIPS_18061
eastern,FIPS_18025~~FIPS_18093
eastern,FIPS_18025~~FIPS_18117
eastern,FIPS_18025~~FIPS_18123
eastern,FIPS_18027~~FIPS_18037
eastern,FIPS_18027~~FIPS_18055
eastern,FIPS_18027~~FIPS_18083
eastern,FIPS_18027~~FIPS_18101
eastern,FIPS_18027~~FIPS_18125
eastern,FIPS_18029_18115~~FIPS_18035
eastern,FIPS_18029_18115~~FIPS_18047
eastern,FIPS_18029_18115~~FIPS_18077
eastern,FIPS_18029_18115~~FIPS_18095
eastern,FIPS_18029_18115~~FIPS_18097
eastern,FIPS_18029_18115~~FIPS_18135
eastern,FIPS_18029_18115~~FIPS_18137
eastern,FIPS_18029_18115~~FIPS_18155
eastern,FIPS_18029_18115~~FIPS_21015
eastern,FIPS_18029_18115~~FIPS_39025
eastern,FIPS_18029_18115~~FIPS_39061
eastern,FIPS_18031~~FIPS_18047
eastern,FIPS_18031~~FIPS_18137
eastern,FIPS_18031~~FIPS_18139
eastern,FIPS_18031~~FIPS_18145
eastern,FIPS_18033~~FIPS_18039
eastern,FIPS_18033~~FIPS_18113
eastern,FIPS_18033~~FIPS_18151
eastern,FIPS_18033~~FIPS_18183
eastern,FIPS_18033~~FIPS_39039
eastern,FIPS_18035~~FIPS_18053
eastern,FIPS_18035~~FIPS_18065
eastern,FIPS_18035~~FIPS_18069
eastern,FIPS_18035~~FIPS_18075
eastern,FIPS_18035~~FIPS_18095
eastern,FIPS_18035~~FIPS_18135
eastern,FIPS_18035~~FIPS_18177
eastern,FIPS_18035~~FIPS_18179
eastern,FIPS_18037~~FIPS_18051
eastern,FIPS_18037~~FIPS_18061
eastern,FIPS_18037~~FIPS_18101
eastern,FIPS_18037~~FIPS_18125
eastern,FIPS_18037~~FIPS_18173
eastern,FIPS_18039~~FIPS_18085
eastern,FIPS_18039~~FIPS_18087
eastern,FIPS_18039~~FIPS_18099
eastern,FIPS_18039~~FIPS_18113
eastern,FIPS_18039~~FIPS_18141
eastern,FIPS_18039~~FIPS_26021
eastern,FIPS_18039~~FIPS_26077
eastern,FIPS_18039~~FIPS_26149
eastern,FIPS_18041~~FIPS_18047
eastern,FIPS_18041~~FIPS_18065
eastern,FIPS_18041~~FIPS_18139
eastern,FIPS_18041~~FIPS_18161
eastern,FIPS_18041~~FIPS_18177
eastern,FIPS_18043~~FIPS_18061
eastern,FIPS_18043~~FIPS_18071
eastern,FIPS_18043~~FIPS_18175
eastern,FIPS_18043~~FIPS_21111
eastern,FIPS_18045~~FIPS_18157
eastern,FIPS_18045~~FIPS_18165
eastern,FIPS_18045~~FIPS_18171
eastern,FIPS_18047~~FIPS_18137
eastern,FIPS_18047~~FIPS_18161
eastern,FIPS_18049~~FIPS_18099
eastern,FIPS_18049~~FIPS_18103
eastern,FIPS_18051~~FIPS_18083
eastern,FIPS_18051~~FIPS_18093
eastern,FIPS_18051~~FIPS_18125
eastern,FIPS_18051~~FIPS_18129
eastern,FIPS_18051~~FIPS_18163
eastern,FIPS_18051~~FIPS_18173
eastern,FIPS_18053~~FIPS_18057
eastern,FIPS_18053~~FIPS_18067
eastern,FIPS_18053~~FIPS_18069
eastern,FIPS_18053~~FIPS_18095
eastern,FIPS_18053~~FIPS_18169
eastern,FIPS_18053~~FIPS_18179
eastern,FIPS_18055~~FIPS_18083
eastern,FIPS_18055~~FIPS_18093
eastern,FIPS_18055~~FIPS_18101
eastern,FIPS_18055~~FIPS_18105
eastern,FIPS_18055~~FIPS_18153
eastern,FIPS_18057~~FIPS_18059
eastern,FIPS_18057~~FIPS_18065
eastern,FIPS_18057~~FIPS_18095
eastern,FIPS_18057~~FIPS_18097
eastern,FIPS_18057~~FIPS_18159
eastern,FIPS_18059~~FIPS_18065
eastern,FIPS_18059~~FIPS_18097
eastern,FIPS_18059~~FIPS_18145
eastern,FIPS_18061~~FIPS_18117
eastern,FIPS_18061~~FIPS_21111
eastern,FIPS_18063~~FIPS_18083
eastern,FIPS_18063~~FIPS_18097
eastern,FIPS_18063~~FIPS_18109
eastern,FIPS_18063~~FIPS_18125
eastern,FIPS_18063~~FIPS_18133
eastern,FIPS_18065~~FIPS_18095
eastern,FIPS_18065~~FIPS_18097
eastern,FIPS_18065~~FIPS_18139
eastern,FIPS_18065~~FIPS_18145
eastern,FIPS_18065~~FIPS_18177
eastern,FIPS_18067~~FIPS_18077
eastern,FIPS_18067~~FIPS_18103
eastern,FIPS_18067~~FIPS_18141
eastern,FIPS_18067~~FIPS_18157
eastern,FIPS_18067~~FIPS_18159
eastern,FIPS_18067~~FIPS_18169
eastern,FIPS_18067~~FIPS_18181
eastern,FIPS_18069~~FIPS_18085
eastern,FIPS_18069~~FIPS_18141
eastern,FIPS_18069~~FIPS_18169
eastern,FIPS_18069~~FIPS_18179
eastern,FIPS_18069~~FIPS_18183
eastern,FIPS_18069~~FIPS_39159
eastern,FIPS_18071~~FIPS_18079
eastern,FIPS_18071~~FIPS_18093
eastern,FIPS_18071~~FIPS_18137
eastern,FIPS_18071~~FIPS_18143
eastern,FIPS_18071~~FIPS_18175
eastern,FIPS_18073~~FIPS_18089
eastern,FIPS_18073~~FIPS_18091_18149
eastern,FIPS_18073~~FIPS_18099
eastern,FIPS_18073~~FIPS_18127
eastern,FIPS_18075~~FIPS_18135
eastern,FIPS_18075~~FIPS_18179
eastern,FIPS_18075~~FIPS_39107
eastern,FIPS_18077~~FIPS_18079
eastern,FIPS_18077~~FIPS_18137
eastern,FIPS_18077~~FIPS_18143
eastern,FIPS_18077~~FIPS_18147
eastern,FIPS_18077~~FIPS_18155
eastern,FIPS_18077~~FIPS_21041
eastern,FIPS_18077~~FIPS_21223
eastern,FIPS_18077~~FIPS_39025
eastern,FIPS_18077~~FIPS_39061
eastern,FIPS_18077~~FIPS_39087
eastern,FIPS_18079~~FIPS_18137
eastern,FIPS_18081~~FIPS_18097
eastern,FIPS_18081~~FIPS_18109
eastern,FIPS_18081~~FIPS_18125
eastern,FIPS_18081~~FIPS_18145
eastern,FIPS_18083~~FIPS_18093
eastern,FIPS_18083~~FIPS_18101
eastern,FIPS_18083~~FIPS_18125
eastern,FIPS_18083~~FIPS_18153
eastern,FIPS_18085~~FIPS_18099
eastern,FIPS_18085~~FIPS_18103
eastern,FIPS_18085~~FIPS_18141
eastern,FIPS_18085~~FIPS_18169
eastern,FIPS_18085~~FIPS_18183
eastern,FIPS_18087~~FIPS_18113
eastern,FIPS_18087~~FIPS_18151
eastern,FIPS_18087~~FIPS_26149
eastern,FIPS_18089~~FIPS_18091_18149
eastern,FIPS_18089~~FIPS_18127
eastern,FIPS_18089~~FIPS_18141
eastern,FIPS_18091_18149~~FIPS_18099
eastern,FIPS_18091_18149~~FIPS_18127
eastern,FIPS_18091_18149~~FIPS_18141
eastern,FIPS_18091_18149~~FIPS_26021
eastern,FIPS_18093~~FIPS_18101
eastern,FIPS_18093~~FIPS_18105
eastern,FIPS_18093~~FIPS_18117
eastern,FIPS_18093~~FIPS_18175
eastern,FIPS_18097~~FIPS_18109
eastern,FIPS_18097~~FIPS_18145
eastern,FIPS_18099~~FIPS_18131
eastern,FIPS_18099~~FIPS_18181
eastern,FIPS_18101~~FIPS_18117
eastern,FIPS_18101~~FIPS_18125
eastern,FIPS_18103~~FIPS_18169
eastern,FIPS_18105~~FIPS_18109
eastern,FIPS_18105~~FIPS_18119
eastern,FIPS_18107~~FIPS_18121
eastern,FIPS_18107~~FIPS_18133
eastern,FIPS_18107~~FIPS_18157
eastern,FIPS_18107~~FIPS_18165
eastern,FIPS_18107~~FIPS_18167
eastern,FIPS_18111~~FIPS_18181
eastern,FIPS_18117~~FIPS_18125
eastern,FIPS_18119~~FIPS_18133
eastern,FIPS_18121~~FIPS_18133
eastern,FIPS_18121~~FIPS_18165
eastern,FIPS_18121~~FIPS_18167
eastern,FIPS_18123~~FIPS_18147
eastern,FIPS_18125~~FIPS_18153
eastern,FIPS_18125~~FIPS_18173
eastern,FIPS_18129~~FIPS_18163
eastern,FIPS_18129~~FIPS_21101
eastern,FIPS_18129~~FIPS_21233
eastern,FIPS_18131~~FIPS_18141
eastern,FIPS_18131~~FIPS_18157
eastern,FIPS_18131~~FIPS_18181
eastern,FIPS_18135~~FIPS_18177
eastern,FIPS_18137~~FIPS_21041
eastern,FIPS_18139~~FIPS_18145
eastern,FIPS_18141~~FIPS_18181
eastern,FIPS_18141~~FIPS_26005
eastern,FIPS_18141~~FIPS_26021
eastern,FIPS_18141~~FIPS_26027
eastern,FIPS_18147~~FIPS_18153
eastern,FIPS_18147~~FIPS_18173
eastern,FIPS_18147~~FIPS_21091
eastern,FIPS_18151~~FIPS_26023
eastern,FIPS_18153~~FIPS_18157
eastern,FIPS_18153~~FIPS_18167
eastern,FIPS_18155~~FIPS_21015
eastern,FIPS_18155~~FIPS_21041
eastern,FIPS_18155~~FIPS_21077
eastern,FIPS_18157~~FIPS_18165
eastern,FIPS_18157~~FIPS_18181
eastern,FIPS_18161~~FIPS_18177
eastern,FIPS_18161~~FIPS_39017
eastern,FIPS_18161~~FIPS_39037
eastern,FIPS_18163~~FIPS_18173
eastern,FIPS_18163~~FIPS_21101
eastern,FIPS_18165~~FIPS_18167
eastern,FIPS_18173~~FIPS_21101
eastern,FIPS_18177~~FIPS_39037
eastern,FIPS_19001~~FIPS_19029
eastern,FIPS_19001~~FIPS_19121
eastern,FIPS_19001~~FIPS_19155
eastern,FIPS_19001~~FIPS_19175
eastern,FIPS_19003~~FIPS_19137
eastern,FIPS_19003~~FIPS_19145
eastern,FIPS_19003~~FIPS_19155
eastern,FIPS_19003~~FIPS_19175
eastern,FIPS_19005~~FIPS_19043
eastern,FIPS_19005~~FIPS_19191
eastern,FIPS_19005~~FIPS_27045
eastern,FIPS_19005~~FIPS_55123
eastern,FIPS_19007~~FIPS_19051
eastern,FIPS_19007~~FIPS_19123
eastern,FIPS_19007~~FIPS_19179
eastern,FIPS_19007~~FIPS_19185
eastern,FIPS_19007~~FIPS_29001
eastern,FIPS_19009~~FIPS_19027
eastern,FIPS_19009~~FIPS_19029
eastern,FIPS_19009~~FIPS_19047
eastern,FIPS_19009~~FIPS_19077
eastern,FIPS_19009~~FIPS_19165
eastern,FIPS_19011~~FIPS_19013
eastern,FIPS_19011~~FIPS_19019
eastern,FIPS_19011~~FIPS_19095
eastern,FIPS_19011~~FIPS_19113
eastern,FIPS_19011~~FIPS_19127
eastern,FIPS_19011~~FIPS_19157
eastern,FIPS_19011~~FIPS_19171
eastern,FIPS_19013~~FIPS_19017
eastern,FIPS_19013~~FIPS_19019
eastern,FIPS_19013~~FIPS_19023
eastern,FIPS_19013~~FIPS_19033
eastern,FIPS_19013~~FIPS_19069
eastern,FIPS_19013~~FIPS_19075
eastern,FIPS_19013~~FIPS_19171
eastern,FIPS_19015~~FIPS_19073
eastern,FIPS_19015~~FIPS_19169
eastern,FIPS_19015~~FIPS_19187
eastern,FIPS_19017~~FIPS_19023
eastern,FIPS_19017~~FIPS_19037
eastern,FIPS_19017~~FIPS_19065
eastern,FIPS_19017~~FIPS_19067
eastern,FIPS_19019~~FIPS_19037
eastern,FIPS_19019~~FIPS_19055
eastern,FIPS_19019~~FIPS_19061
eastern,FIPS_19019~~FIPS_19065
eastern,FIPS_19019~~FIPS_19113
eastern,FIPS_19021~~FIPS_19035
eastern,FIPS_19021~~FIPS_19041
eastern,FIPS_19021~~FIPS_19151
eastern,FIPS_19021~~FIPS_19161
eastern,FIPS_19023~~FIPS_19067
eastern,FIPS_19023~~FIPS_19069
eastern,FIPS_19023~~FIPS_19075
eastern,FIPS_19025~~FIPS_19073
eastern,FIPS_19025~~FIPS_19151
eastern,FIPS_19025~~FIPS_19161
eastern,FIPS_19025~~FIPS_19187
eastern,FIPS_19027~~FIPS_19047
eastern,FIPS_19027~~FIPS_19073
eastern,FIPS_19027~~FIPS_19161
eastern,FIPS_19027~~FIPS_19165
eastern,FIPS_19029~~FIPS_19077
eastern,FIPS_19029~~FIPS_19155
eastern,FIPS_19029~~FIPS_19175
eastern,FIPS_19031~~FIPS_19045
eastern,FIPS_19031~~FIPS_19103
eastern,FIPS_19031~~FIPS_19105
eastern,FIPS_19031~~FIPS_19113
eastern,FIPS_19031~~FIPS_19139
eastern,FIPS_19031~~FIPS_19163
eastern,FIPS_19033~~FIPS_19067
eastern,FIPS_19033~~FIPS_19069
eastern,FIPS_19033~~FIPS_19081
eastern,FIPS_19033~~FIPS_19109
eastern,FIPS_19033~~FIPS_19131
eastern,FIPS_19033~~FIPS_19195
eastern,FIPS_19035~~FIPS_19093
eastern,FIPS_19035~~FIPS_19141
eastern,FIPS_19035~~FIPS_19149
eastern,FIPS_19035~~FIPS_19161
eastern,FIPS_19037~~FIPS_19065
eastern,FIPS_19037~~FIPS_19067
eastern,FIPS_19037~~FIPS_19089
eastern,FIPS_19037~~FIPS_19191
eastern,FIPS_19037~~FIPS_27099
eastern,FIPS_19039~~FIPS_19053
eastern,FIPS_19039~~FIPS_19175
eastern,FIPS_19039~~FIPS_19181
eastern,FIPS_19041~~FIPS_19059
eastern,FIPS_19041~~FIPS_19141
eastern,FIPS_19041~~FIPS_19147
eastern,FIPS_19041~~FIPS_19149
eastern,FIPS_19043~~FIPS_19061
eastern,FIPS_19043~~FIPS_19065
eastern,FIPS_19043~~FIPS_55043
eastern,FIPS_19045~~FIPS_19061
eastern,FIPS_19045~~FIPS_19097
eastern,FIPS_19045~~FIPS_19163
eastern,FIPS_19047~~FIPS_19085
eastern,FIPS_19047~~FIPS_19093
eastern,FIPS_19047~~FIPS_19133
eastern,FIPS_19047~~FIPS_19149
eastern,FIPS_19047~~FIPS_19165
eastern,FIPS_19047~~FIPS_19193
eastern,FIPS_19049~~FIPS_19073
eastern,FIPS_19049~~FIPS_19121
eastern,FIPS_19049~~FIPS_19153
eastern,FIPS_19049~~FIPS_19181
eastern,FIPS_19049~~FIPS_29005
eastern,FIPS_19051~~FIPS_19177
eastern,FIPS_19051~~FIPS_19179
eastern,FIPS_19051~~FIPS_29197
eastern,FIPS_19053~~FIPS_19159
eastern,FIPS_19053~~FIPS_19185
eastern,FIPS_19055~~FIPS_19061
eastern,FIPS_19055~~FIPS_19105
eastern,FIPS_19055~~FIPS_19113
eastern,FIPS_19057~~FIPS_19111
eastern,FIPS_19057~~FIPS_19115
eastern,FIPS_19059~~FIPS_19063
eastern,FIPS_19059~~FIPS_19143
eastern,FIPS_19059~~FIPS_27063
eastern,FIPS_19061~~FIPS_19097
eastern,FIPS_19061~~FIPS_19105
eastern,FIPS_19061~~FIPS_55049
eastern,FIPS_19063~~FIPS_19109
eastern,FIPS_19063~~FIPS_19147
eastern,FIPS_19065~~FIPS_19191
eastern,FIPS_19067~~FIPS_19131
eastern,FIPS_19069~~FIPS_19075
eastern,FIPS_19069~~FIPS_19083
eastern,FIPS_19069~~FIPS_19197
eastern,FIPS_19071~~FIPS_19129
eastern,FIPS_19071~~FIPS_19145
eastern,FIPS_19071~~FIPS_29005
eastern,FIPS_19073~~FIPS_19077
eastern,FIPS_19075~~FIPS_19083
eastern,FIPS_19075~~FIPS_19127
eastern,FIPS_19075~~FIPS_19171
eastern,FIPS_19079~~FIPS_19083
eastern,FIPS_19079~~FIPS_19187
eastern,FIPS_19079~~FIPS_19197
eastern,FIPS_19081~~FIPS_19109
eastern,FIPS_19081~~FIPS_19197
eastern,FIPS_19083~~FIPS_19169
eastern,FIPS_19085~~FIPS_19133
eastern,FIPS_19085~~FIPS_19155
eastern,FIPS_19085~~FIPS_19165
eastern,FIPS_19087~~FIPS_19101
eastern,FIPS_19087~~FIPS_19111
eastern,FIPS_19087~~FIPS_19115
eastern,FIPS_19089~~FIPS_27045
eastern,FIPS_19089~~FIPS_27099
eastern,FIPS_19091~~FIPS_19109
eastern,FIPS_19091~~FIPS_19151
eastern,FIPS_19091~~FIPS_19187
eastern,FIPS_19091~~FIPS_19197
eastern,FIPS_19093~~FIPS_19193
eastern,FIPS_19095~~FIPS_19103
eastern,FIPS_19095~~FIPS_19107
eastern,FIPS_19095~~FIPS_19113
eastern,FIPS_19095~~FIPS_19157
eastern,FIPS_19097~~FIPS_19105
eastern,FIPS_19099~~FIPS_19123
eastern,FIPS_19099~~FIPS_19125
eastern,FIPS_19099~~FIPS_19127
eastern,FIPS_19099~~FIPS_19153
eastern,FIPS_19099~~FIPS_19157
eastern,FIPS_19101~~FIPS_19177
eastern,FIPS_19101~~FIPS_19179
eastern,FIPS_19101~~FIPS_19183
eastern,FIPS_19103~~FIPS_19113
eastern,FIPS_19103~~FIPS_19139
eastern,FIPS_19103~~FIPS_19157
eastern,FIPS_19103~~FIPS_19183
eastern,FIPS_19105~~FIPS_19113
eastern,FIPS_19107~~FIPS_19179
eastern,FIPS_19107~~FIPS_19183
eastern,FIPS_19109~~FIPS_19141
eastern,FIPS_19109~~FIPS_19147
eastern,FIPS_19109~~FIPS_19151
eastern,FIPS_19109~~FIPS_19187
eastern,FIPS_19109~~FIPS_19189
eastern,FIPS_19109~~FIPS_19197
eastern,FIPS_19109~~FIPS_27043
eastern,FIPS_19111~~FIPS_19177
eastern,FIPS_19111~~FIPS_29045
eastern,FIPS_19111~~FIPS_29127
eastern,FIPS_19115~~FIPS_19139
eastern,FIPS_19115~~FIPS_19183
eastern,FIPS_19117~~FIPS_19125
eastern,FIPS_19117~~FIPS_19135
eastern,FIPS_19117~~FIPS_19179
eastern,FIPS_19117~~FIPS_19181
eastern,FIPS_19117~~FIPS_19185
eastern,FIPS_19119~~FIPS_19141
eastern,FIPS_19119~~FIPS_19143
eastern,FIPS_19119~~FIPS_19167
eastern,FIPS_19119~~FIPS_27133
eastern,FIPS_19119~~FIPS_46099
eastern,FIPS_19121~~FIPS_19175
eastern,FIPS_19121~~FIPS_19181
eastern,FIPS_19123~~FIPS_19125
eastern,FIPS_19123~~FIPS_19135
eastern,FIPS_19123~~FIPS_19157
eastern,FIPS_19123~~FIPS_19179
eastern,FIPS_19125~~FIPS_19181
eastern,FIPS_19127~~FIPS_19169
eastern,FIPS_19127~~FIPS_19171
eastern,FIPS_19129~~FIPS_19137
eastern,FIPS_19129~~FIPS_19145
eastern,FIPS_19129~~FIPS_19155
eastern,FIPS_19131~~FIPS_19191
eastern,FIPS_19131~~FIPS_27099
eastern,FIPS_19133~~FIPS_19193
eastern,FIPS_19135~~FIPS_19179
eastern,FIPS_19137~~FIPS_19145
eastern,FIPS_19139~~FIPS_19163
eastern,FIPS_19139~~FIPS_19183
eastern,FIPS_19141~~FIPS_19167
eastern,FIPS_19141~~FIPS_19193
eastern,FIPS_19141~~FIPS_27063
eastern,FIPS_19143~~FIPS_27105
eastern,FIPS_19145~~FIPS_19173
eastern,FIPS_19145~~FIPS_29005
eastern,FIPS_19145~~FIPS_29147
eastern,FIPS_19149~~FIPS_19167
eastern,FIPS_19149~~FIPS_19193
eastern,FIPS_19149~~FIPS_31043
eastern,FIPS_19149~~FIPS_46023_46043
eastern,FIPS_19149~~FIPS_46099
eastern,FIPS_19149~~FIPS_46127
eastern,FIPS_19151~~FIPS_19161
eastern,FIPS_19151~~FIPS_19187
eastern,FIPS_19153~~FIPS_19157
eastern,FIPS_19153~~FIPS_19165
eastern,FIPS_19153~~FIPS_19169
eastern,FIPS_19153~~FIPS_19181
eastern,FIPS_19153~~FIPS_19187
eastern,FIPS_19155~~FIPS_19165
eastern,FIPS_19155~~FIPS_31055
eastern,FIPS_19155~~FIPS_31153
eastern,FIPS_19157~~FIPS_19171
eastern,FIPS_19157~~FIPS_19179
eastern,FIPS_19159~~FIPS_19173
eastern,FIPS_19167~~FIPS_46083
eastern,FIPS_19167~~FIPS_46127
eastern,FIPS_19173~~FIPS_19175
eastern,FIPS_19175~~FIPS_29147
eastern,FIPS_19177~~FIPS_19179
eastern,FIPS_19177~~FIPS_29199
eastern,FIPS_19179~~FIPS_29001
eastern,FIPS_19183~~FIPS_29127
eastern,FIPS_19187~~FIPS_19193
eastern,FIPS_19187~~FIPS_19197
eastern,FIPS_19189~~FIPS_19195
eastern,FIPS_19189~~FIPS_27043
eastern,FIPS_19191~~FIPS_27045
eastern,FIPS_19191~~FIPS_27055
eastern,FIPS_19193~~FIPS_31021
eastern,FIPS_19193~~FIPS_31167_31179
eastern,FIPS_19193~~FIPS_31177
eastern,FIPS_19195~~FIPS_27047
eastern,FIPS_19195~~FIPS_27099
eastern,FIPS_20001~~FIPS_20003_20107
eastern,FIPS_20001~~FIPS_20011
eastern,FIPS_20001~~FIPS_20037
eastern,FIPS_20001~~FIPS_20099
eastern,FIPS_20001~~FIPS_20205
eastern,FIPS_20001~~FIPS_20207
eastern,FIPS_20003_20107~~FIPS_20031
eastern,FIPS_20003_20107~~FIPS_20091
eastern,FIPS_20003_20107~~FIPS_20099
eastern,FIPS_20003_20107~~FIPS_20121
eastern,FIPS_20005~~FIPS_20103
eastern,FIPS_20007_20033~~FIPS_20077
eastern,FIPS_20007_20033~~FIPS_20097
eastern,FIPS_20007_20033~~FIPS_20151
eastern,FIPS_20007_20033~~FIPS_40003
eastern,FIPS_20009~~FIPS_20051
eastern,FIPS_20009~~FIPS_20053
eastern,FIPS_20009~~FIPS_20057
eastern,FIPS_20009~~FIPS_20079
eastern,FIPS_20009~~FIPS_20165
eastern,FIPS_20009~~FIPS_20167
eastern,FIPS_20009~~FIPS_20185
eastern,FIPS_20011~~FIPS_20037
eastern,FIPS_20013_20043~~FIPS_20131
eastern,FIPS_20015~~FIPS_20017
eastern,FIPS_20015~~FIPS_20031
eastern,FIPS_20015~~FIPS_20035
eastern,FIPS_20015~~FIPS_20049_20073
eastern,FIPS_20015~~FIPS_20079
eastern,FIPS_20015~~FIPS_20115
eastern,FIPS_20015~~FIPS_20173
eastern,FIPS_20015~~FIPS_20205
eastern,FIPS_20015~~FIPS_40071
eastern,FIPS_20017~~FIPS_20111
eastern,FIPS_20017~~FIPS_20115
eastern,FIPS_20019~~FIPS_20125
eastern,FIPS_20021~~FIPS_20037
eastern,FIPS_20021~~FIPS_20099
eastern,FIPS_20021~~FIPS_29011
eastern,FIPS_20021~~FIPS_29097
eastern,FIPS_20021~~FIPS_40115
eastern,FIPS_20023~~FIPS_20153
eastern,FIPS_20023~~FIPS_20181
eastern,FIPS_20025_20119~~FIPS_20057
eastern,FIPS_20025_20119~~FIPS_20175
eastern,FIPS_20027~~FIPS_20041
eastern,FIPS_20029_20157~~FIPS_20089
eastern,FIPS_20029_20157~~FIPS_20105_20123
eastern,FIPS_20029_20157~~FIPS_20143_20169
eastern,FIPS_20029_20157~~FIPS_20161
eastern,FIPS_20029_20157~~FIPS_20201
eastern,FIPS_20031~~FIPS_20173
eastern,FIPS_20031~~FIPS_20207
eastern,FIPS_20035~~FIPS_20191
eastern,FIPS_20035~~FIPS_40071
eastern,FIPS_20037~~FIPS_20099
eastern,FIPS_20037~~FIPS_29097
eastern,FIPS_20039~~FIPS_20137
eastern,FIPS_20039~~FIPS_20153
eastern,FIPS_20041~~FIPS_20061
eastern,FIPS_20041~~FIPS_20127
eastern,FIPS_20041~~FIPS_20143_20169
eastern,FIPS_20045~~FIPS_20091
eastern,FIPS_20045~~FIPS_20103
eastern,FIPS_20045~~FIPS_20139
eastern,FIPS_20045~~FIPS_20177
eastern,FIPS_20047~~FIPS_20145
eastern,FIPS_20047~~FIPS_20185
eastern,FIPS_20049_20073~~FIPS_20099
eastern,FIPS_20049_20073~~FIPS_20111
eastern,FIPS_20051~~FIPS_20053
eastern,FIPS_20051~~FIPS_20163
eastern,FIPS_20051~~FIPS_20165
eastern,FIPS_20051~~FIPS_20195
eastern,FIPS_20053~~FIPS_20143_20169
eastern,FIPS_20053~~FIPS_20185
eastern,FIPS_20055~~FIPS_20069
eastern,FIPS_20055~~FIPS_20081
eastern,FIPS_20055~~FIPS_20093
eastern,FIPS_20055~~FIPS_20171
eastern,FIPS_20055~~FIPS_40139
eastern,FIPS_20057~~FIPS_20069
eastern,FIPS_20057~~FIPS_20097
eastern,FIPS_20057~~FIPS_20151
eastern,FIPS_20057~~FIPS_20165
eastern,FIPS_20059~~FIPS_20091
eastern,FIPS_20059~~FIPS_20121
eastern,FIPS_20061~~FIPS_20127
eastern,FIPS_20061~~FIPS_20143_20169
eastern,FIPS_20061~~FIPS_20149
eastern,FIPS_20061~~FIPS_20161
eastern,FIPS_20061~~FIPS_20197
eastern,FIPS_20063~~FIPS_20179
eastern,FIPS_20063~~FIPS_20193
eastern,FIPS_20063~~FIPS_20195
eastern,FIPS_20065~~FIPS_20137
eastern,FIPS_20065~~FIPS_20163
eastern,FIPS_20065~~FIPS_20179
eastern,FIPS_20067~~FIPS_20081
eastern,FIPS_20067~~FIPS_20093
eastern,FIPS_20067~~FIPS_20187
eastern,FIPS_20067~~FIPS_20189
eastern,FIPS_20069~~FIPS_20171
eastern,FIPS_20071~~FIPS_20075
eastern,FIPS_20071~~FIPS_20109_20199
eastern,FIPS_20071~~FIPS_20203
eastern,FIPS_20075~~FIPS_20093
eastern,FIPS_20075~~FIPS_20187
eastern,FIPS_20077~~FIPS_20095_20155
eastern,FIPS_20077~~FIPS_20191
eastern,FIPS_20079~~FIPS_20095_20155
eastern,FIPS_20079~~FIPS_20113
eastern,FIPS_20079~~FIPS_20115
eastern,FIPS_20079~~FIPS_20143_20169
eastern,FIPS_20079~~FIPS_20159
eastern,FIPS_20079~~FIPS_20173
eastern,FIPS_20081~~FIPS_20175
eastern,FIPS_20083~~FIPS_20145
eastern,FIPS_20085~~FIPS_20087
eastern,FIPS_20085~~FIPS_20103
eastern,FIPS_20085~~FIPS_20131
eastern,FIPS_20085~~FIPS_20149
eastern,FIPS_20085~~FIPS_20177
eastern,FIPS_20087~~FIPS_20103
eastern,FIPS_20087~~FIPS_20177
eastern,FIPS_20089~~FIPS_20183
eastern,FIPS_20091~~FIPS_20103
eastern,FIPS_20091~~FIPS_20209
eastern,FIPS_20091~~FIPS_29037
eastern,FIPS_20091~~FIPS_29083
eastern,FIPS_20091~~FIPS_29095
eastern,FIPS_20095_20155~~FIPS_20173
eastern,FIPS_20095_20155~~FIPS_20185
eastern,FIPS_20099~~FIPS_20125
eastern,FIPS_20099~~FIPS_20133
eastern,FIPS_20099~~FIPS_20205
eastern,FIPS_20099~~FIPS_29145
eastern,FIPS_20099~~FIPS_40105
eastern,FIPS_20101~~FIPS_20135
eastern,FIPS_20101~~FIPS_20171
eastern,FIPS_20103~~FIPS_20177
eastern,FIPS_20103~~FIPS_20209
eastern,FIPS_20103~~FIPS_29165
eastern,FIPS_20105_20123~~FIPS_20183
eastern,FIPS_20109_20199~~FIPS_20181
eastern,FIPS_20111~~FIPS_20127
eastern,FIPS_20111~~FIPS_20139
eastern,FIPS_20111~~FIPS_20173
eastern,FIPS_20111~~FIPS_20177
eastern,FIPS_20113~~FIPS_20143_20169
eastern,FIPS_20113~~FIPS_20159
eastern,FIPS_20117~~FIPS_20131
eastern,FIPS_20117~~FIPS_20201
eastern,FIPS_20117~~FIPS_31095
eastern,FIPS_20121~~FIPS_29037
eastern,FIPS_20125~~FIPS_20205
eastern,FIPS_20125~~FIPS_40105
eastern,FIPS_20127~~FIPS_20139
eastern,FIPS_20127~~FIPS_20149
eastern,FIPS_20129~~FIPS_20187
eastern,FIPS_20129~~FIPS_20189
eastern,FIPS_20129~~FIPS_40025
eastern,FIPS_20129~~FIPS_40139
eastern,FIPS_20131~~FIPS_20177
eastern,FIPS_20131~~FIPS_31147
eastern,FIPS_20133~~FIPS_20205
eastern,FIPS_20133~~FIPS_20207
eastern,FIPS_20135~~FIPS_20145
eastern,FIPS_20135~~FIPS_20165
eastern,FIPS_20135~~FIPS_20195
eastern,FIPS_20137~~FIPS_20147
eastern,FIPS_20139~~FIPS_20177
eastern,FIPS_20141~~FIPS_20167
eastern,FIPS_20141~~FIPS_20183
eastern,FIPS_20145~~FIPS_20185
eastern,FIPS_20147~~FIPS_20163
eastern,FIPS_20147~~FIPS_20183
eastern,FIPS_20149~~FIPS_20161
eastern,FIPS_20149~~FIPS_20177
eastern,FIPS_20151~~FIPS_20173
eastern,FIPS_20151~~FIPS_20185
eastern,FIPS_20151~~FIPS_40153
eastern,FIPS_20153~~FIPS_20193
eastern,FIPS_20159~~FIPS_20185
eastern,FIPS_20165~~FIPS_31099
eastern,FIPS_20171~~FIPS_20193
eastern,FIPS_20171~~FIPS_20203
eastern,FIPS_20173~~FIPS_20191
eastern,FIPS_20173~~FIPS_40053
eastern,FIPS_20175~~FIPS_20189
eastern,FIPS_20175~~FIPS_40139
eastern,FIPS_20177~~FIPS_20197
eastern,FIPS_20179~~FIPS_20193
eastern,FIPS_20181~~FIPS_20193
eastern,FIPS_20189~~FIPS_40139
eastern,FIPS_20193~~FIPS_31145
eastern,FIPS_20205~~FIPS_20207
eastern,FIPS_20209~~FIPS_29037
eastern,FIPS_20209~~FIPS_29095
eastern,FIPS_20209~~FIPS_29165
eastern,FIPS_21001~~FIPS_21087
eastern,FIPS_21001~~FIPS_21169
eastern,FIPS_21001~~FIPS_21207
eastern,FIPS_21001~~FIPS_21217
eastern,FIPS_21003~~FIPS_21031_21227
eastern,FIPS_21003~~FIPS_47111
eastern,FIPS_21005~~FIPS_21167
eastern,FIPS_21005~~FIPS_21179
eastern,FIPS_21005~~FIPS_21239
eastern,FIPS_21007~~FIPS_21039
eastern,FIPS_21007~~FIPS_21145
eastern,FIPS_21009~~FIPS_21031_21227
eastern,FIPS_21009~~FIPS_21061_21099
eastern,FIPS_21009~~FIPS_21169
eastern,FIPS_21009~~FIPS_21171
eastern,FIPS_21011~~FIPS_21049
eastern,FIPS_21011~~FIPS_21067
eastern,FIPS_21011~~FIPS_21069
eastern,FIPS_21011~~FIPS_21161
eastern,FIPS_21011~~FIPS_21173
eastern,FIPS_21011~~FIPS_21205
eastern,FIPS_21013~~FIPS_21079
eastern,FIPS_21013~~FIPS_21095
eastern,FIPS_21013~~FIPS_21121
eastern,FIPS_21013~~FIPS_21131
eastern,FIPS_21013~~FIPS_21199
eastern,FIPS_21013~~FIPS_47013
eastern,FIPS_21013~~FIPS_51105
eastern,FIPS_21015~~FIPS_21037
eastern,FIPS_21015~~FIPS_21077
eastern,FIPS_21015~~FIPS_21081
eastern,FIPS_21015~~FIPS_21097
eastern,FIPS_21015~~FIPS_21117
eastern,FIPS_21015~~FIPS_39025
eastern,FIPS_21015~~FIPS_39061
eastern,FIPS_21017~~FIPS_21049
eastern,FIPS_21017~~FIPS_21067
eastern,FIPS_21017~~FIPS_21097
eastern,FIPS_21017~~FIPS_21181
eastern,FIPS_21019~~FIPS_21043
eastern,FIPS_21019~~FIPS_21089
eastern,FIPS_21019~~FIPS_21127
eastern,FIPS_21019~~FIPS_39087
eastern,FIPS_21019~~FIPS_54099
eastern,FIPS_21021~~FIPS_21079
eastern,FIPS_21021~~FIPS_21137
eastern,FIPS_21021~~FIPS_21151
eastern,FIPS_21021~~FIPS_21155
eastern,FIPS_21021~~FIPS_21167
eastern,FIPS_21021~~FIPS_21229
eastern,FIPS_21021~~FIPS_21239
eastern,FIPS_21023_21201~~FIPS_21117
eastern,FIPS_21023_21201~~FIPS_21161
eastern,FIPS_21023_21201~~FIPS_21191
eastern,FIPS_21025~~FIPS_21129
eastern,FIPS_21025~~FIPS_21189
eastern,FIPS_21025~~FIPS_21193
eastern,FIPS_21025~~FIPS_21237
eastern,FIPS_21027~~FIPS_21091
eastern,FIPS_21027~~FIPS_21093
eastern,FIPS_21027~~FIPS_21163
eastern,FIPS_21027~~FIPS_21183
eastern,FIPS_21029~~FIPS_21093
eastern,FIPS_21029~~FIPS_21111
eastern,FIPS_21029~~FIPS_21125
eastern,FIPS_21029~~FIPS_21163
eastern,FIPS_21029~~FIPS_21169
eastern,FIPS_21029~~FIPS_21179
eastern,FIPS_21029~~FIPS_21215
eastern,FIPS_21031_21227~~FIPS_21141
eastern,FIPS_21031_21227~~FIPS_21177
eastern,FIPS_21031_21227~~FIPS_21213
eastern,FIPS_21033~~FIPS_21047
eastern,FIPS_21033~~FIPS_21055
eastern,FIPS_21033~~FIPS_21107
eastern,FIPS_21033~~FIPS_21139
eastern,FIPS_21033~~FIPS_21143
eastern,FIPS_21033~~FIPS_21221
eastern,FIPS_21035~~FIPS_21083
eastern,FIPS_21035~~FIPS_21157
eastern,FIPS_21037~~FIPS_21117
eastern,FIPS_21037~~FIPS_21191
eastern,FIPS_21037~~FIPS_39025
eastern,FIPS_21037~~FIPS_39061
eastern,FIPS_21039~~FIPS_21075_21105
eastern,FIPS_21039~~FIPS_21145
eastern,FIPS_21041~~FIPS_21067
eastern,FIPS_21041~~FIPS_21073
eastern,FIPS_21041~~FIPS_21077
eastern,FIPS_21041~~FIPS_21103
eastern,FIPS_21041~~FIPS_21117
eastern,FIPS_21041~~FIPS_21187
eastern,FIPS_21041~~FIPS_21223
eastern,FIPS_21043~~FIPS_21063
eastern,FIPS_21043~~FIPS_21069
eastern,FIPS_21043~~FIPS_21089
eastern,FIPS_21043~~FIPS_21205
eastern,FIPS_21045~~FIPS_21137
eastern,FIPS_21045~~FIPS_21155
eastern,FIPS_21045~~FIPS_21199
eastern,FIPS_21045~~FIPS_21207
eastern,FIPS_21045~~FIPS_21235
eastern,FIPS_21047~~FIPS_21107
eastern,FIPS_21047~~FIPS_21141
eastern,FIPS_21047~~FIPS_21177
eastern,FIPS_21047~~FIPS_21219
eastern,FIPS_21047~~FIPS_21221
eastern,FIPS_21049~~FIPS_21065
eastern,FIPS_21049~~FIPS_21067
eastern,FIPS_21049~~FIPS_21079
eastern,FIPS_21049~~FIPS_21129
eastern,FIPS_21049~~FIPS_21151
eastern,FIPS_21049~~FIPS_21173
eastern,FIPS_21049~~FIPS_21197
eastern,FIPS_21051~~FIPS_21109
eastern,FIPS_21051~~FIPS_21121
eastern,FIPS_21051~~FIPS_21125
eastern,FIPS_21053~~FIPS_21057
eastern,FIPS_21053~~FIPS_21231
eastern,FIPS_21055~~FIPS_21139
eastern,FIPS_21055~~FIPS_21143
eastern,FIPS_21055~~FIPS_21225
eastern,FIPS_21057~~FIPS_21169
eastern,FIPS_21057~~FIPS_21171
eastern,FIPS_21057~~FIPS_21207
eastern,FIPS_21059~~FIPS_21091
eastern,FIPS_21059~~FIPS_21093
eastern,FIPS_21059~~FIPS_21101
eastern,FIPS_21059~~FIPS_21149
eastern,FIPS_21059~~FIPS_21177
eastern,FIPS_21059~~FIPS_21183
eastern,FIPS_21059~~FIPS_21233
eastern,FIPS_21061_21099~~FIPS_21085
eastern,FIPS_21061_21099~~FIPS_21093
eastern,FIPS_21061_21099~~FIPS_21123
eastern,FIPS_21061_21099~~FIPS_21155
eastern,FIPS_21063~~FIPS_21127
eastern,FIPS_21065~~FIPS_21129
eastern,FIPS_21065~~FIPS_21151
eastern,FIPS_21065~~FIPS_21197
eastern,FIPS_21065~~FIPS_21203
eastern,FIPS_21067~~FIPS_21073
eastern,FIPS_21067~~FIPS_21113
eastern,FIPS_21067~~FIPS_21167
eastern,FIPS_21067~~FIPS_21209
eastern,FIPS_21067~~FIPS_21239
eastern,FIPS_21069~~FIPS_21135
eastern,FIPS_21069~~FIPS_21161
eastern,FIPS_21069~~FIPS_21205
eastern,FIPS_21071~~FIPS_21115
eastern,FIPS_21071~~FIPS_21119
eastern,FIPS_21071~~FIPS_21153
eastern,FIPS_21071~~FIPS_21195
eastern,FIPS_21071~~FIPS_21197
eastern,FIPS_21071~~FIPS_51051
eastern,FIPS_21073~~FIPS_21103
eastern,FIPS_21073~~FIPS_21187
eastern,FIPS_21073~~FIPS_21209
eastern,FIPS_21073~~FIPS_21211
eastern,FIPS_21073~~FIPS_21239
eastern,FIPS_21075_21105~~FIPS_47131
eastern,FIPS_21077~~FIPS_21081
eastern,FIPS_21077~~FIPS_21187
eastern,FIPS_21079~~FIPS_21111
eastern,FIPS_21079~~FIPS_21113
eastern,FIPS_21079~~FIPS_21137
eastern,FIPS_21079~~FIPS_21151
eastern,FIPS_21079~~FIPS_21167
eastern,FIPS_21079~~FIPS_21239
eastern,FIPS_21081~~FIPS_21097
eastern,FIPS_21081~~FIPS_21117
eastern,FIPS_21083~~FIPS_21157
eastern,FIPS_21083~~FIPS_47079
eastern,FIPS_21085~~FIPS_21149
eastern,FIPS_21085~~FIPS_21183
eastern,FIPS_21087~~FIPS_21123
eastern,FIPS_21087~~FIPS_21169
eastern,FIPS_21087~~FIPS_21217
eastern,FIPS_21089~~FIPS_21135
eastern,FIPS_21089~~FIPS_39087
eastern,FIPS_21089~~FIPS_39145
eastern,FIPS_21091~~FIPS_21163
eastern,FIPS_21093~~FIPS_21111
eastern,FIPS_21093~~FIPS_21123
eastern,FIPS_21093~~FIPS_21167
eastern,FIPS_21093~~FIPS_21179
eastern,FIPS_21093~~FIPS_21183
eastern,FIPS_21095~~FIPS_21131
eastern,FIPS_21095~~FIPS_21133
eastern,FIPS_21095~~FIPS_51105
eastern,FIPS_21095~~FIPS_51195
eastern,FIPS_21095~~FIPS_51720
eastern,FIPS_21097~~FIPS_21161
eastern,FIPS_21097~~FIPS_21181
eastern,FIPS_21097~~FIPS_21191
eastern,FIPS_21097~~FIPS_21209
eastern,FIPS_21101~~FIPS_21177
eastern,FIPS_21101~~FIPS_21225
eastern,FIPS_21101~~FIPS_21233
eastern,FIPS_21103~~FIPS_21111
eastern,FIPS_21103~~FIPS_21185
eastern,FIPS_21103~~FIPS_21187
eastern,FIPS_21103~~FIPS_21211
eastern,FIPS_21103~~FIPS_21223
eastern,FIPS_21107~~FIPS_21143
eastern,FIPS_21107~~FIPS_21149
eastern,FIPS_21107~~FIPS_21177
eastern,FIPS_21107~~FIPS_21225
eastern,FIPS_21107~~FIPS_21233
eastern,FIPS_21109~~FIPS_21125
eastern,FIPS_21109~~FIPS_21129
eastern,FIPS_21109~~FIPS_21189
eastern,FIPS_21109~~FIPS_21203
eastern,FIPS_21111~~FIPS_21163
eastern,FIPS_21111~~FIPS_21185
eastern,FIPS_21111~~FIPS_21211
eastern,FIPS_21111~~FIPS_21223
eastern,FIPS_21111~~FIPS_21239
eastern,FIPS_21113~~FIPS_21151
eastern,FIPS_21113~~FIPS_21167
eastern,FIPS_21113~~FIPS_21239
eastern,FIPS_21115~~FIPS_21127
eastern,FIPS_21115~~FIPS_21159
eastern,FIPS_21117~~FIPS_21161
eastern,FIPS_21117~~FIPS_39025
eastern,FIPS_21117~~FIPS_39061
eastern,FIPS_21119~~FIPS_21193
eastern,FIPS_21121~~FIPS_21125
eastern,FIPS_21121~~FIPS_21235
eastern,FIPS_21123~~FIPS_21179
eastern,FIPS_21125~~FIPS_21199
eastern,FIPS_21125~~FIPS_21203
eastern,FIPS_21125~~FIPS_21235
eastern,FIPS_21127~~FIPS_21153
eastern,FIPS_21127~~FIPS_21159
eastern,FIPS_21127~~FIPS_21175
eastern,FIPS_21127~~FIPS_21205
eastern,FIPS_21127~~FIPS_39087
eastern,FIPS_21127~~FIPS_54099
eastern,FIPS_21129~~FIPS_21131
eastern,FIPS_21129~~FIPS_21197
eastern,FIPS_21129~~FIPS_21237
eastern,FIPS_21131~~FIPS_21193
eastern,FIPS_21133~~FIPS_21193
eastern,FIPS_21133~~FIPS_21195
eastern,FIPS_21133~~FIPS_51195
eastern,FIPS_21135~~FIPS_21161
eastern,FIPS_21137~~FIPS_21199
eastern,FIPS_21137~~FIPS_21203
eastern,FIPS_21139~~FIPS_21143
eastern,FIPS_21139~~FIPS_21145
eastern,FIPS_21139~~FIPS_21157
eastern,FIPS_21141~~FIPS_21177
eastern,FIPS_21141~~FIPS_47037
eastern,FIPS_21141~~FIPS_47147
eastern,FIPS_21143~~FIPS_47161
eastern,FIPS_21145~~FIPS_21157
eastern,FIPS_21147~~FIPS_21231
eastern,FIPS_21147~~FIPS_21235
eastern,FIPS_21147~~FIPS_47151
eastern,FIPS_21149~~FIPS_21177
eastern,FIPS_21149~~FIPS_21183
eastern,FIPS_21149~~FIPS_21233
eastern,FIPS_21151~~FIPS_21167
eastern,FIPS_21151~~FIPS_21197
eastern,FIPS_21153~~FIPS_21237
eastern,FIPS_21155~~FIPS_21179
eastern,FIPS_21155~~FIPS_21217
eastern,FIPS_21155~~FIPS_21229
eastern,FIPS_21157~~FIPS_47161
eastern,FIPS_21159~~FIPS_21195
eastern,FIPS_21159~~FIPS_54059
eastern,FIPS_21161~~FIPS_21181
eastern,FIPS_21161~~FIPS_39001
eastern,FIPS_21161~~FIPS_39015
eastern,FIPS_21161~~FIPS_39025
eastern,FIPS_21165~~FIPS_21173
eastern,FIPS_21165~~FIPS_21175
eastern,FIPS_21167~~FIPS_21179
eastern,FIPS_21167~~FIPS_21199
eastern,FIPS_21167~~FIPS_21239
eastern,FIPS_21169~~FIPS_21171
eastern,FIPS_21169~~FIPS_21207
eastern,FIPS_21169~~FIPS_47027
eastern,FIPS_21169~~FIPS_47111
eastern,FIPS_21171~~FIPS_47027
eastern,FIPS_21173~~FIPS_21197
eastern,FIPS_21173~~FIPS_21205
eastern,FIPS_21175~~FIPS_21205
eastern,FIPS_21175~~FIPS_21237
eastern,FIPS_21177~~FIPS_21183
eastern,FIPS_21177~~FIPS_21219
eastern,FIPS_21177~~FIPS_47125
eastern,FIPS_21179~~FIPS_21215
eastern,FIPS_21179~~FIPS_21229
eastern,FIPS_21183~~FIPS_21233
eastern,FIPS_21185~~FIPS_21211
eastern,FIPS_21185~~FIPS_21223
eastern,FIPS_21187~~FIPS_21209
eastern,FIPS_21193~~FIPS_21195
eastern,FIPS_21195~~FIPS_51027
eastern,FIPS_21195~~FIPS_51051
eastern,FIPS_21195~~FIPS_54059
eastern,FIPS_21199~~FIPS_21203
eastern,FIPS_21199~~FIPS_21207
eastern,FIPS_21199~~FIPS_21231
eastern,FIPS_21199~~FIPS_21235
eastern,FIPS_21207~~FIPS_21231
eastern,FIPS_21207~~FIPS_47137
eastern,FIPS_21209~~FIPS_21239
eastern,FIPS_21211~~FIPS_21215
eastern,FIPS_21211~~FIPS_21239
eastern,FIPS_21213~~FIPS_47147
eastern,FIPS_21219~~FIPS_47125
eastern,FIPS_21225~~FIPS_21233
eastern,FIPS_21235~~FIPS_47013
eastern,FIPS_22001~~FIPS_22019
eastern,FIPS_22001~~FIPS_22053
eastern,FIPS_22001~~FIPS_22055
eastern,FIPS_22001~~FIPS_22097
eastern,FIPS_22001~~FIPS_22113
eastern,FIPS_22003~~FIPS_22011
eastern,FIPS_22003~~FIPS_22039
eastern,FIPS_22003~~FIPS_22053
eastern,FIPS_22003~~FIPS_22055
eastern,FIPS_22003~~FIPS_22097
eastern,FIPS_22003~~FIPS_22113
eastern,FIPS_22005~~FIPS_22007
eastern,FIPS_22005~~FIPS_22033
eastern,FIPS_22005~~FIPS_22047
eastern,FIPS_22005~~FIPS_22063
eastern,FIPS_22005~~FIPS_22093
eastern,FIPS_22005~~FIPS_22095
eastern,FIPS_22007~~FIPS_22047
eastern,FIPS_22009~~FIPS_22039
eastern,FIPS_22009~~FIPS_22079
eastern,FIPS_22011~~FIPS_22019
eastern,FIPS_22011~~FIPS_22115
eastern,FIPS_22011~~FIPS_48351
eastern,FIPS_22013~~FIPS_22049
eastern,FIPS_22013~~FIPS_22061
eastern,FIPS_22013~~FIPS_22069
eastern,FIPS_22013~~FIPS_22081
eastern,FIPS_22013~~FIPS_22119
eastern,FIPS_22013~~FIPS_22127
eastern,FIPS_22013~~FIPS_48351
eastern,FIPS_22015~~FIPS_22017
eastern,FIPS_22015~~FIPS_22119
eastern,FIPS_22017~~FIPS_22031
eastern,FIPS_22017~~FIPS_22081
eastern,FIPS_22017~~FIPS_22119
eastern,FIPS_22017~~FIPS_48203
eastern,FIPS_22017~~FIPS_48315
eastern,FIPS_22017~~FIPS_48401
eastern,FIPS_22019~~FIPS_22023
eastern,FIPS_22019~~FIPS_22053
eastern,FIPS_22019~~FIPS_48351
eastern,FIPS_22019~~FIPS_48361
eastern,FIPS_22021~~FIPS_22059
eastern,FIPS_22021~~FIPS_22073
eastern,FIPS_22025~~FIPS_22029
eastern,FIPS_22027~~FIPS_22119
eastern,FIPS_22029~~FIPS_22041_22107
eastern,FIPS_22029~~FIPS_22059
eastern,FIPS_22029~~FIPS_28001
eastern,FIPS_22029~~FIPS_28157
eastern,FIPS_22031~~FIPS_22081
eastern,FIPS_22031~~FIPS_22085
eastern,FIPS_22031~~FIPS_48365
eastern,FIPS_22031~~FIPS_48419
eastern,FIPS_22033~~FIPS_22037_22091
eastern,FIPS_22033~~FIPS_22047
eastern,FIPS_22033~~FIPS_22063
eastern,FIPS_22033~~FIPS_22121
eastern,FIPS_22033~~FIPS_22125
eastern,FIPS_22035_22123~~FIPS_22065
eastern,FIPS_22035_22123~~FIPS_22067
eastern,FIPS_22037_22091~~FIPS_22063
eastern,FIPS_22037_22091~~FIPS_22125
eastern,FIPS_22037_22091~~FIPS_28037
eastern,FIPS_22037_22091~~FIPS_28059
eastern,FIPS_22039~~FIPS_22079
eastern,FIPS_22039~~FIPS_22097
eastern,FIPS_22041_22107~~FIPS_22083
eastern,FIPS_22043~~FIPS_22079
eastern,FIPS_22043~~FIPS_22127
eastern,FIPS_22045~~FIPS_22055
eastern,FIPS_22045~~FIPS_22099
eastern,FIPS_22045~~FIPS_22101
eastern,FIPS_22045~~FIPS_22113
eastern,FIPS_22047~~FIPS_22057
eastern,FIPS_22047~~FIPS_22063
eastern,FIPS_22047~~FIPS_22077
eastern,FIPS_22047~~FIPS_22089
eastern,FIPS_22047~~FIPS_22097
eastern,FIPS_22047~~FIPS_22121
eastern,FIPS_22049~~FIPS_22061
eastern,FIPS_22049~~FIPS_22119
eastern,FIPS_22049~~FIPS_22127
eastern,FIPS_22051~~FIPS_22057
eastern,FIPS_22051~~FIPS_22071
eastern,FIPS_22051~~FIPS_22075
eastern,FIPS_22051~~FIPS_22089
eastern,FIPS_22053~~FIPS_22113
eastern,FIPS_22055~~FIPS_22097
eastern,FIPS_22055~~FIPS_22099
eastern,FIPS_22055~~FIPS_22113
eastern,FIPS_22057~~FIPS_22089
eastern,FIPS_22057~~FIPS_22093
eastern,FIPS_22057~~FIPS_22109
eastern,FIPS_22059~~FIPS_22079
eastern,FIPS_22059~~FIPS_22127
eastern,FIPS_22061~~FIPS_22111
eastern,FIPS_22061~~FIPS_48351
eastern,FIPS_22063~~FIPS_22105
eastern,FIPS_22065~~FIPS_22083
eastern,FIPS_22065~~FIPS_28149
eastern,FIPS_22067~~FIPS_22073
eastern,FIPS_22067~~FIPS_22083
eastern,FIPS_22069~~FIPS_22085
eastern,FIPS_22069~~FIPS_22127
eastern,FIPS_22071~~FIPS_22087
eastern,FIPS_22071~~FIPS_22103
eastern,FIPS_22073~~FIPS_22083
eastern,FIPS_22073~~FIPS_22111
eastern,FIPS_22075~~FIPS_22087
eastern,FIPS_22077~~FIPS_22097
eastern,FIPS_22077~~FIPS_22121
eastern,FIPS_22077~~FIPS_22125
eastern,FIPS_22079~~FIPS_22115
eastern,FIPS_22083~~FIPS_28149
eastern,FIPS_22085~~FIPS_48351
eastern,FIPS_22089~~FIPS_22093
eastern,FIPS_22089~~FIPS_22095
eastern,FIPS_22089~~FIPS_22103
eastern,FIPS_22093~~FIPS_22095
eastern,FIPS_22101~~FIPS_22109
eastern,FIPS_22103~~FIPS_22105
eastern,FIPS_22103~~FIPS_22117
eastern,FIPS_22103~~FIPS_28045
eastern,FIPS_22105~~FIPS_22117
eastern,FIPS_22105~~FIPS_28005
eastern,FIPS_22105~~FIPS_28113
eastern,FIPS_22115~~FIPS_48351
eastern,FIPS_22117~~FIPS_28037
eastern,FIPS_22117~~FIPS_28073
eastern,FIPS_22117~~FIPS_28147
eastern,FIPS_23001~~FIPS_23005
eastern,FIPS_23001~~FIPS_23007
eastern,FIPS_23001~~FIPS_23011
eastern,FIPS_23001~~FIPS_23017
eastern,FIPS_23003~~FIPS_23019
eastern,FIPS_23005~~FIPS_23015
eastern,FIPS_23005~~FIPS_23017
eastern,FIPS_23005~~FIPS_23023
eastern,FIPS_23005~~FIPS_23031
eastern,FIPS_23007~~FIPS_23017
eastern,FIPS_23007~~FIPS_23025
eastern,FIPS_23009~~FIPS_23019
eastern,FIPS_23009~~FIPS_23027
eastern,FIPS_23009~~FIPS_23029
eastern,FIPS_23011~~FIPS_23013
eastern,FIPS_23011~~FIPS_23015
eastern,FIPS_23011~~FIPS_23019
eastern,FIPS_23011~~FIPS_23025
eastern,FIPS_23011~~FIPS_23027
eastern,FIPS_23013~~FIPS_23015
eastern,FIPS_23013~~FIPS_23027
eastern,FIPS_23015~~FIPS_23023
eastern,FIPS_23017~~FIPS_33003
eastern,FIPS_23019~~FIPS_23021
eastern,FIPS_23019~~FIPS_23027
eastern,FIPS_23019~~FIPS_23029
eastern,FIPS_23021~~FIPS_23025
eastern,FIPS_23025~~FIPS_23027
eastern,FIPS_23031~~FIPS_33015
eastern,FIPS_23031~~FIPS_33017
eastern,FIPS_24001~~FIPS_24023
eastern,FIPS_24001~~FIPS_54057
eastern,FIPS_24001~~FIPS_54065
eastern,FIPS_24003~~FIPS_24005
eastern,FIPS_24003~~FIPS_24009
eastern,FIPS_24003~~FIPS_24027
eastern,FIPS_24003~~FIPS_24031
eastern,FIPS_24003~~FIPS_24033
eastern,FIPS_24003~~FIPS_24510
eastern,FIPS_24005~~FIPS_24013
eastern,FIPS_24005~~FIPS_24025
eastern,FIPS_24005~~FIPS_24027
eastern,FIPS_24005~~FIPS_24510
eastern,FIPS_24009~~FIPS_24033
eastern,FIPS_24009~~FIPS_24037
eastern,FIPS_24011~~FIPS_24019
eastern,FIPS_24011~~FIPS_24035
eastern,FIPS_24011~~FIPS_24041
eastern,FIPS_24013~~FIPS_24021
eastern,FIPS_24013~~FIPS_42001
eastern,FIPS_24015~~FIPS_24025
eastern,FIPS_24015~~FIPS_42029
eastern,FIPS_24015~~FIPS_42133
eastern,FIPS_24017~~FIPS_24033
eastern,FIPS_24017~~FIPS_24037
eastern,FIPS_24019~~FIPS_24039
eastern,FIPS_24019~~FIPS_24041
eastern,FIPS_24019~~FIPS_24045
eastern,FIPS_24021~~FIPS_24027
eastern,FIPS_24021~~FIPS_24031
eastern,FIPS_24021~~FIPS_24043
eastern,FIPS_24021~~FIPS_42001
eastern,FIPS_24021~~FIPS_51107
eastern,FIPS_24021~~FIPS_54003
eastern,FIPS_24021~~FIPS_54023
eastern,FIPS_24021~~FIPS_54037
eastern,FIPS_24023~~FIPS_42111
eastern,FIPS_24023~~FIPS_54023
eastern,FIPS_24023~~FIPS_54057
eastern,FIPS_24023~~FIPS_54077
eastern,FIPS_24025~~FIPS_24031
eastern,FIPS_24025~~FIPS_42001
eastern,FIPS_24025~~FIPS_42029
eastern,FIPS_24025~~FIPS_42071
eastern,FIPS_24025~~FIPS_42133
eastern,FIPS_24027~~FIPS_24033
eastern,FIPS_24029~~FIPS_24035
eastern,FIPS_24031~~FIPS_24033
eastern,FIPS_24031~~FIPS_51107
eastern,FIPS_24033~~FIPS_51153
eastern,FIPS_24035~~FIPS_24041
eastern,FIPS_24039~~FIPS_24045
eastern,FIPS_24039~~FIPS_24047
eastern,FIPS_24043~~FIPS_42055
eastern,FIPS_24043~~FIPS_54003
eastern,FIPS_24043~~FIPS_54037
eastern,FIPS_24043~~FIPS_54065
eastern,FIPS_24045~~FIPS_24047
eastern,FIPS_24045~~FIPS_51001
eastern,FIPS_24047~~FIPS_51001
eastern,FIPS_25001~~FIPS_25007_25019
eastern,FIPS_25001~~FIPS_25023
eastern,FIPS_25003~~FIPS_25011
eastern,FIPS_25003~~FIPS_25013
eastern,FIPS_25003~~FIPS_25015
eastern,FIPS_25003~~FIPS_25027
eastern,FIPS_25003~~FIPS_36083
eastern,FIPS_25003~~FIPS_50003
eastern,FIPS_25005~~FIPS_25021
eastern,FIPS_25005~~FIPS_25023
eastern,FIPS_25005~~FIPS_25027
eastern,FIPS_25005~~FIPS_44001
eastern,FIPS_25005~~FIPS_44005
eastern,FIPS_25005~~FIPS_44007
eastern,FIPS_25009~~FIPS_25017
eastern,FIPS_25009~~FIPS_25025
eastern,FIPS_25009~~FIPS_33015
eastern,FIPS_25011~~FIPS_25013
eastern,FIPS_25011~~FIPS_25015
eastern,FIPS_25011~~FIPS_25027
eastern,FIPS_25011~~FIPS_33005
eastern,FIPS_25011~~FIPS_50003
eastern,FIPS_25011~~FIPS_50025
eastern,FIPS_25013~~FIPS_25015
eastern,FIPS_25013~~FIPS_25027
eastern,FIPS_25015~~FIPS_25027
eastern,FIPS_25017~~FIPS_25021
eastern,FIPS_25017~~FIPS_25025
eastern,FIPS_25017~~FIPS_25027
eastern,FIPS_25017~~FIPS_33011
eastern,FIPS_25017~~FIPS_33015
eastern,FIPS_25021~~FIPS_25023
eastern,FIPS_25021~~FIPS_25025
eastern,FIPS_25021~~FIPS_25027
eastern,FIPS_25021~~FIPS_44007
eastern,FIPS_25023~~FIPS_25027
eastern,FIPS_25027~~FIPS_33011
eastern,FIPS_25027~~FIPS_44007
eastern,FIPS_26001~~FIPS_26007
eastern,FIPS_26001~~FIPS_26069
eastern,FIPS_26001~~FIPS_26129
eastern,FIPS_26001~~FIPS_26135
eastern,FIPS_26003~~FIPS_26095
eastern,FIPS_26003~~FIPS_26103
eastern,FIPS_26005~~FIPS_26015
eastern,FIPS_26005~~FIPS_26025
eastern,FIPS_26005~~FIPS_26075
eastern,FIPS_26005~~FIPS_26077
eastern,FIPS_26005~~FIPS_26081
eastern,FIPS_26005~~FIPS_26139
eastern,FIPS_26005~~FIPS_26159
eastern,FIPS_26007~~FIPS_26119
eastern,FIPS_26007~~FIPS_26141
eastern,FIPS_26009~~FIPS_26029
eastern,FIPS_26009~~FIPS_26079
eastern,FIPS_26009~~FIPS_26137
eastern,FIPS_26011~~FIPS_26017
eastern,FIPS_26011~~FIPS_26051
eastern,FIPS_26011~~FIPS_26069
eastern,FIPS_26011~~FIPS_26129
eastern,FIPS_26013~~FIPS_26061
eastern,FIPS_26013~~FIPS_26103
eastern,FIPS_26015~~FIPS_26025
eastern,FIPS_26015~~FIPS_26045
eastern,FIPS_26015~~FIPS_26067
eastern,FIPS_26015~~FIPS_26077
eastern,FIPS_26015~~FIPS_26081
eastern,FIPS_26017~~FIPS_26049
eastern,FIPS_26017~~FIPS_26069
eastern,FIPS_26017~~FIPS_26087
eastern,FIPS_26017~~FIPS_26111
eastern,FIPS_26017~~FIPS_26145
eastern,FIPS_26017~~FIPS_26157
eastern,FIPS_26019~~FIPS_26055
eastern,FIPS_26019~~FIPS_26101
eastern,FIPS_26021~~FIPS_26027
eastern,FIPS_26021~~FIPS_26159
eastern,FIPS_26023~~FIPS_26025
eastern,FIPS_26023~~FIPS_26059
eastern,FIPS_26023~~FIPS_26149
eastern,FIPS_26025~~FIPS_26045
eastern,FIPS_26025~~FIPS_26059
eastern,FIPS_26025~~FIPS_26075
eastern,FIPS_26025~~FIPS_26077
eastern,FIPS_26027~~FIPS_26149
eastern,FIPS_26027~~FIPS_26159
eastern,FIPS_26029~~FIPS_26047
eastern,FIPS_26029~~FIPS_26137
eastern,FIPS_26031~~FIPS_26047
eastern,FIPS_26031~~FIPS_26137
eastern,FIPS_26031~~FIPS_26141
eastern,FIPS_26033~~FIPS_26047
eastern,FIPS_26033~~FIPS_26095
eastern,FIPS_26033~~FIPS_26097
eastern,FIPS_26033~~FIPS_26153
eastern,FIPS_26035~~FIPS_26051
eastern,FIPS_26035~~FIPS_26073
eastern,FIPS_26035~~FIPS_26111
eastern,FIPS_26035~~FIPS_26143
eastern,FIPS_26037~~FIPS_26057
eastern,FIPS_26037~~FIPS_26065
eastern,FIPS_26037~~FIPS_26067
eastern,FIPS_26037~~FIPS_26155
eastern,FIPS_26039~~FIPS_26079
eastern,FIPS_26041~~FIPS_26047
eastern,FIPS_26041~~FIPS_26103
eastern,FIPS_26041~~FIPS_26109
eastern,FIPS_26041~~FIPS_26153
eastern,FIPS_26043~~FIPS_26071
eastern,FIPS_26043~~FIPS_26103
eastern,FIPS_26043~~FIPS_26109
eastern,FIPS_26043~~FIPS_55075
eastern,FIPS_26043~~FIPS_55083
eastern,FIPS_26045~~FIPS_26065
eastern,FIPS_26045~~FIPS_26067
eastern,FIPS_26045~~FIPS_26161
eastern,FIPS_26047~~FIPS_26097
eastern,FIPS_26047~~FIPS_26137
eastern,FIPS_26049~~FIPS_26087
eastern,FIPS_26049~~FIPS_26093
eastern,FIPS_26049~~FIPS_26099
eastern,FIPS_26049~~FIPS_26125
eastern,FIPS_26049~~FIPS_26145
eastern,FIPS_26049~~FIPS_26155
eastern,FIPS_26049~~FIPS_26157
eastern,FIPS_26051~~FIPS_26111
eastern,FIPS_26053~~FIPS_26131
eastern,FIPS_26053~~FIPS_55051
eastern,FIPS_26053~~FIPS_55125
eastern,FIPS_26055~~FIPS_26079
eastern,FIPS_26055~~FIPS_26089
eastern,FIPS_26055~~FIPS_26105
eastern,FIPS_26055~~FIPS_26137
eastern,FIPS_26055~~FIPS_26165
eastern,FIPS_26057~~FIPS_26073
eastern,FIPS_26057~~FIPS_26081
eastern,FIPS_26057~~FIPS_26111
eastern,FIPS_26057~~FIPS_26117
eastern,FIPS_26057~~FIPS_26139
eastern,FIPS_26057~~FIPS_26145
eastern,FIPS_26059~~FIPS_26075
eastern,FIPS_26059~~FIPS_26091
eastern,FIPS_26061~~FIPS_26083
eastern,FIPS_26061~~FIPS_26131
eastern,FIPS_26063~~FIPS_26147
eastern,FIPS_26063~~FIPS_26151
eastern,FIPS_26063~~FIPS_26157
eastern,FIPS_26065~~FIPS_26075
eastern,FIPS_26065~~FIPS_26093
eastern,FIPS_26065~~FIPS_26155
eastern,FIPS_26067~~FIPS_26081
eastern,FIPS_26067~~FIPS_26117
eastern,FIPS_26071~~FIPS_55037
eastern,FIPS_26071~~FIPS_55041
eastern,FIPS_26073~~FIPS_26107
eastern,FIPS_26073~~FIPS_26111
eastern,FIPS_26073~~FIPS_26117
eastern,FIPS_26073~~FIPS_26133
eastern,FIPS_26075~~FIPS_26091
eastern,FIPS_26075~~FIPS_26161
eastern,FIPS_26077~~FIPS_26149
eastern,FIPS_26079~~FIPS_26113
eastern,FIPS_26079~~FIPS_26143
eastern,FIPS_26081~~FIPS_26117
eastern,FIPS_26081~~FIPS_26123
eastern,FIPS_26081~~FIPS_26139
eastern,FIPS_26081~~FIPS_26159
eastern,FIPS_26085~~FIPS_26101
eastern,FIPS_26085~~FIPS_26105
eastern,FIPS_26085~~FIPS_26123
eastern,FIPS_26085~~FIPS_26127
eastern,FIPS_26085~~FIPS_26133
eastern,FIPS_26085~~FIPS_26161
eastern,FIPS_26085~~FIPS_26165
eastern,FIPS_26087~~FIPS_26099
eastern,FIPS_26087~~FIPS_26125
eastern,FIPS_26087~~FIPS_26145
eastern,FIPS_26087~~FIPS_26147
eastern,FIPS_26087~~FIPS_26151
eastern,FIPS_26087~~FIPS_26157
eastern,FIPS_26091~~FIPS_26115
eastern,FIPS_26091~~FIPS_26161
eastern,FIPS_26093~~FIPS_26125
eastern,FIPS_26093~~FIPS_26155
eastern,FIPS_26093~~FIPS_26161
eastern,FIPS_26095~~FIPS_26097
eastern,FIPS_26095~~FIPS_26153
eastern,FIPS_26097~~FIPS_26153
eastern,FIPS_26099~~FIPS_26125
eastern,FIPS_26099~~FIPS_26147
eastern,FIPS_26099~~FIPS_26163
eastern,FIPS_26101~~FIPS_26105
eastern,FIPS_26101~~FIPS_26113
eastern,FIPS_26101~~FIPS_26165
eastern,FIPS_26105~~FIPS_26117
eastern,FIPS_26105~~FIPS_26127
eastern,FIPS_26105~~FIPS_26139
eastern,FIPS_26105~~FIPS_26165
eastern,FIPS_26107~~FIPS_26117
eastern,FIPS_26107~~FIPS_26123
eastern,FIPS_26107~~FIPS_26133
eastern,FIPS_26109~~FIPS_55075
eastern,FIPS_26111~~FIPS_26129
eastern,FIPS_26111~~FIPS_26145
eastern,FIPS_26113~~FIPS_26133
eastern,FIPS_26113~~FIPS_26165
eastern,FIPS_26115~~FIPS_26161
eastern,FIPS_26115~~FIPS_26163
eastern,FIPS_26115~~FIPS_39095
eastern,FIPS_26117~~FIPS_26123
eastern,FIPS_26119~~FIPS_26135
eastern,FIPS_26119~~FIPS_26137
eastern,FIPS_26119~~FIPS_26141
eastern,FIPS_26121~~FIPS_26123
eastern,FIPS_26121~~FIPS_26127
eastern,FIPS_26121~~FIPS_26139
eastern,FIPS_26123~~FIPS_26127
eastern,FIPS_26123~~FIPS_26133
eastern,FIPS_26125~~FIPS_26147
eastern,FIPS_26125~~FIPS_26155
eastern,FIPS_26125~~FIPS_26161
eastern,FIPS_26125~~FIPS_26163
eastern,FIPS_26129~~FIPS_26137
eastern,FIPS_26129~~FIPS_26143
eastern,FIPS_26135~~FIPS_26143
eastern,FIPS_26145~~FIPS_26155
eastern,FIPS_26147~~FIPS_26151
eastern,FIPS_26149~~FIPS_26159
eastern,FIPS_26151~~FIPS_26157
eastern,FIPS_26161~~FIPS_26163
eastern,FIPS_26161~~FIPS_39173
eastern,FIPS_27001~~FIPS_27017
eastern,FIPS_27001~~FIPS_27035
eastern,FIPS_27001~~FIPS_27061
eastern,FIPS_27001~~FIPS_27095
eastern,FIPS_27003~~FIPS_27025
eastern,FIPS_27003~~FIPS_27053
eastern,FIPS_27003~~FIPS_27059
eastern,FIPS_27003~~FIPS_27123
eastern,FIPS_27003~~FIPS_27141
eastern,FIPS_27003~~FIPS_27163
eastern,FIPS_27003~~FIPS_27171
eastern,FIPS_27005~~FIPS_27027
eastern,FIPS_27005~~FIPS_27057
eastern,FIPS_27005~~FIPS_27087
eastern,FIPS_27005~~FIPS_27111
eastern,FIPS_27007~~FIPS_27021
eastern,FIPS_27007~~FIPS_27029
eastern,FIPS_27007~~FIPS_27057
eastern,FIPS_27007~~FIPS_27119
eastern,FIPS_27007~~FIPS_27137
eastern,FIPS_27009~~FIPS_27035
eastern,FIPS_27009~~FIPS_27095
eastern,FIPS_27009~~FIPS_27141
eastern,FIPS_27009~~FIPS_27145
eastern,FIPS_27009~~FIPS_27171
eastern,FIPS_27011~~FIPS_27149
eastern,FIPS_27011~~FIPS_27151
eastern,FIPS_27011~~FIPS_27155
eastern,FIPS_27011~~FIPS_46051
eastern,FIPS_27013~~FIPS_27043
eastern,FIPS_27013~~FIPS_27063
eastern,FIPS_27013~~FIPS_27079
eastern,FIPS_27013~~FIPS_27103
eastern,FIPS_27013~~FIPS_27161
eastern,FIPS_27013~~FIPS_27165
eastern,FIPS_27015~~FIPS_27033
eastern,FIPS_27015~~FIPS_27103
eastern,FIPS_27015~~FIPS_27127
eastern,FIPS_27015~~FIPS_27129
eastern,FIPS_27015~~FIPS_27165
eastern,FIPS_27017~~FIPS_27115
eastern,FIPS_27017~~FIPS_27137
eastern,FIPS_27019~~FIPS_27053
eastern,FIPS_27019~~FIPS_27085
eastern,FIPS_27019~~FIPS_27093
eastern,FIPS_27019~~FIPS_27139
eastern,FIPS_27019~~FIPS_27143
eastern,FIPS_27019~~FIPS_27171
eastern,FIPS_27021~~FIPS_27035
eastern,FIPS_27021~~FIPS_27057
eastern,FIPS_27021~~FIPS_27061
eastern,FIPS_27021~~FIPS_27159
eastern,FIPS_27023~~FIPS_27067
eastern,FIPS_27023~~FIPS_27083
eastern,FIPS_27023~~FIPS_27127
eastern,FIPS_27023~~FIPS_27129
eastern,FIPS_27023~~FIPS_27149
eastern,FIPS_27023~~FIPS_27151
eastern,FIPS_27023~~FIPS_27173
eastern,FIPS_27023~~FIPS_46039
eastern,FIPS_27025~~FIPS_27059
eastern,FIPS_27025~~FIPS_27115
eastern,FIPS_27025~~FIPS_27123
eastern,FIPS_27025~~FIPS_27137
eastern,FIPS_27025~~FIPS_27163
eastern,FIPS_27025~~FIPS_55095
eastern,FIPS_27027~~FIPS_27149
eastern,FIPS_27027~~FIPS_38017
eastern,FIPS_27029~~FIPS_27119
eastern,FIPS_27031~~FIPS_27075
eastern,FIPS_27031~~FIPS_27137
eastern,FIPS_27033~~FIPS_27063
eastern,FIPS_27033~~FIPS_27101
eastern,FIPS_27033~~FIPS_27127
eastern,FIPS_27033~~FIPS_27165
eastern,FIPS_27035~~FIPS_27057
eastern,FIPS_27035~~FIPS_27061
eastern,FIPS_27035~~FIPS_27095
eastern,FIPS_27035~~FIPS_27097
eastern,FIPS_27035~~FIPS_27153
eastern,FIPS_27037~~FIPS_27049
eastern,FIPS_27037~~FIPS_27053
eastern,FIPS_27037~~FIPS_27109
eastern,FIPS_27037~~FIPS_27123
eastern,FIPS_27037~~FIPS_27131
eastern,FIPS_27037~~FIPS_27139
eastern,FIPS_27037~~FIPS_27143
eastern,FIPS_27037~~FIPS_27163
eastern,FIPS_27037~~FIPS_55093
eastern,FIPS_27039~~FIPS_27049
eastern,FIPS_27039~~FIPS_27109
eastern,FIPS_27039~~FIPS_27147
eastern,FIPS_27041~~FIPS_27051
eastern,FIPS_27041~~FIPS_27111
eastern,FIPS_27041~~FIPS_27121
eastern,FIPS_27041~~FIPS_27145
eastern,FIPS_27041~~FIPS_27153
eastern,FIPS_27041~~FIPS_38017
eastern,FIPS_27043~~FIPS_27047
eastern,FIPS_27043~~FIPS_27063
eastern,FIPS_27043~~FIPS_27091
eastern,FIPS_27045~~FIPS_27055
eastern,FIPS_27045~~FIPS_27099
eastern,FIPS_27045~~FIPS_27109
eastern,FIPS_27045~~FIPS_27169
eastern,FIPS_27045~~FIPS_55123
eastern,FIPS_27047~~FIPS_27099
eastern,FIPS_27047~~FIPS_27147
eastern,FIPS_27047~~FIPS_27161
eastern,FIPS_27049~~FIPS_27109
eastern,FIPS_27049~~FIPS_27131
eastern,FIPS_27049~~FIPS_27157
eastern,FIPS_27049~~FIPS_27163
eastern,FIPS_27049~~FIPS_55093
eastern,FIPS_27051~~FIPS_27111
eastern,FIPS_27051~~FIPS_27149
eastern,FIPS_27053~~FIPS_27123
eastern,FIPS_27053~~FIPS_27139
eastern,FIPS_27053~~FIPS_27171
eastern,FIPS_27055~~FIPS_27169
eastern,FIPS_27055~~FIPS_55063
eastern,FIPS_27055~~FIPS_55123
eastern,FIPS_27059~~FIPS_27065
eastern,FIPS_27059~~FIPS_27095
eastern,FIPS_27061~~FIPS_27071
eastern,FIPS_27061~~FIPS_27137
eastern,FIPS_27063~~FIPS_27091
eastern,FIPS_27063~~FIPS_27105
eastern,FIPS_27065~~FIPS_27095
eastern,FIPS_27065~~FIPS_27115
eastern,FIPS_27067~~FIPS_27093
eastern,FIPS_27067~~FIPS_27121
eastern,FIPS_27067~~FIPS_27129
eastern,FIPS_27067~~FIPS_27145
eastern,FIPS_27067~~FIPS_27151
eastern,FIPS_27069~~FIPS_27089
eastern,FIPS_27069~~FIPS_38067
eastern,FIPS_27069~~FIPS_38099
eastern,FIPS_27071~~FIPS_27077
eastern,FIPS_27071~~FIPS_27137
eastern,FIPS_27073~~FIPS_27151
eastern,FIPS_27073~~FIPS_27173
eastern,FIPS_27073~~FIPS_46051
eastern,FIPS_27075~~FIPS_27137
eastern,FIPS_27077~~FIPS_27135
eastern,FIPS_27079~~FIPS_27103
eastern,FIPS_27079~~FIPS_27131
eastern,FIPS_27079~~FIPS_27139
eastern,FIPS_27079~~FIPS_27143
eastern,FIPS_27079~~FIPS_27161
eastern,FIPS_27081~~FIPS_27083
eastern,FIPS_27081~~FIPS_27117
eastern,FIPS_27081~~FIPS_46011
eastern,FIPS_27083~~FIPS_27101
eastern,FIPS_27083~~FIPS_27127
eastern,FIPS_27083~~FIPS_27129
eastern,FIPS_27083~~FIPS_27173
eastern,FIPS_27083~~FIPS_46011
eastern,FIPS_27085~~FIPS_27093
eastern,FIPS_27085~~FIPS_27129
eastern,FIPS_27085~~FIPS_27139
eastern,FIPS_27085~~FIPS_27143
eastern,FIPS_27085~~FIPS_27171
eastern,FIPS_27087~~FIPS_27119
eastern,FIPS_27089~~FIPS_27113
eastern,FIPS_27089~~FIPS_38035
eastern,FIPS_27091~~FIPS_27165
eastern,FIPS_27093~~FIPS_27145
eastern,FIPS_27093~~FIPS_27171
eastern,FIPS_27095~~FIPS_27141
eastern,FIPS_27097~~FIPS_27145
eastern,FIPS_27097~~FIPS_27153
eastern,FIPS_27099~~FIPS_27109
eastern,FIPS_27099~~FIPS_27147
eastern,FIPS_27101~~FIPS_27105
eastern,FIPS_27101~~FIPS_27117
eastern,FIPS_27103~~FIPS_27129
eastern,FIPS_27103~~FIPS_27143
eastern,FIPS_27105~~FIPS_27133
eastern,FIPS_27105~~FIPS_46099
eastern,FIPS_27107~~FIPS_27119
eastern,FIPS_27109~~FIPS_27157
eastern,FIPS_27109~~FIPS_27169
eastern,FIPS_27109~~FIPS_55063
eastern,FIPS_27111~~FIPS_27153
eastern,FIPS_27111~~FIPS_38077
eastern,FIPS_27113~~FIPS_27119
eastern,FIPS_27113~~FIPS_27125
eastern,FIPS_27113~~FIPS_38035
eastern,FIPS_27115~~FIPS_27137
eastern,FIPS_27115~~FIPS_55013
eastern,FIPS_27117~~FIPS_27133
eastern,FIPS_27117~~FIPS_46079_46101
eastern,FIPS_27117~~FIPS_46099
eastern,FIPS_27119~~FIPS_27125
eastern,FIPS_27119~~FIPS_38017
eastern,FIPS_27119~~FIPS_38035
eastern,FIPS_27119~~FIPS_38097
eastern,FIPS_27121~~FIPS_27145
eastern,FIPS_27121~~FIPS_27149
eastern,FIPS_27121~~FIPS_27151
eastern,FIPS_27123~~FIPS_27141
eastern,FIPS_27123~~FIPS_27163
eastern,FIPS_27127~~FIPS_27129
eastern,FIPS_27129~~FIPS_27143
eastern,FIPS_27131~~FIPS_27139
eastern,FIPS_27131~~FIPS_27147
eastern,FIPS_27131~~FIPS_27161
eastern,FIPS_27133~~FIPS_46099
eastern,FIPS_27135~~FIPS_27137
eastern,FIPS_27137~~FIPS_55031
eastern,FIPS_27137~~FIPS_55113
eastern,FIPS_27139~~FIPS_27143
eastern,FIPS_27141~~FIPS_27145
eastern,FIPS_27141~~FIPS_27171
eastern,FIPS_27145~~FIPS_27153
eastern,FIPS_27145~~FIPS_27171
eastern,FIPS_27147~~FIPS_27161
eastern,FIPS_27151~~FIPS_46029_46057
eastern,FIPS_27153~~FIPS_27159
eastern,FIPS_27155~~FIPS_38077
eastern,FIPS_27155~~FIPS_46051
eastern,FIPS_27157~~FIPS_27169
eastern,FIPS_27157~~FIPS_55011
eastern,FIPS_27163~~FIPS_55035
eastern,FIPS_27163~~FIPS_55109
eastern,FIPS_27167~~FIPS_38077
eastern,FIPS_27169~~FIPS_55011
eastern,FIPS_27169~~FIPS_55121
eastern,FIPS_27173~~FIPS_46039
eastern,FIPS_28001~~FIPS_28005
eastern,FIPS_28001~~FIPS_28037
eastern,FIPS_28001~~FIPS_28063
eastern,FIPS_28001~~FIPS_28157
eastern,FIPS_28003~~FIPS_28139
eastern,FIPS_28003~~FIPS_28141
eastern,FIPS_28003~~FIPS_47071
eastern,FIPS_28005~~FIPS_28037
eastern,FIPS_28005~~FIPS_28157
eastern,FIPS_28007~~FIPS_28019
eastern,FIPS_28007~~FIPS_28049
eastern,FIPS_28007~~FIPS_28051
eastern,FIPS_28007~~FIPS_28079
eastern,FIPS_28007~~FIPS_28097
eastern,FIPS_28007~~FIPS_28099
eastern,FIPS_28007~~FIPS_28133
eastern,FIPS_28009~~FIPS_28093
eastern,FIPS_28009~~FIPS_28145
eastern,FIPS_28009~~FIPS_47157
eastern,FIPS_28011~~FIPS_28027
eastern,FIPS_28011~~FIPS_28133
eastern,FIPS_28011~~FIPS_28151
eastern,FIPS_28013~~FIPS_28017
eastern,FIPS_28013~~FIPS_28155
eastern,FIPS_28013~~FIPS_28161
eastern,FIPS_28015~~FIPS_28083
eastern,FIPS_28015~~FIPS_28097
eastern,FIPS_28017~~FIPS_28081
eastern,FIPS_28017~~FIPS_28105
eastern,FIPS_28019~~FIPS_28097
eastern,FIPS_28019~~FIPS_28105
eastern,FIPS_28021~~FIPS_28037
eastern,FIPS_28021~~FIPS_28063
eastern,FIPS_28021~~FIPS_28149
eastern,FIPS_28023~~FIPS_28061
eastern,FIPS_28023~~FIPS_28067
eastern,FIPS_28023~~FIPS_28075
eastern,FIPS_28023~~FIPS_28101
eastern,FIPS_28023~~FIPS_28153
eastern,FIPS_28025~~FIPS_28087
eastern,FIPS_28025~~FIPS_28095
eastern,FIPS_28025~~FIPS_28105
eastern,FIPS_28027~~FIPS_28107
eastern,FIPS_28027~~FIPS_28143
eastern,FIPS_28029~~FIPS_28049
eastern,FIPS_28029~~FIPS_28085
eastern,FIPS_28031~~FIPS_28065
eastern,FIPS_28031~~FIPS_28067
eastern,FIPS_28031~~FIPS_28073
eastern,FIPS_28031~~FIPS_28091
eastern,FIPS_28031~~FIPS_28123
eastern,FIPS_28031~~FIPS_28127
eastern,FIPS_28031~~FIPS_28129
eastern,FIPS_28033~~FIPS_28093
eastern,FIPS_28033~~FIPS_28137
eastern,FIPS_28033~~FIPS_28143
eastern,FIPS_28033~~FIPS_47157
eastern,FIPS_28035~~FIPS_28067
eastern,FIPS_28035~~FIPS_28073
eastern,FIPS_28035~~FIPS_28111
eastern,FIPS_28035~~FIPS_28131
eastern,FIPS_28035~~FIPS_28147
eastern,FIPS_28037~~FIPS_28049
eastern,FIPS_28037~~FIPS_28085
eastern,FIPS_28039~~FIPS_28041
eastern,FIPS_28039~~FIPS_28059
eastern,FIPS_28039~~FIPS_28111
eastern,FIPS_28039~~FIPS_28131
eastern,FIPS_28041~~FIPS_28111
eastern,FIPS_28041~~FIPS_28153
eastern,FIPS_28043~~FIPS_28097
eastern,FIPS_28043~~FIPS_28161
eastern,FIPS_28045~~FIPS_28047
eastern,FIPS_28045~~FIPS_28109
eastern,FIPS_28047~~FIPS_28059
eastern,FIPS_28047~~FIPS_28131
eastern,FIPS_28049~~FIPS_28089
eastern,FIPS_28049~~FIPS_28121
eastern,FIPS_28049~~FIPS_28149
eastern,FIPS_28049~~FIPS_28151
eastern,FIPS_28049~~FIPS_28163
eastern,FIPS_28051~~FIPS_28083
eastern,FIPS_28051~~FIPS_28089
eastern,FIPS_28051~~FIPS_28163
eastern,FIPS_28053~~FIPS_28133
eastern,FIPS_28053~~FIPS_28151
eastern,FIPS_28053~~FIPS_28163
eastern,FIPS_28055~~FIPS_28125
eastern,FIPS_28055~~FIPS_28149
eastern,FIPS_28057~~FIPS_28081
eastern,FIPS_28057~~FIPS_28095
eastern,FIPS_28057~~FIPS_28141
eastern,FIPS_28061~~FIPS_28067
eastern,FIPS_28061~~FIPS_28101
eastern,FIPS_28061~~FIPS_28129
eastern,FIPS_28061~~FIPS_28153
eastern,FIPS_28065~~FIPS_28077
eastern,FIPS_28065~~FIPS_28091
eastern,FIPS_28065~~FIPS_28127
eastern,FIPS_28067~~FIPS_28069
eastern,FIPS_28067~~FIPS_28073
eastern,FIPS_28067~~FIPS_28075
eastern,FIPS_28067~~FIPS_28091
eastern,FIPS_28067~~FIPS_28111
eastern,FIPS_28067~~FIPS_28129
eastern,FIPS_28067~~FIPS_28153
eastern,FIPS_28069~~FIPS_28075
eastern,FIPS_28069~~FIPS_28099
eastern,FIPS_28069~~FIPS_28103
eastern,FIPS_28071~~FIPS_28093
eastern,FIPS_28071~~FIPS_28107
eastern,FIPS_28071~~FIPS_28115
eastern,FIPS_28073~~FIPS_28091
eastern,FIPS_28073~~FIPS_28109
eastern,FIPS_28073~~FIPS_28131
eastern,FIPS_28073~~FIPS_28147
eastern,FIPS_28075~~FIPS_28101
eastern,FIPS_28077~~FIPS_28091
eastern,FIPS_28077~~FIPS_28127
eastern,FIPS_28077~~FIPS_28147
eastern,FIPS_28079~~FIPS_28089
eastern,FIPS_28079~~FIPS_28099
eastern,FIPS_28079~~FIPS_28123
eastern,FIPS_28081~~FIPS_28115
eastern,FIPS_28081~~FIPS_28117
eastern,FIPS_28081~~FIPS_28145
eastern,FIPS_28083~~FIPS_28133
eastern,FIPS_28083~~FIPS_28135
eastern,FIPS_28085~~FIPS_28113
eastern,FIPS_28087~~FIPS_28095
eastern,FIPS_28087~~FIPS_28103
eastern,FIPS_28087~~FIPS_28105
eastern,FIPS_28087~~FIPS_28159
eastern,FIPS_28089~~FIPS_28121
eastern,FIPS_28091~~FIPS_28147
eastern,FIPS_28093~~FIPS_28145
eastern,FIPS_28093~~FIPS_47047
eastern,FIPS_28099~~FIPS_28123
eastern,FIPS_28099~~FIPS_28159
eastern,FIPS_28101~~FIPS_28123
eastern,FIPS_28105~~FIPS_28155
eastern,FIPS_28105~~FIPS_28159
eastern,FIPS_28107~~FIPS_28119
eastern,FIPS_28107~~FIPS_28135
eastern,FIPS_28107~~FIPS_28137
eastern,FIPS_28107~~FIPS_28143
eastern,FIPS_28107~~FIPS_28161
eastern,FIPS_28113~~FIPS_28147
eastern,FIPS_28115~~FIPS_28145
eastern,FIPS_28117~~FIPS_28141
eastern,FIPS_28119~~FIPS_28135
eastern,FIPS_28121~~FIPS_28123
eastern,FIPS_28121~~FIPS_28127
eastern,FIPS_28123~~FIPS_28127
eastern,FIPS_28123~~FIPS_28129
eastern,FIPS_28125~~FIPS_28151
eastern,FIPS_28127~~FIPS_28129
eastern,FIPS_28133~~FIPS_28135
eastern,FIPS_28133~~FIPS_28151
eastern,FIPS_28133~~FIPS_28161
eastern,FIPS_28135~~FIPS_28161
eastern,FIPS_28139~~FIPS_28145
eastern,FIPS_28141~~FIPS_47071
eastern,FIPS_28149~~FIPS_28163
eastern,FIPS_29001~~FIPS_29103
eastern,FIPS_29001~~FIPS_29121
eastern,FIPS_29001~~FIPS_29127
eastern,FIPS_29001~~FIPS_29175
eastern,FIPS_29001~~FIPS_29197
eastern,FIPS_29003~~FIPS_29021
eastern,FIPS_29003~~FIPS_29047
eastern,FIPS_29003~~FIPS_29063
eastern,FIPS_29003~~FIPS_29087
eastern,FIPS_29003~~FIPS_29147
eastern,FIPS_29003~~FIPS_31127
eastern,FIPS_29005~~FIPS_29087
eastern,FIPS_29005~~FIPS_29147
eastern,FIPS_29005~~FIPS_31127
eastern,FIPS_29007~~FIPS_29019
eastern,FIPS_29007~~FIPS_29027
eastern,FIPS_29007~~FIPS_29051
eastern,FIPS_29007~~FIPS_29137
eastern,FIPS_29007~~FIPS_29139
eastern,FIPS_29007~~FIPS_29163
eastern,FIPS_29007~~FIPS_29173
eastern,FIPS_29007~~FIPS_29175
eastern,FIPS_29009~~FIPS_29097
eastern,FIPS_29009~~FIPS_29109
eastern,FIPS_29009~~FIPS_29119
eastern,FIPS_29009~~FIPS_29145
eastern,FIPS_29009~~FIPS_29209
eastern,FIPS_29011~~FIPS_29057
eastern,FIPS_29011~~FIPS_29097
eastern,FIPS_29011~~FIPS_29145
eastern,FIPS_29011~~FIPS_29217
eastern,FIPS_29013~~FIPS_29037
eastern,FIPS_29013~~FIPS_29083
eastern,FIPS_29013~~FIPS_29217
eastern,FIPS_29015~~FIPS_29029
eastern,FIPS_29015~~FIPS_29083
eastern,FIPS_29015~~FIPS_29141
eastern,FIPS_29015~~FIPS_29159
eastern,FIPS_29015~~FIPS_29185
eastern,FIPS_29017~~FIPS_29031
eastern,FIPS_29017~~FIPS_29123
eastern,FIPS_29017~~FIPS_29207
eastern,FIPS_29019~~FIPS_29027
eastern,FIPS_29019~~FIPS_29053
eastern,FIPS_29019~~FIPS_29089
eastern,FIPS_29021~~FIPS_29049
eastern,FIPS_29021~~FIPS_29063
eastern,FIPS_29021~~FIPS_29165
eastern,FIPS_29023~~FIPS_29069
eastern,FIPS_29023~~FIPS_29181
eastern,FIPS_29023~~FIPS_29207
eastern,FIPS_29023~~FIPS_29223
eastern,FIPS_29025~~FIPS_29177
eastern,FIPS_29027~~FIPS_29051
eastern,FIPS_29027~~FIPS_29053
eastern,FIPS_29027~~FIPS_29073
eastern,FIPS_29027~~FIPS_29131
eastern,FIPS_29027~~FIPS_29139
eastern,FIPS_29027~~FIPS_29151
eastern,FIPS_29027~~FIPS_29175
eastern,FIPS_29029~~FIPS_29085
eastern,FIPS_29029~~FIPS_29105
eastern,FIPS_29029~~FIPS_29131
eastern,FIPS_29029~~FIPS_29141
eastern,FIPS_29031~~FIPS_29123
eastern,FIPS_29031~~FIPS_29187
eastern,FIPS_29031~~FIPS_29201
eastern,FIPS_29031~~FIPS_29207
eastern,FIPS_29033~~FIPS_29041
eastern,FIPS_29033~~FIPS_29117
eastern,FIPS_29033~~FIPS_29177
eastern,FIPS_29035_29203~~FIPS_29091
eastern,FIPS_29035_29203~~FIPS_29179
eastern,FIPS_29035_29203~~FIPS_29215
eastern,FIPS_29037~~FIPS_29083
eastern,FIPS_29037~~FIPS_29095
eastern,FIPS_29037~~FIPS_29101
eastern,FIPS_29039~~FIPS_29057
eastern,FIPS_29039~~FIPS_29167
eastern,FIPS_29039~~FIPS_29185
eastern,FIPS_29039~~FIPS_29217
eastern,FIPS_29041~~FIPS_29115
eastern,FIPS_29041~~FIPS_29175
eastern,FIPS_29041~~FIPS_29195
eastern,FIPS_29043~~FIPS_29057
eastern,FIPS_29043~~FIPS_29077
eastern,FIPS_29043~~FIPS_29109
eastern,FIPS_29043~~FIPS_29209
eastern,FIPS_29043~~FIPS_29213
eastern,FIPS_29043~~FIPS_29225
eastern,FIPS_29045~~FIPS_29103
eastern,FIPS_29045~~FIPS_29199
eastern,FIPS_29047~~FIPS_29049
eastern,FIPS_29047~~FIPS_29095
eastern,FIPS_29047~~FIPS_29165
eastern,FIPS_29047~~FIPS_29177
eastern,FIPS_29049~~FIPS_29063
eastern,FIPS_29049~~FIPS_29165
eastern,FIPS_29051~~FIPS_29131
eastern,FIPS_29051~~FIPS_29135
eastern,FIPS_29051~~FIPS_29151
eastern,FIPS_29053~~FIPS_29095
eastern,FIPS_29053~~FIPS_29135
eastern,FIPS_29053~~FIPS_29159
eastern,FIPS_29053~~FIPS_29175
eastern,FIPS_29053~~FIPS_29195
eastern,FIPS_29055~~FIPS_29065
eastern,FIPS_29055~~FIPS_29073
eastern,FIPS_29055~~FIPS_29151
eastern,FIPS_29055~~FIPS_29161
eastern,FIPS_29055~~FIPS_29221
eastern,FIPS_29057~~FIPS_29077
eastern,FIPS_29057~~FIPS_29105
eastern,FIPS_29057~~FIPS_29109
eastern,FIPS_29057~~FIPS_29167
eastern,FIPS_29059~~FIPS_29077
eastern,FIPS_29059~~FIPS_29167
eastern,FIPS_29059~~FIPS_29225
eastern,FIPS_29061~~FIPS_29063
eastern,FIPS_29061~~FIPS_29079
eastern,FIPS_29061~~FIPS_29081
eastern,FIPS_29063~~FIPS_29075
eastern,FIPS_29063~~FIPS_29079
eastern,FIPS_29063~~FIPS_31127
eastern,FIPS_29065~~FIPS_29161
eastern,FIPS_29065~~FIPS_29169
eastern,FIPS_29065~~FIPS_29179
eastern,FIPS_29065~~FIPS_29215
eastern,FIPS_29067~~FIPS_29153
eastern,FIPS_29067~~FIPS_29215
eastern,FIPS_29067~~FIPS_29229
eastern,FIPS_29069~~FIPS_29143
eastern,FIPS_29069~~FIPS_29155
eastern,FIPS_29069~~FIPS_29181
eastern,FIPS_29071~~FIPS_29073
eastern,FIPS_29071~~FIPS_29099
eastern,FIPS_29071~~FIPS_29139
eastern,FIPS_29071~~FIPS_29189
eastern,FIPS_29071~~FIPS_29219
eastern,FIPS_29073~~FIPS_29151
eastern,FIPS_29073~~FIPS_29169
eastern,FIPS_29075~~FIPS_29095
eastern,FIPS_29075~~FIPS_29147
eastern,FIPS_29075~~FIPS_29227
eastern,FIPS_29075~~FIPS_31131
eastern,FIPS_29077~~FIPS_29097
eastern,FIPS_29077~~FIPS_29109
eastern,FIPS_29077~~FIPS_29167
eastern,FIPS_29077~~FIPS_29213
eastern,FIPS_29077~~FIPS_29225
eastern,FIPS_29079~~FIPS_29115
eastern,FIPS_29079~~FIPS_29117
eastern,FIPS_29079~~FIPS_29129
eastern,FIPS_29079~~FIPS_29211
eastern,FIPS_29081~~FIPS_29129
eastern,FIPS_29083~~FIPS_29095
eastern,FIPS_29083~~FIPS_29101
eastern,FIPS_29083~~FIPS_29107
eastern,FIPS_29083~~FIPS_29159
eastern,FIPS_29083~~FIPS_29185
eastern,FIPS_29083~~FIPS_29217
eastern,FIPS_29085~~FIPS_29167
eastern,FIPS_29085~~FIPS_29185
eastern,FIPS_29087~~FIPS_29147
eastern,FIPS_29089~~FIPS_29175
eastern,FIPS_29091~~FIPS_29149
eastern,FIPS_29091~~FIPS_29153
eastern,FIPS_29091~~FIPS_29215
eastern,FIPS_29093~~FIPS_29123
eastern,FIPS_29093~~FIPS_29179
eastern,FIPS_29093~~FIPS_29221
eastern,FIPS_29095~~FIPS_29107
eastern,FIPS_29095~~FIPS_29165
eastern,FIPS_29095~~FIPS_29177
eastern,FIPS_29097~~FIPS_29109
eastern,FIPS_29097~~FIPS_29145
eastern,FIPS_29099~~FIPS_29187
eastern,FIPS_29099~~FIPS_29189
eastern,FIPS_29101~~FIPS_29107
eastern,FIPS_29101~~FIPS_29159
eastern,FIPS_29103~~FIPS_29111
eastern,FIPS_29103~~FIPS_29121
eastern,FIPS_29103~~FIPS_29199
eastern,FIPS_29103~~FIPS_29205
eastern,FIPS_29105~~FIPS_29169
eastern,FIPS_29105~~FIPS_29215
eastern,FIPS_29105~~FIPS_29225
eastern,FIPS_29105~~FIPS_29229
eastern,FIPS_29107~~FIPS_29177
eastern,FIPS_29107~~FIPS_29195
eastern,FIPS_29109~~FIPS_29145
eastern,FIPS_29109~~FIPS_29209
eastern,FIPS_29111~~FIPS_29127
eastern,FIPS_29113~~FIPS_29139
eastern,FIPS_29113~~FIPS_29163
eastern,FIPS_29113~~FIPS_29183
eastern,FIPS_29113~~FIPS_29219
eastern,FIPS_29115~~FIPS_29117
eastern,FIPS_29115~~FIPS_29121
eastern,FIPS_29115~~FIPS_29175
eastern,FIPS_29115~~FIPS_29211
eastern,FIPS_29119~~FIPS_29145
eastern,FIPS_29119~~FIPS_40041
eastern,FIPS_29121~~FIPS_29175
eastern,FIPS_29121~~FIPS_29205
eastern,FIPS_29123~~FIPS_29187
eastern,FIPS_29125~~FIPS_29131
eastern,FIPS_29125~~FIPS_29151
eastern,FIPS_29125~~FIPS_29161
eastern,FIPS_29125~~FIPS_29169
eastern,FIPS_29127~~FIPS_29137
eastern,FIPS_29127~~FIPS_29163
eastern,FIPS_29127~~FIPS_29173
eastern,FIPS_29127~~FIPS_29205
eastern,FIPS_29129~~FIPS_29171
eastern,FIPS_29129~~FIPS_29211
eastern,FIPS_29131~~FIPS_29135
eastern,FIPS_29131~~FIPS_29141
eastern,FIPS_29131~~FIPS_29151
eastern,FIPS_29131~~FIPS_29161
eastern,FIPS_29133~~FIPS_29201
eastern,FIPS_29135~~FIPS_29141
eastern,FIPS_29137~~FIPS_29173
eastern,FIPS_29139~~FIPS_29151
eastern,FIPS_29139~~FIPS_29163
eastern,FIPS_29139~~FIPS_29173
eastern,FIPS_29139~~FIPS_29219
eastern,FIPS_29141~~FIPS_29159
eastern,FIPS_29143~~FIPS_29155
eastern,FIPS_29143~~FIPS_29201
eastern,FIPS_29143~~FIPS_29207
eastern,FIPS_29143~~FIPS_47095
eastern,FIPS_29145~~FIPS_40097
eastern,FIPS_29145~~FIPS_40115
eastern,FIPS_29147~~FIPS_29227
eastern,FIPS_29149~~FIPS_29181
eastern,FIPS_29151~~FIPS_29169
eastern,FIPS_29153~~FIPS_29213
eastern,FIPS_29153~~FIPS_29229
eastern,FIPS_29157~~FIPS_29186
eastern,FIPS_29159~~FIPS_29195
eastern,FIPS_29161~~FIPS_29169
eastern,FIPS_29161~~FIPS_29221
eastern,FIPS_29163~~FIPS_29173
eastern,FIPS_29171~~FIPS_29211
eastern,FIPS_29173~~FIPS_29205
eastern,FIPS_29175~~FIPS_29205
eastern,FIPS_29179~~FIPS_29181
eastern,FIPS_29179~~FIPS_29187
eastern,FIPS_29179~~FIPS_29223
eastern,FIPS_29183~~FIPS_29189
eastern,FIPS_29183~~FIPS_29219
eastern,FIPS_29183~~FIPS_29510
eastern,FIPS_29186~~FIPS_29187
eastern,FIPS_29187~~FIPS_29221
eastern,FIPS_29189~~FIPS_29510
eastern,FIPS_29201~~FIPS_29207
eastern,FIPS_29207~~FIPS_29223
eastern,FIPS_29209~~FIPS_29213
eastern,FIPS_29213~~FIPS_29225
eastern,FIPS_29215~~FIPS_29229
eastern,FIPS_29225~~FIPS_29229
eastern,FIPS_30017~~FIPS_30021_30109
eastern,FIPS_30017~~FIPS_30025
eastern,FIPS_30017~~FIPS_30079
eastern,FIPS_30019_30085~~FIPS_30055
eastern,FIPS_30019_30085~~FIPS_38105
eastern,FIPS_30021_30109~~FIPS_30025
eastern,FIPS_30021_30109~~FIPS_30055
eastern,FIPS_30021_30109~~FIPS_30079
eastern,FIPS_30021_30109~~FIPS_30083
eastern,FIPS_30021_30109~~FIPS_38007_38033
eastern,FIPS_30025~~FIPS_38011_38087
eastern,FIPS_30083~~FIPS_38053
eastern,FIPS_30083~~FIPS_38105
eastern,FIPS_30091~~FIPS_38105
eastern,FIPS_31001~~FIPS_31035
eastern,FIPS_31001~~FIPS_31079
eastern,FIPS_31001~~FIPS_31099
eastern,FIPS_31001~~FIPS_31109
eastern,FIPS_31001~~FIPS_31121
eastern,FIPS_31001~~FIPS_31181
eastern,FIPS_31003_31139~~FIPS_31011
eastern,FIPS_31003_31139~~FIPS_31071_31089_31149_31183
eastern,FIPS_31003_31139~~FIPS_31107
eastern,FIPS_31003_31139~~FIPS_31119
eastern,FIPS_31003_31139~~FIPS_31167_31179
eastern,FIPS_31005~~FIPS_31075
eastern,FIPS_31005~~FIPS_31101
eastern,FIPS_31007_31157~~FIPS_31013
eastern,FIPS_31007_31157~~FIPS_31033
eastern,FIPS_31007_31157~~FIPS_31045_31165
eastern,FIPS_31009_31041_31115~~FIPS_31047
eastern,FIPS_31009_31041_31115~~FIPS_31099
eastern,FIPS_31009_31041_31115~~FIPS_31111_31117
eastern,FIPS_31009_31041_31115~~FIPS_31121
eastern,FIPS_31009_31041_31115~~FIPS_31163
eastern,FIPS_31009_31041_31115~~FIPS_31175
eastern,FIPS_31011~~FIPS_31077
eastern,FIPS_31011~~FIPS_31125
eastern,FIPS_31011~~FIPS_31141
eastern,FIPS_31013~~FIPS_31045_31165
eastern,FIPS_31013~~FIPS_31123
eastern,FIPS_31015~~FIPS_31071_31089_31149_31183
eastern,FIPS_31015~~FIPS_46023_46043
eastern,FIPS_31017_31103~~FIPS_31031_31091
eastern,FIPS_31017_31103~~FIPS_31071_31089_31149_31183
eastern,FIPS_31017_31103~~FIPS_31171
eastern,FIPS_31019~~FIPS_31047
eastern,FIPS_31019~~FIPS_31079
eastern,FIPS_31019~~FIPS_31099
eastern,FIPS_31019~~FIPS_31121
eastern,FIPS_31021~~FIPS_31039_31173
eastern,FIPS_31021~~FIPS_31053
eastern,FIPS_31021~~FIPS_31177
eastern,FIPS_31023~~FIPS_31141
eastern,FIPS_31023~~FIPS_31155
eastern,FIPS_31023~~FIPS_31159
eastern,FIPS_31025~~FIPS_31055
eastern,FIPS_31025~~FIPS_31131
eastern,FIPS_31025~~FIPS_31153
eastern,FIPS_31027_31051~~FIPS_31043
eastern,FIPS_31027_31051~~FIPS_31107
eastern,FIPS_31027_31051~~FIPS_31167_31179
eastern,FIPS_31027_31051~~FIPS_46027
eastern,FIPS_31027_31051~~FIPS_46135
eastern,FIPS_31029~~FIPS_31087
eastern,FIPS_31029~~FIPS_31135
eastern,FIPS_31031_31091~~FIPS_46121
eastern,FIPS_31033~~FIPS_31049
eastern,FIPS_31033~~FIPS_31101
eastern,FIPS_31035~~FIPS_31059
eastern,FIPS_31037~~FIPS_31053
eastern,FIPS_31037~~FIPS_31141
eastern,FIPS_31039_31173~~FIPS_31043
eastern,FIPS_31039_31173~~FIPS_31167_31179
eastern,FIPS_31043~~FIPS_31167_31179
eastern,FIPS_31045_31165~~FIPS_31161
eastern,FIPS_31047~~FIPS_31073
eastern,FIPS_31047~~FIPS_31111_31117
eastern,FIPS_31049~~FIPS_31069
eastern,FIPS_31049~~FIPS_31101
eastern,FIPS_31053~~FIPS_31055
eastern,FIPS_31053~~FIPS_31155
eastern,FIPS_31053~~FIPS_31177
eastern,FIPS_31055~~FIPS_31153
eastern,FIPS_31055~~FIPS_31155
eastern,FIPS_31055~~FIPS_31177
eastern,FIPS_31059~~FIPS_31151
eastern,FIPS_31059~~FIPS_31169
eastern,FIPS_31059~~FIPS_31185
eastern,FIPS_31061_31083~~FIPS_31137
eastern,FIPS_31063~~FIPS_31111_31117
eastern,FIPS_31063~~FIPS_31145
eastern,FIPS_31065~~FIPS_31073
eastern,FIPS_31065~~FIPS_31145
eastern,FIPS_31067~~FIPS_31095
eastern,FIPS_31067~~FIPS_31109
eastern,FIPS_31067~~FIPS_31133
eastern,FIPS_31069~~FIPS_31123
eastern,FIPS_31071_31089_31149_31183~~FIPS_31121
eastern,FIPS_31071_31089_31149_31183~~FIPS_31171
eastern,FIPS_31071_31089_31149_31183~~FIPS_46017
eastern,FIPS_31073~~FIPS_31111_31117
eastern,FIPS_31073~~FIPS_31137
eastern,FIPS_31077~~FIPS_31175
eastern,FIPS_31079~~FIPS_31093
eastern,FIPS_31079~~FIPS_31121
eastern,FIPS_31079~~FIPS_31163
eastern,FIPS_31081~~FIPS_31121
eastern,FIPS_31081~~FIPS_31185
eastern,FIPS_31085~~FIPS_31135
eastern,FIPS_31087~~FIPS_31145
eastern,FIPS_31095~~FIPS_31169
eastern,FIPS_31097~~FIPS_31127
eastern,FIPS_31097~~FIPS_31131
eastern,FIPS_31099~~FIPS_31137
eastern,FIPS_31101~~FIPS_31111_31117
eastern,FIPS_31101~~FIPS_31135
eastern,FIPS_31109~~FIPS_31127
eastern,FIPS_31109~~FIPS_31131
eastern,FIPS_31109~~FIPS_31141
eastern,FIPS_31109~~FIPS_31151
eastern,FIPS_31109~~FIPS_31153
eastern,FIPS_31109~~FIPS_31155
eastern,FIPS_31109~~FIPS_31159
eastern,FIPS_31109~~FIPS_31185
eastern,FIPS_31111_31117~~FIPS_31113
eastern,FIPS_31111_31117~~FIPS_31145
eastern,FIPS_31111_31117~~FIPS_31171
eastern,FIPS_31113~~FIPS_31171
eastern,FIPS_31119~~FIPS_31141
eastern,FIPS_31119~~FIPS_31167_31179
eastern,FIPS_31119~~FIPS_46023_46043
eastern,FIPS_31121~~FIPS_31141
eastern,FIPS_31121~~FIPS_31143
eastern,FIPS_31121~~FIPS_31185
eastern,FIPS_31127~~FIPS_31131
eastern,FIPS_31127~~FIPS_31147
eastern,FIPS_31129~~FIPS_31169
eastern,FIPS_31129~~FIPS_31181
eastern,FIPS_31131~~FIPS_31153
eastern,FIPS_31133~~FIPS_31147
eastern,FIPS_31141~~FIPS_31143
eastern,FIPS_31141~~FIPS_31167_31179
eastern,FIPS_31153~~FIPS_31155
eastern,FIPS_31153~~FIPS_31177
eastern,FIPS_31159~~FIPS_31185
eastern,FIPS_31161~~FIPS_46102
eastern,FIPS_31163~~FIPS_31175
eastern,FIPS_33001~~FIPS_33009
eastern,FIPS_33001~~FIPS_33013
eastern,FIPS_33003~~FIPS_33009
eastern,FIPS_33005~~FIPS_33011
eastern,FIPS_33005~~FIPS_50025
eastern,FIPS_33007~~FIPS_33009
eastern,FIPS_33009~~FIPS_50005
eastern,FIPS_33009~~FIPS_50009
eastern,FIPS_33009~~FIPS_50017
eastern,FIPS_33009~~FIPS_50027
eastern,FIPS_33011~~FIPS_33013
eastern,FIPS_33011~~FIPS_33015
eastern,FIPS_33011~~FIPS_50005
eastern,FIPS_33013~~FIPS_33015
eastern,FIPS_33013~~FIPS_33019
eastern,FIPS_33015~~FIPS_33017
eastern,FIPS_33015~~FIPS_50005
eastern,FIPS_33019~~FIPS_50025
eastern,FIPS_33019~~FIPS_50027
eastern,FIPS_34001~~FIPS_34007
eastern,FIPS_34001~~FIPS_34009
eastern,FIPS_34001~~FIPS_34011
eastern,FIPS_34001~~FIPS_34015
eastern,FIPS_34001~~FIPS_34029
eastern,FIPS_34003~~FIPS_34013
eastern,FIPS_34003~~FIPS_34017
eastern,FIPS_34003~~FIPS_34031
eastern,FIPS_34003~~FIPS_36087
eastern,FIPS_34005~~FIPS_34007
eastern,FIPS_34005~~FIPS_34029
eastern,FIPS_34005~~FIPS_42017
eastern,FIPS_34005~~FIPS_42101
eastern,FIPS_34007~~FIPS_34011
eastern,FIPS_34007~~FIPS_34015
eastern,FIPS_34007~~FIPS_34021
eastern,FIPS_34007~~FIPS_34033
eastern,FIPS_34007~~FIPS_42101
eastern,FIPS_34009~~FIPS_34011
eastern,FIPS_34011~~FIPS_34015
eastern,FIPS_34011~~FIPS_34033
eastern,FIPS_34013~~FIPS_34017
eastern,FIPS_34013~~FIPS_34023
eastern,FIPS_34013~~FIPS_34027
eastern,FIPS_34013~~FIPS_34031
eastern,FIPS_34013~~FIPS_34035
eastern,FIPS_34013~~FIPS_34037
eastern,FIPS_34013~~FIPS_34039
eastern,FIPS_34015~~FIPS_34033
eastern,FIPS_34015~~FIPS_42045
eastern,FIPS_34017~~FIPS_34039
eastern,FIPS_34017~~FIPS_36047
eastern,FIPS_34017~~FIPS_36061
eastern,FIPS_34019~~FIPS_34021
eastern,FIPS_34019~~FIPS_34027
eastern,FIPS_34019~~FIPS_34035
eastern,FIPS_34019~~FIPS_34041
eastern,FIPS_34019~~FIPS_42017
eastern,FIPS_34019~~FIPS_42095
eastern,FIPS_34021~~FIPS_34023
eastern,FIPS_34021~~FIPS_34025
eastern,FIPS_34021~~FIPS_34035
eastern,FIPS_34021~~FIPS_42017
eastern,FIPS_34023~~FIPS_34025
eastern,FIPS_34023~~FIPS_34035
eastern,FIPS_34023~~FIPS_34039
eastern,FIPS_34023~~FIPS_36085
eastern,FIPS_34025~~FIPS_34029
eastern,FIPS_34027~~FIPS_34031
eastern,FIPS_34027~~FIPS_34035
eastern,FIPS_34027~~FIPS_34037
eastern,FIPS_34027~~FIPS_34039
eastern,FIPS_34027~~FIPS_34041
eastern,FIPS_34027~~FIPS_42095
eastern,FIPS_34031~~FIPS_36087
eastern,FIPS_34035~~FIPS_34037
eastern,FIPS_34035~~FIPS_34039
eastern,FIPS_34035~~FIPS_42077
eastern,FIPS_34035~~FIPS_42091
eastern,FIPS_34037~~FIPS_34041
eastern,FIPS_34037~~FIPS_36071
eastern,FIPS_34037~~FIPS_36087
eastern,FIPS_34037~~FIPS_42069
eastern,FIPS_34039~~FIPS_36085
eastern,FIPS_34041~~FIPS_42089
eastern,FIPS_34041~~FIPS_42095
eastern,FIPS_35005~~FIPS_35015
eastern,FIPS_35005~~FIPS_35041
eastern,FIPS_35009~~FIPS_35037
eastern,FIPS_35009~~FIPS_35041
eastern,FIPS_35009~~FIPS_48017
eastern,FIPS_35009~~FIPS_48117
eastern,FIPS_35009~~FIPS_48279
eastern,FIPS_35015~~FIPS_35025
eastern,FIPS_35015~~FIPS_35041
eastern,FIPS_35025~~FIPS_48165
eastern,FIPS_35025~~FIPS_48501
eastern,FIPS_35041~~FIPS_48279
eastern,FIPS_36001~~FIPS_36021
eastern,FIPS_36001~~FIPS_36039
eastern,FIPS_36001~~FIPS_36065
eastern,FIPS_36001~~FIPS_36083
eastern,FIPS_36001~~FIPS_36091
eastern,FIPS_36001~~FIPS_36093
eastern,FIPS_36001~~FIPS_36095
eastern,FIPS_36003~~FIPS_36009
eastern,FIPS_36003~~FIPS_36051
eastern,FIPS_36003~~FIPS_36101
eastern,FIPS_36003~~FIPS_36121
eastern,FIPS_36005~~FIPS_36081
eastern,FIPS_36005~~FIPS_36119
eastern,FIPS_36007~~FIPS_36015
eastern,FIPS_36007~~FIPS_36017
eastern,FIPS_36007~~FIPS_36023
eastern,FIPS_36007~~FIPS_36025
eastern,FIPS_36007~~FIPS_36107
eastern,FIPS_36007~~FIPS_42115
eastern,FIPS_36009~~FIPS_36013
eastern,FIPS_36009~~FIPS_36029
eastern,FIPS_36009~~FIPS_36121
eastern,FIPS_36009~~FIPS_42083
eastern,FIPS_36011~~FIPS_36023
eastern,FIPS_36011~~FIPS_36067
eastern,FIPS_36011~~FIPS_36099
eastern,FIPS_36011~~FIPS_36109
eastern,FIPS_36011~~FIPS_36117
eastern,FIPS_36013~~FIPS_36029
eastern,FIPS_36013~~FIPS_42049
eastern,FIPS_36013~~FIPS_42123
eastern,FIPS_36015~~FIPS_36097
eastern,FIPS_36015~~FIPS_36101
eastern,FIPS_36015~~FIPS_36107
eastern,FIPS_36015~~FIPS_42015
eastern,FIPS_36015~~FIPS_42117
eastern,FIPS_36017~~FIPS_36023
eastern,FIPS_36017~~FIPS_36025
eastern,FIPS_36017~~FIPS_36053
eastern,FIPS_36017~~FIPS_36077
eastern,FIPS_36019~~FIPS_36031
eastern,FIPS_36019~~FIPS_36033
eastern,FIPS_36019~~FIPS_50013
eastern,FIPS_36021~~FIPS_36027
eastern,FIPS_36021~~FIPS_36039
eastern,FIPS_36021~~FIPS_36083
eastern,FIPS_36023~~FIPS_36053
eastern,FIPS_36023~~FIPS_36067
eastern,FIPS_36023~~FIPS_36107
eastern,FIPS_36023~~FIPS_36109
eastern,FIPS_36025~~FIPS_36039
eastern,FIPS_36025~~FIPS_36065
eastern,FIPS_36025~~FIPS_36077
eastern,FIPS_36025~~FIPS_36095
eastern,FIPS_36025~~FIPS_36105
eastern,FIPS_36025~~FIPS_36111
eastern,FIPS_36027~~FIPS_36039
eastern,FIPS_36027~~FIPS_36071
eastern,FIPS_36027~~FIPS_36079
eastern,FIPS_36027~~FIPS_36111
eastern,FIPS_36027~~FIPS_36119
eastern,FIPS_36029~~FIPS_36037
eastern,FIPS_36029~~FIPS_36063
eastern,FIPS_36029~~FIPS_36121
eastern,FIPS_36031~~FIPS_36033
eastern,FIPS_36031~~FIPS_36041
eastern,FIPS_36031~~FIPS_36115
eastern,FIPS_36033~~FIPS_36089
eastern,FIPS_36035~~FIPS_36041
eastern,FIPS_36035~~FIPS_36043
eastern,FIPS_36035~~FIPS_36057
eastern,FIPS_36037~~FIPS_36051
eastern,FIPS_36037~~FIPS_36055
eastern,FIPS_36037~~FIPS_36063
eastern,FIPS_36037~~FIPS_36073
eastern,FIPS_36037~~FIPS_36121
eastern,FIPS_36039~~FIPS_36095
eastern,FIPS_36039~~FIPS_36111
eastern,FIPS_36041~~FIPS_36043
eastern,FIPS_36041~~FIPS_36113
eastern,FIPS_36043~~FIPS_36049
eastern,FIPS_36043~~FIPS_36053
eastern,FIPS_36043~~FIPS_36057
eastern,FIPS_36043~~FIPS_36065
eastern,FIPS_36043~~FIPS_36077
eastern,FIPS_36045~~FIPS_36049
eastern,FIPS_36045~~FIPS_36075
eastern,FIPS_36047~~FIPS_36059
eastern,FIPS_36047~~FIPS_36061
eastern,FIPS_36047~~FIPS_36081
eastern,FIPS_36047~~FIPS_36085
eastern,FIPS_36049~~FIPS_36065
eastern,FIPS_36049~~FIPS_36089
eastern,FIPS_36051~~FIPS_36055
eastern,FIPS_36051~~FIPS_36069
eastern,FIPS_36051~~FIPS_36101
eastern,FIPS_36051~~FIPS_36121
eastern,FIPS_36053~~FIPS_36065
eastern,FIPS_36053~~FIPS_36067
eastern,FIPS_36055~~FIPS_36063
eastern,FIPS_36055~~FIPS_36067
eastern,FIPS_36055~~FIPS_36069
eastern,FIPS_36055~~FIPS_36073
eastern,FIPS_36055~~FIPS_36117
eastern,FIPS_36057~~FIPS_36091
eastern,FIPS_36057~~FIPS_36093
eastern,FIPS_36057~~FIPS_36095
eastern,FIPS_36059~~FIPS_36081
eastern,FIPS_36059~~FIPS_36103
eastern,FIPS_36059~~FIPS_36119
eastern,FIPS_36061~~FIPS_36081
eastern,FIPS_36061~~FIPS_36119
eastern,FIPS_36063~~FIPS_36073
eastern,FIPS_36065~~FIPS_36067
eastern,FIPS_36065~~FIPS_36075
eastern,FIPS_36065~~FIPS_36077
eastern,FIPS_36065~~FIPS_36089
eastern,FIPS_36065~~FIPS_36093
eastern,FIPS_36065~~FIPS_36105
eastern,FIPS_36067~~FIPS_36069
eastern,FIPS_36067~~FIPS_36075
eastern,FIPS_36067~~FIPS_36099
eastern,FIPS_36069~~FIPS_36099
eastern,FIPS_36069~~FIPS_36101
eastern,FIPS_36069~~FIPS_36117
eastern,FIPS_36069~~FIPS_36123
eastern,FIPS_36071~~FIPS_36087
eastern,FIPS_36071~~FIPS_36105
eastern,FIPS_36071~~FIPS_36111
eastern,FIPS_36077~~FIPS_36095
eastern,FIPS_36079~~FIPS_36119
eastern,FIPS_36083~~FIPS_36091
eastern,FIPS_36083~~FIPS_36093
eastern,FIPS_36083~~FIPS_36115
eastern,FIPS_36083~~FIPS_50003
eastern,FIPS_36087~~FIPS_36119
eastern,FIPS_36091~~FIPS_36093
eastern,FIPS_36091~~FIPS_36113
eastern,FIPS_36091~~FIPS_36115
eastern,FIPS_36093~~FIPS_36095
eastern,FIPS_36097~~FIPS_36101
eastern,FIPS_36097~~FIPS_36109
eastern,FIPS_36097~~FIPS_36123
eastern,FIPS_36099~~FIPS_36109
eastern,FIPS_36099~~FIPS_36117
eastern,FIPS_36099~~FIPS_36123
eastern,FIPS_36101~~FIPS_36123
eastern,FIPS_36105~~FIPS_36111
eastern,FIPS_36107~~FIPS_36109
eastern,FIPS_36107~~FIPS_42015
eastern,FIPS_36113~~FIPS_36115
eastern,FIPS_36115~~FIPS_50003
eastern,FIPS_36115~~FIPS_50021
eastern,FIPS_37001~~FIPS_37081
eastern,FIPS_37001~~FIPS_37135
eastern,FIPS_37001~~FIPS_37157
eastern,FIPS_37003~~FIPS_37005_37009_37193
eastern,FIPS_37003~~FIPS_37035
eastern,FIPS_37005_37009_37193~~FIPS_37097
eastern,FIPS_37005_37009_37193~~FIPS_37171
eastern,FIPS_37005_37009_37193~~FIPS_51197
eastern,FIPS_37007~~FIPS_37153
eastern,FIPS_37007~~FIPS_37167
eastern,FIPS_37011_37189~~FIPS_47019_47091
eastern,FIPS_37013~~FIPS_37049
eastern,FIPS_37013~~FIPS_37107
eastern,FIPS_37013~~FIPS_37147
eastern,FIPS_37013~~FIPS_37153
eastern,FIPS_37015~~FIPS_37091
eastern,FIPS_37015~~FIPS_37117
eastern,FIPS_37015~~FIPS_37187
eastern,FIPS_37017~~FIPS_37047
eastern,FIPS_37017~~FIPS_37051
eastern,FIPS_37017~~FIPS_37155
eastern,FIPS_37017~~FIPS_37163
eastern,FIPS_37019~~FIPS_37047
eastern,FIPS_37019~~FIPS_37061
eastern,FIPS_37019~~FIPS_37129
eastern,FIPS_37019~~FIPS_37141
eastern,FIPS_37019~~FIPS_37155
eastern,FIPS_37021~~FIPS_37087
eastern,FIPS_37021~~FIPS_37089
eastern,FIPS_37021~~FIPS_37111
eastern,FIPS_37021~~FIPS_37115
eastern,FIPS_37021~~FIPS_37175
eastern,FIPS_37021~~FIPS_37199
eastern,FIPS_37023~~FIPS_37027
eastern,FIPS_37023~~FIPS_37035
eastern,FIPS_37023~~FIPS_37109
eastern,FIPS_37023~~FIPS_37111
eastern,FIPS_37025~~FIPS_37035
eastern,FIPS_37025~~FIPS_37071
eastern,FIPS_37025~~FIPS_37097
eastern,FIPS_37025~~FIPS_37119
eastern,FIPS_37025~~FIPS_37159
eastern,FIPS_37025~~FIPS_37167
eastern,FIPS_37027~~FIPS_37035
eastern,FIPS_37029~~FIPS_37053
eastern,FIPS_37029~~FIPS_37055_37095
eastern,FIPS_37031~~FIPS_37049
eastern,FIPS_37033~~FIPS_37145
eastern,FIPS_37033~~FIPS_51143
eastern,FIPS_37035~~FIPS_37067
eastern,FIPS_37035~~FIPS_37097
eastern,FIPS_37035~~FIPS_37109
eastern,FIPS_37035~~FIPS_37119
eastern,FIPS_37037~~FIPS_37085
eastern,FIPS_37037~~FIPS_37105
eastern,FIPS_37037~~FIPS_37125
eastern,FIPS_37037~~FIPS_37151
eastern,FIPS_37037~~FIPS_37183
eastern,FIPS_37039~~FIPS_37043
eastern,FIPS_37039~~FIPS_37113
eastern,FIPS_37039~~FIPS_47123
eastern,FIPS_37039~~FIPS_47139
eastern,FIPS_37041~~FIPS_37083
eastern,FIPS_37041~~FIPS_37187
eastern,FIPS_37045~~FIPS_37071
eastern,FIPS_37045~~FIPS_37161
eastern,FIPS_37045~~FIPS_45021
eastern,FIPS_37047~~FIPS_37129
eastern,FIPS_37047~~FIPS_45067
eastern,FIPS_37049~~FIPS_37103
eastern,FIPS_37049~~FIPS_37107
eastern,FIPS_37049~~FIPS_37137
eastern,FIPS_37051~~FIPS_37085
eastern,FIPS_37051~~FIPS_37093
eastern,FIPS_37051~~FIPS_37105
eastern,FIPS_37051~~FIPS_37125
eastern,FIPS_37051~~FIPS_37153
eastern,FIPS_37051~~FIPS_37155
eastern,FIPS_37051~~FIPS_37163
eastern,FIPS_37051~~FIPS_37183
eastern,FIPS_37053~~FIPS_37055_37095
eastern,FIPS_37053~~FIPS_37139
eastern,FIPS_37053~~FIPS_51550
eastern,FIPS_37057~~FIPS_37067
eastern,FIPS_37057~~FIPS_37081
eastern,FIPS_37057~~FIPS_37151
eastern,FIPS_37057~~FIPS_37159
eastern,FIPS_37059~~FIPS_37067
eastern,FIPS_37059~~FIPS_37097
eastern,FIPS_37059~~FIPS_37159
eastern,FIPS_37059~~FIPS_37197
eastern,FIPS_37061~~FIPS_37129
eastern,FIPS_37061~~FIPS_37133
eastern,FIPS_37061~~FIPS_37141
eastern,FIPS_37061~~FIPS_37163
eastern,FIPS_37061~~FIPS_37191
eastern,FIPS_37063~~FIPS_37077
eastern,FIPS_37063~~FIPS_37081
eastern,FIPS_37063~~FIPS_37135
eastern,FIPS_37063~~FIPS_37145
eastern,FIPS_37063~~FIPS_37183
eastern,FIPS_37065~~FIPS_37117
eastern,FIPS_37065~~FIPS_37127
eastern,FIPS_37065~~FIPS_37147
eastern,FIPS_37067~~FIPS_37081
eastern,FIPS_37067~~FIPS_37159
eastern,FIPS_37067~~FIPS_37169
eastern,FIPS_37067~~FIPS_37171
eastern,FIPS_37067~~FIPS_37197
eastern,FIPS_37069~~FIPS_37127
eastern,FIPS_37069~~FIPS_37181
eastern,FIPS_37069~~FIPS_37183
eastern,FIPS_37071~~FIPS_37109
eastern,FIPS_37071~~FIPS_37119
eastern,FIPS_37071~~FIPS_45091
eastern,FIPS_37073~~FIPS_37091
eastern,FIPS_37073~~FIPS_51800
eastern,FIPS_37075~~FIPS_37113
eastern,FIPS_37075~~FIPS_37173
eastern,FIPS_37075~~FIPS_47009
eastern,FIPS_37077~~FIPS_37145
eastern,FIPS_37077~~FIPS_37181
eastern,FIPS_37079~~FIPS_37107
eastern,FIPS_37079~~FIPS_37191
eastern,FIPS_37081~~FIPS_37135
eastern,FIPS_37081~~FIPS_37151
eastern,FIPS_37081~~FIPS_37157
eastern,FIPS_37081~~FIPS_37159
eastern,FIPS_37081~~FIPS_37169
eastern,FIPS_37083~~FIPS_37091
eastern,FIPS_37083~~FIPS_37127
eastern,FIPS_37083~~FIPS_37131
eastern,FIPS_37083~~FIPS_37143
eastern,FIPS_37083~~FIPS_37185
eastern,FIPS_37083~~FIPS_51081
eastern,FIPS_37085~~FIPS_37101
eastern,FIPS_37085~~FIPS_37163
eastern,FIPS_37085~~FIPS_37183
eastern,FIPS_37087~~FIPS_37175
eastern,FIPS_37087~~FIPS_47029
eastern,FIPS_37087~~FIPS_47163
eastern,FIPS_37089~~FIPS_37149
eastern,FIPS_37089~~FIPS_37175
eastern,FIPS_37089~~FIPS_45083
eastern,FIPS_37091~~FIPS_37117
eastern,FIPS_37091~~FIPS_37131
eastern,FIPS_37093~~FIPS_37153
eastern,FIPS_37093~~FIPS_37155
eastern,FIPS_37097~~FIPS_37119
eastern,FIPS_37097~~FIPS_37159
eastern,FIPS_37097~~FIPS_37171
eastern,FIPS_37099~~FIPS_37113
eastern,FIPS_37099~~FIPS_45077
eastern,FIPS_37101~~FIPS_37183
eastern,FIPS_37101~~FIPS_37191
eastern,FIPS_37103~~FIPS_37107
eastern,FIPS_37103~~FIPS_37133
eastern,FIPS_37105~~FIPS_37125
eastern,FIPS_37105~~FIPS_37183
eastern,FIPS_37107~~FIPS_37147
eastern,FIPS_37107~~FIPS_37191
eastern,FIPS_37109~~FIPS_37119
eastern,FIPS_37111~~FIPS_37161
eastern,FIPS_37113~~FIPS_37173
eastern,FIPS_37115~~FIPS_37199
eastern,FIPS_37117~~FIPS_37147
eastern,FIPS_37117~~FIPS_37187
eastern,FIPS_37117~~FIPS_37195
eastern,FIPS_37119~~FIPS_37159
eastern,FIPS_37119~~FIPS_37161
eastern,FIPS_37119~~FIPS_37167
eastern,FIPS_37119~~FIPS_37179
eastern,FIPS_37119~~FIPS_45091
eastern,FIPS_37121~~FIPS_37199
eastern,FIPS_37123~~FIPS_37125
eastern,FIPS_37123~~FIPS_37151
eastern,FIPS_37123~~FIPS_37153
eastern,FIPS_37123~~FIPS_37159
eastern,FIPS_37123~~FIPS_37167
eastern,FIPS_37125~~FIPS_37153
eastern,FIPS_37127~~FIPS_37181
eastern,FIPS_37127~~FIPS_37183
eastern,FIPS_37127~~FIPS_37195
eastern,FIPS_37129~~FIPS_37141
eastern,FIPS_37131~~FIPS_51025
eastern,FIPS_37131~~FIPS_51081
eastern,FIPS_37131~~FIPS_51175
eastern,FIPS_37133~~FIPS_37141
eastern,FIPS_37135~~FIPS_37145
eastern,FIPS_37139~~FIPS_37143
eastern,FIPS_37143~~FIPS_51550
eastern,FIPS_37145~~FIPS_37181
eastern,FIPS_37145~~FIPS_37183
eastern,FIPS_37145~~FIPS_51083
eastern,FIPS_37145~~FIPS_51143
eastern,FIPS_37147~~FIPS_37195
eastern,FIPS_37149~~FIPS_37161
eastern,FIPS_37149~~FIPS_45083
eastern,FIPS_37153~~FIPS_37165
eastern,FIPS_37153~~FIPS_45025
eastern,FIPS_37153~~FIPS_45091
eastern,FIPS_37155~~FIPS_37165
eastern,FIPS_37155~~FIPS_45033
eastern,FIPS_37157~~FIPS_37169
eastern,FIPS_37157~~FIPS_51089
eastern,FIPS_37157~~FIPS_51590
eastern,FIPS_37159~~FIPS_37167
eastern,FIPS_37161~~FIPS_45021
eastern,FIPS_37161~~FIPS_45077
eastern,FIPS_37161~~FIPS_45083
eastern,FIPS_37163~~FIPS_37191
eastern,FIPS_37165~~FIPS_45069
eastern,FIPS_37167~~FIPS_37179
eastern,FIPS_37169~~FIPS_37171
eastern,FIPS_37171~~FIPS_37197
eastern,FIPS_37173~~FIPS_47009
eastern,FIPS_37175~~FIPS_45045
eastern,FIPS_37177~~FIPS_37187
eastern,FIPS_37179~~FIPS_45057
eastern,FIPS_37179~~FIPS_45091
eastern,FIPS_37181~~FIPS_37185
eastern,FIPS_37183~~FIPS_37191
eastern,FIPS_37183~~FIPS_37195
eastern,FIPS_37183~~FIPS_51025
eastern,FIPS_37185~~FIPS_51117
eastern,FIPS_37191~~FIPS_37195
eastern,FIPS_37199~~FIPS_47163
eastern,FIPS_38001~~FIPS_38011_38087
eastern,FIPS_38001~~FIPS_38041
eastern,FIPS_38001~~FIPS_46063_46105
eastern,FIPS_38003~~FIPS_38017
eastern,FIPS_38003~~FIPS_38039_38091
eastern,FIPS_38003~~FIPS_38073
eastern,FIPS_38003~~FIPS_38093
eastern,FIPS_38005~~FIPS_38069
eastern,FIPS_38005~~FIPS_38071
eastern,FIPS_38005~~FIPS_38095
eastern,FIPS_38007_38033~~FIPS_38025
eastern,FIPS_38007_38033~~FIPS_38089
eastern,FIPS_38009~~FIPS_38049
eastern,FIPS_38009~~FIPS_38079
eastern,FIPS_38009~~FIPS_38101
eastern,FIPS_38011_38087~~FIPS_38089
eastern,FIPS_38013~~FIPS_38023
eastern,FIPS_38013~~FIPS_38061
eastern,FIPS_38013~~FIPS_38101
eastern,FIPS_38013~~FIPS_38105
eastern,FIPS_38015~~FIPS_38029
eastern,FIPS_38015~~FIPS_38043
eastern,FIPS_38015~~FIPS_38059
eastern,FIPS_38015~~FIPS_38065
eastern,FIPS_38015~~FIPS_38093
eastern,FIPS_38015~~FIPS_46021_46129
eastern,FIPS_38017~~FIPS_38073
eastern,FIPS_38017~~FIPS_38077
eastern,FIPS_38017~~FIPS_38093
eastern,FIPS_38017~~FIPS_38097
eastern,FIPS_38019~~FIPS_38067
eastern,FIPS_38019~~FIPS_38071
eastern,FIPS_38021~~FIPS_38045
eastern,FIPS_38021~~FIPS_38047_38051
eastern,FIPS_38021~~FIPS_38081
eastern,FIPS_38021~~FIPS_46013
eastern,FIPS_38021~~FIPS_46045_46049_46089
eastern,FIPS_38021~~FIPS_46051
eastern,FIPS_38023~~FIPS_38105
eastern,FIPS_38025~~FIPS_38053
eastern,FIPS_38025~~FIPS_38057
eastern,FIPS_38027~~FIPS_38031
eastern,FIPS_38027~~FIPS_38071
eastern,FIPS_38029~~FIPS_38047_38051
eastern,FIPS_38031~~FIPS_38093
eastern,FIPS_38035~~FIPS_38039_38091
eastern,FIPS_38035~~FIPS_38065
eastern,FIPS_38035~~FIPS_38067
eastern,FIPS_38035~~FIPS_38071
eastern,FIPS_38035~~FIPS_38099
eastern,FIPS_38037_38085~~FIPS_38059
eastern,FIPS_38039_38091~~FIPS_38093
eastern,FIPS_38041~~FIPS_38089
eastern,FIPS_38043~~FIPS_38093
eastern,FIPS_38045~~FIPS_38081
eastern,FIPS_38045~~FIPS_38093
eastern,FIPS_38045~~FIPS_46013
eastern,FIPS_38047_38051~~FIPS_38059
eastern,FIPS_38047_38051~~FIPS_46045_46049_46089
eastern,FIPS_38049~~FIPS_38055_38083
eastern,FIPS_38049~~FIPS_38057
eastern,FIPS_38049~~FIPS_38069
eastern,FIPS_38049~~FIPS_38101
eastern,FIPS_38053~~FIPS_38057
eastern,FIPS_38053~~FIPS_38089
eastern,FIPS_38053~~FIPS_38105
eastern,FIPS_38055_38083~~FIPS_38057
eastern,FIPS_38055_38083~~FIPS_38101
eastern,FIPS_38055_38083~~FIPS_38103
eastern,FIPS_38057~~FIPS_38059
eastern,FIPS_38057~~FIPS_38065
eastern,FIPS_38057~~FIPS_38089
eastern,FIPS_38057~~FIPS_38093
eastern,FIPS_38057~~FIPS_38101
eastern,FIPS_38057~~FIPS_46005_46059_46111
eastern,FIPS_38057~~FIPS_46013
eastern,FIPS_38057~~FIPS_46017
eastern,FIPS_38059~~FIPS_38065
eastern,FIPS_38059~~FIPS_38089
eastern,FIPS_38061~~FIPS_38101
eastern,FIPS_38061~~FIPS_38105
eastern,FIPS_38063~~FIPS_38071
eastern,FIPS_38065~~FIPS_38093
eastern,FIPS_38067~~FIPS_38099
eastern,FIPS_38069~~FIPS_38071
eastern,FIPS_38069~~FIPS_38079
eastern,FIPS_38069~~FIPS_38101
eastern,FIPS_38069~~FIPS_38103
eastern,FIPS_38073~~FIPS_38081
eastern,FIPS_38075~~FIPS_38101
eastern,FIPS_38077~~FIPS_38081
eastern,FIPS_38079~~FIPS_38095
eastern,FIPS_38081~~FIPS_46037_46091
eastern,FIPS_39001~~FIPS_39015
eastern,FIPS_39001~~FIPS_39025
eastern,FIPS_39001~~FIPS_39027
eastern,FIPS_39001~~FIPS_39071
eastern,FIPS_39001~~FIPS_39129
eastern,FIPS_39001~~FIPS_39131
eastern,FIPS_39001~~FIPS_39145
eastern,FIPS_39003~~FIPS_39011
eastern,FIPS_39003~~FIPS_39063
eastern,FIPS_39003~~FIPS_39065
eastern,FIPS_39003~~FIPS_39125
eastern,FIPS_39003~~FIPS_39137
eastern,FIPS_39003~~FIPS_39149
eastern,FIPS_39003~~FIPS_39159
eastern,FIPS_39003~~FIPS_39161
eastern,FIPS_39005~~FIPS_39067
eastern,FIPS_39005~~FIPS_39075
eastern,FIPS_39005~~FIPS_39077
eastern,FIPS_39005~~FIPS_39093
eastern,FIPS_39005~~FIPS_39103
eastern,FIPS_39005~~FIPS_39139
eastern,FIPS_39005~~FIPS_39169
eastern,FIPS_39007~~FIPS_39085
eastern,FIPS_39007~~FIPS_39155
eastern,FIPS_39007~~FIPS_42039
eastern,FIPS_39007~~FIPS_42049
eastern,FIPS_39009~~FIPS_39045
eastern,FIPS_39009~~FIPS_39073
eastern,FIPS_39009~~FIPS_39105
eastern,FIPS_39009~~FIPS_39127
eastern,FIPS_39009~~FIPS_39163
eastern,FIPS_39011~~FIPS_39107
eastern,FIPS_39011~~FIPS_39149
eastern,FIPS_39013~~FIPS_39019
eastern,FIPS_39013~~FIPS_39059
eastern,FIPS_39013~~FIPS_39067
eastern,FIPS_39013~~FIPS_39081
eastern,FIPS_39013~~FIPS_39111
eastern,FIPS_39013~~FIPS_39121
eastern,FIPS_39013~~FIPS_54051
eastern,FIPS_39013~~FIPS_54069
eastern,FIPS_39015~~FIPS_39025
eastern,FIPS_39015~~FIPS_39071
eastern,FIPS_39017~~FIPS_39025
eastern,FIPS_39017~~FIPS_39061
eastern,FIPS_39017~~FIPS_39113
eastern,FIPS_39017~~FIPS_39165
eastern,FIPS_39019~~FIPS_39029
eastern,FIPS_39019~~FIPS_39067
eastern,FIPS_39019~~FIPS_39081
eastern,FIPS_39019~~FIPS_39103
eastern,FIPS_39019~~FIPS_39151
eastern,FIPS_39019~~FIPS_39157
eastern,FIPS_39021~~FIPS_39023
eastern,FIPS_39021~~FIPS_39057
eastern,FIPS_39021~~FIPS_39091
eastern,FIPS_39021~~FIPS_39149
eastern,FIPS_39021~~FIPS_39159
eastern,FIPS_39023~~FIPS_39057
eastern,FIPS_39023~~FIPS_39097
eastern,FIPS_39025~~FIPS_39053
eastern,FIPS_39025~~FIPS_39061
eastern,FIPS_39025~~FIPS_39131
eastern,FIPS_39025~~FIPS_39165
eastern,FIPS_39027~~FIPS_39047
eastern,FIPS_39027~~FIPS_39057
eastern,FIPS_39027~~FIPS_39071
eastern,FIPS_39027~~FIPS_39165
eastern,FIPS_39029~~FIPS_39081
eastern,FIPS_39029~~FIPS_39099
eastern,FIPS_39029~~FIPS_39151
eastern,FIPS_39029~~FIPS_39153
eastern,FIPS_39029~~FIPS_42007
eastern,FIPS_39029~~FIPS_54029
eastern,FIPS_39031~~FIPS_39041
eastern,FIPS_39031~~FIPS_39049
eastern,FIPS_39031~~FIPS_39075
eastern,FIPS_39031~~FIPS_39083
eastern,FIPS_39031~~FIPS_39089
eastern,FIPS_39031~~FIPS_39119
eastern,FIPS_39031~~FIPS_39157
eastern,FIPS_39033~~FIPS_39117
eastern,FIPS_39033~~FIPS_39139
eastern,FIPS_39033~~FIPS_39147
eastern,FIPS_39033~~FIPS_39175
eastern,FIPS_39035~~FIPS_39055
eastern,FIPS_39035~~FIPS_39085
eastern,FIPS_39035~~FIPS_39093
eastern,FIPS_39035~~FIPS_39103
eastern,FIPS_39035~~FIPS_39133
eastern,FIPS_39035~~FIPS_39153
eastern,FIPS_39035~~FIPS_42007
eastern,FIPS_39037~~FIPS_39107
eastern,FIPS_39037~~FIPS_39109
eastern,FIPS_39037~~FIPS_39135
eastern,FIPS_39037~~FIPS_39149
eastern,FIPS_39039~~FIPS_39069
eastern,FIPS_39039~~FIPS_39125
eastern,FIPS_39039~~FIPS_39137
eastern,FIPS_39039~~FIPS_39171
eastern,FIPS_39041~~FIPS_39045
eastern,FIPS_39041~~FIPS_39049
eastern,FIPS_39041~~FIPS_39083
eastern,FIPS_39041~~FIPS_39097
eastern,FIPS_39041~~FIPS_39101
eastern,FIPS_39041~~FIPS_39117
eastern,FIPS_39041~~FIPS_39159
eastern,FIPS_39041~~FIPS_54051
eastern,FIPS_39043~~FIPS_39077
eastern,FIPS_39043~~FIPS_39093
eastern,FIPS_39043~~FIPS_39123
eastern,FIPS_39043~~FIPS_39143
eastern,FIPS_39045~~FIPS_39049
eastern,FIPS_39045~~FIPS_39073
eastern,FIPS_39045~~FIPS_39089
eastern,FIPS_39045~~FIPS_39127
eastern,FIPS_39045~~FIPS_39129
eastern,FIPS_39045~~FIPS_39167
eastern,FIPS_39047~~FIPS_39057
eastern,FIPS_39047~~FIPS_39071
eastern,FIPS_39047~~FIPS_39129
eastern,FIPS_39049~~FIPS_39057
eastern,FIPS_39049~~FIPS_39073
eastern,FIPS_39049~~FIPS_39089
eastern,FIPS_39049~~FIPS_39097
eastern,FIPS_39049~~FIPS_39119
eastern,FIPS_39049~~FIPS_39129
eastern,FIPS_39051~~FIPS_39069
eastern,FIPS_39051~~FIPS_39095
eastern,FIPS_39051~~FIPS_39171
eastern,FIPS_39051~~FIPS_39173
eastern,FIPS_39053~~FIPS_39079
eastern,FIPS_39053~~FIPS_39087
eastern,FIPS_39053~~FIPS_39105
eastern,FIPS_39053~~FIPS_39131
eastern,FIPS_39053~~FIPS_39141
eastern,FIPS_39053~~FIPS_39145
eastern,FIPS_39053~~FIPS_54011
eastern,FIPS_39053~~FIPS_54053
eastern,FIPS_39055~~FIPS_39085
eastern,FIPS_39057~~FIPS_39109
eastern,FIPS_39057~~FIPS_39113
eastern,FIPS_39057~~FIPS_39165
eastern,FIPS_39059~~FIPS_39121
eastern,FIPS_39059~~FIPS_39157
eastern,FIPS_39059~~FIPS_39167
eastern,FIPS_39061~~FIPS_39109
eastern,FIPS_39061~~FIPS_39165
eastern,FIPS_39063~~FIPS_39095
eastern,FIPS_39063~~FIPS_39137
eastern,FIPS_39063~~FIPS_39143
eastern,FIPS_39063~~FIPS_39147
eastern,FIPS_39063~~FIPS_39173
eastern,FIPS_39065~~FIPS_39101
eastern,FIPS_39065~~FIPS_39175
eastern,FIPS_39067~~FIPS_39081
eastern,FIPS_39067~~FIPS_39151
eastern,FIPS_39067~~FIPS_39157
eastern,FIPS_39067~~FIPS_39169
eastern,FIPS_39069~~FIPS_39095
eastern,FIPS_39069~~FIPS_39173
eastern,FIPS_39071~~FIPS_39141
eastern,FIPS_39071~~FIPS_39165
eastern,FIPS_39073~~FIPS_39127
eastern,FIPS_39073~~FIPS_39129
eastern,FIPS_39073~~FIPS_39131
eastern,FIPS_39073~~FIPS_39141
eastern,FIPS_39075~~FIPS_39157
eastern,FIPS_39075~~FIPS_39169
eastern,FIPS_39077~~FIPS_39093
eastern,FIPS_39077~~FIPS_39143
eastern,FIPS_39077~~FIPS_39147
eastern,FIPS_39079~~FIPS_39131
eastern,FIPS_39079~~FIPS_39141
eastern,FIPS_39079~~FIPS_39145
eastern,FIPS_39079~~FIPS_39163
eastern,FIPS_39081~~FIPS_39099
eastern,FIPS_39081~~FIPS_39103
eastern,FIPS_39081~~FIPS_39151
eastern,FIPS_39081~~FIPS_39155
eastern,FIPS_39081~~FIPS_42003
eastern,FIPS_39081~~FIPS_42007
eastern,FIPS_39081~~FIPS_54009
eastern,FIPS_39081~~FIPS_54029
eastern,FIPS_39081~~FIPS_54069
eastern,FIPS_39083~~FIPS_39089
eastern,FIPS_39083~~FIPS_39117
eastern,FIPS_39083~~FIPS_39119
eastern,FIPS_39083~~FIPS_39139
eastern,FIPS_39087~~FIPS_39131
eastern,FIPS_39087~~FIPS_39145
eastern,FIPS_39087~~FIPS_51173
eastern,FIPS_39087~~FIPS_54011
eastern,FIPS_39087~~FIPS_54053
eastern,FIPS_39087~~FIPS_54079
eastern,FIPS_39087~~FIPS_54099
eastern,FIPS_39089~~FIPS_39119
eastern,FIPS_39089~~FIPS_39127
eastern,FIPS_39091~~FIPS_39149
eastern,FIPS_39091~~FIPS_39159
eastern,FIPS_39093~~FIPS_39103
eastern,FIPS_39093~~FIPS_39143
eastern,FIPS_39095~~FIPS_39123
eastern,FIPS_39095~~FIPS_39173
eastern,FIPS_39097~~FIPS_39129
eastern,FIPS_39097~~FIPS_39159
eastern,FIPS_39099~~FIPS_39151
eastern,FIPS_39099~~FIPS_39155
eastern,FIPS_39099~~FIPS_42073
eastern,FIPS_39101~~FIPS_39117
eastern,FIPS_39101~~FIPS_39159
eastern,FIPS_39101~~FIPS_39175
eastern,FIPS_39103~~FIPS_39151
eastern,FIPS_39103~~FIPS_39153
eastern,FIPS_39103~~FIPS_39169
eastern,FIPS_39105~~FIPS_54035
eastern,FIPS_39105~~FIPS_54053
eastern,FIPS_39109~~FIPS_39113
eastern,FIPS_39109~~FIPS_39149
eastern,FIPS_39111~~FIPS_39121
eastern,FIPS_39111~~FIPS_54051
eastern,FIPS_39113~~FIPS_39135
eastern,FIPS_39113~~FIPS_39165
eastern,FIPS_39115~~FIPS_39119
eastern,FIPS_39115~~FIPS_39121
eastern,FIPS_39115~~FIPS_39167
eastern,FIPS_39117~~FIPS_39119
eastern,FIPS_39117~~FIPS_39139
eastern,FIPS_39117~~FIPS_39147
eastern,FIPS_39119~~FIPS_39127
eastern,FIPS_39119~~FIPS_39167
eastern,FIPS_39121~~FIPS_39167
eastern,FIPS_39121~~FIPS_54051
eastern,FIPS_39123~~FIPS_39143
eastern,FIPS_39123~~FIPS_39173
eastern,FIPS_39125~~FIPS_39161
eastern,FIPS_39129~~FIPS_39141
eastern,FIPS_39131~~FIPS_39141
eastern,FIPS_39131~~FIPS_39145
eastern,FIPS_39133~~FIPS_39151
eastern,FIPS_39133~~FIPS_39153
eastern,FIPS_39133~~FIPS_39155
eastern,FIPS_39133~~FIPS_42007
eastern,FIPS_39135~~FIPS_39165
eastern,FIPS_39137~~FIPS_39161
eastern,FIPS_39139~~FIPS_39147
eastern,FIPS_39139~~FIPS_39169
eastern,FIPS_39141~~FIPS_39159
eastern,FIPS_39141~~FIPS_39163
eastern,FIPS_39143~~FIPS_39147
eastern,FIPS_39143~~FIPS_39173
eastern,FIPS_39147~~FIPS_39173
eastern,FIPS_39147~~FIPS_39175
eastern,FIPS_39151~~FIPS_39153
eastern,FIPS_39151~~FIPS_39157
eastern,FIPS_39151~~FIPS_39169
eastern,FIPS_39151~~FIPS_54051
eastern,FIPS_39153~~FIPS_39169
eastern,FIPS_39155~~FIPS_42007
eastern,FIPS_39155~~FIPS_42085
eastern,FIPS_39167~~FIPS_54051
eastern,FIPS_39167~~FIPS_54053
eastern,FIPS_39167~~FIPS_54073
eastern,FIPS_39167~~FIPS_54107
eastern,FIPS_40001~~FIPS_40021
eastern,FIPS_40001~~FIPS_40041
eastern,FIPS_40001~~FIPS_40135
eastern,FIPS_40003~~FIPS_40047
eastern,FIPS_40003~~FIPS_40053
eastern,FIPS_40003~~FIPS_40093
eastern,FIPS_40003~~FIPS_40151
eastern,FIPS_40005~~FIPS_40029
eastern,FIPS_40005~~FIPS_40121
eastern,FIPS_40005~~FIPS_40127
eastern,FIPS_40007~~FIPS_40059
eastern,FIPS_40007~~FIPS_40139
eastern,FIPS_40007~~FIPS_40153
eastern,FIPS_40007~~FIPS_48357
eastern,FIPS_40009~~FIPS_40015
eastern,FIPS_40009~~FIPS_40039
eastern,FIPS_40009~~FIPS_40055
eastern,FIPS_40009~~FIPS_40129
eastern,FIPS_40009~~FIPS_40149
eastern,FIPS_40009~~FIPS_48483
eastern,FIPS_40011~~FIPS_40015
eastern,FIPS_40011~~FIPS_40017
eastern,FIPS_40011~~FIPS_40043
eastern,FIPS_40011~~FIPS_40073
eastern,FIPS_40011~~FIPS_40093
eastern,FIPS_40011~~FIPS_40153
eastern,FIPS_40013~~FIPS_40019
eastern,FIPS_40013~~FIPS_40023
eastern,FIPS_40013~~FIPS_40029
eastern,FIPS_40013~~FIPS_40069
eastern,FIPS_40013~~FIPS_40095
eastern,FIPS_40015~~FIPS_40017
eastern,FIPS_40015~~FIPS_40031
eastern,FIPS_40015~~FIPS_40039
eastern,FIPS_40015~~FIPS_40049
eastern,FIPS_40015~~FIPS_40051
eastern,FIPS_40015~~FIPS_40075
eastern,FIPS_40015~~FIPS_40137
eastern,FIPS_40017~~FIPS_40027
eastern,FIPS_40017~~FIPS_40047
eastern,FIPS_40017~~FIPS_40051
eastern,FIPS_40017~~FIPS_40073
eastern,FIPS_40017~~FIPS_40087
eastern,FIPS_40017~~FIPS_40109
eastern,FIPS_40019~~FIPS_40023
eastern,FIPS_40019~~FIPS_40031
eastern,FIPS_40019~~FIPS_40049
eastern,FIPS_40019~~FIPS_40067
eastern,FIPS_40019~~FIPS_40069
eastern,FIPS_40019~~FIPS_40085
eastern,FIPS_40019~~FIPS_40099
eastern,FIPS_40019~~FIPS_40137
eastern,FIPS_40021~~FIPS_40097
eastern,FIPS_40021~~FIPS_40101
eastern,FIPS_40021~~FIPS_40135
eastern,FIPS_40021~~FIPS_40145
eastern,FIPS_40023~~FIPS_40089
eastern,FIPS_40023~~FIPS_40127
eastern,FIPS_40027~~FIPS_40049
eastern,FIPS_40027~~FIPS_40081
eastern,FIPS_40027~~FIPS_40087
eastern,FIPS_40027~~FIPS_40109
eastern,FIPS_40027~~FIPS_40125
eastern,FIPS_40027~~FIPS_40133
eastern,FIPS_40029~~FIPS_40063
eastern,FIPS_40029~~FIPS_40121
eastern,FIPS_40029~~FIPS_40123
eastern,FIPS_40031~~FIPS_40033
eastern,FIPS_40031~~FIPS_40067
eastern,FIPS_40031~~FIPS_40075
eastern,FIPS_40031~~FIPS_40137
eastern,FIPS_40031~~FIPS_40141
eastern,FIPS_40033~~FIPS_40067
eastern,FIPS_40033~~FIPS_40137
eastern,FIPS_40033~~FIPS_40141
eastern,FIPS_40035~~FIPS_40041
eastern,FIPS_40035~~FIPS_40097
eastern,FIPS_40035~~FIPS_40105
eastern,FIPS_40035~~FIPS_40115
eastern,FIPS_40037~~FIPS_40081
eastern,FIPS_40037~~FIPS_40107
eastern,FIPS_40037~~FIPS_40111
eastern,FIPS_40037~~FIPS_40117
eastern,FIPS_40037~~FIPS_40119
eastern,FIPS_40037~~FIPS_40143
eastern,FIPS_40039~~FIPS_40043
eastern,FIPS_40039~~FIPS_40075
eastern,FIPS_40039~~FIPS_40129
eastern,FIPS_40039~~FIPS_40149
eastern,FIPS_40041~~FIPS_40097
eastern,FIPS_40041~~FIPS_40115
eastern,FIPS_40043~~FIPS_40153
eastern,FIPS_40045~~FIPS_40153
eastern,FIPS_40047~~FIPS_40053
eastern,FIPS_40047~~FIPS_40073
eastern,FIPS_40047~~FIPS_40083
eastern,FIPS_40047~~FIPS_40093
eastern,FIPS_40047~~FIPS_40103
eastern,FIPS_40049~~FIPS_40051
eastern,FIPS_40049~~FIPS_40087
eastern,FIPS_40049~~FIPS_40099
eastern,FIPS_40049~~FIPS_40123
eastern,FIPS_40049~~FIPS_40133
eastern,FIPS_40049~~FIPS_40137
eastern,FIPS_40051~~FIPS_40087
eastern,FIPS_40051~~FIPS_40137
eastern,FIPS_40053~~FIPS_40071
eastern,FIPS_40053~~FIPS_40093
eastern,FIPS_40053~~FIPS_40103
eastern,FIPS_40055~~FIPS_40065
eastern,FIPS_40055~~FIPS_40075
eastern,FIPS_40057~~FIPS_40065
eastern,FIPS_40057~~FIPS_48087
eastern,FIPS_40059~~FIPS_40151
eastern,FIPS_40059~~FIPS_40153
eastern,FIPS_40061~~FIPS_40077
eastern,FIPS_40061~~FIPS_40079
eastern,FIPS_40061~~FIPS_40091
eastern,FIPS_40061~~FIPS_40101
eastern,FIPS_40061~~FIPS_40121
eastern,FIPS_40063~~FIPS_40091
eastern,FIPS_40063~~FIPS_40107
eastern,FIPS_40063~~FIPS_40121
eastern,FIPS_40063~~FIPS_40133
eastern,FIPS_40065~~FIPS_40075
eastern,FIPS_40065~~FIPS_40141
eastern,FIPS_40067~~FIPS_40085
eastern,FIPS_40067~~FIPS_40137
eastern,FIPS_40069~~FIPS_40095
eastern,FIPS_40069~~FIPS_40099
eastern,FIPS_40069~~FIPS_40121
eastern,FIPS_40069~~FIPS_40123
eastern,FIPS_40071~~FIPS_40103
eastern,FIPS_40071~~FIPS_40113
eastern,FIPS_40073~~FIPS_40083
eastern,FIPS_40073~~FIPS_40109
eastern,FIPS_40075~~FIPS_40141
eastern,FIPS_40075~~FIPS_40149
eastern,FIPS_40077~~FIPS_40079
eastern,FIPS_40077~~FIPS_40121
eastern,FIPS_40077~~FIPS_40127
eastern,FIPS_40081~~FIPS_40107
eastern,FIPS_40081~~FIPS_40109
eastern,FIPS_40081~~FIPS_40119
eastern,FIPS_40081~~FIPS_40125
eastern,FIPS_40081~~FIPS_40133
eastern,FIPS_40083~~FIPS_40103
eastern,FIPS_40083~~FIPS_40109
eastern,FIPS_40083~~FIPS_40119
eastern,FIPS_40085~~FIPS_40095
eastern,FIPS_40087~~FIPS_40125
eastern,FIPS_40089~~FIPS_40121
eastern,FIPS_40089~~FIPS_40127
eastern,FIPS_40089~~FIPS_48037
eastern,FIPS_40091~~FIPS_40101
eastern,FIPS_40091~~FIPS_40107
eastern,FIPS_40091~~FIPS_40121
eastern,FIPS_40093~~FIPS_40153
eastern,FIPS_40097~~FIPS_40105
eastern,FIPS_40097~~FIPS_40115
eastern,FIPS_40097~~FIPS_40131
eastern,FIPS_40097~~FIPS_40145
eastern,FIPS_40099~~FIPS_40123
eastern,FIPS_40101~~FIPS_40107
eastern,FIPS_40101~~FIPS_40111
eastern,FIPS_40101~~FIPS_40133
eastern,FIPS_40101~~FIPS_40135
eastern,FIPS_40101~~FIPS_40143
eastern,FIPS_40101~~FIPS_40145
eastern,FIPS_40103~~FIPS_40113
eastern,FIPS_40103~~FIPS_40117
eastern,FIPS_40103~~FIPS_40119
eastern,FIPS_40105~~FIPS_40113
eastern,FIPS_40105~~FIPS_40131
eastern,FIPS_40105~~FIPS_40147
eastern,FIPS_40107~~FIPS_40111
eastern,FIPS_40107~~FIPS_40133
eastern,FIPS_40109~~FIPS_40125
eastern,FIPS_40109~~FIPS_40133
eastern,FIPS_40109~~FIPS_40143
eastern,FIPS_40111~~FIPS_40143
eastern,FIPS_40113~~FIPS_40117
eastern,FIPS_40113~~FIPS_40143
eastern,FIPS_40113~~FIPS_40147
eastern,FIPS_40115~~FIPS_40145
eastern,FIPS_40117~~FIPS_40119
eastern,FIPS_40117~~FIPS_40143
eastern,FIPS_40121~~FIPS_40133
eastern,FIPS_40123~~FIPS_40133
eastern,FIPS_40125~~FIPS_40133
eastern,FIPS_40131~~FIPS_40143
eastern,FIPS_40131~~FIPS_40145
eastern,FIPS_40131~~FIPS_40147
eastern,FIPS_40139~~FIPS_48195
eastern,FIPS_40139~~FIPS_48341
eastern,FIPS_40139~~FIPS_48357
eastern,FIPS_40139~~FIPS_48375
eastern,FIPS_40139~~FIPS_48421
eastern,FIPS_40143~~FIPS_40145
eastern,FIPS_40143~~FIPS_40147
eastern,FIPS_40151~~FIPS_40153
eastern,FIPS_40153~~FIPS_48483
eastern,FIPS_42001~~FIPS_42041
eastern,FIPS_42001~~FIPS_42055
eastern,FIPS_42001~~FIPS_42063
eastern,FIPS_42001~~FIPS_42133
eastern,FIPS_42003~~FIPS_42005
eastern,FIPS_42003~~FIPS_42007
eastern,FIPS_42003~~FIPS_42019
eastern,FIPS_42003~~FIPS_42125
eastern,FIPS_42003~~FIPS_42129
eastern,FIPS_42005~~FIPS_42019
eastern,FIPS_42005~~FIPS_42031
eastern,FIPS_42005~~FIPS_42061
eastern,FIPS_42005~~FIPS_42063
eastern,FIPS_42005~~FIPS_42099
eastern,FIPS_42005~~FIPS_42121
eastern,FIPS_42005~~FIPS_42129
eastern,FIPS_42007~~FIPS_42019
eastern,FIPS_42007~~FIPS_42073
eastern,FIPS_42007~~FIPS_54029
eastern,FIPS_42009~~FIPS_42013
eastern,FIPS_42009~~FIPS_42061
eastern,FIPS_42009~~FIPS_42111
eastern,FIPS_42011~~FIPS_42071
eastern,FIPS_42011~~FIPS_42075
eastern,FIPS_42011~~FIPS_42077
eastern,FIPS_42011~~FIPS_42091
eastern,FIPS_42011~~FIPS_42107
eastern,FIPS_42013~~FIPS_42021
eastern,FIPS_42013~~FIPS_42027
eastern,FIPS_42013~~FIPS_42061
eastern,FIPS_42015~~FIPS_42081_42113
eastern,FIPS_42015~~FIPS_42115
eastern,FIPS_42015~~FIPS_42117
eastern,FIPS_42017~~FIPS_42077
eastern,FIPS_42017~~FIPS_42091
eastern,FIPS_42017~~FIPS_42095
eastern,FIPS_42017~~FIPS_42101
eastern,FIPS_42019~~FIPS_42031
eastern,FIPS_42019~~FIPS_42073
eastern,FIPS_42019~~FIPS_42085
eastern,FIPS_42021~~FIPS_42063
eastern,FIPS_42021~~FIPS_42111
eastern,FIPS_42023~~FIPS_42047_42053
eastern,FIPS_42023~~FIPS_42105
eastern,FIPS_42025~~FIPS_42079
eastern,FIPS_42025~~FIPS_42095
eastern,FIPS_42027~~FIPS_42033
eastern,FIPS_42027~~FIPS_42035
eastern,FIPS_42027~~FIPS_42061
eastern,FIPS_42027~~FIPS_42087
eastern,FIPS_42029~~FIPS_42045
eastern,FIPS_42029~~FIPS_42071
eastern,FIPS_42029~~FIPS_42091
eastern,FIPS_42029~~FIPS_42133
eastern,FIPS_42031~~FIPS_42047_42053
eastern,FIPS_42031~~FIPS_42065
eastern,FIPS_42031~~FIPS_42121
eastern,FIPS_42033~~FIPS_42035
eastern,FIPS_42033~~FIPS_42047_42053
eastern,FIPS_42033~~FIPS_42063
eastern,FIPS_42033~~FIPS_42065
eastern,FIPS_42035~~FIPS_42081_42113
eastern,FIPS_42035~~FIPS_42087
eastern,FIPS_42035~~FIPS_42119
eastern,FIPS_42037~~FIPS_42079
eastern,FIPS_42037~~FIPS_42093_42097
eastern,FIPS_42037~~FIPS_42107
eastern,FIPS_42037~~FIPS_42109
eastern,FIPS_42039~~FIPS_42049
eastern,FIPS_42039~~FIPS_42085
eastern,FIPS_42039~~FIPS_42121
eastern,FIPS_42041~~FIPS_42043
eastern,FIPS_42041~~FIPS_42055
eastern,FIPS_42041~~FIPS_42099
eastern,FIPS_42041~~FIPS_42133
eastern,FIPS_42043~~FIPS_42071
eastern,FIPS_42043~~FIPS_42075
eastern,FIPS_42043~~FIPS_42099
eastern,FIPS_42043~~FIPS_42107
eastern,FIPS_42043~~FIPS_42133
eastern,FIPS_42045~~FIPS_42091
eastern,FIPS_42045~~FIPS_42101
eastern,FIPS_42047_42053~~FIPS_42065
eastern,FIPS_42047_42053~~FIPS_42083
eastern,FIPS_42047_42053~~FIPS_42123
eastern,FIPS_42049~~FIPS_42123
eastern,FIPS_42051~~FIPS_42059
eastern,FIPS_42051~~FIPS_42111
eastern,FIPS_42051~~FIPS_42125
eastern,FIPS_42051~~FIPS_42129
eastern,FIPS_42051~~FIPS_54061
eastern,FIPS_42051~~FIPS_54077
eastern,FIPS_42055~~FIPS_42057
eastern,FIPS_42055~~FIPS_42061
eastern,FIPS_42055~~FIPS_54003
eastern,FIPS_42059~~FIPS_42125
eastern,FIPS_42059~~FIPS_54023
eastern,FIPS_42059~~FIPS_54033
eastern,FIPS_42059~~FIPS_54051
eastern,FIPS_42059~~FIPS_54057
eastern,FIPS_42059~~FIPS_54061
eastern,FIPS_42061~~FIPS_42063
eastern,FIPS_42061~~FIPS_42067
eastern,FIPS_42061~~FIPS_42087
eastern,FIPS_42063~~FIPS_42065
eastern,FIPS_42063~~FIPS_42083
eastern,FIPS_42063~~FIPS_42099
eastern,FIPS_42063~~FIPS_42111
eastern,FIPS_42063~~FIPS_42117
eastern,FIPS_42063~~FIPS_42129
eastern,FIPS_42067~~FIPS_42087
eastern,FIPS_42067~~FIPS_42099
eastern,FIPS_42069~~FIPS_42079
eastern,FIPS_42069~~FIPS_42103
eastern,FIPS_42069~~FIPS_42127
eastern,FIPS_42069~~FIPS_42131
eastern,FIPS_42071~~FIPS_42077
eastern,FIPS_42071~~FIPS_42091
eastern,FIPS_42071~~FIPS_42133
eastern,FIPS_42073~~FIPS_42085
eastern,FIPS_42077~~FIPS_42079
eastern,FIPS_42077~~FIPS_42091
eastern,FIPS_42077~~FIPS_42095
eastern,FIPS_42077~~FIPS_42099
eastern,FIPS_42079~~FIPS_42089
eastern,FIPS_42079~~FIPS_42093_42097
eastern,FIPS_42079~~FIPS_42095
eastern,FIPS_42079~~FIPS_42107
eastern,FIPS_42079~~FIPS_42109
eastern,FIPS_42081_42113~~FIPS_42093_42097
eastern,FIPS_42081_42113~~FIPS_42109
eastern,FIPS_42083~~FIPS_42105
eastern,FIPS_42083~~FIPS_42123
eastern,FIPS_42087~~FIPS_42099
eastern,FIPS_42089~~FIPS_42095
eastern,FIPS_42089~~FIPS_42103
eastern,FIPS_42091~~FIPS_42101
eastern,FIPS_42093_42097~~FIPS_42107
eastern,FIPS_42093_42097~~FIPS_42109
eastern,FIPS_42095~~FIPS_42107
eastern,FIPS_42099~~FIPS_42109
eastern,FIPS_42105~~FIPS_42117
eastern,FIPS_42109~~FIPS_42119
eastern,FIPS_42111~~FIPS_42129
eastern,FIPS_42115~~FIPS_42131
eastern,FIPS_42125~~FIPS_42129
eastern,FIPS_42125~~FIPS_54009
eastern,FIPS_42125~~FIPS_54029
eastern,FIPS_44003~~FIPS_44007
eastern,FIPS_44003~~FIPS_44009
eastern,FIPS_45001~~FIPS_45007
eastern,FIPS_45001~~FIPS_45047
eastern,FIPS_45001~~FIPS_45065
eastern,FIPS_45001~~FIPS_45071
eastern,FIPS_45003~~FIPS_45005
eastern,FIPS_45003~~FIPS_45011
eastern,FIPS_45003~~FIPS_45029
eastern,FIPS_45003~~FIPS_45037
eastern,FIPS_45003~~FIPS_45063
eastern,FIPS_45003~~FIPS_45075
eastern,FIPS_45003~~FIPS_45081
eastern,FIPS_45005~~FIPS_45009
eastern,FIPS_45005~~FIPS_45011
eastern,FIPS_45005~~FIPS_45029
eastern,FIPS_45005~~FIPS_45049
eastern,FIPS_45007~~FIPS_45045
eastern,FIPS_45007~~FIPS_45047
eastern,FIPS_45007~~FIPS_45077
eastern,FIPS_45007~~FIPS_45083
eastern,FIPS_45009~~FIPS_45011
eastern,FIPS_45009~~FIPS_45029
eastern,FIPS_45009~~FIPS_45035
eastern,FIPS_45009~~FIPS_45063
eastern,FIPS_45009~~FIPS_45075
eastern,FIPS_45013~~FIPS_45049
eastern,FIPS_45013~~FIPS_45053
eastern,FIPS_45015~~FIPS_45019
eastern,FIPS_45015~~FIPS_45027
eastern,FIPS_45015~~FIPS_45029
eastern,FIPS_45015~~FIPS_45035
eastern,FIPS_45015~~FIPS_45043
eastern,FIPS_45015~~FIPS_45075
eastern,FIPS_45015~~FIPS_45085
eastern,FIPS_45015~~FIPS_45089
eastern,FIPS_45017~~FIPS_45027
eastern,FIPS_45017~~FIPS_45063
eastern,FIPS_45017~~FIPS_45075
eastern,FIPS_45017~~FIPS_45079
eastern,FIPS_45017~~FIPS_45085
eastern,FIPS_45019~~FIPS_45029
eastern,FIPS_45019~~FIPS_45035
eastern,FIPS_45021~~FIPS_45083
eastern,FIPS_45021~~FIPS_45091
eastern,FIPS_45023~~FIPS_45039
eastern,FIPS_45023~~FIPS_45055
eastern,FIPS_45023~~FIPS_45057
eastern,FIPS_45023~~FIPS_45087
eastern,FIPS_45023~~FIPS_45091
eastern,FIPS_45025~~FIPS_45031
eastern,FIPS_45025~~FIPS_45055
eastern,FIPS_45025~~FIPS_45057
eastern,FIPS_45025~~FIPS_45069
eastern,FIPS_45027~~FIPS_45075
eastern,FIPS_45027~~FIPS_45085
eastern,FIPS_45027~~FIPS_45089
eastern,FIPS_45029~~FIPS_45035
eastern,FIPS_45029~~FIPS_45049
eastern,FIPS_45029~~FIPS_45075
eastern,FIPS_45031~~FIPS_45041
eastern,FIPS_45031~~FIPS_45055
eastern,FIPS_45031~~FIPS_45061
eastern,FIPS_45031~~FIPS_45069
eastern,FIPS_45033~~FIPS_45041
eastern,FIPS_45033~~FIPS_45067
eastern,FIPS_45033~~FIPS_45069
eastern,FIPS_45035~~FIPS_45049
eastern,FIPS_45035~~FIPS_45063
eastern,FIPS_45035~~FIPS_45075
eastern,FIPS_45035~~FIPS_45079
eastern,FIPS_45037~~FIPS_45081
eastern,FIPS_45039~~FIPS_45063
eastern,FIPS_45039~~FIPS_45079
eastern,FIPS_45039~~FIPS_45091
eastern,FIPS_45041~~FIPS_45067
eastern,FIPS_45041~~FIPS_45085
eastern,FIPS_45041~~FIPS_45089
eastern,FIPS_45043~~FIPS_45051
eastern,FIPS_45043~~FIPS_45089
eastern,FIPS_45045~~FIPS_45059
eastern,FIPS_45045~~FIPS_45073
eastern,FIPS_45045~~FIPS_45077
eastern,FIPS_45045~~FIPS_45083
eastern,FIPS_45047~~FIPS_45065
eastern,FIPS_45047~~FIPS_45071
eastern,FIPS_45049~~FIPS_45053
eastern,FIPS_45051~~FIPS_45067
eastern,FIPS_45051~~FIPS_45089
eastern,FIPS_45055~~FIPS_45057
eastern,FIPS_45055~~FIPS_45061
eastern,FIPS_45055~~FIPS_45079
eastern,FIPS_45055~~FIPS_45085
eastern,FIPS_45057~~FIPS_45091
eastern,FIPS_45059~~FIPS_45071
eastern,FIPS_45059~~FIPS_45083
eastern,FIPS_45061~~FIPS_45085
eastern,FIPS_45063~~FIPS_45071
eastern,FIPS_45063~~FIPS_45075
eastern,FIPS_45063~~FIPS_45079
eastern,FIPS_45063~~FIPS_45081
eastern,FIPS_45063~~FIPS_45085
eastern,FIPS_45067~~FIPS_45069
eastern,FIPS_45071~~FIPS_45081
eastern,FIPS_45071~~FIPS_45083
eastern,FIPS_45071~~FIPS_45087
eastern,FIPS_45073~~FIPS_45077
eastern,FIPS_45073~~FIPS_45091
eastern,FIPS_45075~~FIPS_45079
eastern,FIPS_45079~~FIPS_45085
eastern,FIPS_45083~~FIPS_45087
eastern,FIPS_45083~~FIPS_45091
eastern,FIPS_46003_46035~~FIPS_46023_46043
eastern,FIPS_46003_46035~~FIPS_46073
eastern,FIPS_46003_46035~~FIPS_46099
eastern,FIPS_46005_46059_46111~~FIPS_46017
eastern,FIPS_46005_46059_46111~~FIPS_46025
eastern,FIPS_46005_46059_46111~~FIPS_46029_46057
eastern,FIPS_46005_46059_46111~~FIPS_46061
eastern,FIPS_46005_46059_46111~~FIPS_46073
eastern,FIPS_46005_46059_46111~~FIPS_46115
eastern,FIPS_46007~~FIPS_46071_46095
eastern,FIPS_46007~~FIPS_46102
eastern,FIPS_46007~~FIPS_46121
eastern,FIPS_46009~~FIPS_46023_46043
eastern,FIPS_46009~~FIPS_46061
eastern,FIPS_46009~~FIPS_46067
eastern,FIPS_46009~~FIPS_46135
eastern,FIPS_46011~~FIPS_46029_46057
eastern,FIPS_46011~~FIPS_46039
eastern,FIPS_46011~~FIPS_46051
eastern,FIPS_46011~~FIPS_46077_46097
eastern,FIPS_46011~~FIPS_46079_46101
eastern,FIPS_46011~~FIPS_46099
eastern,FIPS_46013~~FIPS_46029_46057
eastern,FIPS_46013~~FIPS_46037_46091
eastern,FIPS_46013~~FIPS_46115
eastern,FIPS_46015_46075_46085~~FIPS_46017
eastern,FIPS_46015_46075_46085~~FIPS_46123
eastern,FIPS_46017~~FIPS_46023_46043
eastern,FIPS_46017~~FIPS_46065
eastern,FIPS_46017~~FIPS_46067
eastern,FIPS_46017~~FIPS_46069_46119
eastern,FIPS_46017~~FIPS_46073
eastern,FIPS_46021_46129~~FIPS_46031
eastern,FIPS_46021_46129~~FIPS_46045_46049_46089
eastern,FIPS_46021_46129~~FIPS_46107
eastern,FIPS_46023_46043~~FIPS_46053
eastern,FIPS_46023_46043~~FIPS_46135
eastern,FIPS_46025~~FIPS_46029_46057
eastern,FIPS_46027~~FIPS_46083
eastern,FIPS_46029_46057~~FIPS_46039
eastern,FIPS_46029_46057~~FIPS_46109
eastern,FIPS_46037_46091~~FIPS_46109
eastern,FIPS_46039~~FIPS_46051
eastern,FIPS_46041_46137~~FIPS_46065
eastern,FIPS_46041_46137~~FIPS_46093
eastern,FIPS_46053~~FIPS_46123
eastern,FIPS_46055~~FIPS_46065
eastern,FIPS_46055~~FIPS_46071_46095
eastern,FIPS_46055~~FIPS_46117
eastern,FIPS_46061~~FIPS_46067
eastern,FIPS_46061~~FIPS_46087
eastern,FIPS_46063_46105~~FIPS_46093
eastern,FIPS_46065~~FIPS_46069_46119
eastern,FIPS_46065~~FIPS_46117
eastern,FIPS_46067~~FIPS_46099
eastern,FIPS_46067~~FIPS_46135
eastern,FIPS_46069_46119~~FIPS_46107
eastern,FIPS_46079_46101~~FIPS_46099
eastern,FIPS_46083~~FIPS_46099
eastern,FIPS_46083~~FIPS_46125
eastern,FIPS_46087~~FIPS_46099
eastern,FIPS_46099~~FIPS_46125
eastern,FIPS_46121~~FIPS_46123
eastern,FIPS_46125~~FIPS_46135
eastern,FIPS_46127~~FIPS_46135
eastern,FIPS_47001~~FIPS_47013
eastern,FIPS_47001~~FIPS_47093
eastern,FIPS_47001~~FIPS_47105
eastern,FIPS_47001~~FIPS_47143
eastern,FIPS_47001~~FIPS_47145
eastern,FIPS_47001~~FIPS_47151
eastern,FIPS_47001~~FIPS_47173
eastern,FIPS_47003~~FIPS_47031
eastern,FIPS_47003~~FIPS_47051
eastern,FIPS_47003~~FIPS_47117
eastern,FIPS_47003~~FIPS_47149
eastern,FIPS_47005~~FIPS_47039
eastern,FIPS_47005~~FIPS_47079
eastern,FIPS_47005~~FIPS_47085
eastern,FIPS_47007~~FIPS_47143
eastern,FIPS_47007~~FIPS_47175
eastern,FIPS_47007~~FIPS_47177
eastern,FIPS_47009~~FIPS_47093
eastern,FIPS_47009~~FIPS_47105
eastern,FIPS_47009~~FIPS_47123
eastern,FIPS_47011~~FIPS_47065
eastern,FIPS_47011~~FIPS_47107
eastern,FIPS_47011~~FIPS_47139
eastern,FIPS_47015~~FIPS_47149
eastern,FIPS_47015~~FIPS_47177
eastern,FIPS_47017~~FIPS_47053
eastern,FIPS_47017~~FIPS_47085
eastern,FIPS_47017~~FIPS_47113
eastern,FIPS_47019_47091~~FIPS_47163
eastern,FIPS_47019_47091~~FIPS_47179
eastern,FIPS_47021~~FIPS_47037
eastern,FIPS_47021~~FIPS_47043
eastern,FIPS_47021~~FIPS_47125
eastern,FIPS_47021~~FIPS_47147
eastern,FIPS_47023~~FIPS_47071
eastern,FIPS_47023~~FIPS_47109
eastern,FIPS_47023~~FIPS_47113
eastern,FIPS_47025_47057~~FIPS_47067_47073
eastern,FIPS_47025_47057~~FIPS_47089
eastern,FIPS_47025_47057~~FIPS_47093
eastern,FIPS_47025_47057~~FIPS_47155
eastern,FIPS_47027~~FIPS_47133
eastern,FIPS_47029~~FIPS_47063
eastern,FIPS_47029~~FIPS_47067_47073
eastern,FIPS_47029~~FIPS_47089
eastern,FIPS_47029~~FIPS_47155
eastern,FIPS_47031~~FIPS_47051
eastern,FIPS_47031~~FIPS_47061_47153
eastern,FIPS_47033~~FIPS_47053
eastern,FIPS_47033~~FIPS_47075
eastern,FIPS_47035~~FIPS_47087_47141
eastern,FIPS_47035~~FIPS_47145
eastern,FIPS_47037~~FIPS_47085
eastern,FIPS_47037~~FIPS_47119
eastern,FIPS_47037~~FIPS_47125
eastern,FIPS_47037~~FIPS_47149
eastern,FIPS_47037~~FIPS_47161
eastern,FIPS_47037~~FIPS_47165
eastern,FIPS_47037~~FIPS_47187
eastern,FIPS_47037~~FIPS_47189
eastern,FIPS_47039~~FIPS_47077
eastern,FIPS_47041~~FIPS_47177
eastern,FIPS_47041~~FIPS_47189
eastern,FIPS_47043~~FIPS_47085
eastern,FIPS_47043~~FIPS_47125
eastern,FIPS_47045~~FIPS_47095
eastern,FIPS_47045~~FIPS_47097
eastern,FIPS_47045~~FIPS_47131
eastern,FIPS_47045~~FIPS_47183
eastern,FIPS_47047~~FIPS_47069
eastern,FIPS_47047~~FIPS_47075
eastern,FIPS_47047~~FIPS_47157
eastern,FIPS_47049~~FIPS_47129
eastern,FIPS_47049~~FIPS_47133
eastern,FIPS_47051~~FIPS_47061_47153
eastern,FIPS_47051~~FIPS_47065
eastern,FIPS_47051~~FIPS_47103
eastern,FIPS_47051~~FIPS_47115
eastern,FIPS_47051~~FIPS_47119
eastern,FIPS_47051~~FIPS_47127
eastern,FIPS_47053~~FIPS_47113
eastern,FIPS_47053~~FIPS_47183
eastern,FIPS_47055~~FIPS_47099
eastern,FIPS_47055~~FIPS_47103
eastern,FIPS_47055~~FIPS_47117
eastern,FIPS_47055~~FIPS_47119
eastern,FIPS_47059~~FIPS_47063
eastern,FIPS_47059~~FIPS_47067_47073
eastern,FIPS_47059~~FIPS_47089
eastern,FIPS_47059~~FIPS_47163
eastern,FIPS_47059~~FIPS_47179
eastern,FIPS_47061_47153~~FIPS_47143
eastern,FIPS_47061_47153~~FIPS_47177
eastern,FIPS_47063~~FIPS_47067_47073
eastern,FIPS_47063~~FIPS_47089
eastern,FIPS_47063~~FIPS_47093
eastern,FIPS_47065~~FIPS_47107
eastern,FIPS_47065~~FIPS_47115
eastern,FIPS_47065~~FIPS_47121
eastern,FIPS_47065~~FIPS_47143
eastern,FIPS_47067_47073~~FIPS_47093
eastern,FIPS_47067_47073~~FIPS_47163
eastern,FIPS_47067_47073~~FIPS_47179
eastern,FIPS_47067_47073~~FIPS_51105
eastern,FIPS_47069~~FIPS_47109
eastern,FIPS_47071~~FIPS_47109
eastern,FIPS_47075~~FIPS_47113
eastern,FIPS_47075~~FIPS_47157
eastern,FIPS_47075~~FIPS_47167
eastern,FIPS_47075~~FIPS_47183
eastern,FIPS_47077~~FIPS_47113
eastern,FIPS_47079~~FIPS_47183
eastern,FIPS_47081~~FIPS_47085
eastern,FIPS_47081~~FIPS_47101
eastern,FIPS_47081~~FIPS_47119
eastern,FIPS_47081~~FIPS_47187
eastern,FIPS_47083~~FIPS_47085
eastern,FIPS_47083~~FIPS_47161
eastern,FIPS_47085~~FIPS_47113
eastern,FIPS_47085~~FIPS_47119
eastern,FIPS_47085~~FIPS_47135
eastern,FIPS_47085~~FIPS_47161
eastern,FIPS_47085~~FIPS_47183
eastern,FIPS_47087_47141~~FIPS_47133
eastern,FIPS_47087_47141~~FIPS_47145
eastern,FIPS_47087_47141~~FIPS_47159
eastern,FIPS_47087_47141~~FIPS_47185
eastern,FIPS_47087_47141~~FIPS_47189
eastern,FIPS_47089~~FIPS_47155
eastern,FIPS_47093~~FIPS_47105
eastern,FIPS_47093~~FIPS_47143
eastern,FIPS_47093~~FIPS_47145
eastern,FIPS_47093~~FIPS_47155
eastern,FIPS_47093~~FIPS_47173
eastern,FIPS_47095~~FIPS_47131
eastern,FIPS_47097~~FIPS_47167
eastern,FIPS_47099~~FIPS_47119
eastern,FIPS_47099~~FIPS_47135
eastern,FIPS_47099~~FIPS_47181
eastern,FIPS_47101~~FIPS_47181
eastern,FIPS_47105~~FIPS_47123
eastern,FIPS_47105~~FIPS_47145
eastern,FIPS_47107~~FIPS_47123
eastern,FIPS_47107~~FIPS_47143
eastern,FIPS_47111~~FIPS_47165
eastern,FIPS_47111~~FIPS_47169
eastern,FIPS_47117~~FIPS_47119
eastern,FIPS_47117~~FIPS_47127
eastern,FIPS_47119~~FIPS_47149
eastern,FIPS_47119~~FIPS_47187
eastern,FIPS_47121~~FIPS_47143
eastern,FIPS_47123~~FIPS_47139
eastern,FIPS_47125~~FIPS_47147
eastern,FIPS_47125~~FIPS_47161
eastern,FIPS_47125~~FIPS_47189
eastern,FIPS_47129~~FIPS_47145
eastern,FIPS_47129~~FIPS_47151
eastern,FIPS_47131~~FIPS_47183
eastern,FIPS_47137~~FIPS_47151
eastern,FIPS_47143~~FIPS_47145
eastern,FIPS_47147~~FIPS_47165
eastern,FIPS_47149~~FIPS_47187
eastern,FIPS_47149~~FIPS_47189
eastern,FIPS_47157~~FIPS_47167
eastern,FIPS_47159~~FIPS_47165
eastern,FIPS_47163~~FIPS_47179
eastern,FIPS_47163~~FIPS_51167
eastern,FIPS_47163~~FIPS_51169
eastern,FIPS_47163~~FIPS_51173
eastern,FIPS_47163~~FIPS_51191_51520
eastern,FIPS_47165~~FIPS_47169
eastern,FIPS_47165~~FIPS_47189
eastern,FIPS_47171~~FIPS_47179
eastern,FIPS_47175~~FIPS_47177
eastern,FIPS_47177~~FIPS_47185
eastern,FIPS_48011_48381~~FIPS_48069
eastern,FIPS_48011_48381~~FIPS_48117
eastern,FIPS_48011_48381~~FIPS_48375
eastern,FIPS_48011_48381~~FIPS_48437
eastern,FIPS_48017~~FIPS_48279
eastern,FIPS_48017~~FIPS_48369
eastern,FIPS_48037~~FIPS_48067
eastern,FIPS_48037~~FIPS_48449
eastern,FIPS_48045~~FIPS_48437
eastern,FIPS_48045~~FIPS_48483
eastern,FIPS_48063~~FIPS_48159
eastern,FIPS_48063~~FIPS_48343
eastern,FIPS_48063~~FIPS_48449
eastern,FIPS_48063~~FIPS_48459
eastern,FIPS_48063~~FIPS_48499
eastern,FIPS_48065~~FIPS_48179
eastern,FIPS_48065~~FIPS_48233
eastern,FIPS_48065~~FIPS_48375
eastern,FIPS_48065~~FIPS_48483
eastern,FIPS_48067~~FIPS_48315
eastern,FIPS_48067~~FIPS_48343
eastern,FIPS_48069~~FIPS_48117
eastern,FIPS_48069~~FIPS_48189
eastern,FIPS_48069~~FIPS_48279
eastern,FIPS_48069~~FIPS_48437
eastern,FIPS_48079~~FIPS_48219
eastern,FIPS_48079~~FIPS_48501
eastern,FIPS_48087~~FIPS_48483
eastern,FIPS_48107~~FIPS_48153
eastern,FIPS_48107~~FIPS_48303
eastern,FIPS_48107~~FIPS_48305
eastern,FIPS_48111~~FIPS_48205
eastern,FIPS_48111~~FIPS_48341
eastern,FIPS_48117~~FIPS_48279
eastern,FIPS_48117~~FIPS_48369
eastern,FIPS_48129~~FIPS_48179
eastern,FIPS_48153~~FIPS_48189
eastern,FIPS_48153~~FIPS_48437
eastern,FIPS_48159~~FIPS_48449
eastern,FIPS_48159~~FIPS_48499
eastern,FIPS_48165~~FIPS_48305
eastern,FIPS_48165~~FIPS_48445
eastern,FIPS_48165~~FIPS_48501
eastern,FIPS_48169~~FIPS_48305
eastern,FIPS_48179~~FIPS_48233
eastern,FIPS_48179~~FIPS_48375
eastern,FIPS_48179~~FIPS_48483
eastern,FIPS_48183~~FIPS_48203
eastern,FIPS_48183~~FIPS_48365
eastern,FIPS_48183~~FIPS_48401
eastern,FIPS_48183~~FIPS_48459
eastern,FIPS_48189~~FIPS_48279
eastern,FIPS_48189~~FIPS_48303
eastern,FIPS_48189~~FIPS_48437
eastern,FIPS_48189~~FIPS_48483
eastern,FIPS_48189~~FIPS_48501
eastern,FIPS_48195~~FIPS_48233
eastern,FIPS_48195~~FIPS_48357
eastern,FIPS_48199~~FIPS_48241
eastern,FIPS_48199~~FIPS_48245
eastern,FIPS_48199~~FIPS_48291
eastern,FIPS_48199~~FIPS_48351
eastern,FIPS_48199~~FIPS_48361
eastern,FIPS_48199~~FIPS_48373
eastern,FIPS_48199~~FIPS_48457
eastern,FIPS_48203~~FIPS_48315
eastern,FIPS_48203~~FIPS_48343
eastern,FIPS_48203~~FIPS_48365
eastern,FIPS_48203~~FIPS_48401
eastern,FIPS_48203~~FIPS_48449
eastern,FIPS_48203~~FIPS_48459
eastern,FIPS_48205~~FIPS_48341
eastern,FIPS_48205~~FIPS_48375
eastern,FIPS_48205~~FIPS_48421
eastern,FIPS_48219~~FIPS_48279
eastern,FIPS_48219~~FIPS_48303
eastern,FIPS_48219~~FIPS_48445
eastern,FIPS_48219~~FIPS_48501
eastern,FIPS_48233~~FIPS_48341
eastern,FIPS_48233~~FIPS_48375
eastern,FIPS_48241~~FIPS_48245
eastern,FIPS_48241~~FIPS_48351
eastern,FIPS_48241~~FIPS_48403
eastern,FIPS_48241~~FIPS_48457
eastern,FIPS_48245~~FIPS_48291
eastern,FIPS_48245~~FIPS_48339
eastern,FIPS_48245~~FIPS_48361
eastern,FIPS_48279~~FIPS_48303
eastern,FIPS_48279~~FIPS_48501
eastern,FIPS_48291~~FIPS_48339
eastern,FIPS_48291~~FIPS_48407
eastern,FIPS_48295~~FIPS_48357
eastern,FIPS_48303~~FIPS_48305
eastern,FIPS_48303~~FIPS_48445
eastern,FIPS_48305~~FIPS_48445
eastern,FIPS_48315~~FIPS_48343
eastern,FIPS_48315~~FIPS_48449
eastern,FIPS_48339~~FIPS_48471
eastern,FIPS_48341~~FIPS_48375
eastern,FIPS_48341~~FIPS_48421
eastern,FIPS_48343~~FIPS_48449
eastern,FIPS_48351~~FIPS_48361
eastern,FIPS_48365~~FIPS_48401
eastern,FIPS_48365~~FIPS_48419
eastern,FIPS_48373~~FIPS_48407
eastern,FIPS_48373~~FIPS_48455
eastern,FIPS_48373~~FIPS_48457
eastern,FIPS_48373~~FIPS_48471
eastern,FIPS_48375~~FIPS_48437
eastern,FIPS_48403~~FIPS_48405
eastern,FIPS_48407~~FIPS_48455
eastern,FIPS_48407~~FIPS_48471
eastern,FIPS_48445~~FIPS_48501
eastern,FIPS_48449~~FIPS_48499
eastern,FIPS_48459~~FIPS_48499
eastern,FIPS_50001~~FIPS_50007
eastern,FIPS_50001~~FIPS_50021
eastern,FIPS_50001~~FIPS_50027
eastern,FIPS_50003~~FIPS_50025
eastern,FIPS_50005~~FIPS_50009
eastern,FIPS_50005~~FIPS_50015
eastern,FIPS_50005~~FIPS_50017
eastern,FIPS_50005~~FIPS_50019
eastern,FIPS_50005~~FIPS_50023
eastern,FIPS_50007~~FIPS_50011
eastern,FIPS_50007~~FIPS_50013
eastern,FIPS_50007~~FIPS_50015
eastern,FIPS_50007~~FIPS_50023
eastern,FIPS_50009~~FIPS_50019
eastern,FIPS_50011~~FIPS_50013
eastern,FIPS_50011~~FIPS_50015
eastern,FIPS_50011~~FIPS_50019
eastern,FIPS_50015~~FIPS_50019
eastern,FIPS_50015~~FIPS_50023
eastern,FIPS_50017~~FIPS_50023
eastern,FIPS_50017~~FIPS_50027
eastern,FIPS_50021~~FIPS_50027
eastern,FIPS_50025~~FIPS_50027
eastern,FIPS_51001~~FIPS_51131
eastern,FIPS_51003~~FIPS_51015_51790
eastern,FIPS_51003~~FIPS_51065
eastern,FIPS_51003~~FIPS_51079_51113
eastern,FIPS_51003~~FIPS_51109
eastern,FIPS_51003~~FIPS_51125
eastern,FIPS_51003~~FIPS_51137
eastern,FIPS_51003~~FIPS_51540
eastern,FIPS_51005_51017_51580~~FIPS_51015_51790
eastern,FIPS_51005_51017_51580~~FIPS_51163_51678
eastern,FIPS_51005_51017_51580~~FIPS_54025
eastern,FIPS_51007~~FIPS_51065
eastern,FIPS_51007~~FIPS_51135
eastern,FIPS_51007~~FIPS_51147
eastern,FIPS_51009~~FIPS_51011
eastern,FIPS_51009~~FIPS_51019
eastern,FIPS_51009~~FIPS_51023
eastern,FIPS_51009~~FIPS_51031
eastern,FIPS_51009~~FIPS_51125
eastern,FIPS_51009~~FIPS_51680
eastern,FIPS_51011~~FIPS_51031
eastern,FIPS_51011~~FIPS_51147
eastern,FIPS_51013~~FIPS_51059_51610
eastern,FIPS_51013~~FIPS_51510
eastern,FIPS_51015_51790~~FIPS_51065
eastern,FIPS_51015_51790~~FIPS_51163_51678
eastern,FIPS_51015_51790~~FIPS_51165_51660
eastern,FIPS_51015_51790~~FIPS_51820
eastern,FIPS_51015_51790~~FIPS_54023
eastern,FIPS_51019~~FIPS_51023
eastern,FIPS_51019~~FIPS_51031
eastern,FIPS_51019~~FIPS_51143
eastern,FIPS_51019~~FIPS_51163_51678
eastern,FIPS_51019~~FIPS_51680
eastern,FIPS_51019~~FIPS_51770
eastern,FIPS_51021~~FIPS_51071
eastern,FIPS_51021~~FIPS_51185
eastern,FIPS_51021~~FIPS_51197
eastern,FIPS_51021~~FIPS_54055
eastern,FIPS_51023~~FIPS_51045
eastern,FIPS_51023~~FIPS_51161
eastern,FIPS_51023~~FIPS_51163_51678
eastern,FIPS_51023~~FIPS_51197
eastern,FIPS_51025~~FIPS_51053
eastern,FIPS_51025~~FIPS_51081
eastern,FIPS_51025~~FIPS_51083
eastern,FIPS_51025~~FIPS_51117
eastern,FIPS_51027~~FIPS_51051
eastern,FIPS_51027~~FIPS_51167
eastern,FIPS_51027~~FIPS_51185
eastern,FIPS_51027~~FIPS_54047
eastern,FIPS_51029~~FIPS_51049
eastern,FIPS_51029~~FIPS_51065
eastern,FIPS_51031~~FIPS_51143
eastern,FIPS_51031~~FIPS_51680
eastern,FIPS_51033~~FIPS_51085
eastern,FIPS_51033~~FIPS_51109
eastern,FIPS_51033~~FIPS_51153
eastern,FIPS_51033~~FIPS_51177
eastern,FIPS_51033~~FIPS_51630
eastern,FIPS_51035_51640~~FIPS_51077
eastern,FIPS_51035_51640~~FIPS_51197
eastern,FIPS_51036~~FIPS_51041_51570
eastern,FIPS_51036~~FIPS_51053
eastern,FIPS_51036~~FIPS_51085
eastern,FIPS_51036~~FIPS_51087
eastern,FIPS_51036~~FIPS_51095
eastern,FIPS_51036~~FIPS_51097_51101
eastern,FIPS_51036~~FIPS_51127
eastern,FIPS_51036~~FIPS_51181
eastern,FIPS_51036~~FIPS_51730
eastern,FIPS_51037~~FIPS_51117
eastern,FIPS_51037~~FIPS_51147
eastern,FIPS_51041_51570~~FIPS_51053
eastern,FIPS_51041_51570~~FIPS_51075
eastern,FIPS_51041_51570~~FIPS_51087
eastern,FIPS_51041_51570~~FIPS_51109
eastern,FIPS_51041_51570~~FIPS_51145
eastern,FIPS_51041_51570~~FIPS_51670
eastern,FIPS_51041_51570~~FIPS_51730
eastern,FIPS_51041_51570~~FIPS_51760
eastern,FIPS_51043~~FIPS_51069
eastern,FIPS_51043~~FIPS_51187
eastern,FIPS_51043~~FIPS_54037
eastern,FIPS_51045~~FIPS_51071
eastern,FIPS_51045~~FIPS_51121
eastern,FIPS_51045~~FIPS_51161
eastern,FIPS_51047~~FIPS_51061
eastern,FIPS_51047~~FIPS_51137
eastern,FIPS_51049~~FIPS_51065
eastern,FIPS_51049~~FIPS_51145
eastern,FIPS_51049~~FIPS_51147
eastern,FIPS_51051~~FIPS_51167
eastern,FIPS_51051~~FIPS_51195
eastern,FIPS_51053~~FIPS_51081
eastern,FIPS_51053~~FIPS_51093
eastern,FIPS_51053~~FIPS_51183
eastern,FIPS_51053~~FIPS_51730
eastern,FIPS_51053~~FIPS_51800
eastern,FIPS_51057~~FIPS_51127
eastern,FIPS_51057~~FIPS_51159
eastern,FIPS_51059_51610~~FIPS_51061
eastern,FIPS_51059_51610~~FIPS_51107
eastern,FIPS_51059_51610~~FIPS_51153
eastern,FIPS_51059_51610~~FIPS_51510
eastern,FIPS_51059_51610~~FIPS_51600
eastern,FIPS_51059_51610~~FIPS_51683
eastern,FIPS_51059_51610~~FIPS_51685
eastern,FIPS_51061~~FIPS_51079_51113
eastern,FIPS_51061~~FIPS_51107
eastern,FIPS_51061~~FIPS_51153
eastern,FIPS_51061~~FIPS_51157
eastern,FIPS_51061~~FIPS_51177
eastern,FIPS_51063~~FIPS_51089
eastern,FIPS_51063~~FIPS_51141
eastern,FIPS_51063~~FIPS_51155
eastern,FIPS_51065~~FIPS_51085
eastern,FIPS_51067~~FIPS_51089
eastern,FIPS_51067~~FIPS_51143
eastern,FIPS_51067~~FIPS_51161
eastern,FIPS_51067~~FIPS_51770
eastern,FIPS_51069~~FIPS_51107
eastern,FIPS_51069~~FIPS_51157
eastern,FIPS_51069~~FIPS_51171
eastern,FIPS_51069~~FIPS_51187
eastern,FIPS_51069~~FIPS_51840
eastern,FIPS_51069~~FIPS_54003
eastern,FIPS_51069~~FIPS_54023
eastern,FIPS_51069~~FIPS_54027
eastern,FIPS_51069~~FIPS_54031
eastern,FIPS_51069~~FIPS_54037
eastern,FIPS_51071~~FIPS_51121
eastern,FIPS_51071~~FIPS_51155
eastern,FIPS_51071~~FIPS_54055
eastern,FIPS_51071~~FIPS_54089
eastern,FIPS_51073_51115~~FIPS_51119
eastern,FIPS_51073_51115~~FIPS_51199_51735
eastern,FIPS_51075~~FIPS_51085
eastern,FIPS_51077~~FIPS_51197
eastern,FIPS_51079_51113~~FIPS_51157
eastern,FIPS_51081~~FIPS_51183
eastern,FIPS_51081~~FIPS_51595
eastern,FIPS_51083~~FIPS_51117
eastern,FIPS_51083~~FIPS_51143
eastern,FIPS_51083~~FIPS_51147
eastern,FIPS_51085~~FIPS_51087
eastern,FIPS_51087~~FIPS_51127
eastern,FIPS_51087~~FIPS_51760
eastern,FIPS_51089~~FIPS_51141
eastern,FIPS_51089~~FIPS_51143
eastern,FIPS_51089~~FIPS_51197
eastern,FIPS_51089~~FIPS_51590
eastern,FIPS_51089~~FIPS_51690
eastern,FIPS_51091~~FIPS_54075
eastern,FIPS_51093~~FIPS_51175
eastern,FIPS_51093~~FIPS_51181
eastern,FIPS_51093~~FIPS_51550
eastern,FIPS_51093~~FIPS_51620
eastern,FIPS_51093~~FIPS_51700
eastern,FIPS_51093~~FIPS_51800
eastern,FIPS_51095~~FIPS_51127
eastern,FIPS_51095~~FIPS_51199_51735
eastern,FIPS_51095~~FIPS_51700
eastern,FIPS_51097_51101~~FIPS_51119
eastern,FIPS_51097_51101~~FIPS_51127
eastern,FIPS_51099~~FIPS_51179
eastern,FIPS_51099~~FIPS_51193
eastern,FIPS_51103_51133~~FIPS_51119
eastern,FIPS_51103_51133~~FIPS_51159
eastern,FIPS_51105~~FIPS_51195
eastern,FIPS_51107~~FIPS_51153
eastern,FIPS_51109~~FIPS_51177
eastern,FIPS_51111~~FIPS_51117
eastern,FIPS_51111~~FIPS_51135
eastern,FIPS_51121~~FIPS_51155
eastern,FIPS_51121~~FIPS_51161
eastern,FIPS_51121~~FIPS_51770
eastern,FIPS_51137~~FIPS_51177
eastern,FIPS_51139~~FIPS_51157
eastern,FIPS_51139~~FIPS_51165_51660
eastern,FIPS_51139~~FIPS_51187
eastern,FIPS_51143~~FIPS_51590
eastern,FIPS_51149~~FIPS_51181
eastern,FIPS_51149~~FIPS_51183
eastern,FIPS_51149~~FIPS_51730
eastern,FIPS_51153~~FIPS_51179
eastern,FIPS_51153~~FIPS_51683
eastern,FIPS_51153~~FIPS_51685
eastern,FIPS_51155~~FIPS_51197
eastern,FIPS_51155~~FIPS_51750
eastern,FIPS_51159~~FIPS_51193
eastern,FIPS_51161~~FIPS_51770
eastern,FIPS_51161~~FIPS_51775
eastern,FIPS_51161~~FIPS_54039
eastern,FIPS_51163_51678~~FIPS_51530
eastern,FIPS_51165_51660~~FIPS_51171
eastern,FIPS_51167~~FIPS_51169
eastern,FIPS_51167~~FIPS_51191_51520
eastern,FIPS_51167~~FIPS_51195
eastern,FIPS_51169~~FIPS_51191_51520
eastern,FIPS_51171~~FIPS_54031
eastern,FIPS_51173~~FIPS_51185
eastern,FIPS_51173~~FIPS_51191_51520
eastern,FIPS_51173~~FIPS_51197
eastern,FIPS_51175~~FIPS_51181
eastern,FIPS_51175~~FIPS_51183
eastern,FIPS_51175~~FIPS_51620
eastern,FIPS_51175~~FIPS_51800
eastern,FIPS_51177~~FIPS_51179
eastern,FIPS_51179~~FIPS_51630
eastern,FIPS_51181~~FIPS_51550
eastern,FIPS_51181~~FIPS_51670
eastern,FIPS_51181~~FIPS_51700
eastern,FIPS_51181~~FIPS_51800
eastern,FIPS_51181~~FIPS_51830
eastern,FIPS_51185~~FIPS_54047
eastern,FIPS_51195~~FIPS_51720
eastern,FIPS_51197~~FIPS_54109
eastern,FIPS_51199_51735~~FIPS_51650
eastern,FIPS_51199_51735~~FIPS_51700
eastern,FIPS_51550~~FIPS_51710
eastern,FIPS_51550~~FIPS_51740
eastern,FIPS_51550~~FIPS_51800
eastern,FIPS_51550~~FIPS_51810
eastern,FIPS_51650~~FIPS_51700
eastern,FIPS_51670~~FIPS_51730
eastern,FIPS_51700~~FIPS_51830
eastern,FIPS_51710~~FIPS_51740
eastern,FIPS_51710~~FIPS_51810
eastern,FIPS_51740~~FIPS_51800
eastern,FIPS_51800~~FIPS_51810
eastern,FIPS_54001~~FIPS_54083
eastern,FIPS_54001~~FIPS_54091
eastern,FIPS_54001~~FIPS_54097
eastern,FIPS_54003~~FIPS_54037
eastern,FIPS_54003~~FIPS_54057
eastern,FIPS_54003~~FIPS_54065
eastern,FIPS_54005~~FIPS_54039
eastern,FIPS_54005~~FIPS_54045
eastern,FIPS_54005~~FIPS_54081
eastern,FIPS_54005~~FIPS_54109
eastern,FIPS_54007~~FIPS_54041
eastern,FIPS_54007~~FIPS_54067
eastern,FIPS_54007~~FIPS_54097
eastern,FIPS_54007~~FIPS_54101
eastern,FIPS_54009~~FIPS_54029
eastern,FIPS_54009~~FIPS_54069
eastern,FIPS_54011~~FIPS_54043
eastern,FIPS_54011~~FIPS_54079
eastern,FIPS_54011~~FIPS_54099
eastern,FIPS_54011~~FIPS_54109
eastern,FIPS_54013~~FIPS_54021
eastern,FIPS_54013~~FIPS_54039
eastern,FIPS_54013~~FIPS_54087
eastern,FIPS_54015~~FIPS_54067
eastern,FIPS_54017~~FIPS_54033
eastern,FIPS_54017~~FIPS_54085
eastern,FIPS_54019~~FIPS_54025
eastern,FIPS_54019~~FIPS_54039
eastern,FIPS_54019~~FIPS_54067
eastern,FIPS_54019~~FIPS_54081
eastern,FIPS_54021~~FIPS_54041
eastern,FIPS_54021~~FIPS_54085
eastern,FIPS_54023~~FIPS_54031
eastern,FIPS_54023~~FIPS_54071
eastern,FIPS_54023~~FIPS_54077
eastern,FIPS_54023~~FIPS_54091
eastern,FIPS_54023~~FIPS_54093
eastern,FIPS_54025~~FIPS_54063
eastern,FIPS_54025~~FIPS_54067
eastern,FIPS_54025~~FIPS_54089
eastern,FIPS_54027~~FIPS_54031
eastern,FIPS_54027~~FIPS_54057
eastern,FIPS_54029~~FIPS_54033
eastern,FIPS_54033~~FIPS_54041
eastern,FIPS_54033~~FIPS_54049
eastern,FIPS_54033~~FIPS_54073
eastern,FIPS_54033~~FIPS_54091
eastern,FIPS_54033~~FIPS_54097
eastern,FIPS_54035~~FIPS_54053
eastern,FIPS_54039~~FIPS_54053
eastern,FIPS_54039~~FIPS_54067
eastern,FIPS_54039~~FIPS_54079
eastern,FIPS_54039~~FIPS_54081
eastern,FIPS_54039~~FIPS_54087
eastern,FIPS_54041~~FIPS_54097
eastern,FIPS_54043~~FIPS_54079
eastern,FIPS_54045~~FIPS_54059
eastern,FIPS_54045~~FIPS_54109
eastern,FIPS_54047~~FIPS_54109
eastern,FIPS_54049~~FIPS_54061
eastern,FIPS_54049~~FIPS_54091
eastern,FIPS_54049~~FIPS_54103
eastern,FIPS_54051~~FIPS_54069
eastern,FIPS_54051~~FIPS_54073
eastern,FIPS_54051~~FIPS_54103
eastern,FIPS_54053~~FIPS_54073
eastern,FIPS_54053~~FIPS_54079
eastern,FIPS_54053~~FIPS_54099
eastern,FIPS_54055~~FIPS_54109
eastern,FIPS_54061~~FIPS_54077
eastern,FIPS_54061~~FIPS_54091
eastern,FIPS_54067~~FIPS_54087
eastern,FIPS_54067~~FIPS_54101
eastern,FIPS_54071~~FIPS_54093
eastern,FIPS_54073~~FIPS_54095
eastern,FIPS_54073~~FIPS_54107
eastern,FIPS_54075~~FIPS_54083
eastern,FIPS_54075~~FIPS_54101
eastern,FIPS_54077~~FIPS_54091
eastern,FIPS_54077~~FIPS_54093
eastern,FIPS_54081~~FIPS_54089
eastern,FIPS_54081~~FIPS_54109
eastern,FIPS_54083~~FIPS_54093
eastern,FIPS_54083~~FIPS_54097
eastern,FIPS_54083~~FIPS_54101
eastern,FIPS_54085~~FIPS_54107
eastern,FIPS_54087~~FIPS_54107
eastern,FIPS_54095~~FIPS_54103
eastern,FIPS_54105~~FIPS_54107
eastern,FIPS_55001~~FIPS_55057
eastern,FIPS_55001~~FIPS_55077
eastern,FIPS_55001~~FIPS_55137
eastern,FIPS_55001~~FIPS_55141
eastern,FIPS_55003~~FIPS_55007
eastern,FIPS_55003~~FIPS_55051
eastern,FIPS_55003~~FIPS_55099
eastern,FIPS_55005~~FIPS_55017
eastern,FIPS_55005~~FIPS_55033
eastern,FIPS_55005~~FIPS_55095
eastern,FIPS_55005~~FIPS_55107
eastern,FIPS_55005~~FIPS_55129
eastern,FIPS_55007~~FIPS_55031
eastern,FIPS_55007~~FIPS_55113
eastern,FIPS_55009~~FIPS_55015
eastern,FIPS_55009~~FIPS_55061
eastern,FIPS_55009~~FIPS_55071
eastern,FIPS_55009~~FIPS_55083
eastern,FIPS_55009~~FIPS_55087
eastern,FIPS_55009~~FIPS_55115
eastern,FIPS_55011~~FIPS_55033
eastern,FIPS_55011~~FIPS_55091
eastern,FIPS_55011~~FIPS_55093
eastern,FIPS_55011~~FIPS_55121
eastern,FIPS_55013~~FIPS_55095
eastern,FIPS_55013~~FIPS_55129
eastern,FIPS_55015~~FIPS_55039
eastern,FIPS_55015~~FIPS_55071
eastern,FIPS_55015~~FIPS_55087
eastern,FIPS_55015~~FIPS_55117
eastern,FIPS_55017~~FIPS_55019
eastern,FIPS_55017~~FIPS_55033
eastern,FIPS_55017~~FIPS_55035
eastern,FIPS_55017~~FIPS_55119
eastern,FIPS_55019~~FIPS_55035
eastern,FIPS_55019~~FIPS_55053
eastern,FIPS_55019~~FIPS_55073
eastern,FIPS_55019~~FIPS_55119
eastern,FIPS_55021~~FIPS_55025
eastern,FIPS_55021~~FIPS_55027
eastern,FIPS_55021~~FIPS_55039
eastern,FIPS_55021~~FIPS_55047
eastern,FIPS_55021~~FIPS_55077
eastern,FIPS_55021~~FIPS_55111
eastern,FIPS_55023~~FIPS_55043
eastern,FIPS_55023~~FIPS_55103
eastern,FIPS_55023~~FIPS_55123
eastern,FIPS_55025~~FIPS_55045
eastern,FIPS_55025~~FIPS_55049
eastern,FIPS_55025~~FIPS_55055
eastern,FIPS_55025~~FIPS_55063
eastern,FIPS_55025~~FIPS_55105
eastern,FIPS_55027~~FIPS_55039
eastern,FIPS_55027~~FIPS_55055
eastern,FIPS_55027~~FIPS_55131
eastern,FIPS_55029~~FIPS_55061
eastern,FIPS_55031~~FIPS_55129
eastern,FIPS_55033~~FIPS_55035
eastern,FIPS_55033~~FIPS_55091
eastern,FIPS_55033~~FIPS_55093
eastern,FIPS_55033~~FIPS_55095
eastern,FIPS_55033~~FIPS_55109
eastern,FIPS_55035~~FIPS_55121
eastern,FIPS_55035~~FIPS_55141
eastern,FIPS_55039~~FIPS_55047
eastern,FIPS_55039~~FIPS_55117
eastern,FIPS_55039~~FIPS_55131
eastern,FIPS_55039~~FIPS_55133
eastern,FIPS_55039~~FIPS_55139
eastern,FIPS_55041~~FIPS_55085
eastern,FIPS_55041~~FIPS_55125
eastern,FIPS_55043~~FIPS_55049
eastern,FIPS_55043~~FIPS_55065
eastern,FIPS_55045~~FIPS_55049
eastern,FIPS_55045~~FIPS_55065
eastern,FIPS_55045~~FIPS_55105
eastern,FIPS_55045~~FIPS_55127
eastern,FIPS_55047~~FIPS_55077
eastern,FIPS_55047~~FIPS_55137
eastern,FIPS_55047~~FIPS_55139
eastern,FIPS_55049~~FIPS_55065
eastern,FIPS_55049~~FIPS_55111
eastern,FIPS_55051~~FIPS_55099
eastern,FIPS_55051~~FIPS_55125
eastern,FIPS_55053~~FIPS_55081
eastern,FIPS_55053~~FIPS_55121
eastern,FIPS_55055~~FIPS_55105
eastern,FIPS_55055~~FIPS_55127
eastern,FIPS_55055~~FIPS_55133
eastern,FIPS_55057~~FIPS_55081
eastern,FIPS_55057~~FIPS_55111
eastern,FIPS_55057~~FIPS_55123
eastern,FIPS_55057~~FIPS_55141
eastern,FIPS_55059~~FIPS_55101
eastern,FIPS_55059~~FIPS_55127
eastern,FIPS_55059~~FIPS_55133
eastern,FIPS_55061~~FIPS_55071
eastern,FIPS_55061~~FIPS_55087
eastern,FIPS_55063~~FIPS_55081
eastern,FIPS_55063~~FIPS_55121
eastern,FIPS_55063~~FIPS_55123
eastern,FIPS_55067~~FIPS_55069
eastern,FIPS_55067~~FIPS_55073
eastern,FIPS_55067~~FIPS_55085
eastern,FIPS_55067~~FIPS_55115
eastern,FIPS_55069~~FIPS_55073
eastern,FIPS_55069~~FIPS_55085
eastern,FIPS_55071~~FIPS_55087
eastern,FIPS_55071~~FIPS_55089
eastern,FIPS_55073~~FIPS_55097
eastern,FIPS_55073~~FIPS_55115
eastern,FIPS_55073~~FIPS_55119
eastern,FIPS_55073~~FIPS_55141
eastern,FIPS_55075~~FIPS_55083
eastern,FIPS_55077~~FIPS_55137
eastern,FIPS_55078~~FIPS_55115
eastern,FIPS_55079~~FIPS_55089
eastern,FIPS_55079~~FIPS_55101
eastern,FIPS_55079~~FIPS_55133
eastern,FIPS_55081~~FIPS_55121
eastern,FIPS_55081~~FIPS_55123
eastern,FIPS_55083~~FIPS_55087
eastern,FIPS_55083~~FIPS_55115
eastern,FIPS_55085~~FIPS_55125
eastern,FIPS_55087~~FIPS_55097
eastern,FIPS_55087~~FIPS_55115
eastern,FIPS_55087~~FIPS_55135
eastern,FIPS_55087~~FIPS_55139
eastern,FIPS_55089~~FIPS_55117
eastern,FIPS_55089~~FIPS_55131
eastern,FIPS_55091~~FIPS_55093
eastern,FIPS_55093~~FIPS_55109
eastern,FIPS_55095~~FIPS_55109
eastern,FIPS_55097~~FIPS_55115
eastern,FIPS_55097~~FIPS_55135
eastern,FIPS_55097~~FIPS_55141
eastern,FIPS_55099~~FIPS_55107
eastern,FIPS_55099~~FIPS_55113
eastern,FIPS_55099~~FIPS_55119
eastern,FIPS_55101~~FIPS_55127
eastern,FIPS_55103~~FIPS_55111
eastern,FIPS_55103~~FIPS_55123
eastern,FIPS_55105~~FIPS_55127
eastern,FIPS_55107~~FIPS_55113
eastern,FIPS_55107~~FIPS_55119
eastern,FIPS_55111~~FIPS_55123
eastern,FIPS_55113~~FIPS_55119
eastern,FIPS_55113~~FIPS_55129
eastern,FIPS_55115~~FIPS_55135
eastern,FIPS_55127~~FIPS_55133
eastern,FIPS_55131~~FIPS_55133
eastern,FIPS_55135~~FIPS_55137
texas,FIPS_48003~~FIPS_48115
texas,FIPS_48003~~FIPS_48135
texas,FIPS_48003~~FIPS_48317
texas,FIPS_48003~~FIPS_48329
texas,FIPS_48003~~FIPS_48495
texas,FIPS_48005~~FIPS_48073
texas,FIPS_48005~~FIPS_48225
texas,FIPS_48005~~FIPS_48347
texas,FIPS_48007~~FIPS_48355
texas,FIPS_48007~~FIPS_48391
texas,FIPS_48007~~FIPS_48409
texas,FIPS_48009~~FIPS_48023
texas,FIPS_48009~~FIPS_48077
texas,FIPS_48009~~FIPS_48485
texas,FIPS_48009~~FIPS_48487
texas,FIPS_48009~~FIPS_48503
texas,FIPS_48013~~FIPS_48029
texas,FIPS_48013~~FIPS_48163
texas,FIPS_48013~~FIPS_48187
texas,FIPS_48013~~FIPS_48255
texas,FIPS_48013~~FIPS_48283
texas,FIPS_48013~~FIPS_48297
texas,FIPS_48013~~FIPS_48311
texas,FIPS_48013~~FIPS_48479
texas,FIPS_48013~~FIPS_48493
texas,FIPS_48015~~FIPS_48089
texas,FIPS_48015~~FIPS_48149
texas,FIPS_48015~~FIPS_48201
texas,FIPS_48015~~FIPS_48473
texas,FIPS_48015~~FIPS_48477
texas,FIPS_48015~~FIPS_48481
texas,FIPS_48019~~FIPS_48259
texas,FIPS_48019~~FIPS_48265
texas,FIPS_48019~~FIPS_48325
texas,FIPS_48019~~FIPS_48385
texas,FIPS_48021~~FIPS_48055
texas,FIPS_48021~~FIPS_48149
texas,FIPS_48021~~FIPS_48453
texas,FIPS_48021~~FIPS_48491
texas,FIPS_48023~~FIPS_48275
texas,FIPS_48023~~FIPS_48503
texas,FIPS_48025~~FIPS_48175
texas,FIPS_48025~~FIPS_48255
texas,FIPS_48025~~FIPS_48297
texas,FIPS_48025~~FIPS_48409
texas,FIPS_48027~~FIPS_48049
texas,FIPS_48027~~FIPS_48099
texas,FIPS_48027~~FIPS_48145
texas,FIPS_48027~~FIPS_48281
texas,FIPS_48027~~FIPS_48309
texas,FIPS_48027~~FIPS_48331
texas,FIPS_48027~~FIPS_48395
texas,FIPS_48027~~FIPS_48491
texas,FIPS_48029~~FIPS_48091
texas,FIPS_48029~~FIPS_48187
texas,FIPS_48029~~FIPS_48255
texas,FIPS_48029~~FIPS_48259
texas,FIPS_48029~~FIPS_48325
texas,FIPS_48029~~FIPS_48493
texas,FIPS_48031~~FIPS_48053
texas,FIPS_48031~~FIPS_48091
texas,FIPS_48031~~FIPS_48171
texas,FIPS_48031~~FIPS_48209
texas,FIPS_48033~~FIPS_48115
texas,FIPS_48033~~FIPS_48317
texas,FIPS_48033~~FIPS_48335
texas,FIPS_48033~~FIPS_48415
texas,FIPS_48033~~FIPS_48431
texas,FIPS_48035~~FIPS_48099
texas,FIPS_48035~~FIPS_48133
texas,FIPS_48035~~FIPS_48143
texas,FIPS_48035~~FIPS_48193
texas,FIPS_48035~~FIPS_48217
texas,FIPS_48035~~FIPS_48309
texas,FIPS_48035~~FIPS_48349
texas,FIPS_48035~~FIPS_48425
texas,FIPS_48039~~FIPS_48157
texas,FIPS_48039~~FIPS_48167
texas,FIPS_48039~~FIPS_48201
texas,FIPS_48039~~FIPS_48321
texas,FIPS_48041~~FIPS_48051
texas,FIPS_48041~~FIPS_48185
texas,FIPS_48041~~FIPS_48395
texas,FIPS_48043~~FIPS_48371
texas,FIPS_48043~~FIPS_48377
texas,FIPS_48047~~FIPS_48131
texas,FIPS_48047~~FIPS_48215
texas,FIPS_48047~~FIPS_48249
texas,FIPS_48047~~FIPS_48273
texas,FIPS_48049~~FIPS_48083
texas,FIPS_48049~~FIPS_48093
texas,FIPS_48049~~FIPS_48133
texas,FIPS_48049~~FIPS_48333
texas,FIPS_48049~~FIPS_48441
texas,FIPS_48049~~FIPS_48451
texas,FIPS_48051~~FIPS_48287
texas,FIPS_48051~~FIPS_48477
texas,FIPS_48053~~FIPS_48281
texas,FIPS_48053~~FIPS_48299
texas,FIPS_48053~~FIPS_48453
texas,FIPS_48053~~FIPS_48491
texas,FIPS_48055~~FIPS_48149
texas,FIPS_48055~~FIPS_48177
texas,FIPS_48055~~FIPS_48187
texas,FIPS_48055~~FIPS_48209
texas,FIPS_48055~~FIPS_48453
texas,FIPS_48057~~FIPS_48239
texas,FIPS_48057~~FIPS_48321
texas,FIPS_48057~~FIPS_48409
texas,FIPS_48057~~FIPS_48469
texas,FIPS_48059~~FIPS_48083
texas,FIPS_48059~~FIPS_48133
texas,FIPS_48059~~FIPS_48417
texas,FIPS_48059~~FIPS_48441
texas,FIPS_48061~~FIPS_48215
texas,FIPS_48061~~FIPS_48261
texas,FIPS_48061~~FIPS_48479
texas,FIPS_48061~~FIPS_48489
texas,FIPS_48071~~FIPS_48201
texas,FIPS_48073~~FIPS_48213
texas,FIPS_48073~~FIPS_48347
texas,FIPS_48073~~FIPS_48393_48001
texas,FIPS_48073~~FIPS_48423
texas,FIPS_48075~~FIPS_48101
texas,FIPS_48075~~FIPS_48155
texas,FIPS_48075~~FIPS_48191
texas,FIPS_48075~~FIPS_48197
texas,FIPS_48075~~FIPS_48487
texas,FIPS_48077~~FIPS_48237
texas,FIPS_48077~~FIPS_48337
texas,FIPS_48077~~FIPS_48485
texas,FIPS_48081~~FIPS_48399
texas,FIPS_48081~~FIPS_48431
texas,FIPS_48081~~FIPS_48441
texas,FIPS_48081~~FIPS_48451
texas,FIPS_48083~~FIPS_48399
texas,FIPS_48085~~FIPS_48113
texas,FIPS_48085~~FIPS_48121
texas,FIPS_48085~~FIPS_48147
texas,FIPS_48085~~FIPS_48181
texas,FIPS_48085~~FIPS_48231
texas,FIPS_48085~~FIPS_48397
texas,FIPS_48089~~FIPS_48149
texas,FIPS_48089~~FIPS_48481
texas,FIPS_48091~~FIPS_48187
texas,FIPS_48091~~FIPS_48209
texas,FIPS_48091~~FIPS_48259
texas,FIPS_48093~~FIPS_48133
texas,FIPS_48093~~FIPS_48143
texas,FIPS_48093~~FIPS_48193
texas,FIPS_48093~~FIPS_48425
texas,FIPS_48095~~FIPS_48307
texas,FIPS_48095~~FIPS_48327
texas,FIPS_48095~~FIPS_48399
texas,FIPS_48097~~FIPS_48121
texas,FIPS_48097~~FIPS_48181
texas,FIPS_48097~~FIPS_48337
texas,FIPS_48097~~FIPS_48497
texas,FIPS_48099~~FIPS_48193
texas,FIPS_48099~~FIPS_48309
texas,FIPS_48101~~FIPS_48155
texas,FIPS_48101~~FIPS_48275
texas,FIPS_48101~~FIPS_48345
texas,FIPS_48103~~FIPS_48105
texas,FIPS_48103~~FIPS_48135
texas,FIPS_48103~~FIPS_48329
texas,FIPS_48103~~FIPS_48461
texas,FIPS_48103~~FIPS_48475
texas,FIPS_48105~~FIPS_48235
texas,FIPS_48105~~FIPS_48371
texas,FIPS_48105~~FIPS_48383
texas,FIPS_48105~~FIPS_48435
texas,FIPS_48105~~FIPS_48461
texas,FIPS_48105~~FIPS_48465
texas,FIPS_48109~~FIPS_48301
texas,FIPS_48109~~FIPS_48389
texas,FIPS_48113~~FIPS_48121
texas,FIPS_48113~~FIPS_48139
texas,FIPS_48113~~FIPS_48213
texas,FIPS_48113~~FIPS_48257
texas,FIPS_48113~~FIPS_48349
texas,FIPS_48113~~FIPS_48397
texas,FIPS_48113~~FIPS_48423
texas,FIPS_48113~~FIPS_48439
texas,FIPS_48115~~FIPS_48227
texas,FIPS_48119~~FIPS_48231
texas,FIPS_48119~~FIPS_48277
texas,FIPS_48121~~FIPS_48237
texas,FIPS_48121~~FIPS_48439
texas,FIPS_48121~~FIPS_48487
texas,FIPS_48121~~FIPS_48497
texas,FIPS_48123~~FIPS_48177
texas,FIPS_48123~~FIPS_48255
texas,FIPS_48123~~FIPS_48285
texas,FIPS_48123~~FIPS_48469
texas,FIPS_48125~~FIPS_48155
texas,FIPS_48125~~FIPS_48263
texas,FIPS_48125~~FIPS_48345
texas,FIPS_48125~~FIPS_48415
texas,FIPS_48125~~FIPS_48433
texas,FIPS_48127~~FIPS_48163
texas,FIPS_48127~~FIPS_48283
texas,FIPS_48127~~FIPS_48323
texas,FIPS_48127~~FIPS_48479
texas,FIPS_48127~~FIPS_48507
texas,FIPS_48131~~FIPS_48249
texas,FIPS_48131~~FIPS_48479
texas,FIPS_48133~~FIPS_48143
texas,FIPS_48133~~FIPS_48363
texas,FIPS_48133~~FIPS_48417
texas,FIPS_48133~~FIPS_48429
texas,FIPS_48135~~FIPS_48227
texas,FIPS_48135~~FIPS_48317
texas,FIPS_48135~~FIPS_48329
texas,FIPS_48135~~FIPS_48461
texas,FIPS_48135~~FIPS_48475
texas,FIPS_48135~~FIPS_48495
texas,FIPS_48137~~FIPS_48385
texas,FIPS_48137~~FIPS_48435
texas,FIPS_48139~~FIPS_48217
texas,FIPS_48139~~FIPS_48251
texas,FIPS_48139~~FIPS_48349
texas,FIPS_48139~~FIPS_48439
texas,FIPS_48143~~FIPS_48221
texas,FIPS_48143~~FIPS_48363
texas,FIPS_48143~~FIPS_48425
texas,FIPS_48145~~FIPS_48293
texas,FIPS_48145~~FIPS_48309
texas,FIPS_48145~~FIPS_48331
texas,FIPS_48147~~FIPS_48181
texas,FIPS_48147~~FIPS_48231
texas,FIPS_48147~~FIPS_48277
texas,FIPS_48149~~FIPS_48177
texas,FIPS_48149~~FIPS_48285
texas,FIPS_48149~~FIPS_48287
texas,FIPS_48149~~FIPS_48477
texas,FIPS_48149~~FIPS_48481
texas,FIPS_48151~~FIPS_48207
texas,FIPS_48151~~FIPS_48253
texas,FIPS_48151~~FIPS_48263
texas,FIPS_48151~~FIPS_48353
texas,FIPS_48151~~FIPS_48415
texas,FIPS_48151~~FIPS_48433
texas,FIPS_48155~~FIPS_48197
texas,FIPS_48155~~FIPS_48275
texas,FIPS_48155~~FIPS_48487
texas,FIPS_48157~~FIPS_48201
texas,FIPS_48157~~FIPS_48321
texas,FIPS_48157~~FIPS_48473
texas,FIPS_48157~~FIPS_48481
texas,FIPS_48161~~FIPS_48213
texas,FIPS_48161~~FIPS_48289
texas,FIPS_48161~~FIPS_48293
texas,FIPS_48161~~FIPS_48349
texas,FIPS_48161~~FIPS_48393_48001
texas,FIPS_48163~~FIPS_48283
texas,FIPS_48163~~FIPS_48325
texas,FIPS_48163~~FIPS_48463
texas,FIPS_48163~~FIPS_48507
texas,FIPS_48167~~FIPS_48201
texas,FIPS_48171~~FIPS_48259
texas,FIPS_48171~~FIPS_48265
texas,FIPS_48171~~FIPS_48299
texas,FIPS_48171~~FIPS_48319
texas,FIPS_48173~~FIPS_48227
texas,FIPS_48173~~FIPS_48329
texas,FIPS_48173~~FIPS_48383
texas,FIPS_48175~~FIPS_48255
texas,FIPS_48175~~FIPS_48355
texas,FIPS_48175~~FIPS_48469
texas,FIPS_48177~~FIPS_48187
texas,FIPS_48177~~FIPS_48255
texas,FIPS_48177~~FIPS_48285
texas,FIPS_48177~~FIPS_48493
texas,FIPS_48185~~FIPS_48201
texas,FIPS_48185~~FIPS_48289
texas,FIPS_48185~~FIPS_48293
texas,FIPS_48185~~FIPS_48313
texas,FIPS_48185~~FIPS_48395
texas,FIPS_48187~~FIPS_48209
texas,FIPS_48187~~FIPS_48321
texas,FIPS_48187~~FIPS_48453
texas,FIPS_48187~~FIPS_48491
texas,FIPS_48187~~FIPS_48493
texas,FIPS_48191~~FIPS_48345
texas,FIPS_48197~~FIPS_48275
texas,FIPS_48197~~FIPS_48487
texas,FIPS_48201~~FIPS_48473
texas,FIPS_48201~~FIPS_48477
texas,FIPS_48207~~FIPS_48253
texas,FIPS_48207~~FIPS_48275
texas,FIPS_48207~~FIPS_48417
texas,FIPS_48207~~FIPS_48433
texas,FIPS_48207~~FIPS_48441
texas,FIPS_48207~~FIPS_48503
texas,FIPS_48209~~FIPS_48259
texas,FIPS_48209~~FIPS_48453
texas,FIPS_48213~~FIPS_48257
texas,FIPS_48213~~FIPS_48349
texas,FIPS_48213~~FIPS_48393_48001
texas,FIPS_48213~~FIPS_48423
texas,FIPS_48215~~FIPS_48247
texas,FIPS_48215~~FIPS_48355
texas,FIPS_48215~~FIPS_48427
texas,FIPS_48215~~FIPS_48479
texas,FIPS_48217~~FIPS_48251
texas,FIPS_48217~~FIPS_48309
texas,FIPS_48217~~FIPS_48349
texas,FIPS_48221~~FIPS_48251
texas,FIPS_48221~~FIPS_48363
texas,FIPS_48221~~FIPS_48367
texas,FIPS_48221~~FIPS_48425
texas,FIPS_48221~~FIPS_48439
texas,FIPS_48223~~FIPS_48231
texas,FIPS_48223~~FIPS_48379
texas,FIPS_48223~~FIPS_48397
texas,FIPS_48225~~FIPS_48289
texas,FIPS_48225~~FIPS_48393_48001
texas,FIPS_48227~~FIPS_48317
texas,FIPS_48227~~FIPS_48329
texas,FIPS_48227~~FIPS_48335
texas,FIPS_48227~~FIPS_48431
texas,FIPS_48231~~FIPS_48257
texas,FIPS_48231~~FIPS_48397
texas,FIPS_48235~~FIPS_48383
texas,FIPS_48235~~FIPS_48451
texas,FIPS_48237~~FIPS_48363
texas,FIPS_48237~~FIPS_48497
texas,FIPS_48237~~FIPS_48503
texas,FIPS_48239~~FIPS_48321
texas,FIPS_48239~~FIPS_48469
texas,FIPS_48239~~FIPS_48481
texas,FIPS_48243~~FIPS_48377
texas,FIPS_48247~~FIPS_48479
texas,FIPS_48247~~FIPS_48505
texas,FIPS_48249~~FIPS_48273
texas,FIPS_48249~~FIPS_48297
texas,FIPS_48249~~FIPS_48355
texas,FIPS_48249~~FIPS_48409
texas,FIPS_48251~~FIPS_48425
texas,FIPS_48251~~FIPS_48439
texas,FIPS_48253~~FIPS_48335
texas,FIPS_48253~~FIPS_48353
texas,FIPS_48253~~FIPS_48417
texas,FIPS_48253~~FIPS_48441
texas,FIPS_48253~~FIPS_48447
texas,FIPS_48255~~FIPS_48355
texas,FIPS_48255~~FIPS_48493
texas,FIPS_48257~~FIPS_48397
texas,FIPS_48257~~FIPS_48423
texas,FIPS_48257~~FIPS_48467
texas,FIPS_48259~~FIPS_48265
texas,FIPS_48259~~FIPS_48267
texas,FIPS_48259~~FIPS_48441
texas,FIPS_48261~~FIPS_48273
texas,FIPS_48261~~FIPS_48489
texas,FIPS_48263~~FIPS_48415
texas,FIPS_48263~~FIPS_48433
texas,FIPS_48267~~FIPS_48319
texas,FIPS_48267~~FIPS_48327
texas,FIPS_48267~~FIPS_48413
texas,FIPS_48269~~FIPS_48433
texas,FIPS_48271~~FIPS_48463
texas,FIPS_48271~~FIPS_48465
texas,FIPS_48273~~FIPS_48355
texas,FIPS_48275~~FIPS_48433
texas,FIPS_48275~~FIPS_48447
texas,FIPS_48277~~FIPS_48387
texas,FIPS_48281~~FIPS_48333
texas,FIPS_48281~~FIPS_48411
texas,FIPS_48283~~FIPS_48479
texas,FIPS_48289~~FIPS_48293
texas,FIPS_48289~~FIPS_48309
texas,FIPS_48289~~FIPS_48313
texas,FIPS_48289~~FIPS_48393_48001
texas,FIPS_48289~~FIPS_48395
texas,FIPS_48293~~FIPS_48309
texas,FIPS_48293~~FIPS_48349
texas,FIPS_48293~~FIPS_48395
texas,FIPS_48297~~FIPS_48311
texas,FIPS_48297~~FIPS_48409
texas,FIPS_48299~~FIPS_48319
texas,FIPS_48301~~FIPS_48389
texas,FIPS_48301~~FIPS_48475
texas,FIPS_48301~~FIPS_48495
texas,FIPS_48307~~FIPS_48319
texas,FIPS_48307~~FIPS_48327
texas,FIPS_48317~~FIPS_48329
texas,FIPS_48319~~FIPS_48327
texas,FIPS_48321~~FIPS_48409
texas,FIPS_48321~~FIPS_48481
texas,FIPS_48323~~FIPS_48465
texas,FIPS_48323~~FIPS_48479
texas,FIPS_48325~~FIPS_48463
texas,FIPS_48327~~FIPS_48451
texas,FIPS_48329~~FIPS_48461
texas,FIPS_48331~~FIPS_48395
texas,FIPS_48331~~FIPS_48453
texas,FIPS_48331~~FIPS_48491
texas,FIPS_48333~~FIPS_48411
texas,FIPS_48335~~FIPS_48353
texas,FIPS_48335~~FIPS_48415
texas,FIPS_48335~~FIPS_48431
texas,FIPS_48337~~FIPS_48497
texas,FIPS_48353~~FIPS_48415
texas,FIPS_48353~~FIPS_48417
texas,FIPS_48353~~FIPS_48441
texas,FIPS_48355~~FIPS_48391
texas,FIPS_48355~~FIPS_48409
texas,FIPS_48363~~FIPS_48367
texas,FIPS_48363~~FIPS_48503
texas,FIPS_48367~~FIPS_48425
texas,FIPS_48367~~FIPS_48439
texas,FIPS_48367~~FIPS_48497
texas,FIPS_48367~~FIPS_48503
texas,FIPS_48371~~FIPS_48377
texas,FIPS_48371~~FIPS_48383
texas,FIPS_48371~~FIPS_48389
texas,FIPS_48371~~FIPS_48443
texas,FIPS_48371~~FIPS_48461
texas,FIPS_48371~~FIPS_48475
texas,FIPS_48379~~FIPS_48467
texas,FIPS_48383~~FIPS_48413
texas,FIPS_48383~~FIPS_48451
texas,FIPS_48383~~FIPS_48461
texas,FIPS_48385~~FIPS_48463
texas,FIPS_48389~~FIPS_48475
texas,FIPS_48391~~FIPS_48409
texas,FIPS_48391~~FIPS_48469
texas,FIPS_48393_48001~~FIPS_48423
texas,FIPS_48397~~FIPS_48423
texas,FIPS_48399~~FIPS_48441
texas,FIPS_48399~~FIPS_48451
texas,FIPS_48413~~FIPS_48435
texas,FIPS_48413~~FIPS_48451
texas,FIPS_48415~~FIPS_48417
texas,FIPS_48415~~FIPS_48503
texas,FIPS_48417~~FIPS_48447
texas,FIPS_48417~~FIPS_48503
texas,FIPS_48423~~FIPS_48467
texas,FIPS_48425~~FIPS_48439
texas,FIPS_48427~~FIPS_48505
texas,FIPS_48429~~FIPS_48503
texas,FIPS_48431~~FIPS_48451
texas,FIPS_48435~~FIPS_48465
texas,FIPS_48439~~FIPS_48497
texas,FIPS_48441~~FIPS_48451
texas,FIPS_48447~~FIPS_48485
texas,FIPS_48447~~FIPS_48503
texas,FIPS_48453~~FIPS_48491
texas,FIPS_48463~~FIPS_48507
texas,FIPS_48469~~FIPS_48481
texas,FIPS_48475~~FIPS_48495
texas,FIPS_48479~~FIPS_48505
texas,FIPS_48485~~FIPS_48487
texas,FIPS_48497~~FIPS_48503
