r,md5,node_lat,node_lon
FIPS_01001,1e685a8cce29c9bfbf747b9c5021e9c7,32.53490924,-86.64275952
FIPS_01003,4e3a70b7d33060b85039a37854d5cfbb,30.72688706,-87.72224345
FIPS_01005,a175fce93b2419adc1af906f5415ba27,31.8695477,-85.39343366
FIPS_01007,5f447c6de16af4a9f66d4b3059560fa1,32.99861263,-87.12646197
FIPS_01009,d7d4172ebfe14258d1fc27e9c026bb0b,33.98081453,-86.56754581
FIPS_01011,b8d7450486a88e28ef46e48777fa88a9,32.10057276,-85.71566585
FIPS_01013,acfb357aea2524207f1ad1a6b083e973,31.75235441,-86.68030335
FIPS_01015,658110253a6a191c49bb54f156dab00c,33.77139507,-85.82613545
FIPS_01017,e597986f5be42ddbaeb14bff1c5d9cec,32.91431203,-85.3920147
FIPS_01019,77d2199dacf7f89b2f49023abcee281e,34.17580981,-85.60380301
FIPS_01021,49da555e5ace736ade71a6e07974da59,32.84781677,-86.71886298
FIPS_01023,d0fa9491e1f37e2fd41adf6275c28821,32.01935896,-88.2633334
FIPS_01025,00ef47ce4a25ee7029e3a39423af03a6,31.67640542,-87.83070588
FIPS_01027,59ab165fcfcac0dfab8357e36f2b9cd8,33.26904307,-85.8606797
FIPS_01029,cbef11302d5755e59c44e8e00d6d2349,33.67443497,-85.51888074
FIPS_01031,e4a93ec493346d951ca08d27578f465f,31.40254424,-85.98822737
FIPS_01033,3c4fa6308991b2385d8e8c1c17ac8b83,34.70054275,-87.80493852
FIPS_01035,01a62cce7d9ea865b18f3b4ba788c1fa,31.429254,-86.99369612
FIPS_01037,432ca599953ff50cd4eeffe22faf3e48,32.93620983,-86.24762184
FIPS_01039,50596b50976848d4e5a2f16bdc702b03,31.24837267,-86.45120994
FIPS_01041,6dd168c521731e75624f909daba5daa5,31.73130926,-86.31352245
FIPS_01043,6be2000c2ec07d5e1447393ba4b6b73a,34.13189902,-86.86778335
FIPS_01045,e5660622be6e6960f86029ccef482f6b,31.43176284,-85.6110733
FIPS_01047,c632f5fe1ad6a30f1db6a0db774c1682,32.32587187,-87.10652185
FIPS_01049,d32f7df8ddcc9d2cb0ba567ef8851329,34.45962767,-85.80453575
FIPS_01051,a37c65a1cd70740bc7958f53ffe3ce6f,32.59666005,-86.1491363
FIPS_01053,6807d4d8ca15f644d5605468077dbc21,31.12636688,-87.16161188
FIPS_01055,03ac9114c7129baec1f7f55d8ae23b12,34.04527053,-86.03475531
FIPS_01057,851e18c0d7e888a570819db21c0d8f64,33.72115767,-87.73884531
FIPS_01059,6fd4a0ab0e05305864a380a225057e55,34.44174536,-87.84380287
FIPS_01061,e100dd46916dd446586644f3a02602ee,31.09516883,-85.83898934
FIPS_01063,4ae2db54fc557e4b9dce91ea9e9bc98d,32.8529713,-87.95219042
FIPS_01065,cf187b4da7370f65fe195b0b016035e9,32.76249571,-87.62918536
FIPS_01067,15d7c3bd0597d2c1632c329cb545c73d,31.51460654,-85.24141708
FIPS_01069,fa34f327494384204ac774f493245f6f,31.15321587,-85.30244688
FIPS_01071,b826b8f053e8dee4e1377390f21183ba,34.77938556,-85.99940506
FIPS_01073,2960e42eb36dbb046a6ee3707bd2d290,33.5542653,-86.89666301
FIPS_01075,0813c2f03e941f5b24226a7a9772b8dd,33.77899196,-88.09691987
FIPS_01077,f3e6bd3f7e0c2e8e18b202e7302dd2bf,34.90160269,-87.65393497
FIPS_01079,2a8590f74eb87515c40912ed6bb6be52,34.52151291,-87.31106891
FIPS_01081,9ea7124c3bca89c92a783f61c275a7dc,32.60119648,-85.35550749
FIPS_01083,1f62f58af40b338d2e3e150590d8b277,34.81000055,-86.98128764
FIPS_01085,5aeb188ac1588e72a7196aceb5c56f40,32.15469949,-86.65009106
FIPS_01087,9449da91f9febefe00baaed290377dac,32.3859891,-85.69266259
FIPS_01089,970b073edd0531207b2524ac88648d40,34.76295109,-86.5501754
FIPS_01091,62f1ab511530657b53d5b1563a0cf8a7,32.24748891,-87.78961731
FIPS_01093,76972a62b246217a5118ac29d7439b43,34.13652469,-87.88703611
FIPS_01095,91e950673ca45104c1108f9fc74fe0ff,34.36688368,-86.30663885
FIPS_01097,a34387a687fcea5e819dc86b1f00613b,30.78683518,-88.20590518
FIPS_01099,fad1fa20af32774e4780ec9d7325a029,31.57070434,-87.36588532
FIPS_01101,3c4c2a6e5318f9f638230af031c3e058,32.2201506,-86.20753782
FIPS_01103,4f2ecc93e4d80810ad4d3a74af2c45ea,34.45349763,-86.85286836
FIPS_01105,0288b84e066b028ae6d886cca55e2001,32.63838309,-87.29455838
FIPS_01107,8266716328f6080ae72859c6417606f4,33.28073953,-88.08879731
FIPS_01109,acbda39b4b0622bdbd700d0c38ef1d3f,31.80267163,-85.94088065
FIPS_01111,8e88848cecf2dfe586dab1e65a48850f,33.2937097,-85.45904675
FIPS_01113,22adec06b81bec164bf4c404ea8d30d6,32.28834482,-85.18497238
FIPS_01115,0da6699ac8ae7aee51de72fee5ceb4ab,33.71561177,-86.31472734
FIPS_01117,022c7571627e602f177b9ea2d718151c,33.26423208,-86.66083929
FIPS_01119,22d40cecd107aea46ccb8b56f562fbb3,32.59075572,-88.1987002
FIPS_01121,09cebede4af0d4132c15c26dab7f641c,33.37991691,-86.16625945
FIPS_01123,3b75b20f2fdceab3626d527b1402d67f,32.86221873,-85.79750503
FIPS_01125,f596a9d9388466f78ea59595630eb56b,33.28942805,-87.52503742
FIPS_01127,41f6b634f63b40832879f0cf2d7df78c,33.80328809,-87.29725338
FIPS_01129,0676d9f55541440881926db39a96735f,31.40746566,-88.20781422
FIPS_01131,3ad957f5eb8426d71d8bad33c2a27fc4,31.98932611,-87.30808158
FIPS_01133,2b58c39a3e7bd2344030e2c500df624b,34.14923587,-87.37367788
FIPS_04001,dcb57819746b6e6c79cb5f8c208173d9,35.38468623,-109.48843324
FIPS_04003,4fe1fd16a478f41f471f0b392701b716,31.87941957,-109.75130119
FIPS_04005,b67f7a2545b1b6f1a4d044532d86029c,35.83544964,-111.76877869
FIPS_04007,b2578cb2a083786cf66838a2f36c01d8,33.79928842,-110.81002245
FIPS_04009,cb2c2e04634a5a60cb03409301111618,32.93207548,-109.88719723
FIPS_04011,1f12a716b17bee8c7de14c39f20520f0,33.21427022,-109.24007199
FIPS_04012,06c07a2d25c64cc157f13f78e9f3b55e,33.72898405,-113.98276391
FIPS_04013,41774af41242139a632627bb63a8a9cd,33.34853444,-112.49331603
FIPS_04015,8f3fafdec035b1e90015ae6071184f54,35.69784258,-113.76209955
FIPS_04017,adf5bc3729a37c0d59824fcd8f36fa0c,35.39070846,-110.32041952
FIPS_04019_04023,34633585f2b5bda90f9f2ca664848f83,32.0319002,-111.67656486
FIPS_04021,863c9f179ac15633be6f1d12c087f902,32.90475071,-111.34467833
FIPS_04025,695eaf7fe26995f8f9f52b6c22ecd63f,34.59927933,-112.55239871
FIPS_04027,3609856d4fe53bcb826693f3ee2efe65,32.76902774,-113.90562712
FIPS_05001,f0d04f66ba165d47971ad5b479fa289f,34.28904313,-91.37401608
FIPS_05003,a0476db0f3f2463f29ba554f6e61cd72,33.19122067,-91.76851396
FIPS_05005,b1ec7126b9148b73275e631dca9acc8b,36.28698661,-92.3369351
FIPS_05007,3b785adcb68c264cbf72bdc88c234613,36.33879963,-94.25621175
FIPS_05009,990d46ecd9a3285044e356c0de580a2b,36.30854596,-93.09154117
FIPS_05011,f83260a62c6107628dc18c2af37425f3,33.46626323,-92.1623895
FIPS_05013,e31d5b16e65fdb36caedd9ab3933384b,33.55794508,-92.50303185
FIPS_05015,349d707270cbe0aafdad3b7480ae881f,36.34104103,-93.53801837
FIPS_05017,cdd24e9c08f116efd812e91220a447cf,33.26681183,-91.29365473
FIPS_05019,5d1b48a9347cea56614eb2257b664102,34.05082134,-93.17611112
FIPS_05021,069b2628b955501ac6bb3aa28c33616b,36.36843063,-90.41729896
FIPS_05023,b73e8b9713e8c757adde80feb911d0f9,35.53812951,-92.02673984
FIPS_05025,c3aee0f10708a26e5ed3d114424a5ddb,33.89832625,-92.1850875
FIPS_05027,1cb675bcd6e4db47f0a8714969f55371,33.21422714,-93.22736321
FIPS_05029,4df404ec4767e87cd6de81517c289064,35.26228566,-92.70157923
FIPS_05031,5e810e313b0c03097a95c4a5440e2caf,35.83092069,-90.63292089
FIPS_05033,89548a8663903996cd93634bbc42b7e4,35.58800663,-94.24289054
FIPS_05035,32e1df6f29762c12c5e219279f5cbe5f,35.20540968,-90.30785109
FIPS_05037,958b32c1d097b9ef61492d84df31224d,35.29574807,-90.77115212
FIPS_05039,3129d1320d963d075ae91a00477b0b1d,33.96986787,-92.65436089
FIPS_05041,b5d997d49edee834f331c4c9c10fb022,33.83084321,-91.25517901
FIPS_05043,ee47078b05280b77fafcac5685dfa9d4,33.58938103,-91.71996406
FIPS_05045,09aef310e06b7386b998c5b92a989647,35.14691195,-92.33212012
FIPS_05047,6abbc11a23cb85d1e340f70e3df558d3,35.51217606,-93.89072001
FIPS_05049,2fe685be2c82f7c6700c10f2afdd0577,36.38176033,-91.81828058
FIPS_05051,7c6976217d9cb503aeed5e8c737cd066,34.57668532,-93.15037349
FIPS_05053,a6ae9f17090e5b066e0e04e684104bcb,34.28998362,-92.42364824
FIPS_05055,41e56694f12635960e617714ff5dc4a7,36.11768714,-90.55910325
FIPS_05057,c902fef34d9cb8c04e2442f105b24964,33.73523234,-93.6684054
FIPS_05059,1e8e558bc995a5e14d58712b7689c117,34.31772795,-92.94611735
FIPS_05061,fb5e2d99bdb7dbb38d7903d17d3ead5d,34.08857356,-93.99331378
FIPS_05063,9708e62e38b00b3a290559790286d710,35.74152911,-91.56969502
FIPS_05065,38f01f66e90656aeefee12e40c5877b8,36.09480212,-91.91337366
FIPS_05067,d73459bae88c12bfd4dba652db727855,35.59904079,-91.21466168
FIPS_05069,c628a31fa9fef9287399f24fc717e6f7,34.26828298,-91.93029165
FIPS_05071,37e536c737888f7e3718736710b65dfe,35.56960588,-93.4601011
FIPS_05073,47326683c4698fca6d9010bb4f09b124,33.24147641,-93.60714438
FIPS_05075,fc56d0663987c53b209c37b1a4b3e188,36.04123581,-91.10696424
FIPS_05077,baa7364d80e023bf2eb87a344c34feae,34.78050683,-90.78079727
FIPS_05079,1daacb6a37dcb2a8611908073a49a14b,33.95700921,-91.73448348
FIPS_05081,046dcdcc85b77b2cea66ba37650b38b6,33.70094791,-94.23509249
FIPS_05083,797cb7f0aa68ef92f7178dc9e71c7d18,35.21497615,-93.71689165
FIPS_05085,cf4c82047a6faeec49d27d02ed11aad3,34.7540393,-91.88865085
FIPS_05087_05101,5a2c4a0b34f91f45e7f03c362e9523f7,35.96600944,-93.47315184
FIPS_05089,ada407eacee807aaf4bcea726aca22f4,36.26822671,-92.68412172
FIPS_05091,496425995e95339e49b41c04a3fc1bee,33.31224716,-93.89212774
FIPS_05093,f433001cccf12e5d20b1546d1ed8bf58,35.76228847,-90.05231136
FIPS_05095,432987f50e047133329ae6aeac68c1b9,34.67758427,-91.20375966
FIPS_05097_05109,2a9810ce40f5465f42d5c9ef7fb9908b,34.3759794,-93.65812171
FIPS_05099,1d514c090bf341efbd39d07dbec0b51a,33.66384789,-93.30710232
FIPS_05103,964bcc390ec2df5252bc3eef11f19207,33.59326543,-92.88197969
FIPS_05105,9b9a5fdc77d0a777055328e7b4c77b93,34.94763844,-92.93147824
FIPS_05107,c08ca8ec080e51e9367fa69d1e93e391,34.42733865,-90.84900546
FIPS_05111,0d4c785ed50263dce384bdbc041fe3f0,35.57416975,-90.66294058
FIPS_05113,2c89ea3ab0fb20d97a4e431024566f10,34.48566081,-94.22829064
FIPS_05115,498d7167f57bfd0c88fe0e759eb6831d,35.44767213,-93.03458191
FIPS_05117,5e4153c9178cdf1abd2ecbcb68c74b1c,34.8295832,-91.55275326
FIPS_05119,c33d4f88b98cb8b7286b5d0c9714f33e,34.76999023,-92.31185741
FIPS_05121,8198066383a39a570c88ef793855a1a1,36.34147312,-91.02753367
FIPS_05123,43d0908953718746372accc9b86f5e40,35.02209838,-90.74787638
FIPS_05125,ca0faab9de1acd234765e5cbb7ac9471,34.64666171,-92.67627131
FIPS_05127,cd05d838090721a9874dd8bb9529b3da,34.86076603,-94.06331455
FIPS_05129,8fc6471fd6b60f51c33e4d6553a12313,35.91090972,-92.69950948
FIPS_05131,b7ad34ef446a7e22cec7a0f536216260,35.19879857,-94.27439829
FIPS_05133,845a3c1380d0cb46b59a0b95c7712874,33.99715488,-94.24113948
FIPS_05135,c4afd536ae351238767129b5e7100700,36.16103651,-91.47993069
FIPS_05137,381bd7363d02cba0070fedc7d180fc22,35.85985154,-92.15667284
FIPS_05139,54095f89bbd043880727feab915a32af,33.17151896,-92.59711858
FIPS_05141,9e7aa3343a58310e0eda0cf70518aa10,35.5806192,-92.51566748
FIPS_05143,aa73bf148ce3fb280f7f95144e1544a7,35.97896991,-94.21570747
FIPS_05145,c387182beff6556d0414caa24ec326c3,35.25626727,-91.74571075
FIPS_05147,91ab86afea5972bc933729a3e4d4e119,35.18620099,-91.24308298
FIPS_05149,25b0988b16c9e503a3d764c7a862b2a4,35.00249229,-93.411124
FIPS_06001,63a6330825ea313d633f232656950817,37.64697093,-121.88876666
FIPS_06003_06051,538ea1add1a315b5ebd9e39833ec9541,38.06529657,-119.06228003
FIPS_06005,de49432ef8a45a3ef88fa9f1f847ef8f,38.44660466,-120.65166846
FIPS_06007,f205a52005f9a51dd847d0e0e960dd93,39.66655683,-121.60070172
FIPS_06009,fceaaa2a329c2b7d1ac74cb1560a987e,38.2044648,-120.55466682
FIPS_06011,63c9b9988d637d34a8aa9f62b50f9404,39.17750833,-122.23673433
FIPS_06013,f4bc2d08d2a155ec41b7cd19a8681210,37.91925474,-121.92769862
FIPS_06015,3053f5b72c1d5d296948743fc8e25459,41.74278435,-123.89713072
FIPS_06017,12e722941ec90460f0f4140e6d688475,38.77890609,-120.52504562
FIPS_06019,62d18e9bac27e3def8ecae1b4467aab4,36.75853164,-119.6534272
FIPS_06021,8e81b95015256a486e5905dcf5cefdf5,39.59847893,-122.39201343
FIPS_06023,efa215ac8c477d458492c48d16440813,40.69710558,-123.87613384
FIPS_06025,f8ac4f1aea6b471b813407c27414c568,33.03993339,-115.36533393
FIPS_06027,172416eb508af203754655262efcf02e,36.51016351,-117.40560195
FIPS_06029,8d2a25802e14c45e087218692ddc7d17,35.34353455,-118.72904086
FIPS_06031,99ba1fe9ae18039f9352269083c79646,36.07496098,-119.81583881
FIPS_06033,6398796f364ce2e7005f31bbd08ba210,39.09948642,-122.7527794
FIPS_06035,80c817113389751eacdd03f7429e72a9,40.67262885,-120.59327275
FIPS_06037,81f91231b26a935397761e0db4e76aa6,34.31975569,-118.22498697
FIPS_06039,1404f734d7dad774d06b9d6c4b2afbc7,37.21783239,-119.76473985
FIPS_06041,ad004110cab2de55ca06ac6617cab7ff,38.07334699,-122.72318447
FIPS_06043,963da0cf7589259915d631519cf70a0b,37.58147963,-119.90594062
FIPS_06045,94b3177c00bd1d4de361c12bafb2f9b4,39.43872075,-123.39125589
FIPS_06047,b2e56e652f04b4d034ed236a5a399afd,37.19168731,-120.71843269
FIPS_06049,7d165c09f9828db3a4f7419e745149dd,41.5896507,-120.72501524
FIPS_06053,0a76dc806a9b7597d50305fb55a85470,36.21690605,-121.2371314
FIPS_06055,5aa973607e09b891273f262c76c5a6b5,38.50667072,-122.33048315
FIPS_06057,ae723eaccbc1648ad55fc7d4c8f714df,39.30167785,-120.76952954
FIPS_06059,6567fcc79b6610ae3fcd4987f2bee78d,33.70292007,-117.76082893
FIPS_06061,53ecacdd9135035f951819fa84b40cb4,39.06381187,-120.71901151
FIPS_06063,fc5a8b718c0cfe369d173cd6526cccab,40.00465027,-120.83794252
FIPS_06065,e4b8ec08b159c28267d85eec452dc348,33.74663022,-115.993939
FIPS_06067,23068df585eb3c6330d918d78a17f5ec,38.4490559,-121.34451677
FIPS_06069,e35566aa5521eedba82a37dc959feaea,36.60552674,-121.07407769
FIPS_06071,470769de5e77043cc6ae48de5367f565,34.84202996,-116.17662434
FIPS_06073,441271fa01294c9c0dd096b2f320bae9,33.03408966,-116.73493496
FIPS_06075,2f68a0f3c97ce65ec16ea4636bc03d89,37.75624567,-122.44314046
FIPS_06077,80710527a5ff2d7f5a63e347e3966c9a,37.93443861,-121.27165824
FIPS_06079,0d63fc3e207247d24cc0eb25393b0a17,35.38717634,-120.40303527
FIPS_06081,91549cfe2c2b16c04db7ec12dd4c57f5,37.42267925,-122.32887705
FIPS_06083,12951c17f17bc5990f5f4daa42171f72,34.67257632,-120.01648711
FIPS_06085,d0cba70d779bc115254b28593b2b2eae,37.2317577,-121.69472328
FIPS_06087,e93f659b0cf9cd057491d3adeff06a82,37.05621787,-122.00159571
FIPS_06089,500e09b42899c08ea7b1fb9e228a22c5,40.76364821,-122.04134615
FIPS_06091,844987264feb419224cf6468af112274,39.58068334,-120.51601418
FIPS_06093,d924ade33ef90c7f539582b8604457f2,41.59331162,-122.54038905
FIPS_06095,5658abf78fe1ed8a891ac0e0a523afed,38.26985229,-121.9329922
FIPS_06097,9ef0162f6e5ed8501eada951ffe08103,38.52816693,-122.88669063
FIPS_06099,b39795af2819388ccf5f6ad4cde39e00,37.55894217,-120.9984948
FIPS_06101,1d03db92c1e08a1e08df46f367cc015b,39.03427841,-121.69453585
FIPS_06103,5a8ac461d80eb8517a97f321a66cc40a,40.12604179,-122.23449663
FIPS_06105,1c7421558cc04684d4b1fe812cfaa945,40.64915749,-123.11399907
FIPS_06107,8063c290705f39da11657f6918a15a57,36.22004447,-118.80036177
FIPS_06109,f0cd96089358d5851c47604e7b34f227,38.02765175,-119.95493566
FIPS_06111,7b47d431260f96e291376c5205a790f9,34.45559715,-119.08339725
FIPS_06113,5ee10af641ffad0043ad0ed9389ffd2a,38.6865535,-121.90056533
FIPS_06115,a4479a26d72107d4a6fef4f11351bd6e,39.26875247,-121.35179312
FIPS_08001,628eaf9baf2ddb65aa8c0eddde638f1b,39.87413291,-104.33784668
FIPS_08003,a8af589a32db036e8cc3c753691beefa,37.57283162,-105.78839816
FIPS_08005,c098212c0c565aa121b5c13fc3343a11,39.65027908,-104.33932787
FIPS_08007,b4088670882d70a5e952e6b4e85234c1,37.19370169,-107.04813645
FIPS_08009,55ccb628432f3f6d0f1ada7e42f8b447,37.31909872,-102.56048303
FIPS_08011,7812b83ec34fd78e74ebcec1e48782e8,37.95480627,-103.07171741
FIPS_08013,43b1e7b58a0bd7b5b5b07eef1d1e707b,40.09244601,-105.35771229
FIPS_08014,62cf895fca76010ab6f29c9d1195809b,39.95412746,-105.05271025
FIPS_08015,300cf2dbca16bf0a3613509290892cce,38.74659009,-106.19376321
FIPS_08017,98536a2d62ab1b496b172946b4b6d29a,38.82815129,-102.60341453
FIPS_08019_08047,0c50f3dac4e8ced68bbc6d4a86254b80,39.73541013,-105.61088331
FIPS_08021,a5e5f38955827a27691e8fbb91bc4fb0,37.20078783,-106.19147695
FIPS_08023,a804027d8acd16a9c92c7a5330a6510c,37.27768102,-105.42838925
FIPS_08025,447d4ee1bc1a9c8abd242d7aa0f77f92,38.32659012,-103.78483803
FIPS_08027_08055,83b6720b62faa60965f7d4b2817d87b1,37.81928287,-105.08904527
FIPS_08029,4ea90ea66dfbeb9d990de4a6d545fbca,38.8613838,-107.86319764
FIPS_08031,393708e521b7f0ef63342d1eb1738d2b,39.76197579,-104.87599912
FIPS_08033,dc5df20b92fd1e6caed4be83261d525f,37.7519664,-108.51730714
FIPS_08035,12a2edc8dcc0f34e4e427ff0b78343c3,39.32966753,-104.92947043
FIPS_08037,5508565e903540636d7dac942330db68,39.62771243,-106.69514932
FIPS_08039,aa5cafb6fcf1940e22e67fc3b9341cd4,39.28637807,-104.13525904
FIPS_08041,4e8faade6a9aefd982c98e4615e4f13e,38.83198611,-104.52541609
FIPS_08043,e0402b53c67db4d0eba5930069fcf830,38.47319726,-105.43944314
FIPS_08045,64ec217de50340b9e34a664f2c915ba5,39.60022135,-107.90518768
FIPS_08049_08057,cda53a503e9fc89134ea11f8d52a5556,40.36426111,-106.22183782
FIPS_08051,e5803b539603d8eab76b510281b0929a,38.66633296,-107.03187795
FIPS_08053_08111,664b9242354831ea3579aa2f362dcc97,37.80632411,-107.39697877
FIPS_08059,afbfcecf571fbc13419f3bfd386cee97,39.58587612,-105.2506375
FIPS_08061,26b89a72343514f613dadeac56d394de,38.43323487,-102.74048003
FIPS_08063,564e08df15dae332266f8357574220a7,39.30552316,-102.60291242
FIPS_08065,b58cf194a78301f90b872fabdea44c87,39.20231025,-106.34490954
FIPS_08067,95ecff3b1be02af2d7c5c1c21c21b941,37.28636069,-107.84356141
FIPS_08069,bf945eb10d79d613f331025f3f89c35a,40.66613761,-105.460755
FIPS_08071,ce53ba7ff9f10f54d5646d766584cefa,37.31659359,-104.0391079
FIPS_08073,afd95c839fca71b7c719da236f55024a,38.98694825,-103.5146071
FIPS_08075,dd826487f248c55e39e0e4e817718dc7,40.72454627,-103.11006472
FIPS_08077,f8819c58f00a869e96abfdabd9d6b615,39.01811551,-108.46770892
FIPS_08079_08105,55bd28e82f25081c916bb27010136599,37.62510058,-106.64822948
FIPS_08081,6e04fee690496f6102408bcf2e38cdd2,40.61859992,-108.20746315
FIPS_08083,52c68b272cae195b23f41d44f79cf599,37.33829852,-108.59703028
FIPS_08085_08091,560c55949b2f3408e2f135d1a3835460,38.35467421,-108.172379
FIPS_08087,00b3b9a380f1c242c76c2559e9304041,40.26256173,-103.80982908
FIPS_08089,c715a506a5b7716b159c3df6ad251338,37.90255418,-103.71655684
FIPS_08093,0ccde2bbf5aee850d89169fc695d79f0,39.11877478,-105.71711821
FIPS_08095,931ab903b6cef82757a1700dd88caed1,40.59388802,-102.35758459
FIPS_08097,02dd271b94e554b4f38e2a7594edcc59,39.21722547,-106.91646308
FIPS_08099,f0fc8eb44f8913bfa47388579dbc96f4,37.95491789,-102.39335504
FIPS_08101,8ca1065364605c9895d3dad6f9841910,38.17322121,-104.51277699
FIPS_08103,8f6a0847b912b811aba7b6749926f075,39.98057393,-108.21791924
FIPS_08107,55eefb5380707c04b607142246dec657,40.4840309,-106.9907933
FIPS_08109,7bc04124830aab747d5790ec88ae0cd3,38.08070663,-106.28085996
FIPS_08113,93758757dd26b666ce74119254768350,38.00418336,-108.40570427
FIPS_08115,8c271459b5eb50934fa180b37bedca9a,40.87594192,-102.35179046
FIPS_08117,3df5778c3a862db6323c55e81d1e9227,39.6339515,-106.11604889
FIPS_08119,67e7c5c66936ad8dcd1d7ba98f1a94f2,38.88220221,-105.16171013
FIPS_08121,9c8cfbce4b10ccff85cd521e87628805,39.97038761,-103.2016372
FIPS_08123,be1e96285160d90cdf41943acc1499b9,40.55415927,-104.3937185
FIPS_08125,363e2ecc54594e3b4da6d8d513ac63a6,40.00216471,-102.42425282
FIPS_09110,830bdb7e67bcdea716f7b0791f838ecb,41.81843699,-72.57215052
FIPS_09120,a28008d24a2ef642db0e0eb559c963ab,41.24274894,-73.23146379
FIPS_09130,aef91836124b2562ff1cd47ba8993cea,41.44986945,-72.50710584
FIPS_09140,141a45248a12d80486900a61f0d9a262,41.52300593,-73.08611952
FIPS_09150,2761ef34dfd41c2133f55103db28ec78,41.82677691,-71.97677239
FIPS_09160,59076d853385b8c3bc69e6183f05ee25,41.84678552,-73.22131365
FIPS_09170,dc69d22d98033332d03f25b3b35bc154,41.36108613,-72.84450433
FIPS_09180,637e5a550ef729b94ff6142dbd09735f,41.50212639,-72.09992579
FIPS_09190,2b7595a384e8dcd04db33d6e05002eac,41.32163781,-73.44774965
FIPS_10001,d89f3a35931c386956c1a402a8e09941,39.0859257,-75.56841539
FIPS_10003,f5dffc111454b227fbcdf36178dfe6ac,39.57687945,-75.65258951
FIPS_10005,6eb887126d24e8f1cd8ad5033482c781,38.6604882,-75.39000555
FIPS_11001,64254db8396e404d9223914a0bd355d2,38.90475808,-77.01628315
FIPS_12001,ba3abb2c0cb388f3cd4e77de3c78ff51,29.67475851,-82.35758323
FIPS_12003,d2a9aaedbe3616c7be11e07856c29e2a,30.33099207,-82.28449214
FIPS_12005,aa62458166d68ba3cffa22542733ac8c,30.2651787,-85.6201583
FIPS_12007,5c142c3bfd572b54fcf5efda828aadf8,29.9499281,-82.16880167
FIPS_12009,c1399f2eb50e562b9e0f3778c16fd7a3,28.29299516,-80.7320021
FIPS_12011,9d624e9fd3bd011eb7a8f1d40f457d93,26.15245315,-80.48705696
FIPS_12013,e3292c4c18eae706134c3a5874c6384e,30.40597723,-85.19728258
FIPS_12015,5fc31084408a07f4170a4109991b558b,26.90564977,-81.91226066
FIPS_12017,4ac5aa745798f8e399a28bd6ee7d379c,28.8489051,-82.47932574
FIPS_12019,172188c0dacb487075bdc0c9afd757b2,29.98301362,-81.85789604
FIPS_12021,49ca03822497d26a3943d5084ed59130,26.11063044,-81.34720223
FIPS_12023,ae385516bf05975c06778418ba30dc0a,30.22391659,-82.62167767
FIPS_12027,0c95e4a579307c6cf93f139e12d62022,27.18634154,-81.80944176
FIPS_12029,e6d71413617dfba7a5ff5b9a7180c007,29.60809082,-83.15879907
FIPS_12031,1f539471127c904e22309f6fa599e98f,30.33158745,-81.67084317
FIPS_12033,78f41579c50b633ec3c475380260fb61,30.66845772,-87.3625905
FIPS_12035,8a9e0b75eccc318e8e449b34f0a56462,29.461341,-81.31355202
FIPS_12037,2f4059dbdef515f7ddf25d1888ec1704,29.87655764,-84.81413348
FIPS_12039,00b682284a10bdccd33c429ec31f4bec,30.57951231,-84.61359591
FIPS_12041,aa1f5f73327ba40d47ebce155e785aaf,29.72577919,-82.80036133
FIPS_12043,422f010441436ae9511d3e04a6d0d186,26.95646235,-81.18914142
FIPS_12045,fb598cb494b6e98253995d800fab908d,29.95542798,-85.2265344
FIPS_12047,e99298b28ed320343949b7631bebe7e5,30.49650004,-82.94784304
FIPS_12049,fd1095d744e5a2ba86ca7a9870aa6730,27.49274553,-81.81000404
FIPS_12051,50e1781e60d725365a74d585a2734062,26.55342927,-81.16574543
FIPS_12053,8b8f66308ee7c3ad5d1031a5721f0753,28.55368845,-82.42499665
FIPS_12055,723e8f97fde15f7a8d5ff8d558ea3f16,27.34326841,-81.34102714
FIPS_12057,8b910e56415eb6bd1037b46e6e619c58,27.92904352,-82.30916211
FIPS_12059,d95935d7d6fbe4895b69f61eaebfc247,30.8679164,-85.81416212
FIPS_12061,25d0a45ccd9e33b6b1ef8760801b6841,27.69437976,-80.60612456
FIPS_12063,887c5a2b0d1bcf5b169ac8d63806bd13,30.79539024,-85.21537924
FIPS_12065,a1d4643376bf11b37c51f5c76fcaff79,30.43727575,-83.89553095
FIPS_12067,366c97caa1e66d39a0c21edb8fdc9caf,29.98548346,-83.18092314
FIPS_12069,ee6db9134a1add4f17b85c426b019a0d,28.7612049,-81.71172191
FIPS_12071,c333bad2a8b45d3c30902945bd98f699,26.57781906,-81.83369903
FIPS_12073,f4fce05b7e6af04c39a65a97418bb529,30.45805237,-84.27807225
FIPS_12075,7495bfe3bcb0defae0b795cb11c19e13,29.31841378,-82.74353049
FIPS_12077,c35a4c435947597d8ba9718c4d7d6643,30.24121935,-84.88291423
FIPS_12079,62752c5f9ee3bf051713cd8db0961616,30.44415073,-83.47012839
FIPS_12081,7cecfe41e1394109d7b8620ca3926166,27.47196685,-82.31520445
FIPS_12083,7c1192a2afb55fdee2a326ef8de8a3a0,29.2102711,-82.05667661
FIPS_12085,19aa6c6fb4ba9fcf39e893ff1fd5b5bd,27.07771716,-80.43115042
FIPS_12086,42a1aa5d08ca708ab153b9bd5429a670,25.61487711,-80.56255479
FIPS_12087,ca07544bf48826672810e8afd6575408,25.31464991,-81.11158466
FIPS_12089,75e0d8c653ea7377eb3a4c55234c6a43,30.61063539,-81.80186416
FIPS_12091,845c31a2fbc3d2e14ecb17d48dcc65a4,30.69113174,-86.59168685
FIPS_12093,8864b99db2b2651e51dbd14fde0e361e,27.38621282,-80.88837175
FIPS_12095,f7eb41294abbe2078d74593a0a16951e,28.51458255,-81.32334223
FIPS_12097,ed47814023c35e43f950a4ef2c8437f2,28.06252423,-81.14917489
FIPS_12099,84c230a5b1bc3495046ef916957c7238,26.64765359,-80.46562066
FIPS_12101,ba01e0390d0c58ab871d3fd682bbf613,28.30923862,-82.39322936
FIPS_12103,751f879c2408105e969d31617d31fbf5,27.91952863,-82.72558768
FIPS_12105,ca279b8542ab30bd43469423ce703e66,27.94882025,-81.69735983
FIPS_12107,d65862e5c9c83c81bb456b82791a198c,29.60860442,-81.74421198
FIPS_12109,1b8e84dcae97ad25234484e38615c570,29.90147217,-81.44055438
FIPS_12111,94d2a3c6dd19337f2511cdf8b4bf907e,27.3773112,-80.4720281
FIPS_12113,e7d81336a1915eff69e6eb7f32cf1e77,30.70016563,-87.02182154
FIPS_12115,1764183ef03fc7324eb58c3842bd9a57,27.18444828,-82.33135525
FIPS_12117,e29b722e35040b88678e25a1ec032a21,28.71699895,-81.2362827
FIPS_12119,9f29450d2eb58feb555078bdefe28aa5,28.70463071,-82.08089093
FIPS_12121,de872154ffbf91a5dcc0e539dd2d5106,30.19553469,-82.99136518
FIPS_12123,0acf03f408f90ea0dcba786d300620db,30.04691499,-83.60324833
FIPS_12125,46f6341ce05f71416cddc3e42a76102c,30.04385351,-82.37150078
FIPS_12127,e06db73b5702b904f41ccd406ac8f4ba,29.05826276,-81.18141418
FIPS_12129,37160db944a57234ac9bf1ea9e99ae58,30.16738947,-84.40071609
FIPS_12131,7a6322d4cd522986abfc17e6f73ef4ab,30.64331746,-86.16952074
FIPS_12133,37e01843867c460c5db02b0e58a6f236,30.61057052,-85.66541434
FIPS_13001,c0eab2dce3fc614a18251fb483e71dee,31.74921847,-82.28892219
FIPS_13003,7881f1e0495cfb89d108dae7db90f763,31.29713462,-82.87994885
FIPS_13005,777faedf322f9cda62e87a9a1db76d24,31.55367075,-82.45263762
FIPS_13007_13205,6f07f03fbc39dedddf126501eb67155a,31.26618508,-84.2956203
FIPS_13009,c077c0cd415753c0f5f3aa9397d739e3,33.06927161,-83.24957195
FIPS_13011,3da508de45fcad17289fd382a1b95376,34.35430021,-83.49717206
FIPS_13013,0079e3e6d496ad07cee7fd63d3d7c9b2,33.99320035,-83.71272975
FIPS_13015,9990b876c04ba1532bf63a8944989828,34.2376202,-84.84036341
FIPS_13017,a0594936f572d14b6fde439d55dc345a,31.759821,-83.22039663
FIPS_13019,a2b834e585967887c4522fa09f0b6395,31.27597912,-83.22957722
FIPS_13021,83a46f92eec62c8ee20f7f38514607d2,32.80649489,-83.69740238
FIPS_13023,4e593c72c99d0926835c128741499c53,32.4344243,-83.32788646
FIPS_13025,58426cf937eb05143f82b6d41e8968bd,31.1968821,-81.98199974
FIPS_13027,9953a9514b2a810825f17416e1e32f7d,30.84189192,-83.5801959
FIPS_13029,76c7c563b32ad9d8d09c72a2d17c90e1,32.01441563,-81.44328122
FIPS_13031,9e1a4ad1551fcb87bfeb7061da4e11a2,32.39674986,-81.74300983
FIPS_13033,527490f08486bf8af2b8d0bf6e73911b,33.06118577,-82.0008272
FIPS_13035,1c39c39d1a341ba03ae48a942c6a43ef,33.28783835,-83.95718521
FIPS_13037,05b0ea6e9b8e791347dfe157d54d679f,31.5292175,-84.62449643
FIPS_13039,37a56d458b5e856d05bcfb3322db5f8a,30.9305822,-81.66986566
FIPS_13043,e2fcc738438c4e7ca4b605ef8764db73,32.40341965,-82.07367435
FIPS_13045,158388770a41292b277c199ca8d95ccf,33.58277343,-85.07982482
FIPS_13047,e1c599867ee5449a59e6c638200a3d92,34.90364535,-85.13825982
FIPS_13049,81bd84c896e453d8b6292072257c75c1,30.78146107,-82.13764272
FIPS_13051,b594f8f8fcc3cc7910e2dcd4269a2e95,32.00429272,-81.13241767
FIPS_13053,6e212075e04d1616b06a5e1398e10053,32.34695678,-84.78709047
FIPS_13055,a995b410d5e76ed56523533b47e3786a,34.47499291,-85.34534567
FIPS_13057,265e5f95d04550eb5b53ab39f4860336,34.24391043,-84.476238
FIPS_13059,88250d62de314beb6755c137ec4e4933,33.95124341,-83.36731714
FIPS_13061,658900b7144ee7b4f419cb8054361045,31.6262372,-84.98001972
FIPS_13063,8f48ba716a4af57ae9b2e0308c871c00,33.54192701,-84.35760334
FIPS_13065,fed02ce0e96f989ec31e4eb6596bb06e,30.91483137,-82.70593465
FIPS_13067,c9da108374dde45533baccabee5beb23,33.94143526,-84.57668969
FIPS_13069,30cd1e36baf6f9f1cc50d66e55e09984,31.54924575,-82.84916068
FIPS_13071,57947ed4d4130c7ff0a057c8654dd1a3,31.1884066,-83.76886322
FIPS_13073,ec2414f3522a79b97620ab8d7a56a836,33.54409064,-82.26407385
FIPS_13075,9380e398ee9bea45b992a3daaa6b7c4d,31.15395278,-83.43044343
FIPS_13077,a14fd85ebbd38dbeddf3cd65ba2c1da1,33.35335564,-84.76335373
FIPS_13079,37464550bba7c9b4601a21fd9decb43c,32.71448443,-83.98632247
FIPS_13081,1960b8912493f54222bd4aa1775caef3,31.92292733,-83.76808528
FIPS_13083,2d9d746ed5f88a59e2ada7d9afd38bcf,34.85449894,-85.5044709
FIPS_13085,698ec16e76917ade649bd5c968cfc2b8,34.44427275,-84.17053565
FIPS_13087,25e1cacca4ed260e758af5d015088139,30.87829597,-84.57911339
FIPS_13089,f916b2ed383e62ec91b915de8ba77e0b,33.77154514,-84.22634485
FIPS_13091,5fbcba6b94d471416a45a34246e4403b,32.17207274,-83.16837831
FIPS_13093,3d127bfaea921dcdb38685db1cf60c42,32.15717805,-83.79877489
FIPS_13095,912578cebd95b3483921959730de49f3,31.53341986,-84.21625465
FIPS_13097,220222df17837f0fd0d46fa5c6466eec,33.70181377,-84.76804052
FIPS_13099,58dcf38e3941ea8a0e4bd27dca3326a4,31.32280272,-84.90371856
FIPS_13101,037ca1e2c1f5248ac197f1086bedfa68,30.71014248,-82.89384398
FIPS_13103,646680a2406b2430bde8761a48e4a2ed,32.36722261,-81.34127637
FIPS_13105,b9b37cdd198e940b73969ea6ba7aaf72,34.11678413,-82.84000616
FIPS_13107,4d85374a75c3ff7c040df577395ff7f9,32.58966839,-82.30175468
FIPS_13109,afeae7504d214a43ca689bc1d0999930,32.15674525,-81.88684134
FIPS_13111,2c3587935e1f0e6c91c964d95d746a16,34.86411324,-84.31968107
FIPS_13113,c0e2bf725db7e7a854b8c181154d8059,33.41387553,-84.49426021
FIPS_13115,d3952b85dfe9e8b3b9c453532beb7208,34.26308109,-85.21438317
FIPS_13117,6b45b57b849fe8c82ea4358a949a753d,34.22550404,-84.12509574
FIPS_13119,e6c4449bcfd592112d927f85d4d44e60,34.3753741,-83.22909664
FIPS_13121,74890305f6e5581d18ccfdbc2dbd7939,33.78991437,-84.46765009
FIPS_13123,274da997412973c08cf7e78724153f55,34.69115861,-84.45561516
FIPS_13125_13163,dae72ac97329f4d39ebc0e76ceaa1ec3,33.09213298,-82.45937173
FIPS_13127,22781293bd688d958f3be27e4c26d2c3,31.23093538,-81.54068641
FIPS_13129,731d7f5490a6e7b524a9f2dba421edbf,34.50319159,-84.87592111
FIPS_13131,052a1a3c0142ad636571f88ea2506eac,30.87458439,-84.23440607
FIPS_13133,7cff4ce87d7f2179d73e7959bf213529,33.57873254,-83.16660974
FIPS_13135,ebb1479b12e33aebadde5d35e3c5e3e4,33.96167186,-84.02364691
FIPS_13137,c8713899f5d7bf79084d5550b0461b65,34.63096951,-83.53113154
FIPS_13139,ce18a8c5b7f2ae619db847f59eb49353,34.31680448,-83.8197755
FIPS_13141,732586672f67e2d70dc6f03919651783,33.27038979,-83.00074388
FIPS_13143,f048e308e7e425a59898a5339731e429,33.79422268,-85.21104271
FIPS_13145,9ef2480a65cde87091d69a3b8a7fec3a,32.73600965,-84.9089431
FIPS_13147,395db788289ee286662bbcabe78d99da,34.35087099,-82.96424888
FIPS_13149,822101d70094b444b08be638059568f2,33.2970003,-85.12826434
FIPS_13151,a370afda41a7ae62dcb8d1b721b92bed,33.45296559,-84.15417059
FIPS_13153,775bc655c77d679c193f1982dac04668,32.45892275,-83.66630773
FIPS_13155,afd208b1d98bc70e0aedc93bb4371c14,31.60230312,-83.27631821
FIPS_13157,966b795bc7f3ccb35e3da08aebe98f18,34.13390981,-83.56640027
FIPS_13159,7ef6c2494e3925e414c7730d6455b50f,33.31636858,-83.68810278
FIPS_13161,1df146af0948a68b1342ce39907668fe,31.80558356,-82.63703307
FIPS_13165,d18b09180684862f5665e1932fdb54fb,32.79242999,-81.96356487
FIPS_13167,2bec63f5d312303621583b97ff7c68bf,32.7014778,-82.66004921
FIPS_13169,2bfd597f06c032f81efb35e857e2dd91,33.02510402,-83.56048555
FIPS_13171,d6514676989f92a818f029bbc25b7110,33.0765039,-84.1394569
FIPS_13173,776a26e444979d5cd460744ae7ad4932,31.03785581,-83.06264155
FIPS_13175,fc1ace212b6412408fce9ee74928fb19,32.46354906,-82.92223028
FIPS_13177,7a8a0b08bff8239baac63e9de08b5402,31.77947273,-84.1411609
FIPS_13179,db59260cce0b871c7b2bb780eee305db,31.8280787,-81.49436054
FIPS_13181,3cdd0dfecaa8127d1a556f21f96500d7,33.7936309,-82.4511056
FIPS_13183,a188af0bc920853d3673ab71c5f2a440,31.75252499,-81.74560349
FIPS_13185,d5346723901d967ccc167929e2ee94ad,30.83379239,-83.26770422
FIPS_13187,c3b7cab19af6d5c3b00428af950eef80,34.57216344,-84.00267713
FIPS_13189,65c5532392c79b258bc34ee22c9cadcb,33.48276814,-82.4813089
FIPS_13191,978362ce7b096266e2cefb878aa3250b,31.4966701,-81.40850836
FIPS_13193,133fb38e53d861f95008113cca0fefbe,32.35836206,-84.04252274
FIPS_13195,b50aefa43e5793f3bf645fc35f4ba895,34.12777152,-83.20901354
FIPS_13197,5f26cc984eaa1376b07fc0439d531dba,32.35341616,-84.52457769
FIPS_13199,976b1a9632d56fe807128f14925de66b,33.04046228,-84.68829844
FIPS_13201,b0a3f2a0d6f86051e6ab6c49d6d99e75,31.16401691,-84.73072645
FIPS_13207,1a8207690ac54d845f7a57dd468970fa,33.01383613,-83.91870765
FIPS_13209,26a95b3bf6c0fa4ba909250facfb5ae9,32.17327165,-82.53482228
FIPS_13211,4a4ae8ed6f8e3608223f48427320c936,33.59078285,-83.49235639
FIPS_13213,65a54865de989d0a6a60a8ad5b07e071,34.78833398,-84.74815268
FIPS_13215,e6c19a87ef9e816e02ce247d4f41d38a,32.5099626,-84.87703606
FIPS_13217,9dc6864f20548aa7f9d8500bc28dafef,33.55501854,-83.85019105
FIPS_13219,ba7c5aeabab9e58da4b978a8242da52e,33.83492824,-83.43697514
FIPS_13221,9e7a5230cbf7fe37e92974e2c2a3ac94,33.88061285,-83.08075471
FIPS_13223,c7f1734f2e7b3ea403e447de4a566ed2,33.92050292,-84.86730166
FIPS_13225,7884effb9452a6d7a7a79499ef854afd,32.56878041,-83.82690544
FIPS_13227,0c74cc4886ecdb7908471597547fe946,34.46434095,-84.46561008
FIPS_13229,ded6533f55f0bc8f8d6110aeba1b878c,31.35874646,-82.2127397
FIPS_13231,ea2d131c2a2c1b6b2956919af13a76c5,33.09225367,-84.38924578
FIPS_13233,8f1bac3967e0ff70ebc09d8ca5e08633,34.00182234,-85.18817697
FIPS_13235,c1adc7e5ae982a010af2eb442b583640,32.23227373,-83.47593517
FIPS_13237,3f258712c3ba708ba78a60afde94352a,33.32174435,-83.37286619
FIPS_13239,b980be726641e1ce5cfa8dde32ee3bcf,31.86731657,-85.01879031
FIPS_13241,e1241d1b9692c1e9f4ebbf6896f0e33e,34.8817343,-83.40215455
FIPS_13243,1de77f62112ca5add5de20c6074f34b6,31.76260003,-84.75418632
FIPS_13245,d68229f521316a03b517e42128c87060,33.35962802,-82.07355237
FIPS_13247,eb61c2b1b1bf5d25c86da9fceef54538,33.65421119,-84.02665547
FIPS_13249,b683cc41556d5055c15033c86a75861c,32.26165738,-84.31470084
FIPS_13251,645f86b5cec4da0a56ffea7a891720c9,32.75047866,-81.61192522
FIPS_13253,b180bd9c2d0748cbd912ade1824b9228,30.93872538,-84.86885528
FIPS_13255,c999d5b6b8bab8662faae7fafe463f04,33.26088892,-84.284165
FIPS_13257,f2843fe2048acb2e687eeebe826db352,34.5540678,-83.29318292
FIPS_13259,0f1660f4c5defc5b8d938ecd39837d11,32.07844848,-84.83520834
FIPS_13261,b8acb9f3726fce014595187a18ed05b9,32.03998083,-84.19703987
FIPS_13263_13293,da8b553c31ab539a03f0822fb630769e,32.78196609,-84.42717279
FIPS_13265_13317,813eeabc699a579de7002bc48c527773,33.7189436,-82.78283604
FIPS_13267,4049f46696d549c65f5832e15664afdd,32.04562967,-82.05807053
FIPS_13269,01f6211e00cc8f00a7b68e8e24b1b4d6,32.55542517,-84.25049163
FIPS_13271_13309,9385f01281900b03b89161affab010e1,32.0053865,-82.85261311
FIPS_13273,8954b3eebb94b46ddf1c1a09c48e9e67,31.77684252,-84.43689026
FIPS_13275,e72d58699e2b0ef6fb64ab80fff4e29c,30.86361237,-83.91927264
FIPS_13277,1dbb1c25df6942683e7b1317f0e13db6,31.45741404,-83.52658598
FIPS_13279,2808e33b0ef26bac248b17936f0f1938,32.12163359,-82.33129159
FIPS_13281,44680b5f7cefd57a0e580cfc11a9308f,34.91670642,-83.73727131
FIPS_13283,28aec02f231f4c4baa9a4a58ae139710,32.40388899,-82.56731047
FIPS_13285,491159b91b3f6bfcebca81f03ebeee71,33.03346236,-85.02835743
FIPS_13287,0ade14765069c05180284d03b3097202,31.71637837,-83.6241118
FIPS_13289,9edd04c32a175d1c87f8dbfebba55327,32.66713056,-83.42706706
FIPS_13291,8ff717d6170a860a50f7f4fe1ab7921b,34.83398049,-83.99071211
FIPS_13295,327efb45357264e0d764058cad59bba0,34.73553631,-85.30091971
FIPS_13297,5dc86332c108bc63cafa5c4ea0d34ae1,33.78154733,-83.73383423
FIPS_13299,1026d8c97a822ee171c6cbf939fe4aca,31.05315238,-82.42325907
FIPS_13301,e1f581b9f9af4ca9be996aa40da6759e,33.40893175,-82.6767148
FIPS_13303,4d8ab89733dd9a88f1a9d130ca675c2e,32.96949626,-82.79586907
FIPS_13305,b0f7ec2784174fdce2f2de20d3941d96,31.55140319,-81.91664382
FIPS_13307,97fa70856aa8095cb1a6c7343a84bd85,32.04681095,-84.55107868
FIPS_13311,9a0f86604fa1dc1686a0cad86a808a5c,34.64633459,-83.74711399
FIPS_13313,3d36c145f1f16c368173c437335b4acd,34.80553029,-84.96729335
FIPS_13315,e1f2362693f1b502f5ebd68cbd0ad87a,31.97288114,-83.4323184
FIPS_13319,27e5b67fd10a082a605ee7d995f69eca,32.80236083,-83.1712108
FIPS_13321,e430f779f7ff81de0e5b4c4f5e316672,31.55136477,-83.85077378
FIPS_16001,6dc375089b790ef9139838cfe94fe603,43.45060365,-116.2409017
FIPS_16003,5ecc4617cc84104f472db907a80372a0,44.88888261,-116.45355448
FIPS_16005,5229d8196492346e8c788286a6f2a81a,42.66784456,-112.22388864
FIPS_16007,a8e0614f304631badb289376e7354d33,42.28445964,-111.32960209
FIPS_16009,91dacc0f5b8d3192aa89bc86db450dc1,47.21747429,-116.65864877
FIPS_16011,f58edd3a416399ee20c1346b8f2c7f59,43.21675218,-112.39798709
FIPS_16013_16037,b8cff0ac7fa477771153c05f44427045,43.95070112,-114.17306543
FIPS_16015_16039,6c6707b5152294579433dc2d0e0ea834,43.59486878,-115.56866472
FIPS_16017,7aaf37e89f509a9096bb55d921846ff2,48.29936098,-116.60043617
FIPS_16019,d346c2bc24a74cc35bc7c84444da4925,43.38786388,-111.61366655
FIPS_16021,16b2399ccd1419de9e098d7abf025eb6,48.76663401,-116.46264653
FIPS_16023,09b24f6bc75811639ed94b8c719d7c7b,43.72212934,-113.17223893
FIPS_16025,2806c23dbff477d1a3911b012d7db02a,43.46290346,-114.8055213
FIPS_16027,589614f4059c694cd0fd49e71249d610,43.62487881,-116.70896185
FIPS_16029,1671f1468c94ff1c45e249f5fd322ed5,42.77047211,-111.56217108
FIPS_16031,611f6a32dae4fdfd16a9bf955536b34f,42.28387892,-113.60041554
FIPS_16033,fe434d59c38fffae98f97529fe6f07c6,44.28397103,-112.35208432
FIPS_16035,d6368eb1ada0146fbabee40e79f3b4e4,46.67395944,-115.6574449
FIPS_16041,3e49d4ec10aad7c623659c37e011665a,42.18095379,-111.81329405
FIPS_16043,98c1991adee78a8f7fd9b0cd2e7b3416,44.22827863,-111.4825118
FIPS_16045,747cd247d7e5dca7fa453e0dca5204b7,44.06094883,-116.39813468
FIPS_16047,a2e091a8051029947bb7b22a678e67af,42.97074312,-114.81135498
FIPS_16049_16059,8a96d38b75ba0fa6edf333fedea3bd85,45.52971622,-114.92693525
FIPS_16051,7f1da4ed0fa4babef8034f5e95cd8db2,43.8200785,-112.31104943
FIPS_16053,09504c80bbd8bb4b75f97df27a9feaa3,42.68993687,-114.26374473
FIPS_16055,258b55f3d6bc1cafb846ac3bbe5bc643,47.67392031,-116.70174349
FIPS_16057,284c1ffedc349416c5a95b82a0f6a6d7,46.8159464,-116.71176383
FIPS_16061,a13f8dcef4c4ab510e0c0795af71f77b,46.23692719,-116.42660566
FIPS_16063,bbeca2458adc54f3a17a309729c167fa,43.00241277,-114.13810717
FIPS_16065,85984b9d2eb57c8dcf9cddb02def51b8,43.78414155,-111.65907935
FIPS_16067,40e244ce06f98f84c452989ca388b8a2,42.85372437,-113.63788916
FIPS_16069,870271b323edc885b0478b67113fdbb1,46.32628211,-116.75061872
FIPS_16071,400362daca8ad3cbfaf07300bc4bd898,42.19497335,-112.53943889
FIPS_16073,30580a4caf21ef930b7774a2eff4aa26,42.58034502,-116.1675666
FIPS_16075,d3509679d8747ff9cf4257cddb67f72b,44.0066529,-116.76101188
FIPS_16077,55aef34e0d62637c23ad60186310cd4d,42.69325705,-112.84017622
FIPS_16079,cfc7c6a21387750bd3f2b14f8242d548,47.35147204,-115.89086134
FIPS_16081,6aeb3208dc5a2684a711578fbfdc3121,43.75925413,-111.2075767
FIPS_16083,3dd26ce3b599b4fc1064800673f5b833,42.35536666,-114.6668945
FIPS_16085,fb5ac34d9ac3cc3883230cb5b2b417bb,44.76581049,-115.56749513
FIPS_16087,8336419bf14c0d8b02748bb61f3a1dc5,44.45206456,-116.7845162
FIPS_17001,4c2d760f60a6ea70b0a10ef9ff2351f5,39.98777333,-91.1884112
FIPS_17003,020f6fecd026539260779d34aa1a6944,37.19146791,-89.33749113
FIPS_17005,79308b8c5a5f5f37f56b8ddcab734fab,38.88678061,-89.43553168
FIPS_17007,726bd18c52afc248015dcdbc463c6f85,42.32292105,-88.8233734
FIPS_17009_17169,1fa8b978892ec1fb6dc6db7cab5f7028,40.07748392,-90.67063829
FIPS_17011,25819c8fe224033cc89bafa6a16cdd04,41.40409564,-89.52872471
FIPS_17013,3ee2f957cab60715fac7a587a62fab46,39.16893794,-90.66729804
FIPS_17015,690f9037d32604b195becdf8dce82890,42.06873535,-89.93426406
FIPS_17017,a3444e049a3a88560cba360c18001932,39.97357949,-90.24741598
FIPS_17019,597a335cf6a10ec4f1861d6397a2fcdf,40.13984495,-88.19917958
FIPS_17021,3418782f19ba5d9a4e992474eb65d250,39.54570109,-89.27726325
FIPS_17023_17045,7253f164820e5e04062107d68934143f,39.52416751,-87.76448036
FIPS_17025,e4f26beeb0ae24b92ffd355f5e9c5fda,38.7541263,-88.49021369
FIPS_17027,7cb85538a4093e82fe8c551341057388,38.60648987,-89.42257439
FIPS_17029_17035,cad9bf7e72c454e4e455b3f90adc45a5,39.42032486,-88.22926177
FIPS_17031,9dfe163fd649f3b985fa8efd30a54391,41.83959243,-87.81619633
FIPS_17033,fbc4bc535f95f5f8d1b30bf34e4b4fbe,39.00262837,-87.75949887
FIPS_17037,5739286cebed3495484f106535d1932a,41.89320092,-88.77032321
FIPS_17039,b228fef87b3d5a1f8f8f5d8af8a1ea25,40.17464419,-88.90413864
FIPS_17041,9426e9770a77cbcaefe1fb3a7e36327d,39.76947769,-88.21736633
FIPS_17043,33097b67fa51e0115312196ee8231b5b,41.85189078,-88.08557509
FIPS_17049,f9c8cde98a8d6dfda2273e26fedaeda8,39.05974577,-88.58983045
FIPS_17051,ba66841940a5fb383b6258d37ed444dc,39.00004826,-89.02412365
FIPS_17053,b527e953c64bdaef2ca06d4b3c4e59b1,40.59680002,-88.22333492
FIPS_17055,4e9d4f159d588700cf812f18d9920017,37.9922806,-88.92417785
FIPS_17057,ea091ca6d4f474a765f3777597b384f8,40.472562,-90.20761738
FIPS_17059_17069,129a31a12fe9035c3f8403ad8fb190ee,37.67568295,-88.24344027
FIPS_17061,d358d2a68839eda9e25bbe539acf175d,39.35607282,-90.39058543
FIPS_17063,86ebc213e0f98319c2b45c900031c7c7,41.28498227,-88.41848824
FIPS_17065_17193,d899da2abaf21ba191d6892936cbf0d9,38.08476905,-88.34670943
FIPS_17067_17071,ce5c05b360312603441e36b45e1f461a,40.53902272,-91.08682627
FIPS_17073,c1efb218329e5aba0896676f9f3b994f,41.35301741,-90.13149183
FIPS_17075,6018b060f25866be75165c45a66ae3c6,40.74701517,-87.82429729
FIPS_17077_17181,e48652f230509279dd3c8b0b13927e31,37.65576292,-89.32959037
FIPS_17079,7e5c6adb4152e8d402e5dba26664fa32,39.00997325,-88.1538422
FIPS_17081,35386b93dbcec730f8740ce4b6885216,38.3004521,-88.92401533
FIPS_17083,9ca90a44a71f38e32bc76ac9117f724a,39.08546214,-90.3565215
FIPS_17085,9a1d39510aeba78469e4c2c1fbceb8dd,42.36580442,-90.21246533
FIPS_17087_17199,6ed7a6fce9c919c04c32c16989b79e65,37.61124844,-88.90834762
FIPS_17089,d7e81e78801865d4e4c1be615e762ba4,41.93864245,-88.4286575
FIPS_17091,c4aee399fbe5893f9bc44fa160ee3107,41.13777325,-87.86193779
FIPS_17093,d0e5dfb52f4a6325738b1042cce523d7,41.59052443,-88.42878434
FIPS_17095_17187,e8f15ba5c4124f601877f7a18627e384,40.89610595,-90.38613022
FIPS_17097,e0f9db367e8733c2938c6cd1a86eef56,42.32312913,-88.00357036
FIPS_17099,ff6de5ac77370be900c32c9647f0365a,41.34365185,-88.8859967
FIPS_17101,dfff88bd8e1ea034d76f39a71fb4ed4d,38.71990813,-87.72677559
FIPS_17103,3b0cc7bcc871da67259a21b278670614,41.74613641,-89.30033872
FIPS_17105,172a0351dd06161e7774ba5a3abe865b,40.89144513,-88.55754165
FIPS_17107,e9cde247132ad24f2a476a6d7a9dbd16,40.12441466,-89.3674501
FIPS_17109,39a1c9d01239a5ec30b5e7d8a4bbd627,40.45614128,-90.67787127
FIPS_17111,39ba1389e2930ff24e3101741c9009ea,42.32427537,-88.45241759
FIPS_17113,adeb5653cc2294473e88c23d6bfc4be3,40.49083446,-88.84740299
FIPS_17115,517190615c497358dbdf405aeac44c5b,39.85988025,-88.96158224
FIPS_17117,9bc09ac880e071ceb1d63cdafdce6e84,39.26076407,-89.92445307
FIPS_17119,bf65f07beaf1780ac1cf7dcf51cc8bfc,38.82971955,-89.90486478
FIPS_17121,579036d9585c651f97a1490a46616132,38.64950487,-88.91898769
FIPS_17123,56457b43d703d1633b36fec9a01ea51e,41.03322565,-89.34470598
FIPS_17125,a4ad68f61b704a2073c3952bc5ceb1c8,40.23961155,-89.91701804
FIPS_17127_17151,dadc785f0521761ea5d5da7c1c1cfc97,37.33654084,-88.61893112
FIPS_17129,ef7141e5a52641b0941128fcbbde8a27,40.02740473,-89.80222419
FIPS_17131_17161,10ef5118e74ee93fff5758173c63b7d7,41.32131513,-90.66480789
FIPS_17133,eaaab05200f0645e4451f748dc85ef7a,38.27847776,-90.17722596
FIPS_17135,ac863dac85e27c93e8fba1bc0ab49276,39.230914,-89.47877297
FIPS_17137,314e9197a43a6d40cef6f1629e2c3721,39.7154902,-90.20132536
FIPS_17139_17173,517c3c6fc43fe11524defabb09d3babb,39.4686152,-88.74791154
FIPS_17141,48feffb437c5fead9eac3fe8eca4e8f4,42.04261981,-89.3206457
FIPS_17145,8c2c809f0f90fb60826f6fe06add8fe9,38.08373081,-89.3670165
FIPS_17147,80a756687927824d47a6a00843416c45,40.0101199,-88.59115641
FIPS_17149,c04819b0706f1f3fe9352ea81623d826,39.622425,-90.88622517
FIPS_17153,83348779460c0e343cf5903bde2f4611,37.22314504,-89.12664647
FIPS_17155,2572bd363583b4c28b31fcbb15df5837,41.20446642,-89.28579159
FIPS_17157,c9fa5a72863b86fe0c7dc5902e21fb17,38.05202942,-89.82512519
FIPS_17159,986ad3ada4d93c1c474674751f941082,38.71231719,-88.08512921
FIPS_17163,21d08aefdb2764142f6c510fd3982b43,38.47021397,-89.92826179
FIPS_17165,4de682d9e24cb3cccc7fa371dd842051,37.75306939,-88.54074204
FIPS_17167,ac0bfdba5fb1f97273dbcc5039c665c4,39.75811531,-89.65910388
FIPS_17171,ffb04b3fde58882155c0f560b7e20bea,39.64406546,-90.47468743
FIPS_17175_17143,4ec7d83be5ee0f76614f5226bd1ed868,40.88378301,-89.77181687
FIPS_17177,7d78ce41a918d71886c6124f0013c92e,42.35179241,-89.6622489
FIPS_17179,291ebc13dd6538bae3ec7959b8d770dc,40.50738702,-89.5135093
FIPS_17183,439b968b83f96a704ad09bf8ffe2e91b,40.18299687,-87.7328258
FIPS_17185,b0b9da81cf357c8884a06de8ef72bea0,38.44603056,-87.84435436
FIPS_17189,a431593a04b99572ab390b80e596b75e,38.35219825,-89.41051442
FIPS_17191_17047,b43c7c1e1bf4d9ef2b82f694ab0ba45c,38.42650973,-88.33722131
FIPS_17195,00b4cca849ad2b96d2b193f453785a13,41.75620645,-89.91411432
FIPS_17197,9fc14d103064494b6a2be4dbd1dcdf32,41.44495476,-87.97846461
FIPS_17201,3da3e32030bd705ee69c42ee0ac833b1,42.33618229,-89.16081663
FIPS_17203,2cb2cdcca9bdd55a897d897ac67f7e39,40.78824625,-89.2112905
FIPS_18001,6cbab356d49502660d99ed767604a327,40.74552852,-84.93665109
FIPS_18003,6563f4cdc1f2ef1ad710ad6772ea022b,41.09080717,-85.06657768
FIPS_18005,1194292054da355d3be4c0d3b69b9d9f,39.20591542,-85.89765014
FIPS_18007,f2aaab100e39e5fd93ff0bbb01d4f212,40.60623221,-87.31090109
FIPS_18009,e25f50c93d321b7fdff05757de426238,40.47357467,-85.32481761
FIPS_18011,45ebd93b65d907b7f84545b9aed9af8f,40.05079708,-86.46871032
FIPS_18013,87da4431e0eed76ea31c948f8310ca79,39.19613721,-86.22736844
FIPS_18015,96bcb45a6e30b2b3381934344b10a7ce,40.58279714,-86.56341993
FIPS_18017,a561e7ebcac8441387d4fe143fdef87f,40.76140706,-86.34584119
FIPS_18019,2be1f64cae97e3767efd3c0bef7b0779,38.47720509,-85.70722415
FIPS_18021,9677548ee4ee2f157590053c5c5f56c4,39.39255385,-87.1158069
FIPS_18023,67850e1842b9a87088817efe86d05e1d,40.30167631,-86.47513899
FIPS_18025,7c2298145b05dcbb16dac39a625011c4,38.29236743,-86.45165735
FIPS_18027,305a36410e0226dff92a16e99555ba5f,38.70228693,-87.07209454
FIPS_18029_18115,a7eb836480c59804d18efb88a58443a2,39.10190628,-84.97149588
FIPS_18031,a188f3460170e7c988fb9a27034f0f06,39.30694435,-85.50123199
FIPS_18033,80fe651f52abe7a9ea11a3cc79f5a170,41.3975404,-84.9990847
FIPS_18035,3ae61e77e832062a4e9ce4956b303937,40.22745462,-85.39689237
FIPS_18037,3af7f46272a016915551cac327041001,38.36422262,-86.8798365
FIPS_18039,62b4521aec8fe13ad75560a2b41b2f95,41.59729913,-85.85874868
FIPS_18041,a4396f61160d9bfa1ea9114dacd37247,39.64000965,-85.17868724
FIPS_18043,877d85181eb41f6b8db45bd2d29a97b4,38.31869949,-85.9070174
FIPS_18045,8b3bff7384cfaa945eaf210e4df4692f,40.1207477,-87.24206152
FIPS_18047,0c7a625d5077d3baab054e3c91323a77,39.41488338,-85.06028882
FIPS_18049,aff2ece53fb372e0a4cbe56c479918c4,41.04694376,-86.26360517
FIPS_18051,dd5f1fd8442d4ba6b35dd13c9db44343,38.31188749,-87.5846049
FIPS_18053,367df17877b8e778ae3fdc03213438e3,40.51580722,-85.65472127
FIPS_18055,2fcf433e2ef21ffdb3745d4a1ad2faf7,39.03634939,-86.96204237
FIPS_18057,706449df952ee5a68b92454ec61a18c4,40.07242422,-86.05202475
FIPS_18059,b9b4228fec4cd35410468b0f59eb955a,39.82351997,-85.77326802
FIPS_18061,b64f6155563e634a2e0c13b684e73a1f,38.19490342,-86.11134101
FIPS_18063,94133569fa68cdac680ed55b978ddb39,39.76944342,-86.50998417
FIPS_18065,35ebd81d922e78aa7a2645c737181fa2,39.93098427,-85.3964445
FIPS_18067,95a56499dd2770f5b9093770d7085266,40.48363566,-86.1169304
FIPS_18069,2b4c9cfacb612f3dbfaa3576d9fff4cd,40.82911379,-85.4881678
FIPS_18071,cbd3de5cb26d714be8c306541e7f3509,38.90640269,-86.03751202
FIPS_18073,8138a8468133863b08806cde29342a09,41.02273284,-87.11618808
FIPS_18075,0bbe3f9c489c409d1d6e229ccd23ab00,40.43788657,-85.00564389
FIPS_18077,5aca824c107cec453babb8f014aa93d1,38.78574863,-85.4386562
FIPS_18079,2621c58bc55296ad5035c73e74ff76ca,38.99686131,-85.62813769
FIPS_18081,fb4d518989bdeae9784d99c398f86f1f,39.48989598,-86.10163398
FIPS_18083,78b8d6620afcd434a4b7fb41b22e595b,38.688966,-87.41825384
FIPS_18085,35c04340bf1ee3538ee7751f2872b539,41.24395419,-85.86073391
FIPS_18087,756a2394d3f7efdf3bfa8c273ab24f03,41.64260314,-85.42649514
FIPS_18089,9da3bbc7c90afeae7fe153b1ff238c35,41.41687304,-87.38218817
FIPS_18091_18149,be1bec7aa702015d2e2495201a4df6c4,41.45552169,-86.7085468
FIPS_18093,4bdef5fb6ba59b1bfe0db68275c452ab,38.84111064,-86.48345932
FIPS_18095,b8ddd4e23c3d98fe4c4c61177afffac2,40.16145096,-85.71934267
FIPS_18097,1016525395a57d3582edf0b6402ff848,39.78165431,-86.13847671
FIPS_18099,c4896e2b7f31bdb285363d1ef8ce327e,41.32478017,-86.26175946
FIPS_18101,91129851a366bb9990d7d0ad5808678e,38.70785853,-86.80308355
FIPS_18103,c2b8ebbde383625a81ba05a0f7b7192d,40.76927435,-86.04497141
FIPS_18105,adad0f2b196a1ed3e3b9d9025c397132,39.1608065,-86.52310973
FIPS_18107,bdc087430791230685fcfa24acfc7ec0,40.04028019,-86.89329506
FIPS_18109,0dacff7f88d2efe2d6190327ca13d283,39.48150949,-86.44622132
FIPS_18111,cac8ec2e0e8d39ca1612df964d942c01,40.95561651,-87.39753985
FIPS_18113,ca9eac0c76de0cab71d5b50951fe4c5f,41.39858169,-85.41744519
FIPS_18117,1452f0389a6958d1dde205a3c5d29495,38.5417275,-86.49506851
FIPS_18119,f41ba39ddd5e6fba9016468c5964b05a,39.31274847,-86.83773548
FIPS_18121,0845e4af78488cb5bacf0cbf68305d08,39.77352141,-87.20632877
FIPS_18123,8bd3e786ec96aa813bd2c1bbb1117679,38.07953032,-86.63803209
FIPS_18125,f2853e5de732df8a70c4ca081fc81119,38.39871958,-87.23209304
FIPS_18127,35109f5ad05b4af6bf2f9279ef9d145c,41.46035854,-87.06725529
FIPS_18129,181ec6b7c833c0340d5120dba27c3bb0,38.02165,-87.86858507
FIPS_18131,2635749c5721bb3d5021ce2144ca0146,41.04181395,-86.69877569
FIPS_18133,144c3b4225a9a22590d2e9b5392007a4,39.66611466,-86.84499021
FIPS_18135,8d5c2ad003c431f38dfd7c65e0f3d2eb,40.15758058,-85.01131121
FIPS_18137,69e6b62c2088742add07e1ea717d68e8,39.10333225,-85.26247513
FIPS_18139,66d83a2d2a6d2bd6265c95aa833b121b,39.61985096,-85.46575519
FIPS_18141,2302d39c909793e04e6b01806c3bd60d,41.61667151,-86.28987105
FIPS_18143,c490f96bbae13d62132dda54ef1ec86e,38.68504598,-85.74746922
FIPS_18145,74df7f44a49a4ceaee2a955bd1e9d705,39.52357999,-85.79169576
FIPS_18147,41371be284c70c592049717c38e42081,38.01393339,-87.00795771
FIPS_18151,0b1a9804a1661ef758a1f76011b7ceb8,41.64384583,-85.00076208
FIPS_18153,409072cb60e202d2797a91e395909240,39.0887365,-87.41465599
FIPS_18155,0abf05b2c2c603eaaa68e9b8526393bc,38.8261353,-85.03703155
FIPS_18157,765812833515fce06c971624f85391da,40.38851902,-86.89409295
FIPS_18159,1f33f9a831253704b1f9d34523f001ae,40.31134867,-86.05185796
FIPS_18161,03b6e2856f286e362632584b8574146e,39.62551072,-84.92513807
FIPS_18163,d5a44bdaee01bac1c4490d1aded4c0d8,38.02475476,-87.58584942
FIPS_18165,825ab77fe4eb3419db2fc9c6ceff7146,39.85349279,-87.46394567
FIPS_18167,676146e02384d1b95d54608ca2c60009,39.43051926,-87.39002157
FIPS_18169,b0cf1ee86c16266cb50942fcaac40fe8,40.84553013,-85.79398859
FIPS_18171,5c268beaeaed497f6d7b38ed84745895,40.3468446,-87.35343997
FIPS_18173,9ebd41e6cbc1e14780805f6fc0d65867,38.09212695,-87.27214084
FIPS_18175,ca5d2301e833bedfa62053bb8210da20,38.59991402,-86.1053299
FIPS_18177,8288eb462e80418e70a393d245a984ce,39.86437041,-85.00987962
FIPS_18179,05b021ab5bf481558d40ac9cc81d95e5,40.72905625,-85.22127518
FIPS_18181,2ccec25c9dd14baf6eefcf64304fa638,40.74969974,-86.86561843
FIPS_18183,39b32d49a6b7d7d5981327098590b413,41.13931858,-85.50512542
FIPS_19001,5f2150c49f5aa191fdee5f8d26c3e50e,41.33066044,-94.47093355
FIPS_19003,1a81859544a7eff3e599b8c322559c00,41.02896755,-94.69918407
FIPS_19005,b164b8c8c0edca0bd7748490013cc79b,43.28410088,-91.37803203
FIPS_19007,4ef124d6f895ab6b274819566be43b12,40.74311274,-92.86860934
FIPS_19009,3883cd645fd2fd862058839841a60f97,41.68446188,-94.90576982
FIPS_19011,4839e9401ca59a31a153bfc202e3971e,42.0799899,-92.06573071
FIPS_19013,edd6a7e04e7f4dd932a5c44f282f9b4e,42.47000545,-92.30879614
FIPS_19015,a4e1d10a7a8bc2dae8f3d9936475502f,42.03641298,-93.93163457
FIPS_19017,6d3b4379cb470122a94f95b809910011,42.77456331,-92.31805507
FIPS_19019,16d459c4b261f3015061a7cc7362851c,42.47069203,-91.83782697
FIPS_19021,159fc249207cc45fd95a7e17308aaba1,42.73539741,-95.15115001
FIPS_19023,7c9758f23dd298c91fc4bef194ac9b7b,42.73146765,-92.79019506
FIPS_19025,69ceed2a4ffe2ae23f8abf71d534a4bd,42.38508963,-94.64036268
FIPS_19027,fee63dbf9ecae028b17151670b5945ff,42.03614162,-94.86055336
FIPS_19029,dffa5b524eb9e13af2378a34612ddc03,41.33140049,-94.92782041
FIPS_19031,e57d5fa2d518200b6e8115f6161768e1,41.77223543,-91.13241988
FIPS_19033,41de57ab08378f2242821fadf055128b,43.08146131,-93.26082048
FIPS_19035,cd7c61ef36c7ef4733b4f88fa19f403e,42.73552586,-95.62380776
FIPS_19037,7278d0d386dcc62e9c1bd86449fd41de,43.0599829,-92.31766415
FIPS_19039,16a8df1b9fc4ed0c3af66ea89567b0bb,41.02901898,-93.78518961
FIPS_19041,8d297a658bd8918ca2428789005950df,43.08248504,-95.15092181
FIPS_19043,60d2f1e9a5d618bdc95426f85848c724,42.8445721,-91.34128349
FIPS_19045,d69fe70acfb29c30d1a8a7735bc53b58,41.89810259,-90.53198695
FIPS_19047,2979158b9c1e72755a8961f03e3580f5,42.03715909,-95.38196876
FIPS_19049,ae93f6696a2a89b67aa6fb45092eded7,41.68475976,-94.0397281
FIPS_19051,1464c98e03f4acaaa81a96ada1b8c61c,40.74764052,-92.40971888
FIPS_19053,7558a03211f17086e4b8d0fbd35e9a6a,40.73762244,-93.78628404
FIPS_19055,850618e22f83f152773d2a3e51168812,42.47112211,-91.36734024
FIPS_19057,7cbaaa9b7b79120a7e12db5b2e51137f,40.92308384,-91.18153519
FIPS_19059,ee3e2bda9df62dc0c091db891154cf34,43.37797119,-95.1508331
FIPS_19061,07662abf6d1635f05215d0614a1b6329,42.46874061,-90.88249178
FIPS_19063,26c79831bb09706f44a4e975518b1997,43.37800882,-94.67848162
FIPS_19065,fe6f3afebbe889231eac68c1ba5f8815,42.86240188,-91.84432611
FIPS_19067,7fc67a493d49abe6d0500d56675f41b2,43.05985238,-92.78900357
FIPS_19069,301f15170f8fa6dfaac42989e3eed1af,42.73244738,-93.26247643
FIPS_19071,04c8c4a7a2d66b7cc814225d70159d9b,40.74553265,-95.60464349
FIPS_19073,76d90b75c6cfb51ac5f82f265b06a6d7,42.03615155,-94.39681733
FIPS_19075,58efaf15321bf4da55b2e668b73657c3,42.40179406,-92.79147279
FIPS_19077,39d50f6c9228b8f3c8830c18b8f91ab2,41.68365203,-94.50100408
FIPS_19079,e5c6f944080958c264936693c43f8aaa,42.38368614,-93.70676153
FIPS_19081,6944d4d43c2ec200647b67e58153a123,43.08178995,-93.73427603
FIPS_19083,998749ae2645e937d51a544fd23946a6,42.38378366,-93.24037242
FIPS_19085,3b711f9b6132fbe397bc5ff44c46133a,41.68278371,-95.81687501
FIPS_19087,db4b852fceaa5260e33e1cfcfe37fbb9,40.98785197,-91.54452972
FIPS_19089,cf9bc13940118ba0d4b4e85f5c3d4c87,43.35672287,-92.31720073
FIPS_19091,d26f2e40e165eba24032e5767061c60c,42.77644483,-94.20718569
FIPS_19093,f8fe87eaaf9de9b65de232bcb8dd7e3d,42.38674886,-95.51342905
FIPS_19095,7d49c3e7fa0a529bbcd35b3c858e886e,41.6862293,-92.06552012
FIPS_19097,e8cb0ac59a9744f498ee353068cbcecb,42.17174091,-90.57414843
FIPS_19099,b7aac14e2832a77b58342af7b6342de6,41.68598477,-93.05375595
FIPS_19101,e64cacc12d96e7d6fda6e292ffc84bf4,41.0317417,-91.94886967
FIPS_19103,b091041b6a9c7b39ba303f8d4c950e4a,41.6713992,-91.58803049
FIPS_19105,fa4181f0908262b9a921cbf04f821dc6,42.12113297,-91.13146005
FIPS_19107,d0866fb7fef7340334755089f89bdfeb,41.33637754,-92.17863933
FIPS_19109,933390dbc3600bd8710a48fef4997a7f,43.20370791,-94.2067226
FIPS_19111,089f4720a96521e1e222bfb0b2c357ad,40.64187883,-91.47925606
FIPS_19113,7399a8aa203c68565ff7196769deadc6,42.07876712,-91.59901904
FIPS_19115,35716b82c3e8cb70a2c72c39316c1c05,41.21845885,-91.2594424
FIPS_19117,7c016509737f407f177ab479a607fdab,41.02933941,-93.32774014
FIPS_19119,2dec8d122fa3447e2baa42fbe4fe7918,43.38056699,-96.21028008
FIPS_19121,f67cd61e7bcf9f4d6b2c3e19e2c2d36d,41.33062486,-94.01556086
FIPS_19123,a0519cba56fbfc7adac9c0a3d313b27d,41.33511363,-92.64090595
FIPS_19125,3a98773bbbf57f8f19010e2d754e1cb0,41.33436076,-93.09943595
FIPS_19127,4c6ec11e967c21b14b970b16579cdf13,42.03575818,-92.99877376
FIPS_19129,de3b44f4e0e248b9d56ece385a6c1950,41.03343845,-95.62131022
FIPS_19131,493c465c0ff313adb2a8164d3cdee573,43.35638637,-92.78905503
FIPS_19133,baaf111c2bdc129a356a14f79fefd224,42.05161872,-95.95980815
FIPS_19135,73475aa6f2950924842dd59077a7be8e,41.02976507,-92.8689846
FIPS_19137,cd483cdcbfa62470fa1ec3771c5fe370,41.03012295,-95.1563766
FIPS_19139,d5aa64e4dbf9684c9d269395bc3de672,41.48394556,-91.11285387
FIPS_19141,f46a7537f2a4d9cb860b5969ed5da1db,43.08365415,-95.6248776
FIPS_19143,cd7d952b109ea30fa0b8b59c7b7be36d,43.37855796,-95.6236867
FIPS_19145,aae9f5d3f077388ec544d70d8a949326,40.73907469,-95.15015376
FIPS_19147,0a4afc550434c2fa75a83a3fbdb408d0,43.0819679,-94.67813892
FIPS_19149,b01f659554805dc3b0dd01f757d440f9,42.73785104,-96.21400591
FIPS_19151,0577f8a5882821b10cd1f6d49528cb04,42.73403867,-94.67874771
FIPS_19153,1b4425e72b5a1eb7cb80882cb2502f34,41.68529694,-93.5733954
FIPS_19155,62f72f60b5d8f2daa4be4172957c458c,41.33665061,-95.54234904
FIPS_19157,7b900d73c557c7dab192f70ee782dc92,41.68634565,-92.53146273
FIPS_19159,477b5578e8f07d0832b12537d1721618,40.73513609,-94.2439685
FIPS_19161,6a3eb9a0e11d2e50254bd6e0dd993eba,42.38616566,-95.10533357
FIPS_19163,39e35a939bc4df155a47e39dcda9b72c,41.63708814,-90.62325168
FIPS_19165,d0761d981bce5c8706808bb62e20f3b9,41.68499499,-95.31015144
FIPS_19167,a371220f8bdb240bffb403c5ac7f3ef1,43.08256922,-96.17789148
FIPS_19169,5aa99ed4dc2312e348d37fc9da80eb5b,42.03615012,-93.46504327
FIPS_19171,c273a867d4f81ad1055432bd598e114e,42.0796275,-92.53254147
FIPS_19173,5bd7ddf87f22021a5f5d682ce5f93ad6,40.73736381,-94.69640467
FIPS_19175,a31173d9cd5b13c2ecd3ec68b071c4a4,41.02771257,-94.24237081
FIPS_19177,7952f28ed57f184d368a7d2a47947cd7,40.75319141,-91.94998224
FIPS_19179,61d79eff4ce702126dea69f046d754bc,41.03056379,-92.40944686
FIPS_19181,a0450daea7115f20818e8c1fcf5787e7,41.33418238,-93.56143963
FIPS_19183,d629eddc95ad3b072b33e5363def437f,41.3355112,-91.71785787
FIPS_19185,85dc2c3d1a40e7a142b120dfdf72b98a,40.7394061,-93.32736881
FIPS_19187,cccff7e026df95190cdca4811b10b68b,42.42775886,-94.18169999
FIPS_19189,136aac05ca42889ec353b13ec6dbda0e,43.37755695,-93.73419726
FIPS_19191,1c536e802dc03ef61cad8f151c515fca,43.29051589,-91.84369707
FIPS_19193,f59937e10eb122196410ba86fe6a1353,42.38973544,-96.04469277
FIPS_19195,2fbdd77210d6beb40c3bd1bd026f63ed,43.37738692,-93.2608493
FIPS_19197,0ea2f58f6ebe35f4bc5b37b01911fd0a,42.7330215,-93.73514811
FIPS_20001,2383c7d07bce3c82e6da7741782de416,37.88569602,-95.30139753
FIPS_20003_20107,644568eb3c4bc14dc081707877180bb9,38.21335472,-95.06384921
FIPS_20005,8381872fa17f9dcb5fdb58802461c46e,39.53175936,-95.31341432
FIPS_20007_20033,36fb3589cfa219f76cada84d2057ec66,37.21370631,-98.92556163
FIPS_20009,750622b888646661fb918749ee3e550f,38.47884939,-98.75646416
FIPS_20011,ac09bdc10c90d57bd2d9117485ce3fa7,37.8551519,-94.84930472
FIPS_20013_20043,7c2a0b0a8500bac538af618410817be8,39.81083712,-95.39282175
FIPS_20015,20e3c52b6204040da78744a257a6dc73,37.7809919,-96.83907032
FIPS_20017,f42ecaa3e45ed749f2894e6427e68694,38.30190705,-96.59394538
FIPS_20019,80ce4326387c091af8b8647f3292c818,37.15006504,-96.24538164
FIPS_20021,573572e4e9a8486a02fbc7eeeaffba7b,37.16924997,-94.84626863
FIPS_20023,99a805bc0d0845bf489b9b09ad69ea30,39.78577773,-101.73110416
FIPS_20025_20119,fe35c4eaafbf465dd881fca6cd29d028,37.23703425,-100.09352062
FIPS_20027,09ce3c5fe952c1b21211e3f0ae3bb757,39.34954512,-97.16517547
FIPS_20029_20157,028874894c69e00dffb38fb5d151775c,39.65429607,-97.64995163
FIPS_20031,abcd57b3f26fd98d60f6c1f85d1e48de,38.23672845,-95.73412329
FIPS_20035,2fe4b13d9f35cdcf8083d1525b42c81c,37.23764014,-96.83749021
FIPS_20037,40eae2780e80243bf0324b4557ee2fd8,37.50726669,-94.8518083
FIPS_20039,8ab40c2001dceb9682e4c6e10cb75b64,39.78463179,-100.45989984
FIPS_20041,91024559c37865feea27551343dfafe8,38.86625441,-97.15267752
FIPS_20045,745c7d75786602f3105a69845316ff61,38.88461671,-95.2925546
FIPS_20047,a52168f7d6bd25d2d4e7f6a927ce5977,37.88763812,-99.31208166
FIPS_20049_20073,331535d2e4aec1707321a62ac32be313,37.72465391,-96.23682611
FIPS_20051,482bd57ea95bb42cc15c82d63af42ea9,38.91463233,-99.31723776
FIPS_20053,4207dd934a10a875741e7c8936bc720f,38.69658995,-98.20472558
FIPS_20055,05d9badacfacac78a47cc067c4e90353,38.04425723,-100.7373247
FIPS_20057,bd5bbd79ead46e4172253e0d862b5246,37.69163569,-99.88792242
FIPS_20059,9b567223cada8f26e92a5223b1c7d8a8,38.56444306,-95.28595158
FIPS_20061,6c23f690da75b90d954fe4d90e42a73d,39.00236055,-96.75237905
FIPS_20063,06df3703b8d7910418d900604aa1bf86,38.91602493,-100.48290838
FIPS_20065,039b9f5c48fb1bbea76b82b43d43ea74,39.34959487,-99.88325669
FIPS_20067,b398807ae3446a3fc2aface42e1c1aff,37.5621244,-101.30802117
FIPS_20069,5237ae9876978e9caf31d2c54ffdb106,37.73795845,-100.43784427
FIPS_20071,ac539936ccf02065d63dbae632df5d4a,38.48039892,-101.80597015
FIPS_20075,9142830d6d64b2525493c9922149ceec,37.9989309,-101.79124843
FIPS_20077,996c1e5fc73b842fb7a51bafcab3ffce,37.19154613,-98.07549725
FIPS_20079,f9b2c114ad004e341ac06bdb07c62fda,38.04324162,-97.42727217
FIPS_20081,131e28c946ec1e010dc02a8f53cec237,37.56218282,-100.87119191
FIPS_20083,94423888bf96c270615197b61e7cc695,38.08749306,-99.89793564
FIPS_20085,9a3e594b26056b67a02cac0e510393d1,39.41669241,-95.79375214
FIPS_20087,ed47c903ad66558cbdb749e44bc89b1b,39.23565759,-95.38344108
FIPS_20089,489dca82b123cc23aa7500ea13028679,39.78461024,-98.21834058
FIPS_20091,8ac462c3beb1a7bb86506bb0218c55af,38.88372985,-94.82229712
FIPS_20093,f45fe3f64d37932f037761c6bf9a46db,37.9999517,-101.31984841
FIPS_20095_20155,812364372bcd234f55c6b289569a2df9,37.79327502,-98.10646427
FIPS_20097,9d06fc0e479bf3d6bbc365b1e580d3d1,37.55822998,-99.28604698
FIPS_20099,5b389582f1b5885330ec8d7ba4cd54a4,37.19123364,-95.29758104
FIPS_20101,64590d156b97b39b8015a7f506a67af2,38.48115214,-100.46639262
FIPS_20103,a8d97425b65357ac228b9e2015df4e3a,39.19914759,-95.03793473
FIPS_20105_20123,250d1e4f841c12d7bd28515e922302bc,39.21909607,-98.20852817
FIPS_20109_20199,e19b25644998a8729de38855de4a0aa6,38.91731537,-101.43131073
FIPS_20111,c94faaa101a638cffe3889f532b98b7c,38.455876,-96.15264703
FIPS_20113,105bbb4c5c3b35ce92f245193aa94883,38.39155266,-97.64807814
FIPS_20115,2b795a1bc79c65ed1e8693a24834e664,38.35869495,-97.09678643
FIPS_20117,56c507670a47dd95c4a9b1a972b7f33d,39.78350161,-96.52293798
FIPS_20121,e34efa3403c4f206c11404a6fbc37cd0,38.56351139,-94.83806055
FIPS_20125,9df41c354c19a3d8c3eb5b2840cfe5d2,37.19242904,-95.74288501
FIPS_20127,1ecebe34c185027ee9e6a2d55747f945,38.68740008,-96.64981936
FIPS_20129,aa9a5147c8baff914423f5d1bfba879b,37.19130895,-101.7992555
FIPS_20131,565d9a3631f5940b9facd0f153b5f569,39.78328492,-96.01410276
FIPS_20133,0865860a7cdf4a65d79dd78c31f8a7d9,37.55841597,-95.30679571
FIPS_20135,be54c7f74360116cd9a2274737dc882e,38.47934936,-99.91617585
FIPS_20137,caad81ebb701ccc8e872e601af4f56d1,39.78425687,-99.90347896
FIPS_20139,3ff35d5b17f95d78ffcf8e465f1b6019,38.6521754,-95.7269534
FIPS_20141,94a63c28036769847b9597e0dd7abb1c,39.35021178,-98.7679928
FIPS_20143_20169,a41a4312516dcfefb2378bf278e20487,38.95813271,-97.65007128
FIPS_20145,b5cfd61c1cbee98c213154d26400aeae,38.18134127,-99.23659671
FIPS_20147,9bc804e36dfda950c21b6022e67863ef,39.78445812,-99.34702309
FIPS_20149,9d1cedfbd54ff2444c04f3730c562b75,39.37896099,-96.34231785
FIPS_20151,d9e463c17706da6e0606b5becce78531,37.64769958,-98.73959541
FIPS_20153,950c4761e0ce26395c319950de90f0d1,39.78516153,-101.07570577
FIPS_20159,9f4241002d82d931ad8c5cec67f17e9a,38.34710548,-98.20102553
FIPS_20161,235ff8e4d888ca64703dd6d2e920a90b,39.29632986,-96.73485795
FIPS_20163,ee96d6e14a67a9c4300568411fa3a4e6,39.35010684,-99.3250627
FIPS_20165,5af2de2fbcd7535745699d05f0481ca4,38.52312498,-99.30924059
FIPS_20167,65b9d1b6673cfd8602f9f9765265bc78,38.9146588,-98.76235372
FIPS_20171,882e31a8dd5612ef0303603a1c3faea8,38.4820192,-100.906856
FIPS_20173,f2832b9c579edcd29fb081fb4dee0406,37.68468723,-97.46104389
FIPS_20175,b05edd78c294dcf6d960190bf5bde635,37.19320319,-100.85128724
FIPS_20177,4deb952153ce3744d3c724aed6c09830,39.04143782,-95.75643538
FIPS_20179,cb955adc83940992b9fdc8e5eabc9b80,39.35023698,-100.44183264
FIPS_20181,6974909f63282da92162267b49df3b34,39.35135459,-101.71998229
FIPS_20183,fcc6ffa7317267fe729f6ab3d5152496,39.785031,-98.78547221
FIPS_20185,75f83581dbe3440aea46539676d70efe,38.03086818,-98.71752384
FIPS_20187,6ce77713a2f0322b851806e5cf96d139,37.56301869,-101.78418269
FIPS_20189,dc384cb3d4d6be360e0bb8052e569358,37.19223393,-101.31204888
FIPS_20191,a1fade199025fafa3a4a6ce532252639,37.23717588,-97.47654898
FIPS_20193,354ceb6cd10471b67b540a1aa09fa7b3,39.35089456,-101.05553034
FIPS_20195,248f5ee32b694f3fb43eba685bd1dcaf,38.91420672,-99.87274162
FIPS_20197,f84b89bcf33c161bdaa19c925928f74d,38.95317039,-96.20499252
FIPS_20201,d683533d66f266d524cbf68d5df0ee9c,39.78407622,-97.0875437
FIPS_20203,701df7b874ea6eae443cb81e9e069735,38.48193258,-101.34735626
FIPS_20205,a478c2b6c235580960cbae4a4ca4745e,37.55917223,-95.74339229
FIPS_20207,03bff91714bd96b57066016531994c36,37.88663179,-95.7401725
FIPS_20209,dc13157dad018bcdd3f6763b4331329c,39.11464792,-94.76446912
FIPS_21001,3315588acf14179de8e0b2cd9285407f,37.10409793,-85.28079148
FIPS_21003,cfb5325c83ad40797068e162c50ee5a0,36.75130238,-86.19040426
FIPS_21005,1facae6326242d7a0a2139b08546ec58,38.00389943,-84.991054
FIPS_21007,93252740625b1bcb6dfa091de2d09202,37.05844567,-88.99946749
FIPS_21009,746d3a5820bf0745b12072c64be03429,36.96548396,-85.93368073
FIPS_21011,1c21b0912f1088c26479be9299203f2b,38.14494947,-83.7425551
FIPS_21013,2ea3ff45d620f62b6669490c57394f3c,36.73060839,-83.67424955
FIPS_21015,f8901656b0f02a487c453b1479be1f46,38.96978169,-84.72778544
FIPS_21017,be84663149780a7ca5a112689df4dc7a,38.20671022,-84.21712835
FIPS_21019,e585c2ea8a6ff12e60c1c3e07d024079,38.35952488,-82.68773676
FIPS_21021,8569aad08bd79e68d8a5d2b2ee505408,37.62437092,-84.86685518
FIPS_21023_21201,d34c7cc2496622c3c508f88595be1963,38.63373137,-84.07781355
FIPS_21025,a11b84b38879d751f48fa321120f0c55,37.52161114,-83.32414172
FIPS_21027,636e4b73ee4f49965cd001bdb75fe1d1,37.77317111,-86.42926193
FIPS_21029,366971226c73b87ab69e87918b9338a5,37.97005513,-85.69588825
FIPS_21031_21227,341a66d8b9ca197defc917d827fa58f4,37.08779131,-86.53734166
FIPS_21033,c9ce1073ab925d72782e22228ac4e2b7,37.14525576,-87.86784002
FIPS_21035,71497f728b86b55d965edbf1849cca8d,36.62110205,-88.2721811
FIPS_21037,936e8d43184bc47ef34e25e426c508fe,38.94640589,-84.37963981
FIPS_21039,6c366534a48f3e57554bedb024240e1a,36.85322762,-88.97107378
FIPS_21041,f3717533a90a8ecb1de730050beab052,38.66784592,-85.12361734
FIPS_21043,663ad9fa2aa6c2af4e1d8915e2c6fd9a,38.31817746,-83.04948467
FIPS_21045,1e81285f8a20c333002a35aaec157225,37.32218119,-84.9283262
FIPS_21047,c3545e60f4ffbd11070bdb7991ba3782,36.8939817,-87.49040482
FIPS_21049,0f6e041384095b93e25ee082e4ceb061,37.97082334,-84.14738328
FIPS_21051,f8531013695084f6fd79ed6d8e24b2d6,37.15962324,-83.71458774
FIPS_21053,c9cb01d4b65b151ac87d80ce4da3db1b,36.72744921,-85.13601171
FIPS_21055,5b465c13fd8cac3b9baf4af74bc0069a,37.35272074,-88.09729632
FIPS_21057,46e6d0f07b047818edf84360acd315c7,36.78647897,-85.38844319
FIPS_21059,3448ee847ece99c2cc9e25a0a57ffeb5,37.73175312,-87.08726543
FIPS_21061_21099,23ba87bd518bf42b9a24246e4f64fc7e,37.26137809,-86.0349633
FIPS_21063,007203e95299b072b3a5e6f1f3d4c725,38.11787348,-83.0976032
FIPS_21065,21445b7069345a1a850ee2daacfd5d8e,37.69244859,-83.96432266
FIPS_21067,710049f9a52cd294d54b75d46ad3d2db,38.04226937,-84.45869727
FIPS_21069,1fda978e43e5b8d6947b190fa7b15c95,38.37008454,-83.6965627
FIPS_21071,738c875d02a61f56eb30127ae50d0c88,37.55697438,-82.74564374
FIPS_21073,1441762ea1630bc0605fdcef3984e996,38.23910901,-84.87709612
FIPS_21075_21105,c807409f46bbaf9c7f40dece449e67fc,36.61909572,-89.07707582
FIPS_21077,8d725eb1826fee2e7d5f852a1d63d14f,38.75686799,-84.85925748
FIPS_21079,cef5524641d35342a138832d05ffe4e9,37.63952557,-84.53748123
FIPS_21081,f097e1436435f978e0b8f404c8b848d3,38.64875093,-84.62456189
FIPS_21083,b991e1dcd51bcef155428c414a0e056b,36.72297224,-88.65120846
FIPS_21085,6060d12ec4413d29a17e7584783c23be,37.46085753,-86.34381931
FIPS_21087,794b7ff3de411a7bb686761ca410038c,37.26403923,-85.55305441
FIPS_21089,77557109d117fbb70757f8f00d6ed5e4,38.54558302,-82.9222175
FIPS_21091,bcedd7d347bfbcfdb4b8c383c3f374c7,37.8414644,-86.77783251
FIPS_21093,dacbf079ffedc402d67968f7757064dd,37.69778621,-85.96346974
FIPS_21095,6593de02e6979db9ca7c1aa0d52d50e0,36.85700392,-83.21816192
FIPS_21097,24e55470484c60fc7d9645a2ba7e5a18,38.44177236,-84.33141157
FIPS_21101,6fa49450b98696c6c042357d73674657,37.79576154,-87.57302555
FIPS_21103,8e088b124c72a1ac0dcbcbdebbfb08f3,38.44846,-85.11890528
FIPS_21107,413c4db2447de42d777342e49c995a58,37.30874702,-87.54090034
FIPS_21109,7aa8cded4429062141a21172a645e515,37.41972234,-84.00570445
FIPS_21111,71ecf3a12729ba438d057df53c82a1ca,38.1871948,-85.65919103
FIPS_21113,b5847c565f0308380cbbc6453b4c438c,37.87198712,-84.58092738
FIPS_21115,bb27b25e4c03d002e86f30c7d7eae6c3,37.84661064,-82.83149644
FIPS_21117,7818425dd9548bac19b8357af57490c3,38.93337339,-84.53329729
FIPS_21119,95c1c113cb2941a27c0404300b58afbf,37.35401046,-82.95410334
FIPS_21121,4a716f7ba05468f225127f29aa2040c5,36.8906445,-83.85407728
FIPS_21123,72f9f967c43ce5c44ea12bf78ae63eaf,37.54576466,-85.69793901
FIPS_21125,4ed7d66a7373aab4a4ff4258e9b1c51f,37.11060933,-84.1178349
FIPS_21127,c766cb374fd37fb59517aac231dafc81,38.06782014,-82.73472404
FIPS_21129,211fa07fbd5ca833b4cfd48c462138a9,37.59479211,-83.71630074
FIPS_21131,08357dda130ec9b85fa60db2cf979b7b,37.09397605,-83.38113165
FIPS_21133,6b67560b23af2fb369555be4155d8c48,37.12117918,-82.85541448
FIPS_21135,87191796a64e570bc2ce6f722d7f8277,38.53147554,-83.37810182
FIPS_21137,bf6fa64a2e79b2800523f3a06745f5a3,37.45532422,-84.66081204
FIPS_21139,65213079f85e2832dc71e5eee3c09d6b,37.20954715,-88.35370429
FIPS_21141,ecd4232a467c3085d7fa1302a827caa9,36.85958215,-86.87896959
FIPS_21143,1986405e39c5a79665af1746738c1f46,37.01908532,-88.08326559
FIPS_21145,307d1094c1f5857935838964f2ae4db4,37.05401931,-88.7126843
FIPS_21147,035ff65d29f2b40d2ff462ffa36dd48a,36.73707893,-84.48424549
FIPS_21149,a327f8abb4f1589331a23e67b297c70c,37.52915772,-87.26350746
FIPS_21151,ae224a2b6d1b233a204dad19a6aa017d,37.72010684,-84.27796559
FIPS_21153,235173ebcd720df4c6aa74f3860d8dc4,37.70640009,-83.06481631
FIPS_21155,14c76e43c96a01242e2c61e918e9d4ba,37.55255052,-85.26956317
FIPS_21157,cc86a04784d3b4db1caa62ec47afa3cd,36.88339463,-88.32932785
FIPS_21159,8336a44c34eb4eda4d10217c50c245e6,37.80153854,-82.51326541
FIPS_21161,21993f0e240be6533d3f445307d51767,38.59513894,-83.82421242
FIPS_21163,82c04dc6225e97782704775949a97ea3,37.96975978,-86.21693743
FIPS_21165,3aa207e43a501b7a8e06242eb1dfc72d,37.94136439,-83.59888785
FIPS_21167,0c78cd98d2fc75ace15e352273e4fd8a,37.81099296,-84.87443176
FIPS_21169,81ea0fcc88f87dc34ec2351dc57b711c,36.99047244,-85.62920602
FIPS_21171,5f5c8f34195d8c08e2c6ce921a8e1e2d,36.71220641,-85.71650729
FIPS_21173,59aeb10ef68deeb91a09195d122d76d8,38.03348275,-83.91301611
FIPS_21175,61d11278e40c04c1a4b014546772dcf8,37.922266,-83.25890585
FIPS_21177,e455b820b9478a022f0ef44cf2f56db4,37.21573631,-87.14197853
FIPS_21179,caf5dd77448c8a7214415ff71e11c103,37.80505324,-85.4661698
FIPS_21181,96d266834024baec8b64b960391c31e5,38.33557536,-84.01528622
FIPS_21183,b7644abae9d51f072401f013b5d42d53,37.47808686,-86.84898884
FIPS_21185,74fb76350e843096a4bff83ba35a17f2,38.39937196,-85.44836655
FIPS_21187,c2a58db8b46ccab0d043e74164407627,38.51957389,-84.8280188
FIPS_21189,7ec49d235b3b7457aa6625a77f3d38d8,37.4191922,-83.68306549
FIPS_21191,6d81df16fca504b6fb9280b11d2b0ae0,38.69556697,-84.36029038
FIPS_21193,c9108dde6dd7b4e071129d2f9100fa55,37.24421334,-83.22129519
FIPS_21195,db90a31ac5c9409572031b5ff841077a,37.46893691,-82.39600956
FIPS_21197,2f288d64ad0efe3ebc5f7ad1a464299c,37.83114942,-83.82372475
FIPS_21199,9fccd04fe67747a7de261215c0cfea76,37.10387828,-84.57719036
FIPS_21203,fff75f52998a477f6e7b00e58af8d64a,37.36511679,-84.31594726
FIPS_21205,8c2f64f08271fc4e4351c12acee2a932,38.19619414,-83.42106513
FIPS_21207,a59687b426e9eb30465997eb54862a2e,36.99099353,-85.05876064
FIPS_21209,a624873c42ee905ecc113ce243187740,38.29148427,-84.58393545
FIPS_21211,a25ae004eadf95406855ffbad5653993,38.21541308,-85.19476759
FIPS_21213,2167fcf808b8f383e7e44e25305a08a8,36.7419379,-86.5823174
FIPS_21215,67e7cfd2e483fbbaaaa54b5523753e58,38.03251953,-85.32783754
FIPS_21217,412301454090d60344e086faf8a54906,37.36645139,-85.32780177
FIPS_21219,67ec81b79e603104769e55b6febbe4f1,36.83540663,-87.17918971
FIPS_21221,1b8058dee2800a7e966dcb494a5f1fed,36.80629385,-87.87339435
FIPS_21223,c876da2dc35e298b13f5ce07b724065a,38.61302725,-85.33739216
FIPS_21225,9deac1b9659067d923084003d2ee75ff,37.65833365,-87.9454043
FIPS_21229,8108e7580d35a6df529b4cd78137c5aa,37.75335022,-85.17478221
FIPS_21231,8012c113f03996cd9a5511baa835b83e,36.8011986,-84.82869026
FIPS_21233,55c6017b10a9755ef3681b09ccb01e94,37.51842614,-87.68327729
FIPS_21235,d7c72809ba7006a048edb6a05f31bca5,36.75799742,-84.14508114
FIPS_21237,4effc08cc893c51a48f840e0b6e8e2b8,37.73932991,-83.49316091
FIPS_21239,3c1cd7b4cdd34596a73422ca7845c207,38.04230135,-84.74359315
FIPS_22001,299a48c40fac744498626b1df660d9c3,30.29052476,-92.41200954
FIPS_22003,c68f08960290bb2c218f8fd0c097ce8f,30.65288941,-92.82820655
FIPS_22005,0190fadb841d7ed83e29cca2a745bc2f,30.2036178,-90.91133336
FIPS_22007,78a7bccb3441fcda2680b388e508c98b,29.90231498,-91.06071903
FIPS_22009,cd2d9ff70c5361ea752e858d7bbf8437,31.07623213,-92.00142594
FIPS_22011,c2fe9a007bc6d74f028178c5bb912476,30.64858792,-93.3434161
FIPS_22013,2d1fc7492245772b81ed0555881afc31,32.34731039,-93.05607343
FIPS_22015,ae7ec2b45beed17d0786e97d65a39e8d,32.67805948,-93.60471132
FIPS_22017,c6d7395d35ba2f3d2ac7626e19e87d73,32.58023471,-93.88221427
FIPS_22019,bcbe273f4a8b880191c91c0b27cc66df,30.22938964,-93.35791944
FIPS_22021,a0ea4e0a2ec1bdc5625b3e941e7ab287,32.09233399,-92.11654221
FIPS_22023,6c23fdb32b57c00398f53e90a3714bd3,29.87596896,-93.19364052
FIPS_22025,62509b585210b8dd3e871ca3c23f186b,31.66590828,-91.84721694
FIPS_22027,12f743edf866f7a7ff81368543dcd1a1,32.82272405,-92.99578301
FIPS_22029,69930733ad15478fdd5332faf5a3a662,31.44557005,-91.64019923
FIPS_22031,eb4ccb5a339da7a1f01b8f9688896b65,32.05540746,-93.7371935
FIPS_22033,4cdd31af4e1036bd1d21858cbae5fbe5,30.53819211,-91.09564609
FIPS_22035_22123,d6f847d9caa29d51d3c23196b7499e5d,32.75759037,-91.33460133
FIPS_22037_22091,674787416a391051a62b8f77e65f081d,30.83421909,-90.88683562
FIPS_22039,9a2e8514e94644ccfdd458ab892635e0,30.72883849,-92.40600794
FIPS_22041_22107,5445dd0c376819fc145a3308ea710892,32.06721264,-91.50614014
FIPS_22043,40e058330f014c529b23bcb157f7da4a,31.59973366,-92.55943883
FIPS_22045,976f1ecb676aa1bb3bb86ed84e79cdfa,29.89666041,-91.73101837
FIPS_22047,da3c55e3be0a795729261bfd8776a627,30.2586151,-91.34921176
FIPS_22049,72d77c3011a916a4403e8342c57c6782,32.30202714,-92.55777145
FIPS_22051,9087fba46cda4f8063b397bf472f226c,29.78667718,-90.12712315
FIPS_22053,950a8aff103afad782f73cd0a48f912a,30.26764612,-92.81409988
FIPS_22055,8371d58a2140475594cb7a1c22f0baaa,30.20680326,-92.06390545
FIPS_22057,939a391a1ac9a3431f2d78e83bd8b856,29.56594173,-90.42479214
FIPS_22059,c1aa31664c1569818b0494c32981bc4f,31.67660811,-92.16036812
FIPS_22061,946d0a5d15b2453834ed5400b57c89c9,32.60161931,-92.66489383
FIPS_22063,e7c26e48b7ee853cbf5e49de5d800745,30.44006125,-90.7277706
FIPS_22065,0bfda19bd8d869e39d1996f29b9c6133,32.36438426,-91.24260137
FIPS_22067,c846afeb972dd0fcad60f3f6194ec0ae,32.82015223,-91.80183945
FIPS_22069,03c43589452000a51ef6f564776020a2,31.7230543,-93.09614473
FIPS_22071,a74e88cfc53686ce828fb037d0f2041e,30.06871219,-89.92899104
FIPS_22073,2aac3124e77bcbfd5d0033a31ada2f55,32.47834476,-92.15499344
FIPS_22075,72c9c8db131782f395f46f8bb1189356,29.44045653,-89.60851837
FIPS_22077,410a05199753ec14a12bfed92c13e07d,30.70938478,-91.60068687
FIPS_22079,0406576f71bdf8cdb29942cd5c1548c7,31.19853019,-92.53327514
FIPS_22081,74db80486179f9e43bed14f2d28c70a8,32.09306872,-93.33977585
FIPS_22083,771f0d31d334435279ea1ea02b2c660c,32.41772975,-91.76376104
FIPS_22085,314426bd564599865c676dbb6dc198c4,31.56388113,-93.55454314
FIPS_22087,0e1ddc294fde5896865dd30b1912c8a0,29.86939922,-89.55524187
FIPS_22089,06c35f4da8a8d973fe3c611ec1fb7b49,29.90544491,-90.35816372
FIPS_22093,8d37be25170778cefa6d23801922dc97,30.02696486,-90.79309306
FIPS_22095,2de71582a218719fe12efcf81a4a3ddc,30.12636469,-90.47116061
FIPS_22097,360dda69b3c87be20a0f87da3367b416,30.59887533,-92.00588644
FIPS_22099,050cb9ed012553ba17b834300d37e4d6,30.12899136,-91.60741856
FIPS_22101,180745e06ccac17de188c262befc7e80,29.70466893,-91.44304438
FIPS_22103,c91ef42552e1027b5d648beeffa1be50,30.41010679,-89.95814258
FIPS_22105,ab76377061f00f84e8ac62277392c691,30.62631883,-90.40552651
FIPS_22109,e0481545062e383969b6c020ad73e2f8,29.41482998,-90.86632253
FIPS_22111,02e253a6d618f5bb63be3a33904bc3e2,32.83190601,-92.37471176
FIPS_22113,6746201227327c1c921895265c1c58d2,29.84634121,-92.32423091
FIPS_22115,a9836ba478550a1e6ffe8a013a8a0a4b,31.10833968,-93.18429707
FIPS_22117,1747774b79e1da589f5eafc576b4c2e1,30.85338041,-90.04051613
FIPS_22119,6ed94d74189ebcdb131007c4babee442,32.71316405,-93.33494815
FIPS_22121,c83e55a0fb1b104c3b60b2087da6df57,30.46361133,-91.31273765
FIPS_22125,ae951984b10287b9c3e716c3347f46a4,30.87977502,-91.41998717
FIPS_22127,19fadb255d5df879f17dc1cfb7d9969d,31.94426019,-92.63697948
FIPS_23001,fff6f444c0fd08f8cca7eb254a216565,44.16555379,-70.20648017
FIPS_23003,8d30d5cc8f42a400472f1b1a9ae7a1db,46.65628668,-68.59530734
FIPS_23005,f45fa6602838b826f62e4e8552bda5c0,43.84630462,-70.39848832
FIPS_23007,110375fbd8973253ed4a4b7a43837ba8,44.97292442,-70.44289127
FIPS_23009,87b40a685b8d392c78eb59778f0ff2b5,44.66324994,-68.35933178
FIPS_23011,7ac87615974cf475233fff33102414a7,44.40894462,-69.76757615
FIPS_23013,8549c938065011dc634e597bacb611de,44.14095589,-69.16837841
FIPS_23015,f3185c7a754e703e273f163cff3897e5,44.06617659,-69.54360498
FIPS_23017,1a3bdfab1712e521f60a127020afac41,44.49761095,-70.75585242
FIPS_23019,0c66ecade1fe6cf8e9c92080459986ff,45.39688542,-68.65078909
FIPS_23021,e31187e638aaf1bb37a436452de8230e,45.83408749,-69.28467489
FIPS_23023,bf6359dde093be2a8575fdfd62e5bcb8,43.95962796,-69.85449545
FIPS_23025,c4c98da153c360c232e1494b9cdd8cea,45.50892576,-69.95742786
FIPS_23027,df03af942339bf722676fd2f752f2a1f,44.50260946,-69.1454015
FIPS_23029,3065e37608eff557bbbd771c9c0fb34b,45.02908371,-67.62831999
FIPS_23031,d737189c860997de183e19bea00ade7b,43.47779324,-70.71423936
FIPS_24001,0091db9e2726ab840251ea69bc0faea3,39.62156248,-78.69768937
FIPS_24003,397c337a4b3bba159bae4f99c9700e48,39.00626483,-76.60503207
FIPS_24005,6690f091f4d8b3de28e157a5dc26c059,39.46254788,-76.63914582
FIPS_24009,3ce5f6d8606512ad3b1217e43072b9dc,38.54320259,-76.56852147
FIPS_24011,2baec31fde8a031a2b64ca6254f8726c,38.87153523,-75.83163727
FIPS_24013,e7758fe5b033ed143e73a3cbafa3ff2f,39.56274891,-77.02249764
FIPS_24015,b97ea58a20d493c8c45d7f6d1fb46cbb,39.57110333,-75.94052045
FIPS_24017,eafd3244c6ce9ed78d27d31f04c06ffc,38.5072315,-76.99223547
FIPS_24019,fc4e60f4fcea7a3008d593ba66e46bc2,38.48282873,-76.01272477
FIPS_24021,82b9fe6d15e5952e1f5e597833d5fd95,39.47207008,-77.39803878
FIPS_24023,1ea5e6f2837d15cbe7a9989bb9ff07af,39.5287391,-79.27320038
FIPS_24025,d1744bbff50dd9d5ee97ae053076295b,39.56102087,-76.31691797
FIPS_24027,544c335154f6eaf79e2dff463a852e78,39.25070614,-76.93108743
FIPS_24029,383d86008edae3a3a7e68c59c0da6dbe,39.25453089,-76.04012208
FIPS_24031,8474b8609e772af467ac0fc4acad4dd4,39.13634223,-77.20414541
FIPS_24033,bc06828a994e9e28952b11b1affb9ec9,38.82930105,-76.8472767
FIPS_24035,5ea2f0a1257f0d9c2c243d7d4047aa8f,39.06798406,-76.02051852
FIPS_24037,9f15dd77bfcd0d8143ce0beb217ed18a,38.30227379,-76.6055369
FIPS_24039,f331c4fbb503a896dc1ad1614a663b9b,38.11572106,-75.75184866
FIPS_24041,109673a937086b08c10d3e25d277b682,38.77130431,-76.09710991
FIPS_24043,b55b1e5d638b9568d38abb426975d91c,39.60369547,-77.8137992
FIPS_24045,ffad99a1f556e0e0595aec7b8060662d,38.37335814,-75.62075231
FIPS_24047,bad65e96c2c6456a4f82970601d39714,38.21271111,-75.33422448
FIPS_24510,91a378e125753ad74b033e94c7b12706,39.30507722,-76.61442561
FIPS_25001,330add99531b6d578cc1c18e8444b10a,41.72417355,-70.29191049
FIPS_25003,652a805887302f460fa9d0f968fdee9d,42.37009607,-73.20670098
FIPS_25005,72a2c10a923eca15e8aee55da47a96f3,41.79687448,-71.11409067
FIPS_25007_25019,662a65d7dcf6686a23c7320238b17f3b,41.3599392,-70.46244954
FIPS_25009,d6f050decc76c598fe525dd91a321078,42.67303199,-70.95192512
FIPS_25011,68e3bf852693ad8a72f32fdfe50dc6d4,42.5831268,-72.59171451
FIPS_25013,7dac0f8f86afc0db7f7854d370346127,42.13530445,-72.63152177
FIPS_25015,05204fdf0a9a07a4eac25ec99af7ae24,42.34023578,-72.66355444
FIPS_25017,db4af40394d17c2399d9b2becf0a961d,42.48533832,-71.39159119
FIPS_25021,4a6691c609e4d04769c91b4b6f2d5358,42.16069665,-71.2112727
FIPS_25023,1fee1993d2ce16bae4945e3090b9feef,41.95087995,-70.81127943
FIPS_25025,8b57c0bb0564fe650d8ad45b7d7c1017,42.33354109,-71.07094861
FIPS_25027,0d346bf6310fdff1302c9d01fb713d51,42.35097154,-71.90738439
FIPS_26001,80cd71aee683e52c643ad59a03524806,44.68534387,-83.59374585
FIPS_26003,804a372a28109de1050ce3c0738b1eb4,46.40875435,-86.60514065
FIPS_26005,7c4adcc64d2bf63bb210855dfa8871a5,42.59126547,-85.88846707
FIPS_26007,925a10591aef311718138363f040e391,45.0348094,-83.62582342
FIPS_26009,90a01a8dc851635ad70876baf3b2d216,44.99902832,-85.14027034
FIPS_26011,22108ebbb5f822d6d0f8dde501523911,44.06468326,-83.89407402
FIPS_26013,56a2285b5e69db7e2cf98fae11eb7603,46.6623689,-88.36538787
FIPS_26015,0b606c5849811a2d8b92b8f4e6391fd7,42.59493104,-85.30896264
FIPS_26017,7ea6925b773d2ab35403de093b290a17,43.70772403,-83.99124434
FIPS_26019,42aca308383ef9a5e38b0ab32b542dd5,44.63867817,-86.01558329
FIPS_26021,663c32b3579961d11b0e6a0c05465033,41.95449893,-86.41251557
FIPS_26023,f24a090f0e287d36779dac5b428d0064,41.91605857,-85.0590403
FIPS_26025,c262f1b4e591bbe53a5acb2f325c6f81,42.2464833,-85.00557251
FIPS_26027,2fefa8b126607e29fe2990c722ee6cae,41.91534131,-85.99345765
FIPS_26029,16af635d9bcc11766919e03aebcb8cf8,45.30177714,-85.12522438
FIPS_26031,f670becb6af62308cdbe9f5c6c741855,45.44619704,-84.49977852
FIPS_26033,a4b5a70ca8cf24d0eb4330748d1e72e5,46.3053598,-84.57586825
FIPS_26035,d2669f6dd645e4881e07eb89a00afa98,43.98778932,-84.84785747
FIPS_26037,21c82d72403ae8650c49e5f818834372,42.94355479,-84.60150826
FIPS_26039,3efe6c32370fb3b8bcba9451df36483a,44.68350261,-84.61033313
FIPS_26041,2b74be52b8b68afdc9ba228f485c71bc,45.9189377,-86.92444593
FIPS_26043,f4e56c23ce45de737a02b5534da2ea5f,46.00892495,-87.87026959
FIPS_26045,c3236725cfb305098d9c19d3ed7b15b2,42.59597461,-84.83830674
FIPS_26047,7c3349793d7221d1d89a6f9853009048,45.52067176,-84.89082362
FIPS_26049,60b4f063604e40c044bb1113825bc17a,43.0215573,-83.70678093
FIPS_26051,56ac9c76e0abcb1c69c370705e45993f,43.99056604,-84.38825377
FIPS_26053,ec615d81761cddecefc011465ed6e3a2,46.40894013,-89.69324383
FIPS_26055,6dac7e59aacae96bd6b9ec6b9afa1e4c,44.66864802,-85.56056436
FIPS_26057,df977c84b274de4bd67ed823cf61931e,43.29263298,-84.60489887
FIPS_26059,41edce5cfc8f660a3c9a4c1d502d7bef,41.88765425,-84.59292168
FIPS_26061,5c0321b6b78eecdfcf72e6a44222fef9,46.89661036,-88.68845933
FIPS_26063,002fdf1e30206e2b0289c5bdc7d5a369,43.83335755,-83.02332945
FIPS_26065,6dbc350428237b030c7de3a18ddadfc4,42.59699844,-84.37352844
FIPS_26067,e1d55a1caf2d7b5c0c88fd76b8df2141,42.94499554,-85.07459826
FIPS_26069,ad0345499701a306fd926b3623bf8d44,44.35574041,-83.6359822
FIPS_26071,bfb92b9b1532b06eb59b21fb4b3a9dd6,46.20857624,-88.53037026
FIPS_26073,0bdfa70fd4894b47e136ae023e2db7c2,43.64050089,-84.8467929
FIPS_26075,e1167934199d77373e07e33eed0622dd,42.24843059,-84.4234333
FIPS_26077,a98ae7bf0adf36d9125faec0c2ba6ef9,42.24535904,-85.53117741
FIPS_26079,97bed14a683cfd0065fd1a5613a1a205,44.68456779,-85.09025773
FIPS_26081,a383d5fdaea275d6a06a1958beaf4db4,43.03184064,-85.54928568
FIPS_26083,d2fb7247a8585505ca84d40afe37eea6,47.34511131,-88.17907573
FIPS_26085,b6770af9bf892b0d4dbbc1aa5a3201a4,43.98995894,-85.80164083
FIPS_26087,cb82282534f79f13c66d289839bbf022,43.08996988,-83.22179412
FIPS_26089,8c41eebf5a1f5867cbe38cf59b37c1bf,44.9383674,-85.81191962
FIPS_26091,91be0e18777ce6c751271fcc00d93d87,41.89502185,-84.06637741
FIPS_26093,925cdef65f6a1d131fd8ca6c867c5c0a,42.60281436,-83.91150894
FIPS_26095,84648eaca6a7fc8394fbdb9cf07fd236,46.47050048,-85.54441872
FIPS_26097,23c84f1d392d1453b7a1e380bd6acd0a,46.08091927,-85.08620065
FIPS_26099,c6b674f5588228036011778df458d756,42.69533048,-82.93231547
FIPS_26101,ec69afac0d09f2914d811fa665d06e54,44.33288323,-86.05687
FIPS_26103,d855ef37fb3c07f657a489eab125fc3e,46.43069867,-87.64063249
FIPS_26105,48d09449297662146572c38c68b7eb5e,43.99506773,-86.24997264
FIPS_26107,2415eab31fdbbdb7ad80f314d33ba11d,43.64066783,-85.32462594
FIPS_26109,0d57b29242747d9e02cfceab91989fa3,45.5792669,-87.55681975
FIPS_26111,4ede9640e357f086a55ab84467f2bfe2,43.64674553,-84.38813051
FIPS_26113,e71dca519a9758e28dac9f1804b297cd,44.33721453,-85.09467682
FIPS_26115,ada2552da65206d7f880ef928a65753e,41.92860795,-83.53760525
FIPS_26117,b03d7539ef22e36257681e5eb46105a7,43.31091583,-85.15230824
FIPS_26119,365431cf4fa4742eadd2972c804752d9,45.02743904,-84.12721372
FIPS_26121,f6556dfe948f58c57650fc8c13294030,43.2911633,-86.15182847
FIPS_26123,54b352116069f22a7b46fb2e2917732a,43.55384909,-85.80091649
FIPS_26125,a21679f89da6d712ed6581b3cc5fc64d,42.660242,-83.38581002
FIPS_26127,a41c3b5da4b5a60a165094e92c46da60,43.64083531,-86.26759869
FIPS_26129,23a2e2fa1ae30cb90d42a7d53d1bf790,44.33483681,-84.1264107
FIPS_26131,2bbcd483def1792b7142c6c2351435e8,46.66419611,-89.31498681
FIPS_26133,a24904e5d3ed28eae9225fd787f64a71,43.98972069,-85.32528356
FIPS_26135,fd7b8a148f3a229310f4170e8f4fa383,44.68165098,-84.12977013
FIPS_26137,88e71a1993534c0fa5327a63fdeb75bd,45.02133482,-84.59903884
FIPS_26139,095f4e5a1c4c070cf8f07b428d385be1,42.95969475,-85.99614157
FIPS_26141,1961aadca386eb5de3a75111cdffcbed,45.34020929,-83.91726886
FIPS_26143,2555b8e9861b4b0e141181b725fb1b3b,44.33550155,-84.61159302
FIPS_26145,b4c740208036d64c467b9cb682edb0c5,43.33496088,-84.05327801
FIPS_26147,b5839f3b37f86762f4e300e32db051ea,42.93378271,-82.68031961
FIPS_26149,c8819aac10c0706b7466f78bd9854da0,41.91435598,-85.52774678
FIPS_26151,c7550aa992da57915ff925bf923825fa,43.42330053,-82.8199857
FIPS_26153,141bd48b3fcfa157981a2155709ad6a7,46.19614506,-86.19979823
FIPS_26155,6bea12680b6672c5427a4413d7fbbed0,42.9536211,-84.14672652
FIPS_26157,073f5b456a1406f710aaf3cbcb0016b6,43.46437276,-83.41700142
FIPS_26159,09b8c249733de5c23897177cc1a25e51,42.25123146,-86.01888586
FIPS_26161,819a6134d0a0109e4cf89b3b46d7aaf5,42.25317174,-83.83877847
FIPS_26163,9d50bcc2d13c9160fcf2a3fd160252a6,42.28177067,-83.28227377
FIPS_26165,df934f579f2cfbd5eadc33af86b60a6c,44.33826026,-85.57841415
FIPS_27001,ffa486a4029dee1a46c0ed19bdc4b6b7,46.60721319,-93.41541643
FIPS_27003,0c8c5b55e8a3c4c0856a1fc3d0a46f61,45.27316975,-93.2464064
FIPS_27005,5aafc3f70332f6e42228be384d3c4f01,46.93465156,-95.67389498
FIPS_27007,c81b59a1e08f93cdea2fa3637aee0565,47.97226438,-94.93624358
FIPS_27009,826db7e382b0391c9f3e987fdf33a5f9,45.69909764,-93.99876669
FIPS_27011,3804d8a77337b4ed9c5f388c98822525,45.42601808,-96.41059874
FIPS_27013,d48fff99ca7aafcfe2e7a5c530eef864,44.03449712,-94.06703917
FIPS_27015,ed9eb0e17f50c86a478c357e7243dac7,44.24213816,-94.72758484
FIPS_27017,b9df039a53bee7e42906016fbf7cd441,46.59235871,-92.67703581
FIPS_27019,effee1e779858321158963645b481b98,44.82063128,-93.80254102
FIPS_27021,eeb7eebbb38d3cd16f18d4a68f065866,46.94810935,-94.32641518
FIPS_27023,7cbd58ed69fcf9426ade2ffe403cd803,45.02235382,-95.56656106
FIPS_27025,33a88364c4e7651c59a0116c74de1f9b,45.50223941,-92.90809129
FIPS_27027,a4e44b140e87a49d86e1988323c02e51,46.89201058,-96.49060465
FIPS_27029,5cacb64862789cc1a6c5d2e646e8177f,47.57654288,-95.378848
FIPS_27031,2ecc65c44282f1ad4bfa9ca7bf4d0a37,47.90251363,-90.53508212
FIPS_27033,131791fdf0cbab28ad3f99019c2d84dc,44.00706021,-95.18106394
FIPS_27035,40b11f9780532e8b86ba9087df3dcdb6,46.48175843,-94.07093988
FIPS_27037,5f7733de9c8bddeb31b24d3434640003,44.6717776,-93.06541182
FIPS_27039,faaae1866a54fdb13aa89b7da8101bdc,44.02245941,-92.86209131
FIPS_27041,4423df30c2370b6c952d07397078b3ae,45.9336709,-95.45348906
FIPS_27043,64ad8f3af92ef8d9a1c7dfd7265e577d,43.67387082,-93.94799979
FIPS_27045,32cf59fa14aee4619887264860712707,43.67399419,-92.09017484
FIPS_27047,44ca89856009f6417c6cb01d81746535,43.67378579,-93.34881725
FIPS_27049,8e7035e068f7046d16a509453862e0da,44.40956261,-92.72311321
FIPS_27051,1bc60bcdf112703a1b854c14327c301d,45.93392911,-96.01216797
FIPS_27053,288a8d4e8014cf089c28ac2eba7c7d0b,45.00443753,-93.47683859
FIPS_27055,647eb89e04e05801979246bd0d2ec15b,43.67134128,-91.4928144
FIPS_27057,228b495ddf77bcfc7f5a57c1648599f9,47.10809092,-94.91659056
FIPS_27059,22041852adb30780299f8a0a2e02f761,45.56139513,-93.29508415
FIPS_27061,3dc91c9313038ce8c97966f7f4194aac,47.50888799,-93.63112399
FIPS_27063,db67abd4eff36fa56360fdb22ca2aea8,43.67411381,-95.154118
FIPS_27065,ea09cfbe321976b327b43c53441ef7db,45.94498024,-93.29361429
FIPS_27067,b53b3c9fb0fe5c6cbdbb5fedace0745b,45.1520561,-95.00473488
FIPS_27069,7c9c1ec602afac5119950925b588121e,48.77640687,-96.78271803
FIPS_27071,6151ca1f26822034f6b12f142bdfc9db,48.24480633,-93.78334034
FIPS_27073,841b9457fd9014ede0e8ba949e5be76d,44.99535215,-96.17327696
FIPS_27075,88beb72f600e507cecc09bd636b1da5e,47.63931278,-91.446251
FIPS_27077,e6511e07069c95500e0337215ac85395,48.76974357,-94.90401603
FIPS_27079,13941bddb1399810f387f38dc7c775f0,44.37133926,-93.73012913
FIPS_27081,0bec370d93e454d9a0cd7dee3e0ef456,44.4123602,-96.26708479
FIPS_27083,aceb7ff25ca3cf089fd8b0621281936d,44.41328464,-95.83896337
FIPS_27085,37c9bc66ebd3a2e455ee2a74feae4c0e,44.8234748,-94.27251601
FIPS_27087,2716856dce285289a8cf7463eee2eb45,47.32511013,-95.80905082
FIPS_27089,c5d84b491de9533ab5043b62c3d41057,48.35859065,-96.3684547
FIPS_27091,45e7f7967d7fb661fabbb61db524a286,43.67430578,-94.55106972
FIPS_27093,56e3fb541605e047f551bffc5a3dc209,45.12294308,-94.52738919
FIPS_27095,021de1d3005e39b3eab3f7591231696b,45.93731466,-93.63014504
FIPS_27097,64dbde30fb80ade324d5fc24b0042f34,46.0125196,-94.26818575
FIPS_27099,da5e8bfed9bdb84595be92afeb3fd378,43.67144389,-92.75247452
FIPS_27101,6484bc7860f609cf2e18ab5eebe01ba0,44.02205836,-95.76327958
FIPS_27103,5c1d3094cb6ad88a8fe5a64e0bdd8b1e,44.34989382,-94.24729004
FIPS_27105,1745680a5a547dc1fb4b69f85054c299,43.67417897,-95.7533906
FIPS_27107,cc56f342b0dc3f74024688bf135beab4,47.32645229,-96.45526453
FIPS_27109,0a7c5acfd5d2e3f8c5efb3a9f9f465f3,44.00372825,-92.40171229
FIPS_27111,bac6ab6f28645db5cbbbbf00ed123f36,46.4086057,-95.70807254
FIPS_27113,218a6beba67ce30416235c45f0357c20,48.06639903,-96.03666642
FIPS_27115,7cb01d241f49894a2f41cc3af179209f,46.12029332,-92.74183499
FIPS_27117,9aea3c940f8665926c97b3d3c64ace44,44.02286554,-96.25865131
FIPS_27119,ececd3cff01bb6137f0578be5337a5f2,47.77379205,-96.40036339
FIPS_27121,79ab793439aeaf01b4e2c8d4ceab0b70,45.58595482,-95.4444855
FIPS_27123,77a81025ac3a31baaa0bd6dd3b5773d9,45.01705475,-93.09955748
FIPS_27125,dc66b44552c92b64725c5483f5881102,47.87177252,-96.09530672
FIPS_27127,99687949804f7bd0a24a825122001657,44.40357134,-95.25391364
FIPS_27129,a7282c84a4c2109c3697b6aca8b86aba,44.72682619,-94.9469308
FIPS_27131,6a7c8b3c6b0ecb1b72233e98c09793f4,44.35418644,-93.29661234
FIPS_27133,a7c2fa485508eb3890858493a5c7ed8b,43.67450558,-96.25321272
FIPS_27135,b146d051b578201f1e3419f8850a8a43,48.77519251,-95.8108897
FIPS_27137,6f760a053c4fc2b0e7a369b42fd7f68c,47.59876466,-92.4698814
FIPS_27139,7a4a467e968ac32c4f328e6fb2d211f6,44.64849712,-93.53599867
FIPS_27141,ab0e8f1ae39d10783b04998b643a1444,45.44396418,-93.77445392
FIPS_27143,d5a77a8c3d8fe59ce5262af34a4d1c4b,44.57958117,-94.23221977
FIPS_27145,b5628fed964d280aab18f11d1afcd3fe,45.55213377,-94.61271201
FIPS_27147,e4b6be955f9cbed37aeca6fbe3fa5448,44.02220243,-93.22608283
FIPS_27149,b9d21287003f6041d2efb5c0cbcce3fd,45.58602555,-96.00024879
FIPS_27151,fc83b39f9ff554b393188dbc36e3f835,45.2828549,-95.68146814
FIPS_27153,400438f689c4a4b7003ac38bab4a0eef,46.07013814,-94.89757835
FIPS_27155,08bf786cb3b22d313ee37f93586a24f4,45.77195031,-96.47185517
FIPS_27157,cf4298addd63275b043eb83dc27f0ed3,44.28427582,-92.23019814
FIPS_27159,ab0677a84bf1fad3578631280d3ee334,46.58548282,-94.96941148
FIPS_27161,0524bbc7d57d3edbd146cb19bbd4d1f2,44.02198989,-93.58728357
FIPS_27163,5236d2d466e7a1d9785a33e298a58c3c,45.038465,-92.88381196
FIPS_27165,f101b3dd147d3e1f3b0a318c1e3281ad,43.97840576,-94.61406316
FIPS_27167,a019af77fec797e53a29ce057455df30,46.35652269,-96.46810774
FIPS_27169,157d9f8e3592c76c244fa8f0327a04c0,43.98684626,-91.7789227
FIPS_27171,e3fe004c8a465494fcb14db3bb9f0ee1,45.17383297,-93.96315154
FIPS_27173,f7f62619bfc41df6707311b79ab5e3e6,44.71649862,-95.86823477
FIPS_28001,381a4c3e139cd966cef9407ab2419a9a,31.48286375,-91.35361923
FIPS_28003,1e067906fa07c8fbd7a3cb7952fe4ea1,34.88078255,-88.58024072
FIPS_28005,c1481a88d8e582ce58f9413d5ac93360,31.1743955,-90.8044316
FIPS_28007,79a23b3b9ac3c3c789b319b86d784613,33.08627633,-89.58167038
FIPS_28009,d6f3b91cd2d825cf868db8b60714c477,34.81715871,-89.18849021
FIPS_28011,b5bf79061d232cfe39e740c80cf8d4f1,33.79686065,-90.88077137
FIPS_28013,42b88c8b68686b308746c7b9667ecb2c,33.93633195,-89.33642889
FIPS_28015,9ef76737dc71b2cf44533b32fb344419,33.44843282,-89.92010868
FIPS_28017,f1e9e809306242b3cf6803cec01d1771,33.92077449,-88.94793112
FIPS_28019,6594410b012771fd2187fa4b02bfbfe0,33.347233,-89.24839567
FIPS_28021,3e927068fc891162e28590655c97c27a,31.97368601,-90.9118513
FIPS_28023,3c03e7f05b5cbd91dffba3da4986bc1a,32.04136101,-88.68944812
FIPS_28025,119e3b320ed9a4694e5173c3b64591f1,33.6557006,-88.78147672
FIPS_28027,487cbe45b70fc4e83a1dd07546649e34,34.22990099,-90.60179152
FIPS_28029,e8d6b4ac3e525d79c01f47bed8e1f93c,31.86925315,-90.44878944
FIPS_28031,151d71ff5173c3e5ade51b51b1429c7c,31.63316821,-89.55257182
FIPS_28033,590894963d4a3cc360d47e890416c00a,34.87538358,-89.99111857
FIPS_28035,2b7768fbcdb86bdb2c9288a0e5982d2b,31.18865704,-89.25779932
FIPS_28037,af698f2b39b1f19d13e7259e6b560a85,31.47718698,-90.8978644
FIPS_28039,0b890a8ca95e146ae3686e4bd3b8c9d2,30.86262919,-88.64404638
FIPS_28041,aa669fe24aabb489080c05a96e7f594b,31.21413472,-88.63915256
FIPS_28043,08b41ec0a7a71415ee6b932e222d8af3,33.77004469,-89.80204061
FIPS_28045,f37432dbde02ae7536cab364df00ccae,30.4159371,-89.488543
FIPS_28047,6ba927e95e97f5564105147a9d188931,30.51183171,-89.11597027
FIPS_28049,ddf20ca99b0ddd9a0e505ed7830ea299,32.26664043,-90.44290079
FIPS_28051,5f44c9f72af72b69d3d81c735bfd6181,33.12349183,-90.09200292
FIPS_28053,4df6cbc5729a0eda1d4aecbb08fbe9f9,33.12861813,-90.52664839
FIPS_28055,c9a4268367a43297ba960eb5bd78155c,32.7411866,-90.98900964
FIPS_28057,ea4a443e06d41e745b22a06c25aff7ab,34.27990241,-88.36134071
FIPS_28059,90e6fd2326550c6b260ad136e5585003,30.54231004,-88.6356602
FIPS_28061,30875cf3491d376f2b9815c231b3e1a5,32.01906905,-89.11888771
FIPS_28063,76ef690583787dbd1405245dc8d9d72a,31.73427111,-91.03710993
FIPS_28065,ad01564d8f0f4da5627726cc96f717d6,31.56958111,-89.82294192
FIPS_28067,f414bbf6be1465190eff64bba29de004,31.62252766,-89.16880054
FIPS_28069,fe9592afe24c33559773fd2f6e46c2fb,32.75456277,-88.6411758
FIPS_28071,cec635e58838ff3c8907acbe1bda1191,34.35670851,-89.48487
FIPS_28073,95d2e07a0caa3ad6abc065d1ac24ab25,31.20592827,-89.50864207
FIPS_28075,a621f7ab8fd0eae3805566885dda4a25,32.40427646,-88.66255771
FIPS_28077,1271475706211e282089b789f5f73b24,31.55011476,-90.10698565
FIPS_28079,7cf67a2def04352826be6914e1bb5405,32.75346834,-89.52401671
FIPS_28081,be7c20a83fb93c62352414aa58e525c2,34.28975092,-88.68044354
FIPS_28083,f3678d7c62c8fb66cf6b7946dc16a20e,33.5503506,-90.30109522
FIPS_28085,bf95b1669852932f77dc04f5ee405b7b,31.53234822,-90.45393037
FIPS_28087,c15a8669f594397efb3fa90138fffaae,33.472815,-88.44345325
FIPS_28089,2ed82a7e645e45584d3aabab834eef35,32.63470721,-90.03403658
FIPS_28091,068bcdad6accbee0b2adc53cb82eb533,31.23074935,-89.82240011
FIPS_28093,5e5bd82a90466d9434c270b85ddf187c,34.76212795,-89.50294583
FIPS_28095,c4caf9e04a0d4f83565449f2cce9d5d5,33.89217904,-88.48051176
FIPS_28097,3090f54f8d8eecd6469c3a9eb3ddb48a,33.49401158,-89.61630791
FIPS_28099,0a688ad7351b2e3cfec7ee3112206e6b,32.75344662,-89.11756894
FIPS_28101,9dd3ecb6819c19341cce4399afa2c7dd,32.40021194,-89.11878405
FIPS_28103,cc0d9865e5284b52347fc0417b99b0c8,33.11008626,-88.56983404
FIPS_28105,4231962b766e3f90f64fa07e4fc2d5cf,33.42494539,-88.879306
FIPS_28107,f3971ac4ef3eb040dadaeed846ac6b4e,34.36386942,-89.95053837
FIPS_28109,9dfcbc9897ad8f393da9c34d4883524f,30.76861739,-89.58987936
FIPS_28111,eff273b8ff65204546e793d51f41ab68,31.17184107,-88.99232234
FIPS_28113,854b68b3c6c3e69b52672108c5a99010,31.17483904,-90.40416153
FIPS_28115,637023cd299a933815015df640de25ad,34.22541772,-89.0374033
FIPS_28117,6ca3f7acb8ab6c8ff6123d54c83ab844,34.61826983,-88.52007269
FIPS_28119,e2e092985007a1e33dd712a6df38af98,34.25128628,-90.28914235
FIPS_28121,cad2dd4ac4d8d86663098a2843654559,32.26400878,-89.94592352
FIPS_28123,94f2997c96b61f9f3cd816418d376ff9,32.40633604,-89.53760671
FIPS_28125,f6a0809b7f72d3310dc58ff04b5fadd8,32.87957936,-90.81327976
FIPS_28127,4da9e81f4bb667b11e3b1064b10fb2c3,31.91320472,-89.9194624
FIPS_28129,701e4ca2021d8009e0a093bd3c708420,32.01758624,-89.50663495
FIPS_28131,a8d6452ad4feb2545d93de0400874b63,30.78998265,-89.11772567
FIPS_28133,25ca7e9577b39f7730394bc4db6b58ab,33.60190959,-90.58875604
FIPS_28135,3f12cc3464d7a80a7706f970dc254bb7,33.95045477,-90.17334666
FIPS_28137,8eb8e34502421cab59eaac4e2125b4b1,34.65039023,-89.94479091
FIPS_28139,b589775cf387584a460c9a316b24ad74,34.76829999,-88.90888344
FIPS_28141,0ab3ccb82336b69bae70a0d2d6ac514e,34.74020421,-88.23929939
FIPS_28143,80cb2002656131b6ee8c02ab8fe076e0,34.65056184,-90.37505162
FIPS_28145,3f5f9a41006acf1175710899e6ebe758,34.49050903,-89.00387171
FIPS_28147,70ba980356d834b5d3ca215040c64e2f,31.14837057,-90.10604352
FIPS_28149,860ec4b483f4eb74c18dff91f162331a,32.35712145,-90.8521908
FIPS_28151,5829b43571ce595e5127c235cb95ad2f,33.28366293,-90.94730437
FIPS_28153,fde07ba82b25f95afa9d080819f95717,31.64072549,-88.69582091
FIPS_28155,3a2ca3f7b805be6481955d28feb72a2b,33.61309603,-89.28489136
FIPS_28157,cc650618dcee9d88ceb45f6403016b05,31.16107174,-91.31096292
FIPS_28159,f60749fa4cee4f9dfe786aba9d7be0da,33.08846758,-89.03450935
FIPS_28161,3e8242853ca7831eb03da9c1cef03f61,34.02818658,-89.70762985
FIPS_28163,69812e3f04486f27c1b6f6d2820e5c90,32.78033727,-90.39659713
FIPS_29001,1c76fb9381aac8712c2d06e31a05702b,40.19053103,-92.60071673
FIPS_29003,7a1e01c1f482effc90f8e7d0e2581aff,39.98345317,-94.80200898
FIPS_29005,3484e1bac36fc0d1f0e86ae3b5aed870,40.43080371,-95.42800802
FIPS_29007,11172787bdf65ba27b6349969d340af4,39.21586511,-91.84152356
FIPS_29009,6e4c10382ea6d02e196ebcab34cfbffb,36.70979259,-93.82906172
FIPS_29011,c634461583738aa142215561fe7f0248,37.50230423,-94.34709765
FIPS_29013,72d967ccf9faca785116600afd44ce7e,38.25719833,-94.33995448
FIPS_29015,5ff4fb7b73fa956e5a0382824f85c96a,38.29467822,-93.28794778
FIPS_29017,db649c1d69f2a2d2af63f4c5567e7244,37.32192603,-90.02603528
FIPS_29019,b9b5c1aceaf0491b0c041bca34418f07,38.99033568,-92.30967126
FIPS_29021,4a850ecfb32efa4f6e894ed5b631d445,39.65970679,-94.80601939
FIPS_29023,1fee5d8b6b5230e47fc933334d03ff5b,36.71627552,-90.40646823
FIPS_29025,494e457611379c863ba65467986739c7,39.65573468,-93.98279832
FIPS_29027,0a64cc69029e0cdd76bc7d8e55ff307d,38.83536461,-91.9261859
FIPS_29029,25b3a3d4f23eec4263e495f5181e207f,38.02703439,-92.7658387
FIPS_29031,3aa5bcc51a5e92cb51f514cc51391d4e,37.38390636,-89.68449697
FIPS_29033,aa2c576bfeb26b7d269793a6f40d1961,39.42691603,-93.50520314
FIPS_29035_29203,fa752f73ef0c5bf0d027eaabe2a16ba7,37.08474808,-91.25280831
FIPS_29037,c30eae095af40e4bdefe6e0f1636eea2,38.64690059,-94.35475784
FIPS_29039,9301cb784fa8d1f29d1125c71184ab94,37.72381712,-93.85655908
FIPS_29041,6aaf618580961e7d7d50f1a6aa246fa1,39.51498341,-92.96251909
FIPS_29043,bfe671b7d65b8143e5a5e13d2415ec2c,36.96961957,-93.1887181
FIPS_29045,49e5149850c506cbe690383f75345b83,40.41027609,-91.73829829
FIPS_29047,226ad861fc651e3635a98cc062b602f6,39.31045994,-94.42092783
FIPS_29049,58be01aa723db6569480940d2c1fde3d,39.60172878,-94.404595
FIPS_29051,fc37e65a7707ffd0f78dc0f561c25887,38.50534498,-92.28157432
FIPS_29053,609e37f3e61f118ba50b9ba0e49f5cdc,38.84351246,-92.81011621
FIPS_29055,16a766553d27e24a2ecb59dda7126dd8,37.976193,-91.30390544
FIPS_29057,f8f656b73252c75518351df0289a43cc,37.43201937,-93.85028609
FIPS_29059,6c1a391cc07750fa29788a3933b1619d,37.68022338,-93.023679
FIPS_29061,5d5fb81695efe05e819b08eb4deecf01,39.96066209,-93.98545555
FIPS_29063,13287c195ee2950c927824118a3a42b3,39.8931251,-94.40470744
FIPS_29065,2562e666dd1a56d065589ec818bda84c,37.60659615,-91.50782956
FIPS_29067,86d4303e4f27966fade0cf152d9ae234,36.9327506,-92.49878484
FIPS_29069,ec4ecf2f2dc2d3314c1d4cbd433b632b,36.1107195,-90.09932066
FIPS_29071,ba9353718aa3b1793b8a23d51e19ef15,38.41108104,-91.07490428
FIPS_29073,c8443b6213aa517f2d701ebf845fdae4,38.44059084,-91.50796963
FIPS_29075,b025330edaf516645245e837c04682f8,40.21200821,-94.40991905
FIPS_29077,0853de1f652d3a206e18264d18eb3bb0,37.25803321,-93.34196292
FIPS_29079,be37636fec7514e291c13c1024c56a9b,40.11386775,-93.56534045
FIPS_29081,d17c5e09fc9a4e0dcbea13cb36dd1c36,40.3544947,-93.99204982
FIPS_29083,80f5c854f86f7ecdd80a84b2973a9b08,38.38512177,-93.79274691
FIPS_29085,967e9762cd256961572df916205f2eaf,37.94077786,-93.32078412
FIPS_29087,8cd2980852dc7db8f496b4aea7d399f1,40.09432411,-95.21533563
FIPS_29089,d2cc6063bce8482e2cdf59d6a1885d73,39.14243031,-92.69631472
FIPS_29091,59a973ad71b92166aedc860af23772c9,36.77377701,-91.88658213
FIPS_29093,afb385227f5ff1dcd5c746974baf1060,37.48623577,-90.65891151
FIPS_29095,e6bbe250889b758c4007c91144c3fb6a,39.00841131,-94.34615062
FIPS_29097,0a9e30ce0e92f1f994081bd5a4ab7817,37.20355342,-94.34058522
FIPS_29099,3540a005ce1b9c61b8c40338a7fa3b56,38.26083703,-90.53766022
FIPS_29101,0c61127c49ea5107f5088e2c93ed743e,38.74406103,-93.80638717
FIPS_29103,d6181e24bc01e4a832249fa9a2de8470,40.12815405,-92.14806564
FIPS_29105,38e68b65e943486cc689f7417af4df18,37.6582588,-92.59019667
FIPS_29107,301bf48ccd2d928584a1c7750415a859,39.06558187,-93.7855828
FIPS_29109,0ace2e260c8163925254bc878b9eb8ca,37.10628024,-93.83293509
FIPS_29111,ad041f9b96370d724c8a8400350276ed,40.09685033,-91.72211549
FIPS_29113,a4db53c680ab731e9aa1eba01398bcac,39.05798535,-90.96003475
FIPS_29115,3a03f9afd886282d8d1de4e0af465056,39.87016313,-93.10718072
FIPS_29117,a92df7cbfdddcc938abc806992026a19,39.7820096,-93.54823887
FIPS_29119,dc74d495021d5eb62f2a0dc42a47442b,36.62871247,-94.34833844
FIPS_29121,394201ad68984c677be221f6d9f263fc,39.83069392,-92.56452244
FIPS_29123,1b4c423abf96a91af57fcb3f5dc9491e,37.4780346,-90.34502887
FIPS_29125,00649cd10c9934e5bb72fe5beaf0f283,38.16165824,-91.92491097
FIPS_29127,0d65b82f59ffb7da013b93e7021f67f8,39.80594592,-91.62232917
FIPS_29129,55f16320eb523947f12d2e94d9630c6e,40.42226063,-93.56855075
FIPS_29131,b21da80e55c4e85ed1270e4fafb702c2,38.21444359,-92.42827347
FIPS_29133,93f97410020f1aeb261aa376df54f44d,36.82798617,-89.291173
FIPS_29135,6e2559b077897e54a426cbdbd0bb05cc,38.63263533,-92.5831662
FIPS_29137,1c55ed119caa4e1226adb7da772bd372,39.49545808,-92.00076031
FIPS_29139,23de35e670b2ced8c8a7ed4b915df4b7,38.94132382,-91.47030398
FIPS_29141,f612de949be28578736796c743e17d27,38.4235596,-92.885891
FIPS_29143,169365fcecf3129b71419171602664ff,36.59455722,-89.6520405
FIPS_29145,cf9dfba593148297d8d8b0abd1c42612,36.90551839,-94.33923388
FIPS_29147,024da127a13f0f5fd374ee98bd052ce7,40.36063848,-94.88332812
FIPS_29149,9d1045d1219ce20574fcc07162f346e6,36.68665315,-91.40326754
FIPS_29151,9f6c425b71df66aa20ff08042ad059d9,38.46027672,-91.86199786
FIPS_29153,e58624e58bd8bbea1cdccc247a20d8e6,36.64936213,-92.44466731
FIPS_29155,b34c9107f787d3a7ac13ba69ce65434d,36.2113425,-89.78544099
FIPS_29157,39d9ed17e9496bdabfdc1d0a6d89c38d,37.7071551,-89.82436416
FIPS_29159,9d64e8c6bacfd2a98415686a6af75cfd,38.72815532,-93.28512381
FIPS_29161,57ce3ab1eef06f086b6a473e3bb669e4,37.87699727,-91.7926169
FIPS_29163,988e17b060ece118107df1a54e5cb125,39.34380023,-91.171305
FIPS_29165,ee955e252af3c85e66e15864e31174fe,39.38024345,-94.77362377
FIPS_29167,66ecb6b5c02ae7cd2d14d4da82e54feb,37.61637712,-93.40051213
FIPS_29169,0312c4b8f08be04fc109109fba92a7b0,37.82450184,-92.20761534
FIPS_29171,6a21c55a1bc5e866aac9b2bf95ed42d9,40.47900774,-93.01608522
FIPS_29173,222aaac522b686a196dc52372498ac8f,39.52757958,-91.5221392
FIPS_29175,c7cd76645c010b68b3aec48d236d5946,39.4400802,-92.49704563
FIPS_29177,ede9a28e3faab252a9b93ed1b300de70,39.35226269,-93.989896
FIPS_29179,9810f068f88157e1e1e1df7a2d80706a,37.36210967,-90.96890271
FIPS_29181,8a455d2b84726913fe7652efdc0cfadc,36.65280993,-90.86385692
FIPS_29183,64f9b0cfaa9edf06b7acf81405583cb6,38.78198559,-90.67525621
FIPS_29185,09604c68bfa72e9930b00c967e64747e,38.03713912,-93.77594739
FIPS_29186,b2a242690f117309099b7a561b605e9e,37.89431747,-90.19437519
FIPS_29187,89a82bfdadb7b2ee56416a986b0376ae,37.81015145,-90.47214628
FIPS_29189,23f38cc38c9291fec95487293bbed704,38.64056896,-90.44363619
FIPS_29195,94d1d7e782cebaf2f380a93a41d02ac9,39.13675696,-93.2019547
FIPS_29197,cf7f647b01e175d2d6cf49c2c80e3525,40.47023017,-92.5209364
FIPS_29199,517cd23ae4375b47d04ef6363a229b13,40.45254005,-92.14704852
FIPS_29201,6774b4304eb6167c263fa777644370aa,37.05295394,-89.56856826
FIPS_29205,9b0bb812b40cb63d352715c0040dbfba,39.7977266,-92.07665149
FIPS_29207,adfacb714c53751aee5b8fefeb8426ce,36.85548587,-89.94433111
FIPS_29209,992293aa502a94d9d76d1d0313c00873,36.7467859,-93.45594221
FIPS_29211,508cb643c0ea0e2f6451bba7aa5cfb64,40.21057737,-93.11152396
FIPS_29213,dc14e10c0ecf8029a86d27e74d140539,36.65474648,-93.04112117
FIPS_29215,381dc6cd0e6bfa5feb1f70484171a7a9,37.31710715,-91.96496769
FIPS_29217,f6c744ece7e1a36892eba3a5d2938110,37.85050034,-94.34243167
FIPS_29219,a2667dd894062c9ca2a4602cb4718f52,38.76455329,-91.160615
FIPS_29221,2e3d6c85a5e586f5d752a8b75e4794d9,37.96151819,-90.87738171
FIPS_29223,5b5c733364156c898f73e9dfc6fa3794,37.11259405,-90.46142741
FIPS_29225,4096db4b50e814edaca222b08ddf769b,37.28077379,-92.87585297
FIPS_29227,405263e8db137517d4eb9b068bf4c05c,40.47914633,-94.4220865
FIPS_29229,8648eb472d453171a22482f5ce0fe653,37.27001934,-92.46869116
FIPS_29510,41d934b57541fa144f6b6b585312a7e3,38.63578664,-90.24511624
FIPS_30001,451fbb024d0794ffcda2258170740a1e,45.13080586,-112.89468928
FIPS_30003,09510d526df60f47c2797dee42254939,45.42300456,-107.48941698
FIPS_30005,cb61843a4d547a8d2a199fe80a7a1add,48.43059476,-108.95954298
FIPS_30007,a81bd8c135d4b8f4a58b6c1890f3ca86,46.33178059,-111.49556625
FIPS_30009,86561200f3f1f2bf5cd4218495323b3f,45.2274857,-109.02795046
FIPS_30013,987abbb401850a3f9d10dc85a625c0c9,47.30759828,-111.3466247
FIPS_30015,1772d7476f7f38debfcd459a8489217f,47.88039481,-110.43542576
FIPS_30017,53e5fee4b79f57668bd8e85742d9f9cd,46.25171386,-105.57131834
FIPS_30019_30085,3ca21ef60e46b13907b2a75832fd100b,48.47881141,-105.215043
FIPS_30021_30109,1e31f3fda810e428a2c43466e8bef6e3,47.18401393,-104.72156221
FIPS_30023,c121944d9d4e62e5cbb1a4a7f6a46b3a,46.06063918,-113.06843886
FIPS_30025,e785289359e17762a5385b7f44da20ce,46.33353122,-104.41718319
FIPS_30027_30069,8d2a9cf02ab1ea223a5ba1595fdc5c35,47.22269886,-108.95341099
FIPS_30029,51e706f8b33d4020dbe481ae37603842,48.29370775,-114.04738186
FIPS_30031,d2e859e1c59abdb261c5bb63c1d437c3,45.53687861,-111.17064298
FIPS_30033_30105,3c7abc591eb9e683ef213f134f800a8b,47.83145626,-106.82890126
FIPS_30035,d4366c47a957a1d968dc4fde9667a5be,48.70500222,-112.99428679
FIPS_30037,148d442971558088c915121f85c797b3,46.3807665,-109.17521147
FIPS_30039,eb8957cfa91a0992d3570d7fac93cb8e,46.40372465,-113.44068138
FIPS_30041,a83d567f09e542dbe66a7e1a9430504a,48.62765414,-110.11103255
FIPS_30043,2dc3f07e184f0f5c1cdcf6b618487fb9,46.1478476,-112.09376531
FIPS_30045,5c51774e43c9db3aa687f23c27956104,47.04496854,-110.26557672
FIPS_30047,f4c1f8a98bd9d71eacac4a85c855e149,47.64502609,-114.08933737
FIPS_30049,14f5c9b660813801b453b5903af18ca7,47.12079504,-112.38764144
FIPS_30051,4de4cf2af5c1f2718c1cf05b76744d41,48.56041853,-111.02476225
FIPS_30053,245149b06f14727ef0eb8c159cc246d6,48.5411593,-115.40516453
FIPS_30055,1134604ead16f77309235aa3d327bb59,47.64413315,-105.795688
FIPS_30057,a9614aeb0d542c581cbae2fe2832f236,45.29956627,-111.91932842
FIPS_30059,48f36fcf310742f269ed41f985563900,46.59762553,-110.88429995
FIPS_30061,d26cf5a5aa1c2999c8339d77fc3eed44,47.14669901,-114.99680241
FIPS_30063,ab243ac315c8f9c55254cbafe079b3c5,47.03580689,-113.92464179
FIPS_30065,b4785c555b94d84947f532c82c1eefa5,46.49640649,-108.39825003
FIPS_30067,25f258164741bc25847ecef1067b24f0,45.48632484,-110.5264294
FIPS_30071,5c72c99424191cfd8ec2227b923c03d9,48.25601753,-107.91539241
FIPS_30073,319b2600b8defbf79afcb125d55ff9c7,48.22846014,-112.2260836
FIPS_30075_30011,74547418de2b4566d28892ae4a67760e,45.45641521,-105.07961758
FIPS_30077,a1b2e04c65e8fa74ba1e50a429b828ca,46.85402789,-112.9335008
FIPS_30079,68c20262d2657796f56d2101e46b3e73,46.86049717,-105.37669818
FIPS_30081,596f13d0466c69130d1cf0951e189df3,46.08007052,-114.12112444
FIPS_30083,4bd106ffe5e8ef167227db73267a1011,47.78749373,-104.56056267
FIPS_30087_30103,dd661f9e8782f1ba01c20f67620d2be1,46.22368085,-106.81691012
FIPS_30089,0fff885ae427e3adae25dbb31251470c,47.67442126,-115.13033022
FIPS_30091,37654b793d96ed06d8c2bfa60658a502,48.72083751,-104.5043179
FIPS_30093,9f5f53f37396a3c5c13d76d62b5edaab,45.90221104,-112.65668157
FIPS_30095,541356751e5796df18e1e7bd77072993,45.66814811,-109.39711087
FIPS_30097,e988c6b43fabb5006ea95c18d5088b9a,45.81282962,-109.94138994
FIPS_30099,d1753623bca69e9b6549954e526d6b64,47.83729276,-112.24016619
FIPS_30101,2ec937378ea08e49faa1a6608880d002,48.65465748,-111.69523111
FIPS_30107,d8591042aaf8c8d8b53b7e43085a0587,46.46611741,-109.84448719
FIPS_30111,f7370a6dcf0258acd5d76f594612c249,45.93675617,-108.27592823
FIPS_31001,93f947b225ac771e805ea9d368c8ae29,40.5243804,-98.50120844
FIPS_31003_31139,c632eb44334b33842456131033c5c171,42.21195456,-97.880237
FIPS_31005,f88f8f0d9f5d571b38a7914b74f63a9e,41.56885299,-101.69582951
FIPS_31007_31157,acb52b9d182e23bc525998445f294583,41.69821274,-103.7092127
FIPS_31009_31041_31115,0bb4e9fa7125e6b018504eaf9bc2f2f9,41.56687325,-99.73229818
FIPS_31011,d8af90655b20ecd682cd8536ae27cdb9,41.70661925,-98.06728024
FIPS_31013,8becabfd3781cac86c0988f11d76e690,42.21965654,-103.08565502
FIPS_31015,d7df9a10a3bb2c94ef6f35d90282702f,42.89990278,-98.76626934
FIPS_31017_31103,f34d4017910cc62593ee03744581a1a7,42.6034968,-99.84568107
FIPS_31019,28a1faa9dd2f69eeef4279da40dcdfe0,40.85512203,-99.0749715
FIPS_31021,7c019f69abfc6be1b8a91b27e41d2f77,41.85148028,-96.32853436
FIPS_31023,085fc1406248327158619fb1326434cc,41.22597635,-97.13180471
FIPS_31025,6551bcaef4df47f1d142285805ec6de8,40.90976421,-96.14090048
FIPS_31027_31051,9cde5b0ec421b18c132032fba5602944,42.55744144,-97.1010398
FIPS_31029,24fd82394ab5c4074297d17f7847b17a,40.52420772,-101.69794645
FIPS_31031_31091,6188143bdf6af6eabef89275d9de6904,42.47749016,-101.12024911
FIPS_31033,9fdf913312884f2e344898dfdda3409f,41.21971599,-102.99502257
FIPS_31035,52238db3e51471b5f923a3481975f65d,40.5243465,-98.05128426
FIPS_31037,6f39194d3df14d057e8ba796fcae6942,41.57390494,-97.0864985
FIPS_31039_31173,de2866af2ed157fae1230e48debe7353,42.01504976,-96.68829446
FIPS_31043,c8167cf7f61157655b7248284b413b6f,42.39107084,-96.56448985
FIPS_31045_31165,b5d33090e7c9c58919c5a1ee16202b71,42.58093623,-103.50745986
FIPS_31047,c1eb1949c87d3bb139951cb0ae9ddeee,40.86998581,-99.81953416
FIPS_31049,e24a7e4c9715fa19e1a9ca41ab05f050,41.11162823,-102.33400199
FIPS_31053,dc238c9533597a8cc2a9738ebde4bfcb,41.57782356,-96.65388959
FIPS_31055,1458e84a7f1a80984de07508b68237d8,41.29537049,-96.15444176
FIPS_31057,b8d1200c2569eb9ce9c29e1698dbc84e,40.17626189,-101.6879616
FIPS_31059,0f7348316d529b628dabb2d25376a142,40.52458107,-97.59650116
FIPS_31061_31083,6d82d9907bdfec669b3475ed5f92eb3a,40.17653919,-99.17833722
FIPS_31063,8bcd446a0b16ce6dbefa3acf438dc512,40.53013308,-100.39425073
FIPS_31065,5b9fb8e37a2038c5bd771232bfd85beb,40.17641959,-99.91227037
FIPS_31067,ef7412faef2bb19790400382abdd532d,40.26165846,-96.68944487
FIPS_31069,aa682b47bf858a2e5d51ce73ec9da962,41.61876828,-102.33529315
FIPS_31071_31089_31149_31183,09309ae22e79e6b0e1e4b66036abd152,42.31239462,-98.92451421
FIPS_31073,683768cf9ad8eecfd2e847498002cd29,40.51470969,-99.8307609
FIPS_31075,e80a5fcb147d23edaed26cc0c74f47ab,41.91498022,-101.74059542
FIPS_31077,f5cfb8cbfcd2fdd60665099993430d6b,41.56734961,-98.52124308
FIPS_31079,c96742836bff214c3bb498c11c10ea4d,40.87247877,-98.50217312
FIPS_31081,712c755bf49c37568c2a9934f32e6155,40.87290968,-98.0230008
FIPS_31085,69c263f51349413d34f878c7f6b06144,40.52473373,-101.06184106
FIPS_31087,808c180bdf9dbb4aa16f114e795a59e8,40.17630306,-101.04226873
FIPS_31093,f1b967e673681c3b9cdbc9c568949344,41.21994965,-98.51709513
FIPS_31095,3c12c84af346626dc2f1b77e52bb301e,40.17567757,-97.14271567
FIPS_31097,507a08d46df3369ee992dae0ad39b856,40.39259684,-96.2650984
FIPS_31099,8d6b31ed2ba3ecd5a1c7a80773f01ec2,40.50665225,-98.94803848
FIPS_31101,485f1d0ae76a063a524f0c6315e93e74,41.19879786,-101.66138921
FIPS_31105,10b83e434ddcd9c79ad2b9be2fd0aa84,41.19760741,-103.71491858
FIPS_31107,ec217345c687eb83217574d4dccd5551,42.63677926,-97.89191645
FIPS_31109,f16805d9fc37f021a682d86ab3013bb7,40.7838913,-96.68775713
FIPS_31111_31117,deb8fa4e8b8b5c09158ac98f5655075f,41.1779122,-100.82369007
FIPS_31113,e5c1744e18ee06806b928a7b9129435f,41.56647759,-100.48273732
FIPS_31119,498b71407ed107b5a3f83951be5b4df4,41.9166045,-97.60077859
FIPS_31121,86cd44d9fbd46fa7d4e40bc4dd5974a2,41.16899054,-98.03834902
FIPS_31123,7638ca8ac63c145195788f998393b1fa,41.7157052,-103.01043576
FIPS_31125,535a60b1776bb47cc3b55a73fc486c54,41.39734308,-97.99232954
FIPS_31127,88f9344f9167663504c5cc3a143a9b89,40.38762712,-95.84978514
FIPS_31129,7d7da6daaf3732a05b10cd8b625c81fd,40.1762964,-98.04718542
FIPS_31131,e06e5fef737c2b369a295d2b22fa1b1f,40.64855904,-96.13473079
FIPS_31133,795a87ea31ee42f7f0cdaff766a58238,40.13152473,-96.23705602
FIPS_31135,c358fd9b46b9fddccddd7a427e522f9b,40.8510313,-101.64959803
FIPS_31137,29ee95b93fb0808302bdd375a72e2de5,40.51105365,-99.41452786
FIPS_31141,90e67987539164c4f62dd88d4558b1d6,41.57120875,-97.5210886
FIPS_31143,dbc2b9f1b9817697af2f3052ab85321b,41.18683976,-97.56851891
FIPS_31145,242042cd09eec2aa2770a7ba2a3cd2e8,40.17578497,-100.47686191
FIPS_31147,4135e6160b631ba9d74c58e11136d6f8,40.12509521,-95.71748208
FIPS_31151,e03fa839212850ef81d52ee81dd1d7b5,40.52397529,-97.14090819
FIPS_31153,82df31b5ab82f68d161448e658fdd76b,41.11295675,-96.11203137
FIPS_31155,902f67ebc102db0a3a3baad4f763ae21,41.22627415,-96.63728548
FIPS_31159,bfd6bb38a2386fbab71d56ecdb552b42,40.87229776,-97.13950908
FIPS_31161,328ffd5b7bac35dd51c914156e01007a,42.50360637,-102.40878526
FIPS_31163,6392877325fd73711329e5df268cc96e,41.22050075,-98.97620958
FIPS_31167_31179,24fa51a30a2343afc2707d6b0a095750,42.06510073,-97.15610336
FIPS_31169,13a0e2e9d803e8072b0d637d16f5fdb9,40.17620278,-97.59492019
FIPS_31171,0ee538bb20ea7c803d4033366d8da20b,41.91353132,-100.55588045
FIPS_31175,5796f99c5d3c7bac8c90cc042869a7ea,41.56721594,-98.98190013
FIPS_31177,58e473658c4b6757ec8379817d35e6fa,41.53098979,-96.22190176
FIPS_31181,b58face67d2ad0f6ae0de365c1fcd418,40.17635022,-98.49994753
FIPS_31185,b789ce7f0c28e1831a5b0a1998e38d1e,40.87265802,-97.59710659
FIPS_32001,93c06a67af6b87aa9f7a83de8586c016,39.580718,-118.33572158
FIPS_32003,619c1be4c89a19705bf8e782db74d127,36.21387654,-115.01366961
FIPS_32005,4f80dcbf24c10c3ce9f7a1516a62e587,38.91216175,-119.61583179
FIPS_32007,360136214356045a328d50619083ac42,41.14397861,-115.35470513
FIPS_32009,44c7d2e7b23eee739f61b49c659a25f5,37.78376691,-117.63146322
FIPS_32011_32015,fb56257137cbb9e193b799668ecbbc6e,39.95249801,-116.70700789
FIPS_32013,1b159dc50cad7253d6c91bc03c2bf33c,41.40670495,-118.11097524
FIPS_32017,45d95af3e246cc5a1514a05b6c5a172a,37.64129145,-114.87935081
FIPS_32019,819cf18d6ae3946f1236281a3b4ddc81,39.0193341,-119.18855566
FIPS_32021,ee6929cfd8dd567e41e4efe843b42dcd,38.53778845,-118.4346791
FIPS_32023,8e241a00e2905962b86a2e25a7945c70,38.03602316,-116.47007822
FIPS_32027,31f16d3ab7ac2c7e89fc56fe45eae7e1,40.44062099,-118.40415419
FIPS_32029,f313349e6ef8ece66bfc2859d7b1df96,39.44695806,-119.52946401
FIPS_32031,f2f9a59e405df2007b650aea104ac5c1,40.65689812,-119.66456919
FIPS_32033,44766fb4dd4e4977e75a9321cbc6413e,39.44097527,-114.90093002
FIPS_32510,0e22aa2a44e7e297c6365f23dbedd92c,39.15115911,-119.74756192
FIPS_33001,3c2039db61fe90adf34f25f38deb893a,43.51787868,-71.42246328
FIPS_33003,da396723b0381ecdb354cfccc2bf1799,43.8732972,-71.20300439
FIPS_33005,f55e789fcf33c8182dc984fd544a4f07,42.91915504,-72.25112794
FIPS_33007,d978feca237e502810bbe54a398e1dac,44.68796059,-71.30575907
FIPS_33009,60f2af4652da10f8a4918a64350c92ba,43.94000192,-71.82125742
FIPS_33011,9eee785759c110d74ac2653eae4c0791,42.91515465,-71.71577702
FIPS_33013,f5e2e5bc65bce4f8d1c7c67acc428f8f,43.29739737,-71.67995961
FIPS_33015,b359ff14a406dbfe43f505e5b9dfbec8,42.98751917,-71.12543674
FIPS_33017,0d173a5f998a6ce4a461508bd6e72668,43.29677938,-71.02862869
FIPS_33019,a66f8f0921301a9b92d41aec1644b0a5,43.36104593,-72.22226821
FIPS_34001,3c50c0cf057cb8aab8bf3fb28b711b6a,39.47769927,-74.66089009
FIPS_34003,8411899c3d68aa07d7d142ed8e13833b,40.95961228,-74.07411852
FIPS_34005,7705bb4e7375d8961465113befbc0cab,39.87750297,-74.66774509
FIPS_34007,04ff2896ed09b2e8d686c58dcb78cb83,39.80345751,-74.95957274
FIPS_34009,6ff7ca43e92a9cda1bb545935a671b87,39.14888095,-74.80033316
FIPS_34011,d3b1db304152af564f2675ca8e5ac45f,39.37381819,-75.11065748
FIPS_34013,bbb8541a11eccdc1bbe0400854b72293,40.78718318,-74.24703559
FIPS_34015,efa31ecacdbb8af98e090785d822df74,39.71722971,-75.14121753
FIPS_34017,2ac4bbf0c1236555cc7e9e5211465ed8,40.73494874,-74.07780256
FIPS_34019,f9eca5038949eae460da07906408a092,40.56718327,-74.91227428
FIPS_34021,4e1da5211a7142efd9897c4ae30ec9ad,40.28341665,-74.70168208
FIPS_34023,961eb5387637cb09f5565841f9f37619,40.4390679,-74.41180333
FIPS_34025,9ea68e97266389f3fe227b9c0e0084f3,40.26045348,-74.22115103
FIPS_34027,24826fc186de435324b417a145c1def8,40.86197194,-74.54460142
FIPS_34029,2347b56cd69fbf237e6af14df8c074ab,39.88475621,-74.28087629
FIPS_34031,27284d03e45756075aaa168fa670f8d6,41.03424527,-74.30068607
FIPS_34033,7b4d0bb1ea88165e7da2c307bea11d6e,39.58752448,-75.34890036
FIPS_34035,ccdf2c69fadaa5127cbd0c0a7feac280,40.56339275,-74.61638984
FIPS_34037,9adf3fead0348d61f962f6b9e0d8644b,41.13919976,-74.69097324
FIPS_34039,569946dc65c3ff896c21399ba5384e0f,40.66002369,-74.30849847
FIPS_34041,0cab39e4b20b8d4e0f9a5660203d6ffb,40.85698916,-74.99750386
FIPS_35001,fb8fb2ff998229aca1a25c0b94b94cc0,35.05153853,-106.67010532
FIPS_35003_35053,e4dd42012225db03231f6da2c14cef0c,33.96216618,-107.68330984
FIPS_35005,eee5bfe09413b2b48821a5a488b1f494,33.3625491,-104.46893791
FIPS_35006,3c3fc187d1ba149ee53962f7806ed483,34.91316564,-108.00038
FIPS_35007,c7d7a54da0f35a8abde8961b6897abe1,36.60612281,-104.64688154
FIPS_35009,591656c0b040c52ad41a655e635ec1be,34.57402848,-103.34729403
FIPS_35011_35027,58e8a856b341bef0d6146e39f5a62c6f,33.94061112,-105.12007408
FIPS_35013,21bfb285d4d914a24e62afc1f1cffde1,32.35200814,-106.83319823
FIPS_35015,57de6410e68022fc3db04b5c440cd1f9,32.47112136,-104.30435214
FIPS_35017,f8169d1798f912a4f544390d8a53cb92,32.73829092,-108.38220409
FIPS_35019_35047,e869b4264aa930a7818dfcb06a6fb63d,35.24049766,-104.80624431
FIPS_35021_35059,a2d8184fa3041941c7cb0431b8ad373f,36.25855871,-103.5955758
FIPS_35023,16757f4d90fa4e95156541c44c6c6ec9,31.9130107,-108.71423263
FIPS_35025,7974dc9314dabaab55462b7ab1b3d3c9,32.79029726,-103.41245702
FIPS_35028,6022a1e286ccb90faba60f4a1ab47d58,35.86929423,-106.30732247
FIPS_35029,6181d7a40d05ec551c178d3c720b3cde,32.18200763,-107.74985872
FIPS_35031,98fe179807288d2f5b33d1b87e42a694,35.58094757,-108.262762
FIPS_35033,d0827043dbbfc18eb8fb662b0bef026c,36.01086998,-104.9449019
FIPS_35035,d2f5a3d588f126cdc58997a0398ab960,32.61222954,-105.74043388
FIPS_35037,881d3a52fe93ba18d57708504d345b79,35.10389252,-103.55112658
FIPS_35039,fec422f02a5eb32c4d69dec4d8c6ed68,36.50961224,-106.69215936
FIPS_35041,aa0b1e488399147a304e5edab76264a2,34.02081602,-103.4793501
FIPS_35043,79557cb93066f4470b8cee6e9110f757,35.68815891,-106.86497821
FIPS_35045,53f51ff216e36eb3f93d24c4d0cc2793,36.50819882,-108.32075633
FIPS_35049,49124b8c93ea8a3364be45f449ec2985,35.50615768,-105.97633082
FIPS_35051,5aae68270b448da2adfa823502b512a8,33.13078496,-107.19269597
FIPS_35055,4773b356503b0370e3380e03ec73421c,36.57746834,-105.63108702
FIPS_35057,d457c0235036396f11714cb337bc0445,34.64036278,-105.85098194
FIPS_35061,62f437b94fd208abe564e604ecd218fc,34.71552527,-106.80888658
FIPS_36001,c48ec6112a8e66ac6e211fd95210b551,42.60009731,-73.97373036
FIPS_36003,6f33874babc9840cdf0fcdd4643c958b,42.25711747,-78.02753345
FIPS_36005,8ffbcd62cdf41da17fd1d32fa3ba9a28,40.85002953,-73.86604759
FIPS_36007,b3d3acfc0b4d69d24dcaa9ee2cf4977b,42.1601733,-75.81931083
FIPS_36009,0566a7d2b6403531a6b808ca3fff0f12,42.24849814,-78.67886903
FIPS_36011,c6996dd5e0f7a6af62c2a503ab1961cc,42.91686015,-76.55418939
FIPS_36013,4041a3f32807041762d6eb27e93031f1,42.22796437,-79.36668802
FIPS_36015,9ff162e32b3228dd8d3ebb6646232202,42.14120392,-76.76001152
FIPS_36017,48cbc627414bf287975149cb268ebd9e,42.49322046,-75.61160762
FIPS_36019,7a8940a8e598612e4e91d4478c968409,44.74586535,-73.67820097
FIPS_36021,1bdd43a9f880bb095fc0ba4f82753c53,42.24981338,-73.63206316
FIPS_36023,f2726adc12fc8d21c875c9ee5274335e,42.59486486,-76.07025478
FIPS_36025,94860396908b3cb9a7286bd070132db8,42.19797012,-74.96684449
FIPS_36027,59b8a68f5518805ff14961c896caddae,41.76485213,-73.74290333
FIPS_36029,15df288a9f4e1a1ff88b0a1ae34a4cef,42.76351725,-78.73248605
FIPS_36031,61c0f06df36ab44adf84a7fdad5f6b9e,44.11673872,-73.77316462
FIPS_36033,a290c7b96bb914e661a0c8379077231f,44.59193966,-74.3037091
FIPS_36035,30aaabbec8b8e1961770c48ee27036b9,43.11387975,-74.4221266
FIPS_36037,396695e64b47b6de6069029adaa04f47,43.00092814,-78.19371998
FIPS_36039,08178acdaf59fb8ef375c94d8977cc93,42.27653841,-74.12287189
FIPS_36041,7a6f5f6a69fe900cda205b8c2d811cd4,43.66020984,-74.4971554
FIPS_36043,936d1f13b9aac641b5d124d96dc7cff9,43.41716385,-74.96227592
FIPS_36045,127839fe64b312c7db27fe3488c1918a,44.04900783,-75.92147574
FIPS_36047,3f20872cfee4278dba7b3c0d18d370f8,40.6395086,-73.93849439
FIPS_36049,9e2820cf5cac004ea701f2a1b891cac3,43.78465026,-75.44889902
FIPS_36051,a748fee25fe35e147e4ce6b502c6a2e2,42.72783029,-77.77553591
FIPS_36053,7d1d35629a08603fb275b39f7de35693,42.91264421,-75.66936727
FIPS_36055,3e0d8c62831be543274f481342713d08,43.14637067,-77.69591038
FIPS_36057,8b73376d915c648083a0f06b99a8495f,42.90234905,-74.43964473
FIPS_36059,c31298d87a7446a1854f5a71f475b343,40.73277609,-73.5864478
FIPS_36061,0f993207d1f399d38d960ece5fa871ea,40.77840196,-73.96742087
FIPS_36063,cf26515238e08ce814a967ddc774bf5c,43.2000558,-78.74536742
FIPS_36065,04112144566d77d75f935b26101dd71d,43.24145837,-75.4358386
FIPS_36067,a19378c33196a8e3f355d78b073a832b,43.0056315,-76.19450688
FIPS_36069,33936698133cfff4e8303e4edb690110,42.85276043,-77.3000259
FIPS_36071,e6023ccca220fd5cf3f2a2d7b7976823,41.40216298,-74.30559866
FIPS_36073,297fbe6be1631f492c1783ce8db54a6e,43.25205658,-78.23122222
FIPS_36075,04ad4a14ba8032dc4c59069c464341d5,43.42682804,-76.14164475
FIPS_36077,1eb09b1b87507b37457999d05d657ae6,42.63360896,-75.0329353
FIPS_36079,4b7dc121caf2baf0963a047346fc8df6,41.42674289,-73.74956039
FIPS_36081,9db0787c1c4f696a5ef1789dd3ebe1af,40.70223613,-73.82028236
FIPS_36083,b03ed0e10dbb711cca35443b73118675,42.71082518,-73.50986353
FIPS_36085,3d95a7881b75010c3934a504104818ba,40.58076457,-74.15242858
FIPS_36087,55a2471ff102d6ea6bd23c81aafdfd43,41.1524977,-74.02418566
FIPS_36089,ebde33c70e6e38c6377f49e3d1956fd1,44.49582039,-75.06902342
FIPS_36091,6f521dd735ccda98b373dae2db137a15,43.10708868,-73.86371463
FIPS_36093,23ad20eef871a6b764607326cbb28062,42.81811945,-74.05863332
FIPS_36095,7b85a96c455fa59d4d2780f095b9abd3,42.5880523,-74.44208173
FIPS_36097,a9eea24ba5eb9664c1341d21cf78476e,42.39376986,-76.87519135
FIPS_36099,712775bacd00b61567ca8eeb605853c8,42.78077562,-76.82365422
FIPS_36101,08bc6a3cf0983489f86e2c1c24719a22,42.26754322,-77.38367443
FIPS_36103,a551f123e505d4d5d75058aae10e993b,40.86899632,-72.84578331
FIPS_36105,690027d90a021ddbc2c69e699546fc03,41.71622078,-74.76803966
FIPS_36107,ea290b1287e57f0e4583722a27a560fc,42.17018105,-76.30636162
FIPS_36109,3f2ad34b5e5d4a0532b9fb0f84ed250a,42.45192269,-76.47368405
FIPS_36111,a7b344c58979fefcf891b91a8e5abb22,41.88792167,-74.25838303
FIPS_36113,248210163abcc765cc4b37cf971ef792,43.560778,-73.84604987
FIPS_36115,e135d58b281b92bb666a29ef5219dc90,43.31295365,-73.43076484
FIPS_36117,7d9333484136f9bee0b36aef0d8b079f,43.15668063,-77.02938446
FIPS_36119,c2bc8f626b7aa52fb0eb9871805d865f,41.1621732,-73.75615107
FIPS_36121,8b8d1da62eae2fc2cb0af8663543336e,42.70229843,-78.22446975
FIPS_36123,74bc19702ed65099e64bf56390483043,42.63340934,-77.10535586
FIPS_37001,125ffbed680fa712eaa4e8460b5449a6,36.04357117,-79.39942358
FIPS_37003,ae805f92291f70c89704639204aa1d6c,35.92101007,-81.17705142
FIPS_37005_37009_37193,4c4009c164e8076c538e0174862c9885,36.32251566,-81.25876729
FIPS_37007,b3e1842e0ce3687d21d6a2292b4ad7cd,34.97373982,-80.10267238
FIPS_37011_37189,5069998fffcf94fd43cbdec08b533be9,36.16295611,-81.79633643
FIPS_37013,5468b368b1b5adcbfc133ee8ee94bfa1,35.49392886,-76.85971686
FIPS_37015,2cef62389cd33c26dc98735ef4cb5676,36.06613718,-76.97857933
FIPS_37017,b2b9e8eb2b9bc46c4f57785472b96f4d,34.61456875,-78.56348178
FIPS_37019,6afe0837f8aac5e0a2a7fa5161b07b56,34.07098813,-78.23786643
FIPS_37021,7fc2e837c73d955ce1144ab2d5d765a7,35.61117277,-82.53013498
FIPS_37023,5b629f02e23fcc3ef15e60dcf3dd8fcf,35.7495732,-81.70460919
FIPS_37025,7effc8914773ffc145f87c2da63fade2,35.38675682,-80.55187379
FIPS_37027,3f5a51db5c7936950261ef1da3b25202,35.9530022,-81.54633979
FIPS_37029,88927abd7def7f9921d1b3d2dc4f9693,36.38761835,-76.20591951
FIPS_37031,f863c1c3ef0a21f87d108f0c0fac757a,34.83585903,-76.6592689
FIPS_37033,95bf5763251f491480a0c1e5b76a16d8,36.39323266,-79.33353066
FIPS_37035,4fd76758ca20a054063d174c3cd7f394,35.66206322,-81.2150606
FIPS_37037,5cc9ab68594aa0ea6bf2f0ecc3977c44,35.7026103,-79.25539391
FIPS_37039,816f29f7fcace6a71651550c57d8705e,35.13389166,-84.06354728
FIPS_37041,d9efa6e0a8cba54f51b61621ed310a37,36.15076066,-76.60783148
FIPS_37043,1ae3b06b074c26ee1f295fd389581590,35.05720887,-83.75018268
FIPS_37045,3a8c0277784d1c4909361fb79bc85a14,35.3339921,-81.55547698
FIPS_37047,dedd5db8f760f36dd41fba0d5e94308b,34.2656869,-78.65501337
FIPS_37049,ca365d90437e4060d4dbeaad5adebad5,35.12467386,-77.09344258
FIPS_37051,5e70fb4a015f91554fd3480becd9aca1,35.0486583,-78.82759213
FIPS_37053,259c26763bc375e36a684acde5602ffa,36.40288553,-76.00564536
FIPS_37055_37095,92d4b7bb956fe78c49c4316c93438eaa,35.62268354,-76.0836614
FIPS_37057,9a9fdbd56eb7c442646ab01c6bb3a70f,35.79317667,-80.21270639
FIPS_37059,e0e9aac8a8b927ecef9e62a1633573d5,35.92906635,-80.54445419
FIPS_37061,d7bf523a314c5d650e9b49cd3788cc82,34.93641847,-77.93296931
FIPS_37063,d7cbbf830501a1332d11174fd90af4db,36.03592659,-78.87659745
FIPS_37065,d42e8faa72ba342df9147902bebb0aac,35.91280635,-77.59704301
FIPS_37067,075a91a991e7d46281436936d8e17bff,36.1306203,-80.25634573
FIPS_37069,9987439b9205fa1e757a7d32cc51777f,36.08272589,-78.28574279
FIPS_37071,7924086849cceb73a55ae2ef21f5f6bd,35.29433295,-81.18020558
FIPS_37073,c50b40b057149f613124fe9c535b003a,36.44495942,-76.70049597
FIPS_37075,bef40f55e8ec1e2d878b9c8157c4277b,35.35018447,-83.83361593
FIPS_37077,892f34aa7ab656adb0cc58dbcbd08d7c,36.30386162,-78.65272703
FIPS_37079,2760f1cc32d30840f01c43ee008fa1bd,35.48497021,-77.67573618
FIPS_37081,5bf83765a9b40e753efadf660e4dde44,36.07943932,-79.78890214
FIPS_37083,900e3a38a492fd258dc54b8872c2dec1,36.25742078,-77.65144451
FIPS_37085,caff288f3dbd050e5c0e76097e333ff9,35.3688324,-78.86939127
FIPS_37087,d2727ab83af8a2031e49ec3970037725,35.55593489,-82.98201139
FIPS_37089,5ded4c8811f960bf12aec90c55e75e13,35.33619653,-82.47996718
FIPS_37091,9b3f19c666b37dcb52bb3bfa51ae0c46,36.35905637,-76.9819429
FIPS_37093,d22ae44d781e0bbf0ea7748dc55de295,35.01747343,-79.23726727
FIPS_37097,3e9ab873309a46c29f602377705e5b4d,35.80680489,-80.87345127
FIPS_37099,614484cb68d6a51ba0e36f9794ee38fc,35.2874591,-83.14071685
FIPS_37101,c193e32491586a336b2db8341da77a15,35.51771555,-78.36577945
FIPS_37103,c01f14d4df01c170df326c51bec1480e,35.02173078,-77.35499325
FIPS_37105,edcf88e7819d5bdf226faaf1a6fbd563,35.47515906,-79.17152527
FIPS_37107,a85fe35ef6c5453dee73682059046c28,35.23871639,-77.64131254
FIPS_37109,110717adf61f48167e0344209397ee49,35.48567428,-81.22349783
FIPS_37111,56e50467c8f9b2f27641d5f950c24eef,35.68163335,-82.04934717
FIPS_37113,38d5c9e6ea8ead1ba673e0212e1ee2fb,35.15046357,-83.42206715
FIPS_37115,7e3da1dca2700e3225382921dd70b8c7,35.8580239,-82.70583929
FIPS_37117,512ba6448f63790387e2ad3d3bc630d0,35.84322166,-77.10900623
FIPS_37119,02561202cc074e8f025c5fa81209e671,35.2466381,-80.83270842
FIPS_37121,0764e71907b6667bf2af8892137c7a97,36.01315545,-82.16346183
FIPS_37123,36313c39a91e7913ecc0cc12e5ad7b3d,35.33239834,-79.90541771
FIPS_37125,aa0952d4ab66756202e6a7dcd7616bda,35.31057927,-79.48126571
FIPS_37127,8617e5b11a7b27234df8332132f72268,35.96716579,-77.98664229
FIPS_37129,360993beda80fd8b385b2c2c8ef98ca5,34.23269042,-77.88471609
FIPS_37131,33fe8ff56f35eddfd39d1df621c9f57a,36.41775042,-77.39667584
FIPS_37133,5a83f87713f28e0f56d83fda9060e7e0,34.73204586,-77.43207357
FIPS_37135,c0e23406f578063150f4e2951421c995,36.06100607,-79.12067056
FIPS_37137,dea535178c7cc66cd64a57946b006ef2,35.14344171,-76.74082059
FIPS_37139,53a8e03961d92239555b13a05ac0c34a,36.29541666,-76.28377766
FIPS_37141,21f3d3617d918301203e6d1515a4c349,34.52482427,-77.9050664
FIPS_37143,c74b5276378ed3bd70cba37a3ac45fea,36.20581953,-76.44109971
FIPS_37145,366d097cd45a78d0c5840e1539d06c5f,36.39004267,-78.97180963
FIPS_37147,8c10d9c992f1064fcc476017e7de7a3c,35.59320116,-77.37442925
FIPS_37149,635d6ac5890c766cfddd67b3e0bafab2,35.27928229,-82.16966069
FIPS_37151,b1795814ef01760528561d6cafc75817,35.71026822,-79.80601019
FIPS_37153,ce2eb393c7bb5ee9841e1824128f52fa,35.00597437,-79.74773515
FIPS_37155,e8a3777419e96bbea83badcc07adc2f6,34.64011271,-79.10386936
FIPS_37157,ff4776b449efb88b35fbf6187af9771e,36.39601334,-79.77498528
FIPS_37159,665abc2f6f55c9be9952b327c7f52baa,35.6394212,-80.5246259
FIPS_37161,25da35c3caae93fe52ceb26ba1d5adb1,35.40256636,-81.91978789
FIPS_37163,c7204958ab2a72430f7c9c8bbea79be0,34.99132255,-78.37120998
FIPS_37165,9a3fffd26a576a089927f9c34f60c7e6,34.84080384,-79.480435
FIPS_37167,5b52c2a49dc6e0b0f512ce11c5e4fbdc,35.31186926,-80.25103939
FIPS_37169,c40df15b5da1af4f7e5e658b00d4c627,36.40188683,-80.2396662
FIPS_37171,fe7212d1ad2166e6366228e01e1a258e,36.41464382,-80.68791101
FIPS_37173,e16fb56422549ed781faa902c92bfa2a,35.48684327,-83.49288209
FIPS_37175,8ece19933559130a12e17f35c404570f,35.20214074,-82.79840218
FIPS_37177,3227549fc4d7b0b942317fd2f640160d,35.81714373,-76.20896113
FIPS_37179,33a84c00e939cc5bc0ced0b8b246ab3e,34.98831905,-80.53080765
FIPS_37181,04781d233bb1aa1e65ead1422900fdbc,36.36481548,-78.40794719
FIPS_37183,d71b5bc5076243ac22b8e30d988b67ae,35.79023984,-78.65047846
FIPS_37185,3a695fc89fffd769dcec3a8872d2bb2d,36.39646046,-78.10670718
FIPS_37187,0522f0f077611617c09c361e91503db9,35.82259666,-76.5775173
FIPS_37191,5b2afc07f58d13c0203bc1df693d7017,35.363861,-78.00407129
FIPS_37195,c5e0299714bda49d29f444c4ac527453,35.7051524,-77.91869124
FIPS_37197,b66974d1cb6b6a61dc2d659ff795410d,36.160539,-80.66525572
FIPS_37199,8c8b4ac8a579c8bea7c977fe96d65983,35.89888925,-82.30754435
FIPS_38001,6487ba8ae406887e3c94a658d21dfbdd,46.09696584,-102.52834438
FIPS_38003,b0686725511c0b7a877d97303dc036e1,46.93565966,-98.07147547
FIPS_38005,0aa519b9fd9be846fcedee48dbdb44fd,48.06926572,-99.36529611
FIPS_38007_38033,ad33d4b32af25dab6fa9a74dd8cddfb2,46.98418511,-103.59525607
FIPS_38009,54f4472e596fa8826686790226920fa7,48.79240598,-100.83327101
FIPS_38011_38087,59627786a7af0a7c40d970c7028b7745,46.28372144,-103.48974399
FIPS_38013,2ee7d49cbf53f1079bfd51cce6a1c06f,48.79082809,-102.51835376
FIPS_38015,b392ff717dfbbf46b8041d7b98e6de00,46.97689691,-100.46868218
FIPS_38017,e4161440b97ffb6c598204e0b9893843,46.9325872,-97.24794373
FIPS_38019,6fb5805e13f6fac6c4b268029196d1be,48.77223844,-98.46478905
FIPS_38021,7856e1f16346c09190977fc5bf224ae5,46.11023435,-98.50470224
FIPS_38023,f5a7c84ef5817d4f09432d22bfeb2a45,48.81500965,-103.48729849
FIPS_38025,c336e823d31280b5ded5f32cdaa0fe0c,47.35609675,-102.61818893
FIPS_38027,1c7e19555c747737c9064d29ea238f27,47.71766473,-98.90162015
FIPS_38029,63e5ab8795c192e94cdc7f421927d7b1,46.28441439,-100.23867205
FIPS_38031,44dbe3dc0ab3f76a2fb5f9cd7fdcbc76,47.4571377,-98.88298512
FIPS_38035,fc57743d9d05b175ede3ff68f2d8623b,47.92166886,-97.45671114
FIPS_38037_38085,26569a2dc340c24502a4fe0b46e711b3,46.25923563,-101.39727115
FIPS_38039_38091,63a870d439103e960fd82086ec3a5d0b,47.45671452,-97.98096036
FIPS_38041,3648d0f7a719a39f363f6748ecb90918,46.43247676,-102.46011175
FIPS_38043,bb258a61b2b578681ca9bb5bcf8d4daf,46.97941743,-99.77999471
FIPS_38045,63bad29d7bd81c84cfee6ab8e3890545,46.45702243,-98.53546556
FIPS_38047_38051,2c02b74277afcd87edd346faeaa21bd9,46.28598156,-99.45940561
FIPS_38049,5ce3197852088a7e5a3c8b625430c44f,48.23369364,-100.63598941
FIPS_38053,d347ad6d027270dec609d179e21995d4,47.73973106,-103.39629814
FIPS_38055_38083,32bae55485fd5716ea748794e67da429,47.59819614,-101.02653807
FIPS_38057,bd552ac73bbb7569413071a2661aab05,47.30890219,-101.83174376
FIPS_38059,3d194d58a6470121c92f29c1ee4c936f,46.71603373,-101.27990162
FIPS_38061,f142c6067e6345134c6728f299cf4c1e,48.20062929,-102.3553078
FIPS_38063,fda1e6e7b8c6a594746d60ff48746f12,47.92133553,-98.19210824
FIPS_38065,165d6d6efc3c235ff0c042d3d8cfa8fd,47.11535633,-101.34032778
FIPS_38067,da03ec3df4a3182b2235d387e94b66cb,48.76729978,-97.55171953
FIPS_38069,baedb748044841999a16d08bbb7e7299,48.24879767,-99.97218228
FIPS_38071,b19db9e093184a424038e07ab2ce8425,48.26864184,-98.72026121
FIPS_38073,3c9e23a0c15bea3ded2046e8d86d7db9,46.45613004,-97.65740175
FIPS_38075,e120d8cb6af50a5cbf76b8fafd89afb6,48.71853562,-101.65711822
FIPS_38077,ff46fb7782a53ef41bc031428e1ed4cd,46.26402284,-96.94800602
FIPS_38079,1372c3d1724fa299700974106f330ccc,48.77222058,-99.84087865
FIPS_38081,224f6f4f54725cad077b4ed22fc90fc6,46.10791702,-97.63072154
FIPS_38089,0607fc0e91072d38ee2f2ba2cf07b77c,46.81085742,-102.65514856
FIPS_38093,06272ac116657d42f35bc81a1e28799a,46.97875393,-98.95874989
FIPS_38095,ce4a34de8a08d5b2a3fb5dff44d7a5d2,48.68492176,-99.24567578
FIPS_38097,ef95b846b1e8469e32e7831643ca00ef,47.45398758,-97.16151939
FIPS_38099,1e30822b8bd1d607bb099fa9387b8976,48.36964767,-97.72129452
FIPS_38101,b7d944793cfd1c1f1b156d5d4ed191fe,48.22090176,-101.54051239
FIPS_38103,23770696e86230ab2f6d000142be218a,47.58723477,-99.66084282
FIPS_38105,4cb2ca077f51dd1ea110325095c79c87,48.34348596,-103.48040784
FIPS_39001,f7afdb11c40f9e80df4ba34919af5618,38.84539237,-83.47215435
FIPS_39003,0bbf479bf2780e276ffca0dfe4583aa4,40.77152896,-84.10580484
FIPS_39005,9804911810c0dd6d53af460e8ef34811,40.84577314,-82.27063353
FIPS_39007,0395b98de9a261e0dbc630e72b6bf183,41.70720242,-80.74829515
FIPS_39009,6036353d75ff673c66334007ac14f0a6,39.33381787,-82.04501595
FIPS_39011,98bc3ce1f9b74c3e5e3f22868b092d96,40.56093957,-84.22181536
FIPS_39013,c712da56ef432ac2c0485556cf452be6,40.01576419,-80.98855839
FIPS_39015,72f94a07442890cb36523803be008f17,38.93359184,-83.86713948
FIPS_39017,2073652e55aa1ecad6f87df8f1df77a5,39.43861612,-84.5756337
FIPS_39019,f9db6a7cd60dc1681a33c2061a5b15a6,40.57953704,-81.08972721
FIPS_39021,25efc250ba7103ebb3aad53283daf077,40.13770063,-83.7694717
FIPS_39023,51fd2d07c177df06712730b20748a335,39.91673133,-83.78432003
FIPS_39025,959d83db456f69a7ca5a7d683cc52f89,39.04731519,-84.15174772
FIPS_39027,da2412d2fc99067e7fa748d3b747c15a,39.41488266,-83.80845404
FIPS_39029,8f4b1408887128180d7d90794ba908a2,40.76840947,-80.77710135
FIPS_39031,075c4cf9e46f14578f4397e16a2b3f4e,40.30163981,-81.92002138
FIPS_39033,619c0570b1c04cd3426085a383cafb62,40.85071454,-82.91978161
FIPS_39035,c5cd388279f080fe8da4be34767bdf1c,41.4244757,-81.65876549
FIPS_39037,572fdfd496ec32968f94ab3cb3ca9991,40.1330358,-84.61931896
FIPS_39039,8318aa11ef077383ba5f553817999775,41.32396583,-84.49041169
FIPS_39041,d537b88df8fe11bf4cba3d5ed1d86360,40.27836732,-83.00476854
FIPS_39043,fbfe09ef251ad45dc509c7b26134e0f3,41.36330893,-82.61925859
FIPS_39045,a61744e1a00749156169e285086dd24e,39.75151347,-82.63062317
FIPS_39047,5b27b6d632522f24e120a9bed6be579d,39.55980532,-83.4560819
FIPS_39049,c4620e8a4aaa1f62e739608c2a866f9f,39.96948335,-83.00931939
FIPS_39051,f9d0c3ff6279d9aabcf063d515ff7441,41.60181308,-84.13007431
FIPS_39053,0cc346ec65e459bd61888a572b3b138e,38.82453052,-82.31693155
FIPS_39055,f166716e341817dbe3105dab5915c894,41.49944949,-81.17872699
FIPS_39057,655acbb5e441e03f9662509d41e4c74e,39.6915034,-83.8898143
FIPS_39059,e208540082992909d012297cbc49c425,40.05199675,-81.49432118
FIPS_39061,09e5e3e94f1a12843eb46581b1e8a881,39.19557381,-84.54269997
FIPS_39063,4f4462c0029f8008f3e8329ea28fbdbb,41.0018472,-83.66657967
FIPS_39065,32b37189d500243b8277718b2ebb9192,40.66149377,-83.6594126
FIPS_39067,6d4e0869a271896a65f53e281d4ba846,40.29381615,-81.09115643
FIPS_39069,ab74cae52afa59f5ab50f79a6599f236,41.33379054,-84.06818126
FIPS_39071,26d0c91010aed04a15325e72861cfee7,39.18468898,-83.60107241
FIPS_39073,806e9d73a891dbb8357c293eb84d9366,39.49704263,-82.47930289
FIPS_39075,299afad7fa95a2f1c0941d0f8f2fb772,40.56125701,-81.92926912
FIPS_39077,01dbb59de12641e7d43f38a51ea4e603,41.14624677,-82.59804122
FIPS_39079,c7bf6d5cc46eabd157d7bb7e037b3e00,39.01958453,-82.61834849
FIPS_39081,1287d29d6578e1fdbbd41fc0a38aef10,40.38483078,-80.76095946
FIPS_39083,32e87be821dd3aeec6a5b09e59d9cd4e,40.39872923,-82.42157192
FIPS_39085,a1365d9a2adc6209c959fdca786b3626,41.69655694,-81.23754496
FIPS_39087,16336454a85385930240ed442009e5e1,38.59838104,-82.53663835
FIPS_39089,792633c5a6038a1815b3d41d07bb2074,40.09158064,-82.48306992
FIPS_39091,84532fb3fd1d8145737e673af93315e8,40.38844846,-83.76582125
FIPS_39093,445fa0405d9532d901b9b3a9da55a813,41.29560397,-82.15106508
FIPS_39095,a39720e043f27ef3b0b9256b63f9de98,41.61992308,-83.65862834
FIPS_39097,d1fcdf15cb97c47d0ed1e1e10773ae36,39.89396715,-83.40051816
FIPS_39099,8f5357b3cb6f50a7d839fc05fa77347e,41.01465817,-80.77632714
FIPS_39101,45124ee994d4f620629ae4abd2f90c14,40.58718114,-83.16091323
FIPS_39103,d690fdab0437d14d4f2a887a3d2bfdbf,41.11753924,-81.89980207
FIPS_39105,f7660308943d2350de0f14731a7abd7f,39.08227473,-82.02281551
FIPS_39107,947663d22229f8112f748de091e39a85,40.53987237,-84.62935779
FIPS_39109,666ea6cdce817ac66f83e17f0229b4d7,40.05340791,-84.22881935
FIPS_39111,c5b3da73adacd81b5962e60b6b987e52,39.72731643,-81.08291694
FIPS_39113,0c2304bdad6b851911bc217300c13102,39.75458665,-84.29066572
FIPS_39115,4129e674ae0510c5453aff0b3122a713,39.62032328,-81.85269744
FIPS_39117,79183395bdfe7ed1995bec9ac7f4390c,40.52397625,-82.79410248
FIPS_39119,0e98729842c746b65e68c204d5c17c2a,39.96531363,-81.94431253
FIPS_39121,d3ee4b885a0649baf73adf9711f4bebf,39.76587467,-81.45560642
FIPS_39123,5824d6556d667e44db4870fcc6cbafa0,41.53824,-83.14088275
FIPS_39125,a14b729c01b19d15fb26292a66e59332,41.11660291,-84.5801664
FIPS_39127,486879a776de8b19e7c2b67ba78ecd94,39.7370431,-82.23599321
FIPS_39129,85c018bd6f55029030e522d8abc257ee,39.64188691,-83.02431195
FIPS_39131,ced58dadda88ebec98a7fabb0f296401,39.07741279,-83.06678946
FIPS_39133,da8b34330eccde3a97217aa87af21155,41.16757004,-81.19740202
FIPS_39135,d616a8d3d6f93b0347f1faad28124948,39.74141458,-84.64801083
FIPS_39137,3e7064359873e3915cbc80ccb6db7d84,41.02204755,-84.13179387
FIPS_39139,7e3ee3406563d7f446f46ed6bb6fdaaf,40.77448271,-82.53635502
FIPS_39141,79d09afa4d1929781c7956bf59141ab3,39.33763309,-83.05700041
FIPS_39143,a0ec6296fab322702b9c8345480e989b,41.35636609,-83.1461199
FIPS_39145,676c0c9be43fd984c92b0ecfdab3c0d9,38.80390536,-82.99283332
FIPS_39147,3870e23479b42ad046256d65834e987f,41.12390165,-83.12770164
FIPS_39149,96b5871bd63a9dd5c79c927de8527c9d,40.33147869,-84.20478123
FIPS_39151,45a5b0e008df414f758d13f6023c9aa9,40.81389092,-81.36575745
FIPS_39153,6d1ca411fcbc6a21484877d59be651db,41.12578321,-81.53219382
FIPS_39155,c4a55894b71e51a90b84a28c1b946d2b,41.31691681,-80.76126932
FIPS_39157,4b49091c850af05caf0012344b4a8a58,40.44078185,-81.47374036
FIPS_39159,c2a784a6cda726ef5f845e9192adb64b,40.29923612,-83.37150865
FIPS_39161,6589ee45c56ebe661629f7a37cce0304,40.8553689,-84.58607905
FIPS_39163,7fd23d812013ce3b530b821d855bccbf,39.2509525,-82.4852656
FIPS_39165,6f553c2501a0aa42d88525462997dd6b,39.42762283,-84.16673451
FIPS_39167,6d472067aa816c2b00e374dd4fe60fe7,39.45537822,-81.49548739
FIPS_39169,98eb573ff019b2f5725efdcf36dc19f3,40.8287958,-81.88800755
FIPS_39171,52772acd64d673518e1e82dfa3fd8975,41.56024924,-84.5881131
FIPS_39173,acc2abd1faf45a4baa3ff89062c87046,41.36154942,-83.62310623
FIPS_39175,285dbe36b6cab6c192769b2d22d9150a,40.84230189,-83.30439179
FIPS_40001,3183fc21acb07e30098c42484e12d697,35.88369253,-94.65869885
FIPS_40003,515482f4944c209951dc1a340bd23051,36.73075307,-98.32397113
FIPS_40005,09a66d2b77b4ea8c659311f7ea5add01,34.37356753,-96.03807009
FIPS_40007,2cfdb14e053ad700dcb0a4eabb9147d6,36.7497554,-100.47684745
FIPS_40009,3f2f1d47c36d2ad8c27030b1b580b3f6,35.2687072,-99.68212333
FIPS_40011,321490c58d4ea3d4c09d27b3cb7adefa,35.87495055,-98.43354411
FIPS_40013,996a06e8c7029874b4092109ca2fe99e,33.96226058,-96.25982401
FIPS_40015,e51aa8e9806a70a036a77fec150d1407,35.17407909,-98.37502713
FIPS_40017,2c705d5bfa31ed6e0e9e4e8e4856e7ae,35.54245344,-97.98235935
FIPS_40019,713dc417a38ad80fdf481609ea2ac4b5,34.25087227,-97.28566466
FIPS_40021,51ac520c783d88964a793e455dae3506,35.90648442,-94.99967671
FIPS_40023,785230e0cbadc11a6fbff0514e224863,34.02676776,-95.55218694
FIPS_40025,1f4be5aac180c4920caae2c75e77076d,36.74837097,-102.51771993
FIPS_40027,e4ad15d88e2420846014045ac2dbf914,35.20295289,-97.32628201
FIPS_40029,ba3f349ccf03db34ffe32da4a234cad2,34.58815063,-96.29783783
FIPS_40031,46ca81a7c598a5230b6e7d0de3e83d76,34.6621389,-98.47171804
FIPS_40033,132eb557618302f19126586eec17c6cb,34.29020024,-98.37229289
FIPS_40035,0e1542eb9501f06a8c684bc836568a84,36.76160085,-95.20843666
FIPS_40037,dbc47b8c1f31c559de985ed898f644de,35.90244026,-96.37089556
FIPS_40039,12795bc7a24533b7946cf3584f0e8e1e,35.63891163,-99.00155033
FIPS_40041,33361cd70854b41ce5b022000f77b434,36.40802648,-94.80258379
FIPS_40043,b17dd06dc3e1db6768768c56cfcadd40,35.98772323,-99.00792057
FIPS_40045,7cd26db58f0de31308f6954245630c03,36.21797827,-99.75440042
FIPS_40047,fd2dbdcd4dbbe9512ba1a119014f6a5c,36.37901453,-97.7827249
FIPS_40049,d8da124409cad437d5d2c35b101e3b91,34.70463399,-97.3093705
FIPS_40051,1b4f2f6f94b053e3a32726e62b85db9c,35.01656702,-97.8840929
FIPS_40053,2096a1e3206c02898f4cb287fbeac1cd,36.79611536,-97.78612663
FIPS_40055,d44a4b265f457745992aee2753123da8,34.93569213,-99.56072126
FIPS_40057,298fbf7365715ccb63b71724722f7a21,34.74395073,-99.84614633
FIPS_40059,ea1350ae23fe71f26de3107232ae30bc,36.78879509,-99.66733735
FIPS_40061,cba85cf9d0ca4714faa84f7edc9d533d,35.22478962,-95.11674671
FIPS_40063,fa45afecc42bfd2ed529042f9e9df9b9,35.04817314,-96.25025846
FIPS_40065,1853414c691b3e17ad1a14b23dfb9598,34.58794359,-99.41495209
FIPS_40067,9a57c8a15e234d292c73a1b1719ef945,34.11097259,-97.83576377
FIPS_40069,46dae4d4627570456b79473173f92f0f,34.31648109,-96.66055255
FIPS_40071,602a3d4a4c3542eef209745ec8d6fc5c,36.81800419,-97.14408372
FIPS_40073,db793b3a1b4c40e4977207d285a5ea8a,35.94529277,-97.94210989
FIPS_40075,dd4d6182b1e45cf8b03b35ca1b100bd8,34.91631655,-98.98089176
FIPS_40077,6078c5a808c1d1fab2096fad001f4d0d,34.87599818,-95.25047204
FIPS_40079,5927ded5ff80b80a7cc7c795cb236a5f,34.89980935,-94.70350205
FIPS_40081,48e081d443097598b231fe0f53e95fdd,35.70283492,-96.88089816
FIPS_40083,5f4a3cce66826f215511be5c5320e23a,35.91924411,-97.44318933
FIPS_40085,3c9698c0f03b91734221692551383ed9,33.94990798,-97.24407713
FIPS_40087,19c2d0bfe72d7072c73323cd5c94bcc0,35.00931421,-97.44397501
FIPS_40089,4480a9b9f076fedfce83aaebc13c5368,34.11492222,-94.77131435
FIPS_40091,5914052cda144ede98a65e45a3cf45ca,35.37364211,-95.66700503
FIPS_40093,beb405c52d26c065acc78d558251e512,36.31182519,-98.53593632
FIPS_40095,3002c4f3485b1e76717e48f96e5fcbe7,34.02446977,-96.76911528
FIPS_40097,0bfe03cfc86690d2808a0b1a9ea20d8e,36.30180786,-95.23078953
FIPS_40099,1dafefd96cadff8d26613a66af7d43a4,34.48232014,-97.06795167
FIPS_40101,14919153f8aaf3af893165510756de56,35.61604719,-95.37918392
FIPS_40103,bd1bb6b87180689231804f4ceb383485,36.3884928,-97.23055954
FIPS_40105,3f00436e3415eabeafb77ba1fe5b6f87,36.79834973,-95.61737558
FIPS_40107,85b88bc0f811d78392c3f2fdc45f9ee2,35.46543633,-96.32261184
FIPS_40109,b9e0ea8939615cd9008530f5f4e5e54d,35.55148826,-97.40723631
FIPS_40111,940d71772d450302c32285a50184fa9e,35.64647256,-95.96425486
FIPS_40113,6a7385573f4916df503a45dcbd289845,36.628902,-96.39826588
FIPS_40115,6087889ef641d40c5804fa52689c3398,36.83544554,-94.81042058
FIPS_40117,dbaf25e052cd493640d30c7ef9a7a003,36.31688962,-96.69892454
FIPS_40119,82dd5a905e59accb6f62295917517991,36.07736742,-96.97561369
FIPS_40121,9e93087b5c0158b50884f9c44a535944,34.92365653,-95.74858726
FIPS_40123,721884708856a1b9b60f770bbb79e790,34.72798588,-96.68438065
FIPS_40125,75520ba59230a40bbbf8659160069ea6,35.20642099,-96.94842943
FIPS_40127,3f2aeb5c93e94f71e8226b1146649656,34.41613199,-95.37611184
FIPS_40129,cbac44f25cc867a81e7ec47ab95bbbf3,35.68824703,-99.69580907
FIPS_40131,b9dcc879795a73205c53d040d5fb1168,36.37134259,-95.60435739
FIPS_40133,8ffa6292a6f801969c7c652f514514c1,35.16727566,-96.61555652
FIPS_40135,35ae540ac24d774598bdf2bcfb3e5421,35.49539808,-94.755086
FIPS_40137,56d271e961fd402f9b0fee53fbaa9ee9,34.48555439,-97.85153217
FIPS_40139,cac2d36868fd45ce175dfe731aa5bf6b,36.74804645,-101.49011838
FIPS_40141,ab6c2776051fe76199341dc483bc5fcc,34.37280428,-98.92409432
FIPS_40143,4ca1b8216b221669a9d9ef5c4900fda0,36.12088456,-95.94148035
FIPS_40145,82aa20a74dbe3e0e85c23ba8d645d3ce,35.96107806,-95.52114704
FIPS_40147,a2409913883bc192c1608d76c6a47596,36.71488975,-95.90438222
FIPS_40149,11584937864e247cfc02d45725d65e87,35.29044124,-98.99221836
FIPS_40151,9def9dc444d0c2c4c161a3e16ae1d7d7,36.76681768,-98.86469597
FIPS_40153,fd87b82ce8683ddd634754c0d6bf0745,36.4225437,-99.26517991
FIPS_41001,043485b042179e1b0547288346a47044,44.70903953,-117.67640011
FIPS_41003,7602980244b8793fb90d3bfb3bef1639,44.49155215,-123.42945662
FIPS_41005,a86c4aec1bcf14eb30646ed8df2d2401,45.18789947,-122.22066993
FIPS_41007,aa67a5155398e6ffede7cf8b4825fe39,45.99486265,-123.65580323
FIPS_41009,30b8014701a623705dd4bbc01ee7860b,45.94361293,-123.08806827
FIPS_41011,75d8d147d09b832bb0367ba1844fdb58,43.1734595,-124.05941974
FIPS_41013,c321c755d0a92e0b884d3336cdf803e1,44.14195931,-120.35570634
FIPS_41015,f61cdbe6c7ec2049160dbb993d0702b5,42.45662444,-124.15629577
FIPS_41017,60d179bc263ce0fe8e342c2ea1e67fe6,43.9149499,-121.22690732
FIPS_41019,155722af3900b91a17eeb5a3c987defe,43.27913733,-123.16490481
FIPS_41021,65546ed1aea0d4a89d6aa035968c2a3d,45.37760376,-120.21051393
FIPS_41023,3e5fa5d77c90f90b0ddb3c43f64c2a78,44.49046714,-119.00749971
FIPS_41025,77fb534c73679ddb543437d0b3db77c4,43.05968978,-118.96659453
FIPS_41027,e787c80d4fae910c1c6d0a14eb2d5db5,45.51883679,-121.65106445
FIPS_41029,8f0ea5bcdb347609d6e66e60e3edf4b1,42.43140386,-122.72891202
FIPS_41031,7858bb7c17ce4b255a85be2df807b176,44.62969636,-121.17644722
FIPS_41033,c86c4404d6c078face600eda09b12443,42.36496893,-123.55545691
FIPS_41035,9558be539e988fbb9df02fcd4dffbad7,42.68354798,-121.64926459
FIPS_41037,8f550fa438afc57d2a4e868390396225,42.79073807,-120.38425141
FIPS_41039,d256e49359ddb82dc0659cb2061cb2ee,43.9392724,-122.84669851
FIPS_41041,46fed9ea4097abfe7799de65486ee1dd,44.64118254,-123.86827606
FIPS_41043,0fd65f0b76f945e2e150e441483a71ab,44.48888834,-122.53438926
FIPS_41045,4002628957f70084918b0d02535b3bca,43.18599488,-117.62299864
FIPS_41047,6076036fdb272f49688c571013f3ede1,44.90353034,-122.58374274
FIPS_41049,4f9b784fbdde0c7a965fcbda042b2b9f,45.4181367,-119.58371721
FIPS_41051,34fc31720ce1b1ab18191a852120231f,45.54707538,-122.41481168
FIPS_41053,ce943be8824807573e3d363d01058edb,44.90344817,-123.41327682
FIPS_41055,64ab4231945d1d5a695274aed20bda00,45.40477988,-120.68946507
FIPS_41057,89d7b51cbf6fdf18a3b0586c9e538b6d,45.46305972,-123.71301168
FIPS_41059,b5064c54dad42d46dc42428e982cca13,45.59102538,-118.73738124
FIPS_41061,8f47f205dd743292ec519f3fc8e70201,45.30969065,-118.00898895
FIPS_41063,54cbacbc5d8130ebcec9891bf80027d8,45.57914443,-117.18026749
FIPS_41065,0ace14f7dd3d8e29870664c6fa021440,45.15930826,-121.16747967
FIPS_41067,170277c92bb14228ea593cb85b2654a9,45.55996442,-123.09804819
FIPS_41069,b8b687939c2ff82c6cc395c7de783262,44.72556972,-120.02719732
FIPS_41071,b541f9935c1b4824b94f71c64ee36e6c,45.23263895,-123.30841406
FIPS_42001,753dba7a1e2b2511de6aaefc613b7aeb,39.87141278,-77.21791485
FIPS_42003,e89b40e45012370acb2fc278b3cb64fd,40.46868087,-79.98120168
FIPS_42005,8d3594b2d628ab99533d8d65d26b7ee2,40.81193048,-79.4646082
FIPS_42007,ef8ca39387015a7eeac2a0391b08294e,40.68214683,-80.34935309
FIPS_42009,8377024228992216a378ad009c990156,40.00628352,-78.49047596
FIPS_42011,d60c24a3d320c44bcd724270bc61f703,40.41624865,-75.9259258
FIPS_42013,16da233fed78660c0a49fe947c7585a2,40.48090611,-78.34852694
FIPS_42015,4a15b66881d8ee302b6e324e1080f523,41.78859947,-76.51537408
FIPS_42017,cdd7005c54b8cccc0d5f369ad7c55064,40.33681836,-75.1064357
FIPS_42019,cf7928afd766844e654110a341cb111c,40.91178261,-79.91336295
FIPS_42021,e2d6345be0924a744fdca3fb01c3b313,40.49505338,-78.71375637
FIPS_42023,cac06d4ace00a7b39564429b57e07a72,41.43668185,-78.20371086
FIPS_42025,d15288d9955379f7bde91577c9177310,40.91810995,-75.70889113
FIPS_42027,f297b6d8f7d2fc4548282b09b8a0294a,40.91898814,-77.8200796
FIPS_42029,52bba0492bf9dafb0adc932f95c72407,39.97298905,-75.74872233
FIPS_42031,0436fb3d3c9e31c428c82fc3edac9618,41.19224352,-79.42108031
FIPS_42033,8627a5992a7f67f8c1e3db85cf9c23eb,40.99989322,-78.47443944
FIPS_42035,8efada2b3d4c7acb1a733be531121ac7,41.23389085,-77.63798866
FIPS_42037,0d019bff90a558a45022163f906bdc0c,41.04833717,-76.40509454
FIPS_42039,f26bf5fcaf7b6a6483f8c9e4c5551ba6,41.68479011,-80.10638708
FIPS_42041,cd738e1809b4b8548086df18ff54eef7,40.16368822,-77.26565186
FIPS_42043,b485983611ae3465a283b77763a4c776,40.41522563,-76.7793962
FIPS_42045,cc649336067d9c3eec99d6e9657c2e1a,39.91678998,-75.39893451
FIPS_42047_42053,420438cd8cd50cff392e05bd8ed722e2,41.45540437,-78.84894694
FIPS_42049,c2fc6b52220199cbc20e74025c49b6c3,41.99264582,-80.03308952
FIPS_42051,d87a115c9d86093c5cf8e181a795ba8d,39.92003889,-79.64746068
FIPS_42055,506774f849b3f6f756077ca458da621a,39.92721597,-77.72132897
FIPS_42057,c71f89e8c8afa316ebade3f07fa04899,39.92518949,-78.11285559
FIPS_42059,6ac221eca41609c3aa7ea3aceab71cd8,39.85382029,-80.2228626
FIPS_42061,e6b61cb3f6d8c2bec3f885f43ffcc11e,40.41649011,-77.98123385
FIPS_42063,ee48b036c553073e2d4ac9828ee87625,40.6517501,-79.08778586
FIPS_42065,c7f803c381391bfba324f22ba9203446,41.12796477,-78.99943995
FIPS_42067,64e05037a21f2e2a33adc1b393f67d10,40.53105501,-77.40263886
FIPS_42069,127f75906618c4a0d33d9188ac6df110,41.43650776,-75.60916907
FIPS_42071,ee41631df54898d36ba32e583a1da09f,40.04228324,-76.24758064
FIPS_42073,a6b1f34393caee146261de6196119c09,40.99116465,-80.33471878
FIPS_42075,b46057c01f63bbd99c610545f73b64c9,40.36719449,-76.45763455
FIPS_42077,7d4b139b99fa4e14170492f54032c321,40.6126612,-75.59222663
FIPS_42079,4f6d05f8bfb914f0b7d96bb3cc7f4bd0,41.1768707,-75.98918705
FIPS_42081_42113,742e903d624dbacecd0a091a644e68fa,41.37103236,-76.9171011
FIPS_42083,e6d27bd10b9098033a43ca91066caa84,41.80766995,-78.56906631
FIPS_42085,a55b94066766f2d29fc22a3bb52d78f6,41.30210525,-80.25769251
FIPS_42087,f90552c7a135cf7755f9cd613c06481d,40.61028666,-77.61741421
FIPS_42089,bae38661a27f6228ba38c36e766ed769,41.05797259,-75.33956312
FIPS_42091,f59a4f58bec755df35457a90a0e65ed4,40.21077633,-75.36705146
FIPS_42093_42097,660b8d3b5ba9d0623cff8958eb43e4ce,40.88994795,-76.69832799
FIPS_42095,603a60c30fc626443b4652fd1f63de04,40.7540981,-75.30770225
FIPS_42099,5527123f5a35a024c0f3bf4689e76e7b,40.39842469,-77.26258573
FIPS_42101,86cbb7dba804b6c34f1f251e4869b479,40.00760327,-75.13403346
FIPS_42103,49549984ae7c4b7d26235e812c3e4df1,41.33193229,-75.03383583
FIPS_42105,aa73d2a1fc013590cb3167a83ea29b52,41.74465675,-77.89575467
FIPS_42107,978f19a896d0dbcd035a1ee019510d07,40.70578567,-76.21619276
FIPS_42109,a826e7e3851f04b576471ad4450abc4d,40.76986334,-77.07021447
FIPS_42111,cb805649b484fd5845e1a0bcef4ce5e8,39.97228468,-79.02859355
FIPS_42115,671d34eaa88d092cf472115036af2fcb,41.82129674,-75.80066022
FIPS_42117,608ff6af60334735db5f788e5250e790,41.77207229,-77.25424341
FIPS_42119,bc85a3f74ae51634b2ff56120742a8bf,40.96294316,-77.06242603
FIPS_42121,8f56c9b214a9d6f78296e2daf6614fb5,41.40081238,-79.75809438
FIPS_42123,72cfa54adabf75a36f18185567aa8ea1,41.81456362,-79.27411877
FIPS_42125,6c795eec1c0467ec2121a73e2132604b,40.18932337,-80.24812412
FIPS_42127,e1b6c6fb7a203ca62d0108642cc5767c,41.64832033,-75.3032653
FIPS_42129,626dc1c3716c817b064632fded168e35,40.31082939,-79.46665971
FIPS_42131,bf38970e96dee81ef0b4b76c2feb1a2a,41.51837132,-76.01643985
FIPS_42133,c0c0fbea4f7ee280183260540e48ea3d,39.91985954,-76.72619435
FIPS_44001,d5eac06fe54b1f804e302e0e0423190a,41.71725389,-71.28397385
FIPS_44003,91da4e7241d7ad467cb4127f4374a3c4,41.67222112,-71.59306678
FIPS_44005,0b845236da4ce3d6e20524161c1966c0,41.54993462,-71.17877386
FIPS_44007,556dd6e75400f8f61f8e864ebef83147,41.87209126,-71.57997476
FIPS_44009,5b2aad03528f0d771e8332451010d045,41.46963807,-71.62263377
FIPS_45001,fa028cf21c88b7a84194306e1b37968c,34.22257506,-82.45935726
FIPS_45003,e9720a717745574cd81f22b988c3d190,33.54420614,-81.63492858
FIPS_45005,d5f8ca8f1c429e41c73b370ad2fb45a1,32.98806697,-81.35818424
FIPS_45007,7ffc7d5178d6731f7f2ce2f1bb408f5e,34.51919805,-82.6378307
FIPS_45009,40578fbf4c594ee242e5cd224b077c10,33.21473335,-81.05417458
FIPS_45011,dbc6f53e8aa4b30d61366ddc81b17a91,33.26605053,-81.4351337
FIPS_45013,9b29958002fdcce5a0e04baa94987423,32.38539224,-80.73036171
FIPS_45015,3f99f75070c46d814282558b9c7d7bbd,33.19725674,-79.95205877
FIPS_45017,f914d0cdf0233e2914cd6fcaec2e700e,33.6748634,-80.78009811
FIPS_45019,d388a37fd8f568450551b51ae4d2f124,32.83473176,-79.95420303
FIPS_45021,de0fcd75c97ecea4ebbb534ea6476743,35.04810982,-81.62052001
FIPS_45023,127c091ffa59fab0d49ec3d91c6017c4,34.69210386,-81.1594951
FIPS_45025,327dfff1faa4cfe667239273e6a957f3,34.63975632,-80.15860292
FIPS_45027,fd9feaee224753f923d50254601e7b0e,33.66574311,-80.21663245
FIPS_45029,75b3ef7f6b2e155c5ff3a5b2c32fed80,32.86344423,-80.66654018
FIPS_45031,3d88841ebcc0f7920755726b280302e7,34.33247875,-79.95778723
FIPS_45033,984da878ed3cbfe513b2dc947a15f7a7,34.39157136,-79.37884489
FIPS_45035,0c2da1c3364eb2e4d2b9d340c246eb96,33.07927914,-80.40639614
FIPS_45037,672021d2a6b68c01099af2678964b82c,33.77216935,-81.96645506
FIPS_45039,a7308ceb6bfe23ec59af4c75cd8885ce,34.39512114,-81.12117065
FIPS_45041,a05feb5ea711fae86b501c3dcc77c00c,34.02439475,-79.70282829
FIPS_45043,1efb25cb641ab471866f024e13c16f30,33.43410236,-79.33251891
FIPS_45045,4754d8f63266be774e77a7268383769c,34.89370987,-82.37043325
FIPS_45047,a06bfd4fadabe9ee5815911d150d4167,34.15362114,-82.12585263
FIPS_45049,a6835971b07994243412ed59f9c5f310,32.77625351,-81.14080798
FIPS_45051,25d3f9e66474e753d561436cf847d76c,33.92126711,-78.99650832
FIPS_45053,3bab61d4e908e8a49692fe017c65ec9b,32.43697424,-81.03155806
FIPS_45055,b5928e5cdda39ad0c1fcd6a2fad7165d,34.33870244,-80.59037171
FIPS_45057,42e63e1b4d6aa921fd566bdef26e5ef4,34.68656963,-80.70531213
FIPS_45059,92e53de4d143543b931fb5a393b44f93,34.48334411,-82.00560937
FIPS_45061,f5471e56ca20a2ece39a1b7fbb77f62f,34.16323679,-80.25443657
FIPS_45063,5ef1ae37fb31cc43c3e06f59feebb218,33.90220745,-81.2720713
FIPS_45065,dfeb99cdfcf6f7fc01785f979eff8ea3,33.89942673,-82.30977472
FIPS_45067,5001c2f5718ea51b03f9bac94edbe5b8,34.07985687,-79.36246475
FIPS_45069,0abab0b11a59f8e4b1df6e3f3f83bd7b,34.60193677,-79.67860537
FIPS_45071,4bc9645a5623ba22b8e136133eb8af33,34.28978404,-81.60012718
FIPS_45073,19321216090a45a21c65ee8ea8cdddbc,34.75336812,-83.06590756
FIPS_45075,05b078717c0d74c1e99adc22b314fbec,33.43919224,-80.79994808
FIPS_45077,dae5531698b0b237ea3a4d56ce1a4686,34.88725046,-82.72528062
FIPS_45079,93014dfaa6823356f26b59235381ce68,34.02178386,-80.90276201
FIPS_45081,92c22a1745255d706d8fd7bfb95f5f97,34.00605324,-81.72677436
FIPS_45083,ed1fc02e7c8dd71f71cded7ca5f29345,34.93072501,-81.99064643
FIPS_45085,4855e26d826415333fb974a0414f395c,33.91618177,-80.38238581
FIPS_45087,5ce9e5e89c326160e2908b5c477ebba6,34.68945153,-81.61902495
FIPS_45089,357f66ee72a38eb44426b0942901f810,33.61987714,-79.72776442
FIPS_45091,ad3a45f2c9edbf1b43fbda3d97b1cf5b,34.97482211,-81.18440609
FIPS_46003_46035,918289c7c223ba162b0ff78d6422494b,43.70153713,-98.4035586
FIPS_46005_46059_46111,f9e72f3bf72c05221055b2382bf4dfc4,44.40521887,-98.56429805
FIPS_46007,89599d85cfa823d8886146af161ea5b3,43.19494546,-101.66396452
FIPS_46009,ce7fb789d312196518f2a053adc75382,42.98825522,-97.88473468
FIPS_46011,1e5f03008ee35b23c08673dc64251233,44.36964277,-96.79042884
FIPS_46013,797188ee3a7ea183a8c844f526c214b4,45.58913068,-98.35160698
FIPS_46015_46075_46085,37c104aaaa0c7dfdd1c1d3be3fa2d68a,43.87208427,-99.89431031
FIPS_46017,1c38fdd837bd814787fd6ea06ec72dc3,44.07636204,-99.20486744
FIPS_46019,cbfad8cfc479906fe118a2696d34ee4f,44.90564461,-103.50809485
FIPS_46021_46129,4094e404002739f58c0b8fd5201aaea6,45.60339444,-100.04166626
FIPS_46023_46043,31ee5e70b77f4efca32d53d3a3abb823,43.25687118,-98.52634727
FIPS_46025,7fc91ff77c2d67a6ceb83a4542afb346,44.85779036,-97.7294327
FIPS_46027,fbae5e569612b58f7ae726cf94a78a8a,42.91444662,-96.97560265
FIPS_46029_46057,64770499cc79a75153e6246c0aa1661f,44.84744042,-97.18849967
FIPS_46031,9b80db5649edf85db26dde3ba3e287f5,45.70905708,-101.19687522
FIPS_46033,f8f7aa63a45a078fda7e10fdc8f63b5f,43.67791056,-103.45175872
FIPS_46037_46091,9f021d101e811676d29ae440f41f2b3a,45.54250576,-97.60340365
FIPS_46039,92a763842faeaaa9e9fed136d596c597,44.75983294,-96.66798038
FIPS_46041_46137,875edb933b53dddfab18b6bc4ccdbdab,45.07794488,-101.22647807
FIPS_46045_46049_46089,211572d4e98af5d2e6c9dd1030c8a92c,45.43402522,-99.19602708
FIPS_46047,0b3f0a040caa140654d4f7cea2630275,43.23941299,-103.52753973
FIPS_46051,f6127362ba4727c54d742b7ab1ae7c1c,45.17191946,-96.76751601
FIPS_46053,ed03f1d36ca69348c51296ad69a6980a,43.19228637,-99.18513987
FIPS_46055,9833e17885d5b17b809b750b43b2fccb,44.29407379,-101.540132
FIPS_46061,4385a0335a5daa56f694a86f9e3e599e,43.67468436,-97.78733497
FIPS_46063_46105,4054e9e33c6384cfd553c9bf1b6d2f2e,45.53392721,-102.9659661
FIPS_46065,59386272857f013b167191da57f9eb91,44.38901756,-99.99564312
FIPS_46067,bb997d580d9b9d97167966b8591917fb,43.33484783,-97.7544127
FIPS_46069_46119,4d109bac29859ab9a00f9bf71c2efae5,44.64045852,-99.84329042
FIPS_46071_46095,9f3dbb915807ceb632de4fb813a84a92,43.64825245,-101.27025339
FIPS_46073,5dd808ef0d37652165522bd8b73b795e,44.06635631,-98.62967621
FIPS_46077_46097,6e8a6c97c5261577f27851565363c5ab,44.23103348,-97.53894452
FIPS_46079_46101,556eaf2c2fc9043852df16b110693b5b,44.02211487,-96.91152487
FIPS_46081,72cd5befa49bb037eaccaaf9a6192cd7,44.35839748,-103.79216063
FIPS_46083,df3d0fecd6147a1622fa34857b8c934d,43.27872876,-96.72174488
FIPS_46087,67eed99b828e1b94f5b53bce9e400a17,43.67420512,-97.36844778
FIPS_46093,b9c9d8a1d17fddc2b82ee87f18ac3aed,44.56632854,-102.71833072
FIPS_46099,1a6203d931bf37e0476a02bea3effe97,43.67414635,-96.79144344
FIPS_46102,13816ba0dd3a36209cbc3cfef265dc7c,43.33517124,-102.55161058
FIPS_46103,de680b2a19ca196c0b15309896e895fe,44.00468158,-102.82416128
FIPS_46107,e8791c81f0dbb5e99c8abe851ec1900b,45.06450468,-99.95734038
FIPS_46109,65334334604197c6286c6edf2892909b,45.6290542,-96.94617328
FIPS_46115,48a8b46e7ea342b913b50c7087f78162,44.93761496,-98.34616642
FIPS_46117,4ffb58faad74091abc129498ca03587c,44.41213289,-100.73535145
FIPS_46121,b71ae9a72156d7961f68be39331f4f28,43.19351724,-100.71841826
FIPS_46123,ca9e1aa8a5e48b22d74b8f80b5ea78e7,43.34532048,-99.88387031
FIPS_46125,19101d2e639b7f9d2d85022ce1fece21,43.31072366,-97.14858489
FIPS_46127,d5c4a9269e461042632f0e07414edf9d,42.8320508,-96.65601371
FIPS_46135,c91d5eb1b3f05dc2e98aab23a7945181,43.00889127,-97.39474857
FIPS_47001,fd00756a9a5295413342790f2cd6bae9,36.11842262,-84.19852788
FIPS_47003,00ab8c504446113c5a78c970fb2d710f,35.51375854,-86.45886636
FIPS_47005,041206f8e2b84e6a7b701788fe8c10ce,36.06955655,-88.06834444
FIPS_47007,fe9c1e36a61dfd9b2d997e7e1046c97c,35.59629632,-85.20527203
FIPS_47009,a78ea664e2643a7f2e51ef826c077ab2,35.6871676,-83.92551164
FIPS_47011,4ff13f308d4d08fd629e43249fcf45ef,35.1540415,-84.85962942
FIPS_47013,00b7912ef80c0e4f2b56d5e11118fbf1,36.40343628,-84.14945819
FIPS_47015,264fd6698e2c38e1c7586813338a09fe,35.80861343,-86.0617673
FIPS_47017,916de785d2ef62534956d827ef074884,35.97314991,-88.45030828
FIPS_47019_47091,d850b68295c773bbdf7f2ccb92352e77,36.36823452,-81.99935496
FIPS_47021,1f68ae2f4862608d432b540c1303c572,36.26103322,-87.08677345
FIPS_47023,1db926067f947af701d45036dd9e9f66,35.42176119,-88.61355831
FIPS_47025_47057,077cabb45455d45f72413448ac6b0937,36.40070928,-83.59904845
FIPS_47027,86e77b8c00d3fbe1fcfb332241a4e921,36.55121596,-85.54386581
FIPS_47029,5874f1b550c0d4cf4a1774b46b8d5398,35.92535797,-83.12118526
FIPS_47031,158db17a245e2f4fdad06ea58716e0cf,35.49055298,-86.07469932
FIPS_47033,2c8672aac7553ab0e242888309515646,35.81353462,-89.1394497
FIPS_47035,dbda8f25d0b2e3b1d3712ac08963fadb,35.95034554,-84.99835789
FIPS_47037,2065825bd2f312354c6687e159735820,36.1694667,-86.78482221
FIPS_47039,540d39088f57303a44a9ad9ed6937c71,35.6028307,-88.10881267
FIPS_47041,255509891065036fb60f4db77a073988,35.9798393,-85.83268916
FIPS_47043,e70c19ec41e54548db90cb667c4c62fa,36.14897457,-87.35665795
FIPS_47045,dc0f604bed9e7fe164e5568aa0ebf53e,36.05920132,-89.41372876
FIPS_47047,ad56836cff90c98033e051cc2042e321,35.19699062,-89.41438321
FIPS_47049,b5e9c7ea20276c57e2e893343186fffd,36.38039891,-84.93255232
FIPS_47051,dfe9e18ded4239b8f21081ad7e88cfea,35.15491265,-86.09216425
FIPS_47053,e10d2c6778afa7e23b9f5db6b1b55d9e,35.99654283,-88.93250728
FIPS_47055,c08845406b78842b7ee7f3339c31cef6,35.20202479,-87.03472891
FIPS_47059,b7e21bd47130fce0c917dda4c3e6e30f,36.17527622,-82.84588763
FIPS_47061_47153,fb7d32dc8a39a8ec7fbc48aabbcc1a9b,35.38111682,-85.59020971
FIPS_47063,615e5562b27abbac6e9ec77b104f6145,36.21715868,-83.2666993
FIPS_47065,b6875012c1dc81dc366a947a63c0ac4c,35.18067876,-85.16487233
FIPS_47067_47073,f65d4abe99f691aae531d47bbc16a862,36.46675633,-83.03043562
FIPS_47069,bead7746a397e7cba55be9edd37486ba,35.20674462,-88.993071
FIPS_47071,13f348fd1a09bfc3590ec7cdb79b9b4b,35.19857237,-88.18447673
FIPS_47075,d12292308a295921b64f33b72329d157,35.58314293,-89.2838215
FIPS_47077,73c55bc944ff08322761ffc22fcf10c1,35.65418604,-88.38795077
FIPS_47079,bea6f48261d29b0dba555367e277f670,36.33178432,-88.30126335
FIPS_47081,a128c87f5f533b784a2c3f5064b3cdea,35.80322192,-87.47338655
FIPS_47083,3f16df3165aeb4df25222b804214ca97,36.28601394,-87.71701773
FIPS_47085,3c48606cfd8cbb659833c45ce87e49a6,36.04073661,-87.7756815
FIPS_47087_47141,9596c8d15a85f97814f2111fb6c55848,36.237529,-85.57377363
FIPS_47089,d23f1d1cd4efe77dac5482f856a9d12d,36.05098413,-83.44626743
FIPS_47093,7fe79c97dac8df04ef7f328137ffdec8,35.99320122,-83.93723228
FIPS_47095,c090dfe166fa2d6830fe7eec1bd06b73,36.33530851,-89.49358011
FIPS_47097,f678385c1983604b4e911b7bfb8d0b2f,35.76053262,-89.63068368
FIPS_47099,061b7b3d5e2ee31c7875058883fbcce8,35.21713504,-87.39561329
FIPS_47101,6eb92cc1c99e196f336ba3faeb39e406,35.52728545,-87.49310526
FIPS_47103,cb5ee661c68128229cbc049927193fff,35.14049529,-86.58892139
FIPS_47105,4c2a923c926c5871dfc5b11af343d214,35.73476625,-84.31190232
FIPS_47107,9965a8435897240bd3ada33e96a552f1,35.42468452,-84.61750308
FIPS_47109,4832215be72e7fa0ff6539453731b5b3,35.17537573,-88.56370418
FIPS_47111,e0bcbf50b9afa71ee130b94dfe8bcf2e,36.53204802,-86.00724929
FIPS_47113,dee39f3a5ab881ab30a36b0ee71300aa,35.60809565,-88.83857076
FIPS_47115,fe1e7a6ec9a1b0684752d2f5c02677dd,35.12932438,-85.62201708
FIPS_47117,52427b6097c05044266c10cf110bb16c,35.46871963,-86.76506058
FIPS_47119,5867a6d760feb3565835e7287ca18469,35.61689064,-87.07702093
FIPS_47121,202cda7404e3c7fc6e569544b94bd069,35.51276905,-84.81356115
FIPS_47123,40e0c8d53324aded107afcfdf6e88664,35.44256556,-84.25272352
FIPS_47125,43ff4f89845dd903a719cfaf5392b9bc,36.49683991,-87.38291151
FIPS_47127,3070c7548448957df48fadcc36f5f98c,35.28458994,-86.35876632
FIPS_47129,e07eba70c6ddb8256e6fb638570f0c80,36.13497034,-84.64907175
FIPS_47131,3e984ce2ff389ee3a938f3ca5b014e4d,36.35822892,-89.14889598
FIPS_47133,0bab9af56671570e6eb8536602601dc2,36.34492995,-85.28800202
FIPS_47135,76069877da8f1384cce3ca8826982c1a,35.64254394,-87.85897168
FIPS_47137,ba332c6cd81371dff4d6ca8dc2ab3b2f,36.55846478,-85.07501621
FIPS_47139,1c24cb0f12a000555fe8ad5a7b3c4296,35.11989204,-84.5233384
FIPS_47143,fc1fa4ef820a640d5147f6257ca7e827,35.60859159,-84.92459805
FIPS_47145,f63b73758f9911a202d815133063f690,35.84782721,-84.52336767
FIPS_47147,fd582eb497bfc1fdf07f3e7d0e259b70,36.52544982,-86.87060372
FIPS_47149,3db25f5bfb4b11d1c765b0d5fc57b940,35.84263446,-86.41671519
FIPS_47151,10f5fbb1c0f0c452e46b48bca452a16d,36.42843882,-84.5034724
FIPS_47155,64bc5de04c2d2dee8c16bc2eb87d4ea2,35.78458649,-83.52413319
FIPS_47157,801e72ef2ebe2b80ef71fb8b968d9b48,35.18418434,-89.89414309
FIPS_47159,c471696beb14dcf27c43d37fe49f7250,36.2504702,-85.95671687
FIPS_47161,5c2ef9d8092bde26ff170b873741ba15,36.50106688,-87.83841264
FIPS_47163,045ce2e6853c2a1183f06fb5c0ed0850,36.51303979,-82.30420846
FIPS_47165,e19ca372bf6eed81fbf6dfc59ce9c625,36.46899605,-86.46068261
FIPS_47167,dedaeedfd0cbd8920d5bffb550d1de2b,35.49741965,-89.75665623
FIPS_47169,36fa774e2070c58cdc2ddb03d8645356,36.39204488,-86.1567559
FIPS_47171,2f843a53f189c8c1e267615f76689e85,36.11071227,-82.43249788
FIPS_47173,14cb4025dd2c4c63b76f1f5795e293eb,36.2878425,-83.8375105
FIPS_47175,f5baaf0afe419681731ec3d30dafd954,35.69595271,-85.45265582
FIPS_47177,a0f68427e4117d49b7f5a0f39849c18f,35.67863632,-85.77847674
FIPS_47179,46604b5a2dc5852fd0733df3fb8e88c7,36.29324298,-82.49745873
FIPS_47181,0b2197e2d0e22854d80d72d110c22e5f,35.2397668,-87.78800306
FIPS_47183,43829cbde6a6862b0f13133736da5c0c,36.2982098,-88.7177707
FIPS_47185,7d168049ed61786069c9849e44aa9699,35.92633906,-85.45515012
FIPS_47187,7f6401a2da5927d2c2fe3b6b946a9f37,35.89386141,-86.89856263
FIPS_47189,de6ddd41822944b7a1c6f82769b53fa6,36.1546504,-86.29721844
FIPS_48003,0b3246fe110a20162bb905e1baa06e50,32.30514653,-102.63781574
FIPS_48005,4dce7b5d590277e9993b439f902c3291,31.25481109,-94.61156162
FIPS_48007,21b4df59ea06deb09278bb2693ee08f8,28.24258355,-96.86425446
FIPS_48009,afacea90291a3389e605de5de080ed12,33.61522338,-98.68767741
FIPS_48011_48381,cddb12b5a197a3bcd1f9fb1d45933fec,34.96562555,-101.62844304
FIPS_48013,b3dc4dfdd0a322b00484fc0ef22babca,28.89348209,-98.52697652
FIPS_48015,e640e8d3c3f0f3ac92f3178396cbe044,29.88697381,-96.27768094
FIPS_48017,b9ed46d1ff01c4fb8e3f2453091804d0,34.06837333,-102.82991611
FIPS_48019,02c1f06978b821b2996ec257932f2947,29.74736184,-99.24613043
FIPS_48021,432d533fa8d38230276f5e485d508b6b,30.10352714,-97.31205197
FIPS_48023,3b7585682efa3f3cb07b4e7ae6ec53d4,33.61641619,-99.21351639
FIPS_48025,31b60c338e0c43f9100464d36c446e08,28.41733861,-97.74092217
FIPS_48027,17a7161db33bcd7a8904250c6277e957,31.03737753,-97.47876154
FIPS_48029,2ce46e16e28e2ff305109bfc295a481a,29.44887729,-98.51996119
FIPS_48031,8ea40402d86c45e1763290987873772c,30.26625768,-98.3998873
FIPS_48033,8b716c818254eda3b897eb0ba7c5999f,32.74362691,-101.43175111
FIPS_48035,10b229456f9ede06c94c0a64a106f97d,31.90033071,-97.63420568
FIPS_48037,56b42b0aecd33d5685b4c0ee2da477b2,33.44582051,-94.42322534
FIPS_48039,0fd8c2c9a6e5516286350aa0a6c3e7be,29.18956026,-95.45212099
FIPS_48041,4a66c94e04d3094b75356c2cda68c8d9,30.66064971,-96.30232158
FIPS_48043,6849aaba1d7e7f3b3e5442f5c22a467d,29.81119651,-103.25171748
FIPS_48045,17cb0af79d7e65c0304df15bb10ed446,34.5301847,-101.20859522
FIPS_48047,a6daa50980e748201a1444e4dd49c38d,27.03151611,-98.21868127
FIPS_48049,58c07bd222183a648f687888daf96733,31.77408301,-98.99979469
FIPS_48051,7b71096a076eca8eacf1ffc04f76d2b9,30.49249715,-96.62139789
FIPS_48053,d5ed2b8d3c7c5f4e1b6ba8097caa5a0f,30.78823161,-98.18244512
FIPS_48055,afbc32e57e872cc3ecfa37b1bbae5ceb,29.83683126,-97.61987034
FIPS_48057,5f010fad6c00df05938cc531126614c7,28.50661067,-96.60208058
FIPS_48059,b3ccc9cda16e771cb1b087a0c29cc07c,32.29759416,-99.37349333
FIPS_48061,01b04548cc5b5a18f025db4bf5f32064,26.13354454,-97.51794563
FIPS_48063,902850e8151c331e357fee2a74b5b0d8,32.97324559,-94.9784597
FIPS_48065,d12fec62f69e678f635825963e988562,35.40341711,-101.35418489
FIPS_48067,3fc2d2c3597b3e7b87c17651f98f6c22,33.07753397,-94.34362633
FIPS_48069,5eca46e40da5b91af0922aaf4bc32583,34.5298803,-102.26167167
FIPS_48071,e41fa3d414e8eaca9467ecace739b400,29.73862997,-94.61101259
FIPS_48073,077720fbbf60d0bb8f68b93d003db66a,31.83670729,-95.16494533
FIPS_48075,c6c02ef92aa0dcb6c333a27cfb22d47c,34.52908552,-100.20757568
FIPS_48077,0c6702e7c69ad5df080432c20b524db6,33.78522432,-98.20844998
FIPS_48079,0c6daff5aaefbe33461eebd8510d62fc,33.60404422,-102.82843106
FIPS_48081,baf5ecd84c6a8766519b98f66eec1511,31.88853366,-100.52991096
FIPS_48083,90513943523077ad07582e989457ccec,31.77299061,-99.45360882
FIPS_48085,65eb5db459959a46240c2d2335b70fae,33.18794818,-96.5724112
FIPS_48087,bc79c67c7b22cbc0cf25abf756cd7e52,34.9648051,-100.27006825
FIPS_48089,7a045a3247aa6fafd68634aa6acb941f,29.62073684,-96.52625029
FIPS_48091,7446f6200e3167caa3cab7b651d11828,29.80818738,-98.27823044
FIPS_48093,2dfdfda0d15a5769103cc17178348175,31.94792744,-98.55809149
FIPS_48095,7fa9c80aaa82d8f42ca37408cdfb984c,31.32640584,-99.86393702
FIPS_48097,5d29c687a58bc919bd4b28609e2f7134,33.63913195,-97.21262947
FIPS_48099,0c1ea456e4e846bde674bd8ccaa4ac00,31.39084936,-97.79925239
FIPS_48101,772be51775b3d732ec124eb9aef562f3,34.07751869,-100.27876687
FIPS_48103,5f798f5a3adcaeeca1ece15e954ae46f,31.42839453,-102.51543281
FIPS_48105,01705df5db71738be54c3a7969eb8390,30.72284181,-101.41169825
FIPS_48107,7cf3a0e4045dc8e6b2aea2319ae903f8,33.61455335,-101.29995828
FIPS_48109,f63f7107398c54c17b5d14eadfa76842,31.44628041,-104.51778289
FIPS_48111,25a66e13390694e2b55814e888c8d3f0,36.27795216,-102.60218741
FIPS_48113,3e76e57fbbbb23dc59e6445191203a3f,32.76650953,-96.77779987
FIPS_48115,b478e76e6a84df66dc6e89d7b03ac7dd,32.74245889,-101.94768535
FIPS_48117,92bf9b0f2025e9a6c28b59765614747d,34.96610655,-102.60492721
FIPS_48119,44942b82e5dea398aea2195a5a582c18,33.38633404,-95.67232052
FIPS_48121,21c789095ff4e48a0a6c869b74f1e005,33.20547824,-97.11681773
FIPS_48123,146872de864d8019276493ea5c0e7389,29.0821026,-97.35697398
FIPS_48125,29d6f494f888284d18fa14ee6160356c,33.61654002,-100.77886245
FIPS_48127,48368a9a1efdeeecb7bff8864baab4a8,28.42260778,-99.75673109
FIPS_48129,7fbb984af657be4635b59d346b7ab799,34.96534273,-100.8139965
FIPS_48131,168253866cf4542ad1895c7d2dd3a175,27.6810942,-98.50884147
FIPS_48133,6a145993f2368093351db6e20881c53f,32.32707889,-98.83246262
FIPS_48135,a7e733bee166c266ef4a52e0b5c46391,31.86911561,-102.54274937
FIPS_48137,0608ebde39e83fd8657c80d4edf62f95,29.98256427,-100.30498414
FIPS_48139,610dd082e924e67330156da59ac3db00,32.34842293,-96.79470095
FIPS_48141,a9ca4ff9b3fbbfd6b427ef5503cfeda4,31.76851457,-106.23450948
FIPS_48143,17b3cfe4f4ddd1f23555acfdd525c446,32.23613613,-98.21787168
FIPS_48145,4e9e9815a54fc4d54e960e96c843c4cb,31.25324691,-96.93595498
FIPS_48147,40d91fc632f712a7132d439f390087b3,33.59371957,-96.10696537
FIPS_48149,3bc1ef7311290da12322677c4e6ee2a5,29.87676645,-96.91999903
FIPS_48151,aca3eab528ac05b124ab0c7b11a3025a,32.74275217,-100.40217105
FIPS_48153,c4a8744c537cc4c5c147292d6ca84144,34.07231171,-101.30323611
FIPS_48155,f021a5566d8509939615e02a20f267e3,33.97462897,-99.77783188
FIPS_48157,029a28219b3580d8496e73f1f16fc60c,29.5274936,-95.7709066
FIPS_48159,7fb81e85cec23c84c28f94cc331ba0bb,33.17541467,-95.21843588
FIPS_48161,f4ed3f6aa2baaced0d790bbd9d7ead15,31.70483741,-96.14905584
FIPS_48163,c16c4407a60fbdfc8930637b47cd2a1a,28.86782515,-99.10827165
FIPS_48165,4f4255f798ca34028903c6bc606c32de,32.74083643,-102.63517174
FIPS_48167,f0b8024455e6c0cb3ab7495325afee5c,29.39322291,-94.96297128
FIPS_48169,286142eb41f5c745b97e5dd10782e008,33.17980862,-101.2984322
FIPS_48171,4f411e2a540a4d44ee5824085e2e3c67,30.31814805,-98.94648476
FIPS_48173,5fb19e8e79a83a8b7b08f88c4562cb82,31.8694033,-101.52080604
FIPS_48175,6724698ce52c3d8c0f4ded9c1b6d5dc8,28.65707308,-97.42651663
FIPS_48177,7356610ae2a5aa113fcd89ccd0d0f059,29.45666574,-97.49278324
FIPS_48179,bdc9947f6117bfc90b3645da283daea7,35.40108162,-100.81256042
FIPS_48181,f469935e9c18498f6310397a3f1a73da,33.62672906,-96.67763325
FIPS_48183,c024ce1e7af84d0c379f52d09fc8b046,32.48044997,-94.81696386
FIPS_48185,27549b5f615036a9bc41dc853fd211dd,30.54323915,-95.98544678
FIPS_48187,49ccb8660455dd276f290f07cd5dfafa,29.58303952,-97.94865082
FIPS_48189,3eed6d27b0b2dd008c1be88cce8245fc,34.0703954,-101.82688104
FIPS_48191,a65c50304e9b20b50b2cb56269afb295,34.53070132,-100.68113178
FIPS_48193,4259f88ec5599c3e58266f349beceb45,31.70474516,-98.11088776
FIPS_48195,3651084f2100c6e369b1d2d396df4291,36.27735144,-101.35454347
FIPS_48197,373a82b829a0b64b5091565c70e532ab,34.29024555,-99.74551761
FIPS_48199,fa0f7ea5e3afe4b9c533995639464fff,30.33237575,-94.39025188
FIPS_48201,9d007f0cbf2123eb7b76e757ff4a0b0d,29.8578872,-95.3933314
FIPS_48203,d8bda5b68162a80bdb2df6313bbf7536,32.54818062,-94.37143295
FIPS_48205,275cfee74a07eb927b3e08742ed6bd90,35.84010937,-102.60287047
FIPS_48207,3dfc20df8217703e7233c770fb10b97a,33.17815793,-99.73030029
FIPS_48209,4bbf8d87a1edb1b32726f5f054fb9fd6,30.05783398,-98.03103886
FIPS_48211,8b85946eaf9f5b1fbda33aa97e360241,35.83748049,-100.27047623
FIPS_48213,02a3f3d9137530dd2d4b01eeada24cc1,32.2120493,-95.85353357
FIPS_48215,e7f99b7b2b7cb062458cdbd24bc36b2c,26.39666529,-98.18101212
FIPS_48217,378e08286020ac5d67dccfb8a13ffe1e,31.99067021,-97.13220676
FIPS_48219,ee7230dec6c5cf2229f0a706a265ca49,33.60757273,-102.34318423
FIPS_48221,79e91d49ea865c90d017676d8a7cad93,32.42992774,-97.83226178
FIPS_48223,6f497db742b82253d9cf8c89073da954,33.14953761,-95.56401182
FIPS_48225,7e0a79cfc141c8bfc8ee8247f40ce8cf,31.31766226,-95.4229134
FIPS_48227,7de9a4ece8e24c7f614caa04ab1e5e1d,32.30610588,-101.4355141
FIPS_48229,be9351985c2ce18de88f89b8466b7ce9,31.4554997,-105.38572424
FIPS_48231,2171a9b7a83660dc1f75c463d234dc66,33.12341604,-96.0855401
FIPS_48233,ac0045e94dfd303cf967f078468842fc,35.83993971,-101.35470285
FIPS_48235,3d2c7bb8be9ea80c1477b6778fbd2cf6,31.30389364,-100.98242595
FIPS_48237,e0d4257499d364fe49a49c0f4a7b5380,33.23336698,-98.17245421
FIPS_48239,073e5e79f59c74ffd24ba6dc6648ce7c,28.95417777,-96.57748166
FIPS_48241,9ebeb6b99421142701bd7bdcf4fc0b47,30.74340405,-94.02492105
FIPS_48243,457c7caf38b56ec93afbf6ad22877478,30.71575398,-104.13995788
FIPS_48245,e9b960bce9db4860098e82117b16779d,29.88398776,-94.16287594
FIPS_48247,fbb00e1e842e9e5350a7643e6d014863,27.04331774,-98.69729136
FIPS_48249,06e3ac5cb151f7b703651265a753506c,27.73099355,-98.09008328
FIPS_48251,6792fa01c56ef0f7c5a58d508954c34d,32.37899446,-97.3666058
FIPS_48253,2942549cb69c93f868f7294460a9befe,32.73984319,-99.87874458
FIPS_48255,3e7748adb8d637c8809075afde6f6e3f,28.90568593,-97.85947719
FIPS_48257,0ef4da93c99f2a32f9c97329fbf4e342,32.59919557,-96.28778421
FIPS_48259,d07325dbe02300c295f7f9f67cc6ee26,29.94465555,-98.71156806
FIPS_48261,bc05280b649b56ed783744d4bfe1e384,26.92840749,-97.7017403
FIPS_48263,e7a0681c0c6541d26d83817efea9f94c,33.18134859,-100.7775709
FIPS_48265,557dfedd11116ff4a5741aebad31966c,30.06162598,-99.34987963
FIPS_48267,a76650df1a9ed5ae6c11bce464aa2710,30.48686179,-99.74859222
FIPS_48269,80e3536ee193b1519fdbf2da3ff5f84f,33.61640304,-100.25584905
FIPS_48271,1957705d3aaa8585e0abcdfb3ffb31c3,29.3501594,-100.41797197
FIPS_48273,27b4c55047c7e1450a5dd83ccf4a6ca0,27.43385661,-97.72733066
FIPS_48275,c937a83c368471c796797f022e275555,33.6060684,-99.74139055
FIPS_48277,f13684de18647e19fc4edacf6b285920,33.66719039,-95.57114793
FIPS_48279,c7d221904d33bef269cad82b3a085cf4,34.06850448,-102.35170929
FIPS_48281,58df5c4f13e698517e6a9aa00e311f9a,31.19623246,-98.24141115
FIPS_48283,b193a18acdf9844ca47c4fed6b46438d,28.34496925,-99.09968435
FIPS_48285,2bd1085a1a5e6f23860f2b30f0b93f33,29.38431118,-96.93006473
FIPS_48287,87786131694e11c1ba38107de8ffae8e,30.31063453,-96.96561111
FIPS_48289,0d810f5f274a9ddefc5c3398df6dbb2a,31.2964437,-95.99590228
FIPS_48291,f01368babda8a2b12aa0da3785929a89,30.15150618,-94.81199175
FIPS_48293,80624a3023447d662e79a60e3017649d,31.54536236,-96.58035119
FIPS_48295,9d02fd65cff13e89550c41c900dc347a,36.27761778,-100.27311872
FIPS_48297,cab0c1402ec2d5a5301511ab089a08bf,28.3511715,-98.12469352
FIPS_48299,bf4b0889b0d61cadbc581292df218801,30.70572063,-98.68407271
FIPS_48301,98274a39ea76330620f284fd74771b86,31.84921282,-103.57978348
FIPS_48303,de8e50b140cc0fe8da2c6c48bcbb378a,33.61013548,-101.82054483
FIPS_48305,48b0c1e73495f288ff1e4c1244101cc8,33.17675794,-101.81613061
FIPS_48307,3b864667bb8e1779ebc5c32f5dbe2ef2,31.19875881,-99.34748106
FIPS_48309,5567092517e0ed42d94cf318195e0737,31.55236143,-97.20193036
FIPS_48311,ae3957e98c48990c5f6448c1db3a0627,28.35254137,-98.56784807
FIPS_48313,4042bd938775ea252cb0f8494b3b5729,30.9655981,-95.92848815
FIPS_48315,b1b5dc761bb978100b9eaf043b12d4fc,32.7981007,-94.3572078
FIPS_48317,fab95ca615e1403b9b80a661c156eb30,32.30596896,-101.95122318
FIPS_48319,2958efe32274c6369d16dccad3add350,30.71766854,-99.22612032
FIPS_48321,6590962dcc27aaa26e9475704fb39d06,28.82109675,-96.01124029
FIPS_48323,9c975e80ae0c16ac742ab69f9750ce6d,28.74225148,-100.31417798
FIPS_48325,80af02f360a352b23cd28711ee5e2578,29.35564037,-99.11012974
FIPS_48327,90e28e9640702d0120b0fa38f61c4c42,30.88981052,-99.82058322
FIPS_48329,20b7a02ba34a9e26c207f81c4422cf7e,31.86910204,-102.03161172
FIPS_48331,53c5a211f3c872c044a40db449c13006,30.78624524,-96.97695357
FIPS_48333,ce1225eec668c580d0712889541626fc,31.49518342,-98.59540276
FIPS_48335,44895ba66f4c02432a9ea77523364819,32.30614748,-100.92123496
FIPS_48337,ad17a667ffead58278f350acb4715d0c,33.67549469,-97.72469943
FIPS_48339,90615830ceb48019aa001fe45233f1bb,30.30022693,-95.50280764
FIPS_48341,d2ac71782272659e7171150d20d59158,35.83759804,-101.89292515
FIPS_48343,856a7819fdb79bbe8ae25fc835c35aba,33.11334385,-94.7326295
FIPS_48345,96d0c915590dd1e5555bbade3cd586e1,34.07398325,-100.77983282
FIPS_48347,5e93ee9a764cf2326a92f61f8fefdb1f,31.61590709,-94.61561043
FIPS_48349,979402d0d20fb0f8ded281a8b8687ab9,32.04696163,-96.4726141
FIPS_48351,9078bbd890a90f1aa3c5e8d972394eb6,30.78573043,-93.74496316
FIPS_48353,6a6a871795ca84ff50ee4a3212b227e4,32.30342405,-100.40605688
FIPS_48355,6d8fa950c459e372f77ea0a54a54cc7a,27.72568024,-97.61289967
FIPS_48357,f19a4a205b6fc44fcf0af19e44d71d2c,36.27831365,-100.81565696
FIPS_48359,1f75fef4d77447c652093bcf93fd2265,35.40511682,-102.60287911
FIPS_48361,3ebe2a87a58cf391399b0bf0cb53c8ae,30.12130817,-93.89385094
FIPS_48363,f15cbc68252983aaae5c7799c9da69f7,32.75307703,-98.31306038
FIPS_48365,a727a09bb3214ae41122b455ab5f4cb1,32.16233924,-94.30569244
FIPS_48367,07882514141f3f7512e11dfd1757d2d3,32.77757455,-97.80510222
FIPS_48369,37ec76c1599f1e673d008da0748e9e65,34.53003077,-102.78454163
FIPS_48371,6d5da6ac9f4a47621f5483ea6d33e8d9,30.78107306,-102.72339442
FIPS_48373,4ec90e56bd5c0e3c0b3496496ef0d3e2,30.79257079,-94.82996181
FIPS_48375,b9b4d4f5b575539161c184faf8e53d5f,35.40119209,-101.89400764
FIPS_48377,9af787c1e7409f0866ade669dba8f697,29.9992564,-104.23951876
FIPS_48379,a5d8bb936c943624140ddade75f55b79,32.87032969,-95.79333883
FIPS_48383,f427229e017816d795d7dad1c4b6ed21,31.36602724,-101.52301611
FIPS_48385,d4cdb5c3197b8d77ba42e10a10d3e8be,29.83166448,-99.82214859
FIPS_48387,36bddf5b1a3c2410ac9a49a4fbb22a07,33.62056024,-95.05022398
FIPS_48389,8896d5043290760dc800027ae900bf2b,31.32281303,-103.69270018
FIPS_48391,9f4a44a16dec1a082e77acf25f2a5992,28.3252838,-97.16586267
FIPS_48393_48001,1f75cea2b2dc236941df87dd42da64bd,35.83875914,-100.81353316
FIPS_48395,9b0a4b4b555ad06a837cae495043c576,31.0268996,-96.5129643
FIPS_48397,fb3ca24280670b6cde3583783aefeac4,32.89784366,-96.4078877
FIPS_48399,2bf53955bb4cb956743d5677160fff87,31.83098813,-99.97623577
FIPS_48401,ef5ad26206c0cabf23fec07c2390eeaf,32.10750071,-94.76184539
FIPS_48403,48c7bd64f36b063b63b5230be690c7e0,31.3431198,-93.85177025
FIPS_48405,13602f4cdec52bd97a46254441b3388d,31.39405806,-94.16817086
FIPS_48407,9de06c877e449aa8dfc4f4c7987ddaa8,30.57944123,-95.16678074
FIPS_48409,58350ebc61b97bd7c28aeaca836c9c26,28.00930657,-97.51861792
FIPS_48411,776c2a30d4402b8c5126edd7ad111c5e,31.15512123,-98.81738804
FIPS_48413,a2b3cbe949d6c9cdd5e41ae444be14f5,30.89760915,-100.53855775
FIPS_48415,a559244ec4182eb56217f84112de6a96,32.7462469,-100.91640861
FIPS_48417,4056cba83ccdca089bb5565e4b64680f,32.73590254,-99.35406941
FIPS_48419,abba6fc3cee14b26ebcfe34fc793b7d4,31.79243642,-94.14487073
FIPS_48421,306b4e2ef164453da7db7abf44ad0b16,36.27756345,-101.8934697
FIPS_48423,95893bf3c956973d41f5d92572ef8a93,32.37496531,-95.2690191
FIPS_48425,ee8c32be50cf39acaff23d6e4c3482c1,32.22221654,-97.77460197
FIPS_48427,7872060eee199a83af109a6018e78240,26.56223699,-98.73844916
FIPS_48429,1ff69bc1abf8681a2fbff7326f86f76f,32.73579733,-98.83617502
FIPS_48431,9c153a8ea88deab857daff598e62bcf8,31.82772611,-101.05003887
FIPS_48433,f133b30511fd4fcb683d685de5514bc7,33.17905816,-100.25330546
FIPS_48435,abcb67d98a01dcf18478fd47823a8dad,30.4984303,-100.53819705
FIPS_48437,6948fe29bc5c515c2c99aac111cbd38c,34.53030678,-101.73502605
FIPS_48439,d7abe7b28ded56be631510c3a6caa996,32.77185453,-97.29113639
FIPS_48441,3557cd5b0a872d789340ad1e79de69db,32.30140887,-99.89012649
FIPS_48443,9bef833f0112645f623c3ebcf807a3ad,30.22475134,-102.07667107
FIPS_48445,126a0d10becbaafcb2e72ce6848cf32c,33.17374747,-102.33519945
FIPS_48447,3b14bb16b93056a7eab0448b99490428,33.17741626,-99.21236958
FIPS_48449,babd046c02ed033d6633ccb5bc12e57e,33.21653309,-94.96565936
FIPS_48451,c30a870d21a9d939e49a93972b7b8c71,31.40431559,-100.46182495
FIPS_48453,d4be5395ff28a5a25aa7e28646cfa3d4,30.33439755,-97.78180765
FIPS_48455,e355819c0931a90b594aeb8d6a73587f,31.08877317,-95.13575049
FIPS_48457,17b3df6678b9e61d8c61dc98cf282915,30.77112241,-94.3764361
FIPS_48459,8fc2ff25a36a84a76e695d7a30819c21,32.73624427,-94.9415384
FIPS_48461,23b7bbab67f2caadba743ff405d27b5c,31.36858113,-102.0430243
FIPS_48463,f4f9e0871b6e148df95ce5c04ade3200,29.35732276,-99.76221691
FIPS_48465,865d6ad3f6322ab7c4d8fd81454b6bf4,29.89284261,-101.15109433
FIPS_48467,3659943c93a11347e91c430725613c9a,32.5636433,-95.8363967
FIPS_48469,38ade1b99428a8c79048f02ef8de7226,28.79627636,-96.97152258
FIPS_48471,398b98b77e0c7a4c313abc6e47fb273b,30.73898794,-95.57227815
FIPS_48473,d788c46ad6a6c020b5062c1a99f55b2c,30.0106341,-95.9876351
FIPS_48475,cb9fad4d3a1f53ba5f5409eb8865ee00,31.50959604,-103.10230049
FIPS_48477,c9423db74ff09a7c21a7671cd681d4e5,30.21459759,-96.40351039
FIPS_48479,c861d09250698d5319277fce78d55960,27.76108322,-99.33068429
FIPS_48481,4a893a88d15d3770375c5410eca302f3,29.27780304,-96.22221771
FIPS_48483,297acc479fa23f004e223c49fea5e1f3,35.40119398,-100.26964903
FIPS_48485,3776eddabd032b9e07745c212a4f485f,33.98800445,-98.70350343
FIPS_48487,48ad2736ecc89272abbc29dcb09b9209,34.0805628,-99.24090874
FIPS_48489,0df6570042b58ec026e899f45b8e840a,26.46971383,-97.6610685
FIPS_48491,4b8e69697ca282927b31516ba968a297,30.64760918,-97.60020786
FIPS_48493,4e13cab9991e5cfbfcdc71acc908495b,29.17399275,-98.08670678
FIPS_48495,80759094e5f0af86d44d8bce932673ae,31.85001346,-103.04823426
FIPS_48497,710179ef2349eccc3856fbb894f72d80,33.21583272,-97.65446902
FIPS_48499,748fab8b7e42bd2467a07cbd200034b2,32.78637586,-95.38199626
FIPS_48501,ef76a95879354195a081baae73bc980d,33.1728925,-102.82780024
FIPS_48503,7f56061fb30e16364c61cc7fc0a8b4e9,33.1766279,-98.68776871
FIPS_48505,4918c8555ad6dd4d969a0a173de0f356,27.00063554,-99.16847228
FIPS_48507,181449a8478703241021e2e2557351d2,28.86626753,-99.76059893
FIPS_49001_49031,37fbc596345853ff08340dc6b68ce19c,38.35377843,-112.98218168
FIPS_49003,182f8293cae1335760d41293823dfe4f,41.52106202,-113.08258823
FIPS_49005_49033,2cc82f95ce3c8ef40b17f0063c2edfb6,41.67880989,-111.50331016
FIPS_49007,3a310e57a15323a5a7e55817941ddbaf,39.64848806,-110.58874381
FIPS_49009,a3711aac1e4321e6d19aebbee4595839,40.88758937,-109.5076088
FIPS_49011,cafda5b07243ef0ef4580c470d05995b,40.99007373,-112.11133556
FIPS_49013,d57ab89805400c7d1b2afdeffa449ff8,40.2973702,-110.42530803
FIPS_49015_49055,0554658fd92566ada49e49e8aa1e3e48,38.75768481,-110.77310422
FIPS_49017_49025_49037,b52985e84d82bf2b8d5f5da298292ae1,37.61754893,-110.79739513
FIPS_49019,c0eaa5931999618042cfc6a0801950f6,38.98128468,-109.56983039
FIPS_49021,2b73fd917ee9cc38ec528df06d5b8561,37.85952127,-113.28952251
FIPS_49023,965b0629796556420a03de497e780a03,39.70441011,-112.78419086
FIPS_49027,6efa2f3c1c7abe4626b5bcb95777cf83,39.07345475,-113.10097465
FIPS_49029_49043,19d88db8ee34d7e0d42d412577ae0c4b,40.92295723,-111.10710535
FIPS_49035,60dfc9f44b250ed03992a2a1b39a30c1,40.66722673,-111.92361422
FIPS_49039,0b99bbe436f28d115e4438efd42eeeea,39.3733843,-111.57685514
FIPS_49041,0a16b09784bae8287858faf95511a66e,38.74783681,-111.80484351
FIPS_49045,2da3df196ff25fa5183cddba80a6df9b,40.44836985,-113.13097932
FIPS_49047,255ca2107423f7f52254a5564d6d04ad,40.12293547,-109.51865997
FIPS_49049,269dce383b169909785f4fda1ed47913,40.11978369,-111.66966917
FIPS_49051,e13963f0c129b9da11f1e4721f423745,40.33038475,-111.16773164
FIPS_49053,9c2bfd97ce00ce9553bdc0f34c3532b6,37.28051577,-113.50446729
FIPS_49057,f45441ae6bc4a14109990b452feea703,41.2700454,-111.91367255
FIPS_50001,334146de1b9346272cb013adf1a35aea,44.03068082,-73.14093926
FIPS_50003,0cce9d48eb96fdf93fbae8640d547b8e,43.03497006,-73.09326278
FIPS_50005,e7beb1dcf073b1d1e700fb02eccaf064,44.46443341,-72.10233086
FIPS_50007,1cc41f4ab8528178818a29b9ef5fabbb,44.46087582,-73.08123142
FIPS_50009,f0547ecd4e64a31e247c34b64547f812,44.72698709,-71.73598282
FIPS_50011,fbbbadb6d1a15c0c924c73b0b0a4b7cb,44.85755402,-72.91331019
FIPS_50013,8ec41a3e649625a55ceafc35f6fa45e8,44.79772561,-73.29488508
FIPS_50015,f7c3c4088dfe80933e84ca084fa3524a,44.60693802,-72.64183952
FIPS_50017,85dbdb1cbb78b9be83ccedd468732e0a,44.00557222,-72.37688501
FIPS_50019,c3a8217c9d3a5d9c5e76a77d8f4a8fde,44.82887074,-72.24372976
FIPS_50021,81b993dae9d5735b0714c325c526aee5,43.5798874,-73.03631626
FIPS_50023,d5e390212ea61535b492b740102df78a,44.27347896,-72.61504612
FIPS_50025,a4eacdf08e8fda83c7784c8fd21f7811,42.99029751,-72.7140121
FIPS_50027,31bd7cc9213175d709fcfa2eeb4b202a,43.57929074,-72.58614652
FIPS_51001,bd22efb6bdeabb178eec7b0051f764d7,37.76409953,-75.63364468
FIPS_51003,71585b1edc15fa6b66d97a747392bc43,38.02276492,-78.55672557
FIPS_51005_51017_51580,fc9f14d279814e51583c15cb2783be30,37.93406931,-79.86323154
FIPS_51007,0b7bbb98a89e12cc551824a998cb8bc1,37.33603723,-77.97601687
FIPS_51009,1da14c6508b279f3b8edd5060c33d75d,37.60473291,-79.14506661
FIPS_51011,7327d15e9dd1d6d493fe808f9083e24a,37.37231412,-78.81250865
FIPS_51013,4638d1da77f03887a24cccdd583b38a1,38.87858069,-77.1009582
FIPS_51015_51790,aa2b2c4566ea98fcc1aa70e5c86d9099,38.16421132,-79.13232286
FIPS_51019,420af1d8ba44400db32ca649d0c266d5,37.31503169,-79.52428619
FIPS_51021,d1c26616c4c89a5e0ef04274e63c7849,37.13398681,-81.13033811
FIPS_51023,d92c088452611f9784bdde9c00b80e97,37.55702285,-79.81237907
FIPS_51025,4e2a0811b91d77c288a36be1e706e193,36.7646053,-77.85904932
FIPS_51027,baa67ffe986af10906830246751f8246,37.26653067,-82.03601251
FIPS_51029,ba85b1fdaab8f50fc116a55a29fe591c,37.57214606,-78.52874978
FIPS_51031,72911fa9b455319dd877aeb549d351c0,37.20533445,-79.09648562
FIPS_51033,522e8ae4848faeb691b4053dfa1b05f8,38.02661758,-77.34718572
FIPS_51035_51640,be8642fa64cb0d9a599946b315cede31,36.73041932,-80.73702945
FIPS_51036,33cbbb27d895673f116a5dd10b32c180,37.35672351,-77.06213387
FIPS_51037,5b3b5dd8bfff055b84047e953cbec593,37.01149528,-78.6615375
FIPS_51041_51570,af418440f1afa5dc0c0aef3f37384517,37.37653199,-77.58350816
FIPS_51043,f489c27798018a004cf82f5caa6a2bd6,39.11227247,-77.9967047
FIPS_51045,1b87389d1050794664a5c16d23de6824,37.48168992,-80.21153638
FIPS_51047,aa88e378a965701e56a86261272cd22d,38.48599571,-77.95577641
FIPS_51049,c071a6f6b7ce49e3f9674526e45e3df5,37.51196446,-78.2451515
FIPS_51051,af9370965df770606185339c69f1b751,37.12575046,-82.35032829
FIPS_51053,62d9febd7d3d606f3f673244348a0d4d,37.07591155,-77.63228783
FIPS_51057,a00f38907afdb9560bb22f35b24f1fe4,37.94342985,-76.95138983
FIPS_51059_51610,fd1503acda228fbaf672f18d39d6bd63,38.83700303,-77.27640115
FIPS_51061,55f8a5d20cb15ea27de82e9b0203fff6,38.73839463,-77.80892607
FIPS_51063,93f07b59f58d043e05295376ee536843,36.93157558,-80.36273608
FIPS_51065,ca04bf91675522debb01117dde6aede0,37.84186555,-78.2772202
FIPS_51067,a3bef8ab9325b4052b6eb1892f30f612,36.99190391,-79.88110352
FIPS_51069,0d1b6a48c3f0a7b314c2c58db260f2af,39.20449699,-78.26259482
FIPS_51071,e6bd889d5bb3c383e918c7cc6daff45b,37.31427547,-80.70306712
FIPS_51073_51115,48ec83bcb0b4a7c08b5fb36c44da182f,37.42143785,-76.486752
FIPS_51075,844dc9c9f70846b5fc8b19126617df80,37.72199723,-77.91550228
FIPS_51077,af13c923019e858389573d23fd9aa54b,36.65662696,-81.22490828
FIPS_51079_51113,f08b66e6db499228f2c795b37450e293,38.3756823,-78.34063938
FIPS_51081,18108f5ea22114bbd3804d2185bdaa99,36.67577294,-77.55956447
FIPS_51083,db6f1d8c10a1170e858ef8c58dd333f8,36.76683593,-78.93661634
FIPS_51085,bd8a7c118603affdc7ef4c9258b24fcf,37.76008096,-77.4906233
FIPS_51087,1c209e031f5ab9e5322af431618f1e8a,37.47947531,-77.30231824
FIPS_51089,1957a5ec9850b7d12ced5ba3d99c26e0,36.6333371,-79.96187784
FIPS_51091,bacea30d16b0bb49c20bbd59106591e4,38.36225525,-79.56855147
FIPS_51093,ea5c58302223090ee5b9486b3a61de0a,36.89117471,-76.72598582
FIPS_51095,f16a688a759a4d1693434fb86c5ac0a9,37.32879026,-76.77878091
FIPS_51097_51101,3acffdff5597fe0ced1f60a34c55fb8c,37.71296521,-76.98515801
FIPS_51099,b45d0892a61a32c5c01f5ff140148d54,38.27330358,-77.1572083
FIPS_51103_51133,024869ca8c929c5498bfd61d91c537f7,37.82588915,-76.43715422
FIPS_51105,a7a468ea0e03045083a336266b46b0de,36.70552539,-83.1288962
FIPS_51107,8226d88ce7c1b3d85d3be1d9ae531892,39.09057793,-77.63564538
FIPS_51109,c557f539a03d2ed26ee4a509712c4eb0,37.97854923,-77.96279616
FIPS_51111,789c5cf0a5d1b4e405320c592b24ee88,36.94619941,-78.24048587
FIPS_51117,0c33fa62beb7a768b168eeaa91e9a9e8,36.68040507,-78.36271392
FIPS_51119,ccfcbedc350305a68c260db03b13d3e1,37.63025999,-76.56955834
FIPS_51121,94cd1a66360c6dd0f1328bd989f26a99,37.17423697,-80.38726439
FIPS_51125,4fc4c179fdfac274861a90eb3c70aeef,37.78728842,-78.88676979
FIPS_51127,ea6c54218f131479af66a8711fe7d039,37.50523513,-76.99727204
FIPS_51131,f04332e7694b987e98c2840e9beaf9e2,37.34285094,-75.87703469
FIPS_51135,bcd70526c073dfd8bed0d20704113058,37.14304272,-78.05120777
FIPS_51137,83af7e0972f2fcaa31fee8b286aecd05,38.24613697,-78.01416132
FIPS_51139,a0b663e2e7d1b8d10af347c43bdb05a0,38.61933296,-78.48453304
FIPS_51141,72ff9cda5afce833aa71bfe7c5e86b9d,36.6783479,-80.28436543
FIPS_51143,f2735a800fe6b68a5117504cbec84752,36.8210981,-79.39730751
FIPS_51145,d35416ae39b6977253a4a4e7bff81c19,37.55019984,-77.91518644
FIPS_51147,e820b5609687659b4fc71bb4f2e9c95e,37.22430422,-78.44104745
FIPS_51149,fe7fb5b07e72161a27cca446df46743e,37.18648161,-77.22425465
FIPS_51153,37cf78297210d710dfc4e031ca107372,38.70283807,-77.48068983
FIPS_51155,459d82810ecbfd4deac99a298dbf8215,37.06350906,-80.71439587
FIPS_51157,9c33495b68df3d91b9644c7fc1334bdf,38.68472776,-78.15927321
FIPS_51159,93c2ff1e1844baaeeea28891e9d99670,37.94336259,-76.72669761
FIPS_51161,6f26d9cd7f90ff4950d3a84b35b387e7,37.28172764,-80.15538945
FIPS_51163_51678,b2d2ecd50507f1dc167d6fb72eaceead,37.81422353,-79.44737856
FIPS_51165_51660,a085a0c0098ca4820b2f4cd378b25e77,38.51033953,-78.87547771
FIPS_51167,1407e79d280c8e4d48dd1f716b71894d,36.93386696,-82.09559018
FIPS_51169,c53462419aaf6e08c4a06f8d404e0823,36.71431538,-82.60299862
FIPS_51171,516561ecb4b9accfb3e240247b7715ac,38.8582199,-78.57109411
FIPS_51173,9bdf7925cebd8ec40b1f2399c8eba1e5,36.84371872,-81.53693966
FIPS_51175,6b2f9197ebdb0b9a82a1e084e0bfd248,36.72034997,-77.10628967
FIPS_51177,c0a4b210e5dcf7296e8505b2a7f9629a,38.18507172,-77.65614632
FIPS_51179,11f2a87167e3ff5263d9b7a807f59524,38.42064916,-77.45799468
FIPS_51181,fdbb732633c6a3d32a67fc56edc7cde4,37.10982317,-76.90018047
FIPS_51183,1b20fdd1e2ec82c9db0749ca02a57b90,36.92174859,-77.26197558
FIPS_51185,c475538c3ef851205bb989049f56129a,37.1250047,-81.56075013
FIPS_51187,77e02887fc8719ae5d273c6ceb196d0a,38.90863199,-78.20853857
FIPS_51191_51520,c6ed6e5b2fe33c3d244744d8fbc92440,36.72211635,-81.96440092
FIPS_51193,983c551e0b2e02d17c27f93dc691f1f8,38.11195985,-76.80397342
FIPS_51195,4d6dc151315add4c4b579c68cffe18c7,36.97520476,-82.6212372
FIPS_51197,568f7cad7966985188ed28c5810d7c96,36.91713726,-81.07869884
FIPS_51199_51735,2f7b83f7208ee034546c44608b021010,37.22749322,-76.5343333
FIPS_51510,3647532ec07150bfa31ec2896932bdfb,38.81845443,-77.0861999
FIPS_51530,d3f3fc2af03f6d233127c67def83093c,37.73192525,-79.35682903
FIPS_51540,273d012e26cdb781981f6aa754f56f81,38.03749017,-78.48550193
FIPS_51550,669e3876ba6dab37e11e5237f2c8017e,36.67771615,-76.30239365
FIPS_51590,01fe60c42794ae36b1ec984d9a0ea1a1,36.58319196,-79.40880295
FIPS_51595,e5ee30c813173673c0ee0a982c795e28,36.69532771,-77.53560708
FIPS_51600,b7abfd7a9b8eed35add9a69d87eb46da,38.85309806,-77.29978817
FIPS_51620,9235acd86383fc4f0a8e8e5457ea56e0,36.68308753,-76.93857733
FIPS_51630,09e5f16cc4ebf42dc661d58a9f2fa023,38.29919146,-77.48714736
FIPS_51650,f60c1886f4c0b55caab4f18ae7c4bbcf,37.0551219,-76.36294555
FIPS_51670,06c2b42895615b3e90455dc260b9f379,37.2914841,-77.29848773
FIPS_51680,fb569d365cfed25e87786e60263f6535,37.40027782,-79.19084893
FIPS_51683,4da297e69fc8c79e5f4a6804bb5b03c2,38.74786021,-77.48382068
FIPS_51685,6e25a0f10535434b75bb36cb5ffd0e10,38.77096296,-77.4429674
FIPS_51690,fe6ac6e5a087f488d8cdca68c8c447d4,36.68265492,-79.86362909
FIPS_51700,c343ad6508b1a2a4c0c8800c0dd34d8d,37.10508162,-76.51841922
FIPS_51710,9a2b93ae485c2906df625d6b57329a72,36.89450092,-76.25898305
FIPS_51720,5a5ad3596eda99cac370d9c6102936cc,36.93153108,-82.62620196
FIPS_51730,f224bc47515172796636f6e947831e1e,37.20426324,-77.39133239
FIPS_51740,79d0632c7b095122625b9ce1df01aac8,36.84682594,-76.35404337
FIPS_51750,4d4c9145a0a5352d6f6f6ba50a0c3f4f,37.12288938,-80.55875245
FIPS_51760,7a14c6c73338903975bace32292f1d1f,37.52943313,-77.47557838
FIPS_51770,62f41d7cf59be6f87bd44544206f644c,37.27847977,-79.9580818
FIPS_51775,f335ec1e9525c9796a1fc264625e7a14,37.28640228,-80.05546708
FIPS_51800,621a4871372666a81e155c504c0c9210,36.69528406,-76.63990423
FIPS_51810,10ccc3d6b30e89b173594526e81df7b9,36.73332592,-76.04336707
FIPS_51820,9ae82c26134ecd4981bda3c252fc1acf,38.06741597,-78.90135578
FIPS_51830,8410d493ab02b59ce1f6b4803d9dbb38,37.26917095,-76.70759287
FIPS_51840,2e9f1b0f07f2e53fe41d6743c15db964,39.17350197,-78.17464458
FIPS_53001,b17c44705baa151946cca111b7196cae,46.98332818,-118.56112839
FIPS_53003,46d758807d9e444cb7cf7607ecc4663c,46.19158847,-117.20306566
FIPS_53005,4c8760b53ef0ab2331c82d45634cf29b,46.23915315,-119.51081171
FIPS_53007,99b5346f86a0153f5f6c581f28b40ac9,47.86754184,-120.61827424
FIPS_53009,cf37e6c33f22d69b9fd715423a94b8f4,48.04997542,-123.92717706
FIPS_53011,206125c6e7523ba7c0301144ac24eea9,45.77897037,-122.48259612
FIPS_53013,fcccfc1beffbaa487eb34db63fe3e823,46.29710933,-117.90740128
FIPS_53015,9707fe6c04d0d1a0e611ad54ec908ceb,46.19315499,-122.68078238
FIPS_53017,779f17c15922a8121e2fa511a5342fa4,47.7355628,-119.69327853
FIPS_53019,7334fd848e4f779815ded2cdecd79c44,48.4682617,-118.51674761
FIPS_53021,eeaeae6496ed292665577df6377dcff5,46.5346154,-118.89921674
FIPS_53023,e33f0fb10c9764b3cc1803bccdf448d6,46.43104173,-117.54504433
FIPS_53025,6b10bde7e3113dbf417c0696008ae9d9,47.20413475,-119.45331019
FIPS_53027,3ef08038549f7967bd238717afda95ed,47.14954104,-123.77261885
FIPS_53029,aa387c57045265092780e4aac2771cef,48.32905805,-122.63355458
FIPS_53031,12e2f52aa0556012b07ff719674fa121,47.74950781,-123.59611486
FIPS_53033,90d5b3b7169fe2778c70337390510722,47.48998988,-121.80532644
FIPS_53035,6736e5c695862a09a624bd125dbb023a,47.61289901,-122.67190851
FIPS_53037,c610cfef1f7f60b84c4daae59531dd03,47.12408423,-120.67806272
FIPS_53039,4731930038e535c8a92a63282a1bdf7f,45.87443318,-120.78942234
FIPS_53041,75bba14f3b9c2c2fbaab30d94e502d54,46.57871452,-122.39261541
FIPS_53043,f706d04e4f5dd59a8e4dde3ad238dfe9,47.57591221,-118.41853444
FIPS_53045,38da564a24ac6d5fe2577c2e76a12125,47.34818601,-123.192832
FIPS_53047,68addc821b387ab5cc91c846b627a586,48.54808928,-119.74019806
FIPS_53049,8f3711e4d3e3b05b3f4bb7caa55e204a,46.55548695,-123.70426311
FIPS_53051,82d693875bfe7c93f77f612ddf1f46eb,48.53083712,-117.27393405
FIPS_53053,8134736e3bba7bedeb99312cc5d7f4e4,47.02412987,-122.1037233
FIPS_53055,8c2a764deaa90314ec45885571b5f88b,48.57811137,-122.96497644
FIPS_53057,268c58341210244afeee9b860700acf0,48.47987206,-121.73066258
FIPS_53059,c27b70bc885cfc378c0ea91bf9953cf6,46.02221976,-121.91504527
FIPS_53061,230702ca87b0cc2b16f76469574a34be,48.04747575,-121.6976651
FIPS_53063,ecc28b249b1c770b0a603cc4cc5b76cd,47.6199548,-117.40426926
FIPS_53065,d8ecf6465d871b0d6541742b2ae60bde,48.39669393,-117.85540024
FIPS_53067,57a2d4bce39348d41d45c639cf9fb371,46.92570792,-122.83290408
FIPS_53069,bb969c87c69d4aa51f6d1a21c913d8fa,46.29177695,-123.42435673
FIPS_53071,d2e2db7fd52f7d7e8880ee081f5cd521,46.22957837,-118.47850159
FIPS_53073,6397bb2d04a32b954909e4356bd68793,48.82666709,-121.71944182
FIPS_53075,4b440313d7f8dfa0629155da8af59613,46.9006968,-117.52311476
FIPS_53077,711fdb7d82d96139a0b28ff8f3d37a56,46.45650887,-120.73766514
FIPS_54001,6d6994b8630cdef898f8a95a9e189174,39.13288275,-80.00303388
FIPS_54003,89760519c6f067d438f5f0db374a20ab,39.46400793,-78.02760186
FIPS_54005,201c0f76a64e14fdfe74bdff9eb099f0,38.02290623,-81.71111938
FIPS_54007,3eddbcda71290eb81b32ad893dcdbba6,38.69983662,-80.71939492
FIPS_54009,71b8f4c91921e25092de624c38a95691,40.27375463,-80.57643613
FIPS_54011,c1e4d22e168fc450c77c231bf9f71ff9,38.42025307,-82.24176113
FIPS_54013,4685236e9ee651494d06153cfc4c8852,38.84435826,-81.11753141
FIPS_54015,7023829f14af8d1c2b401480d89180d8,38.46248376,-81.07517917
FIPS_54017,349fda3c9d90de7e62c9ada6c0550a8b,39.26909429,-80.70702612
FIPS_54019,403f70c5bb6073bcd7b5a2f97fdaacd3,38.02872072,-81.08102298
FIPS_54021,37eaaed2a19e86c474d9c37150d60308,38.92399363,-80.85716274
FIPS_54023,d8e42af9fc8748c4257613470e5f9bc7,39.10493341,-79.19553022
FIPS_54025,863fdb719f9f659a50266e85255bae68,37.94685771,-80.45293198
FIPS_54027,ce548937d479b760d4d7c5d5568f02a0,39.31699008,-78.61424864
FIPS_54029,536be66af351fd037f453788e5ef21bf,40.52179329,-80.57387588
FIPS_54031,938043f72ac36b526989b9a1b9e0d736,39.00742809,-78.85803105
FIPS_54033,3fb2acb58efa0169425e9520ade5cf8f,39.28345339,-80.37984553
FIPS_54035,21a24b62571f81fd73d1464b2631b5f9,38.83427486,-81.67473368
FIPS_54037,00334a9a556424bb119d27905b9383d2,39.30755169,-77.8627694
FIPS_54039,a0cb87dac783c3df903455a15e9c9bbe,38.3363904,-81.52799015
FIPS_54041,6b333cfa24c8857dd6d7422f0391a587,38.99578309,-80.50209787
FIPS_54043,ce9a029b52df8b31ac3f249fdcdf949e,38.17527046,-82.07047411
FIPS_54045,46068977c54a032529068c82377fddae,37.83145905,-81.93521553
FIPS_54047,eccec625daad7834ea00f2ff23746fdb,37.37852411,-81.65350107
FIPS_54049,2864c252715c01e09de3dac606f6872c,39.51001801,-80.24330256
FIPS_54051,93851216f80848cd6feece07c3398617,39.86053135,-80.66342975
FIPS_54053,3fe44bf4b326bd8d36e1ac63b00b661e,38.76958024,-82.02659953
FIPS_54055,98fc7d5149426e18356333cf47923e09,37.40548802,-81.11146916
FIPS_54057,b8631b66e54e118e10e96c9b5263656f,39.41469374,-78.94395528
FIPS_54059,69c627fd1e3e616bed37abe0b6eea581,37.72631066,-82.13442111
FIPS_54061,970731af881774d053a279e8e2eac3a0,39.63032873,-80.04644933
FIPS_54063,9ef931b043b519aebcea783d1eacab44,37.56037612,-80.55068158
FIPS_54065,e1a4fc0b2cd0098b6cd019133941697a,39.56040719,-78.25780191
FIPS_54067,085073f3b22d1225cd026929c439dd5e,38.29165514,-80.79932286
FIPS_54069,23f07f15ef34b31022590600ed433116,40.09690542,-80.61905448
FIPS_54071,4587018bfa32632970ab194d94844eff,38.6805744,-79.35093316
FIPS_54073,e45b57328efc96d2d189df7b31fe57b0,39.37094176,-81.160688
FIPS_54075,eb8bed3067b3945926b19a06a6655ce5,38.33158304,-80.00832762
FIPS_54077,c905b7335a59cd22a77f79024ce230cd,39.46909225,-79.66821984
FIPS_54079,b1d4feac094cea9e7ea607273139288e,38.50851416,-81.90909559
FIPS_54081,62f76987d0c38eb94bb678334b8a8d46,37.77132587,-81.24844514
FIPS_54083,f10f6a835c7a88544bf76cc08dda7641,38.77457788,-79.87627311
FIPS_54085,4c7b5d268081a2f86a34cb4361895b78,39.17821858,-81.06296486
FIPS_54087,4301b7feb6418bb2a7994ac9789588df,38.71391404,-81.34826005
FIPS_54089,bdb164bd0fcaa438c938386a2cba309d,37.6557731,-80.85867224
FIPS_54091,0999249d744e29a92e6606abb5620b26,39.33598838,-80.04622019
FIPS_54093,d74509de911e25db175d2f42ad0df335,39.1136005,-79.56488203
FIPS_54095,a3e76dbd0758435d572478d9df74f409,39.46525674,-80.88479682
FIPS_54097,ca3120ede635e77d9893f66c6c41f981,38.89770178,-80.23349426
FIPS_54099,c8d8d503e59bafcd1e83cc911885c31a,38.14576086,-82.42683052
FIPS_54101,83469d31a109c3b788af763f8353ff1f,38.49461687,-80.42192443
FIPS_54103,f7ba6e54e959eb1dc604efcdd6a4013f,39.60524186,-80.63907868
FIPS_54105,8a415bde69e2d25701dc8ddb10eb3980,39.0223986,-81.37862766
FIPS_54107,105fbe0f26e51f0bd3cd05d8c2f701c6,39.21109009,-81.51508759
FIPS_54109,8573535d757b48469f147c9552f30f84,37.60959696,-81.54909397
FIPS_55001,164a143cd0f576d99fd84ef694aa137b,43.969125,-89.77029848
FIPS_55003,f0281cee08e07b19738ce6c21d01963f,46.31477514,-90.67783894
FIPS_55005,87ff60cb924cdd907428f776e03ce4b2,45.42355246,-91.84830946
FIPS_55007,d8cb41c75b383c287a7db7588410c8c8,46.52299525,-91.20120911
FIPS_55009,a399aa1e674b7715f06319e249838f86,44.45275502,-88.0036729
FIPS_55011,9b7b0109c992b2904b1cb4640cebc223,44.37956,-91.75428359
FIPS_55013,30412c34d3b16d2ec66a3d1eba4d0d89,45.86259269,-92.36799242
FIPS_55015,66c090c8a353a276ed62f49e7376f6a5,44.08149252,-88.21802531
FIPS_55017,5315a46ad298cacc423dd644bd8bf495,45.06928799,-91.27993041
FIPS_55019,1290b7ac9cd8f98430f4aca228e40a34,44.73429577,-90.61199488
FIPS_55021,a0b5fdf3b820fef7f83a0eb3a1f3ad17,43.46655727,-89.33368585
FIPS_55023,c2c5e0471f16b04fa64bab0d536641e8,43.23931267,-90.93116049
FIPS_55025,9e42c84c0e0959afbb2dace7a4e875e9,43.06724332,-89.4181316
FIPS_55027,3f27e3cafa4ed5fcea61f7c24977a154,43.4161408,-88.7075174
FIPS_55029,b7fe19ed2fc72339f180961027d5c321,44.94676727,-87.3146589
FIPS_55031,046d4d3fe420aa00e24349c554a9f279,46.43255825,-91.9161457
FIPS_55033,8f061aed19808b460b034b628a555fce,44.94623728,-91.89637671
FIPS_55035,4ca60def968ed4ac5bbfb25f61ee7deb,44.72683784,-91.2859781
FIPS_55037,02a0236d8f72c01a9fe264152e30bec8,45.84843709,-88.39806261
FIPS_55039,078a8778394b5ef98c698ac5d64dbba6,43.75360768,-88.48819578
FIPS_55041,6852aa253d45b3902baff6a8c08d0c1c,45.66682883,-88.77004802
FIPS_55043,5d0511963228de557cf87c72d2c21582,42.86716512,-90.70615628
FIPS_55045,7d9b6f04007c1579fd9d81b191b47426,42.67990852,-89.60221512
FIPS_55047,634980dd704912b8e2f91ea479e23a5a,43.80023837,-89.04489825
FIPS_55049,e4035b4ac940051576cb4780db7f28fc,43.00039454,-90.13536941
FIPS_55051,e81c666c221106b23a755e7f1d5cabd5,46.26192803,-90.24156477
FIPS_55053,3fd0ef204bab7631141b633a89d1c131,44.31913785,-90.80499026
FIPS_55055,c7fd6d5179ee2f799984eba95936bbd7,43.02071136,-88.77586438
FIPS_55057,610ed4481667e4e4bc31f7c55757a052,43.92407146,-90.11364985
FIPS_55059,c1b6b586784191ee3d846b56d9714ac6,42.57682011,-88.04261994
FIPS_55061,37f01ff25265859cf6a42ee30fbf321f,44.51596346,-87.61533477
FIPS_55063,6d12e8af4cb80ddf6309cc89846f16cc,43.90645996,-91.11516604
FIPS_55065,d1f79aa0b0da3a72f530e67e2cf8d2ce,42.66048186,-90.13171978
FIPS_55067,767cb789092b763431e62af222d4fa89,45.26228155,-89.07180592
FIPS_55069,c69272533c281c3c8496eb581f28f506,45.33725484,-89.73463987
FIPS_55071,202d2960923dbd9c44dc1b4818cde6b9,44.11975616,-87.80987107
FIPS_55073,9aca1e318536945ec8cd56c6e95ac3ac,44.89836247,-89.75911199
FIPS_55075,d94db5d56e26aa520f1842a22056c09c,45.38220437,-88.03270448
FIPS_55077,7dc29898ef01ac4ade368309d43da9b0,43.8194698,-89.3987913
FIPS_55078,dd8b0d06b4583e335755e5e914c16dab,45.00435008,-88.70992104
FIPS_55079,2d3f952747fdbe3d04ecf90aa87daaa2,43.00702932,-87.96673932
FIPS_55081,858e5805fa89a8ad0658d91a0adb11e9,43.94555674,-90.61779547
FIPS_55083,dfffa7cdc514f5b2816ea697187944b5,45.02567617,-88.26835369
FIPS_55085,4fa5ffb929b089060cfcfb2298a284e1,45.70563255,-89.52162098
FIPS_55087,090f5b3b995842fb6c1ad838719d3412,44.4160086,-88.46493223
FIPS_55089,d395294d0a48ec6b7a8f0ac142bed046,43.38386128,-87.95099865
FIPS_55091,92e24ce533fadce8dcf9c7feb75f2407,44.48314763,-92.14860936
FIPS_55093,a162c68005fdf2dd54709a161869ea0c,44.71938103,-92.42237327
FIPS_55095,34009af3a92faf896c91f77fae7a8b42,45.46113383,-92.44140452
FIPS_55097,31e4b5d12b9d13865fc410864a48fe6e,44.47583474,-89.50128893
FIPS_55099,d678e6314366f893ce8842e5a63d14ea,45.67993581,-90.36145649
FIPS_55101,f0769524c9e65f00158f6a0c48251849,42.74749422,-88.06122372
FIPS_55103,d01309496ec309c4d609a2d6fdefb834,43.37553427,-90.42948089
FIPS_55105,4c4be7dde2f7428ace151ce65a196931,42.67116173,-89.07154781
FIPS_55107,f8f6621fb9bab7146fe233d21f1e5adb,45.47518457,-91.13324172
FIPS_55109,8afb600704471af17fe6155404d412c9,45.03392112,-92.45256236
FIPS_55111,e724c1ac2878dd102d429bc13f591334,43.42649221,-89.94822123
FIPS_55113,f87fbff5bb3761ac2db01c763af3ec1b,45.87978193,-91.14444928
FIPS_55115,9c19e9e96ec358beef6bee640adf5a3e,44.78929318,-88.76492681
FIPS_55117,c25fdc3c8d4e7bbce3f4baf034afbaf9,43.72107221,-87.94537858
FIPS_55119,684375caecc0da3432728078ff724c6b,45.21159227,-90.50133267
FIPS_55121,5c857bc159e9c361aebbb1eab4c87c3f,44.30352809,-91.35852513
FIPS_55123,23fbf4040a1ced94340f76ff92e71dcc,43.59399059,-90.83454107
FIPS_55125,4746b4b7328cbaf440e47ca82741efa6,46.05299795,-89.51468014
FIPS_55127,086822668212a6e00da4c085dc390703,42.66839,-88.5419033
FIPS_55129,e610ebfa9f1b36eae9835b015cc9c59d,45.89882542,-91.79120684
FIPS_55131,85dd0499e631b0c4e9370c1e527aa439,43.36834923,-88.23078645
FIPS_55133,1b230c2ea27a320190a0fe0b002521d7,43.0181156,-88.30450836
FIPS_55135,2a3d3ee7b160abddd6a60c9f1bb055cf,44.47025079,-88.96487503
FIPS_55137,d1b4e06b68aef846acaa76065751bca9,44.11318007,-89.24287632
FIPS_55139,1a14373ac2f67eefbb625c85e9203063,44.06877215,-88.64465743
FIPS_55141,c561e3af43aed98b4646710199962cf4,44.45515393,-90.04145291
FIPS_56001,218cd537985727ce1e12087da339ef10,41.65205379,-105.72437311
FIPS_56003,f74b1d189ebb5b90edf734a8bd001156,44.52629004,-107.99419097
FIPS_56005,5f94b59347f7087ae8bced48a87eca60,44.24525418,-105.54832613
FIPS_56007,413c659f44e2655ede44c2ff7c64660c,41.69283671,-106.93216393
FIPS_56009,54ce34ad2dcc26ca64950728c7b772d5,42.97114181,-105.50737102
FIPS_56011,2b8aa4c8d8d89710f0e2c7c7a99692fc,44.58792755,-104.56994208
FIPS_56013_56035,c2af04b828cfa6e8519815da4ec9e1e2,42.94563565,-109.07461869
FIPS_56015,668426da67b63e07674ea8c2ff286289,42.08658947,-104.35326249
FIPS_56017,8bf1e5954737835c2c2bb65bb94b19b7,43.71918092,-108.44122965
FIPS_56019,2f77e817dfa83e597cfc99e242a0a1ac,44.03748735,-106.58442004
FIPS_56021,5b78b713342c74fb79ae8e4a0b5b9724,41.30706001,-104.68942605
FIPS_56023,d61efad0e6a1f6ed7064890ae48f26d1,42.26035053,-110.65426422
FIPS_56025,2ef9362f17c9cdff3ac6133cc175ee70,42.96132507,-106.79852165
FIPS_56027,02e25de87e137e7da2940ed5a266123d,43.05561452,-104.47537748
FIPS_56029,85ad8a61a364c0f800076d97e2cbad5b,44.52009168,-109.58612143
FIPS_56031,3496ca0ed1aae57bc8be4c969571fe61,42.13195782,-104.9657977
FIPS_56033,dcc6202a382393c7f35e9cd6e136fede,44.79066238,-106.87905984
FIPS_56037,2e46345fa5716101827774736405f293,41.65922784,-108.88036383
FIPS_56039,a85a0d80e9317d708da2b465df357d17,43.93248472,-110.58940426
FIPS_56041,ad40dc3cb1f8f6b6cf70fcdfd6c44a9c,41.28737888,-110.54756068
FIPS_56043,5d3e52e7bf675beec8e3426f67c2c901,43.90499503,-107.68195739
FIPS_56045,108f0652d68c95bd50aba7e4c2b19187,43.84014732,-104.56784459
