sc_point_gid,class,capacity,capital_adder_per_mw,cf
37804,10,0.0,0,0.0
37805,10,0.0,0,0.0
37806,10,0.0,0,0.0
37807,10,0.0,0,0.0
37808,10,0.0,0,0.0
38488,10,0.0,0,0.0
38489,10,0.0,0,0.0
38490,10,0.0,0,0.0
38491,10,0.0,0,0.0
38492,10,0.0,0,0.0
39158,10,0.0,0,0.0
39173,10,0.0,0,0.0
39174,10,0.0,0,0.0
39175,10,0.0,0,0.0
39176,10,0.0,0,0.0
39180,10,0.0,0,0.0
39182,10,0.0,0,0.0
39842,10,0.0,0,0.0
39843,10,0.0,0,0.0
39857,10,0.0,0,0.0
39858,10,0.0,0,0.0
39859,10,0.0,0,0.0
39871,10,0.0,0,0.0
40525,10,0.0,0,0.0
40526,10,0.0,0,0.0
40527,10,0.0,0,0.0
40528,10,0.0,0,0.0
40539,10,0.0,0,0.0
40540,10,0.0,0,0.0
40541,10,0.0,0,0.0
40542,10,0.0,0,0.0
40543,10,0.0,0,0.0
40544,10,0.0,0,0.0
40545,10,0.0,0,0.0
40556,10,0.0,0,0.0
40557,10,0.0,0,0.0
40558,10,0.0,0,0.0
41209,10,0.0,0,0.0
41210,10,0.0,0,0.0
41211,10,0.0,0,0.0
41212,10,0.0,0,0.0
41213,10,0.0,0,0.0
41214,10,0.0,0,0.0
41224,10,0.0,0,0.0
41225,10,0.0,0,0.0
41226,10,0.0,0,0.0
41227,10,0.0,0,0.0
41228,10,0.0,0,0.0
41229,10,0.0,0,0.0
41230,10,0.0,0,0.0
41231,10,0.0,0,0.0
41242,10,0.0,0,0.0
41243,10,0.0,0,0.0
41244,10,0.0,0,0.0
41245,10,0.0,0,0.0
41246,10,0.0,0,0.0
41893,10,0.0,0,0.0
41894,10,0.0,0,0.0
41895,10,0.0,0,0.0
41896,10,0.0,0,0.0
41897,10,0.0,0,0.0018
41898,10,0.0,0,0.0
41899,10,0.0,0,0.0
41900,10,0.0,0,0.0
41906,10,0.0,0,0.0
41907,10,0.0,0,0.0
41908,10,0.0,0,0.0
41909,10,0.0,0,0.0
41910,10,0.0,0,0.0
41911,10,0.0,0,0.0
41912,10,0.0,0,0.0
41913,10,0.0,0,0.0
41914,10,0.0,0,0.0
41915,10,0.0,0,0.0
41926,10,0.0,0,0.0
41927,10,0.0,0,0.0
41928,10,0.0,0,0.0
41929,10,0.0,0,0.0
41930,10,0.0,0,0.0
41931,10,0.0,0,0.0
41932,10,0.0,0,0.0
41933,10,0.0,0,0.0
41934,10,0.0,0,0.0
42578,10,0.0,0,0.0
42579,10,0.0,0,0.0
42580,10,0.0,0,0.0
42581,10,0.0,0,0.0
42584,10,0.0,0,0.0
42585,10,0.0,0,0.0
42586,10,0.0,0,0.0
42587,10,0.0,0,0.0
42590,10,0.0,0,0.0
42591,10,0.0,0,0.0
42592,10,0.0,0,0.0
42593,10,0.0,0,0.0
42594,10,0.0,0,0.0
42595,10,0.0,0,0.0
42596,10,0.0,0,0.0
42597,10,0.0,0,0.0
42598,10,0.0,0,0.0
42605,10,0.0,0,0.0
42606,10,0.0,0,0.0
42607,10,0.0,0,0.0
42609,10,0.0,0,0.0
42610,10,0.0,0,0.0
42611,10,0.0,0,0.0
42612,10,0.0,0,0.0
42613,10,0.0,0,0.0
42614,10,0.0,0,0.0
42615,10,0.0,0,0.0
42616,10,0.0,0,0.0
42617,10,0.0,0,0.0
42618,10,0.0,0,0.0
42619,10,0.0,0,0.0
42620,10,0.0,0,0.0
43262,10,0.0,0,0.0
43263,10,0.0,0,0.0
43264,10,0.0,0,0.0
43265,10,0.0,0,0.0
43270,10,0.0,0,0.0
43271,10,0.0,0,0.0
43272,10,0.0,0,0.0
43274,10,0.0,0,0.0
43276,10,0.0,0,0.0
43277,10,0.0,0,0.0
43278,10,0.0,0,0.0
43279,10,0.0,0,0.0
43280,10,0.0,0,0.0
43281,10,0.0,0,0.0
43282,10,0.0,0,0.0
43289,10,0.0,0,0.0
43290,10,0.0,0,0.0
43291,10,0.0,0,0.0
43292,10,0.0,0,0.0
43293,10,0.0,0,0.0
43294,10,0.0,0,0.0
43295,10,0.0,0,0.0
43296,10,0.0,0,0.0
43297,10,0.0,0,0.0
43298,10,0.0,0,0.0
43299,10,0.0,0,0.0
43300,10,0.0,0,0.0
43301,10,0.0,0,0.0
43303,10,0.0,0,0.0
43304,10,0.0,0,0.0
43306,10,0.0,0,0.0
43307,10,0.0,0,0.0
43946,10,0.0,0,0.0
43947,10,0.0,0,0.0
43948,10,0.0,0,0.0
43949,10,0.0,0,0.0
43955,10,0.0,0,0.0
43956,10,0.0,0,0.0
43957,10,0.0,0,0.0
43959,10,0.0,0,0.0
43961,10,0.0,0,0.0
43962,10,0.0,0,0.0
43963,10,0.0,0,0.0
43965,10,0.0,0,0.0
43973,10,0.0,0,0.0
43974,10,0.0,0,0.0
43975,10,0.0,0,0.0
43976,10,0.0,0,0.0
43977,10,0.0,0,0.0
43978,10,0.0,0,0.0
43979,10,0.0,0,0.0
43980,10,0.0,0,0.0
43981,10,0.0,0,0.0
43982,10,0.0,0,0.0
43983,10,0.0,0,0.0
43984,10,0.0,0,0.0
43985,10,0.0,0,0.0
43987,10,0.0,0,0.0
43988,10,0.0,0,0.0
43989,10,0.0,0,0.0
43990,10,0.0,0,0.0
43991,10,0.0,0,0.0
43998,10,0.0,0,0.0
43999,10,0.0,0,0.0
44630,10,0.0,0,0.0
44631,10,0.0,0,0.0
44632,10,0.0,0,0.0
44639,10,0.0,0,0.0
44642,10,0.0,0,0.0
44644,10,0.0,0,0.0
44645,10,0.0,0,0.0
44646,10,0.0,0,0.0
44647,10,0.0,0,0.0
44648,10,0.0,0,0.0
44655,10,0.0,0,0.0
44658,10,0.0,0,0.0
44659,10,0.0,0,0.0
44660,10,0.0,0,0.0
44661,10,0.0,0,0.0
44662,10,0.0,0,0.0
44663,10,0.0,0,0.0
44666,10,0.0,0,0.0
44667,10,0.0,0,0.0
44668,10,0.0,0,0.0
44672,10,0.0,0,0.0
44673,10,0.0,0,0.0
44674,10,0.0,0,0.0
44675,10,0.0,0,0.0
44682,10,0.0,0,0.0
44683,10,0.0,0,0.0
45314,10,0.0,0,0.0
45315,10,0.0,0,0.0
45316,10,0.0,0,0.0
45317,10,0.0,0,0.0
45322,10,0.0,0,0.0
45323,10,0.0,0,0.0
45325,10,0.0,0,0.0
45327,10,0.0,0,0.0
45328,10,0.0,0,0.0
45329,10,0.0,0,0.0
45330,10,0.0,0,0.0
45331,10,0.0,0,0.0
45332,10,0.0,0,0.0
45341,10,0.0,0,0.0
45342,10,0.0,0,0.0
45343,10,0.0,0,0.0
45344,10,0.0,0,0.0
45345,10,0.0,0,0.0
45346,10,0.0,0,0.0
45347,10,0.0,0,0.0
45354,10,0.0,0,0.0
45355,10,0.0,0,0.0
45357,10,0.0,0,0.0
45358,10,0.0,0,0.0
45367,10,0.0,0,0.0
45368,10,0.0,0,0.0
45998,10,0.0,0,0.0
45999,10,0.0,0,0.0
46000,10,0.0,0,0.0
46001,10,0.0,0,0.0
46002,10,0.0,0,0.0
46004,10,0.0,0,0.0
46005,10,0.0,0,0.0
46007,10,0.0,0,0.0
46008,10,0.0,0,0.0
46011,10,0.0,0,0.0
46012,10,0.0,0,0.0
46013,10,0.0,0,0.0
46014,10,0.0,0,0.0
46015,10,0.0,0,0.0
46016,10,0.0,0,0.0
46025,10,0.0,0,0.0
46026,10,0.0,0,0.0
46027,10,0.0,0,0.0
46028,10,0.0,0,0.0
46029,10,0.0,0,0.0
46030,10,0.0,0,0.0
46031,10,0.0,0,0.0
46033,10,0.0,0,0.0
46034,10,0.0,0,0.0
46038,10,0.0,0,0.0
46039,10,0.0,0,0.0
46040,10,0.0,0,0.0
46041,10,0.0,0,0.0
46042,10,0.0,0,0.0
46044,10,0.0,0,0.0
46045,10,0.0,0,0.0
46682,10,0.0,0,0.0
46683,10,0.0,0,0.0
46684,10,0.0,0,0.0
46685,10,0.0,0,0.0
46686,10,0.0,0,0.0
46687,10,0.0,0,0.0
46688,10,0.0,0,0.0
46690,10,0.0,0,0.0
46691,10,0.0,0,0.0
46692,10,0.0,0,0.0
46693,10,0.0,0,0.0
46694,10,0.0,0,0.0
46695,10,0.0,0,0.0
46696,10,0.0,0,0.0
46697,10,0.0,0,0.0
46698,10,0.0,0,0.0
46701,10,0.0,0,0.0
46704,10,0.0,0,0.0
46705,10,0.0,0,0.0
46706,10,0.0,0,0.0
46709,10,0.0,0,0.0
46710,10,0.0,0,0.0
46711,10,0.0,0,0.0
46712,10,0.0,0,0.0
46713,10,0.0,0,0.0
46714,10,0.0,0,0.0
46715,10,0.0,0,0.0
46716,10,0.0,0,0.0
46717,10,0.0,0,0.0
46722,10,0.0,0,0.0
46723,10,0.0,0,0.0
46724,10,0.0,0,0.0
46725,10,0.0,0,0.0
46726,10,0.0,0,0.0
46728,10,0.0,0,0.0
46729,10,0.0,0,0.0
46737,10,0.0,0,0.0
47366,10,0.0,0,0.0
47367,10,0.0,0,0.0
47368,10,0.0,0,0.0
47369,10,0.0,0,0.0
47370,10,0.0,0,0.0
47371,10,0.0,0,0.0
47372,10,0.0,0,0.0
47373,10,0.0,0,0.0
47374,10,0.0,0,0.0
47375,10,0.0,0,0.0
47376,10,0.0,0,0.0
47377,10,0.0,0,0.0
47378,10,0.0,0,0.0
47379,10,0.0,0,0.0
47380,10,0.0,0,0.0
47381,10,0.0,0,0.0
47382,10,0.0,0,0.0
47385,10,0.0,0,0.0
47389,10,0.0,0,0.0
47390,10,0.0,0,0.0
47391,10,0.0,0,0.0
47392,10,0.0,0,0.0
47393,10,0.0,0,0.0
47394,10,0.0,0,0.0
47395,10,0.0,0,0.0
47396,10,0.0,0,0.0
47397,10,0.0,0,0.0
47398,10,0.0,0,0.0
47399,10,0.0,0,0.0
47400,10,0.0,0,0.0
47401,10,0.0,0,0.0
47405,10,0.0,0,0.0
47406,10,0.0,0,0.0
47407,10,0.0,0,0.0
47408,10,0.0,0,0.0
47409,10,0.0,0,0.0
47410,10,0.0,0,0.0
47421,10,0.0,0,0.0
48051,10,0.0,0,0.0
48052,10,0.0,0,0.0
48053,10,0.0,0,0.0
48054,10,0.0,0,0.0
48055,10,0.0,0,0.0
48056,10,0.0,0,0.0
48057,10,0.0,0,0.0
48058,10,0.0,0,0.0
48060,10,0.0,0,0.0
48061,10,0.0,0,0.0
48062,10,0.0,0,0.0
48063,10,0.0,0,0.0
48065,10,0.0,0,0.0
48066,10,0.0,0,0.0
48073,10,0.0,0,0.0
48075,10,0.0,0,0.0
48076,10,0.0,0,0.0
48077,10,0.0,0,0.0
48078,10,0.0,0,0.0
48079,10,0.0,0,0.0
48080,10,0.0,0,0.0
48081,10,0.0,0,0.0
48082,10,0.0,0,0.0
48083,10,0.0,0,0.0
48084,10,0.0,0,0.0
48085,10,0.0,0,0.0
48086,10,0.0,0,0.0
48087,10,0.0,0,0.0
48088,10,0.0,0,0.0
48089,10,0.0,0,0.0
48090,10,0.0,0,0.0
48091,10,0.0,0,0.0
48092,10,0.0,0,0.0
48093,10,0.0,0,0.0
48094,10,0.0,0,0.0
48096,10,0.0,0,0.0
48097,10,0.0,0,0.0
48105,10,0.0,0,0.0
48106,10,0.0,0,0.0
48736,10,0.0,0,0.0
48737,10,0.0,0,0.0
48738,10,0.0,0,0.0
48739,10,0.0,0,0.0
48740,10,0.0,0,0.0
48741,10,0.0,0,0.0
48742,10,0.0,0,0.0
48743,10,0.0,0,0.0
48744,10,0.0,0,0.0
48745,10,0.0,0,0.0
48746,10,0.0,0,0.0
48747,10,0.0,0,0.0
48749,10,0.0,0,0.0
48750,10,0.0,0,0.0
48752,10,0.0,0,0.0
48757,10,0.0,0,0.0
48758,10,0.0,0,0.0
48759,10,0.0,0,0.0
48760,10,0.0,0,0.0
48761,10,0.0,0,0.0
48762,10,0.0,0,0.0
48763,10,0.0,0,0.0
48764,10,0.0,0,0.0
48765,10,0.0,0,0.0
48766,10,0.0,0,0.0
48767,10,0.0,0,0.0
48768,10,0.0,0,0.0
48769,10,0.0,0,0.0
48770,10,0.0,0,0.0
48771,10,0.0,0,0.0
48772,10,0.0,0,0.0
48773,10,0.0,0,0.0
48774,10,0.0,0,0.0
48776,10,0.0,0,0.0
48777,10,0.0,0,0.0
48779,10,0.0,0,0.0
48789,10,0.0,0,0.0
48790,10,0.0,0,0.0
49418,10,0.0,0,0.0
49419,10,0.0,0,0.0
49420,10,0.0,0,0.0
49421,10,0.0,0,0.0
49422,10,0.0,0,0.0
49423,10,0.0,0,0.0
49424,10,0.0,0,0.0
49425,10,0.0,0,0.0
49426,10,0.0,0,0.0
49427,10,0.0,0,0.0
49428,10,0.0,0,0.0
49429,10,0.0,0,0.0
49430,10,0.0,0,0.0
49431,10,0.0,0,0.0
49433,10,0.0,0,0.0
49434,10,0.0,0,0.0
49435,10,0.0,0,0.0
49441,10,0.0,0,0.0
49442,10,0.0,0,0.0
49443,10,0.0,0,0.0
49444,10,0.0,0,0.0
49445,10,0.0,0,0.0
49446,10,0.0,0,0.0
49447,10,0.0,0,0.0
49448,10,0.0,0,0.0
49449,10,0.0,0,0.0
49450,10,0.0,0,0.0
49451,10,0.0,0,0.0
49452,10,0.0,0,0.0
49453,10,0.0,0,0.0
49454,10,0.0,0,0.0
49455,10,0.0,0,0.0
49456,10,0.0,0,0.0
49457,10,0.0,0,0.0
49458,10,0.0,0,0.0
49459,10,0.0,0,0.0
49460,10,0.0,0,0.0
49463,10,0.0,0,0.0
50103,10,0.0,0,0.0
50104,10,0.0,0,0.0
50105,10,0.0,0,0.0
50106,10,0.0,0,0.0
50107,10,0.0,0,0.0
50108,10,0.0,0,0.0
50109,10,0.0,0,0.0
50110,10,0.0,0,0.0
50111,10,0.0,0,0.0
50112,10,0.0,0,0.0
50113,10,0.0,0,0.0
50114,10,0.0,0,0.0
50115,10,0.0,0,0.0
50116,10,0.0,0,0.0
50117,10,0.0,0,0.0
50118,10,0.0,0,0.0
50119,10,0.0,0,0.0
50120,10,0.0,0,0.0
50126,10,0.0,0,0.0
50127,10,0.0,0,0.0
50128,10,0.0,0,0.0
50129,10,0.0,0,0.0
50130,10,0.0,0,0.0
50131,10,0.0,0,0.0
50132,10,0.0,0,0.0
50133,10,0.0,0,0.0
50134,10,0.0,0,0.0
50135,10,0.0,0,0.0
50136,10,0.0,0,0.0
50137,10,0.0,0,0.0
50138,10,0.0,0,0.0
50139,10,0.0,0,0.0
50140,10,0.0,0,0.0
50141,10,0.0,0,0.0
50142,10,0.0,0,0.0
50143,10,0.0,0,0.0
50144,10,0.0,0,0.0
50145,10,0.0,0,0.0
50786,10,0.0,0,0.0
50787,10,0.0,0,0.0
50788,10,0.0,0,0.0
50789,10,0.0,0,0.0
50790,10,0.0,0,0.0
50791,10,0.0,0,0.0
50792,10,0.0,0,0.0
50793,10,0.0,0,0.0
50794,10,0.0,0,0.0
50795,10,0.0,0,0.0
50796,10,0.0,0,0.0
50797,10,0.0,0,0.0
50798,10,0.0,0,0.0
50799,10,0.0,0,0.0
50801,10,0.0,0,0.0
50802,10,0.0,0,0.0
50803,10,0.0,0,0.0
50806,10,0.0,0,0.0
50807,10,0.0,0,0.0
50811,10,0.0,0,0.0
50812,10,0.0,0,0.0
50813,10,0.0,0,0.0
50814,10,0.0,0,0.0
50815,10,0.0,0,0.0
50816,10,0.0,0,0.0
50817,10,0.0,0,0.0
50818,10,0.0,0,0.0
50819,10,0.0,0,0.0
50820,10,0.0,0,0.0
50821,10,0.0,0,0.0
50822,10,0.0,0,0.0
50823,10,0.0,0,0.0
50824,10,0.0,0,0.0
50825,10,0.0,0,0.0
50826,10,0.0,0,0.0
50827,10,0.0,0,0.0
50829,10,0.0,0,0.0
51470,10,0.0,0,0.0
51471,10,0.0,0,0.0
51472,10,0.0,0,0.0
51473,10,0.0,0,0.0
51474,10,0.0,0,0.0
51475,10,0.0,0,0.0
51476,10,0.0,0,0.0
51477,10,0.0,0,0.0
51478,10,0.0,0,0.0
51479,10,0.0,0,0.0
51480,10,0.0,0,0.0
51481,10,0.0,0,0.0
51482,10,0.0,0,0.0
51483,10,0.0,0,0.0
51495,10,0.0,0,0.0
51496,10,0.0,0,0.0
51497,10,0.0,0,0.0
51498,10,0.0,0,0.0
51499,10,0.0,0,0.0
51500,10,0.0,0,0.0
51501,10,0.0,0,0.0
51502,10,0.0,0,0.0
51503,10,0.0,0,0.0
51504,10,0.0,0,0.0
51505,10,0.0,0,0.0
51506,10,0.0,0,0.0
51507,10,0.0,0,0.0
51508,10,0.0,0,0.0
51509,10,0.0,0,0.0
51510,10,0.0,0,0.0
51511,10,0.0,0,0.0
52153,10,0.0,0,0.0
52154,10,0.0,0,0.0
52155,10,0.0,0,0.0
52156,10,0.0,0,0.0
52157,10,0.0,0,0.0
52158,10,0.0,0,0.0
52159,10,0.0,0,0.0
52160,10,0.0,0,0.0
52161,10,0.0,0,0.0
52162,10,0.0,0,0.0
52163,10,0.0,0,0.0
52164,10,0.0,0,0.0
52165,10,0.0,0,0.0
52166,10,0.0,0,0.0
52167,10,0.0,0,0.0
52170,10,0.0,0,0.0
52171,10,0.0,0,0.0
52172,10,0.0,0,0.0
52173,10,0.0,0,0.0
52175,10,0.0,0,0.0
52176,10,0.0,0,0.0
52177,10,0.0,0,0.0
52178,10,0.0,0,0.0
52180,10,0.0,0,0.0
52181,10,0.0,0,0.0
52182,10,0.0,0,0.0
52183,10,0.0,0,0.0
52184,10,0.0,0,0.0
52185,10,0.0,0,0.0
52186,10,0.0,0,0.0
52187,10,0.0,0,0.0
52188,10,0.0,0,0.0
52190,10,0.0,0,0.0
52191,10,0.0,0,0.0
52192,10,0.0,0,0.0
52193,10,0.0,0,0.0
52194,10,0.0,0,0.0
52837,10,0.0,0,0.0
52838,10,0.0,0,0.0
52839,10,0.0,0,0.0
52840,10,0.0,0,0.0
52841,10,0.0,0,0.0
52842,10,0.0,0,0.0
52843,10,0.0,0,0.0
52844,10,0.0,0,0.0
52845,10,0.0,0,0.0
52846,10,0.0,0,0.0
52847,10,0.0,0,0.0
52848,10,0.0,0,0.0
52849,10,0.0,0,0.0
52850,10,0.0,0,0.0
52851,10,0.0,0,0.0
52854,10,0.0,0,0.0
52855,10,0.0,0,0.0
52857,10,0.0,0,0.0
52858,10,0.0,0,0.0
52859,10,0.0,0,0.0
52860,10,0.0,0,0.0
52861,10,0.0,0,0.0
52862,10,0.0,0,0.0
52863,10,0.0,0,0.0
52864,10,0.0,0,0.0
52865,10,0.0,0,0.0
52866,10,0.0,0,0.0
52867,10,0.0,0,0.0
52868,10,0.0,0,0.0
52869,10,0.0,0,0.0
52870,10,0.0,0,0.0
52871,10,0.0,0,0.0
52872,10,0.0,0,0.0
52873,10,0.0,0,0.0
52874,10,0.0,0,0.0
52875,10,0.0,0,0.0
52876,10,0.0,0,0.0
52877,10,0.0,0,0.0
52878,10,0.0,0,0.0
52879,10,0.0,0,0.0
53524,10,0.0,0,0.0
53525,10,0.0,0,0.0
53526,10,0.0,0,0.0
53527,10,0.0,0,0.0
53528,10,0.0,0,0.0
53529,10,0.0,0,0.0
53530,10,0.0,0,0.0
53531,10,0.0,0,0.0
53532,10,0.0,0,0.0
53533,10,0.0,0,0.0
53534,10,0.0,0,0.0
53535,10,0.0,0,0.0
53536,10,0.0,0,0.0
53537,10,0.0,0,0.0
53538,10,0.0,0,0.0
53540,10,0.0,0,0.0
53541,10,0.0,0,0.0
53542,10,0.0,0,0.0
53543,10,0.0,0,0.0
53544,10,0.0,0,0.0
53545,10,0.0,0,0.0
53546,10,0.0,0,0.0
53547,10,0.0,0,0.0
53548,10,0.0,0,0.0
53549,10,0.0,0,0.0
53550,10,0.0,0,0.0
53551,10,0.0,0,0.0
53552,10,0.0,0,0.0
53553,10,0.0,0,0.0
53554,10,0.0,0,0.0
53555,10,0.0,0,0.0
53556,10,0.0,0,0.0
53557,10,0.0,0,0.0
53558,10,0.0,0,0.0
53559,10,0.0,0,0.0
53560,10,0.0,0,0.0
53561,10,0.0,0,0.0
53562,10,0.0,0,0.0
53566,10,0.0,0,0.0
53567,10,0.0,0,0.0
54205,10,0.0,0,0.0
54206,10,0.0,0,0.0
54207,10,0.0,0,0.0
54208,10,0.0,0,0.0
54209,10,0.0,0,0.0
54210,10,0.0,0,0.0
54211,10,0.0,0,0.0
54212,10,0.0,0,0.0
54213,10,0.0,0,0.0
54214,10,0.0,0,0.0
54215,10,0.0,0,0.0
54216,10,0.0,0,0.0
54217,10,0.0,0,0.0
54218,10,0.0,0,0.0
54219,10,0.0,0,0.0
54220,10,0.0,0,0.0
54222,10,0.0,0,0.0
54223,10,0.0,0,0.0
54224,10,0.0,0,0.0
54225,10,0.0,0,0.0
54226,10,0.0,0,0.0
54227,10,0.0,0,0.0
54228,10,0.0,0,0.0
54229,10,0.0,0,0.0
54230,10,0.0,0,0.0
54231,10,0.0,0,0.0
54232,10,0.0,0,0.0
54233,10,0.0,0,0.0
54234,10,0.0,0,0.0
54235,10,0.0,0,0.0
54236,10,0.0,0,0.0
54237,10,0.0,0,0.0
54238,10,0.0,0,0.0
54239,10,0.0,0,0.0
54240,10,0.0,0,0.0
54241,10,0.0,0,0.0
54242,10,0.0,0,0.0
54243,10,0.0,0,0.0
54246,10,0.0,0,0.0
54247,10,0.0,0,0.0
54248,10,0.0,0,0.0
54249,10,0.0,0,0.0
54250,10,0.0,0,0.0
54251,10,0.0,0,0.0
54267,10,0.0,0,0.0
54268,10,0.0,0,0.0
54888,10,0.0,0,0.0
54889,10,0.0,0,0.0
54890,10,0.0,0,0.0
54891,10,0.0,0,0.0
54892,10,0.0,0,0.0
54893,10,0.0,0,0.0
54894,10,0.0,0,0.0
54895,10,0.0,0,0.0
54896,10,0.0,0,0.0
54897,10,0.0,0,0.0
54898,10,0.0,0,0.0
54899,10,0.0,0,0.0
54900,10,0.0,0,0.0
54901,10,0.0,0,0.0
54903,10,0.0,0,0.0
54904,10,0.0,0,0.0
54905,10,0.0,0,0.0
54906,10,0.0,0,0.0
54907,10,0.0,0,0.0
54908,10,0.0,0,0.0
54909,10,0.0,0,0.0
54910,10,0.0,0,0.0
54911,10,0.0,0,0.0
54912,10,0.0,0,0.0
54913,10,0.0,0,0.0
54915,10,0.0,0,0.0
54916,10,0.0,0,0.0
54917,10,0.0,0,0.0
54918,10,0.0,0,0.0
54919,10,0.0,0,0.0
54920,10,0.0,0,0.0
54921,10,0.0,0,0.0
54922,10,0.0,0,0.0
54923,10,0.0,0,0.0
54924,10,0.0,0,0.0
54925,10,0.0,0,0.0
54929,10,0.0,0,0.0
54930,10,0.0,0,0.0
54931,10,0.0,0,0.0
54932,10,0.0,0,0.0
54933,10,0.0,0,0.0
54934,10,0.0,0,0.0
54935,10,0.0,0,0.0
54951,10,0.0,0,0.0
54952,10,0.0,0,0.0
55572,10,0.0,0,0.0
55573,10,0.0,0,0.0
55574,10,0.0,0,0.0
55575,10,0.0,0,0.0
55576,10,0.0,0,0.0
55577,10,0.0,0,0.0
55578,10,0.0,0,0.0
55579,10,0.0,0,0.0
55580,10,0.0,0,0.0
55581,10,0.0,0,0.0
55582,10,0.0,0,0.0
55583,10,0.0,0,0.0
55585,10,0.0,0,0.0
55587,10,0.0,0,0.0
55588,10,0.0,0,0.0
55589,10,0.0,0,0.0
55590,10,0.0,0,0.0
55591,10,0.0,0,0.0
55592,10,0.0,0,0.0
55593,10,0.0,0,0.0
55594,10,0.0,0,0.0
55595,10,0.0,0,0.0
55596,10,0.0,0,0.0
55597,10,0.0,0,0.0
55598,10,0.0,0,0.0
55599,10,0.0,0,0.0
55600,10,0.0,0,0.0
55601,10,0.0,0,0.0
55602,10,0.0,0,0.0
55603,10,0.0,0,0.0
55604,10,0.0,0,0.0
55605,10,0.0,0,0.0
55606,10,0.0,0,0.0
55607,10,0.0,0,0.0
55608,10,0.0,0,0.0
55609,10,0.0,0,0.0
55613,10,0.0,0,0.0
55614,10,0.0,0,0.0
55615,10,0.0,0,0.0
55616,10,0.0,0,0.0
55617,10,0.0,0,0.0
55618,10,0.0,0,0.0
56256,10,0.0,0,0.0
56257,10,0.0,0,0.0
56258,10,0.0,0,0.0
56259,10,0.0,0,0.0
56260,10,0.0,0,0.0
56261,10,0.0,0,0.0
56262,10,0.0,0,0.0
56263,10,0.0,0,0.0
56264,10,0.0,0,0.0
56265,10,0.0,0,0.0
56266,10,0.0,0,0.0
56267,10,0.0,0,0.0
56268,10,0.0,0,0.0
56269,10,0.0,0,0.0
56270,10,0.0,0,0.0
56271,10,0.0,0,0.0
56272,10,0.0,0,0.0
56273,10,0.0,0,0.0
56274,10,0.0,0,0.0
56275,10,0.0,0,0.0
56276,10,0.0,0,0.0
56277,10,0.0,0,0.0
56278,10,0.0,0,0.0
56279,10,0.0,0,0.0
56280,10,0.0,0,0.0
56281,10,0.0,0,0.0
56282,10,0.0,0,0.0
56283,10,0.0,0,0.0
56284,10,0.0,0,0.0
56285,10,0.0,0,0.0
56286,10,0.0,0,0.0
56287,10,0.0,0,0.0
56288,10,0.0,0,0.0
56289,10,0.0,0,0.0
56290,10,0.0,0,0.0
56291,10,0.0,0,0.0
56292,10,0.0,0,0.0
56293,10,0.0,0,0.0
56297,10,0.0,0,0.0
56298,10,0.0,0,0.0
56299,10,0.0,0,0.0
56300,10,0.0,0,0.0
56301,10,0.0,0,0.0
56302,10,0.0,0,0.0
56319,10,0.0,0,0.0
56320,10,0.0,0,0.0
56323,10,0.0,0,0.0
56939,10,0.0,0,0.0
56940,10,0.0,0,0.0
56941,10,0.0,0,0.0
56942,10,0.0,0,0.0
56943,10,0.0,0,0.0
56944,10,0.0,0,0.0
56945,10,0.0,0,0.0
56946,10,0.0,0,0.0
56947,10,0.0,0,0.0
56948,10,0.0,0,0.0
56949,10,0.0,0,0.0
56950,10,0.0,0,0.0
56951,10,0.0,0,0.0
56952,10,0.0,0,0.0
56953,10,0.0,0,0.0
56954,10,0.0,0,0.0
56955,10,0.0,0,0.0
56956,10,0.0,0,0.0
56957,10,0.0,0,0.0
56958,10,0.0,0,0.0
56959,10,0.0,0,0.0
56960,10,0.0,0,0.0
56961,10,0.0,0,0.0
56962,10,0.0,0,0.0
56963,10,0.0,0,0.0
56964,10,0.0,0,0.0
56965,10,0.0,0,0.0
56966,10,0.0,0,0.0
56967,10,0.0,0,0.0
56968,10,0.0,0,0.0
56969,10,0.0,0,0.0
56970,10,0.0,0,0.0
56971,10,0.0,0,0.0
56972,10,0.0,0,0.0
56973,10,0.0,0,0.0
56974,10,0.0,0,0.0
56975,10,0.0,0,0.0
56976,10,0.0,0,0.0
56977,10,0.0,0,0.0
56980,10,0.0,0,0.0
56981,10,0.0,0,0.0
56982,10,0.0,0,0.0
56983,10,0.0,0,0.0
56984,10,0.0,0,0.0
56985,10,0.0,0,0.0
56986,10,0.0,0,0.0
57004,10,0.0,0,0.0
57623,10,0.0,0,0.0
57624,10,0.0,0,0.0
57625,10,0.0,0,0.0
57626,10,0.0,0,0.0
57627,10,0.0,0,0.0
57628,10,0.0,0,0.0
57629,10,0.0,0,0.0
57630,10,0.0,0,0.0
57631,10,0.0,0,0.0
57632,10,0.0,0,0.0
57633,10,0.0,0,0.0
57634,10,0.0,0,0.0
57635,10,0.0,0,0.0
57636,10,0.0,0,0.0
57637,10,0.0,0,0.0
57638,10,0.0,0,0.0
57639,10,0.0,0,0.0
57640,10,0.0,0,0.0
57641,10,0.0,0,0.0
57642,10,0.0,0,0.0
57643,10,0.0,0,0.0
57644,10,0.0,0,0.0
57645,10,0.0,0,0.0
57646,10,0.0,0,0.0
57647,10,0.0,0,0.0
57648,10,0.0,0,0.0
57649,10,0.0,0,0.0
57650,10,0.0,0,0.0
57651,10,0.0,0,0.0
57652,10,0.0,0,0.0
57653,10,0.0,0,0.0
57654,10,0.0,0,0.0
57655,10,0.0,0,0.0
57656,10,0.0,0,0.0
57657,10,0.0,0,0.0
57658,10,0.0,0,0.0
57659,10,0.0,0,0.0
57660,10,0.0,0,0.0
57661,10,0.0,0,0.0
57663,10,0.0,0,0.0
57664,10,0.0,0,0.0
57665,10,0.0,0,0.0
57666,10,0.0,0,0.0
57667,10,0.0,0,0.0
57668,10,0.0,0,0.0
57669,10,0.0,0,0.0
57670,10,0.0,0,0.0
58307,10,0.0,0,0.0
58308,10,0.0,0,0.0
58309,10,0.0,0,0.0
58310,10,0.0,0,0.0
58311,10,0.0,0,0.0
58312,10,0.0,0,0.0
58313,10,0.0,0,0.0
58314,10,0.0,0,0.0
58315,10,0.0,0,0.0
58316,10,0.0,0,0.0
58317,10,0.0,0,0.0
58318,10,0.0,0,0.0
58319,10,0.0,0,0.0
58320,10,0.0,0,0.0
58321,10,0.0,0,0.0
58322,10,0.0,0,0.0
58323,10,0.0,0,0.0
58324,10,0.0,0,0.0
58325,10,0.0,0,0.0
58326,10,0.0,0,0.0
58327,10,0.0,0,0.0
58328,10,0.0,0,0.0
58329,10,0.0,0,0.0
58330,10,0.0,0,0.0
58331,10,0.0,0,0.0
58332,10,0.0,0,0.0
58333,10,0.0,0,0.0
58334,10,0.0,0,0.0
58335,10,0.0,0,0.0
58336,10,0.0,0,0.0
58337,10,0.0,0,0.0
58338,10,0.0,0,0.0
58339,10,0.0,0,0.0
58340,10,0.0,0,0.0
58341,10,0.0,0,0.0
58342,10,0.0,0,0.0
58343,10,0.0,0,0.0
58344,10,0.0,0,0.0
58345,10,0.0,0,0.0
58347,10,0.0,0,0.0
58348,10,0.0,0,0.0
58349,10,0.0,0,0.0
58350,10,0.0,0,0.0
58351,10,0.0,0,0.0
58352,10,0.0,0,0.0
58353,10,0.0,0,0.0
58354,10,0.0,0,0.0
58355,10,0.0,0,0.0
58990,10,0.0,0,0.0
58991,10,0.0,0,0.0
58992,10,0.0,0,0.0
58993,10,0.0,0,0.0
58994,10,0.0,0,0.0
58995,10,0.0,0,0.0
58996,10,0.0,0,0.0
58997,10,0.0,0,0.0
58998,10,0.0,0,0.0
58999,10,0.0,0,0.0
59000,10,0.0,0,0.0
59001,10,0.0,0,0.0
59002,10,0.0,0,0.0
59003,10,0.0,0,0.0
59004,10,0.72,0,0.0483
59005,10,1.56,0,0.1779
59006,10,0.0,0,0.0002
59007,10,0.0,0,0.0
59008,10,0.0,0,0.0
59009,10,1.43,0,0.0411
59010,10,1.66,0,0.1198
59011,10,0.0,0,0.0
59012,10,0.0,0,0.0
59013,10,0.0,0,0.0
59014,10,0.0,0,0.0
59015,10,0.0,0,0.0
59016,10,0.0,0,0.0
59017,10,0.0,0,0.0
59018,10,0.0,0,0.0
59019,10,0.0,0,0.0
59020,10,0.0,0,0.0
59022,10,0.0,0,0.0
59023,10,0.0,0,0.0
59025,10,0.0,0,0.0
59026,10,0.0,0,0.0
59027,10,0.0,0,0.0
59028,10,0.0,0,0.0
59029,10,0.0,0,0.0
59030,10,0.0,0,0.0
59031,10,0.0,0,0.0
59032,10,0.0,0,0.0
59033,10,0.0,0,0.0
59034,10,0.0,0,0.0
59035,10,0.0,0,0.0
59036,10,0.0,0,0.0
59037,10,0.0,0,0.0
59038,10,0.0,0,0.0
59119,10,0.0,0,0.0
59120,10,0.0,0,0.0
59121,10,0.0,0,0.0
59674,10,0.0,0,0.0
59675,10,0.0,0,0.0
59676,10,0.0,0,0.0
59677,10,0.0,0,0.0
59678,10,0.0,0,0.0
59679,10,0.0,0,0.0
59680,10,0.0,0,0.0
59681,10,0.0,0,0.0
59682,10,0.0,0,0.0
59683,10,0.0,0,0.0
59684,10,0.0,0,0.0
59685,10,0.0,0,0.0
59686,10,0.0,0,0.0
59687,10,0.0,0,0.0
59688,10,1.66,0,0.5936
59689,10,0.08,0,0.0545
59690,10,0.05,0,0.0051
59691,10,0.0,0,0.0
59692,10,0.0,0,0.0
59693,10,0.16,0,0.0141
59694,10,0.06,0,0.0038
59695,10,0.0,0,0.0
59696,10,0.0,0,0.0
59697,10,0.0,0,0.0
59698,10,0.0,0,0.0
59699,10,0.0,0,0.0
59700,10,0.0,0,0.0
59701,10,0.0,0,0.0
59702,10,0.0,0,0.0
59703,10,0.0,0,0.0
59704,10,0.0,0,0.0
59705,10,0.0,0,0.0
59706,10,0.0,0,0.0
59707,10,0.0,0,0.0
59708,10,0.0,0,0.0
59709,10,0.0,0,0.0
59710,10,0.0,0,0.0
59711,10,0.0,0,0.0
59712,10,0.0,0,0.0
59713,10,0.0,0,0.0
59714,10,0.0,0,0.0
59715,10,0.0,0,0.0
59716,10,0.0,0,0.0
59717,10,0.0,0,0.0
59718,10,0.0,0,0.0
59719,10,0.0,0,0.0
59720,10,0.0,0,0.0
59721,10,0.0,0,0.0
59722,10,0.0,0,0.0
59723,10,0.0,0,0.0
59724,10,0.0,0,0.0
59801,10,0.0,0,0.0
59802,10,0.0,0,0.0
59803,10,0.0,0,0.0
59804,10,0.0,0,0.0
59805,10,0.0,0,0.0
59806,10,0.0,0,0.0
60357,10,0.0,0,0.0
60358,10,0.0,0,0.0
60359,10,0.0,0,0.0
60360,10,0.0,0,0.0
60361,10,0.0,0,0.0
60362,10,0.0,0,0.0
60363,10,0.0,0,0.0
60364,10,0.0,0,0.0
60365,10,0.0,0,0.0
60366,10,0.0,0,0.0
60367,10,0.0,0,0.0
60368,10,0.0,0,0.0
60369,10,0.0,0,0.0
60370,10,0.0,0,0.0
60371,10,0.0,0,0.0
60372,10,0.0,0,0.0
60373,10,0.0,0,0.0
60374,10,0.0,0,0.0
60375,10,0.0,0,0.0
60376,10,0.0,0,0.0
60377,10,0.0,0,0.0
60378,10,0.0,0,0.0
60379,10,0.0,0,0.0
60380,10,0.0,0,0.0
60381,10,0.0,0,0.0
60382,10,0.0,0,0.0
60383,10,0.0,0,0.0
60384,10,0.0,0,0.0
60385,10,0.0,0,0.0
60386,10,0.0,0,0.0
60387,10,0.0,0,0.0
60388,10,0.0,0,0.0
60389,10,0.0,0,0.0
60390,10,0.0,0,0.0
60391,10,0.0,0,0.0
60392,10,0.0,0,0.0
60393,10,0.0,0,0.0
60394,10,0.0,0,0.0
60395,10,0.0,0,0.0
60396,10,0.0,0,0.0
60397,10,0.0,0,0.0
60398,10,0.0,0,0.0
60399,10,0.0,0,0.0
60400,10,0.0,0,0.0
60401,10,0.0,0,0.0
60402,10,0.0,0,0.0
60403,10,0.0,0,0.0
60404,10,0.0,0,0.0
60405,10,0.0,0,0.0
60406,10,0.0,0,0.0
60407,10,0.0,0,0.0
60408,10,0.0,0,0.0
60485,10,0.0,0,0.0
60486,10,0.0,0,0.0
60487,10,0.0,0,0.0
60488,10,0.0,0,0.0
60489,10,0.0,0,0.0
60490,10,0.0,0,0.0
61041,10,0.0,0,0.0
61042,10,0.0,0,0.0
61043,10,0.0,0,0.0
61044,10,0.0,0,0.0
61045,10,0.0,0,0.0
61046,10,0.0,0,0.0
61047,10,0.0,0,0.0
61048,10,0.0,0,0.0
61049,10,0.0,0,0.0
61050,10,0.0,0,0.0
61051,10,0.0,0,0.0
61052,10,0.0,0,0.0
61053,10,0.0,0,0.0
61054,10,0.0,0,0.0
61055,10,0.0,0,0.0
61056,10,0.0,0,0.0
61057,10,0.0,0,0.0
61058,10,0.0,0,0.0
61059,10,0.0,0,0.0
61060,10,0.0,0,0.0
61061,10,0.0,0,0.0
61062,10,0.0,0,0.0
61063,10,0.0,0,0.0
61064,10,0.0,0,0.0
61065,10,0.0,0,0.0
61066,10,0.0,0,0.0
61067,10,0.0,0,0.0
61068,10,0.0,0,0.0
61069,10,0.0,0,0.0
61070,10,0.0,0,0.0
61071,10,0.0,0,0.0
61072,10,0.0,0,0.0
61073,10,0.0,0,0.0
61074,10,0.0,0,0.0
61075,10,0.0,0,0.0
61076,10,0.0,0,0.0
61077,10,0.0,0,0.0
61078,10,0.0,0,0.0
61079,10,0.0,0,0.0
61080,10,0.0,0,0.0
61081,10,0.0,0,0.0
61082,10,0.0,0,0.0
61083,10,0.0,0,0.0
61084,10,0.0,0,0.0
61085,10,0.0,0,0.0
61087,10,0.0,0,0.0
61088,10,0.0,0,0.0
61089,10,0.0,0,0.0
61090,10,0.0,0,0.0
61105,10,0.0,0,0.0
61106,10,0.0,0,0.0
61121,10,0.0,0,0.0
61122,10,0.0,0,0.0
61169,10,0.0,0,0.0
61170,10,0.0,0,0.0
61172,10,0.0,0,0.0
61724,10,0.0,0,0.0
61725,10,0.0,0,0.0
61726,10,0.0,0,0.0
61727,10,0.0,0,0.0
61728,10,0.0,0,0.0
61729,10,0.0,0,0.0
61730,10,0.0,0,0.0
61731,10,0.0,0,0.0
61732,10,0.0,0,0.0
61733,10,0.0,0,0.0
61734,10,0.0,0,0.0
61735,10,0.0,0,0.0
61736,10,0.0,0,0.0
61737,10,0.0,0,0.0
61738,10,0.0,0,0.0
61739,10,0.0,0,0.0
61740,10,0.0,0,0.0
61742,10,0.0,0,0.0
61743,10,0.0,0,0.0
61744,10,0.0,0,0.0
61745,10,0.0,0,0.0
61746,10,0.0,0,0.0
61747,10,0.0,0,0.0
61748,10,0.0,0,0.0
61749,10,0.0,0,0.0
61750,10,0.0,0,0.0
61751,10,0.0,0,0.0
61752,10,0.0,0,0.0
61753,10,0.0,0,0.0
61754,10,0.0,0,0.0
61755,10,0.0,0,0.0
61759,10,0.0,0,0.0
61761,10,0.0,0,0.0
61762,10,0.0,0,0.0
61763,10,0.0,0,0.0
61764,10,0.0,0,0.0
61765,10,0.0,0,0.0
61773,10,0.0,0,0.0
61774,10,0.0,0,0.0
61793,10,0.0,0,0.0
61805,10,0.0,0,0.0
61806,10,0.0,0,0.0
61856,10,0.0,0,0.0
62408,10,0.0,0,0.0
62409,10,0.0,0,0.0
62410,10,0.0,0,0.0
62411,10,0.0,0,0.0
62412,10,0.0,0,0.0
62413,10,0.0,0,0.0
62414,10,0.0,0,0.0
62415,10,0.0,0,0.0
62416,10,0.0,0,0.0
62417,10,0.0,0,0.0
62418,10,0.0,0,0.0
62419,10,0.0,0,0.0
62420,10,0.0,0,0.0
62421,10,0.0,0,0.0
62423,10,0.0,0,0.0
62424,10,0.0,0,0.0
62426,10,0.0,0,0.0
62427,10,0.0,0,0.0
62428,10,0.0,0,0.0
62429,10,0.0,0,0.0
62430,10,0.0,0,0.0
62431,10,0.0,0,0.0
62432,10,0.0,0,0.0
62433,10,0.0,0,0.0
62434,10,0.0,0,0.0
62435,10,0.0,0,0.0
62436,10,0.0,0,0.0
62437,10,0.0,0,0.0
62438,10,0.0,0,0.0
62439,10,0.0,0,0.0
62440,10,0.0,0,0.0
62441,10,0.0,0,0.0
62442,10,0.0,0,0.0
62443,10,0.0,0,0.0
62444,10,0.0,0,0.0
62447,10,0.0,0,0.0
62448,10,0.0,0,0.0
62449,10,0.0,0,0.0
62450,10,0.0,0,0.0
62454,10,0.0,0,0.0
62455,10,0.0,0,0.0
62456,10,0.0,0,0.0
62457,10,0.0,0,0.0
62458,10,0.0,0,0.0
62476,10,0.0,0,0.0
62489,10,0.0,0,0.0
62490,10,0.0,0,0.0
62491,10,0.0,0,0.0
63092,10,0.0,0,0.0
63093,10,0.0,0,0.0
63094,10,0.0,0,0.0
63095,10,0.0,0,0.0
63096,10,0.0,0,0.0
63097,10,0.0,0,0.0
63098,10,0.0,0,0.0
63099,10,0.0,0,0.0
63100,10,0.0,0,0.0
63101,10,0.0,0,0.0
63102,10,0.0,0,0.0
63103,10,0.0,0,0.0
63104,10,0.0,0,0.0
63105,10,0.0,0,0.0
63106,10,0.42,0,0.4512
63107,10,0.0,0,0.0
63108,10,0.0,0,0.0
63109,10,0.0,0,0.0
63110,10,0.0,0,0.0
63111,10,0.0,0,0.0
63112,10,0.0,0,0.0
63113,10,0.0,0,0.0
63114,10,0.0,0,0.0
63115,10,0.0,0,0.0
63116,10,0.0,0,0.0
63117,10,0.0,0,0.0
63118,10,0.0,0,0.0
63119,10,0.0,0,0.0
63120,10,0.0,0,0.0
63121,10,0.0,0,0.0
63122,10,0.0,0,0.0
63123,10,0.0,0,0.0
63124,10,0.0,0,0.0
63125,10,0.0,0,0.0
63126,10,0.0,0,0.0
63127,10,0.0,0,0.0
63128,10,0.0,0,0.0
63129,10,0.0,0,0.0
63130,10,0.0,0,0.0
63131,10,0.0,0,0.0
63132,10,0.0,0,0.0
63133,10,0.0,0,0.0
63138,10,0.0,0,0.0
63140,10,0.0,0,0.0
63141,10,0.0,0,0.0
63142,10,0.0,0,0.0
63143,10,0.0,0,0.0
63144,10,0.0,0,0.0
63160,10,0.0,0,0.0
63174,10,0.0,0,0.0
63175,10,0.0,0,0.0
63176,10,0.0,0,0.0
63177,10,0.0,0,0.0
63775,10,0.0,0,0.0
63776,10,0.0,0,0.0
63777,10,0.0,0,0.0
63778,10,0.0,0,0.0
63779,10,0.0,0,0.0
63780,10,0.0,0,0.0
63781,10,0.0,0,0.0
63782,10,0.0,0,0.0
63783,10,0.0,0,0.0
63784,10,0.0,0,0.0
63785,10,0.0,0,0.0
63786,10,0.0,0,0.0
63787,10,0.0,0,0.0
63788,10,0.0,0,0.0
63789,10,0.0,0,0.0
63790,10,0.0,0,0.0
63791,10,0.0,0,0.0
63792,10,0.0,0,0.0
63793,10,0.0,0,0.0
63794,10,0.0,0,0.0
63795,10,0.0,0,0.0
63796,10,0.0,0,0.0
63797,10,0.0,0,0.0
63798,10,0.0,0,0.0
63799,10,0.0,0,0.0
63800,10,0.0,0,0.0
63801,10,0.0,0,0.0
63802,10,0.0,0,0.0
63803,10,0.0,0,0.0
63804,10,0.0,0,0.0
63805,10,0.0,0,0.0
63806,10,0.0,0,0.0
63807,10,0.0,0,0.0
63808,10,0.0,0,0.0
63809,10,0.0,0,0.0
63810,10,0.0,0,0.0
63813,10,0.0,0,0.0
63815,10,0.0,0,0.0
63816,10,0.0,0,0.0
63822,10,0.0,0,0.0
63857,10,0.0,0,0.0
63858,10,0.0,0,0.0
63859,10,0.0,0,0.0
63860,10,0.0,0,0.0
63861,10,0.0,0,0.0
63862,10,0.0,0,0.0
63863,10,0.0,0,0.0
63864,10,0.0,0,0.0
63865,10,0.0,0,0.0
64459,10,0.0,0,0.0
64460,10,0.0,0,0.0
64461,10,0.0,0,0.0
64462,10,0.0,0,0.0
64463,10,0.0,0,0.0
64464,10,0.0,0,0.0
64465,10,0.0,0,0.0
64466,10,0.0,0,0.0
64467,10,0.0,0,0.0
64468,10,0.0,0,0.0
64469,10,0.0,0,0.0
64470,10,0.0,0,0.0
64471,10,0.0,0,0.0
64472,10,0.0,0,0.0
64473,10,0.0,0,0.0
64474,10,0.0,0,0.0
64475,10,0.0,0,0.0
64476,10,0.0,0,0.0
64477,10,0.0,0,0.0
64478,10,0.0,0,0.0
64479,10,0.0,0,0.0
64480,10,0.0,0,0.0
64481,10,0.0,0,0.0
64482,10,0.0,0,0.0
64483,10,0.0,0,0.0
64484,10,0.0,0,0.0
64485,10,0.0,0,0.0
64486,10,0.0,0,0.0
64487,10,0.0,0,0.0
64488,10,0.0,0,0.0
64489,10,0.0,0,0.0
64490,10,0.0,0,0.0
64491,10,0.0,0,0.0
64492,10,0.0,0,0.0
64493,10,0.0,0,0.0
64494,10,0.0,0,0.0
64496,10,0.0,0,0.0
64497,10,0.0,0,0.0
64499,10,0.0,0,0.0
64500,10,0.0,0,0.0
64501,10,0.0,0,0.0
64502,10,0.0,0,0.0
64504,10,0.0,0,0.0
64505,10,0.0,0,0.0
64542,10,0.0,0,0.0
64543,10,0.0,0,0.0
64545,10,0.0,0,0.0
64546,10,0.0,0,0.0
64547,10,0.0,0,0.0
64548,10,0.0,0,0.0
64549,10,0.0,0,0.0
65142,10,0.0,0,0.0
65143,10,0.0,0,0.0
65144,10,0.0,0,0.0
65145,10,0.0,0,0.0
65146,10,0.0,0,0.0
65147,10,0.0,0,0.0
65148,10,0.0,0,0.0
65149,10,0.0,0,0.0
65150,10,0.0,0,0.0
65151,10,0.0,0,0.0
65152,10,0.0,0,0.0
65153,10,0.0,0,0.0
65154,10,0.0,0,0.0
65155,10,0.0,0,0.0
65156,10,0.0,0,0.0
65157,10,0.18,0,0.0255
65158,10,0.0,0,0.0
65159,10,0.0,0,0.0
65160,10,0.0,0,0.0
65161,10,0.0,0,0.0
65162,10,0.0,0,0.0
65163,10,0.0,0,0.0
65164,10,0.0,0,0.0
65165,10,0.0,0,0.0
65166,10,0.0,0,0.0
65167,10,0.0,0,0.0
65168,10,0.0,0,0.0
65169,10,0.0,0,0.0
65170,10,0.0,0,0.0
65171,10,0.0,0,0.0
65172,10,0.0,0,0.0
65173,10,0.0,0,0.0
65174,10,0.0,0,0.0
65175,10,0.0,0,0.0
65177,10,0.0,0,0.0
65178,10,0.0,0,0.0
65185,10,0.0,0,0.0
65186,10,0.0,0,0.0
65188,10,0.0,0,0.0
65189,10,0.0,0,0.0
65221,10,0.0,0,0.0
65222,10,0.0,0,0.0
65226,10,0.0,0,0.0
65227,10,0.0,0,0.0
65280,10,0.0,0,0.0
65281,10,0.0,0,0.0
65282,10,0.0,0,0.0
65826,10,0.0,0,0.0
65827,10,0.0,0,0.0
65828,10,0.0,0,0.0
65829,10,0.0,0,0.0
65830,10,0.0,0,0.0
65831,10,0.0,0,0.0
65832,10,0.0,0,0.0
65833,10,0.0,0,0.0
65834,10,0.0,0,0.0
65835,10,0.0,0,0.0
65836,10,0.0,0,0.0
65837,10,0.0,0,0.0
65838,10,0.0,0,0.0
65839,10,0.0,0,0.0
65840,10,0.0,0,0.0
65841,10,0.0,0,0.0
65842,10,0.0,0,0.0
65843,10,0.0,0,0.0
65844,10,0.0,0,0.0
65845,10,0.0,0,0.0
65846,10,0.0,0,0.0
65847,10,0.0,0,0.0
65848,10,0.0,0,0.0
65849,10,0.0,0,0.0
65850,10,0.0,0,0.0
65851,10,0.0,0,0.0
65852,10,0.0,0,0.0
65853,10,0.0,0,0.0
65854,10,0.0,0,0.0
65855,10,0.0,0,0.0
65856,10,0.0,0,0.0
65857,10,0.0,0,0.0
65858,10,0.0,0,0.0
65868,10,0.0,0,0.0
65869,10,0.0,0,0.0
65870,10,0.0,0,0.0
65873,10,0.0,0,0.0
65874,10,0.0,0,0.0
65896,10,0.0,0,0.0
65905,10,0.0,0,0.0
65906,10,0.0,0,0.0
65907,10,0.0,0,0.0
65908,10,0.0,0,0.0
65909,10,0.0,0,0.0
65910,10,0.0,0,0.0
65964,10,0.0,0,0.0
65965,10,0.0,0,0.0
65966,10,0.0,0,0.0
66510,10,0.0,0,0.0
66511,10,0.0,0,0.0
66512,10,0.0,0,0.0
66513,10,0.0,0,0.0
66514,10,0.0,0,0.0
66515,10,0.0,0,0.0
66516,10,0.0,0,0.0
66517,10,0.0,0,0.0
66518,10,0.0,0,0.0
66519,10,0.0,0,0.0
66520,10,0.0,0,0.0
66521,10,0.0,0,0.0
66522,10,0.0,0,0.0
66523,10,0.0,0,0.0
66524,10,0.0,0,0.0
66525,10,0.0,0,0.0
66527,10,0.0,0,0.0
66528,10,0.0,0,0.0
66529,10,0.0,0,0.0
66530,10,0.0,0,0.0
66531,10,0.0,0,0.0
66532,10,0.0,0,0.0
66533,10,0.0,0,0.0
66534,10,0.0,0,0.0
66535,10,0.0,0,0.0
66536,10,0.0,0,0.0
66537,10,0.0,0,0.0
66538,10,0.0,0,0.0
66539,10,0.0,0,0.0
66540,10,0.0,0,0.0
66541,10,0.0,0,0.0
66553,10,0.0,0,0.0
66554,10,0.0,0,0.0
66558,10,0.0,0,0.0
66561,10,0.0,0,0.0
66589,10,0.0,0,0.0
66590,10,0.0,0,0.0
66591,10,0.0,0,0.0
66593,10,0.0,0,0.0
66594,10,0.0,0,0.0
66597,10,0.0,0,0.0
66598,10,0.0,0,0.0
66648,10,0.0,0,0.0
66649,10,0.0,0,0.0
67193,10,0.0,0,0.0
67194,10,0.0,0,0.0
67195,10,0.0,0,0.0
67196,10,0.0,0,0.0
67197,10,0.0,0,0.0
67198,10,0.0,0,0.0
67199,10,0.0,0,0.0
67200,10,0.0,0,0.0
67201,10,0.0,0,0.0
67202,10,0.0,0,0.0
67203,10,0.0,0,0.0
67204,10,0.0,0,0.0
67205,10,0.0,0,0.0
67206,10,0.0,0,0.0
67207,10,0.0,0,0.0
67208,10,0.0,0,0.0
67209,10,0.0,0,0.0
67210,10,0.0,0,0.0
67211,10,0.0,0,0.0
67212,10,0.0,0,0.0
67213,10,0.0,0,0.0
67214,10,0.0,0,0.0
67215,10,0.0,0,0.0
67216,10,0.0,0,0.0
67217,10,0.0,0,0.0
67218,10,0.0,0,0.0
67219,10,0.0,0,0.0
67220,10,0.0,0,0.0
67221,10,0.0,0,0.0
67222,10,0.0,0,0.0
67223,10,0.0,0,0.0
67224,10,0.0,0,0.0
67225,10,0.0,0,0.0
67226,10,0.0,0,0.0
67227,10,0.0,0,0.0
67237,10,0.0,0,0.0
67238,10,0.0,0,0.0
67242,10,0.0,0,0.0
67248,10,0.0,0,0.0
67273,10,0.0,0,0.0
67274,10,0.0,0,0.0
67275,10,0.0,0,0.0
67276,10,0.0,0,0.0
67277,10,0.0,0,0.0
67278,10,0.0,0,0.0
67281,10,0.0,0,0.0
67282,10,0.0,0,0.0
67877,10,0.0,0,0.0
67878,10,0.0,0,0.0
67879,10,0.0,0,0.0
67880,10,0.0,0,0.0
67881,10,0.0,0,0.0
67882,10,0.0,0,0.0
67883,10,0.0,0,0.0
67884,10,0.0,0,0.0
67885,10,0.0,0,0.0
67886,10,0.0,0,0.0
67887,10,0.0,0,0.0
67888,10,0.0,0,0.0
67889,10,0.0,0,0.0
67891,10,0.0,0,0.0
67892,10,0.0,0,0.0
67893,10,0.0,0,0.0
67894,10,0.0,0,0.0
67895,10,0.0,0,0.0
67896,10,0.0,0,0.0
67897,10,0.0,0,0.0
67898,10,0.0,0,0.0
67899,10,0.0,0,0.0
67900,10,0.0,0,0.0
67901,10,0.0,0,0.0
67902,10,0.0,0,0.0
67903,10,0.0,0,0.0
67904,10,0.0,0,0.0
67905,10,0.0,0,0.0
67906,10,0.0,0,0.0
67907,10,0.0,0,0.0
67908,10,0.0,0,0.0
67909,10,0.0,0,0.0
67910,10,0.0,0,0.0
67911,10,0.0,0,0.0
67913,10,0.0,0,0.0
67914,10,0.0,0,0.0
67919,10,0.0,0,0.0
67920,10,0.0,0,0.0
67956,10,0.0,0,0.0
67957,10,0.0,0,0.0
67958,10,0.0,0,0.0
67959,10,0.0,0,0.0
67960,10,0.0,0,0.0
67961,10,0.0,0,0.0
67962,10,0.0,0,0.0
68560,10,0.0,0,0.0
68561,10,0.0,0,0.0
68562,10,0.0,0,0.0
68563,10,0.0,0,0.0
68564,10,0.0,0,0.0
68565,10,0.0,0,0.0
68566,10,0.0,0,0.0
68567,10,0.0,0,0.0
68568,10,0.0,0,0.0
68569,10,0.0,0,0.0
68570,10,0.0,0,0.0
68571,10,0.0,0,0.0
68572,10,0.0,0,0.0
68573,10,0.0,0,0.0
68574,10,0.0,0,0.0
68575,10,0.41,0,0.0858
68576,10,0.78,0,0.1347
68577,10,0.0,0,0.0
68578,10,0.0,0,0.0
68579,10,0.0,0,0.0
68580,10,0.0,0,0.0
68581,10,0.0,0,0.0
68582,10,0.0,0,0.0
68583,10,0.0,0,0.0
68584,10,0.0,0,0.0
68585,10,0.0,0,0.0
68586,10,0.0,0,0.0
68587,10,0.0,0,0.0
68588,10,0.0,0,0.0
68589,10,0.0,0,0.0
68590,10,0.0,0,0.0
68591,10,0.0,0,0.0
68592,10,0.0,0,0.0
68593,10,0.0,0,0.0
68594,10,0.0,0,0.0
68595,10,0.0,0,0.0
68596,10,0.0,0,0.0
68597,10,0.0,0,0.0
68598,10,0.0,0,0.0
68603,10,0.0,0,0.0
68604,10,0.0,0,0.0
68605,10,0.0,0,0.0
68606,10,0.0,0,0.0
68607,10,0.0,0,0.0
68641,10,0.0,0,0.0
68642,10,0.0,0,0.0
68643,10,0.0,0,0.0
68644,10,0.0,0,0.0
68645,10,0.0,0,0.0
68650,10,0.0,0,0.0
68651,10,0.0,0,0.0
68652,10,0.0,0,0.0
69244,10,0.0,0,0.0
69245,10,0.0,0,0.0
69246,10,0.0,0,0.0
69247,10,0.0,0,0.0
69248,10,0.0,0,0.0
69249,10,0.0,0,0.0
69250,10,0.0,0,0.0
69251,10,0.0,0,0.0
69252,10,0.0,0,0.0
69253,10,0.0,0,0.0
69254,10,0.0,0,0.0
69255,10,0.0,0,0.0
69256,10,0.0,0,0.0
69257,10,0.0,0,0.0
69258,10,0.0,0,0.0
69259,8,0.15,0,0.945
69260,8,0.31,0,0.945
69262,10,0.0,0,0.0
69263,10,0.0,0,0.0
69264,10,0.0,0,0.0
69265,10,0.0,0,0.0
69266,10,0.0,0,0.0
69267,10,0.0,0,0.0
69268,10,0.0,0,0.0
69269,10,0.0,0,0.0
69270,10,0.0,0,0.0
69271,10,0.0,0,0.0
69272,10,0.0,0,0.0
69273,10,0.0,0,0.0
69274,10,0.0,0,0.0
69275,10,0.0,0,0.0
69276,10,0.0,0,0.0
69277,10,0.0,0,0.0
69278,10,0.0,0,0.0
69279,10,0.0,0,0.0
69280,10,0.0,0,0.0
69281,10,0.0,0,0.0
69282,10,0.0,0,0.0
69283,10,0.0,0,0.0
69285,10,0.0,0,0.0
69286,10,0.0,0,0.0
69288,10,0.0,0,0.0
69289,10,0.0,0,0.0
69290,10,0.0,0,0.0
69291,10,0.0,0,0.0
69292,10,0.0,0,0.0
69295,10,0.0,0,0.0
69296,10,0.0,0,0.0
69312,10,0.0,0,0.0
69313,10,0.0,0,0.0
69325,10,0.0,0,0.0
69326,10,0.0,0,0.0
69327,10,0.0,0,0.0
69328,10,0.0,0,0.0
69329,10,0.0,0,0.0
69335,10,0.0,0,0.0
69336,10,0.0,0,0.0
69927,10,0.0,0,0.0
69928,10,0.0,0,0.0
69929,10,0.0,0,0.0
69930,10,0.0,0,0.0
69931,10,0.0,0,0.0
69932,10,0.0,0,0.0
69933,10,0.0,0,0.0
69934,10,0.0,0,0.0
69935,10,0.0,0,0.0
69936,10,0.0,0,0.0
69937,10,0.0,0,0.0
69938,10,0.0,0,0.0
69939,10,0.0,0,0.0
69940,10,0.0,0,0.0
69941,10,0.0,0,0.0
69944,10,0.0,0,0.0
69945,10,0.0,0,0.0
69946,10,0.0,0,0.0
69947,10,0.0,0,0.0
69948,10,0.0,0,0.0
69949,10,0.0,0,0.0
69950,10,0.0,0,0.0
69951,10,0.0,0,0.0
69952,10,0.0,0,0.0
69953,10,0.0,0,0.0
69954,10,0.0,0,0.0
69955,10,0.0,0,0.0
69956,10,0.0,0,0.0
69957,10,0.0,0,0.0
69959,10,0.0,0,0.0
69960,10,0.0,0,0.0
69961,10,0.0,0,0.0
69962,10,0.0,0,0.0
69963,10,0.0,0,0.0
69964,10,0.0,0,0.0
69965,10,0.0,0,0.0
69966,10,0.0,0,0.0
69967,10,0.0,0,0.0
69968,10,0.0,0,0.0
69969,10,0.0,0,0.0
69970,10,0.0,0,0.0
69971,10,0.0,0,0.0
69972,10,0.0,0,0.0
69973,10,0.0,0,0.0
69974,10,0.0,0,0.0
69975,10,0.0,0,0.0
69976,10,0.0,0,0.0
69977,10,0.0,0,0.0
69978,10,0.0,0,0.0
69979,10,0.0,0,0.0
69980,10,0.0,0,0.0
69997,10,0.0,0,0.0
70008,10,0.0,0,0.0
70009,10,0.0,0,0.0
70010,10,0.0,0,0.0
70011,10,0.0,0,0.0
70014,10,0.0,0,0.0
70015,10,0.0,0,0.0
70016,10,0.0,0,0.0
70017,10,0.0,0,0.0
70018,10,0.0,0,0.0
70019,10,0.0,0,0.0
70020,10,0.0,0,0.0
70021,10,0.0,0,0.0
70611,10,0.0,0,0.0
70612,10,0.0,0,0.0
70613,10,0.0,0,0.0
70614,10,0.0,0,0.0
70615,10,0.0,0,0.0
70616,10,0.0,0,0.0
70617,10,0.0,0,0.0
70618,10,0.0,0,0.0
70619,10,0.0,0,0.0
70620,10,0.0,0,0.0
70621,10,0.0,0,0.0
70622,10,0.0,0,0.0
70623,10,0.0,0,0.0
70624,10,0.0,0,0.0
70625,10,0.0,0,0.0
70626,10,0.0,0,0.0
70627,10,0.0,0,0.0
70628,10,0.0,0,0.0
70629,10,0.0,0,0.0
70630,10,0.0,0,0.0
70631,10,0.0,0,0.0
70632,10,0.0,0,0.0
70633,10,0.0,0,0.0
70634,10,0.0,0,0.0
70635,10,0.0,0,0.0
70636,10,0.0,0,0.0
70637,10,0.0,0,0.0
70638,10,0.0,0,0.0
70639,10,0.0,0,0.0
70640,10,0.0,0,0.0
70641,10,0.0,0,0.0
70642,10,0.0,0,0.0
70643,10,0.0,0,0.0
70644,10,0.0,0,0.0
70645,10,0.0,0,0.0
70646,10,0.0,0,0.0
70647,10,0.0,0,0.0
70648,10,0.0,0,0.0
70649,10,0.0,0,0.0
70650,10,0.0,0,0.0
70651,10,0.0,0,0.0
70652,10,0.0,0,0.0
70653,10,0.0,0,0.0
70654,10,0.0,0,0.0
70655,10,0.0,0,0.0
70656,10,0.0,0,0.0
70657,10,0.0,0,0.0
70658,10,0.0,0,0.0
70659,10,0.0,0,0.0
70660,10,0.0,0,0.0
70661,10,0.0,0,0.0
70662,10,0.0,0,0.0
70663,10,0.0,0,0.0
70664,10,0.0,0,0.0
70665,10,0.0,0,0.0
70666,10,0.0,0,0.0
70667,10,0.0,0,0.0
70692,10,0.0,0,0.0
70693,10,0.0,0,0.0
70694,10,0.0,0,0.0
70695,10,0.0,0,0.0
70696,10,0.0,0,0.0
70698,10,0.0,0,0.0
70699,10,0.0,0,0.0
70700,10,0.0,0,0.0
70701,10,0.0,0,0.0
70702,10,0.0,0,0.0
70703,10,0.0,0,0.0
70704,10,0.0,0,0.0
70705,10,0.0,0,0.0
70706,10,0.0,0,0.0
70707,10,0.0,0,0.0
71294,10,0.0,0,0.0
71295,10,0.0,0,0.0
71296,10,0.0,0,0.0
71297,10,0.0,0,0.0
71298,10,0.0,0,0.0
71299,10,0.0,0,0.0
71300,10,0.0,0,0.0
71301,10,0.0,0,0.0
71302,10,0.0,0,0.0
71303,10,0.0,0,0.0
71304,10,0.0,0,0.0
71305,10,0.0,0,0.0
71306,10,0.0,0,0.0
71307,10,0.0,0,0.0
71308,10,0.45,0,0.1984
71309,10,0.0,0,0.0
71310,10,0.0,0,0.0
71311,10,0.0,0,0.0
71312,10,0.0,0,0.0
71313,10,0.0,0,0.0
71314,10,0.0,0,0.0
71315,10,0.0,0,0.0
71316,10,0.0,0,0.0
71317,10,0.0,0,0.0
71318,10,0.0,0,0.0
71319,10,0.0,0,0.0
71320,10,0.0,0,0.0
71321,10,0.0,0,0.0
71322,10,0.0,0,0.0
71323,10,0.0,0,0.0
71324,10,0.0,0,0.0
71325,10,0.0,0,0.0
71326,10,0.0,0,0.0
71327,10,0.0,0,0.0
71328,10,0.0,0,0.0
71329,10,0.0,0,0.0
71330,10,0.0,0,0.0
71331,10,0.0,0,0.0
71332,10,0.0,0,0.0
71333,10,0.0,0,0.0
71334,10,0.0,0,0.0
71335,10,0.0,0,0.0
71337,10,0.0,0,0.0
71338,10,0.0,0,0.0
71339,10,0.0,0,0.0
71340,10,0.0,0,0.0
71341,10,0.0,0,0.0
71342,10,0.0,0,0.0
71343,10,0.0,0,0.0
71344,10,0.0,0,0.0
71345,10,0.0,0,0.0
71346,10,0.0,0,0.0
71347,10,0.0,0,0.0
71348,10,0.0,0,0.0
71349,10,0.0,0,0.0
71350,10,0.0,0,0.0
71351,10,0.0,0,0.0
71352,10,0.0,0,0.0
71353,10,0.0,0,0.0
71362,10,0.0,0,0.0
71363,10,0.0,0,0.0
71365,10,0.0,0,0.0
71368,10,0.0,0,0.0
71369,10,0.0,0,0.0
71375,10,0.0,0,0.0
71376,10,0.0,0,0.0
71377,10,0.0,0,0.0
71378,10,0.0,0,0.0
71379,10,0.0,0,0.0
71380,10,0.0,0,0.0
71381,10,0.0,0,0.0
71382,10,0.0,0,0.0
71383,10,0.0,0,0.0
71384,10,0.0,0,0.0
71385,10,0.0,0,0.0
71386,10,0.0,0,0.0
71387,10,0.0,0,0.0
71388,10,0.0,0,0.0
71389,10,0.0,0,0.0
71390,10,0.0,0,0.0
71391,10,0.0,0,0.0
71393,10,0.0,0,0.0
71977,10,0.0,0,0.0
71978,10,0.0,0,0.0
71979,10,0.0,0,0.0
71980,10,0.0,0,0.0
71981,10,0.0,0,0.0
71982,10,0.0,0,0.0
71983,10,0.0,0,0.0
71984,10,0.0,0,0.0
71985,10,0.0,0,0.0
71986,10,0.0,0,0.0
71987,10,0.0,0,0.0
71988,10,0.0,0,0.0
71989,10,0.0,0,0.0
71990,10,0.0,0,0.0
71991,10,0.0,0,0.0
71992,10,0.0,0,0.0
71993,10,0.0,0,0.0
71994,10,0.0,0,0.0
71995,10,0.0,0,0.0
71996,10,0.0,0,0.0
71997,10,0.0,0,0.0
71998,10,0.0,0,0.0
71999,10,0.0,0,0.0
72000,10,0.0,0,0.0
72001,10,0.0,0,0.0
72002,10,0.0,0,0.0
72003,10,0.0,0,0.0
72004,10,0.0,0,0.0
72005,10,0.0,0,0.0
72006,10,0.0,0,0.0
72007,10,0.0,0,0.0
72008,10,0.0,0,0.0
72009,10,0.0,0,0.0
72010,10,0.0,0,0.0
72011,10,0.0,0,0.0
72012,10,0.0,0,0.0
72013,10,0.0,0,0.0
72014,10,0.0,0,0.0
72015,10,0.0,0,0.0
72016,10,0.0,0,0.0
72017,10,0.0,0,0.0
72018,10,0.0,0,0.0
72019,10,0.0,0,0.0
72021,10,0.0,0,0.0
72022,10,0.0,0,0.0
72023,10,0.0,0,0.0
72024,10,0.0,0,0.0
72025,10,0.0,0,0.0
72026,10,0.0,0,0.0
72027,10,0.0,0,0.0
72028,10,0.0,0,0.0
72029,10,0.0,0,0.0
72030,10,0.0,0,0.0
72031,10,0.0,0,0.0
72032,10,0.0,0,0.0
72033,10,0.0,0,0.0
72034,10,0.0,0,0.0
72035,10,0.0,0,0.0
72036,10,0.0,0,0.0
72037,10,0.0,0,0.0
72038,10,0.0,0,0.0
72046,10,0.0,0,0.0
72047,10,0.0,0,0.0
72051,10,0.0,0,0.0
72052,10,0.0,0,0.0
72053,10,0.0,0,0.0
72054,10,0.0,0,0.0
72058,10,0.0,0,0.0
72059,10,0.0,0,0.0
72060,10,0.0,0,0.0
72061,10,0.0,0,0.0
72062,10,0.0,0,0.0
72063,10,0.0,0,0.0
72064,10,11.4,0,0.4797
72065,10,0.0,0,0.0
72066,10,0.0,0,0.0
72067,10,0.0,0,0.0
72068,10,0.0,0,0.0
72069,10,0.0,0,0.0
72070,10,0.0,0,0.0
72071,10,0.0,0,0.0
72072,10,0.0,0,0.0
72073,10,0.44,0,0.0739
72074,10,1.12,0,0.0332
72075,10,0.0,0,0.0
72661,10,0.0,0,0.0
72662,10,0.0,0,0.0
72663,10,0.0,0,0.0
72664,10,0.0,0,0.0
72665,10,0.0,0,0.0
72666,10,0.0,0,0.0
72667,10,0.0,0,0.0
72668,10,0.0,0,0.0
72669,10,0.0,0,0.0
72670,10,0.0,0,0.0
72671,10,0.0,0,0.0
72672,10,0.0,0,0.0
72673,10,0.0,0,0.0
72674,10,0.0,0,0.0
72675,10,0.0,0,0.0
72676,10,0.0,0,0.0
72677,10,0.0,0,0.0
72678,10,0.0,0,0.0
72679,10,0.0,0,0.0
72680,10,0.0,0,0.0
72681,10,0.0,0,0.0
72682,10,0.0,0,0.0
72683,10,0.38,0,0.0289
72684,8,0.26,0,0.945
72685,10,0.0,0,0.0
72686,10,0.0,0,0.0
72687,10,0.0,0,0.0
72688,10,0.0,0,0.0
72689,10,0.0,0,0.0
72690,10,0.0,0,0.0
72691,10,0.0,0,0.0
72692,10,0.0,0,0.0
72693,10,0.0,0,0.0
72694,10,0.0,0,0.0
72695,10,0.0,0,0.0
72696,10,0.0,0,0.0
72697,10,0.0,0,0.0
72698,10,0.0,0,0.0
72699,10,0.0,0,0.0
72700,10,0.0,0,0.0
72701,10,0.0,0,0.0
72702,10,0.0,0,0.0
72703,10,0.0,0,0.0
72705,10,0.0,0,0.0
72706,10,0.0,0,0.0
72707,10,0.0,0,0.0
72708,10,0.0,0,0.0
72709,10,0.0,0,0.0
72710,10,0.0,0,0.0
72711,10,0.0,0,0.0
72712,10,0.0,0,0.0
72713,10,0.0,0,0.0
72714,10,0.0,0,0.0
72715,10,0.0,0,0.0
72716,10,0.0,0,0.0
72717,10,0.0,0,0.0
72718,10,0.0,0,0.0
72719,10,0.0,0,0.0
72720,10,0.0,0,0.0
72721,10,0.0,0,0.0
72722,10,0.0,0,0.0
72723,10,0.0,0,0.0
72727,10,0.0,0,0.0
72728,10,0.0,0,0.0
72729,10,0.0,0,0.0
72732,10,0.0,0,0.0
72734,10,0.0,0,0.0
72735,10,0.0,0,0.0
72737,10,0.0,0,0.0
72738,10,0.0,0,0.0
72742,10,0.0,0,0.0
72743,10,0.0,0,0.0
72744,10,0.0,0,0.0
72745,10,0.0,0,0.0
72746,10,0.0,0,0.0
72747,10,0.0,0,0.0
72748,10,6.24,0,0.1552
72749,10,0.0,0,0.0
72750,10,0.0,0,0.0
72751,10,0.0,0,0.0
72752,10,0.0,0,0.0
72753,10,0.0,0,0.0
72754,10,0.0,0,0.0
72755,10,0.0,0,0.0
72756,10,0.0,0,0.0
72757,10,4.4,0,0.2211
72758,10,7.02,0,0.704
72759,10,0.0,0,0.0
73344,10,0.0,0,0.0
73345,10,0.0,0,0.0
73346,10,0.0,0,0.0
73347,10,0.0,0,0.0
73348,10,0.0,0,0.0
73349,10,0.0,0,0.0
73350,10,0.0,0,0.0
73351,10,0.0,0,0.0
73352,10,0.0,0,0.0
73353,10,0.0,0,0.0
73354,10,0.0,0,0.0
73355,10,0.0,0,0.0
73356,10,0.0,0,0.0
73357,10,0.0,0,0.0
73358,10,0.0,0,0.0
73359,10,0.0,0,0.0
73360,10,0.0,0,0.0
73361,10,0.0,0,0.0
73362,10,0.0,0,0.0
73363,10,0.0,0,0.0
73364,10,0.0,0,0.0
73365,10,0.0,0,0.0
73366,10,0.0,0,0.0
73367,10,0.0,0,0.0
73368,10,0.0,0,0.0
73369,10,0.0,0,0.0
73371,10,0.0,0,0.0
73372,10,0.0,0,0.0
73373,10,0.0,0,0.0
73374,10,0.0,0,0.0
73375,10,0.0,0,0.0
73376,10,0.0,0,0.0
73377,10,0.0,0,0.0
73378,10,0.0,0,0.0
73379,10,0.0,0,0.0
73380,10,0.0,0,0.0
73381,10,0.0,0,0.0
73383,10,0.0,0,0.0
73384,10,0.0,0,0.0
73386,10,0.0,0,0.0
73387,10,0.0,0,0.0
73388,10,0.0,0,0.0
73389,10,0.0,0,0.0
73390,10,0.0,0,0.0
73391,10,0.0,0,0.0
73392,10,0.0,0,0.0
73393,10,0.0,0,0.0
73394,10,2.81,0,0.0932
73395,10,0.0,0,0.0
73396,10,0.0,0,0.0
73397,10,0.0,0,0.0
73398,10,0.0,0,0.0
73399,10,0.0,0,0.0
73400,10,0.0,0,0.0
73401,10,0.0,0,0.0
73402,10,0.0,0,0.0
73403,10,0.0,0,0.0
73404,10,0.0,0,0.0
73405,10,0.0,0,0.0
73414,10,0.0,0,0.0
73415,10,0.0,0,0.0
73417,10,0.0,0,0.0
73418,10,0.0,0,0.0
73419,10,0.0,0,0.0
73420,10,0.0,0,0.0
73421,10,0.0,0,0.0
73422,10,0.0,0,0.0
73423,10,0.0,0,0.0
73424,10,0.0,0,0.0
73425,10,0.0,0,0.0
73426,10,0.0,0,0.0
73427,10,0.0,0,0.0
73428,10,0.0,0,0.0
73429,10,0.0,0,0.0
73430,10,0.0,0,0.0
73431,10,0.0,0,0.0
73432,10,0.0,0,0.0
73433,10,0.0,0,0.0
73434,10,0.0,0,0.0
73435,10,5.97,0,0.0794
73436,10,0.0,0,0.0
73437,10,0.0,0,0.0
73438,10,0.0,0,0.0
73439,10,0.0,0,0.0
73440,10,0.0,0,0.0
73441,10,0.0,0,0.0
74027,10,0.0,0,0.0
74028,10,0.0,0,0.0
74029,10,0.0,0,0.0
74030,10,0.0,0,0.0
74031,10,0.0,0,0.0
74032,10,0.0,0,0.0
74033,10,0.0,0,0.0
74034,10,0.0,0,0.0
74035,10,0.0,0,0.0
74036,10,0.0,0,0.0
74037,10,0.0,0,0.0
74038,10,0.0,0,0.0
74039,10,0.0,0,0.0
74040,10,0.0,0,0.0
74041,10,0.0,0,0.0
74042,10,0.47,0,0.171
74043,8,1.78,0,0.9112
74044,10,0.0,0,0.0
74045,10,0.0,0,0.0
74046,10,0.0,0,0.0
74047,10,0.0,0,0.0
74048,10,0.0,0,0.0
74049,10,0.0,0,0.0
74050,10,0.0,0,0.0
74051,10,0.0,0,0.0
74052,10,0.0,0,0.0
74053,10,0.0,0,0.0
74054,10,0.0,0,0.0
74055,10,0.0,0,0.0
74056,10,0.0,0,0.0
74057,10,0.0,0,0.0
74058,10,0.0,0,0.0
74059,10,0.0,0,0.0
74060,10,0.0,0,0.0
74061,10,0.0,0,0.0
74062,10,0.0,0,0.0
74063,10,0.0,0,0.0
74064,10,0.0,0,0.0
74065,10,0.0,0,0.0
74066,10,0.0,0,0.0
74067,10,0.0,0,0.0
74068,10,0.0,0,0.0
74069,10,0.0,0,0.0
74070,10,0.0,0,0.0
74071,10,0.0,0,0.0
74072,10,0.0,0,0.0
74073,10,0.0,0,0.0
74074,10,0.0,0,0.0
74075,10,0.0,0,0.0
74076,10,0.0,0,0.0
74077,10,0.0,0,0.0
74078,10,3.61,0,0.1153
74079,10,0.0,0,0.0
74080,10,0.0,0,0.0
74081,10,0.0,0,0.0
74082,10,0.0,0,0.0
74083,10,0.0,0,0.0
74084,10,0.0,0,0.0
74085,10,0.0,0,0.0
74086,10,0.0,0,0.0
74087,10,0.0,0,0.0
74088,10,0.0,0,0.0
74089,10,0.0,0,0.0
74091,10,0.0,0,0.0
74093,10,0.0,0,0.0
74094,10,0.0,0,0.0
74096,10,0.0,0,0.0
74098,10,0.0,0,0.0
74101,10,0.0,0,0.0
74102,10,0.0,0,0.0
74103,10,0.0,0,0.0
74105,10,0.0,0,0.0
74106,10,0.0,0,0.0
74107,10,0.0,0,0.0
74108,10,0.0,0,0.0
74109,10,0.0,0,0.0
74110,10,0.0,0,0.0
74111,10,0.0,0,0.0
74112,10,0.0,0,0.0
74113,10,0.0,0,0.0
74114,10,0.0,0,0.0
74115,10,0.0,0,0.0
74116,10,0.0,0,0.0
74117,10,0.0,0,0.0
74118,10,0.0,0,0.0
74119,10,17.36,0,0.6078
74121,10,0.0,0,0.0
74122,10,0.0,0,0.0
74123,10,0.0,0,0.0
74124,10,0.0,0,0.0
74125,10,0.23,0,0.2683
74126,10,0.05,0,0.3079
74712,10,0.0,0,0.0
74713,10,0.0,0,0.0
74714,10,0.0,0,0.0
74715,10,0.0,0,0.0
74716,10,0.0,0,0.0
74717,10,0.0,0,0.0
74718,10,0.0,0,0.0
74719,10,0.0,0,0.0
74720,10,0.0,0,0.0
74721,10,0.0,0,0.0
74722,10,0.0,0,0.0
74723,10,0.0,0,0.0
74724,10,0.0,0,0.0
74725,10,0.0,0,0.0
74726,10,0.0,0,0.0
74727,10,0.0,0,0.0
74728,10,0.0,0,0.0
74729,10,0.0,0,0.0
74730,10,0.0,0,0.0
74731,10,0.0,0,0.0
74732,10,0.0,0,0.0
74733,10,0.0,0,0.0
74734,10,0.0,0,0.0
74735,10,0.0,0,0.0
74736,10,0.0,0,0.0
74737,10,0.0,0,0.0
74738,10,0.0,0,0.0
74739,10,0.0,0,0.0
74740,10,0.0,0,0.0
74741,10,0.0,0,0.0
74742,10,0.0,0,0.0
74743,10,0.0,0,0.0
74744,10,0.0,0,0.0
74745,10,0.0,0,0.0
74746,10,0.0,0,0.0
74747,10,0.0,0,0.0
74748,10,0.0,0,0.0
74749,10,0.0,0,0.0
74750,10,0.0,0,0.0
74751,10,0.0,0,0.0
74752,10,0.0,0,0.0
74753,10,0.0,0,0.0
74754,10,0.0,0,0.0
74755,10,0.0,0,0.0
74756,10,0.0,0,0.0
74757,10,0.0,0,0.0
74758,10,0.0,0,0.0
74759,10,0.0,0,0.0
74760,10,0.0,0,0.0
74761,10,0.65,0,0.2588
74762,10,4.05,0,0.2019
74763,10,0.0,0,0.0
74764,10,0.0,0,0.0
74765,10,0.0,0,0.0
74766,10,0.0,0,0.0
74767,10,0.0,0,0.0
74768,10,0.0,0,0.0
74769,10,0.0,0,0.0
74770,10,0.0,0,0.0
74771,10,0.0,0,0.0
74772,10,0.0,0,0.0
74773,10,0.0,0,0.0
74774,10,0.0,0,0.0
74775,10,0.0,0,0.0
74777,10,0.0,0,0.0
74778,10,0.0,0,0.0
74779,10,0.0,0,0.0
74783,10,0.0,0,0.0
74784,10,0.05,0,0.0327
74785,10,2.78,0,0.4458
74786,10,0.0,0,0.0
74787,10,0.0,0,0.0
74789,10,0.0,0,0.0
74790,10,0.0,0,0.0
74791,10,0.0,0,0.0
74792,10,0.0,0,0.0
74793,10,0.0,0,0.0
74794,10,0.0,0,0.0
74795,10,0.0,0,0.0
74796,10,0.0,0,0.0
74797,10,0.0,0,0.0
74798,10,0.0,0,0.0
74799,10,0.0,0,0.0
74800,10,0.0,0,0.0
74802,10,0.0,0,0.0
74803,10,1.36,0,0.1737
74805,10,0.0,0,0.0
74809,9,0.08,0,0.7633
74810,10,0.11,0,0.3576
74814,10,0.0,0,0.0
74815,10,0.0,0,0.0
75396,10,0.0,0,0.0
75397,10,0.0,0,0.0
75398,10,0.0,0,0.0
75399,10,0.0,0,0.0
75400,10,0.0,0,0.0
75401,10,0.0,0,0.0
75402,10,0.0,0,0.0
75403,10,0.0,0,0.0
75404,10,0.0,0,0.0
75405,10,0.0,0,0.0
75406,10,0.0,0,0.0
75407,10,0.0,0,0.0
75408,10,0.0,0,0.0
75409,10,0.0,0,0.0
75411,10,0.0,0,0.0
75412,10,0.0,0,0.0
75413,10,0.0,0,0.0
75414,10,0.0,0,0.0
75415,10,0.0,0,0.0
75416,10,0.0,0,0.0
75417,10,0.0,0,0.0
75418,10,0.0,0,0.0
75419,10,0.0,0,0.0
75420,10,0.0,0,0.0
75421,10,0.0,0,0.0
75422,10,0.0,0,0.0
75423,10,0.0,0,0.0
75424,10,0.0,0,0.0
75425,10,0.0,0,0.0
75426,10,0.0,0,0.0
75427,10,0.0,0,0.0
75428,10,0.0,0,0.0
75429,10,0.0,0,0.0
75430,10,0.0,0,0.0
75431,10,0.0,0,0.0
75432,10,0.0,0,0.0
75433,10,0.0,0,0.0
75434,10,0.0,0,0.0
75435,10,0.0,0,0.0
75436,10,0.0,0,0.0
75437,10,0.0,0,0.0
75438,10,0.0,0,0.0
75439,10,0.0,0,0.0
75440,10,0.0,0,0.0
75441,10,0.0,0,0.0
75442,10,0.0,0,0.0
75443,10,0.0,0,0.0
75444,10,0.0,0,0.0
75445,10,8.2,0,0.3664
75446,10,3.63,0,0.1744
75447,10,2.2,0,0.1329
75448,10,0.0,0,0.0
75449,10,0.0,0,0.0
75450,10,0.0,0,0.0
75451,10,0.0,0,0.0
75452,10,0.0,0,0.0
75453,10,0.0,0,0.0
75454,10,0.0,0,0.0
75455,10,0.0,0,0.0
75456,10,0.0,0,0.0
75457,10,0.0,0,0.0
75458,10,0.0,0,0.0
75459,10,0.0,0,0.0
75461,10,0.0,0,0.0
75462,10,0.0,0,0.0
75463,10,0.0,0,0.0
75464,10,0.0,0,0.0
75465,10,0.0,0,0.0
75466,10,0.0,0,0.0
75468,10,0.12,0,0.0828
75469,10,3.55,0,0.3179
75470,10,0.0,0,0.0
75471,10,0.0,0,0.0
75472,10,0.0,0,0.0
75474,10,0.0,0,0.0
75475,10,0.0,0,0.0
75476,10,0.0,0,0.0
75477,10,0.0,0,0.0
75478,10,0.0,0,0.0
75479,10,0.0,0,0.0
75480,10,0.0,0,0.0
75481,10,0.0,0,0.0
75482,10,0.0,0,0.0
75483,10,0.0,0,0.0
75484,10,0.0,0,0.0
75485,10,0.0,0,0.0
75486,8,0.14,0,0.945
75487,10,1.83,0,0.2347
75488,10,0.0,0,0.0
75489,10,0.0,0,0.0
75490,10,0.0,0,0.0
75498,10,0.0,0,0.0
75499,10,0.0,0,0.0
75500,10,0.0,0,0.0
75503,10,0.0,0,0.0
76079,10,0.0,0,0.0
76080,10,0.0,0,0.0
76081,10,0.0,0,0.0
76082,10,0.0,0,0.0
76085,10,0.0,0,0.0
76086,10,0.0,0,0.0
76087,10,0.0,0,0.0
76088,10,0.0,0,0.0
76089,10,0.0,0,0.0
76090,10,0.0,0,0.0
76091,10,0.0,0,0.0
76092,10,0.0,0,0.0
76093,10,0.0,0,0.0
76094,10,0.0,0,0.0
76097,10,0.0,0,0.0
76098,10,0.0,0,0.0
76099,10,0.0,0,0.0
76100,10,0.0,0,0.0
76101,10,0.0,0,0.0
76102,10,0.0,0,0.0
76103,10,0.0,0,0.0
76104,10,0.0,0,0.0
76105,10,0.0,0,0.0
76106,10,0.0,0,0.0
76107,10,2.86,0,0.128
76108,10,1.56,0,0.1193
76109,10,0.0,0,0.0
76110,10,0.0,0,0.0
76111,10,0.0,0,0.0
76112,10,0.0,0,0.0
76113,10,0.0,0,0.0
76114,10,0.0,0,0.0
76115,10,0.0,0,0.0
76116,10,0.0,0,0.0
76117,10,0.0,0,0.0
76118,10,0.0,0,0.0
76119,10,0.0,0,0.0
76120,10,0.0,0,0.0
76121,10,0.0,0,0.0
76122,10,0.0,0,0.0
76123,10,0.0,0,0.0
76124,10,0.0,0,0.0
76125,10,0.0,0,0.0
76126,10,0.0,0,0.0
76127,10,0.0,0,0.0
76128,10,1.45,0,0.1272
76129,10,3.18,0,0.2689
76130,10,0.0,0,0.0
76131,10,0.95,0,0.049
76132,10,0.0,0,0.0
76133,10,0.0,0,0.0
76134,10,0.0,0,0.0
76135,10,0.0,0,0.0
76136,10,0.0,0,0.0
76137,10,0.0,0,0.0
76138,10,0.0,0,0.0
76139,10,0.0,0,0.0
76140,10,0.0,0,0.0
76141,10,0.0,0,0.0
76142,10,0.0,0,0.0
76143,10,0.0,0,0.0
76144,10,0.0,0,0.0
76145,10,0.0,0,0.0
76147,10,0.99,0,0.7661
76148,10,0.0,0,0.0
76149,10,0.0,0,0.0
76150,10,0.0,0,0.0
76151,10,0.0,0,0.0
76152,10,0.0,0,0.0
76153,10,0.0,0,0.0
76154,10,0.0,0,0.0
76155,10,0.0,0,0.0
76156,10,0.0,0,0.0
76157,10,0.0,0,0.0
76159,10,0.0,0,0.0
76160,10,0.0,0,0.0
76161,10,0.0,0,0.0
76162,10,0.0,0,0.0
76163,10,0.0,0,0.0
76164,10,0.0,0,0.0
76165,10,0.0,0,0.0
76166,10,0.0,0,0.0
76167,10,0.0,0,0.0
76168,10,0.0,0,0.0
76169,10,0.0,0,0.0
76170,10,0.0,0,0.0
76171,10,0.0,0,0.0
76172,10,0.0,0,0.0
76173,10,0.0,0,0.0
76174,10,0.0,0,0.0
76183,10,0.0,0,0.0
76184,10,0.0,0,0.0
76187,10,0.0,0,0.0
76763,10,0.0,0,0.0
76764,10,0.0,0,0.0
76765,10,0.0,0,0.0
76766,10,0.0,0,0.0
76767,10,0.0,0,0.0
76768,10,0.0,0,0.0
76769,10,0.0,0,0.0
76770,10,0.0,0,0.0
76771,10,0.0,0,0.0
76772,10,0.0,0,0.0
76773,10,0.0,0,0.0
76774,10,0.0,0,0.0
76775,10,0.0,0,0.0
76776,10,0.0,0,0.0
76777,10,0.0,0,0.0
76778,10,0.0,0,0.0
76781,10,0.0,0,0.0
76782,10,0.0,0,0.0
76783,10,0.0,0,0.0
76784,10,0.0,0,0.0
76785,10,0.0,0,0.0
76786,10,0.0,0,0.0
76787,10,0.0,0,0.0
76788,10,0.0,0,0.0
76789,10,0.0,0,0.0
76790,10,0.0,0,0.0
76791,10,3.58,0,0.2768
76792,10,1.1,0,0.0432
76793,10,0.0,0,0.0
76794,10,0.0,0,0.0
76795,10,0.0,0,0.0
76796,10,0.0,0,0.0
76797,10,0.0,0,0.0
76798,10,0.0,0,0.0
76799,10,0.0,0,0.0
76800,10,0.0,0,0.0
76801,10,0.0,0,0.0
76802,10,0.0,0,0.0
76803,10,0.0,0,0.0
76804,10,0.0,0,0.0
76805,10,0.0,0,0.0
76806,10,0.0,0,0.0
76807,10,0.0,0,0.0
76808,10,0.0,0,0.0
76809,10,0.0,0,0.0
76810,10,0.0,0,0.0
76811,10,0.0,0,0.0
76812,10,0.0,0,0.0
76813,10,0.0,0,0.0
76814,10,0.0,0,0.0
76815,10,2.98,0,0.3995
76816,10,0.0,0,0.0003
76817,10,0.0,0,0.0
76818,10,0.0,0,0.0
76819,10,0.0,0,0.0
76820,10,0.0,0,0.0
76821,10,0.0,0,0.0
76822,10,0.0,0,0.0
76823,10,0.0,0,0.0
76824,10,0.0,0,0.0
76825,10,0.0,0,0.0
76826,10,0.0,0,0.0
76827,10,0.0,0,0.0
76828,10,0.0,0,0.0
76829,10,0.0,0,0.0
76831,9,0.61,0,0.9239
76832,10,0.0,0,0.0
76833,10,0.0,0,0.0
76834,10,0.0,0,0.0
76835,10,0.0,0,0.0
76836,10,0.0,0,0.0
76837,10,0.0,0,0.0
76838,10,0.0,0,0.0
76839,10,0.0,0,0.0
76840,10,0.0,0,0.0
76841,10,0.0,0,0.0
76842,10,0.0,0,0.0
76843,10,0.0,0,0.0
76844,10,0.0,0,0.0
76845,10,0.0,0,0.0
76847,10,0.0,0,0.0
76848,10,0.0,0,0.0
76849,10,0.0,0,0.0
76850,10,0.0,0,0.0
76851,10,0.0,0,0.0
76852,10,0.0,0,0.0
76853,10,0.0,0,0.0
76854,10,0.0,0,0.0
76855,10,0.0,0,0.0
76856,10,0.0,0,0.0
76857,10,0.0,0,0.0
76858,10,0.0,0,0.0
76868,10,0.0,0,0.0
76869,10,0.0,0,0.0
76871,10,0.0,0,0.0
77447,10,0.0,0,0.0
77448,10,0.0,0,0.0
77449,10,0.0,0,0.0
77451,10,0.0,0,0.0
77452,10,0.0,0,0.0
77453,10,0.0,0,0.0
77454,10,0.0,0,0.0
77455,10,0.0,0,0.0
77456,10,0.0,0,0.0
77457,10,0.0,0,0.0
77458,10,0.0,0,0.0
77459,10,0.0,0,0.0
77460,10,0.0,0,0.0
77461,10,0.0,0,0.0
77462,10,0.0,0,0.0
77463,10,0.0,0,0.0
77464,10,0.0,0,0.0
77465,10,0.0,0,0.0
77466,10,0.0,0,0.0
77467,10,0.0,0,0.0
77468,10,0.0,0,0.0
77469,10,0.0,0,0.0
77470,10,0.0,0,0.0
77471,10,0.0,0,0.0
77472,10,0.0,0,0.0
77473,10,2.8,0,0.4072
77474,10,3.96,0,0.5179
77475,10,0.0,0,0.0
77476,10,0.0,0,0.0
77477,10,0.0,0,0.0
77478,10,0.0,0,0.0
77479,10,0.0,0,0.0
77480,10,0.0,0,0.0
77481,10,0.0,0,0.0
77482,10,0.0,0,0.0
77483,10,0.0,0,0.0
77484,10,0.0,0,0.0
77485,10,0.0,0,0.0
77486,10,0.0,0,0.0
77487,10,0.0,0,0.0
77488,10,0.0,0,0.0
77489,10,0.0,0,0.0
77490,10,0.0,0,0.0
77491,10,0.0,0,0.0
77492,10,0.0,0,0.0
77493,10,0.0,0,0.0
77494,10,0.0,0,0.0
77495,10,0.0,0,0.0
77496,10,0.0,0,0.0
77497,10,0.0,0,0.0
77498,10,0.0,0,0.0021
77499,10,2.26,0,0.4103
77500,10,0.0,0,0.0
77501,10,0.0,0,0.0
77502,10,0.0,0,0.0
77503,10,0.0,0,0.0
77504,10,0.0,0,0.0
77505,10,0.0,0,0.0
77506,10,0.0,0,0.0
77507,10,0.0,0,0.0
77508,10,0.0,0,0.0
77509,10,0.0,0,0.0
77510,10,0.0,0,0.0
77515,8,0.14,0,0.8849
77516,10,4.25,0,0.7026
77518,10,0.0,0,0.0
77519,10,0.0,0,0.0
77520,10,0.0,0,0.0
77521,10,0.0,0,0.0
77522,10,0.0,0,0.0
77524,10,0.0,0,0.0
77525,10,0.0,0,0.0
77526,10,0.0,0,0.0
77527,10,0.0,0,0.0
77528,10,0.0,0,0.0
77529,10,0.0,0,0.0
77530,10,0.0,0,0.0
77531,10,0.0,0,0.0
77532,10,0.0,0,0.0
77533,10,0.0,0,0.0
77534,10,0.0,0,0.0
77535,10,0.0,0,0.0
77536,10,0.0,0,0.0
77537,10,0.0,0,0.0
77538,10,0.0,0,0.0
77539,10,0.0,0,0.0
77540,10,0.0,0,0.0
77541,10,0.0,0,0.0
77542,10,0.0,0,0.0
77552,10,0.0,0,0.0
77553,10,0.0,0,0.0
78131,10,0.0,0,0.0
78132,10,0.0,0,0.0
78133,10,0.0,0,0.0
78135,10,0.0,0,0.0
78136,10,0.0,0,0.0
78137,10,0.0,0,0.0
78138,10,0.0,0,0.0
78139,10,0.0,0,0.0
78140,10,0.0,0,0.0
78141,10,0.0,0,0.0
78142,10,0.0,0,0.0
78143,10,0.0,0,0.0
78144,10,0.0,0,0.0
78145,10,0.0,0,0.0
78147,10,0.0,0,0.0
78148,10,0.0,0,0.0
78149,10,0.0,0,0.0
78150,10,0.0,0,0.0
78151,10,0.0,0,0.0
78152,10,0.0,0,0.0
78153,10,0.0,0,0.0
78154,10,0.0,0,0.0
78155,10,0.0,0,0.0
78156,10,0.65,0,0.0298
78157,8,3.37,0,0.8232
78158,9,10.57,0,0.8388
78160,10,0.0,0,0.0
78161,10,0.0,0,0.0
78162,10,0.0,0,0.0
78163,10,0.0,0,0.0
78164,10,0.0,0,0.0
78165,10,0.0,0,0.0
78166,10,0.0,0,0.0
78167,10,0.0,0,0.0
78168,10,0.0,0,0.0
78169,10,0.03,0,0.0037
78170,10,0.0,0,0.0
78171,10,0.0,0,0.0
78172,10,0.0,0,0.0
78173,10,0.0,0,0.0
78174,10,0.0,0,0.0
78175,10,0.0,0,0.0
78176,10,0.0,0,0.0
78177,10,0.0,0,0.0
78178,10,0.0,0,0.0
78179,10,0.0,0,0.0
78180,10,0.0,0,0.0
78181,10,0.54,0,0.2289
78182,10,0.32,0,0.2623
78183,10,0.0,0,0.0
78184,10,0.0,0,0.0
78185,10,0.0,0,0.0
78186,10,0.0,0,0.0
78187,10,0.0,0,0.0
78188,10,0.0,0,0.0
78189,10,0.0,0,0.0
78190,10,0.0,0,0.0
78191,10,0.0,0,0.0
78192,10,0.0,0,0.0
78193,10,0.0,0,0.0
78196,10,0.0,0,0.0
78199,10,0.28,0,0.26
78200,10,1.28,0,0.2104
78202,10,0.0,0,0.0
78204,10,0.0,0,0.0
78205,10,0.0,0,0.0
78206,10,0.0,0,0.0
78207,10,0.0,0,0.0
78208,10,0.0,0,0.0
78209,10,0.0,0,0.0
78210,10,0.0,0,0.0
78211,10,0.0,0,0.0
78212,10,0.0,0,0.0
78213,10,0.0,0,0.0
78214,10,0.0,0,0.0
78215,10,3.1,0,0.3063
78216,10,0.0,0,0.0
78217,10,0.0,0,0.0
78218,10,0.0,0,0.0
78219,10,0.0,0,0.0
78220,10,0.0,0,0.0
78221,10,0.0,0,0.0
78222,10,0.0,0,0.0
78223,10,0.0,0,0.0
78224,10,0.0,0,0.0
78225,10,0.0,0,0.0
78815,10,0.0,0,0.0
78816,10,0.0,0,0.0
78817,10,0.0,0,0.0
78818,10,0.0,0,0.0
78819,10,0.0,0,0.0
78820,10,0.0,0,0.0
78821,10,0.0,0,0.0
78822,10,0.0,0,0.0
78823,10,0.0,0,0.0
78824,10,0.0,0,0.0
78825,10,0.0,0,0.0
78826,10,0.0,0,0.0
78827,10,0.0,0,0.0
78828,10,0.0,0,0.0
78829,10,0.0,0,0.0
78831,10,0.0,0,0.0
78832,10,0.0,0,0.0
78833,10,0.0,0,0.0
78834,10,0.0,0,0.0
78835,10,0.0,0,0.0
78836,10,0.0,0,0.0
78837,10,0.0,0,0.0
78838,10,0.0,0,0.0
78839,10,0.0,0,0.0
78840,10,0.0,0,0.0001
78841,8,0.19,0,0.945
78844,10,0.0,0,0.0
78845,10,0.0,0,0.0
78846,10,0.0,0,0.0
78848,10,0.0,0,0.0
78849,10,0.0,0,0.0
78852,10,0.13,0,0.0178
78853,10,0.5,0,0.2935
78854,10,0.0,0,0.0
78855,10,0.0,0,0.0
78856,10,0.0,0,0.0
78857,10,0.0,0,0.0
78858,10,0.0,0,0.0
78859,10,0.0,0,0.0
78860,10,0.0,0,0.0
78861,10,0.0,0,0.0
78862,10,0.0,0,0.0
78863,10,0.0,0,0.0
78864,10,0.0,0,0.0
78865,10,0.0,0,0.0
78866,10,0.0,0,0.0
78867,10,0.0,0,0.0
78868,10,0.0,0,0.0
78869,10,0.0,0,0.0
78870,10,0.0,0,0.0
78871,10,0.46,0,0.0797
78872,10,0.0,0,0.0
78873,10,0.0,0,0.0
78874,10,0.0,0,0.0
78875,10,0.0,0,0.0
78876,10,0.0,0,0.0
78877,10,0.0,0,0.0
78878,10,0.0,0,0.0
78879,10,0.0,0,0.0
78881,10,0.0,0,0.0
78883,10,0.0,0,0.0
78884,10,0.0,0,0.0
78887,10,0.0,0,0.0
78888,10,0.0,0,0.0
78889,10,0.0,0,0.0
78890,10,0.0,0,0.0
78891,10,0.0,0,0.0
78892,10,0.0,0,0.0
78893,10,0.0,0,0.0
78894,10,0.0,0,0.0
78895,10,0.0,0,0.0
78896,10,0.0,0,0.0
78897,10,0.0,0,0.0
78898,10,0.0,0,0.0
78899,9,16.76,0,0.6983
78900,10,9.24,0,0.3784
78901,10,0.0,0,0.0
78902,10,0.0,0,0.0
78903,10,0.0,0,0.0
78904,10,0.0,0,0.0
78905,10,0.0,0,0.0
78906,10,0.0,0,0.0
78907,10,0.0,0,0.0
78908,10,0.0,0,0.0
78909,10,0.0,0,0.0
78918,10,0.0,0,0.0
78919,10,0.0,0,0.0
78920,10,0.0,0,0.0
78921,10,0.0,0,0.0
78922,10,0.0,0,0.0
79499,10,0.0,0,0.0
79500,10,0.0,0,0.0
79502,10,0.0,0,0.0
79503,10,0.0,0,0.0
79504,10,0.0,0,0.0
79505,10,0.0,0,0.0
79506,10,0.0,0,0.0
79507,10,0.0,0,0.0
79508,10,0.0,0,0.0
79509,10,0.0,0,0.0
79510,10,0.0,0,0.0
79511,10,0.0,0,0.0
79512,10,0.0,0,0.0
79513,10,0.0,0,0.0
79514,10,0.0,0,0.0
79515,10,0.35,0,0.4449
79516,10,0.59,0,0.0509
79517,10,0.0,0,0.0
79518,10,0.0,0,0.0
79519,10,0.0,0,0.0
79520,10,0.0,0,0.0
79521,10,0.0,0,0.0
79522,10,0.0,0,0.0
79523,10,0.0,0,0.0
79524,10,0.0,0,0.0
79525,9,5.91,0,0.7773
79526,10,4.6,0,0.5373
79528,10,0.0,0,0.0
79529,10,0.0,0,0.0
79530,10,0.0,0,0.0
79531,10,0.0,0,0.0
79532,10,0.0,0,0.0
79533,10,0.0,0,0.0
79537,10,0.0,0,0.0
79538,10,0.0,0,0.0
79539,10,0.0,0,0.0
79540,10,0.0,0,0.0
79541,10,0.0,0,0.0
79542,10,0.0,0,0.0
79543,10,0.0,0,0.0
79544,10,0.0,0,0.0
79545,10,0.0,0,0.0
79546,10,0.0,0,0.0
79547,10,0.0,0,0.0
79548,10,0.0,0,0.0
79549,10,0.0,0,0.0
79550,10,0.0,0,0.0
79551,10,0.0,0,0.0
79552,10,0.0,0,0.0
79553,10,1.28,0,0.1014
79554,10,1.9,0,0.1196
79555,10,0.63,0,0.064
79556,10,0.0,0,0.0
79557,10,0.0,0,0.0
79558,10,0.0,0,0.0
79559,10,0.0,0,0.0
79560,10,0.0,0,0.0
79561,10,0.0,0,0.0
79563,10,0.0,0,0.0
79564,10,0.0,0,0.0
79566,10,0.0,0,0.0
79567,10,0.0,0,0.0
79569,10,0.0,0,0.0
79570,10,0.0,0,0.0
79571,10,0.0,0,0.0
79572,10,0.0,0,0.0
79573,10,0.0,0,0.0
79574,10,0.0,0,0.0
79575,10,0.0,0,0.0
79576,10,0.0,0,0.0
79577,10,0.0,0,0.0
79578,10,0.0,0,0.0
79579,10,0.0,0,0.0
79580,10,0.0,0,0.0
79581,10,0.0,0,0.0
79582,10,0.0,0,0.0
79583,10,3.1,0,0.1642
79584,10,0.0,0,0.0
79585,10,0.0,0,0.0
79586,10,0.0,0,0.0
79587,10,0.0,0,0.0
79588,10,0.0,0,0.0
79589,10,0.0,0,0.0
79590,10,0.0,0,0.0
79591,10,0.58,0,0.2816
79592,10,0.0,0,0.0
79593,10,0.81,0,0.0458
79601,10,0.0,0,0.0
79605,10,0.0,0,0.0
79606,10,0.0,0,0.0
80183,10,0.0,0,0.0
80184,10,0.0,0,0.0
80185,10,0.0,0,0.0
80186,10,0.0,0,0.0
80187,10,0.0,0,0.0
80188,10,0.0,0,0.0
80189,10,0.0,0,0.0
80190,10,0.0,0,0.0
80191,10,0.0,0,0.0
80192,10,0.0,0,0.0
80193,10,0.0,0,0.0
80194,10,0.0,0,0.0
80195,10,0.0,0,0.0
80196,10,0.0,0,0.0
80197,10,0.0,0,0.0
80198,10,0.0,0,0.0
80199,10,10.14,0,0.436
80200,10,0.69,0,0.0921
80201,10,0.0,0,0.0
80202,10,0.0,0,0.0
80203,10,0.0,0,0.0
80204,10,0.0,0,0.0
80205,10,0.0,0,0.0
80206,10,0.0,0,0.0
80207,10,0.0,0,0.0
80208,10,0.0,0,0.0
80209,10,2.04,0,0.1204
80210,10,3.4,0,0.4636
80211,10,0.0,0,0.0
80212,10,0.0,0,0.0
80213,10,0.0,0,0.0
80214,10,0.0,0,0.0
80215,10,0.0,0,0.0
80216,10,0.0,0,0.0
80217,10,0.0,0,0.0
80218,10,0.0,0,0.0
80219,10,0.0,0,0.0
80220,10,0.0,0,0.0
80221,10,0.0,0,0.0
80222,10,0.0,0,0.0
80223,10,0.0,0,0.0
80224,10,0.0,0,0.0
80225,10,0.0,0,0.0
80226,10,0.0,0,0.0
80227,10,0.0,0,0.0
80228,10,0.0,0,0.0
80229,10,0.0,0,0.0
80230,10,0.0,0,0.0
80231,10,0.0,0,0.0
80232,10,0.0,0,0.0
80233,10,0.0,0,0.0
80234,10,0.0,0,0.0
80235,10,0.0,0,0.0
80236,10,0.0,0,0.0
80237,10,0.01,0,0.0033
80238,10,0.0,0,0.0
80239,10,0.0,0,0.0
80240,10,0.0,0,0.0
80241,10,0.0,0,0.0
80242,10,0.0,0,0.0
80243,10,0.0,0,0.0
80244,10,0.0,0,0.0
80245,10,0.0,0,0.0
80246,10,0.0,0,0.0
80247,10,0.0,0,0.0
80248,10,0.0,0,0.0
80249,10,0.0,0,0.0
80250,10,0.0,0,0.0
80251,10,0.0,0,0.0
80252,10,0.0,0,0.0
80253,10,0.0,0,0.0
80254,10,0.0,0,0.0
80255,10,0.0,0,0.0
80258,10,0.0,0,0.0
80260,10,0.0,0,0.0
80261,10,0.0,0,0.0
80262,10,0.0,0,0.0
80263,10,0.0,0,0.0
80264,10,0.0,0,0.0
80265,10,0.0,0,0.0
80266,10,0.0,0,0.0
80267,10,0.0,0,0.0
80268,10,0.0,0,0.0
80269,10,0.0,0,0.0
80270,10,0.0,0,0.0
80271,10,0.0,0,0.0
80272,10,0.0,0,0.0
80273,10,0.0,0,0.0
80274,10,0.0,0,0.0
80275,10,1.2,0,0.1233
80276,10,0.0,0,0.0
80277,10,0.0,0,0.0
80278,10,0.0,0,0.0
80279,10,0.0,0,0.0
80285,10,0.0,0,0.0
80288,10,0.0,0,0.0
80289,10,0.0,0,0.0
80290,10,0.0,0,0.0
80866,10,0.0,0,0.0
80867,10,0.0,0,0.0
80868,10,0.0,0,0.0
80869,10,0.0,0,0.0
80870,10,0.0,0,0.0
80871,10,0.0,0,0.0
80872,10,0.0,0,0.0
80873,10,0.0,0,0.0
80874,10,0.0,0,0.0
80875,10,0.0,0,0.0
80876,10,0.0,0,0.0
80877,10,0.0,0,0.0
80878,10,0.0,0,0.0
80879,10,0.0,0,0.0
80880,10,0.0,0,0.0
80881,10,0.0,0,0.0
80882,10,0.0,0,0.0
80883,10,0.0,0,0.0
80884,10,1.33,0,0.046
80885,10,0.0,0,0.0
80886,10,0.0,0,0.0
80887,10,0.0,0,0.0
80888,10,0.0,0,0.0
80889,10,0.0,0,0.0
80890,10,0.0,0,0.0
80891,10,0.0,0,0.0
80892,10,0.0,0,0.0
80893,10,0.0,0,0.0
80894,10,0.0,0,0.0
80895,10,0.0,0,0.0
80896,10,0.0,0,0.0
80897,10,0.0,0,0.0
80898,10,0.0,0,0.0
80899,10,0.0,0,0.0
80900,10,0.0,0,0.0
80901,10,0.0,0,0.0
80903,10,0.0,0,0.0
80904,10,0.0,0,0.0
80905,10,0.05,0,0.0275
80906,10,0.0,0,0.0
80907,10,0.0,0,0.0
80908,10,0.0,0,0.0
80909,10,0.0,0,0.0
80910,10,0.0,0,0.0
80911,10,0.0,0,0.0
80912,10,0.0,0,0.0
80913,10,0.0,0,0.0
80914,10,0.0,0,0.0
80916,10,0.0,0,0.0
80917,10,0.0,0,0.0
80918,10,0.0,0,0.0
80919,10,0.0,0,0.0
80920,10,0.0,0,0.0
80921,10,0.0,0,0.0
80922,10,0.0,0,0.0
80923,10,0.0,0,0.0
80924,10,0.0,0,0.0
80925,10,0.0,0,0.0
80926,10,0.0,0,0.0
80927,10,0.0,0,0.0
80928,10,0.0,0,0.0
80929,10,0.0,0,0.0
80930,10,0.0,0,0.0
80931,10,0.0,0,0.0
80932,10,0.0,0,0.0
80933,10,0.0,0,0.0
80934,10,0.0,0,0.0
80935,10,0.0,0,0.0
80936,10,0.0,0,0.0
80937,10,0.0,0,0.0
80938,10,0.0,0,0.0
80939,10,0.0,0,0.0
80940,10,0.0,0,0.0
80941,10,0.0,0,0.0
80943,10,0.0,0,0.0
80944,10,0.0,0,0.0
80945,10,0.0,0,0.0
80946,10,0.0,0,0.0
80947,10,0.0,0,0.0
80948,10,0.0,0,0.0
80949,10,0.0,0,0.0
80950,10,0.0,0,0.0
80951,10,0.0,0,0.0
80952,10,0.0,0,0.0
80953,10,0.0,0,0.0
80954,10,0.0,0,0.0
80955,10,0.0,0,0.0
80956,10,0.0,0,0.0
80957,10,0.0,0,0.0
80958,10,0.0,0,0.0
80959,10,0.0,0,0.0
80960,10,0.0,0,0.0
80961,10,0.0,0,0.0
80962,10,0.0,0,0.0
80963,10,0.0,0,0.0
80964,10,0.0,0,0.0
80966,10,0.0,0,0.0
80967,10,0.0,0,0.0
80972,10,0.0,0,0.0
80973,10,0.0,0,0.0
80974,10,0.0,0,0.0
81551,10,0.0,0,0.0
81552,10,0.0,0,0.0
81553,10,0.0,0,0.0
81555,10,0.0,0,0.0
81556,10,0.0,0,0.0
81557,10,0.0,0,0.0
81558,10,0.0,0,0.0
81559,10,0.0,0,0.0
81560,10,0.0,0,0.0
81561,10,0.0,0,0.0
81562,10,0.0,0,0.0
81564,10,0.0,0,0.0
81565,10,0.0,0,0.0
81566,10,0.0,0,0.0
81567,10,5.5,0,0.1695
81568,10,6.68,0,0.2484
81569,10,2.43,0,0.125
81570,10,0.0,0,0.0003
81571,10,0.0,0,0.0
81572,10,0.0,0,0.0
81573,10,0.0,0,0.0
81574,10,0.0,0,0.0
81575,10,0.0,0,0.0
81576,10,0.0,0,0.0
81577,10,0.0,0,0.0
81578,10,0.0,0,0.0
81579,10,0.01,0,0.0006
81580,10,0.0,0,0.0
81581,10,0.0,0,0.0
81582,10,0.0,0,0.0
81583,10,0.0,0,0.0
81584,10,0.0,0,0.0
81586,10,0.0,0,0.0
81587,10,0.0,0,0.0
81588,10,0.0,0,0.0
81589,10,0.0,0,0.0
81591,10,0.0,0,0.0
81592,10,0.0,0,0.0
81593,10,0.0,0,0.0
81595,10,0.0,0,0.0
81598,10,0.0,0,0.0
81599,10,0.0,0,0.0
81600,10,0.0,0,0.0
81601,10,0.0,0,0.0
81602,10,0.0,0,0.0
81603,10,0.0,0,0.0
81604,10,0.0,0,0.0
81605,10,0.0,0,0.0
81606,10,0.0,0,0.0
81607,10,0.0,0,0.0
81608,10,0.0,0,0.0
81609,10,0.0,0,0.0
81610,10,0.0,0,0.0
81611,10,0.0,0,0.0
81612,10,0.0,0,0.0
81613,10,0.0,0,0.0
81614,10,0.0,0,0.0
81615,10,0.0,0,0.0
81616,10,0.0,0,0.0
81617,10,0.0,0,0.0
81618,10,0.0,0,0.0
81619,10,0.0,0,0.0
81620,10,0.0,0,0.0
81621,10,0.0,0,0.0
81622,10,0.0,0,0.0
81623,10,0.0,0,0.0
81624,10,0.0,0,0.0
81625,10,0.0,0,0.0
81626,10,0.0,0,0.0
81627,10,0.0,0,0.0
81628,10,0.0,0,0.0
81629,10,0.0,0,0.0
81630,10,0.0,0,0.0
81631,10,0.0,0,0.0
81632,10,0.0,0,0.0
81633,10,0.0,0,0.0
81634,10,0.0,0,0.0
81635,10,0.0,0,0.0
81636,10,0.0,0,0.0
81637,10,0.0,0,0.0
81638,10,0.0,0,0.0
81639,10,0.0,0,0.0
81640,10,0.0,0,0.0
81641,10,0.0,0,0.0
81642,10,0.0,0,0.0
81643,10,0.0,0,0.0
81644,10,0.0,0,0.0
81645,10,0.0,0,0.0
81646,10,0.0,0,0.0
81648,10,0.0,0,0.0
81657,10,0.0,0,0.0
81658,10,0.0,0,0.0
82235,10,0.0,0,0.0
82236,10,0.0,0,0.0
82237,10,0.0,0,0.0
82238,10,0.0,0,0.0
82239,10,0.0,0,0.0
82240,10,0.0,0,0.0
82241,10,0.0,0,0.0
82242,10,0.0,0,0.0
82243,10,0.0,0,0.0
82244,10,0.0,0,0.0
82245,10,0.0,0,0.0
82246,10,0.0,0,0.0
82247,10,0.0,0,0.0
82248,10,7.85,0,0.227
82249,10,2.9,0,0.1107
82250,10,0.0,0,0.0
82251,10,0.19,0,0.015
82252,10,0.06,0,0.0069
82253,10,10.37,0,0.5292
82254,10,0.07,0,0.0025
82255,10,0.0,0,0.0
82256,10,0.0,0,0.0
82257,10,0.0,0,0.0
82258,10,0.0,0,0.0
82259,10,0.0,0,0.0
82260,10,0.0,0,0.0
82261,10,0.0,0,0.0
82262,10,8.69,0,0.4885
82263,10,8.43,0,0.5188
82264,10,0.0,0,0.0
82265,10,0.0,0,0.0
82266,10,0.0,0,0.0
82267,10,0.0,0,0.0
82270,10,0.0,0,0.0
82271,10,0.0,0,0.0
82272,10,0.0,0,0.0
82276,10,0.0,0,0.0
82277,10,0.0,0,0.0
82279,10,0.0,0,0.0
82280,10,0.0,0,0.0
82281,10,0.0,0,0.0
82282,10,0.0,0,0.0
82283,10,0.0,0,0.0
82284,10,0.0,0,0.0
82285,10,0.0,0,0.0
82286,10,0.0,0,0.0
82287,10,0.0,0,0.0
82288,10,0.0,0,0.0
82289,10,0.0,0,0.0
82290,10,0.0,0,0.0
82291,10,0.0,0,0.0
82292,10,0.0,0,0.0
82293,10,0.0,0,0.0
82294,10,0.0,0,0.0
82295,10,0.0,0,0.0
82296,10,0.0,0,0.0
82297,10,0.0,0,0.0
82298,10,0.0,0,0.0
82299,10,0.0,0,0.0
82300,10,0.0,0,0.0
82301,10,0.0,0,0.0
82302,10,0.0,0,0.0
82303,10,0.0,0,0.0
82304,10,0.0,0,0.0
82305,10,0.0,0,0.0
82306,10,0.0,0,0.0
82307,10,0.0,0,0.0
82308,10,0.0,0,0.0
82309,10,0.0,0,0.0
82310,10,0.0,0,0.0
82311,10,0.0,0,0.0
82312,10,0.0,0,0.0
82313,10,0.0,0,0.0
82314,10,0.0,0,0.0
82315,10,0.0,0,0.0
82316,10,0.0,0,0.0
82317,10,0.0,0,0.0
82318,10,0.0,0,0.0
82319,10,0.0,0,0.0
82320,10,0.0,0,0.0
82321,10,0.0,0,0.0
82322,10,0.0,0,0.0
82323,10,0.05,0,0.0124
82324,10,1.59,0,0.2761
82325,10,0.27,0,0.0134
82326,10,0.0,0,0.0
82327,10,0.0,0,0.0
82328,10,0.0,0,0.0
82329,10,0.0,0,0.0
82330,10,0.0,0,0.0
82331,10,0.0,0,0.0
82332,10,0.0,0,0.0
82333,10,0.0,0,0.0
82334,10,0.0,0,0.0
82342,10,0.0,0,0.0
82919,10,0.0,0,0.0
82920,10,0.0,0,0.0
82922,10,0.0,0,0.0
82923,10,0.0,0,0.0
82924,10,0.0,0,0.0
82925,10,0.0,0,0.0
82926,10,0.0,0,0.0
82927,10,0.0,0,0.0
82928,10,0.0,0,0.0
82929,10,0.0,0,0.0
82930,10,0.0,0,0.0
82931,10,0.0,0,0.0
82932,10,2.84,0,0.0856
82933,10,2.48,0,0.0908
82934,10,0.0,0,0.0
82935,10,0.0,0,0.0
82936,10,0.0,0,0.0
82937,10,0.0,0,0.0
82938,10,0.0,0,0.0
82939,10,0.0,0,0.0
82940,10,0.0,0,0.0
82941,10,0.0,0,0.0
82942,10,0.0,0,0.0
82943,10,0.0,0,0.0
82944,10,0.0,0,0.0
82945,10,3.47,0,0.0792
82946,8,38.25,0,0.8457
82947,10,3.43,0,0.2449
82948,10,0.0,0,0.0
82949,10,0.0,0,0.0
82950,10,0.02,0,0.0081
82951,10,0.0,0,0.0
82952,10,0.0,0,0.0
82953,10,0.0,0,0.0
82954,10,0.0,0,0.0
82955,10,0.0,0,0.0
82956,10,0.0,0,0.0
82957,10,0.0,0,0.0
82958,10,0.0,0,0.0
82959,8,3.55,0,0.8485
82960,10,3.01,0,0.1896
82963,10,0.0,0,0.0
82964,10,0.0,0,0.0
82965,10,0.0,0,0.0
82966,10,0.0,0,0.0
82967,10,0.0,0,0.0
82968,10,0.0,0,0.0
82969,10,0.0,0,0.0
82970,10,0.0,0,0.0
82971,10,0.0,0,0.0
82972,10,0.0,0,0.0
82973,10,0.0,0,0.0
82974,10,0.0,0,0.0
82975,10,0.0,0,0.0
82976,10,0.0,0,0.0
82977,10,0.0,0,0.0
82978,10,0.0,0,0.0
82979,10,0.0,0,0.0
82980,10,0.0,0,0.0
82981,10,0.0,0,0.0
82982,10,0.0,0,0.0
82983,10,0.0,0,0.0
82984,10,0.0,0,0.0
82985,10,0.0,0,0.0
82986,10,0.0,0,0.0
82987,10,0.0,0,0.0
82988,10,0.0,0,0.0
82989,10,0.0,0,0.0
82990,10,0.0,0,0.0
82991,10,0.0,0,0.0
82992,10,0.0,0,0.0
82993,10,0.0,0,0.0
82994,10,0.0,0,0.0
82995,10,0.0,0,0.0
82998,10,0.0,0,0.0
82999,10,0.0,0,0.0
83000,10,0.0,0,0.0
83001,10,0.0,0,0.0
83002,10,0.0,0,0.0
83003,10,0.0,0,0.0
83004,10,0.0,0,0.0
83005,10,0.0,0,0.0
83006,10,0.0,0,0.0
83007,10,0.23,0,0.0288
83008,10,1.99,0,0.1995
83009,10,2.32,0,0.216
83010,10,0.0,0,0.0
83011,10,0.0,0,0.0
83012,10,0.0,0,0.0
83013,10,0.0,0,0.0
83014,10,0.0,0,0.0
83016,10,0.0,0,0.0
83017,10,0.0,0,0.0
83018,10,0.0,0,0.0
83603,10,0.0,0,0.0
83604,10,0.0,0,0.0
83606,10,0.0,0,0.0
83607,10,0.0,0,0.0
83609,10,0.0,0,0.0
83610,10,0.0,0,0.0
83611,10,0.0,0,0.0
83612,10,0.0,0,0.0
83613,10,0.0,0,0.0
83614,10,0.0,0,0.0
83615,10,0.0,0,0.0
83616,10,0.0,0,0.0
83617,10,0.0,0,0.0
83618,10,0.0,0,0.0
83619,10,0.0,0,0.0
83620,10,0.0,0,0.0
83621,10,0.0,0,0.0
83622,10,0.0,0,0.0
83623,10,0.0,0,0.0
83624,10,0.0,0,0.0
83625,10,1.84,0,0.1811
83626,10,1.33,0,0.1958
83627,10,0.0,0,0.0
83628,10,1.64,0,0.0813
83629,9,11.51,0,0.7712
83630,10,12.58,0,0.6231
83631,10,0.0,0,0.0
83632,10,0.0,0,0.0
83633,10,0.53,0,0.3816
83634,10,1.2,0,0.2677
83635,10,0.0,0,0.0
83637,10,0.0,0,0.0
83638,10,0.0,0,0.0
83639,10,0.0,0,0.0
83640,10,0.0,0,0.0
83641,10,0.0,0,0.0
83642,10,0.01,0,0.0004
83643,9,11.28,0,0.77
83644,10,0.0,0,0.0
83646,10,0.0,0,0.0
83647,10,0.0,0,0.0
83648,10,0.0,0,0.0
83649,10,0.0,0,0.0
83650,10,0.0,0,0.0
83651,10,0.0,0,0.0
83652,10,0.0,0,0.0
83653,10,0.0,0,0.0
83654,10,0.0,0,0.0
83655,10,0.0,0,0.0
83656,10,0.0,0,0.0
83657,10,0.0,0,0.0
83658,10,0.13,0,0.0286
83659,10,0.55,0,0.0351
83660,10,0.0,0,0.0
83661,10,0.0,0,0.0
83662,10,0.0,0,0.0
83663,10,0.0,0,0.0
83664,10,0.0,0,0.0
83665,10,0.0,0,0.0
83666,10,0.0,0,0.0
83667,10,0.0,0,0.0
83668,10,0.0,0,0.0
83669,10,0.0,0,0.0
83670,10,0.0,0,0.0
83671,10,0.0,0,0.0
83672,10,0.0,0,0.0
83673,10,0.0,0,0.0
83674,10,0.0,0,0.0
83675,10,0.0,0,0.0
83676,10,0.0,0,0.0
83681,10,0.0,0,0.0
83683,10,0.0,0,0.0
83684,10,0.0,0,0.0
83685,10,0.0,0,0.0
83686,10,0.0,0,0.0
83687,10,0.0,0,0.0
83688,10,0.0,0,0.0
83689,10,0.0,0,0.0
83690,10,0.0,0,0.0
83691,10,0.0,0,0.0
83692,10,0.0,0,0.0
83693,10,0.0,0,0.0
83694,10,0.0,0,0.0
83695,10,0.0,0,0.0
83696,10,0.0,0,0.0
83697,10,0.0,0,0.0
83698,10,0.0,0,0.0
83699,10,0.0,0,0.0
83700,10,0.02,0,0.165
83701,10,0.0,0,0.0
83704,10,0.0,0,0.0
83705,10,0.0,0,0.0
83706,10,0.0,0,0.0
83707,10,0.0,0,0.0
84286,10,0.0,0,0.0
84287,10,0.0,0,0.0
84288,10,0.0,0,0.0
84290,10,0.0,0,0.0
84291,10,0.0,0,0.0
84294,10,0.0,0,0.0
84295,10,0.0,0,0.0
84296,10,0.0,0,0.0
84297,10,0.0,0,0.0
84298,10,0.0,0,0.0
84299,10,0.0,0,0.0
84300,10,0.0,0,0.0
84301,10,0.0,0,0.0
84302,10,0.0,0,0.0
84303,10,0.0,0,0.0
84304,10,0.0,0,0.0
84305,10,0.0,0,0.0
84306,10,0.0,0,0.0
84307,10,0.0,0,0.0
84308,10,0.0,0,0.0
84309,10,0.15,0,0.1386
84310,10,0.0,0,0.0
84311,10,0.0,0,0.0
84312,10,0.16,0,0.0208
84313,8,2.71,0,0.8337
84314,10,1.41,0,0.2387
84315,10,0.0,0,0.0
84316,10,0.0,0,0.0
84317,10,0.06,0,0.013
84318,10,0.0,0,0.0
84319,10,0.0,0,0.0
84320,10,0.0,0,0.0
84321,10,0.0,0,0.0
84322,10,0.0,0,0.0
84323,10,0.0,0,0.0
84324,10,0.0,0,0.0
84325,10,0.0,0,0.0
84326,10,0.01,0,0.0011
84327,10,0.0,0,0.0
84328,10,0.0,0,0.0
84329,10,0.0,0,0.0
84330,10,0.0,0,0.0
84331,10,0.0,0,0.0
84333,10,0.0,0,0.0
84334,10,0.0,0,0.0
84335,10,0.0,0,0.0
84337,10,0.0,0,0.0
84338,10,0.0,0,0.0
84339,10,0.0,0,0.0
84340,10,0.0,0,0.0
84341,10,0.0,0,0.0
84342,10,0.0,0,0.0
84343,10,0.0,0,0.0
84344,10,0.0,0,0.0
84345,10,0.0,0,0.0
84346,10,0.0,0,0.0
84347,10,0.0,0,0.0
84348,10,0.0,0,0.0
84349,10,0.0,0,0.0
84350,10,0.0,0,0.0
84351,10,0.0,0,0.0
84352,10,0.0,0,0.0
84353,10,0.0,0,0.0
84354,10,0.0,0,0.0
84355,10,0.0,0,0.0
84356,10,0.0,0,0.0
84357,10,0.0,0,0.0
84358,10,0.0,0,0.0
84359,10,0.0,0,0.0
84360,10,0.0,0,0.0
84361,10,0.0,0,0.0
84362,10,0.0,0,0.0
84365,10,0.0,0,0.0
84366,10,0.0,0,0.0
84368,10,0.0,0,0.0
84369,10,0.0,0,0.0
84370,10,0.0,0,0.0
84371,10,0.0,0,0.0
84372,10,0.0,0,0.0
84373,10,0.0,0,0.0
84374,10,0.0,0,0.0
84375,10,0.0,0,0.0
84376,10,0.0,0,0.0
84377,10,0.0,0,0.0
84378,10,0.0,0,0.0
84381,10,0.0,0,0.0
84382,10,0.0,0,0.0
84383,10,0.02,0,0.0162
84384,10,0.0,0,0.0
84385,10,0.0,0,0.0
84386,10,0.0,0,0.0
84387,10,0.0,0,0.0
84388,10,0.0,0,0.0
84389,10,0.0,0,0.0
84390,10,0.0,0,0.0
84391,10,0.0,0,0.0
84392,10,0.0,0,0.0
84393,10,0.0,0,0.0
84969,10,0.0,0,0.0
84970,10,0.0,0,0.0
84971,10,0.0,0,0.0
84972,10,0.0,0,0.0
84973,10,0.0,0,0.0
84974,10,0.0,0,0.0
84975,10,0.0,0,0.0
84978,10,0.0,0,0.0
84979,10,0.0,0,0.0
84980,10,0.0,0,0.0
84981,10,0.0,0,0.0
84982,10,0.0,0,0.0
84983,10,0.0,0,0.0
84984,10,0.0,0,0.0
84985,10,0.0,0,0.0
84986,10,0.0,0,0.0
84987,10,0.0,0,0.0
84988,10,0.0,0,0.0
84989,10,0.0,0,0.0
84990,10,0.0,0,0.0
84991,10,0.0,0,0.0
84992,10,0.08,0,0.1655
84993,10,0.79,0,0.5585
84994,10,0.0,0,0.0
84995,10,0.0,0,0.0
84996,10,0.0,0,0.0
84997,10,0.0,0,0.0
84998,10,0.0,0,0.0
84999,10,0.0,0,0.0
85000,10,0.0,0,0.0
85001,10,0.0,0,0.0
85002,10,0.0,0,0.0
85003,10,0.0,0,0.0
85004,10,0.0,0,0.0
85005,10,0.0,0,0.0
85008,10,0.0,0,0.0
85009,10,0.21,0,0.0502
85010,10,2.2,0,0.4597
85011,10,0.0,0,0.0
85012,10,0.0,0,0.0
85013,10,0.0,0,0.0
85014,10,0.0,0,0.0
85015,10,0.0,0,0.0
85017,10,0.0,0,0.0
85018,10,0.0,0,0.0
85020,10,0.0,0,0.0
85021,10,0.0,0,0.0
85022,10,0.0,0,0.0
85023,10,0.0,0,0.0
85024,10,0.0,0,0.0
85025,10,0.0,0,0.0
85026,10,0.0,0,0.0
85027,10,0.0,0,0.0
85028,10,0.0,0,0.0
85029,10,0.0,0,0.0
85030,10,0.0,0,0.0
85031,10,0.0,0,0.0
85032,10,0.0,0,0.0
85033,10,0.0,0,0.0
85034,10,0.0,0,0.0
85035,10,0.0,0,0.0
85036,10,0.0,0,0.0
85037,10,0.0,0,0.0
85038,10,0.0,0,0.0
85039,10,0.0,0,0.0
85040,10,0.0,0,0.0
85041,10,0.0,0,0.0
85042,10,0.0,0,0.0
85043,10,0.0,0,0.0
85044,10,0.0,0,0.0
85045,10,0.0,0,0.0
85049,10,0.0,0,0.0
85050,10,0.0,0,0.0
85051,10,0.0,0,0.0
85052,10,0.0,0,0.0
85053,10,0.0,0,0.0
85054,10,0.0,0,0.0
85055,10,0.0,0,0.0
85056,10,0.0,0,0.0
85057,10,0.0,0,0.0
85058,10,0.0,0,0.0
85059,10,0.0,0,0.0
85060,10,0.0,0,0.0
85061,10,0.0,0,0.0
85062,10,0.0,0,0.0
85063,10,0.0,0,0.0
85064,10,0.0,0,0.0
85065,10,0.0,0,0.0
85066,10,0.0,0,0.0
85067,10,0.0,0,0.0
85073,10,0.0,0,0.0
85074,10,0.0,0,0.0
85075,10,0.0,0,0.0
85076,10,0.0,0,0.0
85077,10,0.0,0,0.0
85653,10,0.0,0,0.0
85654,10,0.0,0,0.0
85655,10,0.0,0,0.0
85656,10,0.0,0,0.0
85657,10,0.0,0,0.0
85659,10,0.0,0,0.0
85660,10,0.0,0,0.0
85662,10,0.0,0,0.0
85663,10,0.0,0,0.0
85664,10,0.0,0,0.0
85665,10,0.0,0,0.0
85666,10,0.0,0,0.0
85667,10,0.0,0,0.0
85668,10,1.08,0,0.0478
85669,10,0.0,0,0.0
85670,10,0.0,0,0.0
85671,10,1.34,0,0.1616
85672,9,11.82,0,0.8165
85673,10,4.31,0,0.2015
85674,10,0.0,0,0.0
85675,10,0.0,0,0.0
85677,10,0.0,0,0.0
85678,10,0.0,0,0.0
85679,10,0.0,0,0.0
85680,10,0.0,0,0.0
85681,10,0.0,0,0.0
85682,10,2.04,0,0.2162
85683,10,4.07,0,0.2135
85684,10,0.0,0,0.0
85685,10,0.0,0,0.0
85686,10,0.0,0,0.0
85687,10,0.0,0,0.0
85688,10,0.0,0,0.0
85690,10,0.0,0,0.0
85691,10,0.0,0,0.0
85692,10,0.0,0,0.0
85693,10,0.0,0,0.0
85694,10,0.0,0,0.0
85695,10,0.97,0,0.385
85696,10,0.0,0,0.0
85697,10,0.0,0,0.0
85698,10,0.0,0,0.0
85701,10,0.0,0,0.0
85703,10,0.0,0,0.0
85704,10,0.0,0,0.0
85705,10,0.0,0,0.0
85706,10,0.0,0,0.0
85707,10,0.0,0,0.0
85708,10,0.0,0,0.0
85709,10,0.0,0,0.0
85710,10,0.0,0,0.0
85711,10,0.0,0,0.0
85712,10,0.0,0,0.0
85713,10,0.0,0,0.0
85714,10,0.0,0,0.0
85715,10,0.0,0,0.0
85716,10,0.0,0,0.0
85717,10,0.0,0,0.0
85718,10,0.0,0,0.0
85719,10,0.0,0,0.0
85720,10,0.0,0,0.0
85721,10,0.0,0,0.0
85722,10,0.0,0,0.0
85723,10,0.0,0,0.0
85724,10,0.0,0,0.0
85725,10,0.0,0,0.0
85726,10,0.0,0,0.0
85727,10,0.0,0,0.0
85728,10,0.0,0,0.0
85729,10,0.0,0,0.0
85730,10,0.0,0,0.0
85731,10,0.0,0,0.0
85733,10,0.0,0,0.0
85734,10,0.0,0,0.0
85735,10,0.0,0,0.0
85736,10,0.0,0,0.0
85737,10,0.0,0,0.0
85738,10,0.0,0,0.0
85739,10,0.0,0,0.0
85740,10,0.0,0,0.0
85741,10,0.0,0,0.0
85742,10,0.0,0,0.0
85743,10,0.0,0,0.0
85744,10,0.0,0,0.0
85745,10,0.0,0,0.0
85746,10,0.0,0,0.0
85747,10,0.0,0,0.0
85748,10,0.0,0,0.0
85750,10,0.0,0,0.0
85751,10,0.0,0,0.0
85755,10,0.0,0,0.0
85756,10,0.0,0,0.0
85759,10,0.0,0,0.0
85760,10,0.0,0,0.0
85761,10,0.0,0,0.0
86337,10,0.0,0,0.0
86338,10,0.0,0,0.0
86339,10,0.0,0,0.0
86340,10,0.0,0,0.0
86341,10,0.0,0,0.0
86343,10,0.0,0,0.0
86344,10,0.0,0,0.0
86345,10,0.0,0,0.0
86346,10,0.0,0,0.0
86347,10,0.0,0,0.0
86348,10,0.0,0,0.0
86349,10,0.0,0,0.0
86350,10,0.0,0,0.0
86351,10,0.01,0,0.0025
86352,10,4.05,0,0.0985
86353,10,0.0,0,0.0
86354,10,0.0,0,0.0
86355,10,0.0,0,0.0
86356,10,1.09,0,0.2146
86357,10,0.0,0,0.0
86358,10,0.0,0,0.0
86359,10,0.0,0,0.0
86360,10,0.0,0,0.0
86361,10,0.0,0,0.0
86362,10,0.0,0,0.0
86363,10,0.0,0,0.0
86364,10,0.0,0,0.0
86365,10,0.0,0,0.0
86366,10,1.32,0,0.4942
86367,10,2.06,0,0.3862
86368,10,0.0,0,0.0
86369,10,0.0,0,0.0
86370,10,0.0,0,0.0
86376,10,0.0,0,0.0
86377,10,0.0,0,0.0
86378,10,0.0,0,0.0
86379,10,0.0,0,0.0
86380,10,0.0,0,0.0
86381,10,0.0,0,0.0
86382,10,0.0,0,0.0
86383,10,0.0,0,0.0
86384,10,0.0,0,0.0
86387,10,0.0,0,0.0
86389,10,0.0,0,0.0
86390,10,0.0,0,0.0
86391,10,0.0,0,0.0
86392,10,0.0,0,0.0
86393,10,0.0,0,0.0
86394,10,0.0,0,0.0
86395,10,0.0,0,0.0
86396,10,0.0,0,0.0
86397,10,0.0,0,0.0
86398,10,0.0,0,0.0
86399,10,0.0,0,0.0
86400,10,0.0,0,0.0
86401,10,0.0,0,0.0
86402,10,0.0,0,0.0
86403,10,0.0,0,0.0
86404,10,1.65,0,0.0735
86405,10,0.41,0,0.0336
86406,10,0.0,0,0.0
86407,10,0.0,0,0.0
86408,10,0.0,0,0.0
86409,10,0.0,0,0.0
86410,10,0.0,0,0.0
86411,10,0.0,0,0.0
86412,10,0.0,0,0.0
86413,10,0.0,0,0.0
86414,10,0.0,0,0.0
86415,10,0.0,0,0.0
86416,10,0.0,0,0.0
86417,10,0.0,0,0.0
86418,10,0.0,0,0.0
86419,10,0.0,0,0.0
86420,10,0.0,0,0.0
86421,10,0.0,0,0.0
86422,10,0.0,0,0.0
86423,10,0.0,0,0.0
86424,10,0.0,0,0.0
86425,10,0.0,0,0.0
86426,10,0.0,0,0.0
86427,10,0.0,0,0.0
86428,10,0.0,0,0.0
86429,10,0.0,0,0.0
86430,10,0.0,0,0.0
86431,10,0.0,0,0.0
86432,10,0.0,0,0.0
86436,10,0.0,0,0.0
86437,10,0.0,0,0.0
86439,10,0.0,0,0.0
86440,10,0.0,0,0.0
86441,10,0.0,0,0.0
86443,10,0.0,0,0.0
86444,10,0.0,0,0.0
87021,10,0.0,0,0.0
87022,10,0.0,0,0.0
87023,10,0.0,0,0.0
87024,10,0.0,0,0.0
87025,10,0.0,0,0.0
87026,10,0.0,0,0.0
87028,10,0.0,0,0.0
87029,10,0.0,0,0.0
87030,10,0.0,0,0.0
87031,10,0.0,0,0.0
87032,10,0.0,0,0.0
87033,10,0.0,0,0.0
87034,10,0.0,0,0.0
87035,10,0.0,0,0.0
87036,10,0.0,0,0.0
87037,10,0.0,0,0.0
87038,10,0.0,0,0.0
87039,10,0.0,0,0.0
87040,10,0.0,0,0.0
87041,10,0.0,0,0.0
87042,10,0.0,0,0.0
87043,10,0.0,0,0.0
87044,10,0.0,0,0.0
87045,10,0.0,0,0.0
87046,10,0.0,0,0.0
87047,10,0.0,0,0.0
87048,10,0.0,0,0.0
87049,10,0.49,0,0.1159
87050,8,5.76,0,0.8394
87051,10,0.0,0,0.0
87052,10,0.71,0,0.0669
87053,10,1.8,0,0.2798
87054,10,0.0,0,0.0
87055,10,0.0,0,0.0
87058,10,0.0,0,0.0
87059,10,0.0,0,0.0
87060,8,2.82,0,0.9338
87061,10,0.0,0,0.0
87062,10,0.0,0,0.0
87063,10,0.0,0,0.0
87064,10,0.0,0,0.0
87065,10,0.0,0,0.0
87066,10,0.0,0,0.0
87067,10,0.94,0,0.4224
87068,10,0.33,0,0.2862
87069,10,0.0,0,0.0
87070,10,0.0,0,0.0
87071,10,0.0,0,0.0
87075,10,0.0,0,0.0
87077,10,0.0,0,0.0
87078,10,0.0,0,0.0
87079,10,0.0,0,0.0
87080,10,0.0,0,0.0
87081,10,0.0,0,0.0
87082,10,0.0,0,0.0
87083,10,0.0,0,0.0
87084,10,0.0,0,0.0
87085,10,0.0,0,0.0
87086,10,0.0,0,0.0
87087,10,0.0,0,0.0
87088,10,0.47,0,0.029
87089,10,0.06,0,0.0037
87090,10,0.0,0,0.0
87091,10,0.0,0,0.0
87092,10,0.0,0,0.0
87093,10,0.0,0,0.0
87094,10,0.0,0,0.0
87095,10,0.0,0,0.0
87096,10,0.0,0,0.0
87097,10,0.0,0,0.0
87098,10,0.0,0,0.0
87099,10,0.0,0,0.0
87100,10,0.0,0,0.0
87101,10,0.0,0,0.0
87102,10,0.0,0,0.0
87103,10,0.0,0,0.0
87104,10,0.0,0,0.0
87105,10,0.0,0,0.0
87106,10,0.0,0,0.0
87107,10,0.0,0,0.0
87108,10,0.0,0,0.0
87109,10,0.0,0,0.0
87110,10,0.0,0,0.0
87111,10,0.0,0,0.0
87112,10,0.0,0,0.0
87113,10,0.0,0,0.0
87114,10,0.0,0,0.0
87115,10,0.0,0,0.0
87116,10,0.0,0,0.0
87704,10,0.0,0,0.0
87705,10,0.0,0,0.0
87706,10,0.0,0,0.0
87707,10,0.0,0,0.0
87708,10,0.0,0,0.0
87709,10,0.0,0,0.0
87710,10,0.0,0,0.0
87711,10,0.0,0,0.0
87713,10,0.0,0,0.0
87714,10,0.0,0,0.0
87715,10,0.0,0,0.0
87716,10,0.0,0,0.0
87717,10,0.0,0,0.0
87718,10,0.0,0,0.0
87719,10,0.0,0,0.0
87720,10,0.0,0,0.0
87721,10,0.0,0,0.0
87722,10,0.0,0,0.0
87723,10,0.0,0,0.0
87724,10,2.48,0,0.124
87725,10,0.0,0,0.0
87726,10,0.0,0,0.0
87727,10,0.0,0,0.0
87728,10,2.22,0,0.2396
87729,10,8.66,0,0.4413
87730,10,9.02,0,0.2921
87731,10,5.26,0,0.2168
87732,10,0.0,0,0.0
87733,10,0.58,0,0.1239
87734,8,13.82,0,0.8892
87735,10,2.69,0,0.2059
87736,10,10.05,0,0.4454
87737,10,0.01,0,0.0174
87738,10,0.0,0,0.0
87739,10,0.0,0,0.0
87741,10,0.0,0,0.0
87742,10,0.0,0,0.0
87744,10,1.03,0,0.1192
87745,10,0.0,0,0.0
87746,10,0.0,0,0.0
87747,10,0.0,0,0.0
87748,10,0.0,0,0.0
87749,10,0.0,0,0.0
87750,10,0.0,0,0.0
87751,10,1.62,0,0.1312
87752,10,2.29,0,0.1732
87753,10,0.0,0,0.0
87754,10,0.0,0,0.0
87755,10,0.0,0,0.0
87758,10,0.0,0,0.0
87759,10,0.0,0,0.0
87760,10,0.0,0,0.0
87762,10,0.0,0,0.0
87763,10,0.0,0,0.0
87764,10,0.0,0,0.0
87765,10,0.0,0,0.0
87766,10,0.0,0,0.0
87767,10,0.0,0,0.0
87768,10,0.0,0,0.0
87769,10,0.0,0,0.0
87770,10,0.0,0,0.0
87771,10,0.0,0,0.0
87772,10,0.0,0,0.0
87773,10,0.0,0,0.0
87774,10,0.0,0,0.0
87775,10,0.0,0,0.0
87776,10,0.0,0,0.0
87777,10,0.0,0,0.0
87778,10,0.0,0,0.0
87779,10,0.0,0,0.0
87780,10,0.0,0,0.0
87781,10,0.0,0,0.0
87782,10,0.0,0,0.0
87783,10,0.0,0,0.0
87784,10,0.0,0,0.0
87785,10,0.0,0,0.0
87786,10,0.0,0,0.0
87787,10,0.0,0,0.0
87788,10,0.0,0,0.0
87789,10,0.0,0,0.0
87790,10,0.0,0,0.0
87791,10,0.0,0,0.0
87792,10,0.0,0,0.0
87793,10,0.0,0,0.0
87794,10,0.0,0,0.0
87795,10,0.0,0,0.0
87796,10,0.0,0,0.0
87797,10,0.0,0,0.0
87798,10,0.0,0,0.0
87799,10,0.0,0,0.0
87800,10,0.0,0,0.0
87801,10,0.0,0,0.0
87802,10,0.0,0,0.0
87807,10,0.0,0,0.0
87808,10,0.0,0,0.0
88386,10,0.0,0,0.0
88387,10,0.0,0,0.0
88388,10,0.0,0,0.0
88389,10,0.0,0,0.0
88390,10,0.0,0,0.0
88391,10,0.0,0,0.0
88392,10,0.0,0,0.0
88393,10,0.0,0,0.0
88394,10,0.0,0,0.0
88395,10,0.0,0,0.0
88397,10,0.0,0,0.0
88398,10,0.0,0,0.0
88399,10,0.0,0,0.0
88400,10,0.0,0,0.0
88401,10,0.0,0,0.0
88402,10,0.0,0,0.0
88403,10,0.0,0,0.0
88404,10,0.31,0,0.04
88405,10,0.0,0,0.0
88406,10,0.0,0,0.0
88407,10,0.0,0,0.0
88408,10,5.24,0,0.3631
88409,10,6.2,0,0.1565
88410,10,2.86,0,0.1136
88411,10,0.0,0,0.0
88412,10,0.0,0,0.0
88413,10,2.43,0,0.2027
88414,10,0.1,0,0.0047
88415,10,0.03,0,0.0034
88416,10,0.0,0,0.0
88417,10,0.07,0,0.0089
88418,8,6.2,0,0.8893
88419,10,2.34,0,0.0857
88420,10,13.86,0,0.5495
88421,10,0.45,0,0.3225
88422,10,0.0,0,0.0
88423,10,0.0,0,0.0
88424,10,0.0,0,0.0
88426,10,0.0,0,0.0
88427,10,0.59,0,0.0597
88428,10,0.55,0,0.6012
88429,10,3.38,0,0.5461
88430,10,0.04,0,0.0199
88431,10,1.9,0,0.2541
88432,10,2.42,0,0.3123
88433,10,0.0,0,0.0
88434,10,0.0,0,0.0
88435,10,0.0,0,0.0
88436,10,0.0,0,0.0
88437,10,0.0,0,0.0
88438,10,0.0,0,0.0
88439,10,0.0,0,0.0
88440,10,0.0,0,0.0
88441,10,0.0,0,0.0
88443,10,0.0,0,0.0
88444,10,0.0,0,0.0
88445,10,0.0,0,0.0
88446,10,0.0,0,0.0
88447,10,0.0,0,0.0
88448,10,0.0,0,0.0
88449,10,0.0,0,0.0
88450,10,0.0,0,0.0
88451,10,0.0,0,0.0
88452,10,0.0,0,0.0
88453,10,0.0,0,0.0
88454,10,0.0,0,0.0
88455,10,0.0,0,0.0
88456,10,0.0,0,0.0
88457,10,0.0,0,0.0
88458,10,0.0,0,0.0
88459,10,0.0,0,0.0
88460,10,0.0,0,0.0
88461,10,0.0,0,0.0
88462,10,0.0,0,0.0
88463,10,0.0,0,0.0
88464,10,0.0,0,0.0
88465,10,0.0,0,0.0
88466,10,0.0,0,0.0
88467,10,0.0,0,0.0
88468,10,0.0,0,0.0
88469,10,0.0,0,0.0
88470,10,0.0,0,0.0
88471,10,0.0,0,0.0
88472,10,0.0,0,0.0
88473,10,0.0,0,0.0
88474,10,0.0,0,0.0
88475,10,0.0,0,0.0
88476,10,0.0,0,0.0
88477,10,0.0,0,0.0
88478,10,0.0,0,0.0
88479,10,0.0,0,0.0
88480,10,0.0,0,0.0
88481,10,0.0,0,0.0
88482,10,0.0,0,0.0
88483,10,0.0,0,0.0
88484,10,0.0,0,0.0
88485,10,0.0,0,0.0
88486,10,0.0,0,0.0
88491,10,0.0,0,0.0
88492,10,0.0,0,0.0
89070,10,0.0,0,0.0
89071,10,0.0,0,0.0
89072,10,0.0,0,0.0
89073,10,0.0,0,0.0
89074,10,0.0,0,0.0
89075,10,0.0,0,0.0
89076,10,0.0,0,0.0
89077,10,0.0,0,0.0
89078,10,0.0,0,0.0
89079,10,0.0,0,0.0
89080,10,0.0,0,0.0
89081,10,0.0,0,0.0
89082,10,0.0,0,0.0
89083,10,0.0,0,0.0
89084,10,0.0,0,0.0
89085,10,0.0,0,0.0
89086,10,0.0,0,0.0
89087,10,0.09,0,0.0065
89088,10,22.31,0,0.4513
89089,10,0.0,0,0.0
89090,10,0.0,0,0.0
89091,10,0.0,0,0.0
89092,10,0.29,0,0.0177
89093,10,0.09,0,0.003
89094,10,7.24,0,0.6281
89095,10,2.13,0,0.1314
89096,10,0.0,0,0.0
89097,10,0.0,0,0.0
89098,10,1.87,0,0.1567
89099,10,2.77,0,0.4191
89100,10,0.0,0,0.0
89101,10,1.56,0,0.2256
89102,10,2.59,0,0.4772
89103,10,0.0,0,0.0
89104,10,0.02,0,0.0034
89105,10,0.0,0,0.0
89106,10,0.0,0,0.0
89107,10,0.0,0,0.0
89108,10,0.0,0,0.0
89109,10,0.0,0,0.0
89110,10,0.0,0,0.0
89111,10,0.0,0,0.0
89112,10,0.0,0,0.0
89113,10,1.23,0,0.1713
89114,10,0.06,0,0.0277
89115,10,4.39,0,0.7024
89116,9,8.55,0,0.7749
89117,10,0.0,0,0.0
89118,10,0.0,0,0.0
89119,10,0.0,0,0.0
89120,10,0.0,0,0.0
89122,10,0.0,0,0.0
89123,10,0.0,0,0.0
89125,10,0.0,0,0.0
89126,10,0.0,0,0.0
89127,10,0.0,0,0.0
89128,10,0.0,0,0.0
89129,10,0.0,0,0.0
89130,10,0.0,0,0.0
89131,10,0.0,0,0.0
89132,10,0.0,0,0.0
89133,10,0.0,0,0.0
89134,10,0.0,0,0.0
89135,10,0.0,0,0.0
89136,10,0.0,0,0.0
89137,10,0.0,0,0.0
89138,10,0.0,0,0.0
89139,10,0.0,0,0.0
89140,10,0.0,0,0.0
89141,10,0.0,0,0.0
89142,10,0.0,0,0.0
89143,10,0.0,0,0.0
89144,10,0.0,0,0.0
89145,10,0.0,0,0.0
89146,10,0.0,0,0.0
89147,10,0.0,0,0.0
89148,10,0.0,0,0.0
89149,10,0.0,0,0.0
89150,10,0.0,0,0.0
89151,10,0.0,0,0.0
89152,10,0.0,0,0.0
89153,10,0.0,0,0.0
89154,10,3.62,0,0.172
89155,10,0.0,0,0.0
89156,10,0.0,0,0.0
89157,10,0.0,0,0.0
89158,10,0.0,0,0.0
89159,10,0.0,0,0.0
89160,10,0.0,0,0.0
89161,10,0.0,0,0.0
89162,10,0.0,0,0.0
89163,10,0.0,0,0.0
89164,10,0.0,0,0.0
89165,10,0.0,0,0.0
89166,10,0.0,0,0.0
89167,10,0.0,0,0.0
89168,10,0.0,0,0.0
89175,10,0.0,0,0.0
89176,10,0.0,0,0.0
89754,10,0.0,0,0.0
89755,10,0.0,0,0.0
89756,10,0.0,0,0.0
89757,10,0.0,0,0.0
89758,10,0.0,0,0.0
89759,10,0.0,0,0.0
89760,10,0.0,0,0.0
89761,10,0.0,0,0.0
89762,10,0.0,0,0.0
89763,10,0.0,0,0.0
89764,10,0.0,0,0.0
89765,10,0.0,0,0.0
89766,10,0.0,0,0.0
89767,10,0.0,0,0.0
89768,10,0.0,0,0.0
89769,10,0.0,0,0.0
89770,10,0.0,0,0.0
89771,10,0.0,0,0.0
89772,10,0.0,0,0.0
89773,10,0.0,0,0.0
89774,10,0.0,0,0.0
89775,10,0.0,0,0.0
89776,10,4.94,0,0.3778
89777,10,10.58,0,0.2721
89778,10,9.43,0,0.4476
89779,10,1.83,0,0.0912
89780,10,0.0,0,0.0
89781,10,0.0,0,0.0
89782,10,6.06,0,0.5867
89783,10,5.24,0,0.7061
89784,10,0.41,0,0.1234
89785,6,8.63,0,0.9451
89786,7,0.82,0,0.8386
89787,10,0.0,0,0.0
89788,10,0.0,0,0.0
89789,10,0.0,0,0.0
89793,10,0.0,0,0.0
89794,10,0.0,0,0.0
89795,10,0.0,0,0.0
89796,10,0.0,0,0.0
89797,10,1.01,0,0.4101
89798,10,3.42,0,0.3625
89799,10,6.28,0,0.2442
89800,10,6.0,0,0.301
89801,10,0.0,0,0.0
89802,10,0.0,0,0.0
89803,10,0.0,0,0.0
89804,10,0.0,0,0.0
89805,10,0.0,0,0.0
89806,10,0.0,0,0.0
89807,10,0.0,0,0.0
89808,10,0.0,0,0.0
89809,10,0.0,0,0.0
89810,10,0.0,0,0.0
89811,10,0.0,0,0.0
89812,10,0.0,0,0.0
89813,10,0.0,0,0.0
89814,10,0.0,0,0.0
89815,10,0.0,0,0.0
89816,10,0.0,0,0.0
89817,10,0.0,0,0.0
89818,10,0.0,0,0.0
89819,10,0.0,0,0.0
89820,10,0.0,0,0.0
89821,10,0.0,0,0.0
89822,10,0.0,0,0.0
89823,10,0.0,0,0.0
89824,10,0.0,0,0.0
89825,10,0.0,0,0.0
89826,10,0.0,0,0.0
89827,10,0.0,0,0.0
89828,10,0.0,0,0.0
89829,10,0.0,0,0.0
89830,10,0.0,0,0.0
89831,10,0.0,0,0.0
89832,10,0.0,0,0.0
89833,10,0.0,0,0.0
89834,10,0.0,0,0.0
89835,10,0.0,0,0.0
89836,10,0.0,0,0.0
89837,10,0.0,0,0.0
89838,10,0.0,0,0.0
89839,10,0.0,0,0.0
89840,10,0.0,0,0.0
89841,10,0.0,0,0.0
89842,10,0.0,0,0.0
89843,10,0.0,0,0.0
89844,10,0.0,0,0.0
89845,10,0.0,0,0.0
89846,10,0.0,0,0.0
89847,10,0.0,0,0.0
89848,10,0.0,0,0.0
89849,10,0.0,0,0.0
89850,10,0.0,0,0.0
89851,10,0.0,0,0.0
89852,10,0.0,0,0.0
89860,10,0.0,0,0.0
90437,10,0.0,0,0.0
90438,10,0.0,0,0.0
90439,10,0.0,0,0.0
90440,10,0.0,0,0.0
90441,10,0.0,0,0.0
90442,10,0.0,0,0.0
90443,10,0.0,0,0.0
90444,10,0.0,0,0.0
90445,10,0.0,0,0.0
90446,10,0.0,0,0.0
90447,10,0.0,0,0.0
90448,10,0.0,0,0.0
90449,10,0.0,0,0.0
90450,10,0.0,0,0.0
90451,10,0.0,0,0.0
90452,10,0.0,0,0.0
90453,10,0.0,0,0.0
90454,10,0.0,0,0.0
90455,10,0.0,0,0.0
90456,10,0.0,0,0.0
90457,10,0.0,0,0.0
90458,10,0.0,0,0.0
90459,10,0.0,0,0.0
90460,10,2.06,0,0.4155
90461,10,0.52,0,0.0494
90462,10,0.0,0,0.0
90463,10,0.0,0,0.0
90464,10,0.0,0,0.0
90465,10,0.0,0,0.0
90466,10,0.0,0,0.0
90467,10,1.73,0,0.2469
90468,10,0.0,0,0.0
90469,10,3.15,0,0.5866
90470,7,18.11,0,0.8591
90471,10,0.0,0,0.0
90472,10,0.0,0,0.0
90473,10,0.0,0,0.0
90474,10,0.0,0,0.0
90477,10,0.0,0,0.0
90478,10,6.93,0,0.2246
90479,10,0.16,0,0.0642
90480,10,0.0,0,0.0
90481,10,0.51,0,0.4602
90482,10,4.86,0,0.258
90483,10,0.0,0,0.0
90484,10,0.0,0,0.0
90485,10,0.0,0,0.0
90486,10,0.0,0,0.0
90487,10,0.0,0,0.0
90488,10,0.0,0,0.0
90489,10,0.0,0,0.0
90490,10,0.0,0,0.0
90492,10,0.0,0,0.0
90493,10,0.0,0,0.0
90494,10,0.0,0,0.0
90495,10,0.0,0,0.0
90496,10,0.0,0,0.0
90497,10,0.0,0,0.0
90498,10,0.0,0,0.0
90499,10,0.0,0,0.0
90500,10,0.0,0,0.0
90501,10,0.0,0,0.0
90502,10,0.0,0,0.0
90503,10,0.0,0,0.0
90504,10,0.0,0,0.0
90505,10,0.0,0,0.0
90506,10,0.0,0,0.0
90507,10,0.0,0,0.0
90508,10,0.0,0,0.0
90509,10,0.0,0,0.0
90510,10,0.0,0,0.0
90511,10,0.0,0,0.0
90512,10,0.0,0,0.0
90513,10,0.0,0,0.0
90514,10,0.0,0,0.0
90515,10,0.0,0,0.0
90516,10,0.0,0,0.0
90517,10,0.0,0,0.0
90518,10,0.0,0,0.0
90519,10,0.0,0,0.0
90520,10,0.0,0,0.0
90521,10,0.0,0,0.0
90522,10,0.0,0,0.0
90523,10,0.0,0,0.0
90524,10,0.0,0,0.0
90525,10,3.27,0,0.0801
90526,10,1.09,0,0.0504
90527,10,0.0,0,0.0
90528,10,0.0,0,0.0
90529,10,0.0,0,0.0
90530,10,0.0,0,0.0
90531,10,0.0,0,0.0
90532,10,0.0,0,0.0
90533,10,0.0,0,0.0
90534,10,0.0,0,0.0
90535,10,0.0,0,0.0
90536,10,0.0,0,0.0
91122,10,0.0,0,0.0
91123,10,0.0,0,0.0
91124,10,0.0,0,0.0
91125,10,0.0,0,0.0
91126,10,0.0,0,0.0
91127,10,0.0,0,0.0
91128,10,0.0,0,0.0
91129,10,0.0,0,0.0
91130,10,0.0,0,0.0
91131,10,0.0,0,0.0
91132,10,0.0,0,0.0
91133,10,0.0,0,0.0
91134,10,0.0,0,0.0
91135,10,0.0,0,0.0
91136,10,0.0,0,0.0
91137,10,0.0,0,0.0
91138,10,0.0,0,0.0
91139,10,0.0,0,0.0
91140,10,0.0,0,0.0
91141,10,0.0,0,0.0
91142,10,0.0,0,0.0
91143,10,0.0,0,0.0
91144,10,0.0,0,0.0
91145,10,0.0,0,0.0
91146,10,0.0,0,0.0
91147,10,0.0,0,0.0
91148,10,0.0,0,0.0
91149,10,0.0,0,0.0
91150,10,0.0,0,0.0
91151,10,0.0,0,0.0
91152,10,0.0,0,0.0
91153,10,0.0,0,0.0
91154,10,0.08,0,0.0107
91155,10,0.0,0,0.0
91156,10,0.0,0,0.0
91157,10,0.0,0,0.0
91158,10,0.0,0,0.0
91161,8,1.11,0,0.9212
91162,7,0.45,0,0.945
91163,8,0.09,0,0.945
91164,10,0.0,0,0.0
91165,10,0.0,0,0.0
91166,10,0.18,0,0.0379
91167,10,1.26,0,0.0378
91168,10,0.0,0,0.0
91169,10,0.0,0,0.0
91170,10,0.0,0,0.0
91171,10,0.0,0,0.0
91172,10,0.0,0,0.0
91173,10,0.0,0,0.0
91174,10,0.0,0,0.0
91175,10,0.0,0,0.0
91176,10,0.0,0,0.0
91177,10,0.0,0,0.0
91178,10,0.0,0,0.0
91179,10,0.0,0,0.0
91180,10,0.0,0,0.0
91181,10,0.0,0,0.0
91182,10,0.0,0,0.0
91183,10,0.53,0,0.3214
91184,10,0.09,0,0.1026
91185,10,0.0,0,0.0
91186,10,0.0,0,0.0
91187,10,0.0,0,0.0
91188,10,0.0,0,0.0
91189,10,0.0,0,0.0
91190,10,0.0,0,0.0
91191,10,0.0,0,0.0
91192,10,0.0,0,0.0
91193,10,2.04,0,0.2761
91194,10,0.0,0,0.0
91195,10,5.85,0,0.2961
91196,10,0.0,0,0.0
91197,10,0.0,0,0.0
91198,10,0.0,0,0.0
91199,10,0.0,0,0.0
91200,10,7.08,0,0.4797
91201,10,0.89,0,0.0635
91202,10,2.27,0,0.2247
91203,10,1.08,0,0.045
91204,10,0.0,0,0.0
91205,10,0.0,0,0.0
91206,10,0.0,0,0.0
91207,10,0.0,0,0.0
91208,10,0.0,0,0.0
91209,10,3.03,0,0.1162
91210,10,0.0,0,0.0001
91211,10,0.07,0,0.0034
91212,10,0.0,0,0.0
91213,10,0.0,0,0.0
91214,10,0.0,0,0.0
91215,10,0.0,0,0.0
91216,10,0.0,0,0.0
91217,10,0.0,0,0.0
91807,10,0.0,0,0.0
91808,10,0.0,0,0.0
91809,10,0.0,0,0.0
91810,10,0.0,0,0.0
91811,10,0.0,0,0.0
91812,10,0.0,0,0.0
91813,10,0.0,0,0.0
91814,10,0.0,0,0.0
91815,10,0.0,0,0.0
91816,10,0.0,0,0.0
91817,10,0.0,0,0.0
91818,10,0.0,0,0.0
91819,10,0.0,0,0.0
91820,10,0.0,0,0.0
91821,10,0.0,0,0.0
91822,10,0.0,0,0.0
91823,10,0.0,0,0.0
91824,10,0.0,0,0.0
91825,10,0.0,0,0.0
91826,10,0.0,0,0.0
91827,10,0.0,0,0.0
91828,10,0.0,0,0.0
91829,10,0.0,0,0.0
91830,10,0.0,0,0.0
91831,10,0.0,0,0.0
91832,10,0.0,0,0.0
91833,10,0.0,0,0.0
91834,10,0.0,0,0.0
91835,10,0.0,0,0.0
91836,10,0.0,0,0.0
91837,10,0.0,0,0.0
91838,10,0.0,0,0.0
91839,10,0.0,0,0.0
91840,10,0.0,0,0.0
91841,10,0.0,0,0.0
91842,10,0.0,0,0.0
91845,8,0.09,0,0.945
91847,10,0.01,0,0.016
91848,10,0.0,0,0.0
91849,10,0.0,0,0.0
91850,10,15.23,0,0.5957
91851,10,30.02,0,0.4352
91852,10,0.0,0,0.0
91853,10,0.0,0,0.0
91854,10,0.0,0,0.0
91855,10,0.0,0,0.0005
91856,10,1.39,0,0.1111
91857,10,0.0,0,0.0
91858,10,0.0,0,0.0
91859,10,0.0,0,0.0
91860,10,0.0,0,0.0
91861,10,0.0,0,0.0
91862,10,0.0,0,0.0
91863,10,0.0,0,0.0
91864,10,0.0,0,0.0
91865,10,0.0,0,0.0
91866,10,0.0,0,0.0
91867,10,0.0,0,0.0
91868,10,3.61,0,0.6141
91869,10,2.47,0,0.0947
91870,10,0.0,0,0.0
91871,10,0.0,0,0.0
91872,10,0.0,0,0.0
91873,10,0.0,0,0.0
91874,10,0.0,0,0.0
91875,10,0.0,0,0.0
91876,9,1.89,0,0.8251
91877,9,7.04,0,0.7689
91878,10,0.0,0,0.0
91879,10,1.13,0,0.0699
91880,10,0.0,0,0.0
91881,10,2.65,0,0.4229
91882,10,0.0,0,0.0
91883,10,0.0,0,0.0
91884,10,10.58,0,0.409
91885,10,0.92,0,0.0329
91886,10,12.19,0,0.3582
91887,10,2.94,0,0.1022
91888,10,0.0,0,0.0
91889,10,0.0,0,0.0
91890,10,0.0,0,0.0
91891,10,0.0,0,0.0
91892,10,0.0,0,0.0
91893,10,0.0,0,0.0
91894,10,3.03,0,0.2434
91895,10,1.54,0,0.0989
91896,10,2.02,0,0.0921
91897,10,0.0,0,0.0
91898,10,0.0,0,0.0
91899,10,0.0,0,0.0
91900,10,0.0,0,0.0
91901,10,0.0,0,0.0
92491,10,0.0,0,0.0
92492,10,0.0,0,0.0
92493,10,0.0,0,0.0
92494,10,0.0,0,0.0
92495,10,0.0,0,0.0
92496,10,0.0,0,0.0
92497,10,0.0,0,0.0
92498,10,0.0,0,0.0
92499,10,0.0,0,0.0
92500,10,0.07,0,0.0008
92501,10,0.0,0,0.0
92502,10,0.0,0,0.0
92503,10,0.0,0,0.0
92504,10,0.0,0,0.0
92505,10,0.0,0,0.0
92506,10,0.0,0,0.0
92507,10,0.0,0,0.0
92508,10,0.0,0,0.0
92509,10,0.3,0,0.0276
92510,10,0.0,0,0.0
92511,10,0.0,0,0.0
92512,10,0.0,0,0.0
92513,10,0.0,0,0.0
92514,10,0.0,0,0.0
92515,10,0.0,0,0.0
92516,10,0.0,0,0.0
92517,10,0.0,0,0.0
92518,10,0.0,0,0.0
92519,10,0.0,0,0.0
92520,10,0.0,0,0.0
92521,10,0.0,0,0.0
92522,10,0.0,0,0.0
92523,10,0.0,0,0.0
92524,10,0.05,0,0.1046
92525,10,0.0,0,0.0
92526,10,0.0,0,0.0
92529,10,0.01,0,0.0493
92531,10,0.02,0,0.1697
92532,10,0.0,0,0.0
92533,10,0.0,0,0.0
92534,10,0.07,0,0.0015
92535,10,0.0,0,0.0
92536,10,0.0,0,0.0
92537,10,0.0,0,0.0
92538,10,0.0,0,0.0
92539,10,0.57,0,0.0328
92540,10,1.95,0,0.2804
92541,10,0.0,0,0.0
92542,10,0.0,0,0.0
92543,10,0.0,0,0.0
92544,10,0.0,0,0.0
92545,10,0.0,0,0.0
92546,10,0.0,0,0.0
92547,10,0.0,0,0.0
92548,10,0.0,0,0.0
92549,10,0.84,0,0.0697
92550,10,0.0,0,0.0
92551,10,0.0,0,0.0
92552,10,2.24,0,0.1571
92553,10,0.05,0,0.0054
92554,10,0.0,0,0.0
92555,10,0.0,0,0.0
92556,10,0.0,0,0.0
92557,10,0.0,0,0.0
92558,10,0.0,0,0.0
92559,10,0.32,0,0.0833
92560,9,4.59,0,0.7195
92561,10,0.0,0,0.0
92562,10,0.0,0,0.0
92563,10,0.0,0,0.0
92564,10,0.2,0,0.0804
92565,10,2.9,0,0.3507
92566,10,0.0,0,0.0
92567,10,0.06,0,0.0014
92568,10,0.0,0,0.0
92569,10,0.0,0,0.0
92570,10,0.0,0,0.0
92571,10,0.0,0,0.0
92572,10,0.0,0,0.0
92573,10,0.0,0,0.0
92574,10,0.0,0,0.0
92575,10,0.0,0,0.0
92576,10,0.0,0,0.0
92577,10,0.0,0,0.0
92578,10,4.42,0,0.2977
92579,10,0.0,0,0.0
92580,10,7.82,0,0.2889
92581,10,4.79,0,0.1705
92582,10,0.0,0,0.0
92583,10,0.0,0,0.0
92584,10,0.0,0,0.0
92585,10,0.0,0,0.0
92611,10,0.0,0,0.0
92615,10,0.0,0,0.0
92616,10,0.0,0,0.0
92617,10,0.0,0,0.0
93175,10,0.0,0,0.0
93176,10,0.0,0,0.0
93177,10,0.0,0,0.0
93178,10,0.0,0,0.0
93179,10,0.0,0,0.0
93180,10,0.0,0,0.0
93183,10,0.0,0,0.0
93184,10,14.75,0,0.2342
93185,10,0.0,0,0.0
93186,10,0.0,0,0.0
93187,10,0.0,0,0.0
93188,10,0.0,0,0.0
93189,10,0.0,0,0.0
93190,10,0.0,0,0.0
93191,10,0.0,0,0.0
93192,10,0.0,0,0.0
93193,10,0.62,0,0.3623
93194,8,0.35,0,0.945
93195,10,0.0,0,0.0
93196,10,0.0,0,0.0
93197,10,0.0,0,0.0
93198,10,0.0,0,0.0
93199,10,0.0,0,0.0
93200,10,0.0,0,0.0
93201,10,0.0,0,0.0
93202,10,0.0,0,0.0
93203,10,0.0,0,0.0
93204,10,0.0,0,0.0
93205,10,0.0,0,0.0
93206,10,0.0,0,0.0
93207,10,0.0,0,0.0
93208,7,3.57,0,0.9359
93209,10,0.27,0,0.3374
93210,10,8.55,0,0.6048
93215,10,0.0,0,0.0
93216,10,0.0,0,0.0
93217,10,0.0,0,0.0
93218,10,12.36,0,0.1854
93219,10,5.23,0,0.0577
93220,10,0.0,0,0.0
93221,10,0.0,0,0.0
93222,10,15.16,0,0.608
93223,10,27.56,0,0.458
93224,10,0.0,0,0.0
93225,10,0.0,0,0.0
93226,10,0.0,0,0.0
93227,10,0.0,0,0.0
93228,10,0.0,0,0.0
93229,10,0.0,0,0.0
93230,10,0.0,0,0.0
93231,10,0.0,0,0.0
93232,10,0.0,0,0.0
93233,10,4.58,0,0.3391
93234,10,0.0,0,0.0
93235,10,0.0,0,0.0
93236,10,0.0,0,0.0
93237,10,0.0,0,0.0
93238,10,0.0,0,0.0
93239,10,0.0,0,0.0
93240,8,3.22,0,0.8597
93241,10,1.08,0,0.1461
93242,10,0.0,0,0.0
93243,10,0.0,0,0.0
93244,10,0.0,0,0.0
93245,10,0.0,0,0.0
93246,10,0.0,0,0.0
93247,10,0.0,0,0.0
93248,10,0.0,0,0.0
93249,10,0.0,0,0.0
93250,10,0.0,0,0.0
93251,10,4.73,0,0.1143
93252,10,17.48,0,0.4905
93253,10,0.79,0,0.0219
93254,10,0.0,0,0.0
93255,10,0.0,0,0.0
93256,10,0.0,0,0.0
93257,10,0.0,0,0.0
93258,10,0.0,0,0.0
93259,10,0.0,0,0.0
93260,10,0.0,0,0.0
93261,10,0.0,0,0.0
93262,10,4.08,0,0.2256
93263,10,0.0,0,0.0
93264,10,0.0,0,0.0
93265,10,0.0,0,0.0
93266,10,0.0,0,0.0
93295,10,0.0,0,0.0
93299,10,0.0,0,0.0
93300,10,0.0,0,0.0
93301,10,0.0,0,0.0
93860,10,0.0,0,0.0
93861,10,0.0,0,0.0
93862,10,0.0,0,0.0
93863,10,0.0,0,0.0
93864,10,0.0,0,0.0
93865,10,0.0,0,0.0
93867,10,0.0,0,0.0
93868,10,0.0,0,0.0
93869,10,0.0,0,0.0
93870,10,0.0,0,0.0
93871,10,0.0,0,0.0
93872,10,0.0,0,0.0
93873,10,0.0,0,0.0
93874,10,0.0,0,0.0
93875,10,0.0,0,0.0
93876,10,0.0,0,0.0
93877,10,2.51,0,0.1685
93878,10,1.76,0,0.107
93879,10,0.72,0,0.0838
93880,10,0.0,0,0.0
93881,10,0.0,0,0.0
93882,10,0.0,0,0.0
93883,10,0.0,0,0.0
93884,10,0.0,0,0.0
93885,10,0.0,0,0.0
93886,10,1.36,0,0.2431
93887,10,0.25,0,0.0527
93888,10,0.0,0,0.0
93889,10,0.0,0,0.0
93891,10,0.0,0,0.0
93892,10,5.23,0,0.4524
93893,8,1.51,0,0.8784
93894,9,2.34,0,0.6946
93895,10,0.93,0,0.6369
93896,10,0.34,0,0.0285
93897,10,0.0,0,0.0
93898,10,0.0,0,0.0
93899,10,0.0,0,0.0
93900,10,0.0,0,0.0
93901,10,0.0,0,0.0
93902,10,27.61,0,0.4222
93903,10,8.83,0,0.1495
93904,10,0.0,0,0.0
93905,10,0.54,0,0.0161
93906,9,31.59,0,0.8524
93907,10,43.1,0,0.7532
93908,10,0.82,0,0.0306
93909,10,1.63,0,0.079
93910,10,4.12,0,0.1747
93911,10,0.0,0,0.0
93912,10,1.7,0,0.1932
93913,10,1.47,0,0.0812
93914,10,0.0,0,0.0
93915,10,0.0,0,0.0
93916,10,0.0,0,0.0
93917,10,0.0,0,0.0
93918,10,0.0,0,0.0
93919,10,0.0,0,0.0
93920,10,0.0,0,0.0
93921,10,0.0,0,0.0
93922,10,0.0,0,0.0
93923,10,0.0,0,0.0
93924,10,0.0,0,0.0007
93925,10,0.74,0,0.0378
93926,10,0.0,0,0.0
93927,10,0.0,0,0.0
93928,10,0.0,0,0.0
93929,10,0.0,0,0.0
93930,10,0.0,0,0.0
93931,10,0.0,0,0.0
93932,10,0.0,0,0.0
93933,10,0.0,0,0.0
93934,10,0.0,0,0.0
93935,10,6.24,0,0.2757
93936,10,6.18,0,0.1987
93937,10,0.51,0,0.0175
93938,10,0.0,0,0.0
93939,10,0.0,0,0.0
93940,10,0.0,0,0.0
93941,10,0.0,0,0.0
93942,10,0.0,0,0.0
93943,10,0.0,0,0.0
93944,10,0.0,0,0.0
93945,10,0.0,0,0.0
93946,10,1.3,0,0.0735
93947,10,0.2,0,0.0121
93948,10,0.01,0,0.0016
93949,10,1.39,0,0.2748
93950,10,0.0,0,0.0
93951,10,0.0,0,0.0
93979,10,0.0,0,0.0
93980,10,0.0,0,0.0
93981,10,0.0,0,0.0
94544,10,0.0,0,0.0
94545,10,9.4,0,0.1498
94546,10,1.41,0,0.0384
94547,10,0.0,0,0.0
94548,10,0.0,0,0.0
94549,10,0.0,0,0.0
94550,10,0.0,0,0.0
94551,10,0.0,0,0.0
94552,10,0.0,0,0.0
94553,10,0.0,0,0.0
94554,10,0.0,0,0.0
94555,10,0.0,0,0.0
94556,10,0.0,0,0.0
94557,10,0.0,0,0.0
94558,10,0.0,0,0.0
94559,10,0.0,0,0.0
94560,10,0.0,0,0.0
94561,10,0.0,0,0.0
94562,10,0.0,0,0.0
94563,10,0.0,0,0.0
94564,10,0.0,0,0.0
94565,10,0.0,0,0.0
94566,10,0.0,0,0.0
94567,10,0.0,0,0.0
94568,10,0.0,0,0.0
94569,10,0.0,0,0.0
94570,10,0.0,0,0.0
94571,10,0.0,0,0.0
94572,10,0.0,0,0.0
94573,10,0.0,0,0.0
94574,10,0.0,0,0.0
94575,10,0.0,0,0.0
94576,10,0.49,0,0.0284
94577,8,9.41,0,0.8206
94578,10,0.99,0,0.115
94579,10,8.8,0,0.5451
94580,10,0.0,0,0.0
94581,10,0.0,0,0.0
94582,10,0.0,0,0.0
94583,10,0.0,0,0.0
94584,10,0.0,0,0.0
94585,10,0.0,0,0.0
94586,10,0.22,0,0.0087
94587,10,38.41,0,0.5676
94588,10,10.34,0,0.1893
94589,10,6.96,0,0.2577
94590,10,1.62,0,0.1561
94591,10,3.02,0,0.0822
94592,10,1.74,0,0.0958
94593,10,1.3,0,0.0349
94594,10,0.0,0,0.0
94595,10,0.0,0,0.0
94596,9,2.44,0,0.8621
94597,10,3.58,0,0.7439
94598,10,0.0,0,0.0
94599,10,0.0,0,0.0
94600,10,0.0,0,0.0
94601,10,0.0,0,0.0
94602,10,0.0,0,0.0
94603,10,0.0,0,0.0
94604,10,0.0,0,0.0
94605,10,0.0,0,0.0
94606,10,0.0,0,0.0
94607,10,6.49,0,0.7035
94608,10,0.0,0,0.0
94609,10,0.0,0,0.0
94610,10,0.0,0,0.0
94611,10,0.0,0,0.0
94612,10,0.0,0,0.0
94613,10,0.0,0,0.0
94614,10,0.0,0,0.0
94615,10,0.0,0,0.0
94616,10,0.0,0,0.0
94617,10,8.16,0,0.32
94618,10,0.0,0,0.0
94619,10,0.0,0,0.0
94620,10,0.0,0,0.0
94621,10,0.0,0,0.0
94622,10,0.0,0,0.0
94623,10,0.0,0,0.0
94624,10,0.0,0,0.0
94625,10,0.0,0,0.0
94626,10,0.0,0,0.0
94627,10,0.0,0,0.0
94628,10,0.0,0,0.0
94629,10,0.0,0,0.0
94630,10,0.0,0,0.0
94631,10,0.0,0,0.0
94632,10,0.0,0,0.0
94633,10,0.0,0,0.0
94634,10,0.0,0,0.0
94635,10,0.0,0,0.0
95228,10,15.83,0,0.3673
95229,8,54.03,0,0.8739
95230,10,13.93,0,0.402
95231,10,0.0,0,0.0
95232,10,0.0,0,0.0
95233,10,0.0,0,0.0
95234,10,0.0,0,0.0
95235,10,0.0,0,0.0
95236,10,0.0,0,0.0
95237,10,0.0,0,0.0
95238,10,0.0,0,0.0
95239,10,0.0,0,0.0
95240,10,0.0,0,0.0
95241,10,0.0,0,0.0
95242,10,0.0,0,0.0
95243,10,0.0,0,0.0
95244,10,0.0,0,0.0
95246,10,0.0,0,0.0
95247,10,0.0,0,0.0
95248,10,0.0,0,0.0
95249,10,0.0,0,0.0
95250,10,0.0,0,0.0
95251,10,0.0,0,0.0
95252,10,0.0,0,0.0
95253,10,0.0,0,0.0
95254,10,4.6,0,0.4477
95255,10,0.0,0,0.0
95256,10,0.0,0,0.0
95257,10,0.0,0,0.0
95258,10,0.0,0,0.0
95259,10,0.0,0,0.0
95260,10,0.19,0,0.0085
95261,10,2.3,0,0.1933
95262,10,0.0,0,0.0
95263,10,0.0,0,0.0
95264,10,0.0,0,0.0
95265,10,0.0,0,0.0
95266,10,0.0,0,0.0
95267,10,0.0,0,0.0
95268,10,0.0,0,0.0
95269,10,0.0,0,0.0
95270,10,0.15,0,0.0039
95271,10,21.62,0,0.5391
95272,10,14.43,0,0.4602
95273,10,2.53,0,0.1182
95274,10,0.56,0,0.0667
95275,10,0.92,0,0.0513
95276,10,3.41,0,0.1392
95277,10,0.0,0,0.0
95278,10,0.77,0,0.0128
95279,10,1.76,0,0.0738
95280,10,0.59,0,0.0599
95281,10,0.0,0,0.0
95282,10,0.0,0,0.0
95283,10,0.0,0,0.0
95284,10,0.0,0,0.0
95285,10,0.0,0,0.0
95286,10,0.0,0,0.0
95287,10,0.0,0,0.0
95288,10,0.0,0,0.0
95289,10,0.0,0,0.0
95290,10,0.0,0,0.0
95291,10,2.82,0,0.7014
95292,10,0.0,0,0.0
95293,10,0.0,0,0.0
95294,10,0.0,0,0.0
95295,10,0.0,0,0.0
95296,10,0.0,0,0.0
95297,10,0.0,0,0.0
95298,10,0.0,0,0.0
95299,10,0.53,0,0.0148
95300,10,0.91,0,0.0225
95301,10,1.58,0,0.058
95302,10,0.0,0,0.0
95303,10,0.0,0,0.0
95304,10,0.0,0,0.0
95305,10,0.0,0,0.0
95306,10,0.0,0,0.0
95307,10,0.0,0,0.0
95309,10,0.0,0,0.0
95310,10,0.0,0,0.0
95311,10,0.0,0,0.0
95312,10,0.0,0,0.0
95313,10,0.0,0,0.0
95314,10,0.0,0,0.0
95315,10,0.0,0,0.0
95316,10,0.0,0,0.0
95317,10,0.0,0,0.0
95318,10,0.0,0,0.0
95352,10,0.0,0,0.0
95353,10,0.0,0,0.0
95911,10,0.0,0,0.0
95912,10,5.09,0,0.1991
95913,10,11.87,0,0.2026
95914,10,4.56,0,0.1147
95915,10,0.0,0,0.0
95916,10,0.0,0,0.0
95917,10,0.0,0,0.0
95918,10,0.0,0,0.0
95919,10,0.0,0,0.0
95920,10,0.0,0,0.0
95921,10,0.0,0,0.0
95922,10,0.0,0,0.0
95923,10,0.0,0,0.0
95925,10,0.0,0,0.0
95926,10,0.0,0,0.0
95927,10,0.0,0,0.0
95928,10,0.0,0,0.0
95930,10,0.0,0,0.0
95931,10,0.0,0,0.0
95932,10,3.97,0,0.2185
95933,10,3.69,0,0.3734
95934,10,0.0,0,0.0
95935,10,0.0,0,0.0
95936,10,0.0,0,0.0
95937,10,1.79,0,0.541
95938,10,3.35,0,0.3361
95939,10,1.69,0,0.2222
95940,10,0.0,0,0.0
95941,10,0.0,0,0.0
95942,10,0.0,0,0.0
95943,10,0.0,0,0.0
95944,10,10.74,0,0.3737
95945,10,0.0,0,0.0
95946,10,0.0,0,0.0
95947,10,0.0,0,0.0
95949,10,0.0,0,0.0
95950,10,0.0,0,0.0
95951,10,0.0,0,0.0
95952,10,6.07,0,0.2873
95953,10,0.82,0,0.0248
95954,10,0.0,0,0.0
95955,10,0.0,0,0.0
95956,10,0.0,0,0.0
95957,10,0.0,0,0.0
95958,10,2.88,0,0.1964
95959,9,27.26,0,0.7596
95960,10,19.8,0,0.4192
95961,10,0.0,0,0.0
95962,10,12.23,0,0.1856
95963,10,25.96,0,0.6147
95964,10,1.1,0,0.0295
95965,10,0.0,0,0.0
95966,10,0.0,0,0.0
95967,10,0.0,0,0.0
95968,10,0.0,0,0.0
95969,10,0.0,0,0.0
95970,10,0.0,0,0.0
95971,10,0.0,0,0.0
95972,10,0.0,0,0.0
95973,10,0.0,0,0.0
95974,10,0.0,0,0.0
95975,10,0.02,0,0.0015
95976,10,0.0,0,0.0
95977,10,0.0,0,0.0
95978,10,0.0,0,0.0
95979,10,0.0,0,0.0
95980,10,0.0,0,0.0
95981,10,0.0,0,0.0
95982,10,0.0,0,0.0
95983,10,6.0,0,0.1316
95984,10,1.94,0,0.0592
95985,10,0.0,0,0.0
95986,10,0.0,0,0.0
95987,10,0.0,0,0.0
95988,10,0.0,0,0.0
95989,10,0.0,0,0.0
95990,10,0.0,0,0.0
95991,10,0.0,0,0.0
95993,10,0.0,0,0.0
95994,10,0.0,0,0.0
95995,10,0.0,0,0.0
95996,10,0.0,0,0.0
95997,10,0.0,0,0.0
95998,10,0.0,0,0.0
95999,10,0.0,0,0.0
96000,10,0.0,0,0.0
96036,10,0.0,0,0.0
96045,10,0.0,0,0.0
96046,10,0.0,0,0.0
96047,10,0.0,0,0.0
96595,10,0.0,0,0.0
96596,10,0.0,0,0.0
96597,10,0.0,0,0.0
96598,10,16.65,0,0.2675
96599,10,3.9,0,0.0825
96600,10,0.0,0,0.0
96601,10,0.0,0,0.0
96602,10,0.0,0,0.0
96603,10,0.0,0,0.0
96604,10,0.0,0,0.0
96605,10,0.0,0,0.0
96606,10,0.0,0,0.0
96607,10,0.0,0,0.0
96610,10,0.0,0,0.0
96611,10,0.0,0,0.0
96612,10,0.0,0,0.0
96613,10,0.0,0,0.0
96614,10,0.0,0,0.0
96615,10,0.78,0,0.4207
96616,9,8.75,0,0.8412
96617,10,0.0,0,0.0
96618,10,0.0,0,0.0
96619,10,0.0,0,0.0
96620,10,0.0,0,0.0
96621,10,0.4,0,0.0265
96622,10,3.44,0,0.1396
96623,10,5.21,0,0.2637
96624,10,0.12,0,0.0159
96625,10,0.0,0,0.0
96626,10,0.0,0,0.0
96627,10,1.4,0,0.0169
96628,10,14.39,0,0.3941
96629,10,0.02,0,0.0012
96630,10,0.0,0,0.0
96631,10,0.0,0,0.0
96632,10,0.0,0,0.0
96633,10,0.0,0,0.0
96634,10,0.0,0,0.0
96635,10,0.0,0,0.0
96636,10,0.0,0,0.0
96637,10,0.0,0,0.0
96638,10,0.0,0,0.0
96639,10,0.0,0,0.0
96640,10,0.0,0,0.0
96641,10,1.05,0,0.029
96642,10,1.51,0,0.0818
96643,10,0.0,0,0.0003
96644,10,0.0,0,0.0
96645,10,0.0,0,0.0
96646,10,0.0,0,0.0
96647,10,0.0,0,0.0
96648,10,3.49,0,0.0994
96649,10,6.66,0,0.2421
96650,10,0.0,0,0.0
96651,10,0.0,0,0.0
96652,10,0.0,0,0.0
96653,10,0.0,0,0.0
96654,10,0.0,0,0.0
96655,10,0.0,0,0.0
96656,10,0.0,0,0.0
96657,10,0.0,0,0.0
96658,10,0.0,0,0.0
96659,10,0.0,0,0.0
96660,10,0.0,0,0.0
96661,10,0.0,0,0.0
96662,10,0.0,0,0.0
96663,10,0.0,0,0.0
96664,10,0.0,0,0.0
96665,10,0.0,0,0.0
96666,10,0.0,0,0.0
96667,10,0.0,0,0.0
96668,10,0.0,0,0.0
96669,10,0.0,0,0.0
96670,10,0.0,0,0.0
96671,10,0.0,0,0.0
96673,10,0.0,0,0.0
96674,10,0.0,0,0.0
96675,10,0.0,0,0.0
96676,10,0.0,0,0.0
96678,10,0.0,0,0.0
96679,10,0.0,0,0.0
96680,10,0.0,0,0.0
96681,10,0.0,0,0.0
96682,10,0.14,0,0.0205
96683,10,0.0,0,0.0
96684,10,0.0,0,0.0
96685,10,0.0,0,0.0
96713,10,0.0,0,0.0
96714,10,0.0,0,0.0
96729,10,0.0,0,0.0
96730,10,0.0,0,0.0
96731,10,0.0,0,0.0
97278,10,0.0,0,0.0
97279,10,0.0,0,0.0
97280,10,0.0,0,0.0
97281,10,10.74,0,0.2003
97282,9,45.99,0,0.7436
97283,10,6.99,0,0.1223
97284,10,0.0,0,0.0
97285,10,0.0,0,0.0
97286,10,0.0,0,0.0
97287,10,0.0,0,0.0
97288,10,0.0,0,0.0
97289,10,0.0,0,0.0
97290,10,0.0,0,0.0
97294,10,0.0,0,0.0
97295,10,0.0,0,0.0
97296,10,0.0,0,0.0
97297,10,0.0,0,0.0
97299,10,0.46,0,0.0587
97300,10,3.02,0,0.261
97301,10,0.0,0,0.0
97302,10,0.0,0,0.0
97303,10,0.0,0,0.0
97304,10,0.0,0,0.0
97305,10,0.0,0,0.0
97306,10,0.0,0,0.0
97307,10,7.48,0,0.4355
97308,10,6.43,0,0.2543
97309,10,0.0,0,0.0
97310,10,0.0,0,0.0
97311,10,0.0,0,0.0
97312,10,1.61,0,0.1172
97313,10,0.98,0,0.0332
97314,10,0.0,0,0.0
97315,10,1.84,0,0.1964
97316,10,0.0,0,0.0
97317,10,0.0,0,0.0
97318,10,0.0,0,0.0
97319,10,0.0,0,0.0
97320,10,0.0,0,0.0
97321,10,0.0,0,0.0
97322,10,13.78,0,0.1544
97323,10,3.76,0,0.106
97324,10,0.0,0,0.0
97325,10,4.2,0,0.1176
97326,10,0.0,0,0.0
97327,10,0.0,0,0.0
97328,10,0.0,0,0.0
97329,10,0.0,0,0.0
97330,10,0.0,0,0.0
97331,10,3.44,0,0.1767
97332,10,3.45,0,0.3066
97333,10,0.04,0,0.0021
97334,10,0.0,0,0.0
97335,10,0.0,0,0.0
97336,10,0.0,0,0.0
97337,10,0.0,0,0.0
97338,10,0.0,0,0.0
97339,10,0.0,0,0.0
97340,10,0.0,0,0.0
97341,10,0.0,0,0.0
97342,10,0.0,0,0.0
97343,10,0.0,0,0.0
97344,10,0.0,0,0.0
97345,10,0.0,0,0.0
97346,10,0.0,0,0.0
97347,10,0.0,0,0.0
97348,10,0.0,0,0.0
97349,10,0.0,0,0.0
97350,10,0.0,0,0.0
97351,10,0.0,0,0.0
97352,10,0.0,0,0.0
97353,10,0.0,0,0.0
97354,10,0.0,0,0.0
97355,10,0.0,0,0.0
97356,10,0.0,0,0.0
97357,10,0.0,0,0.0
97358,10,0.0,0,0.0
97359,10,0.0,0,0.0
97360,10,0.0,0,0.0
97363,10,0.0,0,0.0
97364,10,0.0,0,0.0
97365,10,0.0,0,0.0
97366,8,6.69,0,0.868
97367,10,0.0,0,0.0
97368,10,0.0,0,0.0
97962,10,0.0,0,0.0
97963,10,0.0,0,0.0
97964,10,0.0,0,0.0
97965,10,3.38,0,0.1093
97966,10,6.67,0,0.0982
97967,10,0.0,0,0.0
97968,10,0.0,0,0.0
97969,10,0.0,0,0.0
97971,10,4.38,0,0.1985
97972,10,0.63,0,0.0163
97973,10,0.0,0,0.0
97974,10,0.0,0,0.0
97979,10,0.0,0,0.0
97980,10,0.0,0,0.0
97981,10,0.0,0,0.0
97982,10,0.0,0,0.0
97983,10,0.0,0,0.0
97984,10,0.0,0,0.0
97985,10,0.0,0,0.0
97986,10,0.0,0,0.0
97987,10,0.0,0,0.0
97988,10,0.0,0,0.0
97989,10,0.0,0,0.0
97990,10,7.07,0,0.6618
97991,10,1.37,0,0.3382
97992,10,0.37,0,0.0703
97993,10,0.0,0,0.0
97994,10,0.0,0,0.0
97995,10,0.0,0,0.0
97996,10,0.0,0,0.0
97997,10,0.0,0,0.0
97998,10,0.0,0,0.0
97999,10,19.32,0,0.345
98000,10,0.0,0,0.0
98001,10,0.0,0,0.0
98002,10,0.0,0,0.0
98003,10,0.0,0,0.0
98004,10,0.0,0,0.0
98005,10,3.12,0,0.1818
98006,9,66.25,0,0.8187
98007,9,31.35,0,0.7946
98008,10,0.0,0,0.0
98009,10,0.0,0,0.0
98010,10,0.0,0,0.0
98011,10,0.0,0,0.0
98012,10,0.0,0,0.0
98013,10,0.0,0,0.0
98014,10,0.0,0,0.0
98015,10,0.0,0,0.0
98016,10,3.06,0,0.1203
98017,10,2.11,0,0.1072
98018,10,0.0,0,0.0
98019,10,0.0,0,0.0
98020,10,0.0,0,0.0
98021,10,0.0,0,0.0
98022,10,0.0,0,0.0
98023,10,0.0,0,0.0
98024,10,0.0,0,0.0
98025,10,0.0,0,0.0
98026,10,0.0,0,0.0
98027,10,0.0,0,0.0
98028,10,0.0,0,0.0
98029,10,0.0,0,0.0
98030,10,0.0,0,0.0
98031,10,0.0,0,0.0
98032,10,0.0,0,0.0
98033,10,0.0,0,0.0
98034,10,0.0,0,0.0
98035,10,0.0,0,0.0
98036,10,0.0,0,0.0
98037,10,0.0,0,0.0
98038,10,0.0,0,0.0
98040,10,0.0,0,0.0
98041,10,0.0,0,0.0
98042,10,0.0,0,0.0
98043,10,0.0,0,0.0
98044,10,0.0,0,0.0
98045,10,0.0,0,0.0
98046,10,0.0,0,0.0
98047,10,0.0,0,0.0
98048,10,0.0,0,0.0
98049,10,0.0,0,0.0
98050,9,18.92,0,0.705
98051,10,2.17,0,0.6231
98052,10,0.0,0,0.0
98053,10,0.0,0,0.0
98647,10,0.0,0,0.0
98648,10,0.0,0,0.0
98649,10,19.94,0,0.364
98650,10,8.51,0,0.1613
98651,10,0.0,0,0.0
98652,10,1.74,0,0.0983
98653,10,1.91,0,0.4885
98654,10,0.31,0,0.1589
98655,10,2.89,0,0.128
98656,10,2.1,0,0.0582
98657,10,0.0,0,0.0
98658,10,0.0,0,0.0
98663,10,0.0,0,0.0
98664,10,0.0,0,0.0
98665,10,0.0,0,0.0
98666,10,0.0,0,0.0
98667,10,0.0,0,0.0
98668,10,0.0,0,0.0
98669,10,0.0,0,0.0
98670,10,0.0,0,0.0
98671,10,0.0,0,0.0
98672,10,0.0,0,0.0
98673,10,0.0,0,0.0
98674,9,6.21,0,0.7704
98675,10,5.21,0,0.5533
98676,10,0.3,0,0.0686
98677,10,0.34,0,0.0472
98678,10,0.0,0,0.0
98679,10,0.0,0,0.0
98680,10,0.0,0,0.0
98681,10,0.0,0,0.0
98682,10,0.0,0,0.0
98683,10,18.82,0,0.2493
98684,10,0.0,0,0.0
98685,10,0.02,0,0.0005
98686,10,0.0,0,0.0
98687,10,0.0,0,0.0
98688,10,0.0,0,0.0
98689,10,0.0,0,0.0
98690,10,7.33,0,0.1912
98691,10,2.17,0,0.1332
98692,10,0.0,0,0.0
98693,10,0.0,0,0.0
98694,10,0.0,0,0.0
98695,10,0.0,0,0.0
98696,10,0.0,0,0.0
98697,10,0.0,0,0.0
98698,10,0.0,0,0.0
98699,10,0.0,0,0.0
98700,10,4.39,0,0.1586
98701,10,15.66,0,0.3803
98702,10,0.0,0,0.0
98703,10,0.0,0,0.0
98704,10,0.0,0,0.0
98705,10,0.0,0,0.0
98706,10,0.0,0,0.0
98707,10,0.0,0,0.0
98708,10,0.0,0,0.0
98709,10,0.0,0,0.0
98710,10,2.6,0,0.5079
98711,10,2.88,0,0.087
98712,10,2.49,0,0.1447
98713,10,0.0,0,0.0
98714,10,0.0,0,0.0
98715,10,0.0,0,0.0
98716,10,0.0,0,0.0
98717,10,0.0,0,0.0
98718,10,0.0,0,0.0
98719,10,0.0,0,0.0
98720,10,0.0,0,0.0
98721,10,0.0,0,0.0
98722,10,0.0,0,0.0
98724,10,0.0,0,0.0
98725,10,0.0,0,0.0
98726,10,0.0,0,0.0
98727,10,0.0,0,0.0
98728,10,0.0,0,0.0
98731,10,0.0,0,0.0
98732,10,0.0,0,0.0
98733,10,0.0,0,0.0
98734,10,3.36,0,0.3319
98735,10,0.42,0,0.2429
98736,10,0.0,0,0.0
98737,10,0.0,0,0.0
99330,10,0.0,0,0.0
99331,10,0.0,0,0.0
99332,10,0.0,0,0.0
99333,10,0.83,0,0.0447
99334,9,19.39,0,0.6393
99335,10,0.52,0,0.0304
99336,10,0.0,0,0.0
99337,10,0.39,0,0.334
99338,10,0.0,0,0.0
99339,10,11.0,0,0.297
99340,10,0.45,0,0.0072
99341,10,0.0,0,0.0
99342,10,0.0,0,0.0
99343,10,0.0,0,0.0
99348,10,0.0,0,0.0
99351,10,0.0,0,0.0
99352,10,0.0,0,0.0
99353,10,0.0,0,0.0
99354,10,0.0,0,0.0
99355,10,0.0,0,0.0
99356,10,0.0,0,0.0
99357,10,0.0,0,0.0
99358,10,0.69,0,0.0542
99359,10,0.0,0,0.0
99360,10,1.16,0,0.3793
99361,10,10.79,0,0.6518
99362,10,0.0,0,0.0
99363,10,0.0,0,0.0
99364,10,0.0,0,0.0
99365,10,0.0,0,0.0
99366,10,0.0,0,0.0
99367,10,0.0,0,0.0
99368,10,0.0,0,0.0
99369,10,6.96,0,0.3098
99370,10,0.0,0,0.0
99371,10,0.0,0,0.0
99372,10,0.0,0,0.0
99373,10,0.0,0,0.0
99374,10,0.0,0,0.0
99375,10,0.0,0,0.0
99376,10,0.0,0,0.0
99377,10,7.41,0,0.6774
99378,10,0.0,0,0.0
99379,10,0.0,0,0.0
99380,10,5.78,0,0.1273
99381,10,0.13,0,0.0079
99383,10,0.0,0,0.0
99384,10,0.0,0,0.0
99385,10,5.32,0,0.1215
99386,10,0.0,0,0.0
99387,10,0.0,0,0.0
99388,10,0.0,0,0.0
99389,10,0.0,0,0.0
99390,10,0.0,0,0.0
99391,10,0.0,0,0.0
99392,10,0.0,0,0.0
99393,10,0.0,0,0.0
99394,10,1.58,0,0.0843
99395,10,1.08,0,0.0875
99397,10,0.0,0,0.0
99398,10,0.0,0,0.0
99399,10,0.0,0,0.0
99400,10,0.0,0,0.0
99401,10,0.0,0,0.0
99402,10,0.0,0,0.0
99403,10,0.0,0,0.0
99404,10,0.0,0,0.0
99405,10,0.0,0,0.0
99406,10,0.0,0,0.0
99409,10,0.0,0,0.0
99410,10,0.0,0,0.0
99411,10,0.0,0,0.0
99412,10,0.0,0,0.0
99417,10,0.0,0,0.0
99418,10,0.0,0,0.0
99419,10,0.0,0,0.0
99420,10,0.0,0,0.0
100014,10,4.42,0,0.0976
100015,10,5.88,0,0.2865
100016,10,0.47,0,0.0147
100017,10,0.0,0,0.0
100018,10,0.0,0,0.0
100019,10,0.0,0,0.0
100020,10,0.0,0,0.0
100021,10,1.94,0,0.2962
100022,7,0.27,0,0.9066
100023,8,30.08,0,0.7814
100024,10,5.64,0,0.1066
100025,10,16.49,0,0.608
100026,10,1.59,0,0.2151
100027,10,0.0,0,0.0
100028,10,0.0,0,0.0
100029,10,0.0,0,0.0
100030,10,0.0,0,0.0
100031,10,0.0,0,0.0
100033,10,0.0,0,0.0
100034,10,0.0,0,0.0
100035,10,0.0,0,0.0
100036,10,0.0,0,0.0
100037,10,0.0,0,0.0
100038,10,0.0,0,0.0
100039,10,2.04,0,0.108
100040,10,1.27,0,0.1486
100041,10,0.0,0,0.0
100042,10,0.0,0,0.0
100043,10,0.0,0,0.0
100044,10,0.28,0,0.0113
100045,10,1.1,0,0.0309
100046,10,0.0,0,0.0
100047,10,0.0,0,0.0
100048,10,0.0,0,0.0
100049,10,14.95,0,0.2922
100050,10,3.92,0,0.0638
100051,10,0.0,0,0.0
100052,10,3.29,0,0.1585
100053,10,0.0,0,0.0
100054,10,0.0,0,0.0
100055,10,0.0,0,0.0
100056,10,0.0,0,0.0
100057,10,0.0,0,0.0
100058,10,0.0,0,0.0
100059,9,15.53,0,0.837
100060,10,3.15,0,0.1046
100061,10,5.79,0,0.4049
100062,10,0.0,0,0.0
100063,10,1.14,0,0.2507
100064,10,7.75,0,0.2523
100065,10,0.0,0,0.0
100066,10,0.0,0,0.0
100067,10,0.0,0,0.0
100068,10,0.0,0,0.0
100069,10,6.25,0,0.1825
100070,10,0.0,0,0.0
100071,10,0.0,0,0.0
100072,10,0.0,0,0.0
100073,10,0.0,0,0.0
100074,10,0.0,0,0.0
100075,10,0.0,0,0.0
100076,10,0.0,0,0.0
100077,10,0.0,0,0.0
100078,10,0.0,0,0.0
100080,10,0.0,0,0.0
100081,10,0.0,0,0.0
100082,10,0.0,0,0.0
100083,10,0.0,0,0.0
100084,10,0.0,0,0.0
100086,10,0.0,0,0.0
100087,10,0.0,0,0.0
100088,10,0.0,0,0.0
100093,10,0.0,0,0.0
100094,10,0.0,0,0.0
100095,10,0.0,0,0.0
100096,10,0.0,0,0.0
100100,10,0.0,0,0.0
100102,10,0.0,0,0.0
100103,10,0.0,0,0.0
100104,10,0.0,0,0.0
100699,10,8.27,0,0.404
100700,10,0.51,0,0.021
100701,10,0.0,0,0.0
100702,10,0.0,0,0.0
100703,10,27.11,0,0.5804
100704,6,35.12,0,0.9224
100705,7,21.54,0,0.7938
100706,6,38.07,0,0.9451
100707,8,10.98,0,0.7692
100708,10,26.81,0,0.5109
100709,10,15.38,0,0.4113
100710,10,0.0,0,0.0
100711,10,0.0,0,0.0
100712,10,0.0,0,0.0
100713,10,0.0,0,0.0
100714,10,0.0,0,0.0
100715,10,0.0,0,0.0
100716,10,0.0,0,0.0
100717,10,0.0,0,0.0
100718,10,0.0,0,0.0
100719,10,0.0,0,0.0
100720,10,0.0,0,0.0
100721,10,0.0,0,0.0
100722,10,0.0,0,0.0
100723,10,0.43,0,0.0859
100724,10,0.0,0,0.0
100725,10,0.0,0,0.0
100726,10,2.93,0,0.258
100727,10,0.84,0,0.0478
100728,10,0.0,0,0.0
100729,10,0.0,0,0.0
100730,10,0.0,0,0.0
100731,10,0.0,0,0.0
100732,10,1.59,0,0.0724
100733,8,33.85,0,0.8269
100734,10,32.64,0,0.5511
100735,10,0.62,0,0.0308
100736,10,0.0,0,0.0
100737,10,0.0,0,0.0
100738,10,0.0,0,0.0
100739,10,0.0,0,0.0
100740,10,0.0,0,0.0
100741,10,0.17,0,0.1484
100742,8,18.34,0,0.945
100743,8,76.59,0,0.945
100744,10,9.08,0,0.5284
100745,10,0.0,0,0.0
100746,10,2.29,0,0.1097
100747,10,0.46,0,0.018
100748,10,1.89,0,0.1989
100749,10,0.0,0,0.0
100750,10,0.0,0,0.0
100751,10,0.0,0,0.0
100752,10,0.0,0,0.0
100753,10,0.0,0,0.0
100754,10,0.0,0,0.0
100755,10,0.0,0,0.0
100756,10,0.0,0,0.0
100757,10,0.0,0,0.0
100758,10,0.0,0,0.0
100759,10,0.0,0,0.0
100760,10,0.0,0,0.0
100761,10,0.0,0,0.0
100762,10,0.0,0,0.0
100763,10,0.0,0,0.0
100764,10,0.0,0,0.0
100766,10,0.0,0,0.0
100767,10,0.0,0,0.0
100768,10,0.0,0,0.0
100769,10,0.0,0,0.0
100770,10,0.0,0,0.0
100771,10,0.0,0,0.0
100776,10,0.0,0,0.0
100777,10,0.0,0,0.0
100778,10,0.0,0,0.0
100779,10,0.0,0,0.0
100780,10,0.0,0,0.0
100781,10,0.0,0,0.0
100784,10,0.0,0,0.0
100785,10,0.0,0,0.0
100786,10,0.0,0,0.0
100787,10,0.0,0,0.0
101383,10,0.0,0,0.0
101384,10,0.0,0,0.0
101385,10,4.03,0,0.1318
101386,10,7.04,0,0.1799
101387,10,18.38,0,0.3153
101388,6,139.31,0,0.9451
101389,6,70.77,0,0.9451
101390,6,25.34,0,0.9355
101391,10,1.02,0,0.3331
101392,10,26.44,0,0.3273
101393,10,0.0,0,0.0
101394,10,0.0,0,0.0
101395,10,0.0,0,0.0
101396,10,0.0,0,0.0
101397,10,0.0,0,0.0
101398,10,0.0,0,0.0
101399,10,0.0,0,0.0
101400,10,0.0,0,0.0
101402,10,0.0,0,0.0
101403,10,0.0,0,0.0
101404,10,0.0,0,0.0
101405,10,0.0,0,0.0
101406,10,0.0,0,0.0
101407,10,0.0,0,0.0
101408,10,0.0,0,0.0
101409,10,0.0,0,0.0
101410,8,4.93,0,0.873
101411,9,5.54,0,0.765
101412,10,0.59,0,0.0534
101413,10,0.0,0,0.0
101414,10,0.0,0,0.0
101415,10,0.0,0,0.0
101416,10,5.47,0,0.245
101417,10,20.07,0,0.5163
101418,10,15.5,0,0.3462
101419,10,5.24,0,0.2146
101420,10,0.0,0,0.0
101421,10,0.0,0,0.0
101422,10,0.0,0,0.0
101423,10,0.0,0,0.0
101424,6,0.21,0,0.9451
101425,8,1.01,0,0.8948
101426,10,13.59,0,0.2102
101427,10,12.31,0,0.2835
101428,10,0.0,0,0.0
101429,10,0.95,0,0.0255
101430,10,17.89,0,0.3233
101431,10,0.0,0,0.0
101432,10,0.0,0,0.0
101433,10,0.0,0,0.0
101435,10,0.0,0,0.0
101436,10,0.0,0,0.0
101437,10,0.0,0,0.0
101438,10,0.0,0,0.0
101439,10,0.0,0,0.0
101441,10,0.0,0,0.0
101442,10,0.0,0,0.0
101443,10,0.0,0,0.0
101444,10,0.0,0,0.0
101445,10,0.0,0,0.0
101446,10,0.0,0,0.0
101447,10,0.0,0,0.0
101448,10,0.0,0,0.0
101449,10,0.0,0,0.0
101450,10,0.0,0,0.0
101451,10,0.0,0,0.0
101452,10,0.0,0,0.0
101453,10,0.0,0,0.0
101454,10,0.0,0,0.0
101455,10,0.0,0,0.0
101460,10,0.0,0,0.0
101461,10,0.0,0,0.0
101462,10,0.0,0,0.0
101463,10,0.0,0,0.0
101464,10,0.0,0,0.0
101465,10,0.0,0,0.0
101467,10,0.0,0,0.0
101468,10,0.0,0,0.0
101469,10,0.0,0,0.0
101470,10,0.0,0,0.0
101471,10,0.0,0,0.0
101472,10,0.0,0,0.0
102068,10,0.0,0,0.0
102069,10,2.11,0,0.0886
102070,9,27.61,0,0.6903
102071,10,13.04,0,0.1389
102072,7,74.1,0,0.9451
102073,6,84.16,0,0.9451
102074,9,29.77,0,0.6474
102075,10,4.27,0,0.2641
102076,10,0.0,0,0.0
102077,10,0.0,0,0.0
102078,10,1.12,0,0.0568
102079,10,0.0,0,0.0
102080,10,0.0,0,0.0
102081,10,0.0,0,0.0
102082,10,0.0,0,0.0
102083,10,0.0,0,0.0
102084,10,0.0,0,0.0
102085,10,0.0,0,0.0
102086,10,0.0,0,0.0
102087,10,0.0,0,0.0
102088,10,0.0,0,0.0
102089,10,0.0,0,0.0
102090,10,0.0,0,0.0
102091,10,0.0,0,0.0
102092,10,0.0,0,0.0
102093,10,0.0,0,0.0
102094,10,0.05,0,0.3009
102095,8,10.21,0,0.7924
102096,10,5.67,0,0.1639
102097,10,0.0,0,0.0
102098,10,0.0,0,0.0
102099,10,0.0,0,0.0
102100,10,6.51,0,0.1272
102101,10,22.9,0,0.4505
102102,8,53.25,0,0.8381
102103,10,20.44,0,0.5843
102104,9,25.82,0,0.8287
102105,10,0.0,0,0.0
102106,10,1.26,0,0.2845
102107,10,0.0,0,0.0
102108,9,11.89,0,0.8281
102109,10,7.04,0,0.238
102110,10,9.14,0,0.1847
102111,10,0.0,0,0.0
102112,10,0.0,0,0.0
102113,10,0.0,0,0.0
102114,10,0.0,0,0.0
102115,10,0.0,0,0.0
102116,10,0.0,0,0.0
102117,10,0.0,0,0.0
102118,10,0.0,0,0.0
102119,10,0.0,0,0.0
102120,10,0.0,0,0.0
102121,10,0.0,0,0.0
102122,10,0.0,0,0.0
102123,10,0.0,0,0.0
102124,10,0.0,0,0.0
102125,10,0.0,0,0.0
102126,10,0.0,0,0.0
102127,10,0.0,0,0.0
102129,10,0.0,0,0.0
102131,10,0.0,0,0.0
102132,10,0.0,0,0.0
102133,10,0.0,0,0.0
102134,10,0.0,0,0.0
102135,10,0.0,0,0.0
102136,10,0.0,0,0.0
102137,10,0.0,0,0.0
102138,10,0.0,0,0.0
102139,10,0.0,0,0.0
102142,10,0.0,0,0.0
102143,10,0.0,0,0.0
102144,10,0.0,0,0.0
102145,10,0.0,0,0.0
102146,10,0.0,0,0.0
102147,10,0.0,0,0.0
102148,10,0.0,0,0.0
102150,10,0.0,0,0.0
102151,10,0.0,0,0.0
102152,10,0.0,0,0.0
102153,10,0.0,0,0.0
102154,10,0.0,0,0.0
102155,10,0.0,0,0.0
102157,10,0.0,0,0.0
102752,10,0.0,0,0.0
102753,10,0.0,0,0.0
102754,10,23.55,0,0.5142
102755,10,2.43,0,0.023
102756,10,5.67,0,0.1004
102757,10,28.72,0,0.5272
102758,10,6.2,0,0.0708
102759,8,12.57,0,0.7587
102760,10,17.46,0,0.4181
102761,10,6.21,0,0.1343
102762,10,5.09,0,0.1819
102763,10,0.0,0,0.0003
102764,10,0.0,0,0.0
102765,10,0.0,0,0.0
102766,10,0.0,0,0.0
102767,10,0.0,0,0.0
102768,10,0.0,0,0.0
102769,10,0.0,0,0.0
102770,10,0.0,0,0.0
102771,10,0.0,0,0.0
102772,10,0.0,0,0.0
102773,10,0.0,0,0.0
102774,10,0.0,0,0.0
102775,10,0.0,0,0.0
102776,10,1.55,0,0.0987
102777,10,1.4,0,0.1269
102778,10,1.63,0,0.6287
102779,8,6.65,0,0.8668
102780,10,0.64,0,0.0329
102781,10,0.0,0,0.0
102782,10,0.0,0,0.0
102783,10,0.0,0,0.0
102784,10,0.0,0,0.0
102785,10,15.46,0,0.4067
102786,9,24.31,0,0.8354
102787,9,20.96,0,0.7666
102788,10,8.19,0,0.3058
102789,10,0.0,0,0.0
102790,10,0.24,0,0.1937
102791,10,0.0,0,0.0
102792,10,1.39,0,0.2427
102794,10,0.12,0,0.7464
102795,10,0.07,0,0.0043
102796,10,0.0,0,0.0
102797,10,0.0,0,0.0
102798,10,0.0,0,0.0
102799,10,0.0,0,0.0
102800,10,0.0,0,0.0
102801,10,0.0,0,0.0
102802,10,0.0,0,0.0
102803,10,0.0,0,0.0
102804,10,0.0,0,0.0
102805,10,0.0,0,0.0
102806,10,0.0,0,0.0
102808,10,0.0,0,0.0
102809,10,0.0,0,0.0
102810,10,0.0,0,0.0
102812,10,0.0,0,0.0
102815,10,0.0,0,0.0
102816,10,0.0,0,0.0
102817,10,0.0,0,0.0
102818,10,0.0,0,0.0
102819,10,0.0,0,0.0
102820,10,0.0,0,0.0
102821,10,0.0,0,0.0
102822,10,0.0,0,0.0
102823,10,0.0,0,0.0
102826,10,0.0,0,0.0
102827,10,0.0,0,0.0
102828,10,0.0,0,0.0
102829,10,0.0,0,0.0
102830,10,0.0,0,0.0
102831,10,0.0,0,0.0
102832,10,0.0,0,0.0
102833,10,0.0,0,0.0
102834,10,0.0,0,0.0
102835,10,0.0,0,0.0
102836,10,0.0,0,0.0
102837,10,0.0,0,0.0
102838,10,0.0,0,0.0
102839,10,0.0,0,0.0
102841,10,0.0,0,0.0
102842,10,0.0,0,0.0
102886,10,0.0,0,0.0
103437,10,0.0,0,0.0
103438,10,0.0,0,0.0
103439,10,12.33,0,0.1745
103440,9,49.87,0,0.7071
103441,8,27.69,0,0.8235
103442,9,57.73,0,0.7001
103443,10,9.44,0,0.1372
103444,10,3.51,0,0.1308
103445,10,0.0,0,0.0
103446,10,0.34,0,0.0177
103447,10,0.0,0,0.0012
103448,10,0.0,0,0.0
103449,10,0.0,0,0.0
103450,10,0.0,0,0.0
103451,10,0.0,0,0.0
103452,10,0.0,0,0.0
103453,10,0.0,0,0.0
103454,10,0.0,0,0.0
103455,10,0.0,0,0.0
103456,10,0.0,0,0.0
103457,10,0.0,0,0.0
103458,10,0.0,0,0.0
103459,10,0.0,0,0.0
103460,10,0.0,0,0.0004
103461,10,0.0,0,0.0
103462,10,2.05,0,0.3759
103463,9,8.28,0,0.6975
103464,10,0.0,0,0.0
103465,10,0.0,0,0.0
103466,10,0.0,0,0.0
103467,10,0.0,0,0.0
103468,10,0.0,0,0.0
103469,10,4.26,0,0.1042
103470,10,4.62,0,0.2114
103471,9,30.69,0,0.8348
103472,10,9.7,0,0.2199
103473,10,0.0,0,0.0
103474,10,0.0,0,0.0
103475,10,0.0,0,0.0
103476,10,0.0,0,0.0
103477,10,0.0,0,0.0
103478,10,0.32,0,0.0093
103479,10,0.18,0,0.0038
103480,10,0.0,0,0.0
103481,10,0.0,0,0.0
103482,10,0.0,0,0.0
103483,10,0.0,0,0.0
103484,10,0.0,0,0.0
103485,10,0.0,0,0.0
103486,10,0.0,0,0.0
103487,10,0.0,0,0.0
103488,10,0.0,0,0.0
103490,10,0.0,0,0.0
103492,10,0.0,0,0.0
103499,10,0.0,0,0.0
103500,10,0.0,0,0.0
103501,10,7.72,0,0.6045
103502,9,2.64,0,0.9319
103503,10,0.0,0,0.0
103504,10,0.0,0,0.0
103505,10,0.0,0,0.0
103506,10,0.0,0,0.0
103507,10,0.0,0,0.0
103508,10,0.0,0,0.0
103511,10,0.0,0,0.0
103512,10,0.0,0,0.0
103513,10,0.0,0,0.0
103514,10,0.0,0,0.0
103515,10,0.0,0,0.0
103516,10,0.0,0,0.0
103517,10,0.0,0,0.0
103518,10,0.0,0,0.0
103519,10,0.0,0,0.0
103520,10,0.0,0,0.0
103521,10,0.0,0,0.0
103522,10,0.0,0,0.0
103523,10,0.0,0,0.0
103524,10,0.0,0,0.0
103525,10,0.0,0,0.0
103526,10,0.0,0,0.0
103569,10,0.0,0,0.0
103570,10,0.0,0,0.0
104121,10,0.0,0,0.0
104122,10,0.28,0,0.0063
104123,10,13.95,0,0.5788
104124,8,35.77,0,0.7652
104125,7,40.51,0,0.8754
104126,10,11.07,0,0.1715
104127,10,12.48,0,0.3467
104128,10,0.0,0,0.0
104129,10,8.3,0,0.333
104130,10,0.0,0,0.0
104131,10,0.0,0,0.0
104132,10,0.0,0,0.0
104133,10,0.0,0,0.0
104134,10,0.0,0,0.0
104135,10,0.0,0,0.0
104136,10,0.0,0,0.0
104137,10,0.0,0,0.0
104138,10,0.0,0,0.0
104139,10,0.0,0,0.0
104140,10,0.0,0,0.0
104141,10,0.0,0,0.0
104142,10,0.0,0,0.0
104143,10,0.0,0,0.0
104144,10,0.0,0,0.0
104145,10,0.0,0,0.0
104146,8,6.27,0,0.9186
104147,10,5.13,0,0.51
104148,10,0.0,0,0.0
104149,10,0.0,0,0.0
104150,10,1.91,0,0.1372
104151,10,3.05,0,0.4432
104152,10,0.01,0,0.0011
104153,10,0.0,0,0.0
104154,10,5.35,0,0.2728
104155,10,12.02,0,0.5448
104156,10,7.05,0,0.2735
104157,10,0.0,0,0.0
104158,10,0.0,0,0.0
104159,10,0.0,0,0.0
104160,10,0.0,0,0.0
104161,10,0.0,0,0.0
104162,10,0.0,0,0.0
104163,10,0.0,0,0.0
104164,10,0.0,0,0.0
104165,10,0.0,0,0.0
104166,10,0.0,0,0.0
104167,10,0.0,0,0.0
104168,10,0.0,0,0.0
104169,10,0.0,0,0.0
104171,10,0.0,0,0.0
104172,10,0.0,0,0.0
104175,10,0.0,0,0.0
104176,10,0.0,0,0.0
104177,10,0.0,0,0.0
104178,10,0.0,0,0.0
104179,10,0.0,0,0.0
104182,10,0.0,0,0.0
104183,10,0.0,0,0.0
104184,10,0.0,0,0.0
104185,10,0.0,0,0.0
104186,10,0.0,0,0.0
104187,10,0.0,0,0.0
104188,10,0.0,0,0.0
104189,10,0.0,0,0.0
104190,10,0.0,0,0.0
104191,10,0.0,0,0.0
104192,10,0.0,0,0.0
104195,10,0.0,0,0.0
104196,10,0.0,0,0.0
104197,10,0.0,0,0.0
104198,10,0.0,0,0.0
104199,10,0.0,0,0.0
104200,10,0.0,0,0.0
104201,10,0.0,0,0.0
104202,10,0.0,0,0.0
104203,10,0.0,0,0.0
104204,10,0.0,0,0.0
104205,10,0.0,0,0.0
104206,10,0.0,0,0.0
104207,10,0.0,0,0.0
104208,10,0.0,0,0.0
104209,10,0.0,0,0.0
104210,10,0.0,0,0.0
104253,10,0.0,0,0.0
104254,10,0.0,0,0.0
104805,10,0.0,0,0.0
104806,10,0.02,0,0.0004
104807,10,12.97,0,0.5044
104808,10,39.38,0,0.556
104809,8,34.77,0,0.7986
104810,10,7.28,0,0.2497
104811,9,42.59,0,0.7237
104812,10,1.2,0,0.0828
104813,9,13.44,0,0.6874
104814,10,3.98,0,0.4062
104815,10,0.03,0,0.0085
104816,10,0.0,0,0.0
104817,10,0.0,0,0.0
104818,10,0.0,0,0.0
104819,10,0.0,0,0.0
104820,10,0.0,0,0.0
104821,10,0.0,0,0.0
104822,10,0.0,0,0.0
104823,10,0.0,0,0.0
104824,10,0.0,0,0.0
104825,10,0.0,0,0.0
104826,10,0.0,0,0.0
104828,10,2.98,0,0.5876
104829,10,0.0,0,0.0
104830,10,3.65,0,0.5224
104831,10,2.79,0,0.1904
104832,10,0.0,0,0.0
104833,10,0.0,0,0.0
104834,10,3.19,0,0.2529
104835,10,3.49,0,0.449
104836,10,0.0,0,0.0
104837,10,0.0,0,0.0
104838,10,0.0,0,0.0
104839,10,0.0,0,0.0
104840,10,0.0,0,0.0
104841,10,0.0,0,0.0
104842,10,0.0,0,0.0
104843,10,0.0,0,0.0
104844,10,0.0,0,0.0
104846,10,0.0,0,0.0
104847,10,0.17,0,0.0876
104848,10,0.0,0,0.0
104849,10,0.0,0,0.0
104850,10,0.0,0,0.0
104851,10,0.0,0,0.0
104852,10,0.0,0,0.0
104853,10,0.0,0,0.0
104854,10,0.0,0,0.0
104855,10,0.0,0,0.0
104859,10,0.0,0,0.0
104860,10,0.0,0,0.0
104863,10,0.0,0,0.0
104864,10,0.0,0,0.0
104865,10,0.0,0,0.0
104867,10,0.0,0,0.0
104868,10,0.0,0,0.0
104869,10,0.0,0,0.0
104870,10,0.0,0,0.0
104871,10,0.0,0,0.0
104872,10,0.0,0,0.0
104873,10,0.0,0,0.0
104874,10,0.0,0,0.0
104875,10,0.0,0,0.0
104876,10,0.0,0,0.0
104877,10,0.0,0,0.0
104879,10,0.0,0,0.0
104880,10,0.0,0,0.0
104881,10,0.0,0,0.0
104882,10,0.0,0,0.0
104883,10,0.0,0,0.0
104884,10,0.0,0,0.0
104885,10,0.0,0,0.0
104886,10,0.0,0,0.0
104887,10,0.0,0,0.0
104888,10,0.0,0,0.0
104889,10,0.0,0,0.0
104890,10,0.0,0,0.0
104891,10,0.0,0,0.0
104920,10,0.0,0,0.0
104921,10,0.0,0,0.0
104932,10,0.0,0,0.0
104936,10,0.0,0,0.0
104937,10,0.0,0,0.0
104938,10,0.0,0,0.0
105489,10,0.0,0,0.0
105490,10,0.0,0,0.0
105491,10,0.0,0,0.0
105492,10,4.34,0,0.0776
105493,10,34.75,0,0.6139
105494,10,6.87,0,0.1959
105495,10,39.9,0,0.4735
105496,10,7.37,0,0.235
105497,7,26.6,0,0.945
105498,8,13.78,0,0.945
105499,10,2.44,0,0.2839
105500,10,0.0,0,0.0
105501,10,0.0,0,0.0
105502,10,0.0,0,0.0
105503,10,0.0,0,0.0
105504,10,0.0,0,0.0
105506,10,0.0,0,0.0
105507,10,0.0,0,0.0
105508,10,0.0,0,0.0
105509,10,0.0,0,0.0
105510,10,0.0,0,0.0
105511,10,0.0,0,0.0
105512,10,1.52,0,0.257
105513,10,0.0,0,0.0
105514,10,0.0,0,0.0
105515,10,0.0,0,0.0
105516,10,0.11,0,0.0087
105517,10,11.81,0,0.4788
105518,10,0.0,0,0.0
105519,10,0.0,0,0.0
105520,10,0.0,0,0.0
105521,10,0.0,0,0.0
105522,10,0.0,0,0.0
105523,10,0.0,0,0.0
105524,10,0.0,0,0.0
105525,10,0.0,0,0.0
105526,10,0.0,0,0.0
105529,10,0.0,0,0.0
105530,10,0.0,0,0.0
105531,10,0.51,0,0.5316
105532,10,0.0,0,0.0
105533,10,0.0,0,0.0
105534,10,0.0,0,0.0
105535,10,0.0,0,0.0
105536,10,0.0,0,0.0
105537,10,0.0,0,0.0
105538,10,0.0,0,0.0
105539,10,0.0,0,0.0
105540,10,0.0,0,0.0
105543,10,0.0,0,0.0
105547,10,0.0,0,0.0
105551,10,0.0,0,0.0
105552,10,0.11,0,0.0342
105553,10,0.1,0,0.0464
105554,10,0.0,0,0.0
105555,10,0.0,0,0.0
105556,10,0.0,0,0.0
105557,10,0.0,0,0.0
105558,10,0.0,0,0.0
105559,10,0.0,0,0.0
105560,10,0.0,0,0.0
105561,10,0.0,0,0.0
105563,10,0.0,0,0.0
105564,10,0.0,0,0.0
105565,10,0.0,0,0.0
105566,10,0.0,0,0.0
105567,10,0.0,0,0.0
105568,10,0.0,0,0.0
105569,10,0.0,0,0.0
105570,10,0.0,0,0.0
105571,10,0.0,0,0.0
105572,10,0.0,0,0.0
105573,10,0.0,0,0.0
105574,10,0.0,0,0.0
105575,10,0.0,0,0.0
105576,10,0.0,0,0.0
105602,10,0.0,0,0.0
105603,10,0.0,0,0.0
105604,10,0.0,0,0.0
105605,10,0.0,0,0.0
105616,10,0.0,0,0.0
105617,10,0.0,0,0.0
105618,10,0.0,0,0.0
105619,10,0.0,0,0.0
105620,10,0.0,0,0.0
105621,10,0.0,0,0.0
105622,10,0.0,0,0.0
105623,10,0.0,0,0.0
105624,10,0.0,0,0.0
105625,10,0.0,0,0.0
106173,10,0.0,0,0.0
106174,10,0.0,0,0.0
106175,10,0.0,0,0.0
106176,10,0.0,0,0.0
106177,10,26.24,0,0.5451
106178,8,34.73,0,0.7817
106179,10,36.32,0,0.565
106180,7,38.92,0,0.91
106181,8,29.44,0,0.945
106182,8,7.54,0,0.945
106184,10,0.0,0,0.0
106185,10,0.0,0,0.0
106186,10,0.0,0,0.0
106187,10,0.0,0,0.0
106188,10,0.0,0,0.0
106190,10,0.0,0,0.0
106191,10,0.0,0,0.0
106192,10,0.0,0,0.0
106194,10,0.0,0,0.0
106195,10,0.0,0,0.0
106196,10,0.0,0,0.0
106197,10,0.15,0,0.0704
106198,10,3.95,0,0.3664
106199,10,3.8,0,0.2791
106200,9,2.49,0,0.7579
106201,8,22.44,0,0.7848
106202,10,5.78,0,0.4188
106203,10,1.96,0,0.0504
106204,10,0.0,0,0.0
106205,10,1.22,0,0.0353
106206,10,4.05,0,0.095
106207,10,0.0,0,0.0
106208,10,0.0,0,0.0
106209,10,0.0,0,0.0
106210,10,0.0,0,0.0
106213,10,0.0,0,0.0
106214,10,0.0,0,0.0049
106215,10,0.31,0,0.6601
106216,10,0.0,0,0.0
106217,10,0.0,0,0.0
106218,10,0.0,0,0.0
106219,10,0.0,0,0.0
106220,10,0.0,0,0.0
106221,10,0.0,0,0.0
106222,10,0.0,0,0.0
106223,10,0.0,0,0.0
106224,10,0.0,0,0.0
106225,10,0.0,0,0.0
106235,10,0.0,0,0.0
106236,10,0.0,0,0.0
106237,10,0.0,0,0.0
106238,10,0.0,0,0.0
106239,10,0.0,0,0.0
106240,10,0.0,0,0.0
106241,10,0.0,0,0.0
106242,10,0.0,0,0.0
106243,10,0.0,0,0.0
106244,10,0.0,0,0.0
106245,10,0.0,0,0.0
106246,10,0.0,0,0.0
106247,10,0.0,0,0.0
106248,10,0.0,0,0.0
106249,10,0.0,0,0.0
106250,10,0.0,0,0.0
106251,10,0.0,0,0.0
106252,10,0.0,0,0.0
106253,10,0.0,0,0.0
106254,10,0.0,0,0.0
106255,10,0.0,0,0.0
106256,10,0.0,0,0.0
106257,10,0.0,0,0.0
106258,10,0.0,0,0.0
106259,10,0.0,0,0.0
106260,10,0.0,0,0.0
106261,10,0.0,0,0.0
106286,10,0.0,0,0.0
106287,10,0.0,0,0.0
106288,10,0.0,0,0.0
106289,10,0.0,0,0.0
106290,10,0.0,0,0.0
106291,10,0.0,0,0.0
106294,10,0.0,0,0.0
106295,10,0.0,0,0.0
106296,10,0.0,0,0.0
106297,10,0.0,0,0.0
106298,10,0.0,0,0.0
106299,10,0.0,0,0.0
106300,10,0.0,0,0.0
106301,10,0.0,0,0.0
106302,10,0.0,0,0.0
106303,10,0.0,0,0.0
106304,10,0.0,0,0.0
106305,10,0.0,0,0.0
106306,10,0.0,0,0.0
106307,10,0.0,0,0.0
106308,10,0.0,0,0.0
106858,10,0.0,0,0.0
106859,10,0.0,0,0.0
106860,10,0.0,0,0.0
106861,10,0.01,0,0.0011
106862,8,29.47,0,0.945
106863,7,31.87,0,0.9451
106864,10,13.33,0,0.4375
106865,9,32.87,0,0.8241
106866,9,8.06,0,0.9061
106868,10,0.0,0,0.0
106869,10,0.0,0,0.0
106870,10,0.0,0,0.0
106871,10,0.0,0,0.0
106872,10,0.0,0,0.0
106874,10,0.0,0,0.0
106875,10,0.0,0,0.0
106880,10,0.0,0,0.0
106881,10,0.96,0,0.2876
106882,10,0.0,0,0.0
106883,10,0.0,0,0.0
106884,10,0.06,0,0.0096
106885,10,1.0,0,0.1243
106886,10,1.79,0,0.4467
106887,10,0.18,0,0.0093
106888,10,0.0,0,0.0
106889,10,0.97,0,0.0575
106890,10,1.8,0,0.0466
106891,10,0.0,0,0.0
106892,10,0.0,0,0.0
106893,10,15.93,0,0.5865
106894,10,0.0,0,0.0
106895,10,0.0,0,0.0
106896,10,0.0,0,0.0
106897,10,0.0,0,0.0
106898,10,0.0,0,0.0
106899,10,0.0,0,0.0
106900,10,0.0,0,0.0
106901,10,0.0,0,0.0
106902,10,0.21,0,0.0154
106903,10,0.0,0,0.0
106904,10,0.0,0,0.0
106907,10,0.0,0,0.0
106908,10,0.0,0,0.0
106909,10,0.0,0,0.0
106917,10,0.0,0,0.0
106918,10,0.0,0,0.0
106919,10,0.0,0,0.0
106920,10,0.0,0,0.0
106921,10,0.0,0,0.0
106922,10,0.0,0,0.0
106924,10,0.0,0,0.0
106925,10,0.0,0,0.0
106926,10,0.0,0,0.0
106927,10,0.0,0,0.0
106928,10,0.0,0,0.0
106929,10,0.0,0,0.0
106931,10,2.33,0,0.1359
106932,10,0.0,0,0.0
106933,10,0.0,0,0.0
106934,10,0.0,0,0.0
106935,10,0.0,0,0.0
106936,10,0.0,0,0.0
106937,10,0.0,0,0.0
106938,10,0.0,0,0.0
106939,10,1.44,0,0.0419
106940,10,10.61,0,0.2074
106941,10,0.0,0,0.0
106942,10,0.0,0,0.0
106943,10,0.0,0,0.0
106944,10,0.0,0,0.0
106973,10,0.0,0,0.0
106974,10,0.0,0,0.0
106975,10,0.0,0,0.0
106976,10,0.0,0,0.0
106978,10,0.0,0,0.0
106979,10,0.0,0,0.0
106980,10,0.0,0,0.0
106981,10,0.0,0,0.0
106982,10,0.0,0,0.0
106983,10,0.0,0,0.0
106988,10,0.0,0,0.0
106989,10,0.0,0,0.0
106990,10,0.0,0,0.0
106991,10,0.0,0,0.0
106992,10,0.0,0,0.0
106993,10,0.0,0,0.0
106994,10,0.0,0,0.0
107542,10,0.0,0,0.0
107543,10,0.0,0,0.0
107544,10,0.0,0,0.0
107546,10,13.88,0,0.3175
107548,8,1.32,0,0.945
107549,10,20.77,0,0.2978
107550,10,11.87,0,0.448
107552,10,0.0,0,0.0
107553,10,0.0,0,0.0
107554,10,0.0,0,0.0
107555,10,0.0,0,0.0
107556,10,0.0,0,0.0
107557,10,0.0,0,0.0
107558,10,0.0,0,0.0
107559,10,0.0,0,0.0
107565,10,0.0,0,0.0
107566,10,0.0,0,0.0
107567,10,3.35,0,0.6962
107568,10,0.24,0,0.0354
107569,10,0.0,0,0.0
107570,10,0.0,0,0.0
107571,10,0.0,0,0.0
107572,10,0.0,0,0.0
107573,10,0.0,0,0.0
107574,10,0.0,0,0.0
107575,10,0.0,0,0.0
107576,10,13.37,0,0.1835
107577,10,1.93,0,0.0269
107578,10,0.0,0,0.0
107579,10,0.0,0,0.0
107580,10,0.0,0,0.0
107581,10,0.0,0,0.0
107582,10,0.0,0,0.0
107583,10,0.0,0,0.0
107584,10,0.0,0,0.0
107585,9,1.48,0,0.7382
107586,10,7.48,0,0.1579
107587,10,0.0,0,0.0
107588,10,0.0,0,0.0
107589,10,0.0,0,0.0
107590,10,0.0,0,0.0
107591,10,0.0,0,0.0
107602,10,0.0,0,0.0
107603,10,0.0,0,0.0
107604,10,0.0,0,0.0
107605,10,0.0,0,0.0
107606,10,0.0,0,0.0
107609,10,0.0,0,0.0
107610,10,0.0,0,0.0
107611,10,0.0,0,0.0
107612,10,0.0,0,0.0
107613,10,0.0,0,0.0
107614,10,0.62,0,0.1103
107615,10,2.01,0,0.0868
107616,10,0.0,0,0.0
107617,10,18.56,0,0.3251
107618,10,37.27,0,0.5134
107619,10,14.57,0,0.2215
107620,10,0.0,0,0.0
107621,10,0.0,0,0.0
107622,10,0.0,0,0.0
107623,10,1.13,0,0.0482
107624,10,14.88,0,0.5204
107625,10,2.42,0,0.0769
107626,10,0.0,0,0.0
107627,10,0.0,0,0.0
107628,10,0.0,0,0.0
107629,10,0.0,0,0.0
107630,10,0.0,0,0.0
107657,10,0.0,0,0.0
107658,10,0.0,0,0.0
107659,10,0.0,0,0.0
107660,10,0.0,0,0.0
107661,10,0.0,0,0.0
107662,10,0.0,0,0.0
107663,10,0.0,0,0.0
107664,10,0.0,0,0.0
107665,10,0.0,0,0.0
107666,10,0.0,0,0.0
107667,10,0.0,0,0.0
107677,10,0.0,0,0.0
107678,10,0.0,0,0.0
107679,10,0.0,0,0.0
108227,10,0.0,0,0.0
108229,10,0.0,0,0.0
108230,10,0.79,0,0.0145
108231,10,5.27,0,0.2735
108232,10,7.7,0,0.218
108234,10,0.14,0,0.1729
108236,10,0.0,0,0.0
108237,10,0.0,0,0.0
108238,10,0.0,0,0.0
108239,10,0.0,0,0.0
108240,10,0.0,0,0.0
108241,10,0.0,0,0.0
108242,10,0.0,0,0.0
108248,10,0.0,0,0.0
108249,10,0.0,0,0.0
108250,10,0.0,0,0.0
108251,10,0.26,0,0.0832
108253,10,0.0,0,0.0
108254,10,0.0,0,0.0
108255,10,0.14,0,0.0313
108256,10,0.03,0,0.0062
108257,10,0.0,0,0.0
108258,10,0.0,0,0.0
108259,10,0.0,0,0.0
108260,10,0.0,0,0.0
108261,10,0.0,0,0.0
108262,10,0.0,0,0.0
108263,10,0.0,0,0.0
108264,10,0.0,0,0.0
108265,10,0.0,0,0.0
108266,10,0.0,0,0.0
108267,10,0.0,0,0.0
108268,10,0.6,0,0.5159
108269,10,7.77,0,0.7507
108270,10,0.06,0,0.003
108271,10,0.0,0,0.0
108272,10,0.0,0,0.0
108273,10,0.0,0,0.0
108274,10,0.0,0,0.0
108275,10,0.0,0,0.0
108276,10,0.0,0,0.0
108278,10,0.0,0,0.0
108286,10,0.0,0,0.0
108287,10,0.0,0,0.0
108289,10,0.0,0,0.0
108290,10,0.0,0,0.0
108293,10,0.0,0,0.0
108294,10,0.0,0,0.0
108295,10,0.0,0,0.0
108296,10,0.0,0,0.0
108297,10,0.0,0,0.0
108298,10,0.0,0,0.0
108299,10,0.0,0,0.0
108300,10,0.0,0,0.0
108301,9,60.88,0,0.7019
108302,7,84.38,0,0.9451
108303,9,62.63,0,0.7159
108304,10,11.15,0,0.2204
108305,10,0.0,0,0.0
108306,10,0.0,0,0.0
108307,10,0.0,0,0.0
108308,10,1.88,0,0.0296
108309,10,9.38,0,0.3539
108310,10,0.0,0,0.0
108311,10,0.0,0,0.0
108314,10,0.0,0,0.0
108315,10,0.0,0,0.0
108316,10,0.0,0,0.0
108340,10,0.0,0,0.0
108342,10,0.0,0,0.0
108343,10,0.0,0,0.0
108344,10,0.0,0,0.0
108345,10,0.0,0,0.0
108346,10,0.0,0,0.0
108347,10,0.0,0,0.0
108348,10,0.0,0,0.0
108349,10,0.0,0,0.0
108350,10,0.0,0,0.0
108360,10,0.0,0,0.0
108361,10,0.0,0,0.0
108362,10,0.0,0,0.0
108363,10,0.0,0,0.0
108364,10,0.0,0,0.0
108912,10,0.0,0,0.0
108913,10,0.0,0,0.0
108914,10,3.72,0,0.1239
108915,10,9.12,0,0.2758
108916,10,5.89,0,0.3455
108917,10,0.96,0,0.0436
108918,10,0.0,0,0.0
108919,10,0.0,0,0.0
108920,10,0.0,0,0.0
108921,10,0.0,0,0.0
108922,10,0.0,0,0.0
108923,10,0.0,0,0.0
108924,10,0.0,0,0.0
108925,10,0.0,0,0.0
108926,10,0.0,0,0.0
108928,10,0.0,0,0.0
108929,10,0.0,0,0.0
108930,10,0.0,0,0.0
108931,10,0.0,0,0.0
108932,10,0.0,0,0.0
108933,10,0.0,0,0.0
108934,10,0.0,0,0.0
108935,10,0.56,0,0.6869
108937,10,0.0,0,0.0
108938,10,0.04,0,0.0442
108939,7,2.09,0,0.9236
108940,10,0.03,0,0.1237
108941,10,0.0,0,0.0
108942,10,0.0,0,0.0
108943,10,0.0,0,0.0
108944,10,0.0,0,0.0
108945,10,0.0,0,0.0
108946,10,0.0,0,0.0
108947,10,0.0,0,0.0
108948,10,0.0,0,0.0
108949,10,0.0,0,0.0
108950,10,0.0,0,0.0
108951,10,0.0,0,0.0
108952,8,1.26,0,0.9439
108953,10,11.81,0,0.3309
108954,10,0.0,0,0.0
108955,10,0.0,0,0.0
108956,10,0.0,0,0.0
108957,10,0.0,0,0.0
108958,10,0.0,0,0.0
108960,10,0.0,0,0.0
108970,10,0.0,0,0.0
108971,10,0.0,0,0.0
108972,10,0.0,0,0.0
108973,10,0.0,0,0.0
108974,10,0.0,0,0.0
108976,10,0.0,0,0.0
108977,10,0.0,0,0.0
108978,10,0.0,0,0.0
108979,10,0.0,0,0.0
108980,10,0.0,0,0.0
108981,10,0.0,0,0.0
108982,10,0.0,0,0.0
108983,10,0.0,0,0.0
108984,10,0.0,0,0.0
108985,10,19.18,0,0.2713
108986,10,10.67,0,0.3443
108987,10,5.45,0,0.0776
108988,10,2.4,0,0.0476
108989,10,0.0,0,0.0
108990,10,0.0,0,0.0
108991,10,0.0,0,0.0
108992,10,0.0,0,0.0
108993,10,0.0,0,0.0
108994,10,0.0,0,0.0
108995,10,0.0,0,0.0
109021,10,0.0,0,0.0
109022,10,0.0,0,0.0
109023,10,0.0,0,0.0
109024,10,0.0,0,0.0
109027,10,0.0,0,0.0
109028,10,0.0,0,0.0
109029,10,0.0,0,0.0
109030,10,0.0,0,0.0
109031,10,0.0,0,0.0
109032,10,0.0,0,0.0
109033,10,0.0,0,0.0
109034,10,0.0,0,0.0
109035,10,0.0,0,0.0
109036,10,0.0,0,0.0
109043,10,0.0,0,0.0
109044,10,0.0,0,0.0
109045,10,0.0,0,0.0
109046,10,0.0,0,0.0
109047,10,0.0,0,0.0
109048,10,0.0,0,0.0
109595,10,0.0,0,0.0
109597,10,0.0,0,0.0
109598,10,0.0,0,0.0
109599,10,0.0,0,0.0
109600,10,1.67,0,0.0612
109601,10,9.52,0,0.2748
109602,10,3.53,0,0.4366
109604,10,0.0,0,0.0
109605,10,0.0,0,0.0
109606,10,0.0,0,0.0
109607,10,0.0,0,0.0
109608,10,0.0,0,0.0
109609,10,0.0,0,0.0
109611,10,0.0,0,0.0
109612,10,0.0,0,0.0
109613,10,0.0,0,0.0
109614,10,0.0,0,0.0
109615,10,0.0,0,0.0
109616,10,0.0,0,0.0
109617,10,0.0,0,0.0
109618,10,0.0,0,0.0
109619,8,3.87,0,0.8523
109620,10,0.41,0,0.0698
109621,10,0.0,0,0.0
109622,10,0.2,0,0.3387
109623,10,0.02,0,0.015
109624,10,0.0,0,0.0
109625,10,0.0,0,0.0
109626,10,0.0,0,0.0
109627,10,0.0,0,0.0
109628,10,0.0,0,0.0
109629,10,0.0,0,0.0
109630,10,0.0,0,0.0
109631,10,0.0,0,0.0
109634,10,0.0,0,0.0
109635,10,0.0,0,0.0
109636,10,0.51,0,0.1851
109637,10,12.61,0,0.3549
109638,10,0.0,0,0.0
109639,10,0.0,0,0.0
109640,10,0.57,0,0.6328
109642,10,0.0,0,0.0
109643,10,0.0,0,0.0
109645,10,0.0,0,0.0
109647,10,0.0,0,0.0
109648,10,0.0,0,0.0
109654,10,0.0,0,0.0
109655,10,0.0,0,0.0
109657,10,0.0,0,0.0
109658,10,0.0,0,0.0
109660,10,0.0,0,0.0
109661,10,0.0,0,0.0
109662,10,0.0,0,0.0
109663,10,0.0,0,0.0
109664,10,9.86,0,0.1587
109665,10,0.77,0,0.0393
109666,10,0.0,0,0.0
109667,10,4.15,0,0.0619
109668,10,15.54,0,0.2608
109669,10,15.01,0,0.2136
109670,10,1.77,0,0.0366
109671,10,0.0,0,0.0
109672,10,0.0,0,0.0
109673,10,0.0,0,0.0
109674,10,0.0,0,0.0
109675,10,0.0,0,0.0
109676,10,0.0,0,0.0
109677,10,0.0,0,0.0
109678,10,0.0,0,0.0
109679,10,0.0,0,0.0
109680,10,0.0,0,0.0
109706,10,0.0,0,0.0
109707,10,0.0,0,0.0
109708,10,0.0,0,0.0
109709,10,0.0,0,0.0
109711,10,0.0,0,0.0
109713,10,0.0,0,0.0
109714,10,0.0,0,0.0
109715,10,0.0,0,0.0
109716,10,0.0,0,0.0
109717,10,0.0,0,0.0
109718,10,0.0,0,0.0
109721,10,0.0,0,0.0
109722,10,0.0,0,0.0
109727,10,0.0,0,0.0
109728,10,0.0,0,0.0
109729,10,0.0,0,0.0
109730,10,0.0,0,0.0
109731,10,0.0,0,0.0
109732,10,0.0,0,0.0
110279,10,0.0,0,0.0
110282,10,0.0,0,0.0
110283,10,0.0,0,0.0
110284,10,8.49,0,0.2264
110285,10,2.16,0,0.0432
110286,10,14.03,0,0.3857
110287,10,0.0,0,0.0
110288,10,0.0,0,0.0
110289,10,0.0,0,0.0
110290,10,0.0,0,0.0
110291,10,0.0,0,0.0
110292,10,0.0,0,0.0
110293,10,0.0,0,0.0
110294,10,0.0,0,0.0
110295,10,0.0,0,0.0
110296,10,0.0,0,0.0
110297,10,0.0,0,0.0
110303,10,0.5,0,0.7003
110304,7,3.06,0,0.8682
110305,10,1.78,0,0.4238
110306,10,0.0,0,0.0
110307,10,0.0,0,0.0
110308,10,0.0,0,0.0
110309,10,0.0,0,0.0
110310,10,0.0,0,0.0
110311,10,0.0,0,0.0
110312,10,0.0,0,0.0
110313,10,0.0,0,0.0
110314,10,0.0,0,0.0
110315,10,0.0,0,0.0
110316,10,0.0,0,0.0
110317,10,0.0,0,0.0
110318,10,0.0,0,0.0
110319,10,0.0,0,0.0
110320,10,0.0,0,0.0
110321,10,0.0,0,0.0
110322,10,0.0,0,0.0
110323,10,0.0,0,0.0
110324,10,0.0,0,0.0
110325,10,0.0,0,0.0
110326,10,0.1,0,0.1252
110327,10,0.0,0,0.0
110328,10,0.0,0,0.0
110329,10,0.0,0,0.0
110330,10,0.0,0,0.0
110331,10,0.0,0,0.0
110332,10,0.0,0,0.0
110336,10,0.0,0,0.0
110337,10,0.0,0,0.0
110338,10,0.0,0,0.0
110339,10,0.0,0,0.0
110340,10,0.0,0,0.0
110341,10,0.0,0,0.0
110342,10,0.0,0,0.0
110343,10,0.0,0,0.0
110344,10,0.0,0,0.0
110345,10,0.0,0,0.0
110346,10,0.0,0,0.0
110347,10,0.0,0,0.0
110348,10,0.8,0,0.013
110349,10,0.0,0,0.0
110350,10,0.0,0,0.0
110351,10,1.37,0,0.0198
110352,9,53.42,0,0.7031
110353,10,18.2,0,0.4034
110354,10,1.53,0,0.0257
110355,10,0.0,0,0.0
110356,10,0.0,0,0.0
110357,10,0.0,0,0.0
110358,10,0.0,0,0.0
110359,10,0.0,0,0.0
110360,10,0.0,0,0.0
110361,10,0.0,0,0.0
110362,10,0.0,0,0.0
110363,10,0.0,0,0.0
110364,10,0.0,0,0.0
110387,10,0.0,0,0.0
110388,10,0.0,0,0.0
110389,10,0.0,0,0.0
110390,10,0.0,0,0.0
110391,10,0.0,0,0.0
110392,10,0.0,0,0.0
110393,10,0.0,0,0.0
110396,10,0.0,0,0.0
110397,10,0.0,0,0.0
110398,10,0.0,0,0.0
110399,10,0.0,0,0.0
110400,10,0.0,0,0.0
110401,10,0.0,0,0.0
110402,10,0.0,0,0.0
110411,10,0.0,0,0.0
110412,10,0.0,0,0.0
110413,10,0.0,0,0.0
110414,10,0.0,0,0.0
110415,10,0.0,0,0.0
110416,10,0.0,0,0.0
110963,10,0.0,0,0.0
110964,10,0.0,0,0.0
110966,10,0.17,0,0.0133
110967,10,3.71,0,0.0818
110968,10,39.57,0,0.6817
110969,10,20.91,0,0.3448
110970,10,0.0,0,0.0
110971,10,0.0,0,0.0
110972,10,0.0,0,0.0
110973,10,0.0,0,0.0
110974,10,0.0,0,0.0
110975,10,0.0,0,0.0
110976,10,0.0,0,0.0
110977,10,0.0,0,0.0
110978,10,0.0,0,0.0
110979,10,0.0,0,0.0
110980,10,0.0,0,0.0
110981,10,0.0,0,0.0
110982,10,0.0,0,0.0
110983,10,0.0,0,0.0
110987,10,0.0,0,0.0
110988,10,1.22,0,0.2773
110989,10,1.13,0,0.4754
110990,10,0.0,0,0.0
110991,10,0.0,0,0.0
110992,10,0.0,0,0.0
110993,10,0.0,0,0.0
110994,10,0.0,0,0.0
110995,10,0.0,0,0.0
110996,10,0.48,0,0.0403
110997,10,7.99,0,0.748
110998,10,0.0,0,0.0
110999,10,0.0,0,0.0
111000,10,0.0,0,0.0
111001,10,0.0,0,0.0
111002,10,1.15,0,0.0226
111003,10,0.06,0,0.0017
111004,10,0.0,0,0.0
111005,10,0.0,0,0.0
111006,10,0.0,0,0.0
111007,10,0.0,0,0.0
111008,10,0.0,0,0.0
111009,10,0.23,0,0.5123
111010,9,0.04,0,0.9449
111011,10,0.0,0,0.0
111012,10,0.0,0,0.0
111013,10,0.0,0,0.0
111014,10,0.0,0,0.0
111015,10,0.0,0,0.0
111016,10,0.0,0,0.0
111017,10,0.0,0,0.0
111018,10,0.0,0,0.0
111019,10,0.0,0,0.0
111020,10,0.0,0,0.0
111021,10,0.0,0,0.0
111024,10,0.0,0,0.0
111025,10,0.0,0,0.0
111027,10,0.0,0,0.0
111028,10,0.0,0,0.0
111029,10,0.0,0,0.0
111030,10,0.0,0,0.0
111031,10,0.0,0,0.0
111032,10,0.0,0,0.0
111033,10,0.0,0,0.0
111034,10,0.0,0,0.0
111035,10,0.0,0,0.0
111036,10,15.25,0,0.253
111037,10,2.27,0,0.0529
111038,10,10.33,0,0.1652
111039,10,2.13,0,0.07
111040,10,0.0,0,0.0
111041,10,0.0,0,0.0
111042,10,0.0,0,0.0
111043,10,0.0,0,0.0
111044,10,0.0,0,0.0
111045,10,0.0,0,0.0
111046,10,0.0,0,0.0
111047,10,0.0,0,0.0
111048,10,0.0,0,0.0
111049,10,0.0,0,0.0
111071,10,0.0,0,0.0
111072,10,0.0,0,0.0
111073,10,0.0,0,0.0
111074,10,0.0,0,0.0
111079,10,0.0,0,0.0
111080,10,0.0,0,0.0
111081,10,0.0,0,0.0
111082,10,0.0,0,0.0
111083,10,0.0,0,0.0
111084,10,0.0,0,0.0
111085,10,0.0,0,0.0
111086,10,0.0,0,0.0
111087,10,0.0,0,0.0
111090,10,0.0,0,0.0
111096,10,0.0,0,0.0
111097,10,0.0,0,0.0
111647,10,0.0,0,0.0
111648,10,0.0,0,0.0
111649,10,0.0,0,0.0
111650,10,5.16,0,0.5503
111651,10,11.45,0,0.3182
111652,10,1.58,0,0.0786
111653,10,0.11,0,0.0035
111654,10,1.09,0,0.0235
111655,10,18.73,0,0.3937
111656,10,0.0,0,0.0
111657,10,0.0,0,0.0
111658,10,0.0,0,0.0
111659,10,0.0,0,0.0
111660,10,0.0,0,0.0
111661,10,0.0,0,0.0
111662,10,0.0,0,0.0
111663,10,0.0,0,0.0
111664,10,0.0,0,0.0
111665,10,0.0,0,0.0
111666,10,0.0,0,0.0
111667,10,0.0,0,0.0
111672,10,1.22,0,0.3911
111673,9,4.08,0,0.7327
111674,10,1.73,0,0.3604
111675,10,2.1,0,0.3636
111676,10,0.0,0,0.0
111677,10,0.0,0,0.0
111678,10,0.0,0,0.0
111679,10,0.0,0,0.0
111680,10,0.0,0,0.0
111681,10,1.49,0,0.1083
111682,10,0.0,0,0.0
111683,10,0.0,0,0.0
111684,10,0.0,0,0.0
111685,10,0.0,0,0.0
111686,10,11.73,0,0.2622
111687,10,2.32,0,0.0483
111688,10,0.0,0,0.0
111689,10,0.0,0,0.0
111690,10,0.0,0,0.0
111691,10,0.0,0,0.0
111692,10,0.0,0,0.0
111693,10,0.02,0,0.3768
111694,9,0.56,0,0.7804
111695,10,0.0,0,0.0
111696,10,0.0,0,0.0
111697,10,0.0,0,0.0
111698,10,0.0,0,0.0
111699,10,0.0,0,0.0
111700,10,0.0,0,0.0
111701,10,0.0,0,0.0
111703,10,0.0,0,0.0
111704,10,0.0,0,0.0
111708,10,0.0,0,0.0
111709,10,0.0,0,0.0
111711,10,0.0,0,0.0
111712,10,0.0,0,0.0
111713,10,0.0,0,0.0
111714,10,0.0,0,0.0
111715,10,0.0,0,0.0
111716,10,0.0,0,0.0
111717,10,0.0,0,0.0
111718,10,0.0,0,0.0
111719,10,0.0,0,0.0
111720,10,0.0,0,0.0
111721,10,0.0,0,0.0
111722,10,0.13,0,0.0035
111723,10,5.44,0,0.1171
111724,10,4.9,0,0.1713
111725,10,0.0,0,0.0
111726,10,0.0,0,0.0
111727,10,0.0,0,0.0
111728,10,0.0,0,0.0
111729,10,0.0,0,0.0
111730,10,0.0,0,0.0
111731,10,0.0,0,0.0
111732,10,0.0,0,0.0
111733,10,0.0,0,0.0
111754,10,0.0,0,0.0
111755,10,0.0,0,0.0
111756,10,0.0,0,0.0
111757,10,0.0,0,0.0
111758,10,0.0,0,0.0
111759,10,0.0,0,0.0
111760,10,0.0,0,0.0
111763,10,0.0,0,0.0
111764,10,0.0,0,0.0
111765,10,0.0,0,0.0
111766,10,0.0,0,0.0
111767,10,0.0,0,0.0
111768,10,0.0,0,0.0
111769,10,0.0,0,0.0
111770,10,0.0,0,0.0
111771,10,0.0,0,0.0
112331,10,0.0,0,0.0
112332,10,0.0,0,0.0
112333,10,0.0,0,0.0
112334,10,6.93,0,0.6709
112335,10,25.18,0,0.669
112336,10,4.2,0,0.0759
112337,10,0.0,0,0.0
112338,10,0.0,0,0.0
112339,10,0.0,0,0.0
112340,10,0.0,0,0.0
112341,10,0.0,0,0.0
112342,10,0.0,0,0.0
112343,10,0.0,0,0.0
112344,10,0.0,0,0.0
112345,10,0.0,0,0.0
112346,10,0.0,0,0.0
112350,10,0.0,0,0.0
112356,10,2.49,0,0.5363
112357,9,6.61,0,0.7738
112358,10,1.26,0,0.5104
112359,10,0.26,0,0.0484
112361,10,0.0,0,0.0
112362,10,0.0,0,0.0
112363,10,0.0,0,0.0
112364,10,0.0,0,0.0
112365,10,0.0,0,0.0
112366,10,0.0,0,0.0
112367,10,0.0,0,0.0
112368,10,0.0,0,0.0
112369,10,0.0,0,0.0
112370,10,0.0,0,0.0
112371,10,0.0,0,0.0
112372,10,0.0,0,0.0
112373,10,0.0,0,0.0
112377,10,0.0,0,0.0
112378,10,0.06,0,0.2403
112379,10,0.0,0,0.0
112380,10,0.0,0,0.0
112382,10,0.0,0,0.0
112383,10,0.0,0,0.0
112384,10,0.0,0,0.0
112387,10,0.0,0,0.0
112388,10,0.0,0,0.0
112389,10,0.0,0,0.0
112391,10,0.0,0,0.0
112392,10,0.0,0,0.0
112393,10,0.0,0,0.0
112395,10,0.0,0,0.0
112396,10,0.0,0,0.0
112397,10,0.0,0,0.0
112398,10,0.0,0,0.0
112399,10,0.0,0,0.0
112400,10,0.0,0,0.0
112401,10,0.0,0,0.0
112402,10,0.0,0,0.0
112403,10,0.0,0,0.0
112404,10,0.0,0,0.0
112405,10,20.46,0,0.3183
112406,10,17.75,0,0.2791
112407,10,25.87,0,0.4233
112408,10,0.0,0,0.0
112409,10,0.0,0,0.0
112410,10,0.0,0,0.0
112411,10,0.0,0,0.0
112412,10,0.0,0,0.0
112413,10,0.0,0,0.0
112416,10,0.0,0,0.0
112437,10,0.0,0,0.0
112438,10,0.0,0,0.0
112439,10,0.0,0,0.0
112440,10,0.0,0,0.0
112441,10,0.0,0,0.0
112442,10,0.0,0,0.0
112443,10,0.0,0,0.0
112444,10,0.0,0,0.0
112445,10,0.0,0,0.0
112446,10,0.0,0,0.0
112447,9,0.07,0,0.7761
112448,10,0.33,0,0.1507
112449,10,0.0,0,0.0
112450,10,0.0,0,0.0
112451,10,0.0,0,0.0
112452,10,0.0,0,0.0
112453,10,0.0,0,0.0
112455,10,0.0,0,0.0
113015,10,0.0,0,0.0
113016,10,0.0,0,0.0
113017,10,0.0,0,0.0
113018,10,0.05,0,0.0094
113019,10,5.16,0,0.2493
113020,10,2.78,0,0.0485
113021,10,0.0,0,0.0
113022,10,0.0,0,0.0
113023,10,0.0,0,0.0
113024,10,0.0,0,0.0
113025,10,0.0,0,0.0
113026,10,0.0,0,0.0
113027,10,0.0,0,0.0
113028,10,0.0,0,0.0
113029,10,0.0,0,0.0
113030,10,0.0,0,0.0
113033,10,0.0,0,0.0
113034,10,0.0,0,0.0
113035,10,0.0,0,0.0
113040,10,3.47,0,0.4189
113041,9,6.64,0,0.8337
113042,10,0.12,0,0.0803
113043,10,0.0,0,0.0
113044,10,0.0,0,0.0
113045,10,0.61,0,0.5867
113046,10,0.83,0,0.0722
113047,10,1.03,0,0.3612
113048,10,4.73,0,0.2693
113049,10,6.63,0,0.3193
113050,10,0.0,0,0.0
113051,10,0.0,0,0.0
113052,10,0.0,0,0.0
113053,10,0.0,0,0.0
113054,10,0.0,0,0.0
113055,10,0.0,0,0.0
113056,10,0.0,0,0.0
113057,10,0.0,0,0.0
113058,10,0.0,0,0.0
113059,8,0.3,0,0.9353
113061,10,0.0,0,0.0
113062,10,0.0,0,0.0002
113063,10,0.0,0,0.0
113065,10,0.0,0,0.0
113066,10,0.0,0,0.0
113067,10,0.0,0,0.0
113068,10,0.0,0,0.0
113069,10,0.0,0,0.0
113070,10,0.0,0,0.0
113071,10,0.0,0,0.0
113072,10,0.0,0,0.0
113075,10,0.0,0,0.0
113076,10,0.0,0,0.0
113077,10,0.0,0,0.0
113079,10,0.0,0,0.0
113080,10,0.0,0,0.0
113081,10,0.0,0,0.0
113082,10,0.0,0,0.0
113083,10,0.0,0,0.0
113084,10,0.0,0,0.0
113085,10,0.0,0,0.0
113086,10,0.0,0,0.0
113087,10,0.0,0,0.0
113088,10,0.0,0,0.0
113089,10,6.12,0,0.0846
113090,10,25.77,0,0.2834
113091,9,29.96,0,0.7441
113092,10,0.0,0,0.0
113093,10,0.0,0,0.0
113094,10,0.0,0,0.0
113095,10,3.34,0,0.1243
113096,10,10.31,0,0.3128
113097,10,0.0,0,0.0
113123,10,0.0,0,0.0
113124,10,0.0,0,0.0
113125,10,0.0,0,0.0
113126,10,0.0,0,0.0
113127,10,0.0,0,0.0
113128,10,0.0,0,0.0
113129,10,0.0,0,0.0
113130,10,0.0,0,0.0
113131,10,0.0,0,0.0
113132,10,0.0,0,0.0
113133,10,0.0,0,0.0
113134,10,0.0,0,0.0
113135,10,0.0,0,0.0
113136,10,0.0,0,0.0
113137,10,0.0,0,0.0
113139,10,0.0,0,0.0
113700,10,0.0,0,0.0
113701,10,0.0,0,0.0
113702,10,0.0,0,0.0
113703,10,0.0,0,0.0
113704,10,0.0,0,0.0
113705,10,0.0,0,0.0
113706,10,0.0,0,0.0
113707,10,0.0,0,0.0
113708,10,0.0,0,0.0
113709,10,0.0,0,0.0
113710,10,0.0,0,0.0
113711,10,0.0,0,0.0
113712,10,0.0,0,0.0
113713,10,0.0,0,0.0
113714,10,0.0,0,0.0
113715,10,0.0,0,0.0
113717,10,0.0,0,0.0
113718,10,0.0,0,0.0
113719,10,0.0,0,0.0
113724,10,0.04,0,0.0454
113725,10,1.94,0,0.3519
113726,10,0.55,0,0.2351
113727,10,0.21,0,0.0176
113728,10,0.91,0,0.3669
113729,9,5.75,0,0.7334
113730,10,0.47,0,0.1256
113731,8,9.46,0,0.8867
113732,9,13.17,0,0.7441
113733,10,7.49,0,0.5329
113734,10,0.0,0,0.0
113735,10,0.0,0,0.0
113736,10,0.0,0,0.0
113737,10,0.0,0,0.0
113738,10,0.0,0,0.0
113739,10,0.0,0,0.0
113740,10,0.0,0,0.0
113741,10,0.0,0,0.0
113742,10,0.0,0,0.0
113743,10,0.0,0,0.0
113744,10,0.0,0,0.0
113745,8,0.52,0,0.945
113746,10,0.0,0,0.0
113747,10,0.0,0,0.0
113749,10,0.0,0,0.0
113750,10,0.0,0,0.0
113751,10,0.0,0,0.0
113753,10,0.0,0,0.0
113754,10,2.23,0,0.0615
113755,10,0.67,0,0.0424
113756,10,0.0,0,0.0
113758,10,0.0,0,0.0
113759,10,0.0,0,0.0
113760,10,0.0,0,0.0
113761,10,0.0,0,0.0
113762,10,0.0,0,0.0
113763,10,0.0,0,0.0
113765,10,0.0,0,0.0
113766,10,0.0,0,0.0
113767,10,0.0,0,0.0
113768,10,0.0,0,0.0
113769,10,0.0,0,0.0
113770,10,0.0,0,0.0
113771,10,0.0,0,0.0
113772,10,11.68,0,0.2078
113773,10,5.62,0,0.1023
113774,10,2.82,0,0.0418
113775,10,17.48,0,0.4078
113776,10,0.0,0,0.0
113778,10,0.09,0,0.0188
113779,10,2.04,0,0.0601
113780,10,1.67,0,0.1616
113781,10,0.0,0,0.0
113782,10,0.0,0,0.0
113807,10,0.0,0,0.0
113808,10,0.0,0,0.0
113810,10,0.0,0,0.0
113811,10,0.0,0,0.0
113812,10,0.0,0,0.0
113813,10,0.0,0,0.0
113814,10,0.0,0,0.0
113815,10,0.0,0,0.0
113816,10,0.0,0,0.0
113817,10,0.0,0,0.0
113818,10,0.0,0,0.0
113821,10,0.0,0,0.0
114384,10,0.0,0,0.0
114385,10,0.0,0,0.0
114386,10,0.0,0,0.0
114387,10,0.0,0,0.0
114388,10,0.0,0,0.0
114389,10,0.0,0,0.0
114390,10,0.0,0,0.0
114391,10,0.0,0,0.0
114392,10,3.92,0,0.1185
114393,10,0.0,0,0.0
114394,10,0.0,0,0.0
114395,10,0.0,0,0.0
114396,10,0.0,0,0.0
114397,10,0.0,0,0.0
114398,10,0.0,0,0.0
114399,10,0.0,0,0.0
114403,10,0.0,0,0.0
114404,10,0.0,0,0.0
114405,10,0.0,0,0.0
114406,10,0.0,0,0.0
114408,10,0.79,0,0.6394
114409,9,2.78,0,0.7169
114410,7,7.17,0,0.9451
114411,8,0.91,0,0.8605
114412,10,0.86,0,0.3399
114413,10,0.66,0,0.1217
114414,10,0.0,0,0.0
114415,10,3.81,0,0.3735
114416,10,1.13,0,0.0398
114417,10,3.77,0,0.239
114418,10,0.0,0,0.0
114419,10,0.0,0,0.0
114420,10,0.03,0,0.0044
114421,10,0.0,0,0.0
114422,10,0.0,0,0.0
114423,10,0.0,0,0.0
114424,10,16.42,0,0.3588
114425,10,1.5,0,0.0334
114426,10,9.35,0,0.3026
114427,10,7.71,0,0.1976
114428,10,0.0,0,0.0
114429,10,0.89,0,0.2686
114430,10,0.0,0,0.0
114431,10,0.0,0,0.0
114433,10,0.83,0,0.0365
114434,10,1.43,0,0.1324
114435,10,0.0,0,0.0
114436,10,0.0,0,0.0
114437,10,0.0,0,0.0
114438,10,0.15,0,0.0064
114439,10,0.0,0,0.0
114441,10,0.0,0,0.0
114442,10,0.0,0,0.0
114443,10,0.0,0,0.0
114444,10,0.0,0,0.0
114445,10,0.0,0,0.0
114446,10,0.0,0,0.0
114447,10,0.0,0,0.0
114448,10,0.0,0,0.0
114449,10,0.0,0,0.0
114450,10,0.0,0,0.0
114451,10,0.0,0,0.0
114452,10,0.0,0,0.0
114453,10,0.0,0,0.0
114454,10,0.0,0,0.0
114455,10,0.0,0,0.0
114456,10,0.0,0,0.0
114457,10,0.0,0,0.0
114458,10,0.0,0,0.0
114459,10,0.0,0,0.0
114460,10,0.0,0,0.0
114461,10,0.89,0,0.2253
114462,10,21.97,0,0.5712
114463,10,0.0,0,0.0
114464,10,0.0,0,0.0
114465,10,0.0,0,0.0
114466,10,0.0,0,0.0
114467,10,0.0,0,0.0
114468,10,0.0,0,0.0
114493,10,0.0,0,0.0
114494,10,0.0,0,0.0
114495,10,0.0,0,0.0
114496,10,0.0,0,0.0
114497,10,0.0,0,0.0
114498,10,0.0,0,0.0
114499,10,0.0,0,0.0
114500,10,0.0,0,0.0
114501,10,0.0,0,0.0
114502,10,0.0,0,0.0
114503,10,0.0,0,0.0
114510,10,0.0,0,0.0
114511,10,0.0,0,0.0
114512,10,0.0,0,0.0
114513,10,0.0,0,0.0
114515,10,0.0,0,0.0
115070,10,0.0,0,0.0
115071,10,0.0,0,0.0
115072,10,0.07,0,0.0024
115073,10,0.0,0,0.0
115074,10,0.0,0,0.0
115075,10,0.0,0,0.0
115076,10,25.47,0,0.6244
115077,10,7.34,0,0.652
115078,10,0.0,0,0.0
115080,10,0.0,0,0.0
115081,10,0.0,0,0.0
115082,10,0.0,0,0.0
115083,10,0.0,0,0.0
115086,10,0.0,0,0.0
115087,10,0.0,0,0.0
115088,10,0.0,0,0.0
115089,10,0.0,0,0.0
115090,10,0.0,0,0.0
115093,7,0.24,0,0.9451
115094,7,8.43,0,0.9395
115095,10,1.22,0,0.219
115096,10,0.0,0,0.0
115097,10,0.0,0,0.0
115099,10,0.0,0,0.0
115100,10,0.0,0,0.0
115101,10,0.0,0,0.0
115102,10,0.58,0,0.2378
115103,10,10.31,0,0.2969
115104,10,7.4,0,0.4007
115105,10,0.0,0,0.0
115106,10,0.0,0,0.0
115107,10,0.0,0,0.0
115108,10,0.03,0,0.001
115109,10,0.0,0,0.0
115110,10,23.67,0,0.4613
115111,10,17.96,0,0.5343
115112,10,0.0,0,0.0038
115113,10,1.14,0,0.2246
115114,10,0.0,0,0.0
115115,10,0.0,0,0.0
115116,10,0.0,0,0.0
115119,10,0.0,0,0.0
115120,10,0.0,0,0.0
115121,10,0.0,0,0.0
115122,10,0.0,0,0.0
115123,10,0.0,0,0.0
115125,10,0.0,0,0.0
115126,10,0.0,0,0.0
115127,10,0.0,0,0.0
115128,10,0.0,0,0.0
115129,10,0.0,0,0.0
115130,10,0.0,0,0.0
115131,10,0.0,0,0.0
115132,10,0.0,0,0.0
115133,10,0.0,0,0.0
115134,10,0.0,0,0.0
115135,10,0.0,0,0.0
115136,10,0.0,0,0.0
115137,10,0.0,0,0.0
115138,10,0.0,0,0.0
115139,10,25.48,0,0.2341
115140,10,2.57,0,0.115
115141,10,1.07,0,0.098
115142,10,4.75,0,0.3949
115143,10,0.18,0,0.0436
115144,10,3.48,0,0.3761
115145,6,11.7,0,0.8469
115146,9,3.59,0,0.5512
115147,10,0.0,0,0.0
115148,10,0.0,0,0.0
115150,10,0.0,0,0.0
115151,10,0.0,0,0.0
115177,10,0.0,0,0.0
115178,10,0.0,0,0.0
115180,10,0.0,0,0.0
115181,10,0.0,0,0.0
115182,10,0.0,0,0.0
115183,10,0.0,0,0.0
115184,10,0.0,0,0.0
115185,10,0.0,0,0.0
115186,10,0.0,0,0.0
115187,10,0.0,0,0.0
115195,10,0.0,0,0.0
115196,10,0.0,0,0.0
115197,10,0.0,0,0.0
115198,10,0.0,0,0.0
115199,10,0.0,0,0.0
115200,10,0.0,0,0.0
115754,10,0.0,0,0.0
115755,10,0.0,0,0.0
115756,10,24.53,0,0.3681
115757,10,0.0,0,0.0
115758,10,0.0,0,0.0
115759,10,0.0,0,0.0
115760,10,11.31,0,0.2336
115761,10,5.07,0,0.1378
115762,10,0.0,0,0.0
115763,10,0.0,0,0.0
115764,10,0.0,0,0.0
115765,10,0.0,0,0.0
115766,10,0.0,0,0.0
115770,10,0.0,0,0.0
115771,10,0.0,0,0.0
115772,10,0.0,0,0.0
115773,10,0.0,0,0.0
115774,10,0.0,0,0.0
115779,10,0.0,0,0.0
115780,10,0.0,0,0.0
115781,10,0.0,0,0.0
115783,10,0.0,0,0.0
115784,10,0.0,0,0.0
115785,10,0.0,0,0.0
115786,10,6.22,0,0.2325
115787,10,7.09,0,0.1284
115788,10,0.0,0,0.0
115789,10,0.0,0,0.0
115790,10,0.0,0,0.0
115791,10,0.0,0,0.0
115792,10,0.0,0,0.0
115793,10,0.0,0,0.0
115794,10,16.12,0,0.2677
115795,10,0.0,0,0.0
115796,10,0.06,0,0.0052
115797,10,0.3,0,0.1513
115798,10,0.0,0,0.0
115799,10,0.0,0,0.0
115800,10,0.0,0,0.0
115801,10,0.0,0,0.0
115802,10,0.0,0,0.0
115803,10,0.0,0,0.0
115806,10,0.0,0,0.0
115807,10,0.0,0,0.0
115808,10,0.0,0,0.0
115809,10,0.0,0,0.0
115810,10,0.0,0,0.0
115811,10,0.0,0,0.0
115812,10,0.0,0,0.0
115813,10,0.55,0,0.367
115814,10,0.0,0,0.0
115815,10,0.0,0,0.0
115816,10,0.0,0,0.0
115817,10,0.0,0,0.0
115818,10,0.0,0,0.0
115819,10,0.0,0,0.0
115820,10,0.0,0,0.0
115821,10,0.0,0,0.0
115822,10,0.0,0,0.0
115823,10,12.66,0,0.1946
115824,10,8.01,0,0.4227
115825,10,1.71,0,0.1694
115826,10,0.37,0,0.4661
115827,10,0.0,0,0.0
115828,10,2.81,0,0.3922
115829,6,8.66,0,0.914
115831,10,0.0,0,0.0
115832,10,0.0,0,0.0
115833,10,0.0,0,0.0
115834,10,0.0,0,0.0
115835,10,0.0,0,0.0
115836,10,0.0,0,0.0
115863,10,0.0,0,0.0
115864,10,0.0,0,0.0
115865,10,0.0,0,0.0
115866,10,0.0,0,0.0
115869,10,0.0,0,0.0
115878,10,0.0,0,0.0
115879,10,0.0,0,0.0
115880,10,0.0,0,0.0
115881,10,0.0,0,0.0
115882,10,0.0,0,0.0
115883,10,0.0,0,0.0
115884,10,0.0,0,0.0
116438,10,0.0,0,0.0
116439,10,0.0,0,0.0
116440,10,5.5,0,0.1075
116441,10,0.0,0,0.0
116442,10,0.0,0,0.0
116443,10,0.0,0,0.0
116444,10,0.0,0,0.0
116445,10,0.0,0,0.0
116446,10,0.0,0,0.0
116447,10,0.0,0,0.0
116448,10,0.0,0,0.0
116449,10,0.0,0,0.0
116450,10,0.0,0,0.0
116456,10,0.0,0,0.0
116459,10,0.0,0,0.0
116460,10,0.0,0,0.0
116463,10,0.0,0,0.0
116464,10,0.0,0,0.0
116465,10,0.0,0,0.0
116468,10,0.0,0,0.0
116469,10,0.0,0,0.0
116470,10,0.0,0,0.0
116471,10,0.0,0,0.0
116472,10,0.0,0,0.0
116473,10,0.0,0,0.0
116474,10,0.0,0,0.0
116475,10,0.0,0,0.0
116476,10,0.0,0,0.0
116477,10,0.0,0,0.0
116478,10,2.62,0,0.0449
116479,10,0.0,0,0.0
116480,10,0.0,0,0.0
116481,10,0.0,0,0.0
116483,10,0.0,0,0.0
116485,10,0.0,0,0.0
116486,10,0.0,0,0.0
116491,10,0.0,0,0.0
116492,10,0.0,0,0.0
116493,10,0.0,0,0.0
116494,10,0.0,0,0.0
116495,10,0.0,0,0.0
116496,10,0.0,0,0.0
116497,10,0.0,0,0.0
116498,10,0.0,0,0.0
116499,10,0.0,0,0.0
116500,10,0.0,0,0.0
116501,10,0.0,0,0.0
116502,10,0.0,0,0.0
116503,10,0.0,0,0.0
116504,10,0.0,0,0.0
116505,10,0.0,0,0.0
116506,10,0.13,0,0.004
116507,10,0.0,0,0.0
116508,10,0.0,0,0.0
116509,10,0.0,0,0.0
116510,10,0.0,0,0.0
116512,10,0.0,0,0.0
116513,10,0.0,0,0.0
116514,10,0.0,0,0.0
116515,10,0.0,0,0.0
116516,10,0.0,0,0.0
116517,10,0.0,0,0.0
116518,10,0.0,0,0.0
116519,10,0.0,0,0.0
116547,10,0.0,0,0.0
116548,10,0.0,0,0.0
116549,10,0.0,0,0.0
116550,10,0.0,0,0.0
116560,10,0.0,0,0.0
116561,10,0.0,0,0.0
116562,10,0.0,0,0.0
116563,10,0.0,0,0.0
116564,10,0.0,0,0.0
116565,10,0.0,0,0.0
116566,10,0.0,0,0.0
116567,10,0.0,0,0.0
116568,10,0.0,0,0.0
117122,10,0.0,0,0.0
117123,10,0.0,0,0.0
117124,10,0.0,0,0.0
117125,10,0.0,0,0.0
117126,10,0.0,0,0.0
117127,10,0.0,0,0.0
117128,10,0.0,0,0.0
117129,10,1.46,0,0.0372
117130,10,0.0,0,0.0
117131,10,0.0,0,0.0
117132,10,0.0,0,0.0
117140,10,0.0,0,0.0
117144,10,0.0,0,0.0
117147,10,0.0,0,0.0
117148,10,3.33,0,0.1282
117149,10,4.0,0,0.306
117150,10,0.0,0,0.0
117151,10,0.0,0,0.0
117152,10,0.0,0,0.0
117153,10,0.0,0,0.0
117154,10,0.0,0,0.0
117155,10,0.0,0,0.0
117156,10,0.0,0,0.0
117157,10,0.0,0,0.0
117158,10,0.0,0,0.0
117159,10,0.0,0,0.0
117160,10,0.0,0,0.0
117161,10,0.0,0,0.0
117162,10,0.0,0,0.0
117163,10,0.0,0,0.0
117164,10,0.0,0,0.0
117165,10,0.0,0,0.0
117166,10,0.0,0,0.0
117167,10,0.0,0,0.0
117168,10,0.0,0,0.0
117169,10,3.59,0,0.2607
117170,10,0.0,0,0.0
117176,10,0.0,0,0.0
117177,10,0.0,0,0.0
117178,10,0.0,0,0.0
117179,10,0.0,0,0.0
117180,10,0.0,0,0.0
117181,10,0.0,0,0.0
117182,10,0.0,0,0.0
117183,10,0.0,0,0.0
117184,10,0.0,0,0.0
117185,10,0.0,0,0.0
117186,10,0.0,0,0.0
117187,10,1.61,0,0.0778
117188,10,23.24,0,0.4891
117189,10,27.61,0,0.5592
117190,8,27.55,0,0.8611
117191,10,3.53,0,0.5709
117192,10,0.0,0,0.0
117193,10,0.0,0,0.0
117194,10,0.0,0,0.0
117195,10,0.0,0,0.0
117196,10,0.0,0,0.0
117197,10,0.0,0,0.0
117198,10,0.0,0,0.0
117199,10,0.0,0,0.0
117200,10,0.0,0,0.0
117201,10,0.0,0,0.0
117227,10,0.0,0,0.0
117228,10,0.0,0,0.0
117230,10,0.0,0,0.0
117231,10,0.0,0,0.0
117232,10,0.0,0,0.0
117233,10,0.0,0,0.0
117234,10,0.0,0,0.0
117235,10,0.0,0,0.0
117236,10,0.0,0,0.0
117241,10,0.0,0,0.0
117242,10,0.0,0,0.0
117243,10,0.0,0,0.0
117244,10,0.0,0,0.0
117245,10,0.0,0,0.0
117246,10,0.0,0,0.0
117247,10,0.0,0,0.0
117248,10,0.0,0,0.0
117249,10,0.0,0,0.0
117250,10,0.0,0,0.0
117251,10,0.0,0,0.0
117252,10,0.0,0,0.0
117804,10,0.0,0,0.0
117805,10,0.0,0,0.0
117806,10,0.0,0,0.0
117807,10,0.0,0,0.0
117808,10,0.0,0,0.0
117809,10,0.0,0,0.0
117810,10,0.0,0,0.0
117811,10,0.0,0,0.0
117812,10,0.03,0,0.0015
117813,10,5.95,0,0.209
117814,10,0.0,0,0.0
117815,10,0.0,0,0.0
117816,10,0.0,0,0.0
117825,10,0.0,0,0.0
117831,10,0.0,0,0.0
117832,8,8.67,0,0.945
117833,7,15.94,0,0.945
117834,10,0.0,0,0.0
117835,10,0.0,0,0.0
117836,10,0.0,0,0.0
117837,10,0.0,0,0.0
117838,10,0.0,0,0.0
117839,10,0.0,0,0.0
117840,10,0.0,0,0.0
117841,10,0.0,0,0.0
117842,10,0.0,0,0.0
117843,10,0.0,0,0.0
117844,10,0.0,0,0.0
117845,10,0.0,0,0.0
117846,10,0.0,0,0.0
117847,10,0.0,0,0.0
117848,10,0.0,0,0.0
117849,10,0.0,0,0.0
117850,10,0.0,0,0.0
117851,10,0.0,0,0.0
117852,10,24.23,0,0.5471
117853,9,20.96,0,0.8337
117854,10,0.0,0,0.0
117858,10,0.0,0,0.0
117859,10,0.0,0,0.0
117860,10,0.0,0,0.0
117861,10,0.0,0,0.0
117862,10,0.0,0,0.0
117863,10,0.0,0,0.0
117864,10,2.07,0,0.5575
117865,10,0.0,0,0.0
117866,10,0.0,0,0.0
117867,10,0.0,0,0.0
117868,10,0.0,0,0.0
117869,10,0.04,0,0.0021
117870,10,0.07,0,0.004
117871,10,12.5,0,0.2252
117872,10,11.76,0,0.3656
117873,10,4.04,0,0.3724
117874,10,4.21,0,0.6919
117875,10,0.11,0,0.0178
117876,10,0.0,0,0.0
117877,10,0.0,0,0.0
117878,10,0.0,0,0.0
117879,10,0.0,0,0.0
117880,10,0.0,0,0.0
117881,10,0.0,0,0.0
117882,10,0.0,0,0.0
117883,10,0.0,0,0.0
117884,10,0.0,0,0.0
117885,10,0.0,0,0.0
117886,10,0.0,0,0.0
117911,10,0.0,0,0.0
117912,10,0.0,0,0.0
117913,10,0.0,0,0.0
117914,10,0.0,0,0.0
117915,10,0.0,0,0.0
117916,10,0.0,0,0.0
117917,10,0.0,0,0.0
117919,10,0.0,0,0.0
117920,10,0.0,0,0.0
117925,10,5.28,0,0.5374
117926,10,0.72,0,0.0792
117927,10,0.0,0,0.0
117928,10,0.0,0,0.0
117929,10,0.0,0,0.0
117930,10,0.0,0,0.0
117931,10,0.0,0,0.0
117932,10,0.0,0,0.0
117933,10,0.0,0,0.0
117934,10,0.0,0,0.0
117935,10,0.0,0,0.0
117936,10,0.0,0,0.0
117937,10,0.0,0,0.0
118488,10,0.0,0,0.0
118489,10,0.0,0,0.0
118490,10,0.0,0,0.0
118491,10,0.0,0,0.0
118492,10,0.0,0,0.0
118493,10,0.0,0,0.0
118494,10,0.0,0,0.0
118495,10,0.0,0,0.0
118496,10,0.0,0,0.0
118497,10,0.0,0,0.0
118498,10,0.0,0,0.0
118499,10,0.0,0,0.0
118500,10,0.0,0,0.0
118508,10,0.0,0,0.0
118509,10,0.0,0,0.0
118510,10,0.0,0,0.0
118516,10,0.4,0,0.155
118517,10,2.42,0,0.157
118518,10,0.0,0,0.0
118519,10,0.0,0,0.0
118520,10,0.0,0,0.0
118521,10,0.0,0,0.0
118522,10,0.0,0,0.0
118523,10,0.0,0,0.0
118524,10,0.0,0,0.0
118525,10,0.0,0,0.0
118526,10,0.0,0,0.0
118527,10,0.0,0,0.0
118528,10,0.0,0,0.0
118529,10,0.0,0,0.0
118530,10,0.0,0,0.0
118531,10,0.0,0,0.0
118532,10,0.0,0,0.0
118533,10,0.0,0,0.0
118534,10,0.0,0,0.0
118535,10,0.0,0,0.0
118536,10,9.59,0,0.232
118537,9,12.09,0,0.8211
118538,10,0.0,0,0.0
118541,10,0.0,0,0.0
118542,10,0.0,0,0.0
118543,10,0.0,0,0.0
118544,10,0.0,0,0.0
118545,10,0.0,0,0.0
118546,10,0.0,0,0.0
118547,10,1.23,0,0.1631
118548,10,3.41,0,0.5068
118549,10,0.07,0,0.0488
118550,10,0.0,0,0.0
118551,10,0.0,0,0.0
118552,10,0.0,0,0.0
118553,10,16.43,0,0.4494
118554,10,2.32,0,0.0668
118555,10,0.0,0,0.0
118556,10,0.0,0,0.0
118557,10,0.0,0,0.0
118558,10,0.0,0,0.0
118559,10,0.0,0,0.0
118560,10,0.0,0,0.0
118561,10,0.0,0,0.0
118562,10,0.0,0,0.0
118563,10,0.0,0,0.0
118564,10,0.0,0,0.0
118565,10,0.0,0,0.0
118566,10,0.0,0,0.0
118567,10,0.0,0,0.0
118568,10,0.0,0,0.0
118569,10,0.0,0,0.0
118570,10,0.0,0,0.0
118595,10,0.0,0,0.0
118596,10,0.0,0,0.0
118597,10,0.0,0,0.0
118598,10,0.0,0,0.0
118599,10,0.0,0,0.0
118600,10,0.0,0,0.0
118601,10,0.0,0,0.0
118603,10,0.0,0,0.0
118604,10,0.0,0,0.0
118605,10,0.0,0,0.0
118606,10,0.0,0,0.0
118609,8,6.83,0,0.945
118610,10,17.22,0,0.5957
118611,10,0.0,0,0.0
118614,10,0.0,0,0.0
118615,10,0.0,0,0.0
118616,10,0.0,0,0.0
118617,10,0.0,0,0.0
118618,10,0.0,0,0.0
118619,10,0.0,0,0.0
118620,10,0.0,0,0.0
118621,10,0.0,0,0.0
119172,9,15.9,0,0.8445
119173,10,0.0,0,0.0
119174,10,0.0,0,0.0
119175,10,0.0,0,0.0
119176,10,0.0,0,0.0
119177,10,0.0,0,0.0
119178,10,0.0,0,0.0
119179,10,0.0,0,0.0
119180,10,0.0,0,0.0
119181,10,0.0,0,0.0
119182,10,0.0,0,0.0
119183,10,0.0,0,0.0
119184,10,0.0,0,0.0
119185,10,0.0,0,0.0
119194,10,0.0,0,0.0
119200,10,0.0,0,0.0
119201,10,0.0,0,0.0
119202,10,0.0,0,0.0
119203,10,0.0,0,0.0
119205,10,0.0,0,0.0
119206,10,0.0,0,0.0
119207,10,0.0,0,0.0
119208,10,0.0,0,0.0
119209,10,0.0,0,0.0
119210,10,0.0,0,0.0
119211,10,0.0,0,0.0
119212,10,0.0,0,0.0
119213,10,0.0,0,0.0
119214,10,7.37,0,0.1844
119215,10,0.03,0,0.001
119216,10,0.0,0,0.0
119217,10,0.0,0,0.0
119218,10,0.0,0,0.0
119219,10,0.0,0,0.0
119220,10,0.0,0,0.0
119221,10,0.0,0,0.0
119222,10,0.0,0,0.0
119224,10,2.27,0,0.5396
119225,10,0.0,0,0.0
119226,10,0.08,0,0.0031
119227,10,0.0,0,0.0
119228,10,0.0,0,0.0
119229,10,0.0,0,0.0
119230,10,0.0,0,0.0003
119231,10,5.12,0,0.3374
119232,10,0.04,0,0.0037
119233,10,0.0,0,0.0
119234,10,0.0,0,0.0
119235,10,0.0,0,0.0
119236,10,0.0,0,0.0
119237,10,7.44,0,0.1869
119238,10,0.93,0,0.0242
119239,10,0.0,0,0.0
119240,10,0.0,0,0.0
119241,10,0.0,0,0.0
119242,10,0.0,0,0.0
119243,10,0.0,0,0.0
119244,10,0.0,0,0.0
119245,10,0.0,0,0.0
119246,10,0.0,0,0.0
119247,10,0.0,0,0.0
119249,10,0.0,0,0.0
119250,10,0.0,0,0.0
119252,10,0.0,0,0.0
119278,10,0.0,0,0.0
119279,10,0.0,0,0.0
119280,10,0.0,0,0.0
119281,10,0.0,0,0.0
119282,10,0.0,0,0.0
119283,10,0.0,0,0.0
119284,10,0.0,0,0.0
119285,10,0.0,0,0.0
119286,10,0.0,0,0.0
119287,10,0.0,0,0.0
119288,10,0.0,0,0.0
119289,10,0.0,0,0.0
119293,9,2.42,0,0.9088
119294,10,18.57,0,0.7228
119295,10,0.0,0,0.0
119296,10,0.0,0,0.0
119298,10,0.0,0,0.0
119299,10,0.0,0,0.0
119300,10,0.0,0,0.0
119301,10,0.0,0,0.0
119303,10,0.0,0,0.0
119304,10,0.0,0,0.0
119305,10,0.0,0,0.0
119306,10,0.0,0,0.0
119857,10,0.0,0,0.0
119858,10,0.0,0,0.0
119859,10,4.01,0,0.0989
119860,10,0.0,0,0.0
119861,10,0.0,0,0.0
119862,10,0.0,0,0.0
119863,10,0.0,0,0.0
119864,10,0.0,0,0.0
119865,10,0.0,0,0.0
119866,10,0.0,0,0.0
119867,10,0.0,0,0.0
119868,10,0.0,0,0.0
119869,10,0.0,0,0.0
119870,10,0.0,0,0.0
119878,10,0.0,0,0.0
119884,10,0.0,0,0.0
119885,10,0.0,0,0.0
119887,10,0.0,0,0.0
119893,10,0.0,0,0.0
119894,10,0.0,0,0.0
119895,10,0.0,0,0.0
119896,10,0.0,0,0.0
119897,10,0.0,0,0.0
119898,10,0.0,0,0.0
119899,10,0.0,0,0.0
119900,10,0.0,0,0.0
119901,10,0.0,0,0.0
119902,10,0.0,0,0.0
119903,10,0.0,0,0.0
119904,10,0.0,0,0.0
119905,10,0.0,0,0.0
119906,10,0.0,0,0.0
119907,10,0.0,0,0.0
119908,9,2.85,0,0.7671
119909,10,0.0,0,0.0
119910,10,0.0,0,0.0
119911,10,0.0,0,0.0
119912,10,0.0,0,0.0
119913,10,0.0,0,0.0
119914,10,0.64,0,0.1206
119915,10,0.0,0,0.0
119916,10,0.0,0,0.0
119917,10,0.0,0,0.0
119918,10,0.0,0,0.0
119919,10,0.0,0,0.0
119920,10,10.83,0,0.3628
119921,10,13.6,0,0.3762
119922,10,0.0,0,0.0
119923,10,0.0,0,0.0
119924,10,0.0,0,0.0
119925,10,0.0,0,0.0
119926,10,0.0,0,0.0
119927,10,0.0,0,0.0
119928,10,0.0,0,0.0
119929,10,0.0,0,0.0
119930,10,0.0,0,0.0
119931,10,0.0,0,0.0
119933,10,0.0,0,0.0
119937,10,0.0,0,0.0
119963,10,0.0,0,0.0
119964,10,0.0,0,0.0
119965,10,0.0,0,0.0
119966,10,0.0,0,0.0
119967,10,0.0,0,0.0
119968,10,0.0,0,0.0
119969,10,0.0,0,0.0
119970,10,0.0,0,0.0
119971,10,0.0,0,0.0
119972,10,0.0,0,0.0
119973,10,0.0,0,0.0
119974,10,0.0,0,0.0
119975,10,0.0,0,0.0
119977,10,0.0,0,0.0
119978,10,17.21,0,0.5886
119979,10,0.0,0,0.0
119980,10,0.0,0,0.0
119981,10,0.0,0,0.0
119982,10,0.0,0,0.0
119983,10,0.0,0,0.0
119984,10,0.0,0,0.0
119985,10,0.0,0,0.0
119986,10,0.0,0,0.0
119987,10,0.0,0,0.0
119988,10,0.0,0,0.0
119989,10,0.0,0,0.0
119990,10,0.0,0,0.0
120542,10,0.0,0,0.0
120543,10,0.58,0,0.1209
120544,10,0.0,0,0.0
120545,10,0.0,0,0.0
120546,10,0.0,0,0.0
120547,10,0.0,0,0.0
120548,10,0.0,0,0.0
120549,10,0.0,0,0.0
120550,10,0.0,0,0.0
120551,10,0.0,0,0.0
120552,10,0.0,0,0.0
120553,10,0.0,0,0.0
120554,10,0.0,0,0.0
120555,10,0.0,0,0.0
120568,10,0.0,0,0.0
120569,10,0.0,0,0.0
120571,10,0.0,0,0.0
120577,8,0.49,0,0.9449
120578,10,0.15,0,0.0277
120579,10,0.0,0,0.0
120580,10,0.0,0,0.0
120581,10,0.0,0,0.0
120582,10,0.0,0,0.0
120583,10,0.0,0,0.0
120584,10,0.0,0,0.0
120585,10,0.0,0,0.0
120586,10,0.0,0,0.0
120587,10,0.0,0,0.0
120588,10,0.0,0,0.0
120589,10,0.0,0,0.0
120590,10,0.0,0,0.0
120592,10,0.34,0,0.0964
120593,10,0.0,0,0.0
120594,10,0.0,0,0.0
120595,10,0.0,0,0.0
120596,10,0.0,0,0.0
120597,10,0.0,0,0.0
120598,10,0.0,0,0.0
120599,10,0.0,0,0.0
120600,10,0.0,0,0.0
120601,10,0.0,0,0.0
120602,10,0.0,0,0.0
120603,10,0.0,0,0.0
120604,10,0.0,0,0.0
120605,10,0.0,0,0.0
120606,10,0.0,0,0.0
120607,10,0.0,0,0.0
120608,10,0.0,0,0.0
120609,10,0.0,0,0.0
120610,10,0.0,0,0.0
120611,10,0.0,0,0.0
120612,10,0.0,0,0.0
120613,10,0.0,0,0.0
120614,10,0.0,0,0.0
120615,10,0.0,0,0.0
120617,10,0.0,0,0.0
120619,10,0.0,0,0.0
120620,10,0.0,0,0.0
120621,10,0.0,0,0.0
120648,10,0.0,0,0.0
120649,10,0.0,0,0.0
120650,10,0.0,0,0.0
120651,10,0.0,0,0.0
120652,10,0.0,0,0.0
120653,10,0.0,0,0.0
120654,10,0.0,0,0.0
120655,10,0.0,0,0.0
120656,10,0.0,0,0.0
120657,10,0.0,0,0.0
120658,10,0.0,0,0.0
120659,10,0.0,0,0.0
120660,10,0.0,0,0.0
120661,10,0.0,0,0.0
120662,10,4.88,0,0.6574
120663,10,0.0,0,0.0
120664,10,0.0,0,0.0
120665,10,0.0,0,0.0
120666,10,0.0,0,0.0
120667,10,0.0,0,0.0
120668,10,0.0,0,0.0
120669,10,0.0,0,0.0
120670,10,0.0,0,0.0
120671,10,0.0,0,0.0
120672,10,0.0,0,0.0
120673,10,0.0,0,0.0
120674,10,0.0,0,0.0
121226,10,0.0,0,0.0
121227,10,0.0,0,0.0
121228,10,0.0,0,0.0
121229,10,0.0,0,0.0
121230,10,0.0,0,0.0
121231,10,0.0,0,0.0
121232,10,0.0,0,0.0
121233,10,0.0,0,0.0
121234,10,0.0,0,0.0
121235,10,0.0,0,0.0
121236,10,0.0,0,0.0
121237,10,0.0,0,0.0
121238,10,0.0,0,0.0
121252,10,0.0,0,0.0
121253,10,0.0,0,0.0
121255,10,0.0,0,0.0
121262,10,0.0,0,0.0
121263,10,0.0,0,0.0
121264,10,0.06,0,0.1188
121265,10,0.0,0,0.0
121266,10,0.0,0,0.0
121267,10,0.0,0,0.0
121268,10,0.0,0,0.0
121269,10,0.0,0,0.0
121270,10,0.0,0,0.0
121271,10,0.0,0,0.0
121272,10,0.0,0,0.0
121273,10,0.0,0,0.0
121274,10,0.0,0,0.0
121275,10,0.0,0,0.0
121276,10,0.0,0,0.0
121277,10,0.0,0,0.0
121278,10,0.0,0,0.0
121279,10,0.0,0,0.0
121280,10,0.0,0,0.0
121281,10,0.0,0,0.0
121282,10,0.0,0,0.0
121283,10,0.0,0,0.0
121284,10,0.0,0,0.0
121285,10,0.0,0,0.0
121286,10,0.0,0,0.0
121287,10,0.0,0,0.0
121288,10,0.0,0,0.0003
121289,10,0.0,0,0.0
121290,10,0.0,0,0.0
121291,10,0.0,0,0.0
121292,10,0.0,0,0.0
121293,10,0.0,0,0.0
121294,10,0.0,0,0.0
121295,10,0.0,0,0.0
121296,10,0.0,0,0.0
121297,10,0.0,0,0.0
121298,10,0.0,0,0.0
121299,10,0.0,0,0.0
121300,10,0.0,0,0.0
121302,10,0.0,0,0.0
121303,10,0.0,0,0.0
121332,10,0.0,0,0.0
121333,10,0.0,0,0.0
121334,10,0.0,0,0.0
121335,10,0.0,0,0.0
121337,10,0.0,0,0.0
121338,10,0.0,0,0.0
121339,10,0.0,0,0.0
121340,10,0.0,0,0.0
121341,10,0.0,0,0.0
121342,10,0.0,0,0.0
121343,10,0.0,0,0.0
121344,10,0.0,0,0.0
121346,10,0.0,0,0.0
121347,10,0.0,0,0.0
121348,10,0.0,0,0.0
121349,10,0.0,0,0.0
121350,10,0.0,0,0.0
121351,10,0.0,0,0.0
121352,10,0.0,0,0.0
121353,10,0.0,0,0.0
121354,10,0.0,0,0.0
121910,10,0.0,0,0.0
121911,10,0.0,0,0.0
121912,10,0.0,0,0.0
121913,10,0.0,0,0.0
121914,10,0.0,0,0.0
121915,10,0.0,0,0.0
121916,10,0.0,0,0.0
121917,10,0.0,0,0.0
121918,10,0.0,0,0.0
121919,10,0.0,0,0.0
121920,10,0.0,0,0.0
121921,10,0.0,0,0.0
121922,10,0.0,0,0.0
121930,10,0.0,0,0.0
121931,10,0.0,0,0.0
121936,10,0.0,0,0.0
121937,10,0.0,0,0.0
121938,10,0.0,0,0.0
121939,7,1.03,0,0.9112
121947,10,0.01,0,0.0211
121948,8,0.3,0,0.9349
121949,10,0.0,0,0.0
121950,10,0.0,0,0.0
121951,10,0.0,0,0.0
121952,10,0.0,0,0.0
121953,10,0.0,0,0.0
121954,10,0.0,0,0.0
121959,10,0.0,0,0.0
121960,10,0.0,0,0.0
121961,10,0.0,0,0.0
121962,10,0.0,0,0.0
121963,10,0.0,0,0.0
121964,10,0.0,0,0.0
121965,10,0.0,0,0.0
121966,10,0.0,0,0.0
121967,10,0.0,0,0.0
121968,10,0.0,0,0.0
121969,10,0.0,0,0.0
121970,10,0.0,0,0.0
121971,7,2.19,0,0.9451
121972,8,4.17,0,0.91
121973,10,0.04,0,0.0134
121974,10,0.0,0,0.0
121975,10,0.0,0,0.0
121976,10,0.0,0,0.0
121977,10,0.0,0,0.0
121978,10,0.0,0,0.0
121979,10,0.0,0,0.0
121980,10,0.0,0,0.0
121981,10,0.0,0,0.0
121982,10,0.0,0,0.0
121983,10,0.0,0,0.0
121984,10,0.0,0,0.0
121986,10,0.0,0,0.0
122016,10,0.0,0,0.0
122017,10,0.0,0,0.0
122018,10,0.0,0,0.0
122020,10,0.0,0,0.0
122021,10,0.0,0,0.0
122022,10,0.0,0,0.0
122024,10,0.0,0,0.0
122025,10,0.0,0,0.0
122027,10,0.0,0,0.0
122028,10,0.0,0,0.0
122029,10,0.0,0,0.0
122030,10,0.0,0,0.0
122031,10,0.0,0,0.0
122032,10,0.0,0,0.0
122033,10,0.0,0,0.0
122034,10,0.0,0,0.0
122035,10,0.0,0,0.0
122036,10,0.0,0,0.0
122037,10,0.0,0,0.0
122594,10,0.0,0,0.0
122595,10,0.0,0,0.0
122596,10,0.0,0,0.0
122597,10,0.0,0,0.0
122598,10,0.0,0,0.0
122599,10,0.0,0,0.0
122600,10,0.0,0,0.0
122601,10,0.0,0,0.0
122602,10,0.0,0,0.0
122603,10,0.0,0,0.0
122604,10,0.0,0,0.0
122605,10,0.0,0,0.0
122606,10,0.0,0,0.0
122614,10,0.0,0,0.0
122615,10,0.0,0,0.0
122620,10,0.0,0,0.0
122621,10,0.02,0,0.0025
122622,10,0.66,0,0.2824
122623,10,0.0,0,0.0
122630,10,0.0,0,0.0
122631,10,0.0,0,0.0
122632,10,0.0,0,0.0
122633,10,0.0,0,0.0
122634,10,0.0,0,0.0
122635,10,0.0,0,0.0
122636,10,0.0,0,0.0
122637,10,0.0,0,0.0
122638,10,0.0,0,0.0
122648,10,0.0,0,0.0
122650,10,0.0,0,0.0
122651,10,0.0,0,0.0
122652,10,0.0,0,0.0
122653,10,0.0,0,0.0
122654,10,0.0,0,0.0
122655,9,3.67,0,0.7271
122656,10,0.06,0,0.0456
122657,10,0.0,0,0.0
122658,10,0.0,0,0.0
122659,10,0.0,0,0.0
122660,10,0.0,0,0.0
122661,10,0.0,0,0.0
122662,10,0.0,0,0.0
122663,10,0.0,0,0.0
122664,10,0.0,0,0.0
122665,10,0.0,0,0.0
122666,10,0.0,0,0.0
122667,10,0.0,0,0.0
122668,10,0.0,0,0.0
122704,10,0.0,0,0.0
122706,10,0.0,0,0.0
122710,10,0.0,0,0.0
122711,10,0.0,0,0.0
122712,10,0.0,0,0.0
122713,10,0.0,0,0.0
122714,10,0.0,0,0.0
122715,10,0.0,0,0.0
122716,10,0.0,0,0.0
122717,10,0.0,0,0.0
122718,10,0.0,0,0.0
122719,10,0.0,0,0.0
122720,10,0.0,0,0.0
122721,10,0.0,0,0.0
123279,10,0.0,0,0.0
123280,10,0.0,0,0.0
123281,10,0.0,0,0.0
123282,10,0.0,0,0.0
123283,10,0.0,0,0.0
123284,10,0.0,0,0.0
123285,10,0.0,0,0.0
123286,10,0.0,0,0.0
123287,10,0.0,0,0.0
123288,10,0.0,0,0.0
123289,10,0.0,0,0.0
123290,10,0.0,0,0.0
123305,10,0.02,0,0.2901
123306,8,0.41,0,0.945
123307,10,2.83,0,0.1574
123308,10,0.0,0,0.0
123315,10,0.0,0,0.0
123317,10,0.0,0,0.0
123318,10,0.0,0,0.0
123319,10,0.0,0,0.0
123320,10,0.0,0,0.0
123321,10,0.0,0,0.0
123322,10,0.0,0,0.0
123335,10,0.0,0,0.0
123336,10,0.0,0,0.0
123337,10,0.0,0,0.0
123338,10,0.0,0,0.0
123339,10,0.0,0,0.0
123340,10,0.0,0,0.0
123341,10,0.0,0,0.0
123342,10,0.0,0,0.0
123343,10,0.0,0,0.0
123344,10,0.0,0,0.0
123345,10,0.0,0,0.0
123346,10,0.0,0,0.0
123347,10,0.0,0,0.0
123348,10,0.0,0,0.0
123349,10,0.0,0,0.0
123350,10,0.0,0,0.0
123351,10,0.0,0,0.0
123394,10,0.0,0,0.0
123396,10,0.0,0,0.0
123397,10,0.0,0,0.0
123398,10,0.0,0,0.0
123399,10,0.0,0,0.0
123400,10,0.0,0,0.0
123401,10,0.0,0,0.0
123402,10,0.0,0,0.0
123403,10,0.0,0,0.0
123404,10,0.0,0,0.0
123405,10,0.0,0,0.0
123406,10,0.0,0,0.0
123964,10,0.0,0,0.0
123965,10,0.0,0,0.0
123966,10,0.0,0,0.0
123967,10,0.0,0,0.0
123968,10,0.0,0,0.0
123969,10,0.0,0,0.0
123970,10,0.0,0,0.0
123971,10,0.0,0,0.0
123972,10,0.0,0,0.0
123973,10,0.0,0,0.0
123974,10,0.0,0,0.0
123983,10,0.0,0,0.0
123989,9,0.02,0,0.7324
123991,10,0.13,0,0.0409
123992,10,0.0,0,0.0
124000,10,0.0,0,0.0
124002,10,0.0,0,0.0
124003,10,0.0,0,0.0
124004,10,0.0,0,0.0
124005,10,0.0,0,0.0
124006,10,0.0,0,0.0
124019,10,0.0,0,0.0
124020,10,0.0,0,0.0
124021,10,0.0,0,0.0
124022,10,0.0,0,0.0
124023,10,0.0,0,0.0
124024,10,0.0,0,0.0
124025,10,0.0,0,0.0
124026,10,0.0,0,0.0
124027,10,0.0,0,0.0
124028,10,0.0,0,0.0
124030,10,0.0,0,0.0
124031,10,0.0,0,0.0
124033,10,0.0,0,0.0
124034,10,0.0,0,0.0
124075,10,0.0,0,0.0
124079,10,0.0,0,0.0
124080,10,0.0,0,0.0
124081,10,0.0,0,0.0
124082,10,0.0,0,0.0
124083,10,0.0,0,0.0
124084,10,0.0,0,0.0
124086,10,0.0,0,0.0
124087,10,0.0,0,0.0
124089,10,0.0,0,0.0
124090,10,0.0,0,0.0
124648,10,0.0,0,0.0
124649,10,0.0,0,0.0
124650,10,0.0,0,0.0
124651,10,2.82,0,0.0643
124652,10,0.0,0,0.0
124653,10,0.0,0,0.0
124654,10,0.0,0,0.0
124655,10,0.0,0,0.0
124656,10,0.0,0,0.0
124657,10,0.0,0,0.0
124658,10,0.0,0,0.0
124659,10,0.0,0,0.0
124666,10,0.0,0,0.0
124667,10,0.0,0,0.0
124668,10,0.0,0,0.0
124670,10,0.0,0,0.0
124671,10,0.0,0,0.0
124673,10,0.48,0,0.174
124674,10,0.0,0,0.0
124675,10,0.0,0,0.0
124676,10,0.0,0,0.0
124677,10,0.0,0,0.0
124679,10,0.0,0,0.0
124682,10,0.07,0,0.146
124683,10,0.0,0,0.0
124684,10,0.0,0,0.0
124685,10,0.0,0,0.0
124687,10,0.0,0,0.0
124688,10,0.0,0,0.0
124689,10,0.0,0,0.0
124690,10,0.0,0,0.0
124699,10,0.0,0,0.0
124703,10,0.0,0,0.0
124704,10,0.0,0,0.0
124705,10,0.05,0,0.1408
124706,10,0.0,0,0.0
124707,10,0.0,0,0.0
124708,10,0.0,0,0.0
124709,10,0.0,0,0.0
124710,10,0.0,0,0.0
124757,10,0.0,0,0.0
124758,10,0.0,0,0.0
124759,10,0.0,0,0.0
124760,10,0.0,0,0.0
124761,10,0.0,0,0.0
124762,10,0.0,0,0.0
124763,10,0.0,0,0.0
124764,10,0.0,0,0.0
124765,10,0.0,0,0.0
124766,10,0.0,0,0.0
124767,10,0.0,0,0.0
124768,10,0.0,0,0.0
124769,10,0.0,0,0.0
124770,10,0.0,0,0.0
124771,10,0.0,0,0.0
124772,10,0.0,0,0.0
124774,10,0.0,0,0.0
124775,10,0.0,0,0.0
125332,10,0.0,0,0.0
125333,10,0.0,0,0.0
125334,10,0.0,0,0.0
125335,10,4.31,0,0.1363
125336,10,0.0,0,0.0
125337,10,0.0,0,0.0
125338,10,0.0,0,0.0
125339,10,0.0,0,0.0
125340,10,0.0,0,0.0
125341,10,0.0,0,0.0
125342,10,0.0,0,0.0
125343,10,0.0,0,0.0
125351,10,0.0,0,0.0
125354,10,0.0,0,0.0
125357,10,0.0,0,0.0
125358,10,0.0,0,0.0
125359,10,0.0,0,0.0
125360,10,0.0,0,0.0
125361,10,0.0,0,0.0
125362,10,0.0,0,0.0
125366,10,0.54,0,0.4392
125367,10,0.0,0,0.0
125369,10,0.0,0,0.0
125370,10,0.0,0,0.0
125372,10,0.0,0,0.0
125373,10,0.0,0,0.0
125374,10,0.0,0,0.0
125375,10,0.0,0,0.0
125383,10,0.0,0,0.0
125385,10,0.0,0,0.0
125386,10,0.0,0,0.0
125387,10,0.0,0,0.0
125388,10,0.02,0,0.0164
125389,9,0.07,0,0.9449
125390,10,0.0,0,0.0
125391,10,0.0,0,0.0
125442,10,0.0,0,0.0
125443,10,0.0,0,0.0
125444,10,0.0,0,0.0
125445,10,0.0,0,0.0
125446,10,0.0,0,0.0
125447,10,0.0,0,0.0
125448,10,0.0,0,0.0
125449,10,0.0,0,0.0
125450,10,0.0,0,0.0
125451,10,0.0,0,0.0
125452,10,0.0,0,0.0
125456,10,0.0,0,0.0
125458,10,0.0,0,0.0
125459,10,0.0,0,0.0
126017,10,0.0,0,0.0
126018,10,0.0,0,0.0
126019,10,0.0,0,0.0
126020,10,0.0,0,0.0
126021,10,0.0,0,0.0
126022,10,0.0,0,0.0
126023,10,0.0,0,0.0
126024,10,0.0,0,0.0
126025,10,0.0,0,0.0
126026,10,0.0,0,0.0
126027,10,0.0,0,0.0
126036,10,0.0,0,0.0
126039,10,0.0,0,0.0
126040,10,0.0,0,0.0
126041,7,6.14,0,0.9002
126042,10,28.02,0,0.5558
126043,10,5.41,0,0.0531
126044,10,0.0,0,0.0
126045,10,0.0,0,0.0
126046,10,0.07,0,0.3679
126051,10,0.0,0,0.0
126054,10,0.0,0,0.0
126056,10,0.0,0,0.0
126058,10,0.0,0,0.0
126060,10,0.0,0,0.0
126061,10,0.0,0,0.0
126065,10,0.0,0,0.0
126066,10,0.0,0,0.0
126067,10,0.0,0,0.0
126068,10,0.0,0,0.0
126069,10,0.0,0,0.0
126070,10,0.0,0,0.0
126071,10,0.0,0,0.0
126074,10,0.0,0,0.0
126075,10,0.0,0,0.0
126076,10,0.0,0,0.0
126077,10,0.0,0,0.0
126124,10,0.0,0,0.0
126128,10,0.0,0,0.0
126129,10,0.0,0,0.0
126130,10,0.0,0,0.0
126131,10,0.0,0,0.0
126132,10,0.0,0,0.0
126133,10,0.0,0,0.0
126134,10,0.0,0,0.0
126135,10,0.0,0,0.0
126136,10,0.0,0,0.0
126137,10,0.0,0,0.0
126138,10,0.0,0,0.0
126139,10,0.0,0,0.0
126140,10,0.0,0,0.0
126141,10,0.0,0,0.0
126142,10,0.0,0,0.0
126143,10,0.0,0,0.0
126702,10,0.0,0,0.0
126703,10,0.0,0,0.0
126704,10,0.0,0,0.0
126705,10,0.0,0,0.0
126706,10,0.0,0,0.0
126707,10,0.0,0,0.0
126708,10,0.0,0,0.0
126709,10,0.0,0,0.0
126710,10,0.0,0,0.0
126711,10,0.0,0,0.0
126720,10,0.0,0,0.0
126721,10,0.0,0,0.0
126723,10,0.0,0,0.0
126724,10,0.0,0,0.0
126725,10,13.97,0,0.6727
126726,10,24.4,0,0.4057
126727,10,7.17,0,0.0992
126728,10,0.0,0,0.0
126729,10,0.3,0,0.2892
126730,9,0.53,0,0.6527
126736,10,0.0,0,0.0
126738,10,0.0,0,0.0
126739,10,0.0,0,0.0
126740,10,0.0,0,0.0
126749,10,0.0,0,0.0
126750,10,0.0,0,0.0
126751,10,0.0,0,0.0
126752,10,0.0,0,0.0
126753,10,0.0,0,0.0
126759,10,0.0,0,0.0
126760,10,0.0,0,0.0
126761,10,0.0,0,0.0
126762,10,0.0,0,0.0
126805,10,0.0,0,0.0
126806,10,0.0,0,0.0
126808,10,0.0,0,0.0
126809,10,0.0,0,0.0
126811,10,0.0,0,0.0
126815,10,0.0,0,0.0
126816,10,0.0,0,0.0
126817,10,0.0,0,0.0
126818,10,0.0,0,0.0
126819,10,0.0,0,0.0
126820,10,0.0,0,0.0
126821,10,0.0,0,0.0
126823,10,0.0,0,0.0
126825,10,0.0,0,0.0
126826,10,0.0,0,0.0
127385,10,0.0,0,0.0
127386,10,0.0,0,0.0
127387,10,0.0,0,0.0
127388,10,0.0,0,0.0
127389,10,0.0,0,0.0
127390,10,0.0,0,0.0
127391,10,0.0,0,0.0
127392,10,0.0,0,0.0
127393,10,0.0,0,0.0
127394,10,0.0,0,0.0
127395,10,0.0,0,0.0
127404,10,0.0,0,0.0
127405,10,0.01,0,0.0075
127407,10,0.0,0,0.0
127408,10,0.0,0,0.0
127409,10,0.5,0,0.0099
127410,10,0.0,0,0.0
127411,10,0.0,0,0.0
127412,10,0.0,0,0.0001
127413,10,0.0,0,0.0013
127414,10,0.0,0,0.0
127415,10,0.0,0,0.0
127422,10,0.0,0,0.0
127423,10,0.0,0,0.0
127424,10,0.0,0,0.0
127425,10,0.0,0,0.0
127428,10,0.0,0,0.0
127429,10,0.0,0,0.0
127430,10,0.0,0,0.0
127432,10,0.0,0,0.0
127433,10,0.0,0,0.0
127435,10,0.0,0,0.0
127436,10,0.0,0,0.0
127437,10,0.0,0,0.0
127439,10,0.0,0,0.0
127445,10,0.0,0,0.0
127446,10,0.0,0,0.0
127491,10,0.0,0,0.0
127494,10,0.0,0,0.0
127495,10,0.0,0,0.0
127498,10,0.0,0,0.0
127500,10,0.0,0,0.0
127501,10,0.0,0,0.0
127502,10,0.0,0,0.0
127503,10,0.0,0,0.0
127504,10,0.0,0,0.0
127505,10,0.0,0,0.0
127506,10,0.0,0,0.0
127507,10,0.0,0,0.0
127508,10,0.0,0,0.0
127509,10,0.0,0,0.0
127510,10,0.0,0,0.0
127511,10,0.0,0,0.0
127513,10,0.0,0,0.0
127514,10,0.0,0,0.0
128070,10,0.0,0,0.0
128071,10,0.0,0,0.0
128072,10,0.0,0,0.0
128073,10,0.0,0,0.0
128074,10,0.0,0,0.0
128075,10,0.0,0,0.0
128076,10,0.0,0,0.0
128077,10,0.0,0,0.0
128078,10,0.0,0,0.0
128079,10,0.0,0,0.0
128080,10,0.0,0,0.0
128081,10,0.0,0,0.0
128087,10,0.0,0,0.0
128088,10,0.0,0,0.0
128089,10,2.91,0,0.4012
128090,10,0.0,0,0.0
128091,10,0.0,0,0.0
128093,10,0.0,0,0.0
128094,10,0.0,0,0.0
128095,10,0.0,0,0.0
128096,10,0.02,0,0.0023
128097,8,0.88,0,0.9157
128098,10,0.0,0,0.0
128099,10,0.0,0,0.0
128100,8,0.02,0,0.945
128105,10,0.0,0,0.0
128106,10,0.0,0,0.0
128108,10,0.0,0,0.0
128109,10,0.0,0,0.0
128110,10,0.0,0,0.0
128112,10,0.0,0,0.0
128113,10,0.0,0,0.0
128114,10,0.0,0,0.0
128115,10,0.0,0,0.0
128116,10,0.0,0,0.0
128117,10,0.0,0,0.0
128120,10,0.0,0,0.0
128128,10,0.0,0,0.0
128129,10,0.0,0,0.0
128130,10,0.0,0,0.0
128131,10,0.0,0,0.0
128175,10,0.0,0,0.0
128178,10,0.0,0,0.0
128179,10,0.0,0,0.0
128180,10,0.0,0,0.0
128183,10,0.0,0,0.0
128184,10,0.0,0,0.0
128185,10,0.0,0,0.0
128186,10,0.0,0,0.0
128187,10,0.0,0,0.0
128188,10,0.0,0,0.0
128189,10,0.0,0,0.0
128190,10,0.0,0,0.0
128191,10,0.0,0,0.0
128192,10,0.0,0,0.0
128193,10,0.0,0,0.0
128194,10,0.0,0,0.0
128195,10,0.0,0,0.0
128196,10,0.0,0,0.0
128197,10,0.0,0,0.0
128198,10,0.0,0,0.0
128755,10,0.0,0,0.0
128756,10,0.0,0,0.0
128757,10,0.0,0,0.0
128758,10,0.0,0,0.0
128759,10,0.0,0,0.0
128760,10,0.0,0,0.0
128761,10,0.0,0,0.0
128762,10,0.0,0,0.0
128763,10,0.0,0,0.0
128764,10,0.0,0,0.0
128765,10,0.0,0,0.0
128768,10,0.0,0,0.0
128769,10,0.0,0,0.0
128771,10,0.0,0,0.0
128772,10,0.0,0,0.0
128773,10,0.0,0,0.0
128774,10,0.0,0,0.0
128775,10,0.0,0,0.0
128776,10,0.0,0,0.0
128777,10,0.0,0,0.0
128778,10,0.0,0,0.0
128779,10,0.0,0,0.0
128780,10,0.26,0,0.0185
128781,10,0.25,0,0.0547
128782,10,0.0,0,0.0
128783,10,0.0,0,0.0
128784,10,0.0,0,0.0
128788,10,0.0,0,0.0
128789,10,0.0,0,0.0
128792,10,0.0,0,0.0
128793,10,0.0,0,0.0
128794,10,0.0,0,0.0
128796,10,0.0,0,0.0
128797,10,0.0,0,0.0
128798,10,0.0,0,0.0
128799,10,0.0,0,0.0
128800,10,0.0,0,0.0
128802,10,0.0,0,0.0
128812,10,0.0,0,0.0
128813,10,0.0,0,0.0
128814,10,0.0,0,0.0
128815,10,0.0,0,0.0
128863,10,0.0,0,0.0
128867,10,0.0,0,0.0
128868,10,0.0,0,0.0
128869,10,0.0,0,0.0
128870,10,0.0,0,0.0
128871,10,0.0,0,0.0
128872,10,0.0,0,0.0
128873,10,0.0,0,0.0
128874,10,0.0,0,0.0
128876,10,0.0,0,0.0
128877,10,0.0,0,0.0
128878,10,0.0,0,0.0
128879,10,0.0,0,0.0
128880,10,0.0,0,0.0
128881,10,0.0,0,0.0
128882,10,0.0,0,0.0
129438,10,0.0,0,0.0
129439,10,0.0,0,0.0
129440,10,0.0,0,0.0
129441,10,0.0,0,0.0
129442,10,0.0,0,0.0
129443,10,0.0,0,0.0
129444,10,0.0,0,0.0
129446,10,0.0,0,0.0
129447,10,0.0,0,0.0
129448,10,0.0,0,0.0
129449,10,0.0,0,0.0
129450,10,0.0,0,0.0
129453,10,0.0,0,0.0
129455,10,0.0,0,0.0
129456,10,0.0,0,0.0
129460,10,0.0,0,0.0
129461,10,0.0,0,0.0
129462,10,0.0,0,0.0
129463,10,0.0,0,0.0
129464,10,0.0,0,0.0
129465,10,0.0,0,0.0
129466,10,0.0,0,0.0
129467,10,0.0,0,0.0
129468,10,0.0,0,0.0
129472,10,0.0,0,0.0
129475,10,0.0,0,0.0
129476,10,0.0,0,0.0
129477,10,0.0,0,0.0
129481,10,0.0,0,0.0
129482,10,0.0,0,0.0
129483,10,0.0,0,0.0
129484,10,0.0,0,0.0
129551,10,0.0,0,0.0
129552,10,0.0,0,0.0
129553,10,0.0,0,0.0
129554,10,0.0,0,0.0
129555,10,0.0,0,0.0
129556,10,0.0,0,0.0
129557,10,0.0,0,0.0
129558,10,0.0,0,0.0
129559,10,0.0,0,0.0
129560,10,0.0,0,0.0
129561,10,0.0,0,0.0
129562,10,0.0,0,0.0
129563,10,0.0,0,0.0
129564,10,0.0,0,0.0
129565,10,0.0,0,0.0
130122,10,0.0,0,0.0
130123,10,0.0,0,0.0
130124,10,0.0,0,0.0
130125,10,0.0,0,0.0
130126,10,0.0,0,0.0
130127,10,0.0,0,0.0
130128,10,0.0,0,0.0
130131,10,0.0,0,0.0
130132,10,0.0,0,0.0
130133,10,0.0,0,0.0
130134,10,0.0,0,0.0
130135,10,0.0,0,0.0
130136,10,0.0,0,0.0
130137,10,0.0,0,0.0
130138,10,0.0,0,0.0
130139,10,0.0,0,0.0
130140,10,0.0,0,0.0
130141,10,0.0,0,0.0
130142,10,0.0,0,0.0
130143,10,0.0,0,0.0
130146,10,0.0,0,0.0
130147,10,0.0,0,0.0
130148,10,0.0,0,0.0
130149,10,0.0,0,0.0
130150,10,0.0,0,0.0
130151,10,0.0,0,0.0
130152,10,0.0,0,0.0
130153,10,0.0,0,0.0
130154,10,0.0,0,0.0
130155,10,0.0,0,0.7159
130156,10,0.0,0,0.0
130157,10,0.0,0,0.0
130160,10,0.0,0,0.0
130161,10,0.0,0,0.0
130162,10,0.0,0,0.0
130163,10,0.0,0,0.0
130165,10,0.0,0,0.0
130166,10,0.0,0,0.0
130167,10,0.0,0,0.0
130168,10,0.0,0,0.0
130169,10,0.0,0,0.0
130183,10,0.0,0,0.0
130184,10,0.0,0,0.0
130185,10,0.0,0,0.0
130235,10,0.0,0,0.0
130236,10,0.0,0,0.0
130237,10,0.0,0,0.0
130238,10,0.0,0,0.0
130239,10,0.0,0,0.0
130240,10,0.0,0,0.0
130241,10,0.0,0,0.0
130242,10,0.0,0,0.0
130244,10,0.0,0,0.0
130245,10,0.0,0,0.0
130246,10,0.0,0,0.0
130247,10,0.0,0,0.0
130248,10,0.0,0,0.0
130249,10,0.0,0,0.0
130806,10,0.0,0,0.0
130807,10,0.0,0,0.0
130808,10,0.0,0,0.0
130809,10,0.0,0,0.0
130810,10,0.0,0,0.0
130811,10,0.0,0,0.0
130812,10,0.0,0,0.0
130813,10,0.0,0,0.0
130814,10,0.0,0,0.0
130815,10,0.0,0,0.0
130816,10,0.0,0,0.0
130817,10,0.0,0,0.0
130818,10,0.0,0,0.0
130819,10,0.0,0,0.0
130820,10,0.0,0,0.0
130821,10,0.0,0,0.0
130822,10,0.0,0,0.0
130823,10,0.0,0,0.0
130824,10,0.0,0,0.0
130825,10,0.0,0,0.0
130826,10,0.0,0,0.0
130827,10,0.0,0,0.0
130828,10,0.0,0,0.0
130829,10,0.0,0,0.0
130830,10,0.0,0,0.0
130831,10,0.0,0,0.0
130832,10,0.0,0,0.0
130833,10,0.0,0,0.0
130834,10,0.0,0,0.0
130835,10,0.0,0,0.0
130836,10,0.0,0,0.0
130837,10,0.0,0,0.0
130838,10,0.0,0,0.0
130839,10,0.05,0,0.0067
130840,10,0.0,0,0.0
130841,10,0.0,0,0.0
130845,10,0.0,0,0.0
130846,10,0.0,0,0.0
130847,10,0.0,0,0.0
130848,10,0.0,0,0.0
130849,10,0.0,0,0.0
130850,10,0.0,0,0.0
130851,10,0.0,0,0.0
130852,10,0.0,0,0.0
130855,10,0.0,0,0.0
130856,10,0.0,0,0.0
130857,10,0.0,0,0.0
130858,10,0.0,0,0.0
130864,10,0.0,0,0.0
130865,10,0.0,0,0.0
130866,10,0.0,0,0.0
130867,10,0.0,0,0.0
130868,10,0.0,0,0.0
130869,10,0.0,0,0.0
130870,10,0.0,0,0.0
130916,10,0.0,0,0.0
130917,10,0.0,0,0.0
130919,10,0.0,0,0.0
130920,10,0.0,0,0.0
130922,10,0.0,0,0.0
130923,10,0.0,0,0.0
130924,10,0.0,0,0.0
130925,10,0.0,0,0.0
130926,10,0.0,0,0.0
130927,10,0.0,0,0.0
130928,10,0.0,0,0.0
130929,10,0.0,0,0.0
130930,10,0.0,0,0.0
130931,10,0.0,0,0.0
130932,10,0.0,0,0.0
131490,10,0.0,0,0.0
131491,10,0.0,0,0.0
131492,10,0.0,0,0.0
131493,10,0.0,0,0.0
131494,10,0.0,0,0.0
131496,10,0.0,0,0.0
131497,10,0.0,0,0.0
131498,10,0.0,0,0.0
131499,10,0.0,0,0.0
131500,10,0.0,0,0.0
131501,10,0.0,0,0.0
131502,10,0.0,0,0.0
131503,10,0.0,0,0.0
131504,10,0.0,0,0.0
131505,10,0.0,0,0.0
131507,10,0.0,0,0.0
131508,10,0.0,0,0.0
131509,10,0.0,0,0.0
131510,10,0.0,0,0.0
131511,10,0.0,0,0.0
131512,10,0.0,0,0.0
131513,10,0.0,0,0.0
131514,10,0.0,0,0.0
131516,10,0.0,0,0.0
131517,10,0.0,0,0.0
131518,10,0.0,0,0.0
131519,10,0.0,0,0.0
131520,10,0.0,0,0.0
131521,10,0.0,0,0.0
131522,10,0.0,0,0.0
131523,10,0.0,0,0.0
131524,10,0.0,0,0.0
131525,10,0.0,0,0.0
131529,10,0.0,0,0.0
131530,10,0.0,0,0.0
131531,10,0.0,0,0.0
131535,10,0.0,0,0.0
131536,10,0.0,0,0.0
131539,10,0.0,0,0.0
131540,10,0.0,0,0.0
131541,10,0.0,0,0.0
131542,10,0.0,0,0.0
131543,10,0.0,0,0.0
131544,10,0.0,0,0.0
131548,10,0.0,0,0.0
131549,10,0.0,0,0.0
131550,10,0.0,0,0.0
131553,10,0.0,0,0.0
131554,10,0.0,0,0.0
131598,10,0.0,0,0.0
131599,10,0.0,0,0.0
131600,10,0.0,0,0.0
131601,10,0.0,0,0.0
131603,10,0.0,0,0.0
131604,10,0.0,0,0.0
131605,10,0.0,0,0.0
131607,10,0.0,0,0.0
131608,10,0.0,0,0.0
131609,10,0.0,0,0.0
131611,10,0.0,0,0.0
131612,10,0.0,0,0.0
131613,10,0.0,0,0.0
131614,10,0.0,0,0.0
131615,10,0.0,0,0.0
132173,10,0.0,0,0.0
132174,10,0.0,0,0.0
132175,10,0.0,0,0.0
132176,10,0.0,0,0.0
132177,10,0.0,0,0.0
132178,10,0.0,0,0.0
132179,10,0.0,0,0.0
132181,10,0.0,0,0.0
132182,10,0.0,0,0.0
132183,10,0.0,0,0.0
132184,10,0.0,0,0.0
132187,10,0.0,0,0.0
132188,10,0.0,0,0.0
132189,10,0.0,0,0.0
132190,10,0.0,0,0.0
132191,10,0.0,0,0.0
132192,10,0.0,0,0.0
132193,10,0.0,0,0.0
132194,10,0.0,0,0.0
132195,10,0.0,0,0.0
132196,10,0.0,0,0.0
132197,10,0.0,0,0.0
132203,10,0.0,0,0.0
132204,10,0.0,0,0.0
132205,10,0.0,0,0.0
132206,10,0.0,0,0.0
132207,10,0.0,0,0.0
132208,10,0.0,0,0.0
132209,10,0.0,0,0.0
132213,10,0.0,0,0.0
132214,10,0.0,0,0.0
132215,10,0.0,0,0.0
132219,10,0.0,0,0.0
132220,10,0.0,0,0.0
132222,10,0.0,0,0.0
132223,10,0.0,0,0.0
132224,10,0.0,0,0.0
132225,10,0.0,0,0.0
132226,10,0.0,0,0.0
132227,10,0.0,0,0.0
132228,10,0.0,0,0.0
132229,10,0.0,0,0.0
132231,10,0.0,0,0.0
132232,10,0.0,0,0.0
132233,10,0.0,0,0.0
132246,10,0.0,0,0.0
132282,10,0.0,0,0.0
132283,10,0.0,0,0.0
132284,10,0.0,0,0.0
132285,10,0.0,0,0.0
132286,10,0.0,0,0.0
132287,10,0.0,0,0.0
132288,10,0.0,0,0.0
132289,10,0.0,0,0.0
132290,10,0.0,0,0.0
132291,10,0.0,0,0.0
132292,10,0.0,0,0.0
132295,10,0.0,0,0.0
132296,10,0.0,0,0.0
132297,10,0.0,0,0.0
132298,10,0.0,0,0.0
132858,10,0.0,0,0.0
132859,10,0.0,0,0.0
132860,10,0.0,0,0.0
132861,10,0.0,0,0.0
132862,10,0.0,0,0.0
132863,10,0.0,0,0.0
132864,10,0.0,0,0.0
132865,10,0.0,0,0.0
132866,10,0.0,0,0.0
132867,10,0.0,0,0.0
132868,10,0.0,0,0.0
132869,10,0.0,0,0.0
132870,10,0.0,0,0.0
132874,10,0.0,0,0.0
132875,10,0.0,0,0.0
132876,10,0.0,0,0.0
132877,10,0.0,0,0.0
132878,10,0.0,0,0.0
132879,10,0.0,0,0.0
132880,10,0.0,0,0.0
132881,10,0.0,0,0.0
132882,10,0.0,0,0.0
132887,10,0.0,0,0.0
132888,10,0.0,0,0.0
132889,10,0.0,0,0.0
132890,10,0.0,0,0.0
132891,10,0.0,0,0.0
132892,10,0.0,0,0.0
132893,10,0.0,0,0.0
132894,10,0.0,0,0.0
132895,10,0.0,0,0.0
132896,10,0.0,0,0.0
132897,10,0.0,0,0.0
132898,10,0.0,0,0.0
132899,10,0.0,0,0.0
132901,10,0.0,0,0.0
132902,10,0.0,0,0.0
132903,10,0.0,0,0.0
132904,10,0.0,0,0.0
132905,10,0.0,0,0.0
132906,10,0.0,0,0.0
132907,10,0.0,0,0.0
132908,10,0.0,0,0.0
132909,10,0.0,0,0.0
132910,10,0.0,0,0.0
132911,10,0.0,0,0.0
132912,10,0.0,0,0.0
132913,10,0.0,0,0.0
132914,10,0.0,0,0.0
132915,10,0.0,0,0.0
132916,10,0.0,0,0.0
132917,10,0.0,0,0.0
132918,10,0.0,0,0.0
132929,10,0.0,0,0.0
132930,10,0.0,0,0.0
132966,10,0.0,0,0.0
132967,10,0.0,0,0.0
132968,10,0.0,0,0.0
132969,10,0.0,0,0.0
132970,10,0.0,0,0.0
132971,10,0.0,0,0.0
132972,10,0.0,0,0.0
132973,10,0.0,0,0.0
132974,10,0.0,0,0.0
132975,10,0.0,0,0.0
132976,10,0.0,0,0.0
132977,10,0.0,0,0.0
132978,10,0.0,0,0.0
132979,10,0.0,0,0.0
132980,10,0.0,0,0.0
132981,10,0.0,0,0.0
132982,10,0.0,0,0.0
132983,10,0.0,0,0.0
132984,10,0.0,0,0.0
132985,10,0.0,0,0.0
133545,10,0.0,0,0.0
133546,10,0.0,0,0.0
133547,10,0.0,0,0.0
133548,10,0.0,0,0.0
133549,10,0.0,0,0.0
133550,10,0.0,0,0.0
133551,10,0.0,0,0.0
133553,10,0.0,0,0.0
133554,10,0.0,0,0.0
133555,10,0.0,0,0.0
133556,10,0.0,0,0.0
133557,10,0.0,0,0.0
133558,10,0.0,0,0.0
133559,10,0.0,0,0.0
133560,10,0.0,0,0.0
133561,10,0.0,0,0.0
133562,10,0.0,0,0.0
133563,10,0.0,0,0.0
133564,10,0.0,0,0.0
133565,10,0.0,0,0.0
133567,10,0.0,0,0.0
133568,10,0.0,0,0.0
133571,10,0.0,0,0.0
133572,10,0.0,0,0.0
133573,10,0.0,0,0.0
133574,10,0.0,0,0.0
133575,10,0.0,0,0.0
133576,10,0.0,0,0.0
133577,10,0.0,0,0.0
133578,10,0.0,0,0.0
133582,10,0.0,0,0.0
133584,10,0.0,0,0.0
133586,10,0.0,0,0.0
133587,10,0.0,0,0.0
133589,10,0.0,0,0.0
133590,10,0.0,0,0.0
133591,10,0.0,0,0.0
133592,10,0.0,0,0.0
133593,10,0.0,0,0.0
133594,10,0.0,0,0.0
133595,10,0.0,0,0.0
133596,10,0.0,0,0.0
133597,10,0.0,0,0.0
133598,10,0.0,0,0.0
133599,10,0.0,0,0.0
133600,10,0.0,0,0.0
133601,10,0.0,0,0.0
133602,10,0.0,0,0.0
133603,10,0.0,0,0.0
133604,10,0.0,0,0.0
133605,10,0.0,0,0.0
133613,10,0.0,0,0.0
133614,10,0.0,0,0.0
133649,10,0.0,0,0.0
133650,10,0.0,0,0.0
133651,10,0.0,0,0.0
133652,10,0.0,0,0.0
133653,10,0.0,0,0.0
133654,10,0.0,0,0.0
133655,10,0.0,0,0.0
133656,10,0.0,0,0.0
133657,10,0.0,0,0.0
133658,10,0.0,0,0.0
133659,10,0.0,0,0.0
133660,10,0.0,0,0.0
133662,10,0.0,0,0.0
133663,10,0.0,0,0.0
133664,10,0.0,0,0.0
133665,10,0.0,0,0.0
133666,10,0.0,0,0.0
133667,10,0.0,0,0.0
133668,10,0.0,0,0.0
134231,10,0.0,0,0.0
134232,10,0.59,0,0.165
134233,10,0.8,0,0.2778
134234,10,0.0,0,0.0
134235,10,0.0,0,0.0
134236,10,0.0,0,0.0
134237,10,0.0,0,0.0
134239,10,0.0,0,0.0
134240,10,0.0,0,0.0
134241,10,0.0,0,0.0
134242,10,0.0,0,0.0
134243,10,0.0,0,0.0
134244,10,0.0,0,0.0
134245,10,0.0,0,0.0
134246,10,0.0,0,0.0
134247,10,0.0,0,0.0
134248,10,0.0,0,0.0
134249,10,0.0,0,0.0
134252,10,0.0,0,0.0
134253,10,0.0,0,0.0
134254,10,0.0,0,0.0
134255,10,0.0,0,0.0
134257,10,0.0,0,0.0
134258,10,0.0,0,0.0
134259,10,0.0,0,0.0
134260,10,0.0,0,0.0
134267,10,0.0,0,0.0
134268,10,0.0,0,0.0
134269,10,0.0,0,0.0
134270,10,0.0,0,0.0
134273,10,0.0,0,0.0
134274,10,0.0,0,0.0
134275,10,0.0,0,0.0
134276,10,0.0,0,0.0
134277,10,0.0,0,0.0
134278,10,0.0,0,0.0
134279,10,0.0,0,0.0
134280,10,0.0,0,0.0
134281,10,0.0,0,0.0
134282,10,0.0,0,0.0
134283,10,0.0,0,0.0
134284,10,0.0,0,0.0
134285,10,0.0,0,0.0
134286,10,0.0,0,0.0
134287,10,0.0,0,0.0
134288,10,0.0,0,0.0
134289,10,0.0,0,0.0
134290,10,0.0,0,0.0
134297,10,0.0,0,0.0
134298,10,0.0,0,0.0
134333,10,0.0,0,0.0
134334,10,0.0,0,0.0
134335,10,0.0,0,0.0
134336,10,0.0,0,0.0
134337,10,0.0,0,0.0
134338,10,0.0,0,0.0
134339,10,0.0,0,0.0
134340,10,0.26,0,0.165
134341,10,0.0,0,0.0
134342,10,0.0,0,0.0
134343,10,0.0,0,0.0
134344,10,0.0,0,0.0
134345,10,0.0,0,0.0
134346,10,0.0,0,0.0
134347,10,0.0,0,0.0
134348,10,0.0,0,0.0
134349,10,0.0,0,0.0
134350,10,0.0,0,0.0
134351,10,0.0,0,0.0
134352,10,0.0,0,0.0
134354,10,0.0,0,0.0
134355,10,0.0,0,0.0
134918,10,0.27,0,0.0172
134919,10,0.0,0,0.0
134920,10,0.0,0,0.0
134921,10,0.0,0,0.0
134922,10,0.0,0,0.0
134923,10,0.0,0,0.0
134924,10,0.0,0,0.0
134925,10,0.0,0,0.0
134926,10,0.0,0,0.0
134927,10,0.0,0,0.0
134928,10,0.0,0,0.0
134931,10,0.0,0,0.0
134932,10,0.0,0,0.0
134933,10,0.0,0,0.0
134934,10,0.0,0,0.0
134935,10,0.0,0,0.0
134936,10,0.0,0,0.0
134937,10,0.0,0,0.0
134938,10,0.0,0,0.0
134939,10,0.05,0,0.0094
134940,10,0.91,0,0.2072
134941,10,0.0,0,0.0
134942,10,0.0,0,0.0
134943,10,0.0,0,0.0
134944,10,0.0,0,0.0
134946,10,0.0,0,0.0
134947,10,0.0,0,0.0
134950,10,0.0,0,0.0
134951,10,0.0,0,0.0
134952,10,0.0,0,0.0
134953,10,0.0,0,0.0
134958,10,0.0,0,0.0
134959,10,0.0,0,0.0
134960,10,0.0,0,0.0
134961,10,0.0,0,0.0
134962,10,0.0,0,0.0
134963,10,0.0,0,0.0
134964,10,0.0,0,0.0
134965,10,0.0,0,0.0
134966,10,0.0,0,0.0
134967,10,0.0,0,0.0
134968,10,0.0,0,0.0
134969,10,0.0,0,0.0
134970,10,0.0,0,0.0
134971,10,0.0,0,0.0
134972,10,0.0,0,0.0
134973,10,0.0,0,0.0
134974,10,0.0,0,0.0
134975,10,0.0,0,0.0
134977,10,0.0,0,0.0
134978,10,0.0,0,0.0
134979,10,0.0,0,0.0
134980,10,0.0,0,0.0
134981,10,0.0,0,0.0
134983,10,0.0,0,0.0
135016,10,0.0,0,0.0
135017,10,0.0,0,0.0
135018,10,0.0,0,0.0
135019,10,0.0,0,0.0
135020,10,0.0,0,0.0
135021,10,0.0,0,0.0
135022,10,0.0,0,0.0
135023,10,0.0,0,0.0
135024,10,0.0,0,0.0
135025,10,0.0,0,0.0
135026,10,0.0,0,0.0
135027,10,0.0,0,0.0
135028,10,0.0,0,0.0
135029,10,0.0,0,0.0
135030,10,0.0,0,0.0
135031,10,0.0,0,0.0
135032,10,0.0,0,0.0
135033,10,0.0,0,0.0
135034,10,0.0,0,0.0
135035,10,0.0,0,0.0
135036,10,0.0,0,0.0
135037,10,0.0,0,0.0
135038,10,0.0,0,0.0
135039,10,0.0,0,0.0
135603,10,0.0,0,0.0
135604,10,0.0,0,0.0
135605,10,0.0,0,0.0
135606,10,0.0,0,0.0
135607,10,0.0,0,0.0
135608,10,0.0,0,0.0
135609,10,0.0,0,0.0
135610,10,0.0,0,0.0
135611,10,0.0,0,0.0
135612,10,0.0,0,0.0
135616,10,0.0,0,0.0
135617,10,0.0,0,0.0
135618,10,0.0,0,0.0
135619,10,0.0,0,0.0
135620,10,0.0,0,0.0
135621,10,0.0,0,0.0
135623,10,0.51,0,0.396
135624,9,5.04,0,0.7167
135625,10,0.0,0,0.0
135633,10,0.0,0,0.0
135634,10,0.0,0,0.0
135635,10,0.0,0,0.0
135636,10,0.0,0,0.0
135637,10,0.0,0,0.0
135640,10,0.0,0,0.0
135641,10,0.0,0,0.0
135642,10,0.0,0,0.0
135643,10,0.0,0,0.0
135644,10,0.0,0,0.0
135645,10,0.0,0,0.0
135646,10,0.0,0,0.0
135647,10,0.0,0,0.0
135648,10,0.0,0,0.0
135649,10,0.0,0,0.0
135650,10,0.0,0,0.0
135651,10,0.0,0,0.0
135652,10,0.0,0,0.0
135653,10,0.0,0,0.0
135654,10,0.0,0,0.0
135655,10,0.0,0,0.0
135656,10,0.0,0,0.0
135657,10,0.0,0,0.0
135658,10,0.0,0,0.0
135659,10,0.0,0,0.0
135660,10,0.0,0,0.0
135661,10,0.0,0,0.0
135662,10,0.0,0,0.0
135663,10,0.0,0,0.0
135664,10,0.0,0,0.0
135665,10,0.0,0,0.0
135666,10,0.0,0,0.0
135667,10,0.0,0,0.0
135699,10,0.0,0,0.0
135700,10,0.0,0,0.0
135701,10,0.0,0,0.0
135702,10,0.0,0,0.0
135703,10,0.0,0,0.0
135704,10,0.0,0,0.0
135705,10,0.0,0,0.0
135706,10,0.0,0,0.0
135707,10,0.0,0,0.0
135708,10,0.0,0,0.0
135709,10,0.0,0,0.0
135710,10,0.0,0,0.0
135711,10,0.0,0,0.0
135712,10,0.0,0,0.0
135713,10,0.0,0,0.0
135714,10,0.0,0,0.0
135715,10,0.0,0,0.0
135716,10,0.0,0,0.0
135717,10,0.0,0,0.0
135718,10,0.0,0,0.0
135719,10,0.0,0,0.0
135720,10,0.0,0,0.0
135722,10,0.0,0,0.0
135723,10,0.0,0,0.0
136287,10,0.0,0,0.0
136288,10,0.0,0,0.0
136289,10,0.0,0,0.0
136290,10,0.0,0,0.0
136291,10,0.0,0,0.0
136292,10,0.0,0,0.0
136293,10,0.0,0,0.0
136294,10,0.0,0,0.0
136295,10,0.0,0,0.0
136296,10,0.0,0,0.0
136298,10,0.0,0,0.0
136299,10,0.0,0,0.0
136300,10,0.0,0,0.0
136301,10,0.0,0,0.0
136302,10,0.0,0,0.0
136303,10,0.0,0,0.0
136304,10,0.0,0,0.0
136305,10,0.0,0,0.0
136307,10,0.0,0,0.0
136309,10,0.0,0,0.0
136310,10,0.0,0,0.0
136316,10,0.0,0,0.0
136317,10,0.0,0,0.0
136323,10,0.0,0,0.0
136324,10,0.0,0,0.0
136325,10,0.0,0,0.0
136326,10,0.0,0,0.0
136327,10,0.0,0,0.0
136328,10,0.0,0,0.0
136329,10,0.0,0,0.0
136330,10,0.0,0,0.0
136331,10,0.0,0,0.0
136332,10,0.0,0,0.0
136333,10,0.0,0,0.0
136334,10,0.0,0,0.0
136335,10,0.0,0,0.0
136336,10,0.0,0,0.0
136337,10,0.0,0,0.0
136338,10,0.0,0,0.0
136339,10,0.0,0,0.0
136340,10,0.0,0,0.0
136341,10,0.0,0,0.0
136342,10,0.0,0,0.0
136343,10,0.0,0,0.0
136344,10,0.0,0,0.0
136345,10,0.0,0,0.0
136346,10,0.0,0,0.0
136347,10,0.0,0,0.0
136348,10,0.0,0,0.0
136349,10,0.0,0,0.0
136350,10,0.0,0,0.0
136351,10,0.0,0,0.0
136383,10,0.0,0,0.0
136384,10,0.0,0,0.0
136385,10,0.0,0,0.0
136386,10,0.0,0,0.0
136387,10,0.0,0,0.0
136388,10,0.0,0,0.0
136389,10,0.0,0,0.0
136390,10,0.0,0,0.0
136391,10,0.0,0,0.0
136392,10,0.0,0,0.0
136393,10,0.0,0,0.0
136394,10,0.0,0,0.0
136395,10,0.0,0,0.0
136396,10,0.0,0,0.0
136397,10,0.0,0,0.0
136398,10,0.0,0,0.0
136399,10,0.0,0,0.0
136400,10,0.0,0,0.0
136401,10,0.0,0,0.0
136402,10,0.0,0,0.0
136963,10,0.0,0,0.0
136964,10,0.0,0,0.0
136966,10,0.0,0,0.0
136972,10,0.0,0,0.0
136973,10,0.0,0,0.0
136974,10,0.0,0,0.0
136975,10,0.0,0,0.0
136976,10,0.0,0,0.0
136977,10,0.0,0,0.0
136978,10,0.0,0,0.0
136979,10,0.0,0,0.0
136982,10,0.0,0,0.0
136983,10,0.0,0,0.0
136984,10,0.0,0,0.0
136985,10,0.0,0,0.0
136986,10,0.0,0,0.0
136987,10,0.0,0,0.0
136988,10,0.0,0,0.0
136989,10,0.0,0,0.0
136990,10,0.0,0,0.0
136991,10,0.0,0,0.0
136992,10,0.0,0,0.0
136993,10,0.0,0,0.0
136994,10,0.0,0,0.0
136995,10,0.0,0,0.0
136999,10,0.0,0,0.0
137000,10,0.0,0,0.0
137001,10,0.0,0,0.0
137002,10,0.0,0,0.0
137007,10,0.0,0,0.0
137008,10,0.0,0,0.0
137009,10,0.0,0,0.0
137010,10,0.0,0,0.0
137011,10,0.0,0,0.0
137012,10,0.0,0,0.0
137013,10,0.0,0,0.0
137014,10,0.0,0,0.0
137015,10,0.0,0,0.0
137016,10,0.0,0,0.0
137017,10,0.0,0,0.0
137018,10,0.0,0,0.0
137019,10,0.0,0,0.0
137020,10,0.0,0,0.0
137021,10,0.0,0,0.0
137022,10,0.0,0,0.0
137023,10,0.0,0,0.0
137024,10,0.0,0,0.0
137025,10,0.0,0,0.0
137026,10,0.0,0,0.0
137027,10,0.0,0,0.0
137028,10,0.0,0,0.0
137029,10,0.0,0,0.0
137030,10,0.0,0,0.0
137031,10,0.0,0,0.0
137032,10,0.0,0,0.0
137033,10,0.0,0,0.0
137034,10,0.0,0,0.0
137035,10,0.0,0,0.0
137036,10,0.0,0,0.0
137037,10,0.0,0,0.0
137066,10,0.0,0,0.0
137067,10,0.0,0,0.0
137068,10,0.0,0,0.0
137069,10,0.0,0,0.0
137070,10,0.03,0,0.0267
137071,7,0.13,0,0.9451
137073,10,0.0,0,0.0
137074,10,0.0,0,0.0
137075,10,0.0,0,0.0
137076,10,0.0,0,0.0
137077,10,0.0,0,0.0
137078,10,0.0,0,0.0
137080,10,0.0,0,0.0
137081,10,0.0,0,0.0
137082,10,0.0,0,0.0
137083,10,0.0,0,0.0
137084,10,0.0,0,0.0
137085,10,0.0,0,0.0
137086,10,0.0,0,0.0
137657,10,0.0,0,0.0
137658,10,0.0,0,0.0
137659,10,0.0,0,0.0
137660,10,0.0,0,0.0
137661,10,0.0,0,0.0
137662,10,0.0,0,0.0
137663,10,0.0,0,0.0
137664,10,0.0,0,0.0
137668,10,0.0,0,0.0
137669,10,0.0,0,0.0
137670,10,0.0,0,0.0
137671,10,0.0,0,0.0
137672,10,0.0,0,0.0
137673,10,0.0,0,0.0
137674,10,0.0,0,0.0
137675,10,0.0,0,0.0
137676,10,0.0,0,0.0
137677,10,0.0,0,0.0
137678,10,0.0,0,0.0
137679,10,0.0,0,0.0
137680,10,0.0,0,0.0
137681,10,0.0,0,0.0
137684,10,0.0,0,0.0
137691,10,0.0,0,0.0
137692,10,0.0,0,0.0
137693,10,0.0,0,0.0
137695,10,0.0,0,0.0
137696,10,0.0,0,0.0
137697,10,0.0,0,0.0
137698,10,0.0,0,0.0
137699,10,0.0,0,0.0
137700,10,0.0,0,0.0
137701,10,0.0,0,0.0
137702,10,0.0,0,0.0
137703,10,0.0,0,0.0
137704,10,0.0,0,0.0
137705,10,0.0,0,0.0
137706,10,0.0,0,0.0
137707,10,0.0,0,0.0
137708,10,0.0,0,0.0
137709,10,0.0,0,0.0
137710,10,0.0,0,0.0
137711,10,0.0,0,0.0
137712,10,0.0,0,0.0
137713,10,0.0,0,0.0
137714,10,0.0,0,0.0
137715,10,0.0,0,0.0
137716,10,0.0,0,0.0
137717,10,0.0,0,0.0
137718,10,0.0,0,0.0
137719,10,0.0,0,0.0
137720,10,0.0,0,0.0
137721,10,0.0,0,0.0
137750,10,0.0,0,0.0
137751,10,0.0,0,0.0
137752,10,0.0,0,0.0
137753,10,0.0,0,0.0
137754,10,0.09,0,0.128
137755,7,1.19,0,0.9348
137756,10,0.0,0,0.0
137757,10,0.0,0,0.0
137758,10,0.0,0,0.0
137759,10,0.0,0,0.0
137760,10,0.0,0,0.0
137761,10,0.0,0,0.0
137764,10,0.0,0,0.0
137765,10,0.0,0,0.0
137766,10,0.0,0,0.0
137767,10,0.0,0,0.0
137768,10,0.0,0,0.0
137769,10,0.0,0,0.0
138344,10,0.0,0,0.0
138345,10,0.0,0,0.0
138346,10,0.0,0,0.0
138347,10,0.0,0,0.0
138348,10,0.0,0,0.0
138349,10,0.0,0,0.0
138350,10,0.0,0,0.0
138351,10,0.0,0,0.0
138352,10,0.0,0,0.0
138353,10,0.0,0,0.0
138354,10,0.0,0,0.0
138355,10,0.0,0,0.0
138356,10,0.0,0,0.0
138357,10,0.0,0,0.0
138358,10,0.0,0,0.0
138359,10,0.0,0,0.0
138360,10,0.0,0,0.0
138361,10,0.0,0,0.0
138362,10,0.0,0,0.0
138363,10,0.0,0,0.0
138364,10,0.0,0,0.0
138365,10,0.0,0,0.0
138366,10,0.0,0,0.0
138367,10,0.0,0,0.0
138375,10,0.0,0,0.0
138376,10,0.0,0,0.0
138377,10,0.0,0,0.0
138378,10,0.0,0,0.0
138379,10,0.0,0,0.0
138380,10,0.0,0,0.0
138381,10,0.0,0,0.0
138382,10,0.0,0,0.0
138383,10,0.0,0,0.0
138384,10,0.0,0,0.0
138385,10,0.0,0,0.0
138386,10,0.0,0,0.0
138387,10,0.0,0,0.0
138388,10,0.0,0,0.0
138389,10,0.0,0,0.0
138390,10,0.0,0,0.0
138391,10,0.0,0,0.0
138392,10,0.0,0,0.0
138393,10,0.0,0,0.0
138396,10,0.0,0,0.0
138397,10,0.0,0,0.0
138398,10,0.0,0,0.0
138399,10,0.0,0,0.0
138400,10,0.0,0,0.0
138401,10,0.0,0,0.0
138402,10,0.0,0,0.0
138403,10,0.0,0,0.0
138435,10,0.0,0,0.0
138436,10,0.0,0,0.0
138437,10,0.0,0,0.0
138438,9,1.3,0,0.7641
138439,10,0.37,0,0.2979
138440,10,0.0,0,0.0
138441,10,0.0,0,0.0
138442,10,0.0,0,0.0
138443,10,0.0,0,0.0
138444,10,0.0,0,0.0
138445,10,0.0,0,0.0
138446,10,0.0,0,0.0
138447,10,0.0,0,0.0
138448,10,0.0,0,0.0
138449,10,0.0,0,0.0
138450,10,0.0,0,0.0
138451,10,0.0,0,0.0
138452,10,0.0,0,0.0
138453,10,0.0,0,0.0
138454,10,0.0,0,0.0
139029,10,0.0,0,0.0
139030,10,0.0,0,0.0
139031,10,0.0,0,0.0
139032,10,0.0,0,0.0
139033,10,0.0,0,0.0
139034,10,0.0,0,0.0
139035,10,0.0,0,0.0
139036,10,0.0,0,0.0
139037,10,0.0,0,0.0
139038,10,1.31,0,0.4015
139039,10,0.0,0,0.0
139040,10,0.0,0,0.0
139041,10,0.0,0,0.0
139042,10,0.0,0,0.0
139043,10,0.0,0,0.0
139044,10,0.0,0,0.0
139045,10,0.0,0,0.0
139046,10,0.0,0,0.0
139047,10,0.0,0,0.0
139048,10,0.0,0,0.0
139049,10,0.0,0,0.0
139050,10,0.0,0,0.0
139051,10,0.0,0,0.0
139052,10,0.0,0,0.0
139053,10,0.0,0,0.0
139054,10,0.0,0,0.0
139055,10,0.0,0,0.0
139060,10,0.0,0,0.0
139061,10,0.0,0,0.0
139062,10,0.0,0,0.0
139064,10,0.0,0,0.0
139065,10,0.0,0,0.0
139066,10,0.0,0,0.0
139067,10,0.0,0,0.0
139068,10,0.0,0,0.0
139069,10,0.0,0,0.0
139070,10,0.0,0,0.0
139071,10,0.0,0,0.0
139072,10,0.0,0,0.0
139073,10,0.0,0,0.0
139074,10,0.0,0,0.0
139075,10,0.0,0,0.0
139076,10,0.0,0,0.0
139077,10,0.0,0,0.0
139078,10,0.0,0,0.0
139079,10,0.0,0,0.0
139080,10,0.0,0,0.0
139081,10,0.0,0,0.0
139082,10,0.0,0,0.0
139083,10,0.0,0,0.0
139084,10,0.0,0,0.0
139085,10,0.0,0,0.0
139086,10,0.0,0,0.0
139118,10,0.0,0,0.0
139119,10,0.0,0,0.0
139120,10,0.0,0,0.0
139121,10,0.0,0,0.0
139122,10,5.91,0,0.2715
139123,10,0.0,0,0.0
139124,10,0.0,0,0.0
139125,10,0.0,0,0.0
139126,10,0.0,0,0.0
139127,10,0.0,0,0.0
139128,10,0.0,0,0.0
139129,10,0.0,0,0.0
139130,10,0.0,0,0.0
139131,10,0.0,0,0.0
139132,10,0.0,0,0.0
139133,10,0.0,0,0.0
139134,10,0.0,0,0.0
139137,10,0.0,0,0.0
139138,10,0.0,0,0.0
139713,10,0.0,0,0.0
139714,10,0.0,0,0.0
139715,10,0.0,0,0.0
139716,10,0.0,0,0.0
139717,10,0.0,0,0.0
139718,10,0.0,0,0.0
139719,10,0.0,0,0.0
139720,10,0.0,0,0.0
139721,10,0.0,0,0.0
139722,10,0.17,0,0.0361
139723,10,1.61,0,0.1786
139724,10,0.0,0,0.0
139725,10,0.0,0,0.0
139726,10,0.0,0,0.0
139727,10,0.0,0,0.0
139728,10,0.0,0,0.0
139729,10,0.0,0,0.0
139730,10,0.0,0,0.0
139731,10,0.0,0,0.0
139732,10,0.0,0,0.0
139733,10,0.0,0,0.0
139734,10,0.0,0,0.0
139744,10,0.0,0,0.0
139745,10,0.0,0,0.0
139748,10,0.0,0,0.0
139749,10,0.0,0,0.0
139750,10,0.0,0,0.0
139751,10,0.0,0,0.0
139752,10,0.0,0,0.0
139753,10,0.0,0,0.0
139754,10,0.0,0,0.0
139755,10,0.0,0,0.0
139756,10,0.0,0,0.0
139757,10,0.0,0,0.0
139758,10,0.0,0,0.0
139759,10,0.0,0,0.0
139760,10,0.0,0,0.0
139761,10,0.0,0,0.0
139762,10,0.0,0,0.0
139763,10,0.0,0,0.0
139764,10,0.0,0,0.0
139765,10,0.0,0,0.0
139766,10,0.0,0,0.0
139767,10,0.0,0,0.0
139768,10,0.0,0,0.0
139769,10,0.0,0,0.0
139802,10,0.0,0,0.0
139803,10,0.0,0,0.0
139804,10,0.0,0,0.0
139805,10,0.0,0,0.0
139806,10,0.0,0,0.0
139807,10,0.0,0,0.0
139808,10,0.0,0,0.0
139809,10,0.0,0,0.0
139810,10,0.0,0,0.0
139811,10,0.0,0,0.0
139812,10,0.0,0,0.0
139813,10,0.0,0,0.0
139814,10,0.0,0,0.0
139815,10,0.0,0,0.0
139816,10,0.0,0,0.0
139817,10,0.0,0,0.0
139818,10,0.0,0,0.0
140396,10,0.0,0,0.0
140397,10,0.0,0,0.0
140398,10,0.0,0,0.0
140399,10,0.0,0,0.0
140400,10,0.0,0,0.0
140401,10,0.0,0,0.0
140402,10,0.0,0,0.0
140403,10,0.0,0,0.0
140404,10,0.0,0,0.0
140405,10,0.0,0,0.0
140406,10,0.0,0,0.0
140407,10,0.0,0,0.0
140408,10,0.0,0,0.0
140409,10,0.0,0,0.0
140411,10,0.0,0,0.0
140412,10,0.0,0,0.0
140413,10,0.0,0,0.0
140414,10,0.0,0,0.0
140415,10,0.0,0,0.0
140416,10,0.0,0,0.0
140417,10,0.0,0,0.0
140428,10,0.0,0,0.0
140429,10,0.0,0,0.0
140430,10,0.0,0,0.0
140433,10,0.0,0,0.0
140434,10,0.0,0,0.0
140435,10,0.0,0,0.0
140436,10,0.0,0,0.0
140437,10,0.0,0,0.0
140438,10,0.0,0,0.0
140439,10,0.0,0,0.0
140440,10,0.0,0,0.0
140441,10,0.0,0,0.0
140442,10,0.0,0,0.0
140443,10,0.0,0,0.0
140444,10,0.0,0,0.0
140445,10,0.0,0,0.0
140446,10,0.0,0,0.0
140447,10,0.0,0,0.0
140448,10,0.0,0,0.0
140449,10,0.0,0,0.0
140450,10,0.0,0,0.0
140486,10,0.0,0,0.0
140487,10,0.0,0,0.0
140488,10,0.0,0,0.0
140489,10,0.0,0,0.0
140490,10,0.0,0,0.0
140491,10,0.0,0,0.0
140492,10,0.0,0,0.0
140493,10,0.0,0,0.0
140494,10,0.0,0,0.0
140495,10,0.0,0,0.0
140496,10,0.0,0,0.0
140497,10,0.0,0,0.0
140498,10,0.0,0,0.0
140499,10,0.0,0,0.0
140500,10,0.0,0,0.0
140501,10,0.0,0,0.0
140502,10,0.0,0,0.0
140503,10,0.0,0,0.0
141083,10,0.0,0,0.0
141084,10,0.0,0,0.0
141085,10,0.0,0,0.0
141086,10,0.0,0,0.0
141087,10,0.0,0,0.0
141088,10,0.0,0,0.0
141089,10,0.0,0,0.0
141090,10,0.0,0,0.0
141091,10,0.0,0,0.0
141092,10,0.0,0,0.0
141093,10,0.0,0,0.0
141094,10,0.0,0,0.0
141095,10,0.0,0,0.0
141096,10,0.0,0,0.0
141097,10,0.0,0,0.0
141098,10,0.0,0,0.0
141099,10,0.0,0,0.0
141100,10,0.0,0,0.0
141113,10,0.0,0,0.0
141118,10,0.0,0,0.0
141120,10,0.0,0,0.0
141121,10,0.0,0,0.0
141122,10,0.0,0,0.0
141123,10,0.0,0,0.0
141124,10,0.0,0,0.0
141125,10,0.0,0,0.0
141126,10,0.0,0,0.0
141127,10,0.0,0,0.0
141128,10,0.0,0,0.0
141129,10,0.0,0,0.0
141130,10,0.0,0,0.0
141131,10,0.0,0,0.0
141132,10,0.0,0,0.0
141133,10,0.0,0,0.0
141134,10,0.0,0,0.0
141168,10,0.0,0,0.0
141169,10,0.0,0,0.0
141170,10,0.0,0,0.0
141171,10,0.0,0,0.0
141172,10,0.0,0,0.0
141173,10,0.0,0,0.0
141174,10,0.0,0,0.0
141175,10,0.0,0,0.0
141176,10,0.0,0,0.0
141177,10,0.0,0,0.0
141178,10,0.0,0,0.0
141179,10,0.0,0,0.0
141180,10,0.0,0,0.0
141181,10,0.0,0,0.0
141182,10,0.0,0,0.0
141183,10,0.0,0,0.0
141184,10,0.0,0,0.0
141185,10,0.0,0,0.0
141186,10,0.0,0,0.0
141187,10,0.0,0,0.0
141768,10,0.0,0,0.0
141769,10,0.0,0,0.0
141770,10,0.0,0,0.0
141771,10,0.0,0,0.0
141772,10,0.0,0,0.0
141773,10,0.0,0,0.0
141774,10,0.0,0,0.0
141775,10,0.0,0,0.0
141776,10,0.0,0,0.0
141777,10,0.0,0,0.0
141778,10,0.0,0,0.0
141779,10,1.4,0,0.2955
141780,10,0.0,0,0.0
141781,10,0.0,0,0.0
141782,10,0.0,0,0.0
141783,10,0.0,0,0.0
141786,10,0.0,0,0.0
141788,10,0.0,0,0.0
141796,10,0.0,0,0.0
141797,10,0.0,0,0.0
141798,10,0.0,0,0.0
141799,10,0.0,0,0.0
141805,10,0.0,0,0.0
141806,10,0.0,0,0.0
141807,10,0.0,0,0.0
141808,10,0.0,0,0.0
141809,10,0.0,0,0.0
141810,10,0.0,0,0.0
141811,10,0.0,0,0.0
141812,10,0.0,0,0.0
141813,10,0.0,0,0.0
141814,10,0.0,0,0.0
141817,10,0.0,0,0.0
141818,10,0.0,0,0.0
141850,10,0.0,0,0.0
141851,10,0.0,0,0.0
141852,10,0.0,0,0.0
141853,10,0.0,0,0.0
141854,10,0.0,0,0.0
141855,10,0.0,0,0.0
141856,10,0.0,0,0.0
141857,10,0.0,0,0.0
141858,10,0.0,0,0.0
141859,10,0.0,0,0.0
141860,10,0.0,0,0.0
141861,10,0.0,0,0.0
141862,10,0.0,0,0.0
141863,10,0.0,0,0.0
141864,10,0.0,0,0.0
141865,10,0.0,0,0.0
141866,10,0.0,0,0.0
141867,10,0.0,0,0.0
141868,10,0.0,0,0.0
141869,10,0.0,0,0.0
141870,10,0.0,0,0.0
142447,10,0.0,0,0.0
142453,10,0.0,0,0.0
142454,10,0.0,0,0.0
142455,10,0.0,0,0.0
142456,10,0.0,0,0.0
142457,10,0.0,0,0.0
142458,10,0.0,0,0.0
142459,10,0.0,0,0.0
142460,10,0.0,0,0.0
142461,10,0.0,0,0.0
142463,9,3.32,0,0.8321
142464,10,0.01,0,0.0013
142465,10,0.0,0,0.0
142466,10,0.0,0,0.0
142467,10,0.0,0,0.0
142468,10,0.0,0,0.0
142469,10,0.0,0,0.0
142470,10,0.0,0,0.0
142473,10,0.0,0,0.0
142474,10,0.0,0,0.0
142475,10,0.0,0,0.0
142476,10,0.0,0,0.0
142479,10,0.0,0,0.0
142480,10,0.0,0,0.0
142481,10,0.0,0,0.0
142484,10,0.0,0,0.0
142490,10,0.0,0,0.0
142491,10,0.0,0,0.0
142492,10,0.0,0,0.0
142493,10,0.0,0,0.0
142494,10,0.0,0,0.0
142495,10,0.0,0,0.0
142496,10,0.0,0,0.0
142499,10,0.0,0,0.0
142501,10,0.0,0,0.0
142502,10,0.0,0,0.0
142529,10,0.0,0,0.0
142530,10,0.0,0,0.0
142531,10,0.0,0,0.0
142532,10,0.0,0,0.0
142534,10,0.0,0,0.0
142535,10,0.0,0,0.0
142536,10,0.0,0,0.0
142537,10,0.0,0,0.0
142538,10,0.0,0,0.0
142539,10,0.0,0,0.0
142540,10,0.0,0,0.0
142541,10,0.0,0,0.0
142542,10,0.0,0,0.0
142543,10,0.0,0,0.0
142544,10,0.0,0,0.0
142545,10,0.0,0,0.0
142546,10,0.0,0,0.0
142547,10,0.0,0,0.0
142548,10,0.0,0,0.0
142549,10,0.0,0,0.0
142550,10,0.0,0,0.0
142551,10,0.0,0,0.0
142552,10,0.0,0,0.0
142553,10,0.0,0,0.0
142554,10,0.0,0,0.0
143131,10,0.0,0,0.0
143137,10,0.0,0,0.0
143138,10,0.0,0,0.0
143139,10,0.0,0,0.0
143140,10,0.0,0,0.0
143141,10,0.0,0,0.0
143142,10,0.0,0,0.0
143147,10,0.0,0,0.0
143148,10,0.0,0,0.0
143149,10,0.0,0,0.0
143150,10,0.0,0,0.0
143151,10,0.0,0,0.0
143153,10,0.0,0,0.0
143154,10,0.0,0,0.0
143155,10,0.0,0,0.0
143156,10,0.0,0,0.0
143157,10,0.0,0,0.0
143158,10,0.0,0,0.0
143163,10,0.0,0,0.0
143164,10,0.0,0,0.0
143165,10,0.0,0,0.0
143170,10,0.0,0,0.0
143173,10,0.0,0,0.0
143174,10,0.0,0,0.0
143175,10,0.0,0,0.0
143176,10,0.0,0,0.0
143177,10,0.0,0,0.0
143179,10,0.0,0,0.0
143181,10,0.0,0,0.0
143182,10,0.0,0,0.0
143183,10,0.0,0,0.0
143184,10,0.0,0,0.0
143185,10,0.0,0,0.0
143212,10,0.0,0,0.0
143213,10,0.0,0,0.0
143215,10,0.0,0,0.0
143216,10,0.0,0,0.0
143217,10,0.0,0,0.0
143218,10,0.0,0,0.0
143219,10,0.0,0,0.0
143220,10,0.0,0,0.0
143221,10,0.0,0,0.0
143222,10,0.0,0,0.0
143223,10,0.0,0,0.0
143224,10,0.0,0,0.0
143225,10,0.0,0,0.0
143230,10,0.0,0,0.0
143231,10,0.0,0,0.0
143232,10,0.0,0,0.0
143233,10,0.0,0,0.0
143234,10,0.0,0,0.0
143235,10,0.0,0,0.0
143236,10,0.0,0,0.0
143237,10,0.0,0,0.0
143822,10,0.0,0,0.0
143823,10,0.0,0,0.0
143824,10,0.0,0,0.0
143825,10,0.0,0,0.0
143826,10,0.0,0,0.0
143827,10,0.0,0,0.0
143828,10,0.0,0,0.0
143829,10,0.0,0,0.0
143830,10,0.0,0,0.0
143831,10,0.0,0,0.0
143832,10,0.0,0,0.0
143833,10,0.0,0,0.0
143834,10,0.0,0,0.0
143835,10,0.0,0,0.0
143836,10,0.0,0,0.0
143837,10,0.0,0,0.0
143839,10,0.0,0,0.0
143840,10,0.0,0,0.0
143841,10,0.0,0,0.0
143844,10,0.0,0,0.0
143845,10,0.0,0,0.0
143846,10,0.0,0,0.0
143847,10,0.0,0,0.0
143848,10,0.0,0,0.0
143858,10,0.0,0,0.0
143859,10,0.0,0,0.0
143860,10,0.0,0,0.0
143861,10,0.0,0,0.0
143862,10,0.0,0,0.0
143863,10,0.0,0,0.0
143865,10,0.0,0,0.0
143866,10,0.0,0,0.0
143867,10,0.0,0,0.0
143868,10,0.0,0,0.0
143869,10,0.0,0,0.0
143870,9,0.26,0,0.8822
143895,10,0.0,0,0.0
143896,10,0.0,0,0.0
143897,10,0.0,0,0.0
143899,10,0.0,0,0.0
143900,10,0.0,0,0.0
143901,10,0.0,0,0.0
143902,10,0.0,0,0.0
143903,10,0.0,0,0.0
143904,10,0.0,0,0.0
143905,10,0.0,0,0.0
143906,10,0.0,0,0.0
143907,10,0.0,0,0.0
143908,10,0.0,0,0.0
143909,10,0.0,0,0.0
143915,10,0.0,0,0.0
143916,10,0.0,0,0.0
143917,10,0.0,0,0.0
143918,10,0.0,0,0.0
143919,10,0.0,0,0.0
143920,10,0.0,0,0.0
144507,10,0.0,0,0.0
144508,10,0.0,0,0.0
144509,10,0.0,0,0.0
144510,10,0.0,0,0.0
144511,10,0.0,0,0.0
144512,10,0.0,0,0.0
144513,10,0.0,0,0.0
144514,10,0.0,0,0.0
144515,10,0.0,0,0.0
144517,10,0.68,0,0.1394
144518,10,0.0,0,0.0
144519,9,4.26,0,0.7301
144520,10,0.0,0,0.0
144521,10,0.0,0,0.0
144522,10,0.0,0,0.0
144523,10,0.0,0,0.0
144524,10,0.0,0,0.0
144525,10,0.0,0,0.0
144526,10,0.0,0,0.0
144527,10,0.0,0,0.0
144528,10,0.0,0,0.0
144529,10,0.93,0,0.1942
144530,10,0.0,0,0.0
144531,10,0.0,0,0.0
144532,10,0.0,0,0.0
144536,10,0.0,0,0.0
144537,10,0.0,0,0.0
144541,10,0.0,0,0.0
144542,10,0.0,0,0.0
144543,10,0.0,0,0.0
144544,10,0.0,0,0.0
144545,10,0.0,0,0.0
144546,10,0.0,0,0.0
144550,10,0.0,0,0.0
144578,10,0.0,0,0.0
144579,10,0.0,0,0.0
144580,10,0.0,0,0.0
144581,10,0.0,0,0.0
144582,10,0.0,0,0.0
144583,10,0.0,0,0.0
144584,10,0.0,0,0.0
144585,10,0.0,0,0.0
144586,10,0.0,0,0.0
144587,10,0.0,0,0.0
144588,10,0.0,0,0.0
144589,10,0.0,0,0.0
144590,10,0.0,0,0.0
144591,10,0.0,0,0.0
144592,10,0.0,0,0.0
144593,10,0.0,0,0.0
144594,10,0.0,0,0.0
144595,10,0.0,0,0.0
144601,10,0.0,0,0.0
144602,10,0.0,0,0.0
144603,10,0.0,0,0.0
144604,10,0.0,0,0.0
145181,10,0.0,0,0.0
145191,10,0.0,0,0.0
145192,10,0.0,0,0.0
145193,10,0.0,0,0.0
145194,10,0.0,0,0.0
145195,10,0.0,0,0.0
145196,10,0.0,0,0.0
145197,10,0.0,0,0.0
145198,10,0.0,0,0.0
145199,10,0.0,0,0.0
145200,10,0.0,0,0.0
145201,10,3.17,0,0.2013
145202,10,2.22,0,0.7737
145203,8,3.63,0,0.945
145204,8,3.78,0,0.8446
145205,10,13.8,0,0.3553
145206,10,0.03,0,0.0781
145207,10,0.0,0,0.0
145209,10,0.0,0,0.0
145210,10,0.0,0,0.0
145211,10,0.0,0,0.0
145212,10,0.0,0,0.0
145213,10,0.0,0,0.0
145214,10,0.0,0,0.0
145215,10,0.0,0,0.0
145216,10,0.0,0,0.0
145221,10,0.0,0,0.0
145222,10,0.0,0,0.0
145223,10,0.0,0,0.0
145224,10,0.0,0,0.0
145225,10,0.0,0,0.0
145226,10,0.0,0,0.0
145227,10,0.0,0,0.0
145228,10,0.0,0,0.0
145231,10,0.0,0,0.0
145232,10,0.0,0,0.0
145233,10,0.0,0,0.0
145234,10,0.0,0,0.0
145236,10,0.0,0,0.0
145239,10,0.0,0,0.0
145240,10,0.0,0,0.0
145242,10,0.0,0,0.0
145260,10,0.0,0,0.0
145261,10,0.0,0,0.0
145262,10,0.0,0,0.0
145263,10,0.0,0,0.0
145264,10,0.0,0,0.0
145265,10,0.0,0,0.0
145266,10,0.0,0,0.0
145267,10,0.0,0,0.0
145268,10,0.0,0,0.0
145269,10,0.0,0,0.0
145270,10,0.0,0,0.0
145271,10,0.0,0,0.0
145272,10,0.0,0,0.0
145273,10,0.0,0,0.0
145274,10,0.0,0,0.0
145275,10,0.0,0,0.0
145276,10,0.0,0,0.0
145277,10,0.0,0,0.0
145278,10,0.0,0,0.0
145279,10,0.0,0,0.0
145285,10,0.0,0,0.0
145286,10,0.0,0,0.0
145287,10,0.0,0,0.0
145288,10,0.0,0,0.0
145876,10,0.0,0,0.0
145877,10,0.0,0,0.0
145878,10,0.0,0,0.0
145880,10,0.0,0,0.0
145881,10,0.0,0,0.0
145882,10,0.0,0,0.0
145883,10,0.0,0,0.0
145884,10,0.0,0,0.0
145885,10,4.68,0,0.1654
145886,9,12.01,0,0.7798
145887,8,0.47,0,0.945
145888,9,23.04,0,0.865
145889,10,4.52,0,0.2046
145890,10,0.24,0,0.0086
145891,10,0.0,0,0.0
145892,10,0.0,0,0.0
145895,10,0.0,0,0.0
145896,10,0.0,0,0.0
145897,10,0.0,0,0.0
145898,10,0.0,0,0.0
145899,10,0.0,0,0.0
145900,10,0.0,0,0.0
145901,10,0.0,0,0.0
145904,10,0.0,0,0.0
145905,10,0.0,0,0.0
145906,10,0.0,0,0.0
145909,10,0.0,0,0.0
145910,10,0.0,0,0.0
145915,10,0.0,0,0.0
145916,10,0.0,0,0.0
145917,10,0.0,0,0.0
145918,10,0.0,0,0.0
145924,10,0.0,0,0.0
145926,10,0.0,0,0.0
145944,10,0.0,0,0.0
145945,10,0.0,0,0.0
145946,10,0.0,0,0.0
145947,10,0.0,0,0.0
145948,10,0.0,0,0.0
145949,10,0.0,0,0.0
145950,10,0.0,0,0.0
145951,10,0.0,0,0.0
145952,10,0.0,0,0.0
145953,10,0.0,0,0.0
145954,10,0.0,0,0.0
145955,10,0.0,0,0.0
145956,10,0.0,0,0.0
145957,10,0.0,0,0.0
145958,10,0.0,0,0.0
145959,10,0.0,0,0.0
145960,10,0.0,0,0.0
145961,10,0.0,0,0.0
145962,10,0.0,0,0.0
145963,10,0.0,0,0.0
145964,10,0.0,0,0.0
145965,10,0.0,0,0.0
145966,10,0.0,0,0.0
145967,10,0.0,0,0.0
145968,10,0.0,0,0.0
145969,10,0.0,0,0.0
145970,10,0.0,0,0.0
145971,10,0.0,0,0.0
145972,10,0.0,0,0.0
146560,10,0.0,0,0.0
146561,10,0.0,0,0.0
146562,10,0.0,0,0.0
146563,10,0.0,0,0.0
146564,10,0.0,0,0.0
146565,10,0.0,0,0.0
146566,10,0.0,0,0.0
146567,10,0.0,0,0.0
146568,10,0.0,0,0.0
146569,10,1.49,0,0.0307
146570,10,4.8,0,0.6479
146571,10,0.0,0,0.0
146572,8,0.1,0,0.945
146573,8,10.31,0,0.945
146574,10,4.82,0,0.6633
146575,10,0.0,0,0.0
146576,10,0.0,0,0.0
146580,10,0.0,0,0.0
146581,10,0.0,0,0.0
146582,10,0.0,0,0.0
146583,10,0.0,0,0.0
146584,10,0.0,0,0.0
146588,10,0.0,0,0.0
146589,10,0.0,0,0.0
146591,10,0.0,0,0.0
146600,10,0.0,0,0.0
146601,10,0.0,0,0.0
146602,10,0.0,0,0.0
146603,10,0.0,0,0.0
146604,10,0.0,0,0.0
146605,10,0.0,0,0.0
146608,10,0.0,0,0.0
146609,10,0.0,0,0.0
146610,10,0.0,0,0.0
146622,10,0.0,0,0.0
146623,10,0.0,0,0.0
146626,10,0.0,0,0.0
146627,10,0.0,0,0.0
146628,10,0.0,0,0.0
146629,10,0.0,0,0.0
146630,10,0.0,0,0.0
146631,10,0.0,0,0.0
146632,10,0.0,0,0.0
146633,10,0.0,0,0.0
146634,10,0.0,0,0.0
146635,10,0.0,0,0.0
146636,10,0.0,0,0.0
146637,10,0.0,0,0.0
146638,10,0.0,0,0.0
146639,10,0.0,0,0.0
146640,10,0.0,0,0.0
146641,10,0.0,0,0.0
146642,10,0.0,0,0.0
146643,10,0.0,0,0.0
146644,10,0.0,0,0.0
146645,10,0.0,0,0.0
146646,10,0.0,0,0.0
146647,10,0.0,0,0.0
146648,10,0.0,0,0.0
146649,10,0.0,0,0.0
146650,10,0.0,0,0.0
146651,10,0.0,0,0.0
146652,10,0.0,0,0.0
146653,10,0.0,0,0.0
146654,10,0.0,0,0.0
146655,10,0.0,0,0.0
146656,10,0.0,0,0.0
147244,10,0.0,0,0.0
147245,10,0.0,0,0.0
147247,10,0.0,0,0.0
147248,10,0.0,0,0.0
147249,10,0.0,0,0.0
147250,10,0.0,0,0.0
147251,10,0.0,0,0.0
147252,10,0.0,0,0.0
147253,10,2.62,0,0.0535
147254,10,5.26,0,0.1659
147255,10,1.97,0,0.144
147257,8,17.97,0,0.9366
147258,10,7.01,0,0.2561
147259,10,0.0,0,0.0
147260,10,0.0,0,0.0
147261,10,0.0,0,0.0
147264,10,0.0,0,0.0
147265,10,0.0,0,0.0
147266,10,0.0,0,0.0
147267,10,0.0,0,0.0
147274,10,0.0,0,0.0
147275,10,0.0,0,0.0
147276,10,0.0,0,0.0
147285,10,0.0,0,0.0
147286,10,0.0,0,0.0
147287,10,0.0,0,0.0
147288,10,0.0,0,0.0
147289,10,0.0,0,0.0
147290,10,0.0,0,0.0
147291,10,0.0,0,0.0
147293,10,0.0,0,0.0
147294,10,0.0,0,0.0
147306,10,0.0,0,0.0
147307,10,0.0,0,0.0
147309,10,0.0,0,0.0
147310,10,0.0,0,0.0
147311,10,0.0,0,0.0
147312,10,0.0,0,0.0
147313,10,0.0,0,0.0
147314,10,0.0,0,0.0
147315,10,0.0,0,0.0
147316,10,0.0,0,0.0
147317,10,0.0,0,0.0
147318,10,0.0,0,0.0
147319,10,0.0,0,0.0
147320,10,0.0,0,0.0
147321,10,0.0,0,0.0
147322,10,0.0,0,0.0
147323,10,0.0,0,0.0
147324,10,0.0,0,0.0
147325,10,0.0,0,0.0
147326,10,0.09,0,0.2623
147327,10,0.61,0,0.4121
147328,10,0.22,0,0.0256
147329,10,0.0,0,0.0
147330,10,0.0,0,0.0
147331,10,0.0,0,0.0
147332,10,0.0,0,0.0
147333,10,0.0,0,0.0
147334,10,0.0,0,0.0
147335,10,0.0,0,0.0
147336,10,0.0,0,0.0
147337,10,0.0,0,0.0
147338,10,0.0,0,0.0
147339,10,0.0,0,0.0
147340,10,0.0,0,0.0
147927,10,0.0,0,0.0
147928,10,0.0,0,0.0
147929,10,0.0,0,0.0
147930,10,0.0,0,0.0
147931,10,0.0,0,0.0
147932,10,0.0,0,0.0
147933,10,0.0,0,0.0
147934,10,11.48,0,0.4348
147935,10,3.31,0,0.2685
147936,10,0.0,0,0.0
147937,10,0.0,0,0.0
147938,10,0.0,0,0.0
147939,10,26.88,0,0.5572
147940,8,15.72,0,0.945
147941,8,19.83,0,0.945
147942,10,23.64,0,0.59
147943,10,1.49,0,0.2032
147944,10,0.0,0,0.0
147945,10,0.0,0,0.0
147946,10,0.0,0,0.0
147949,10,0.0,0,0.0
147950,10,0.0,0,0.0
147951,10,0.0,0,0.0
147960,10,0.0,0,0.0
147961,10,0.0,0,0.0
147962,10,0.0,0,0.0
147963,10,0.0,0,0.0
147969,10,0.0,0,0.0
147970,10,0.0,0,0.0
147971,10,0.0,0,0.0
147972,10,0.0,0,0.0
147973,10,0.0,0,0.0
147976,10,0.0,0,0.0
147980,10,0.0,0,0.0
147981,10,0.0,0,0.0
147982,10,0.0,0,0.0
147983,10,0.0,0,0.0
147992,10,0.0,0,0.0
147993,10,0.0,0,0.0
147994,10,0.0,0,0.0
147995,10,0.0,0,0.0
147996,10,0.0,0,0.0
147997,10,0.0,0,0.0
147998,10,0.0,0,0.0
147999,10,0.0,0,0.0
148000,10,0.0,0,0.0
148001,10,0.0,0,0.0
148002,10,0.0,0,0.0
148003,10,0.0,0,0.0
148004,10,0.0,0,0.0
148005,10,0.0,0,0.0
148006,10,0.0,0,0.0
148007,10,0.0,0,0.0
148008,10,0.0,0,0.0
148009,10,0.0,0,0.0
148010,10,0.0,0,0.0
148011,10,0.04,0,0.0082
148012,10,0.0,0,0.0
148013,10,0.0,0,0.0
148014,10,0.0,0,0.0
148015,10,0.0,0,0.0
148016,10,0.0,0,0.0
148017,10,0.0,0,0.0
148018,10,0.0,0,0.0
148019,10,0.0,0,0.0
148020,10,0.0,0,0.0
148021,10,0.0,0,0.0
148022,10,0.0,0,0.0
148023,10,0.0,0,0.0
148024,10,0.0,0,0.0
148612,10,0.0,0,0.0
148613,10,0.0,0,0.0
148614,10,0.0,0,0.0
148615,10,0.0,0,0.0
148616,10,0.0,0,0.0
148617,10,0.0,0,0.0
148618,10,0.0,0,0.0
148619,10,0.0,0,0.0
148620,10,0.0,0,0.0
148621,10,0.0,0,0.0
148622,10,0.0,0,0.0
148623,10,2.44,0,0.0451
148624,10,8.58,0,0.2711
148625,8,28.83,0,0.888
148626,8,38.97,0,0.945
148627,8,6.37,0,0.945
148628,10,0.01,0,0.0099
148629,10,0.0,0,0.0
148630,10,0.0,0,0.0
148633,10,0.0,0,0.0
148634,10,0.0,0,0.0
148635,10,0.0,0,0.0
148644,10,0.0,0,0.0
148645,10,0.0,0,0.0
148646,10,0.0,0,0.0
148647,10,0.0,0,0.0
148653,10,0.0,0,0.0
148654,10,0.0,0,0.0
148655,10,0.0,0,0.0
148656,10,0.0,0,0.0
148657,10,0.0,0,0.0
148660,10,0.0,0,0.0
148661,10,0.0,0,0.0
148664,10,0.0,0,0.0
148665,10,0.0,0,0.0
148666,10,0.0,0,0.0
148667,10,0.0,0,0.0
148676,10,0.0,0,0.0
148677,10,0.0,0,0.0
148678,10,0.0,0,0.0
148679,10,0.0,0,0.0
148680,10,0.0,0,0.0
148681,10,0.0,0,0.0
148682,10,0.0,0,0.0
148684,10,0.0,0,0.0
148685,10,0.0,0,0.0
148686,10,0.0,0,0.0
148687,10,0.0,0,0.0
148688,10,0.0,0,0.0
148689,10,4.76,0,0.1915
148690,10,0.0,0,0.0
148691,10,0.0,0,0.0
148692,10,0.0,0,0.0
148693,10,0.0,0,0.0
148694,10,1.54,0,0.043
148695,10,4.57,0,0.2205
148696,10,0.13,0,0.0068
148697,10,0.0,0,0.0
148698,10,0.0,0,0.0
148699,10,0.0,0,0.0
148700,10,0.0,0,0.0
148701,10,0.0,0,0.0
148702,10,0.0,0,0.0
148703,10,0.0,0,0.0
148704,10,0.0,0,0.0
148705,10,0.0,0,0.0
148706,10,0.0,0,0.0
148707,10,0.0,0,0.0
149296,10,0.0,0,0.0
149297,10,0.0,0,0.0
149298,10,0.0,0,0.0
149299,10,0.0,0,0.0
149300,10,0.0,0,0.0
149301,10,0.0,0,0.0
149302,10,0.0,0,0.0
149303,10,0.0,0,0.0
149304,10,0.0,0,0.0
149305,10,0.0,0,0.0
149306,10,1.93,0,0.0612
149307,10,14.05,0,0.3373
149308,10,11.54,0,0.3042
149309,8,40.36,0,0.945
149310,8,32.29,0,0.945
149311,8,9.8,0,0.9445
149312,8,0.67,0,0.945
149313,10,0.0,0,0.0
149314,10,0.0,0,0.0
149316,10,0.0,0,0.0
149317,10,0.0,0,0.0
149318,10,0.0,0,0.0
149319,10,0.0,0,0.0
149323,10,0.0,0,0.0
149324,10,0.0,0,0.0
149330,10,0.0,0,0.0
149331,10,0.0,0,0.0
149332,10,0.0,0,0.0
149333,10,0.0,0,0.0
149335,10,0.0,0,0.0
149336,10,0.0,0,0.0
149337,10,0.0,0,0.0
149339,10,0.0,0,0.0
149340,10,0.0,0,0.0
149341,10,0.0,0,0.0
149342,10,0.0,0,0.0
149343,10,0.0,0,0.0
149344,10,0.0,0,0.0
149346,10,0.0,0,0.0
149349,10,0.0,0,0.0
149359,10,0.0,0,0.0
149361,10,0.0,0,0.0
149362,10,0.0,0,0.0
149363,10,0.0,0,0.0
149364,10,0.0,0,0.0
149365,10,0.0,0,0.0
149366,10,0.0,0,0.0
149367,10,0.0,0,0.0
149368,10,0.0,0,0.0
149369,10,0.0,0,0.0
149370,10,0.0,0,0.0
149371,10,0.0,0,0.0
149372,10,0.0,0,0.0
149373,10,0.0,0,0.0
149374,10,0.0,0,0.0
149375,10,0.0,0,0.0
149376,10,0.0,0,0.0
149377,10,0.0,0,0.0
149378,10,11.64,0,0.3417
149379,10,4.41,0,0.2558
149380,10,0.88,0,0.0373
149381,10,0.0,0,0.0
149382,10,0.0,0,0.0
149383,10,0.0,0,0.0
149384,10,0.0,0,0.0
149385,10,0.0,0,0.0
149386,10,0.0,0,0.0
149387,10,0.0,0,0.0
149388,10,0.0,0,0.0
149389,10,0.0,0,0.0
149390,10,0.0,0,0.0
149391,10,0.0,0,0.0
149980,10,0.0,0,0.0
149981,10,0.0,0,0.0
149982,10,0.0,0,0.0
149983,10,0.0,0,0.0
149984,10,0.0,0,0.0
149985,10,0.0,0,0.0
149987,10,0.0,0,0.0
149988,10,0.0,0,0.0
149989,10,0.0,0,0.0
149990,10,0.81,0,0.4683
149991,10,10.42,0,0.4701
149992,10,21.33,0,0.7505
149993,8,30.99,0,0.945
149994,8,29.37,0,0.9396
149995,10,1.97,0,0.5365
149996,10,0.0,0,0.0
149997,10,0.0,0,0.0
149998,10,0.0,0,0.0
150000,10,0.0,0,0.0
150001,10,0.0,0,0.0
150002,10,0.0,0,0.0
150003,10,0.0,0,0.0
150006,10,0.0,0,0.0
150007,10,0.0,0,0.0
150008,10,0.0,0,0.0
150010,10,0.0,0,0.0
150011,10,0.0,0,0.0
150015,10,0.0,0,0.0
150016,10,0.0,0,0.0
150017,10,0.0,0,0.0
150018,10,0.0,0,0.0
150019,10,0.0,0,0.0
150020,10,0.0,0,0.0
150021,10,0.0,0,0.0
150023,10,0.0,0,0.0
150024,10,0.0,0,0.0
150025,10,0.0,0,0.0
150026,10,0.0,0,0.0
150029,10,0.0,0,0.0
150030,10,0.0,0,0.0
150031,10,0.0,0,0.0
150043,10,0.0,0,0.0
150045,10,0.0,0,0.0
150046,10,0.0,0,0.0
150047,10,0.0,0,0.0
150048,10,0.0,0,0.0
150049,10,0.0,0,0.0
150051,10,0.0,0,0.0
150052,10,0.0,0,0.0
150053,10,0.0,0,0.0
150054,10,0.0,0,0.0
150055,10,0.0,0,0.0
150056,10,0.0,0,0.0
150057,10,0.0,0,0.0
150058,10,0.0,0,0.0
150059,10,0.0,0,0.0
150060,10,0.0,0,0.0
150061,10,0.0,0,0.0
150062,10,2.79,0,0.1062
150063,10,3.6,0,0.2428
150064,10,2.52,0,0.0908
150065,10,0.0,0,0.0
150066,10,0.0,0,0.0
150067,10,0.0,0,0.0
150068,10,0.0,0,0.0
150069,10,0.0,0,0.0
150070,10,0.0,0,0.0
150071,10,0.0,0,0.0
150072,10,0.0,0,0.0
150073,10,0.0,0,0.0
150074,10,0.0,0,0.0
150671,10,0.0,0,0.0
150672,10,0.0,0,0.0
150673,10,0.0,0,0.0
150674,10,0.0,0,0.0
150675,10,0.9,0,0.2051
150676,10,11.54,0,0.6635
150677,8,28.22,0,0.945
150678,8,23.2,0,0.9436
150679,10,0.92,0,0.3148
150680,10,0.0,0,0.0
150681,10,0.0,0,0.0
150682,10,0.02,0,0.0113
150683,10,0.0,0,0.0
150684,10,0.0,0,0.0
150685,10,0.0,0,0.0
150686,10,0.0,0,0.0
150687,10,0.0,0,0.0
150688,10,0.0,0,0.0
150689,10,0.0,0,0.0
150690,10,0.0,0,0.0
150691,10,0.0,0,0.0
150692,10,0.0,0,0.0
150693,10,0.0,0,0.0
150694,10,0.0,0,0.0
150695,10,0.0,0,0.0
150696,10,0.0,0,0.0
150699,10,0.0,0,0.0
150700,10,0.0,0,0.0
150702,10,0.0,0,0.0
150704,10,0.0,0,0.0
150705,10,0.0,0,0.0
150706,10,0.0,0,0.0
150707,10,0.0,0,0.0
150708,10,0.0,0,0.0
150709,10,0.0,0,0.0
150710,10,0.0,0,0.0
150711,10,0.0,0,0.0
150713,10,0.0,0,0.0
150714,10,0.0,0,0.0
150715,10,0.0,0,0.0
150725,10,0.0,0,0.0
150726,10,0.0,0,0.0
150729,10,0.0,0,0.0
150730,10,0.0,0,0.0
150731,10,0.0,0,0.0
150732,10,0.0,0,0.0
150734,10,0.0,0,0.0
150735,10,0.0,0,0.0
150736,10,0.0,0,0.0
150737,10,0.0,0,0.0
150738,10,0.0,0,0.0
150739,10,0.0,0,0.0
150740,10,0.0,0,0.0
150741,10,0.0,0,0.0
150742,10,0.0,0,0.0
150743,10,0.0,0,0.0
150744,10,0.0,0,0.0
150745,10,3.85,0,0.0769
150746,10,26.61,0,0.6289
150747,10,0.56,0,0.2652
150748,10,0.0,0,0.0
150749,10,0.0,0,0.0
150750,10,0.0,0,0.0
150751,10,0.0,0,0.0
150752,10,0.0,0,0.0
150753,10,0.0,0,0.0
150754,10,0.0,0,0.0
150755,10,0.0,0,0.0
150756,10,0.0,0,0.0
150757,10,0.0,0,0.0
150758,10,0.0,0,0.0
150759,10,0.0,0,0.0
151362,8,0.01,0,0.945
151363,10,0.03,0,0.0137
151364,10,0.0,0,0.0
151365,10,0.0,0,0.0044
151366,10,0.0,0,0.0
151367,10,0.6,0,0.0446
151368,10,0.0,0,0.0
151369,10,0.0,0,0.0
151370,10,0.0,0,0.0
151371,10,0.0,0,0.0
151372,10,0.0,0,0.0
151373,10,0.0,0,0.0
151374,10,0.0,0,0.0
151375,10,0.0,0,0.0
151376,10,0.0,0,0.0
151377,10,0.0,0,0.0
151378,10,0.0,0,0.0
151381,10,0.0,0,0.0
151382,10,0.0,0,0.0
151384,10,0.0,0,0.0
151386,10,0.0,0,0.0
151388,10,0.0,0,0.0
151389,10,0.0,0,0.0
151390,10,0.0,0,0.0
151391,10,0.0,0,0.0
151392,10,0.0,0,0.0
151393,10,0.0,0,0.0
151394,10,0.0,0,0.0
151395,10,0.0,0,0.0
151396,10,0.0,0,0.0
151397,10,0.0,0,0.0
151398,10,0.0,0,0.0
151400,10,0.0,0,0.0
151405,10,0.0,0,0.0
151409,10,0.0,0,0.0
151410,10,0.0,0,0.0
151414,10,0.0,0,0.0
151415,10,0.0,0,0.0
151416,10,0.0,0,0.0
151417,10,0.0,0,0.0
151418,10,0.0,0,0.0
151419,10,0.0,0,0.0
151420,10,0.0,0,0.0
151421,10,0.0,0,0.0
151422,10,0.0,0,0.0
151423,10,0.0,0,0.0
151424,10,0.0,0,0.0
151425,10,0.0,0,0.0
151427,10,0.0,0,0.0
151428,10,0.0,0,0.0
151429,10,3.55,0,0.0426
151430,10,23.63,0,0.6057
151431,10,0.0,0,0.0
151432,10,4.92,0,0.1861
151433,10,4.13,0,0.1121
151434,10,0.0,0,0.0
151435,10,0.0,0,0.0
151436,10,0.0,0,0.0
151437,10,0.0,0,0.0
151438,10,0.0,0,0.0
151439,10,0.0,0,0.0
151440,10,0.0,0,0.0
151441,10,0.0,0,0.0
151442,10,0.0,0,0.0
151443,10,0.0,0,0.0
152050,10,0.0,0,0.0
152051,10,0.0,0,0.0
152052,10,0.0,0,0.0
152053,10,0.0,0,0.0
152054,10,0.0,0,0.0
152055,10,0.0,0,0.0
152056,10,0.0,0,0.0
152057,10,0.0,0,0.0
152058,10,0.0,0,0.0
152059,10,0.0,0,0.0
152060,10,0.0,0,0.0
152061,10,0.0,0,0.0
152062,10,0.0,0,0.0
152063,10,0.0,0,0.0
152064,10,0.0,0,0.0
152065,10,0.0,0,0.0
152066,10,0.0,0,0.0
152067,10,0.0,0,0.0
152068,10,0.0,0,0.0
152072,10,0.0,0,0.0
152073,10,0.0,0,0.0
152074,10,0.0,0,0.0
152075,10,0.0,0,0.0
152076,10,0.0,0,0.0
152077,10,0.0,0,0.0
152078,10,0.0,0,0.0
152079,10,0.0,0,0.0
152080,10,0.0,0,0.0
152081,10,0.0,0,0.0
152082,10,0.0,0,0.0
152083,10,0.0,0,0.0
152084,10,0.0,0,0.0
152085,10,0.0,0,0.0
152087,10,0.0,0,0.0
152088,10,0.0,0,0.0
152090,10,0.0,0,0.0
152097,10,0.0,0,0.0
152098,10,0.0,0,0.0
152099,10,0.0,0,0.0
152101,10,0.0,0,0.0
152102,10,0.0,0,0.0
152103,10,0.0,0,0.0
152104,10,0.0,0,0.0
152105,10,0.0,0,0.0
152106,10,0.0,0,0.0
152107,10,0.0,0,0.0
152108,10,0.0,0,0.0
152109,10,0.0,0,0.0
152111,10,0.0,0,0.0
152112,10,0.0,0,0.0
152113,10,0.0,0,0.0
152114,10,1.72,0,0.0516
152115,10,0.0,0,0.0
152116,10,0.0,0,0.0
152117,10,3.57,0,0.0881
152118,10,0.0,0,0.0
152119,10,0.0,0,0.0
152120,10,0.0,0,0.0
152121,10,0.0,0,0.0
152122,10,0.0,0,0.0
152123,10,0.0,0,0.0
152124,10,0.0,0,0.0
152125,10,0.0,0,0.0
152126,10,0.0,0,0.0
152127,10,0.0,0,0.0
152128,10,0.0,0,0.0
152734,10,0.0,0,0.0
152735,10,0.0,0,0.0
152736,10,0.0,0,0.0
152737,10,0.0,0,0.0
152738,10,0.0,0,0.0
152739,10,0.0,0,0.0
152740,10,0.0,0,0.0
152741,10,0.0,0,0.0
152742,10,0.0,0,0.0
152743,10,0.0,0,0.0
152744,10,0.0,0,0.0
152745,10,0.0,0,0.0
152746,10,0.0,0,0.0
152747,10,0.0,0,0.0
152749,10,0.0,0,0.0
152750,10,0.0,0,0.0
152751,10,0.0,0,0.0
152755,10,0.0,0,0.0
152756,10,0.0,0,0.0
152757,10,0.0,0,0.0
152758,10,0.0,0,0.0
152759,10,0.0,0,0.0
152760,10,0.0,0,0.0
152761,10,0.0,0,0.0
152762,10,0.0,0,0.0
152763,10,0.0,0,0.0
152764,10,0.0,0,0.0
152765,10,0.0,0,0.0
152766,10,0.0,0,0.0
152767,10,0.0,0,0.0
152768,10,0.0,0,0.0
152769,10,0.0,0,0.0
152771,10,0.0,0,0.0
152772,10,0.0,0,0.0
152773,10,0.0,0,0.0
152775,10,0.0,0,0.0
152782,10,0.0,0,0.0
152783,10,0.0,0,0.0
152784,10,0.0,0,0.0
152786,10,0.0,0,0.0
152787,10,0.0,0,0.0
152788,10,0.0,0,0.0
152789,10,0.0,0,0.0
152790,10,0.0,0,0.0
152791,10,0.0,0,0.0
152792,10,0.0,0,0.0
152793,10,0.0,0,0.0
152794,10,0.0,0,0.0
152795,10,0.0,0,0.0
152796,10,0.0,0,0.0
152797,10,0.0,0,0.0
152798,10,0.0,0,0.0
152799,10,0.0,0,0.0
152800,10,0.0,0,0.0
152801,10,0.0,0,0.0
152802,10,0.0,0,0.0
152803,10,0.0,0,0.0
152804,10,0.0,0,0.0
152805,10,0.0,0,0.0
152806,10,0.0,0,0.0
152807,10,0.0,0,0.0
152808,10,0.0,0,0.0
152809,10,0.0,0,0.0
152810,10,0.0,0,0.0
152811,10,0.0,0,0.0
153419,10,0.0,0,0.0
153420,10,0.0,0,0.0
153421,10,0.0,0,0.0
153422,10,0.0,0,0.0
153423,10,0.0,0,0.0
153424,10,0.0,0,0.0
153425,10,0.0,0,0.0
153426,10,0.0,0,0.0
153427,10,0.0,0,0.0
153428,10,0.0,0,0.0
153429,10,0.0,0,0.0
153431,10,0.0,0,0.0
153433,10,0.0,0,0.0
153434,10,0.0,0,0.0
153439,10,0.0,0,0.0
153440,10,0.0,0,0.0
153441,10,0.0,0,0.0
153442,10,0.0,0,0.0
153443,10,0.0,0,0.0
153444,10,0.0,0,0.0
153445,10,0.0,0,0.0
153446,10,0.0,0,0.0
153447,10,0.0,0,0.0
153448,10,0.0,0,0.0
153449,10,0.0,0,0.0
153450,10,0.0,0,0.0
153451,10,0.0,0,0.0
153452,10,0.0,0,0.0
153453,10,0.0,0,0.0
153459,10,0.0,0,0.0
153460,10,0.0,0,0.0
153464,10,0.0,0,0.0
153466,10,0.0,0,0.0
153467,10,0.0,0,0.0
153472,10,0.0,0,0.0
153473,10,0.0,0,0.0
153474,10,0.0,0,0.0
153475,10,0.0,0,0.0
153476,10,0.0,0,0.0
153477,10,0.0,0,0.0
153478,10,0.0,0,0.0
153479,10,0.0,0,0.0
153480,10,0.0,0,0.0
153481,10,0.0,0,0.0
153482,10,0.0,0,0.0
153483,10,0.0,0,0.0
153484,10,0.0,0,0.0
153485,10,0.0,0,0.0
153486,10,0.0,0,0.0
153487,10,0.0,0,0.0
153488,10,0.0,0,0.0
153489,10,0.0,0,0.0
153490,10,0.0,0,0.0
153491,10,0.0,0,0.0
153492,10,0.0,0,0.0
153493,10,0.0,0,0.0
153494,10,0.0,0,0.0
153495,10,0.0,0,0.0
154104,10,0.0,0,0.0
154105,10,0.0,0,0.0
154106,10,0.0,0,0.0
154107,10,0.0,0,0.0
154108,10,0.0,0,0.0
154109,10,0.0,0,0.0
154110,10,0.0,0,0.0
154111,10,0.0,0,0.0
154112,10,0.0,0,0.0
154116,10,0.0,0,0.0
154117,10,0.0,0,0.0
154118,10,0.0,0,0.0
154119,10,0.0,0,0.0
154121,10,0.0,0,0.0
154123,10,0.0,0,0.0
154125,10,0.0,0,0.0
154126,10,0.0,0,0.0
154127,10,0.0,0,0.0
154128,10,0.0,0,0.0
154129,10,0.0,0,0.0
154132,10,0.0,0,0.0
154133,10,0.0,0,0.0
154134,10,0.0,0,0.0
154135,10,0.0,0,0.0
154136,10,0.0,0,0.0
154137,10,0.0,0,0.0
154139,10,0.0,0,0.0
154140,10,0.0,0,0.0
154141,10,0.0,0,0.0
154142,10,0.0,0,0.0
154143,10,0.0,0,0.0
154144,10,0.0,0,0.0
154146,10,0.0,0,0.0
154147,10,0.0,0,0.0
154148,10,0.0,0,0.0
154151,10,0.0,0,0.0
154152,10,0.0,0,0.0
154155,10,0.0,0,0.0
154156,10,0.0,0,0.0
154157,10,0.0,0,0.0
154159,10,0.0,0,0.0
154160,10,0.0,0,0.0
154161,10,0.0,0,0.0
154162,10,0.0,0,0.0
154163,10,0.0,0,0.0
154164,10,0.0,0,0.0
154165,10,0.0,0,0.0
154166,10,0.0,0,0.0
154167,10,0.0,0,0.0
154168,10,0.0,0,0.0
154169,10,0.0,0,0.0
154170,10,0.0,0,0.0
154171,10,0.0,0,0.0
154172,10,0.0,0,0.0
154173,10,0.0,0,0.0
154174,10,0.0,0,0.0
154175,10,0.0,0,0.0
154176,10,0.0,0,0.0
154177,10,0.0,0,0.0
154178,10,0.0,0,0.0
154179,10,0.0,0,0.0
154790,10,0.0,0,0.0
154791,10,0.0,0,0.0
154792,10,0.0,0,0.0
154794,10,0.0,0,0.0
154795,10,0.0,0,0.0
154796,10,0.0,0,0.0
154799,10,0.0,0,0.0
154800,10,0.0,0,0.0
154801,10,0.0,0,0.0
154805,10,0.0,0,0.0
154806,10,0.0,0,0.0
154807,10,0.0,0,0.0
154808,10,0.0,0,0.0
154809,10,0.0,0,0.0
154810,10,0.0,0,0.0
154811,10,0.0,0,0.0
154812,10,0.0,0,0.0
154813,10,0.0,0,0.0
154814,10,0.0,0,0.0
154816,10,0.0,0,0.0
154817,10,0.0,0,0.0
154818,10,0.0,0,0.0
154819,10,0.0,0,0.0
154820,10,0.0,0,0.0
154821,10,0.0,0,0.0
154822,10,0.0,0,0.0
154825,10,0.0,0,0.0
154826,10,0.0,0,0.0
154827,10,0.0,0,0.0
154828,10,0.0,0,0.0
154829,10,0.0,0,0.0
154830,10,0.0,0,0.0
154831,10,0.0,0,0.0
154832,10,0.0,0,0.0
154835,10,0.0,0,0.0
154836,10,0.0,0,0.0
154837,10,0.0,0,0.0
154839,10,0.0,0,0.0
154841,10,0.0,0,0.0
154843,10,0.0,0,0.0
154844,10,0.0,0,0.0
154845,10,0.0,0,0.0
154846,10,0.0,0,0.0
154847,10,0.0,0,0.0
154848,10,0.0,0,0.0
154849,10,0.0,0,0.0
154850,10,0.0,0,0.0
154851,10,0.0,0,0.0
154852,10,0.0,0,0.0
154853,10,0.0,0,0.0
154854,10,0.0,0,0.0
154855,10,0.0,0,0.0
154856,10,0.0,0,0.0
154857,10,0.0,0,0.0
154858,10,0.0,0,0.0
154859,10,0.0,0,0.0
154860,10,0.0,0,0.0
154861,10,0.0,0,0.0
155476,10,0.0,0,0.0
155477,10,0.0,0,0.0
155485,10,0.0,0,0.0
155486,10,0.0,0,0.0
155488,10,0.0,0,0.0
155489,10,0.0,0,0.0
155490,10,0.0,0,0.0
155492,10,0.0,0,0.0
155493,10,0.0,0,0.0
155494,10,0.0,0,0.0
155495,10,0.0,0,0.0
155496,10,0.0,0,0.0
155497,10,0.0,0,0.0
155498,10,0.0,0,0.0
155501,10,0.0,0,0.0
155504,10,0.0,0,0.0
155505,10,0.0,0,0.0
155509,10,0.0,0,0.0
155510,10,0.0,0,0.0
155511,10,0.0,0,0.0
155512,10,0.0,0,0.0
155513,10,0.0,0,0.0
155514,10,0.0,0,0.0
155515,10,0.0,0,0.0
155516,10,0.0,0,0.0
155517,10,0.0,0,0.0
155519,10,0.0,0,0.0
155520,10,0.0,0,0.0
155521,10,0.0,0,0.0
155522,10,0.0,0,0.0
155523,10,0.0,0,0.0
155524,10,0.0,0,0.0
155525,10,0.0,0,0.0
155527,10,0.0,0,0.0
155528,10,0.0,0,0.0
155529,10,0.0,0,0.0
155530,10,0.0,0,0.0
155531,10,0.0,0,0.0
155532,10,0.0,0,0.0
155533,10,0.0,0,0.0
155534,10,0.0,0,0.0
155535,10,0.0,0,0.0
155536,10,0.0,0,0.0
155537,10,0.0,0,0.0
155538,10,0.0,0,0.0
155539,10,0.0,0,0.0
155540,10,0.0,0,0.0
155541,10,0.0,0,0.0
155542,10,0.0,0,0.0
155543,10,0.0,0,0.0
155544,10,0.0,0,0.0
156161,10,0.0,0,0.0
156162,10,0.0,0,0.0
156170,10,0.0,0,0.0
156171,10,0.0,0,0.0
156172,10,0.0,0,0.0
156173,10,0.0,0,0.0
156174,10,0.0,0,0.0
156175,10,0.0,0,0.0
156176,10,0.0,0,0.0
156177,10,0.0,0,0.0
156178,10,0.0,0,0.0
156179,10,0.0,0,0.0
156188,10,0.0,0,0.0
156189,10,0.0,0,0.0
156191,10,0.0,0,0.0
156192,10,0.0,0,0.0
156193,10,0.0,0,0.0
156194,10,0.0,0,0.0
156195,10,0.0,0,0.0
156196,10,0.0,0,0.0
156197,10,0.0,0,0.0
156198,10,0.0,0,0.0
156199,10,0.0,0,0.0
156200,10,0.0,0,0.0
156201,10,0.0,0,0.0
156202,10,0.0,0,0.0
156203,10,0.0,0,0.0
156204,10,0.0,0,0.0
156205,10,0.0,0,0.0
156206,10,0.0,0,0.0
156207,10,0.0,0,0.0
156208,10,0.0,0,0.0
156209,10,0.0,0,0.0
156211,10,0.0,0,0.0
156212,10,0.0,0,0.0
156213,10,0.0,0,0.0
156214,10,0.0,0,0.0
156215,10,0.0,0,0.0
156216,10,0.0,0,0.0
156217,10,0.0,0,0.0
156218,10,0.0,0,0.0
156219,10,0.0,0,0.0
156220,10,0.0,0,0.0
156221,10,0.0,0,0.0
156222,10,0.0,0,0.0
156223,10,0.0,0,0.0
156224,10,0.0,0,0.0
156225,10,0.0,0,0.0
156226,10,0.0,0,0.0
156227,10,0.0,0,0.0
156847,10,0.0,0,0.0
156848,10,0.0,0,0.0
156854,10,0.0,0,0.0
156855,10,0.0,0,0.0
156856,10,0.0,0,0.0
156857,10,0.0,0,0.0
156858,10,0.0,0,0.0
156859,10,0.0,0,0.0
156860,10,0.0,0,0.0
156861,10,0.0,0,0.0
156862,10,0.0,0,0.0
156863,10,0.0,0,0.0
156865,10,0.0,0,0.0
156866,10,0.0,0,0.0
156872,10,0.0,0,0.0
156873,10,0.0,0,0.0
156875,10,0.0,0,0.0
156876,10,0.0,0,0.0
156877,10,0.0,0,0.0
156878,10,0.0,0,0.0
156879,10,0.0,0,0.0
156880,10,0.0,0,0.0
156881,10,0.0,0,0.0
156882,10,0.0,0,0.0
156883,10,0.0,0,0.0
156884,10,0.0,0,0.0
156885,10,0.0,0,0.0
156887,10,0.0,0,0.0
156888,10,0.0,0,0.0
156889,10,0.0,0,0.0
156890,10,0.0,0,0.0
156891,10,0.0,0,0.0
156892,10,0.0,0,0.0
156893,10,0.0,0,0.0
156894,10,0.0,0,0.0
156895,10,0.0,0,0.0
156896,10,0.0,0,0.0
156897,10,0.0,0,0.0
156898,10,0.0,0,0.0
156899,10,0.0,0,0.0
156900,10,0.0,0,0.0
156901,10,0.0,0,0.0
156902,10,0.0,0,0.0
156903,10,0.0,0,0.0
156904,10,0.0,0,0.0
156905,10,0.0,0,0.0
156906,10,0.0,0,0.0
156907,10,0.0,0,0.0
156908,10,0.0,0,0.0
156909,10,0.0,0,0.0
156910,10,0.0,0,0.0
156911,10,0.0,0,0.0
157533,10,0.0,0,0.0
157534,10,0.0,0,0.0
157538,10,0.0,0,0.0
157539,10,0.0,0,0.0
157540,10,0.0,0,0.0
157541,10,0.0,0,0.0
157542,10,0.0,0,0.0
157543,10,0.0,0,0.0
157545,10,0.0,0,0.0
157546,10,0.0,0,0.0
157547,10,0.0,0,0.0
157548,10,0.0,0,0.0
157549,10,0.0,0,0.0
157550,10,0.0,0,0.0
157559,10,0.0,0,0.0
157560,10,0.0,0,0.0
157561,10,0.0,0,0.0
157562,10,0.0,0,0.0
157563,10,0.0,0,0.0
157564,10,0.0,0,0.0
157565,10,0.0,0,0.0
157566,10,0.0,0,0.0
157567,10,0.0,0,0.0
157568,10,0.0,0,0.0
157569,10,0.0,0,0.0
157571,10,0.0,0,0.0
157572,10,0.0,0,0.0
157573,10,0.0,0,0.0
157574,10,0.0,0,0.0
157575,10,0.0,0,0.0
157576,10,0.0,0,0.0
157577,10,0.0,0,0.0
157578,10,17.01,0,0.1974
157579,10,0.0,0,0.0
157580,10,0.0,0,0.0
157581,10,0.0,0,0.0
157582,10,0.0,0,0.0
157583,10,0.0,0,0.0
157584,10,0.0,0,0.0
157585,10,0.0,0,0.0
157586,10,0.0,0,0.0
157587,10,0.0,0,0.0
157588,10,0.0,0,0.0
157589,10,0.0,0,0.0
157590,10,0.0,0,0.0
157591,10,0.0,0,0.0
157592,10,0.0,0,0.0
157593,10,0.0,0,0.0
157594,10,0.0,0,0.0
158219,10,0.0,0,0.0
158220,10,0.0,0,0.0
158222,10,0.0,0,0.0
158223,10,0.0,0,0.0
158224,10,0.0,0,0.0
158225,10,0.0,0,0.0
158227,10,0.0,0,0.0
158230,10,0.0,0,0.0
158231,10,0.0,0,0.0
158232,10,0.0,0,0.0
158233,10,0.0,0,0.0
158234,10,0.0,0,0.0
158235,10,0.0,0,0.0
158244,10,0.0,0,0.0
158245,10,0.0,0,0.0
158246,10,0.0,0,0.0
158247,10,0.0,0,0.0
158248,10,0.0,0,0.0
158249,10,0.0,0,0.0
158250,10,0.0,0,0.0
158251,10,0.0,0,0.0
158252,10,0.0,0,0.0
158253,10,0.0,0,0.0
158255,10,0.0,0,0.0
158256,10,0.0,0,0.0
158257,10,0.0,0,0.0
158258,10,0.0,0,0.0
158259,10,0.0,0,0.0
158260,10,0.0,0,0.0
158261,10,0.0,0,0.0
158262,10,0.0,0,0.0
158263,10,0.0,0,0.0
158264,10,0.0,0,0.0
158265,10,0.0,0,0.0
158266,10,0.0,0,0.0
158267,10,0.0,0,0.0
158268,10,0.0,0,0.0
158269,10,0.0,0,0.0
158270,10,0.0,0,0.0
158271,10,0.0,0,0.0
158272,10,0.0,0,0.0
158273,10,0.0,0,0.0
158275,10,0.0,0,0.0
158276,10,0.0,0,0.0
158277,10,0.0,0,0.0
158278,10,0.0,0,0.0
158904,10,0.0,0,0.0
158905,10,0.0,0,0.0
158907,10,0.0,0,0.0
158908,10,0.0,0,0.0
158909,10,0.0,0,0.0
158910,10,0.0,0,0.0
158911,10,0.0,0,0.0
158913,10,0.0,0,0.0
158914,10,0.0,0,0.0
158915,10,0.0,0,0.0
158916,10,0.0,0,0.0
158917,10,0.0,0,0.0
158918,10,0.0,0,0.0
158919,10,0.0,0,0.0
158920,10,0.0,0,0.0
158921,10,0.0,0,0.0
158922,10,0.0,0,0.0
158923,10,0.0,0,0.0
158931,10,0.0,0,0.0
158932,10,0.0,0,0.0
158933,10,0.0,0,0.0
158934,10,0.0,0,0.0
158935,10,0.0,0,0.0
158936,10,0.0,0,0.0
158939,10,0.0,0,0.0
158940,10,0.0,0,0.0
158941,10,0.0,0,0.0
158942,10,0.0,0,0.0
158943,10,0.0,0,0.0
158944,10,0.0,0,0.0
158945,10,0.0,0,0.0
158946,10,0.0,0,0.0
158947,10,0.0,0,0.0
158948,10,0.0,0,0.0
158949,10,0.0,0,0.0
158950,10,0.0,0,0.0
158951,10,0.0,0,0.0
158952,10,0.0,0,0.0
158953,10,0.35,0,0.0081
158954,10,0.0,0,0.0
158955,10,0.0,0,0.0
158956,10,0.0,0,0.0
158957,10,0.0,0,0.0
158958,10,0.0,0,0.0
158959,10,0.0,0,0.0
158960,10,0.0,0,0.0
158961,10,0.0,0,0.0
158962,10,0.0,0,0.0
158963,10,0.0,0,0.0
159590,10,0.0,0,0.0
159591,10,0.0,0,0.0
159592,10,0.0,0,0.0
159593,10,0.0,0,0.0
159594,10,0.0,0,0.0
159595,10,0.0,0,0.0
159596,10,0.0,0,0.0
159597,10,0.0,0,0.0
159598,10,0.0,0,0.0
159599,10,0.0,0,0.0
159600,10,0.0,0,0.0
159601,10,0.0,0,0.0
159602,10,0.0,0,0.0
159603,10,0.0,0,0.0
159604,10,0.0,0,0.0
159605,10,0.0,0,0.0
159607,10,0.0,0,0.0
159616,10,0.0,0,0.0
159617,10,0.0,0,0.0
159618,10,0.0,0,0.0
159619,10,0.0,0,0.0
159622,10,0.0,0,0.0
159623,10,0.0,0,0.0
159624,10,0.0,0,0.0
159625,10,0.0,0,0.0
159626,10,0.0,0,0.0
159627,10,0.0,0,0.0
159628,10,0.0,0,0.0
159629,10,0.0,0,0.0
159630,10,0.0,0,0.0
159631,10,0.0,0,0.0
159632,10,0.0,0,0.0
159633,10,0.0,0,0.0
159634,10,0.0,0,0.0
159636,10,0.0,0,0.0
159637,10,23.97,0,0.5495
159638,10,0.0,0,0.0
159639,10,0.0,0,0.0
159640,10,0.0,0,0.0
159641,10,0.0,0,0.0
159642,10,0.0,0,0.0
159643,10,0.0,0,0.0
159644,10,0.0,0,0.0
159645,10,0.0,0,0.0
159646,10,0.0,0,0.0
159647,10,0.0,0,0.0
160275,10,0.0,0,0.0
160276,10,0.0,0,0.0
160277,10,0.0,0,0.0
160278,10,0.0,0,0.0
160279,10,0.0,0,0.0
160280,10,0.0,0,0.0
160281,10,0.0,0,0.0
160282,10,0.0,0,0.0
160283,10,0.0,0,0.0
160284,10,0.0,0,0.0
160285,10,0.0,0,0.0
160286,10,0.0,0,0.0
160287,10,0.0,0,0.0
160288,10,0.0,0,0.0
160289,10,0.0,0,0.0
160294,10,0.0,0,0.0
160295,10,0.0,0,0.0
160298,10,0.0,0,0.0
160300,10,0.0,0,0.0
160301,10,0.0,0,0.0
160304,10,0.0,0,0.0
160305,10,2.33,0,0.0763
160306,10,0.0,0,0.0
160307,10,0.0,0,0.0
160308,10,0.0,0,0.0
160309,10,0.0,0,0.0
160310,10,0.0,0,0.0
160311,10,0.0,0,0.0
160312,10,0.0,0,0.0
160313,10,0.0,0,0.0
160314,10,0.0,0,0.0
160315,10,0.0,0,0.0
160316,10,0.0,0,0.0
160317,10,0.0,0,0.0
160318,10,0.0,0,0.0
160319,10,0.0,0,0.0
160320,10,0.0,0,0.0
160321,10,0.0,0,0.0
160322,10,0.0,0,0.0
160323,10,0.0,0,0.0
160324,10,0.0,0,0.0
160325,10,0.0,0,0.0
160326,10,0.0,0,0.0
160327,10,0.0,0,0.0
160328,10,0.0,0,0.0
160329,10,0.0,0,0.0
160330,10,0.0,0,0.0
160961,10,0.0,0,0.0
160962,10,0.0,0,0.0
160963,10,0.0,0,0.0
160964,10,0.0,0,0.0
160965,10,0.0,0,0.0
160966,10,0.0,0,0.0
160967,10,0.0,0,0.0
160968,10,0.0,0,0.0
160969,10,0.0,0,0.0
160970,10,0.0,0,0.0
160971,10,0.0,0,0.0
160972,10,0.0,0,0.0
160973,10,0.0,0,0.0
160977,10,0.0,0,0.0
160978,10,0.0,0,0.0
160979,10,0.0,0,0.0
160980,10,0.0,0,0.0
160981,10,0.0,0,0.0
160982,10,0.0,0,0.0
160983,10,0.0,0,0.0
160988,10,0.0,0,0.0
160989,10,18.17,0,0.3801
160990,10,0.0,0,0.0
160991,10,0.0,0,0.0
160992,10,0.0,0,0.0
160994,10,0.0,0,0.0
160995,10,0.0,0,0.0
160996,10,0.0,0,0.0
160997,10,0.0,0,0.0
160998,10,0.0,0,0.0
160999,10,0.0,0,0.0
161000,10,0.0,0,0.0
161001,10,0.0,0,0.0
161002,10,0.0,0,0.0
161003,10,0.0,0,0.0
161004,10,0.0,0,0.0
161005,10,0.0,0,0.0
161006,10,0.0,0,0.0
161007,10,0.0,0,0.0
161008,10,0.0,0,0.0
161009,10,0.0,0,0.0
161010,10,0.0,0,0.0
161011,10,0.0,0,0.0
161012,10,0.0,0,0.0
161013,10,0.0,0,0.0
161648,10,0.0,0,0.0
161649,10,0.0,0,0.0
161650,10,0.0,0,0.0
161651,10,0.0,0,0.0
161652,10,0.0,0,0.0
161653,10,0.0,0,0.0
161654,10,0.0,0,0.0
161655,10,0.0,0,0.0
161656,10,0.0,0,0.0
161657,10,0.0,0,0.0
161661,10,0.0,0,0.0
161662,10,0.0,0,0.0
161663,10,0.0,0,0.0
161666,10,0.0,0,0.0
161667,10,0.0,0,0.0
161668,10,0.0,0,0.0
161671,10,0.0,0,0.0
161674,10,0.0,0,0.0
161675,10,0.0,0,0.0
161676,10,0.0,0,0.0
161680,10,0.0,0,0.0
161681,10,0.0,0,0.0
161682,10,0.0,0,0.0
161683,10,0.0,0,0.0
161684,10,0.0,0,0.0
161685,10,0.0,0,0.0
161686,10,0.0,0,0.0
161687,10,0.0,0,0.0
161688,10,0.0,0,0.0
161689,10,0.0,0,0.0
161690,10,0.0,0,0.0
161691,10,0.0,0,0.0
161692,10,0.0,0,0.0
161693,10,0.0,0,0.0
161694,10,0.0,0,0.0
161695,10,0.0,0,0.0
161696,10,0.0,0,0.0
161697,10,0.0,0,0.0
162332,10,0.0,0,0.0
162334,10,0.0,0,0.0
162335,10,0.0,0,0.0
162336,10,0.0,0,0.0
162337,10,0.0,0,0.0
162338,10,0.0,0,0.0
162339,10,3.94,0,0.1253
162340,10,1.6,0,0.1636
162341,10,0.0,0,0.0
162345,10,0.0,0,0.0
162346,10,0.0,0,0.0
162347,10,0.0,0,0.0
162349,10,0.0,0,0.0
162350,10,0.0,0,0.0
162351,10,0.0,0,0.0
162352,10,0.0,0,0.0
162354,10,0.0,0,0.0
162355,10,0.0,0,0.0
162356,10,0.0,0,0.0
162357,10,0.0,0,0.0
162358,10,0.0,0,0.0
162361,10,0.0,0,0.0
162362,10,0.0,0,0.0
162364,10,0.0,0,0.0
162365,10,0.0,0,0.0
162366,10,0.0,0,0.0
162367,10,0.0,0,0.0
162368,10,0.0,0,0.0
162369,10,0.0,0,0.0
162370,10,0.0,0,0.0
162371,10,0.0,0,0.0
162372,10,0.0,0,0.0
162373,10,0.0,0,0.0
162374,10,0.0,0,0.0
162375,10,0.0,0,0.0
162376,10,0.0,0,0.0
162377,10,0.0,0,0.0
162378,10,0.0,0,0.0
162379,10,0.0,0,0.0
162380,10,0.0,0,0.0
162381,10,0.0,0,0.0
163018,10,0.0,0,0.0
163019,10,0.0,0,0.0
163020,10,0.0,0,0.0
163021,10,0.0,0,0.0
163022,10,0.0,0,0.0
163023,10,0.0,0,0.0
163024,10,0.0,0,0.0
163025,10,0.0,0,0.0
163026,10,0.0,0,0.0
163027,10,0.0,0,0.0
163029,10,0.0,0,0.0
163030,10,0.0,0,0.0
163031,10,0.0,0,0.0
163033,10,0.0,0,0.0
163034,10,0.0,0,0.0
163035,10,0.0,0,0.0
163037,10,0.0,0,0.0
163038,10,0.0,0,0.0
163039,10,0.0,0,0.0
163040,10,0.0,0,0.0
163041,10,0.0,0,0.0
163042,10,0.0,0,0.0
163043,10,0.0,0,0.0
163044,10,0.0,0,0.0
163046,10,0.0,0,0.0
163048,10,0.0,0,0.0
163049,10,0.0,0,0.0
163050,10,0.0,0,0.0
163051,10,0.0,0,0.0
163052,10,0.0,0,0.0
163053,10,0.0,0,0.0
163054,10,0.0,0,0.0
163055,10,0.0,0,0.0
163056,10,0.0,0,0.0
163057,10,0.0,0,0.0
163058,10,0.0,0,0.0
163059,10,0.0,0,0.0
163060,10,0.0,0,0.0
163061,10,0.0,0,0.0
163062,10,0.0,0,0.0
163063,10,0.0,0,0.0
163064,10,0.0,0,0.0
163065,10,0.0,0,0.0
163704,10,0.0,0,0.0
163706,10,0.0,0,0.0
163707,10,0.0,0,0.0
163708,10,0.0,0,0.0
163709,10,0.0,0,0.0
163710,10,0.0,0,0.0
163711,10,0.0,0,0.0
163713,10,0.0,0,0.0
163714,10,0.0,0,0.0
163715,10,0.0,0,0.0
163716,10,0.0,0,0.0
163717,10,0.0,0,0.0
163718,10,0.0,0,0.0
163719,10,0.0,0,0.0
163720,10,0.0,0,0.0
163721,10,0.0,0,0.0
163722,10,0.0,0,0.0
163723,10,0.0,0,0.0
163724,10,0.0,0,0.0
163725,10,0.0,0,0.0
163726,10,0.0,0,0.0
163727,10,0.0,0,0.0
163728,10,0.0,0,0.0
163729,10,0.0,0,0.0
163730,10,0.0,0,0.0
163732,10,0.0,0,0.0
163733,10,0.0,0,0.0
163734,10,0.0,0,0.0
163735,10,0.0,0,0.0
163736,10,0.0,0,0.0
163737,10,0.0,0,0.0
163738,10,0.0,0,0.0
163739,10,0.0,0,0.0
163740,10,0.0,0,0.0
163741,10,0.0,0,0.0
163742,10,0.0,0,0.0
163743,10,0.0,0,0.0
163744,10,0.0,0,0.0
163745,10,0.0,0,0.0
163746,10,0.0,0,0.0
163747,10,0.0,0,0.0
163748,10,0.0,0,0.0
164391,10,0.0,0,0.0
164392,10,0.0,0,0.0
164393,10,0.0,0,0.0
164394,10,0.0,0,0.0
164397,10,0.0,0,0.0
164398,10,0.0,0,0.0
164400,10,0.0,0,0.0
164401,10,0.0,0,0.0
164402,10,0.0,0,0.0
164403,10,0.0,0,0.0
164404,10,0.0,0,0.0
164405,10,0.0,0,0.0
164406,10,0.0,0,0.0
164407,10,0.0,0,0.0
164408,10,0.0,0,0.0
164409,10,0.0,0,0.0
164410,10,0.0,0,0.0
164411,10,0.0,0,0.0
164412,10,0.0,0,0.0
164413,10,0.0,0,0.0
164414,10,0.0,0,0.0
164421,10,0.0,0,0.0
164422,10,0.0,0,0.0
164423,10,0.0,0,0.0
164424,10,0.0,0,0.0
164425,10,0.0,0,0.0
164426,10,0.0,0,0.0
164427,10,0.0,0,0.0
164428,10,0.0,0,0.0
164429,10,0.0,0,0.0
164430,10,0.0,0,0.0
164431,10,0.0,0,0.0
165081,10,0.0,0,0.0
165082,10,0.0,0,0.0
165083,10,0.0,0,0.0
165086,10,0.0,0,0.0
165087,10,0.0,0,0.0
165088,10,0.0,0,0.0
165089,10,0.0,0,0.0
165090,10,0.0,0,0.0
165091,10,0.0,0,0.0
165092,10,0.0,0,0.0
165093,10,0.0,0,0.0
165094,10,0.0,0,0.0
165095,10,0.0,0,0.0
165096,10,0.0,0,0.0
165111,10,0.0,0,0.0
165112,10,0.0,0,0.0
165113,10,0.0,0,0.0
165114,10,0.0,0,0.0
165115,10,0.0,0,0.0
165772,10,0.0,0,0.0
165773,10,0.0,0,0.0
165774,10,0.0,0,0.0
165775,10,0.0,0,0.0
165776,10,0.0,0,0.0
165777,10,0.0,0,0.0
165778,10,0.0,0,0.0
165779,10,0.0,0,0.0
165780,10,0.0,0,0.0
165781,10,0.0,0,0.0
165797,10,0.0,0,0.0
165798,10,0.0,0,0.0
165799,10,0.0,0,0.0
166463,10,0.0,0,0.0
166464,10,0.0,0,0.0
166465,10,0.0,0,0.0
