sc_point_gid,class,capacity,capital_adder_per_mw,cf
37804,10,4.83,0,0.8494
37805,10,0.11,0,0.0402
37806,10,0.0,0,0.0
37807,10,0.0,0,0.0
37808,10,0.0,0,0.0
38488,10,3.86,0,0.7385
38489,10,0.92,0,0.2257
38490,10,0.77,0,0.1607
38491,10,0.0,0,0.0
38492,10,0.17,0,0.0759
39158,10,0.0,0,0.0
39173,10,0.54,0,0.0873
39174,10,0.0,0,0.0
39175,10,0.0,0,0.0
39176,10,0.3,0,0.2178
39180,10,0.0,0,0.0
39182,10,0.0,0,0.0
39842,10,0.0,0,0.0
39843,10,0.0,0,0.0
39857,10,0.0,0,0.0
39858,10,0.0,0,0.0
39859,10,0.0,0,0.0
39871,10,0.0,0,0.0
40525,10,0.0,0,0.0
40526,10,0.0,0,0.0
40527,10,0.0,0,0.0
40528,10,0.0,0,0.0
40539,10,0.0,0,0.0
40540,10,0.0,0,0.0
40541,10,0.0,0,0.0
40542,10,0.0,0,0.0
40543,10,0.0,0,0.0
40544,10,0.0,0,0.0
40545,10,0.0,0,0.0
40556,10,0.0,0,0.0
40557,10,0.0,0,0.0
40558,10,0.0,0,0.0
41209,10,0.0,0,0.0
41210,10,0.0,0,0.0
41211,10,0.0,0,0.0
41212,10,0.0,0,0.0
41213,10,0.0,0,0.0
41214,10,0.0,0,0.0
41224,10,1.26,0,0.2543
41225,10,0.0,0,0.0
41226,10,0.0,0,0.0
41227,10,0.0,0,0.0
41228,10,0.0,0,0.0
41229,10,0.0,0,0.0
41230,10,0.0,0,0.0
41231,10,0.0,0,0.0
41242,10,0.0,0,0.0
41243,10,0.0,0,0.0
41244,10,0.0,0,0.0
41245,10,0.0,0,0.0
41246,10,0.0,0,0.0
41893,10,0.0,0,0.0
41894,10,0.0,0,0.0
41895,10,0.0,0,0.0
41896,10,0.0,0,0.0
41897,10,0.0,0,0.0018
41898,10,0.0,0,0.0
41899,10,0.0,0,0.0
41900,10,0.0,0,0.0
41906,10,0.0,0,0.0
41907,10,0.01,0,0.0015
41908,10,2.0,0,0.7644
41909,10,1.39,0,0.1104
41910,10,0.0,0,0.0
41911,10,0.0,0,0.0
41912,10,0.0,0,0.0
41913,10,0.0,0,0.0
41914,10,0.0,0,0.0
41915,10,0.0,0,0.0
41926,10,0.0,0,0.0
41927,10,0.0,0,0.0
41928,10,0.0,0,0.0
41929,10,0.0,0,0.0
41930,10,0.0,0,0.0
41931,10,0.0,0,0.0
41932,10,0.0,0,0.0
41933,10,0.0,0,0.0
41934,10,0.0,0,0.0
42578,10,0.0,0,0.0
42579,10,0.0,0,0.0
42580,10,0.0,0,0.0
42581,10,0.0,0,0.0
42584,10,0.0,0,0.0
42585,10,0.0,0,0.0
42586,10,0.6,0,0.0264
42587,10,0.82,0,0.1016
42590,10,0.0,0,0.0
42591,10,0.3,0,0.034
42592,10,1.74,0,0.3604
42593,10,0.03,0,0.0029
42594,10,0.0,0,0.0
42595,10,0.0,0,0.0
42596,10,0.0,0,0.0
42597,10,0.0,0,0.0
42598,10,0.0,0,0.0
42605,10,0.0,0,0.0
42606,10,0.0,0,0.0
42607,10,0.0,0,0.0
42609,10,0.0,0,0.0
42610,10,0.0,0,0.0
42611,10,0.0,0,0.0
42612,10,0.0,0,0.0
42613,10,0.0,0,0.0
42614,10,0.0,0,0.0
42615,10,0.0,0,0.0
42616,10,0.0,0,0.0
42617,10,0.0,0,0.0
42618,10,0.0,0,0.0
42619,10,0.0,0,0.0
42620,10,0.0,0,0.0
43262,10,0.0,0,0.0
43263,10,0.0,0,0.0
43264,10,0.0,0,0.0
43265,10,0.0,0,0.0
43270,10,0.0,0,0.0
43271,10,0.0,0,0.0
43272,10,0.38,0,0.0263
43274,10,0.0,0,0.0
43276,10,0.0,0,0.0
43277,10,0.0,0,0.0
43278,10,0.0,0,0.0
43279,10,0.0,0,0.0
43280,10,0.0,0,0.0
43281,10,1.3,0,0.3498
43282,10,0.0,0,0.0
43289,10,0.0,0,0.0
43290,10,0.0,0,0.0
43291,10,0.0,0,0.0
43292,10,0.0,0,0.0
43293,10,0.0,0,0.0
43294,10,0.0,0,0.0
43295,10,0.0,0,0.0
43296,10,0.0,0,0.0
43297,10,0.0,0,0.0
43298,10,0.0,0,0.0
43299,10,0.0,0,0.0
43300,10,0.0,0,0.0
43301,10,0.0,0,0.0
43303,10,0.0,0,0.0
43304,10,0.0,0,0.0
43306,10,0.0,0,0.0
43307,10,0.0,0,0.0
43946,10,0.0,0,0.0
43947,10,0.0,0,0.0
43948,10,0.0,0,0.0
43949,10,0.0,0,0.0
43955,10,0.0,0,0.0
43956,10,0.0,0,0.0
43957,10,0.0,0,0.0
43959,10,0.0,0,0.0
43961,10,0.0,0,0.0
43962,10,0.0,0,0.0
43963,10,0.0,0,0.0
43965,10,0.0,0,0.0
43973,10,0.0,0,0.0
43974,10,0.0,0,0.0
43975,10,0.0,0,0.0
43976,10,0.0,0,0.0
43977,10,0.0,0,0.0
43978,10,0.0,0,0.0
43979,10,0.0,0,0.0
43980,10,0.0,0,0.0
43981,10,0.0,0,0.0
43982,10,0.0,0,0.0
43983,10,0.0,0,0.0
43984,10,0.0,0,0.0
43985,10,0.0,0,0.0
43987,10,0.0,0,0.0
43988,10,0.0,0,0.0
43989,10,0.0,0,0.0
43990,10,0.0,0,0.0
43991,10,0.0,0,0.0
43998,10,0.0,0,0.0
43999,10,0.0,0,0.0
44630,10,0.0,0,0.0
44631,10,0.0,0,0.0
44632,10,0.0,0,0.0
44639,10,0.0,0,0.0
44642,10,0.0,0,0.0
44644,10,0.81,0,0.7596
44645,10,0.3,0,0.0912
44646,10,0.0,0,0.0
44647,10,0.0,0,0.0
44648,10,0.0,0,0.0
44655,10,0.0,0,0.0
44658,10,0.0,0,0.0
44659,10,0.0,0,0.0
44660,10,0.0,0,0.0
44661,10,0.0,0,0.0
44662,10,0.0,0,0.0
44663,10,0.0,0,0.0
44666,10,0.0,0,0.0
44667,10,0.0,0,0.0
44668,10,0.0,0,0.0
44672,10,0.0,0,0.0
44673,10,0.0,0,0.0
44674,10,0.0,0,0.0
44675,10,0.0,0,0.0
44682,10,0.0,0,0.0
44683,10,0.0,0,0.0
45314,10,0.0,0,0.0
45315,10,0.0,0,0.0
45316,10,0.0,0,0.0
45317,10,0.0,0,0.0
45322,10,0.0,0,0.0
45323,10,0.0,0,0.0
45325,10,0.0,0,0.0
45327,10,0.21,0,0.2488
45328,10,0.27,0,0.0686
45329,10,0.2,0,0.1657
45330,10,0.0,0,0.0
45331,10,0.0,0,0.0
45332,10,0.0,0,0.0
45341,10,0.0,0,0.0
45342,10,0.0,0,0.0
45343,10,0.0,0,0.0
45344,10,0.0,0,0.0
45345,10,0.0,0,0.0
45346,10,0.0,0,0.0
45347,10,0.0,0,0.0
45354,10,0.0,0,0.0
45355,10,0.0,0,0.0
45357,10,0.0,0,0.0
45358,10,0.0,0,0.0
45367,10,0.0,0,0.0
45368,10,0.0,0,0.0
45998,10,0.0,0,0.0
45999,10,0.0,0,0.0
46000,10,0.0,0,0.0
46001,10,0.0,0,0.0
46002,10,0.0,0,0.0
46004,10,0.0,0,0.0
46005,10,0.0,0,0.0
46007,10,0.0,0,0.0
46008,10,0.74,0,0.043
46011,10,0.05,0,0.0662
46012,10,0.0,0,0.0
46013,10,0.0,0,0.0
46014,10,0.0,0,0.0
46015,10,0.0,0,0.0
46016,10,0.0,0,0.0
46025,10,0.0,0,0.0
46026,10,0.0,0,0.0
46027,10,0.0,0,0.0
46028,10,0.0,0,0.0
46029,10,0.0,0,0.0
46030,10,0.0,0,0.0
46031,10,0.0,0,0.0
46033,10,0.0,0,0.0
46034,10,0.0,0,0.0
46038,10,0.0,0,0.0
46039,10,0.0,0,0.0
46040,10,0.0,0,0.0
46041,10,0.0,0,0.0
46042,10,0.0,0,0.0
46044,10,0.0,0,0.0
46045,10,0.0,0,0.0
46682,10,10.54,0,0.2549
46683,10,4.23,0,0.1483
46684,10,0.0,0,0.0
46685,10,0.0,0,0.0
46686,10,0.0,0,0.0
46687,10,0.0,0,0.0
46688,10,0.0,0,0.0
46690,10,4.19,0,0.2196
46691,10,1.11,0,0.0648
46692,10,0.23,0,0.0151
46693,10,0.0,0,0.0
46694,10,0.21,0,0.3499
46695,10,0.09,0,0.2122
46696,10,0.0,0,0.0
46697,10,0.0,0,0.0
46698,10,0.0,0,0.0
46701,10,0.0,0,0.0
46704,10,0.0,0,0.0
46705,10,0.0,0,0.0
46706,10,0.0,0,0.0
46709,10,0.0,0,0.0
46710,10,0.0,0,0.0
46711,10,0.0,0,0.0
46712,10,0.0,0,0.0
46713,10,0.0,0,0.0
46714,10,0.0,0,0.0
46715,10,0.0,0,0.0
46716,10,0.0,0,0.0
46717,10,0.0,0,0.0
46722,10,0.0,0,0.0
46723,10,0.0,0,0.0
46724,10,0.0,0,0.0
46725,10,0.0,0,0.0
46726,10,0.0,0,0.0
46728,10,0.0,0,0.0
46729,10,0.0,0,0.0
46737,10,0.0,0,0.0
47366,9,24.63,0,0.7891
47367,10,5.68,0,0.222
47368,10,0.0,0,0.0
47369,10,0.0,0,0.0
47370,10,0.0,0,0.0
47371,10,0.0,0,0.0
47372,10,4.84,0,0.1966
47373,10,2.28,0,0.1345
47374,10,2.48,0,0.1131
47375,10,0.0,0,0.0
47376,10,0.0,0,0.0
47377,10,0.0,0,0.0
47378,10,0.0,0,0.0
47379,10,0.0,0,0.0
47380,10,0.0,0,0.0
47381,10,0.0,0,0.0
47382,10,0.0,0,0.0
47385,10,0.0,0,0.0
47389,10,0.0,0,0.0
47390,10,0.0,0,0.0
47391,10,0.0,0,0.0
47392,10,0.0,0,0.0
47393,10,0.0,0,0.0
47394,10,0.0,0,0.0
47395,10,0.0,0,0.0
47396,10,0.0,0,0.0
47397,10,0.0,0,0.0
47398,10,0.0,0,0.0
47399,10,0.0,0,0.0
47400,10,0.0,0,0.0
47401,10,0.0,0,0.0
47405,10,0.0,0,0.0
47406,10,0.0,0,0.0
47407,10,0.0,0,0.0
47408,10,0.0,0,0.0
47409,10,0.0,0,0.0
47410,10,0.0,0,0.0
47421,10,0.0,0,0.0
48051,10,0.0,0,0.0
48052,10,0.0,0,0.0
48053,10,0.0,0,0.0
48054,10,0.0,0,0.0
48055,10,0.0,0,0.0
48056,10,0.1,0,0.0043
48057,10,0.3,0,0.0174
48058,10,0.03,0,0.0042
48060,10,0.0,0,0.0
48061,10,0.0,0,0.0
48062,10,0.0,0,0.0
48063,10,0.0,0,0.0
48065,10,0.0,0,0.0
48066,10,0.0,0,0.0
48073,10,0.0,0,0.0
48075,10,0.0,0,0.0
48076,10,0.0,0,0.0
48077,10,0.0,0,0.0
48078,10,0.0,0,0.0
48079,10,0.0,0,0.0
48080,10,0.0,0,0.0
48081,10,0.0,0,0.0
48082,10,0.0,0,0.0
48083,10,0.0,0,0.0
48084,10,0.0,0,0.0
48085,10,0.0,0,0.0
48086,10,0.0,0,0.0
48087,10,0.0,0,0.0
48088,10,0.0,0,0.0
48089,10,0.0,0,0.0
48090,10,0.0,0,0.0
48091,10,0.0,0,0.0
48092,10,0.0,0,0.0
48093,10,0.0,0,0.0
48094,10,0.0,0,0.0
48096,10,0.0,0,0.0
48097,10,0.0,0,0.0
48105,10,0.0,0,0.0
48106,10,0.0,0,0.0
48736,10,0.0,0,0.0
48737,10,0.0,0,0.0
48738,10,0.0,0,0.0
48739,10,0.0,0,0.0
48740,10,0.0,0,0.0
48741,10,0.0,0,0.0
48742,10,0.0,0,0.0
48743,10,0.0,0,0.0
48744,10,0.57,0,0.282
48745,10,0.27,0,0.1578
48746,10,0.0,0,0.0
48747,10,0.0,0,0.0
48749,10,0.0,0,0.0
48750,10,0.0,0,0.0
48752,10,0.0,0,0.0
48757,10,0.0,0,0.0
48758,10,0.0,0,0.0
48759,10,0.0,0,0.0
48760,10,0.0,0,0.0
48761,10,0.0,0,0.0
48762,10,0.0,0,0.0
48763,10,0.0,0,0.0
48764,10,0.0,0,0.0
48765,10,0.0,0,0.0
48766,10,0.0,0,0.0
48767,10,0.0,0,0.0
48768,10,0.0,0,0.0
48769,10,0.0,0,0.0
48770,10,0.0,0,0.0
48771,10,0.0,0,0.0
48772,10,0.0,0,0.0
48773,10,0.0,0,0.0
48774,10,0.0,0,0.0
48776,10,0.0,0,0.0
48777,10,0.0,0,0.0
48779,10,0.0,0,0.0
48789,10,1.26,0,0.4436
48790,10,0.0,0,0.0
49418,10,0.03,0,0.001
49419,10,0.0,0,0.0
49420,10,0.0,0,0.0
49421,10,0.0,0,0.0
49422,10,0.0,0,0.0
49423,10,0.0,0,0.0
49424,10,0.0,0,0.0
49425,10,0.0,0,0.0
49426,10,2.94,0,0.2878
49427,10,0.0,0,0.0
49428,10,0.0,0,0.0
49429,10,0.26,0,0.1802
49430,10,0.0,0,0.0
49431,10,0.0,0,0.0
49433,10,0.0,0,0.0
49434,10,0.0,0,0.0
49435,10,0.0,0,0.0
49441,10,0.0,0,0.0
49442,10,0.0,0,0.0
49443,10,0.0,0,0.0
49444,10,0.0,0,0.0
49445,10,0.0,0,0.0
49446,10,0.0,0,0.0
49447,10,0.0,0,0.0
49448,10,0.0,0,0.0
49449,10,0.0,0,0.0
49450,10,0.0,0,0.0
49451,10,0.0,0,0.0
49452,10,0.0,0,0.0
49453,10,0.0,0,0.0
49454,10,0.0,0,0.0
49455,10,0.0,0,0.0
49456,10,0.0,0,0.0
49457,10,0.0,0,0.0
49458,10,0.0,0,0.0
49459,10,0.0,0,0.0
49460,10,0.0,0,0.0
49463,10,0.0,0,0.0
50103,10,0.0,0,0.0
50104,10,0.0,0,0.0
50105,10,0.0,0,0.0
50106,10,0.0,0,0.0
50107,10,0.0,0,0.0
50108,10,0.0,0,0.0
50109,10,0.0,0,0.0
50110,10,0.0,0,0.0
50111,10,0.0,0,0.0
50112,10,0.0,0,0.0
50113,10,0.0,0,0.0
50114,10,0.0,0,0.0
50115,10,0.0,0,0.0
50116,10,0.0,0,0.0
50117,10,0.0,0,0.0
50118,10,0.0,0,0.0
50119,10,0.0,0,0.0
50120,10,0.0,0,0.0
50126,10,0.0,0,0.0
50127,10,0.0,0,0.0
50128,10,0.0,0,0.0
50129,10,0.0,0,0.0
50130,10,0.0,0,0.0
50131,10,0.0,0,0.0
50132,10,0.0,0,0.0
50133,10,0.0,0,0.0
50134,10,0.0,0,0.0
50135,10,0.0,0,0.0
50136,10,0.0,0,0.0
50137,10,0.0,0,0.0
50138,10,0.0,0,0.0
50139,10,0.0,0,0.0
50140,10,0.0,0,0.0
50141,10,0.0,0,0.0
50142,10,0.0,0,0.0
50143,10,0.0,0,0.0
50144,10,0.0,0,0.0
50145,10,0.0,0,0.0
50786,10,0.0,0,0.0
50787,10,0.0,0,0.0
50788,10,0.0,0,0.0
50789,10,0.0,0,0.0
50790,10,0.0,0,0.0
50791,10,0.0,0,0.0
50792,10,0.0,0,0.0
50793,10,0.0,0,0.0
50794,10,0.0,0,0.0
50795,10,0.0,0,0.0
50796,10,0.0,0,0.0
50797,10,0.0,0,0.0
50798,10,0.0,0,0.0
50799,10,0.0,0,0.0
50801,10,0.0,0,0.0
50802,10,0.0,0,0.0
50803,10,0.0,0,0.0
50806,10,0.0,0,0.0
50807,10,0.0,0,0.0
50811,10,0.0,0,0.0
50812,10,0.0,0,0.0
50813,10,0.0,0,0.0
50814,10,0.0,0,0.0
50815,10,0.0,0,0.0
50816,10,0.0,0,0.0
50817,10,0.0,0,0.0
50818,10,0.0,0,0.0
50819,10,0.0,0,0.0
50820,10,0.0,0,0.0
50821,10,0.0,0,0.0
50822,10,0.0,0,0.0
50823,10,0.0,0,0.0
50824,10,0.0,0,0.0
50825,10,0.0,0,0.0
50826,10,0.0,0,0.0
50827,10,0.0,0,0.0
50829,10,0.0,0,0.0
51470,10,0.0,0,0.0
51471,10,0.0,0,0.0
51472,10,0.0,0,0.0
51473,10,0.0,0,0.0
51474,10,0.0,0,0.0
51475,10,0.0,0,0.0
51476,10,0.0,0,0.0
51477,10,0.0,0,0.0
51478,10,0.0,0,0.0
51479,10,0.0,0,0.0
51480,10,0.0,0,0.0
51481,10,0.0,0,0.0
51482,10,0.0,0,0.0
51483,10,0.0,0,0.0
51495,10,0.0,0,0.0
51496,10,0.0,0,0.0
51497,10,0.0,0,0.0
51498,10,0.0,0,0.0
51499,10,0.0,0,0.0
51500,10,0.0,0,0.0
51501,10,0.0,0,0.0
51502,10,0.0,0,0.0
51503,10,0.0,0,0.0
51504,10,0.0,0,0.0
51505,10,0.0,0,0.0
51506,10,0.0,0,0.0
51507,10,0.0,0,0.0
51508,10,0.0,0,0.0
51509,10,0.0,0,0.0
51510,10,0.0,0,0.0
51511,10,0.0,0,0.0
52153,10,0.0,0,0.0
52154,10,0.0,0,0.0
52155,10,0.0,0,0.0
52156,10,0.0,0,0.0
52157,10,0.0,0,0.0
52158,10,0.0,0,0.0
52159,10,0.0,0,0.0
52160,10,0.0,0,0.0
52161,10,0.0,0,0.0
52162,10,0.0,0,0.0
52163,10,0.0,0,0.0
52164,10,0.0,0,0.0
52165,10,0.0,0,0.0
52166,10,0.0,0,0.0
52167,10,0.0,0,0.0
52170,10,0.0,0,0.0
52171,10,0.0,0,0.0
52172,10,0.0,0,0.0
52173,10,0.0,0,0.0
52175,10,0.0,0,0.0
52176,10,0.0,0,0.0
52177,10,0.0,0,0.0
52178,10,0.0,0,0.0
52180,10,0.0,0,0.0
52181,10,0.0,0,0.0
52182,10,0.0,0,0.0
52183,10,0.0,0,0.0
52184,10,0.0,0,0.0
52185,10,0.0,0,0.0
52186,10,0.0,0,0.0
52187,10,0.0,0,0.0
52188,10,0.0,0,0.0
52190,10,0.0,0,0.0
52191,10,0.0,0,0.0
52192,10,0.0,0,0.0
52193,10,0.0,0,0.0
52194,10,0.0,0,0.0
52837,10,0.0,0,0.0
52838,10,0.0,0,0.0
52839,10,0.0,0,0.0
52840,10,0.0,0,0.0
52841,10,0.0,0,0.0
52842,10,0.0,0,0.0
52843,10,0.0,0,0.0
52844,10,0.0,0,0.0
52845,10,0.0,0,0.0
52846,10,0.0,0,0.0
52847,10,0.0,0,0.0
52848,10,0.0,0,0.0
52849,10,0.0,0,0.0
52850,10,0.0,0,0.0
52851,10,0.0,0,0.0
52854,10,0.0,0,0.0
52855,10,0.0,0,0.0
52857,10,0.0,0,0.0
52858,10,0.0,0,0.0
52859,10,0.0,0,0.0
52860,10,0.0,0,0.0
52861,10,0.0,0,0.0
52862,10,0.0,0,0.0
52863,10,0.0,0,0.0
52864,10,0.0,0,0.0
52865,10,1.89,0,0.2157
52866,10,2.13,0,0.3196
52867,10,0.0,0,0.0004
52868,10,0.0,0,0.0
52869,10,0.0,0,0.0
52870,10,0.0,0,0.0
52871,10,0.0,0,0.0
52872,10,0.0,0,0.0
52873,10,0.0,0,0.0
52874,10,0.0,0,0.0
52875,10,0.0,0,0.0
52876,10,0.0,0,0.0
52877,10,0.0,0,0.0
52878,10,0.0,0,0.0
52879,10,0.0,0,0.0
53524,10,0.0,0,0.0
53525,10,0.0,0,0.0
53526,10,0.0,0,0.0
53527,10,0.0,0,0.0
53528,10,0.0,0,0.0
53529,10,0.0,0,0.0
53530,10,0.0,0,0.0
53531,10,0.0,0,0.0
53532,10,0.0,0,0.0
53533,10,0.0,0,0.0
53534,10,0.0,0,0.0
53535,10,0.0,0,0.0
53536,10,0.0,0,0.0
53537,10,0.0,0,0.0
53538,10,0.0,0,0.0
53540,10,0.0,0,0.0
53541,10,0.0,0,0.0
53542,10,0.0,0,0.0
53543,10,0.0,0,0.0
53544,10,0.0,0,0.0
53545,10,0.0,0,0.0
53546,10,0.0,0,0.0
53547,10,0.0,0,0.0
53548,10,0.0,0,0.0
53549,10,0.05,0,0.0093
53550,10,4.13,0,0.4224
53551,10,5.27,0,0.3325
53552,10,3.58,0,0.2797
53553,10,0.34,0,0.0346
53554,10,0.0,0,0.0
53555,10,0.0,0,0.0
53556,10,0.0,0,0.0
53557,10,0.0,0,0.0
53558,10,0.0,0,0.0
53559,10,0.0,0,0.0
53560,10,0.0,0,0.0
53561,10,0.0,0,0.0
53562,10,0.0,0,0.0
53566,10,0.0,0,0.0
53567,10,0.0,0,0.0
54205,10,0.0,0,0.0
54206,10,0.0,0,0.0
54207,10,0.0,0,0.0
54208,10,0.0,0,0.0
54209,10,0.0,0,0.0
54210,10,0.0,0,0.0
54211,10,0.0,0,0.0
54212,10,0.0,0,0.0
54213,10,0.0,0,0.0
54214,10,0.0,0,0.0
54215,10,0.0,0,0.0
54216,10,0.0,0,0.0
54217,10,0.0,0,0.0
54218,10,0.0,0,0.0
54219,10,0.0,0,0.0
54220,10,0.0,0,0.0
54222,10,0.0,0,0.0
54223,10,0.0,0,0.0
54224,10,0.0,0,0.0
54225,10,0.0,0,0.0
54226,10,0.0,0,0.0
54227,10,0.0,0,0.0
54228,10,0.0,0,0.0
54229,10,0.0,0,0.0
54230,10,0.0,0,0.0
54231,10,0.0,0,0.0
54232,10,0.0,0,0.0
54233,10,0.0,0,0.0
54234,10,0.32,0,0.0461
54235,10,2.67,0,0.454
54236,10,4.77,0,0.6108
54237,10,12.39,0,0.8643
54238,10,0.0,0,0.0
54239,10,0.0,0,0.0
54240,10,0.0,0,0.0
54241,10,0.0,0,0.0
54242,10,0.0,0,0.0
54243,10,0.0,0,0.0
54246,10,0.0,0,0.0
54247,10,0.0,0,0.0
54248,10,0.0,0,0.0
54249,10,0.0,0,0.0
54250,10,0.0,0,0.0
54251,10,0.0,0,0.0
54267,10,0.0,0,0.0
54268,10,0.0,0,0.0
54888,10,0.0,0,0.0
54889,10,0.0,0,0.0
54890,10,0.0,0,0.0
54891,10,0.0,0,0.0
54892,10,0.0,0,0.0
54893,10,0.0,0,0.0
54894,10,0.0,0,0.0
54895,10,0.0,0,0.0
54896,10,0.0,0,0.0
54897,10,0.0,0,0.0
54898,10,0.0,0,0.0
54899,10,0.0,0,0.0
54900,10,0.0,0,0.0
54901,10,0.0,0,0.0
54903,10,0.0,0,0.0
54904,10,0.0,0,0.0
54905,10,0.0,0,0.0
54906,10,0.0,0,0.0
54907,10,0.0,0,0.0
54908,10,0.0,0,0.0
54909,10,0.0,0,0.0
54910,10,0.0,0,0.0
54911,10,0.0,0,0.0
54912,10,0.0,0,0.0
54913,10,0.0,0,0.0
54915,10,0.0,0,0.0
54916,10,0.01,0,0.0005
54917,10,0.27,0,0.0227
54918,10,0.0,0,0.0
54919,10,0.24,0,0.025
54920,10,2.1,0,0.2324
54921,10,3.31,0,0.3217
54922,10,0.0,0,0.0002
54923,10,0.0,0,0.0
54924,10,0.0,0,0.0
54925,10,0.0,0,0.0
54929,10,0.0,0,0.0
54930,10,0.0,0,0.0
54931,10,0.0,0,0.0
54932,10,0.0,0,0.0
54933,10,0.0,0,0.0
54934,10,0.0,0,0.0
54935,10,0.0,0,0.0
54951,10,0.0,0,0.0
54952,10,0.0,0,0.0
55572,10,0.0,0,0.0
55573,10,0.0,0,0.0
55574,10,0.0,0,0.0
55575,10,0.0,0,0.0
55576,10,0.0,0,0.0
55577,10,0.0,0,0.0
55578,10,0.0,0,0.0
55579,10,0.0,0,0.0
55580,10,0.0,0,0.0
55581,10,0.0,0,0.0
55582,10,0.0,0,0.0
55583,10,0.0,0,0.0
55585,10,0.0,0,0.0
55587,10,0.0,0,0.0
55588,10,0.0,0,0.0
55589,10,0.0,0,0.0
55590,10,0.0,0,0.0
55591,10,0.0,0,0.0
55592,10,0.0,0,0.0
55593,10,0.0,0,0.0
55594,10,0.22,0,0.0363
55595,10,0.17,0,0.0186
55596,10,0.13,0,0.0362
55597,10,0.0,0,0.0
55598,10,0.0,0,0.0
55599,10,0.0,0,0.0
55600,10,0.05,0,0.0058
55601,10,0.71,0,0.1601
55602,10,0.0,0,0.0
55603,10,0.0,0,0.0
55604,10,3.74,0,0.2648
55605,10,5.36,0,0.7238
55606,10,0.06,0,0.0086
55607,10,0.0,0,0.0
55608,10,0.0,0,0.0
55609,10,0.0,0,0.0
55613,10,0.0,0,0.0
55614,10,0.0,0,0.0
55615,10,0.0,0,0.0
55616,10,0.0,0,0.0
55617,10,0.0,0,0.0
55618,10,0.0,0,0.0
56256,10,0.0,0,0.0
56257,10,0.0,0,0.0
56258,10,0.0,0,0.0
56259,10,0.0,0,0.0
56260,10,0.0,0,0.0
56261,10,0.0,0,0.0
56262,10,0.0,0,0.0
56263,10,0.0,0,0.0
56264,10,0.0,0,0.0
56265,10,0.0,0,0.0
56266,10,0.0,0,0.0
56267,10,0.0,0,0.0
56268,10,0.0,0,0.0
56269,10,0.0,0,0.0
56270,10,0.0,0,0.0
56271,10,0.0,0,0.0
56272,10,0.0,0,0.0
56273,10,0.0,0,0.0
56274,10,0.0,0,0.0
56275,10,0.0,0,0.0
56276,10,0.0,0,0.0
56277,10,0.0,0,0.0
56278,10,2.36,0,0.2851
56279,10,1.96,0,0.6496
56280,10,0.61,0,0.2346
56281,10,1.06,0,0.1013
56282,10,0.0,0,0.0
56283,10,0.0,0,0.0
56284,10,0.0,0,0.0
56285,10,0.0,0,0.0
56286,10,1.35,0,0.065
56287,10,2.94,0,0.4701
56288,10,2.83,0,0.3606
56289,10,18.34,0,0.8014
56290,10,1.4,0,0.1214
56291,10,0.0,0,0.0
56292,10,0.0,0,0.0
56293,10,0.0,0,0.0
56297,10,0.0,0,0.0
56298,10,0.0,0,0.0
56299,10,0.0,0,0.0
56300,10,0.0,0,0.0
56301,10,0.0,0,0.0
56302,10,0.0,0,0.0
56319,10,0.0,0,0.0
56320,10,0.0,0,0.0
56323,10,0.0,0,0.0
56939,10,0.0,0,0.0
56940,10,0.0,0,0.0
56941,10,0.0,0,0.0
56942,10,0.0,0,0.0
56943,10,0.0,0,0.0
56944,10,0.0,0,0.0
56945,10,0.0,0,0.0
56946,10,0.46,0,0.0684
56947,10,0.03,0,0.0092
56948,10,0.0,0,0.0
56949,10,0.0,0,0.0
56950,10,0.0,0,0.0
56951,10,0.0,0,0.0
56952,10,0.0,0,0.0
56953,10,0.0,0,0.0
56954,10,0.0,0,0.0
56955,10,0.0,0,0.0
56956,10,0.0,0,0.0
56957,10,0.0,0,0.0
56958,10,0.0,0,0.0
56959,10,0.0,0,0.0
56960,10,0.0,0,0.0
56961,10,0.0,0,0.0
56962,10,0.0,0,0.0
56963,10,0.62,0,0.0492
56964,10,0.34,0,0.0393
56965,10,2.59,0,0.7308
56966,10,0.86,0,0.1031
56967,10,0.0,0,0.0
56968,10,0.0,0,0.0
56969,10,0.0,0,0.0
56970,10,7.28,0,0.4221
56971,10,12.62,0,0.7089
56972,10,0.53,0,0.0988
56973,10,1.54,0,0.2135
56974,10,0.0,0,0.0
56975,10,0.0,0,0.0
56976,10,0.0,0,0.0
56977,10,0.0,0,0.0
56980,10,0.0,0,0.0
56981,10,0.0,0,0.0
56982,10,0.0,0,0.0
56983,10,0.0,0,0.0
56984,10,0.0,0,0.0
56985,10,0.0,0,0.0
56986,10,0.0,0,0.0
57004,10,0.0,0,0.0
57623,10,0.41,0,0.087
57624,10,0.0,0,0.0
57625,10,0.0,0,0.0
57626,10,0.0,0,0.0
57627,10,0.0,0,0.0
57628,10,0.0,0,0.0
57629,10,0.0,0,0.0
57630,10,0.0,0,0.0
57631,10,0.0,0,0.0
57632,10,0.0,0,0.0
57633,10,0.0,0,0.0
57634,10,0.0,0,0.0
57635,10,0.0,0,0.0
57636,10,0.0,0,0.0
57637,10,0.0,0,0.0
57638,10,0.0,0,0.0
57639,10,0.0,0,0.0
57640,10,0.0,0,0.0
57641,10,0.0,0,0.0
57642,10,0.0,0,0.0
57643,10,0.0,0,0.0
57644,10,0.0,0,0.0
57645,10,0.0,0,0.0
57646,10,0.0,0,0.0
57647,10,0.0,0,0.0
57648,10,0.12,0,0.0049
57649,10,0.48,0,0.0479
57650,10,0.06,0,0.0195
57651,10,0.0,0,0.0
57652,10,0.0,0,0.0
57653,10,0.0,0,0.0
57654,10,0.8,0,0.0583
57655,10,3.38,0,0.2085
57656,10,0.0,0,0.0
57657,10,0.0,0,0.0
57658,10,0.0,0,0.0
57659,10,0.0,0,0.0
57660,10,0.0,0,0.0
57661,10,0.0,0,0.0
57663,10,0.0,0,0.0
57664,10,0.0,0,0.0
57665,10,0.0,0,0.0
57666,10,0.0,0,0.0
57667,10,0.0,0,0.0
57668,10,0.0,0,0.0
57669,10,0.0,0,0.0
57670,10,0.0,0,0.0
58307,10,0.75,0,0.0764
58308,10,0.0,0,0.0
58309,10,0.0,0,0.0
58310,10,0.0,0,0.0
58311,10,0.01,0,0.0005
58312,10,1.03,0,0.2644
58313,10,0.7,0,0.108
58314,10,0.82,0,0.1607
58315,10,0.14,0,0.255
58316,10,0.0,0,0.0
58317,10,0.0,0,0.0
58318,10,0.0,0,0.0
58319,10,0.0,0,0.0
58320,10,0.0,0,0.0
58321,10,0.0,0,0.0
58322,10,0.0,0,0.0
58323,10,0.0,0,0.0
58324,10,0.0,0,0.0
58325,10,0.0,0,0.0
58326,10,0.0,0,0.0
58327,10,0.0,0,0.0
58328,10,0.0,0,0.0
58329,10,0.0,0,0.0
58330,10,0.0,0,0.0
58331,10,0.0,0,0.0
58332,10,0.0,0,0.0
58333,10,0.0,0,0.0
58334,10,1.6,0,0.1906
58335,10,0.0,0,0.0
58336,10,0.0,0,0.0
58337,10,0.0,0,0.0
58338,10,0.0,0,0.0
58339,10,0.0,0,0.0
58340,10,0.0,0,0.0
58341,10,0.0,0,0.0
58342,10,0.0,0,0.0
58343,10,0.0,0,0.0
58344,10,0.0,0,0.0
58345,10,0.0,0,0.0
58347,10,0.0,0,0.0
58348,10,0.0,0,0.0
58349,10,0.0,0,0.0
58350,10,0.0,0,0.0
58351,10,0.0,0,0.0
58352,10,0.0,0,0.0
58353,10,0.0,0,0.0
58354,10,0.0,0,0.0
58355,10,0.0,0,0.0
58990,10,0.0,0,0.0
58991,10,0.0,0,0.0
58992,10,0.0,0,0.0
58993,10,0.0,0,0.0
58994,10,0.0,0,0.0
58995,10,0.07,0,0.006
58996,10,1.19,0,0.3507
58997,10,1.39,0,0.6422
58998,10,0.55,0,0.1205
58999,10,0.33,0,0.3018
59000,10,0.1,0,0.0805
59001,10,0.0,0,0.0
59002,10,0.0,0,0.0
59003,10,0.22,0,0.0326
59004,10,1.45,0,0.1871
59005,10,4.82,0,0.7237
59006,10,0.01,0,0.0011
59007,10,0.0,0,0.0
59008,10,0.0,0,0.0
59009,10,1.43,0,0.0411
59010,10,2.49,0,0.2256
59011,10,0.0,0,0.0
59012,10,0.0,0,0.0
59013,10,0.0,0,0.0
59014,10,0.0,0,0.0
59015,10,0.0,0,0.0
59016,10,0.0,0,0.0
59017,10,0.0,0,0.0
59018,10,0.0,0,0.0
59019,10,0.0,0,0.0
59020,10,0.0,0,0.0
59022,10,0.0,0,0.0
59023,10,0.0,0,0.0
59025,10,0.0,0,0.0
59026,10,0.0,0,0.0
59027,10,0.0,0,0.0
59028,10,0.0,0,0.0
59029,10,0.0,0,0.0
59030,10,0.0,0,0.0
59031,10,0.0,0,0.0
59032,10,0.0,0,0.0
59033,10,0.0,0,0.0
59034,10,0.0,0,0.0
59035,10,0.0,0,0.0
59036,10,0.0,0,0.0
59037,10,0.0,0,0.0
59038,10,0.0,0,0.0
59119,10,0.0,0,0.0
59120,10,0.0,0,0.0
59121,10,0.0,0,0.0
59674,10,0.0,0,0.0
59675,10,0.0,0,0.0
59676,10,0.0,0,0.0
59677,10,0.0,0,0.0
59678,10,0.0,0,0.0
59679,10,0.0,0,0.0
59680,10,0.05,0,0.0042
59681,10,0.13,0,0.0239
59682,10,0.12,0,0.2032
59683,10,0.0,0,0.0
59684,10,0.0,0,0.0
59685,10,0.0,0,0.0
59686,10,0.0,0,0.0
59687,9,1.37,0,0.784
59688,8,2.17,0,0.9305
59689,10,0.08,0,0.0545
59690,10,0.05,0,0.0051
59691,10,0.0,0,0.0
59692,10,0.0,0,0.0
59693,10,0.16,0,0.0141
59694,10,0.44,0,0.0454
59695,10,0.0,0,0.0
59696,10,0.0,0,0.0
59697,10,0.0,0,0.0
59698,10,0.0,0,0.0
59699,10,0.0,0,0.0
59700,10,0.0,0,0.0
59701,10,0.0,0,0.0
59702,10,0.4,0,0.0326
59703,10,5.06,0,0.4197
59704,10,0.0,0,0.0
59705,10,0.0,0,0.0
59706,10,0.0,0,0.0
59707,10,0.0,0,0.0
59708,10,0.0,0,0.0
59709,10,0.0,0,0.0
59710,10,0.0,0,0.0
59711,10,0.0,0,0.0
59712,10,0.0,0,0.0005
59713,10,0.0,0,0.0
59714,10,0.0,0,0.0
59715,10,0.0,0,0.0
59716,10,0.0,0,0.0
59717,10,0.0,0,0.0
59718,10,0.0,0,0.0
59719,10,0.0,0,0.0
59720,10,0.0,0,0.0
59721,10,0.0,0,0.0
59722,10,0.0,0,0.0
59723,10,0.0,0,0.0
59724,10,0.0,0,0.0
59801,10,0.0,0,0.0
59802,10,0.0,0,0.0
59803,10,0.0,0,0.0
59804,10,0.0,0,0.0
59805,10,0.0,0,0.0
59806,10,0.0,0,0.0
60357,10,0.0,0,0.0
60358,10,0.0,0,0.0
60359,10,0.0,0,0.0
60360,10,0.0,0,0.0
60361,10,0.0,0,0.0
60362,10,0.0,0,0.0
60363,10,0.0,0,0.0
60364,10,0.25,0,0.0462
60365,10,1.19,0,0.1534
60366,10,0.14,0,0.0398
60367,10,0.0,0,0.0
60368,10,0.0,0,0.0
60369,10,0.0,0,0.0
60370,10,0.0,0,0.0
60371,10,0.0,0,0.0074
60372,10,0.13,0,0.0703
60373,10,0.01,0,0.0011
60374,10,0.0,0,0.0
60375,10,0.0,0,0.0
60376,10,0.0,0,0.0
60377,10,0.0,0,0.0
60378,10,0.0,0,0.0
60379,10,0.0,0,0.0
60380,10,0.0,0,0.0
60381,10,0.0,0,0.0
60382,10,0.0,0,0.0
60383,10,0.0,0,0.0
60384,10,0.0,0,0.0
60385,10,0.0,0,0.0
60386,10,0.67,0,0.0519
60387,10,7.47,0,0.5148
60388,10,0.0,0,0.0
60389,10,0.0,0,0.0
60390,10,0.0,0,0.0
60391,10,0.0,0,0.0
60392,10,0.0,0,0.0
60393,10,0.0,0,0.0
60394,10,0.0,0,0.0
60395,10,0.0,0,0.0
60396,10,7.67,0,0.5731
60397,10,3.21,0,0.3243
60398,10,0.0,0,0.0
60399,10,0.0,0,0.0
60400,10,0.0,0,0.0
60401,10,0.0,0,0.0
60402,10,0.0,0,0.0
60403,10,0.0,0,0.0
60404,10,0.0,0,0.0
60405,10,0.0,0,0.0
60406,10,0.0,0,0.0
60407,10,0.0,0,0.0
60408,10,0.0,0,0.0
60485,10,0.0,0,0.0
60486,10,0.0,0,0.0
60487,10,0.0,0,0.0
60488,10,0.0,0,0.0
60489,10,0.0,0,0.0
60490,10,0.0,0,0.0
61041,10,0.0,0,0.0
61042,10,0.0,0,0.0
61043,10,0.0,0,0.0
61044,10,0.0,0,0.0
61045,10,0.0,0,0.0
61046,10,0.03,0,0.0066
61047,10,0.07,0,0.017
61048,10,1.04,0,0.3177
61049,10,1.66,0,0.5115
61050,10,1.19,0,0.4246
61051,10,0.0,0,0.0
61052,10,0.0,0,0.0
61053,10,0.0,0,0.0
61054,10,0.0,0,0.0
61055,10,0.0,0,0.0
61056,10,1.12,0,0.5178
61057,10,0.35,0,0.3819
61058,10,0.0,0,0.0
61059,10,0.0,0,0.0
61060,10,0.0,0,0.0
61061,10,0.0,0,0.0
61062,10,0.0,0,0.0
61063,10,0.0,0,0.0
61064,10,0.0,0,0.0
61065,10,0.0,0,0.0
61066,10,0.0,0,0.0
61067,10,0.0,0,0.0
61068,10,0.0,0,0.0
61069,10,3.8,0,0.1817
61070,10,11.5,0,0.7288
61071,10,3.49,0,0.3359
61072,10,0.0,0,0.0
61073,10,0.0,0,0.0
61074,10,0.0,0,0.0
61075,10,0.0,0,0.0
61076,10,0.0,0,0.0
61077,10,0.0,0,0.0
61078,10,0.0,0,0.0
61079,10,0.83,0,0.1631
61080,10,0.52,0,0.174
61081,10,1.33,0,0.5088
61082,10,0.0,0,0.0
61083,10,0.0,0,0.0
61084,10,0.0,0,0.0
61085,10,0.0,0,0.0
61087,10,0.0,0,0.0
61088,10,0.0,0,0.0
61089,10,0.0,0,0.0
61090,10,0.0,0,0.0
61105,10,0.0,0,0.0
61106,10,0.0,0,0.0
61121,10,0.0,0,0.0
61122,10,0.0,0,0.0
61169,10,0.0,0,0.0
61170,10,0.0,0,0.0
61172,10,0.0,0,0.0
61724,10,0.0,0,0.0
61725,10,0.0,0,0.0
61726,10,0.0,0,0.0
61727,10,0.0,0,0.0
61728,10,0.0,0,0.0
61729,10,1.28,0,0.0753
61730,10,5.53,0,0.5333
61731,10,1.14,0,0.269
61732,9,3.12,0,0.8384
61733,10,2.12,0,0.6732
61734,10,1.91,0,0.4591
61735,10,0.0,0,0.0
61736,10,0.0,0,0.0
61737,10,0.0,0,0.0
61738,10,0.0,0,0.0
61739,10,0.0,0,0.0
61740,10,0.0,0,0.004
61742,10,0.0,0,0.0
61743,10,0.0,0,0.0
61744,10,0.0,0,0.0
61745,10,0.0,0,0.0
61746,10,0.0,0,0.0
61747,10,0.0,0,0.0
61748,10,0.0,0,0.0
61749,10,0.0,0,0.0
61750,10,0.0,0,0.0
61751,10,0.0,0,0.0
61752,10,0.0,0,0.0
61753,10,0.0,0,0.0
61754,10,0.0,0,0.0
61755,10,0.0,0,0.0
61759,10,0.0,0,0.0
61761,10,0.0,0,0.0
61762,10,0.0,0,0.0
61763,10,0.0,0,0.0
61764,10,0.0,0,0.0
61765,10,0.0,0,0.0
61773,10,0.0,0,0.0
61774,10,0.0,0,0.0
61793,10,0.0,0,0.0
61805,10,0.0,0,0.0
61806,10,0.0,0,0.0
61856,10,0.0,0,0.0
62408,10,0.0,0,0.0
62409,10,0.0,0,0.0
62410,10,0.0,0,0.0
62411,10,0.0,0,0.0
62412,10,0.0,0,0.0
62413,10,1.21,0,0.1504
62414,10,2.63,0,0.4505
62415,10,0.19,0,0.1125
62416,10,1.1,0,0.4768
62417,10,0.89,0,0.1785
62418,10,1.29,0,0.1219
62419,10,0.0,0,0.0
62420,10,0.0,0,0.0
62421,10,0.0,0,0.0
62423,10,0.0,0,0.0
62424,10,0.0,0,0.0
62426,10,0.0,0,0.0
62427,10,0.0,0,0.0
62428,10,0.0,0,0.0
62429,10,0.0,0,0.0
62430,10,0.0,0,0.0
62431,10,0.0,0,0.0
62432,10,0.0,0,0.0
62433,10,0.0,0,0.0
62434,10,0.0,0,0.0
62435,10,0.0,0,0.0
62436,10,0.0,0,0.0
62437,10,0.0,0,0.0
62438,10,0.0,0,0.0
62439,10,0.0,0,0.0
62440,10,0.0,0,0.0
62441,10,0.0,0,0.0
62442,10,0.0,0,0.0
62443,10,0.0,0,0.0
62444,10,0.0,0,0.0
62447,10,0.0,0,0.0
62448,10,0.0,0,0.0
62449,10,0.0,0,0.0
62450,10,0.0,0,0.0
62454,10,0.0,0,0.0
62455,10,0.0,0,0.0
62456,10,0.0,0,0.0
62457,10,0.0,0,0.0
62458,10,0.0,0,0.0
62476,10,0.0,0,0.0
62489,10,0.0,0,0.0
62490,10,0.0,0,0.0
62491,10,1.9,0,0.3023
63092,10,0.0,0,0.0
63093,10,0.0,0,0.0
63094,10,0.0,0,0.0
63095,10,0.0,0,0.0
63096,10,0.0,0,0.0
63097,10,2.86,0,0.3537
63098,10,2.46,0,0.3813
63099,10,2.1,0,0.3442
63100,10,1.42,0,0.3118
63101,10,0.0,0,0.0
63102,10,0.0,0,0.0
63103,10,0.0,0,0.0
63104,10,0.0,0,0.0
63105,10,0.0,0,0.0377
63106,10,0.42,0,0.4511
63107,10,0.0,0,0.0
63108,10,0.0,0,0.0
63109,10,0.0,0,0.0
63110,10,0.0,0,0.0
63111,10,0.0,0,0.0
63112,10,0.0,0,0.0
63113,10,0.0,0,0.0
63114,10,0.0,0,0.0
63115,10,0.0,0,0.0
63116,10,0.0,0,0.0
63117,10,0.0,0,0.0
63118,10,0.0,0,0.0
63119,10,0.0,0,0.0
63120,10,0.0,0,0.0
63121,10,0.0,0,0.0
63122,10,0.0,0,0.0
63123,10,0.0,0,0.0
63124,10,0.0,0,0.0
63125,10,0.0,0,0.0
63126,10,0.0,0,0.0
63127,10,0.0,0,0.0
63128,10,0.0,0,0.0
63129,10,0.0,0,0.0
63130,10,0.0,0,0.0
63131,10,0.0,0,0.0
63132,10,2.06,0,0.6589
63133,10,0.71,0,0.8877
63138,10,0.0,0,0.0
63140,10,0.0,0,0.0
63141,10,0.0,0,0.0
63142,10,0.0,0,0.0
63143,10,0.0,0,0.0
63144,10,0.0,0,0.0
63160,10,0.0,0,0.0
63174,10,5.04,0,0.4876
63175,10,2.66,0,0.4841
63176,10,2.96,0,0.5616
63177,10,0.0,0,0.0
63775,10,0.0,0,0.0
63776,10,0.0,0,0.0
63777,10,0.0,0,0.0
63778,10,0.0,0,0.0
63779,10,0.0,0,0.0
63780,10,0.0,0,0.0
63781,10,0.09,0,0.0121
63782,10,1.09,0,0.3684
63783,10,2.37,0,0.4487
63784,10,0.27,0,0.0757
63785,10,0.0,0,0.0
63786,10,0.0,0,0.0
63787,10,0.0,0,0.0
63788,10,0.0,0,0.0
63789,10,0.0,0,0.3582
63790,10,0.0,0,0.0
63791,10,0.0,0,0.0
63792,10,0.0,0,0.0
63793,10,0.0,0,0.0
63794,10,0.0,0,0.0
63795,10,0.0,0,0.0
63796,10,0.0,0,0.0
63797,10,0.0,0,0.0
63798,10,0.0,0,0.0
63799,10,0.0,0,0.0
63800,10,0.0,0,0.0
63801,10,0.0,0,0.0
63802,10,0.0,0,0.0
63803,10,0.0,0,0.0
63804,10,0.0,0,0.0
63805,10,0.0,0,0.0
63806,10,0.0,0,0.0
63807,10,0.0,0,0.0
63808,10,0.0,0,0.0
63809,10,0.0,0,0.0
63810,10,0.0,0,0.0
63813,10,0.0,0,0.0
63815,10,0.0,0,0.0
63816,10,0.0,0,0.0
63822,10,0.0,0,0.0
63857,10,0.0,0,0.0
63858,10,0.33,0,0.4599
63859,10,1.07,0,0.1081
63860,10,0.27,0,0.0351
63861,10,0.0,0,0.0
63862,10,0.0,0,0.0
63863,10,0.0,0,0.0
63864,10,0.0,0,0.0
63865,10,0.0,0,0.0
64459,10,0.0,0,0.0
64460,10,0.0,0,0.0
64461,10,0.0,0,0.0
64462,10,0.0,0,0.0
64463,10,0.0,0,0.0
64464,10,0.07,0,0.0086
64465,9,3.59,0,0.8404
64466,10,1.12,0,0.2437
64467,10,0.21,0,0.0554
64468,10,0.12,0,0.0166
64469,10,0.0,0,0.0
64470,10,0.0,0,0.0
64471,10,0.0,0,0.0
64472,10,0.0,0,0.0
64473,10,0.06,0,0.461
64474,10,0.0,0,0.0
64475,10,0.0,0,0.0
64476,10,0.0,0,0.0
64477,10,0.0,0,0.0
64478,10,0.0,0,0.0
64479,10,0.0,0,0.0
64480,10,0.0,0,0.0
64481,10,0.0,0,0.0
64482,10,0.0,0,0.0
64483,10,0.0,0,0.0
64484,10,0.0,0,0.0
64485,10,0.0,0,0.0
64486,10,0.0,0,0.0
64487,10,0.0,0,0.0
64488,10,0.0,0,0.0
64489,10,0.0,0,0.0
64490,10,0.0,0,0.0
64491,10,0.0,0,0.0
64492,10,0.0,0,0.0
64493,10,0.0,0,0.0
64494,10,0.0,0,0.0
64496,10,0.0,0,0.0
64497,10,0.0,0,0.0
64499,10,0.0,0,0.0
64500,10,0.0,0,0.0
64501,10,0.0,0,0.0
64502,10,0.0,0,0.0
64504,10,0.0,0,0.0
64505,10,0.0,0,0.0
64542,10,0.0,0,0.0
64543,10,0.0,0,0.0
64545,10,0.0,0,0.0
64546,10,2.36,0,0.472
64547,10,1.02,0,0.12
64548,10,0.0,0,0.0
64549,10,0.0,0,0.0
65142,10,0.0,0,0.0
65143,10,0.0,0,0.0
65144,10,0.0,0,0.0
65145,10,0.0,0,0.0
65146,10,0.0,0,0.0
65147,10,1.14,0,0.0663
65148,10,3.98,0,0.7519
65149,9,4.13,0,0.8674
65150,10,0.05,0,0.0049
65151,10,0.0,0,0.0
65152,10,0.0,0,0.0
65153,10,0.0,0,0.0
65154,10,0.0,0,0.0
65155,10,0.0,0,0.0
65156,10,0.0,0,0.0
65157,10,0.21,0,0.0312
65158,10,0.0,0,0.0
65159,10,0.14,0,0.0127
65160,10,3.82,0,0.1741
65161,10,0.0,0,0.0
65162,10,0.0,0,0.0
65163,10,0.0,0,0.0
65164,10,0.0,0,0.0
65165,10,0.0,0,0.0
65166,10,0.0,0,0.0
65167,10,0.0,0,0.0
65168,10,0.0,0,0.0
65169,10,0.0,0,0.0
65170,10,0.0,0,0.0
65171,10,0.0,0,0.0
65172,10,0.0,0,0.0
65173,10,0.0,0,0.0
65174,10,0.0,0,0.0
65175,10,0.0,0,0.0
65177,10,0.0,0,0.0
65178,10,0.0,0,0.0
65185,10,1.35,0,0.7569
65186,10,0.68,0,0.9058
65188,10,0.0,0,0.0
65189,10,0.0,0,0.0
65221,10,0.0,0,0.0
65222,10,0.0,0,0.0
65226,10,0.24,0,0.0826
65227,10,0.0,0,0.0
65280,10,0.0,0,0.0
65281,10,0.0,0,0.0
65282,10,0.0,0,0.0
65826,10,0.0,0,0.0
65827,10,0.0,0,0.0
65828,10,0.0,0,0.0
65829,10,0.0,0,0.0
65830,10,0.0,0,0.0
65831,10,0.0,0,0.0
65832,10,2.11,0,0.4414
65833,10,1.28,0,0.2265
65834,10,0.0,0,0.0
65835,10,0.0,0,0.0
65836,10,0.0,0,0.0
65837,10,0.0,0,0.0
65838,10,0.0,0,0.0
65839,10,0.0,0,0.0
65840,10,0.0,0,0.0
65841,10,0.0,0,0.0
65842,10,0.0,0,0.0
65843,10,3.73,0,0.3554
65844,10,4.3,0,0.2069
65845,10,0.0,0,0.0
65846,10,0.0,0,0.0
65847,10,0.0,0,0.0
65848,10,0.0,0,0.0
65849,10,0.0,0,0.0
65850,10,0.0,0,0.0
65851,10,0.0,0,0.0
65852,10,0.0,0,0.0
65853,10,0.0,0,0.0
65854,10,0.0,0,0.0
65855,10,0.0,0,0.0
65856,10,0.0,0,0.0
65857,10,0.0,0,0.0
65858,10,0.0,0,0.0
65868,10,0.0,0,0.0
65869,10,0.0,0,0.0
65870,10,0.0,0,0.0
65873,10,0.0,0,0.0
65874,10,0.0,0,0.0
65896,10,1.17,0,0.9443
65905,10,0.0,0,0.0
65906,10,0.0,0,0.0
65907,10,0.0,0,0.0
65908,10,0.0,0,0.0
65909,9,0.0,0,0.9444
65910,9,4.05,0,0.9349
65964,10,0.0,0,0.0
65965,10,0.0,0,0.0
65966,10,0.0,0,0.0
66510,10,0.0,0,0.0
66511,10,0.0,0,0.0
66512,10,0.0,0,0.0
66513,10,0.0,0,0.0
66514,10,0.0,0,0.0
66515,10,0.0,0,0.0
66516,10,0.0,0,0.0
66517,10,0.0,0,0.0
66518,10,0.0,0,0.0
66519,10,0.0,0,0.0
66520,10,0.0,0,0.0
66521,10,0.0,0,0.0
66522,10,0.0,0,0.0
66523,10,0.0,0,0.0
66524,10,0.0,0,0.0
66525,10,0.0,0,0.0
66527,10,1.28,0,0.1646
66528,10,0.02,0,0.0031
66529,10,0.0,0,0.0
66530,10,0.0,0,0.0
66531,10,0.0,0,0.0
66532,10,0.0,0,0.0
66533,10,0.0,0,0.0
66534,10,0.0,0,0.0
66535,10,0.0,0,0.0
66536,10,0.0,0,0.0
66537,10,0.0,0,0.0
66538,10,0.0,0,0.0
66539,10,0.0,0,0.0
66540,10,0.0,0,0.0
66541,10,0.0,0,0.0
66553,10,0.02,0,0.9443
66554,10,2.08,0,0.7372
66558,10,0.0,0,0.0
66561,10,0.0,0,0.0
66589,10,0.0,0,0.0
66590,10,3.08,0,0.9093
66591,10,0.1,0,0.0583
66593,10,0.0,0,0.0
66594,10,0.0,0,0.0
66597,10,0.0,0,0.0
66598,10,0.0,0,0.0
66648,10,0.0,0,0.0
66649,10,0.0,0,0.0
67193,10,0.0,0,0.0
67194,10,0.0,0,0.0
67195,10,0.0,0,0.0
67196,10,0.0,0,0.0
67197,10,0.0,0,0.0
67198,10,0.0,0,0.0
67199,10,0.0,0,0.0
67200,10,0.0,0,0.0
67201,10,0.0,0,0.0
67202,10,0.0,0,0.0
67203,10,0.0,0,0.0
67204,10,0.0,0,0.0
67205,10,0.0,0,0.0
67206,10,0.0,0,0.0
67207,10,0.0,0,0.0
67208,10,0.0,0,0.0
67209,10,0.0,0,0.0
67210,10,1.01,0,0.4956
67211,10,2.96,0,0.4117
67212,10,0.58,0,0.0415
67213,10,0.0,0,0.0
67214,10,0.0,0,0.0
67215,10,0.0,0,0.0
67216,10,0.0,0,0.0
67217,10,0.0,0,0.0
67218,10,0.0,0,0.0
67219,10,0.0,0,0.0
67220,10,0.0,0,0.0
67221,10,0.0,0,0.0
67222,10,0.0,0,0.0
67223,10,0.0,0,0.0
67224,10,0.0,0,0.0
67225,10,0.0,0,0.0
67226,10,0.0,0,0.0
67227,10,0.0,0,0.0
67237,10,0.58,0,0.9443
67238,10,0.29,0,0.1
67242,10,0.0,0,0.0
67248,10,0.0,0,0.0
67273,10,2.42,0,0.8323
67274,10,4.7,0,0.2445
67275,10,3.28,0,0.437
67276,10,0.27,0,0.1978
67277,10,0.48,0,0.0501
67278,10,0.0,0,0.0
67281,10,0.0,0,0.0
67282,10,0.0,0,0.0
67877,10,0.0,0,0.0
67878,10,0.0,0,0.0
67879,10,0.0,0,0.0
67880,10,0.0,0,0.0
67881,10,0.0,0,0.0
67882,10,0.0,0,0.0
67883,10,0.0,0,0.0
67884,10,0.0,0,0.0
67885,10,0.0,0,0.0
67886,10,0.0,0,0.0
67887,10,0.0,0,0.0
67888,10,0.0,0,0.0
67889,10,0.0,0,0.0
67891,10,0.0,0,0.0
67892,10,0.0,0,0.0111
67893,10,0.0,0,0.0
67894,10,0.0,0,0.0
67895,10,0.0,0,0.0
67896,10,1.29,0,0.1259
67897,10,0.0,0,0.0
67898,10,0.0,0,0.0
67899,10,0.0,0,0.0
67900,10,0.0,0,0.0
67901,10,0.0,0,0.0
67902,10,0.0,0,0.0
67903,10,0.0,0,0.0
67904,10,0.0,0,0.0
67905,10,0.0,0,0.0
67906,10,0.0,0,0.0
67907,10,0.0,0,0.0
67908,10,0.0,0,0.0
67909,10,0.0,0,0.0
67910,10,0.0,0,0.0
67911,10,0.0,0,0.0
67913,10,0.0,0,0.0
67914,10,0.0,0,0.0
67919,10,0.0,0,0.0
67920,10,0.0,0,0.0
67956,10,0.0,0,0.0
67957,10,1.65,0,0.1003
67958,10,0.05,0,0.0093
67959,10,0.0,0,0.0
67960,10,1.52,0,0.1278
67961,10,2.1,0,0.3255
67962,10,0.0,0,0.0
68560,10,0.0,0,0.0
68561,10,0.0,0,0.0
68562,10,0.0,0,0.0
68563,10,0.0,0,0.0
68564,10,0.0,0,0.0
68565,10,0.0,0,0.0
68566,10,0.0,0,0.0
68567,10,0.0,0,0.0
68568,10,0.0,0,0.0
68569,10,0.0,0,0.0
68570,10,0.0,0,0.0
68571,10,0.0,0,0.0
68572,10,0.0,0,0.0
68573,10,0.0,0,0.0
68574,10,0.0,0,0.0
68575,9,2.74,0,0.8008
68576,10,3.04,0,0.6715
68577,10,0.0,0,0.0
68578,10,0.0,0,0.0
68579,10,0.0,0,0.0
68580,10,0.0,0,0.0
68581,10,0.0,0,0.0
68582,10,0.0,0,0.0
68583,10,0.0,0,0.0
68584,10,0.0,0,0.0
68585,10,0.0,0,0.0
68586,10,0.0,0,0.0
68587,10,0.0,0,0.0
68588,10,0.0,0,0.0
68589,10,0.0,0,0.0
68590,10,0.0,0,0.0
68591,10,0.0,0,0.0
68592,10,0.0,0,0.0
68593,10,0.0,0,0.0
68594,10,0.0,0,0.0
68595,10,0.0,0,0.0
68596,10,0.0,0,0.0
68597,10,0.0,0,0.0
68598,10,0.0,0,0.0
68603,10,0.0,0,0.0
68604,10,0.73,0,0.1413
68605,10,4.03,0,0.8008
68606,10,0.0,0,0.0
68607,10,0.0,0,0.0
68641,10,0.0,0,0.0
68642,10,0.0,0,0.0
68643,10,0.22,0,0.1065
68644,10,3.11,0,0.1886
68645,10,3.16,0,0.5322
68650,10,0.0,0,0.0
68651,10,3.48,0,0.6736
68652,10,1.57,0,0.9443
69244,10,0.0,0,0.0
69245,10,0.0,0,0.0
69246,10,0.0,0,0.0
69247,10,0.0,0,0.0
69248,10,0.0,0,0.0
69249,10,0.0,0,0.0
69250,10,0.0,0,0.0
69251,10,0.0,0,0.0
69252,10,0.0,0,0.0
69253,10,0.0,0,0.0
69254,10,0.0,0,0.0
69255,10,0.0,0,0.0
69256,10,0.0,0,0.0
69257,10,0.0,0,0.0
69258,10,0.0,0,0.0
69259,8,0.15,0,0.9448
69260,8,0.31,0,0.9448
69262,10,0.0,0,0.0
69263,10,0.28,0,0.027
69264,10,0.95,0,0.1163
69265,10,0.0,0,0.0
69266,10,0.0,0,0.0
69267,10,0.0,0,0.0
69268,10,0.0,0,0.0
69269,10,0.0,0,0.0
69270,10,0.0,0,0.0
69271,10,0.0,0,0.0
69272,10,0.0,0,0.0
69273,10,0.0,0,0.0
69274,10,0.0,0,0.0
69275,10,0.0,0,0.0
69276,10,0.0,0,0.0
69277,10,0.0,0,0.0
69278,10,0.0,0,0.0
69279,10,0.0,0,0.0
69280,10,0.0,0,0.0
69281,10,0.0,0,0.0
69282,10,0.0,0,0.0
69283,10,0.0,0,0.0
69285,10,0.0,0,0.0
69286,10,0.0,0,0.0
69288,10,0.41,0,0.3747
69289,10,0.79,0,0.1669
69290,10,0.0,0,0.0
69291,10,0.0,0,0.0
69292,10,0.0,0,0.0
69295,10,0.0,0,0.0
69296,10,0.0,0,0.0
69312,10,0.0,0,0.0
69313,10,0.0,0,0.0
69325,10,0.0,0,0.0
69326,10,0.0,0,0.0
69327,10,0.02,0,0.0685
69328,10,2.37,0,0.2456
69329,10,0.0,0,0.0
69335,10,1.24,0,0.2955
69336,10,0.45,0,0.9443
69927,10,0.14,0,0.0195
69928,10,0.0,0,0.0
69929,10,0.0,0,0.0
69930,10,0.0,0,0.0
69931,10,0.0,0,0.0
69932,10,0.0,0,0.0
69933,10,0.0,0,0.0
69934,10,0.0,0,0.0
69935,10,0.0,0,0.0
69936,10,0.0,0,0.0
69937,10,0.0,0,0.0
69938,10,0.0,0,0.0
69939,10,0.0,0,0.0
69940,10,0.06,0,0.1392
69941,10,0.0,0,0.0
69944,10,0.0,0,0.0
69945,10,0.0,0,0.0
69946,10,0.0,0,0.0
69947,10,0.0,0,0.0
69948,10,0.0,0,0.0
69949,10,0.0,0,0.0
69950,10,0.0,0,0.0
69951,10,0.0,0,0.0
69952,10,0.0,0,0.0
69953,10,0.0,0,0.0
69954,10,0.0,0,0.0
69955,10,0.0,0,0.0
69956,10,0.0,0,0.0
69957,10,0.0,0,0.0
69959,10,0.0,0,0.0
69960,10,0.0,0,0.0
69961,10,0.0,0,0.0
69962,10,0.0,0,0.0
69963,10,0.0,0,0.0
69964,10,0.0,0,0.0
69965,10,0.0,0,0.0
69966,10,0.0,0,0.0
69967,10,0.0,0,0.0
69968,10,0.0,0,0.0
69969,10,0.0,0,0.0
69970,10,0.0,0,0.0
69971,10,0.0,0,0.0
69972,10,1.03,0,0.2194
69973,10,3.9,0,0.1778
69974,10,0.0,0,0.0
69975,10,0.0,0,0.0
69976,10,0.0,0,0.0
69977,10,0.0,0,0.0
69978,10,0.0,0,0.0
69979,10,0.0,0,0.0
69980,10,0.0,0,0.0
69997,10,0.0,0,0.0
70008,10,0.0,0,0.0
70009,10,0.0,0,0.0
70010,10,0.0,0,0.0
70011,10,0.0,0,0.0
70014,10,0.0,0,0.0
70015,10,2.42,0,0.2507
70016,10,0.71,0,0.1276
70017,10,0.0,0,0.0
70018,10,0.0,0,0.0
70019,10,0.0,0,0.0
70020,10,0.0,0,0.0004
70021,10,0.0,0,0.0
70611,10,0.32,0,0.0363
70612,10,0.0,0,0.0
70613,10,0.0,0,0.0
70614,10,0.0,0,0.0
70615,10,0.0,0,0.0
70616,10,0.0,0,0.0
70617,10,0.0,0,0.0
70618,10,0.0,0,0.0
70619,10,0.0,0,0.0
70620,10,0.0,0,0.0
70621,10,0.0,0,0.0
70622,10,0.0,0,0.0
70623,10,0.75,0,0.5233
70624,10,0.64,0,0.2529
70625,10,0.01,0,0.0116
70626,10,0.0,0,0.0
70627,10,0.0,0,0.0
70628,10,0.0,0,0.0
70629,10,0.0,0,0.0
70630,10,0.0,0,0.0
70631,10,0.0,0,0.0
70632,10,0.0,0,0.0
70633,10,0.0,0,0.0
70634,10,0.0,0,0.0
70635,10,0.0,0,0.0
70636,10,0.0,0,0.0
70637,10,0.0,0,0.0
70638,10,0.0,0,0.0
70639,10,0.0,0,0.0
70640,10,0.0,0,0.0
70641,10,0.0,0,0.0
70642,10,0.0,0,0.0
70643,10,0.0,0,0.0
70644,10,0.0,0,0.0
70645,10,0.0,0,0.0
70646,10,0.0,0,0.0
70647,10,0.0,0,0.0
70648,10,0.0,0,0.0
70649,10,0.0,0,0.0
70650,10,0.0,0,0.0
70651,10,0.0,0,0.0
70652,10,0.0,0,0.0
70653,10,0.0,0,0.0
70654,10,0.0,0,0.0
70655,10,0.0,0,0.0
70656,10,0.0,0,0.0
70657,10,0.0,0,0.0
70658,10,0.0,0,0.0
70659,10,0.0,0,0.0
70660,10,0.0,0,0.0
70661,10,0.0,0,0.0
70662,10,0.0,0,0.0
70663,10,0.0,0,0.0
70664,10,0.0,0,0.0
70665,10,0.0,0,0.0
70666,10,0.0,0,0.0
70667,10,0.0,0,0.0
70692,10,0.0,0,0.0
70693,10,0.0,0,0.0
70694,10,0.0,0,0.0
70695,10,0.0,0,0.0
70696,10,0.0,0,0.0
70698,10,0.0,0,0.0
70699,10,0.0,0,0.0
70700,10,0.0,0,0.0
70701,10,0.0,0,0.0
70702,10,0.0,0,0.0
70703,10,0.0,0,0.0
70704,10,1.29,0,0.3479
70705,10,0.0,0,0.0
70706,10,0.0,0,0.0
70707,10,0.0,0,0.0
71294,10,0.0,0,0.0
71295,10,0.0,0,0.0
71296,10,0.0,0,0.0
71297,10,0.0,0,0.0
71298,10,0.0,0,0.0
71299,10,0.0,0,0.0
71300,10,0.0,0,0.0
71301,10,0.0,0,0.0
71302,10,0.0,0,0.0
71303,10,0.0,0,0.0
71304,10,0.0,0,0.0
71305,10,0.0,0,0.0
71306,10,0.0,0,0.0
71307,10,0.83,0,0.2261
71308,10,0.84,0,0.5208
71309,10,0.0,0,0.1135
71310,10,0.0,0,0.0
71311,10,0.0,0,0.0
71312,10,0.0,0,0.0
71313,10,0.02,0,0.0202
71314,10,0.06,0,0.0092
71315,10,0.0,0,0.0
71316,10,0.0,0,0.0
71317,10,0.0,0,0.0
71318,10,0.0,0,0.0
71319,10,0.0,0,0.0
71320,10,0.0,0,0.0
71321,10,0.0,0,0.0
71322,10,0.0,0,0.0
71323,10,0.0,0,0.0
71324,10,0.0,0,0.0
71325,10,0.0,0,0.0
71326,10,0.0,0,0.0
71327,10,0.0,0,0.0
71328,10,0.0,0,0.0
71329,10,0.0,0,0.0
71330,10,0.0,0,0.0
71331,10,0.0,0,0.0
71332,10,0.0,0,0.0
71333,10,0.0,0,0.0
71334,10,0.0,0,0.0
71335,10,0.0,0,0.0
71337,10,0.0,0,0.0
71338,10,0.0,0,0.0
71339,10,0.0,0,0.0
71340,10,0.0,0,0.0
71341,10,0.0,0,0.0
71342,10,0.0,0,0.0
71343,10,0.0,0,0.0
71344,10,0.0,0,0.0
71345,10,0.0,0,0.0
71346,10,0.0,0,0.0
71347,10,0.0,0,0.0
71348,10,0.0,0,0.0
71349,10,0.0,0,0.0
71350,10,0.0,0,0.0
71351,10,0.0,0,0.0
71352,10,0.0,0,0.0
71353,10,0.0,0,0.0
71362,10,0.0,0,0.0
71363,10,0.0,0,0.0
71365,10,0.0,0,0.0
71368,10,0.0,0,0.0
71369,10,0.0,0,0.0
71375,10,0.0,0,0.0
71376,10,0.0,0,0.0
71377,10,0.0,0,0.0
71378,10,0.0,0,0.0
71379,10,0.0,0,0.0
71380,10,0.0,0,0.0
71381,10,0.0,0,0.0
71382,10,0.0,0,0.0
71383,10,2.03,0,0.3058
71384,10,0.41,0,0.6434
71385,10,0.0,0,0.0
71386,10,0.0,0,0.0
71387,10,0.0,0,0.0
71388,10,0.0,0,0.0
71389,10,0.0,0,0.0
71390,10,0.0,0,0.0
71391,10,0.0,0,0.0
71393,10,0.0,0,0.0
71977,10,6.87,0,0.3695
71978,10,0.0,0,0.0
71979,10,0.0,0,0.0
71980,10,0.0,0,0.0
71981,10,0.0,0,0.0
71982,10,0.0,0,0.0
71983,10,0.0,0,0.0
71984,10,0.0,0,0.0
71985,10,0.0,0,0.0
71986,10,0.0,0,0.0
71987,10,0.0,0,0.0
71988,10,0.0,0,0.0
71989,10,0.0,0,0.0
71990,10,0.0,0,0.0
71991,10,0.01,0,0.0043
71992,10,0.05,0,0.5123
71993,10,0.13,0,0.4695
71994,10,0.0,0,0.0035
71995,10,0.0,0,0.0
71996,10,0.87,0,0.3651
71997,10,4.77,0,0.6913
71998,8,9.34,0,0.9068
71999,10,0.81,0,0.4704
72000,10,0.0,0,0.0
72001,10,0.0,0,0.0
72002,10,0.0,0,0.0
72003,10,0.0,0,0.0
72004,10,0.0,0,0.0
72005,10,0.0,0,0.0
72006,10,0.0,0,0.0
72007,10,0.0,0,0.0
72008,10,0.0,0,0.0
72009,10,0.0,0,0.0
72010,10,0.0,0,0.0
72011,10,0.0,0,0.0
72012,10,0.0,0,0.0
72013,10,0.0,0,0.0
72014,10,0.0,0,0.0
72015,10,0.0,0,0.0
72016,10,0.0,0,0.0
72017,10,0.0,0,0.0
72018,10,0.0,0,0.0
72019,10,0.0,0,0.0
72021,10,0.0,0,0.0
72022,10,0.0,0,0.0
72023,10,0.0,0,0.0
72024,10,0.0,0,0.0
72025,10,0.0,0,0.0
72026,10,0.0,0,0.0
72027,10,0.0,0,0.0
72028,10,0.0,0,0.0
72029,10,0.0,0,0.0
72030,10,0.0,0,0.0
72031,10,0.0,0,0.0
72032,10,0.0,0,0.0
72033,10,0.0,0,0.0
72034,10,0.0,0,0.0
72035,10,0.0,0,0.0
72036,10,1.54,0,0.6967
72037,10,2.57,0,0.6183
72038,10,0.0,0,0.0
72046,10,0.0,0,0.0
72047,10,0.0,0,0.0
72051,10,0.0,0,0.0
72052,10,0.0,0,0.0
72053,10,0.37,0,0.0629
72054,10,0.08,0,0.9443
72058,10,0.0,0,0.0
72059,10,1.6,0,0.3898
72060,10,4.21,0,0.2422
72061,10,0.0,0,0.0
72062,10,0.0,0,0.0
72063,10,0.0,0,0.0
72064,10,13.01,0,0.6812
72065,10,0.0,0,0.0
72066,10,0.0,0,0.0
72067,10,2.18,0,0.19
72068,10,0.33,0,0.1351
72069,10,0.0,0,0.0
72070,10,0.0,0,0.0
72071,10,0.0,0,0.0
72072,10,0.0,0,0.0
72073,10,0.44,0,0.0739
72074,10,2.66,0,0.2251
72075,10,0.0,0,0.0
72661,10,4.36,0,0.1975
72662,10,0.0,0,0.0
72663,10,0.0,0,0.0
72664,10,0.0,0,0.0
72665,10,0.0,0,0.0
72666,10,0.0,0,0.0
72667,10,0.0,0,0.0
72668,10,0.0,0,0.0
72669,10,0.0,0,0.0
72670,10,0.0,0,0.0
72671,10,0.0,0,0.0
72672,10,0.0,0,0.0
72673,10,0.0,0,0.0
72674,10,0.0,0,0.0
72675,10,0.0,0,0.0
72676,10,1.17,0,0.4353
72677,10,0.02,0,0.1259
72678,10,0.0,0,0.0
72679,10,0.87,0,0.6807
72680,10,1.58,0,0.35
72681,8,18.14,0,0.8098
72682,10,10.45,0,0.6733
72683,8,4.43,0,0.9054
72684,8,0.26,0,0.9449
72685,10,0.37,0,0.2455
72686,10,0.0,0,0.0
72687,10,0.0,0,0.0
72688,10,0.0,0,0.0
72689,10,0.0,0,0.0
72690,10,0.0,0,0.0
72691,10,0.0,0,0.0
72692,10,0.0,0,0.0
72693,10,0.0,0,0.0
72694,10,0.0,0,0.0
72695,10,0.0,0,0.0
72696,10,0.0,0,0.0
72697,10,0.0,0,0.0
72698,10,0.0,0,0.0
72699,10,0.0,0,0.0
72700,10,0.0,0,0.0
72701,10,0.0,0,0.0
72702,10,0.0,0,0.0
72703,10,0.0,0,0.0
72705,10,0.0,0,0.0
72706,10,0.0,0,0.0
72707,10,0.0,0,0.0
72708,10,0.0,0,0.0
72709,10,0.0,0,0.0
72710,10,0.0,0,0.0
72711,10,0.0,0,0.0
72712,10,0.0,0,0.0
72713,10,0.0,0,0.0
72714,10,0.0,0,0.0
72715,10,0.0,0,0.0
72716,10,0.0,0,0.0
72717,10,0.0,0,0.0
72718,10,0.0,0,0.0
72719,10,0.0,0,0.0
72720,9,1.54,0,0.9445
72721,10,0.04,0,0.2007
72722,10,0.0,0,0.0
72723,10,0.0,0,0.0
72727,10,0.0,0,0.0
72728,10,0.0,0,0.0
72729,10,0.0,0,0.0
72732,10,0.0,0,0.0
72734,10,0.0,0,0.0
72735,10,0.24,0,0.4288
72737,10,0.57,0,0.1662
72738,10,0.33,0,0.7439
72742,10,0.03,0,0.0325
72743,10,2.71,0,0.4131
72744,10,7.14,0,0.5292
72745,10,2.34,0,0.1482
72746,10,0.0,0,0.0
72747,10,0.0,0,0.0
72748,10,16.39,0,0.5927
72749,10,0.0,0,0.0
72750,10,0.0,0,0.0
72751,10,0.0,0,0.0
72752,10,0.0,0,0.0
72753,10,0.0,0,0.0
72754,10,0.0,0,0.0
72755,10,0.0,0,0.0
72756,10,0.0,0,0.0
72757,10,6.86,0,0.4916
72758,9,7.99,0,0.9448
72759,10,0.0,0,0.0
73344,10,2.9,0,0.1696
73345,10,0.0,0,0.0
73346,10,0.0,0,0.0
73347,10,0.0,0,0.0
73348,10,0.0,0,0.0
73349,10,0.0,0,0.0
73350,10,0.0,0,0.0
73351,10,0.0,0,0.0
73352,10,0.0,0,0.0
73353,10,0.0,0,0.0
73354,10,0.0,0,0.0
73355,10,0.0,0,0.0
73356,10,0.0,0,0.0
73357,10,0.0,0,0.0
73358,10,0.0,0,0.0
73359,10,0.0,0,0.0
73360,10,0.99,0,0.4192
73361,8,1.07,0,0.8906
73362,10,0.63,0,0.1379
73363,10,2.67,0,0.3638
73364,10,9.83,0,0.4848
73365,7,24.97,0,0.945
73366,10,12.09,0,0.5906
73367,10,1.2,0,0.2918
73368,10,0.14,0,0.1397
73369,7,1.88,0,0.9426
73371,8,1.42,0,0.9449
73372,10,0.0,0,0.0
73373,10,0.0,0,0.0
73374,10,0.0,0,0.0
73375,10,0.0,0,0.0
73376,10,0.0,0,0.0
73377,10,0.0,0,0.0
73378,10,0.0,0,0.0
73379,10,0.0,0,0.0
73380,10,0.0,0,0.0
73381,10,0.0,0,0.0
73383,10,0.0,0,0.0
73384,10,0.0,0,0.0
73386,10,0.0,0,0.0
73387,10,0.0,0,0.0
73388,10,0.0,0,0.0
73389,10,0.0,0,0.0
73390,10,0.0,0,0.0
73391,10,0.0,0,0.0
73392,10,0.0,0,0.0
73393,10,0.0,0,0.0
73394,10,4.95,0,0.1575
73395,10,0.0,0,0.0
73396,10,0.0,0,0.0
73397,10,0.0,0,0.0
73398,10,0.0,0,0.0
73399,10,0.0,0,0.0
73400,10,0.0,0,0.0
73401,10,0.0,0,0.0
73402,10,0.0,0,0.0
73403,10,0.0,0,0.0
73404,9,3.06,0,0.9434
73405,10,1.99,0,0.4182
73414,10,0.0,0,0.0
73415,10,0.0,0,0.0
73417,10,0.0,0,0.0
73418,10,0.0,0,0.0
73419,10,0.06,0,0.0663
73420,10,0.0,0,0.0
73421,10,0.0,0,0.0
73422,10,0.0,0,0.0
73423,10,0.0,0,0.0
73424,10,0.0,0,0.0
73425,10,0.0,0,0.0
73426,10,0.01,0,0.0011
73427,10,1.53,0,0.1599
73428,10,0.0,0,0.0
73429,10,3.58,0,0.2903
73430,10,4.33,0,0.3116
73431,10,0.0,0,0.0
73432,10,0.04,0,0.0019
73433,10,0.0,0,0.0
73434,10,0.61,0,0.1443
73435,10,11.94,0,0.4164
73436,10,0.1,0,0.5354
73437,10,0.0,0,0.0
73438,10,0.0,0,0.0
73439,10,0.33,0,0.2159
73440,10,2.7,0,0.4894
73441,10,0.3,0,0.2464
74027,9,9.52,0,0.8093
74028,10,1.01,0,0.0551
74029,10,6.17,0,0.2815
74030,10,1.72,0,0.1048
74031,10,0.0,0,0.0
74032,10,0.0,0,0.0
74033,10,0.0,0,0.0
74034,10,0.0,0,0.0
74035,10,0.0,0,0.0
74036,10,0.0,0,0.0
74037,10,0.0,0,0.0
74038,10,0.0,0,0.0
74039,10,0.0,0,0.0
74040,10,0.0,0,0.0
74041,10,0.0,0,0.0
74042,10,0.59,0,0.248
74043,8,1.8,0,0.9319
74044,8,3.45,0,0.8218
74045,8,0.31,0,0.7843
74046,10,0.43,0,0.3936
74047,8,7.85,0,0.8642
74048,8,12.54,0,0.9392
74049,10,8.32,0,0.6639
74050,8,7.69,0,0.8504
74051,7,0.33,0,0.9145
74052,10,0.0,0,0.0018
74053,10,1.2,0,0.535
74054,10,0.32,0,0.4109
74055,10,0.69,0,0.4223
74056,10,0.07,0,0.0521
74057,10,0.0,0,0.0
74058,10,0.0,0,0.0
74059,10,0.0,0,0.0
74060,10,0.0,0,0.0
74061,10,0.0,0,0.0
74062,10,0.0,0,0.0
74063,10,0.0,0,0.0
74064,10,0.0,0,0.0
74065,10,0.0,0,0.0
74066,10,0.0,0,0.0
74067,10,0.0,0,0.0
74068,10,0.0,0,0.0
74069,10,0.0,0,0.0
74070,10,0.0,0,0.0
74071,10,0.0,0,0.0
74072,10,0.0,0,0.0
74073,10,0.0,0,0.0
74074,10,0.0,0,0.0
74075,10,0.0,0,0.0
74076,10,0.0,0,0.0
74077,10,0.0,0,0.0
74078,9,21.47,0,0.8699
74079,10,0.0,0,0.0
74080,10,0.0,0,0.0
74081,10,0.0,0,0.0
74082,10,0.0,0,0.0
74083,10,0.0,0,0.0
74084,10,0.0,0,0.0
74085,10,0.0,0,0.0
74086,10,0.0,0,0.0
74087,10,0.0,0,0.0
74088,10,5.77,0,0.6934
74089,10,1.74,0,0.3452
74091,10,0.14,0,0.9444
74093,10,0.55,0,0.8451
74094,10,0.01,0,0.9444
74096,10,0.0,0,0.0
74098,10,0.0,0,0.0
74101,10,0.0,0,0.0
74102,10,0.69,0,0.4786
74103,10,0.03,0,0.1138
74105,10,0.0,0,0.0
74106,10,0.0,0,0.0
74107,10,0.0,0,0.0
74108,10,0.0,0,0.0
74109,10,0.0,0,0.0
74110,10,0.0,0,0.0
74111,10,0.0,0,0.0
74112,10,0.0,0,0.0
74113,10,0.0,0,0.0
74114,10,1.78,0,0.0992
74115,10,0.0,0,0.0
74116,10,0.0,0,0.0
74117,10,0.0,0,0.0
74118,8,0.48,0,0.9449
74119,8,21.37,0,0.9355
74121,10,0.0,0,0.0
74122,10,0.0,0,0.0
74123,10,0.0,0,0.0
74124,10,0.57,0,0.4215
74125,8,0.47,0,0.9449
74126,10,0.05,0,0.3079
74712,10,0.45,0,0.2582
74713,8,4.66,0,0.8857
74714,10,1.45,0,0.2563
74715,10,0.0,0,0.0
74716,10,0.0,0,0.0
74717,10,0.0,0,0.0
74718,10,0.0,0,0.0
74719,10,0.0,0,0.0
74720,10,0.0,0,0.0
74721,10,0.0,0,0.0
74722,10,0.0,0,0.0
74723,10,0.0,0,0.0
74724,10,0.0,0,0.0
74725,10,0.0,0,0.0
74726,10,0.0,0,0.0
74727,10,0.0,0,0.0
74728,6,0.81,0,0.945
74729,8,0.0,0,0.9449
74730,7,3.58,0,0.945
74731,9,4.3,0,0.7197
74732,10,0.0,0,0.0
74733,10,0.0,0,0.0
74734,10,3.94,0,0.4917
74735,9,3.93,0,0.732
74736,9,2.56,0,0.8512
74737,10,0.36,0,0.1025
74738,10,4.19,0,0.6643
74739,10,1.02,0,0.6602
74740,10,0.02,0,0.0335
74741,10,0.0,0,0.0
74742,10,0.0,0,0.0
74743,10,0.0,0,0.0
74744,10,0.0,0,0.0
74745,10,0.0,0,0.0
74746,10,0.26,0,0.1581
74747,10,0.0,0,0.0
74748,10,0.0,0,0.0
74749,10,0.0,0,0.0
74750,10,0.0,0,0.0
74751,10,0.0,0,0.0
74752,10,0.0,0,0.0
74753,10,0.0,0,0.0
74754,10,0.0,0,0.0
74755,10,0.0,0,0.0
74756,10,0.0,0,0.0
74757,10,0.0,0,0.0
74758,10,0.0,0,0.0
74759,10,0.0,0,0.0
74760,10,0.0,0,0.0
74761,10,1.31,0,0.7234
74762,9,11.93,0,0.8142
74763,10,1.21,0,0.0929
74764,10,0.0,0,0.0
74765,10,0.0,0,0.0
74766,10,0.0,0,0.0
74767,10,0.0,0,0.0
74768,10,0.0,0,0.0
74769,10,0.0,0,0.0
74770,10,0.0,0,0.0
74771,10,0.0,0,0.0
74772,10,0.0,0,0.0
74773,10,0.0,0,0.0
74774,10,0.0,0,0.0
74775,10,1.02,0,0.3886
74777,10,0.0,0,0.0
74778,10,0.3,0,0.2014
74779,10,0.0,0,0.0
74783,10,0.0,0,0.0
74784,10,0.38,0,0.3988
74785,10,3.82,0,0.7869
74786,10,0.12,0,0.1576
74787,10,1.73,0,0.5404
74789,10,0.0,0,0.0
74790,10,0.44,0,0.0341
74791,10,3.5,0,0.4612
74792,10,0.0,0,0.0
74793,10,0.0,0,0.0
74794,10,0.0,0,0.0
74795,10,0.0,0,0.0
74796,10,0.0,0,0.0
74797,10,0.0,0,0.0
74798,10,0.0,0,0.0
74799,10,0.0,0,0.0
74800,10,0.0,0,0.0
74802,10,0.0,0,0.0
74803,10,2.5,0,0.6667
74805,10,0.0,0,0.0
74809,8,0.09,0,0.9449
74810,10,0.11,0,0.3575
74814,10,0.0,0,0.0
74815,10,0.0,0,0.0
75396,10,3.2,0,0.327
75397,10,0.0,0,0.0
75398,10,0.0,0,0.0
75399,10,0.0,0,0.0
75400,10,0.0,0,0.0
75401,10,0.0,0,0.0
75402,10,0.0,0,0.0
75403,10,0.0,0,0.0
75404,10,0.0,0,0.0
75405,10,0.0,0,0.0
75406,10,0.0,0,0.0
75407,10,0.0,0,0.0
75408,10,0.0,0,0.0
75409,10,0.0,0,0.0
75411,7,0.56,0,0.9408
75412,8,3.86,0,0.8792
75413,7,6.6,0,0.945
75414,7,19.89,0,0.945
75415,9,4.82,0,0.7244
75416,10,0.0,0,0.0
75417,10,0.56,0,0.1586
75418,10,2.42,0,0.2925
75419,10,4.14,0,0.4403
75420,9,8.67,0,0.7878
75421,9,7.0,0,0.7991
75422,10,2.13,0,0.2742
75423,9,11.47,0,0.7897
75424,9,4.19,0,0.7926
75425,10,0.0,0,0.0
75426,10,0.0,0,0.0
75427,10,0.0,0,0.0
75428,10,0.03,0,0.028
75429,10,0.0,0,0.0
75430,10,1.84,0,0.1532
75431,10,2.37,0,0.3084
75432,10,0.0,0,0.0
75433,10,0.0,0,0.0
75434,10,0.0,0,0.0
75435,10,0.0,0,0.0
75436,10,0.0,0,0.0
75437,10,0.0,0,0.0
75438,10,0.0,0,0.0
75439,10,0.0,0,0.0
75440,10,0.0,0,0.0
75441,10,0.0,0,0.0
75442,10,0.0,0,0.0
75443,10,0.0,0,0.0
75444,10,1.45,0,0.1735
75445,10,13.11,0,0.7116
75446,10,6.56,0,0.4803
75447,10,4.51,0,0.4376
75448,10,0.0,0,0.0
75449,10,0.0,0,0.0
75450,10,0.0,0,0.0
75451,10,0.0,0,0.0
75452,10,0.0,0,0.0
75453,10,0.0,0,0.0
75454,10,0.0,0,0.0
75455,10,0.0,0,0.0
75456,10,0.0,0,0.0
75457,10,0.0,0,0.0
75458,10,0.0,0,0.0
75459,10,0.0,0,0.0
75461,10,0.0,0,0.0
75462,10,0.77,0,0.4807
75463,10,0.07,0,0.1271
75464,10,0.0,0,0.0
75465,10,0.0,0,0.0
75466,10,0.0,0,0.0
75468,10,0.12,0,0.0827
75469,10,5.26,0,0.6799
75470,10,0.0,0,0.0
75471,10,0.78,0,0.2002
75472,10,0.13,0,0.136
75474,10,0.0,0,0.0
75475,10,0.99,0,0.1928
75476,10,0.1,0,0.0768
75477,10,0.0,0,0.0
75478,10,0.0,0,0.0
75479,10,0.0,0,0.0
75480,10,0.0,0,0.0
75481,10,0.0,0,0.0
75482,10,0.56,0,0.1339
75483,10,3.05,0,0.4043
75484,10,0.0,0,0.0
75485,10,0.0,0,0.0
75486,8,0.14,0,0.9449
75487,9,3.42,0,0.8277
75488,10,0.27,0,0.1044
75489,10,0.0,0,0.0
75490,10,0.71,0,0.3292
75498,10,0.0,0,0.0
75499,10,0.0,0,0.0
75500,10,0.0,0,0.0
75503,10,0.0,0,0.0
76079,10,10.34,0,0.7037
76080,8,12.1,0,0.8642
76081,10,0.0,0,0.0
76082,10,0.0,0,0.0
76085,10,0.0,0,0.0
76086,10,0.0,0,0.0
76087,10,0.0,0,0.0
76088,10,0.0,0,0.0
76089,10,0.0,0,0.0
76090,10,0.0,0,0.0
76091,10,0.0,0,0.0
76092,10,0.0,0,0.0
76093,10,0.0,0,0.0
76094,10,0.21,0,0.7366
76097,8,10.01,0,0.945
76098,9,19.2,0,0.783
76099,10,2.98,0,0.2383
76100,10,0.14,0,0.1655
76101,10,1.62,0,0.1987
76102,10,0.99,0,0.1296
76103,10,5.27,0,0.3189
76104,7,6.16,0,0.945
76105,8,12.91,0,0.9449
76106,8,8.7,0,0.9449
76107,8,19.65,0,0.9449
76108,8,10.42,0,0.9449
76109,8,0.56,0,0.9346
76110,10,0.0,0,0.0
76111,10,0.0,0,0.0
76112,10,0.0,0,0.0
76113,10,0.0,0,0.0
76114,10,0.0,0,0.0
76115,10,0.0,0,0.0
76116,10,0.0,0,0.0
76117,10,0.0,0,0.0
76118,10,0.52,0,0.1218
76119,10,0.0,0,0.0
76120,10,0.03,0,0.0069
76121,10,2.69,0,0.3966
76122,10,0.0,0,0.0
76123,10,0.0,0,0.0
76124,10,0.27,0,0.0562
76125,10,0.0,0,0.0
76126,10,2.36,0,0.4798
76127,10,0.0,0,0.0
76128,10,1.72,0,0.1486
76129,9,11.55,0,0.8775
76130,10,1.84,0,0.1227
76131,10,1.22,0,0.0808
76132,10,0.0,0,0.0
76133,10,4.04,0,0.4197
76134,10,1.2,0,0.1132
76135,10,0.0,0,0.0
76136,10,0.0,0,0.0
76137,10,1.82,0,0.2261
76138,10,0.0,0,0.0
76139,10,0.0,0,0.0
76140,10,0.0,0,0.0
76141,10,0.24,0,0.2071
76142,9,0.09,0,0.9446
76143,10,0.29,0,0.2218
76144,10,0.0,0,0.0
76145,10,0.0,0,0.0
76147,9,1.07,0,0.8991
76148,10,0.22,0,0.284
76149,10,0.0,0,0.0
76150,10,0.0,0,0.0
76151,10,0.0,0,0.0
76152,10,0.0,0,0.0
76153,10,0.79,0,0.5089
76154,10,0.0,0,0.0
76155,10,0.0,0,0.0
76156,10,0.0,0,0.0
76157,10,0.0,0,0.0
76159,10,0.42,0,0.1365
76160,10,0.96,0,0.294
76161,10,0.0,0,0.0
76162,10,0.0,0,0.0
76163,10,0.0,0,0.0
76164,10,0.0,0,0.0
76165,10,0.0,0,0.0
76166,10,0.44,0,0.1233
76167,10,4.86,0,0.7942
76168,10,5.03,0,0.6242
76169,9,2.13,0,0.7931
76170,9,0.0,0,0.9042
76171,10,0.0,0,0.0396
76172,10,0.0,0,0.0
76173,10,1.96,0,0.4401
76174,8,8.12,0,0.8627
76183,10,0.0,0,0.0
76184,10,0.0,0,0.0
76187,10,0.0,0,0.0
76763,9,13.75,0,0.78
76764,8,2.36,0,0.8837
76765,10,0.0,0,0.0
76766,10,0.0,0,0.0
76767,10,0.0,0,0.0
76768,10,0.0,0,0.0
76769,10,0.0,0,0.0
76770,10,0.0,0,0.0
76771,10,0.0,0,0.0
76772,10,0.0,0,0.0
76773,10,0.0,0,0.0
76774,10,0.0,0,0.0
76775,10,0.0,0,0.0
76776,10,0.0,0,0.0
76777,10,0.0,0,0.0
76778,9,0.01,0,0.7336
76781,10,5.43,0,0.4826
76782,10,9.26,0,0.5656
76783,7,5.7,0,0.9375
76784,10,0.16,0,0.162
76785,10,0.27,0,0.0702
76786,10,0.08,0,0.011
76787,10,5.87,0,0.4939
76788,8,5.77,0,0.9286
76789,9,5.32,0,0.7816
76790,8,5.14,0,0.8556
76791,9,8.26,0,0.7918
76792,8,19.2,0,0.9449
76793,10,2.15,0,0.576
76794,10,0.0,0,0.0
76795,10,0.0,0,0.0
76796,10,0.0,0,0.0
76797,10,0.0,0,0.0
76798,10,0.0,0,0.0
76799,10,0.0,0,0.0
76800,10,0.0,0,0.0
76801,10,0.0,0,0.0
76802,10,0.0,0,0.0
76803,10,0.0,0,0.0
76804,10,1.34,0,0.149
76805,9,7.26,0,0.8736
76806,10,0.0,0,0.0
76807,10,1.19,0,0.2471
76808,10,1.08,0,0.6552
76809,10,0.0,0,0.0
76810,10,0.0,0,0.0
76811,10,0.0,0,0.0
76812,10,0.0,0,0.0
76813,10,0.0,0,0.0
76814,10,0.0,0,0.0
76815,10,3.53,0,0.462
76816,10,0.19,0,0.0694
76817,9,8.48,0,0.9443
76818,10,2.22,0,0.3176
76819,10,0.0,0,0.0
76820,10,0.05,0,0.0021
76821,10,11.63,0,0.3589
76822,10,0.0,0,0.0
76823,10,0.0,0,0.0
76824,10,0.0,0,0.0
76825,10,0.0,0,0.0014
76826,10,0.61,0,0.6472
76827,10,0.35,0,0.3351
76828,10,0.0,0,0.0
76829,10,0.03,0,0.7146
76831,9,0.61,0,0.9238
76832,10,0.27,0,0.3692
76833,10,0.0,0,0.0
76834,10,0.0,0,0.0
76835,10,0.0,0,0.0
76836,10,0.0,0,0.0
76837,10,0.0,0,0.0
76838,10,0.0,0,0.0
76839,10,0.0,0,0.0
76840,10,0.0,0,0.0
76841,10,1.81,0,0.4047
76842,10,0.16,0,0.233
76843,10,0.0,0,0.0
76844,10,1.44,0,0.3786
76845,10,0.0,0,0.0017
76847,9,2.86,0,0.9433
76848,10,0.01,0,0.2885
76849,10,0.0,0,0.0
76850,10,0.0,0,0.0
76851,10,0.0,0,0.0
76852,10,0.0,0,0.0
76853,10,0.0,0,0.0
76854,10,0.26,0,0.1724
76855,10,0.19,0,0.4301
76856,10,0.0,0,0.0
76857,10,0.19,0,0.051
76858,10,4.27,0,0.3765
76868,10,0.0,0,0.0
76869,10,0.0,0,0.0
76871,10,0.0,0,0.0
77447,10,5.62,0,0.4044
77448,10,0.18,0,0.3674
77449,10,0.0,0,0.0
77451,10,0.0,0,0.0
77452,10,0.0,0,0.0
77453,10,0.0,0,0.0
77454,10,0.0,0,0.0
77455,10,0.0,0,0.0
77456,10,0.0,0,0.0
77457,10,0.0,0,0.0
77458,10,0.0,0,0.0
77459,10,0.0,0,0.0
77460,10,0.0,0,0.0
77461,10,0.0,0,0.0
77462,10,0.0,0,0.0
77463,7,0.19,0,0.945
77464,7,9.62,0,0.8616
77465,10,4.74,0,0.3873
77466,10,0.2,0,0.0888
77467,10,3.34,0,0.5374
77468,10,0.0,0,0.0
77469,10,0.0,0,0.0
77470,10,0.0,0,0.0
77471,10,0.0,0,0.0
77472,10,0.26,0,0.0698
77473,10,3.26,0,0.5015
77474,9,5.03,0,0.8125
77475,10,0.22,0,0.5568
77476,10,0.14,0,0.6217
77477,10,0.01,0,0.0018
77478,10,2.21,0,0.3402
77479,10,2.32,0,0.3305
77480,10,0.0,0,0.0
77481,10,0.0,0,0.0
77482,10,0.85,0,0.2146
77483,10,1.29,0,0.5768
77484,10,0.0,0,0.0
77485,10,0.0,0,0.0
77486,10,0.0,0,0.0
77487,10,0.0,0,0.0
77488,10,2.5,0,0.2576
77489,10,5.79,0,0.5627
77490,10,0.0,0,0.0
77491,10,0.0,0,0.0
77492,10,0.0,0,0.0
77493,10,0.0,0,0.0
77494,10,0.0,0,0.0
77495,10,0.0,0,0.0
77496,10,0.0,0,0.0
77497,10,0.0,0,0.0
77498,10,0.21,0,0.1534
77499,10,2.36,0,0.4246
77500,10,0.17,0,0.0408
77501,9,3.32,0,0.8294
77502,9,6.74,0,0.8309
77503,10,3.2,0,0.4503
77504,10,0.74,0,0.0418
77505,10,0.0,0,0.0
77506,10,0.0,0,0.0
77507,10,0.0,0,0.0
77508,10,0.0,0,0.0
77509,10,0.0,0,0.0
77510,10,0.0,0,0.0
77515,8,0.15,0,0.9449
77516,8,5.16,0,0.9448
77518,10,0.0,0,0.0
77519,10,0.0,0,0.0
77520,10,0.0,0,0.0
77521,10,0.0,0,0.0
77522,10,0.0,0,0.0
77524,10,0.0,0,0.0
77525,10,0.37,0,0.2245
77526,9,3.12,0,0.7997
77527,10,0.0,0,0.0
77528,10,0.82,0,0.5201
77529,10,0.03,0,0.0366
77530,10,0.0,0,0.0
77531,10,0.92,0,0.4604
77532,10,0.0,0,0.0
77533,10,0.0,0,0.0
77534,10,0.0,0,0.0
77535,10,0.0,0,0.0
77536,10,2.73,0,0.5303
77537,10,2.7,0,0.2706
77538,10,0.0,0,0.0
77539,10,0.0,0,0.0
77540,10,0.58,0,0.0692
77541,10,0.86,0,0.1713
77542,10,0.0,0,0.0
77552,10,0.0,0,0.0
77553,10,0.0,0,0.0
78131,10,5.66,0,0.5123
78132,10,0.09,0,0.0213
78133,10,0.0,0,0.0
78135,10,0.0,0,0.0
78136,10,0.0,0,0.0
78137,10,0.0,0,0.0
78138,10,0.0,0,0.0
78139,10,0.0,0,0.0
78140,10,0.0,0,0.0
78141,10,0.0,0,0.0
78142,10,0.0,0,0.0
78143,10,0.0,0,0.0
78144,10,0.8,0,0.0647
78145,10,1.47,0,0.2297
78147,10,0.35,0,0.3819
78148,10,5.13,0,0.4588
78149,10,1.36,0,0.141
78150,10,0.0,0,0.0
78151,10,0.0,0,0.0
78152,10,0.0,0,0.0
78153,10,0.0,0,0.0
78154,10,0.0,0,0.0
78155,10,0.0,0,0.0
78156,10,5.16,0,0.441
78157,8,3.55,0,0.9226
78158,8,11.1,0,0.9449
78160,10,0.0,0,0.0
78161,10,0.42,0,0.0778
78162,9,7.41,0,0.8042
78163,10,1.73,0,0.6272
78164,10,0.54,0,0.3123
78165,10,0.94,0,0.4354
78166,10,0.0,0,0.0
78167,10,0.03,0,0.0211
78168,10,0.6,0,0.111
78169,10,0.22,0,0.0668
78170,10,0.39,0,0.0716
78171,10,0.0,0,0.0
78172,10,0.0,0,0.0
78173,10,1.39,0,0.1101
78174,10,0.0,0,0.0
78175,10,0.0,0,0.0
78176,10,0.0,0,0.0
78177,10,0.0,0,0.0
78178,10,0.0,0,0.0
78179,10,0.0,0,0.0
78180,10,0.0,0,0.0
78181,10,0.65,0,0.3121
78182,10,0.32,0,0.2622
78183,10,0.0,0,0.0
78184,10,0.1,0,0.0142
78185,10,4.64,0,0.7803
78186,8,4.77,0,0.9448
78187,8,5.69,0,0.9448
78188,10,4.57,0,0.5624
78189,10,0.2,0,0.0098
78190,10,0.05,0,0.0081
78191,10,0.0,0,0.0
78192,10,0.0,0,0.0
78193,10,0.0,0,0.0
78196,10,0.0,0,0.0
78199,8,0.58,0,0.9449
78200,8,3.81,0,0.9448
78202,8,0.24,0,0.9448
78204,10,0.0,0,0.0
78205,10,0.0,0,0.0
78206,10,0.0,0,0.0
78207,10,0.0,0,0.0
78208,10,0.0,0,0.0
78209,10,0.0,0,0.0
78210,10,0.25,0,0.1985
78211,10,0.0,0,0.0
78212,10,0.0,0,0.0
78213,10,0.0,0,0.0
78214,8,2.22,0,0.9313
78215,9,6.47,0,0.8264
78216,10,0.05,0,0.0078
78217,10,3.33,0,0.2278
78218,10,2.14,0,0.1711
78219,10,0.0,0,0.0
78220,10,3.42,0,0.2506
78221,10,0.63,0,0.0619
78222,10,0.0,0,0.0
78223,10,0.0,0,0.0
78224,10,0.89,0,0.1653
78225,10,0.82,0,0.1009
78815,10,3.42,0,0.3082
78816,10,0.35,0,0.1901
78817,10,0.0,0,0.0
78818,10,0.0,0,0.0
78819,10,0.0,0,0.0
78820,10,0.0,0,0.0
78821,10,0.0,0,0.0
78822,10,0.0,0,0.0
78823,10,0.0,0,0.0
78824,10,0.0,0,0.0
78825,10,0.0,0,0.0
78826,10,0.0,0,0.0
78827,10,0.0,0,0.0
78828,10,0.96,0,0.1018
78829,8,0.83,0,0.9449
78831,8,1.02,0,0.873
78832,8,7.96,0,0.8324
78833,10,2.27,0,0.5373
78834,10,0.0,0,0.0
78835,10,0.0,0,0.0
78836,10,0.0,0,0.0
78837,10,0.0,0,0.0
78838,10,0.0,0,0.0
78839,10,0.0,0,0.0
78840,10,0.59,0,0.1288
78841,8,0.19,0,0.9449
78844,10,0.0,0,0.0
78845,10,3.06,0,0.4412
78846,10,2.5,0,0.7146
78848,10,0.0,0,0.0
78849,10,0.0,0,0.0
78852,10,3.07,0,0.4956
78853,8,1.15,0,0.9188
78854,10,0.0,0,0.0
78855,10,0.0,0,0.0
78856,10,0.0,0,0.0
78857,10,0.0,0,0.0
78858,10,0.0,0,0.0
78859,10,0.0,0,0.0
78860,10,0.0,0,0.0
78861,10,0.34,0,0.0959
78862,10,0.0,0,0.0
78863,10,0.0,0,0.0
78864,10,0.0,0,0.0
78865,10,0.0,0,0.0
78866,10,0.0,0,0.0
78867,10,0.0,0,0.0
78868,10,1.29,0,0.3405
78869,10,4.16,0,0.7335
78870,10,4.25,0,0.7102
78871,8,4.91,0,0.9449
78872,8,7.92,0,0.9449
78873,8,2.96,0,0.9387
78874,10,3.2,0,0.6746
78875,10,0.0,0,0.0
78876,10,0.0,0,0.0001
78877,10,0.0,0,0.0211
78878,10,0.0,0,0.0
78879,10,0.0,0,0.0
78881,10,0.0,0,0.0
78883,10,0.0,0,0.0
78884,8,0.06,0,0.9262
78887,10,0.0,0,0.0
78888,10,0.0,0,0.0
78889,10,0.0,0,0.0
78890,10,0.0,0,0.0
78891,10,0.62,0,0.2316
78892,10,0.0,0,0.0
78893,10,0.0,0,0.0
78894,10,0.0,0,0.0
78895,10,0.0,0,0.0
78896,10,0.0,0,0.0
78897,10,0.0,0,0.0
78898,8,0.95,0,0.8922
78899,7,19.09,0,0.945
78900,10,11.05,0,0.5445
78901,10,0.0,0,0.0
78902,10,0.0,0,0.0
78903,10,0.0,0,0.0
78904,10,0.0,0,0.0
78905,10,0.0,0,0.0
78906,10,0.0,0,0.0
78907,10,0.0,0,0.0
78908,10,0.76,0,0.1401
78909,10,0.01,0,0.001
78918,10,0.0,0,0.0
78919,10,0.0,0,0.0
78920,10,0.0,0,0.0
78921,10,0.0,0,0.0
78922,10,0.0,0,0.0
79499,10,0.81,0,0.0792
79500,10,0.01,0,0.0184
79502,10,0.0,0,0.0
79503,10,0.0,0,0.0
79504,10,0.0,0,0.0
79505,10,0.0,0,0.0
79506,10,0.0,0,0.0
79507,10,0.0,0,0.0
79508,10,0.0,0,0.0
79509,10,0.0,0,0.0
79510,10,0.0,0,0.0
79511,10,0.0,0,0.0
79512,10,0.0,0,0.0
79513,10,0.0,0,0.0
79514,7,2.74,0,0.9442
79515,7,0.48,0,0.945
79516,10,3.57,0,0.4084
79517,9,1.57,0,0.7359
79518,10,1.13,0,0.2255
79519,10,0.0,0,0.0
79520,10,0.0,0,0.0
79521,10,0.0,0,0.0
79522,10,0.0,0,0.0
79523,10,0.0,0,0.0
79524,8,1.52,0,0.7837
79525,7,6.59,0,0.945
79526,8,6.42,0,0.8604
79528,10,0.0,0,0.0
79529,10,1.34,0,0.1781
79530,10,0.57,0,0.6333
79531,10,0.0,0,0.0
79532,10,0.0,0,0.0
79533,10,0.0,0,0.0
79537,10,0.03,0,0.1394
79538,10,0.12,0,0.0356
79539,10,0.0,0,0.0
79540,10,0.0,0,0.0
79541,10,0.0,0,0.0
79542,10,0.0,0,0.0
79543,10,0.0,0,0.0
79544,10,0.0,0,0.0
79545,10,5.13,0,0.6306
79546,10,0.25,0,0.1538
79547,10,0.0,0,0.0
79548,10,0.47,0,0.1251
79549,10,0.27,0,0.1871
79550,10,0.0,0,0.0
79551,10,0.0,0,0.0
79552,10,0.05,0,0.027
79553,9,4.75,0,0.7676
79554,9,9.89,0,0.8465
79555,8,6.59,0,0.9376
79556,8,11.57,0,0.9448
79557,10,12.1,0,0.7244
79558,10,2.85,0,0.3364
79559,10,0.0,0,0.0
79560,10,0.0,0,0.0005
79561,10,0.26,0,0.4129
79563,10,0.0,0,0.0
79564,10,0.0,0,0.0
79566,10,0.0,0,0.0
79567,10,0.0,0,0.0
79569,10,0.0,0,0.0
79570,10,0.0,0,0.0
79571,10,0.0,0,0.0
79572,10,0.0,0,0.0
79573,10,0.0,0,0.0
79574,10,0.0,0,0.0
79575,10,0.0,0,0.0
79576,10,1.33,0,0.3523
79577,10,0.37,0,0.2974
79578,10,0.0,0,0.0
79579,10,0.0,0,0.0
79580,10,0.0,0,0.0
79581,10,0.54,0,0.1794
79582,9,9.11,0,0.8249
79583,8,9.76,0,0.8315
79584,10,3.55,0,0.6211
79585,10,0.0,0,0.0
79586,10,0.0,0,0.0
79587,10,0.0,0,0.0
79588,10,0.0,0,0.0
79589,10,0.0,0,0.0
79590,10,0.51,0,0.0519
79591,10,0.58,0,0.2816
79592,10,0.0,0,0.0
79593,10,7.75,0,0.6638
79601,10,0.0,0,0.0
79605,10,0.0,0,0.0
79606,10,0.0,0,0.0
80183,10,3.47,0,0.301
80184,10,0.0,0,0.0
80185,10,0.0,0,0.0
80186,10,0.0,0,0.0
80187,10,0.0,0,0.0
80188,10,0.0,0,0.0
80189,10,0.0,0,0.0
80190,10,0.0,0,0.0
80191,10,0.0,0,0.0
80192,10,0.0,0,0.0
80193,10,0.88,0,0.3042
80194,10,2.86,0,0.4184
80195,10,0.0,0,0.0
80196,10,0.0,0,0.0
80197,10,0.17,0,0.1122
80198,8,0.18,0,0.9449
80199,6,14.55,0,0.945
80200,10,1.86,0,0.451
80201,10,2.72,0,0.6191
80202,10,0.01,0,0.0023
80203,10,0.0,0,0.0
80204,10,0.0,0,0.0
80205,10,0.0,0,0.0
80206,10,0.0,0,0.0
80207,10,0.0,0,0.0
80208,10,0.0,0,0.0
80209,10,5.11,0,0.4896
80210,8,5.97,0,0.9054
80211,10,0.08,0,0.3136
80212,10,0.21,0,0.1015
80213,10,0.0,0,0.0
80214,10,0.0,0,0.0
80215,9,0.35,0,0.9447
80216,10,0.0,0,0.0301
80217,10,2.79,0,0.7041
80218,10,0.0,0,0.0
80219,10,0.0,0,0.0
80220,10,0.0,0,0.0
80221,10,1.07,0,0.3787
80222,10,0.33,0,0.1733
80223,10,0.0,0,0.0
80224,10,0.0,0,0.0
80225,10,0.0,0,0.0
80226,10,0.0,0,0.0
80227,10,0.32,0,0.0258
80228,10,0.07,0,0.0052
80229,10,1.38,0,0.1148
80230,10,0.0,0,0.0
80231,10,0.06,0,0.1863
80232,10,0.02,0,0.0471
80233,10,0.0,0,0.0
80234,10,0.0,0,0.0
80235,10,0.0,0,0.0
80236,10,0.0,0,0.0
80237,10,0.55,0,0.357
80238,10,4.37,0,0.7341
80239,10,1.31,0,0.3021
80240,10,4.9,0,0.7003
80241,10,11.24,0,0.6498
80242,10,4.9,0,0.2112
80243,10,0.0,0,0.0
80244,10,0.0,0,0.0
80245,10,0.57,0,0.0351
80246,10,0.0,0,0.0
80247,10,0.0,0,0.0
80248,10,0.0,0,0.0
80249,10,0.07,0,0.5031
80250,10,0.05,0,0.439
80251,9,0.09,0,0.8112
80252,10,0.0,0,0.0
80253,10,0.0,0,0.0
80254,10,0.0,0,0.0
80255,10,0.0,0,0.0
80258,10,0.0,0,0.0
80260,10,0.14,0,0.115
80261,10,2.21,0,0.6306
80262,10,0.0,0,0.0
80263,10,0.0,0,0.0
80264,10,0.24,0,0.3199
80265,10,4.92,0,0.4021
80266,10,2.93,0,0.1457
80267,10,0.44,0,0.0516
80268,10,0.0,0,0.0
80269,10,0.0,0,0.0
80270,10,0.0,0,0.0
80271,10,0.0,0,0.0
80272,10,0.0,0,0.0
80273,10,0.0,0,0.0
80274,10,2.14,0,0.2422
80275,10,3.42,0,0.4761
80276,10,2.19,0,0.303
80277,10,0.0,0,0.0006
80278,10,0.1,0,0.0639
80279,10,0.0,0,0.0
80285,10,0.0,0,0.0
80288,10,0.0,0,0.0
80289,10,0.0,0,0.0
80290,10,0.0,0,0.0
80866,9,1.81,0,0.786
80867,10,0.01,0,0.0013
80868,10,0.0,0,0.0
80869,10,0.0,0,0.0
80870,10,0.0,0,0.0
80871,10,0.0,0,0.0
80872,10,0.0,0,0.0
80873,10,0.0,0,0.0
80874,10,0.0,0,0.0
80875,10,0.0,0,0.0
80876,10,0.0,0,0.0
80877,10,0.0,0,0.0
80878,10,0.0,0,0.0
80879,10,0.0,0,0.0
80880,10,0.37,0,0.0726
80881,10,5.44,0,0.5818
80882,10,3.53,0,0.3614
80883,10,2.07,0,0.138
80884,10,3.55,0,0.3406
80885,10,2.3,0,0.1529
80886,10,0.0,0,0.0
80887,10,0.0,0,0.0
80888,10,0.0,0,0.0
80889,10,0.0,0,0.0
80890,10,0.0,0,0.0
80891,10,0.0,0,0.0
80892,10,0.0,0,0.0
80893,10,0.57,0,0.2179
80894,10,0.81,0,0.1165
80895,10,0.0,0,0.0
80896,10,0.0,0,0.0
80897,10,0.0,0,0.0
80898,10,2.86,0,0.2251
80899,9,9.89,0,0.8181
80900,8,3.03,0,0.9434
80901,9,0.07,0,0.9165
80903,10,0.0,0,0.0
80904,10,0.0,0,0.0
80905,10,0.14,0,0.1204
80906,10,0.14,0,0.0687
80907,10,0.0,0,0.0
80908,10,0.0,0,0.0
80909,10,0.49,0,0.1251
80910,10,0.12,0,0.219
80911,10,0.8,0,0.1972
80912,10,0.0,0,0.0
80913,10,0.0,0,0.0
80914,10,0.0,0,0.0
80916,10,0.0,0,0.0
80917,10,0.0,0,0.0
80918,10,0.0,0,0.0
80919,10,0.0,0,0.0
80920,10,0.0,0,0.0
80921,10,0.0,0,0.0
80922,10,0.0,0,0.0
80923,10,0.0,0,0.0
80924,10,0.0,0,0.0
80925,10,0.0,0,0.0
80926,10,0.0,0,0.0
80927,10,0.0,0,0.0
80928,10,0.0,0,0.0
80929,10,0.0,0,0.0
80930,10,0.0,0,0.0
80931,10,1.15,0,0.2979
80932,10,0.05,0,0.2393
80933,10,0.0,0,0.0
80934,10,0.0,0,0.0
80935,10,0.0,0,0.0
80936,10,0.0,0,0.0
80937,10,0.0,0,0.0374
80938,10,0.46,0,0.2534
80939,10,0.0,0,0.0
80940,10,0.0,0,0.0
80941,10,0.0,0,0.0
80943,10,0.0,0,0.0
80944,10,0.0,0,0.0
80945,10,0.63,0,0.1235
80946,10,0.0,0,0.0
80947,10,0.0,0,0.0
80948,10,4.7,0,0.5721
80949,8,15.23,0,0.9252
80950,10,4.63,0,0.2315
80951,10,0.0,0,0.0
80952,10,0.0,0,0.0
80953,10,0.0,0,0.0
80954,10,0.0,0,0.0
80955,10,0.0,0,0.0002
80956,10,1.14,0,0.3722
80957,10,1.24,0,0.1987
80958,10,0.0,0,0.0
80959,10,0.25,0,0.0171
80960,10,0.0,0,0.0
80961,10,0.38,0,0.0879
80962,10,0.05,0,0.0506
80963,10,0.0,0,0.0
80964,7,0.0,0,0.945
80966,10,0.0,0,0.0
80967,10,0.0,0,0.0
80972,10,0.0,0,0.0
80973,10,0.0,0,0.0
80974,10,0.0,0,0.0
81551,10,2.72,0,0.2716
81552,10,0.0,0,0.0
81553,10,0.0,0,0.0
81555,10,0.0,0,0.0
81556,10,0.0,0,0.0
81557,10,0.0,0,0.0
81558,10,0.0,0,0.0
81559,10,0.0,0,0.0
81560,10,0.0,0,0.0
81561,10,0.0,0,0.0
81562,10,0.0,0,0.0
81564,10,0.29,0,0.0216
81565,10,9.7,0,0.4423
81566,10,1.44,0,0.076
81567,10,9.19,0,0.5341
81568,7,13.75,0,0.945
81569,7,13.74,0,0.9375
81570,10,3.17,0,0.2881
81571,10,0.0,0,0.0
81572,10,0.0,0,0.0
81573,10,0.0,0,0.0
81574,10,0.0,0,0.0
81575,10,0.0,0,0.0
81576,10,0.0,0,0.0
81577,10,0.0,0,0.0
81578,10,2.45,0,0.4815
81579,9,9.33,0,0.7857
81580,10,0.01,0,0.0051
81581,10,0.0,0,0.0
81582,10,3.43,0,0.4823
81583,8,1.22,0,0.9448
81584,8,0.27,0,0.9124
81586,10,0.0,0,0.0
81587,10,2.1,0,0.2007
81588,10,5.58,0,0.5685
81589,9,1.18,0,0.8968
81591,10,0.0,0,0.0
81592,10,0.0,0,0.0
81593,10,0.17,0,0.1576
81595,10,0.0,0,0.0
81598,10,0.0,0,0.0
81599,10,0.0,0,0.0
81600,10,0.0,0,0.0
81601,10,0.0,0,0.0
81602,10,0.0,0,0.0
81603,10,0.0,0,0.0
81604,10,0.0,0,0.0
81605,10,0.0,0,0.0
81606,10,0.0,0,0.0
81607,10,0.43,0,0.0879
81608,10,0.18,0,0.1121
81609,10,0.0,0,0.0
81610,10,0.0,0,0.0
81611,10,0.0,0,0.0
81612,10,0.0,0,0.0
81613,10,0.0,0,0.0
81614,10,0.0,0,0.0
81615,10,0.0,0,0.0
81616,10,2.95,0,0.2518
81617,10,5.82,0,0.611
81618,10,5.63,0,0.6084
81619,10,0.93,0,0.088
81620,10,2.89,0,0.658
81621,10,0.0,0,0.0
81622,10,0.26,0,0.1509
81623,10,0.0,0,0.0
81624,10,0.0,0,0.0
81625,10,0.0,0,0.0
81626,10,0.0,0,0.0
81627,10,0.0,0,0.0
81628,10,0.67,0,0.1893
81629,10,3.23,0,0.5269
81630,10,0.0,0,0.0
81631,10,0.0,0,0.0
81632,10,1.15,0,0.0714
81633,10,2.79,0,0.1387
81634,10,0.0,0,0.0
81635,10,0.0,0,0.0
81636,10,0.0,0,0.0
81637,10,0.0,0,0.0
81638,10,0.0,0,0.0
81639,10,0.46,0,0.2362
81640,8,4.36,0,0.8976
81641,10,0.72,0,0.2101
81642,10,1.46,0,0.155
81643,10,3.76,0,0.1872
81644,10,0.0,0,0.0
81645,10,0.0,0,0.0
81646,10,0.0,0,0.0
81648,8,0.01,0,0.9448
81657,10,0.0,0,0.0
81658,10,0.0,0,0.0
82235,8,9.27,0,0.8893
82236,10,0.0,0,0.0
82237,10,0.0,0,0.0
82238,10,0.0,0,0.0
82239,10,0.0,0,0.0
82240,10,0.0,0,0.0
82241,10,0.0,0,0.0
82242,10,0.0,0,0.0
82243,10,0.0,0,0.0
82244,10,0.0,0,0.0
82245,10,0.0,0,0.0
82246,10,0.0,0,0.0
82247,10,2.55,0,0.3489
82248,10,13.66,0,0.6608
82249,10,8.71,0,0.5617
82250,10,1.93,0,0.1555
82251,10,5.01,0,0.6482
82252,8,4.86,0,0.9227
82253,8,13.23,0,0.8329
82254,10,3.32,0,0.3769
82255,10,1.76,0,0.2378
82256,10,1.7,0,0.331
82257,10,0.0,0,0.0
82258,10,0.0,0,0.0
82259,10,0.0,0,0.0
82260,10,0.0,0,0.0
82261,10,0.67,0,0.0703
82262,9,10.87,0,0.7473
82263,8,11.9,0,0.9449
82264,10,0.07,0,0.0069
82265,10,0.85,0,0.1127
82266,8,3.67,0,0.9383
82267,10,0.0,0,0.0
82270,10,0.0,0,0.0
82271,10,3.92,0,0.4478
82272,10,7.48,0,0.6297
82276,8,4.79,0,0.8636
82277,8,0.24,0,0.9448
82279,10,0.0,0,0.0
82280,10,0.0,0,0.0
82281,10,0.0,0,0.0
82282,10,0.0,0,0.0
82283,10,0.0,0,0.0
82284,10,0.0,0,0.0
82285,10,0.0,0,0.0
82286,10,0.0,0,0.0
82287,10,0.0,0,0.0
82288,10,0.0,0,0.0
82289,10,0.0,0,0.0
82290,10,1.18,0,0.3705
82291,10,0.0,0,0.0
82292,10,0.0,0,0.0
82293,10,0.0,0,0.0
82294,10,0.0,0,0.0
82295,10,0.0,0,0.0
82296,10,0.0,0,0.0
82297,10,1.62,0,0.4381
82298,10,0.7,0,0.0889
82299,10,0.21,0,0.0111
82300,10,3.11,0,0.2419
82301,9,7.79,0,0.7032
82302,7,9.41,0,0.8967
82303,10,2.79,0,0.3892
82304,10,1.99,0,0.1528
82305,10,2.86,0,0.4557
82306,10,0.01,0,0.002
82307,10,0.0,0,0.0
82308,10,0.0,0,0.0
82309,10,0.69,0,0.1262
82310,10,0.1,0,0.0309
82311,10,0.0,0,0.0
82312,10,0.0,0,0.0
82313,10,0.0,0,0.0
82314,10,0.0,0,0.0
82315,10,0.0,0,0.0
82316,10,0.0,0,0.0
82317,10,0.0,0,0.0
82318,10,0.0,0,0.0
82319,10,0.0,0,0.0
82320,10,0.0,0,0.0
82321,10,0.0,0,0.0
82322,10,0.11,0,0.0159
82323,9,2.35,0,0.727
82324,8,3.96,0,0.9186
82325,10,1.39,0,0.1145
82326,10,6.79,0,0.498
82327,10,2.35,0,0.3098
82328,10,0.0,0,0.0
82329,10,0.0,0,0.0
82330,10,0.0,0,0.0
82331,8,0.03,0,0.9448
82332,10,0.1,0,0.1935
82333,10,0.0,0,0.0
82334,10,0.0,0,0.0
82342,10,0.0,0,0.0
82919,8,8.73,0,0.9369
82920,10,0.0,0,0.0
82922,10,0.0,0,0.0
82923,10,0.0,0,0.0
82924,10,0.03,0,0.1132
82925,10,0.0,0,0.0
82926,10,0.0,0,0.0
82927,10,0.0,0,0.0
82928,10,0.0,0,0.0
82929,10,0.0,0,0.0
82930,10,0.0,0,0.0
82931,10,3.18,0,0.2833
82932,10,8.7,0,0.6099
82933,10,9.2,0,0.4956
82934,10,5.6,0,0.3808
82935,10,4.74,0,0.6219
82936,10,2.79,0,0.5663
82937,10,3.57,0,0.4723
82938,10,1.2,0,0.114
82939,9,8.52,0,0.7881
82940,10,3.51,0,0.6159
82941,10,0.04,0,0.0214
82942,10,0.0,0,0.0018
82943,10,0.0,0,0.0
82944,10,0.71,0,0.0813
82945,9,18.36,0,0.7331
82946,8,40.62,0,0.9449
82947,10,4.14,0,0.3362
82948,10,0.0,0,0.0
82949,10,1.34,0,0.0897
82950,9,1.25,0,0.8131
82951,10,0.03,0,0.2208
82952,10,0.0,0,0.0
82953,10,0.0,0,0.0
82954,10,0.0,0,0.0
82955,10,2.4,0,0.3595
82956,10,5.58,0,0.6954
82957,10,0.18,0,0.0329
82958,10,0.0,0,0.0
82959,8,3.95,0,0.945
82960,8,11.5,0,0.9449
82963,8,0.07,0,0.9449
82964,10,2.59,0,0.5012
82965,10,0.13,0,0.0145
82966,10,1.43,0,0.1683
82967,10,0.0,0,0.0
82968,10,0.0,0,0.0
82969,10,0.0,0,0.0
82970,10,0.0,0,0.0
82971,10,0.0,0,0.0
82972,10,0.0,0,0.0
82973,10,0.0,0,0.0
82974,10,1.04,0,0.5134
82975,10,4.49,0,0.623
82976,10,0.0,0,0.0
82977,10,0.0,0,0.0
82978,10,0.0,0,0.0
82979,10,0.0,0,0.0
82980,10,0.0,0,0.0
82981,10,1.28,0,0.2554
82982,9,4.0,0,0.7201
82983,10,1.17,0,0.3969
82984,10,0.0,0,0.0
82985,10,0.17,0,0.0795
82986,8,4.85,0,0.8455
82987,10,2.21,0,0.2852
82988,10,0.0,0,0.0
82989,10,1.93,0,0.5841
82990,10,0.19,0,0.0247
82991,10,0.0,0,0.0
82992,10,2.13,0,0.3822
82993,7,3.5,0,0.945
82994,10,1.08,0,0.539
82995,10,0.0,0,0.0
82998,10,0.0,0,0.0
82999,10,0.0,0,0.0
83000,10,0.0,0,0.0
83001,10,0.0,0,0.0
83002,10,0.0,0,0.0
83003,10,0.0,0,0.0
83004,10,0.0,0,0.0
83005,10,0.0,0,0.0
83006,10,0.0,0,0.0
83007,10,1.2,0,0.313
83008,10,3.46,0,0.4289
83009,9,4.33,0,0.7479
83010,10,0.0,0,0.0
83011,10,0.0,0,0.0
83012,10,0.0,0,0.0
83013,10,0.0,0,0.0
83014,10,0.0,0,0.0
83016,10,0.0,0,0.0355
83017,10,0.0,0,0.0
83018,10,0.0,0,0.0
83603,10,5.77,0,0.7055
83604,10,0.08,0,0.0556
83606,10,0.0,0,0.0
83607,10,0.0,0,0.0
83609,10,0.0,0,0.0
83610,10,0.0,0,0.0
83611,10,0.0,0,0.0
83612,10,0.0,0,0.0
83613,10,0.0,0,0.0
83614,10,0.0,0,0.0
83615,10,0.81,0,0.0956
83616,10,1.29,0,0.614
83617,10,1.7,0,0.5231
83618,8,10.18,0,0.7129
83619,10,4.78,0,0.6305
83620,10,1.63,0,0.5453
83621,7,4.22,0,0.945
83622,8,4.95,0,0.9296
83623,10,2.56,0,0.3066
83624,8,1.2,0,0.9184
83625,9,5.51,0,0.8968
83626,10,2.78,0,0.5225
83627,10,0.0,0,0.0
83628,10,1.8,0,0.0946
83629,8,13.69,0,0.9449
83630,8,16.4,0,0.9449
83631,10,1.16,0,0.0941
83632,10,0.0,0,0.0
83633,10,0.68,0,0.5803
83634,8,2.2,0,0.9448
83635,10,0.0,0,0.0
83637,10,0.0,0,0.0
83638,10,0.0,0,0.0
83639,10,0.8,0,0.4094
83640,9,10.07,0,0.8363
83641,10,1.56,0,0.1169
83642,10,3.95,0,0.246
83643,8,12.63,0,0.945
83644,8,0.11,0,0.9449
83646,10,0.0,0,0.0
83647,10,0.0,0,0.0
83648,10,1.09,0,0.1196
83649,10,0.42,0,0.0472
83650,10,8.25,0,0.5586
83651,10,0.72,0,0.5046
83652,10,0.0,0,0.0
83653,10,0.0,0,0.0
83654,10,0.0,0,0.0
83655,10,0.0,0,0.0
83656,10,0.0,0,0.0
83657,10,0.0,0,0.0
83658,10,0.97,0,0.3632
83659,9,6.04,0,0.7895
83660,10,4.16,0,0.2339
83661,10,0.0,0,0.0
83662,10,0.0,0,0.0
83663,10,0.0,0,0.0
83664,10,0.0,0,0.0
83665,10,0.0,0,0.0
83666,10,1.29,0,0.222
83667,10,0.35,0,0.1112
83668,10,0.28,0,0.1881
83669,9,1.14,0,0.7511
83670,10,0.09,0,0.3023
83671,10,0.0,0,0.0
83672,10,0.0,0,0.0
83673,10,0.0,0,0.0
83674,10,0.0,0,0.0
83675,10,0.0,0,0.0
83676,10,0.76,0,0.2625
83681,10,0.0,0,0.0
83683,10,0.0,0,0.0
83684,10,0.0,0,0.0
83685,10,0.0,0,0.0
83686,10,0.0,0,0.0
83687,10,0.0,0,0.0
83688,10,0.0,0,0.0
83689,10,0.0,0,0.0
83690,10,0.0,0,0.0
83691,10,0.0,0,0.0
83692,10,0.0,0,0.0
83693,10,0.93,0,0.0637
83694,10,0.5,0,0.2189
83695,10,0.0,0,0.0
83696,10,0.0,0,0.0
83697,10,0.0,0,0.0
83698,9,0.27,0,0.7713
83699,8,0.42,0,0.9448
83700,9,0.07,0,0.9044
83701,10,0.0,0,0.0
83704,10,0.0,0,0.0
83705,10,0.0,0,0.0
83706,10,0.0,0,0.0
83707,10,0.0,0,0.0
84286,10,1.37,0,0.5913
84287,10,3.78,0,0.5705
84288,10,0.0,0,0.0
84290,10,0.0,0,0.0
84291,10,0.0,0,0.0
84294,10,0.0,0,0.0
84295,10,0.0,0,0.0
84296,10,0.0,0,0.0
84297,10,0.0,0,0.0
84298,10,1.02,0,0.1351
84299,10,5.41,0,0.6359
84300,10,0.99,0,0.2285
84301,10,1.9,0,0.5021
84302,10,3.06,0,0.3983
84303,8,9.96,0,0.9029
84304,10,0.48,0,0.2192
84305,10,0.29,0,0.522
84306,8,6.31,0,0.8659
84307,10,0.18,0,0.0364
84308,10,0.0,0,0.0
84309,8,0.75,0,0.9224
84310,10,0.54,0,0.2249
84311,10,0.0,0,0.0
84312,10,4.96,0,0.4477
84313,8,2.92,0,0.9449
84314,10,3.98,0,0.5251
84315,10,0.0,0,0.0
84316,10,0.47,0,0.207
84317,10,0.88,0,0.2805
84318,10,0.0,0,0.0
84319,10,0.0,0,0.0
84320,10,0.0,0,0.0
84321,10,0.0,0,0.0
84322,10,0.0,0,0.0
84323,8,0.13,0,0.9448
84324,10,4.55,0,0.6768
84325,10,3.59,0,0.4205
84326,8,6.14,0,0.8432
84327,8,4.74,0,0.928
84328,10,2.89,0,0.4911
84329,10,0.92,0,0.0978
84330,10,0.0,0,0.0
84331,10,0.0,0,0.0
84333,10,1.65,0,0.6584
84334,10,0.03,0,0.0063
84335,10,0.0,0,0.0
84337,10,0.0,0,0.0
84338,10,0.0,0,0.0
84339,10,0.0,0,0.0
84340,10,0.0,0,0.0
84341,10,0.0,0,0.0
84342,10,0.0,0,0.0
84343,10,1.19,0,0.4359
84344,10,6.81,0,0.4578
84345,10,4.74,0,0.3001
84346,10,0.78,0,0.0663
84347,10,0.0,0,0.0
84348,10,0.0,0,0.0
84349,10,0.0,0,0.0
84350,10,0.0,0,0.0
84351,10,0.0,0,0.0
84352,10,0.0,0,0.0
84353,10,0.01,0,0.0048
84354,10,0.57,0,0.0709
84355,10,0.0,0,0.0
84356,10,0.0,0,0.0
84357,10,0.0,0,0.0
84358,10,0.0,0,0.0
84359,10,0.0,0,0.0
84360,10,0.0,0,0.0
84361,10,0.0,0,0.0
84362,10,0.0,0,0.0
84365,10,0.0,0,0.0
84366,10,0.0,0,0.0
84368,10,0.0,0,0.0
84369,10,0.0,0,0.0
84370,10,0.0,0,0.0
84371,10,0.0,0,0.0
84372,10,0.0,0,0.0
84373,10,0.0,0,0.0
84374,10,0.0,0,0.0
84375,10,0.0,0,0.0
84376,10,0.0,0,0.0
84377,10,0.0,0,0.0
84378,10,0.58,0,0.2795
84381,10,0.0,0,0.0
84382,10,1.93,0,0.6219
84383,9,0.8,0,0.9424
84384,10,0.01,0,0.0676
84385,10,0.0,0,0.0
84386,10,0.0,0,0.0
84387,10,0.0,0,0.0
84388,10,0.0,0,0.0
84389,10,0.0,0,0.0
84390,10,0.0,0,0.0
84391,10,0.0,0,0.0
84392,10,0.0,0,0.0
84393,10,0.0,0,0.0
84969,8,12.26,0,0.9446
84970,10,1.73,0,0.417
84971,10,2.76,0,0.2636
84972,10,0.0,0,0.0
84973,10,0.0,0,0.0
84974,10,0.0,0,0.0
84975,10,0.0,0,0.0
84978,10,0.0,0,0.0
84979,10,0.0,0,0.0
84980,10,0.0,0,0.0
84981,10,0.0,0,0.0
84982,10,2.07,0,0.2611
84983,10,7.24,0,0.5828
84984,9,1.82,0,0.7851
84985,9,1.85,0,0.7698
84986,10,0.85,0,0.5734
84987,7,0.02,0,0.945
84988,7,3.41,0,0.945
84989,7,0.49,0,0.945
84990,10,0.11,0,0.0385
84991,10,0.01,0,0.0554
84992,10,0.18,0,0.5951
84993,8,1.06,0,0.9449
84994,10,0.0,0,0.0
84995,10,0.0,0,0.0
84996,10,0.68,0,0.1385
84997,10,1.25,0,0.5824
84998,10,0.0,0,0.0
84999,10,0.0,0,0.0
85000,10,0.96,0,0.1449
85001,10,0.15,0,0.0422
85002,10,0.0,0,0.0
85003,10,0.22,0,0.054
85004,10,0.02,0,0.0485
85005,10,0.0,0,0.0
85008,9,0.15,0,0.797
85009,10,0.95,0,0.6003
85010,8,3.44,0,0.9449
85011,10,0.0,0,0.0
85012,10,0.0,0,0.0
85013,10,0.0,0,0.0
85014,10,0.0,0,0.0
85015,10,0.0,0,0.0
85017,10,0.23,0,0.6087
85018,10,0.0,0,0.0
85020,10,0.66,0,0.2375
85021,10,1.46,0,0.1771
85022,10,0.0,0,0.0
85023,10,0.0,0,0.0
85024,10,0.0,0,0.0
85025,10,0.0,0,0.0
85026,10,0.0,0,0.0
85027,10,0.0,0,0.0
85028,10,0.0,0,0.0
85029,10,3.02,0,0.389
85030,9,16.69,0,0.7493
85031,10,13.43,0,0.6875
85032,10,0.41,0,0.0185
85033,10,0.24,0,0.019
85034,10,3.52,0,0.346
85035,10,0.18,0,0.0176
85036,10,0.0,0,0.0
85037,10,0.0,0,0.0
85038,10,0.0,0,0.0
85039,10,0.0,0,0.0
85040,10,0.0,0,0.0
85041,10,0.0,0,0.0
85042,10,0.0,0,0.0
85043,10,0.0,0,0.0
85044,10,0.0,0,0.0
85045,10,0.0,0,0.0
85049,10,0.0,0,0.0
85050,10,0.0,0,0.0
85051,10,0.0,0,0.0
85052,10,0.0,0,0.0
85053,10,0.0,0,0.0
85054,10,0.0,0,0.0
85055,10,0.0,0,0.0
85056,10,0.0,0,0.0
85057,10,0.0,0,0.0
85058,10,0.0,0,0.0
85059,10,0.0,0,0.0
85060,10,0.0,0,0.0
85061,10,0.0,0,0.0
85062,10,0.0,0,0.0
85063,10,0.0,0,0.0
85064,10,0.0,0,0.0
85065,10,0.0,0,0.0
85066,10,0.4,0,0.1325
85067,10,0.0,0,0.0
85073,10,0.0,0,0.0
85074,10,0.0,0,0.0
85075,10,0.0,0,0.0
85076,10,0.0,0,0.0
85077,10,0.0,0,0.0
85653,10,21.68,0,0.66
85654,10,10.23,0,0.7044
85655,10,0.86,0,0.0934
85656,10,0.0,0,0.0004
85657,10,0.0,0,0.0
85659,10,0.0,0,0.0
85660,10,0.0,0,0.0
85662,10,0.0,0,0.0
85663,10,0.0,0,0.0
85664,10,0.0,0,0.0
85665,10,0.24,0,0.0779
85666,7,10.38,0,0.9432
85667,8,1.1,0,0.9449
85668,8,5.95,0,0.9449
85669,9,2.62,0,0.7647
85670,8,1.32,0,0.9163
85671,8,3.38,0,0.9449
85672,8,12.97,0,0.9449
85673,7,9.35,0,0.9107
85674,9,1.18,0,0.6696
85675,10,0.01,0,0.1709
85677,8,0.18,0,0.8746
85678,8,0.14,0,0.9379
85679,10,0.0,0,0.0
85680,10,0.65,0,0.2145
85681,10,3.11,0,0.5905
85682,8,5.68,0,0.9376
85683,10,7.1,0,0.5314
85684,10,0.0,0,0.0
85685,10,0.0,0,0.0
85686,10,0.0,0,0.0
85687,10,0.0,0,0.0
85688,10,0.0,0,0.0
85690,8,0.34,0,0.8745
85691,8,0.04,0,0.9449
85692,8,0.06,0,0.9449
85693,10,0.0,0,0.0
85694,7,5.05,0,0.9396
85695,9,1.58,0,0.7856
85696,10,0.8,0,0.6731
85697,10,0.0,0,0.0
85698,10,0.08,0,0.6594
85701,10,0.05,0,0.3134
85703,10,0.0,0,0.0
85704,10,0.01,0,0.0066
85705,10,0.0,0,0.0
85706,10,0.0,0,0.0
85707,10,0.0,0,0.0
85708,10,0.0,0,0.0
85709,10,0.0,0,0.0
85710,10,0.0,0,0.0
85711,10,0.0,0,0.0
85712,10,0.0,0,0.0
85713,10,1.32,0,0.2312
85714,10,3.22,0,0.1733
85715,10,3.18,0,0.2425
85716,10,0.0,0,0.0
85717,10,0.0,0,0.0
85718,10,1.92,0,0.1401
85719,10,4.24,0,0.2314
85720,10,0.0,0,0.0
85721,10,0.0,0,0.0
85722,10,0.0,0,0.0
85723,10,0.0,0,0.0
85724,10,0.0,0,0.0
85725,10,0.0,0,0.0
85726,10,0.0,0,0.0
85727,10,0.0,0,0.0
85728,10,0.0,0,0.0
85729,10,0.0,0,0.0
85730,10,0.0,0,0.0
85731,10,0.0,0,0.0
85733,10,0.0,0,0.0
85734,10,0.0,0,0.0
85735,10,0.0,0,0.0
85736,10,0.0,0,0.0
85737,10,0.0,0,0.0
85738,10,0.69,0,0.2394
85739,10,0.47,0,0.0333
85740,10,7.85,0,0.4702
85741,10,2.02,0,0.1282
85742,10,0.0,0,0.0
85743,10,0.0,0,0.0
85744,10,0.74,0,0.04
85745,10,4.45,0,0.3829
85746,10,0.0,0,0.0
85747,10,0.0,0,0.0
85748,9,1.1,0,0.8877
85750,10,0.18,0,0.2401
85751,10,0.0,0,0.0
85755,10,0.0,0,0.0
85756,10,0.0,0,0.0
85759,10,0.0,0,0.0
85760,10,0.0,0,0.0
85761,10,0.0,0,0.0
86337,10,20.62,0,0.6333
86338,10,9.41,0,0.4916
86339,10,2.62,0,0.6518
86340,10,0.02,0,0.0174
86341,10,0.0,0,0.0
86343,10,0.0,0,0.0
86344,10,0.0,0,0.0
86345,10,0.0,0,0.0
86346,10,0.0,0,0.0
86347,10,0.0,0,0.0
86348,10,0.0,0,0.0
86349,10,0.04,0,0.0549
86350,10,4.54,0,0.6296
86351,8,1.15,0,0.9449
86352,7,12.94,0,0.945
86353,9,6.47,0,0.7922
86354,8,4.95,0,0.8773
86355,7,4.12,0,0.945
86356,7,2.31,0,0.945
86357,7,10.04,0,0.945
86358,7,0.27,0,0.92
86359,10,0.0,0,0.0033
86360,8,0.0,0,0.9449
86361,9,0.14,0,0.7612
86362,10,0.0,0,0.0
86363,10,0.0,0,0.0
86364,8,6.32,0,0.8817
86365,8,2.88,0,0.9149
86366,8,2.42,0,0.9449
86367,10,3.21,0,0.6425
86368,10,0.0,0,0.0
86369,10,0.05,0,0.0274
86370,10,0.0,0,0.0
86376,7,0.24,0,0.945
86377,10,0.12,0,0.2572
86378,9,4.0,0,0.7447
86379,10,0.24,0,0.1806
86380,10,0.04,0,0.049
86381,10,0.02,0,0.0364
86382,8,0.52,0,0.9298
86383,9,0.49,0,0.7739
86384,10,0.0,0,0.0
86387,10,0.0,0,0.0
86389,10,0.0,0,0.0
86390,10,0.0,0,0.0
86391,10,0.0,0,0.0
86392,10,0.0,0,0.0
86393,10,0.0,0,0.0
86394,10,0.0,0,0.0
86395,10,0.0,0,0.0
86396,10,0.82,0,0.3685
86397,10,0.63,0,0.1747
86398,10,0.0,0,0.0
86399,10,0.0,0,0.0
86400,10,0.0,0,0.0
86401,10,0.0,0,0.0
86402,10,0.61,0,0.0345
86403,10,8.03,0,0.5308
86404,10,10.27,0,0.7107
86405,10,2.52,0,0.4422
86406,10,0.07,0,0.0108
86407,10,0.0,0,0.0
86408,10,0.0,0,0.0
86409,10,0.0,0,0.0
86410,10,0.0,0,0.0
86411,10,0.0,0,0.0
86412,10,0.0,0,0.0
86413,10,0.0,0,0.0
86414,10,0.0,0,0.0
86415,10,0.0,0,0.0
86416,10,0.0,0,0.0
86417,10,0.0,0,0.0
86418,10,0.0,0,0.0
86419,10,0.0,0,0.0
86420,10,0.0,0,0.0
86421,10,0.39,0,0.2609
86422,9,5.15,0,0.7497
86423,10,0.51,0,0.0306
86424,10,3.74,0,0.2004
86425,10,5.79,0,0.394
86426,10,2.95,0,0.2643
86427,10,3.95,0,0.1488
86428,10,0.03,0,0.0012
86429,10,0.0,0,0.0
86430,10,0.0,0,0.0
86431,10,0.0,0,0.0
86432,10,0.03,0,0.0121
86436,10,0.0,0,0.0
86437,10,0.0,0,0.0
86439,10,0.0,0,0.0
86440,10,0.0,0,0.0
86441,10,0.0,0,0.0
86443,10,0.0,0,0.0
86444,10,0.0,0,0.0
87021,10,5.77,0,0.2331
87022,10,11.7,0,0.6016
87023,10,3.26,0,0.5584
87024,10,0.02,0,0.0098
87025,10,0.0,0,0.0
87026,10,0.0,0,0.0
87028,10,0.0,0,0.0
87029,10,0.0,0,0.0
87030,10,0.0,0,0.0
87031,10,0.0,0,0.0
87032,10,0.0,0,0.0
87033,10,0.0,0,0.0
87034,10,3.78,0,0.5475
87035,10,6.12,0,0.5775
87036,8,6.79,0,0.8725
87037,10,1.31,0,0.2462
87038,10,1.73,0,0.4484
87039,10,3.86,0,0.6245
87040,9,1.72,0,0.7099
87041,10,2.95,0,0.6285
87042,10,1.66,0,0.1378
87043,10,0.0,0,0.0
87044,8,2.16,0,0.9156
87045,8,3.2,0,0.9135
87046,9,0.08,0,0.8952
87047,8,2.04,0,0.9448
87048,10,0.13,0,0.0144
87049,9,1.5,0,0.7564
87050,8,5.77,0,0.841
87051,10,0.0,0,0.0
87052,10,1.71,0,0.2732
87053,9,3.75,0,0.9071
87054,10,0.12,0,0.3205
87055,10,0.03,0,0.7482
87058,10,0.03,0,0.4877
87059,9,0.0,0,0.9448
87060,7,2.84,0,0.945
87061,9,1.42,0,0.7437
87062,9,4.86,0,0.7383
87063,8,3.38,0,0.9449
87064,10,0.52,0,0.2434
87065,10,0.85,0,0.6259
87066,10,0.0,0,0.0
87067,8,1.36,0,0.8656
87068,10,0.33,0,0.2862
87069,10,0.0,0,0.0
87070,10,0.0,0,0.0
87071,10,0.0,0,0.0
87075,10,0.0,0,0.0
87077,10,0.0,0,0.0
87078,10,0.0,0,0.0
87079,10,0.0,0,0.0
87080,10,0.16,0,0.0939
87081,10,0.0,0,0.0
87082,10,0.0,0,0.0
87083,10,0.0,0,0.0
87084,10,0.0,0,0.0
87085,10,0.0,0,0.0
87086,10,0.0,0,0.0
87087,10,0.36,0,0.043
87088,10,6.87,0,0.5093
87089,10,0.7,0,0.0515
87090,10,0.0,0,0.0
87091,10,0.0,0,0.0
87092,10,0.0,0,0.0
87093,10,0.0,0,0.0
87094,10,0.0,0,0.0
87095,10,0.0,0,0.0
87096,10,0.04,0,0.0148
87097,10,0.24,0,0.1046
87098,10,0.0,0,0.0
87099,10,0.0,0,0.0
87100,10,0.0,0,0.0
87101,10,0.0,0,0.0
87102,10,0.0,0,0.0
87103,10,0.0,0,0.0
87104,10,0.0,0,0.0
87105,10,0.0,0,0.0
87106,10,1.93,0,0.4207
87107,10,0.0,0,0.0
87108,10,0.0,0,0.0
87109,10,6.27,0,0.3891
87110,10,1.65,0,0.1135
87111,10,10.93,0,0.723
87112,10,2.74,0,0.2205
87113,10,0.0,0,0.0
87114,10,0.0,0,0.0
87115,10,0.0,0,0.0
87116,10,0.0,0,0.0
87704,10,6.5,0,0.173
87705,10,2.84,0,0.1528
87706,9,19.26,0,0.7421
87707,10,0.15,0,0.1971
87708,10,0.05,0,0.0126
87709,10,0.0,0,0.0
87710,10,0.0,0,0.0
87711,10,0.0,0,0.0
87713,10,0.0,0,0.0
87714,10,0.0,0,0.0
87715,10,0.0,0,0.0
87716,10,0.0,0,0.0
87717,10,0.0,0,0.0
87718,10,0.0,0,0.0
87719,10,3.37,0,0.3019
87720,10,2.22,0,0.2008
87721,10,2.81,0,0.3316
87722,10,5.76,0,0.6182
87723,10,0.45,0,0.116
87724,10,6.02,0,0.432
87725,8,6.43,0,0.8255
87726,10,7.38,0,0.666
87727,10,0.14,0,0.0567
87728,8,6.34,0,0.8702
87729,8,15.65,0,0.9449
87730,8,20.41,0,0.9449
87731,8,17.15,0,0.9449
87732,10,2.19,0,0.1555
87733,10,1.0,0,0.2943
87734,8,14.51,0,0.9447
87735,10,4.17,0,0.4634
87736,9,14.55,0,0.8538
87737,10,0.08,0,0.3018
87738,10,0.45,0,0.2804
87739,10,0.0,0,0.0
87741,10,0.0,0,0.0
87742,10,0.01,0,0.0887
87744,8,5.04,0,0.8028
87745,8,5.47,0,0.9291
87746,10,1.09,0,0.2897
87747,8,3.46,0,0.8454
87748,10,0.79,0,0.594
87749,10,0.63,0,0.604
87750,10,0.05,0,0.1629
87751,8,5.44,0,0.8905
87752,10,5.64,0,0.6281
87753,10,0.0,0,0.0
87754,10,0.0,0,0.0
87755,10,0.0,0,0.0
87758,10,0.0,0,0.0
87759,10,0.0,0,0.0
87760,10,0.0,0,0.0
87762,10,0.02,0,0.006
87763,10,0.44,0,0.0473
87764,10,1.04,0,0.0879
87765,10,0.0,0,0.0
87766,10,0.0,0,0.0
87767,10,0.0,0,0.0
87768,10,0.0,0,0.0
87769,10,0.0,0,0.0
87770,10,0.0,0,0.0
87771,10,0.0,0,0.0
87772,10,0.0,0,0.0
87773,10,0.0,0,0.0
87774,10,0.0,0,0.0
87775,10,0.0,0,0.0
87776,10,0.0,0,0.0
87777,10,0.0,0,0.0
87778,10,0.0,0,0.0
87779,10,0.0,0,0.0
87780,10,0.27,0,0.0678
87781,10,1.93,0,0.5175
87782,10,0.31,0,0.026
87783,10,1.1,0,0.1282
87784,10,0.0,0,0.0
87785,10,0.45,0,0.0377
87786,10,0.48,0,0.0525
87787,10,1.96,0,0.1976
87788,10,0.0,0,0.0
87789,10,0.0,0,0.0
87790,10,0.0,0,0.0
87791,10,0.0,0,0.0
87792,10,0.0,0,0.0
87793,10,1.04,0,0.1922
87794,10,0.0,0,0.0
87795,10,0.0,0,0.0
87796,10,0.78,0,0.1273
87797,10,0.0,0,0.0
87798,10,0.0,0,0.0
87799,10,0.0,0,0.0
87800,10,2.18,0,0.171
87801,10,0.08,0,0.2303
87802,10,0.0,0,0.0
87807,10,0.0,0,0.0
87808,10,0.0,0,0.0
88386,10,5.0,0,0.6054
88387,10,8.51,0,0.3568
88388,10,0.23,0,0.0089
88389,10,2.03,0,0.1151
88390,10,4.89,0,0.5733
88391,10,0.74,0,0.2437
88392,10,0.06,0,0.0168
88393,10,0.0,0,0.0
88394,10,0.0,0,0.0
88395,10,0.0,0,0.0
88397,10,0.0,0,0.0
88398,10,0.0,0,0.0
88399,10,0.0,0,0.0
88400,10,0.0,0,0.0
88401,10,0.0,0,0.0
88402,10,0.0,0,0.0
88403,10,0.0,0,0.0
88404,10,0.73,0,0.2341
88405,10,0.34,0,0.0428
88406,10,6.23,0,0.3225
88407,8,6.0,0,0.8454
88408,7,9.71,0,0.945
88409,9,14.5,0,0.7159
88410,10,5.6,0,0.4375
88411,10,0.0,0,0.0
88412,10,0.13,0,0.0174
88413,8,9.94,0,0.937
88414,8,10.82,0,0.9449
88415,9,4.33,0,0.8164
88416,10,2.77,0,0.6463
88417,9,4.18,0,0.7564
88418,8,6.55,0,0.9429
88419,10,6.89,0,0.4395
88420,7,19.81,0,0.945
88421,10,0.65,0,0.5713
88422,10,0.0,0,0.0
88423,10,0.08,0,0.0615
88424,9,0.16,0,0.8217
88426,7,0.2,0,0.945
88427,6,6.76,0,0.945
88428,8,0.67,0,0.8299
88429,8,4.31,0,0.8261
88430,10,0.22,0,0.2227
88431,9,3.43,0,0.7827
88432,8,3.73,0,0.9313
88433,8,0.16,0,0.8764
88434,8,0.26,0,0.9426
88435,10,2.0,0,0.3401
88436,10,2.07,0,0.2509
88437,10,0.0,0,0.0
88438,10,0.0,0,0.0
88439,10,0.0,0,0.0
88440,10,0.0,0,0.0
88441,10,0.0,0,0.0
88443,10,0.0,0,0.0
88444,10,0.0,0,0.0
88445,10,0.0,0,0.0
88446,10,0.19,0,0.0163
88447,10,0.29,0,0.0257
88448,10,0.0,0,0.0
88449,10,0.0,0,0.0
88450,10,0.0,0,0.0
88451,10,0.0,0,0.0
88452,10,0.0,0,0.0
88453,10,0.0,0,0.0
88454,10,0.0,0,0.0
88455,10,0.0,0,0.0
88456,10,0.0,0,0.0
88457,10,0.0,0,0.0
88458,10,0.0,0,0.0
88459,10,0.0,0,0.0
88460,10,0.0,0,0.0
88461,10,0.0,0,0.0
88462,10,0.0,0,0.0
88463,10,0.0,0,0.0
88464,10,0.06,0,0.0224
88465,10,0.56,0,0.1289
88466,10,4.49,0,0.3481
88467,10,5.5,0,0.3232
88468,10,0.58,0,0.0618
88469,10,5.05,0,0.4358
88470,10,1.26,0,0.0741
88471,10,0.01,0,0.0012
88472,10,0.0,0,0.0
88473,10,0.0,0,0.0
88474,10,0.0,0,0.0
88475,10,0.0,0,0.0
88476,10,0.0,0,0.0
88477,10,2.48,0,0.3461
88478,10,0.0,0,0.0
88479,10,0.0,0,0.0
88480,10,0.0,0,0.0
88481,10,0.0,0,0.0
88482,10,0.0,0,0.0
88483,10,0.0,0,0.0
88484,10,1.07,0,0.1433
88485,10,0.0,0,0.0
88486,10,0.0,0,0.0
88491,10,0.0,0,0.0
88492,10,0.0,0,0.0
89070,10,0.0,0,0.0
89071,10,6.16,0,0.3387
89072,10,9.56,0,0.3682
89073,10,4.92,0,0.1834
89074,10,10.18,0,0.4298
89075,9,5.62,0,0.7446
89076,10,0.5,0,0.0916
89077,10,0.0,0,0.0
89078,10,0.0,0,0.0
89079,10,0.0,0,0.0
89080,10,0.0,0,0.0
89081,10,0.0,0,0.0
89082,10,0.0,0,0.0
89083,10,0.0,0,0.0
89084,10,0.0,0,0.0
89085,10,0.0,0,0.0
89086,10,0.0,0,0.0
89087,10,2.45,0,0.4919
89088,8,31.9,0,0.8626
89089,10,2.47,0,0.4826
89090,10,7.98,0,0.6012
89091,8,8.79,0,0.822
89092,7,11.71,0,0.9438
89093,9,10.11,0,0.7373
89094,9,7.99,0,0.7281
89095,10,4.94,0,0.4021
89096,10,0.0,0,0.0
89097,10,1.75,0,0.2371
89098,8,6.43,0,0.9449
89099,10,3.41,0,0.6957
89100,10,0.17,0,0.4723
89101,10,4.63,0,0.5766
89102,7,4.14,0,0.8932
89103,10,0.02,0,0.321
89104,8,3.18,0,0.8542
89105,10,0.05,0,0.2236
89106,7,0.21,0,0.945
89107,10,0.27,0,0.4491
89108,10,0.08,0,0.5463
89109,10,4.01,0,0.6501
89110,10,0.1,0,0.186
89111,10,1.35,0,0.6506
89112,10,0.53,0,0.4626
89113,8,3.95,0,0.9448
89114,10,0.68,0,0.4627
89115,8,5.05,0,0.8964
89116,8,9.92,0,0.93
89117,8,0.19,0,0.9449
89118,8,1.85,0,0.9423
89119,10,1.98,0,0.6361
89120,10,0.23,0,0.2434
89122,10,0.0,0,0.0
89123,10,0.0,0,0.0
89125,10,0.0,0,0.0
89126,10,0.0,0,0.0
89127,10,0.0,0,0.0
89128,10,0.0,0,0.0
89129,10,0.0,0,0.0
89130,10,0.0,0,0.0
89131,10,0.0,0,0.0
89132,10,0.0,0,0.0
89133,10,0.0,0,0.0
89134,10,0.0,0,0.0
89135,10,0.0,0,0.0
89136,10,0.0,0,0.0
89137,10,0.0,0,0.0
89138,10,0.0,0,0.0
89139,10,0.0,0,0.0
89140,10,0.0,0,0.0
89141,10,0.0,0,0.0
89142,10,0.0,0,0.0
89143,10,0.0,0,0.0
89144,10,0.0,0,0.0
89145,10,0.0,0,0.0
89146,10,0.0,0,0.0
89147,10,0.19,0,0.0364
89148,10,0.02,0,0.0035
89149,10,3.89,0,0.5732
89150,10,8.67,0,0.6898
89151,10,5.82,0,0.7118
89152,10,1.31,0,0.1267
89153,10,0.01,0,0.0012
89154,10,13.37,0,0.6835
89155,10,1.96,0,0.2363
89156,10,0.0,0,0.0
89157,10,0.0,0,0.0
89158,10,0.0,0,0.0
89159,10,0.0,0,0.0
89160,10,0.0,0,0.0
89161,10,0.0,0,0.0
89162,10,0.0,0,0.0
89163,10,0.51,0,0.0669
89164,10,0.19,0,0.0178
89165,10,0.0,0,0.0
89166,10,0.0,0,0.0
89167,10,0.0,0,0.0
89168,10,1.05,0,0.1653
89175,10,0.0,0,0.0
89176,10,0.0,0,0.0
89754,10,2.46,0,0.3068
89755,10,0.0,0,0.0
89756,10,12.66,0,0.5261
89757,10,13.36,0,0.5678
89758,10,13.85,0,0.6028
89759,10,3.07,0,0.4494
89760,10,0.68,0,0.1594
89761,10,0.0,0,0.0
89762,10,0.0,0,0.0
89763,10,0.0,0,0.0
89764,10,0.0,0,0.0
89765,10,0.0,0,0.0
89766,10,0.0,0,0.0
89767,10,0.0,0,0.0
89768,10,0.0,0,0.0
89769,10,0.0,0,0.0
89770,10,0.0,0,0.0
89771,10,5.75,0,0.6019
89772,10,6.43,0,0.3181
89773,10,6.82,0,0.5551
89774,10,1.98,0,0.1311
89775,10,3.6,0,0.3811
89776,7,9.65,0,0.945
89777,8,22.34,0,0.9269
89778,9,11.41,0,0.7617
89779,10,4.72,0,0.3853
89780,10,0.0,0,0.0
89781,10,0.52,0,0.1339
89782,9,7.84,0,0.8386
89783,8,6.08,0,0.9367
89784,8,2.8,0,0.9449
89785,6,8.63,0,0.945
89786,7,0.82,0,0.8385
89787,10,0.3,0,0.5022
89788,10,0.13,0,0.363
89789,10,0.1,0,0.1186
89793,8,3.38,0,0.8595
89794,10,0.25,0,0.5977
89795,9,2.8,0,0.7821
89796,8,0.96,0,0.9448
89797,8,1.99,0,0.9448
89798,8,5.86,0,0.9296
89799,8,14.85,0,0.9449
89800,8,12.64,0,0.9449
89801,8,2.34,0,0.9425
89802,8,11.04,0,0.933
89803,10,0.46,0,0.1243
89804,10,0.0,0,0.0
89805,10,0.0,0,0.0
89806,10,0.0,0,0.0
89807,10,0.0,0,0.0
89808,10,0.0,0,0.0
89809,10,0.0,0,0.0
89810,10,0.0,0,0.0
89811,10,0.0,0,0.0
89812,10,0.0,0,0.0
89813,10,0.0,0,0.0
89814,10,2.63,0,0.2102
89815,10,0.0,0,0.0
89816,10,0.0,0,0.0
89817,10,0.0,0,0.0
89818,10,0.0,0,0.0
89819,10,0.0,0,0.0
89820,10,0.0,0,0.0
89821,10,0.0,0,0.0
89822,10,0.0,0,0.0
89823,10,0.0,0,0.0
89824,10,0.0,0,0.0
89825,10,0.0,0,0.0
89826,10,0.0,0,0.0
89827,10,0.0,0,0.0
89828,10,0.0,0,0.0
89829,10,0.0,0,0.0
89830,10,0.0,0,0.0
89831,10,1.42,0,0.2494
89832,10,0.18,0,0.021
89833,10,0.01,0,0.0014
89834,10,0.31,0,0.072
89835,10,0.05,0,0.0032
89836,10,0.0,0,0.0
89837,10,0.0,0,0.0
89838,10,3.29,0,0.3399
89839,10,0.0,0,0.0
89840,10,0.0,0,0.0
89841,10,0.0,0,0.0
89842,10,0.0,0,0.0
89843,10,0.0,0,0.0
89844,10,0.0,0,0.0
89845,10,0.0,0,0.0
89846,10,0.02,0,0.0021
89847,10,1.25,0,0.1539
89848,10,0.19,0,0.0164
89849,10,0.0,0,0.0
89850,10,0.0,0,0.0
89851,10,0.0,0,0.0
89852,10,0.0,0,0.0
89860,10,0.0,0,0.0
90437,10,1.9,0,0.428
90438,10,6.18,0,0.6511
90439,10,5.57,0,0.4764
90440,8,15.99,0,0.8795
90441,10,8.91,0,0.5612
90442,10,3.78,0,0.2821
90443,10,4.01,0,0.3443
90444,10,0.98,0,0.1993
90445,10,0.0,0,0.0
90446,10,0.0,0,0.0
90447,10,0.0,0,0.0
90448,10,0.0,0,0.0
90449,10,0.0,0,0.0
90450,10,0.0,0,0.0
90451,10,0.0,0,0.0
90452,10,0.0,0,0.0
90453,10,0.0,0,0.0
90454,10,0.0,0,0.0
90455,10,0.63,0,0.0253
90456,10,0.81,0,0.0434
90457,10,8.12,0,0.4676
90458,10,10.34,0,0.6029
90459,10,3.59,0,0.3539
90460,7,3.41,0,0.8708
90461,8,3.55,0,0.9091
90462,10,0.01,0,0.0158
90463,10,0.39,0,0.0991
90464,10,0.0,0,0.0
90465,10,2.87,0,0.6675
90466,9,2.93,0,0.7767
90467,10,2.9,0,0.7739
90468,10,0.07,0,0.043
90469,9,3.37,0,0.7398
90470,7,18.69,0,0.945
90471,7,0.7,0,0.945
90472,10,0.27,0,0.56
90473,10,0.17,0,0.2095
90474,9,0.16,0,0.7097
90477,10,0.05,0,0.1888
90478,7,15.85,0,0.8801
90479,8,0.9,0,0.9449
90480,8,3.27,0,0.9448
90481,8,1.09,0,0.9449
90482,8,13.73,0,0.9449
90483,8,14.68,0,0.9449
90484,8,8.24,0,0.9449
90485,8,6.41,0,0.9449
90486,10,3.33,0,0.6182
90487,10,0.0,0,0.0
90488,10,0.0,0,0.0
90489,10,0.0,0,0.0
90490,10,0.0,0,0.0
90492,10,0.0,0,0.0
90493,10,0.0,0,0.0
90494,10,0.0,0,0.0
90495,10,0.0,0,0.0
90496,10,0.0,0,0.0
90497,10,0.0,0,0.0
90498,10,0.0,0,0.0
90499,10,0.0,0,0.0
90500,10,0.0,0,0.0
90501,10,0.21,0,0.6765
90502,10,0.02,0,0.0845
90503,10,0.0,0,0.0
90504,10,0.0,0,0.0
90505,10,0.77,0,0.1669
90506,10,0.0,0,0.0
90507,10,0.84,0,0.0861
90508,10,1.31,0,0.3421
90509,10,0.51,0,0.1464
90510,10,3.39,0,0.2185
90511,10,0.0,0,0.0
90512,10,0.03,0,0.0648
90513,10,0.0,0,0.0
90514,9,0.5,0,0.7522
90515,10,5.5,0,0.5193
90516,10,0.0,0,0.0
90517,9,7.24,0,0.7549
90518,10,2.49,0,0.5247
90519,10,0.0,0,0.0
90520,10,0.0,0,0.0
90521,10,0.0,0,0.0
90522,10,0.0,0,0.0
90523,10,0.0,0,0.0
90524,10,0.0,0,0.0
90525,10,13.24,0,0.5729
90526,10,2.89,0,0.2533
90527,10,0.0,0,0.0
90528,10,0.0,0,0.0
90529,10,0.0,0,0.0
90530,10,4.79,0,0.4363
90531,10,1.14,0,0.3219
90532,10,0.41,0,0.0821
90533,10,0.46,0,0.1646
90534,10,0.0,0,0.0
90535,10,0.0,0,0.0
90536,10,0.0,0,0.0
91122,9,2.34,0,0.713
91123,10,5.29,0,0.4772
91124,10,14.13,0,0.7418
91125,10,9.65,0,0.6163
91126,8,17.57,0,0.9386
91127,10,0.65,0,0.2112
91128,9,1.65,0,0.7581
91129,10,0.0,0,0.0
91130,10,0.0,0,0.0
91131,10,0.0,0,0.0
91132,10,0.0,0,0.0
91133,10,0.0,0,0.0
91134,10,0.0,0,0.0
91135,10,0.0,0,0.0
91136,10,0.0,0,0.0
91137,10,0.0,0,0.0
91138,10,0.0,0,0.0
91139,10,2.12,0,0.0854
91140,10,0.73,0,0.0525
91141,10,4.07,0,0.4251
91142,10,4.8,0,0.4995
91143,7,1.63,0,0.8702
91144,10,0.85,0,0.7291
91145,9,3.57,0,0.6718
91146,9,2.85,0,0.6645
91147,10,0.3,0,0.0289
91148,10,1.14,0,0.2051
91149,10,2.48,0,0.7482
91150,10,2.67,0,0.55
91151,10,0.01,0,0.0037
91152,10,0.0,0,0.0
91153,10,0.48,0,0.1495
91154,8,2.53,0,0.9449
91155,10,1.15,0,0.5654
91156,9,0.77,0,0.7518
91157,10,0.31,0,0.3986
91158,10,0.0,0,0.0053
91161,8,1.12,0,0.9449
91162,7,0.45,0,0.945
91163,8,0.09,0,0.9449
91164,7,0.68,0,0.9141
91165,10,0.09,0,0.0667
91166,8,3.08,0,0.907
91167,8,20.5,0,0.9448
91168,8,14.89,0,0.9449
91169,8,18.17,0,0.9449
91170,8,3.11,0,0.9066
91171,10,0.64,0,0.6909
91172,10,4.21,0,0.3672
91173,10,0.0,0,0.0
91174,10,0.0,0,0.0
91175,10,0.0,0,0.0
91176,10,0.0,0,0.0
91177,10,0.0,0,0.0
91178,10,0.0,0,0.0
91179,10,0.0,0,0.0
91180,10,0.0,0,0.0
91181,10,0.75,0,0.0635
91182,10,2.14,0,0.3174
91183,10,0.53,0,0.3213
91184,10,0.11,0,0.1484
91185,10,0.08,0,0.102
91186,10,0.01,0,0.0556
91187,10,0.0,0,0.0
91188,10,0.0,0,0.0
91189,10,0.64,0,0.5197
91190,8,0.21,0,0.9082
91191,10,2.89,0,0.6122
91192,10,0.21,0,0.19
91193,9,5.26,0,0.8348
91194,10,1.1,0,0.5909
91195,10,8.69,0,0.5429
91196,10,0.5,0,0.7325
91197,9,1.16,0,0.8955
91198,10,0.3,0,0.1
91199,10,1.28,0,0.0494
91200,7,11.43,0,0.9375
91201,8,6.18,0,0.8569
91202,9,4.77,0,0.7702
91203,10,1.78,0,0.1111
91204,10,0.0,0,0.0
91205,10,0.0,0,0.0
91206,10,0.0,0,0.0
91207,10,0.0,0,0.0
91208,10,0.0,0,0.0
91209,10,10.78,0,0.7011
91210,10,2.84,0,0.293
91211,10,0.63,0,0.0601
91212,10,0.0,0,0.0
91213,10,0.0,0,0.0
91214,10,0.0,0,0.0
91215,10,0.0,0,0.0
91216,10,1.0,0,0.1174
91217,10,1.16,0,0.4493
91807,10,10.68,0,0.5736
91808,8,20.5,0,0.9294
91809,10,2.73,0,0.1673
91810,8,19.08,0,0.9385
91811,10,2.93,0,0.6124
91812,10,2.03,0,0.4078
91813,10,0.0,0,0.0
91814,10,0.0,0,0.0
91815,10,0.0,0,0.0
91816,10,0.0,0,0.0
91817,10,0.0,0,0.0
91818,10,0.0,0,0.0
91819,10,1.68,0,0.0726
91820,10,1.66,0,0.181
91821,10,0.67,0,0.0497
91822,10,0.0,0,0.0
91823,10,4.2,0,0.2496
91824,10,3.51,0,0.217
91825,10,0.4,0,0.0704
91826,10,6.12,0,0.6467
91827,10,0.86,0,0.2733
91828,10,2.07,0,0.4705
91829,10,0.58,0,0.1001
91830,10,2.48,0,0.2517
91831,10,2.49,0,0.2246
91832,10,2.18,0,0.4533
91833,8,2.02,0,0.9449
91834,8,5.4,0,0.9436
91835,10,1.06,0,0.3463
91836,10,0.43,0,0.117
91837,10,0.42,0,0.152
91838,8,4.66,0,0.8473
91839,10,0.88,0,0.4132
91840,10,0.63,0,0.4011
91841,10,0.1,0,0.2954
91842,10,0.0,0,0.0
91845,8,0.09,0,0.9448
91847,7,0.22,0,0.945
91848,10,0.09,0,0.4514
91849,10,0.2,0,0.1816
91850,8,21.32,0,0.9449
91851,8,51.29,0,0.9178
91852,9,6.77,0,0.7766
91853,9,8.96,0,0.881
91854,8,0.8,0,0.9207
91855,8,2.22,0,0.9277
91856,9,7.28,0,0.8902
91857,10,0.66,0,0.4672
91858,10,1.0,0,0.3568
91859,10,0.01,0,0.0053
91860,10,0.0,0,0.0
91861,10,0.0,0,0.0
91862,10,0.0,0,0.0
91863,10,0.0,0,0.0
91864,10,0.0,0,0.0
91865,10,0.0,0,0.0
91866,10,0.0,0,0.0
91867,10,0.14,0,0.1232
91868,10,3.75,0,0.6771
91869,10,5.8,0,0.3245
91870,10,0.45,0,0.1812
91871,10,0.0,0,0.0
91872,8,0.01,0,0.9448
91873,7,0.24,0,0.945
91874,8,1.03,0,0.9449
91875,10,0.17,0,0.0306
91876,8,1.97,0,0.8686
91877,8,7.81,0,0.924
91878,10,0.22,0,0.0163
91879,10,2.16,0,0.1657
91880,10,0.26,0,0.0961
91881,9,4.11,0,0.8522
91882,10,1.64,0,0.2127
91883,10,4.88,0,0.1995
91884,7,18.88,0,0.945
91885,8,10.19,0,0.7347
91886,8,22.16,0,0.8962
91887,10,5.76,0,0.2989
91888,10,0.0,0,0.0
91889,10,0.0,0,0.0
91890,10,0.0,0,0.0
91891,10,0.0,0,0.0
91892,10,0.0,0,0.0
91893,10,1.93,0,0.2647
91894,10,6.61,0,0.7753
91895,10,1.86,0,0.1389
91896,10,6.15,0,0.5503
91897,10,0.8,0,0.0612
91898,10,0.0,0,0.0
91899,10,0.0,0,0.0
91900,10,0.0,0,0.0
91901,10,0.91,0,0.2097
92491,10,0.51,0,0.0229
92492,10,10.65,0,0.6869
92493,10,8.55,0,0.394
92494,8,13.32,0,0.8893
92495,10,9.43,0,0.5203
92496,10,0.54,0,0.6434
92497,10,0.04,0,0.1097
92498,10,0.0,0,0.0
92499,10,0.2,0,0.0512
92500,10,9.33,0,0.2819
92501,10,0.0,0,0.0
92502,10,0.0,0,0.0
92503,10,13.29,0,0.7051
92504,10,6.28,0,0.4412
92505,10,5.34,0,0.3104
92506,10,0.0,0,0.0
92507,10,0.0,0,0.0
92508,10,6.99,0,0.4203
92509,10,4.06,0,0.6887
92510,8,3.06,0,0.8299
92511,10,0.63,0,0.579
92512,10,4.65,0,0.6927
92513,10,0.3,0,0.2918
92514,10,0.08,0,0.1292
92515,10,0.52,0,0.5456
92516,10,1.44,0,0.429
92517,10,1.35,0,0.4583
92518,10,1.6,0,0.3152
92519,10,0.8,0,0.3624
92520,10,1.8,0,0.6276
92521,10,0.0,0,0.0
92522,10,0.0,0,0.0
92523,10,0.51,0,0.3267
92524,10,0.09,0,0.3467
92525,10,0.52,0,0.4036
92526,8,3.46,0,0.9449
92529,8,0.15,0,0.9448
92531,10,0.02,0,0.1697
92532,10,0.0,0,0.0
92533,10,4.07,0,0.4692
92534,9,21.72,0,0.8488
92535,9,32.36,0,0.7965
92536,10,4.66,0,0.3821
92537,10,7.1,0,0.6781
92538,10,6.73,0,0.6019
92539,9,11.4,0,0.9074
92540,10,2.65,0,0.3927
92541,10,6.32,0,0.6706
92542,10,2.22,0,0.7504
92543,10,0.0,0,0.0
92544,10,0.0,0,0.0
92545,10,0.0,0,0.0
92546,10,0.0,0,0.0
92547,10,0.0,0,0.0
92548,10,0.0,0,0.0
92549,10,0.85,0,0.0726
92550,10,0.2,0,0.0139
92551,10,2.73,0,0.7193
92552,8,9.76,0,0.8811
92553,10,0.11,0,0.0179
92554,10,2.18,0,0.511
92555,10,0.1,0,0.7459
92556,8,1.99,0,0.8961
92557,8,2.29,0,0.9449
92558,10,0.09,0,0.2377
92559,10,0.58,0,0.2673
92560,9,4.66,0,0.748
92561,10,0.24,0,0.157
92562,10,0.0,0,0.0
92563,10,0.0,0,0.0
92564,10,0.41,0,0.3304
92565,10,3.73,0,0.5353
92566,10,5.61,0,0.2876
92567,10,6.44,0,0.398
92568,8,5.02,0,0.9345
92569,10,2.2,0,0.324
92570,10,1.93,0,0.2158
92571,10,0.0,0,0.0
92572,10,0.0,0,0.0
92573,10,0.0,0,0.0
92574,10,0.05,0,0.0098
92575,10,0.01,0,0.0022
92576,10,0.0,0,0.0
92577,10,1.27,0,0.1973
92578,9,9.08,0,0.8732
92579,10,0.0,0,0.0
92580,10,9.95,0,0.5335
92581,10,6.3,0,0.3572
92582,10,0.0,0,0.0
92583,10,0.0,0,0.0
92584,10,0.0,0,0.0
92585,10,0.0,0,0.0
92611,10,0.0,0,0.0
92615,10,0.0,0,0.0
92616,10,0.0,0,0.0
92617,10,0.0,0,0.0
93175,10,0.32,0,0.1105
93176,10,3.75,0,0.6538
93177,10,8.94,0,0.5989
93178,8,8.75,0,0.9204
93179,10,6.23,0,0.2941
93180,10,4.68,0,0.6727
93183,10,0.23,0,0.3389
93184,10,27.81,0,0.6877
93185,10,10.16,0,0.3099
93186,10,9.78,0,0.242
93187,10,14.25,0,0.5695
93188,10,1.87,0,0.116
93189,10,0.0,0,0.0
93190,10,0.0,0,0.0
93191,10,0.0,0,0.0
93192,10,1.38,0,0.0926
93193,9,1.02,0,0.9314
93194,8,0.35,0,0.9449
93195,10,0.0,0,0.0
93196,10,0.0,0,0.0
93197,10,5.23,0,0.6522
93198,10,5.24,0,0.4865
93199,10,1.74,0,0.4407
93200,10,1.27,0,0.2444
93201,10,1.24,0,0.377
93202,10,0.68,0,0.381
93203,10,0.21,0,0.0701
93204,10,0.42,0,0.4047
93205,10,0.0,0,0.0
93206,10,0.0,0,0.0
93207,10,0.0,0,0.0065
93208,7,3.57,0,0.9416
93209,8,0.45,0,0.8681
93210,8,11.59,0,0.9449
93215,10,0.0,0,0.0
93216,10,0.0,0,0.0
93217,10,2.35,0,0.1029
93218,10,32.02,0,0.5859
93219,9,40.15,0,0.8106
93220,10,0.58,0,0.0245
93221,10,1.3,0,0.0976
93222,10,15.84,0,0.6511
93223,9,38.36,0,0.905
93224,10,0.0,0,0.0
93225,10,1.52,0,0.1615
93226,10,5.04,0,0.5871
93227,10,0.03,0,0.0104
93228,10,0.0,0,0.0
93229,10,0.0,0,0.0
93230,10,0.0,0,0.0
93231,10,0.0,0,0.0
93232,10,0.0,0,0.0
93233,10,5.73,0,0.533
93234,10,4.47,0,0.509
93235,10,5.49,0,0.5931
93236,10,3.02,0,0.5186
93237,10,0.0,0,0.0
93238,10,0.88,0,0.296
93239,8,0.11,0,0.9449
93240,8,3.38,0,0.9449
93241,10,1.71,0,0.4229
93242,10,0.0,0,0.0
93243,10,0.02,0,0.0308
93244,10,0.0,0,0.0
93245,10,0.27,0,0.1414
93246,10,0.0,0,0.0
93247,10,0.0,0,0.0
93248,10,0.0,0,0.0
93249,10,1.33,0,0.2625
93250,10,1.13,0,0.0889
93251,10,9.4,0,0.3146
93252,9,25.68,0,0.8545
93253,10,15.98,0,0.6135
93254,9,16.74,0,0.8476
93255,10,0.0,0,0.0
93256,10,0.0,0,0.0
93257,10,0.0,0,0.0
93258,10,7.56,0,0.4664
93259,10,0.57,0,0.0322
93260,10,2.12,0,0.1338
93261,10,0.44,0,0.0594
93262,10,8.33,0,0.6603
93263,10,0.02,0,0.0015
93264,10,1.34,0,0.1794
93265,10,5.47,0,0.5545
93266,10,0.0,0,0.0
93295,10,0.0,0,0.0
93299,10,0.0,0,0.0
93300,10,0.0,0,0.0
93301,10,0.0,0,0.0
93860,10,3.97,0,0.6378
93861,10,5.32,0,0.3547
93862,9,6.65,0,0.803
93863,8,22.76,0,0.9346
93864,9,6.41,0,0.8632
93865,10,0.0,0,0.0
93867,10,0.0,0,0.0
93868,10,0.0,0,0.0
93869,10,0.0,0,0.0
93870,10,2.4,0,0.1045
93871,10,7.23,0,0.4505
93872,10,3.11,0,0.4178
93873,10,0.0,0,0.0
93874,10,0.0,0,0.0
93875,10,0.0,0,0.0
93876,10,0.0,0,0.0
93877,10,2.85,0,0.2297
93878,10,3.86,0,0.4283
93879,10,2.68,0,0.5707
93880,10,0.0,0,0.0
93881,10,0.58,0,0.118
93882,9,13.62,0,0.8053
93883,10,1.49,0,0.1043
93884,10,1.04,0,0.0903
93885,8,0.72,0,0.9372
93886,10,1.69,0,0.3257
93887,10,0.92,0,0.3273
93888,10,0.0,0,0.0
93889,10,0.0,0,0.0
93891,10,0.0,0,0.0
93892,8,6.25,0,0.9409
93893,8,1.55,0,0.945
93894,8,2.5,0,0.8581
93895,8,1.21,0,0.9449
93896,8,7.78,0,0.9448
93897,9,7.91,0,0.9447
93898,10,9.95,0,0.697
93899,10,0.67,0,0.1625
93900,10,0.0,0,0.0
93901,10,9.6,0,0.434
93902,8,50.41,0,0.9046
93903,10,12.63,0,0.3165
93904,10,0.0,0,0.0
93905,10,4.86,0,0.2863
93906,9,32.17,0,0.8786
93907,10,43.1,0,0.7531
93908,10,0.82,0,0.0306
93909,10,7.1,0,0.685
93910,10,11.52,0,0.5979
93911,10,2.0,0,0.2507
93912,10,4.31,0,0.7048
93913,10,5.52,0,0.6048
93914,10,0.0,0,0.0
93915,10,2.8,0,0.2624
93916,10,0.0,0,0.0
93917,10,3.44,0,0.4071
93918,10,4.74,0,0.708
93919,10,1.88,0,0.706
93920,10,0.99,0,0.3143
93921,10,0.0,0,0.0
93922,10,0.0,0,0.0
93923,8,0.22,0,0.9448
93924,10,1.11,0,0.5078
93925,10,1.97,0,0.2299
93926,10,0.0,0,0.0
93927,10,0.02,0,0.4527
93928,10,0.0,0,0.0
93929,10,0.1,0,0.0571
93930,10,0.0,0,0.0
93931,10,0.34,0,0.3985
93932,10,3.81,0,0.3895
93933,10,5.71,0,0.585
93934,10,0.0,0,0.0
93935,10,8.08,0,0.4941
93936,10,10.09,0,0.4749
93937,10,2.99,0,0.1841
93938,10,6.73,0,0.4044
93939,10,0.0,0,0.0
93940,10,0.0,0,0.0
93941,10,4.35,0,0.2426
93942,10,0.0,0,0.0
93943,10,4.42,0,0.2212
93944,10,11.89,0,0.662
93945,10,0.0,0,0.0
93946,10,7.06,0,0.7007
93947,10,0.98,0,0.0974
93948,10,0.02,0,0.0022
93949,10,2.04,0,0.3948
93950,10,0.0,0,0.0
93951,10,0.0,0,0.0
93979,10,0.0,0,0.0
93980,10,0.0,0,0.0
93981,10,0.0,0,0.0
94544,10,6.06,0,0.5292
94545,8,23.81,0,0.9449
94546,8,7.79,0,0.9449
94547,9,18.55,0,0.7312
94548,8,14.75,0,0.9057
94549,10,0.0,0,0.0
94550,10,0.0,0,0.0
94551,10,0.0,0,0.0
94552,10,0.0,0,0.0
94553,10,0.0,0,0.0
94554,10,2.75,0,0.1044
94555,10,8.36,0,0.5152
94556,10,1.18,0,0.3299
94557,10,0.0,0,0.0
94558,10,0.0,0,0.0
94559,10,0.0,0,0.0
94560,10,0.0,0,0.0
94561,10,0.0,0,0.0
94562,10,0.0,0,0.0
94563,10,0.07,0,0.0179
94564,10,0.0,0,0.0
94565,10,0.0,0,0.0
94566,10,4.17,0,0.6309
94567,10,2.5,0,0.2312
94568,10,0.26,0,0.0374
94569,10,0.52,0,0.1402
94570,10,0.21,0,0.0353
94571,10,0.0,0,0.0
94572,10,0.0,0,0.0
94573,10,0.0,0,0.0
94574,10,1.71,0,0.5103
94575,10,0.23,0,0.1143
94576,10,5.3,0,0.504
94577,8,9.56,0,0.8453
94578,10,0.99,0,0.1157
94579,9,10.74,0,0.7694
94580,10,2.01,0,0.661
94581,10,0.0,0,0.0
94582,10,0.0,0,0.0
94583,10,0.0,0,0.0
94584,10,4.81,0,0.1728
94585,10,16.08,0,0.6862
94586,10,7.48,0,0.4399
94587,9,47.88,0,0.8173
94588,10,22.51,0,0.5776
94589,10,12.98,0,0.6491
94590,10,3.35,0,0.4915
94591,10,10.77,0,0.5832
94592,10,4.69,0,0.3507
94593,10,15.09,0,0.6499
94594,10,18.92,0,0.7483
94595,10,6.0,0,0.6929
94596,9,2.48,0,0.889
94597,9,3.64,0,0.7771
94598,10,0.0,0,0.0
94599,10,0.0,0,0.0
94600,10,0.0,0,0.0
94601,10,0.01,0,0.0014
94602,10,0.0,0,0.0
94603,10,1.85,0,0.7562
94604,10,0.67,0,0.1377
94605,10,0.0,0,0.0
94606,10,0.0,0,0.0
94607,9,7.05,0,0.8264
94608,10,2.19,0,0.1439
94609,10,0.0,0,0.0
94610,10,0.0,0,0.0
94611,10,2.38,0,0.2392
94612,10,2.43,0,0.1923
94613,10,2.75,0,0.2598
94614,10,0.0,0,0.0
94615,10,1.17,0,0.1252
94616,10,4.02,0,0.2952
94617,10,11.74,0,0.6362
94618,10,0.0,0,0.0
94619,10,4.06,0,0.5059
94620,10,5.63,0,0.2855
94621,10,0.0,0,0.0
94622,10,0.0,0,0.0
94623,10,0.0,0,0.0
94624,10,0.0,0,0.0
94625,10,3.96,0,0.3842
94626,10,3.25,0,0.2057
94627,10,1.91,0,0.0767
94628,10,4.19,0,0.1794
94629,10,0.41,0,0.0178
94630,10,2.66,0,0.3178
94631,10,3.73,0,0.322
94632,10,3.96,0,0.5352
94633,10,0.02,0,0.0056
94634,10,0.0,0,0.0
94635,10,0.0,0,0.0
95228,9,27.51,0,0.8279
95229,8,55.59,0,0.9449
95230,8,20.82,0,0.9449
95231,8,22.96,0,0.8947
95232,8,18.48,0,0.9301
95233,8,1.46,0,0.9039
95234,10,0.21,0,0.3967
95235,10,0.0,0,0.0
95236,10,0.0,0,0.0
95237,10,0.0,0,0.0
95238,10,4.08,0,0.1672
95239,10,8.88,0,0.8788
95240,10,0.49,0,0.8035
95241,10,0.0,0,0.0
95242,10,0.0,0,0.0
95243,10,0.0,0,0.0
95244,10,0.0,0,0.0
95246,10,0.0,0,0.0
95247,10,0.0,0,0.0
95248,10,0.0,0,0.0
95249,10,0.0,0,0.0
95250,10,0.0,0,0.0
95251,10,1.84,0,0.412
95252,9,3.84,0,0.7049
95253,8,4.88,0,0.9448
95254,8,7.1,0,0.9279
95255,10,0.14,0,0.1453
95256,10,0.0,0,0.0
95257,9,2.56,0,0.8776
95258,9,2.67,0,0.9447
95259,9,1.64,0,0.919
95260,10,6.62,0,0.6091
95261,10,4.27,0,0.6844
95262,10,0.0,0,0.0
95263,10,0.05,0,0.0047
95264,10,0.0,0,0.0
95265,10,1.29,0,0.2152
95266,10,0.92,0,0.1973
95267,10,0.0,0,0.0
95268,10,0.81,0,0.1944
95269,10,1.16,0,0.1154
95270,10,2.26,0,0.1798
95271,9,25.14,0,0.7472
95272,10,19.12,0,0.7152
95273,9,10.4,0,0.7333
95274,10,0.56,0,0.067
95275,10,4.92,0,0.6771
95276,10,10.09,0,0.6559
95277,9,19.15,0,0.9445
95278,9,30.48,0,0.9179
95279,9,10.49,0,0.8259
95280,10,4.71,0,0.7132
95281,10,0.19,0,0.0192
95282,10,0.43,0,0.2156
95283,10,0.0,0,0.0
95284,10,0.0,0,0.0
95285,10,2.53,0,0.1764
95286,10,0.0,0,0.0
95287,10,0.14,0,0.0135
95288,10,0.91,0,0.0902
95289,10,0.0,0,0.0
95290,10,0.0,0,0.0
95291,8,3.16,0,0.9249
95292,10,3.5,0,0.2552
95293,10,5.33,0,0.3546
95294,10,4.43,0,0.5249
95295,10,2.27,0,0.2199
95296,10,4.31,0,0.3868
95297,10,12.45,0,0.771
95298,10,1.41,0,0.2304
95299,10,6.47,0,0.3184
95300,10,14.22,0,0.5676
95301,10,14.27,0,0.7109
95302,10,0.0,0,0.0
95303,10,1.58,0,0.0616
95304,10,1.13,0,0.0903
95305,10,0.0,0,0.0
95306,10,0.0,0,0.0
95307,10,0.0,0,0.0
95309,9,2.71,0,0.9419
95310,10,15.17,0,0.4661
95311,10,2.03,0,0.0669
95312,10,2.22,0,0.0921
95313,10,9.76,0,0.8381
95314,10,3.74,0,0.7752
95315,10,1.5,0,0.4053
95316,10,3.03,0,0.7161
95317,10,0.07,0,0.1496
95318,10,0.0,0,0.0
95352,10,0.0,0,0.0
95353,10,0.0,0,0.0
95911,10,0.0,0,0.0
95912,10,6.32,0,0.2881
95913,8,40.42,0,0.9449
95914,8,20.74,0,0.849
95915,10,16.23,0,0.5348
95916,7,7.11,0,0.9246
95917,10,0.03,0,0.6169
95918,10,0.04,0,0.0257
95919,10,0.0,0,0.0
95920,10,0.0,0,0.0
95921,10,0.0,0,0.0
95922,10,11.77,0,0.4955
95923,10,7.91,0,0.8612
95925,10,0.0,0,0.0
95926,10,0.0,0,0.0
95927,10,0.0,0,0.0
95928,10,0.0,0,0.0
95930,10,0.0,0,0.0
95931,10,0.0,0,0.0
95932,10,6.08,0,0.5195
95933,10,5.43,0,0.7649
95934,10,0.04,0,0.0112
95935,10,0.91,0,0.2529
95936,10,1.36,0,0.3874
95937,8,2.41,0,0.9449
95938,10,3.87,0,0.5006
95939,10,3.84,0,0.6098
95940,10,0.0,0,0.0
95941,9,1.65,0,0.8268
95942,10,3.2,0,0.4008
95943,10,0.19,0,0.117
95944,8,17.25,0,0.9319
95945,10,0.05,0,0.0538
95946,10,16.86,0,0.4943
95947,10,6.76,0,0.7214
95949,10,0.0,0,0.0
95950,10,0.0,0,0.0
95951,10,0.56,0,0.0422
95952,10,7.68,0,0.4925
95953,9,15.75,0,0.8451
95954,10,9.29,0,0.4542
95955,10,0.46,0,0.021
95956,10,3.13,0,0.3463
95957,10,8.03,0,0.7107
95958,10,2.88,0,0.1964
95959,9,28.19,0,0.8072
95960,10,25.65,0,0.7835
95961,10,10.36,0,0.4673
95962,9,38.09,0,0.9447
95963,8,30.75,0,0.8934
95964,10,3.85,0,0.2025
95965,10,0.11,0,0.0048
95966,10,1.42,0,0.0687
95967,10,0.0,0,0.0
95968,10,0.0,0,0.0
95969,10,0.0,0,0.0
95970,10,0.0,0,0.0
95971,10,0.0,0,0.0
95972,10,0.0,0,0.0
95973,10,0.0,0,0.0
95974,10,8.44,0,0.4924
95975,10,5.17,0,0.6351
95976,10,2.79,0,0.2711
95977,10,13.62,0,0.7236
95978,10,2.08,0,0.1656
95979,10,0.0,0,0.0
95980,10,0.14,0,0.0096
95981,10,5.15,0,0.3986
95982,10,0.0,0,0.0
95983,10,14.04,0,0.4324
95984,10,9.93,0,0.4982
95985,10,0.89,0,0.0296
95986,10,0.0,0,0.0
95987,10,0.0,0,0.0
95988,10,0.0,0,0.0
95989,10,0.0,0,0.0
95990,10,0.0,0,0.0
95991,10,4.14,0,0.4447
95993,10,0.91,0,0.3818
95994,10,11.26,0,0.2359
95995,10,0.54,0,0.0228
95996,10,0.19,0,0.076
95997,10,0.01,0,0.0018
95998,10,5.14,0,0.5676
95999,10,0.09,0,0.0465
96000,10,0.66,0,0.1683
96036,10,0.0,0,0.0
96045,10,0.0,0,0.0
96046,10,0.0,0,0.0
96047,10,0.0,0,0.0
96595,10,0.0,0,0.0
96596,10,2.06,0,0.113
96597,9,16.3,0,0.7562
96598,8,29.17,0,0.9449
96599,10,10.76,0,0.5134
96600,7,2.77,0,0.9239
96601,10,0.83,0,0.6393
96602,10,0.27,0,0.06
96603,10,0.77,0,0.3202
96604,10,0.26,0,0.0123
96605,10,1.24,0,0.038
96606,10,11.17,0,0.5936
96607,10,2.58,0,0.9443
96610,10,0.0,0,0.0
96611,10,0.0,0,0.0
96612,10,0.0,0,0.0
96613,10,0.0,0,0.0
96614,10,0.0,0,0.0
96615,9,1.24,0,0.8958
96616,8,9.33,0,0.9427
96617,10,0.28,0,0.1919
96618,10,0.36,0,0.2077
96619,10,0.0,0,0.0
96620,10,0.04,0,0.0409
96621,10,5.59,0,0.6788
96622,9,13.23,0,0.7737
96623,10,11.71,0,0.7473
96624,10,0.72,0,0.1095
96625,10,0.49,0,0.0535
96626,10,0.33,0,0.0132
96627,10,5.5,0,0.2698
96628,8,24.2,0,0.9412
96629,9,4.13,0,0.8648
96630,9,22.2,0,0.7339
96631,10,4.4,0,0.628
96632,9,1.6,0,0.8079
96633,9,3.7,0,0.8171
96634,10,4.82,0,0.3439
96635,10,10.15,0,0.4555
96636,8,21.86,0,0.9142
96637,9,3.2,0,0.7057
96638,10,4.18,0,0.2301
96639,10,5.16,0,0.4786
96640,10,2.48,0,0.1524
96641,9,13.96,0,0.9419
96642,10,4.25,0,0.4378
96643,10,0.91,0,0.1114
96644,10,0.26,0,0.0098
96645,10,9.42,0,0.3297
96646,9,12.27,0,0.932
96647,10,6.2,0,0.3464
96648,10,3.49,0,0.0994
96649,10,11.09,0,0.5712
96650,10,5.89,0,0.5698
96651,10,2.29,0,0.3091
96652,10,0.92,0,0.5432
96653,10,0.0,0,0.0
96654,10,0.0,0,0.0
96655,10,0.0,0,0.0
96656,10,0.0,0,0.0
96657,10,0.0,0,0.0
96658,10,10.37,0,0.6528
96659,10,8.25,0,0.2964
96660,10,2.1,0,0.1596
96661,10,13.39,0,0.8656
96662,10,3.21,0,0.4488
96663,10,2.86,0,0.1909
96664,10,0.06,0,0.0257
96665,10,6.41,0,0.5498
96666,10,2.29,0,0.2151
96667,10,0.0,0,0.0
96668,10,0.0,0,0.0
96669,10,0.0,0,0.0
96670,10,0.0,0,0.0
96671,10,0.0,0,0.0
96673,10,0.0,0,0.0
96674,10,7.3,0,0.3794
96675,10,6.32,0,0.4874
96676,9,0.11,0,0.9444
96678,9,3.41,0,0.9447
96679,10,13.59,0,0.5801
96680,10,2.85,0,0.735
96681,10,0.1,0,0.6067
96682,10,1.79,0,0.4414
96683,10,0.0,0,0.0
96684,10,0.0,0,0.0
96685,10,0.0,0,0.0
96713,10,0.0,0,0.0
96714,10,0.0,0,0.0
96729,10,0.0,0,0.0
96730,10,0.0,0,0.0
96731,10,0.0,0,0.0
97278,10,0.0,0,0.0
97279,10,0.0,0,0.0
97280,10,0.91,0,0.0579
97281,8,27.2,0,0.8645
97282,8,49.45,0,0.9449
97283,8,20.82,0,0.9449
97284,7,4.53,0,0.9354
97285,7,2.06,0,0.945
97286,10,0.0,0,0.0
97287,9,5.11,0,0.7096
97288,10,2.95,0,0.1221
97289,10,1.46,0,0.0438
97290,9,13.97,0,0.9445
97294,10,0.0,0,0.0
97295,10,0.0,0,0.0
97296,10,0.0,0,0.0
97297,10,0.0,0,0.0
97299,9,3.12,0,0.7424
97300,10,4.78,0,0.6792
97301,10,0.43,0,0.1653
97302,10,0.0,0,0.0
97303,10,0.0,0,0.0
97304,10,0.0,0,0.0
97305,10,0.11,0,0.1044
97306,8,5.76,0,0.8459
97307,9,11.88,0,0.8719
97308,10,12.32,0,0.7348
97309,10,4.15,0,0.5391
97310,10,3.09,0,0.3297
97311,10,3.34,0,0.4091
97312,9,5.45,0,0.758
97313,10,3.07,0,0.2274
97314,10,0.56,0,0.0514
97315,8,6.19,0,0.9448
97316,10,4.04,0,0.3559
97317,10,4.91,0,0.3456
97318,10,1.39,0,0.1615
97319,10,8.22,0,0.3634
97320,10,9.71,0,0.482
97321,10,0.0,0,0.0
97322,10,22.07,0,0.4889
97323,10,6.19,0,0.4081
97324,10,1.1,0,0.1771
97325,10,6.52,0,0.2438
97326,10,0.0,0,0.0
97327,10,13.82,0,0.6336
97328,10,8.08,0,0.4989
97329,10,0.03,0,0.0057
97330,10,0.91,0,0.0763
97331,10,6.24,0,0.7062
97332,10,4.99,0,0.6007
97333,9,9.44,0,0.9446
97334,10,19.63,0,0.6577
97335,10,0.43,0,0.0683
97336,10,0.25,0,0.0241
97337,10,0.04,0,0.0047
97338,10,0.2,0,0.0311
97339,10,1.15,0,0.7874
97340,10,0.0,0,0.0
97341,10,0.0,0,0.0
97342,10,0.0,0,0.0
97343,10,0.0,0,0.0
97344,9,12.52,0,0.9446
97345,10,14.27,0,0.8224
97346,10,0.48,0,0.1797
97347,10,10.18,0,0.643
97348,10,1.47,0,0.3989
97349,10,0.18,0,0.0336
97350,10,0.0,0,0.0
97351,10,0.0,0,0.0
97352,10,0.0,0,0.0
97353,10,0.0,0,0.0
97354,10,0.0,0,0.0
97355,10,0.0,0,0.0
97356,10,0.0,0,0.0
97357,10,0.0,0,0.0
97358,10,1.19,0,0.203
97359,10,0.05,0,0.0083
97360,10,0.0,0,0.0
97363,10,9.53,0,0.8039
97364,9,2.94,0,0.9447
97365,10,0.02,0,0.5666
97366,8,6.81,0,0.9118
97367,10,0.85,0,0.1448
97368,9,1.09,0,0.7878
97962,10,0.0,0,0.0
97963,10,0.0,0,0.0
97964,10,1.26,0,0.0462
97965,9,13.48,0,0.7937
97966,8,24.86,0,0.9449
97967,7,21.99,0,0.945
97968,7,6.6,0,0.945
97969,6,3.69,0,0.945
97971,9,13.92,0,0.8629
97972,10,15.97,0,0.5253
97973,10,0.32,0,0.0175
97974,9,3.52,0,0.9343
97979,10,0.0,0,0.0
97980,10,0.0,0,0.0
97981,10,0.0,0,0.0
97982,10,0.0,0,0.0
97983,10,0.0,0,0.0
97984,10,0.0,0,0.0003
97985,10,0.0,0,0.0
97986,10,0.0,0,0.0
97987,10,0.0,0,0.0
97988,10,0.0,0,0.0
97989,10,0.0,0,0.0
97990,9,7.85,0,0.834
97991,9,2.27,0,0.8184
97992,10,0.71,0,0.2589
97993,10,0.62,0,0.1912
97994,10,0.0,0,0.0
97995,10,0.0,0,0.0
97996,10,3.11,0,0.4057
97997,10,0.01,0,0.0007
97998,10,6.57,0,0.6211
97999,8,40.51,0,0.9448
98000,10,14.52,0,0.4252
98001,10,0.0,0,0.0
98002,10,2.6,0,0.127
98003,8,20.54,0,0.9248
98004,9,12.86,0,0.8129
98005,10,3.48,0,0.2455
98006,9,69.06,0,0.9006
98007,9,32.99,0,0.9085
98008,10,1.04,0,0.3248
98009,10,7.91,0,0.6948
98010,10,0.88,0,0.2938
98011,10,26.32,0,0.7608
98012,10,14.32,0,0.5994
98013,10,3.92,0,0.2532
98014,10,2.6,0,0.1062
98015,10,7.8,0,0.3303
98016,10,4.22,0,0.2211
98017,10,6.03,0,0.531
98018,10,5.62,0,0.2659
98019,10,1.63,0,0.1191
98020,10,7.29,0,0.513
98021,10,1.43,0,0.1496
98022,10,2.98,0,0.2644
98023,10,0.17,0,0.0518
98024,10,0.0,0,0.0
98025,10,0.0,0,0.0
98026,10,0.0,0,0.0
98027,10,1.04,0,0.074
98028,9,15.41,0,0.9266
98029,10,13.55,0,0.6709
98030,10,3.95,0,0.4228
98031,9,7.89,0,0.9222
98032,10,1.58,0,0.172
98033,10,0.08,0,0.007
98034,10,0.0,0,0.0
98035,10,0.0,0,0.0
98036,10,0.0,0,0.0
98037,10,0.0,0,0.0
98038,10,0.0,0,0.0
98040,10,0.0,0,0.0
98041,10,0.0,0,0.0
98042,10,0.0,0,0.0
98043,10,0.0,0,0.0
98044,10,0.0,0,0.0
98045,10,0.0,0,0.0
98046,10,0.0,0,0.0
98047,9,23.96,0,0.9442
98048,9,2.95,0,0.9336
98049,10,1.71,0,0.1535
98050,8,22.24,0,0.9449
98051,8,2.35,0,0.8908
98052,10,2.64,0,0.8679
98053,10,0.0,0,0.0
98647,10,0.87,0,0.0499
98648,10,5.87,0,0.3675
98649,9,29.68,0,0.8327
98650,7,26.58,0,0.945
98651,8,19.32,0,0.7862
98652,9,7.02,0,0.8052
98653,6,2.84,0,0.945
98654,7,1.69,0,0.945
98655,10,8.7,0,0.5452
98656,10,3.29,0,0.1172
98657,10,0.0,0,0.0
98658,10,0.48,0,0.2198
98663,10,0.0,0,0.0
98664,10,0.0,0,0.0
98665,10,0.0,0,0.0
98666,10,0.0,0,0.0
98667,10,0.0,0,0.0
98668,10,0.0,0,0.0
98669,10,0.0,0,0.0
98670,10,5.71,0,0.6029
98671,10,1.72,0,0.1744
98672,10,0.0,0,0.0
98673,10,1.01,0,0.2253
98674,8,6.32,0,0.8046
98675,8,7.4,0,0.9449
98676,10,1.18,0,0.4408
98677,10,0.35,0,0.0488
98678,10,0.28,0,0.0706
98679,10,2.88,0,0.2278
98680,10,1.43,0,0.4634
98681,10,0.0,0,0.0
98682,10,14.55,0,0.6101
98683,10,35.47,0,0.6302
98684,10,2.02,0,0.0677
98685,10,4.89,0,0.2514
98686,9,14.76,0,0.7769
98687,10,12.19,0,0.6551
98688,10,3.35,0,0.2505
98689,10,2.08,0,0.3069
98690,10,26.41,0,0.778
98691,9,8.78,0,0.855
98692,10,1.62,0,0.7312
98693,10,2.37,0,0.6411
98694,10,0.99,0,0.7365
98695,10,2.7,0,0.545
98696,10,7.94,0,0.4292
98697,10,22.17,0,0.7195
98698,10,14.86,0,0.6154
98699,10,0.0,0,0.0
98700,10,6.94,0,0.3662
98701,9,24.53,0,0.8632
98702,10,3.35,0,0.2771
98703,10,7.0,0,0.5952
98704,10,9.32,0,0.7088
98705,10,0.0,0,0.0
98706,10,0.0,0,0.0
98707,10,0.0,0,0.0
98708,10,0.0,0,0.0
98709,10,0.0,0,0.0
98710,10,2.6,0,0.5079
98711,10,8.7,0,0.5301
98712,9,9.35,0,0.8802
98713,10,3.78,0,0.543
98714,10,4.9,0,0.5887
98715,9,1.6,0,0.9446
98716,10,0.0,0,0.0
98717,10,0.0,0,0.0
98718,10,0.0,0,0.0
98719,10,0.0,0,0.0
98720,10,0.0,0,0.0
98721,10,0.0,0,0.0
98722,10,0.0,0,0.0
98724,10,0.0,0,0.0
98725,10,0.0,0,0.0
98726,10,4.28,0,0.2216
98727,10,20.51,0,0.5738
98728,10,0.64,0,0.0434
98731,9,0.09,0,0.9446
98732,9,2.88,0,0.9444
98733,10,0.3,0,0.0851
98734,10,5.61,0,0.7573
98735,10,0.42,0,0.2428
98736,10,0.0,0,0.0
98737,10,0.0,0,0.0
99330,7,13.52,0,0.945
99331,10,7.65,0,0.483
99332,10,0.0,0,0.0001
99333,10,8.08,0,0.6713
99334,6,22.89,0,0.945
99335,7,7.21,0,0.945
99336,6,12.12,0,0.945
99337,8,0.78,0,0.9449
99338,7,1.59,0,0.945
99339,7,27.57,0,0.945
99340,10,20.14,0,0.67
99341,10,8.32,0,0.3492
99342,10,1.04,0,0.3789
99343,10,0.0,0,0.0
99348,10,0.0,0,0.0
99351,10,0.0,0,0.0
99352,10,0.0,0,0.0
99353,10,0.0,0,0.0
99354,10,2.0,0,0.785
99355,10,2.91,0,0.4486
99356,10,0.85,0,0.3411
99357,9,3.89,0,0.8242
99358,7,5.23,0,0.945
99359,10,1.7,0,0.4724
99360,8,2.1,0,0.9449
99361,9,11.76,0,0.8163
99362,10,2.58,0,0.1531
99363,10,5.3,0,0.2463
99364,10,1.97,0,0.2075
99365,10,5.23,0,0.2986
99366,10,3.72,0,0.1465
99367,10,5.36,0,0.1782
99368,10,2.95,0,0.1176
99369,10,13.2,0,0.696
99370,10,16.77,0,0.7016
99371,10,2.04,0,0.0773
99372,10,6.47,0,0.2405
99373,10,12.32,0,0.5403
99374,10,18.62,0,0.7513
99375,10,0.0,0,0.0035
99376,10,0.07,0,0.0134
99377,10,7.49,0,0.6888
99378,10,0.07,0,0.0729
99379,10,0.0,0,0.0
99380,10,17.96,0,0.5279
99381,10,5.83,0,0.7618
99383,10,0.0,0,0.0
99384,10,10.03,0,0.5825
99385,9,22.43,0,0.9447
99386,10,1.24,0,0.0666
99387,10,1.65,0,0.0769
99388,10,0.02,0,0.0018
99389,10,0.0,0,0.0
99390,10,0.0,0,0.0
99391,10,0.0,0,0.0
99392,10,0.0,0,0.0
99393,9,0.0,0,0.9447
99394,10,8.96,0,0.7896
99395,10,1.08,0,0.0875
99397,10,1.04,0,0.6135
99398,10,10.19,0,0.5867
99399,10,0.76,0,0.2332
99400,10,0.0,0,0.0
99401,10,0.0,0,0.0
99402,10,0.0,0,0.0
99403,10,0.0,0,0.0
99404,10,0.0,0,0.0
99405,10,0.0,0,0.0
99406,10,0.0,0,0.0
99409,10,0.0,0,0.0
99410,10,3.32,0,0.2078
99411,10,4.21,0,0.2049
99412,10,0.43,0,0.1284
99417,10,0.0,0,0.0
99418,10,1.05,0,0.32
99419,10,0.0,0,0.0003
99420,10,0.0,0,0.0
100014,7,22.77,0,0.945
100015,9,11.09,0,0.8512
100016,10,0.91,0,0.0432
100017,10,10.59,0,0.5874
100018,6,16.15,0,0.945
100019,7,10.21,0,0.945
100020,6,8.46,0,0.945
100021,6,4.44,0,0.945
100022,6,0.27,0,0.945
100023,7,32.74,0,0.945
100024,7,32.74,0,0.945
100025,8,22.08,0,0.9449
100026,10,1.84,0,0.2877
100027,10,0.0,0,0.0
100028,10,0.0,0,0.0
100029,10,0.06,0,0.0445
100030,10,0.0,0,0.0
100031,10,0.0,0,0.0
100033,10,0.0,0,0.0
100034,10,0.0,0,0.0
100035,10,0.0,0,0.0
100036,10,0.0,0,0.0
100037,10,0.0,0,0.0
100038,10,0.0,0,0.0
100039,10,4.35,0,0.5542
100040,10,1.39,0,0.209
100041,10,0.39,0,0.1067
100042,8,2.8,0,0.9075
100043,8,11.72,0,0.8892
100044,9,8.98,0,0.7168
100045,8,14.51,0,0.875
100046,10,0.42,0,0.0456
100047,10,15.64,0,0.6455
100048,10,6.23,0,0.4145
100049,10,22.08,0,0.5671
100050,9,20.56,0,0.688
100051,10,5.41,0,0.4197
100052,10,6.03,0,0.4312
100053,10,1.72,0,0.3026
100054,10,9.38,0,0.4024
100055,10,3.92,0,0.1342
100056,10,0.13,0,0.0037
100057,10,11.64,0,0.3078
100058,10,3.9,0,0.2755
100059,8,16.24,0,0.9448
100060,10,13.91,0,0.775
100061,10,6.28,0,0.4494
100062,10,0.05,0,0.0373
100063,10,1.69,0,0.5631
100064,10,12.86,0,0.6064
100065,10,0.11,0,0.3844
100066,10,0.19,0,0.8644
100067,10,0.01,0,0.0098
100068,10,3.8,0,0.5135
100069,9,22.23,0,0.9446
100070,10,0.96,0,0.1388
100071,10,6.76,0,0.4401
100072,10,1.12,0,0.4365
100073,10,0.0,0,0.0
100074,10,0.0,0,0.0
100075,10,0.0,0,0.0
100076,10,0.0,0,0.0
100077,10,0.83,0,0.2111
100078,10,1.21,0,0.263
100080,9,0.01,0,0.9445
100081,10,0.1,0,0.197
100082,10,0.26,0,0.0468
100083,10,0.0,0,0.0
100084,10,0.0,0,0.0
100086,10,0.0,0,0.0
100087,10,0.0,0,0.0
100088,10,0.0,0,0.0
100093,10,0.0,0,0.0
100094,10,0.0,0,0.0
100095,10,0.0,0,0.0
100096,10,0.0,0,0.0
100100,10,0.0,0,0.0
100102,10,0.86,0,0.7366
100103,10,0.67,0,0.2895
100104,10,0.0,0,0.0
100699,7,12.27,0,0.945
100700,10,1.07,0,0.0612
100701,10,15.88,0,0.5399
100702,6,25.59,0,0.945
100703,7,36.88,0,0.945
100704,6,35.54,0,0.945
100705,6,22.73,0,0.945
100706,6,38.07,0,0.945
100707,7,11.86,0,0.945
100708,7,41.0,0,0.945
100709,8,27.92,0,0.9449
100710,10,0.52,0,0.1702
100711,10,0.05,0,0.0158
100712,10,0.46,0,0.036
100713,10,1.06,0,0.1955
100714,10,0.0,0,0.0
100715,10,0.0,0,0.0
100716,10,0.0,0,0.0
100717,10,0.0,0,0.0
100718,10,0.0,0,0.0
100719,10,0.0,0,0.0
100720,10,0.0,0,0.0
100721,10,0.0,0,0.0
100722,10,0.0,0,0.0
100723,10,0.7,0,0.2469
100724,10,0.0,0,0.0
100725,10,0.32,0,0.1844
100726,8,6.78,0,0.8961
100727,9,6.39,0,0.8282
100728,9,6.23,0,0.7384
100729,8,11.62,0,0.868
100730,10,0.38,0,0.0631
100731,10,9.99,0,0.5346
100732,10,4.85,0,0.3894
100733,7,35.7,0,0.945
100734,7,44.67,0,0.945
100735,7,15.49,0,0.945
100736,10,4.76,0,0.4321
100737,10,0.0,0,0.0
100738,9,0.27,0,0.9447
100739,8,3.46,0,0.9375
100740,10,0.58,0,0.0296
100741,10,0.17,0,0.1483
100742,8,18.34,0,0.9449
100743,8,76.59,0,0.9449
100744,8,12.86,0,0.9448
100745,8,14.15,0,0.9024
100746,8,16.47,0,0.9449
100747,9,11.65,0,0.8036
100748,10,4.29,0,0.6944
100749,10,0.63,0,0.7908
100750,9,0.76,0,0.9297
100751,10,0.0,0,0.0
100752,10,0.07,0,0.2117
100753,10,0.01,0,0.0963
100754,10,0.13,0,0.0868
100755,10,4.3,0,0.5698
100756,10,0.55,0,0.9444
100757,10,0.13,0,0.14
100758,10,0.0,0,0.0
100759,10,0.0,0,0.0
100760,10,1.02,0,0.6982
100761,10,0.85,0,0.2952
100762,10,0.5,0,0.5223
100763,10,0.19,0,0.2013
100764,9,0.07,0,0.9445
100766,10,0.0,0,0.0
100767,10,0.13,0,0.011
100768,10,0.0,0,0.0
100769,10,0.0,0,0.0
100770,10,0.0,0,0.0
100771,10,0.0,0,0.0
100776,10,0.0,0,0.0
100777,10,0.0,0,0.0
100778,10,0.0,0,0.0
100779,10,0.0,0,0.0
100780,10,11.88,0,0.9369
100781,10,0.01,0,0.9443
100784,10,0.0,0,0.0
100785,10,0.0,0,0.0
100786,9,2.82,0,0.9409
100787,10,0.97,0,0.6792
101383,7,17.2,0,0.945
101384,9,5.7,0,0.7433
101385,8,17.46,0,0.9273
101386,7,25.33,0,0.945
101387,7,43.96,0,0.945
101388,6,139.31,0,0.945
101389,6,70.77,0,0.945
101390,6,25.51,0,0.945
101391,7,1.74,0,0.945
101392,8,43.51,0,0.7895
101393,9,25.02,0,0.8149
101394,10,3.03,0,0.4592
101395,10,0.0,0,0.0
101396,10,0.16,0,0.0418
101397,10,0.64,0,0.2611
101398,10,0.0,0,0.0
101399,10,4.71,0,0.2662
101400,10,0.0,0,0.0
101402,10,0.0,0,0.0
101403,10,0.0,0,0.0
101404,10,0.0,0,0.0
101405,10,0.0,0,0.0
101406,10,0.0,0,0.0
101407,10,0.0,0,0.0
101408,10,0.15,0,0.1572
101409,10,0.04,0,0.1061
101410,7,5.21,0,0.938
101411,7,6.16,0,0.945
101412,9,4.39,0,0.8432
101413,10,3.0,0,0.6113
101414,10,2.53,0,0.3639
101415,10,5.05,0,0.3916
101416,9,11.43,0,0.8447
101417,10,23.68,0,0.6643
101418,8,34.04,0,0.9449
101419,8,16.11,0,0.9448
101420,8,0.98,0,0.9448
101421,9,0.21,0,0.9448
101422,9,1.15,0,0.9447
101423,9,1.5,0,0.9343
101424,6,0.21,0,0.945
101425,8,1.01,0,0.8956
101426,8,37.88,0,0.9165
101427,10,20.14,0,0.5582
101428,10,0.0,0,0.0
101429,9,19.44,0,0.7759
101430,8,36.23,0,0.9449
101431,9,6.78,0,0.7321
101432,10,2.29,0,0.501
101433,10,5.99,0,0.677
101435,10,0.0,0,0.0
101436,10,0.0,0,0.0
101437,10,0.0,0,0.0
101438,10,0.2,0,0.3306
101439,10,1.46,0,0.3446
101441,10,0.0,0,0.0
101442,10,0.0,0,0.0
101443,10,0.0,0,0.0
101444,10,1.83,0,0.8194
101445,10,0.37,0,0.8063
101446,10,0.0,0,0.0
101447,10,0.0,0,0.0
101448,10,0.0,0,0.0
101449,10,0.0,0,0.0
101450,10,0.56,0,0.0955
101451,10,3.34,0,0.1833
101452,10,0.0,0,0.0
101453,10,0.0,0,0.0
101454,10,0.0,0,0.0
101455,10,0.0,0,0.0
101460,10,0.0,0,0.0
101461,10,0.0,0,0.0
101462,10,0.0,0,0.0
101463,10,6.64,0,0.9443
101464,10,5.77,0,0.7015
101465,9,0.24,0,0.9444
101467,10,0.28,0,0.9443
101468,10,1.09,0,0.7739
101469,10,3.07,0,0.4847
101470,10,6.65,0,0.5994
101471,10,4.53,0,0.7639
101472,10,0.0,0,0.0
102068,7,18.64,0,0.945
102069,9,11.87,0,0.7785
102070,7,31.93,0,0.945
102071,6,40.42,0,0.945
102072,7,74.1,0,0.945
102073,6,84.16,0,0.945
102074,7,36.2,0,0.945
102075,8,8.96,0,0.945
102076,10,11.52,0,0.5538
102077,10,11.76,0,0.5131
102078,10,11.09,0,0.7519
102079,10,0.0,0,0.0
102080,10,0.0,0,0.0
102081,10,0.0,0,0.0
102082,10,0.0,0,0.0
102083,10,7.16,0,0.3189
102084,10,0.0,0,0.0
102085,10,0.0,0,0.0
102086,10,0.0,0,0.0
102087,10,0.0,0,0.0
102088,10,0.0,0,0.0
102089,10,0.0,0,0.0
102090,10,0.0,0,0.0
102091,10,0.0,0,0.0
102092,10,1.34,0,0.284
102093,10,1.66,0,0.4787
102094,10,0.06,0,0.3792
102095,7,11.6,0,0.945
102096,9,15.46,0,0.8653
102097,10,3.34,0,0.1782
102098,10,2.3,0,0.2101
102099,10,0.28,0,0.022
102100,10,11.71,0,0.3959
102101,8,39.1,0,0.9195
102102,8,57.13,0,0.9449
102103,8,28.34,0,0.9449
102104,8,28.77,0,0.9449
102105,8,0.04,0,0.9448
102106,10,2.48,0,0.7113
102107,8,4.16,0,0.9311
102108,8,12.79,0,0.9448
102109,9,14.28,0,0.8282
102110,8,22.97,0,0.8896
102111,10,0.0,0,0.0
102112,10,0.0,0,0.0
102113,10,12.55,0,0.4554
102114,10,4.99,0,0.5436
102115,10,0.16,0,0.7471
102116,10,1.46,0,0.6356
102117,10,0.09,0,0.0366
102118,9,0.36,0,0.9444
102119,10,1.19,0,0.4964
102120,10,0.16,0,0.3118
102121,10,0.27,0,0.3032
102122,10,0.1,0,0.1347
102123,10,0.3,0,0.6211
102124,10,0.27,0,0.9244
102125,10,0.02,0,0.0305
102126,10,0.0,0,0.0
102127,10,0.0,0,0.0
102129,10,0.02,0,0.9443
102131,10,0.0,0,0.0
102132,10,0.0,0,0.0
102133,10,0.88,0,0.2988
102134,10,0.0,0,0.0
102135,10,0.01,0,0.0012
102136,10,0.0,0,0.0
102137,10,0.0,0,0.0
102138,10,0.0,0,0.0
102139,10,0.59,0,0.4873
102142,10,0.0,0,0.0
102143,10,0.0,0,0.0
102144,10,0.0,0,0.0
102145,10,0.0,0,0.0
102146,10,0.0,0,0.0
102147,10,20.21,0,0.931
102148,9,20.78,0,0.9445
102150,10,0.0,0,0.0
102151,10,1.71,0,0.2522
102152,10,0.36,0,0.2103
102153,10,2.46,0,0.213
102154,10,1.79,0,0.7537
102155,10,0.26,0,0.3236
102157,9,0.52,0,0.9444
102752,8,25.63,0,0.9449
102753,8,11.67,0,0.8767
102754,7,36.32,0,0.936
102755,6,27.2,0,0.945
102756,7,30.16,0,0.945
102757,7,42.13,0,0.945
102758,7,35.17,0,0.945
102759,7,13.94,0,0.945
102760,9,23.66,0,0.6924
102761,10,16.01,0,0.7289
102762,8,20.4,0,0.9449
102763,10,0.0,0,0.0003
102764,10,0.0,0,0.0
102765,10,0.0,0,0.0
102766,10,0.0,0,0.0
102767,10,0.0,0,0.0
102768,10,0.0,0,0.0
102769,10,0.0,0,0.0
102770,10,0.0,0,0.0
102771,10,0.0,0,0.0
102772,10,0.0,0,0.0
102773,10,0.0,0,0.0
102774,10,0.0,0,0.0
102775,10,0.41,0,0.1404
102776,10,3.06,0,0.2655
102777,10,1.53,0,0.1602
102778,10,1.63,0,0.635
102779,8,6.76,0,0.9243
102780,10,1.5,0,0.1638
102781,10,0.56,0,0.0439
102782,10,0.0,0,0.0
102783,10,0.0,0,0.0
102784,10,1.06,0,0.072
102785,10,23.45,0,0.7194
102786,8,26.67,0,0.9449
102787,8,24.57,0,0.9449
102788,8,19.15,0,0.9449
102789,8,0.54,0,0.868
102790,10,0.24,0,0.1937
102791,8,6.05,0,0.9449
102792,8,3.14,0,0.9449
102794,8,0.12,0,0.9449
102795,8,7.13,0,0.9389
102796,10,6.95,0,0.5004
102797,10,1.8,0,0.0899
102798,10,0.59,0,0.4434
102799,10,0.37,0,0.5516
102800,10,0.12,0,0.3493
102801,10,0.0,0,0.0
102802,9,4.4,0,0.9214
102803,9,8.62,0,0.9444
102804,10,0.0,0,0.0
102805,10,0.26,0,0.2017
102806,10,0.0,0,0.0
102808,9,0.55,0,0.9444
102809,10,0.0,0,0.0
102810,10,0.0,0,0.0
102812,10,0.0,0,0.0
102815,10,0.1,0,0.1138
102816,10,0.0,0,0.0
102817,10,0.38,0,0.7726
102818,10,0.0,0,0.0
102819,10,0.0,0,0.0
102820,10,0.0,0,0.0
102821,10,0.0,0,0.0
102822,10,0.0,0,0.0
102823,10,0.9,0,0.14
102826,10,0.0,0,0.0
102827,10,0.0,0,0.0
102828,10,0.0,0,0.0
102829,10,0.0,0,0.0
102830,10,0.0,0,0.0
102831,10,13.42,0,0.3372
102832,10,12.19,0,0.5846
102833,10,0.11,0,0.0262
102834,10,3.01,0,0.1775
102835,10,0.0,0,0.0
102836,10,0.0,0,0.0
102837,10,0.22,0,0.0231
102838,10,1.47,0,0.7291
102839,10,0.0,0,0.0
102841,10,0.74,0,0.2488
102842,10,0.12,0,0.0353
102886,10,0.0,0,0.0
103437,10,7.8,0,0.6339
103438,7,21.21,0,0.9381
103439,7,34.7,0,0.945
103440,7,56.18,0,0.945
103441,7,29.33,0,0.945
103442,7,67.08,0,0.945
103443,6,26.95,0,0.945
103444,8,14.96,0,0.8714
103445,8,14.96,0,0.9446
103446,8,28.7,0,0.9448
103447,8,0.73,0,0.9448
103448,10,0.0,0,0.0
103449,10,0.0,0,0.0
103450,10,0.0,0,0.0
103451,10,1.93,0,0.1751
103452,10,0.0,0,0.0
103453,10,0.0,0,0.0
103454,10,0.0,0,0.0
103455,10,0.0,0,0.0
103456,10,0.0,0,0.0
103457,10,0.0,0,0.0
103458,10,0.0,0,0.0
103459,10,0.0,0,0.0
103460,10,0.23,0,0.2487
103461,10,0.41,0,0.4609
103462,10,2.61,0,0.6523
103463,9,8.68,0,0.8109
103464,9,3.84,0,0.7564
103465,10,0.46,0,0.1026
103466,10,0.0,0,0.0
103467,10,0.0,0,0.0
103468,10,0.44,0,0.0682
103469,10,20.7,0,0.596
103470,8,18.76,0,0.9448
103471,8,33.97,0,0.9449
103472,8,22.05,0,0.9348
103473,10,0.0,0,0.0
103474,8,0.46,0,0.9449
103475,7,8.28,0,0.9023
103476,7,0.17,0,0.8972
103477,9,1.23,0,0.8465
103478,9,12.18,0,0.8699
103479,10,15.94,0,0.7059
103480,10,1.21,0,0.6808
103481,10,0.0,0,0.0
103482,10,0.35,0,0.6064
103483,10,0.02,0,0.0151
103484,10,0.04,0,0.1527
103485,9,1.44,0,0.9447
103486,9,0.35,0,0.9447
103487,10,1.44,0,0.8054
103488,10,0.81,0,0.8151
103490,10,0.0,0,0.0
103492,10,1.4,0,0.7889
103499,10,0.42,0,0.2558
103500,10,0.0,0,0.0
103501,9,9.54,0,0.9439
103502,8,2.66,0,0.9448
103503,10,0.0,0,0.0
103504,10,0.0,0,0.0
103505,10,0.0,0,0.0
103506,10,0.0,0,0.0
103507,10,0.0,0,0.0
103508,10,0.0,0,0.0
103511,10,0.0,0,0.0
103512,10,0.0,0,0.0
103513,10,0.0,0,0.0
103514,10,0.0,0,0.0
103515,10,2.95,0,0.1103
103516,10,8.7,0,0.2682
103517,10,1.1,0,0.1623
103518,10,28.51,0,0.8526
103519,10,0.0,0,0.0
103520,10,0.0,0,0.0
103521,10,1.1,0,0.1247
103522,10,2.86,0,0.3069
103523,9,1.45,0,0.8265
103524,10,0.01,0,0.8065
103525,9,5.17,0,0.8932
103526,10,1.42,0,0.4921
103569,10,0.0,0,0.0
103570,10,0.0,0,0.0
104121,8,26.98,0,0.9449
104122,8,20.85,0,0.9449
104123,7,20.75,0,0.945
104124,6,39.38,0,0.945
104125,6,41.82,0,0.945
104126,7,30.03,0,0.945
104127,7,20.96,0,0.945
104128,8,5.54,0,0.8201
104129,8,18.4,0,0.9449
104130,8,12.04,0,0.9448
104131,10,1.03,0,0.4877
104132,10,0.0,0,0.0
104133,10,0.0,0,0.0
104134,10,1.57,0,0.1261
104135,10,0.0,0,0.0
104136,10,0.0,0,0.0
104137,10,0.0,0,0.0
104138,10,0.0,0,0.0
104139,10,0.0,0,0.0
104140,10,0.0,0,0.0
104141,10,0.0,0,0.0
104142,10,0.0,0,0.0
104143,10,0.0,0,0.0
104144,10,0.0,0,0.0
104145,10,0.0,0,0.0
104146,8,6.27,0,0.9206
104147,8,6.46,0,0.9449
104148,10,0.3,0,0.3903
104149,10,0.0,0,0.0
104150,10,3.8,0,0.3772
104151,10,3.94,0,0.6362
104152,10,0.01,0,0.0011
104153,10,3.94,0,0.3934
104154,8,10.55,0,0.9149
104155,8,15.22,0,0.8596
104156,8,12.07,0,0.9423
104157,10,1.55,0,0.2004
104158,10,20.94,0,0.643
104159,8,7.86,0,0.8382
104160,10,1.03,0,0.5876
104161,8,0.8,0,0.9234
104162,9,3.88,0,0.7603
104163,10,0.0,0,0.0
104164,10,0.0,0,0.0
104165,10,0.0,0,0.0
104166,10,0.29,0,0.5307
104167,10,0.0,0,0.0
104168,9,0.18,0,0.9447
104169,9,1.07,0,0.9447
104171,10,0.32,0,0.6458
104172,9,0.07,0,0.9445
104175,10,5.43,0,0.7304
104176,10,2.36,0,0.5993
104177,10,0.01,0,0.9443
104178,10,0.0,0,0.9443
104179,9,0.04,0,0.9444
104182,10,0.0,0,0.0
104183,10,0.0,0,0.0
104184,10,0.0,0,0.0
104185,9,0.06,0,0.9446
104186,10,0.0,0,0.0
104187,10,0.0,0,0.0
104188,10,0.0,0,0.0
104189,10,0.0,0,0.0
104190,10,0.0,0,0.0
104191,10,0.0,0,0.0
104192,10,0.0,0,0.0
104195,10,0.0,0,0.0
104196,10,0.2,0,0.0074
104197,10,8.32,0,0.4716
104198,10,0.0,0,0.0
104199,10,0.0,0,0.0
104200,10,7.84,0,0.3156
104201,10,0.1,0,0.0083
104202,10,31.06,0,0.8185
104203,10,0.8,0,0.0785
104204,10,0.48,0,0.0285
104205,10,2.77,0,0.1136
104206,10,1.39,0,0.4876
104207,10,0.83,0,0.505
104208,10,0.34,0,0.2798
104209,10,0.81,0,0.3268
104210,10,0.0,0,0.0
104253,10,0.0,0,0.0
104254,10,0.0,0,0.0
104805,7,18.41,0,0.945
104806,8,23.1,0,0.945
104807,7,21.69,0,0.945
104808,7,59.93,0,0.945
104809,7,39.63,0,0.945
104810,7,20.45,0,0.945
104811,8,48.83,0,0.945
104812,7,9.68,0,0.945
104813,7,15.89,0,0.945
104814,10,6.08,0,0.7445
104815,10,0.31,0,0.13
104816,10,0.0,0,0.0
104817,10,0.0,0,0.0
104818,10,0.0,0,0.0
104819,10,0.0,0,0.0
104820,10,0.0,0,0.0
104821,10,0.0,0,0.0
104822,10,0.0,0,0.0
104823,10,0.0,0,0.0
104824,10,0.0,0,0.0
104825,10,0.0,0,0.0
104826,10,0.0,0,0.0
104828,10,3.17,0,0.661
104829,10,0.13,0,0.1677
104830,8,5.16,0,0.9449
104831,10,5.14,0,0.5622
104832,10,0.22,0,0.0587
104833,10,0.02,0,0.0044
104834,10,3.2,0,0.2536
104835,10,4.77,0,0.7804
104836,10,1.09,0,0.1396
104837,10,0.0,0,0.0
104838,10,2.7,0,0.2641
104839,10,11.93,0,0.4145
104840,10,1.97,0,0.2988
104841,10,5.86,0,0.5972
104842,9,25.77,0,0.7841
104843,10,1.23,0,0.6291
104844,10,0.16,0,0.0824
104846,10,0.0,0,0.3023
104847,10,0.41,0,0.3438
104848,10,3.74,0,0.4694
104849,10,5.38,0,0.5795
104850,10,0.83,0,0.3558
104851,10,0.0,0,0.0
104852,9,0.07,0,0.901
104853,9,0.41,0,0.9446
104854,9,0.78,0,0.9447
104855,10,0.34,0,0.9444
104859,10,3.28,0,0.3337
104860,9,0.73,0,0.9445
104863,10,0.12,0,0.9444
104864,9,0.02,0,0.9445
104865,9,0.02,0,0.9444
104867,10,0.0,0,0.0
104868,10,0.0,0,0.0
104869,9,0.11,0,0.9446
104870,10,0.03,0,0.6917
104871,10,0.0,0,0.0
104872,10,6.15,0,0.3936
104873,10,1.24,0,0.0399
104874,10,0.0,0,0.0
104875,10,0.0,0,0.0
104876,10,0.0,0,0.0
104877,10,0.0,0,0.0
104879,10,0.0,0,0.0
104880,10,0.0,0,0.0
104881,10,0.0,0,0.0
104882,10,0.0,0,0.0
104883,10,0.0,0,0.0
104884,10,0.0,0,0.0
104885,10,1.77,0,0.5601
104886,10,9.09,0,0.9401
104887,10,5.7,0,0.5178
104888,10,10.26,0,0.5056
104889,10,1.27,0,0.1359
104890,10,0.03,0,0.019
104891,10,0.76,0,0.1857
104920,10,0.0,0,0.0
104921,10,0.0,0,0.0
104932,10,0.0,0,0.0
104936,10,0.0,0,0.0
104937,10,0.0,0,0.0
104938,10,0.0,0,0.0
105489,8,7.31,0,0.9449
105490,8,35.08,0,0.9449
105491,9,19.33,0,0.7042
105492,7,34.55,0,0.945
105493,7,47.32,0,0.945
105494,7,24.25,0,0.945
105495,7,63.99,0,0.945
105496,8,21.0,0,0.9449
105497,7,26.6,0,0.945
105498,8,13.78,0,0.9449
105499,10,2.45,0,0.2857
105500,10,0.0,0,0.0
105501,10,0.0,0,0.0
105502,10,0.0,0,0.0
105503,10,0.0,0,0.0
105504,10,0.0,0,0.0
105506,10,0.0,0,0.0
105507,10,0.0,0,0.0
105508,10,0.0,0,0.0
105509,10,0.0,0,0.0
105510,10,0.0,0,0.0
105511,10,0.25,0,0.1757
105512,10,3.39,0,0.7995
105513,9,0.14,0,0.9091
105514,9,5.02,0,0.9158
105515,10,3.44,0,0.4527
105516,10,2.5,0,0.6114
105517,10,13.75,0,0.6403
105518,10,2.71,0,0.3793
105519,10,0.52,0,0.1085
105520,10,0.01,0,0.001
105521,10,0.0,0,0.0
105522,10,1.64,0,0.1083
105523,10,1.72,0,0.1115
105524,10,0.24,0,0.0361
105525,10,6.45,0,0.7229
105526,10,1.38,0,0.0921
105529,10,0.0,0,0.0
105530,9,0.81,0,0.8023
105531,9,0.67,0,0.9447
105532,8,9.28,0,0.9448
105533,8,8.26,0,0.9445
105534,10,0.29,0,0.3271
105535,10,0.47,0,0.5978
105536,9,0.53,0,0.9446
105537,9,0.1,0,0.9447
105538,10,1.01,0,0.4713
105539,9,2.11,0,0.9444
105540,10,0.1,0,0.4349
105543,10,0.0,0,0.0
105547,10,0.0,0,0.9444
105551,10,0.0,0,0.0
105552,10,0.92,0,0.6316
105553,9,0.68,0,0.9138
105554,9,0.73,0,0.8853
105555,10,0.01,0,0.0107
105556,10,0.0,0,0.0
105557,10,9.11,0,0.3684
105558,10,3.65,0,0.359
105559,10,0.0,0,0.0
105560,10,7.34,0,0.2954
105561,10,1.34,0,0.0428
105563,10,0.0,0,0.0
105564,10,0.0,0,0.0
105565,10,1.11,0,0.0318
105566,10,14.6,0,0.3589
105567,10,0.0,0,0.0
105568,10,0.0,0,0.0
105569,10,0.81,0,0.0546
105570,10,2.74,0,0.3564
105571,10,3.46,0,0.1855
105572,10,3.9,0,0.1811
105573,10,3.54,0,0.2413
105574,10,0.07,0,0.9443
105575,9,3.48,0,0.9429
105576,10,0.0,0,0.0
105602,10,0.0,0,0.0
105603,10,0.0,0,0.0
105604,10,0.0,0,0.0
105605,10,0.0,0,0.0
105616,10,0.0,0,0.0
105617,10,0.0,0,0.0
105618,10,0.0,0,0.0
105619,10,0.0,0,0.0
105620,10,0.0,0,0.0
105621,10,0.0,0,0.0
105622,10,0.0,0,0.0
105623,10,0.0,0,0.0
105624,10,0.0,0,0.0
105625,10,0.0,0,0.0
106173,8,3.87,0,0.9449
106174,8,16.6,0,0.9448
106175,8,21.97,0,0.9372
106176,7,31.75,0,0.945
106177,7,42.3,0,0.945
106178,7,37.89,0,0.945
106179,7,49.79,0,0.945
106180,7,39.83,0,0.945
106181,8,29.44,0,0.945
106182,8,7.54,0,0.9449
106184,10,0.0,0,0.0
106185,10,0.0,0,0.0
106186,10,0.0,0,0.0
106187,10,0.0,0,0.0
106188,10,0.0,0,0.0
106190,10,0.0,0,0.0
106191,10,0.0,0,0.0
106192,10,0.0,0,0.0
106194,10,0.0,0,0.0
106195,10,0.0,0,0.0
106196,10,0.0,0,0.0
106197,9,0.98,0,0.8663
106198,9,7.46,0,0.9272
106199,10,5.77,0,0.5849
106200,9,2.49,0,0.7602
106201,7,25.48,0,0.945
106202,9,10.01,0,0.8634
106203,10,9.95,0,0.6674
106204,10,0.31,0,0.0915
106205,10,7.68,0,0.4335
106206,10,20.63,0,0.6026
106207,10,6.45,0,0.3006
106208,10,0.72,0,0.0862
106209,10,0.0,0,0.0
106210,10,0.0,0,0.0
106213,10,0.0,0,0.0
106214,10,0.0,0,0.0117
106215,10,0.32,0,0.7701
106216,8,0.7,0,0.9168
106217,8,3.2,0,0.9449
106218,10,0.0,0,0.0133
106219,9,12.4,0,0.935
106220,9,5.82,0,0.9445
106221,10,0.1,0,0.6748
106222,10,0.0,0,0.0
106223,10,0.13,0,0.4836
106224,10,2.18,0,0.8022
106225,10,0.39,0,0.5316
106235,9,1.68,0,0.9446
106236,9,2.71,0,0.939
106237,8,0.17,0,0.898
106238,9,0.35,0,0.792
106239,10,0.75,0,0.6222
106240,10,0.0,0,0.0
106241,10,0.0,0,0.0
106242,9,0.12,0,0.6854
106243,9,4.78,0,0.7658
106244,10,5.6,0,0.6889
106245,10,0.26,0,0.1107
106246,9,0.79,0,0.9446
106247,10,0.0,0,0.0
106248,10,0.0,0,0.0
106249,10,2.8,0,0.2265
106250,10,5.76,0,0.3339
106251,10,0.0,0,0.0
106252,10,0.06,0,0.0117
106253,10,0.0,0,0.0
106254,10,0.0,0,0.0
106255,10,0.0,0,0.0
106256,10,0.0,0,0.0
106257,10,4.63,0,0.3783
106258,10,3.85,0,0.5194
106259,10,2.71,0,0.3575
106260,10,0.25,0,0.186
106261,10,0.0,0,0.0029
106286,10,0.0,0,0.0
106287,10,0.0,0,0.0
106288,10,0.0,0,0.0
106289,10,0.0,0,0.0
106290,10,0.0,0,0.0
106291,10,0.0,0,0.0
106294,10,0.0,0,0.0
106295,10,0.0,0,0.0
106296,10,0.0,0,0.0
106297,10,0.0,0,0.0
106298,10,0.0,0,0.0
106299,10,0.0,0,0.0
106300,10,0.0,0,0.0
106301,10,0.0,0,0.0
106302,10,0.0,0,0.0
106303,10,0.0,0,0.0
106304,10,0.0,0,0.0
106305,10,0.0,0,0.0
106306,10,0.0,0,0.0
106307,10,0.0,0,0.0
106308,10,0.0,0,0.0
106858,10,2.99,0,0.4377
106859,10,2.87,0,0.316
106860,8,12.57,0,0.9441
106861,7,7.08,0,0.945
106862,8,29.47,0,0.945
106863,7,31.87,0,0.945
106864,7,25.69,0,0.945
106865,8,37.28,0,0.9449
106866,8,8.27,0,0.9448
106868,10,0.0,0,0.0
106869,10,0.0,0,0.0
106870,10,0.0,0,0.0
106871,10,0.0,0,0.0
106872,10,0.0,0,0.0
106874,10,0.0,0,0.0
106875,10,0.0,0,0.0
106880,10,0.04,0,0.6234
106881,10,1.21,0,0.5141
106882,10,0.09,0,0.2597
106883,10,1.45,0,0.5577
106884,9,2.09,0,0.7403
106885,10,3.78,0,0.6727
106886,8,3.06,0,0.9449
106887,9,5.38,0,0.8387
106888,10,0.14,0,0.033
106889,9,7.77,0,0.7639
106890,10,8.28,0,0.2723
106891,10,1.38,0,0.074
106892,10,1.0,0,0.0719
106893,10,17.35,0,0.705
106894,10,0.88,0,0.3165
106895,10,0.63,0,0.3162
106896,10,0.0,0,0.0
106897,10,0.0,0,0.0
106898,10,0.0,0,0.0
106899,8,0.25,0,0.9448
106900,8,2.42,0,0.9041
106901,8,0.17,0,0.9449
106902,9,6.94,0,0.9368
106903,10,9.6,0,0.4703
106904,10,0.71,0,0.9444
106907,10,0.02,0,0.025
106908,10,0.45,0,0.7107
106909,10,0.0,0,0.0
106917,10,0.0,0,0.0
106918,9,0.24,0,0.9445
106919,9,2.52,0,0.9446
106920,10,0.71,0,0.7223
106921,10,0.41,0,0.5912
106922,9,0.23,0,0.9447
106924,10,0.0,0,0.0
106925,10,0.0,0,0.0
106926,10,5.24,0,0.431
106927,10,8.65,0,0.4873
106928,10,0.85,0,0.1074
106929,10,0.0,0,0.0
106931,10,2.45,0,0.1453
106932,10,0.78,0,0.1911
106933,10,0.06,0,0.0098
106934,10,3.52,0,0.3463
106935,9,15.05,0,0.808
106936,10,5.14,0,0.6508
106937,10,1.35,0,0.1536
106938,10,0.04,0,0.0044
106939,10,6.36,0,0.4079
106940,10,17.77,0,0.5713
106941,10,14.03,0,0.6478
106942,10,4.99,0,0.6377
106943,10,0.0,0,0.0
106944,10,0.69,0,0.0874
106973,10,0.0,0,0.0
106974,10,0.0,0,0.0
106975,10,0.0,0,0.0
106976,10,0.0,0,0.0
106978,10,0.0,0,0.0
106979,10,0.0,0,0.0
106980,10,0.0,0,0.0
106981,10,0.0,0,0.0
106982,10,0.0,0,0.0
106983,10,0.0,0,0.0
106988,10,0.0,0,0.0
106989,10,0.0,0,0.0
106990,10,0.0,0,0.0
106991,10,0.0,0,0.0
106992,10,0.0,0,0.0
106993,10,0.0,0,0.0
106994,10,0.0,0,0.0
107542,10,0.0,0,0.0
107543,10,0.38,0,0.0359
107544,9,3.67,0,0.8599
107546,8,26.33,0,0.9393
107548,8,1.32,0,0.9449
107549,8,51.17,0,0.9448
107550,8,20.69,0,0.9448
107552,10,0.0,0,0.0
107553,10,0.0,0,0.0
107554,10,0.0,0,0.0
107555,10,0.0,0,0.0
107556,10,0.0,0,0.0
107557,10,0.0,0,0.0
107558,10,0.0,0,0.0
107559,10,0.0,0,0.0
107565,10,0.0,0,0.0
107566,10,0.0,0,0.0
107567,9,3.9,0,0.8776
107568,9,2.68,0,0.8837
107569,10,0.04,0,0.0799
107570,10,0.0,0,0.0
107571,10,3.01,0,0.5548
107572,10,1.54,0,0.2921
107573,8,4.59,0,0.8925
107574,10,5.03,0,0.551
107575,10,3.54,0,0.3758
107576,10,18.79,0,0.3695
107577,10,12.17,0,0.49
107578,10,2.17,0,0.5856
107579,10,0.76,0,0.2138
107580,10,0.0,0,0.0
107581,10,0.01,0,0.0645
107582,10,0.09,0,0.2625
107583,9,0.5,0,0.7613
107584,10,0.0,0,0.0
107585,7,1.84,0,0.945
107586,10,16.77,0,0.547
107587,10,5.66,0,0.4104
107588,10,0.34,0,0.7117
107589,9,1.33,0,0.876
107590,10,0.0,0,0.0
107591,10,0.17,0,0.6487
107602,9,0.05,0,0.9445
107603,10,5.04,0,0.6961
107604,10,1.78,0,0.6183
107605,9,2.61,0,0.9267
107606,10,0.0,0,0.0
107609,10,0.0,0,0.0
107610,10,0.0,0,0.0
107611,10,0.0,0,0.0
107612,10,0.0,0,0.0
107613,10,0.0,0,0.0
107614,10,1.97,0,0.5884
107615,10,2.04,0,0.0898
107616,10,5.83,0,0.3352
107617,8,32.49,0,0.8443
107618,6,54.13,0,0.945
107619,8,43.14,0,0.8024
107620,10,3.4,0,0.112
107621,10,0.74,0,0.0683
107622,10,0.42,0,0.163
107623,10,4.26,0,0.2629
107624,8,20.23,0,0.924
107625,9,14.24,0,0.8793
107626,9,0.1,0,0.9447
107627,10,0.0,0,0.0
107628,10,0.0,0,0.0
107629,10,0.0,0,0.0
107630,10,0.0,0,0.0
107657,10,0.0,0,0.0
107658,10,0.0,0,0.0
107659,10,0.0,0,0.0
107660,10,0.0,0,0.0
107661,10,0.0,0,0.0
107662,10,0.0,0,0.0
107663,10,0.0,0,0.0
107664,10,0.0,0,0.0
107665,10,0.0,0,0.0
107666,10,0.0,0,0.0
107667,10,0.0,0,0.0
107677,10,0.0,0,0.0
107678,10,0.0,0,0.0
107679,10,0.0,0,0.0
108227,10,0.0,0,0.0
108229,10,1.26,0,0.1504
108230,10,10.0,0,0.412
108231,8,11.86,0,0.9449
108232,9,23.49,0,0.8736
108234,8,0.49,0,0.9448
108236,10,0.0,0,0.0
108237,10,0.0,0,0.0
108238,10,0.0,0,0.0
108239,10,0.0,0,0.0
108240,10,3.17,0,0.2415
108241,10,0.97,0,0.2329
108242,10,0.0,0,0.0
108248,10,0.0,0,0.0
108249,10,0.0,0,0.0
108250,10,0.0,0,0.0
108251,8,1.25,0,0.9256
108253,8,0.28,0,0.8994
108254,10,0.0,0,0.0
108255,7,2.46,0,0.945
108256,9,1.21,0,0.797
108257,9,2.42,0,0.749
108258,10,0.67,0,0.2261
108259,10,2.88,0,0.2235
108260,10,0.0,0,0.0
108261,10,1.13,0,0.2877
108262,10,0.06,0,0.0231
108263,10,1.22,0,0.1967
108264,10,0.0,0,0.0
108265,10,0.36,0,0.4539
108266,10,0.16,0,0.3246
108267,10,0.1,0,0.1083
108268,10,0.6,0,0.5159
108269,8,8.88,0,0.9448
108270,10,7.68,0,0.6644
108271,10,0.0,0,0.0
108272,10,0.0,0,0.0182
108273,9,0.33,0,0.9249
108274,10,0.0,0,0.0017
108275,10,0.0,0,0.0
108276,10,0.0,0,0.0
108278,10,0.97,0,0.9444
108286,10,1.25,0,0.6648
108287,10,1.13,0,0.4324
108289,10,0.01,0,0.0032
108290,10,0.0,0,0.0
108293,10,11.24,0,0.8525
108294,10,8.72,0,0.8505
108295,10,0.0,0,0.0
108296,10,0.0,0,0.0
108297,10,0.0,0,0.0
108298,10,1.2,0,0.5314
108299,10,5.48,0,0.5787
108300,10,11.32,0,0.6156
108301,7,67.82,0,0.945
108302,7,84.38,0,0.945
108303,8,69.01,0,0.8953
108304,9,22.84,0,0.6534
108305,10,0.33,0,0.0444
108306,10,5.47,0,0.307
108307,10,8.27,0,0.4852
108308,10,13.04,0,0.5196
108309,10,14.22,0,0.7659
108310,10,0.0,0,0.0
108311,10,0.0,0,0.0
108314,10,0.0,0,0.0
108315,10,0.0,0,0.0
108316,10,0.0,0,0.0
108340,10,0.0,0,0.0
108342,10,0.0,0,0.0
108343,10,0.0,0,0.0
108344,10,0.0,0,0.0
108345,10,0.0,0,0.0
108346,10,0.0,0,0.0
108347,10,0.0,0,0.0
108348,10,0.0,0,0.0
108349,10,0.0,0,0.0
108350,10,0.0,0,0.0
108360,10,0.0,0,0.0
108361,10,0.0,0,0.0
108362,10,0.0,0,0.0
108363,10,0.0,0,0.0
108364,10,0.0,0,0.0
108912,10,0.11,0,0.2453
108913,10,1.72,0,0.6567
108914,10,4.59,0,0.1884
108915,10,15.07,0,0.6565
108916,10,7.47,0,0.4864
108917,8,15.89,0,0.9449
108918,9,3.28,0,0.9448
108919,9,0.0,0,0.9445
108920,10,0.0,0,0.0
108921,10,0.0,0,0.0
108922,10,0.0,0,0.0
108923,10,0.0,0,0.0
108924,10,1.54,0,0.1278
108925,10,0.69,0,0.1579
108926,10,0.0,0,0.0
108928,10,0.0,0,0.0
108929,10,0.0,0,0.0
108930,10,0.0,0,0.0
108931,10,0.0,0,0.0
108932,10,0.0,0,0.0
108933,10,0.0,0,0.0
108934,7,0.17,0,0.945
108935,8,0.65,0,0.9449
108937,10,0.27,0,0.5009
108938,6,0.41,0,0.945
108939,7,2.12,0,0.945
108940,10,0.04,0,0.1642
108941,9,10.55,0,0.7596
108942,8,12.55,0,0.9198
108943,10,1.4,0,0.4467
108944,10,0.6,0,0.1179
108945,10,0.0,0,0.0
108946,10,0.0,0,0.0
108947,10,0.0,0,0.0
108948,10,0.0,0,0.0
108949,10,0.0,0,0.0
108950,10,0.12,0,0.0609
108951,10,0.0,0,0.0
108952,8,1.26,0,0.9438
108953,10,20.27,0,0.7601
108954,10,4.51,0,0.6058
108955,10,0.0,0,0.0
108956,10,0.07,0,0.4767
108957,10,0.0,0,0.0
108958,10,0.0,0,0.0
108960,10,0.05,0,0.4452
108970,10,0.45,0,0.1972
108971,10,0.21,0,0.8569
108972,10,0.0,0,0.0
108973,10,0.7,0,0.4293
108974,10,1.06,0,0.6209
108976,10,0.23,0,0.1165
108977,10,2.93,0,0.2199
108978,10,1.78,0,0.1438
108979,10,0.0,0,0.0
108980,10,7.7,0,0.3621
108981,10,5.85,0,0.2756
108982,10,2.2,0,0.2688
108983,10,17.43,0,0.5849
108984,10,3.65,0,0.2765
108985,8,47.36,0,0.8687
108986,8,23.47,0,0.9449
108987,8,37.37,0,0.9449
108988,10,23.99,0,0.7043
108989,10,0.12,0,0.0057
108990,10,0.0,0,0.0
108991,10,0.0,0,0.0
108992,10,2.48,0,0.1471
108993,10,8.99,0,0.6857
108994,10,0.0,0,0.0
108995,10,0.0,0,0.0
109021,10,0.0,0,0.0
109022,10,0.0,0,0.0
109023,10,0.0,0,0.0
109024,10,0.0,0,0.0
109027,10,0.0,0,0.0
109028,10,0.0,0,0.0
109029,10,0.0,0,0.0
109030,10,0.0,0,0.0
109031,10,0.0,0,0.0
109032,10,0.0,0,0.0
109033,10,0.0,0,0.0
109034,10,0.0,0,0.0
109035,10,0.0,0,0.0
109036,10,0.0,0,0.0
109043,10,0.0,0,0.0
109044,10,0.0,0,0.0
109045,10,0.0,0,0.0
109046,10,0.0,0,0.0
109047,10,1.76,0,0.3244
109048,10,0.0,0,0.0
109595,10,0.0,0,0.0
109597,8,2.95,0,0.9373
109598,10,2.01,0,0.1798
109599,10,5.28,0,0.4904
109600,10,12.05,0,0.6188
109601,10,19.24,0,0.7457
109602,8,6.13,0,0.9272
109604,10,0.0,0,0.0
109605,10,0.0,0,0.0
109606,10,0.0,0,0.0
109607,10,0.0,0,0.0
109608,10,0.0,0,0.0
109609,10,0.0,0,0.0
109611,10,0.0,0,0.0
109612,10,0.0,0,0.0
109613,10,0.0,0,0.0
109614,10,0.0,0,0.0
109615,10,0.0,0,0.0
109616,10,0.0,0,0.0
109617,10,0.0,0,0.0
109618,8,0.08,0,0.9449
109619,8,4.02,0,0.9336
109620,7,3.25,0,0.945
109621,10,0.09,0,0.555
109622,7,0.37,0,0.942
109623,7,0.95,0,0.945
109624,10,0.09,0,0.3093
109625,8,8.69,0,0.6839
109626,7,13.81,0,0.9074
109627,10,1.86,0,0.3713
109628,10,5.3,0,0.5446
109629,10,0.55,0,0.1741
109630,10,0.0,0,0.0
109631,10,0.0,0,0.0
109634,10,0.0,0,0.0
109635,10,0.0,0,0.0
109636,9,1.21,0,0.8627
109637,9,20.08,0,0.8369
109638,10,0.04,0,0.0808
109639,9,1.24,0,0.8988
109640,9,0.79,0,0.9416
109642,10,0.0,0,0.0
109643,9,0.04,0,0.9448
109645,10,0.0,0,0.0
109647,10,12.85,0,0.8991
109648,9,2.96,0,0.9438
109654,10,0.01,0,0.129
109655,10,0.02,0,0.0713
109657,10,0.02,0,0.0167
109658,10,0.0,0,0.0
109660,10,0.05,0,0.0157
109661,10,20.81,0,0.6004
109662,10,5.76,0,0.1917
109663,10,0.0,0,0.0
109664,10,22.99,0,0.6031
109665,10,5.43,0,0.5166
109666,10,0.52,0,0.0903
109667,10,15.99,0,0.4944
109668,8,32.92,0,0.8108
109669,8,49.28,0,0.9139
109670,9,20.54,0,0.8485
109671,9,20.82,0,0.9113
109672,10,11.24,0,0.3993
109673,10,0.0,0,0.0
109674,10,0.0,0,0.0
109675,10,1.52,0,0.0701
109676,10,3.26,0,0.2618
109677,10,0.78,0,0.4207
109678,10,0.0,0,0.0
109679,10,0.0,0,0.0
109680,10,0.0,0,0.0
109706,10,0.0,0,0.0
109707,10,0.0,0,0.0
109708,10,0.0,0,0.0
109709,10,0.0,0,0.0
109711,10,0.0,0,0.0
109713,10,0.0,0,0.0
109714,10,0.0,0,0.0
109715,10,0.0,0,0.0
109716,10,0.0,0,0.0
109717,10,0.0,0,0.0
109718,10,0.0,0,0.0
109721,10,0.0,0,0.0
109722,10,0.0,0,0.0
109727,10,0.0,0,0.0
109728,10,0.0,0,0.0
109729,10,0.0,0,0.0
109730,10,2.03,0,0.1356
109731,10,1.89,0,0.1068
109732,10,0.0,0,0.0
110279,10,0.0,0,0.0
110282,10,3.19,0,0.3739
110283,10,3.07,0,0.1403
110284,10,19.28,0,0.7169
110285,10,8.74,0,0.27
110286,10,17.06,0,0.5081
110287,10,0.35,0,0.4659
110288,10,1.6,0,0.4559
110289,10,0.0,0,0.0005
110290,10,0.0,0,0.0
110291,10,0.0,0,0.0
110292,10,0.0,0,0.0
110293,10,0.0,0,0.0
110294,10,0.0,0,0.0
110295,10,0.0,0,0.0
110296,10,0.0,0,0.0
110297,10,0.0,0,0.0
110303,8,0.57,0,0.9449
110304,6,3.18,0,0.945
110305,8,2.51,0,0.9372
110306,8,1.79,0,0.8895
110307,9,1.08,0,0.7507
110308,7,0.01,0,0.945
110309,10,1.7,0,0.474
110310,10,1.59,0,0.2087
110311,10,3.63,0,0.3796
110312,10,2.14,0,0.4265
110313,10,0.5,0,0.4987
110314,10,0.0,0,0.0
110315,10,0.0,0,0.0
110316,10,0.0,0,0.0
110317,10,0.0,0,0.0
110318,10,0.0,0,0.0
110319,10,0.0,0,0.0
110320,10,11.72,0,0.6509
110321,10,1.88,0,0.4448
110322,10,0.0,0,0.0
110323,10,0.05,0,0.1378
110324,8,0.0,0,0.9449
110325,10,0.01,0,0.3117
110326,10,0.16,0,0.3757
110327,9,0.02,0,0.866
110328,10,0.0,0,0.1366
110329,10,0.0,0,0.0
110330,10,0.01,0,0.0821
110331,10,3.13,0,0.7061
110332,10,0.53,0,0.1612
110336,10,1.12,0,0.9444
110337,9,0.32,0,0.9444
110338,9,0.05,0,0.9444
110339,10,0.01,0,0.9443
110340,10,0.0,0,0.0
110341,10,0.0,0,0.0
110342,10,0.0,0,0.0
110343,10,0.0,0,0.0
110344,10,1.46,0,0.1352
110345,10,7.06,0,0.2268
110346,10,0.0,0,0.0
110347,10,0.0,0,0.0
110348,10,8.25,0,0.2594
110349,10,1.28,0,0.4505
110350,10,0.0,0,0.0
110351,10,10.41,0,0.2049
110352,8,65.47,0,0.945
110353,8,36.49,0,0.9449
110354,8,27.42,0,0.8945
110355,10,11.64,0,0.7082
110356,10,9.36,0,0.2748
110357,10,0.0,0,0.0
110358,10,0.0,0,0.0
110359,10,2.29,0,0.0994
110360,10,0.0,0,0.0
110361,10,0.0,0,0.0
110362,10,1.03,0,0.1327
110363,10,0.82,0,0.0567
110364,10,0.0,0,0.0
110387,10,0.0,0,0.0
110388,10,0.0,0,0.0
110389,10,0.0,0,0.0
110390,10,0.0,0,0.0
110391,10,0.0,0,0.0
110392,10,0.0,0,0.0
110393,10,0.0,0,0.0
110396,10,0.0,0,0.0
110397,10,0.0,0,0.0
110398,10,0.0,0,0.0
110399,10,0.0,0,0.0
110400,10,0.0,0,0.0
110401,10,0.0,0,0.0
110402,10,0.0,0,0.0
110411,10,0.0,0,0.0
110412,10,0.0,0,0.0
110413,10,0.0,0,0.0
110414,10,0.0,0,0.0
110415,10,0.0,0,0.0
110416,10,0.0,0,0.0
110963,10,0.0,0,0.0
110964,10,0.54,0,0.1261
110966,10,4.74,0,0.6894
110967,10,14.63,0,0.5524
110968,8,47.49,0,0.9449
110969,10,26.25,0,0.5659
110970,10,11.74,0,0.3706
110971,10,12.27,0,0.7462
110972,9,4.43,0,0.9445
110973,10,2.77,0,0.279
110974,10,0.0,0,0.0
110975,10,0.0,0,0.0
110976,10,0.0,0,0.0
110977,10,0.0,0,0.0
110978,10,0.0,0,0.0
110979,10,0.0,0,0.0
110980,10,0.0,0,0.0
110981,10,0.0,0,0.0
110982,10,0.0,0,0.0
110983,10,0.0,0,0.0
110987,8,0.21,0,0.9281
110988,10,1.77,0,0.5841
110989,8,1.95,0,0.9449
110990,8,0.71,0,0.9329
110991,9,0.87,0,0.6582
110992,10,0.0,0,0.0294
110993,7,3.24,0,0.8222
110994,10,0.14,0,0.0846
110995,10,0.84,0,0.212
110996,10,3.07,0,0.5053
110997,8,9.74,0,0.9448
110998,10,0.0,0,0.0
110999,10,0.0,0,0.0
111000,10,0.0,0,0.0
111001,10,3.9,0,0.2769
111002,10,17.96,0,0.7277
111003,10,6.96,0,0.4873
111004,10,1.59,0,0.1171
111005,10,0.48,0,0.1114
111006,10,2.32,0,0.6524
111007,10,0.06,0,0.1359
111008,10,0.0,0,0.0
111009,10,0.23,0,0.5322
111010,9,0.04,0,0.9447
111011,10,0.0,0,0.0
111012,10,0.0,0,0.0
111013,9,0.59,0,0.8389
111014,10,0.0,0,0.0
111015,10,0.0,0,0.0
111016,10,0.14,0,0.0285
111017,10,0.0,0,0.0
111018,10,0.0,0,0.0
111019,10,0.03,0,0.0188
111020,10,3.56,0,0.5709
111021,10,0.01,0,0.0482
111024,10,0.07,0,0.1612
111025,10,0.01,0,0.0033
111027,10,1.2,0,0.409
111028,10,0.16,0,0.008
111029,10,0.0,0,0.0
111030,10,0.0,0,0.0
111031,10,0.0,0,0.0
111032,10,7.47,0,0.6997
111033,10,0.0,0,0.0
111034,10,0.0,0,0.0
111035,10,9.72,0,0.3136
111036,9,33.45,0,0.8413
111037,8,33.49,0,0.9449
111038,8,40.4,0,0.945
111039,8,23.07,0,0.9449
111040,9,24.49,0,0.7717
111041,10,0.0,0,0.0
111042,10,0.0,0,0.0
111043,10,0.0,0,0.0
111044,10,0.0,0,0.0
111045,10,0.17,0,0.0488
111046,10,1.89,0,0.2093
111047,10,0.0,0,0.0
111048,10,0.0,0,0.0
111049,10,0.0,0,0.0
111071,10,0.0,0,0.0
111072,10,0.0,0,0.0
111073,10,0.0,0,0.0
111074,10,0.0,0,0.0
111079,10,0.0,0,0.0
111080,10,0.0,0,0.0
111081,10,0.0,0,0.0
111082,10,0.0,0,0.0
111083,10,0.0,0,0.0
111084,10,0.0,0,0.0
111085,10,0.0,0,0.0
111086,10,0.0,0,0.0
111087,10,0.0,0,0.0
111090,10,0.0,0,0.0
111096,10,0.0,0,0.0
111097,10,0.0,0,0.0
111647,10,3.49,0,0.338
111648,10,0.98,0,0.1443
111649,10,4.02,0,0.6719
111650,9,7.39,0,0.9448
111651,8,22.66,0,0.9448
111652,10,4.98,0,0.3745
111653,10,1.91,0,0.1808
111654,10,13.09,0,0.4758
111655,10,24.15,0,0.6206
111656,10,2.17,0,0.2415
111657,10,4.5,0,0.5843
111658,10,0.0,0,0.0
111659,10,0.0,0,0.0
111660,10,0.0,0,0.0
111661,10,0.0,0,0.0
111662,10,0.0,0,0.0
111663,10,0.0,0,0.0
111664,10,0.0,0,0.0
111665,10,0.0,0,0.0
111666,10,0.0,0,0.0
111667,10,0.0,0,0.0
111672,8,1.94,0,0.826
111673,7,5.15,0,0.945
111674,7,3.41,0,0.945
111675,7,3.82,0,0.945
111676,7,0.0,0,0.945
111677,8,0.25,0,0.7961
111678,10,3.1,0,0.6645
111679,10,2.95,0,0.3345
111680,10,4.59,0,0.3469
111681,10,5.94,0,0.5894
111682,10,0.0,0,0.0
111683,10,0.0,0,0.0
111684,10,0.0,0,0.0
111685,10,5.91,0,0.2841
111686,10,22.45,0,0.6811
111687,10,8.67,0,0.24
111688,10,1.39,0,0.1354
111689,10,0.0,0,0.0
111690,10,0.15,0,0.7614
111691,10,0.0,0,0.0
111692,10,0.0,0,0.0
111693,10,0.04,0,0.7099
111694,9,0.58,0,0.8105
111695,10,1.27,0,0.6918
111696,9,1.01,0,0.9244
111697,10,0.03,0,0.1335
111698,10,0.0,0,0.0
111699,10,2.83,0,0.4707
111700,10,0.0,0,0.0
111701,10,0.0,0,0.0
111703,10,3.31,0,0.4475
111704,10,0.33,0,0.1052
111708,10,0.01,0,0.9443
111709,10,1.0,0,0.4769
111711,10,0.0,0,0.0
111712,10,0.0,0,0.0
111713,10,0.0,0,0.0
111714,10,0.0,0,0.0
111715,10,0.0,0,0.0
111716,10,0.11,0,0.109
111717,10,0.0,0,0.0
111718,10,0.0,0,0.0
111719,8,1.95,0,0.9365
111720,10,8.8,0,0.505
111721,9,29.51,0,0.8473
111722,8,23.52,0,0.9449
111723,8,43.91,0,0.9449
111724,8,26.68,0,0.9038
111725,10,6.42,0,0.3392
111726,10,0.0,0,0.0
111727,10,0.0,0,0.0
111728,10,0.0,0,0.0
111729,10,4.36,0,0.5672
111730,9,2.13,0,0.9124
111731,10,0.0,0,0.0
111732,10,0.0,0,0.0
111733,10,0.0,0,0.0
111754,10,0.0,0,0.0
111755,10,0.0,0,0.0
111756,10,0.0,0,0.0
111757,10,0.0,0,0.0
111758,10,0.0,0,0.0
111759,10,0.0,0,0.0
111760,10,0.0,0,0.0
111763,10,0.0,0,0.0
111764,10,0.01,0,0.0047
111765,10,0.0,0,0.0
111766,10,0.0,0,0.0
111767,10,0.0,0,0.0
111768,10,0.0,0,0.0
111769,10,0.0,0,0.0
111770,10,0.0,0,0.0
111771,10,0.0,0,0.0
112331,10,1.16,0,0.1052
112332,10,3.34,0,0.3809
112333,10,1.53,0,0.212
112334,9,9.15,0,0.9448
112335,8,30.59,0,0.9449
112336,10,13.21,0,0.3265
112337,10,1.52,0,0.1087
112338,10,0.84,0,0.0661
112339,10,2.07,0,0.1318
112340,10,3.07,0,0.1895
112341,10,3.39,0,0.457
112342,10,0.0,0,0.0
112343,10,0.0,0,0.0
112344,10,0.0,0,0.0
112345,10,0.0,0,0.0
112346,10,0.0,0,0.0
112350,10,0.0,0,0.0
112356,8,3.32,0,0.9449
112357,8,7.16,0,0.9449
112358,8,1.74,0,0.8552
112359,8,2.1,0,0.8592
112361,10,0.18,0,0.4202
112362,10,2.8,0,0.5059
112363,10,1.83,0,0.2117
112364,10,0.0,0,0.0
112365,10,0.0,0,0.0
112366,10,0.0,0,0.0
112367,10,0.0,0,0.0
112368,10,1.59,0,0.0717
112369,10,14.71,0,0.5322
112370,10,27.59,0,0.6322
112371,10,0.0,0,0.0
112372,10,4.84,0,0.4853
112373,10,0.0,0,0.0
112377,10,0.0,0,0.0
112378,10,0.14,0,0.6848
112379,9,1.89,0,0.8699
112380,8,4.17,0,0.9448
112382,10,0.51,0,0.7964
112383,10,1.06,0,0.7342
112384,10,1.79,0,0.6571
112387,10,4.27,0,0.7864
112388,9,0.46,0,0.9444
112389,10,0.34,0,0.9443
112391,10,0.01,0,0.9444
112392,10,0.45,0,0.9443
112393,10,1.54,0,0.9443
112395,10,0.0,0,0.0
112396,10,0.0,0,0.0
112397,10,0.0,0,0.0
112398,10,0.0,0,0.0
112399,10,0.0,0,0.0
112400,10,0.0,0,0.0
112401,10,0.0,0,0.0
112402,10,0.17,0,0.2666
112403,10,7.39,0,0.5115
112404,10,4.21,0,0.1981
112405,8,42.29,0,0.8727
112406,8,46.47,0,0.945
112407,8,47.95,0,0.945
112408,9,25.81,0,0.7561
112409,10,0.37,0,0.024
112410,10,0.0,0,0.0
112411,10,0.0,0,0.0
112412,10,0.59,0,0.0341
112413,10,3.24,0,0.2732
112416,10,0.0,0,0.0
112437,10,0.0,0,0.0
112438,10,0.0,0,0.0
112439,10,0.0,0,0.0
112440,10,0.0,0,0.0
112441,10,0.0,0,0.0
112442,10,0.0,0,0.0
112443,10,0.0,0,0.0
112444,10,0.0,0,0.0
112445,10,0.22,0,0.1082
112446,9,0.02,0,0.9446
112447,9,0.07,0,0.776
112448,10,0.71,0,0.5064
112449,10,0.32,0,0.1245
112450,10,0.0,0,0.0
112451,10,0.0,0,0.0
112452,10,0.0,0,0.0
112453,10,0.0,0,0.0
112455,10,0.0,0,0.0
113015,10,0.0,0,0.0
113016,10,3.77,0,0.2662
113017,10,0.37,0,0.0534
113018,10,2.0,0,0.6331
113019,9,10.61,0,0.8076
113020,10,6.93,0,0.2245
113021,10,5.75,0,0.3181
113022,10,1.9,0,0.1499
113023,10,9.29,0,0.479
113024,10,17.58,0,0.7434
113025,10,2.76,0,0.5679
113026,10,0.0,0,0.0
113027,10,0.0,0,0.0
113028,10,0.0,0,0.0
113029,10,0.0,0,0.0
113030,10,0.0,0,0.0
113033,10,0.0,0,0.0
113034,10,0.0,0,0.0
113035,10,0.0,0,0.0
113040,9,4.48,0,0.7422
113041,8,6.98,0,0.9449
113042,10,0.43,0,0.3534
113043,7,0.77,0,0.945
113044,8,0.51,0,0.9218
113045,10,0.66,0,0.6362
113046,10,3.16,0,0.6267
113047,10,1.3,0,0.511
113048,10,7.76,0,0.6829
113049,10,8.03,0,0.5632
113050,10,0.0,0,0.0
113051,10,2.03,0,0.2524
113052,10,20.18,0,0.7191
113053,8,24.1,0,0.9448
113054,10,21.85,0,0.7235
113055,10,0.0,0,0.0
113056,10,7.28,0,0.5017
113057,10,0.09,0,0.4896
113058,9,0.04,0,0.9447
113059,8,0.3,0,0.9449
113061,10,0.0,0,0.0
113062,9,7.83,0,0.8681
113063,8,0.38,0,0.9449
113065,10,0.0,0,0.0
113066,10,4.17,0,0.8315
113067,9,0.01,0,0.9447
113068,10,0.13,0,0.1844
113069,10,0.0,0,0.0
113070,10,3.42,0,0.9444
113071,10,1.87,0,0.5494
113072,10,0.0,0,0.0
113075,10,7.13,0,0.9444
113076,10,1.28,0,0.3058
113077,10,2.2,0,0.4619
113079,10,0.0,0,0.0
113080,10,0.0,0,0.0
113081,10,0.0,0,0.0
113082,10,0.0,0,0.0
113083,10,0.0,0,0.0
113084,10,0.0,0,0.0
113085,10,2.3,0,0.2557
113086,10,4.57,0,0.4916
113087,10,2.24,0,0.1551
113088,10,6.6,0,0.3096
113089,8,38.88,0,0.9449
113090,7,53.06,0,0.945
113091,8,35.28,0,0.9299
113092,10,4.68,0,0.2553
113093,10,0.0,0,0.0
113094,10,0.0,0,0.0
113095,10,7.46,0,0.3373
113096,10,14.28,0,0.5762
113097,10,0.0,0,0.0
113123,10,0.0,0,0.0
113124,10,0.0,0,0.0
113125,10,0.0,0,0.0
113126,10,0.0,0,0.0
113127,10,0.0,0,0.0
113128,10,0.0,0,0.0
113129,10,5.22,0,0.3941
113130,10,1.06,0,0.1177
113131,10,0.0,0,0.0
113132,10,0.0,0,0.0
113133,10,0.0,0,0.0
113134,10,0.0,0,0.0
113135,10,0.0,0,0.0
113136,10,0.0,0,0.0
113137,10,0.0,0,0.0
113139,10,0.0,0,0.0
113700,10,0.97,0,0.1387
113701,10,0.46,0,0.0588
113702,10,0.0,0,0.0
113703,10,8.32,0,0.3595
113704,10,7.79,0,0.4198
113705,10,2.01,0,0.1407
113706,10,6.16,0,0.414
113707,10,7.92,0,0.6074
113708,10,16.84,0,0.7398
113709,9,5.57,0,0.9445
113710,10,0.23,0,0.033
113711,10,0.0,0,0.0
113712,10,0.0,0,0.0
113713,10,0.0,0,0.0
113714,10,0.0,0,0.0
113715,10,0.0,0,0.0
113717,10,0.0,0,0.0
113718,10,0.0,0,0.0
113719,10,0.0,0,0.0
113724,8,0.36,0,0.9449
113725,7,3.29,0,0.945
113726,8,1.56,0,0.9005
113727,10,2.0,0,0.3342
113728,8,1.47,0,0.9449
113729,8,6.92,0,0.945
113730,8,1.77,0,0.9403
113731,8,9.61,0,0.9431
113732,8,15.71,0,0.9448
113733,9,9.51,0,0.8325
113734,10,0.0,0,0.0
113735,10,8.89,0,0.3901
113736,10,5.76,0,0.3595
113737,10,7.06,0,0.3962
113738,10,15.52,0,0.6449
113739,10,0.3,0,0.0184
113740,10,11.23,0,0.5489
113741,10,0.02,0,0.0072
113742,10,0.45,0,0.3303
113743,8,6.27,0,0.9449
113744,8,2.82,0,0.9435
113745,8,0.52,0,0.9449
113746,9,5.46,0,0.8819
113747,10,0.0,0,0.0
113749,10,0.04,0,0.6464
113750,10,0.04,0,0.327
113751,10,2.71,0,0.7591
113753,10,0.0,0,0.0305
113754,10,13.53,0,0.8233
113755,10,5.26,0,0.7044
113756,9,0.17,0,0.9447
113758,9,1.43,0,0.9444
113759,9,13.03,0,0.9445
113760,9,2.25,0,0.9444
113761,10,0.29,0,0.8941
113762,9,6.91,0,0.9444
113763,10,5.25,0,0.9443
113765,10,0.0,0,0.0
113766,10,1.98,0,0.1337
113767,10,0.98,0,0.0766
113768,10,0.79,0,0.052
113769,10,0.0,0,0.0
113770,10,0.58,0,0.0406
113771,10,3.78,0,0.1426
113772,10,30.52,0,0.7455
113773,10,30.14,0,0.6264
113774,10,30.52,0,0.6213
113775,8,29.04,0,0.8965
113776,9,2.61,0,0.726
113778,9,2.12,0,0.7612
113779,10,11.28,0,0.6503
113780,10,2.26,0,0.288
113781,10,0.0,0,0.0
113782,10,0.0,0,0.0
113807,10,0.0,0,0.0
113808,10,0.0,0,0.0
113810,10,0.0,0,0.0
113811,10,0.0,0,0.0
113812,10,0.0,0,0.0
113813,10,0.0,0,0.0
113814,10,0.0,0,0.0
113815,10,0.0,0,0.0
113816,10,0.0,0,0.0
113817,10,0.0,0,0.0
113818,10,0.0,0,0.0
113821,10,0.0,0,0.0
114384,10,1.01,0,0.0548
114385,10,0.0,0,0.0
114386,10,0.08,0,0.0039
114387,10,0.24,0,0.0194
114388,10,6.59,0,0.4496
114389,10,3.86,0,0.2657
114390,10,8.13,0,0.4542
114391,10,2.1,0,0.2023
114392,8,21.45,0,0.9435
114393,9,6.45,0,0.9447
114394,10,0.0,0,0.0
114395,10,0.0,0,0.0
114396,10,0.0,0,0.0
114397,10,0.0,0,0.0
114398,10,0.0,0,0.0
114399,10,0.0,0,0.0
114403,10,0.0,0,0.0
114404,10,0.0,0,0.0
114405,10,0.0,0,0.0
114406,10,0.0,0,0.0
114408,8,0.99,0,0.9449
114409,8,3.25,0,0.9449
114410,7,7.17,0,0.945
114411,7,0.95,0,0.91
114412,8,1.54,0,0.9211
114413,7,2.25,0,0.945
114414,10,0.0,0,0.0
114415,8,6.27,0,0.8252
114416,8,16.32,0,0.8517
114417,8,10.27,0,0.8936
114418,10,0.0,0,0.0
114419,10,3.46,0,0.2812
114420,10,0.03,0,0.0044
114421,10,1.32,0,0.0885
114422,10,10.32,0,0.5762
114423,10,15.48,0,0.7389
114424,8,31.02,0,0.9449
114425,10,20.74,0,0.736
114426,9,17.58,0,0.8314
114427,8,27.5,0,0.9448
114428,9,5.57,0,0.8751
114429,8,2.15,0,0.9449
114430,10,0.0,0,0.0
114431,8,3.23,0,0.9352
114433,9,9.03,0,0.8644
114434,9,4.95,0,0.8986
114435,10,0.0,0,0.0
114436,10,0.0,0,0.0
114437,10,0.0,0,0.0
114438,10,3.35,0,0.3258
114439,9,0.9,0,0.9446
114441,10,0.43,0,0.486
114442,9,0.13,0,0.9445
114443,9,10.27,0,0.9447
114444,10,1.24,0,0.398
114445,10,0.0,0,0.0
114446,10,5.41,0,0.703
114447,10,0.43,0,0.1122
114448,10,0.0,0,0.0
114449,10,5.21,0,0.2539
114450,10,9.47,0,0.6427
114451,10,1.22,0,0.2304
114452,10,10.18,0,0.4719
114453,10,0.0,0,0.0
114454,10,3.25,0,0.1666
114455,10,21.92,0,0.5234
114456,9,27.63,0,0.7749
114457,10,2.56,0,0.2377
114458,10,4.72,0,0.3355
114459,10,1.28,0,0.4927
114460,10,0.0,0,0.0
114461,10,1.17,0,0.4361
114462,6,26.53,0,0.945
114463,9,5.56,0,0.7963
114464,10,0.07,0,0.0101
114465,10,0.0,0,0.0
114466,10,0.0,0,0.0
114467,10,0.0,0,0.0
114468,10,0.0,0,0.0
114493,10,0.0,0,0.0
114494,10,0.0,0,0.0
114495,10,0.0,0,0.0
114496,10,0.0,0,0.0
114497,10,0.0,0,0.0
114498,10,0.0,0,0.0
114499,10,0.0,0,0.0
114500,10,0.0,0,0.0
114501,10,0.0,0,0.0
114502,10,0.0,0,0.0
114503,10,0.0,0,0.0
114510,10,0.0,0,0.0
114511,10,0.0,0,0.0
114512,10,0.0,0,0.0
114513,10,0.0,0,0.0
114515,10,0.0,0,0.0
115070,10,5.91,0,0.3489
115071,10,1.26,0,0.0623
115072,10,6.78,0,0.4215
115073,10,13.38,0,0.5909
115074,10,1.43,0,0.1203
115075,10,0.71,0,0.1348
115076,8,29.66,0,0.9442
115077,8,9.34,0,0.9448
115078,9,0.06,0,0.9447
115080,10,0.0,0,0.0
115081,10,0.0,0,0.0
115082,10,0.0,0,0.0
115083,10,0.0,0,0.0
115086,10,0.0,0,0.0
115087,10,0.0,0,0.0
115088,10,0.0,0,0.0
115089,10,0.0,0,0.0
115090,10,0.0,0,0.0
115093,7,0.24,0,0.945
115094,7,8.43,0,0.9395
115095,7,3.29,0,0.945
115096,10,0.28,0,0.2761
115097,8,3.43,0,0.7425
115099,9,3.31,0,0.725
115100,10,2.02,0,0.3579
115101,10,0.04,0,0.0869
115102,10,0.58,0,0.2378
115103,10,14.83,0,0.6718
115104,10,8.06,0,0.4809
115105,10,4.23,0,0.1884
115106,10,7.87,0,0.4312
115107,9,12.06,0,0.8388
115108,8,20.22,0,0.9448
115109,10,17.72,0,0.6264
115110,8,43.33,0,0.9449
115111,8,24.97,0,0.9353
115112,10,0.14,0,0.494
115113,8,2.91,0,0.9449
115114,10,0.0,0,0.0
115115,9,11.19,0,0.9253
115116,9,1.42,0,0.9448
115119,10,0.0,0,0.0
115120,10,0.0,0,0.0
115121,10,0.0,0,0.0
115122,10,3.68,0,0.1995
115123,10,0.07,0,0.0123
115125,10,0.0,0,0.0
115126,9,0.33,0,0.9265
115127,10,4.85,0,0.6135
115128,10,0.42,0,0.4567
115129,10,0.26,0,0.4888
115130,10,0.11,0,0.6815
115131,10,0.0,0,0.0
115132,10,0.0,0,0.0
115133,10,10.99,0,0.4713
115134,10,3.83,0,0.4118
115135,10,10.15,0,0.6385
115136,10,3.57,0,0.3087
115137,10,1.27,0,0.0583
115138,10,1.53,0,0.0835
115139,8,54.97,0,0.8845
115140,9,6.41,0,0.6589
115141,10,3.24,0,0.4357
115142,7,9.09,0,0.945
115143,10,1.0,0,0.4735
115144,10,3.49,0,0.3776
115145,6,12.3,0,0.9174
115146,6,4.94,0,0.945
115147,10,4.82,0,0.4329
115148,10,0.0,0,0.0
115150,10,0.0,0,0.0
115151,10,0.0,0,0.0
115177,10,0.0,0,0.0
115178,10,0.0,0,0.0
115180,10,0.0,0,0.0
115181,10,0.0,0,0.0
115182,10,0.0,0,0.0
115183,10,0.0,0,0.0
115184,10,0.0,0,0.0
115185,10,0.0,0,0.0
115186,10,0.0,0,0.0
115187,10,0.0,0,0.0
115195,10,0.0,0,0.0
115196,10,0.0,0,0.0
115197,10,0.0,0,0.0
115198,10,0.0,0,0.0
115199,10,0.0,0,0.0
115200,10,0.0,0,0.0
115754,10,6.57,0,0.5738
115755,10,2.01,0,0.1104
115756,9,41.0,0,0.9447
115757,9,12.55,0,0.8923
115758,10,3.93,0,0.1563
115759,10,0.0,0,0.0
115760,10,13.43,0,0.3122
115761,10,11.16,0,0.5522
115762,10,5.39,0,0.6417
115763,10,0.0,0,0.0
115764,10,0.0,0,0.0
115765,10,0.0,0,0.0
115766,10,0.0,0,0.0
115770,10,0.0,0,0.0
115771,10,0.0,0,0.0
115772,10,0.0,0,0.0
115773,10,0.0,0,0.0
115774,10,0.0,0,0.0
115779,7,3.16,0,0.8768
115780,10,0.0,0,0.0
115781,10,0.69,0,0.4347
115783,10,0.23,0,0.1688
115784,8,7.39,0,0.8795
115785,10,0.15,0,0.1558
115786,8,13.33,0,0.9006
115787,10,18.07,0,0.6372
115788,10,0.09,0,0.0084
115789,10,2.98,0,0.2063
115790,10,2.42,0,0.1582
115791,10,3.77,0,0.2514
115792,10,14.01,0,0.576
115793,9,26.91,0,0.9205
115794,8,39.54,0,0.9449
115795,10,10.02,0,0.4813
115796,10,0.06,0,0.0052
115797,10,0.43,0,0.3549
115798,10,0.0,0,0.0
115799,9,6.41,0,0.803
115800,9,0.75,0,0.9448
115801,10,0.0,0,0.0
115802,10,0.0,0,0.0
115803,10,0.0,0,0.0
115806,10,0.0,0,0.0
115807,10,0.0,0,0.0
115808,10,0.0,0,0.0
115809,10,0.0,0,0.0
115810,10,0.0,0,0.0
115811,10,0.0,0,0.0
115812,10,0.11,0,0.1437
115813,9,0.89,0,0.9447
115814,9,0.75,0,0.833
115815,10,0.61,0,0.2184
115816,10,0.1,0,0.0395
115817,10,4.19,0,0.5917
115818,10,0.08,0,0.0389
115819,10,14.3,0,0.7168
115820,9,11.56,0,0.843
115821,10,10.32,0,0.4527
115822,10,11.94,0,0.5294
115823,7,34.35,0,0.945
115824,8,10.89,0,0.9
115825,10,3.72,0,0.5681
115826,7,0.51,0,0.945
115827,6,0.39,0,0.945
115828,6,4.79,0,0.94
115829,6,8.84,0,0.945
115831,10,2.84,0,0.5199
115832,10,0.0,0,0.0
115833,10,0.0,0,0.0
115834,10,0.0,0,0.0
115835,10,0.0,0,0.0
115836,10,0.0,0,0.0
115863,10,0.0,0,0.0
115864,10,0.0,0,0.0
115865,10,0.0,0,0.0
115866,10,0.0,0,0.0
115869,10,0.0,0,0.0
115878,10,0.0,0,0.0
115879,10,0.0,0,0.0
115880,10,0.0,0,0.0
115881,10,0.0,0,0.0
115882,10,0.0,0,0.0
115883,10,0.0,0,0.0
115884,10,0.0,0,0.0
116438,9,18.73,0,0.9446
116439,10,3.26,0,0.0916
116440,10,10.6,0,0.3246
116441,10,17.11,0,0.6253
116442,10,8.59,0,0.2607
116443,10,0.0,0,0.0
116444,10,0.0,0,0.0
116445,10,3.73,0,0.1885
116446,10,2.52,0,0.4449
116447,10,0.0,0,0.0
116448,10,0.0,0,0.0
116449,10,0.0,0,0.0
116450,10,0.0,0,0.0
116456,10,0.0,0,0.0
116459,10,0.05,0,0.3476
116460,9,0.09,0,0.9446
116463,8,6.78,0,0.8952
116464,10,0.79,0,0.1694
116465,10,1.3,0,0.2593
116468,8,8.2,0,0.9069
116469,10,0.44,0,0.208
116470,9,6.09,0,0.7345
116471,10,8.57,0,0.5345
116472,10,0.38,0,0.0769
116473,10,0.07,0,0.009
116474,10,0.0,0,0.0
116475,10,6.47,0,0.3163
116476,10,4.14,0,0.1888
116477,10,13.95,0,0.4485
116478,8,28.99,0,0.9425
116479,9,29.33,0,0.8663
116480,10,9.01,0,0.4619
116481,10,3.73,0,0.6157
116483,10,2.11,0,0.5532
116485,10,0.02,0,0.1534
116486,10,0.0,0,0.0
116491,10,0.0,0,0.0
116492,10,3.56,0,0.332
116493,8,8.56,0,0.9305
116494,10,0.0,0,0.0
116495,10,0.0,0,0.0
116496,10,0.0,0,0.0
116497,8,0.27,0,0.8517
116498,10,0.13,0,0.1411
116499,10,0.11,0,0.0339
116500,10,0.01,0,0.0036
116501,10,0.62,0,0.2896
116502,10,0.0,0,0.0
116503,10,2.94,0,0.157
116504,10,8.28,0,0.4874
116505,10,4.37,0,0.311
116506,8,15.95,0,0.8447
116507,10,0.99,0,0.3664
116508,10,0.32,0,0.1181
116509,10,3.55,0,0.6041
116510,8,0.06,0,0.9449
116512,5,6.35,0,0.945
116513,6,0.84,0,0.945
116514,6,1.9,0,0.8917
116515,7,3.89,0,0.8403
116516,10,0.66,0,0.3805
116517,10,0.16,0,0.2404
116518,10,0.0,0,0.0
116519,10,0.0,0,0.0
116547,10,0.0,0,0.0
116548,10,0.0,0,0.0
116549,10,0.0,0,0.0
116550,10,0.0,0,0.0
116560,10,0.0,0,0.0
116561,10,0.0,0,0.0
116562,10,0.0,0,0.0
116563,10,0.0,0,0.0
116564,10,0.0,0,0.0
116565,10,0.0,0,0.0
116566,10,0.0,0,0.0
116567,10,0.0,0,0.0
116568,10,0.0,0,0.0
117122,9,19.16,0,0.9433
117123,10,4.43,0,0.3401
117124,10,0.17,0,0.0133
117125,10,6.33,0,0.2202
117126,10,0.01,0,0.0004
117127,10,0.0,0,0.0
117128,10,0.0,0,0.0
117129,10,4.24,0,0.1114
117130,10,9.49,0,0.6444
117131,10,0.2,0,0.0177
117132,10,0.0,0,0.0
117140,10,0.0,0,0.0
117144,10,0.0,0,0.0
117147,10,0.63,0,0.5124
117148,10,9.24,0,0.6297
117149,9,6.78,0,0.699
117150,10,0.0,0,0.0
117151,10,0.21,0,0.0764
117152,10,1.53,0,0.1669
117153,10,5.39,0,0.5438
117154,10,0.0,0,0.0
117155,10,0.0,0,0.0
117156,10,0.98,0,0.1307
117157,10,0.06,0,0.0068
117158,10,5.25,0,0.5911
117159,10,11.47,0,0.615
117160,10,5.74,0,0.3163
117161,10,0.0,0,0.0
117162,9,22.57,0,0.799
117163,8,27.18,0,0.9449
117164,10,10.57,0,0.5827
117165,10,9.15,0,0.2964
117166,10,2.2,0,0.2368
117167,10,0.44,0,0.2666
117168,10,0.04,0,0.6362
117169,9,8.64,0,0.9402
117170,9,0.58,0,0.9447
117176,10,17.7,0,0.759
117177,9,8.91,0,0.9448
117178,10,0.0,0,0.0
117179,10,0.1,0,0.0589
117180,10,0.0,0,0.0
117181,10,0.44,0,0.6124
117182,10,0.0,0,0.0
117183,10,0.0,0,0.0
117184,10,0.7,0,0.3481
117185,10,1.83,0,0.3356
117186,10,0.0,0,0.0
117187,10,5.98,0,0.4551
117188,8,35.22,0,0.9445
117189,8,37.42,0,0.9427
117190,8,29.01,0,0.9449
117191,8,5.65,0,0.9449
117192,9,7.46,0,0.8033
117193,9,4.36,0,0.6444
117194,10,0.06,0,0.2005
117195,10,0.0,0,0.0
117196,6,3.52,0,0.9438
117197,6,0.22,0,0.945
117198,6,3.72,0,0.9425
117199,10,7.04,0,0.3557
117200,10,0.0,0,0.0
117201,10,1.94,0,0.3807
117227,10,0.0,0,0.0
117228,10,0.0,0,0.0
117230,10,0.0,0,0.0
117231,10,0.0,0,0.0
117232,10,0.0,0,0.0
117233,10,0.0,0,0.0
117234,10,0.0,0,0.0
117235,10,0.0,0,0.0
117236,10,0.0,0,0.0
117241,8,1.25,0,0.9449
117242,10,0.02,0,0.1841
117243,10,0.0,0,0.0
117244,10,0.58,0,0.1916
117245,10,7.03,0,0.494
117246,10,0.65,0,0.0861
117247,10,0.0,0,0.0
117248,10,0.0,0,0.0
117249,10,0.0,0,0.0
117250,10,0.0,0,0.0
117251,10,0.0,0,0.0
117252,10,0.0,0,0.0
117804,10,1.5,0,0.2088
117805,10,4.73,0,0.2386
117806,10,6.26,0,0.4334
117807,10,6.51,0,0.6368
117808,10,0.58,0,0.0287
117809,10,0.0,0,0.0
117810,10,0.0,0,0.0
117811,10,0.0,0,0.0
117812,10,5.1,0,0.388
117813,10,6.98,0,0.2583
117814,10,6.51,0,0.3128
117815,10,2.68,0,0.2439
117816,10,0.0,0,0.0
117825,10,0.0,0,0.0
117831,10,0.0,0,0.0
117832,8,8.67,0,0.945
117833,7,15.94,0,0.945
117834,10,2.58,0,0.5442
117835,9,7.73,0,0.7837
117836,10,0.08,0,0.4729
117837,10,0.0,0,0.0
117838,10,0.0,0,0.0
117839,10,2.3,0,0.5972
117840,10,4.21,0,0.2879
117841,10,5.39,0,0.5083
117842,10,0.55,0,0.0848
117843,10,6.51,0,0.5678
117844,10,11.78,0,0.7043
117845,10,1.1,0,0.0628
117846,10,5.34,0,0.2875
117847,10,18.94,0,0.7413
117848,10,6.22,0,0.2817
117849,10,3.99,0,0.1542
117850,10,0.0,0,0.0
117851,10,6.39,0,0.1725
117852,9,32.44,0,0.9105
117853,8,22.09,0,0.9448
117854,10,0.0,0,0.0
117858,8,0.43,0,0.9449
117859,10,1.81,0,0.2858
117860,9,31.94,0,0.9297
117861,9,4.19,0,0.9019
117862,10,0.0,0,0.0
117863,10,0.1,0,0.028
117864,8,2.69,0,0.9448
117865,10,0.18,0,0.353
117866,10,0.0,0,0.0
117867,10,0.0,0,0.0
117868,10,1.03,0,0.3026
117869,10,0.11,0,0.0092
117870,10,2.22,0,0.1902
117871,9,28.84,0,0.8926
117872,9,22.7,0,0.9095
117873,10,4.04,0,0.3723
117874,9,4.36,0,0.7853
117875,10,1.46,0,0.6676
117876,10,0.59,0,0.2169
117877,10,1.26,0,0.4045
117878,9,0.05,0,0.7377
117879,8,1.7,0,0.9373
117880,10,2.11,0,0.2815
117881,10,0.2,0,0.1571
117882,9,2.26,0,0.8238
117883,10,0.0,0,0.0
117884,10,0.0,0,0.0
117885,10,0.0,0,0.0
117886,10,0.0,0,0.0
117911,10,0.0,0,0.0
117912,10,0.0,0,0.0
117913,10,0.0,0,0.0
117914,10,0.0,0,0.0
117915,10,0.0,0,0.0
117916,10,0.0,0,0.0
117917,10,0.0,0,0.0
117919,10,0.0,0,0.0
117920,10,0.4,0,0.3355
117925,8,7.19,0,0.9449
117926,10,2.61,0,0.555
117927,10,0.0,0,0.0
117928,10,0.0,0,0.0
117929,10,0.0,0,0.0
117930,10,0.0,0,0.0
117931,10,0.0,0,0.0
117932,10,0.0,0,0.0
117933,10,0.0,0,0.0
117934,10,0.0,0,0.0
117935,10,0.0,0,0.0
117936,10,0.0,0,0.0
117937,10,0.0,0,0.0
118488,10,2.46,0,0.4061
118489,10,0.56,0,0.0855
118490,10,7.76,0,0.4212
118491,10,1.3,0,0.146
118492,10,4.84,0,0.3027
118493,10,0.0,0,0.0
118494,10,0.0,0,0.0
118495,10,0.0,0,0.0
118496,10,4.8,0,0.2872
118497,10,0.42,0,0.0892
118498,10,8.1,0,0.4712
118499,10,1.6,0,0.1762
118500,10,0.0,0,0.0
118508,10,0.0,0,0.0
118509,10,0.0,0,0.0
118510,10,0.0,0,0.0
118516,9,1.21,0,0.7078
118517,9,7.19,0,0.6938
118518,10,0.14,0,0.2457
118519,10,0.04,0,0.031
118520,10,1.5,0,0.4497
118521,7,0.0,0,0.945
118522,8,0.03,0,0.7826
118523,8,0.72,0,0.9449
118524,10,1.93,0,0.2484
118525,10,0.0,0,0.0
118526,10,5.47,0,0.4698
118527,10,5.35,0,0.3291
118528,10,8.36,0,0.4504
118529,10,8.53,0,0.4534
118530,8,23.5,0,0.8956
118531,9,21.22,0,0.8898
118532,10,6.76,0,0.3234
118533,10,11.02,0,0.581
118534,10,0.0,0,0.0
118535,10,22.3,0,0.775
118536,10,16.27,0,0.6268
118537,9,12.09,0,0.821
118538,10,0.0,0,0.0
118541,10,0.12,0,0.0697
118542,8,1.92,0,0.9449
118543,8,13.37,0,0.9449
118544,9,21.46,0,0.8752
118545,9,0.08,0,0.9187
118546,10,3.71,0,0.7469
118547,9,4.36,0,0.9444
118548,8,5.02,0,0.9448
118549,10,0.32,0,0.5148
118550,10,0.01,0,0.0039
118551,10,0.0,0,0.0
118552,10,1.85,0,0.1541
118553,9,24.36,0,0.7943
118554,10,17.78,0,0.6921
118555,9,16.06,0,0.8814
118556,10,1.45,0,0.1785
118557,10,0.21,0,0.0991
118558,10,0.4,0,0.2774
118559,10,0.49,0,0.2564
118560,10,1.79,0,0.7669
118561,10,0.78,0,0.3868
118562,10,0.0,0,0.0
118563,10,0.54,0,0.183
118564,10,0.16,0,0.0918
118565,10,1.84,0,0.4571
118566,10,0.17,0,0.108
118567,10,0.0,0,0.0
118568,10,0.0,0,0.0
118569,10,0.0,0,0.0
118570,10,0.0,0,0.0
118595,10,0.0,0,0.0
118596,10,0.0,0,0.0
118597,10,0.0,0,0.0
118598,10,0.0,0,0.0
118599,10,0.0,0,0.0
118600,10,0.0,0,0.0
118601,10,0.0,0,0.0
118603,10,0.0,0,0.0
118604,10,0.0,0,0.0
118605,10,0.0,0,0.0
118606,10,0.0,0,0.0
118609,8,6.83,0,0.9449
118610,8,22.78,0,0.9433
118611,10,0.0,0,0.0
118614,10,0.0,0,0.0
118615,10,0.0,0,0.0
118616,10,0.0,0,0.0
118617,10,0.0,0,0.0
118618,10,0.0,0,0.0
118619,10,0.09,0,0.0378
118620,10,0.0,0,0.0035
118621,10,0.0,0,0.0
119172,8,17.4,0,0.9419
119173,10,0.23,0,0.4094
119174,10,8.57,0,0.6529
119175,10,5.26,0,0.625
119176,9,8.42,0,0.9342
119177,10,0.09,0,0.0024
119178,10,0.0,0,0.0
119179,10,0.0,0,0.0
119180,10,3.56,0,0.2518
119181,10,6.56,0,0.4907
119182,10,1.73,0,0.1144
119183,10,5.13,0,0.3547
119184,10,1.21,0,0.1456
119185,10,0.0,0,0.0
119194,10,0.0,0,0.0
119200,8,1.71,0,0.9449
119201,9,2.23,0,0.6731
119202,10,0.0,0,0.0
119203,10,0.0,0,0.0
119205,10,0.0,0,0.0
119206,10,0.0,0,0.0
119207,7,0.01,0,0.945
119208,10,0.43,0,0.5974
119209,10,1.92,0,0.401
119210,10,7.31,0,0.6214
119211,10,2.39,0,0.1344
119212,10,6.43,0,0.4152
119213,10,2.83,0,0.1649
119214,9,18.96,0,0.7349
119215,10,12.65,0,0.6379
119216,10,1.49,0,0.0935
119217,10,2.07,0,0.1323
119218,10,0.0,0,0.0
119219,10,22.58,0,0.5717
119220,10,0.02,0,0.0007
119221,10,0.0,0,0.0
119222,10,3.21,0,0.4281
119224,10,2.38,0,0.5952
119225,10,0.48,0,0.044
119226,10,9.18,0,0.6626
119227,10,6.01,0,0.6145
119228,9,9.73,0,0.8496
119229,10,0.0,0,0.0
119230,10,2.83,0,0.5581
119231,10,7.79,0,0.645
119232,10,1.88,0,0.4261
119233,10,0.52,0,0.1324
119234,10,0.0,0,0.0
119235,10,0.0,0,0.0
119236,10,12.38,0,0.5431
119237,8,24.74,0,0.9448
119238,10,10.31,0,0.4969
119239,10,8.32,0,0.4077
119240,10,13.03,0,0.7664
119241,10,3.46,0,0.5482
119242,10,1.79,0,0.5562
119243,9,8.15,0,0.6979
119244,10,1.22,0,0.6756
119245,10,0.0,0,0.0
119246,10,1.06,0,0.3055
119247,10,0.0,0,0.0
119249,10,0.0,0,0.0
119250,10,0.0,0,0.0
119252,10,0.0,0,0.0
119278,10,0.0,0,0.0
119279,10,0.0,0,0.0
119280,10,0.0,0,0.0
119281,10,0.0,0,0.0
119282,10,0.0,0,0.0
119283,10,0.0,0,0.0
119284,10,0.0,0,0.0
119285,10,0.0,0,0.0
119286,10,0.0,0,0.0
119287,10,0.0,0,0.0
119288,10,0.0,0,0.0
119289,10,0.0,0,0.0
119293,8,2.48,0,0.9448
119294,8,20.91,0,0.9448
119295,10,0.0,0,0.0
119296,10,0.0,0,0.0
119298,10,0.0,0,0.0
119299,10,0.0,0,0.0
119300,10,0.0,0,0.0
119301,10,0.0,0,0.0
119303,10,0.15,0,0.285
119304,10,0.01,0,0.0013
119305,10,0.0,0,0.0
119306,10,0.0,0,0.0
119857,10,0.35,0,0.6944
119858,10,0.13,0,0.3659
119859,9,17.63,0,0.8805
119860,10,9.25,0,0.8499
119861,10,0.92,0,0.0584
119862,10,0.0,0,0.0
119863,10,0.0,0,0.0
119864,10,0.0,0,0.0
119865,10,0.0,0,0.0
119866,10,0.58,0,0.0867
119867,10,5.4,0,0.3166
119868,10,2.55,0,0.1975
119869,10,0.0,0,0.0
119870,10,0.0,0,0.0
119878,10,0.0,0,0.0
119884,10,0.54,0,0.2039
119885,8,3.81,0,0.8678
119887,10,0.0,0,0.3233
119893,7,0.71,0,0.945
119894,10,1.12,0,0.2675
119895,10,0.73,0,0.0792
119896,10,0.0,0,0.0
119897,10,0.0,0,0.0
119898,10,0.56,0,0.0362
119899,10,0.0,0,0.0
119900,10,0.0,0,0.0
119901,10,0.0,0,0.0
119902,10,8.23,0,0.3135
119903,10,20.85,0,0.6521
119904,10,0.0,0,0.0
119905,10,0.0,0,0.0
119906,9,3.38,0,0.9233
119907,8,1.55,0,0.9448
119908,8,3.17,0,0.9341
119909,10,1.67,0,0.228
119910,8,22.33,0,0.9008
119911,9,32.03,0,0.8155
119912,10,1.06,0,0.3477
119913,9,0.32,0,0.8083
119914,9,2.74,0,0.8314
119915,10,0.86,0,0.2445
119916,10,0.02,0,0.0024
119917,10,0.0,0,0.0
119918,10,0.0,0,0.0
119919,10,0.63,0,0.0572
119920,9,18.31,0,0.7859
119921,8,29.21,0,0.9449
119922,10,5.24,0,0.4921
119923,10,3.03,0,0.2155
119924,10,2.78,0,0.2179
119925,10,1.84,0,0.1356
119926,10,2.76,0,0.4292
119927,10,0.03,0,0.0069
119928,10,0.0,0,0.0
119929,10,0.15,0,0.179
119930,10,3.93,0,0.764
119931,10,0.0,0,0.0
119933,10,0.0,0,0.0
119937,10,0.0,0,0.0
119963,10,0.0,0,0.0
119964,10,0.0,0,0.0
119965,10,0.0,0,0.0
119966,10,0.0,0,0.0
119967,10,0.0,0,0.0
119968,10,0.0,0,0.0
119969,10,0.0,0,0.0
119970,10,0.0,0,0.0
119971,10,0.0,0,0.0
119972,10,0.0,0,0.0
119973,10,0.0,0,0.0
119974,10,0.0,0,0.0
119975,10,0.0,0,0.0
119977,9,1.9,0,0.9179
119978,8,21.98,0,0.9412
119979,10,0.0,0,0.0
119980,10,0.0,0,0.0
119981,10,0.0,0,0.0
119982,10,0.0,0,0.0
119983,10,0.0,0,0.0
119984,10,0.0,0,0.0
119985,10,0.0,0,0.0
119986,10,0.0,0,0.0
119987,10,0.0,0,0.0
119988,10,0.0,0,0.0
119989,10,0.0,0,0.0
119990,10,0.0,0,0.0
120542,10,0.0,0,0.0
120543,8,1.88,0,0.9448
120544,10,2.31,0,0.1877
120545,10,0.61,0,0.0536
120546,10,2.54,0,0.1084
120547,10,4.1,0,0.2755
120548,10,0.0,0,0.0
120549,10,0.0,0,0.0
120550,10,0.0,0,0.0
120551,10,1.61,0,0.0645
120552,10,1.01,0,0.112
120553,10,0.0,0,0.0
120554,10,0.0,0,0.0
120555,10,0.0,0,0.0
120568,10,0.85,0,0.4919
120569,10,1.25,0,0.3942
120571,7,0.0,0,0.945
120577,8,0.49,0,0.9448
120578,10,1.49,0,0.4979
120579,10,1.39,0,0.2043
120580,10,0.0,0,0.0
120581,10,0.0,0,0.0
120582,10,0.0,0,0.0
120583,10,0.0,0,0.0
120584,10,0.0,0,0.0
120585,10,0.0,0,0.0
120586,10,2.61,0,0.2278
120587,9,8.25,0,0.8782
120588,10,2.59,0,0.2538
120589,10,0.53,0,0.093
120590,10,1.9,0,0.5077
120592,8,3.57,0,0.9298
120593,10,5.35,0,0.5767
120594,8,23.98,0,0.9449
120595,9,24.79,0,0.8119
120596,10,0.0,0,0.0
120597,10,0.0,0,0.0
120598,10,0.05,0,0.0199
120599,10,0.26,0,0.0569
120600,10,0.0,0,0.0
120601,10,0.0,0,0.0
120602,10,0.0,0,0.0
120603,10,1.4,0,0.2826
120604,9,10.5,0,0.8119
120605,7,7.38,0,0.945
120606,10,1.09,0,0.1045
120607,10,1.16,0,0.1352
120608,10,0.0,0,0.0
120609,10,0.0,0,0.0
120610,10,0.0,0,0.0
120611,10,0.0,0,0.0078
120612,10,0.55,0,0.6412
120613,10,0.0,0,0.0
120614,10,0.42,0,0.1817
120615,10,0.0,0,0.0
120617,10,0.0,0,0.0
120619,10,0.0,0,0.0
120620,10,0.0,0,0.0
120621,10,0.0,0,0.0
120648,10,0.0,0,0.0
120649,10,0.0,0,0.0
120650,10,0.0,0,0.0
120651,10,0.0,0,0.0
120652,10,0.0,0,0.0
120653,10,0.0,0,0.0
120654,10,0.02,0,0.0097
120655,10,0.0,0,0.0
120656,10,0.0,0,0.0
120657,10,0.0,0,0.0
120658,10,0.0,0,0.0
120659,10,0.0,0,0.0
120660,10,0.0,0,0.0
120661,10,0.3,0,0.6308
120662,9,5.6,0,0.8768
120663,10,0.41,0,0.203
120664,10,0.0,0,0.0
120665,10,0.0,0,0.0
120666,10,0.0,0,0.0
120667,10,0.0,0,0.0
120668,10,0.0,0,0.0
120669,10,0.0,0,0.0
120670,10,0.0,0,0.0
120671,10,0.0,0,0.0
120672,10,0.0,0,0.0
120673,10,0.0,0,0.0
120674,10,0.0,0,0.0
121226,9,0.34,0,0.8617
121227,10,0.89,0,0.1773
121228,10,0.0,0,0.0
121229,10,2.46,0,0.1541
121230,10,2.46,0,0.0865
121231,10,0.0,0,0.0
121232,10,0.0,0,0.0
121233,10,0.0,0,0.0
121234,10,1.27,0,0.2044
121235,10,0.55,0,0.0456
121236,10,1.49,0,0.0776
121237,10,0.0,0,0.0
121238,10,0.0,0,0.0
121252,10,0.4,0,0.5485
121253,8,7.08,0,0.8124
121255,7,0.04,0,0.945
121262,10,0.0,0,0.0
121263,10,0.0,0,0.0
121264,10,0.09,0,0.2754
121265,10,0.0,0,0.0
121266,10,0.0,0,0.0
121267,10,0.0,0,0.0
121268,10,0.32,0,0.0189
121269,10,0.43,0,0.089
121270,10,0.0,0,0.0
121271,10,2.88,0,0.7435
121272,10,1.06,0,0.3441
121273,10,0.0,0,0.0
121274,10,0.94,0,0.0413
121275,10,0.73,0,0.0631
121276,10,0.45,0,0.1011
121277,8,3.42,0,0.8881
121278,8,20.95,0,0.8621
121279,10,5.86,0,0.5559
121280,8,0.28,0,0.945
121281,8,1.16,0,0.8805
121282,10,0.0,0,0.0
121283,10,0.0,0,0.0
121284,10,0.0,0,0.0
121285,10,0.0,0,0.0
121286,10,0.01,0,0.0221
121287,10,0.18,0,0.3696
121288,10,0.18,0,0.1003
121289,10,0.01,0,0.015
121290,10,0.01,0,0.0031
121291,10,0.85,0,0.1445
121292,10,0.0,0,0.0
121293,10,0.0,0,0.0
121294,10,0.0,0,0.0
121295,8,0.26,0,0.9395
121296,10,0.57,0,0.2233
121297,10,0.0,0,0.0
121298,10,0.0,0,0.0
121299,10,0.0,0,0.0
121300,10,0.0,0,0.0
121302,10,0.0,0,0.0
121303,10,0.0,0,0.0
121332,10,0.36,0,0.1768
121333,10,2.76,0,0.2378
121334,10,0.96,0,0.1667
121335,10,0.0,0,0.0
121337,10,0.0,0,0.0
121338,10,0.08,0,0.0312
121339,10,0.0,0,0.0
121340,10,0.0,0,0.0
121341,10,0.0,0,0.0
121342,10,0.0,0,0.0
121343,10,0.0,0,0.0
121344,10,0.0,0,0.0
121346,10,0.21,0,0.141
121347,10,0.15,0,0.1546
121348,10,0.0,0,0.0
121349,10,0.0,0,0.0
121350,10,0.0,0,0.0
121351,10,0.0,0,0.0
121352,10,0.0,0,0.0
121353,10,0.0,0,0.0
121354,10,0.0,0,0.0
121910,10,0.05,0,0.2561
121911,10,0.0,0,0.0
121912,10,9.25,0,0.3333
121913,10,0.51,0,0.0605
121914,10,0.57,0,0.0273
121915,10,0.0,0,0.0
121916,10,0.0,0,0.0
121917,10,0.46,0,0.0492
121918,10,5.99,0,0.4548
121919,10,1.05,0,0.0463
121920,10,1.38,0,0.0723
121921,10,0.01,0,0.0005
121922,10,0.01,0,0.0139
121930,10,0.0,0,0.0
121931,10,0.0,0,0.0
121936,7,0.45,0,0.945
121937,7,7.86,0,0.945
121938,8,0.1,0,0.9449
121939,7,1.05,0,0.945
121947,10,0.19,0,0.5386
121948,8,0.3,0,0.9448
121949,10,0.0,0,0.0
121950,10,0.0,0,0.0
121951,10,0.0,0,0.0
121952,10,0.09,0,0.0069
121953,10,1.16,0,0.1663
121954,10,0.32,0,0.0688
121959,10,0.0,0,0.0
121960,10,0.05,0,0.0276
121961,9,0.05,0,0.7833
121962,10,0.04,0,0.0748
121963,10,0.29,0,0.7393
121964,8,0.16,0,0.945
121965,7,0.68,0,0.945
121966,10,0.03,0,0.5552
121967,10,0.0,0,0.0
121968,10,0.0,0,0.0
121969,10,0.0,0,0.0
121970,10,0.27,0,0.4628
121971,7,2.19,0,0.945
121972,8,4.24,0,0.945
121973,10,0.04,0,0.0134
121974,8,0.9,0,0.9448
121975,10,2.3,0,0.4111
121976,10,0.0,0,0.0
121977,10,0.0,0,0.0
121978,10,0.0,0,0.0
121979,10,0.0,0,0.0
121980,10,0.0,0,0.0
121981,10,0.0,0,0.0
121982,10,0.0,0,0.0
121983,10,0.0,0,0.0
121984,10,0.0,0,0.0
121986,10,0.0,0,0.0
122016,10,1.18,0,0.2555
122017,10,9.02,0,0.852
122018,10,0.66,0,0.197
122020,10,0.32,0,0.3383
122021,10,0.02,0,0.0244
122022,10,0.0,0,0.0
122024,10,0.0,0,0.0
122025,10,0.0,0,0.0
122027,10,0.0,0,0.0
122028,10,0.0,0,0.0
122029,10,0.0,0,0.0
122030,10,0.19,0,0.117
122031,9,2.43,0,0.8223
122032,10,0.0,0,0.0
122033,10,0.0,0,0.0
122034,10,0.0,0,0.0
122035,10,0.0,0,0.0
122036,10,0.0,0,0.0
122037,10,0.0,0,0.0
122594,10,0.05,0,0.1754
122595,10,0.0,0,0.0
122596,10,11.17,0,0.289
122597,10,12.58,0,0.5332
122598,10,3.25,0,0.2044
122599,10,5.1,0,0.1577
122600,10,0.0,0,0.0
122601,10,0.1,0,0.0083
122602,10,0.3,0,0.0202
122603,10,0.0,0,0.0
122604,10,5.55,0,0.3439
122605,10,5.01,0,0.7875
122606,10,0.13,0,0.0494
122614,10,0.0,0,0.0
122615,10,0.0,0,0.0
122620,7,0.04,0,0.945
122621,8,4.31,0,0.8907
122622,10,0.69,0,0.3091
122623,10,0.0,0,0.0
122630,10,0.0,0,0.0
122631,10,0.0,0,0.0152
122632,10,0.0,0,0.0
122633,10,0.0,0,0.0
122634,10,0.16,0,0.0698
122635,10,0.0,0,0.0
122636,10,0.0,0,0.0
122637,10,0.76,0,0.3036
122638,10,0.0,0,0.0
122648,8,0.02,0,0.9449
122650,10,0.0,0,0.0
122651,10,0.0,0,0.0
122652,10,0.0,0,0.0
122653,10,0.0,0,0.0
122654,10,0.02,0,0.0611
122655,8,3.9,0,0.8301
122656,10,0.06,0,0.0456
122657,10,0.04,0,0.1394
122658,10,0.64,0,0.329
122659,10,0.23,0,0.1611
122660,10,0.0,0,0.0
122661,10,0.0,0,0.0
122662,10,0.0,0,0.0
122663,10,0.0,0,0.0
122664,10,0.0,0,0.0
122665,10,0.0,0,0.0
122666,10,0.0,0,0.0
122667,10,0.0,0,0.0
122668,10,0.0,0,0.0
122704,10,0.28,0,0.6341
122706,10,0.0,0,0.0
122710,10,0.0,0,0.0
122711,10,0.0,0,0.0
122712,10,0.0,0,0.0
122713,10,0.0,0,0.0
122714,10,0.29,0,0.0635
122715,9,8.92,0,0.9247
122716,9,0.35,0,0.8527
122717,10,0.0,0,0.0
122718,10,0.0,0,0.0
122719,10,0.0,0,0.0
122720,10,0.0,0,0.0
122721,10,0.0,0,0.0
123279,10,0.08,0,0.0285
123280,10,3.93,0,0.1658
123281,10,3.69,0,0.1242
123282,10,4.44,0,0.1832
123283,10,0.0,0,0.0
123284,10,0.0,0,0.0
123285,10,0.0,0,0.0
123286,10,0.0,0,0.0
123287,10,0.0,0,0.0
123288,10,4.3,0,0.2503
123289,10,4.14,0,0.3604
123290,10,2.58,0,0.4248
123305,7,0.08,0,0.945
123306,8,0.41,0,0.9449
123307,10,2.83,0,0.1573
123308,10,0.0,0,0.0
123315,10,0.0,0,0.0
123317,10,0.01,0,0.042
123318,10,0.13,0,0.0719
123319,10,0.0,0,0.0
123320,10,0.0,0,0.0
123321,10,0.99,0,0.493
123322,8,1.3,0,0.9027
123335,10,0.0,0,0.0
123336,10,0.0,0,0.0
123337,10,0.0,0,0.0
123338,10,0.0,0,0.0
123339,10,0.25,0,0.1835
123340,10,0.88,0,0.5252
123341,10,0.04,0,0.0663
123342,10,0.49,0,0.2511
123343,10,0.13,0,0.043
123344,10,0.0,0,0.0
123345,10,0.0,0,0.0
123346,10,0.0,0,0.0
123347,10,0.0,0,0.0
123348,10,0.0,0,0.0
123349,10,0.0,0,0.0
123350,10,0.0,0,0.0
123351,10,0.0,0,0.0
123394,10,0.0,0,0.0
123396,10,0.0,0,0.0
123397,10,0.0,0,0.0
123398,10,7.18,0,0.6983
123399,10,7.25,0,0.6942
123400,10,1.01,0,0.3721
123401,10,0.0,0,0.0
123402,10,0.0,0,0.0
123403,10,0.0,0,0.0
123404,10,0.0,0,0.0
123405,10,0.0,0,0.0
123406,10,0.0,0,0.0
123964,10,0.0,0,0.0
123965,10,0.0,0,0.0
123966,10,0.0,0,0.0
123967,10,0.0,0,0.0
123968,10,0.0,0,0.0
123969,10,0.0,0,0.0
123970,10,11.38,0,0.4683
123971,10,0.69,0,0.1688
123972,10,0.0,0,0.0
123973,10,1.85,0,0.1363
123974,10,1.7,0,0.4895
123983,10,0.0,0,0.0
123989,7,0.02,0,0.945
123991,10,0.69,0,0.4858
123992,10,0.0,0,0.0
124000,9,0.08,0,0.8872
124002,10,0.0,0,0.0
124003,10,0.0,0,0.0
124004,10,0.0,0,0.0
124005,10,0.86,0,0.2476
124006,10,0.15,0,0.2801
124019,10,0.0,0,0.0
124020,10,0.0,0,0.0
124021,10,0.0,0,0.0
124022,10,0.0,0,0.0
124023,10,0.09,0,0.2519
124024,10,0.25,0,0.1954
124025,10,0.28,0,0.5936
124026,10,0.89,0,0.4717
124027,10,0.16,0,0.1506
124028,10,0.0,0,0.0
124030,10,0.0,0,0.0
124031,10,0.0,0,0.0
124033,10,0.0,0,0.0
124034,10,0.0,0,0.0
124075,10,0.0,0,0.0
124079,10,0.0,0,0.0
124080,10,0.0,0,0.0
124081,10,0.0,0,0.0
124082,10,0.81,0,0.092
124083,10,1.41,0,0.2329
124084,10,2.66,0,0.4408
124086,10,0.0,0,0.0
124087,10,0.0,0,0.0
124089,10,0.0,0,0.0
124090,10,0.0,0,0.0
124648,10,4.65,0,0.5348
124649,10,0.86,0,0.0624
124650,10,0.0,0,0.0
124651,10,5.96,0,0.1778
124652,10,0.0,0,0.0
124653,10,0.0,0,0.0
124654,10,0.0,0,0.0
124655,10,0.0,0,0.0
124656,10,0.0,0,0.0
124657,10,0.0,0,0.0
124658,10,0.88,0,0.0562
124659,10,0.0,0,0.0
124666,10,0.0,0,0.0
124667,10,0.0,0,0.0
124668,10,0.0,0,0.0
124670,10,0.01,0,0.1019
124671,10,0.01,0,0.1613
124673,7,1.48,0,0.945
124674,10,0.0,0,0.0
124675,10,3.05,0,0.5939
124676,10,0.0,0,0.0
124677,10,0.0,0,0.0
124679,10,0.02,0,0.6272
124682,8,0.27,0,0.9448
124683,10,0.0,0,0.0
124684,9,1.43,0,0.8799
124685,8,2.35,0,0.9448
124687,10,0.0,0,0.0
124688,10,0.0,0,0.0
124689,10,0.0,0,0.0
124690,10,0.0,0,0.0
124699,10,0.0,0,0.0
124703,10,0.01,0,0.1205
124704,10,0.0,0,0.0899
124705,9,0.14,0,0.8482
124706,10,0.0,0,0.0
124707,10,0.0,0,0.0
124708,10,0.0,0,0.0
124709,10,0.05,0,0.4582
124710,10,0.0,0,0.0
124757,9,0.21,0,0.9445
124758,10,0.47,0,0.4758
124759,10,0.16,0,0.0458
124760,10,0.0,0,0.0
124761,10,0.0,0,0.0
124762,10,0.0,0,0.0
124763,10,0.0,0,0.0
124764,10,0.0,0,0.0
124765,10,0.0,0,0.0
124766,10,0.0,0,0.0
124767,10,0.0,0,0.0
124768,10,1.34,0,0.7672
124769,10,0.0,0,0.0
124770,10,0.0,0,0.0
124771,10,0.0,0,0.0
124772,10,0.0,0,0.0
124774,10,0.0,0,0.0
124775,10,0.0,0,0.0
125332,10,11.33,0,0.5151
125333,10,3.77,0,0.1856
125334,10,0.23,0,0.0112
125335,9,18.11,0,0.8695
125336,10,2.2,0,0.1595
125337,10,0.0,0,0.0
125338,10,0.0,0,0.0
125339,10,0.0,0,0.0
125340,10,0.0,0,0.0
125341,10,0.0,0,0.0
125342,10,0.0,0,0.0
125343,10,0.0,0,0.0
125351,10,0.0,0,0.0
125354,10,0.0,0,0.0
125357,8,0.74,0,0.9449
125358,10,1.14,0,0.0708
125359,10,4.82,0,0.2422
125360,7,5.9,0,0.8856
125361,10,0.18,0,0.619
125362,7,0.02,0,0.945
125366,10,0.54,0,0.4391
125367,10,0.0,0,0.0
125369,9,0.18,0,0.9116
125370,9,0.01,0,0.9446
125372,10,0.0,0,0.0
125373,10,0.0,0,0.0
125374,10,0.01,0,0.4187
125375,10,0.03,0,0.8287
125383,10,0.06,0,0.1425
125385,10,0.0,0,0.0
125386,10,0.0,0,0.0
125387,10,0.0,0,0.0148
125388,10,0.03,0,0.0354
125389,9,0.07,0,0.9448
125390,10,0.0,0,0.0
125391,10,0.0,0,0.0
125442,9,0.4,0,0.9446
125443,10,0.0,0,0.0
125444,10,0.0,0,0.0
125445,10,0.0,0,0.0
125446,10,0.0,0,0.0
125447,10,0.38,0,0.6286
125448,10,2.17,0,0.2985
125449,10,0.0,0,0.0
125450,10,0.0,0,0.0
125451,10,0.0,0,0.0
125452,10,0.0,0,0.0442
125456,10,0.0,0,0.0
125458,10,0.0,0,0.0
125459,10,0.0,0,0.0
126017,10,12.34,0,0.6186
126018,10,5.0,0,0.2908
126019,10,9.7,0,0.5167
126020,10,1.75,0,0.1077
126021,10,0.0,0,0.0
126022,10,0.0,0,0.0
126023,10,0.0,0,0.0
126024,10,0.0,0,0.0
126025,10,0.0,0,0.0
126026,10,0.0,0,0.0
126027,10,0.0,0,0.0
126036,10,0.0,0,0.0
126039,10,0.0,0,0.0
126040,10,0.0,0,0.0
126041,7,6.24,0,0.945
126042,7,36.88,0,0.9318
126043,9,42.82,0,0.7203
126044,7,11.52,0,0.945
126045,8,0.99,0,0.9449
126046,7,0.14,0,0.945
126051,10,0.0,0,0.0
126054,9,0.0,0,0.9446
126056,10,0.0,0,0.0
126058,10,0.0,0,0.0
126060,10,0.0,0,0.0
126061,10,0.0,0,0.0
126065,10,0.0,0,0.0
126066,10,0.0,0,0.0
126067,10,0.02,0,0.0236
126068,10,0.0,0,0.0
126069,10,0.0,0,0.0
126070,10,0.0,0,0.0
126071,10,0.0,0,0.0
126074,10,0.0,0,0.0
126075,10,0.0,0,0.0
126076,10,0.0,0,0.0
126077,10,0.0,0,0.0
126124,10,0.0,0,0.0
126128,10,0.0,0,0.0
126129,10,0.0,0,0.0
126130,10,0.0,0,0.0
126131,10,0.19,0,0.7341
126132,10,2.33,0,0.3898
126133,10,0.0,0,0.0
126134,10,0.0,0,0.0
126135,10,0.0,0,0.0
126136,10,0.0,0,0.0
126137,10,0.14,0,0.4158
126138,10,0.0,0,0.0
126139,10,0.0,0,0.0
126140,10,0.0,0,0.0
126141,10,0.0,0,0.0
126142,10,0.0,0,0.0
126143,10,0.0,0,0.0
126702,10,2.78,0,0.1197
126703,10,1.39,0,0.0723
126704,10,0.0,0,0.0
126705,10,0.0,0,0.0
126706,10,3.65,0,0.1357
126707,10,0.0,0,0.0
126708,10,0.36,0,0.0153
126709,10,4.16,0,0.1135
126710,10,0.0,0,0.0
126711,10,0.0,0,0.0
126720,10,0.0,0,0.0
126721,10,0.0,0,0.0
126723,10,0.0,0,0.0
126724,10,0.0,0,0.0
126725,8,16.06,0,0.9449
126726,7,38.84,0,0.945
126727,7,34.37,0,0.9177
126728,10,10.31,0,0.3835
126729,9,0.62,0,0.706
126730,7,0.66,0,0.945
126736,10,0.0,0,0.0
126738,10,0.0,0,0.0
126739,10,0.0,0,0.0
126740,10,0.02,0,0.0156
126749,10,0.0,0,0.0
126750,10,0.12,0,0.5289
126751,10,0.0,0,0.0
126752,10,0.89,0,0.5788
126753,10,0.2,0,0.1766
126759,10,0.0,0,0.0
126760,10,0.0,0,0.0
126761,10,0.0,0,0.0
126762,10,0.0,0,0.0
126805,10,0.0,0,0.0
126806,10,0.0,0,0.0
126808,10,0.0,0,0.0
126809,10,0.0,0,0.0
126811,10,0.0,0,0.0
126815,10,0.0,0,0.0
126816,10,1.21,0,0.1958
126817,10,0.0,0,0.0
126818,10,0.0,0,0.0
126819,10,0.0,0,0.0
126820,10,0.07,0,0.8465
126821,10,0.51,0,0.2961
126823,10,0.0,0,0.0
126825,10,0.0,0,0.0
126826,10,0.0,0,0.0
127385,10,11.54,0,0.6688
127386,10,5.82,0,0.3885
127387,10,0.7,0,0.0576
127388,10,0.0,0,0.0
127389,10,0.7,0,0.0605
127390,10,12.91,0,0.5361
127391,10,5.9,0,0.1471
127392,10,0.58,0,0.0305
127393,10,10.89,0,0.4936
127394,10,0.0,0,0.0
127395,10,0.0,0,0.0
127404,10,0.44,0,0.7435
127405,9,0.36,0,0.9447
127407,10,0.0,0,0.0
127408,10,0.0,0,0.0014
127409,8,26.51,0,0.8977
127410,10,11.96,0,0.6699
127411,8,13.8,0,0.7948
127412,10,3.12,0,0.1779
127413,9,0.67,0,0.8747
127414,8,0.04,0,0.945
127415,10,0.0,0,0.0
127422,10,0.0,0,0.0
127423,10,0.01,0,0.0439
127424,10,0.84,0,0.7132
127425,10,0.02,0,0.0265
127428,10,0.0,0,0.0
127429,10,0.0,0,0.0
127430,10,0.3,0,0.9199
127432,10,0.0,0,0.0
127433,10,0.0,0,0.0
127435,10,0.0,0,0.0109
127436,10,0.31,0,0.2538
127437,10,0.14,0,0.7667
127439,10,0.0,0,0.0
127445,10,0.0,0,0.0
127446,10,0.0,0,0.0
127491,10,0.0,0,0.0
127494,10,0.0,0,0.0
127495,10,0.0,0,0.0
127498,10,0.0,0,0.0
127500,10,0.0,0,0.0
127501,10,0.0,0,0.0
127502,10,0.0,0,0.0
127503,10,0.0,0,0.0
127504,10,3.94,0,0.446
127505,10,2.51,0,0.2379
127506,10,0.0,0,0.0
127507,10,0.0,0,0.0
127508,10,0.0,0,0.0
127509,10,0.0,0,0.0
127510,10,0.0,0,0.0
127511,10,0.0,0,0.0
127513,10,0.0,0,0.0
127514,10,0.0,0,0.0
128070,10,0.0,0,0.0
128071,10,9.03,0,0.2342
128072,10,0.13,0,0.0052
128073,10,0.0,0,0.0
128074,10,1.84,0,0.2344
128075,10,0.53,0,0.0333
128076,10,0.0,0,0.0
128077,10,0.0,0,0.0
128078,10,0.34,0,0.0185
128079,10,1.26,0,0.2089
128080,10,1.2,0,0.3803
128081,10,0.61,0,0.4736
128087,9,0.41,0,0.9446
128088,9,2.47,0,0.9445
128089,10,3.61,0,0.6367
128090,10,0.0,0,0.0
128091,10,0.0,0,0.0
128093,10,3.11,0,0.6956
128094,8,9.55,0,0.9449
128095,10,2.97,0,0.2842
128096,10,1.92,0,0.3066
128097,8,0.89,0,0.9449
128098,7,0.54,0,0.945
128099,10,0.02,0,0.439
128100,8,0.02,0,0.9449
128105,10,0.01,0,0.73
128106,10,0.0,0,0.0
128108,10,1.1,0,0.489
128109,10,0.0,0,0.0
128110,10,0.0,0,0.0
128112,10,0.0,0,0.0
128113,10,0.0,0,0.0
128114,10,0.13,0,0.871
128115,10,0.66,0,0.4547
128116,10,0.0,0,0.0
128117,10,0.0,0,0.0
128120,10,0.03,0,0.9444
128128,10,0.0,0,0.0
128129,10,0.0,0,0.0
128130,10,0.0,0,0.0
128131,10,0.0,0,0.0
128175,10,0.0,0,0.0
128178,10,0.0,0,0.0
128179,10,0.0,0,0.0
128180,10,0.0,0,0.0
128183,10,0.0,0,0.0
128184,10,0.0,0,0.0
128185,10,0.0,0,0.0
128186,10,0.0,0,0.0
128187,10,0.0,0,0.0
128188,10,2.44,0,0.1889
128189,10,6.17,0,0.5755
128190,10,2.4,0,0.231
128191,10,0.0,0,0.0
128192,10,0.0,0,0.0
128193,10,0.0,0,0.0
128194,10,0.0,0,0.0
128195,10,0.0,0,0.0
128196,10,0.0,0,0.0
128197,10,0.0,0,0.0
128198,10,0.0,0,0.0
128755,10,21.46,0,0.7456
128756,10,0.5,0,0.0112
128757,10,0.0,0,0.0
128758,10,0.0,0,0.0
128759,10,0.0,0,0.0
128760,10,0.0,0,0.0
128761,10,0.0,0,0.0
128762,10,0.0,0,0.0
128763,10,0.28,0,0.5401
128764,10,4.02,0,0.8199
128765,10,7.56,0,0.6652
128768,10,0.0,0,0.0
128769,10,0.0,0,0.0
128771,10,0.06,0,0.1335
128772,9,0.11,0,0.9446
128773,10,0.0,0,0.0
128774,10,0.0,0,0.0
128775,10,0.0,0,0.0
128776,10,0.0,0,0.0
128777,10,0.7,0,0.701
128778,8,3.48,0,0.9343
128779,10,1.87,0,0.2564
128780,10,1.54,0,0.1932
128781,10,1.04,0,0.4365
128782,10,3.78,0,0.63
128783,9,10.23,0,0.802
128784,7,1.73,0,0.945
128788,10,0.0,0,0.0
128789,10,0.0,0,0.0
128792,9,1.18,0,0.9292
128793,10,0.01,0,0.8074
128794,10,0.0,0,0.0
128796,10,0.0,0,0.0
128797,10,0.04,0,0.1544
128798,10,0.11,0,0.2251
128799,10,0.47,0,0.4994
128800,10,0.0,0,0.0
128802,10,0.0,0,0.0
128812,10,0.0,0,0.0
128813,10,0.0,0,0.0
128814,10,0.0,0,0.0
128815,10,0.0,0,0.0
128863,10,0.0,0,0.0
128867,10,0.0,0,0.0
128868,10,0.0,0,0.0
128869,10,0.0,0,0.0
128870,10,0.0,0,0.0
128871,10,0.0,0,0.0
128872,10,0.0,0,0.0
128873,10,4.81,0,0.325
128874,10,0.0,0,0.0
128876,10,0.0,0,0.0
128877,10,0.0,0,0.0
128878,10,0.0,0,0.0
128879,10,0.0,0,0.0
128880,10,0.0,0,0.0
128881,10,0.0,0,0.0
128882,10,0.0,0,0.0
129438,9,12.93,0,0.9446
129439,10,9.19,0,0.703
129440,10,2.07,0,0.078
129441,10,0.68,0,0.0928
129442,10,0.0,0,0.0
129443,10,0.02,0,0.0094
129444,10,0.03,0,0.5156
129446,10,0.0,0,0.0
129447,10,0.0,0,0.0
129448,10,0.49,0,0.0862
129449,10,7.41,0,0.9185
129450,10,0.05,0,0.9443
129453,10,0.0,0,0.0
129455,10,2.91,0,0.7833
129456,10,0.61,0,0.9443
129460,10,0.0,0,0.0
129461,10,0.03,0,0.1054
129462,10,0.48,0,0.4255
129463,10,0.05,0,0.0314
129464,10,0.04,0,0.0497
129465,10,2.97,0,0.6253
129466,10,7.63,0,0.4497
129467,10,6.4,0,0.3597
129468,10,0.49,0,0.1902
129472,10,0.0,0,0.0
129475,10,0.0,0,0.0
129476,10,0.02,0,0.3345
129477,10,0.0,0,0.0
129481,10,0.0,0,0.015
129482,10,0.48,0,0.44
129483,10,0.49,0,0.453
129484,10,0.0,0,0.0
129551,10,0.0,0,0.0
129552,10,0.0,0,0.0
129553,10,0.0,0,0.0
129554,10,0.0,0,0.0
129555,10,5.35,0,0.6904
129556,10,10.88,0,0.69
129557,10,6.55,0,0.3815
129558,10,0.0,0,0.0
129559,10,0.0,0,0.0
129560,10,0.0,0,0.0
129561,10,0.0,0,0.0
129562,10,0.0,0,0.0
129563,10,0.0,0,0.0
129564,10,0.0,0,0.0
129565,10,0.0,0,0.0
130122,10,11.99,0,0.344
130123,10,9.74,0,0.6683
130124,10,0.38,0,0.0291
130125,10,1.41,0,0.1701
130126,10,0.0,0,0.0
130127,10,0.73,0,0.0617
130128,10,1.71,0,0.2318
130131,10,0.0,0,0.0
130132,10,0.0,0,0.0
130133,10,4.32,0,0.551
130134,10,0.95,0,0.8591
130135,10,2.34,0,0.9443
130136,10,0.4,0,0.766
130137,10,0.7,0,0.1655
130138,10,0.0,0,0.0
130139,10,0.0,0,0.0
130140,10,0.18,0,0.0293
130141,10,0.0,0,0.0
130142,10,0.0,0,0.0
130143,10,0.0,0,0.0
130146,10,0.0,0,0.0
130147,10,0.0,0,0.0033
130148,10,1.53,0,0.1615
130149,10,2.91,0,0.1849
130150,10,4.98,0,0.2826
130151,10,8.04,0,0.3473
130152,10,0.0,0,0.0
130153,10,3.21,0,0.5664
130154,10,0.0,0,0.0025
130155,8,0.0,0,0.9448
130156,10,0.0,0,0.0
130157,10,0.0,0,0.0
130160,10,0.0,0,0.0
130161,10,0.0,0,0.0
130162,10,0.0,0,0.0
130163,10,0.0,0,0.0
130165,10,0.0,0,0.0
130166,10,0.0,0,0.0
130167,10,0.0,0,0.0
130168,10,0.0,0,0.0107
130169,9,0.05,0,0.9446
130183,10,0.0,0,0.0
130184,10,0.0,0,0.0
130185,10,0.0,0,0.0
130235,10,0.0,0,0.0
130236,10,0.0,0,0.0
130237,10,0.0,0,0.0
130238,10,0.0,0,0.0
130239,10,7.25,0,0.5295
130240,10,13.97,0,0.7963
130241,10,0.0,0,0.0
130242,10,0.0,0,0.0
130244,10,0.0,0,0.0
130245,10,0.0,0,0.0
130246,10,0.0,0,0.0
130247,10,0.0,0,0.0
130248,10,0.0,0,0.0
130249,10,0.0,0,0.0
130806,10,12.47,0,0.4811
130807,10,0.86,0,0.0322
130808,10,1.38,0,0.0849
130809,10,3.86,0,0.277
130810,10,0.0,0,0.0
130811,10,0.0,0,0.0
130812,10,0.44,0,0.0327
130813,10,0.0,0,0.0
130814,10,0.0,0,0.0
130815,10,0.0,0,0.0
130816,10,0.0,0,0.0
130817,10,2.99,0,0.6564
130818,10,6.23,0,0.9349
130819,10,4.28,0,0.9443
130820,10,6.65,0,0.8896
130821,10,0.16,0,0.3588
130822,10,0.0,0,0.0
130823,10,0.0,0,0.0
130824,10,0.0,0,0.0
130825,10,0.0,0,0.0
130826,10,0.0,0,0.0
130827,10,0.15,0,0.2005
130828,10,0.0,0,0.0
130829,10,0.0,0,0.0
130830,10,0.0,0,0.0
130831,10,0.0,0,0.0
130832,10,1.49,0,0.1835
130833,10,1.62,0,0.1485
130834,10,0.8,0,0.0467
130835,10,1.45,0,0.0816
130836,10,0.0,0,0.0
130837,10,3.7,0,0.3671
130838,10,2.1,0,0.123
130839,10,0.29,0,0.052
130840,8,0.0,0,0.9448
130841,10,0.01,0,0.0929
130845,10,0.0,0,0.0
130846,10,0.0,0,0.0
130847,10,0.0,0,0.0
130848,10,0.0,0,0.0
130849,10,0.0,0,0.0
130850,10,0.0,0,0.0
130851,10,0.0,0,0.0
130852,10,0.0,0,0.0
130855,10,0.0,0,0.0011
130856,10,0.0,0,0.0
130857,10,0.0,0,0.0
130858,10,0.0,0,0.0
130864,10,0.0,0,0.0
130865,10,0.0,0,0.0
130866,10,0.0,0,0.0
130867,10,0.0,0,0.0
130868,10,0.0,0,0.0
130869,10,0.0,0,0.0
130870,10,0.0,0,0.0
130916,10,0.0,0,0.0
130917,10,0.0,0,0.0
130919,10,0.0,0,0.0
130920,10,0.0,0,0.0
130922,10,0.0,0,0.0
130923,10,1.87,0,0.6977
130924,10,4.79,0,0.2712
130925,10,0.0,0,0.0
130926,10,0.0,0,0.0
130927,10,0.0,0,0.0
130928,10,0.0,0,0.0
130929,10,0.0,0,0.0
130930,10,0.0,0,0.0
130931,10,0.0,0,0.0
130932,10,0.0,0,0.0
131490,10,10.43,0,0.5087
131491,10,5.42,0,0.295
131492,10,0.71,0,0.0408
131493,10,0.0,0,0.0
131494,10,0.0,0,0.0
131496,10,0.0,0,0.0
131497,10,0.0,0,0.0
131498,10,0.0,0,0.0
131499,10,0.0,0,0.0
131500,10,0.0,0,0.0
131501,10,0.0,0,0.0
131502,10,0.44,0,0.1267
131503,10,0.22,0,0.2733
131504,10,0.84,0,0.2142
131505,10,0.0,0,0.0
131507,10,0.0,0,0.0
131508,10,0.0,0,0.0
131509,10,0.01,0,0.1193
131510,10,1.15,0,0.8245
131511,9,0.33,0,0.9445
131512,10,0.72,0,0.415
131513,10,0.0,0,0.0
131514,10,0.0,0,0.0
131516,10,0.0,0,0.0
131517,10,0.0,0,0.0
131518,10,0.0,0,0.0
131519,10,0.0,0,0.0
131520,10,3.65,0,0.2636
131521,10,0.0,0,0.0
131522,10,0.0,0,0.0
131523,10,0.0,0,0.0
131524,10,0.0,0,0.0
131525,8,0.01,0,0.9449
131529,10,0.0,0,0.0
131530,10,0.0,0,0.0
131531,10,0.0,0,0.0
131535,10,0.0,0,0.0
131536,10,0.0,0,0.0
131539,10,0.0,0,0.0
131540,10,0.0,0,0.0
131541,10,0.0,0,0.0
131542,10,0.0,0,0.0
131543,10,0.0,0,0.0
131544,10,0.0,0,0.0
131548,10,0.0,0,0.0
131549,10,0.0,0,0.0
131550,10,0.0,0,0.0
131553,10,0.0,0,0.0
131554,10,0.0,0,0.0
131598,10,0.0,0,0.0
131599,10,0.0,0,0.0
131600,10,0.0,0,0.0
131601,10,0.0,0,0.0
131603,10,0.0,0,0.0
131604,10,0.0,0,0.0
131605,10,0.0,0,0.0
131607,10,2.79,0,0.4486
131608,10,6.11,0,0.5808
131609,10,0.0,0,0.0
131611,10,0.0,0,0.0
131612,10,0.0,0,0.0
131613,10,0.0,0,0.0
131614,10,0.0,0,0.0
131615,10,0.0,0,0.0
132173,10,1.56,0,0.1238
132174,10,3.49,0,0.1354
132175,10,2.54,0,0.0876
132176,10,2.22,0,0.1116
132177,10,0.95,0,0.0388
132178,10,4.97,0,0.3176
132179,10,0.0,0,0.0
132181,10,0.0,0,0.0
132182,10,0.0,0,0.0
132183,10,0.0,0,0.0
132184,10,0.0,0,0.0
132187,10,0.0,0,0.0
132188,10,0.0,0,0.0
132189,10,0.0,0,0.0
132190,10,0.0,0,0.0
132191,10,0.0,0,0.0
132192,10,0.0,0,0.0
132193,10,1.13,0,0.7449
132194,10,0.15,0,0.4212
132195,10,0.73,0,0.6627
132196,10,0.32,0,0.5778
132197,10,0.84,0,0.781
132203,10,0.0,0,0.0
132204,10,0.0,0,0.0
132205,10,0.0,0,0.0
132206,10,0.0,0,0.0
132207,10,0.0,0,0.0
132208,10,0.11,0,0.0151
132209,10,0.18,0,0.1872
132213,10,0.0,0,0.0
132214,10,0.0,0,0.0
132215,9,0.26,0,0.8964
132219,10,0.0,0,0.0
132220,10,0.0,0,0.0
132222,10,0.0,0,0.0
132223,10,0.0,0,0.0
132224,10,0.0,0,0.0
132225,10,0.0,0,0.0
132226,10,0.0,0,0.0
132227,10,0.0,0,0.0
132228,10,0.0,0,0.0
132229,10,0.0,0,0.0
132231,10,0.0,0,0.0
132232,10,0.0,0,0.0
132233,10,0.0,0,0.0
132246,10,0.0,0,0.0
132282,10,0.0,0,0.0
132283,10,0.0,0,0.0
132284,10,0.0,0,0.0
132285,10,0.0,0,0.0
132286,10,0.0,0,0.0
132287,10,0.0,0,0.0
132288,10,0.0,0,0.0
132289,10,0.0,0,0.0
132290,10,0.0,0,0.0
132291,10,0.94,0,0.3713
132292,10,1.33,0,0.207
132295,10,0.0,0,0.0
132296,10,0.0,0,0.0
132297,10,0.0,0,0.0
132298,10,0.0,0,0.0
132858,10,0.0,0,0.0
132859,10,5.32,0,0.1503
132860,10,11.81,0,0.5612
132861,10,0.72,0,0.0491
132862,10,1.5,0,0.0692
132863,10,2.32,0,0.1302
132864,10,0.0,0,0.0
132865,10,0.0,0,0.0
132866,10,0.0,0,0.0
132867,10,0.0,0,0.0
132868,10,0.0,0,0.0
132869,10,0.0,0,0.0
132870,10,0.0,0,0.0
132874,10,0.02,0,0.1729
132875,10,0.0,0,0.0323
132876,10,0.29,0,0.1445
132877,10,0.0,0,0.0
132878,10,0.0,0,0.0
132879,10,1.31,0,0.6667
132880,10,2.3,0,0.488
132881,10,1.96,0,0.445
132882,9,0.02,0,0.9445
132887,10,0.0,0,0.0
132888,10,0.0,0,0.0
132889,10,0.0,0,0.0
132890,10,0.09,0,0.0323
132891,10,0.28,0,0.0537
132892,10,0.03,0,0.0098
132893,10,0.01,0,0.1291
132894,10,0.0,0,0.0
132895,10,0.0,0,0.0
132896,10,0.0,0,0.0
132897,10,0.0,0,0.0
132898,10,0.0,0,0.0
132899,10,0.0,0,0.0026
132901,10,0.0,0,0.0
132902,10,0.0,0,0.0
132903,10,0.0,0,0.0
132904,10,0.0,0,0.0
132905,10,0.0,0,0.0
132906,10,0.0,0,0.0
132907,10,0.0,0,0.0
132908,10,0.0,0,0.0
132909,10,0.0,0,0.0
132910,10,0.0,0,0.0
132911,10,0.0,0,0.0
132912,10,0.0,0,0.0
132913,10,0.0,0,0.0
132914,10,0.0,0,0.0
132915,10,0.0,0,0.0
132916,10,0.0,0,0.0
132917,10,0.0,0,0.0
132918,10,0.0,0,0.0
132929,10,0.0,0,0.0
132930,10,0.0,0,0.0
132966,10,0.0,0,0.0
132967,10,0.0,0,0.0
132968,10,0.0,0,0.0
132969,10,0.0,0,0.0
132970,10,0.0,0,0.0
132971,10,0.0,0,0.0
132972,10,0.0,0,0.0
132973,10,0.0,0,0.0
132974,10,0.0,0,0.0
132975,10,0.0,0,0.0
132976,10,0.08,0,0.1308
132977,10,0.0,0,0.0
132978,10,0.0,0,0.0
132979,10,0.0,0,0.0
132980,10,0.0,0,0.0
132981,10,0.0,0,0.0
132982,10,0.0,0,0.0
132983,10,0.0,0,0.0
132984,10,0.0,0,0.0
132985,10,0.0,0,0.0
133545,10,0.41,0,0.0382
133546,10,1.57,0,0.1612
133547,10,5.45,0,0.6469
133548,10,0.32,0,0.3447
133549,10,0.06,0,0.3835
133550,10,0.0,0,0.0
133551,10,0.0,0,0.0
133553,10,0.01,0,0.0084
133554,10,0.0,0,0.0
133555,10,0.0,0,0.0
133556,10,0.0,0,0.0
133557,10,0.0,0,0.0
133558,10,0.0,0,0.0
133559,10,0.04,0,0.0068
133560,10,1.65,0,0.529
133561,10,0.0,0,0.0
133562,10,0.0,0,0.0
133563,10,0.81,0,0.2345
133564,10,0.76,0,0.7672
133565,10,0.17,0,0.3932
133567,10,0.79,0,0.4188
133568,9,0.15,0,0.9409
133571,9,0.0,0,0.9447
133572,10,0.01,0,0.0044
133573,10,0.0,0,0.0
133574,10,0.08,0,0.0844
133575,8,0.12,0,0.9449
133576,10,0.0,0,0.0
133577,8,0.14,0,0.9448
133578,10,0.02,0,0.4422
133582,10,0.0,0,0.0
133584,10,0.0,0,0.0
133586,10,0.0,0,0.0
133587,10,0.0,0,0.0
133589,10,0.0,0,0.0
133590,10,0.0,0,0.0
133591,10,0.0,0,0.0
133592,10,0.0,0,0.0
133593,10,0.0,0,0.0
133594,10,0.0,0,0.0
133595,10,0.0,0,0.0
133596,10,0.0,0,0.0
133597,10,0.0,0,0.0
133598,10,0.0,0,0.0
133599,10,0.0,0,0.0
133600,10,0.0,0,0.0
133601,10,0.73,0,0.0802
133602,10,0.08,0,0.0129
133603,10,0.0,0,0.0
133604,10,0.0,0,0.0
133605,10,0.0,0,0.0
133613,10,0.0,0,0.0
133614,10,0.0,0,0.0
133649,10,0.0,0,0.0
133650,10,0.0,0,0.0
133651,10,0.0,0,0.0
133652,10,0.0,0,0.0
133653,10,0.0,0,0.0
133654,10,0.0,0,0.0
133655,10,0.0,0,0.0
133656,10,0.0,0,0.0
133657,10,0.0,0,0.0
133658,10,4.72,0,0.3979
133659,10,4.14,0,0.4743
133660,10,0.12,0,0.1009
133662,10,0.0,0,0.0
133663,10,0.0,0,0.0
133664,10,0.0,0,0.0
133665,10,0.0,0,0.0
133666,10,0.0,0,0.0
133667,10,0.0,0,0.0
133668,10,0.0,0,0.0
134231,10,0.04,0,0.0092
134232,10,1.39,0,0.485
134233,10,1.75,0,0.7562
134234,10,0.06,0,0.9444
134235,10,0.32,0,0.7036
134236,10,0.0,0,0.0
134237,10,0.01,0,0.0098
134239,10,0.0,0,0.0
134240,10,0.0,0,0.0
134241,10,0.08,0,0.4123
134242,10,0.0,0,0.0
134243,10,6.87,0,0.7689
134244,10,0.29,0,0.9234
134245,10,0.0,0,0.0
134246,10,0.0,0,0.0
134247,9,0.5,0,0.9442
134248,10,0.31,0,0.2502
134249,10,0.0,0,0.0
134252,10,0.12,0,0.0901
134253,10,0.0,0,0.0
134254,10,0.0,0,0.0
134255,10,0.01,0,0.0157
134257,10,0.01,0,0.5511
134258,10,0.0,0,0.0
134259,10,0.0,0,0.0
134260,9,0.01,0,0.822
134267,10,0.0,0,0.0
134268,10,0.0,0,0.0
134269,10,0.0,0,0.0
134270,10,0.0,0,0.0
134273,10,0.0,0,0.0
134274,10,0.0,0,0.0
134275,10,0.0,0,0.0
134276,10,0.0,0,0.0
134277,10,0.0,0,0.0
134278,10,1.81,0,0.1189
134279,10,1.0,0,0.0441
134280,10,0.0,0,0.0
134281,10,0.0,0,0.0
134282,10,0.0,0,0.0
134283,10,0.0,0,0.0
134284,10,0.0,0,0.0
134285,10,1.23,0,0.1132
134286,10,0.13,0,0.0252
134287,10,0.0,0,0.0
134288,10,0.0,0,0.0
134289,10,0.0,0,0.0
134290,10,0.0,0,0.0
134297,10,0.0,0,0.0
134298,10,0.0,0,0.0
134333,10,0.0,0,0.0
134334,10,0.0,0,0.0
134335,10,0.0,0,0.0
134336,10,0.0,0,0.0
134337,10,0.0,0,0.0
134338,10,0.0,0,0.0
134339,10,0.1,0,0.1758
134340,8,1.36,0,0.9335
134341,10,0.35,0,0.177
134342,10,4.43,0,0.5622
134343,10,7.79,0,0.5377
134344,10,2.89,0,0.4228
134345,10,0.0,0,0.0
134346,10,0.0,0,0.0
134347,10,0.0,0,0.0
134348,10,0.0,0,0.0
134349,10,0.0,0,0.0
134350,10,0.0,0,0.0
134351,10,0.0,0,0.0
134352,10,0.0,0,0.0
134354,10,0.0,0,0.0
134355,10,0.0,0,0.0
134918,10,0.96,0,0.0826
134919,10,1.43,0,0.2777
134920,10,0.0,0,0.0
134921,10,0.0,0,0.0
134922,10,0.0,0,0.0
134923,10,0.0,0,0.0
134924,10,0.0,0,0.0
134925,10,0.1,0,0.0393
134926,10,0.0,0,0.0
134927,10,1.38,0,0.5329
134928,10,0.08,0,0.9444
134931,10,0.0,0,0.0
134932,10,0.0,0,0.0
134933,10,0.0,0,0.0
134934,10,0.0,0,0.0
134935,10,0.21,0,0.1601
134936,10,0.0,0,0.0
134937,10,0.03,0,0.016
134938,10,0.82,0,0.3314
134939,10,1.28,0,0.6079
134940,8,2.23,0,0.9448
134941,10,0.58,0,0.6253
134942,10,0.0,0,0.0
134943,10,0.0,0,0.0
134944,10,0.0,0,0.1171
134946,10,0.0,0,0.0
134947,10,0.0,0,0.0
134950,10,0.0,0,0.0
134951,10,0.0,0,0.0
134952,10,0.0,0,0.0
134953,10,0.0,0,0.0
134958,10,0.0,0,0.0
134959,10,0.0,0,0.0
134960,10,0.0,0,0.0
134961,10,0.0,0,0.0
134962,10,0.0,0,0.0033
134963,10,0.0,0,0.0
134964,10,0.0,0,0.0
134965,10,0.0,0,0.0
134966,10,0.0,0,0.0
134967,10,0.0,0,0.0
134968,10,4.35,0,0.2369
134969,10,5.01,0,0.2657
134970,10,0.0,0,0.0
134971,10,0.0,0,0.0
134972,10,0.0,0,0.0
134973,10,0.0,0,0.0
134974,10,0.0,0,0.0
134975,10,0.0,0,0.0
134977,10,0.0,0,0.0
134978,10,0.0,0,0.0
134979,10,0.0,0,0.0
134980,10,0.0,0,0.0
134981,10,0.0,0,0.0
134983,10,0.0,0,0.0
135016,10,0.0,0,0.0
135017,10,0.0,0,0.0
135018,10,0.0,0,0.0
135019,10,0.0,0,0.0
135020,10,0.0,0,0.0
135021,10,0.0,0,0.0
135022,10,0.0,0,0.0
135023,9,0.64,0,0.8839
135024,9,0.8,0,0.9328
135025,10,0.0,0,0.0
135026,10,0.32,0,0.0586
135027,10,5.64,0,0.6888
135028,10,0.26,0,0.22
135029,10,0.0,0,0.0
135030,10,0.0,0,0.0
135031,10,0.0,0,0.0
135032,10,0.0,0,0.0
135033,10,0.0,0,0.0
135034,10,0.0,0,0.0
135035,10,0.0,0,0.0
135036,10,0.0,0,0.0
135037,10,0.0,0,0.0
135038,10,0.0,0,0.0
135039,10,0.0,0,0.0
135603,10,0.0,0,0.0
135604,10,0.0,0,0.0
135605,10,0.0,0,0.0
135606,10,0.0,0,0.0
135607,10,0.0,0,0.0
135608,10,2.78,0,0.1757
135609,10,0.63,0,0.0587
135610,10,0.0,0,0.0
135611,10,0.0,0,0.0
135612,10,0.0,0,0.0
135616,10,0.0,0,0.0
135617,10,1.71,0,0.3081
135618,10,0.0,0,0.0
135619,10,0.98,0,0.4645
135620,10,0.0,0,0.0
135621,10,0.0,0,0.0
135623,9,0.76,0,0.9418
135624,8,5.73,0,0.9449
135625,10,0.12,0,0.3343
135633,10,0.0,0,0.0
135634,10,0.0,0,0.0
135635,10,0.0,0,0.0
135636,10,0.0,0,0.0
135637,10,0.0,0,0.0
135640,10,0.0,0,0.0
135641,10,0.0,0,0.0
135642,10,0.0,0,0.0
135643,10,0.0,0,0.0
135644,10,0.0,0,0.0
135645,10,0.0,0,0.0
135646,10,0.0,0,0.0
135647,10,0.0,0,0.0
135648,10,0.0,0,0.0
135649,10,0.0,0,0.0
135650,10,0.0,0,0.0
135651,10,0.0,0,0.0
135652,10,1.79,0,0.0904
135653,10,8.43,0,0.4051
135654,10,0.0,0,0.0
135655,10,0.0,0,0.0
135656,10,0.0,0,0.0
135657,10,0.0,0,0.0
135658,10,0.0,0,0.0
135659,10,0.0,0,0.0
135660,10,0.0,0,0.0
135661,10,0.0,0,0.0
135662,10,0.0,0,0.0
135663,10,0.0,0,0.0
135664,10,0.0,0,0.0
135665,10,0.0,0,0.0
135666,10,0.0,0,0.0
135667,10,0.0,0,0.0
135699,10,0.0,0,0.0
135700,10,0.0,0,0.0
135701,10,0.0,0,0.0
135702,10,0.0,0,0.0
135703,10,0.0,0,0.0
135704,10,0.0,0,0.0
135705,10,1.07,0,0.236
135706,10,0.92,0,0.2429
135707,10,1.43,0,0.6005
135708,10,0.0,0,0.0
135709,10,0.0,0,0.0
135710,10,0.0,0,0.0
135711,10,0.47,0,0.2331
135712,10,0.29,0,0.4868
135713,10,0.0,0,0.0
135714,10,0.0,0,0.0
135715,10,0.0,0,0.0
135716,10,0.0,0,0.0
135717,10,0.0,0,0.0
135718,10,0.0,0,0.0
135719,10,0.0,0,0.0
135720,10,0.0,0,0.0
135722,10,0.0,0,0.0
135723,10,0.0,0,0.0
136287,10,0.84,0,0.2027
136288,10,0.0,0,0.0
136289,10,0.0,0,0.0
136290,10,0.0,0,0.0
136291,10,0.0,0,0.0
136292,10,0.01,0,0.0057
136293,10,1.77,0,0.2191
136294,10,0.0,0,0.0
136295,10,0.0,0,0.0
136296,10,0.0,0,0.0
136298,10,0.0,0,0.0
136299,10,0.0,0,0.0
136300,10,0.0,0,0.0
136301,10,2.97,0,0.5077
136302,10,0.0,0,0.0
136303,10,0.0,0,0.0
136304,10,0.0,0,0.0
136305,10,0.0,0,0.0
136307,10,0.0,0,0.0
136309,10,0.01,0,0.0239
136310,10,2.1,0,0.644
136316,10,0.0,0,0.0
136317,10,0.0,0,0.0
136323,10,0.0,0,0.0
136324,10,0.0,0,0.0
136325,10,0.0,0,0.0
136326,10,0.0,0,0.0
136327,10,0.0,0,0.0
136328,10,0.0,0,0.0033
136329,10,0.01,0,0.0025
136330,10,3.72,0,0.6529
136331,10,5.42,0,0.515
136332,10,0.0,0,0.0
136333,10,5.31,0,0.1955
136334,10,0.1,0,0.0037
136335,10,0.0,0,0.0
136336,10,0.0,0,0.0
136337,10,1.78,0,0.1233
136338,10,0.62,0,0.0386
136339,10,0.0,0,0.0
136340,10,0.0,0,0.0
136341,10,0.0,0,0.0
136342,10,0.0,0,0.0
136343,10,0.0,0,0.0
136344,10,0.0,0,0.0
136345,10,0.0,0,0.0
136346,10,0.0,0,0.0
136347,10,0.0,0,0.0
136348,10,0.0,0,0.0
136349,10,0.0,0,0.0
136350,10,0.0,0,0.0
136351,10,0.0,0,0.0
136383,10,0.0,0,0.0
136384,10,0.0,0,0.0
136385,10,0.0,0,0.0
136386,10,0.0,0,0.0
136387,10,0.29,0,0.4596
136388,10,0.0,0,0.0
136389,10,0.68,0,0.2935
136390,10,0.0,0,0.0
136391,10,0.0,0,0.0
136392,10,0.69,0,0.3224
136393,10,0.0,0,0.0
136394,10,0.0,0,0.0
136395,10,0.0,0,0.0
136396,10,0.0,0,0.0
136397,10,0.0,0,0.0
136398,10,0.0,0,0.0
136399,10,0.0,0,0.0
136400,10,0.0,0,0.0
136401,10,0.0,0,0.0
136402,10,0.0,0,0.0
136963,10,0.0,0,0.0
136964,10,0.0,0,0.0
136966,10,0.0,0,0.0
136972,10,1.43,0,0.0933
136973,10,0.0,0,0.0
136974,10,0.0,0,0.0
136975,10,0.0,0,0.0
136976,10,0.78,0,0.5344
136977,10,0.0,0,0.0
136978,10,0.0,0,0.0
136979,10,0.0,0,0.0
136982,10,0.0,0,0.0
136983,10,0.0,0,0.0
136984,10,0.0,0,0.0
136985,10,0.0,0,0.0
136986,10,0.0,0,0.0
136987,10,0.0,0,0.0
136988,10,0.0,0,0.0
136989,10,0.03,0,0.0529
136990,10,0.0,0,0.0
136991,10,0.0,0,0.0
136992,10,0.0,0,0.0
136993,10,0.0,0,0.0
136994,10,1.45,0,0.1518
136995,10,0.05,0,0.011
136999,10,0.0,0,0.0
137000,10,0.0,0,0.0
137001,10,0.0,0,0.0
137002,10,0.0,0,0.0
137007,10,0.0,0,0.0
137008,10,0.0,0,0.0
137009,10,0.0,0,0.0
137010,10,0.0,0,0.0
137011,10,0.0,0,0.0
137012,10,0.09,0,0.2823
137013,10,0.0,0,0.0
137014,10,0.32,0,0.1693
137015,10,3.84,0,0.5019
137016,10,0.0,0,0.0
137017,10,2.77,0,0.1624
137018,10,0.32,0,0.014
137019,10,0.0,0,0.0
137020,10,0.0,0,0.0
137021,10,0.0,0,0.0
137022,10,0.0,0,0.0
137023,10,0.0,0,0.0
137024,10,0.0,0,0.0
137025,10,0.0,0,0.0
137026,10,0.0,0,0.0
137027,10,0.0,0,0.0
137028,10,0.0,0,0.0
137029,10,0.0,0,0.0
137030,10,0.0,0,0.0
137031,10,0.0,0,0.0
137032,10,0.0,0,0.0
137033,10,0.0,0,0.0
137034,10,0.0,0,0.0
137035,10,0.0,0,0.0
137036,10,0.0,0,0.0
137037,10,0.0,0,0.0
137066,10,0.0,0,0.0
137067,10,0.0,0,0.0
137068,10,0.0,0,0.0
137069,10,0.0,0,0.0
137070,10,0.03,0,0.0267
137071,7,0.13,0,0.945
137073,10,0.14,0,0.1203
137074,10,0.0,0,0.0
137075,10,0.0,0,0.0
137076,10,0.0,0,0.0
137077,10,0.0,0,0.0
137078,10,0.0,0,0.0
137080,10,0.0,0,0.0
137081,10,0.0,0,0.0
137082,10,0.0,0,0.0
137083,10,0.0,0,0.0
137084,10,0.0,0,0.0
137085,10,0.0,0,0.0
137086,10,0.0,0,0.0
137657,10,0.0,0,0.0
137658,10,0.0,0,0.0
137659,10,0.0,0,0.0
137660,10,0.0,0,0.0
137661,10,0.0,0,0.0
137662,10,0.0,0,0.0
137663,10,0.0,0,0.0
137664,10,0.0,0,0.0
137668,10,0.0,0,0.0
137669,10,0.0,0,0.0
137670,10,0.01,0,0.0019
137671,10,0.0,0,0.0
137672,10,0.06,0,0.028
137673,10,1.0,0,0.2842
137674,10,0.0,0,0.0
137675,10,0.23,0,0.0354
137676,10,0.26,0,0.0476
137677,10,0.0,0,0.0
137678,10,0.0,0,0.0
137679,10,0.0,0,0.0
137680,10,0.47,0,0.1619
137681,8,0.01,0,0.9449
137684,10,0.0,0,0.0
137691,10,0.0,0,0.0
137692,10,4.71,0,0.6199
137693,10,0.0,0,0.0
137695,10,0.0,0,0.0
137696,10,0.0,0,0.0
137697,10,0.0,0,0.0
137698,10,0.0,0,0.0
137699,10,0.03,0,0.0855
137700,10,0.23,0,0.0293
137701,10,0.0,0,0.0
137702,10,0.0,0,0.0
137703,10,0.0,0,0.0
137704,10,0.0,0,0.0
137705,10,0.0,0,0.0
137706,10,0.0,0,0.0
137707,10,0.0,0,0.0
137708,10,0.0,0,0.0
137709,10,0.0,0,0.0
137710,10,0.0,0,0.0
137711,10,0.0,0,0.0
137712,10,0.0,0,0.0
137713,10,0.0,0,0.0
137714,10,0.0,0,0.0
137715,10,0.0,0,0.0
137716,10,0.0,0,0.0
137717,10,0.0,0,0.0
137718,10,0.0,0,0.0
137719,10,0.0,0,0.0
137720,10,0.0,0,0.0
137721,10,0.0,0,0.0
137750,10,0.0,0,0.0
137751,10,0.0,0,0.0
137752,10,0.0,0,0.0
137753,10,0.0,0,0.0
137754,10,0.2,0,0.4259
137755,7,1.2,0,0.945
137756,10,0.05,0,0.366
137757,10,1.09,0,0.3324
137758,10,1.51,0,0.1345
137759,10,0.0,0,0.0
137760,10,0.0,0,0.0
137761,10,0.0,0,0.0
137764,10,0.0,0,0.0
137765,10,0.0,0,0.0
137766,10,0.0,0,0.0
137767,10,0.0,0,0.0
137768,10,0.0,0,0.0
137769,10,0.0,0,0.0
138344,10,0.0,0,0.0
138345,10,0.0,0,0.0001
138346,10,0.65,0,0.2048
138347,10,0.33,0,0.1761
138348,10,0.48,0,0.313
138349,10,0.16,0,0.11
138350,10,0.0,0,0.0
138351,10,0.0,0,0.0
138352,10,0.28,0,0.3713
138353,10,0.1,0,0.0973
138354,10,0.0,0,0.0011
138355,10,0.07,0,0.2845
138356,10,0.0,0,0.0
138357,10,0.0,0,0.0
138358,10,0.0,0,0.0
138359,10,0.16,0,0.1335
138360,10,0.09,0,0.0205
138361,10,0.0,0,0.0
138362,10,1.15,0,0.1021
138363,10,0.33,0,0.0139
138364,10,0.05,0,0.0039
138365,10,0.8,0,0.2216
138366,8,4.27,0,0.9205
138367,10,0.0,0,0.0109
138375,10,0.0,0,0.0
138376,10,0.11,0,0.318
138377,10,0.0,0,0.0
138378,10,0.0,0,0.0
138379,10,0.0,0,0.0
138380,10,0.0,0,0.0
138381,10,0.0,0,0.0
138382,10,0.0,0,0.0
138383,10,0.1,0,0.0907
138384,10,0.26,0,0.0215
138385,10,0.0,0,0.0
138386,10,0.0,0,0.0
138387,10,0.0,0,0.0
138388,10,0.0,0,0.0
138389,10,0.0,0,0.0
138390,10,2.76,0,0.365
138391,10,2.14,0,0.1784
138392,10,0.0,0,0.0
138393,10,0.0,0,0.0
138396,10,0.0,0,0.0
138397,10,0.0,0,0.0
138398,10,0.0,0,0.0
138399,10,0.0,0,0.0
138400,10,0.0,0,0.0
138401,10,0.0,0,0.0
138402,10,0.0,0,0.0
138403,10,0.0,0,0.0
138435,10,0.0,0,0.0
138436,10,0.0,0,0.0
138437,10,0.0,0,0.0
138438,8,1.4,0,0.9449
138439,10,0.37,0,0.2979
138440,10,0.03,0,0.0481
138441,10,0.0,0,0.0
138442,10,0.0,0,0.0004
138443,10,0.0,0,0.0
138444,10,0.0,0,0.0
138445,10,0.0,0,0.0
138446,10,0.0,0,0.0
138447,10,0.0,0,0.0
138448,10,0.0,0,0.0
138449,10,0.0,0,0.0
138450,10,0.0,0,0.0
138451,10,0.0,0,0.0
138452,10,0.0,0,0.0
138453,10,0.0,0,0.0
138454,10,0.0,0,0.0
139029,10,1.38,0,0.541
139030,10,0.28,0,0.2646
139031,10,2.27,0,0.6871
139032,10,1.56,0,0.2868
139033,10,0.01,0,0.0024
139034,10,0.0,0,0.0
139035,10,0.49,0,0.3897
139036,10,0.03,0,0.023
139037,10,0.04,0,0.0133
139038,10,1.92,0,0.6642
139039,9,0.17,0,0.7861
139040,10,0.06,0,0.1216
139041,10,0.0,0,0.0
139042,10,0.0,0,0.0
139043,10,0.02,0,0.0606
139044,10,0.08,0,0.1788
139045,10,0.0,0,0.0
139046,10,3.15,0,0.1296
139047,10,7.9,0,0.4235
139048,10,0.16,0,0.0116
139049,10,6.1,0,0.4782
139050,10,2.1,0,0.5547
139051,10,0.0,0,0.0
139052,10,0.0,0,0.0
139053,10,0.0,0,0.0
139054,10,0.0,0,0.0
139055,10,0.0,0,0.0
139060,10,0.0,0,0.0
139061,10,0.0,0,0.134
139062,10,0.03,0,0.138
139064,10,0.0,0,0.0
139065,10,0.0,0,0.0
139066,10,0.0,0,0.0
139067,10,0.0,0,0.0
139068,10,0.0,0,0.0
139069,10,0.0,0,0.0
139070,10,0.0,0,0.0
139071,10,0.0,0,0.0
139072,10,0.0,0,0.0
139073,10,0.0,0,0.0
139074,10,0.0,0,0.0
139075,10,0.0,0,0.0
139076,10,0.36,0,0.0617
139077,10,0.0,0,0.0
139078,10,0.0,0,0.0
139079,10,0.0,0,0.0
139080,10,0.0,0,0.0
139081,10,0.0,0,0.0
139082,10,0.0,0,0.0
139083,10,0.0,0,0.0
139084,10,0.0,0,0.0
139085,10,0.0,0,0.0
139086,10,0.0,0,0.0
139118,10,0.0,0,0.0
139119,10,0.0,0,0.0
139120,10,2.59,0,0.1488
139121,10,11.77,0,0.567
139122,10,9.25,0,0.5762
139123,10,0.06,0,0.0108
139124,10,0.24,0,0.0234
139125,10,3.68,0,0.3795
139126,10,0.0,0,0.0
139127,10,0.0,0,0.0
139128,10,0.0,0,0.0
139129,10,0.0,0,0.0
139130,10,0.0,0,0.0
139131,10,0.0,0,0.0
139132,10,0.0,0,0.0
139133,10,0.0,0,0.0
139134,10,0.0,0,0.0
139137,10,0.0,0,0.0
139138,10,0.0,0,0.0
139713,9,2.12,0,0.9395
139714,9,1.78,0,0.9007
139715,9,1.8,0,0.9446
139716,10,2.01,0,0.2589
139717,10,0.0,0,0.0
139718,10,0.56,0,0.2927
139719,10,2.2,0,0.3427
139720,10,0.0,0,0.0
139721,10,0.0,0,0.0
139722,10,0.17,0,0.0361
139723,10,2.64,0,0.4577
139724,10,0.0,0,0.0
139725,10,0.0,0,0.0
139726,10,0.0,0,0.0
139727,10,0.0,0,0.0
139728,10,0.0,0,0.0
139729,10,0.13,0,0.1831
139730,10,1.25,0,0.1342
139731,10,2.85,0,0.2224
139732,10,0.45,0,0.064
139733,10,1.53,0,0.1894
139734,10,0.0,0,0.0
139744,10,0.07,0,0.8178
139745,10,0.14,0,0.3666
139748,10,0.0,0,0.0
139749,10,0.0,0,0.0
139750,10,0.0,0,0.0
139751,10,0.0,0,0.0
139752,10,0.0,0,0.0
139753,10,0.0,0,0.0
139754,10,0.0,0,0.0
139755,10,0.0,0,0.0
139756,10,0.0,0,0.0
139757,10,0.0,0,0.0
139758,10,0.0,0,0.0
139759,10,0.0,0,0.0
139760,10,0.35,0,0.03
139761,10,0.0,0,0.0
139762,10,0.0,0,0.0
139763,10,0.0,0,0.0
139764,10,0.0,0,0.0
139765,10,0.0,0,0.0
139766,10,0.0,0,0.0
139767,10,0.0,0,0.0
139768,10,0.0,0,0.0
139769,10,0.0,0,0.0
139802,10,0.0,0,0.0
139803,10,0.0,0,0.0
139804,10,0.33,0,0.0382
139805,10,1.17,0,0.1489
139806,10,3.71,0,0.2303
139807,10,0.0,0,0.0
139808,10,0.0,0,0.0
139809,10,0.0,0,0.0
139810,10,0.0,0,0.0
139811,10,0.0,0,0.0
139812,10,0.0,0,0.0
139813,10,0.0,0,0.0
139814,10,0.0,0,0.0
139815,10,0.0,0,0.0
139816,10,0.0,0,0.0
139817,10,0.0,0,0.0
139818,10,0.0,0,0.0
140396,9,0.31,0,0.9445
140397,10,2.55,0,0.7201
140398,9,2.53,0,0.9446
140399,9,4.41,0,0.9446
140400,10,1.01,0,0.5823
140401,10,0.0,0,0.0
140402,10,0.0,0,0.0
140403,10,0.0,0,0.0
140404,10,0.0,0,0.0
140405,10,0.0,0,0.0
140406,10,0.0,0,0.0
140407,10,0.49,0,0.1123
140408,10,2.56,0,0.3588
140409,10,0.0,0,0.0
140411,9,0.83,0,0.7884
140412,10,0.0,0,0.0
140413,10,0.16,0,0.1257
140414,10,0.7,0,0.4118
140415,10,1.48,0,0.4051
140416,10,0.73,0,0.4178
140417,8,0.07,0,0.945
140428,10,0.21,0,0.7843
140429,10,0.05,0,0.021
140430,10,0.0,0,0.0
140433,10,0.0,0,0.0
140434,10,0.0,0,0.0
140435,10,0.0,0,0.0
140436,10,0.0,0,0.0
140437,10,0.0,0,0.0
140438,10,0.0,0,0.0
140439,10,0.0,0,0.0
140440,10,0.0,0,0.0
140441,10,0.0,0,0.0
140442,10,0.0,0,0.0
140443,10,4.42,0,0.2587
140444,10,0.0,0,0.0
140445,10,0.0,0,0.0
140446,10,0.0,0,0.0
140447,10,0.0,0,0.0
140448,10,0.0,0,0.0
140449,10,0.0,0,0.0
140450,10,0.0,0,0.0
140486,10,0.0,0,0.0
140487,10,0.0,0,0.0
140488,10,0.0,0,0.0
140489,10,0.0,0,0.0
140490,10,0.0,0,0.0
140491,10,0.0,0,0.0
140492,10,0.0,0,0.0
140493,10,0.0,0,0.0
140494,10,0.0,0,0.0
140495,10,0.0,0,0.0
140496,10,0.0,0,0.0
140497,10,0.0,0,0.0
140498,10,0.0,0,0.0
140499,10,0.0,0,0.0
140500,10,0.0,0,0.0
140501,10,0.0,0,0.0
140502,10,0.0,0,0.0
140503,10,0.0,0,0.0
141083,9,4.23,0,0.9172
141084,10,0.84,0,0.3902
141085,10,0.0,0,0.0
141086,10,0.0,0,0.0
141087,10,0.61,0,0.0673
141088,10,0.0,0,0.0
141089,10,0.0,0,0.0
141090,10,0.0,0,0.0002
141091,10,5.51,0,0.538
141092,10,3.77,0,0.4469
141093,10,4.04,0,0.3302
141094,8,3.3,0,0.9169
141095,10,1.28,0,0.6232
141096,10,0.0,0,0.0
141097,10,0.0,0,0.0
141098,10,0.0,0,0.0
141099,10,0.22,0,0.4763
141100,10,0.13,0,0.179
141113,10,0.0,0,0.0
141118,10,0.0,0,0.0
141120,10,0.0,0,0.0
141121,10,0.0,0,0.0
141122,10,0.0,0,0.0
141123,10,0.0,0,0.0
141124,10,0.0,0,0.0
141125,10,0.0,0,0.0
141126,10,0.0,0,0.0
141127,10,0.0,0,0.0
141128,10,0.0,0,0.0
141129,10,0.0,0,0.0
141130,10,0.0,0,0.0
141131,10,0.0,0,0.0
141132,10,0.0,0,0.0
141133,10,0.0,0,0.0
141134,10,0.0,0,0.0
141168,10,0.0,0,0.0
141169,10,0.0,0,0.0
141170,10,0.0,0,0.0
141171,10,0.0,0,0.0
141172,10,0.84,0,0.0555
141173,10,0.7,0,0.1309
141174,10,0.0,0,0.0
141175,10,0.64,0,0.1471
141176,10,0.78,0,0.1185
141177,10,0.0,0,0.0
141178,10,0.0,0,0.0
141179,10,0.0,0,0.0
141180,10,0.0,0,0.0
141181,10,0.0,0,0.0
141182,10,0.0,0,0.0
141183,10,0.0,0,0.0
141184,10,0.0,0,0.0
141185,10,0.0,0,0.0
141186,10,0.0,0,0.0
141187,10,0.0,0,0.0
141768,10,0.85,0,0.239
141769,10,0.0,0,0.0
141770,10,0.0,0,0.0
141771,10,0.74,0,0.3531
141772,10,0.66,0,0.0708
141773,10,0.0,0,0.0
141774,10,0.0,0,0.0011
141775,9,3.73,0,0.9444
141776,10,3.69,0,0.6929
141777,10,0.04,0,0.3735
141778,10,0.61,0,0.4421
141779,8,2.82,0,0.9097
141780,10,3.39,0,0.6821
141781,8,0.65,0,0.8938
141782,10,0.0,0,0.0
141783,10,0.0,0,0.0
141786,10,0.0,0,0.0
141788,10,0.0,0,0.0
141796,10,0.0,0,0.0
141797,10,0.0,0,0.0
141798,10,0.0,0,0.0
141799,10,0.0,0,0.0
141805,10,0.0,0,0.0
141806,10,0.0,0,0.0
141807,10,0.0,0,0.0
141808,10,0.0,0,0.0
141809,10,0.0,0,0.0
141810,10,0.67,0,0.0362
141811,10,0.0,0,0.0
141812,10,0.0,0,0.0
141813,10,0.0,0,0.0
141814,10,0.0,0,0.0
141817,10,0.0,0,0.0
141818,10,0.0,0,0.0
141850,10,0.0,0,0.0
141851,10,0.0,0,0.0
141852,10,0.0,0,0.0
141853,10,0.0,0,0.0
141854,10,0.0,0,0.0
141855,10,0.0,0,0.0
141856,10,0.0,0,0.0
141857,10,0.0,0,0.0
141858,10,0.21,0,0.1144
141859,10,0.57,0,0.0926
141860,10,0.0,0,0.0
141861,10,0.0,0,0.0
141862,10,0.0,0,0.0
141863,10,0.0,0,0.0
141864,10,0.0,0,0.0
141865,10,0.0,0,0.0
141866,10,0.0,0,0.0
141867,10,0.0,0,0.0
141868,10,0.0,0,0.0
141869,10,0.0,0,0.0
141870,10,0.0,0,0.0
142447,10,0.0,0,0.0
142453,10,0.0,0,0.0
142454,10,0.0,0,0.0
142455,10,0.0,0,0.0
142456,10,0.46,0,0.2442
142457,10,0.0,0,0.0
142458,10,0.0,0,0.0
142459,10,0.27,0,0.1747
142460,10,0.33,0,0.075
142461,10,0.0,0,0.0
142463,8,3.36,0,0.8642
142464,10,1.97,0,0.6455
142465,10,0.91,0,0.2107
142466,10,0.0,0,0.0
142467,7,0.01,0,0.945
142468,7,0.11,0,0.8936
142469,8,0.01,0,0.9449
142470,10,0.0,0,0.0
142473,10,0.0,0,0.0
142474,10,0.0,0,0.0
142475,10,0.0,0,0.0
142476,10,0.0,0,0.0
142479,10,0.0,0,0.0
142480,10,0.0,0,0.0
142481,10,0.0,0,0.0
142484,10,0.0,0,0.0
142490,10,0.0,0,0.0
142491,10,0.0,0,0.0
142492,10,0.0,0,0.0
142493,10,0.0,0,0.0
142494,10,2.27,0,0.1449
142495,10,0.0,0,0.0
142496,10,0.0,0,0.0
142499,10,0.0,0,0.0
142501,10,0.73,0,0.3082
142502,10,0.0,0,0.0
142529,10,0.0,0,0.0
142530,10,0.0,0,0.0
142531,10,0.0,0,0.0
142532,10,0.0,0,0.0
142534,10,0.0,0,0.0
142535,10,0.0,0,0.0
142536,10,0.0,0,0.0
142537,10,0.0,0,0.0
142538,10,0.0,0,0.0
142539,10,0.0,0,0.0
142540,10,3.02,0,0.2226
142541,10,0.0,0,0.0
142542,10,0.06,0,0.4336
142543,10,0.0,0,0.0
142544,10,0.0,0,0.0
142545,10,0.0,0,0.0
142546,10,0.0,0,0.0
142547,10,0.0,0,0.0
142548,10,0.0,0,0.0
142549,10,0.0,0,0.0
142550,10,0.0,0,0.0
142551,10,0.0,0,0.0
142552,10,0.0,0,0.0
142553,10,0.0,0,0.0
142554,10,0.0,0,0.0
143131,10,0.0,0,0.0
143137,10,0.0,0,0.0
143138,10,0.0,0,0.0
143139,10,0.0,0,0.0
143140,10,0.77,0,0.0659
143141,10,0.0,0,0.0
143142,10,0.0,0,0.0
143147,10,0.0,0,0.0
143148,10,0.95,0,0.627
143149,10,1.03,0,0.2499
143150,10,1.49,0,0.2094
143151,10,0.0,0,0.0
143153,10,0.06,0,0.3952
143154,10,0.02,0,0.0173
143155,10,0.04,0,0.0328
143156,10,0.0,0,0.0
143157,10,0.0,0,0.0
143158,10,0.0,0,0.0
143163,10,0.0,0,0.0
143164,10,0.0,0,0.0
143165,10,0.0,0,0.0
143170,10,0.0,0,0.0
143173,10,0.0,0,0.0
143174,10,0.0,0,0.0
143175,10,0.0,0,0.0
143176,10,0.0,0,0.0
143177,10,0.0,0,0.0
143179,10,0.0,0,0.0
143181,10,0.0,0,0.0
143182,10,0.0,0,0.0
143183,10,0.0,0,0.0
143184,10,0.0,0,0.0
143185,10,0.0,0,0.0
143212,10,0.0,0,0.0
143213,10,0.0,0,0.0
143215,10,0.0,0,0.0
143216,10,0.0,0,0.0
143217,10,0.0,0,0.0
143218,10,0.0,0,0.0
143219,10,0.0,0,0.0
143220,10,0.0,0,0.0
143221,10,0.0,0,0.0
143222,10,0.0,0,0.0
143223,10,0.0,0,0.0005
143224,10,1.51,0,0.294
143225,10,0.0,0,0.0
143230,10,0.0,0,0.0
143231,10,0.67,0,0.0977
143232,10,0.0,0,0.0
143233,10,0.0,0,0.0
143234,10,0.0,0,0.0
143235,10,0.0,0,0.0
143236,10,0.0,0,0.0
143237,10,0.0,0,0.0
143822,10,0.0,0,0.0
143823,10,0.0,0,0.0
143824,10,2.02,0,0.1138
143825,10,0.0,0,0.0
143826,10,0.0,0,0.0
143827,10,0.0,0,0.0
143828,10,0.0,0,0.0
143829,10,0.0,0,0.0
143830,10,0.0,0,0.0
143831,10,0.0,0,0.0
143832,10,0.31,0,0.337
143833,10,3.5,0,0.4887
143834,10,0.46,0,0.0928
143835,10,0.4,0,0.2748
143836,10,0.37,0,0.6866
143837,10,0.01,0,0.1367
143839,10,0.04,0,0.4303
143840,10,0.26,0,0.056
143841,10,0.33,0,0.1109
143844,10,0.0,0,0.0
143845,10,0.0,0,0.0013
143846,10,0.0,0,0.0
143847,10,0.0,0,0.0
143848,10,0.0,0,0.0
143858,10,0.0,0,0.0
143859,10,0.0,0,0.0
143860,10,0.0,0,0.0
143861,10,0.0,0,0.0
143862,10,0.0,0,0.0
143863,10,0.0,0,0.0
143865,10,0.0,0,0.0
143866,10,0.0,0,0.0
143867,10,0.0,0,0.0
143868,10,0.0,0,0.0
143869,10,0.0,0,0.0
143870,9,0.26,0,0.8821
143895,10,0.0,0,0.0
143896,10,0.0,0,0.0
143897,10,0.0,0,0.0
143899,10,0.0,0,0.0
143900,10,0.0,0,0.0
143901,10,0.0,0,0.0
143902,10,0.0,0,0.0
143903,10,0.0,0,0.0
143904,10,0.0,0,0.0
143905,10,0.0,0,0.0
143906,10,4.9,0,0.4981
143907,10,4.85,0,0.287
143908,10,0.0,0,0.0
143909,10,1.09,0,0.1642
143915,10,0.64,0,0.9443
143916,10,0.0,0,0.0
143917,10,0.0,0,0.0
143918,10,0.0,0,0.0
143919,10,0.0,0,0.0
143920,10,0.0,0,0.0
144507,10,0.0,0,0.0
144508,10,0.0,0,0.0
144509,10,0.0,0,0.0
144510,10,3.92,0,0.5546
144511,10,0.0,0,0.0
144512,10,0.0,0,0.0
144513,10,0.0,0,0.0
144514,10,0.0,0,0.0
144515,10,0.0,0,0.0
144517,10,1.23,0,0.3247
144518,10,1.23,0,0.3366
144519,8,4.81,0,0.886
144520,10,0.0,0,0.0
144521,10,0.0,0,0.0
144522,10,0.0,0,0.0
144523,9,0.16,0,0.7536
144524,10,0.02,0,0.034
144525,10,4.59,0,0.7062
144526,8,1.21,0,0.9263
144527,9,0.2,0,0.9448
144528,10,1.58,0,0.2415
144529,10,1.78,0,0.4718
144530,10,0.04,0,0.1693
144531,10,0.0,0,0.0
144532,10,0.0,0,0.0
144536,10,0.0,0,0.0
144537,10,0.0,0,0.0
144541,10,0.0,0,0.0
144542,10,0.0,0,0.0
144543,10,0.0,0,0.0
144544,10,0.0,0,0.0
144545,10,0.0,0,0.0
144546,10,0.0,0,0.0
144550,10,0.0,0,0.0
144578,10,0.0,0,0.0
144579,10,0.0,0,0.0
144580,10,0.0,0,0.0
144581,10,0.0,0,0.0
144582,10,0.0,0,0.0
144583,10,0.0,0,0.0
144584,10,0.0,0,0.0
144585,10,0.0,0,0.0
144586,10,0.0,0,0.0
144587,10,0.0,0,0.0
144588,10,0.0,0,0.0
144589,10,0.0,0,0.0
144590,10,5.02,0,0.3137
144591,10,5.9,0,0.3613
144592,10,1.26,0,0.084
144593,10,0.56,0,0.1128
144594,10,2.23,0,0.2572
144595,10,0.0,0,0.0
144601,10,0.0,0,0.0
144602,10,0.0,0,0.0
144603,10,0.0,0,0.0
144604,10,0.0,0,0.0
145181,10,0.0,0,0.0
145191,10,0.0,0,0.0
145192,10,0.0,0,0.0
145193,10,0.0,0,0.0
145194,10,0.0,0,0.0
145195,10,0.0,0,0.0
145196,10,0.38,0,0.0606
145197,10,3.17,0,0.2783
145198,10,2.09,0,0.3885
145199,10,2.86,0,0.1902
145200,10,3.06,0,0.6836
145201,8,10.71,0,0.9448
145202,8,2.58,0,0.9448
145203,8,3.63,0,0.9449
145204,7,4.01,0,0.945
145205,9,20.28,0,0.918
145206,10,0.1,0,0.3958
145207,8,0.01,0,0.9449
145209,10,0.01,0,0.0387
145210,10,1.08,0,0.6832
145211,10,4.96,0,0.5152
145212,10,0.12,0,0.0059
145213,9,7.52,0,0.9279
145214,10,2.25,0,0.3466
145215,10,0.0,0,0.0
145216,10,0.0,0,0.0
145221,10,0.0,0,0.0
145222,10,0.0,0,0.0
145223,10,0.0,0,0.0
145224,10,0.0,0,0.0
145225,10,0.0,0,0.0
145226,10,0.0,0,0.0
145227,10,0.0,0,0.0
145228,10,0.0,0,0.0
145231,10,0.0,0,0.0
145232,10,0.0,0,0.0
145233,10,0.0,0,0.0
145234,10,0.0,0,0.0
145236,10,0.0,0,0.0
145239,10,0.0,0,0.0
145240,10,0.0,0,0.0
145242,10,0.0,0,0.0
145260,10,0.0,0,0.0
145261,10,0.0,0,0.0
145262,10,0.0,0,0.0
145263,10,0.0,0,0.0
145264,10,0.0,0,0.0
145265,10,0.0,0,0.0
145266,10,0.0,0,0.0
145267,10,0.0,0,0.0
145268,10,0.0,0,0.0
145269,10,0.0,0,0.0
145270,10,0.0,0,0.0
145271,10,0.0,0,0.0
145272,10,0.0,0,0.0
145273,10,0.0,0,0.0
145274,10,0.0,0,0.0
145275,10,2.01,0,0.1372
145276,10,1.5,0,0.1194
145277,10,1.55,0,0.3119
145278,10,2.71,0,0.2029
145279,10,0.0,0,0.0
145285,10,0.0,0,0.0
145286,10,0.0,0,0.0
145287,10,0.0,0,0.0
145288,10,0.0,0,0.0
145876,10,0.0,0,0.0
145877,10,0.0,0,0.0
145878,10,0.0,0,0.0
145880,10,0.92,0,0.2092
145881,10,5.01,0,0.9444
145882,10,0.0,0,0.0
145883,10,1.71,0,0.4558
145884,10,3.42,0,0.3367
145885,10,6.92,0,0.2829
145886,8,14.12,0,0.9448
145887,8,0.47,0,0.9449
145888,8,24.25,0,0.9449
145889,10,10.18,0,0.5345
145890,10,9.22,0,0.6168
145891,10,0.98,0,0.4028
145892,10,0.0,0,0.0
145895,10,0.0,0,0.0
145896,10,0.0,0,0.0
145897,10,0.89,0,0.0537
145898,10,0.1,0,0.0165
145899,10,0.0,0,0.0
145900,10,0.0,0,0.0
145901,10,0.0,0,0.0
145904,10,0.0,0,0.0
145905,10,0.0,0,0.0
145906,10,0.0,0,0.0
145909,10,0.0,0,0.0
145910,10,0.0,0,0.0
145915,10,0.0,0,0.0
145916,10,0.0,0,0.0
145917,10,0.0,0,0.0
145918,10,0.0,0,0.0
145924,10,0.0,0,0.0
145926,10,0.0,0,0.0
145944,10,0.0,0,0.0
145945,10,0.0,0,0.0
145946,10,0.0,0,0.0
145947,10,0.0,0,0.0
145948,10,0.0,0,0.0
145949,10,0.0,0,0.0
145950,10,0.0,0,0.0
145951,10,0.0,0,0.0
145952,10,0.0,0,0.0
145953,10,0.0,0,0.0
145954,10,0.0,0,0.0
145955,10,0.0,0,0.0
145956,10,0.0,0,0.0
145957,10,0.0,0,0.0
145958,10,0.0,0,0.0
145959,10,15.81,0,0.7928
145960,10,7.7,0,0.6098
145961,10,4.3,0,0.5639
145962,10,6.35,0,0.6534
145963,10,0.0,0,0.0
145964,10,0.0,0,0.0
145965,10,0.0,0,0.0
145966,10,0.0,0,0.0
145967,10,0.0,0,0.0
145968,10,0.0,0,0.0
145969,10,0.0,0,0.0
145970,10,0.0,0,0.0
145971,10,0.0,0,0.0
145972,10,0.0,0,0.0
146560,10,0.0,0,0.0
146561,10,0.0,0,0.0
146562,10,0.0,0,0.0
146563,10,0.0,0,0.0
146564,10,0.0,0,0.0
146565,10,0.0,0,0.0
146566,10,0.0,0,0.0
146567,10,13.94,0,0.6073
146568,10,5.38,0,0.287
146569,9,23.07,0,0.8885
146570,8,6.17,0,0.9448
146571,8,1.96,0,0.9448
146572,8,0.1,0,0.9449
146573,8,10.31,0,0.9449
146574,9,5.14,0,0.7621
146575,10,0.98,0,0.1149
146576,8,0.0,0,0.9448
146580,10,0.0,0,0.0
146581,10,0.0,0,0.0
146582,10,0.0,0,0.0
146583,10,0.0,0,0.0
146584,10,0.0,0,0.0
146588,10,0.0,0,0.0
146589,10,0.0,0,0.0
146591,10,0.0,0,0.0
146600,10,0.0,0,0.0
146601,10,0.0,0,0.0
146602,10,0.0,0,0.0
146603,10,0.0,0,0.0
146604,10,0.0,0,0.0
146605,10,0.0,0,0.0
146608,10,0.0,0,0.0
146609,10,0.0,0,0.0
146610,10,0.0,0,0.0
146622,10,0.0,0,0.0
146623,10,0.0,0,0.0
146626,10,0.0,0,0.0
146627,10,0.0,0,0.0
146628,10,0.0,0,0.0
146629,10,0.0,0,0.0
146630,10,0.0,0,0.0
146631,10,0.0,0,0.0
146632,10,0.0,0,0.0
146633,10,0.0,0,0.0
146634,10,0.0,0,0.0
146635,10,0.0,0,0.0
146636,10,0.0,0,0.0
146637,10,0.0,0,0.0
146638,10,0.0,0,0.0
146639,10,0.0,0,0.0
146640,10,0.0,0,0.0
146641,10,0.0,0,0.0
146642,10,0.0,0,0.0
146643,9,12.39,0,0.8497
146644,10,5.78,0,0.5562
146645,10,0.36,0,0.0376
146646,10,1.98,0,0.1899
146647,10,0.0,0,0.0
146648,10,0.0,0,0.0
146649,10,0.0,0,0.0
146650,10,0.0,0,0.0
146651,10,0.0,0,0.0
146652,10,0.0,0,0.0
146653,10,0.0,0,0.0
146654,10,0.0,0,0.0
146655,10,0.0,0,0.0
146656,10,0.0,0,0.0
147244,10,0.0,0,0.0
147245,10,0.0,0,0.0
147247,10,0.0,0,0.0
147248,10,0.0,0,0.0
147249,10,0.21,0,0.2379
147250,10,1.45,0,0.0776
147251,10,0.0,0,0.0
147252,10,2.42,0,0.2677
147253,8,28.72,0,0.9439
147254,8,23.7,0,0.9448
147255,8,10.99,0,0.9449
147257,8,18.06,0,0.9449
147258,8,16.4,0,0.9352
147259,9,3.16,0,0.8128
147260,10,1.46,0,0.5099
147261,8,0.0,0,0.9448
147264,10,0.0,0,0.0
147265,10,0.0,0,0.0
147266,10,0.0,0,0.0
147267,10,0.0,0,0.0
147274,10,0.0,0,0.0
147275,10,0.0,0,0.0
147276,10,0.0,0,0.0
147285,10,0.0,0,0.0
147286,10,0.13,0,0.2199
147287,10,0.47,0,0.2243
147288,10,0.07,0,0.2941
147289,10,0.0,0,0.0
147290,10,0.0,0,0.0
147291,10,0.0,0,0.0
147293,10,0.0,0,0.0
147294,10,0.0,0,0.0
147306,10,0.0,0,0.0
147307,10,0.0,0,0.0
147309,10,0.0,0,0.0
147310,10,0.0,0,0.0
147311,10,0.0,0,0.0
147312,10,0.0,0,0.0
147313,10,0.0,0,0.0
147314,10,0.0,0,0.0
147315,10,0.0,0,0.0
147316,10,1.37,0,0.1253
147317,10,0.0,0,0.0
147318,10,0.0,0,0.0
147319,10,0.0,0,0.0
147320,10,0.09,0,0.1059
147321,10,0.6,0,0.0384
147322,10,0.0,0,0.0
147323,10,0.0,0,0.0
147324,10,0.0,0,0.0
147325,10,1.03,0,0.4337
147326,9,0.29,0,0.9284
147327,9,1.22,0,0.9448
147328,9,5.57,0,0.9269
147329,10,1.2,0,0.2091
147330,10,0.0,0,0.0
147331,10,0.0,0,0.0
147332,10,0.0,0,0.0
147333,10,0.0,0,0.0
147334,10,0.0,0,0.0
147335,10,0.0,0,0.0
147336,10,0.0,0,0.0
147337,10,0.0,0,0.0
147338,10,0.0,0,0.0
147339,10,0.0,0,0.0
147340,10,0.0,0,0.0
147927,10,0.01,0,0.0062
147928,10,0.18,0,0.0174
147929,10,0.0,0,0.0
147930,10,0.0,0,0.0
147931,10,0.0,0,0.0
147932,10,0.0,0,0.0
147933,10,0.37,0,0.0385
147934,10,14.27,0,0.6902
147935,10,6.85,0,0.8183
147936,10,1.28,0,0.2061
147937,9,4.06,0,0.8205
147938,8,3.61,0,0.9448
147939,8,35.46,0,0.9449
147940,8,15.72,0,0.9449
147941,8,19.83,0,0.9449
147942,8,30.64,0,0.9449
147943,9,4.67,0,0.9141
147944,10,7.01,0,0.6056
147945,10,2.64,0,0.3556
147946,10,0.49,0,0.3388
147949,10,0.0,0,0.0
147950,10,0.0,0,0.0
147951,10,0.0,0,0.0
147960,10,0.0,0,0.0
147961,10,0.0,0,0.0
147962,10,0.0,0,0.0
147963,10,0.0,0,0.0
147969,10,0.0,0,0.0
147970,10,0.0,0,0.0
147971,10,0.0,0,0.0
147972,10,0.13,0,0.3972
147973,10,0.0,0,0.0
147976,10,0.0,0,0.0
147980,10,0.0,0,0.0
147981,10,0.0,0,0.0
147982,10,0.0,0,0.0
147983,10,0.0,0,0.0
147992,10,0.0,0,0.0
147993,10,0.0,0,0.0
147994,10,0.0,0,0.0
147995,10,0.0,0,0.0
147996,10,0.0,0,0.0
147997,10,0.0,0,0.0
147998,10,0.0,0,0.0
147999,10,0.26,0,0.411
148000,10,3.87,0,0.3378
148001,10,0.0,0,0.0
148002,10,0.0,0,0.0
148003,10,0.0,0,0.0
148004,10,5.14,0,0.4601
148005,10,8.38,0,0.615
148006,10,1.25,0,0.1807
148007,10,0.0,0,0.0
148008,10,0.06,0,0.4357
148009,10,10.66,0,0.7342
148010,10,0.2,0,0.0314
148011,8,2.44,0,0.9449
148012,8,2.46,0,0.9448
148013,10,0.0,0,0.0
148014,10,0.0,0,0.0
148015,10,0.0,0,0.0
148016,10,0.0,0,0.0
148017,10,0.0,0,0.0
148018,10,0.0,0,0.0
148019,10,0.0,0,0.0
148020,10,0.0,0,0.0
148021,10,0.0,0,0.0
148022,10,0.0,0,0.0
148023,10,0.0,0,0.0
148024,10,0.0,0,0.0
148612,10,0.3,0,0.1292
148613,10,0.0,0,0.0
148614,10,0.0,0,0.0
148615,10,0.0,0,0.0
148616,10,0.0,0,0.0
148617,10,0.0,0,0.0
148618,10,0.0,0,0.0
148619,10,5.03,0,0.4556
148620,10,1.45,0,0.1527
148621,10,3.47,0,0.1734
148622,8,1.8,0,0.9448
148623,8,22.98,0,0.9448
148624,8,27.37,0,0.9449
148625,8,30.08,0,0.9449
148626,8,38.97,0,0.9449
148627,8,6.37,0,0.9449
148628,8,0.47,0,0.9448
148629,10,2.24,0,0.2332
148630,10,0.0,0,0.0
148633,10,0.0,0,0.0
148634,10,0.0,0,0.0
148635,10,0.0,0,0.0
148644,10,0.0,0,0.0
148645,10,0.0,0,0.0
148646,10,0.0,0,0.0
148647,10,0.0,0,0.0
148653,10,0.0,0,0.0
148654,10,0.0,0,0.0
148655,10,0.0,0,0.0
148656,10,0.0,0,0.0
148657,10,0.0,0,0.0
148660,10,0.0,0,0.0
148661,10,0.0,0,0.0
148664,10,0.0,0,0.0
148665,10,0.0,0,0.0
148666,10,0.0,0,0.0
148667,10,0.0,0,0.0
148676,10,0.0,0,0.0
148677,10,0.0,0,0.0
148678,10,0.0,0,0.0
148679,10,0.0,0,0.0
148680,10,0.0,0,0.0
148681,10,0.0,0,0.0
148682,10,0.0,0,0.0
148684,10,0.0,0,0.0
148685,10,0.0,0,0.0
148686,10,0.0,0,0.0
148687,10,2.22,0,0.1907
148688,10,6.69,0,0.5298
148689,9,16.04,0,0.8838
148690,10,6.97,0,0.7192
148691,10,0.44,0,0.0868
148692,10,4.35,0,0.5065
148693,10,12.78,0,0.6713
148694,10,11.72,0,0.582
148695,8,9.79,0,0.9449
148696,10,1.71,0,0.2801
148697,10,0.0,0,0.0
148698,10,0.0,0,0.0
148699,10,0.0,0,0.0
148700,10,0.0,0,0.0
148701,10,0.0,0,0.0
148702,10,0.0,0,0.0
148703,10,0.0,0,0.0
148704,10,0.0,0,0.0
148705,10,0.0,0,0.0
148706,10,0.0,0,0.0
148707,10,0.0,0,0.0
149296,10,0.81,0,0.3043
149297,10,0.0,0,0.0
149298,10,0.0,0,0.0
149299,10,0.0,0,0.0
149300,10,0.0,0,0.0
149301,10,0.0,0,0.0
149302,10,0.0,0,0.0
149303,10,0.0,0,0.0
149304,10,0.0,0,0.0
149305,10,5.5,0,0.4707
149306,8,17.18,0,0.9448
149307,8,34.91,0,0.9448
149308,8,32.98,0,0.9449
149309,8,40.36,0,0.9449
149310,8,32.29,0,0.9449
149311,8,9.81,0,0.9449
149312,8,0.67,0,0.9448
149313,10,0.0,0,0.0
149314,10,0.0,0,0.0
149316,10,0.0,0,0.0
149317,10,0.0,0,0.0
149318,10,0.0,0,0.0
149319,10,0.0,0,0.0
149323,10,0.0,0,0.0
149324,10,0.0,0,0.0
149330,10,0.0,0,0.0
149331,10,0.0,0,0.0
149332,10,0.0,0,0.0
149333,10,0.0,0,0.0
149335,10,0.0,0,0.0
149336,10,0.0,0,0.0
149337,10,0.0,0,0.0
149339,10,0.0,0,0.0
149340,10,0.0,0,0.0
149341,10,0.0,0,0.0
149342,10,0.0,0,0.0
149343,10,0.0,0,0.0
149344,10,0.0,0,0.0
149346,10,0.0,0,0.0
149349,10,0.0,0,0.0
149359,10,0.0,0,0.0
149361,10,0.0,0,0.0
149362,10,0.0,0,0.0
149363,10,0.0,0,0.0
149364,10,0.0,0,0.0
149365,10,0.0,0,0.0
149366,10,0.13,0,0.201
149367,10,0.0,0,0.0
149368,10,0.0,0,0.0
149369,10,0.0,0,0.0
149370,10,0.0,0,0.0
149371,10,3.15,0,0.2269
149372,9,12.35,0,0.9447
149373,9,5.79,0,0.7994
149374,10,9.76,0,0.6542
149375,10,0.53,0,0.04
149376,10,0.01,0,0.002
149377,8,4.93,0,0.8591
149378,8,25.05,0,0.9449
149379,8,9.81,0,0.9449
149380,9,8.84,0,0.9209
149381,10,1.05,0,0.1281
149382,10,0.0,0,0.0
149383,10,0.0,0,0.0
149384,10,0.0,0,0.0
149385,10,0.0,0,0.0
149386,10,0.0,0,0.0
149387,10,0.0,0,0.0
149388,10,0.0,0,0.0
149389,10,0.0,0,0.0
149390,10,0.0,0,0.0
149391,10,0.0,0,0.0
149980,10,0.06,0,0.0151
149981,10,0.0,0,0.0
149982,10,0.0,0,0.0
149983,10,0.0,0,0.0
149984,10,0.0,0,0.0
149985,10,0.0,0,0.0
149987,10,0.0,0,0.0
149988,10,0.0,0,0.0
149989,10,1.09,0,0.227
149990,9,1.4,0,0.9448
149991,8,17.46,0,0.9448
149992,8,26.09,0,0.9448
149993,8,30.99,0,0.9449
149994,8,29.42,0,0.9449
149995,8,2.5,0,0.9448
149996,10,0.0,0,0.0
149997,8,1.29,0,0.9448
149998,9,0.0,0,0.9448
150000,10,0.0,0,0.0
150001,10,0.0,0,0.0
150002,10,0.0,0,0.0
150003,10,0.0,0,0.0
150006,10,0.0,0,0.0
150007,10,0.0,0,0.0
150008,10,0.0,0,0.0
150010,10,0.0,0,0.0
150011,10,0.0,0,0.0
150015,10,0.0,0,0.0
150016,10,0.0,0,0.0
150017,10,0.0,0,0.0
150018,10,0.0,0,0.0
150019,10,0.0,0,0.0
150020,10,0.0,0,0.0
150021,10,0.0,0,0.0
150023,10,0.0,0,0.0
150024,10,0.0,0,0.0
150025,10,0.0,0,0.0
150026,10,0.0,0,0.0
150029,10,0.0,0,0.0
150030,10,0.0,0,0.0
150031,10,0.0,0,0.0
150043,10,0.0,0,0.0
150045,10,0.0,0,0.0
150046,10,0.0,0,0.0
150047,10,0.0,0,0.0
150048,10,0.0,0,0.0
150049,10,0.0,0,0.0
150051,10,0.0,0,0.0
150052,10,0.0,0,0.0
150053,10,0.0,0,0.0
150054,10,0.0,0,0.0
150055,10,0.83,0,0.0432
150056,9,15.13,0,0.7478
150057,10,0.23,0,0.4288
150058,10,0.13,0,0.2635
150059,10,4.34,0,0.3238
150060,10,2.21,0,0.502
150061,10,0.44,0,0.2569
150062,8,12.57,0,0.9449
150063,8,8.62,0,0.938
150064,10,5.62,0,0.5156
150065,10,6.39,0,0.5722
150066,10,0.0,0,0.0
150067,10,0.0,0,0.0
150068,10,0.0,0,0.0
150069,10,0.0,0,0.0
150070,10,0.0,0,0.0
150071,10,0.0,0,0.0
150072,10,0.0,0,0.0
150073,10,0.0,0,0.0
150074,10,0.0,0,0.0
150671,10,0.0,0,0.0
150672,10,0.0,0,0.0
150673,10,0.0,0,0.0
150674,9,0.0,0,0.9447
150675,8,3.59,0,0.9448
150676,8,15.52,0,0.9448
150677,8,28.22,0,0.9448
150678,8,23.21,0,0.9449
150679,9,1.39,0,0.7997
150680,10,0.16,0,0.6691
150681,9,1.32,0,0.9028
150682,9,0.91,0,0.9448
150683,10,0.34,0,0.385
150684,10,0.0,0,0.0
150685,10,0.0,0,0.0
150686,10,0.0,0,0.0
150687,10,0.0,0,0.0
150688,10,0.0,0,0.0
150689,10,0.0,0,0.0
150690,10,0.0,0,0.0
150691,10,0.0,0,0.0
150692,10,0.0,0,0.0
150693,10,0.0,0,0.0
150694,10,0.0,0,0.0
150695,10,0.0,0,0.0
150696,10,0.0,0,0.0
150699,10,0.0,0,0.0
150700,10,0.0,0,0.0
150702,10,0.0,0,0.0
150704,10,0.0,0,0.0
150705,10,0.0,0,0.0
150706,10,0.0,0,0.0
150707,10,0.0,0,0.0
150708,10,0.0,0,0.0
150709,10,0.0,0,0.0
150710,10,0.0,0,0.0
150711,10,0.0,0,0.0
150713,10,0.0,0,0.0
150714,10,0.0,0,0.0
150715,10,0.0,0,0.0
150725,10,0.0,0,0.0
150726,10,0.0,0,0.0
150729,10,0.0,0,0.0
150730,10,0.0,0,0.0
150731,10,0.0,0,0.0
150732,10,0.0,0,0.0
150734,10,0.0,0,0.0
150735,10,0.0,0,0.0
150736,10,0.0,0,0.0
150737,10,0.0,0,0.0
150738,10,0.0,0,0.0
150739,10,0.04,0,0.0022
150740,10,5.88,0,0.2834
150741,10,0.51,0,0.4686
150742,10,0.0,0,0.0
150743,8,9.85,0,0.8718
150744,8,15.47,0,0.9433
150745,8,23.58,0,0.8859
150746,8,33.13,0,0.945
150747,8,2.12,0,0.9414
150748,9,8.94,0,0.8489
150749,9,6.1,0,0.8298
150750,10,0.16,0,0.0292
150751,10,0.0,0,0.0
150752,10,0.0,0,0.0
150753,10,0.0,0,0.0
150754,10,0.0,0,0.0
150755,10,0.0,0,0.0
150756,10,0.0,0,0.0
150757,10,0.0,0,0.0
150758,10,0.0,0,0.0
150759,10,0.0,0,0.0
151362,8,0.01,0,0.9449
151363,10,0.21,0,0.2925
151364,10,0.82,0,0.286
151365,10,0.0,0,0.0044
151366,9,0.68,0,0.9448
151367,9,7.23,0,0.9132
151368,10,3.14,0,0.3882
151369,10,0.05,0,0.0351
151370,10,0.0,0,0.0
151371,10,0.0,0,0.0
151372,10,0.0,0,0.0
151373,10,0.0,0,0.0
151374,10,0.0,0,0.0
151375,10,0.0,0,0.0
151376,10,0.0,0,0.0
151377,10,0.0,0,0.0
151378,10,0.0,0,0.0
151381,10,0.0,0,0.0
151382,10,0.0,0,0.0
151384,10,0.75,0,0.5434
151386,10,0.0,0,0.0
151388,10,0.0,0,0.0
151389,10,0.0,0,0.0
151390,10,0.0,0,0.0
151391,10,0.0,0,0.0
151392,10,0.0,0,0.0
151393,10,0.0,0,0.0
151394,10,0.0,0,0.0
151395,10,0.0,0,0.0
151396,10,0.0,0,0.0
151397,10,0.0,0,0.0
151398,10,0.0,0,0.0
151400,10,0.0,0,0.0
151405,10,0.0,0,0.0
151409,10,0.0,0,0.0
151410,10,0.0,0,0.0
151414,10,0.0,0,0.0
151415,10,0.0,0,0.0
151416,10,0.0,0,0.0
151417,10,0.0,0,0.0
151418,10,0.0,0,0.0
151419,10,0.0,0,0.0
151420,10,0.0,0,0.0
151421,10,0.0,0,0.0
151422,10,0.0,0,0.0
151423,10,0.0,0,0.0
151424,10,2.76,0,0.2182
151425,10,1.19,0,0.2102
151427,8,1.14,0,0.9067
151428,8,21.7,0,0.9277
151429,7,34.94,0,0.945
151430,8,28.89,0,0.9449
151431,8,2.47,0,0.9448
151432,8,16.43,0,0.9448
151433,10,16.85,0,0.7608
151434,10,10.13,0,0.3718
151435,10,0.0,0,0.0
151436,10,0.0,0,0.0
151437,10,0.0,0,0.0
151438,10,0.0,0,0.0
151439,10,0.0,0,0.0
151440,10,0.0,0,0.0
151441,10,0.0,0,0.0
151442,10,0.0,0,0.0
151443,10,0.0,0,0.0
152050,10,5.95,0,0.7328
152051,8,17.81,0,0.9448
152052,9,5.47,0,0.8837
152053,10,0.0,0,0.0
152054,10,0.0,0,0.0
152055,10,0.0,0,0.0
152056,10,0.0,0,0.0
152057,10,0.11,0,0.0691
152058,10,0.24,0,0.0938
152059,10,0.0,0,0.0
152060,10,0.0,0,0.0
152061,10,0.0,0,0.0
152062,10,0.0,0,0.0
152063,10,0.0,0,0.0
152064,10,0.0,0,0.0
152065,10,0.0,0,0.0
152066,10,0.0,0,0.0
152067,10,0.38,0,0.0806
152068,10,0.07,0,0.9444
152072,10,0.0,0,0.0
152073,10,0.0,0,0.0
152074,10,0.0,0,0.0
152075,10,0.0,0,0.0
152076,10,0.0,0,0.0
152077,10,0.0,0,0.0
152078,10,0.0,0,0.0
152079,10,0.0,0,0.0
152080,10,0.0,0,0.0
152081,10,0.0,0,0.0
152082,10,0.0,0,0.0
152083,10,0.0,0,0.0
152084,10,0.0,0,0.0
152085,10,0.0,0,0.0
152087,10,0.0,0,0.0
152088,10,0.0,0,0.0
152090,10,0.0,0,0.0
152097,10,0.0,0,0.0
152098,10,0.0,0,0.0
152099,10,0.0,0,0.0
152101,10,0.0,0,0.0
152102,10,0.0,0,0.0
152103,10,0.0,0,0.0
152104,10,0.0,0,0.0
152105,10,0.0,0,0.0
152106,10,0.0,0,0.0
152107,10,0.0,0,0.0
152108,10,9.11,0,0.7388
152109,9,7.6,0,0.8776
152111,10,0.03,0,0.0099
152112,10,11.05,0,0.5723
152113,8,17.35,0,0.9443
152114,10,6.98,0,0.3526
152115,10,3.37,0,0.2533
152116,10,5.29,0,0.4124
152117,9,17.22,0,0.9072
152118,10,6.81,0,0.4238
152119,10,0.0,0,0.0
152120,10,0.0,0,0.0
152121,10,0.0,0,0.0
152122,10,0.0,0,0.0
152123,10,0.0,0,0.0
152124,10,0.0,0,0.0
152125,10,0.0,0,0.0
152126,10,0.0,0,0.0
152127,10,0.0,0,0.0
152128,10,0.0,0,0.0
152734,9,5.5,0,0.8507
152735,9,6.11,0,0.8245
152736,8,2.29,0,0.9448
152737,10,0.0,0,0.0
152738,10,0.0,0,0.0
152739,10,0.0,0,0.0
152740,10,0.0,0,0.0
152741,10,0.0,0,0.0
152742,10,0.0,0,0.0
152743,10,0.0,0,0.0
152744,10,0.0,0,0.0
152745,10,0.0,0,0.0
152746,10,0.0,0,0.0
152747,10,0.0,0,0.0
152749,10,0.0,0,0.0
152750,10,0.0,0,0.0
152751,10,0.0,0,0.0
152755,10,0.0,0,0.0
152756,10,0.0,0,0.0
152757,10,0.0,0,0.0
152758,10,0.0,0,0.0
152759,10,0.0,0,0.0
152760,10,0.0,0,0.0
152761,10,0.0,0,0.0
152762,10,0.0,0,0.0
152763,10,0.0,0,0.0
152764,10,0.0,0,0.0
152765,10,0.0,0,0.0
152766,10,0.0,0,0.0
152767,10,0.0,0,0.0
152768,10,0.0,0,0.0
152769,10,0.0,0,0.0
152771,10,0.0,0,0.0
152772,10,0.0,0,0.0
152773,10,0.0,0,0.0
152775,10,0.0,0,0.0
152782,10,0.39,0,0.2637
152783,10,0.0,0,0.0
152784,10,0.0,0,0.0
152786,10,0.0,0,0.0
152787,10,0.0,0,0.0
152788,10,0.0,0,0.0
152789,10,0.0,0,0.0
152790,10,0.0,0,0.0
152791,10,0.0,0,0.0
152792,10,0.0,0,0.0
152793,10,1.66,0,0.0965
152794,10,1.19,0,0.313
152795,10,0.0,0,0.0
152796,10,6.43,0,0.3787
152797,10,6.4,0,0.4548
152798,10,0.93,0,0.0587
152799,10,0.0,0,0.0
152800,10,0.0,0,0.0
152801,10,10.17,0,0.5935
152802,10,6.49,0,0.3966
152803,10,0.0,0,0.0
152804,10,0.0,0,0.0
152805,10,0.0,0,0.0
152806,10,0.0,0,0.0
152807,10,0.0,0,0.0
152808,10,0.0,0,0.0
152809,10,0.0,0,0.0
152810,10,0.0,0,0.0
152811,10,0.0,0,0.0
153419,10,2.29,0,0.6749
153420,9,9.61,0,0.9448
153421,9,14.38,0,0.8765
153422,10,0.05,0,0.0319
153423,10,0.0,0,0.0
153424,10,0.0,0,0.0
153425,10,1.46,0,0.083
153426,10,9.39,0,0.4084
153427,10,0.0,0,0.0
153428,10,0.0,0,0.0
153429,10,0.0,0,0.0
153431,10,0.0,0,0.0
153433,10,0.0,0,0.0
153434,10,0.0,0,0.0
153439,10,0.0,0,0.0
153440,10,0.0,0,0.0
153441,10,0.0,0,0.0
153442,10,0.0,0,0.0
153443,10,0.0,0,0.0
153444,10,0.0,0,0.0
153445,10,0.0,0,0.0
153446,10,0.0,0,0.0
153447,10,0.0,0,0.0
153448,10,0.0,0,0.0
153449,10,0.0,0,0.0
153450,10,0.0,0,0.0
153451,10,0.0,0,0.0
153452,10,0.0,0,0.0
153453,10,0.0,0,0.0
153459,10,0.0,0,0.0
153460,10,0.0,0,0.0
153464,10,0.0,0,0.0
153466,10,0.16,0,0.8878
153467,10,0.0,0,0.0
153472,10,0.0,0,0.0
153473,10,0.0,0,0.0
153474,10,0.0,0,0.0
153475,10,0.0,0,0.0
153476,10,0.0,0,0.0
153477,10,3.1,0,0.1795
153478,10,3.76,0,0.1876
153479,10,6.77,0,0.5982
153480,10,0.02,0,0.0024
153481,10,3.91,0,0.2605
153482,10,1.38,0,0.0803
153483,10,0.0,0,0.0
153484,10,0.0,0,0.0
153485,10,0.0,0,0.0
153486,10,0.38,0,0.0365
153487,10,1.2,0,0.0966
153488,10,0.0,0,0.0
153489,10,0.0,0,0.0
153490,10,0.0,0,0.0
153491,10,0.0,0,0.0
153492,10,0.0,0,0.0
153493,10,0.0,0,0.0
153494,10,0.0,0,0.0
153495,10,0.0,0,0.0
154104,8,1.09,0,0.9448
154105,9,21.68,0,0.9447
154106,10,12.44,0,0.3715
154107,10,2.03,0,0.4406
154108,10,0.38,0,0.2629
154109,10,0.54,0,0.0843
154110,10,10.28,0,0.4471
154111,10,0.0,0,0.0
154112,10,0.0,0,0.0
154116,10,0.0,0,0.0
154117,10,0.0,0,0.0
154118,10,0.0,0,0.0
154119,10,0.0,0,0.0
154121,10,0.0,0,0.0
154123,10,0.0,0,0.0
154125,10,0.0,0,0.0
154126,10,0.0,0,0.0
154127,10,0.0,0,0.0
154128,10,0.0,0,0.0
154129,10,0.0,0,0.0
154132,10,0.0,0,0.0
154133,10,0.0,0,0.0
154134,10,0.0,0,0.0
154135,10,0.0,0,0.0
154136,10,0.0,0,0.0
154137,10,0.0,0,0.0
154139,10,0.0,0,0.0
154140,10,0.0,0,0.0
154141,10,0.04,0,0.9443
154142,10,2.78,0,0.5459
154143,10,0.0,0,0.0
154144,10,0.0,0,0.0
154146,10,0.7,0,0.9444
154147,10,3.36,0,0.3528
154148,10,0.0,0,0.0
154151,10,0.0,0,0.0
154152,10,0.0,0,0.0
154155,10,0.03,0,0.1157
154156,10,0.0,0,0.0
154157,10,0.0,0,0.0
154159,10,0.0,0,0.0
154160,10,4.76,0,0.4583
154161,10,17.98,0,0.6448
154162,10,0.05,0,0.0028
154163,10,2.93,0,0.3142
154164,10,0.9,0,0.0848
154165,10,3.98,0,0.3342
154166,10,5.16,0,0.3403
154167,10,0.0,0,0.0
154168,10,0.0,0,0.0
154169,10,0.0,0,0.0
154170,10,3.22,0,0.3099
154171,10,2.8,0,0.1739
154172,10,0.13,0,0.0094
154173,10,0.0,0,0.0
154174,10,0.0,0,0.0
154175,10,0.0,0,0.0
154176,10,0.0,0,0.0
154177,10,0.0,0,0.0
154178,10,0.0,0,0.0
154179,10,0.0,0,0.0
154790,10,4.86,0,0.5956
154791,9,4.2,0,0.8513
154792,9,7.58,0,0.9397
154794,10,0.0,0,0.0
154795,10,0.0,0,0.0
154796,10,0.0,0,0.0
154799,10,0.0,0,0.0
154800,10,0.0,0,0.0
154801,10,0.0,0,0.0
154805,10,0.0,0,0.0
154806,10,0.0,0,0.0
154807,10,0.0,0,0.0
154808,10,0.0,0,0.0
154809,10,0.0,0,0.0
154810,10,0.0,0,0.0
154811,10,0.0,0,0.0
154812,10,0.0,0,0.0
154813,10,0.0,0,0.0
154814,10,0.0,0,0.0
154816,10,0.0,0,0.0
154817,10,0.0,0,0.0
154818,10,0.0,0,0.0
154819,10,1.1,0,0.9443
154820,10,0.13,0,0.4641
154821,10,0.0,0,0.0
154822,10,0.0,0,0.0
154825,10,0.0,0,0.0
154826,10,0.08,0,0.0077
154827,10,0.82,0,0.053
154828,10,0.0,0,0.0
154829,10,0.0,0,0.0
154830,10,1.17,0,0.7427
154831,10,1.63,0,0.0624
154832,10,0.0,0,0.0
154835,10,0.0,0,0.0
154836,10,0.0,0,0.0
154837,10,0.0,0,0.0
154839,10,0.0,0,0.0
154841,10,0.0,0,0.0
154843,10,0.0,0,0.0
154844,10,0.0,0,0.0
154845,10,0.0,0,0.0
154846,10,0.56,0,0.0505
154847,10,0.9,0,0.1149
154848,10,1.63,0,0.1594
154849,10,7.49,0,0.5725
154850,10,2.0,0,0.1729
154851,10,0.0,0,0.0
154852,10,0.0,0,0.0
154853,10,1.32,0,0.1549
154854,10,0.62,0,0.0412
154855,10,3.15,0,0.2089
154856,10,1.35,0,0.0988
154857,10,0.0,0,0.0
154858,10,0.0,0,0.0
154859,10,0.0,0,0.0
154860,10,0.0,0,0.0
154861,10,0.0,0,0.0
155476,9,0.27,0,0.9314
155477,10,0.0,0,0.0
155485,10,0.0,0,0.0
155486,10,0.0,0,0.0
155488,10,0.0,0,0.0
155489,10,0.0,0,0.0
155490,10,0.0,0,0.0
155492,10,0.0,0,0.0
155493,10,0.0,0,0.0
155494,10,0.0,0,0.0
155495,10,0.0,0,0.0
155496,10,0.0,0,0.0
155497,10,0.0,0,0.0
155498,10,0.0,0,0.0
155501,10,0.0,0,0.0
155504,10,0.0,0,0.0
155505,10,0.0,0,0.0
155509,10,0.0,0,0.0
155510,10,2.73,0,0.1111
155511,10,11.14,0,0.5428
155512,10,5.56,0,0.2922
155513,10,0.0,0,0.0
155514,10,0.0,0,0.0
155515,10,0.0,0,0.0
155516,10,1.01,0,0.1009
155517,10,0.6,0,0.3045
155519,10,0.58,0,0.8762
155520,10,7.98,0,0.6148
155521,10,0.0,0,0.0
155522,10,0.0,0,0.0
155523,10,0.0,0,0.0
155524,10,0.0,0,0.0
155525,10,0.0,0,0.0
155527,10,0.0,0,0.0
155528,10,0.0,0,0.0
155529,10,0.0,0,0.0
155530,10,0.42,0,0.0344
155531,10,0.5,0,0.0937
155532,10,3.62,0,0.2746
155533,10,1.77,0,0.1991
155534,10,0.0,0,0.0
155535,10,0.0,0,0.0
155536,10,0.0,0,0.0
155537,10,7.88,0,0.4203
155538,10,7.45,0,0.3432
155539,10,1.49,0,0.131
155540,10,5.82,0,0.5316
155541,10,0.0,0,0.0
155542,10,0.0,0,0.0
155543,10,0.0,0,0.0
155544,10,0.0,0,0.0
156161,10,0.0,0,0.0
156162,10,0.0,0,0.0
156170,10,0.0,0,0.0
156171,10,0.0,0,0.0
156172,10,0.0,0,0.0
156173,10,0.0,0,0.0
156174,10,0.0,0,0.0
156175,10,0.0,0,0.0
156176,10,0.0,0,0.0
156177,10,0.0,0,0.0
156178,10,0.0,0,0.0
156179,10,0.0,0,0.0
156188,10,0.25,0,0.0491
156189,10,0.02,0,0.0035
156191,10,0.0,0,0.0
156192,10,0.0,0,0.0
156193,10,0.0,0,0.0
156194,10,0.64,0,0.1552
156195,10,11.66,0,0.382
156196,10,5.67,0,0.2908
156197,10,0.0,0,0.0
156198,10,0.0,0,0.0
156199,10,0.0,0,0.0
156200,10,0.0,0,0.0
156201,10,0.0,0,0.0
156202,10,0.0,0,0.0
156203,10,0.0,0,0.0
156204,10,1.17,0,0.0855
156205,10,11.07,0,0.565
156206,10,0.0,0,0.0
156207,10,0.0,0,0.0
156208,10,0.0,0,0.0
156209,10,0.0,0,0.0
156211,10,0.0,0,0.0
156212,10,2.42,0,0.1454
156213,10,0.0,0,0.0
156214,10,0.0,0,0.0
156215,10,0.0,0,0.0
156216,10,0.0,0,0.0
156217,10,3.17,0,0.285
156218,10,0.0,0,0.0
156219,10,0.0,0,0.0
156220,10,0.77,0,0.0797
156221,10,19.34,0,0.8458
156222,10,0.54,0,0.0305
156223,10,0.17,0,0.012
156224,10,7.44,0,0.5335
156225,10,1.14,0,0.1067
156226,10,0.0,0,0.0
156227,10,0.0,0,0.0
156847,10,0.0,0,0.0
156848,10,0.0,0,0.0
156854,10,0.0,0,0.0
156855,10,0.0,0,0.0
156856,10,0.0,0,0.0
156857,10,0.0,0,0.0
156858,10,0.0,0,0.0
156859,10,0.0,0,0.0
156860,10,0.0,0,0.0
156861,10,0.0,0,0.0
156862,10,0.0,0,0.0
156863,10,0.0,0,0.0
156865,10,0.0,0,0.0
156866,10,0.0,0,0.0
156872,10,1.59,0,0.9443
156873,10,0.08,0,0.0362
156875,10,0.0,0,0.0
156876,10,0.0,0,0.0
156877,10,0.0,0,0.0
156878,10,0.0,0,0.0
156879,10,2.7,0,0.0786
156880,10,7.14,0,0.2827
156881,10,0.0,0,0.0
156882,10,0.0,0,0.0
156883,10,0.22,0,0.0201
156884,10,0.56,0,0.0527
156885,10,0.0,0,0.0
156887,10,0.0,0,0.0
156888,10,0.0,0,0.0
156889,10,0.54,0,0.0328
156890,10,0.0,0,0.0
156891,10,0.0,0,0.0
156892,10,0.0,0,0.0
156893,10,0.0,0,0.0
156894,10,1.53,0,0.2826
156895,10,0.0,0,0.0
156896,10,0.0,0,0.0
156897,10,0.0,0,0.0
156898,10,0.0,0,0.0
156899,10,0.0,0,0.0
156900,10,0.0,0,0.0
156901,10,2.27,0,0.2082
156902,10,0.0,0,0.0
156903,10,0.0,0,0.0
156904,10,1.2,0,0.1333
156905,10,13.36,0,0.7348
156906,10,0.42,0,0.0212
156907,10,0.0,0,0.0
156908,10,0.0,0,0.0
156909,10,1.3,0,0.1409
156910,10,0.0,0,0.0
156911,10,0.0,0,0.0
157533,10,0.0,0,0.0
157534,10,0.0,0,0.0
157538,10,0.0,0,0.0
157539,10,0.0,0,0.0
157540,10,0.0,0,0.0
157541,10,0.0,0,0.0
157542,10,0.0,0,0.0
157543,10,0.0,0,0.0
157545,10,0.0,0,0.0
157546,10,0.0,0,0.0
157547,10,0.0,0,0.0
157548,10,0.0,0,0.0
157549,10,0.0,0,0.0
157550,10,0.0,0,0.0
157559,10,0.0,0,0.0
157560,10,0.0,0,0.0
157561,10,0.0,0,0.0
157562,10,0.0,0,0.0
157563,10,2.61,0,0.0938
157564,10,19.62,0,0.6036
157565,10,1.25,0,0.0691
157566,10,0.0,0,0.0
157567,10,0.81,0,0.0565
157568,10,17.02,0,0.4528
157569,10,5.62,0,0.756
157571,10,0.0,0,0.0
157572,10,0.0,0,0.0
157573,10,0.0,0,0.0
157574,10,0.0,0,0.0
157575,10,0.0,0,0.0
157576,10,0.0,0,0.0
157577,10,3.2,0,0.1829
157578,9,43.26,0,0.8823
157579,10,1.66,0,0.0965
157580,10,0.0,0,0.0
157581,10,0.22,0,0.014
157582,10,4.7,0,0.3315
157583,10,0.53,0,0.0712
157584,10,0.0,0,0.0
157585,10,9.01,0,0.5126
157586,10,0.8,0,0.0382
157587,10,0.0,0,0.0
157588,10,0.0,0,0.0
157589,10,2.88,0,0.2258
157590,10,0.4,0,0.0522
157591,10,2.24,0,0.2163
157592,10,0.03,0,0.0026
157593,10,1.75,0,0.2102
157594,10,0.0,0,0.0
158219,10,0.0,0,0.0
158220,10,0.0,0,0.0
158222,10,0.0,0,0.0
158223,10,0.0,0,0.0
158224,10,0.0,0,0.0
158225,10,0.0,0,0.0
158227,10,0.0,0,0.0
158230,10,0.0,0,0.0
158231,10,0.0,0,0.0
158232,10,0.0,0,0.0
158233,10,0.0,0,0.0
158234,10,0.0,0,0.0
158235,10,0.0,0,0.0
158244,10,0.0,0,0.0
158245,10,0.0,0,0.0
158246,10,0.0,0,0.0
158247,10,1.7,0,0.4772
158248,10,4.91,0,0.2516
158249,10,1.36,0,0.044
158250,10,0.15,0,0.0056
158251,10,0.0,0,0.0
158252,10,1.96,0,0.0531
158253,10,2.02,0,0.9443
158255,10,5.41,0,0.4001
158256,10,0.0,0,0.0
158257,10,0.0,0,0.0
158258,10,0.0,0,0.0
158259,10,4.4,0,0.1566
158260,10,25.42,0,0.5972
158261,10,8.37,0,0.3246
158262,10,7.85,0,0.1849
158263,10,0.0,0,0.0
158264,10,0.0,0,0.0
158265,10,0.67,0,0.0519
158266,10,6.6,0,0.368
158267,10,0.0,0,0.0
158268,10,2.75,0,0.4325
158269,9,13.37,0,0.8989
158270,10,23.97,0,0.7247
158271,10,4.55,0,0.1254
158272,10,0.0,0,0.0
158273,10,1.28,0,0.146
158275,10,0.04,0,0.014
158276,10,1.4,0,0.3158
158277,10,1.89,0,0.3232
158278,10,0.0,0,0.0
158904,10,0.0,0,0.0
158905,10,0.0,0,0.0
158907,10,0.0,0,0.0
158908,10,0.0,0,0.0
158909,10,0.0,0,0.0
158910,10,0.0,0,0.0
158911,10,0.0,0,0.0
158913,10,0.0,0,0.0
158914,10,0.0,0,0.0
158915,10,0.0,0,0.0
158916,10,0.0,0,0.0
158917,10,0.0,0,0.0
158918,10,0.0,0,0.0
158919,10,0.0,0,0.0
158920,10,0.0,0,0.0
158921,10,0.0,0,0.0
158922,10,0.0,0,0.0
158923,10,0.0,0,0.0
158931,10,0.0,0,0.0
158932,10,0.0,0,0.0
158933,10,8.16,0,0.2933
158934,10,1.05,0,0.0448
158935,10,0.0,0,0.0
158936,10,0.0,0,0.0
158939,10,6.5,0,0.4451
158940,10,0.0,0,0.0
158941,10,0.0,0,0.0
158942,10,0.0,0,0.0
158943,10,0.0,0,0.0
158944,10,7.17,0,0.2911
158945,10,0.94,0,0.036
158946,10,0.0,0,0.0
158947,10,0.0,0,0.0
158948,10,0.0,0,0.0
158949,10,0.0,0,0.0
158950,10,1.51,0,0.0974
158951,10,2.51,0,0.488
158952,10,0.22,0,0.0763
158953,9,20.58,0,0.8889
158954,10,40.29,0,0.668
158955,10,0.0,0,0.0
158956,10,0.0,0,0.0
158957,10,2.66,0,0.1897
158958,10,10.42,0,0.8777
158959,10,2.31,0,0.2002
158960,10,1.41,0,0.3438
158961,10,2.36,0,0.1878
158962,10,0.0,0,0.0005
158963,10,0.0,0,0.0
159590,10,0.0,0,0.0
159591,10,0.0,0,0.0
159592,10,0.0,0,0.0
159593,10,0.0,0,0.0
159594,10,0.0,0,0.0
159595,10,0.0,0,0.0
159596,10,0.0,0,0.0
159597,10,0.0,0,0.0
159598,10,0.0,0,0.0
159599,10,0.0,0,0.0
159600,10,0.0,0,0.0
159601,10,0.0,0,0.0
159602,10,0.0,0,0.0
159603,10,0.05,0,0.0078
159604,10,0.03,0,0.0152
159605,10,0.0,0,0.0
159607,10,0.0,0,0.0
159616,10,0.0,0,0.0
159617,10,0.0,0,0.0
159618,10,0.0,0,0.0
159619,10,0.0,0,0.0
159622,10,0.0,0,0.0
159623,10,0.0,0,0.0
159624,10,7.42,0,0.1958
159625,10,0.0,0,0.0
159626,10,0.0,0,0.0
159627,10,0.0,0,0.0
159628,10,0.0,0,0.0
159629,10,0.0,0,0.0
159630,10,0.0,0,0.0
159631,10,0.0,0,0.0
159632,10,0.0,0,0.0
159633,10,0.0,0,0.0
159634,10,0.0,0,0.0
159636,10,0.0,0,0.0
159637,9,36.63,0,0.8198
159638,10,21.35,0,0.4764
159639,10,8.89,0,0.2663
159640,10,0.0,0,0.0
159641,10,11.7,0,0.5221
159642,10,11.4,0,0.5258
159643,10,0.69,0,0.0612
159644,10,0.0,0,0.0
159645,10,1.12,0,0.4435
159646,10,0.0,0,0.0
159647,10,0.0,0,0.0
160275,10,0.0,0,0.0
160276,10,0.0,0,0.0
160277,10,0.28,0,0.0731
160278,10,0.0,0,0.0
160279,10,0.0,0,0.0
160280,10,0.0,0,0.0
160281,10,0.0,0,0.0
160282,10,0.0,0,0.0
160283,10,0.0,0,0.0
160284,10,0.0,0,0.0
160285,10,0.0,0,0.0
160286,10,0.0,0,0.0
160287,10,0.08,0,0.0201
160288,10,0.01,0,0.0278
160289,10,0.0,0,0.0
160294,10,0.0,0,0.0
160295,10,0.0,0,0.0
160298,10,0.0,0,0.0
160300,10,0.0,0,0.0
160301,10,0.0,0,0.0
160304,10,0.0,0,0.0
160305,10,11.14,0,0.5646
160306,10,0.0,0,0.0
160307,10,0.08,0,0.0027
160308,10,16.47,0,0.6017
160309,10,0.0,0,0.0
160310,10,0.0,0,0.0
160311,10,0.0,0,0.0
160312,10,0.0,0,0.0
160313,10,0.0,0,0.0
160314,10,1.84,0,0.0882
160315,10,0.0,0,0.0
160316,10,3.63,0,0.1866
160317,10,0.0,0,0.0
160318,10,0.0,0,0.0
160319,10,1.16,0,0.1377
160320,10,0.32,0,0.0204
160321,10,0.0,0,0.0
160322,10,0.49,0,0.0757
160323,10,0.0,0,0.0
160324,10,0.0,0,0.0
160325,9,20.57,0,0.7841
160326,9,22.54,0,0.9288
160327,10,1.64,0,0.1477
160328,10,0.0,0,0.0
160329,10,0.8,0,0.6284
160330,10,0.0,0,0.0
160961,10,0.0,0,0.0
160962,10,0.0,0,0.0
160963,10,0.0,0,0.0
160964,10,0.0,0,0.0
160965,10,0.0,0,0.0
160966,10,0.0,0,0.0
160967,10,0.0,0,0.0
160968,10,0.0,0,0.0
160969,10,0.0,0,0.0
160970,10,0.02,0,0.0082
160971,10,1.02,0,0.3334
160972,10,2.08,0,0.7943
160973,10,0.33,0,0.1626
160977,10,0.0,0,0.0
160978,10,0.0,0,0.0
160979,10,0.0,0,0.0
160980,10,0.0,0,0.0
160981,10,0.0,0,0.0
160982,10,0.0,0,0.0
160983,10,0.0,0,0.0
160988,10,1.38,0,0.4456
160989,10,20.99,0,0.5468
160990,10,0.0,0,0.0
160991,10,0.0,0,0.0
160992,10,0.0,0,0.0
160994,10,0.0,0,0.0
160995,10,0.0,0,0.0
160996,10,0.0,0,0.0
160997,10,2.17,0,0.0831
160998,10,14.52,0,0.7831
160999,10,7.64,0,0.4787
161000,10,2.0,0,0.1069
161001,10,0.0,0,0.0
161002,10,0.0,0,0.0
161003,10,11.67,0,0.4127
161004,10,5.65,0,0.1899
161005,10,3.49,0,0.1485
161006,10,0.87,0,0.1139
161007,10,0.88,0,0.0807
161008,10,4.54,0,0.4436
161009,8,27.53,0,0.9236
161010,9,23.73,0,0.9291
161011,10,0.0,0,0.0
161012,10,0.0,0,0.0
161013,10,0.0,0,0.0
161648,10,0.0,0,0.0
161649,10,0.0,0,0.0
161650,10,0.0,0,0.0
161651,10,0.0,0,0.0
161652,10,0.0,0,0.0
161653,10,0.0,0,0.0
161654,10,1.92,0,0.6296
161655,9,18.86,0,0.9445
161656,10,1.15,0,0.6142
161657,10,0.0,0,0.0
161661,10,0.0,0,0.0
161662,10,0.0,0,0.0
161663,10,0.0,0,0.0
161666,10,15.88,0,0.8469
161667,10,17.42,0,0.5532
161668,10,0.0,0,0.0
161671,10,0.0,0,0.0
161674,10,0.0,0,0.0
161675,10,0.0,0,0.0
161676,10,0.0,0,0.0
161680,10,4.79,0,0.1695
161681,10,1.54,0,0.0616
161682,10,19.06,0,0.707
161683,10,0.28,0,0.0194
161684,10,2.29,0,0.1818
161685,10,0.82,0,0.0525
161686,10,2.6,0,0.2722
161687,10,10.11,0,0.5105
161688,10,15.02,0,0.6754
161689,10,8.06,0,0.2148
161690,10,2.44,0,0.134
161691,10,0.0,0,0.0
161692,10,1.29,0,0.0638
161693,10,17.77,0,0.7228
161694,10,14.71,0,0.6711
161695,10,0.0,0,0.0
161696,10,0.0,0,0.0
161697,10,0.0,0,0.0
162332,10,0.0,0,0.0
162334,10,0.0,0,0.0
162335,10,0.0,0,0.0
162336,10,0.0,0,0.0
162337,10,0.0,0,0.0
162338,10,0.43,0,0.331
162339,10,12.74,0,0.608
162340,10,1.6,0,0.1636
162341,10,0.0,0,0.0
162345,10,0.0,0,0.0
162346,10,0.0,0,0.0
162347,10,0.0,0,0.0
162349,10,0.0,0,0.0
162350,10,1.75,0,0.1412
162351,10,7.16,0,0.4505
162352,10,0.0,0,0.0
162354,10,0.0,0,0.0
162355,10,0.0,0,0.0
162356,10,0.0,0,0.0
162357,10,7.43,0,0.6546
162358,10,0.68,0,0.9443
162361,10,0.0,0,0.0
162362,10,0.0,0,0.0
162364,10,1.6,0,0.0724
162365,10,11.02,0,0.4125
162366,10,0.89,0,0.0555
162367,10,0.0,0,0.0
162368,10,10.94,0,0.6156
162369,10,10.05,0,0.5698
162370,10,0.0,0,0.0
162371,10,1.15,0,0.1784
162372,10,4.35,0,0.565
162373,10,20.75,0,0.5626
162374,10,5.93,0,0.1892
162375,10,0.0,0,0.0
162376,10,1.12,0,0.0471
162377,10,13.78,0,0.5351
162378,10,10.44,0,0.7824
162379,10,0.0,0,0.4349
162380,10,0.0,0,0.0
162381,10,0.0,0,0.0
163018,10,0.0,0,0.0
163019,10,0.0,0,0.0
163020,10,0.0,0,0.0
163021,10,0.0,0,0.0
163022,10,0.0,0,0.0
163023,10,0.0,0,0.0
163024,10,0.0,0,0.0
163025,10,0.0,0,0.0
163026,10,0.0,0,0.0
163027,10,0.0,0,0.0
163029,10,1.51,0,0.1699
163030,10,0.06,0,0.0085
163031,10,0.0,0,0.0
163033,10,0.0,0,0.0
163034,10,6.69,0,0.2593
163035,10,0.28,0,0.0537
163037,10,0.0,0,0.0
163038,10,0.0,0,0.0
163039,10,0.0,0,0.0
163040,10,0.0,0,0.0
163041,10,2.21,0,0.0935
163042,10,1.33,0,0.0886
163043,10,4.36,0,0.196
163044,10,0.27,0,0.0331
163046,10,0.0,0,0.0
163048,10,2.62,0,0.4918
163049,10,11.61,0,0.4923
163050,10,0.0,0,0.0
163051,10,6.88,0,0.2154
163052,10,23.02,0,0.6942
163053,10,11.63,0,0.5607
163054,10,0.0,0,0.0
163055,10,0.0,0,0.0
163056,10,5.54,0,0.5056
163057,9,33.28,0,0.9445
163058,10,13.73,0,0.4713
163059,10,0.0,0,0.0
163060,10,0.69,0,0.3194
163061,10,13.89,0,0.8567
163062,9,11.39,0,0.9445
163063,10,1.06,0,0.6536
163064,10,0.0,0,0.0
163065,10,0.0,0,0.0
163704,10,0.0,0,0.0
163706,10,0.0,0,0.0
163707,10,0.0,0,0.0
163708,10,0.0,0,0.0
163709,10,0.0,0,0.0
163710,10,0.0,0,0.0
163711,10,0.0,0,0.0
163713,10,6.73,0,0.5597
163714,10,2.46,0,0.2982
163715,10,0.0,0,0.0
163716,10,0.0,0,0.0
163717,10,0.0,0,0.0
163718,10,7.63,0,0.2517
163719,10,4.31,0,0.4068
163720,10,0.0,0,0.0
163721,10,0.0,0,0.0
163722,10,0.0,0,0.0
163723,10,0.0,0,0.0
163724,10,0.59,0,0.0333
163725,10,0.4,0,0.0356
163726,10,0.0,0,0.0
163727,10,0.0,0,0.0
163728,10,3.35,0,0.2758
163729,10,0.0,0,0.0
163730,10,0.0,0,0.0
163732,10,1.36,0,0.2752
163733,10,0.0,0,0.0
163734,10,0.0,0,0.0
163735,10,7.3,0,0.3193
163736,10,13.81,0,0.5136
163737,10,4.36,0,0.2396
163738,10,0.0,0,0.0
163739,10,0.0,0,0.0
163740,10,10.45,0,0.5527
163741,9,31.86,0,0.9444
163742,10,16.7,0,0.4814
163743,10,4.81,0,0.2885
163744,10,0.91,0,0.1647
163745,10,17.48,0,0.8125
163746,9,24.44,0,0.9444
163747,9,23.87,0,0.9038
163748,10,0.0,0,0.0
164391,10,0.0,0,0.0
164392,10,0.0,0,0.0
164393,10,0.0,0,0.0
164394,10,0.0,0,0.0
164397,10,7.11,0,0.3541
164398,10,0.65,0,0.1031
164400,10,0.0,0,0.0
164401,10,0.0,0,0.0
164402,10,2.96,0,0.1319
164403,10,0.22,0,0.0097
164404,10,0.0,0,0.0
164405,10,0.0,0,0.0
164406,10,0.0,0,0.0
164407,10,0.0,0,0.0
164408,10,0.0,0,0.0
164409,10,0.0,0,0.0
164410,10,0.0,0,0.0
164411,10,0.0,0,0.0
164412,10,0.0,0,0.0
164413,10,0.0,0,0.0
164414,10,0.0,0,0.0
164421,10,0.0,0,0.0
164422,10,0.0,0,0.0
164423,10,0.0,0,0.0
164424,10,3.29,0,0.4155
164425,9,11.62,0,0.9444
164426,10,11.19,0,0.4995
164427,9,10.34,0,0.9445
164428,10,5.17,0,0.5665
164429,10,13.51,0,0.8221
164430,9,15.85,0,0.9444
164431,9,14.25,0,0.9446
165081,10,0.0,0,0.0
165082,10,1.18,0,0.6512
165083,10,0.0,0,0.0
165086,10,0.0,0,0.0
165087,10,0.0,0,0.0
165088,10,3.53,0,0.1212
165089,10,7.85,0,0.2379
165090,10,0.0,0,0.0
165091,10,0.0,0,0.0
165092,10,0.0,0,0.0
165093,10,0.0,0,0.0
165094,10,0.0,0,0.0
165095,10,0.0,0,0.0
165096,10,0.0,0,0.0
165111,9,0.0,0,0.9445
165112,9,0.59,0,0.9445
165113,9,4.29,0,0.9443
165114,9,10.98,0,0.9444
165115,9,4.57,0,0.9446
165772,10,0.0,0,0.0
165773,10,0.0,0,0.0
165774,10,0.0,0,0.0
165775,10,0.0,0,0.0
165776,10,1.99,0,0.6986
165777,10,0.0,0,0.0
165778,10,0.0,0,0.0
165779,10,0.0,0,0.0
165780,10,0.0,0,0.0
165781,10,0.0,0,0.0
165797,9,0.93,0,0.9445
165798,9,0.06,0,0.9444
165799,9,0.02,0,0.9446
166463,10,0.0,0,0.0
166464,10,0.0,0,0.0
166465,10,0.0,0,0.0
