sc_point_gid,class,capacity,capital_adder_per_mw,cf,mean_resource_temp
37804,10,4.83,0,0.8497,115.379944
37805,10,0.11,0,0.0402,5.430953
37806,10,0,0,0,0
37807,10,0,0,0,0
37808,10,0,0,0,0
38488,10,3.86,0,0.7387,104.54041
38489,10,0.92,0,0.2257,32.686512
38490,10,0.77,0,0.1608,23.263163
38491,10,0,0,0,0
38492,10,0.17,0,0.0759,13.210683
39158,10,0,0,0,0
39173,10,0.54,0,0.0874,12.718756
39174,10,0,0,0,0
39175,10,0,0,0,0
39176,10,0.3,0,0.2179,36.937405
39180,10,0,0,0,0
39182,10,0,0,0,0
39842,10,0,0,0,0
39843,10,0,0,0,0
39857,10,0,0,0,0
39858,10,0,0,0,0
39859,10,0,0,0,0
39871,10,0,0,0,0
40525,10,0,0,0,0
40526,10,0,0,0,0
40527,10,0,0,0,0
40528,10,0,0,0,0
40539,10,0,0,0,0
40540,10,0,0,0,0
40541,10,0,0,0,0
40542,10,0,0,0,0
40543,10,0,0,0,0
40544,10,0,0,0,0
40545,10,0,0,0,0
40556,10,0,0,0,0
40557,10,0,0,0,0
40558,10,0,0,0,0
41209,10,0,0,0,0
41210,10,0,0,0,0
41211,10,0,0,0,0
41212,10,0,0,0,0
41213,10,0,0,0,0
41214,10,0,0,0,0
41224,10,1.26,0,0.2543,35.206604
41225,10,0,0,0,0
41226,10,0,0,0,0
41227,10,0,0,0,0
41228,10,0,0,0,0
41229,10,0,0,0,0
41230,10,0,0,0,0
41231,10,0,0,0,0
41242,10,0,0,0,0
41243,10,0,0,0,0
41244,10,0,0,0,0
41245,10,0,0,0,0
41246,10,0,0,0,0
41893,10,0,0,0,0
41894,10,0,0,0,0
41895,10,0,0,0,0
41896,10,0,0,0,0
41897,10,0,0,0.0018,0.2780567
41898,10,0,0,0,0
41899,10,0,0,0,0
41900,10,0,0,0,0
41906,10,0,0,0,0
41907,10,0.01,0,0.0015,0.2121644
41908,10,2,0,0.7647,107.34065
41909,10,1.39,0,0.1105,15.283952
41910,10,0,0,0,0
41911,10,0,0,0,0
41912,10,0,0,0,0
41913,10,0,0,0,0
41914,10,0,0,0,0
41915,10,0,0,0,0
41926,10,0,0,0,0
41927,10,0,0,0,0
41928,10,0,0,0,0
41929,10,0,0,0,0
41930,10,0,0,0,0
41931,10,0,0,0,0
41932,10,0,0,0,0
41933,10,0,0,0,0
41934,10,0,0,0,0
42578,10,0,0,0,0
42579,10,0,0,0,0
42580,10,0,0,0,0
42581,10,0,0,0,0
42584,10,0,0,0,0
42585,10,0,0,0,0
42586,10,0.6,0,0.0264,4.1278105
42587,10,0.82,0,0.1016,15.870827
42590,10,0,0,0,0
42591,10,0.3,0,0.034,4.7487946
42592,10,1.74,0,0.3605,49.953026
42593,10,0.03,0,0.0029,0.39566752
42594,10,0,0,0,0
42595,10,0,0,0,0
42596,10,0,0,0,0
42597,10,0,0,0,0
42598,10,0,0,0,0
42605,10,0,0,0,0
42606,10,0,0,0,0
42607,10,0,0,0,0
42609,10,0,0,0,0
42610,10,0,0,0,0
42611,10,0,0,0,0
42612,10,0,0,0,0
42613,10,0,0,0,0
42614,10,0,0,0,0
42615,10,0,0,0,0
42616,10,0,0,0,0
42617,10,0,0,0,0
42618,10,0,0,0,0
42619,10,0,0,0,0
42620,10,0,0,0,0
43262,10,0,0,0,0
43263,10,0,0,0,0
43264,10,0,0,0,0
43265,10,0,0,0,0
43270,10,0,0,0,0
43271,10,0,0,0,0
43272,10,0.38,0,0.0263,4.169298
43274,10,0,0,0,0
43276,10,0,0,0,0
43277,10,0,0,0,0
43278,10,0,0,0,0
43279,10,0,0,0,0
43280,10,0,0,0,0
43281,10,1.3,0,0.3499,56.323814
43282,10,0,0,0,0
43289,10,0,0,0,0
43290,10,0,0,0,0
43291,10,0,0,0,0
43292,10,0,0,0,0
43293,10,0,0,0,0
43294,10,0,0,0,0
43295,10,0,0,0,0
43296,10,0,0,0,0
43297,10,0,0,0,0
43298,10,0,0,0,0
43299,10,0,0,0,0
43300,10,0,0,0,0
43301,10,0,0,0,0
43303,10,0,0,0,0
43304,10,0,0,0,0
43306,10,0,0,0,0
43307,10,0,0,0,0
43946,10,0,0,0,0
43947,10,0,0,0,0
43948,10,0,0,0,0
43949,10,0,0,0,0
43955,10,0,0,0,0
43956,10,0,0,0,0
43957,10,0,0,0,0
43959,10,0,0,0,0
43961,10,0,0,0,0
43962,10,0,0,0,0
43963,10,0,0,0,0
43965,10,0,0,0,0
43973,10,0,0,0,0
43974,10,0,0,0,0
43975,10,0,0,0,0
43976,10,0,0,0,0
43977,10,0,0,0,0
43978,10,0,0,0,0
43979,10,0,0,0,0
43980,10,0,0,0,0
43981,10,0,0,0,0
43982,10,0,0,0,0
43983,10,0,0,0,0
43984,10,0,0,0,0
43985,10,0,0,0,0
43987,10,0,0,0,0
43988,10,0,0,0,0
43989,10,0,0,0,0
43990,10,0,0,0,0
43991,10,0,0,0,0
43998,10,0,0,0,0
43999,10,0,0,0,0
44630,10,0,0,0,0
44631,10,0,0,0,0
44632,10,0,0,0,0
44639,10,0,0,0,0
44642,10,0,0,0,0
44644,10,0.81,0,0.7599,97.844055
44645,10,0.3,0,0.0912,11.77962
44646,10,0,0,0,0
44647,10,0,0,0,0
44648,10,0,0,0,0
44655,10,0,0,0,0
44658,10,0,0,0,0
44659,10,0,0,0,0
44660,10,0,0,0,0
44661,10,0,0,0,0
44662,10,0,0,0,0
44663,10,0,0,0,0
44666,10,0,0,0,0
44667,10,0,0,0,0
44668,10,0,0,0,0
44672,10,0,0,0,0
44673,10,0,0,0,0
44674,10,0,0,0,0
44675,10,0,0,0,0
44682,10,0,0,0,0
44683,10,0,0,0,0
45314,10,0,0,0,0
45315,10,0,0,0,0
45316,10,0,0,0,0
45317,10,0,0,0,0
45322,10,0,0,0,0
45323,10,0,0,0,0
45325,10,0,0,0,0
45327,10,0.21,0,0.2489,31.736134
45328,10,0.27,0,0.0686,8.815457
45329,10,0.2,0,0.1657,21.40659
45330,10,0,0,0,0
45331,10,0,0,0,0
45332,10,0,0,0,0
45341,10,0,0,0,0
45342,10,0,0,0,0
45343,10,0,0,0,0
45344,10,0,0,0,0
45345,10,0,0,0,0
45346,10,0,0,0,0
45347,10,0,0,0,0
45354,10,0,0,0,0
45355,10,0,0,0,0
45357,10,0,0,0,0
45358,10,0,0,0,0
45367,10,0,0,0,0
45368,10,0,0,0,0
45998,10,0,0,0,0
45999,10,0,0,0,0
46000,10,0,0,0,0
46001,10,0,0,0,0
46002,10,0,0,0,0
46004,10,0,0,0,0
46005,10,0,0,0,0
46007,10,0,0,0,0
46008,10,0.74,0,0.043,6.188125
46011,10,0.05,0,0.0662,8.466408
46012,10,0,0,0,0
46013,10,0,0,0,0
46014,10,0,0,0,0
46015,10,0,0,0,0
46016,10,0,0,0,0
46025,10,0,0,0,0
46026,10,0,0,0,0
46027,10,0,0,0,0
46028,10,0,0,0,0
46029,10,0,0,0,0
46030,10,0,0,0,0
46031,10,0,0,0,0
46033,10,0,0,0,0
46034,10,0,0,0,0
46038,10,0,0,0,0
46039,10,0,0,0,0
46040,10,0,0,0,0
46041,10,0,0,0,0
46042,10,0,0,0,0
46044,10,0,0,0,0
46045,10,0,0,0,0
46682,10,10.54,0,0.2549,38.39019
46683,10,4.23,0,0.1483,21.259785
46684,10,0,0,0,0
46685,10,0,0,0,0
46686,10,0,0,0,0
46687,10,0,0,0,0
46688,10,0,0,0,0
46690,10,4.19,0,0.2196,36.164658
46691,10,1.11,0,0.0648,10.666706
46692,10,0.23,0,0.0151,2.1764708
46693,10,0,0,0,0
46694,10,0.21,0,0.35,44.83083
46695,10,0.09,0,0.2123,27.188982
46696,10,0,0,0,0
46697,10,0,0,0,0
46698,10,0,0,0,0
46701,10,0,0,0,0
46704,10,0,0,0,0
46705,10,0,0,0,0
46706,10,0,0,0,0
46709,10,0,0,0,0
46710,10,0,0,0,0
46711,10,0,0,0,0
46712,10,0,0,0,0
46713,10,0,0,0,0
46714,10,0,0,0,0
46715,10,0,0,0,0
46716,10,0,0,0,0
46717,10,0,0,0,0
46722,10,0,0,0,0
46723,10,0,0,0,0
46724,10,0,0,0,0
46725,10,0,0,0,0
46726,10,0,0,0,0
46728,10,0,0,0,0
46729,10,0,0,0,0
46737,10,0,0,0,0
47366,9,24.63,0,0.7893,125.05869
47367,10,5.68,0,0.222,35.33616
47368,10,0,0,0,0
47369,10,0,0,0,0
47370,10,0,0,0,0
47371,10,0,0,0,0
47372,10,4.84,0,0.1967,29.011932
47373,10,2.28,0,0.1345,18.47568
47374,10,2.48,0,0.1132,15.549368
47375,10,0,0,0,0
47376,10,0,0,0,0
47377,10,0,0,0,0
47378,10,0,0,0,0
47379,10,0,0,0,0
47380,10,0,0,0,0
47381,10,0,0,0,0
47382,10,0,0,0,0
47385,10,0,0,0,0
47389,10,0,0,0,0
47390,10,0,0,0,0
47391,10,0,0,0,0
47392,10,0,0,0,0
47393,10,0,0,0,0
47394,10,0,0,0,0
47395,10,0,0,0,0
47396,10,0,0,0,0
47397,10,0,0,0,0
47398,10,0,0,0,0
47399,10,0,0,0,0
47400,10,0,0,0,0
47401,10,0,0,0,0
47405,10,0,0,0,0
47406,10,0,0,0,0
47407,10,0,0,0,0
47408,10,0,0,0,0
47409,10,0,0,0,0
47410,10,0,0,0,0
47421,10,0,0,0,0
48051,10,0,0,0,0
48052,10,0,0,0,0
48053,10,0,0,0,0
48054,10,0,0,0,0
48055,10,0,0,0,0
48056,10,0.1,0,0.0043,0.6381808
48057,10,0.3,0,0.0174,2.3944156
48058,10,0.03,0,0.0042,0.5769788
48060,10,0,0,0,0
48061,10,0,0,0,0
48062,10,0,0,0,0
48063,10,0,0,0,0
48065,10,0,0,0,0
48066,10,0,0,0,0
48073,10,0,0,0,0
48075,10,0,0,0,0
48076,10,0,0,0,0
48077,10,0,0,0,0
48078,10,0,0,0,0
48079,10,0,0,0,0
48080,10,0,0,0,0
48081,10,0,0,0,0
48082,10,0,0,0,0
48083,10,0,0,0,0
48084,10,0,0,0,0
48085,10,0,0,0,0
48086,10,0,0,0,0
48087,10,0,0,0,0
48088,10,0,0,0,0
48089,10,0,0,0,0
48090,10,0,0,0,0
48091,10,0,0,0,0
48092,10,0,0,0,0
48093,10,0,0,0,0
48094,10,0,0,0,0
48096,10,0,0,0,0
48097,10,0,0,0,0
48105,10,0,0,0,0
48106,10,0,0,0,0
48736,10,0,0,0,0
48737,10,0,0,0,0
48738,10,0,0,0,0
48739,10,0,0,0,0
48740,10,0,0,0,0
48741,10,0,0,0,0
48742,10,0,0,0,0
48743,10,0,0,0,0
48744,10,0.57,0,0.2821,36.458714
48745,10,0.27,0,0.1578,21.190855
48746,10,0,0,0,0
48747,10,0,0,0,0
48749,10,0,0,0,0
48750,10,0,0,0,0
48752,10,0,0,0,0
48757,10,0,0,0,0
48758,10,0,0,0,0
48759,10,0,0,0,0
48760,10,0,0,0,0
48761,10,0,0,0,0
48762,10,0,0,0,0
48763,10,0,0,0,0
48764,10,0,0,0,0
48765,10,0,0,0,0
48766,10,0,0,0,0
48767,10,0,0,0,0
48768,10,0,0,0,0
48769,10,0,0,0,0
48770,10,0,0,0,0
48771,10,0,0,0,0
48772,10,0,0,0,0
48773,10,0,0,0,0
48774,10,0,0,0,0
48776,10,0,0,0,0
48777,10,0,0,0,0
48779,10,0,0,0,0
48789,10,1.26,0,0.4438,57.126713
48790,10,0,0,0,0
49418,10,0.03,0,0.001,0.1517468
49419,10,0,0,0,0
49420,10,0,0,0,0
49421,10,0,0,0,0
49422,10,0,0,0,0
49423,10,0,0,0,0
49424,10,0,0,0,0
49425,10,0,0,0,0
49426,10,2.94,0,0.2879,39.979393
49427,10,0,0,0,0
49428,10,0,0,0,0
49429,10,0.26,0,0.1803,24.36731
49430,10,0,0,0,0
49431,10,0,0,0,0
49433,10,0,0,0,0
49434,10,0,0,0,0
49435,10,0,0,0,0
49441,10,0,0,0,0
49442,10,0,0,0,0
49443,10,0,0,0,0
49444,10,0,0,0,0
49445,10,0,0,0,0
49446,10,0,0,0,0
49447,10,0,0,0,0
49448,10,0,0,0,0
49449,10,0,0,0,0
49450,10,0,0,0,0
49451,10,0,0,0,0
49452,10,0,0,0,0
49453,10,0,0,0,0
49454,10,0,0,0,0
49455,10,0,0,0,0
49456,10,0,0,0,0
49457,10,0,0,0,0
49458,10,0,0,0,0
49459,10,0,0,0,0
49460,10,0,0,0,0
49463,10,0,0,0,0
50103,10,0,0,0,0
50104,10,0,0,0,0
50105,10,0,0,0,0
50106,10,0,0,0,0
50107,10,0,0,0,0
50108,10,0,0,0,0
50109,10,0,0,0,0
50110,10,0,0,0,0
50111,10,0,0,0,0
50112,10,0,0,0,0
50113,10,0,0,0,0
50114,10,0,0,0,0
50115,10,0,0,0,0
50116,10,0,0,0,0
50117,10,0,0,0,0
50118,10,0,0,0,0
50119,10,0,0,0,0
50120,10,0,0,0,0
50126,10,0,0,0,0
50127,10,0,0,0,0
50128,10,0,0,0,0
50129,10,0,0,0,0
50130,10,0,0,0,0
50131,10,0,0,0,0
50132,10,0,0,0,0
50133,10,0,0,0,0
50134,10,0,0,0,0
50135,10,0,0,0,0
50136,10,0,0,0,0
50137,10,0,0,0,0
50138,10,0,0,0,0
50139,10,0,0,0,0
50140,10,0,0,0,0
50141,10,0,0,0,0
50142,10,0,0,0,0
50143,10,0,0,0,0
50144,10,0,0,0,0
50145,10,0,0,0,0
50786,10,0,0,0,0
50787,10,0,0,0,0
50788,10,0,0,0,0
50789,10,0,0,0,0
50790,10,0,0,0,0
50791,10,0,0,0,0
50792,10,0,0,0,0
50793,10,0,0,0,0
50794,10,0,0,0,0
50795,10,0,0,0,0
50796,10,0,0,0,0
50797,10,0,0,0,0
50798,10,0,0,0,0
50799,10,0,0,0,0
50801,10,0,0,0,0
50802,10,0,0,0,0
50803,10,0,0,0,0
50806,10,0,0,0,0
50807,10,0,0,0,0
50811,10,0,0,0,0
50812,10,0,0,0,0
50813,10,0,0,0,0
50814,10,0,0,0,0
50815,10,0,0,0,0
50816,10,0,0,0,0
50817,10,0,0,0,0
50818,10,0,0,0,0
50819,10,0,0,0,0
50820,10,0,0,0,0
50821,10,0,0,0,0
50822,10,0,0,0,0
50823,10,0,0,0,0
50824,10,0,0,0,0
50825,10,0,0,0,0
50826,10,0,0,0,0
50827,10,0,0,0,0
50829,10,0,0,0,0
51470,10,0,0,0,0
51471,10,0,0,0,0
51472,10,0,0,0,0
51473,10,0,0,0,0
51474,10,0,0,0,0
51475,10,0,0,0,0
51476,10,0,0,0,0
51477,10,0,0,0,0
51478,10,0,0,0,0
51479,10,0,0,0,0
51480,10,0,0,0,0
51481,10,0,0,0,0
51482,10,0,0,0,0
51483,10,0,0,0,0
51495,10,0,0,0,0
51496,10,0,0,0,0
51497,10,0,0,0,0
51498,10,0,0,0,0
51499,10,0,0,0,0
51500,10,0,0,0,0
51501,10,0,0,0,0
51502,10,0,0,0,0
51503,10,0,0,0,0
51504,10,0,0,0,0
51505,10,0,0,0,0
51506,10,0,0,0,0
51507,10,0,0,0,0
51508,10,0,0,0,0
51509,10,0,0,0,0
51510,10,0,0,0,0
51511,10,0,0,0,0
52153,10,0,0,0,0
52154,10,0,0,0,0
52155,10,0,0,0,0
52156,10,0,0,0,0
52157,10,0,0,0,0
52158,10,0,0,0,0
52159,10,0,0,0,0
52160,10,0,0,0,0
52161,10,0,0,0,0
52162,10,0,0,0,0
52163,10,0,0,0,0
52164,10,0,0,0,0
52165,10,0,0,0,0
52166,10,0,0,0,0
52167,10,0,0,0,0
52170,10,0,0,0,0
52171,10,0,0,0,0
52172,10,0,0,0,0
52173,10,0,0,0,0
52175,10,0,0,0,0
52176,10,0,0,0,0
52177,10,0,0,0,0
52178,10,0,0,0,0
52180,10,0,0,0,0
52181,10,0,0,0,0
52182,10,0,0,0,0
52183,10,0,0,0,0
52184,10,0,0,0,0
52185,10,0,0,0,0
52186,10,0,0,0,0
52187,10,0,0,0,0
52188,10,0,0,0,0
52190,10,0,0,0,0
52191,10,0,0,0,0
52192,10,0,0,0,0
52193,10,0,0,0,0
52194,10,0,0,0,0
52837,10,0,0,0,0
52838,10,0,0,0,0
52839,10,0,0,0,0
52840,10,0,0,0,0
52841,10,0,0,0,0
52842,10,0,0,0,0
52843,10,0,0,0,0
52844,10,0,0,0,0
52845,10,0,0,0,0
52846,10,0,0,0,0
52847,10,0,0,0,0
52848,10,0,0,0,0
52849,10,0,0,0,0
52850,10,0,0,0,0
52851,10,0,0,0,0
52854,10,0,0,0,0
52855,10,0,0,0,0
52857,10,0,0,0,0
52858,10,0,0,0,0
52859,10,0,0,0,0
52860,10,0,0,0,0
52861,10,0,0,0,0
52862,10,0,0,0,0
52863,10,0,0,0,0
52864,10,0,0,0,0
52865,10,1.89,0,0.2158,28.824236
52866,10,2.13,0,0.3197,43.238956
52867,10,0,0,0.0004,0.05428602
52868,10,0,0,0,0
52869,10,0,0,0,0
52870,10,0,0,0,0
52871,10,0,0,0,0
52872,10,0,0,0,0
52873,10,0,0,0,0
52874,10,0,0,0,0
52875,10,0,0,0,0
52876,10,0,0,0,0
52877,10,0,0,0,0
52878,10,0,0,0,0
52879,10,0,0,0,0
53524,10,0,0,0,0
53525,10,0,0,0,0
53526,10,0,0,0,0
53527,10,0,0,0,0
53528,10,0,0,0,0
53529,10,0,0,0,0
53530,10,0,0,0,0
53531,10,0,0,0,0
53532,10,0,0,0,0
53533,10,0,0,0,0
53534,10,0,0,0,0
53535,10,0,0,0,0
53536,10,0,0,0,0
53537,10,0,0,0,0
53538,10,0,0,0,0
53540,10,0,0,0,0
53541,10,0,0,0,0
53542,10,0,0,0,0
53543,10,0,0,0,0
53544,10,0,0,0,0
53545,10,0,0,0,0
53546,10,0,0,0,0
53547,10,0,0,0,0
53548,10,0,0,0,0
53549,10,0.05,0,0.0093,1.2420492
53550,10,4.13,0,0.4225,58.94967
53551,10,5.27,0,0.3326,44.465153
53552,10,3.58,0,0.2798,36.238537
53553,10,0.34,0,0.0346,4.492709
53554,10,0,0,0,0
53555,10,0,0,0,0
53556,10,0,0,0,0
53557,10,0,0,0,0
53558,10,0,0,0,0
53559,10,0,0,0,0
53560,10,0,0,0,0
53561,10,0,0,0,0
53562,10,0,0,0,0
53566,10,0,0,0,0
53567,10,0,0,0,0
54205,10,0,0,0,0
54206,10,0,0,0,0
54207,10,0,0,0,0
54208,10,0,0,0,0
54209,10,0,0,0,0
54210,10,0,0,0,0
54211,10,0,0,0,0
54212,10,0,0,0,0
54213,10,0,0,0,0
54214,10,0,0,0,0
54215,10,0,0,0,0
54216,10,0,0,0,0
54217,10,0,0,0,0
54218,10,0,0,0,0
54219,10,0,0,0,0
54220,10,0,0,0,0
54222,10,0,0,0,0
54223,10,0,0,0,0
54224,10,0,0,0,0
54225,10,0,0,0,0
54226,10,0,0,0,0
54227,10,0,0,0,0
54228,10,0,0,0,0
54229,10,0,0,0,0
54230,10,0,0,0,0
54231,10,0,0,0,0
54232,10,0,0,0,0
54233,10,0,0,0,0
54234,10,0.32,0,0.0461,6.1121044
54235,10,2.67,0,0.4542,60.440804
54236,10,4.77,0,0.611,79.87332
54237,10,12.39,0,0.8646,114.215675
54238,10,0,0,0,0
54239,10,0,0,0,0
54240,10,0,0,0,0
54241,10,0,0,0,0
54242,10,0,0,0,0
54243,10,0,0,0,0
54246,10,0,0,0,0
54247,10,0,0,0,0
54248,10,0,0,0,0
54249,10,0,0,0,0
54250,10,0,0,0,0
54251,10,0,0,0,0
54267,10,0,0,0,0
54268,10,0,0,0,0
54888,10,0,0,0,0
54889,10,0,0,0,0
54890,10,0,0,0,0
54891,10,0,0,0,0
54892,10,0,0,0,0
54893,10,0,0,0,0
54894,10,0,0,0,0
54895,10,0,0,0,0
54896,10,0,0,0,0
54897,10,0,0,0,0
54898,10,0,0,0,0
54899,10,0,0,0,0
54900,10,0,0,0,0
54901,10,0,0,0,0
54903,10,0,0,0,0
54904,10,0,0,0,0
54905,10,0,0,0,0
54906,10,0,0,0,0
54907,10,0,0,0,0
54908,10,0,0,0,0
54909,10,0,0,0,0
54910,10,0,0,0,0
54911,10,0,0,0,0
54912,10,0,0,0,0
54913,10,0,0,0,0
54915,10,0,0,0,0
54916,10,0.01,0,0.0005,0.073907875
54917,10,0.27,0,0.0227,3.2293463
54918,10,0,0,0,0
54919,10,0.24,0,0.025,3.3071368
54920,10,2.1,0,0.2325,31.704943
54921,10,3.31,0,0.3218,42.91033
54922,10,0,0,0.0002,0.022605937
54923,10,0,0,0,0
54924,10,0,0,0,0
54925,10,0,0,0,0
54929,10,0,0,0,0
54930,10,0,0,0,0
54931,10,0,0,0,0
54932,10,0,0,0,0
54933,10,0,0,0,0
54934,10,0,0,0,0
54935,10,0,0,0,0
54951,10,0,0,0,0
54952,10,0,0,0,0
55572,10,0,0,0,0
55573,10,0,0,0,0
55574,10,0,0,0,0
55575,10,0,0,0,0
55576,10,0,0,0,0
55577,10,0,0,0,0
55578,10,0,0,0,0
55579,10,0,0,0,0
55580,10,0,0,0,0
55581,10,0,0,0,0
55582,10,0,0,0,0
55583,10,0,0,0,0
55585,10,0,0,0,0
55587,10,0,0,0,0
55588,10,0,0,0,0
55589,10,0,0,0,0
55590,10,0,0,0,0
55591,10,0,0,0,0
55592,10,0,0,0,0
55593,10,0,0,0,0
55594,10,0.22,0,0.0364,4.9324527
55595,10,0.17,0,0.0186,2.5213206
55596,10,0.13,0,0.0362,4.8547025
55597,10,0,0,0,0
55598,10,0,0,0,0
55599,10,0,0,0,0
55600,10,0.05,0,0.0058,0.8064947
55601,10,0.71,0,0.1602,22.51208
55602,10,0,0,0,0
55603,10,0,0,0,0
55604,10,3.74,0,0.2649,34.7265
55605,10,5.36,0,0.7241,95.23545
55606,10,0.06,0,0.0086,1.132631
55607,10,0,0,0,0
55608,10,0,0,0,0
55609,10,0,0,0,0
55613,10,0,0,0,0
55614,10,0,0,0,0
55615,10,0,0,0,0
55616,10,0,0,0,0
55617,10,0,0,0,0
55618,10,0,0,0,0
56256,10,0,0,0,0
56257,10,0,0,0,0
56258,10,0,0,0,0
56259,10,0,0,0,0
56260,10,0,0,0,0
56261,10,0,0,0,0
56262,10,0,0,0,0
56263,10,0,0,0,0
56264,10,0,0,0,0
56265,10,0,0,0,0
56266,10,0,0,0,0
56267,10,0,0,0,0
56268,10,0,0,0,0
56269,10,0,0,0,0
56270,10,0,0,0,0
56271,10,0,0,0,0
56272,10,0,0,0,0
56273,10,0,0,0,0
56274,10,0,0,0,0
56275,10,0,0,0,0
56276,10,0,0,0,0
56277,10,0,0,0,0
56278,10,2.36,0,0.2852,39.1176
56279,10,1.96,0,0.6498,88.482895
56280,10,0.61,0,0.2346,31.429958
56281,10,1.06,0,0.1014,13.417049
56282,10,0,0,0,0
56283,10,0,0,0,0
56284,10,0,0,0,0
56285,10,0,0,0,0
56286,10,1.35,0,0.065,8.656762
56287,10,2.94,0,0.4702,62.569267
56288,10,2.83,0,0.3608,46.745186
56289,10,18.34,0,0.8017,105.20645
56290,10,1.4,0,0.1215,15.839001
56291,10,0,0,0,0
56292,10,0,0,0,0
56293,10,0,0,0,0
56297,10,0,0,0,0
56298,10,0,0,0,0
56299,10,0,0,0,0
56300,10,0,0,0,0
56301,10,0,0,0,0
56302,10,0,0,0,0
56319,10,0,0,0,0
56320,10,0,0,0,0
56323,10,0,0,0,0
56939,10,0,0,0,0
56940,10,0,0,0,0
56941,10,0,0,0,0
56942,10,0,0,0,0
56943,10,0,0,0,0
56944,10,0,0,0,0
56945,10,0,0,0,0
56946,10,0.46,0,0.0684,10.670492
56947,10,0.03,0,0.0092,1.4313664
56948,10,0,0,0,0
56949,10,0,0,0,0
56950,10,0,0,0,0
56951,10,0,0,0,0
56952,10,0,0,0,0
56953,10,0,0,0,0
56954,10,0,0,0,0
56955,10,0,0,0,0
56956,10,0,0,0,0
56957,10,0,0,0,0
56958,10,0,0,0,0
56959,10,0,0,0,0
56960,10,0,0,0,0
56961,10,0,0,0,0
56962,10,0,0,0,0
56963,10,0.62,0,0.0492,6.807771
56964,10,0.34,0,0.0393,5.239641
56965,10,2.59,0,0.731,98.23324
56966,10,0.86,0,0.1032,13.894189
56967,10,0,0,0,0
56968,10,0,0,0,0
56969,10,0,0,0,0
56970,10,7.28,0,0.4222,54.69473
56971,10,12.62,0,0.7091,93.97996
56972,10,0.53,0,0.0988,13.118597
56973,10,1.54,0,0.2135,27.95627
56974,10,0,0,0,0
56975,10,0,0,0,0
56976,10,0,0,0,0
56977,10,0,0,0,0
56980,10,0,0,0,0
56981,10,0,0,0,0
56982,10,0,0,0,0
56983,10,0,0,0,0
56984,10,0,0,0,0
56985,10,0,0,0,0
56986,10,0,0,0,0
57004,10,0,0,0,0
57623,10,0.41,0,0.0871,13.818911
57624,10,0,0,0,0
57625,10,0,0,0,0
57626,10,0,0,0,0
57627,10,0,0,0,0
57628,10,0,0,0,0
57629,10,0,0,0,0
57630,10,0,0,0,0
57631,10,0,0,0,0
57632,10,0,0,0,0
57633,10,0,0,0,0
57634,10,0,0,0,0
57635,10,0,0,0,0
57636,10,0,0,0,0
57637,10,0,0,0,0
57638,10,0,0,0,0
57639,10,0,0,0,0
57640,10,0,0,0,0
57641,10,0,0,0,0
57642,10,0,0,0,0
57643,10,0,0,0,0
57644,10,0,0,0,0
57645,10,0,0,0,0
57646,10,0,0,0,0
57647,10,0,0,0,0
57648,10,0.12,0,0.0049,0.652549
57649,10,0.48,0,0.0479,6.4426637
57650,10,0.06,0,0.0195,2.6301181
57651,10,0,0,0,0
57652,10,0,0,0,0
57653,10,0,0,0,0
57654,10,0.8,0,0.0583,7.8717384
57655,10,3.38,0,0.2085,28.152748
57656,10,0,0,0,0
57657,10,0,0,0,0
57658,10,0,0,0,0
57659,10,0,0,0,0
57660,10,0,0,0,0
57661,10,0,0,0,0
57663,10,0,0,0,0
57664,10,0,0,0,0
57665,10,0,0,0,0
57666,10,0,0,0,0
57667,10,0,0,0,0
57668,10,0,0,0,0
57669,10,0,0,0,0
57670,10,0,0,0,0
58307,10,0.75,0,0.0764,12.132373
58308,10,0,0,0,0
58309,10,0,0,0,0
58310,10,0,0,0,0
58311,10,0.01,0,0.0005,0.08368919
58312,10,1.03,0,0.2644,41.528122
58313,10,0.7,0,0.1081,16.965916
58314,10,0.82,0,0.1607,24.047634
58315,10,0.14,0,0.2551,37.27737
58316,10,0,0,0,0
58317,10,0,0,0,0
58318,10,0,0,0,0
58319,10,0,0,0,0
58320,10,0,0,0,0
58321,10,0,0,0,0
58322,10,0,0,0,0
58323,10,0,0,0,0
58324,10,0,0,0,0
58325,10,0,0,0,0
58326,10,0,0,0,0
58327,10,0,0,0,0
58328,10,0,0,0,0
58329,10,0,0,0,0
58330,10,0,0,0,0
58331,10,0,0,0,0
58332,10,0,0,0,0
58333,10,0,0,0,0
58334,10,1.6,0,0.1907,24.734983
58335,10,0,0,0,0
58336,10,0,0,0,0
58337,10,0,0,0,0
58338,10,0,0,0,0
58339,10,0,0,0,0
58340,10,0,0,0,0
58341,10,0,0,0,0
58342,10,0,0,0,0
58343,10,0,0,0,0
58344,10,0,0,0,0
58345,10,0,0,0,0
58347,10,0,0,0,0
58348,10,0,0,0,0
58349,10,0,0,0,0
58350,10,0,0,0,0
58351,10,0,0,0,0
58352,10,0,0,0,0
58353,10,0,0,0,0
58354,10,0,0,0,0
58355,10,0,0,0,0
58990,10,0,0,0,0
58991,10,0,0,0,0
58992,10,0,0,0,0
58993,10,0,0,0,0
58994,10,0,0,0,0
58995,10,0.07,0,0.006,0.96053857
58996,10,1.19,0,0.3508,54.886993
58997,10,1.39,0,0.6423,99.30517
58998,10,0.55,0,0.1205,18.708387
58999,10,0.33,0,0.3018,46.8825
59000,10,0.1,0,0.0805,12.502099
59001,10,0,0,0,0
59002,10,0,0,0,0
59003,10,0.22,0,0.0326,5.5011463
59004,10,1.45,0,0.1871,30.79986
59005,10,4.82,0,0.7238,116.73144
59006,10,0.01,0,0.0011,0.16245733
59007,10,0,0,0,0
59008,10,0,0,0,0
59009,10,1.43,0,0.0411,6.554779
59010,10,2.49,0,0.2256,35.64457
59011,10,0,0,0,0
59012,10,0,0,0,0
59013,10,0,0,0,0
59014,10,0,0,0,0
59015,10,0,0,0,0
59016,10,0,0,0,0
59017,10,0,0,0,0
59018,10,0,0,0,0
59019,10,0,0,0,0
59020,10,0,0,0,0
59022,10,0,0,0,0
59023,10,0,0,0,0
59025,10,0,0,0,0
59026,10,0,0,0,0
59027,10,0,0,0,0
59028,10,0,0,0,0
59029,10,0,0,0,0
59030,10,0,0,0,0
59031,10,0,0,0,0
59032,10,0,0,0,0
59033,10,0,0,0,0
59034,10,0,0,0,0
59035,10,0,0,0,0
59036,10,0,0,0,0
59037,10,0,0,0,0
59038,10,0,0,0,0
59119,10,0,0,0,0
59120,10,0,0,0,0
59121,10,0,0,0,0
59674,10,0,0,0,0
59675,10,0,0,0,0
59676,10,0,0,0,0
59677,10,0,0,0,0
59678,10,0,0,0,0
59679,10,0,0,0,0
59680,10,0.05,0,0.0042,0.65260506
59681,10,0.13,0,0.0239,3.719983
59682,10,0.12,0,0.2032,31.793812
59683,10,0,0,0,0
59684,10,0,0,0,0
59685,10,0,0,0,0
59686,10,0,0,0,0
59687,9,1.37,0,0.7841,132.69308
59688,8,2.17,0,0.9306,164.29352
59689,10,0.08,0,0.0545,8.733093
59690,10,0.05,0,0.0051,0.8166996
59691,10,0,0,0,0
59692,10,0,0,0,0
59693,10,0.16,0,0.0141,2.2523603
59694,10,0.44,0,0.0454,7.1158915
59695,10,0,0,0,0
59696,10,0,0,0,0
59697,10,0,0,0,0
59698,10,0,0,0,0
59699,10,0,0,0,0
59700,10,0,0,0,0
59701,10,0,0,0,0
59702,10,0.4,0,0.0326,4.305569
59703,10,5.06,0,0.4198,55.741558
59704,10,0,0,0,0
59705,10,0,0,0,0
59706,10,0,0,0,0
59707,10,0,0,0,0
59708,10,0,0,0,0
59709,10,0,0,0,0
59710,10,0,0,0,0
59711,10,0,0,0,0
59712,10,0,0,0.0005,0.069919296
59713,10,0,0,0,0
59714,10,0,0,0,0
59715,10,0,0,0,0
59716,10,0,0,0,0
59717,10,0,0,0,0
59718,10,0,0,0,0
59719,10,0,0,0,0
59720,10,0,0,0,0
59721,10,0,0,0,0
59722,10,0,0,0,0
59723,10,0,0,0,0
59724,10,0,0,0,0
59801,10,0,0,0,0
59802,10,0,0,0,0
59803,10,0,0,0,0
59804,10,0,0,0,0
59805,10,0,0,0,0
59806,10,0,0,0,0
60357,10,0,0,0,0
60358,10,0,0,0,0
60359,10,0,0,0,0
60360,10,0,0,0,0
60361,10,0,0,0,0
60362,10,0,0,0,0
60363,10,0,0,0,0
60364,10,0.25,0,0.0462,6.8097415
60365,10,1.19,0,0.1535,22.643866
60366,10,0.14,0,0.0398,6.021116
60367,10,0,0,0,0
60368,10,0,0,0,0
60369,10,0,0,0,0
60370,10,0,0,0,0
60371,10,0,0,0.0074,1.1836387
60372,10,0.13,0,0.0703,11.249548
60373,10,0.01,0,0.0011,0.17470832
60374,10,0,0,0,0
60375,10,0,0,0,0
60376,10,0,0,0,0
60377,10,0,0,0,0
60378,10,0,0,0,0
60379,10,0,0,0,0
60380,10,0,0,0,0
60381,10,0,0,0,0
60382,10,0,0,0,0
60383,10,0,0,0,0
60384,10,0,0,0,0
60385,10,0,0,0,0
60386,10,0.67,0,0.0519,7.0590873
60387,10,7.47,0,0.515,70.496124
60388,10,0,0,0,0
60389,10,0,0,0,0
60390,10,0,0,0,0
60391,10,0,0,0,0
60392,10,0,0,0,0
60393,10,0,0,0,0
60394,10,0,0,0,0
60395,10,0,0,0,0
60396,10,7.67,0,0.5733,75.213684
60397,10,3.21,0,0.3244,42.380722
60398,10,0,0,0,0
60399,10,0,0,0,0
60400,10,0,0,0,0
60401,10,0,0,0,0
60402,10,0,0,0,0
60403,10,0,0,0,0
60404,10,0,0,0,0
60405,10,0,0,0,0
60406,10,0,0,0,0
60407,10,0,0,0,0
60408,10,0,0,0,0
60485,10,0,0,0,0
60486,10,0,0,0,0
60487,10,0,0,0,0
60488,10,0,0,0,0
60489,10,0,0,0,0
60490,10,0,0,0,0
61041,10,0,0,0,0
61042,10,0,0,0,0
61043,10,0,0,0,0
61044,10,0,0,0,0
61045,10,0,0,0,0
61046,10,0.03,0,0.0066,1.0349271
61047,10,0.07,0,0.017,2.6405473
61048,10,1.04,0,0.3178,46.61645
61049,10,1.66,0,0.5116,76.47737
61050,10,1.19,0,0.4247,64.13782
61051,10,0,0,0,0
61052,10,0,0,0,0
61053,10,0,0,0,0
61054,10,0,0,0,0
61055,10,0,0,0,0
61056,10,1.12,0,0.5179,81.487015
61057,10,0.35,0,0.3819,60.529945
61058,10,0,0,0,0
61059,10,0,0,0,0
61060,10,0,0,0,0
61061,10,0,0,0,0
61062,10,0,0,0,0
61063,10,0,0,0,0
61064,10,0,0,0,0
61065,10,0,0,0,0
61066,10,0,0,0,0
61067,10,0,0,0,0
61068,10,0,0,0,0
61069,10,3.8,0,0.1817,24.454363
61070,10,11.5,0,0.7291,97.21909
61071,10,3.49,0,0.336,43.833187
61072,10,0,0,0,0
61073,10,0,0,0,0
61074,10,0,0,0,0
61075,10,0,0,0,0
61076,10,0,0,0,0
61077,10,0,0,0,0
61078,10,0,0,0,0
61079,10,0.83,0,0.1631,21.170635
61080,10,0.52,0,0.1741,22.502268
61081,10,1.33,0,0.5089,65.750206
61082,10,0,0,0,0
61083,10,0,0,0,0
61084,10,0,0,0,0
61085,10,0,0,0,0
61087,10,0,0,0,0
61088,10,0,0,0,0
61089,10,0,0,0,0
61090,10,0,0,0,0
61105,10,0,0,0,0
61106,10,0,0,0,0
61121,10,0,0,0,0
61122,10,0,0,0,0
61169,10,0,0,0,0
61170,10,0,0,0,0
61172,10,0,0,0,0
61724,10,0,0,0,0
61725,10,0,0,0,0
61726,10,0,0,0,0
61727,10,0,0,0,0
61728,10,0,0,0,0
61729,10,1.28,0,0.0753,11.752555
61730,10,5.53,0,0.5334,84.00727
61731,10,1.14,0,0.2691,41.900253
61732,9,3.12,0,0.8386,129.71826
61733,10,2.12,0,0.6733,106.309525
61734,10,1.91,0,0.4592,70.87676
61735,10,0,0,0,0
61736,10,0,0,0,0
61737,10,0,0,0,0
61738,10,0,0,0,0
61739,10,0,0,0,0
61740,10,0,0,0.004,0.5812217
61742,10,0,0,0,0
61743,10,0,0,0,0
61744,10,0,0,0,0
61745,10,0,0,0,0
61746,10,0,0,0,0
61747,10,0,0,0,0
61748,10,0,0,0,0
61749,10,0,0,0,0
61750,10,0,0,0,0
61751,10,0,0,0,0
61752,10,0,0,0,0
61753,10,0,0,0,0
61754,10,0,0,0,0
61755,10,0,0,0,0
61759,10,0,0,0,0
61761,10,0,0,0,0
61762,10,0,0,0,0
61763,10,0,0,0,0
61764,10,0,0,0,0
61765,10,0,0,0,0
61773,10,0,0,0,0
61774,10,0,0,0,0
61793,10,0,0,0,0
61805,10,0,0,0,0
61806,10,0,0,0,0
61856,10,0,0,0,0
62408,10,0,0,0,0
62409,10,0,0,0,0
62410,10,0,0,0,0
62411,10,0,0,0,0
62412,10,0,0,0,0
62413,10,1.21,0,0.1504,21.720976
62414,10,2.63,0,0.4505,71.46739
62415,10,0.19,0,0.1126,17.644224
62416,10,1.1,0,0.4769,72.58263
62417,10,0.89,0,0.1785,28.232819
62418,10,1.29,0,0.1219,18.160625
62419,10,0,0,0,0
62420,10,0,0,0,0
62421,10,0,0,0,0
62423,10,0,0,0,0
62424,10,0,0,0,0
62426,10,0,0,0,0
62427,10,0,0,0,0
62428,10,0,0,0,0
62429,10,0,0,0,0
62430,10,0,0,0,0
62431,10,0,0,0,0
62432,10,0,0,0,0
62433,10,0,0,0,0
62434,10,0,0,0,0
62435,10,0,0,0,0
62436,10,0,0,0,0
62437,10,0,0,0,0
62438,10,0,0,0,0
62439,10,0,0,0,0
62440,10,0,0,0,0
62441,10,0,0,0,0
62442,10,0,0,0,0
62443,10,0,0,0,0
62444,10,0,0,0,0
62447,10,0,0,0,0
62448,10,0,0,0,0
62449,10,0,0,0,0
62450,10,0,0,0,0
62454,10,0,0,0,0
62455,10,0,0,0,0
62456,10,0,0,0,0
62457,10,0,0,0,0
62458,10,0,0,0,0
62476,10,0,0,0,0
62489,10,0,0,0,0
62490,10,0,0,0,0
62491,10,1.9,0,0.3024,38.462704
63092,10,0,0,0,0
63093,10,0,0,0,0
63094,10,0,0,0,0
63095,10,0,0,0,0
63096,10,0,0,0,0
63097,10,2.86,0,0.3538,53.286804
63098,10,2.46,0,0.3814,56.948315
63099,10,2.1,0,0.3442,50.068798
63100,10,1.42,0,0.3119,45.20072
63101,10,0,0,0,0
63102,10,0,0,0,0
63103,10,0,0,0,0
63104,10,0,0,0,0
63105,10,0,0,0.0377,5.6659603
63106,10,0.42,0,0.4512,69.991264
63107,10,0,0,0,0
63108,10,0,0,0,0
63109,10,0,0,0,0
63110,10,0,0,0,0
63111,10,0,0,0,0
63112,10,0,0,0,0
63113,10,0,0,0,0
63114,10,0,0,0,0
63115,10,0,0,0,0
63116,10,0,0,0,0
63117,10,0,0,0,0
63118,10,0,0,0,0
63119,10,0,0,0,0
63120,10,0,0,0,0
63121,10,0,0,0,0
63122,10,0,0,0,0
63123,10,0,0,0,0
63124,10,0,0,0,0
63125,10,0,0,0,0
63126,10,0,0,0,0
63127,10,0,0,0,0
63128,10,0,0,0,0
63129,10,0,0,0,0
63130,10,0,0,0,0
63131,10,0,0,0,0
63132,10,2.06,0,0.6591,84.18996
63133,10,0.71,0,0.888,113.43543
63138,10,0,0,0,0
63140,10,0,0,0,0
63141,10,0,0,0,0
63142,10,0,0,0,0
63143,10,0,0,0,0
63144,10,0,0,0,0
63160,10,0,0,0,0
63174,10,5.04,0,0.4878,66.50933
63175,10,2.66,0,0.4842,63.146763
63176,10,2.96,0,0.5618,72.576515
63177,10,0,0,0,0
63775,10,0,0,0,0
63776,10,0,0,0,0
63777,10,0,0,0,0
63778,10,0,0,0,0
63779,10,0,0,0,0
63780,10,0,0,0,0
63781,10,0.09,0,0.0121,1.8423873
63782,10,1.09,0,0.3685,52.608723
63783,10,2.37,0,0.4489,64.951164
63784,10,0.27,0,0.0757,10.70548
63785,10,0,0,0,0
63786,10,0,0,0,0
63787,10,0,0,0,0
63788,10,0,0,0,0
63789,10,0,0,0.3583,55.06179
63790,10,0,0,0,0
63791,10,0,0,0,0
63792,10,0,0,0,0
63793,10,0,0,0,0
63794,10,0,0,0,0
63795,10,0,0,0,0
63796,10,0,0,0,0
63797,10,0,0,0,0
63798,10,0,0,0,0
63799,10,0,0,0,0
63800,10,0,0,0,0
63801,10,0,0,0,0
63802,10,0,0,0,0
63803,10,0,0,0,0
63804,10,0,0,0,0
63805,10,0,0,0,0
63806,10,0,0,0,0
63807,10,0,0,0,0
63808,10,0,0,0,0
63809,10,0,0,0,0
63810,10,0,0,0,0
63813,10,0,0,0,0
63815,10,0,0,0,0
63816,10,0,0,0,0
63822,10,0,0,0,0
63857,10,0,0,0,0
63858,10,0.33,0,0.4601,60.07935
63859,10,1.07,0,0.1082,14.1518545
63860,10,0.27,0,0.0351,4.6679106
63861,10,0,0,0,0
63862,10,0,0,0,0
63863,10,0,0,0,0
63864,10,0,0,0,0
63865,10,0,0,0,0
64459,10,0,0,0,0
64460,10,0,0,0,0
64461,10,0,0,0,0
64462,10,0,0,0,0
64463,10,0,0,0,0
64464,10,0.07,0,0.0086,1.2387202
64465,9,3.59,0,0.8405,125.45813
64466,10,1.12,0,0.2438,34.338676
64467,10,0.21,0,0.0554,7.832138
64468,10,0.12,0,0.0166,2.347672
64469,10,0,0,0,0
64470,10,0,0,0,0
64471,10,0,0,0,0
64472,10,0,0,0,0
64473,10,0.06,0,0.4611,79.295334
64474,10,0,0,0,0
64475,10,0,0,0,0
64476,10,0,0,0,0
64477,10,0,0,0,0
64478,10,0,0,0,0
64479,10,0,0,0,0
64480,10,0,0,0,0
64481,10,0,0,0,0
64482,10,0,0,0,0
64483,10,0,0,0,0
64484,10,0,0,0,0
64485,10,0,0,0,0
64486,10,0,0,0,0
64487,10,0,0,0,0
64488,10,0,0,0,0
64489,10,0,0,0,0
64490,10,0,0,0,0
64491,10,0,0,0,0
64492,10,0,0,0,0
64493,10,0,0,0,0
64494,10,0,0,0,0
64496,10,0,0,0,0
64497,10,0,0,0,0
64499,10,0,0,0,0
64500,10,0,0,0,0
64501,10,0,0,0,0
64502,10,0,0,0,0
64504,10,0,0,0,0
64505,10,0,0,0,0
64542,10,0,0,0,0
64543,10,0,0,0,0
64545,10,0,0,0,0
64546,10,2.36,0,0.4722,60.073067
64547,10,1.02,0,0.1201,15.279033
64548,10,0,0,0,0
64549,10,0,0,0,0
65142,10,0,0,0,0
65143,10,0,0,0,0
65144,10,0,0,0,0
65145,10,0,0,0,0
65146,10,0,0,0,0
65147,10,1.14,0,0.0663,9.540718
65148,10,3.98,0,0.7521,106.90446
65149,9,4.13,0,0.8676,126.03181
65150,10,0.05,0,0.0049,0.6949861
65151,10,0,0,0,0
65152,10,0,0,0,0
65153,10,0,0,0,0
65154,10,0,0,0,0
65155,10,0,0,0,0
65156,10,0,0,0,0
65157,10,0.21,0,0.0312,5.2804728
65158,10,0,0,0,0
65159,10,0.14,0,0.0127,2.2970667
65160,10,3.82,0,0.1741,29.838806
65161,10,0,0,0,0
65162,10,0,0,0,0
65163,10,0,0,0,0
65164,10,0,0,0,0
65165,10,0,0,0,0
65166,10,0,0,0,0
65167,10,0,0,0,0
65168,10,0,0,0,0
65169,10,0,0,0,0
65170,10,0,0,0,0
65171,10,0,0,0,0
65172,10,0,0,0,0
65173,10,0,0,0,0
65174,10,0,0,0,0
65175,10,0,0,0,0
65177,10,0,0,0,0
65178,10,0,0,0,0
65185,10,1.35,0,0.7571,98.643166
65186,10,0.68,0,0.9061,118.1955
65188,10,0,0,0,0
65189,10,0,0,0,0
65221,10,0,0,0,0
65222,10,0,0,0,0
65226,10,0.24,0,0.0826,10.647509
65227,10,0,0,0,0
65280,10,0,0,0,0
65281,10,0,0,0,0
65282,10,0,0,0,0
65826,10,0,0,0,0
65827,10,0,0,0,0
65828,10,0,0,0,0
65829,10,0,0,0,0
65830,10,0,0,0,0
65831,10,0,0,0,0
65832,10,2.11,0,0.4416,61.51034
65833,10,1.28,0,0.2266,31.568012
65834,10,0,0,0,0
65835,10,0,0,0,0
65836,10,0,0,0,0
65837,10,0,0,0,0
65838,10,0,0,0,0
65839,10,0,0,0,0
65840,10,0,0,0,0
65841,10,0,0,0,0
65842,10,0,0,0,0
65843,10,3.73,0,0.3554,64.19637
65844,10,4.3,0,0.2069,35.670013
65845,10,0,0,0,0
65846,10,0,0,0,0
65847,10,0,0,0,0
65848,10,0,0,0,0
65849,10,0,0,0,0
65850,10,0,0,0,0
65851,10,0,0,0,0
65852,10,0,0,0,0
65853,10,0,0,0,0
65854,10,0,0,0,0
65855,10,0,0,0,0
65856,10,0,0,0,0
65857,10,0,0,0,0
65858,10,0,0,0,0
65868,10,0,0,0,0
65869,10,0,0,0,0
65870,10,0,0,0,0
65873,10,0,0,0,0
65874,10,0,0,0,0
65896,10,1.17,0,0.9446,120.55416
65905,10,0,0,0,0
65906,10,0,0,0,0
65907,10,0,0,0,0
65908,10,0,0,0,0
65909,9,0,0,0.9447,127.19305
65910,9,4.05,0,0.9351,127.03597
65964,10,0,0,0,0
65965,10,0,0,0,0
65966,10,0,0,0,0
66510,10,0,0,0,0
66511,10,0,0,0,0
66512,10,0,0,0,0
66513,10,0,0,0,0
66514,10,0,0,0,0
66515,10,0,0,0,0
66516,10,0,0,0,0
66517,10,0,0,0,0
66518,10,0,0,0,0
66519,10,0,0,0,0
66520,10,0,0,0,0
66521,10,0,0,0,0
66522,10,0,0,0,0
66523,10,0,0,0,0
66524,10,0,0,0,0
66525,10,0,0,0,0
66527,10,1.28,0,0.1647,28.16812
66528,10,0.02,0,0.0031,0.5330822
66529,10,0,0,0,0
66530,10,0,0,0,0
66531,10,0,0,0,0
66532,10,0,0,0,0
66533,10,0,0,0,0
66534,10,0,0,0,0
66535,10,0,0,0,0
66536,10,0,0,0,0
66537,10,0,0,0,0
66538,10,0,0,0,0
66539,10,0,0,0,0
66540,10,0,0,0,0
66541,10,0,0,0,0
66553,10,0.02,0,0.9447,121.15693
66554,10,2.08,0,0.7374,98.551895
66558,10,0,0,0,0
66561,10,0,0,0,0
66589,10,0,0,0,0
66590,10,3.08,0,0.9097,116.57092
66591,10,0.1,0,0.0583,8.565841
66593,10,0,0,0,0
66594,10,0,0,0,0
66597,10,0,0,0,0
66598,10,0,0,0,0
66648,10,0,0,0,0
66649,10,0,0,0,0
67193,10,0,0,0,0
67194,10,0,0,0,0
67195,10,0,0,0,0
67196,10,0,0,0,0
67197,10,0,0,0,0
67198,10,0,0,0,0
67199,10,0,0,0,0
67200,10,0,0,0,0
67201,10,0,0,0,0
67202,10,0,0,0,0
67203,10,0,0,0,0
67204,10,0,0,0,0
67205,10,0,0,0,0
67206,10,0,0,0,0
67207,10,0,0,0,0
67208,10,0,0,0,0
67209,10,0,0,0,0
67210,10,1.01,0,0.4957,76.65693
67211,10,2.96,0,0.4117,69.322296
67212,10,0.58,0,0.0415,6.5850644
67213,10,0,0,0,0
67214,10,0,0,0,0
67215,10,0,0,0,0
67216,10,0,0,0,0
67217,10,0,0,0,0
67218,10,0,0,0,0
67219,10,0,0,0,0
67220,10,0,0,0,0
67221,10,0,0,0,0
67222,10,0,0,0,0
67223,10,0,0,0,0
67224,10,0,0,0,0
67225,10,0,0,0,0
67226,10,0,0,0,0
67227,10,0,0,0,0
67237,10,0.58,0,0.9447,121.15695
67238,10,0.29,0,0.1,12.828297
67242,10,0,0,0,0
67248,10,0,0,0,0
67273,10,2.42,0,0.8325,120.870926
67274,10,4.7,0,0.2445,33.868935
67275,10,3.28,0,0.4371,64.085464
67276,10,0.27,0,0.1978,26.456661
67277,10,0.48,0,0.0501,6.705704
67278,10,0,0,0,0
67281,10,0,0,0,0
67282,10,0,0,0,0
67877,10,0,0,0,0
67878,10,0,0,0,0
67879,10,0,0,0,0
67880,10,0,0,0,0
67881,10,0,0,0,0
67882,10,0,0,0,0
67883,10,0,0,0,0
67884,10,0,0,0,0
67885,10,0,0,0,0
67886,10,0,0,0,0
67887,10,0,0,0,0
67888,10,0,0,0,0
67889,10,0,0,0,0
67891,10,0,0,0,0
67892,10,0,0,0.0111,1.769541
67893,10,0,0,0,0
67894,10,0,0,0,0
67895,10,0,0,0,0
67896,10,1.29,0,0.1259,19.993378
67897,10,0,0,0,0
67898,10,0,0,0,0
67899,10,0,0,0,0
67900,10,0,0,0,0
67901,10,0,0,0,0
67902,10,0,0,0,0
67903,10,0,0,0,0
67904,10,0,0,0,0
67905,10,0,0,0,0
67906,10,0,0,0,0
67907,10,0,0,0,0
67908,10,0,0,0,0
67909,10,0,0,0,0
67910,10,0,0,0,0
67911,10,0,0,0,0
67913,10,0,0,0,0
67914,10,0,0,0,0
67919,10,0,0,0,0
67920,10,0,0,0,0
67956,10,0,0,0,0
67957,10,1.65,0,0.1003,14.568524
67958,10,0.05,0,0.0093,1.3469404
67959,10,0,0,0,0
67960,10,1.52,0,0.1279,16.759289
67961,10,2.1,0,0.3256,42.554165
67962,10,0,0,0,0
68560,10,0,0,0,0
68561,10,0,0,0,0
68562,10,0,0,0,0
68563,10,0,0,0,0
68564,10,0,0,0,0
68565,10,0,0,0,0
68566,10,0,0,0,0
68567,10,0,0,0,0
68568,10,0,0,0,0
68569,10,0,0,0,0
68570,10,0,0,0,0
68571,10,0,0,0,0
68572,10,0,0,0,0
68573,10,0,0,0,0
68574,10,0,0,0,0
68575,9,2.74,0,0.801,125.14058
68576,10,3.04,0,0.6716,106.34375
68577,10,0,0,0,0
68578,10,0,0,0,0
68579,10,0,0,0,0
68580,10,0,0,0,0
68581,10,0,0,0,0
68582,10,0,0,0,0
68583,10,0,0,0,0
68584,10,0,0,0,0
68585,10,0,0,0,0
68586,10,0,0,0,0
68587,10,0,0,0,0
68588,10,0,0,0,0
68589,10,0,0,0,0
68590,10,0,0,0,0
68591,10,0,0,0,0
68592,10,0,0,0,0
68593,10,0,0,0,0
68594,10,0,0,0,0
68595,10,0,0,0,0
68596,10,0,0,0,0
68597,10,0,0,0,0
68598,10,0,0,0,0
68603,10,0,0,0,0
68604,10,0.73,0,0.1414,19.257513
68605,10,4.03,0,0.8011,102.97274
68606,10,0,0,0,0
68607,10,0,0,0,0
68641,10,0,0,0,0
68642,10,0,0,0,0
68643,10,0.22,0,0.1066,14.0981865
68644,10,3.11,0,0.1886,25.58943
68645,10,3.16,0,0.5324,69.82522
68650,10,0,0,0,0
68651,10,3.48,0,0.6739,88.4819
68652,10,1.57,0,0.9447,121.41325
69244,10,0,0,0,0
69245,10,0,0,0,0
69246,10,0,0,0,0
69247,10,0,0,0,0
69248,10,0,0,0,0
69249,10,0,0,0,0
69250,10,0,0,0,0
69251,10,0,0,0,0
69252,10,0,0,0,0
69253,10,0,0,0,0
69254,10,0,0,0,0
69255,10,0,0,0,0
69256,10,0,0,0,0
69257,10,0,0,0,0
69258,10,0,0,0,0
69259,8,0.15,0,0.945,157.02461
69260,8,0.31,0,0.945,157.02464
69262,10,0,0,0,0
69263,10,0.28,0,0.027,4.0408325
69264,10,0.95,0,0.1163,17.410479
69265,10,0,0,0,0
69266,10,0,0,0,0
69267,10,0,0,0,0
69268,10,0,0,0,0
69269,10,0,0,0,0
69270,10,0,0,0,0
69271,10,0,0,0,0
69272,10,0,0,0,0
69273,10,0,0,0,0
69274,10,0,0,0,0
69275,10,0,0,0,0
69276,10,0,0,0,0
69277,10,0,0,0,0
69278,10,0,0,0,0
69279,10,0,0,0,0
69280,10,0,0,0,0
69281,10,0,0,0,0
69282,10,0,0,0,0
69283,10,0,0,0,0
69285,10,0,0,0,0
69286,10,0,0,0,0
69288,10,0.41,0,0.3748,53.404446
69289,10,0.79,0,0.167,21.58222
69290,10,0,0,0,0
69291,10,0,0,0,0
69292,10,0,0,0,0
69295,10,0,0,0,0
69296,10,0,0,0,0
69312,10,0,0,0,0
69313,10,0,0,0,0
69325,10,0,0,0,0
69326,10,0,0,0,0
69327,10,0.02,0,0.0685,9.064307
69328,10,2.37,0,0.2456,33.642136
69329,10,0,0,0,0
69335,10,1.24,0,0.2956,37.72956
69336,10,0.45,0,0.9446,120.515045
69927,10,0.14,0,0.0195,3.329553
69928,10,0,0,0,0
69929,10,0,0,0,0
69930,10,0,0,0,0
69931,10,0,0,0,0
69932,10,0,0,0,0
69933,10,0,0,0,0
69934,10,0,0,0,0
69935,10,0,0,0,0
69936,10,0,0,0,0
69937,10,0,0,0,0
69938,10,0,0,0,0
69939,10,0,0,0,0
69940,10,0.06,0,0.1392,22.23206
69941,10,0,0,0,0
69944,10,0,0,0,0
69945,10,0,0,0,0
69946,10,0,0,0,0
69947,10,0,0,0,0
69948,10,0,0,0,0
69949,10,0,0,0,0
69950,10,0,0,0,0
69951,10,0,0,0,0
69952,10,0,0,0,0
69953,10,0,0,0,0
69954,10,0,0,0,0
69955,10,0,0,0,0
69956,10,0,0,0,0
69957,10,0,0,0,0
69959,10,0,0,0,0
69960,10,0,0,0,0
69961,10,0,0,0,0
69962,10,0,0,0,0
69963,10,0,0,0,0
69964,10,0,0,0,0
69965,10,0,0,0,0
69966,10,0,0,0,0
69967,10,0,0,0,0
69968,10,0,0,0,0
69969,10,0,0,0,0
69970,10,0,0,0,0
69971,10,0,0,0,0
69972,10,1.03,0,0.2195,29.62282
69973,10,3.9,0,0.1778,24.148579
69974,10,0,0,0,0
69975,10,0,0,0,0
69976,10,0,0,0,0
69977,10,0,0,0,0
69978,10,0,0,0,0
69979,10,0,0,0,0
69980,10,0,0,0,0
69997,10,0,0,0,0
70008,10,0,0,0,0
70009,10,0,0,0,0
70010,10,0,0,0,0
70011,10,0,0,0,0
70014,10,0,0,0,0
70015,10,2.42,0,0.2508,35.191284
70016,10,0.71,0,0.1276,17.91159
70017,10,0,0,0,0
70018,10,0,0,0,0
70019,10,0,0,0,0
70020,10,0,0,0.0004,0.05739747
70021,10,0,0,0,0
70611,10,0.32,0,0.0364,6.212777
70612,10,0,0,0,0
70613,10,0,0,0,0
70614,10,0,0,0,0
70615,10,0,0,0,0
70616,10,0,0,0,0
70617,10,0,0,0,0
70618,10,0,0,0,0
70619,10,0,0,0,0
70620,10,0,0,0,0
70621,10,0,0,0,0
70622,10,0,0,0,0
70623,10,0.75,0,0.5233,90.15247
70624,10,0.64,0,0.2529,42.90915
70625,10,0.01,0,0.0116,1.8317405
70626,10,0,0,0,0
70627,10,0,0,0,0
70628,10,0,0,0,0
70629,10,0,0,0,0
70630,10,0,0,0,0
70631,10,0,0,0,0
70632,10,0,0,0,0
70633,10,0,0,0,0
70634,10,0,0,0,0
70635,10,0,0,0,0
70636,10,0,0,0,0
70637,10,0,0,0,0
70638,10,0,0,0,0
70639,10,0,0,0,0
70640,10,0,0,0,0
70641,10,0,0,0,0
70642,10,0,0,0,0
70643,10,0,0,0,0
70644,10,0,0,0,0
70645,10,0,0,0,0
70646,10,0,0,0,0
70647,10,0,0,0,0
70648,10,0,0,0,0
70649,10,0,0,0,0
70650,10,0,0,0,0
70651,10,0,0,0,0
70652,10,0,0,0,0
70653,10,0,0,0,0
70654,10,0,0,0,0
70655,10,0,0,0,0
70656,10,0,0,0,0
70657,10,0,0,0,0
70658,10,0,0,0,0
70659,10,0,0,0,0
70660,10,0,0,0,0
70661,10,0,0,0,0
70662,10,0,0,0,0
70663,10,0,0,0,0
70664,10,0,0,0,0
70665,10,0,0,0,0
70666,10,0,0,0,0
70667,10,0,0,0,0
70692,10,0,0,0,0
70693,10,0,0,0,0
70694,10,0,0,0,0
70695,10,0,0,0,0
70696,10,0,0,0,0
70698,10,0,0,0,0
70699,10,0,0,0,0
70700,10,0,0,0,0
70701,10,0,0,0,0
70702,10,0,0,0,0
70703,10,0,0,0,0
70704,10,1.29,0,0.348,46.04856
70705,10,0,0,0,0
70706,10,0,0,0,0
70707,10,0,0,0,0
71294,10,0,0,0,0
71295,10,0,0,0,0
71296,10,0,0,0,0
71297,10,0,0,0,0
71298,10,0,0,0,0
71299,10,0,0,0,0
71300,10,0,0,0,0
71301,10,0,0,0,0
71302,10,0,0,0,0
71303,10,0,0,0,0
71304,10,0,0,0,0
71305,10,0,0,0,0
71306,10,0,0,0,0
71307,10,0.83,0,0.2261,35.343193
71308,10,0.84,0,0.5209,83.52374
71309,10,0,0,0.1135,18.411959
71310,10,0,0,0,0
71311,10,0,0,0,0
71312,10,0,0,0,0
71313,10,0.02,0,0.0202,3.3141222
71314,10,0.06,0,0.0092,1.5008557
71315,10,0,0,0,0
71316,10,0,0,0,0
71317,10,0,0,0,0
71318,10,0,0,0,0
71319,10,0,0,0,0
71320,10,0,0,0,0
71321,10,0,0,0,0
71322,10,0,0,0,0
71323,10,0,0,0,0
71324,10,0,0,0,0
71325,10,0,0,0,0
71326,10,0,0,0,0
71327,10,0,0,0,0
71328,10,0,0,0,0
71329,10,0,0,0,0
71330,10,0,0,0,0
71331,10,0,0,0,0
71332,10,0,0,0,0
71333,10,0,0,0,0
71334,10,0,0,0,0
71335,10,0,0,0,0
71337,10,0,0,0,0
71338,10,0,0,0,0
71339,10,0,0,0,0
71340,10,0,0,0,0
71341,10,0,0,0,0
71342,10,0,0,0,0
71343,10,0,0,0,0
71344,10,0,0,0,0
71345,10,0,0,0,0
71346,10,0,0,0,0
71347,10,0,0,0,0
71348,10,0,0,0,0
71349,10,0,0,0,0
71350,10,0,0,0,0
71351,10,0,0,0,0
71352,10,0,0,0,0
71353,10,0,0,0,0
71362,10,0,0,0,0
71363,10,0,0,0,0
71365,10,0,0,0,0
71368,10,0,0,0,0
71369,10,0,0,0,0
71375,10,0,0,0,0
71376,10,0,0,0,0
71377,10,0,0,0,0
71378,10,0,0,0,0
71379,10,0,0,0,0
71380,10,0,0,0,0
71381,10,0,0,0,0
71382,10,0,0,0,0
71383,10,2.03,0,0.3058,47.503487
71384,10,0.41,0,0.6435,102.49404
71385,10,0,0,0,0
71386,10,0,0,0,0
71387,10,0,0,0,0
71388,10,0,0,0,0
71389,10,0,0,0,0
71390,10,0,0,0,0
71391,10,0,0,0,0
71393,10,0,0,0,0
71977,10,6.87,0,0.3695,61.496487
71978,10,0,0,0,0
71979,10,0,0,0,0
71980,10,0,0,0,0
71981,10,0,0,0,0
71982,10,0,0,0,0
71983,10,0,0,0,0
71984,10,0,0,0,0
71985,10,0,0,0,0
71986,10,0,0,0,0
71987,10,0,0,0,0
71988,10,0,0,0,0
71989,10,0,0,0,0
71990,10,0,0,0,0
71991,10,0.01,0,0.0043,0.7006115
71992,10,0.05,0,0.5123,86.98158
71993,10,0.13,0,0.4696,77.00476
71994,10,0,0,0.0035,0.570107
71995,10,0,0,0,0
71996,10,0.87,0,0.3651,63.75644
71997,10,4.77,0,0.6914,120.692894
71998,8,9.34,0,0.907,155.75142
71999,10,0.81,0,0.4705,79.17874
72000,10,0,0,0,0
72001,10,0,0,0,0
72002,10,0,0,0,0
72003,10,0,0,0,0
72004,10,0,0,0,0
72005,10,0,0,0,0
72006,10,0,0,0,0
72007,10,0,0,0,0
72008,10,0,0,0,0
72009,10,0,0,0,0
72010,10,0,0,0,0
72011,10,0,0,0,0
72012,10,0,0,0,0
72013,10,0,0,0,0
72014,10,0,0,0,0
72015,10,0,0,0,0
72016,10,0,0,0,0
72017,10,0,0,0,0
72018,10,0,0,0,0
72019,10,0,0,0,0
72021,10,0,0,0,0
72022,10,0,0,0,0
72023,10,0,0,0,0
72024,10,0,0,0,0
72025,10,0,0,0,0
72026,10,0,0,0,0
72027,10,0,0,0,0
72028,10,0,0,0,0
72029,10,0,0,0,0
72030,10,0,0,0,0
72031,10,0,0,0,0
72032,10,0,0,0,0
72033,10,0,0,0,0
72034,10,0,0,0,0
72035,10,0,0,0,0
72036,10,1.54,0,0.697,91.65856
72037,10,2.57,0,0.6185,80.033066
72038,10,0,0,0,0
72046,10,0,0,0,0
72047,10,0,0,0,0
72051,10,0,0,0,0
72052,10,0,0,0,0
72053,10,0.37,0,0.0629,8.024742
72054,10,0.08,0,0.9446,120.52747
72058,10,0,0,0,0
72059,10,1.6,0,0.39,51.741272
72060,10,4.21,0,0.2422,37.73951
72061,10,0,0,0,0
72062,10,0,0,0,0
72063,10,0,0,0,0
72064,10,13.01,0,0.6814,104.59983
72065,10,0,0,0,0
72066,10,0,0,0,0
72067,10,2.18,0,0.19,30.486097
72068,10,0.33,0,0.1352,21.728819
72069,10,0,0,0,0
72070,10,0,0,0,0
72071,10,0,0,0,0
72072,10,0,0,0,0
72073,10,0.44,0,0.0739,11.828473
72074,10,2.66,0,0.2251,33.39789
72075,10,0,0,0,0
72661,10,4.36,0,0.1975,32.50846
72662,10,0,0,0,0
72663,10,0,0,0,0
72664,10,0,0,0,0
72665,10,0,0,0,0
72666,10,0,0,0,0
72667,10,0,0,0,0
72668,10,0,0,0,0
72669,10,0,0,0,0
72670,10,0,0,0,0
72671,10,0,0,0,0
72672,10,0,0,0,0
72673,10,0,0,0,0
72674,10,0,0,0,0
72675,10,0,0,0,0
72676,10,1.17,0,0.4354,77.74336
72677,10,0.02,0,0.126,22.922388
72678,10,0,0,0,0
72679,10,0.87,0,0.6808,121.30846
72680,10,1.58,0,0.35,70.72073
72681,8,18.14,0,0.8099,151.12663
72682,10,10.45,0,0.6734,123.48854
72683,8,4.43,0,0.9055,164.52835
72684,8,0.26,0,0.945,161.5467
72685,10,0.37,0,0.2455,44.18215
72686,10,0,0,0,0
72687,10,0,0,0,0
72688,10,0,0,0,0
72689,10,0,0,0,0
72690,10,0,0,0,0
72691,10,0,0,0,0
72692,10,0,0,0,0
72693,10,0,0,0,0
72694,10,0,0,0,0
72695,10,0,0,0,0
72696,10,0,0,0,0
72697,10,0,0,0,0
72698,10,0,0,0,0
72699,10,0,0,0,0
72700,10,0,0,0,0
72701,10,0,0,0,0
72702,10,0,0,0,0
72703,10,0,0,0,0
72705,10,0,0,0,0
72706,10,0,0,0,0
72707,10,0,0,0,0
72708,10,0,0,0,0
72709,10,0,0,0,0
72710,10,0,0,0,0
72711,10,0,0,0,0
72712,10,0,0,0,0
72713,10,0,0,0,0
72714,10,0,0,0,0
72715,10,0,0,0,0
72716,10,0,0,0,0
72717,10,0,0,0,0
72718,10,0,0,0,0
72719,10,0,0,0,0
72720,9,1.54,0,0.9448,128.84076
72721,10,0.04,0,0.2008,25.852148
72722,10,0,0,0,0
72723,10,0,0,0,0
72727,10,0,0,0,0
72728,10,0,0,0,0
72729,10,0,0,0,0
72732,10,0,0,0,0
72734,10,0,0,0,0
72735,10,0.24,0,0.4289,66.78903
72737,10,0.57,0,0.1663,21.917492
72738,10,0.33,0,0.7442,98.11244
72742,10,0.03,0,0.0325,4.268583
72743,10,2.71,0,0.4132,56.601795
72744,10,7.14,0,0.5293,79.56313
72745,10,2.34,0,0.1482,23.35833
72746,10,0,0,0,0
72747,10,0,0,0,0
72748,10,16.39,0,0.5928,96.38595
72749,10,0,0,0,0
72750,10,0,0,0,0
72751,10,0,0,0,0
72752,10,0,0,0,0
72753,10,0,0,0,0
72754,10,0,0,0,0
72755,10,0,0,0,0
72756,10,0,0,0,0
72757,10,6.86,0,0.4917,85.23701
72758,9,7.99,0,0.9449,149.34131
72759,10,0,0,0,0
73344,10,2.9,0,0.1696,28.258013
73345,10,0,0,0,0
73346,10,0,0,0,0
73347,10,0,0,0,0
73348,10,0,0,0,0
73349,10,0,0,0,0
73350,10,0,0,0,0
73351,10,0,0,0,0
73352,10,0,0,0,0
73353,10,0,0,0,0
73354,10,0,0,0,0
73355,10,0,0,0,0
73356,10,0,0,0,0
73357,10,0,0,0,0
73358,10,0,0,0,0
73359,10,0,0,0,0
73360,10,0.99,0,0.4192,79.938644
73361,8,1.07,0,0.8907,160.47958
73362,10,0.63,0,0.1379,24.984785
73363,10,2.67,0,0.3638,65.25574
73364,10,9.83,0,0.4848,93.53149
73365,7,24.97,0,0.9451,180.74042
73366,10,12.09,0,0.5906,109.43656
73367,10,1.2,0,0.2918,52.64133
73368,10,0.14,0,0.1397,28.149096
73369,7,1.88,0,0.9427,179.40396
73371,8,1.42,0,0.945,161.15726
73372,10,0,0,0,0
73373,10,0,0,0,0
73374,10,0,0,0,0
73375,10,0,0,0,0
73376,10,0,0,0,0
73377,10,0,0,0,0
73378,10,0,0,0,0
73379,10,0,0,0,0
73380,10,0,0,0,0
73381,10,0,0,0,0
73383,10,0,0,0,0
73384,10,0,0,0,0
73386,10,0,0,0,0
73387,10,0,0,0,0
73388,10,0,0,0,0
73389,10,0,0,0,0
73390,10,0,0,0,0
73391,10,0,0,0,0
73392,10,0,0,0,0
73393,10,0,0,0,0
73394,10,4.95,0,0.1575,25.948122
73395,10,0,0,0,0
73396,10,0,0,0,0
73397,10,0,0,0,0
73398,10,0,0,0,0
73399,10,0,0,0,0
73400,10,0,0,0,0
73401,10,0,0,0,0
73402,10,0,0,0,0
73403,10,0,0,0,0
73404,9,3.06,0,0.9437,132.74007
73405,10,1.99,0,0.4184,56.149704
73414,10,0,0,0,0
73415,10,0,0,0,0
73417,10,0,0,0,0
73418,10,0,0,0,0
73419,10,0.06,0,0.0663,9.170879
73420,10,0,0,0,0
73421,10,0,0,0,0
73422,10,0,0,0,0
73423,10,0,0,0,0
73424,10,0,0,0,0
73425,10,0,0,0,0
73426,10,0.01,0,0.0011,0.16423467
73427,10,1.53,0,0.1599,22.930105
73428,10,0,0,0,0
73429,10,3.58,0,0.2904,49.518257
73430,10,4.33,0,0.3116,51.47012
73431,10,0,0,0,0
73432,10,0.04,0,0.0019,0.31188214
73433,10,0,0,0,0
73434,10,0.61,0,0.1443,24.993395
73435,10,11.94,0,0.4165,69.76237
73436,10,0.1,0,0.5355,86.03029
73437,10,0,0,0,0
73438,10,0,0,0,0
73439,10,0.33,0,0.2159,34.709476
73440,10,2.7,0,0.4895,85.52853
73441,10,0.3,0,0.2464,41.802597
74027,9,9.52,0,0.8094,138.30771
74028,10,1.01,0,0.0551,9.147737
74029,10,6.17,0,0.2816,49.428764
74030,10,1.72,0,0.1048,18.912424
74031,10,0,0,0,0
74032,10,0,0,0,0
74033,10,0,0,0,0
74034,10,0,0,0,0
74035,10,0,0,0,0
74036,10,0,0,0,0
74037,10,0,0,0,0
74038,10,0,0,0,0
74039,10,0,0,0,0
74040,10,0,0,0,0
74041,10,0,0,0,0
74042,10,0.59,0,0.248,44.1925
74043,8,1.8,0,0.9319,165.5396
74044,8,3.45,0,0.8218,155.78163
74045,8,0.31,0,0.7843,151.56187
74046,10,0.43,0,0.3936,71.689156
74047,8,7.85,0,0.8643,156.22217
74048,8,12.54,0,0.9393,174.18964
74049,10,8.32,0,0.6639,123.088425
74050,8,7.69,0,0.8505,156.68109
74051,7,0.33,0,0.9146,185.76492
74052,10,0,0,0.0018,0.3323208
74053,10,1.2,0,0.535,94.376076
74054,10,0.32,0,0.4109,72.035164
74055,10,0.69,0,0.4224,73.480545
74056,10,0.07,0,0.0521,8.915926
74057,10,0,0,0,0
74058,10,0,0,0,0
74059,10,0,0,0,0
74060,10,0,0,0,0
74061,10,0,0,0,0
74062,10,0,0,0,0
74063,10,0,0,0,0
74064,10,0,0,0,0
74065,10,0,0,0,0
74066,10,0,0,0,0
74067,10,0,0,0,0
74068,10,0,0,0,0
74069,10,0,0,0,0
74070,10,0,0,0,0
74071,10,0,0,0,0
74072,10,0,0,0,0
74073,10,0,0,0,0
74074,10,0,0,0,0
74075,10,0,0,0,0
74076,10,0,0,0,0
74077,10,0,0,0,0
74078,9,21.47,0,0.8701,141.48038
74079,10,0,0,0,0
74080,10,0,0,0,0
74081,10,0,0,0,0
74082,10,0,0,0,0
74083,10,0,0,0,0
74084,10,0,0,0,0
74085,10,0,0,0,0
74086,10,0,0,0,0
74087,10,0,0,0,0
74088,10,5.77,0,0.6936,97.34336
74089,10,1.74,0,0.3453,45.3976
74091,10,0.14,0,0.9447,124.49475
74093,10,0.55,0,0.8454,110.163864
74094,10,0.01,0,0.9447,123.161995
74096,10,0,0,0,0
74098,10,0,0,0,0
74101,10,0,0,0,0
74102,10,0.69,0,0.4787,70.80829
74103,10,0.03,0,0.1139,15.751566
74105,10,0,0,0,0
74106,10,0,0,0,0
74107,10,0,0,0,0
74108,10,0,0,0,0
74109,10,0,0,0,0
74110,10,0,0,0,0
74111,10,0,0,0,0
74112,10,0,0,0,0
74113,10,0,0,0,0
74114,10,1.78,0,0.0992,15.82412
74115,10,0,0,0,0
74116,10,0,0,0,0
74117,10,0,0,0,0
74118,8,0.48,0,0.945,163.63658
74119,8,21.37,0,0.9356,168.96783
74121,10,0,0,0,0
74122,10,0,0,0,0
74123,10,0,0,0,0
74124,10,0.57,0,0.4216,71.35634
74125,8,0.47,0,0.945,161.10216
74126,10,0.05,0,0.3079,52.975094
74712,10,0.45,0,0.2582,44.411777
74713,8,4.66,0,0.8858,152.87068
74714,10,1.45,0,0.2563,44.345818
74715,10,0,0,0,0
74716,10,0,0,0,0
74717,10,0,0,0,0
74718,10,0,0,0,0
74719,10,0,0,0,0
74720,10,0,0,0,0
74721,10,0,0,0,0
74722,10,0,0,0,0
74723,10,0,0,0,0
74724,10,0,0,0,0
74725,10,0,0,0,0
74726,10,0,0,0,0
74727,10,0,0,0,0
74728,6,0.81,0,0.9451,200.63959
74729,8,0,0,0.945,168.0461
74730,7,3.58,0,0.9451,178.43202
74731,9,4.3,0,0.7198,132.40576
74732,10,0,0,0,0
74733,10,0,0,0,0
74734,10,3.94,0,0.4917,95.58659
74735,9,3.93,0,0.7321,134.64012
74736,9,2.56,0,0.8512,148.35777
74737,10,0.36,0,0.1025,18.296696
74738,10,4.19,0,0.6644,118.6716
74739,10,1.02,0,0.6603,117.89462
74740,10,0.02,0,0.0335,5.9698415
74741,10,0,0,0,0
74742,10,0,0,0,0
74743,10,0,0,0,0
74744,10,0,0,0,0
74745,10,0,0,0,0
74746,10,0.26,0,0.1581,25.100685
74747,10,0,0,0,0
74748,10,0,0,0,0
74749,10,0,0,0,0
74750,10,0,0,0,0
74751,10,0,0,0,0
74752,10,0,0,0,0
74753,10,0,0,0,0
74754,10,0,0,0,0
74755,10,0,0,0,0
74756,10,0,0,0,0
74757,10,0,0,0,0
74758,10,0,0,0,0
74759,10,0,0,0,0
74760,10,0,0,0,0
74761,10,1.31,0,0.7235,117.73173
74762,9,11.93,0,0.8144,131.12125
74763,10,1.21,0,0.0929,14.7178545
74764,10,0,0,0,0
74765,10,0,0,0,0
74766,10,0,0,0,0
74767,10,0,0,0,0
74768,10,0,0,0,0
74769,10,0,0,0,0
74770,10,0,0,0,0
74771,10,0,0,0,0
74772,10,0,0,0,0
74773,10,0,0,0,0
74774,10,0,0,0,0
74775,10,1.02,0,0.3888,51.232117
74777,10,0,0,0,0
74778,10,0.3,0,0.2014,26.927649
74779,10,0,0,0,0
74783,10,0,0,0,0
74784,10,0.38,0,0.3989,64.04412
74785,10,3.82,0,0.787,124.733185
74786,10,0.12,0,0.1576,22.269146
74787,10,1.73,0,0.5406,74.957504
74789,10,0,0,0,0
74790,10,0.44,0,0.0341,4.3556304
74791,10,3.5,0,0.4614,62.25808
74792,10,0,0,0,0
74793,10,0,0,0,0
74794,10,0,0,0,0
74795,10,0,0,0,0
74796,10,0,0,0,0
74797,10,0,0,0,0
74798,10,0,0,0,0
74799,10,0,0,0,0
74800,10,0,0,0,0
74802,10,0,0,0,0
74803,10,2.5,0,0.6668,114.13601
74805,10,0,0,0,0
74809,8,0.09,0,0.945,163.60695
74810,10,0.11,0,0.3576,61.510906
74814,10,0,0,0,0
74815,10,0,0,0,0
75396,10,3.2,0,0.327,60.130188
75397,10,0,0,0,0
75398,10,0,0,0,0
75399,10,0,0,0,0
75400,10,0,0,0,0
75401,10,0,0,0,0
75402,10,0,0,0,0
75403,10,0,0,0,0
75404,10,0,0,0,0
75405,10,0,0,0,0
75406,10,0,0,0,0
75407,10,0,0,0,0
75408,10,0,0,0,0
75409,10,0,0,0,0
75411,7,0.56,0,0.9409,180.28162
75412,8,3.86,0,0.8793,173.18048
75413,7,6.6,0,0.945,175.89151
75414,7,19.89,0,0.9451,179.29494
75415,9,4.82,0,0.7245,133.51227
75416,10,0,0,0,0
75417,10,0.56,0,0.1587,25.933458
75418,10,2.42,0,0.2926,55.024918
75419,10,4.14,0,0.4403,86.07927
75420,9,8.67,0,0.7878,149.17085
75421,9,7,0,0.7992,135.16583
75422,10,2.13,0,0.2743,48.02697
75423,9,11.47,0,0.7897,138.35669
75424,9,4.19,0,0.7927,137.95651
75425,10,0,0,0,0
75426,10,0,0,0,0
75427,10,0,0,0,0
75428,10,0.03,0,0.028,4.3671074
75429,10,0,0,0,0
75430,10,1.84,0,0.1532,24.326681
75431,10,2.37,0,0.3084,49.242035
75432,10,0,0,0,0
75433,10,0,0,0,0
75434,10,0,0,0,0
75435,10,0,0,0,0
75436,10,0,0,0,0
75437,10,0,0,0,0
75438,10,0,0,0,0
75439,10,0,0,0,0
75440,10,0,0,0,0
75441,10,0,0,0,0
75442,10,0,0,0,0
75443,10,0,0,0,0
75444,10,1.45,0,0.1735,27.688055
75445,10,13.11,0,0.7117,113.36911
75446,10,6.56,0,0.4803,78.46217
75447,10,4.51,0,0.4377,70.39495
75448,10,0,0,0,0
75449,10,0,0,0,0
75450,10,0,0,0,0
75451,10,0,0,0,0
75452,10,0,0,0,0
75453,10,0,0,0,0
75454,10,0,0,0,0
75455,10,0,0,0,0
75456,10,0,0,0,0
75457,10,0,0,0,0
75458,10,0,0,0,0
75459,10,0,0,0,0
75461,10,0,0,0,0
75462,10,0.77,0,0.4809,64.37649
75463,10,0.07,0,0.1272,17.406656
75464,10,0,0,0,0
75465,10,0,0,0,0
75466,10,0,0,0,0
75468,10,0.12,0,0.0828,12.909366
75469,10,5.26,0,0.68,106.44622
75470,10,0,0,0,0
75471,10,0.78,0,0.2002,29.442528
75472,10,0.13,0,0.136,20.160234
75474,10,0,0,0,0
75475,10,0.99,0,0.1929,25.214804
75476,10,0.1,0,0.0768,11.7798815
75477,10,0,0,0,0
75478,10,0,0,0,0
75479,10,0,0,0,0
75480,10,0,0,0,0
75481,10,0,0,0,0
75482,10,0.56,0,0.134,17.738625
75483,10,3.05,0,0.4044,54.1136
75484,10,0,0,0,0
75485,10,0,0,0,0
75486,8,0.14,0,0.945,160.42046
75487,9,3.42,0,0.8278,144.40604
75488,10,0.27,0,0.1045,18.672995
75489,10,0,0,0,0
75490,10,0.71,0,0.3292,56.930614
75498,10,0,0,0,0
75499,10,0,0,0,0
75500,10,0,0,0,0
75503,10,0,0,0,0
76079,10,10.34,0,0.7038,123.38146
76080,8,12.1,0,0.8643,155.73291
76081,10,0,0,0,0
76082,10,0,0,0,0
76085,10,0,0,0,0
76086,10,0,0,0,0
76087,10,0,0,0,0
76088,10,0,0,0,0
76089,10,0,0,0,0
76090,10,0,0,0,0
76091,10,0,0,0,0
76092,10,0,0,0,0
76093,10,0,0,0,0
76094,10,0.21,0,0.7367,124.63483
76097,8,10.01,0,0.945,174.83897
76098,9,19.2,0,0.7831,145.56642
76099,10,2.98,0,0.2383,46.117393
76100,10,0.14,0,0.1655,28.246546
76101,10,1.62,0,0.1987,32.7795
76102,10,0.99,0,0.1296,22.05825
76103,10,5.27,0,0.3189,60.65241
76104,7,6.16,0,0.9451,179.04576
76105,8,12.91,0,0.945,162.62344
76106,8,8.7,0,0.945,158.92015
76107,8,19.65,0,0.945,163.46544
76108,8,10.42,0,0.945,163.12444
76109,8,0.56,0,0.9347,159.61589
76110,10,0,0,0,0
76111,10,0,0,0,0
76112,10,0,0,0,0
76113,10,0,0,0,0
76114,10,0,0,0,0
76115,10,0,0,0,0
76116,10,0,0,0,0
76117,10,0,0,0,0
76118,10,0.52,0,0.1218,19.479208
76119,10,0,0,0,0
76120,10,0.03,0,0.0069,1.1036972
76121,10,2.69,0,0.3967,64.22782
76122,10,0,0,0,0
76123,10,0,0,0,0
76124,10,0.27,0,0.0562,8.619009
76125,10,0,0,0,0
76126,10,2.36,0,0.4799,78.55042
76127,10,0,0,0,0
76128,10,1.72,0,0.1486,23.806694
76129,9,11.55,0,0.8776,139.5787
76130,10,1.84,0,0.1227,19.927645
76131,10,1.22,0,0.0808,13.103363
76132,10,0,0,0,0
76133,10,4.04,0,0.4198,62.65195
76134,10,1.2,0,0.1132,16.733053
76135,10,0,0,0,0
76136,10,0,0,0,0
76137,10,1.82,0,0.2262,33.71471
76138,10,0,0,0,0
76139,10,0,0,0,0
76140,10,0,0,0,0
76141,10,0.24,0,0.2072,30.110603
76142,9,0.09,0,0.9449,139.77861
76143,10,0.29,0,0.2218,31.912085
76144,10,0,0,0,0
76145,10,0,0,0,0
76147,9,1.07,0,0.8993,137.65771
76148,10,0.22,0,0.2841,40.030052
76149,10,0,0,0,0
76150,10,0,0,0,0
76151,10,0,0,0,0
76152,10,0,0,0,0
76153,10,0.79,0,0.5091,76.15532
76154,10,0,0,0,0
76155,10,0,0,0,0
76156,10,0,0,0,0
76157,10,0,0,0,0
76159,10,0.42,0,0.1365,21.078619
76160,10,0.96,0,0.2941,44.80626
76161,10,0,0,0,0
76162,10,0,0,0,0
76163,10,0,0,0,0
76164,10,0,0,0,0
76165,10,0,0,0,0
76166,10,0.44,0,0.1233,16.678246
76167,10,4.86,0,0.7944,112.8069
76168,10,5.03,0,0.6243,98.272026
76169,9,2.13,0,0.7933,126.83108
76170,9,0,0,0.9044,140.0507
76171,10,0,0,0.0396,6.5958033
76172,10,0,0,0,0
76173,10,1.96,0,0.4401,75.60631
76174,8,8.12,0,0.8628,157.71107
76183,10,0,0,0,0
76184,10,0,0,0,0
76187,10,0,0,0,0
76763,9,13.75,0,0.7801,137.31728
76764,8,2.36,0,0.8838,150.68253
76765,10,0,0,0,0
76766,10,0,0,0,0
76767,10,0,0,0,0
76768,10,0,0,0,0
76769,10,0,0,0,0
76770,10,0,0,0,0
76771,10,0,0,0,0
76772,10,0,0,0,0
76773,10,0,0,0,0
76774,10,0,0,0,0
76775,10,0,0,0,0
76776,10,0,0,0,0
76777,10,0,0,0,0
76778,9,0.01,0,0.7337,126.83224
76781,10,5.43,0,0.4827,101.029724
76782,10,9.26,0,0.5656,115.58566
76783,7,5.7,0,0.9376,183.294
76784,10,0.16,0,0.162,27.953402
76785,10,0.27,0,0.0702,11.696775
76786,10,0.08,0,0.011,1.8778102
76787,10,5.87,0,0.4939,84.495766
76788,8,5.77,0,0.9287,168.50842
76789,9,5.32,0,0.7816,141.56442
76790,8,5.14,0,0.8557,150.28525
76791,9,8.26,0,0.7919,140.44475
76792,8,19.2,0,0.945,167.56122
76793,10,2.15,0,0.5761,99.05725
76794,10,0,0,0,0
76795,10,0,0,0,0
76796,10,0,0,0,0
76797,10,0,0,0,0
76798,10,0,0,0,0
76799,10,0,0,0,0
76800,10,0,0,0,0
76801,10,0,0,0,0
76802,10,0,0,0,0
76803,10,0,0,0,0
76804,10,1.34,0,0.1491,23.007292
76805,9,7.26,0,0.8737,144.32191
76806,10,0,0,0,0
76807,10,1.19,0,0.2471,39.809452
76808,10,1.08,0,0.6553,104.23868
76809,10,0,0,0,0
76810,10,0,0,0,0
76811,10,0,0,0,0
76812,10,0,0,0,0
76813,10,0,0,0,0
76814,10,0,0,0,0
76815,10,3.53,0,0.4621,73.564804
76816,10,0.19,0,0.0694,10.627784
76817,9,8.48,0,0.9445,144.15717
76818,10,2.22,0,0.3177,47.96436
76819,10,0,0,0,0
76820,10,0.05,0,0.0021,0.3310304
76821,10,11.63,0,0.359,55.81916
76822,10,0,0,0,0
76823,10,0,0,0,0
76824,10,0,0,0,0
76825,10,0,0,0.0014,0.21890904
76826,10,0.61,0,0.6474,98.37345
76827,10,0.35,0,0.3352,47.16668
76828,10,0,0,0,0
76829,10,0.03,0,0.7147,102.65363
76831,9,0.61,0,0.9239,146.08252
76832,10,0.27,0,0.3693,56.88089
76833,10,0,0,0,0
76834,10,0,0,0,0
76835,10,0,0,0,0
76836,10,0,0,0,0
76837,10,0,0,0,0
76838,10,0,0,0,0
76839,10,0,0,0,0
76840,10,0,0,0,0
76841,10,1.81,0,0.4048,64.66986
76842,10,0.16,0,0.2331,38.093346
76843,10,0,0,0,0
76844,10,1.44,0,0.3786,65.512566
76845,10,0,0,0.0017,0.27520895
76847,9,2.86,0,0.9435,147.582
76848,10,0.01,0,0.2885,44.86571
76849,10,0,0,0,0
76850,10,0,0,0,0
76851,10,0,0,0,0
76852,10,0,0,0,0
76853,10,0,0,0,0
76854,10,0.26,0,0.1724,30.027481
76855,10,0.19,0,0.4301,74.739365
76856,10,0,0,0,0
76857,10,0.19,0,0.051,9.031586
76858,10,4.27,0,0.3765,70.64856
76868,10,0,0,0,0
76869,10,0,0,0,0
76871,10,0,0,0,0
77447,10,5.62,0,0.4044,71.78131
77448,10,0.18,0,0.3674,62.3636
77449,10,0,0,0,0
77451,10,0,0,0,0
77452,10,0,0,0,0
77453,10,0,0,0,0
77454,10,0,0,0,0
77455,10,0,0,0,0
77456,10,0,0,0,0
77457,10,0,0,0,0
77458,10,0,0,0,0
77459,10,0,0,0,0
77460,10,0,0,0,0
77461,10,0,0,0,0
77462,10,0,0,0,0
77463,7,0.19,0,0.9451,197.97913
77464,7,9.62,0,0.8617,176.48476
77465,10,4.74,0,0.3874,76.86999
77466,10,0.2,0,0.0888,18.22768
77467,10,3.34,0,0.5375,96.78767
77468,10,0,0,0,0
77469,10,0,0,0,0
77470,10,0,0,0,0
77471,10,0,0,0,0
77472,10,0.26,0,0.0698,12.860547
77473,10,3.26,0,0.5015,92.04659
77474,9,5.03,0,0.8125,143.8414
77475,10,0.22,0,0.5568,100.79387
77476,10,0.14,0,0.6218,112.47404
77477,10,0.01,0,0.0018,0.31897688
77478,10,2.21,0,0.3402,57.83419
77479,10,2.32,0,0.3305,54.11985
77480,10,0,0,0,0
77481,10,0,0,0,0
77482,10,0.85,0,0.2146,33.93114
77483,10,1.29,0,0.5769,88.46025
77484,10,0,0,0,0
77485,10,0,0,0,0
77486,10,0,0,0,0
77487,10,0,0,0,0
77488,10,2.5,0,0.2576,40.86774
77489,10,5.79,0,0.5628,89.27842
77490,10,0,0,0,0
77491,10,0,0,0,0
77492,10,0,0,0,0
77493,10,0,0,0,0
77494,10,0,0,0,0
77495,10,0,0,0,0
77496,10,0,0,0,0
77497,10,0,0,0,0
77498,10,0.21,0,0.1534,24.516533
77499,10,2.36,0,0.4247,69.3653
77500,10,0.17,0,0.0408,6.122047
77501,9,3.32,0,0.8296,130.45326
77502,9,6.74,0,0.8311,131.6618
77503,10,3.2,0,0.4504,70.23926
77504,10,0.74,0,0.0418,6.461755
77505,10,0,0,0,0
77506,10,0,0,0,0
77507,10,0,0,0,0
77508,10,0,0,0,0
77509,10,0,0,0,0
77510,10,0,0,0,0
77515,8,0.15,0,0.945,160.44197
77516,8,5.16,0,0.945,156.9635
77518,10,0,0,0,0
77519,10,0,0,0,0
77520,10,0,0,0,0
77521,10,0,0,0,0
77522,10,0,0,0,0
77524,10,0,0,0,0
77525,10,0.37,0,0.2246,36.516773
77526,9,3.12,0,0.7998,129.45462
77527,10,0,0,0,0
77528,10,0.82,0,0.5202,82.83761
77529,10,0.03,0,0.0366,5.80651
77530,10,0,0,0,0
77531,10,0.92,0,0.4605,71.43336
77532,10,0,0,0,0
77533,10,0,0,0,0
77534,10,0,0,0,0
77535,10,0,0,0,0
77536,10,2.73,0,0.5304,88.03185
77537,10,2.7,0,0.2707,43.58102
77538,10,0,0,0,0
77539,10,0,0,0,0
77540,10,0.58,0,0.0693,13.1074705
77541,10,0.86,0,0.1713,32.36488
77542,10,0,0,0,0
77552,10,0,0,0,0
77553,10,0,0,0,0
78131,10,5.66,0,0.5124,86.852295
78132,10,0.09,0,0.0213,3.3311284
78133,10,0,0,0,0
78135,10,0,0,0,0
78136,10,0,0,0,0
78137,10,0,0,0,0
78138,10,0,0,0,0
78139,10,0,0,0,0
78140,10,0,0,0,0
78141,10,0,0,0,0
78142,10,0,0,0,0
78143,10,0,0,0,0
78144,10,0.8,0,0.0647,11.601899
78145,10,1.47,0,0.2297,41.202797
78147,10,0.35,0,0.3819,73.65486
78148,10,5.13,0,0.4588,95.3388
78149,10,1.36,0,0.141,28.784245
78150,10,0,0,0,0
78151,10,0,0,0,0
78152,10,0,0,0,0
78153,10,0,0,0,0
78154,10,0,0,0,0
78155,10,0,0,0,0
78156,10,5.16,0,0.441,73.050606
78157,8,3.55,0,0.9227,170.82332
78158,8,11.1,0,0.945,168.78818
78160,10,0,0,0,0
78161,10,0.42,0,0.0778,12.647202
78162,9,7.41,0,0.8043,135.5621
78163,10,1.73,0,0.6273,104.04295
78164,10,0.54,0,0.3124,48.19163
78165,10,0.94,0,0.4355,67.19177
78166,10,0,0,0,0
78167,10,0.03,0,0.0211,3.22432
78168,10,0.6,0,0.111,17.6114
78169,10,0.22,0,0.0668,10.803666
78170,10,0.39,0,0.0716,11.605178
78171,10,0,0,0,0
78172,10,0,0,0,0
78173,10,1.39,0,0.1101,17.331585
78174,10,0,0,0,0
78175,10,0,0,0,0
78176,10,0,0,0,0
78177,10,0,0,0,0
78178,10,0,0,0,0
78179,10,0,0,0,0
78180,10,0,0,0,0
78181,10,0.65,0,0.3121,52.593082
78182,10,0.32,0,0.2623,44.17554
78183,10,0,0,0,0
78184,10,0.1,0,0.0142,2.2121928
78185,10,4.64,0,0.7804,121.883514
78186,8,4.77,0,0.9449,152.59525
78187,8,5.69,0,0.945,158.50534
78188,10,4.57,0,0.5625,87.66245
78189,10,0.2,0,0.0098,1.5826865
78190,10,0.05,0,0.0081,1.3586465
78191,10,0,0,0,0
78192,10,0,0,0,0
78193,10,0,0,0,0
78196,10,0,0,0,0
78199,8,0.58,0,0.945,166.77208
78200,8,3.81,0,0.9449,152.18353
78202,8,0.24,0,0.945,154.25812
78204,10,0,0,0,0
78205,10,0,0,0,0
78206,10,0,0,0,0
78207,10,0,0,0,0
78208,10,0,0,0,0
78209,10,0,0,0,0
78210,10,0.25,0,0.1986,31.74678
78211,10,0,0,0,0
78212,10,0,0,0,0
78213,10,0,0,0,0
78214,8,2.22,0,0.9314,150.56544
78215,9,6.47,0,0.8265,140.79396
78216,10,0.05,0,0.0078,1.2356231
78217,10,3.33,0,0.2279,36.0347
78218,10,2.14,0,0.1711,28.550772
78219,10,0,0,0,0
78220,10,3.42,0,0.2507,44.708576
78221,10,0.63,0,0.0619,11.752642
78222,10,0,0,0,0
78223,10,0,0,0,0
78224,10,0.89,0,0.1653,29.621126
78225,10,0.82,0,0.1009,18.133392
78815,10,3.42,0,0.3082,52.154743
78816,10,0.35,0,0.1901,30.929697
78817,10,0,0,0,0
78818,10,0,0,0,0
78819,10,0,0,0,0
78820,10,0,0,0,0
78821,10,0,0,0,0
78822,10,0,0,0,0
78823,10,0,0,0,0
78824,10,0,0,0,0
78825,10,0,0,0,0
78826,10,0,0,0,0
78827,10,0,0,0,0
78828,10,0.96,0,0.1018,18.309698
78829,8,0.83,0,0.945,169.54642
78831,8,1.02,0,0.8731,171.68398
78832,8,7.96,0,0.8325,154.22495
78833,10,2.27,0,0.5373,104.25715
78834,10,0,0,0,0
78835,10,0,0,0,0
78836,10,0,0,0,0
78837,10,0,0,0,0
78838,10,0,0,0,0
78839,10,0,0,0,0
78840,10,0.59,0,0.1288,25.161364
78841,8,0.19,0,0.945,170.23775
78844,10,0,0,0,0
78845,10,3.06,0,0.4413,76.44975
78846,10,2.5,0,0.7147,121.26959
78848,10,0,0,0,0
78849,10,0,0,0,0
78852,10,3.07,0,0.4957,79.411446
78853,8,1.15,0,0.9189,153.66733
78854,10,0,0,0,0
78855,10,0,0,0,0
78856,10,0,0,0,0
78857,10,0,0,0,0
78858,10,0,0,0,0
78859,10,0,0,0,0
78860,10,0,0,0,0
78861,10,0.34,0,0.0959,17.12353
78862,10,0,0,0,0
78863,10,0,0,0,0
78864,10,0,0,0,0
78865,10,0,0,0,0
78866,10,0,0,0,0
78867,10,0,0,0,0
78868,10,1.29,0,0.3405,60.25313
78869,10,4.16,0,0.7336,121.76152
78870,10,4.25,0,0.7104,115.099815
78871,8,4.91,0,0.945,162.9749
78872,8,7.92,0,0.945,163.85034
78873,8,2.96,0,0.9388,155.33919
78874,10,3.2,0,0.6747,116.4373
78875,10,0,0,0,0
78876,10,0,0,0.0001,0.01692025
78877,10,0,0,0.0211,3.3540292
78878,10,0,0,0,0
78879,10,0,0,0,0
78881,10,0,0,0,0
78883,10,0,0,0,0
78884,8,0.06,0,0.9263,154.37508
78887,10,0,0,0,0
78888,10,0,0,0,0
78889,10,0,0,0,0
78890,10,0,0,0,0
78891,10,0.62,0,0.2316,38.053005
78892,10,0,0,0,0
78893,10,0,0,0,0
78894,10,0,0,0,0
78895,10,0,0,0,0
78896,10,0,0,0,0
78897,10,0,0,0,0
78898,8,0.95,0,0.8923,153.29839
78899,7,19.09,0,0.9451,179.7181
78900,10,11.05,0,0.5445,98.6533
78901,10,0,0,0,0
78902,10,0,0,0,0
78903,10,0,0,0,0
78904,10,0,0,0,0
78905,10,0,0,0,0
78906,10,0,0,0,0
78907,10,0,0,0,0
78908,10,0.76,0,0.1401,23.703472
78909,10,0.01,0,0.001,0.18446644
78918,10,0,0,0,0
78919,10,0,0,0,0
78920,10,0,0,0,0
78921,10,0,0,0,0
78922,10,0,0,0,0
79499,10,0.81,0,0.0792,13.500255
79500,10,0.01,0,0.0184,3.1261816
79502,10,0,0,0,0
79503,10,0,0,0,0
79504,10,0,0,0,0
79505,10,0,0,0,0
79506,10,0,0,0,0
79507,10,0,0,0,0
79508,10,0,0,0,0
79509,10,0,0,0,0
79510,10,0,0,0,0
79511,10,0,0,0,0
79512,10,0,0,0,0
79513,10,0,0,0,0
79514,7,2.74,0,0.9443,193.37321
79515,7,0.48,0,0.9451,179.7113
79516,10,3.57,0,0.4084,74.29033
79517,9,1.57,0,0.736,136.48016
79518,10,1.13,0,0.2255,42.859425
79519,10,0,0,0,0
79520,10,0,0,0,0
79521,10,0,0,0,0
79522,10,0,0,0,0
79523,10,0,0,0,0
79524,8,1.52,0,0.7838,151.08217
79525,7,6.59,0,0.945,175.52463
79526,8,6.42,0,0.8605,158.97461
79528,10,0,0,0,0
79529,10,1.34,0,0.1781,29.12482
79530,10,0.57,0,0.6334,103.58769
79531,10,0,0,0,0
79532,10,0,0,0,0
79533,10,0,0,0,0
79537,10,0.03,0,0.1394,23.929138
79538,10,0.12,0,0.0356,5.8772445
79539,10,0,0,0,0
79540,10,0,0,0,0
79541,10,0,0,0,0
79542,10,0,0,0,0
79543,10,0,0,0,0
79544,10,0,0,0,0
79545,10,5.13,0,0.6307,109.65737
79546,10,0.25,0,0.1538,26.119427
79547,10,0,0,0,0
79548,10,0.47,0,0.1251,20.860792
79549,10,0.27,0,0.1871,31.445305
79550,10,0,0,0,0
79551,10,0,0,0,0
79552,10,0.05,0,0.027,4.7549534
79553,9,4.75,0,0.7677,132.52582
79554,9,9.89,0,0.8466,135.77048
79555,8,6.59,0,0.9378,151.73534
79556,8,11.57,0,0.945,154.4284
79557,10,12.1,0,0.7245,119.06738
79558,10,2.85,0,0.3364,57.99357
79559,10,0,0,0,0
79560,10,0,0,0.0005,0.07804171
79561,10,0.26,0,0.4129,68.74713
79563,10,0,0,0,0
79564,10,0,0,0,0
79566,10,0,0,0,0
79567,10,0,0,0,0
79569,10,0,0,0,0
79570,10,0,0,0,0
79571,10,0,0,0,0
79572,10,0,0,0,0
79573,10,0,0,0,0
79574,10,0,0,0,0
79575,10,0,0,0,0
79576,10,1.33,0,0.3523,64.657036
79577,10,0.37,0,0.2975,56.726147
79578,10,0,0,0,0
79579,10,0,0,0,0
79580,10,0,0,0,0
79581,10,0.54,0,0.1795,29.8118
79582,9,9.11,0,0.8249,145.45593
79583,8,9.76,0,0.8316,153.80693
79584,10,3.55,0,0.6212,111.13218
79585,10,0,0,0,0
79586,10,0,0,0,0
79587,10,0,0,0,0
79588,10,0,0,0,0
79589,10,0,0,0,0
79590,10,0.51,0,0.052,8.451984
79591,10,0.58,0,0.2816,45.85186
79592,10,0,0,0,0
79593,10,7.75,0,0.6638,114.75324
79601,10,0,0,0,0
79605,10,0,0,0,0
79606,10,0,0,0,0
80183,10,3.47,0,0.301,57.24715
80184,10,0,0,0,0
80185,10,0,0,0,0
80186,10,0,0,0,0
80187,10,0,0,0,0
80188,10,0,0,0,0
80189,10,0,0,0,0
80190,10,0,0,0,0
80191,10,0,0,0,0
80192,10,0,0,0,0
80193,10,0.88,0,0.3042,51.23048
80194,10,2.86,0,0.4185,71.85862
80195,10,0,0,0,0
80196,10,0,0,0,0
80197,10,0.17,0,0.1122,19.599047
80198,8,0.18,0,0.945,166.56604
80199,6,14.55,0,0.9451,202.28828
80200,10,1.86,0,0.451,89.48099
80201,10,2.72,0,0.6192,116.277435
80202,10,0.01,0,0.0023,0.42571938
80203,10,0,0,0,0
80204,10,0,0,0,0
80205,10,0,0,0,0
80206,10,0,0,0,0
80207,10,0,0,0,0
80208,10,0,0,0,0
80209,10,5.11,0,0.4896,84.88882
80210,8,5.97,0,0.9055,172.88336
80211,10,0.08,0,0.3136,59.44619
80212,10,0.21,0,0.1015,17.180996
80213,10,0,0,0,0
80214,10,0,0,0,0
80215,9,0.35,0,0.9449,147.65627
80216,10,0,0,0.0301,4.7823954
80217,10,2.79,0,0.7042,111.93523
80218,10,0,0,0,0
80219,10,0,0,0,0
80220,10,0,0,0,0
80221,10,1.07,0,0.3788,60.777267
80222,10,0.33,0,0.1733,30.53767
80223,10,0,0,0,0
80224,10,0,0,0,0
80225,10,0,0,0,0
80226,10,0,0,0,0
80227,10,0.32,0,0.0258,4.3022385
80228,10,0.07,0,0.0052,0.89413047
80229,10,1.38,0,0.1148,18.861158
80230,10,0,0,0,0
80231,10,0.06,0,0.1863,30.458908
80232,10,0.02,0,0.0471,7.842883
80233,10,0,0,0,0
80234,10,0,0,0,0
80235,10,0,0,0,0
80236,10,0,0,0,0
80237,10,0.55,0,0.3571,57.282497
80238,10,4.37,0,0.7342,118.105804
80239,10,1.31,0,0.3022,47.09957
80240,10,4.9,0,0.7005,108.810265
80241,10,11.24,0,0.6499,102.03817
80242,10,4.9,0,0.2113,32.87302
80243,10,0,0,0,0
80244,10,0,0,0,0
80245,10,0.57,0,0.0351,5.880626
80246,10,0,0,0,0
80247,10,0,0,0,0
80248,10,0,0,0,0
80249,10,0.07,0,0.5031,79.69019
80250,10,0.05,0,0.439,70.82389
80251,9,0.09,0,0.8113,130.7004
80252,10,0,0,0,0
80253,10,0,0,0,0
80254,10,0,0,0,0
80255,10,0,0,0,0
80258,10,0,0,0,0
80260,10,0.14,0,0.115,21.249989
80261,10,2.21,0,0.6307,114.257256
80262,10,0,0,0,0
80263,10,0,0,0,0
80264,10,0.24,0,0.32,53.514275
80265,10,4.92,0,0.4021,66.09941
80266,10,2.93,0,0.1458,25.355272
80267,10,0.44,0,0.0516,9.229889
80268,10,0,0,0,0
80269,10,0,0,0,0
80270,10,0,0,0,0
80271,10,0,0,0,0
80272,10,0,0,0,0
80273,10,0,0,0,0
80274,10,2.14,0,0.2422,40.081387
80275,10,3.42,0,0.4762,78.26976
80276,10,2.19,0,0.303,51.224392
80277,10,0,0,0.0006,0.09841748
80278,10,0.1,0,0.0639,10.6463995
80279,10,0,0,0,0
80285,10,0,0,0,0
80288,10,0,0,0,0
80289,10,0,0,0,0
80290,10,0,0,0,0
80866,9,1.81,0,0.7861,129.85088
80867,10,0.01,0,0.0013,0.24444461
80868,10,0,0,0,0
80869,10,0,0,0,0
80870,10,0,0,0,0
80871,10,0,0,0,0
80872,10,0,0,0,0
80873,10,0,0,0,0
80874,10,0,0,0,0
80875,10,0,0,0,0
80876,10,0,0,0,0
80877,10,0,0,0,0
80878,10,0,0,0,0
80879,10,0,0,0,0
80880,10,0.37,0,0.0726,13.076873
80881,10,5.44,0,0.5818,105.02929
80882,10,3.53,0,0.3615,67.24983
80883,10,2.07,0,0.138,27.58453
80884,10,3.55,0,0.3406,63.58607
80885,10,2.3,0,0.1529,29.716724
80886,10,0,0,0,0
80887,10,0,0,0,0
80888,10,0,0,0,0
80889,10,0,0,0,0
80890,10,0,0,0,0
80891,10,0,0,0,0
80892,10,0,0,0,0
80893,10,0.57,0,0.2179,37.762737
80894,10,0.81,0,0.1165,21.776316
80895,10,0,0,0,0
80896,10,0,0,0,0
80897,10,0,0,0,0
80898,10,2.86,0,0.2252,35.09624
80899,9,9.89,0,0.8182,131.49979
80900,8,3.03,0,0.9435,159.9815
80901,9,0.07,0,0.9167,147.77505
80903,10,0,0,0,0
80904,10,0,0,0,0
80905,10,0.14,0,0.1205,19.92945
80906,10,0.14,0,0.0687,11.629762
80907,10,0,0,0,0
80908,10,0,0,0,0
80909,10,0.49,0,0.1251,23.866934
80910,10,0.12,0,0.219,41.77797
80911,10,0.8,0,0.1973,32.90693
80912,10,0,0,0,0
80913,10,0,0,0,0
80914,10,0,0,0,0
80916,10,0,0,0,0
80917,10,0,0,0,0
80918,10,0,0,0,0
80919,10,0,0,0,0
80920,10,0,0,0,0
80921,10,0,0,0,0
80922,10,0,0,0,0
80923,10,0,0,0,0
80924,10,0,0,0,0
80925,10,0,0,0,0
80926,10,0,0,0,0
80927,10,0,0,0,0
80928,10,0,0,0,0
80929,10,0,0,0,0
80930,10,0,0,0,0
80931,10,1.15,0,0.298,47.351894
80932,10,0.05,0,0.2394,38.276955
80933,10,0,0,0,0
80934,10,0,0,0,0
80935,10,0,0,0,0
80936,10,0,0,0,0
80937,10,0,0,0.0374,5.8297334
80938,10,0.46,0,0.2534,39.622734
80939,10,0,0,0,0
80940,10,0,0,0,0
80941,10,0,0,0,0
80943,10,0,0,0,0
80944,10,0,0,0,0
80945,10,0.63,0,0.1235,21.98645
80946,10,0,0,0,0
80947,10,0,0,0,0
80948,10,4.7,0,0.5722,99.23655
80949,8,15.23,0,0.9253,159.65245
80950,10,4.63,0,0.2315,39.154926
80951,10,0,0,0,0
80952,10,0,0,0,0
80953,10,0,0,0,0
80954,10,0,0,0,0
80955,10,0,0,0.0002,0.030130664
80956,10,1.14,0,0.3722,69.15755
80957,10,1.24,0,0.1987,35.96277
80958,10,0,0,0,0
80959,10,0.25,0,0.0171,2.860696
80960,10,0,0,0,0
80961,10,0.38,0,0.0879,14.657586
80962,10,0.05,0,0.0506,8.436857
80963,10,0,0,0,0
80964,7,0,0,0.9451,178.36142
80966,10,0,0,0,0
80967,10,0,0,0,0
80972,10,0,0,0,0
80973,10,0,0,0,0
80974,10,0,0,0,0
81551,10,2.72,0,0.2716,45.786373
81552,10,0,0,0,0
81553,10,0,0,0,0
81555,10,0,0,0,0
81556,10,0,0,0,0
81557,10,0,0,0,0
81558,10,0,0,0,0
81559,10,0,0,0,0
81560,10,0,0,0,0
81561,10,0,0,0,0
81562,10,0,0,0,0
81564,10,0.29,0,0.0216,3.6481578
81565,10,9.7,0,0.4424,76.225334
81566,10,1.44,0,0.076,14.070355
81567,10,9.19,0,0.5342,93.136665
81568,7,13.75,0,0.945,175.95396
81569,7,13.74,0,0.9375,178.70674
81570,10,3.17,0,0.2881,53.739315
81571,10,0,0,0,0
81572,10,0,0,0,0
81573,10,0,0,0,0
81574,10,0,0,0,0
81575,10,0,0,0,0
81576,10,0,0,0,0
81577,10,0,0,0,0
81578,10,2.45,0,0.4815,78.14882
81579,9,9.33,0,0.7858,144.58342
81580,10,0.01,0,0.0051,1.0157841
81581,10,0,0,0,0
81582,10,3.43,0,0.4824,77.77368
81583,8,1.22,0,0.9449,150.81874
81584,8,0.27,0,0.9125,153.7141
81586,10,0,0,0,0
81587,10,2.1,0,0.2007,32.090622
81588,10,5.58,0,0.5686,92.25101
81589,9,1.18,0,0.8969,143.1474
81591,10,0,0,0,0
81592,10,0,0,0,0
81593,10,0.17,0,0.1576,29.279356
81595,10,0,0,0,0
81598,10,0,0,0,0
81599,10,0,0,0,0
81600,10,0,0,0,0
81601,10,0,0,0,0
81602,10,0,0,0,0
81603,10,0,0,0,0
81604,10,0,0,0,0
81605,10,0,0,0,0
81606,10,0,0,0,0
81607,10,0.43,0,0.0879,13.958344
81608,10,0.18,0,0.1121,17.79542
81609,10,0,0,0,0
81610,10,0,0,0,0
81611,10,0,0,0,0
81612,10,0,0,0,0
81613,10,0,0,0,0
81614,10,0,0,0,0
81615,10,0,0,0,0
81616,10,2.95,0,0.2518,43.29894
81617,10,5.82,0,0.611,112.02804
81618,10,5.63,0,0.6085,120.49365
81619,10,0.93,0,0.088,15.854169
81620,10,2.89,0,0.6581,112.34902
81621,10,0,0,0,0
81622,10,0.26,0,0.1509,24.198841
81623,10,0,0,0,0
81624,10,0,0,0,0
81625,10,0,0,0,0
81626,10,0,0,0,0
81627,10,0,0,0,0
81628,10,0.67,0,0.1893,36.95639
81629,10,3.23,0,0.527,104.38757
81630,10,0,0,0,0
81631,10,0,0,0,0
81632,10,1.15,0,0.0714,12.53997
81633,10,2.79,0,0.1387,24.216301
81634,10,0,0,0,0
81635,10,0,0,0,0
81636,10,0,0,0,0
81637,10,0,0,0,0
81638,10,0,0,0,0
81639,10,0.46,0,0.2362,43.42629
81640,8,4.36,0,0.8976,168.42886
81641,10,0.72,0,0.2101,39.28879
81642,10,1.46,0,0.155,27.948961
81643,10,3.76,0,0.1872,31.3844
81644,10,0,0,0,0
81645,10,0,0,0,0
81646,10,0,0,0,0
81648,8,0.01,0,0.945,155.37975
81657,10,0,0,0,0
81658,10,0,0,0,0
82235,8,9.27,0,0.8894,161.34251
82236,10,0,0,0,0
82237,10,0,0,0,0
82238,10,0,0,0,0
82239,10,0,0,0,0
82240,10,0,0,0,0
82241,10,0,0,0,0
82242,10,0,0,0,0
82243,10,0,0,0,0
82244,10,0,0,0,0
82245,10,0,0,0,0
82246,10,0,0,0,0
82247,10,2.55,0,0.349,58.16574
82248,10,13.66,0,0.6609,115.68207
82249,10,8.71,0,0.5618,98.33541
82250,10,1.93,0,0.1555,28.157183
82251,10,5.01,0,0.6483,117.51941
82252,8,4.86,0,0.9228,167.28763
82253,8,13.23,0,0.8329,152.20062
82254,10,3.32,0,0.3769,69.41802
82255,10,1.76,0,0.2378,41.573765
82256,10,1.7,0,0.331,56.843113
82257,10,0,0,0,0
82258,10,0,0,0,0
82259,10,0,0,0,0
82260,10,0,0,0,0
82261,10,0.67,0,0.0703,11.956561
82262,9,10.87,0,0.7474,126.05252
82263,8,11.9,0,0.945,160.783
82264,10,0.07,0,0.0069,1.194097
82265,10,0.85,0,0.1127,20.770908
82266,8,3.67,0,0.9383,173.09027
82267,10,0,0,0,0
82270,10,0,0,0,0
82271,10,3.92,0,0.4479,71.85633
82272,10,7.48,0,0.6298,105.31435
82276,8,4.79,0,0.8637,158.57153
82277,8,0.24,0,0.945,154.603
82279,10,0,0,0,0
82280,10,0,0,0,0
82281,10,0,0,0,0
82282,10,0,0,0,0
82283,10,0,0,0,0
82284,10,0,0,0,0
82285,10,0,0,0,0
82286,10,0,0,0,0
82287,10,0,0,0,0
82288,10,0,0,0,0
82289,10,0,0,0,0
82290,10,1.18,0,0.3706,63.630505
82291,10,0,0,0,0
82292,10,0,0,0,0
82293,10,0,0,0,0
82294,10,0,0,0,0
82295,10,0,0,0,0
82296,10,0,0,0,0
82297,10,1.62,0,0.4381,79.71053
82298,10,0.7,0,0.0889,15.764579
82299,10,0.21,0,0.0111,1.8800231
82300,10,3.11,0,0.2419,43.701244
82301,9,7.79,0,0.7032,136.17194
82302,7,9.41,0,0.8968,175.66772
82303,10,2.79,0,0.3892,73.196686
82304,10,1.99,0,0.1528,28.765553
82305,10,2.86,0,0.4558,96.97827
82306,10,0.01,0,0.002,0.36489493
82307,10,0,0,0,0
82308,10,0,0,0,0
82309,10,0.69,0,0.1262,22.66079
82310,10,0.1,0,0.0309,5.4545317
82311,10,0,0,0,0
82312,10,0,0,0,0
82313,10,0,0,0,0
82314,10,0,0,0,0
82315,10,0,0,0,0
82316,10,0,0,0,0
82317,10,0,0,0,0
82318,10,0,0,0,0
82319,10,0,0,0,0
82320,10,0,0,0,0
82321,10,0,0,0,0
82322,10,0.11,0,0.0159,2.8360002
82323,9,2.35,0,0.7271,136.91208
82324,8,3.96,0,0.9187,174.09378
82325,10,1.39,0,0.1146,20.076971
82326,10,6.79,0,0.4981,85.55776
82327,10,2.35,0,0.3098,52.6069
82328,10,0,0,0,0
82329,10,0,0,0,0
82330,10,0,0,0,0
82331,8,0.03,0,0.9449,151.63559
82332,10,0.1,0,0.1935,31.128572
82333,10,0,0,0,0
82334,10,0,0,0,0
82342,10,0,0,0,0
82919,8,8.73,0,0.937,162.55595
82920,10,0,0,0,0
82922,10,0,0,0,0
82923,10,0,0,0,0
82924,10,0.03,0,0.1132,18.02742
82925,10,0,0,0,0
82926,10,0,0,0,0
82927,10,0,0,0,0
82928,10,0,0,0,0
82929,10,0,0,0,0
82930,10,0,0,0,0
82931,10,3.18,0,0.2834,46.567833
82932,10,8.7,0,0.6099,99.256714
82933,10,9.2,0,0.4957,90.32221
82934,10,5.6,0,0.3808,76.39815
82935,10,4.74,0,0.622,123.85189
82936,10,2.79,0,0.5664,103.69352
82937,10,3.57,0,0.4724,85.201675
82938,10,1.2,0,0.114,20.11038
82939,9,8.52,0,0.7882,132.82924
82940,10,3.51,0,0.616,104.67819
82941,10,0.04,0,0.0214,3.453855
82942,10,0,0,0.0018,0.29462323
82943,10,0,0,0,0
82944,10,0.71,0,0.0814,13.891023
82945,9,18.36,0,0.7332,126.297
82946,8,40.62,0,0.945,170.01192
82947,10,4.14,0,0.3362,58.35628
82948,10,0,0,0,0
82949,10,1.34,0,0.0897,15.729935
82950,9,1.25,0,0.8132,137.10182
82951,10,0.03,0,0.2208,36.570843
82952,10,0,0,0,0
82953,10,0,0,0,0
82954,10,0,0,0,0
82955,10,2.4,0,0.3596,57.43658
82956,10,5.58,0,0.6955,114.017166
82957,10,0.18,0,0.0329,5.7441006
82958,10,0,0,0,0
82959,8,3.95,0,0.945,174.38443
82960,8,11.5,0,0.945,167.6569
82963,8,0.07,0,0.945,159.28917
82964,10,2.59,0,0.5012,82.82775
82965,10,0.13,0,0.0145,2.4640615
82966,10,1.43,0,0.1683,28.36154
82967,10,0,0,0,0
82968,10,0,0,0,0
82969,10,0,0,0,0
82970,10,0,0,0,0
82971,10,0,0,0,0
82972,10,0,0,0,0
82973,10,0,0,0,0
82974,10,1.04,0,0.5134,92.975945
82975,10,4.49,0,0.623,114.16077
82976,10,0,0,0,0
82977,10,0,0,0,0
82978,10,0,0,0,0
82979,10,0,0,0,0
82980,10,0,0,0,0
82981,10,1.28,0,0.2554,47.376595
82982,9,4,0,0.7202,135.6076
82983,10,1.17,0,0.3969,71.26864
82984,10,0,0,0,0
82985,10,0.17,0,0.0795,15.060115
82986,8,4.85,0,0.8455,159.8761
82987,10,2.21,0,0.2852,53.538002
82988,10,0,0,0,0
82989,10,1.93,0,0.5841,121.66115
82990,10,0.19,0,0.0247,4.9312515
82991,10,0,0,0,0
82992,10,2.13,0,0.3823,70.48171
82993,7,3.5,0,0.945,175.16095
82994,10,1.08,0,0.539,97.43704
82995,10,0,0,0,0
82998,10,0,0,0,0
82999,10,0,0,0,0
83000,10,0,0,0,0
83001,10,0,0,0,0
83002,10,0,0,0,0
83003,10,0,0,0,0
83004,10,0,0,0,0
83005,10,0,0,0,0
83006,10,0,0,0,0
83007,10,1.2,0,0.3131,53.739143
83008,10,3.46,0,0.4289,77.68118
83009,9,4.33,0,0.748,127.736984
83010,10,0,0,0,0
83011,10,0,0,0,0
83012,10,0,0,0,0
83013,10,0,0,0,0
83014,10,0,0,0,0
83016,10,0,0,0.0355,5.5872965
83017,10,0,0,0,0
83018,10,0,0,0,0
83603,10,5.77,0,0.7056,120.07786
83604,10,0.08,0,0.0556,9.231068
83606,10,0,0,0,0
83607,10,0,0,0,0
83609,10,0,0,0,0
83610,10,0,0,0,0
83611,10,0,0,0,0
83612,10,0,0,0,0
83613,10,0,0,0,0
83614,10,0,0,0,0
83615,10,0.81,0,0.0956,16.564962
83616,10,1.29,0,0.6141,101.89588
83617,10,1.7,0,0.5231,93.6049
83618,8,10.18,0,0.7129,153.03897
83619,10,4.78,0,0.6305,124.60024
83620,10,1.63,0,0.5453,102.25177
83621,7,4.22,0,0.945,175.28506
83622,8,4.95,0,0.9297,166.1506
83623,10,2.56,0,0.3066,53.876022
83624,8,1.2,0,0.9184,163.10753
83625,9,5.51,0,0.8969,144.28914
83626,10,2.78,0,0.5225,83.61156
83627,10,0,0,0,0
83628,10,1.8,0,0.0946,16.107296
83629,8,13.69,0,0.945,166.42772
83630,8,16.4,0,0.945,168.07852
83631,10,1.16,0,0.0941,15.0696745
83632,10,0,0,0,0
83633,10,0.68,0,0.5804,92.30277
83634,8,2.2,0,0.945,154.11946
83635,10,0,0,0,0
83637,10,0,0,0,0
83638,10,0,0,0,0
83639,10,0.8,0,0.4094,64.77299
83640,9,10.07,0,0.8364,137.84991
83641,10,1.56,0,0.1169,19.98211
83642,10,3.95,0,0.2461,42.273823
83643,8,12.63,0,0.945,173.86937
83644,8,0.11,0,0.945,160.03986
83646,10,0,0,0,0
83647,10,0,0,0,0
83648,10,1.09,0,0.1196,19.81312
83649,10,0.42,0,0.0472,8.419064
83650,10,8.25,0,0.5587,97.1179
83651,10,0.72,0,0.5046,85.052185
83652,10,0,0,0,0
83653,10,0,0,0,0
83654,10,0,0,0,0
83655,10,0,0,0,0
83656,10,0,0,0,0
83657,10,0,0,0,0
83658,10,0.97,0,0.3633,59.553764
83659,9,6.04,0,0.7896,132.64746
83660,10,4.16,0,0.2339,39.148647
83661,10,0,0,0,0
83662,10,0,0,0,0
83663,10,0,0,0,0
83664,10,0,0,0,0
83665,10,0,0,0,0
83666,10,1.29,0,0.222,41.49977
83667,10,0.35,0,0.1112,20.798391
83668,10,0.28,0,0.1881,30.53172
83669,9,1.14,0,0.7512,128.00508
83670,10,0.09,0,0.3024,56.733635
83671,10,0,0,0,0
83672,10,0,0,0,0
83673,10,0,0,0,0
83674,10,0,0,0,0
83675,10,0,0,0,0
83676,10,0.76,0,0.2625,48.619774
83681,10,0,0,0,0
83683,10,0,0,0,0
83684,10,0,0,0,0
83685,10,0,0,0,0
83686,10,0,0,0,0
83687,10,0,0,0,0
83688,10,0,0,0,0
83689,10,0,0,0,0
83690,10,0,0,0,0
83691,10,0,0,0,0
83692,10,0,0,0,0
83693,10,0.93,0,0.0637,10.8529215
83694,10,0.5,0,0.219,35.598988
83695,10,0,0,0,0
83696,10,0,0,0,0
83697,10,0,0,0,0
83698,9,0.27,0,0.7714,125.15196
83699,8,0.42,0,0.945,153.61392
83700,9,0.07,0,0.9045,140.4801
83701,10,0,0,0,0
83704,10,0,0,0,0
83705,10,0,0,0,0
83706,10,0,0,0,0
83707,10,0,0,0,0
84286,10,1.37,0,0.5914,101.52989
84287,10,3.78,0,0.5705,94.35381
84288,10,0,0,0,0
84290,10,0,0,0,0
84291,10,0,0,0,0
84294,10,0,0,0,0
84295,10,0,0,0,0
84296,10,0,0,0,0
84297,10,0,0,0,0
84298,10,1.02,0,0.1352,23.84654
84299,10,5.41,0,0.636,112.41167
84300,10,0.99,0,0.2285,39.389435
84301,10,1.9,0,0.5022,91.920944
84302,10,3.06,0,0.3983,81.85394
84303,8,9.96,0,0.903,174.09482
84304,10,0.48,0,0.2193,40.85251
84305,10,0.29,0,0.522,96.3255
84306,8,6.31,0,0.866,157.63058
84307,10,0.18,0,0.0364,6.748645
84308,10,0,0,0,0
84309,8,0.75,0,0.9225,159.56123
84310,10,0.54,0,0.2249,37.048428
84311,10,0,0,0,0
84312,10,4.96,0,0.4477,75.296135
84313,8,2.92,0,0.945,172.22333
84314,10,3.98,0,0.5251,94.05473
84315,10,0,0,0,0
84316,10,0.47,0,0.207,32.302055
84317,10,0.88,0,0.2806,44.38066
84318,10,0,0,0,0
84319,10,0,0,0,0
84320,10,0,0,0,0
84321,10,0,0,0,0
84322,10,0,0,0,0
84323,8,0.13,0,0.945,153.63293
84324,10,4.55,0,0.6769,113.57843
84325,10,3.59,0,0.4206,67.140175
84326,8,6.14,0,0.8432,151.30219
84327,8,4.74,0,0.9281,156.5467
84328,10,2.89,0,0.4912,81.2768
84329,10,0.92,0,0.0978,15.264086
84330,10,0,0,0,0
84331,10,0,0,0,0
84333,10,1.65,0,0.6585,115.95175
84334,10,0.03,0,0.0063,1.0673407
84335,10,0,0,0,0
84337,10,0,0,0,0
84338,10,0,0,0,0
84339,10,0,0,0,0
84340,10,0,0,0,0
84341,10,0,0,0,0
84342,10,0,0,0,0
84343,10,1.19,0,0.4359,74.34603
84344,10,6.81,0,0.4579,81.40951
84345,10,4.74,0,0.3001,50.565838
84346,10,0.78,0,0.0663,10.712263
84347,10,0,0,0,0
84348,10,0,0,0,0
84349,10,0,0,0,0
84350,10,0,0,0,0
84351,10,0,0,0,0
84352,10,0,0,0,0
84353,10,0.01,0,0.0048,0.8300623
84354,10,0.57,0,0.0709,12.4725895
84355,10,0,0,0,0
84356,10,0,0,0,0
84357,10,0,0,0,0
84358,10,0,0,0,0
84359,10,0,0,0,0
84360,10,0,0,0,0
84361,10,0,0,0,0
84362,10,0,0,0,0
84365,10,0,0,0,0
84366,10,0,0,0,0
84368,10,0,0,0,0
84369,10,0,0,0,0
84370,10,0,0,0,0
84371,10,0,0,0,0
84372,10,0,0,0,0
84373,10,0,0,0,0
84374,10,0,0,0,0
84375,10,0,0,0,0
84376,10,0,0,0,0
84377,10,0,0,0,0
84378,10,0.58,0,0.2795,44.864056
84381,10,0,0,0,0
84382,10,1.93,0,0.622,95.3926
84383,9,0.8,0,0.9425,143.90613
84384,10,0.01,0,0.0676,10.339846
84385,10,0,0,0,0
84386,10,0,0,0,0
84387,10,0,0,0,0
84388,10,0,0,0,0
84389,10,0,0,0,0
84390,10,0,0,0,0
84391,10,0,0,0,0
84392,10,0,0,0,0
84393,10,0,0,0,0
84969,8,12.26,0,0.9448,159.04802
84970,10,1.73,0,0.4171,69.83353
84971,10,2.76,0,0.2637,43.25669
84972,10,0,0,0,0
84973,10,0,0,0,0
84974,10,0,0,0,0
84975,10,0,0,0,0
84978,10,0,0,0,0
84979,10,0,0,0,0
84980,10,0,0,0,0
84981,10,0,0,0,0
84982,10,2.07,0,0.2611,48.279243
84983,10,7.24,0,0.5828,111.11683
84984,9,1.82,0,0.7852,138.7316
84985,9,1.85,0,0.7698,143.38594
84986,10,0.85,0,0.5735,111.361626
84987,7,0.02,0,0.9451,191.81036
84988,7,3.41,0,0.945,175.67342
84989,7,0.49,0,0.9451,181.25444
84990,10,0.11,0,0.0385,7.176723
84991,10,0.01,0,0.0555,10.18177
84992,10,0.18,0,0.5951,102.68384
84993,8,1.06,0,0.945,165.10574
84994,10,0,0,0,0
84995,10,0,0,0,0
84996,10,0.68,0,0.1385,22.1408
84997,10,1.25,0,0.5825,101.40938
84998,10,0,0,0,0
84999,10,0,0,0,0
85000,10,0.96,0,0.1449,22.612476
85001,10,0.15,0,0.0422,6.6390686
85002,10,0,0,0,0
85003,10,0.22,0,0.054,8.610374
85004,10,0.02,0,0.0485,7.731916
85005,10,0,0,0,0
85008,9,0.15,0,0.7972,129.9649
85009,10,0.95,0,0.6004,98.92408
85010,8,3.44,0,0.945,167.0701
85011,10,0,0,0,0
85012,10,0,0,0,0
85013,10,0,0,0,0
85014,10,0,0,0,0
85015,10,0,0,0,0
85017,10,0.23,0,0.6087,108.84292
85018,10,0,0,0,0
85020,10,0.66,0,0.2375,37.7322
85021,10,1.46,0,0.1772,27.738577
85022,10,0,0,0,0
85023,10,0,0,0,0
85024,10,0,0,0,0
85025,10,0,0,0,0
85026,10,0,0,0,0
85027,10,0,0,0,0
85028,10,0,0,0,0
85029,10,3.02,0,0.389,68.19544
85030,9,16.69,0,0.7494,126.82181
85031,10,13.43,0,0.6876,110.88774
85032,10,0.41,0,0.0185,2.9471798
85033,10,0.24,0,0.019,2.9686449
85034,10,3.52,0,0.3461,53.892967
85035,10,0.18,0,0.0176,2.802086
85036,10,0,0,0,0
85037,10,0,0,0,0
85038,10,0,0,0,0
85039,10,0,0,0,0
85040,10,0,0,0,0
85041,10,0,0,0,0
85042,10,0,0,0,0
85043,10,0,0,0,0
85044,10,0,0,0,0
85045,10,0,0,0,0
85049,10,0,0,0,0
85050,10,0,0,0,0
85051,10,0,0,0,0
85052,10,0,0,0,0
85053,10,0,0,0,0
85054,10,0,0,0,0
85055,10,0,0,0,0
85056,10,0,0,0,0
85057,10,0,0,0,0
85058,10,0,0,0,0
85059,10,0,0,0,0
85060,10,0,0,0,0
85061,10,0,0,0,0
85062,10,0,0,0,0
85063,10,0,0,0,0
85064,10,0,0,0,0
85065,10,0,0,0,0
85066,10,0.4,0,0.1325,20.201538
85067,10,0,0,0,0
85073,10,0,0,0,0
85074,10,0,0,0,0
85075,10,0,0,0,0
85076,10,0,0,0,0
85077,10,0,0,0,0
85653,10,21.68,0,0.6601,111.13709
85654,10,10.23,0,0.7045,117.40128
85655,10,0.86,0,0.0934,15.987561
85656,10,0,0,0.0004,0.064347625
85657,10,0,0,0,0
85659,10,0,0,0,0
85660,10,0,0,0,0
85662,10,0,0,0,0
85663,10,0,0,0,0
85664,10,0,0,0,0
85665,10,0.24,0,0.0779,15.168094
85666,7,10.38,0,0.9433,180.71046
85667,8,1.1,0,0.945,171.46024
85668,8,5.95,0,0.945,172.20004
85669,9,2.62,0,0.7648,136.05135
85670,8,1.32,0,0.9164,165.91995
85671,8,3.38,0,0.945,169.70522
85672,8,12.97,0,0.945,172.31007
85673,7,9.35,0,0.9108,181.75433
85674,9,1.18,0,0.6697,127.472336
85675,10,0.01,0,0.1709,31.384865
85677,8,0.18,0,0.8747,150.098
85678,8,0.14,0,0.938,165.15451
85679,10,0,0,0,0
85680,10,0.65,0,0.2145,36.56292
85681,10,3.11,0,0.5905,99.776146
85682,8,5.68,0,0.9377,162.11949
85683,10,7.1,0,0.5315,91.60361
85684,10,0,0,0,0
85685,10,0,0,0,0
85686,10,0,0,0,0
85687,10,0,0,0,0
85688,10,0,0,0,0
85690,8,0.34,0,0.8746,159.54843
85691,8,0.04,0,0.945,165.10437
85692,8,0.06,0,0.945,163.18382
85693,10,0,0,0,0
85694,7,5.05,0,0.9396,176.91153
85695,9,1.58,0,0.7857,135.62785
85696,10,0.8,0,0.6732,111.23484
85697,10,0,0,0,0
85698,10,0.08,0,0.6595,122.37187
85701,10,0.05,0,0.3134,54.79089
85703,10,0,0,0,0
85704,10,0.01,0,0.0066,1.0662303
85705,10,0,0,0,0
85706,10,0,0,0,0
85707,10,0,0,0,0
85708,10,0,0,0,0
85709,10,0,0,0,0
85710,10,0,0,0,0
85711,10,0,0,0,0
85712,10,0,0,0,0
85713,10,1.32,0,0.2313,39.472965
85714,10,3.22,0,0.1733,28.8563
85715,10,3.18,0,0.2425,38.82047
85716,10,0,0,0,0
85717,10,0,0,0,0
85718,10,1.92,0,0.1401,22.873753
85719,10,4.24,0,0.2315,38.60281
85720,10,0,0,0,0
85721,10,0,0,0,0
85722,10,0,0,0,0
85723,10,0,0,0,0
85724,10,0,0,0,0
85725,10,0,0,0,0
85726,10,0,0,0,0
85727,10,0,0,0,0
85728,10,0,0,0,0
85729,10,0,0,0,0
85730,10,0,0,0,0
85731,10,0,0,0,0
85733,10,0,0,0,0
85734,10,0,0,0,0
85735,10,0,0,0,0
85736,10,0,0,0,0
85737,10,0,0,0,0
85738,10,0.69,0,0.2395,40.133183
85739,10,0.47,0,0.0334,5.85143
85740,10,7.85,0,0.4703,82.08171
85741,10,2.02,0,0.1283,22.518684
85742,10,0,0,0,0
85743,10,0,0,0,0
85744,10,0.74,0,0.04,6.3929925
85745,10,4.45,0,0.383,60.89544
85746,10,0,0,0,0
85747,10,0,0,0,0
85748,9,1.1,0,0.8878,143.54053
85750,10,0.18,0,0.2401,35.107376
85751,10,0,0,0,0
85755,10,0,0,0,0
85756,10,0,0,0,0
85759,10,0,0,0,0
85760,10,0,0,0,0
85761,10,0,0,0,0
86337,10,20.62,0,0.6333,110.98083
86338,10,9.41,0,0.4917,83.37921
86339,10,2.62,0,0.6519,109.17503
86340,10,0.02,0,0.0174,2.8348897
86341,10,0,0,0,0
86343,10,0,0,0,0
86344,10,0,0,0,0
86345,10,0,0,0,0
86346,10,0,0,0,0
86347,10,0,0,0,0
86348,10,0,0,0,0
86349,10,0.04,0,0.0549,10.250695
86350,10,4.54,0,0.6296,117.72086
86351,8,1.15,0,0.945,161.76724
86352,7,12.94,0,0.945,175.23866
86353,9,6.47,0,0.7923,145.30156
86354,8,4.95,0,0.8774,161.20612
86355,7,4.12,0,0.9451,181.04413
86356,7,2.31,0,0.9451,185.55919
86357,7,10.04,0,0.9451,198.06857
86358,7,0.27,0,0.9201,178.66988
86359,10,0,0,0.0033,0.59785753
86360,8,0,0,0.945,168.20802
86361,9,0.14,0,0.7612,130.47139
86362,10,0,0,0,0
86363,10,0,0,0,0
86364,8,6.32,0,0.8818,160.10759
86365,8,2.88,0,0.915,165.0281
86366,8,2.42,0,0.945,169.22763
86367,10,3.21,0,0.6426,109.65258
86368,10,0,0,0,0
86369,10,0.05,0,0.0274,4.3582973
86370,10,0,0,0,0
86376,7,0.24,0,0.945,175.20204
86377,10,0.12,0,0.2573,50.731316
86378,9,4,0,0.7448,147.70543
86379,10,0.24,0,0.1807,31.773487
86380,10,0.04,0,0.049,8.401552
86381,10,0.02,0,0.0364,6.263369
86382,8,0.52,0,0.9299,170.7929
86383,9,0.49,0,0.7739,145.56863
86384,10,0,0,0,0
86387,10,0,0,0,0
86389,10,0,0,0,0
86390,10,0,0,0,0
86391,10,0,0,0,0
86392,10,0,0,0,0
86393,10,0,0,0,0
86394,10,0,0,0,0
86395,10,0,0,0,0
86396,10,0.82,0,0.3685,63.107903
86397,10,0.63,0,0.1748,30.274738
86398,10,0,0,0,0
86399,10,0,0,0,0
86400,10,0,0,0,0
86401,10,0,0,0,0
86402,10,0.61,0,0.0345,6.03264
86403,10,8.03,0,0.5308,90.906494
86404,10,10.27,0,0.7108,115.50195
86405,10,2.52,0,0.4423,71.93673
86406,10,0.07,0,0.0108,1.7841421
86407,10,0,0,0,0
86408,10,0,0,0,0
86409,10,0,0,0,0
86410,10,0,0,0,0
86411,10,0,0,0,0
86412,10,0,0,0,0
86413,10,0,0,0,0
86414,10,0,0,0,0
86415,10,0,0,0,0
86416,10,0,0,0,0
86417,10,0,0,0,0
86418,10,0,0,0,0
86419,10,0,0,0,0
86420,10,0,0,0,0
86421,10,0.39,0,0.2609,45.261616
86422,9,5.15,0,0.7498,133.21219
86423,10,0.51,0,0.0306,5.369254
86424,10,3.74,0,0.2004,34.906025
86425,10,5.79,0,0.3941,66.7936
86426,10,2.95,0,0.2644,44.76656
86427,10,3.95,0,0.1488,24.306229
86428,10,0.03,0,0.0012,0.18813293
86429,10,0,0,0,0
86430,10,0,0,0,0
86431,10,0,0,0,0
86432,10,0.03,0,0.0121,1.8573029
86436,10,0,0,0,0
86437,10,0,0,0,0
86439,10,0,0,0,0
86440,10,0,0,0,0
86441,10,0,0,0,0
86443,10,0,0,0,0
86444,10,0,0,0,0
87021,10,5.77,0,0.2332,39.952625
87022,10,11.7,0,0.6016,106.30151
87023,10,3.26,0,0.5585,96.08468
87024,10,0.02,0,0.0098,1.6235726
87025,10,0,0,0,0
87026,10,0,0,0,0
87028,10,0,0,0,0
87029,10,0,0,0,0
87030,10,0,0,0,0
87031,10,0,0,0,0
87032,10,0,0,0,0
87033,10,0,0,0,0
87034,10,3.78,0,0.5475,100.73704
87035,10,6.12,0,0.5775,106.97172
87036,8,6.79,0,0.8726,154.19777
87037,10,1.31,0,0.2462,45.49725
87038,10,1.73,0,0.4484,80.14389
87039,10,3.86,0,0.6246,120.2301
87040,9,1.72,0,0.71,132.1093
87041,10,2.95,0,0.6285,117.37918
87042,10,1.66,0,0.1378,23.911695
87043,10,0,0,0,0
87044,8,2.16,0,0.9157,163.15038
87045,8,3.2,0,0.9136,152.2378
87046,9,0.08,0,0.8954,140.49701
87047,8,2.04,0,0.945,156.24358
87048,10,0.13,0,0.0144,2.670848
87049,9,1.5,0,0.7565,136.23659
87050,8,5.77,0,0.8411,153.01521
87051,10,0,0,0,0
87052,10,1.71,0,0.2732,41.978775
87053,9,3.75,0,0.9072,145.15318
87054,10,0.12,0,0.3206,55.112545
87055,10,0.03,0,0.7483,116.1605
87058,10,0.03,0,0.4878,80.53536
87059,9,0,0,0.9449,149.60913
87060,7,2.84,0,0.945,175.14758
87061,9,1.42,0,0.7438,145.9436
87062,9,4.86,0,0.7383,142.72311
87063,8,3.38,0,0.945,167.05937
87064,10,0.52,0,0.2434,44.388042
87065,10,0.85,0,0.626,114.55054
87066,10,0,0,0,0
87067,8,1.36,0,0.8657,160.16644
87068,10,0.33,0,0.2862,51.487465
87069,10,0,0,0,0
87070,10,0,0,0,0
87071,10,0,0,0,0
87075,10,0,0,0,0
87077,10,0,0,0,0
87078,10,0,0,0,0
87079,10,0,0,0,0
87080,10,0.16,0,0.0939,15.88849
87081,10,0,0,0,0
87082,10,0,0,0,0
87083,10,0,0,0,0
87084,10,0,0,0,0
87085,10,0,0,0,0
87086,10,0,0,0,0
87087,10,0.36,0,0.043,7.361632
87088,10,6.87,0,0.5094,83.080505
87089,10,0.7,0,0.0515,8.082277
87090,10,0,0,0,0
87091,10,0,0,0,0
87092,10,0,0,0,0
87093,10,0,0,0,0
87094,10,0,0,0,0
87095,10,0,0,0,0
87096,10,0.04,0,0.0148,2.65974
87097,10,0.24,0,0.1046,18.798754
87098,10,0,0,0,0
87099,10,0,0,0,0
87100,10,0,0,0,0
87101,10,0,0,0,0
87102,10,0,0,0,0
87103,10,0,0,0,0
87104,10,0,0,0,0
87105,10,0,0,0,0
87106,10,1.93,0,0.4207,73.94523
87107,10,0,0,0,0
87108,10,0,0,0,0
87109,10,6.27,0,0.3891,66.7304
87110,10,1.65,0,0.1135,19.427837
87111,10,10.93,0,0.723,119.52308
87112,10,2.74,0,0.2205,37.73767
87113,10,0,0,0,0
87114,10,0,0,0,0
87115,10,0,0,0,0
87116,10,0,0,0,0
87704,10,6.5,0,0.173,28.435556
87705,10,2.84,0,0.1528,30.03935
87706,9,19.26,0,0.7422,135.28914
87707,10,0.15,0,0.1971,31.97357
87708,10,0.05,0,0.0126,2.2117214
87709,10,0,0,0,0
87710,10,0,0,0,0
87711,10,0,0,0,0
87713,10,0,0,0,0
87714,10,0,0,0,0
87715,10,0,0,0,0
87716,10,0,0,0,0
87717,10,0,0,0,0
87718,10,0,0,0,0
87719,10,3.37,0,0.3019,54.039345
87720,10,2.22,0,0.2009,35.13682
87721,10,2.81,0,0.3316,64.15498
87722,10,5.76,0,0.6183,109.34608
87723,10,0.45,0,0.116,21.541075
87724,10,6.02,0,0.432,76.31615
87725,8,6.43,0,0.8256,151.43378
87726,10,7.38,0,0.6661,121.33127
87727,10,0.14,0,0.0567,10.517057
87728,8,6.34,0,0.8703,159.4038
87729,8,15.65,0,0.945,163.62038
87730,8,20.41,0,0.945,160.48013
87731,8,17.15,0,0.945,162.87477
87732,10,2.19,0,0.1555,27.428326
87733,10,1,0,0.2943,50.67005
87734,8,14.51,0,0.9448,164.52739
87735,10,4.17,0,0.4635,71.20941
87736,9,14.55,0,0.854,137.09198
87737,10,0.08,0,0.3019,48.16001
87738,10,0.45,0,0.2805,48.62692
87739,10,0,0,0,0
87741,10,0,0,0,0
87742,10,0.01,0,0.0887,14.6435585
87744,8,5.04,0,0.8029,159.86859
87745,8,5.47,0,0.9292,170.39908
87746,10,1.09,0,0.2897,53.4235
87747,8,3.46,0,0.8455,154.86516
87748,10,0.79,0,0.594,112.22962
87749,10,0.63,0,0.6041,109.15201
87750,10,0.05,0,0.1629,27.465494
87751,8,5.44,0,0.8906,154.6041
87752,10,5.64,0,0.6282,110.179085
87753,10,0,0,0,0
87754,10,0,0,0,0
87755,10,0,0,0,0
87758,10,0,0,0,0
87759,10,0,0,0,0
87760,10,0,0,0,0
87762,10,0.02,0,0.006,0.98586416
87763,10,0.44,0,0.0473,7.682863
87764,10,1.04,0,0.0879,14.501116
87765,10,0,0,0,0
87766,10,0,0,0,0
87767,10,0,0,0,0
87768,10,0,0,0,0
87769,10,0,0,0,0
87770,10,0,0,0,0
87771,10,0,0,0,0
87772,10,0,0,0,0
87773,10,0,0,0,0
87774,10,0,0,0,0
87775,10,0,0,0,0
87776,10,0,0,0,0
87777,10,0,0,0,0
87778,10,0,0,0,0
87779,10,0,0,0,0
87780,10,0.27,0,0.0678,12.284845
87781,10,1.93,0,0.5176,94.22515
87782,10,0.31,0,0.026,4.415841
87783,10,1.1,0,0.1282,21.784544
87784,10,0,0,0,0
87785,10,0.45,0,0.0378,6.362324
87786,10,0.48,0,0.0525,8.577261
87787,10,1.96,0,0.1976,32.007256
87788,10,0,0,0,0
87789,10,0,0,0,0
87790,10,0,0,0,0
87791,10,0,0,0,0
87792,10,0,0,0,0
87793,10,1.04,0,0.1922,31.101004
87794,10,0,0,0,0
87795,10,0,0,0,0
87796,10,0.78,0,0.1273,20.701044
87797,10,0,0,0,0
87798,10,0,0,0,0
87799,10,0,0,0,0
87800,10,2.18,0,0.171,26.457363
87801,10,0.08,0,0.2304,35.643326
87802,10,0,0,0,0
87807,10,0,0,0,0
87808,10,0,0,0,0
88386,10,5,0,0.6055,97.3987
88387,10,8.51,0,0.3569,60.713646
88388,10,0.23,0,0.0089,1.5551727
88389,10,2.03,0,0.1151,19.676746
88390,10,4.89,0,0.5734,96.78842
88391,10,0.74,0,0.2438,40.907093
88392,10,0.06,0,0.0168,3.092299
88393,10,0,0,0,0
88394,10,0,0,0,0
88395,10,0,0,0,0
88397,10,0,0,0,0
88398,10,0,0,0,0
88399,10,0,0,0,0
88400,10,0,0,0,0
88401,10,0,0,0,0
88402,10,0,0,0,0
88403,10,0,0,0,0
88404,10,0.73,0,0.2341,41.791553
88405,10,0.34,0,0.0428,7.4684577
88406,10,6.23,0,0.3225,58.67799
88407,8,6,0,0.8454,160.10478
88408,7,9.71,0,0.945,181.35413
88409,9,14.5,0,0.7159,137.88815
88410,10,5.6,0,0.4375,83.109604
88411,10,0,0,0,0
88412,10,0.13,0,0.0174,3.0215511
88413,8,9.94,0,0.9371,157.56885
88414,8,10.82,0,0.945,163.50015
88415,9,4.33,0,0.8165,140.92834
88416,10,2.77,0,0.6463,113.528114
88417,9,4.18,0,0.7564,144.51564
88418,8,6.55,0,0.943,165.80168
88419,10,6.89,0,0.4396,79.69901
88420,7,19.81,0,0.945,178.53488
88421,10,0.65,0,0.5714,93.51877
88422,10,0,0,0,0
88423,10,0.08,0,0.0615,11.490937
88424,9,0.16,0,0.8218,144.20197
88426,7,0.2,0,0.9451,196.21057
88427,6,6.76,0,0.9451,200.92426
88428,8,0.67,0,0.83,163.35669
88429,8,4.31,0,0.8261,158.42233
88430,10,0.22,0,0.2227,42.215588
88431,9,3.43,0,0.7827,140.24048
88432,8,3.73,0,0.9314,165.08098
88433,8,0.16,0,0.8765,152.04909
88434,8,0.26,0,0.9427,163.11682
88435,10,2,0,0.3402,57.78079
88436,10,2.07,0,0.251,43.352455
88437,10,0,0,0,0
88438,10,0,0,0,0
88439,10,0,0,0,0
88440,10,0,0,0,0
88441,10,0,0,0,0
88443,10,0,0,0,0
88444,10,0,0,0,0
88445,10,0,0,0,0
88446,10,0.19,0,0.0163,2.6641762
88447,10,0.29,0,0.0257,4.2061763
88448,10,0,0,0,0
88449,10,0,0,0,0
88450,10,0,0,0,0
88451,10,0,0,0,0
88452,10,0,0,0,0
88453,10,0,0,0,0
88454,10,0,0,0,0
88455,10,0,0,0,0
88456,10,0,0,0,0
88457,10,0,0,0,0
88458,10,0,0,0,0
88459,10,0,0,0,0
88460,10,0,0,0,0
88461,10,0,0,0,0
88462,10,0,0,0,0
88463,10,0,0,0,0
88464,10,0.06,0,0.0224,4.0408626
88465,10,0.56,0,0.1289,23.214432
88466,10,4.49,0,0.3481,58.845325
88467,10,5.5,0,0.3232,54.724762
88468,10,0.58,0,0.0618,10.29849
88469,10,5.05,0,0.4358,71.71662
88470,10,1.26,0,0.0741,11.780408
88471,10,0.01,0,0.0012,0.19822405
88472,10,0,0,0,0
88473,10,0,0,0,0
88474,10,0,0,0,0
88475,10,0,0,0,0
88476,10,0,0,0,0
88477,10,2.48,0,0.3461,56.296104
88478,10,0,0,0,0
88479,10,0,0,0,0
88480,10,0,0,0,0
88481,10,0,0,0,0
88482,10,0,0,0,0
88483,10,0,0,0,0
88484,10,1.07,0,0.1433,19.994637
88485,10,0,0,0,0
88486,10,0,0,0,0
88491,10,0,0,0,0
88492,10,0,0,0,0
89070,10,0,0,0,0
89071,10,6.16,0,0.3387,58.37069
89072,10,9.56,0,0.3682,63.830074
89073,10,4.92,0,0.1834,32.097263
89074,10,10.18,0,0.4298,73.049255
89075,9,5.62,0,0.7447,125.78258
89076,10,0.5,0,0.0916,16.443222
89077,10,0,0,0,0
89078,10,0,0,0,0
89079,10,0,0,0,0
89080,10,0,0,0,0
89081,10,0,0,0,0
89082,10,0,0,0,0
89083,10,0,0,0,0
89084,10,0,0,0,0
89085,10,0,0,0,0
89086,10,0,0,0,0
89087,10,2.45,0,0.492,82.95901
89088,8,31.9,0,0.8627,155.58978
89089,10,2.47,0,0.4826,84.95239
89090,10,7.98,0,0.6013,112.09559
89091,8,8.79,0,0.822,160.09152
89092,7,11.71,0,0.9439,193.94568
89093,9,10.11,0,0.7374,135.69476
89094,9,7.99,0,0.7282,134.65616
89095,10,4.94,0,0.4021,68.764366
89096,10,0,0,0,0
89097,10,1.75,0,0.2371,38.881172
89098,8,6.43,0,0.945,163.33885
89099,10,3.41,0,0.6957,123.09921
89100,10,0.17,0,0.4724,77.83016
89101,10,4.63,0,0.5766,118.42153
89102,7,4.14,0,0.8933,181.01631
89103,10,0.02,0,0.321,68.30414
89104,8,3.18,0,0.8543,161.31296
89105,10,0.05,0,0.2237,40.154457
89106,7,0.21,0,0.9451,186.13293
89107,10,0.27,0,0.4491,86.80267
89108,10,0.08,0,0.5463,95.86712
89109,10,4.01,0,0.6502,119.298615
89110,10,0.1,0,0.186,33.22227
89111,10,1.35,0,0.6507,122.900604
89112,10,0.53,0,0.4627,79.50207
89113,8,3.95,0,0.9449,151.74623
89114,10,0.68,0,0.4628,72.85574
89115,8,5.05,0,0.8965,151.96669
89116,8,9.92,0,0.9301,158.80107
89117,8,0.19,0,0.945,167.25548
89118,8,1.85,0,0.9424,169.76079
89119,10,1.98,0,0.6361,107.02408
89120,10,0.23,0,0.2434,42.5685
89122,10,0,0,0,0
89123,10,0,0,0,0
89125,10,0,0,0,0
89126,10,0,0,0,0
89127,10,0,0,0,0
89128,10,0,0,0,0
89129,10,0,0,0,0
89130,10,0,0,0,0
89131,10,0,0,0,0
89132,10,0,0,0,0
89133,10,0,0,0,0
89134,10,0,0,0,0
89135,10,0,0,0,0
89136,10,0,0,0,0
89137,10,0,0,0,0
89138,10,0,0,0,0
89139,10,0,0,0,0
89140,10,0,0,0,0
89141,10,0,0,0,0
89142,10,0,0,0,0
89143,10,0,0,0,0
89144,10,0,0,0,0
89145,10,0,0,0,0
89146,10,0,0,0,0
89147,10,0.19,0,0.0364,6.1494894
89148,10,0.02,0,0.0035,0.6279894
89149,10,3.89,0,0.5733,97.25738
89150,10,8.67,0,0.6899,117.132774
89151,10,5.82,0,0.7119,120.89059
89152,10,1.31,0,0.1267,20.49991
89153,10,0.01,0,0.0012,0.19543275
89154,10,13.37,0,0.6836,112.289734
89155,10,1.96,0,0.2363,39.849514
89156,10,0,0,0,0
89157,10,0,0,0,0
89158,10,0,0,0,0
89159,10,0,0,0,0
89160,10,0,0,0,0
89161,10,0,0,0,0
89162,10,0,0,0,0
89163,10,0.51,0,0.0669,9.69022
89164,10,0.19,0,0.0178,2.5750542
89165,10,0,0,0,0
89166,10,0,0,0,0
89167,10,0,0,0,0
89168,10,1.05,0,0.1653,22.471592
89175,10,0,0,0,0
89176,10,0,0,0,0
89754,10,2.46,0,0.3069,54.558647
89755,10,0,0,0,0
89756,10,12.66,0,0.5261,94.63842
89757,10,13.36,0,0.5679,97.803604
89758,10,13.85,0,0.6029,102.31025
89759,10,3.07,0,0.4494,76.0947
89760,10,0.68,0,0.1594,28.60389
89761,10,0,0,0,0
89762,10,0,0,0,0
89763,10,0,0,0,0
89764,10,0,0,0,0
89765,10,0,0,0,0
89766,10,0,0,0,0
89767,10,0,0,0,0
89768,10,0,0,0,0
89769,10,0,0,0,0
89770,10,0,0,0,0
89771,10,5.75,0,0.6019,104.87474
89772,10,6.43,0,0.3181,54.399197
89773,10,6.82,0,0.5551,104.31527
89774,10,1.98,0,0.1311,26.055788
89775,10,3.6,0,0.3812,73.19983
89776,7,9.65,0,0.9451,186.13794
89777,8,22.34,0,0.927,171.2678
89778,9,11.41,0,0.7617,140.98692
89779,10,4.72,0,0.3853,66.773964
89780,10,0,0,0,0
89781,10,0.52,0,0.1339,26.261332
89782,9,7.84,0,0.8387,142.09256
89783,8,6.08,0,0.9369,155.2835
89784,8,2.8,0,0.945,157.55922
89785,6,8.63,0,0.9451,203.37163
89786,7,0.82,0,0.8386,176.72415
89787,10,0.3,0,0.5023,86.81848
89788,10,0.13,0,0.363,66.818115
89789,10,0.1,0,0.1186,20.447433
89793,8,3.38,0,0.8596,167.46898
89794,10,0.25,0,0.5978,103.75298
89795,9,2.8,0,0.7822,136.16063
89796,8,0.96,0,0.945,156.13153
89797,8,1.99,0,0.945,156.6489
89798,8,5.86,0,0.9297,154.83218
89799,8,14.85,0,0.945,157.77956
89800,8,12.64,0,0.945,166.08022
89801,8,2.34,0,0.9426,172.87679
89802,8,11.04,0,0.9331,159.63779
89803,10,0.46,0,0.1243,20.970907
89804,10,0,0,0,0
89805,10,0,0,0,0
89806,10,0,0,0,0
89807,10,0,0,0,0
89808,10,0,0,0,0
89809,10,0,0,0,0
89810,10,0,0,0,0
89811,10,0,0,0,0
89812,10,0,0,0,0
89813,10,0,0,0,0
89814,10,2.63,0,0.2102,32.721123
89815,10,0,0,0,0
89816,10,0,0,0,0
89817,10,0,0,0,0
89818,10,0,0,0,0
89819,10,0,0,0,0
89820,10,0,0,0,0
89821,10,0,0,0,0
89822,10,0,0,0,0
89823,10,0,0,0,0
89824,10,0,0,0,0
89825,10,0,0,0,0
89826,10,0,0,0,0
89827,10,0,0,0,0
89828,10,0,0,0,0
89829,10,0,0,0,0
89830,10,0,0,0,0
89831,10,1.42,0,0.2494,43.243027
89832,10,0.18,0,0.021,3.7716565
89833,10,0.01,0,0.0014,0.26242688
89834,10,0.31,0,0.072,13.639097
89835,10,0.05,0,0.0032,0.5386149
89836,10,0,0,0,0
89837,10,0,0,0,0
89838,10,3.29,0,0.3399,55.557827
89839,10,0,0,0,0
89840,10,0,0,0,0
89841,10,0,0,0,0
89842,10,0,0,0,0
89843,10,0,0,0,0
89844,10,0,0,0,0
89845,10,0,0,0,0
89846,10,0.02,0,0.0021,0.32677227
89847,10,1.25,0,0.1539,22.30171
89848,10,0.19,0,0.0164,2.3816407
89849,10,0,0,0,0
89850,10,0,0,0,0
89851,10,0,0,0,0
89852,10,0,0,0,0
89860,10,0,0,0,0
90437,10,1.9,0,0.428,77.113174
90438,10,6.18,0,0.6511,117.14262
90439,10,5.57,0,0.4765,80.98792
90440,8,15.99,0,0.8796,150.7904
90441,10,8.91,0,0.5613,92.968925
90442,10,3.78,0,0.2821,45.772446
90443,10,4.01,0,0.3443,58.170685
90444,10,0.98,0,0.1994,33.99007
90445,10,0,0,0,0
90446,10,0,0,0,0
90447,10,0,0,0,0
90448,10,0,0,0,0
90449,10,0,0,0,0
90450,10,0,0,0,0
90451,10,0,0,0,0
90452,10,0,0,0,0
90453,10,0,0,0,0
90454,10,0,0,0,0
90455,10,0.63,0,0.0253,4.627021
90456,10,0.81,0,0.0434,7.4460306
90457,10,8.12,0,0.4676,85.85144
90458,10,10.34,0,0.603,120.086945
90459,10,3.59,0,0.3539,67.48454
90460,7,3.41,0,0.8708,175.07607
90461,8,3.55,0,0.9092,171.14793
90462,10,0.01,0,0.0158,2.5948827
90463,10,0.39,0,0.0991,16.2665
90464,10,0,0,0,0
90465,10,2.87,0,0.6676,122.65913
90466,9,2.93,0,0.7768,140.57143
90467,10,2.9,0,0.774,124.58032
90468,10,0.07,0,0.0431,6.9754324
90469,9,3.37,0,0.7399,133.35046
90470,7,18.69,0,0.9451,193.98781
90471,7,0.7,0,0.9451,180.19366
90472,10,0.27,0,0.5601,105.13413
90473,10,0.17,0,0.2095,36.899296
90474,9,0.16,0,0.7098,126.187294
90477,10,0.05,0,0.1889,32.01043
90478,7,15.85,0,0.8801,177.19705
90479,8,0.9,0,0.945,168.80763
90480,8,3.27,0,0.945,153.76283
90481,8,1.09,0,0.945,158.98753
90482,8,13.73,0,0.945,159.43224
90483,8,14.68,0,0.945,165.03857
90484,8,8.24,0,0.945,169.33733
90485,8,6.41,0,0.945,171.67198
90486,10,3.33,0,0.6183,104.415375
90487,10,0,0,0,0
90488,10,0,0,0,0
90489,10,0,0,0,0
90490,10,0,0,0,0
90492,10,0,0,0,0
90493,10,0,0,0,0
90494,10,0,0,0,0
90495,10,0,0,0,0
90496,10,0,0,0,0
90497,10,0,0,0,0
90498,10,0,0,0,0
90499,10,0,0,0,0
90500,10,0,0,0,0
90501,10,0.21,0,0.6766,108.971085
90502,10,0.02,0,0.0845,14.094233
90503,10,0,0,0,0
90504,10,0,0,0,0
90505,10,0.77,0,0.1669,26.941782
90506,10,0,0,0,0
90507,10,0.84,0,0.0861,15.094813
90508,10,1.31,0,0.3421,61.594147
90509,10,0.51,0,0.1464,26.043795
90510,10,3.39,0,0.2185,35.82203
90511,10,0,0,0,0
90512,10,0.03,0,0.0648,10.4812355
90513,10,0,0,0,0
90514,9,0.5,0,0.7523,128.57639
90515,10,5.5,0,0.5193,86.63817
90516,10,0,0,0,0
90517,9,7.24,0,0.755,139.59369
90518,10,2.49,0,0.5248,97.14562
90519,10,0,0,0,0
90520,10,0,0,0,0
90521,10,0,0,0,0
90522,10,0,0,0,0
90523,10,0,0,0,0
90524,10,0,0,0,0
90525,10,13.24,0,0.5729,95.27484
90526,10,2.89,0,0.2533,43.936054
90527,10,0,0,0,0
90528,10,0,0,0,0
90529,10,0,0,0,0
90530,10,4.79,0,0.4364,68.212906
90531,10,1.14,0,0.3219,50.15766
90532,10,0.41,0,0.0821,11.42965
90533,10,0.46,0,0.1647,21.884241
90534,10,0,0,0,0
90535,10,0,0,0,0
90536,10,0,0,0,0
91122,9,2.34,0,0.713,127.94458
91123,10,5.29,0,0.4772,81.79686
91124,10,14.13,0,0.7419,122.26096
91125,10,9.65,0,0.6163,104.50271
91126,8,17.57,0,0.9387,160.97014
91127,10,0.65,0,0.2112,36.050426
91128,9,1.65,0,0.7581,128.90642
91129,10,0,0,0,0
91130,10,0,0,0,0
91131,10,0,0,0,0
91132,10,0,0,0,0
91133,10,0,0,0,0
91134,10,0,0,0,0
91135,10,0,0,0,0
91136,10,0,0,0,0
91137,10,0,0,0,0
91138,10,0,0,0,0
91139,10,2.12,0,0.0854,14.472391
91140,10,0.73,0,0.0525,8.903868
91141,10,4.07,0,0.4251,71.99655
91142,10,4.8,0,0.4996,96.60633
91143,7,1.63,0,0.8703,177.58788
91144,10,0.85,0,0.7292,122.33965
91145,9,3.57,0,0.6718,125.9449
91146,9,2.85,0,0.6645,125.510574
91147,10,0.3,0,0.0289,4.9463596
91148,10,1.14,0,0.2051,35.00301
91149,10,2.48,0,0.7483,122.10929
91150,10,2.67,0,0.55,94.466576
91151,10,0.01,0,0.0037,0.5970678
91152,10,0,0,0,0
91153,10,0.48,0,0.1495,26.184792
91154,8,2.53,0,0.945,169.3939
91155,10,1.15,0,0.5655,98.23057
91156,9,0.77,0,0.7519,140.37358
91157,10,0.31,0,0.3986,69.50238
91158,10,0,0,0.0053,0.9429307
91161,8,1.12,0,0.945,174.23027
91162,7,0.45,0,0.945,176.11392
91163,8,0.09,0,0.945,170.22781
91164,7,0.68,0,0.9141,194.9425
91165,10,0.09,0,0.0667,12.721238
91166,8,3.08,0,0.9071,151.15715
91167,8,20.5,0,0.945,157.13033
91168,8,14.89,0,0.945,163.49474
91169,8,18.17,0,0.945,158.35117
91170,8,3.11,0,0.9067,154.30768
91171,10,0.64,0,0.691,111.73305
91172,10,4.21,0,0.3672,59.39845
91173,10,0,0,0,0
91174,10,0,0,0,0
91175,10,0,0,0,0
91176,10,0,0,0,0
91177,10,0,0,0,0
91178,10,0,0,0,0
91179,10,0,0,0,0
91180,10,0,0,0,0
91181,10,0.75,0,0.0635,10.0532465
91182,10,2.14,0,0.3175,50.253773
91183,10,0.53,0,0.3214,49.893814
91184,10,0.11,0,0.1485,22.589672
91185,10,0.08,0,0.102,16.497868
91186,10,0.01,0,0.0556,9.352231
91187,10,0,0,0,0
91188,10,0,0,0,0
91189,10,0.64,0,0.5198,84.16419
91190,8,0.21,0,0.9083,174.80855
91191,10,2.89,0,0.6122,108.878586
91192,10,0.21,0,0.1901,36.106552
91193,9,5.26,0,0.8349,146.32442
91194,10,1.1,0,0.591,98.505936
91195,10,8.69,0,0.543,90.75821
91196,10,0.5,0,0.7326,114.04983
91197,9,1.16,0,0.8956,149.78728
91198,10,0.3,0,0.1,17.769691
91199,10,1.28,0,0.0495,9.204311
91200,7,11.43,0,0.9376,180.14462
91201,8,6.18,0,0.857,171.45966
91202,9,4.77,0,0.7703,142.82782
91203,10,1.78,0,0.1111,19.193531
91204,10,0,0,0,0
91205,10,0,0,0,0
91206,10,0,0,0,0
91207,10,0,0,0,0
91208,10,0,0,0,0
91209,10,10.78,0,0.7012,112.951904
91210,10,2.84,0,0.2931,46.245773
91211,10,0.63,0,0.0601,9.444222
91212,10,0,0,0,0
91213,10,0,0,0,0
91214,10,0,0,0,0
91215,10,0,0,0,0
91216,10,1,0,0.1175,16.348085
91217,10,1.16,0,0.4494,59.43762
91807,10,10.68,0,0.5736,98.6863
91808,8,20.5,0,0.9295,162.60724
91809,10,2.73,0,0.1673,29.220722
91810,8,19.08,0,0.9386,169.64171
91811,10,2.93,0,0.6125,101.699745
91812,10,2.03,0,0.4078,67.764435
91813,10,0,0,0,0
91814,10,0,0,0,0
91815,10,0,0,0,0
91816,10,0,0,0,0
91817,10,0,0,0,0
91818,10,0,0,0,0
91819,10,1.68,0,0.0726,11.228306
91820,10,1.66,0,0.181,27.94342
91821,10,0.67,0,0.0497,7.670219
91822,10,0,0,0,0
91823,10,4.2,0,0.2497,42.955467
91824,10,3.51,0,0.217,37.321594
91825,10,0.4,0,0.0704,12.393496
91826,10,6.12,0,0.6467,118.84039
91827,10,0.86,0,0.2734,54.28588
91828,10,2.07,0,0.4705,81.38428
91829,10,0.58,0,0.1002,16.143446
91830,10,2.48,0,0.2518,41.7324
91831,10,2.49,0,0.2246,38.32702
91832,10,2.18,0,0.4534,78.15582
91833,8,2.02,0,0.945,159.1112
91834,8,5.4,0,0.9438,157.12318
91835,10,1.06,0,0.3463,58.011646
91836,10,0.43,0,0.117,20.066212
91837,10,0.42,0,0.152,27.256416
91838,8,4.66,0,0.8474,152.36142
91839,10,0.88,0,0.4133,68.76783
91840,10,0.63,0,0.4012,65.67881
91841,10,0.1,0,0.2954,49.89004
91842,10,0,0,0,0
91845,8,0.09,0,0.945,156.63924
91847,7,0.22,0,0.9451,181.81744
91848,10,0.09,0,0.4515,92.13791
91849,10,0.2,0,0.1816,30.532116
91850,8,21.32,0,0.945,162.37357
91851,8,51.29,0,0.918,152.19756
91852,9,6.77,0,0.7767,127.31504
91853,9,8.96,0,0.8811,140.75035
91854,8,0.8,0,0.9208,157.03847
91855,8,2.22,0,0.9278,150.92255
91856,9,7.28,0,0.8904,141.10835
91857,10,0.66,0,0.4673,69.46254
91858,10,1,0,0.3568,59.503677
91859,10,0.01,0,0.0053,0.84150404
91860,10,0,0,0,0
91861,10,0,0,0,0
91862,10,0,0,0,0
91863,10,0,0,0,0
91864,10,0,0,0,0
91865,10,0,0,0,0
91866,10,0,0,0,0
91867,10,0.14,0,0.1232,19.88016
91868,10,3.75,0,0.6772,115.07097
91869,10,5.8,0,0.3245,53.337322
91870,10,0.45,0,0.1812,28.542746
91871,10,0,0,0,0
91872,8,0.01,0,0.9449,150.82658
91873,7,0.24,0,0.9451,176.68619
91874,8,1.03,0,0.945,170.89838
91875,10,0.17,0,0.0306,5.218661
91876,8,1.97,0,0.8687,150.22804
91877,8,7.81,0,0.9241,160.42406
91878,10,0.22,0,0.0163,2.6105785
91879,10,2.16,0,0.1657,26.9984
91880,10,0.26,0,0.0962,14.810522
91881,9,4.11,0,0.8523,141.75671
91882,10,1.64,0,0.2127,38.312138
91883,10,4.88,0,0.1995,35.605827
91884,7,18.88,0,0.9451,180.37425
91885,8,10.19,0,0.7348,150.62473
91886,8,22.16,0,0.8963,171.15521
91887,10,5.76,0,0.2989,50.445602
91888,10,0,0,0,0
91889,10,0,0,0,0
91890,10,0,0,0,0
91891,10,0,0,0,0
91892,10,0,0,0,0
91893,10,1.93,0,0.2648,39.321922
91894,10,6.61,0,0.7754,120.49982
91895,10,1.86,0,0.1389,21.719234
91896,10,6.15,0,0.5504,90.88766
91897,10,0.8,0,0.0612,9.802924
91898,10,0,0,0,0
91899,10,0,0,0,0
91900,10,0,0,0,0
91901,10,0.91,0,0.2098,27.87488
92491,10,0.51,0,0.0229,4.560731
92492,10,10.65,0,0.687,121.427956
92493,10,8.55,0,0.3941,67.98509
92494,8,13.32,0,0.8894,158.0161
92495,10,9.43,0,0.5204,85.876114
92496,10,0.54,0,0.6435,104.72702
92497,10,0.04,0,0.1098,17.396063
92498,10,0,0,0,0
92499,10,0.2,0,0.0512,8.415461
92500,10,9.33,0,0.2819,45.8263
92501,10,0,0,0,0
92502,10,0,0,0,0
92503,10,13.29,0,0.7052,111.31809
92504,10,6.28,0,0.4413,68.00098
92505,10,5.34,0,0.3105,49.165012
92506,10,0,0,0,0
92507,10,0,0,0,0
92508,10,6.99,0,0.4203,70.87747
92509,10,4.06,0,0.6887,118.66347
92510,8,3.06,0,0.83,150.59302
92511,10,0.63,0,0.5791,105.54181
92512,10,4.65,0,0.6928,122.62044
92513,10,0.3,0,0.2918,53.079994
92514,10,0.08,0,0.1292,23.201069
92515,10,0.52,0,0.5456,104.941444
92516,10,1.44,0,0.429,72.78394
92517,10,1.35,0,0.4583,79.98132
92518,10,1.6,0,0.3153,50.605328
92519,10,0.8,0,0.3625,65.25132
92520,10,1.8,0,0.6276,103.695755
92521,10,0,0,0,0
92522,10,0,0,0,0
92523,10,0.51,0,0.3267,52.421463
92524,10,0.09,0,0.3467,60.482872
92525,10,0.52,0,0.4037,72.44453
92526,8,3.46,0,0.945,165.83069
92529,8,0.15,0,0.9449,150.51135
92531,10,0.02,0,0.1697,30.583193
92532,10,0,0,0,0
92533,10,4.07,0,0.4693,77.50926
92534,9,21.72,0,0.849,129.92043
92535,9,32.36,0,0.7966,128.68327
92536,10,4.66,0,0.3822,60.40546
92537,10,7.1,0,0.6782,110.84458
92538,10,6.73,0,0.6019,98.04626
92539,9,11.4,0,0.9076,145.91423
92540,10,2.65,0,0.3928,62.003635
92541,10,6.32,0,0.6707,106.717865
92542,10,2.22,0,0.7505,120.35641
92543,10,0,0,0,0
92544,10,0,0,0,0
92545,10,0,0,0,0
92546,10,0,0,0,0
92547,10,0,0,0,0
92548,10,0,0,0,0
92549,10,0.85,0,0.0726,11.427321
92550,10,0.2,0,0.0139,2.1535022
92551,10,2.73,0,0.7194,114.51256
92552,8,9.76,0,0.8812,151.20079
92553,10,0.11,0,0.0179,2.9460094
92554,10,2.18,0,0.511,84.022285
92555,10,0.1,0,0.746,119.58305
92556,8,1.99,0,0.8962,160.88585
92557,8,2.29,0,0.945,173.68259
92558,10,0.09,0,0.2377,43.2506
92559,10,0.58,0,0.2674,43.791916
92560,9,4.66,0,0.7481,129.92389
92561,10,0.24,0,0.157,26.882553
92562,10,0,0,0,0
92563,10,0,0,0,0
92564,10,0.41,0,0.3305,48.68866
92565,10,3.73,0,0.5353,88.993866
92566,10,5.61,0,0.2876,47.777763
92567,10,6.44,0,0.398,63.587105
92568,8,5.02,0,0.9345,173.99072
92569,10,2.2,0,0.324,61.904068
92570,10,1.93,0,0.2159,40.955666
92571,10,0,0,0,0
92572,10,0,0,0,0
92573,10,0,0,0,0
92574,10,0.05,0,0.0098,1.4869951
92575,10,0.01,0,0.0022,0.33506796
92576,10,0,0,0,0
92577,10,1.27,0,0.1974,29.780737
92578,9,9.08,0,0.8734,135.47188
92579,10,0,0,0,0
92580,10,9.95,0,0.5335,85.953285
92581,10,6.3,0,0.3573,57.92786
92582,10,0,0,0,0
92583,10,0,0,0,0
92584,10,0,0,0,0
92585,10,0,0,0,0
92611,10,0,0,0,0
92615,10,0,0,0,0
92616,10,0,0,0,0
92617,10,0,0,0,0
93175,10,0.32,0,0.1105,18.895874
93176,10,3.75,0,0.6539,110.44485
93177,10,8.94,0,0.599,101.179306
93178,8,8.75,0,0.9205,162.51666
93179,10,6.23,0,0.2941,51.74396
93180,10,4.68,0,0.6728,116.321266
93183,10,0.23,0,0.3389,55.04197
93184,10,27.81,0,0.6878,110.63939
93185,10,10.16,0,0.31,48.46796
93186,10,9.78,0,0.2421,37.013885
93187,10,14.25,0,0.5696,87.412186
93188,10,1.87,0,0.1161,17.447245
93189,10,0,0,0,0
93190,10,0,0,0,0
93191,10,0,0,0,0
93192,10,1.38,0,0.0926,15.708158
93193,9,1.02,0,0.9316,146.02704
93194,8,0.35,0,0.945,159.95204
93195,10,0,0,0,0
93196,10,0,0,0,0
93197,10,5.23,0,0.6522,119.67814
93198,10,5.24,0,0.4865,92.22312
93199,10,1.74,0,0.4407,89.80877
93200,10,1.27,0,0.2445,45.279846
93201,10,1.24,0,0.3771,67.42995
93202,10,0.68,0,0.381,62.098152
93203,10,0.21,0,0.0701,11.065216
93204,10,0.42,0,0.4047,63.393253
93205,10,0,0,0,0
93206,10,0,0,0,0
93207,10,0,0,0.0065,1.0492903
93208,7,3.57,0,0.9417,184.63568
93209,8,0.45,0,0.8681,161.92784
93210,8,11.59,0,0.945,169.86757
93215,10,0,0,0,0
93216,10,0,0,0,0
93217,10,2.35,0,0.103,14.815355
93218,10,32.02,0,0.586,93.76079
93219,9,40.15,0,0.8108,132.54182
93220,10,0.58,0,0.0245,3.9090538
93221,10,1.3,0,0.0976,15.57947
93222,10,15.84,0,0.6512,103.52837
93223,9,38.36,0,0.9052,142.5629
93224,10,0,0,0,0
93225,10,1.52,0,0.1615,25.811554
93226,10,5.04,0,0.5872,91.486496
93227,10,0.03,0,0.0104,1.6213608
93228,10,0,0,0,0
93229,10,0,0,0,0
93230,10,0,0,0,0
93231,10,0,0,0,0
93232,10,0,0,0,0
93233,10,5.73,0,0.5331,82.78998
93234,10,4.47,0,0.5091,77.42445
93235,10,5.49,0,0.5932,83.713875
93236,10,3.02,0,0.5187,71.85301
93237,10,0,0,0,0
93238,10,0.88,0,0.296,50.417744
93239,8,0.11,0,0.945,169.15451
93240,8,3.38,0,0.945,166.06667
93241,10,1.71,0,0.4229,67.1703
93242,10,0,0,0,0
93243,10,0.02,0,0.0308,4.8394322
93244,10,0,0,0,0
93245,10,0.27,0,0.1415,23.096907
93246,10,0,0,0,0
93247,10,0,0,0,0
93248,10,0,0,0,0
93249,10,1.33,0,0.2626,35.930088
93250,10,1.13,0,0.0889,14.155552
93251,10,9.4,0,0.3146,50.02716
93252,9,25.68,0,0.8546,138.35661
93253,10,15.98,0,0.6135,105.67574
93254,9,16.74,0,0.8477,147.22577
93255,10,0,0,0,0
93256,10,0,0,0,0
93257,10,0,0,0,0
93258,10,7.56,0,0.4665,70.20069
93259,10,0.57,0,0.0322,4.8802104
93260,10,2.12,0,0.1338,20.88644
93261,10,0.44,0,0.0594,8.107551
93262,10,8.33,0,0.6604,103.583786
93263,10,0.02,0,0.0015,0.24238814
93264,10,1.34,0,0.1795,26.6724
93265,10,5.47,0,0.5546,90.413475
93266,10,0,0,0,0
93295,10,0,0,0,0
93299,10,0,0,0,0
93300,10,0,0,0,0
93301,10,0,0,0,0
93860,10,3.97,0,0.6378,109.518196
93861,10,5.32,0,0.3547,61.44985
93862,9,6.65,0,0.8031,140.3765
93863,8,22.76,0,0.9347,165.91649
93864,9,6.41,0,0.8633,144.92618
93865,10,0,0,0,0
93867,10,0,0,0,0
93868,10,0,0,0,0
93869,10,0,0,0,0
93870,10,2.4,0,0.1045,15.587351
93871,10,7.23,0,0.4506,67.10226
93872,10,3.11,0,0.418,58.634716
93873,10,0,0,0,0
93874,10,0,0,0,0
93875,10,0,0,0,0
93876,10,0,0,0,0
93877,10,2.85,0,0.2297,37.666527
93878,10,3.86,0,0.4284,69.809654
93879,10,2.68,0,0.5708,94.29983
93880,10,0,0,0,0
93881,10,0.58,0,0.118,21.78503
93882,9,13.62,0,0.8054,146.07027
93883,10,1.49,0,0.1043,20.106392
93884,10,1.04,0,0.0903,17.151098
93885,8,0.72,0,0.9373,159.87129
93886,10,1.69,0,0.3257,55.07611
93887,10,0.92,0,0.3274,54.47589
93888,10,0,0,0,0
93889,10,0,0,0,0
93891,10,0,0,0,0
93892,8,6.25,0,0.941,171.89001
93893,8,1.55,0,0.945,174.90257
93894,8,2.5,0,0.8582,156.77116
93895,8,1.21,0,0.945,166.98895
93896,8,7.78,0,0.9449,152.45801
93897,9,7.91,0,0.9449,145.70903
93898,10,9.95,0,0.6971,106.85626
93899,10,0.67,0,0.1625,24.40761
93900,10,0,0,0,0
93901,10,9.6,0,0.4342,62.797215
93902,8,50.41,0,0.9047,152.94504
93903,10,12.63,0,0.3165,57.051586
93904,10,0,0,0,0
93905,10,4.86,0,0.2864,44.037056
93906,9,32.17,0,0.8788,140.07747
93907,10,43.1,0,0.7532,120.654854
93908,10,0.82,0,0.0306,4.8197956
93909,10,7.1,0,0.6851,106.026215
93910,10,11.52,0,0.598,92.80711
93911,10,2,0,0.2508,38.535477
93912,10,4.31,0,0.7049,117.07473
93913,10,5.52,0,0.6049,96.87917
93914,10,0,0,0,0
93915,10,2.8,0,0.2625,42.33486
93916,10,0,0,0,0
93917,10,3.44,0,0.4071,63.669075
93918,10,4.74,0,0.7082,101.61886
93919,10,1.88,0,0.7062,93.03036
93920,10,0.99,0,0.3144,41.979084
93921,10,0,0,0,0
93922,10,0,0,0,0
93923,8,0.22,0,0.945,156.29953
93924,10,1.11,0,0.5079,80.95921
93925,10,1.97,0,0.23,37.95464
93926,10,0,0,0,0
93927,10,0.02,0,0.4528,65.10529
93928,10,0,0,0,0
93929,10,0.1,0,0.0571,9.526469
93930,10,0,0,0,0
93931,10,0.34,0,0.3986,64.4888
93932,10,3.81,0,0.3895,67.44246
93933,10,5.71,0,0.5851,82.26217
93934,10,0,0,0,0
93935,10,8.08,0,0.4942,74.9412
93936,10,10.09,0,0.475,71.87454
93937,10,2.99,0,0.1842,30.427813
93938,10,6.73,0,0.4044,67.65099
93939,10,0,0,0,0
93940,10,0,0,0,0
93941,10,4.35,0,0.2426,35.792957
93942,10,0,0,0,0
93943,10,4.42,0,0.2212,36.036995
93944,10,11.89,0,0.6621,100.850975
93945,10,0,0,0,0
93946,10,7.06,0,0.7008,106.69743
93947,10,0.98,0,0.0974,15.071488
93948,10,0.02,0,0.0022,0.35300392
93949,10,2.04,0,0.3949,62.661766
93950,10,0,0,0,0
93951,10,0,0,0,0
93979,10,0,0,0,0
93980,10,0,0,0,0
93981,10,0,0,0,0
94544,10,6.06,0,0.5293,87.120316
94545,8,23.81,0,0.945,165.98737
94546,8,7.79,0,0.945,163.36012
94547,9,18.55,0,0.7313,126.25867
94548,8,14.75,0,0.9058,158.11058
94549,10,0,0,0,0
94550,10,0,0,0,0
94551,10,0,0,0,0
94552,10,0,0,0,0
94553,10,0,0,0,0
94554,10,2.75,0,0.1044,14.867512
94555,10,8.36,0,0.5154,74.02842
94556,10,1.18,0,0.33,44.107346
94557,10,0,0,0,0
94558,10,0,0,0,0
94559,10,0,0,0,0
94560,10,0,0,0,0
94561,10,0,0,0,0
94562,10,0,0,0,0
94563,10,0.07,0,0.0179,2.9658623
94564,10,0,0,0,0
94565,10,0,0,0,0
94566,10,4.17,0,0.6309,116.274826
94567,10,2.5,0,0.2312,44.921257
94568,10,0.26,0,0.0374,7.2267423
94569,10,0.52,0,0.1402,23.770626
94570,10,0.21,0,0.0353,5.9050374
94571,10,0,0,0,0
94572,10,0,0,0,0
94573,10,0,0,0,0
94574,10,1.71,0,0.5104,84.85699
94575,10,0.23,0,0.1143,17.510794
94576,10,5.3,0,0.5041,81.157326
94577,8,9.56,0,0.8454,155.68652
94578,10,0.99,0,0.1157,18.536068
94579,9,10.74,0,0.7695,132.19395
94580,10,2.01,0,0.6611,107.16
94581,10,0,0,0,0
94582,10,0,0,0,0
94583,10,0,0,0,0
94584,10,4.81,0,0.1728,26.17427
94585,10,16.08,0,0.6863,105.82662
94586,10,7.48,0,0.44,72.592476
94587,9,47.88,0,0.8174,133.6254
94588,10,22.51,0,0.5777,93.052605
94589,10,12.98,0,0.6492,103.80578
94590,10,3.35,0,0.4917,72.595924
94591,10,10.77,0,0.5833,88.28801
94592,10,4.69,0,0.3508,51.620537
94593,10,15.09,0,0.6501,95.37788
94594,10,18.92,0,0.7485,109.05019
94595,10,6,0,0.693,106.72274
94596,9,2.48,0,0.8891,145.7421
94597,9,3.64,0,0.7772,125.53884
94598,10,0,0,0,0
94599,10,0,0,0,0
94600,10,0,0,0,0
94601,10,0.01,0,0.0014,0.2137236
94602,10,0,0,0,0
94603,10,1.85,0,0.7565,99.45785
94604,10,0.67,0,0.1377,18.475538
94605,10,0,0,0,0
94606,10,0,0,0,0
94607,9,7.05,0,0.8265,132.31192
94608,10,2.19,0,0.1439,21.713081
94609,10,0,0,0,0
94610,10,0,0,0,0
94611,10,2.38,0,0.2392,33.140713
94612,10,2.43,0,0.1923,26.163113
94613,10,2.75,0,0.2599,34.4716
94614,10,0,0,0,0
94615,10,1.17,0,0.1253,20.169764
94616,10,4.02,0,0.2952,49.56086
94617,10,11.74,0,0.6363,107.338234
94618,10,0,0,0,0
94619,10,4.06,0,0.506,73.8322
94620,10,5.63,0,0.2856,40.992702
94621,10,0,0,0,0
94622,10,0,0,0,0
94623,10,0,0,0,0
94624,10,0,0,0,0
94625,10,3.96,0,0.3843,56.281925
94626,10,3.25,0,0.2057,30.90541
94627,10,1.91,0,0.0767,12.0515175
94628,10,4.19,0,0.1795,25.986298
94629,10,0.41,0,0.0178,2.4885724
94630,10,2.66,0,0.3179,44.4841
94631,10,3.73,0,0.3221,45.213226
94632,10,3.96,0,0.5353,75.95987
94633,10,0.02,0,0.0056,0.810757
94634,10,0,0,0,0
94635,10,0,0,0,0
95228,9,27.51,0,0.828,137.91362
95229,8,55.59,0,0.945,171.5718
95230,8,20.82,0,0.945,164.47336
95231,8,22.96,0,0.8948,163.15594
95232,8,18.48,0,0.9302,168.4098
95233,8,1.46,0,0.904,156.59683
95234,10,0.21,0,0.3968,63.629307
95235,10,0,0,0,0
95236,10,0,0,0,0
95237,10,0,0,0,0
95238,10,4.08,0,0.1673,23.438478
95239,10,8.88,0,0.8791,119.59176
95240,10,0.49,0,0.8038,106.31242
95241,10,0,0,0,0
95242,10,0,0,0,0
95243,10,0,0,0,0
95244,10,0,0,0,0
95246,10,0,0,0,0
95247,10,0,0,0,0
95248,10,0,0,0,0
95249,10,0,0,0,0
95250,10,0,0,0,0
95251,10,1.84,0,0.412,77.70683
95252,9,3.84,0,0.7049,128.08777
95253,8,4.88,0,0.945,155.18405
95254,8,7.1,0,0.928,155.40518
95255,10,0.14,0,0.1453,23.677488
95256,10,0,0,0,0
95257,9,2.56,0,0.8777,145.01381
95258,9,2.67,0,0.9449,146.71011
95259,9,1.64,0,0.9192,137.7801
95260,10,6.62,0,0.6092,95.196075
95261,10,4.27,0,0.6845,111.276695
95262,10,0,0,0,0
95263,10,0.05,0,0.0047,0.73366976
95264,10,0,0,0,0
95265,10,1.29,0,0.2152,32.575016
95266,10,0.92,0,0.1973,30.753996
95267,10,0,0,0,0
95268,10,0.81,0,0.1944,30.3459
95269,10,1.16,0,0.1154,18.110102
95270,10,2.26,0,0.1799,28.89528
95271,9,25.14,0,0.7473,128.2508
95272,10,19.12,0,0.7153,118.37313
95273,9,10.4,0,0.7334,125.89649
95274,10,0.56,0,0.067,11.293072
95275,10,4.92,0,0.6772,103.70283
95276,10,10.09,0,0.6561,102.61212
95277,9,19.15,0,0.9447,140.23918
95278,9,30.48,0,0.9181,136.64212
95279,9,10.49,0,0.8261,129.03029
95280,10,4.71,0,0.7133,113.692955
95281,10,0.19,0,0.0192,3.0242805
95282,10,0.43,0,0.2156,33.972786
95283,10,0,0,0,0
95284,10,0,0,0,0
95285,10,2.53,0,0.1765,25.300503
95286,10,0,0,0,0
95287,10,0.14,0,0.0135,1.8174609
95288,10,0.91,0,0.0902,12.103643
95289,10,0,0,0,0
95290,10,0,0,0,0
95291,8,3.16,0,0.9251,150.19429
95292,10,3.5,0,0.2553,38.460323
95293,10,5.33,0,0.3547,49.238594
95294,10,4.43,0,0.525,68.81621
95295,10,2.27,0,0.2199,29.671082
95296,10,4.31,0,0.3869,55.987682
95297,10,12.45,0,0.7712,102.292854
95298,10,1.41,0,0.2305,31.284986
95299,10,6.47,0,0.3185,47.42945
95300,10,14.22,0,0.5676,92.17446
95301,10,14.27,0,0.711,121.379875
95302,10,0,0,0,0
95303,10,1.58,0,0.0617,8.761126
95304,10,1.13,0,0.0903,12.834514
95305,10,0,0,0,0
95306,10,0,0,0,0
95307,10,0,0,0,0
95309,9,2.71,0,0.9422,130.58493
95310,10,15.17,0,0.4662,67.14709
95311,10,2.03,0,0.0669,9.658235
95312,10,2.22,0,0.0921,12.249325
95313,10,9.76,0,0.8384,112.14665
95314,10,3.74,0,0.7754,110.40984
95315,10,1.5,0,0.4054,59.516068
95316,10,3.03,0,0.7163,99.83375
95317,10,0.07,0,0.1497,20.930319
95318,10,0,0,0,0
95352,10,0,0,0,0
95353,10,0,0,0,0
95911,10,0,0,0,0
95912,10,6.32,0,0.2881,49.35361
95913,8,40.42,0,0.945,163.50554
95914,8,20.74,0,0.8491,153.05768
95915,10,16.23,0,0.5348,91.44263
95916,7,7.11,0,0.9247,186.38638
95917,10,0.03,0,0.617,104.73374
95918,10,0.04,0,0.0257,4.1471252
95919,10,0,0,0,0
95920,10,0,0,0,0
95921,10,0,0,0,0
95922,10,11.77,0,0.4956,67.768524
95923,10,7.91,0,0.8615,112.834404
95925,10,0,0,0,0
95926,10,0,0,0,0
95927,10,0,0,0,0
95928,10,0,0,0,0
95930,10,0,0,0,0
95931,10,0,0,0,0
95932,10,6.08,0,0.5196,79.03016
95933,10,5.43,0,0.765,124.79181
95934,10,0.04,0,0.0112,1.8300442
95935,10,0.91,0,0.2529,42.607605
95936,10,1.36,0,0.3874,69.688805
95937,8,2.41,0,0.945,162.38289
95938,10,3.87,0,0.5006,83.48004
95939,10,3.84,0,0.6099,96.76175
95940,10,0,0,0,0
95941,9,1.65,0,0.8269,133.97852
95942,10,3.2,0,0.4008,60.60217
95943,10,0.19,0,0.1171,17.391827
95944,8,17.25,0,0.932,154.18529
95945,10,0.05,0,0.0538,8.518748
95946,10,16.86,0,0.4943,83.428825
95947,10,6.76,0,0.7216,115.162384
95949,10,0,0,0,0
95950,10,0,0,0,0
95951,10,0.56,0,0.0422,6.8874636
95952,10,7.68,0,0.4925,87.18762
95953,9,15.75,0,0.8453,143.1197
95954,10,9.29,0,0.4542,71.74124
95955,10,0.46,0,0.021,3.315522
95956,10,3.13,0,0.3463,56.767185
95957,10,8.03,0,0.7108,115.38924
95958,10,2.88,0,0.1964,34.924236
95959,9,28.19,0,0.8073,141.77547
95960,10,25.65,0,0.7836,121.55567
95961,10,10.36,0,0.4674,69.34975
95962,9,38.09,0,0.9449,146.05663
95963,8,30.75,0,0.8935,151.04796
95964,10,3.85,0,0.2025,33.430683
95965,10,0.11,0,0.0048,0.67235315
95966,10,1.42,0,0.0687,9.686593
95967,10,0,0,0,0
95968,10,0,0,0,0
95969,10,0,0,0,0
95970,10,0,0,0,0
95971,10,0,0,0,0
95972,10,0,0,0,0
95973,10,0,0,0,0
95974,10,8.44,0,0.4925,66.28732
95975,10,5.17,0,0.6353,91.33847
95976,10,2.79,0,0.2712,38.660496
95977,10,13.62,0,0.7238,99.25581
95978,10,2.08,0,0.1656,21.913717
95979,10,0,0,0,0
95980,10,0.14,0,0.0096,1.3417234
95981,10,5.15,0,0.3987,55.28158
95982,10,0,0,0,0
95983,10,14.04,0,0.4324,68.40115
95984,10,9.93,0,0.4982,80.298805
95985,10,0.89,0,0.0296,4.8000016
95986,10,0,0,0,0
95987,10,0,0,0,0
95988,10,0,0,0,0
95989,10,0,0,0,0
95990,10,0,0,0,0
95991,10,4.14,0,0.4448,58.615707
95993,10,0.91,0,0.3819,52.938835
95994,10,11.26,0,0.2359,34.95329
95995,10,0.54,0,0.0228,3.388332
95996,10,0.19,0,0.076,10.123751
95997,10,0.01,0,0.0018,0.2474346
95998,10,5.14,0,0.5677,76.08905
95999,10,0.09,0,0.0465,6.6175675
96000,10,0.66,0,0.1683,22.878105
96036,10,0,0,0,0
96045,10,0,0,0,0
96046,10,0,0,0,0
96047,10,0,0,0,0
96595,10,0,0,0,0
96596,10,2.06,0,0.113,20.08378
96597,9,16.3,0,0.7563,133.43152
96598,8,29.17,0,0.945,164.62936
96599,10,10.76,0,0.5135,92.47681
96600,7,2.77,0,0.9239,181.98729
96601,10,0.83,0,0.6394,104.35625
96602,10,0.27,0,0.06,10.396856
96603,10,0.77,0,0.3203,57.538677
96604,10,0.26,0,0.0123,2.2088268
96605,10,1.24,0,0.038,5.2206283
96606,10,11.17,0,0.5938,80.3189
96607,10,2.58,0,0.9447,121.181335
96610,10,0,0,0,0
96611,10,0,0,0,0
96612,10,0,0,0,0
96613,10,0,0,0,0
96614,10,0,0,0,0
96615,9,1.24,0,0.8959,147.95876
96616,8,9.33,0,0.9428,160.5173
96617,10,0.28,0,0.1919,30.224941
96618,10,0.36,0,0.2077,36.103592
96619,10,0,0,0,0
96620,10,0.04,0,0.0409,7.1929026
96621,10,5.59,0,0.6789,115.81545
96622,9,13.23,0,0.7738,132.66371
96623,10,11.71,0,0.7474,123.025
96624,10,0.72,0,0.1095,17.158468
96625,10,0.49,0,0.0535,8.836411
96626,10,0.33,0,0.0132,2.0659297
96627,10,5.5,0,0.2699,43.02869
96628,8,24.2,0,0.9413,159.48099
96629,9,4.13,0,0.865,139.87791
96630,9,22.2,0,0.734,127.19453
96631,10,4.4,0,0.6281,105.44197
96632,9,1.6,0,0.808,134.23352
96633,9,3.7,0,0.8172,143.92102
96634,10,4.82,0,0.3439,57.073433
96635,10,10.15,0,0.4556,74.37873
96636,8,21.86,0,0.9143,163.68166
96637,9,3.2,0,0.7057,135.17445
96638,10,4.18,0,0.2301,38.871635
96639,10,5.16,0,0.4787,79.55738
96640,10,2.48,0,0.1524,24.21419
96641,9,13.96,0,0.942,149.21437
96642,10,4.25,0,0.4379,72.227875
96643,10,0.91,0,0.1114,17.465523
96644,10,0.26,0,0.0098,1.5201608
96645,10,9.42,0,0.3297,47.67359
96646,9,12.27,0,0.9322,141.71289
96647,10,6.2,0,0.3465,54.39255
96648,10,3.49,0,0.0994,15.798356
96649,10,11.09,0,0.5713,89.56417
96650,10,5.89,0,0.5699,85.24407
96651,10,2.29,0,0.3091,43.504963
96652,10,0.92,0,0.5434,72.34523
96653,10,0,0,0,0
96654,10,0,0,0,0
96655,10,0,0,0,0
96656,10,0,0,0,0
96657,10,0,0,0,0
96658,10,10.37,0,0.653,87.59969
96659,10,8.25,0,0.2965,41.37932
96660,10,2.1,0,0.1597,21.77342
96661,10,13.39,0,0.8658,119.28155
96662,10,3.21,0,0.4489,59.52124
96663,10,2.86,0,0.1909,25.815388
96664,10,0.06,0,0.0257,3.5026956
96665,10,6.41,0,0.55,72.70601
96666,10,2.29,0,0.2151,27.736546
96667,10,0,0,0,0
96668,10,0,0,0,0
96669,10,0,0,0,0
96670,10,0,0,0,0
96671,10,0,0,0,0
96673,10,0,0,0,0
96674,10,7.3,0,0.3796,50.77936
96675,10,6.32,0,0.4876,66.89323
96676,9,0.11,0,0.9447,125.08169
96678,9,3.41,0,0.9449,142.61981
96679,10,13.59,0,0.5802,82.55655
96680,10,2.85,0,0.7352,104.64792
96681,10,0.1,0,0.6068,84.446526
96682,10,1.79,0,0.4416,61.898712
96683,10,0,0,0,0
96684,10,0,0,0,0
96685,10,0,0,0,0
96713,10,0,0,0,0
96714,10,0,0,0,0
96729,10,0,0,0,0
96730,10,0,0,0,0
96731,10,0,0,0,0
97278,10,0,0,0,0
97279,10,0,0,0,0
97280,10,0.91,0,0.0579,10.118514
97281,8,27.2,0,0.8646,151.27383
97282,8,49.45,0,0.945,172.63728
97283,8,20.82,0,0.945,171.8897
97284,7,4.53,0,0.9355,182.28879
97285,7,2.06,0,0.9451,194.13733
97286,10,0,0,0,0
97287,9,5.11,0,0.7097,128.01312
97288,10,2.95,0,0.1221,22.070108
97289,10,1.46,0,0.0439,6.057115
97290,9,13.97,0,0.9447,128.13422
97294,10,0,0,0,0
97295,10,0,0,0,0
97296,10,0,0,0,0
97297,10,0,0,0,0
97299,9,3.12,0,0.7424,127.70346
97300,10,4.78,0,0.6793,114.06611
97301,10,0.43,0,0.1654,26.144367
97302,10,0,0,0,0
97303,10,0,0,0,0
97304,10,0,0,0,0
97305,10,0.11,0,0.1045,19.86025
97306,8,5.76,0,0.8459,154.08348
97307,9,11.88,0,0.872,147.11798
97308,10,12.32,0,0.7349,119.99408
97309,10,4.15,0,0.5392,81.453094
97310,10,3.09,0,0.3297,52.85894
97311,10,3.34,0,0.4091,67.369804
97312,9,5.45,0,0.7581,125.2548
97313,10,3.07,0,0.2274,37.83214
97314,10,0.56,0,0.0514,8.56554
97315,8,6.19,0,0.945,157.2356
97316,10,4.04,0,0.3559,58.290028
97317,10,4.91,0,0.3456,61.028217
97318,10,1.39,0,0.1615,27.341677
97319,10,8.22,0,0.3634,58.505043
97320,10,9.71,0,0.4821,78.85304
97321,10,0,0,0,0
97322,10,22.07,0,0.489,81.775764
97323,10,6.19,0,0.4081,64.16465
97324,10,1.1,0,0.1771,27.290785
97325,10,6.52,0,0.2438,37.616184
97326,10,0,0,0,0
97327,10,13.82,0,0.6337,98.443375
97328,10,8.08,0,0.499,72.752975
97329,10,0.03,0,0.0057,0.7997069
97330,10,0.91,0,0.0763,10.98959
97331,10,6.24,0,0.7063,106.78133
97332,10,4.99,0,0.6008,91.886246
97333,9,9.44,0,0.9448,137.78116
97334,10,19.63,0,0.6578,100.48434
97335,10,0.43,0,0.0683,9.388289
97336,10,0.25,0,0.0241,3.307096
97337,10,0.04,0,0.0047,0.64452976
97338,10,0.2,0,0.0311,4.328223
97339,10,1.15,0,0.7877,103.60646
97340,10,0,0,0,0
97341,10,0,0,0,0
97342,10,0,0,0,0
97343,10,0,0,0,0
97344,9,12.52,0,0.9449,139.76173
97345,10,14.27,0,0.8226,119.667
97346,10,0.48,0,0.1798,24.858717
97347,10,10.18,0,0.6431,95.206795
97348,10,1.47,0,0.399,54.25314
97349,10,0.18,0,0.0336,4.5636067
97350,10,0,0,0,0
97351,10,0,0,0,0
97352,10,0,0,0,0
97353,10,0,0,0,0
97354,10,0,0,0,0
97355,10,0,0,0,0
97356,10,0,0,0,0
97357,10,0,0,0,0
97358,10,1.19,0,0.2031,27.194109
97359,10,0.05,0,0.0083,1.103718
97360,10,0,0,0,0
97363,10,9.53,0,0.8041,124.802925
97364,9,2.94,0,0.9449,143.26329
97365,10,0.02,0,0.5667,84.24132
97366,8,6.81,0,0.9119,160.61507
97367,10,0.85,0,0.1448,23.76369
97368,9,1.09,0,0.7879,129.25577
97962,10,0,0,0,0
97963,10,0,0,0,0
97964,10,1.26,0,0.0462,8.277301
97965,9,13.48,0,0.7937,140.28526
97966,8,24.86,0,0.945,172.99103
97967,7,21.99,0,0.9451,183.93944
97968,7,6.6,0,0.9451,189.37639
97969,6,3.69,0,0.9451,209.3284
97971,9,13.92,0,0.863,146.41837
97972,10,15.97,0,0.5254,84.98211
97973,10,0.32,0,0.0175,2.4057248
97974,9,3.52,0,0.9346,125.90366
97979,10,0,0,0,0
97980,10,0,0,0,0
97981,10,0,0,0,0
97982,10,0,0,0,0
97983,10,0,0,0,0
97984,10,0,0,0.0003,0.05081726
97985,10,0,0,0,0
97986,10,0,0,0,0
97987,10,0,0,0,0
97988,10,0,0,0,0
97989,10,0,0,0,0
97990,9,7.85,0,0.834,148.8592
97991,9,2.27,0,0.8185,142.25711
97992,10,0.71,0,0.2589,42.45527
97993,10,0.62,0,0.1913,29.30676
97994,10,0,0,0,0
97995,10,0,0,0,0
97996,10,3.11,0,0.4057,66.85447
97997,10,0.01,0,0.0007,0.120262496
97998,10,6.57,0,0.6212,100.837204
97999,8,40.51,0,0.9449,152.03938
98000,10,14.52,0,0.4253,68.665665
98001,10,0,0,0,0
98002,10,2.6,0,0.127,21.89047
98003,8,20.54,0,0.9249,155.09142
98004,9,12.86,0,0.813,138.35472
98005,10,3.48,0,0.2456,39.403606
98006,9,69.06,0,0.9007,144.06198
98007,9,32.99,0,0.9086,145.42842
98008,10,1.04,0,0.3249,51.042755
98009,10,7.91,0,0.6949,109.4022
98010,10,0.88,0,0.2939,46.07095
98011,10,26.32,0,0.761,111.85557
98012,10,14.32,0,0.5996,84.93323
98013,10,3.92,0,0.2532,36.35833
98014,10,2.6,0,0.1062,15.568104
98015,10,7.8,0,0.3303,51.9483
98016,10,4.22,0,0.2211,33.612747
98017,10,6.03,0,0.5312,77.32771
98018,10,5.62,0,0.266,40.465427
98019,10,1.63,0,0.1191,16.665993
98020,10,7.29,0,0.5131,70.75193
98021,10,1.43,0,0.1497,20.730848
98022,10,2.98,0,0.2645,36.57123
98023,10,0.17,0,0.0518,7.0433702
98024,10,0,0,0,0
98025,10,0,0,0,0
98026,10,0,0,0,0
98027,10,1.04,0,0.074,10.3931675
98028,9,15.41,0,0.9269,135.98378
98029,10,13.55,0,0.6711,92.274826
98030,10,3.95,0,0.4229,58.39378
98031,9,7.89,0,0.9225,128.46835
98032,10,1.58,0,0.1721,23.39688
98033,10,0.08,0,0.007,0.95456
98034,10,0,0,0,0
98035,10,0,0,0,0
98036,10,0,0,0,0
98037,10,0,0,0,0
98038,10,0,0,0,0
98040,10,0,0,0,0
98041,10,0,0,0,0
98042,10,0,0,0,0
98043,10,0,0,0,0
98044,10,0,0,0,0
98045,10,0,0,0,0
98046,10,0,0,0,0
98047,9,23.96,0,0.9445,135.39865
98048,9,2.95,0,0.9339,126.18518
98049,10,1.71,0,0.1535,21.970411
98050,8,22.24,0,0.945,168.62418
98051,8,2.35,0,0.8909,165.14333
98052,10,2.64,0,0.8681,124.33504
98053,10,0,0,0,0
98647,10,0.87,0,0.0499,9.037137
98648,10,5.87,0,0.3675,66.23876
98649,9,29.68,0,0.8328,146.2567
98650,7,26.58,0,0.9451,188.38826
98651,8,19.32,0,0.7862,151.31528
98652,9,7.02,0,0.8053,149.21149
98653,6,2.84,0,0.9451,201.74017
98654,7,1.69,0,0.9451,185.83083
98655,10,8.7,0,0.5453,99.60503
98656,10,3.29,0,0.1173,20.178288
98657,10,0,0,0,0
98658,10,0.48,0,0.2199,29.148506
98663,10,0,0,0,0
98664,10,0,0,0,0
98665,10,0,0,0,0
98666,10,0,0,0,0
98667,10,0,0,0,0
98668,10,0,0,0,0
98669,10,0,0,0,0
98670,10,5.71,0,0.6031,94.28301
98671,10,1.72,0,0.1744,25.610065
98672,10,0,0,0,0
98673,10,1.01,0,0.2253,39.9501
98674,8,6.32,0,0.8046,150.78679
98675,8,7.4,0,0.945,166.01259
98676,10,1.18,0,0.4408,74.93037
98677,10,0.35,0,0.0488,8.233643
98678,10,0.28,0,0.0706,10.520562
98679,10,2.88,0,0.2279,34.482136
98680,10,1.43,0,0.4635,73.45823
98681,10,0,0,0,0
98682,10,14.55,0,0.6101,100.310814
98683,10,35.47,0,0.6303,99.833466
98684,10,2.02,0,0.0678,10.667107
98685,10,4.89,0,0.2515,41.91607
98686,9,14.76,0,0.777,129.54974
98687,10,12.19,0,0.6552,111.06529
98688,10,3.35,0,0.2505,40.84486
98689,10,2.08,0,0.3069,47.58842
98690,10,26.41,0,0.7781,124.98363
98691,9,8.78,0,0.8551,137.48071
98692,10,1.62,0,0.7314,117.90172
98693,10,2.37,0,0.6412,102.964485
98694,10,0.99,0,0.7366,112.75449
98695,10,2.7,0,0.5451,79.93465
98696,10,7.94,0,0.4293,61.59264
98697,10,22.17,0,0.7197,105.86375
98698,10,14.86,0,0.6155,94.933945
98699,10,0,0,0,0
98700,10,6.94,0,0.3662,56.48996
98701,9,24.53,0,0.8633,133.65828
98702,10,3.35,0,0.2771,40.71201
98703,10,7,0,0.5954,83.62859
98704,10,9.32,0,0.709,96.83772
98705,10,0,0,0,0
98706,10,0,0,0,0
98707,10,0,0,0,0
98708,10,0,0,0,0
98709,10,0,0,0,0
98710,10,2.6,0,0.5079,86.942444
98711,10,8.7,0,0.5303,81.395294
98712,9,9.35,0,0.8804,133.20361
98713,10,3.78,0,0.5432,72.83916
98714,10,4.9,0,0.5889,80.011345
98715,9,1.6,0,0.9448,136.1688
98716,10,0,0,0,0
98717,10,0,0,0,0
98718,10,0,0,0,0
98719,10,0,0,0,0
98720,10,0,0,0,0
98721,10,0,0,0,0
98722,10,0,0,0,0
98724,10,0,0,0,0
98725,10,0,0,0,0
98726,10,4.28,0,0.2217,28.945297
98727,10,20.51,0,0.574,74.6512
98728,10,0.64,0,0.0434,5.706945
98731,9,0.09,0,0.9448,134.23694
98732,9,2.88,0,0.9447,126.93899
98733,10,0.3,0,0.0851,11.569136
98734,10,5.61,0,0.7574,114.12049
98735,10,0.42,0,0.2429,40.83098
98736,10,0,0,0,0
98737,10,0,0,0,0
99330,7,13.52,0,0.9451,183.98871
99331,10,7.65,0,0.4831,85.33001
99332,10,0,0,0.0001,0.02529092
99333,10,8.08,0,0.6714,121.089745
99334,6,22.89,0,0.9451,201.90134
99335,7,7.21,0,0.945,179.71605
99336,6,12.12,0,0.9451,200.95932
99337,8,0.78,0,0.945,172.9144
99338,7,1.59,0,0.9451,178.92581
99339,7,27.57,0,0.9451,187.32623
99340,10,20.14,0,0.6701,120.11198
99341,10,8.32,0,0.3493,60.933357
99342,10,1.04,0,0.379,55.78811
99343,10,0,0,0,0
99348,10,0,0,0,0
99351,10,0,0,0,0
99352,10,0,0,0,0
99353,10,0,0,0,0
99354,10,2,0,0.7852,115.83928
99355,10,2.91,0,0.4487,66.52353
99356,10,0.85,0,0.3412,50.023895
99357,9,3.89,0,0.8243,148.63144
99358,7,5.23,0,0.945,176.6117
99359,10,1.7,0,0.4724,83.26104
99360,8,2.1,0,0.945,165.37076
99361,9,11.76,0,0.8164,143.8056
99362,10,2.58,0,0.1531,24.22498
99363,10,5.3,0,0.2463,39.29273
99364,10,1.97,0,0.2076,33.98257
99365,10,5.23,0,0.2986,50.802464
99366,10,3.72,0,0.1466,25.163267
99367,10,5.36,0,0.1782,27.965267
99368,10,2.95,0,0.1176,19.42567
99369,10,13.2,0,0.6961,112.62411
99370,10,16.77,0,0.7017,111.07632
99371,10,2.04,0,0.0774,12.364827
99372,10,6.47,0,0.2405,36.57598
99373,10,12.32,0,0.5404,85.67004
99374,10,18.62,0,0.7515,118.11363
99375,10,0,0,0.0035,0.55172116
99376,10,0.07,0,0.0134,2.3083363
99377,10,7.49,0,0.6889,120.59265
99378,10,0.07,0,0.0729,11.3327875
99379,10,0,0,0,0
99380,10,17.96,0,0.528,82.02161
99381,10,5.83,0,0.762,114.977165
99383,10,0,0,0,0
99384,10,10.03,0,0.5827,82.51615
99385,9,22.43,0,0.9449,141.14021
99386,10,1.24,0,0.0666,9.883177
99387,10,1.65,0,0.077,10.658031
99388,10,0.02,0,0.0018,0.25262767
99389,10,0,0,0,0
99390,10,0,0,0,0
99391,10,0,0,0,0
99392,10,0,0,0,0
99393,9,0,0,0.9449,141.41055
99394,10,8.96,0,0.7897,119.47991
99395,10,1.08,0,0.0875,14.982006
99397,10,1.04,0,0.6137,84.704994
99398,10,10.19,0,0.5869,81.0793
99399,10,0.76,0,0.2333,32.147774
99400,10,0,0,0,0
99401,10,0,0,0,0
99402,10,0,0,0,0
99403,10,0,0,0,0
99404,10,0,0,0,0
99405,10,0,0,0,0
99406,10,0,0,0,0
99409,10,0,0,0,0
99410,10,3.32,0,0.2078,26.466642
99411,10,4.21,0,0.205,28.10093
99412,10,0.43,0,0.1284,17.532383
99417,10,0,0,0,0
99418,10,1.05,0,0.3201,43.656075
99419,10,0,0,0.0003,0.04896022
99420,10,0,0,0,0
100014,7,22.77,0,0.9451,189.07462
100015,9,11.09,0,0.8513,149.64334
100016,10,0.91,0,0.0432,7.6018453
100017,10,10.59,0,0.5875,107.32456
100018,6,16.15,0,0.9451,205.62361
100019,7,10.21,0,0.9451,198.88976
100020,6,8.46,0,0.9451,206.55112
100021,6,4.44,0,0.9451,204.80759
100022,6,0.27,0,0.9451,205.78513
100023,7,32.74,0,0.9451,181.29684
100024,7,32.74,0,0.9451,177.78806
100025,8,22.08,0,0.945,164.87381
100026,10,1.84,0,0.2878,47.175358
100027,10,0,0,0,0
100028,10,0,0,0,0
100029,10,0.06,0,0.0445,6.0574317
100030,10,0,0,0,0
100031,10,0,0,0,0
100033,10,0,0,0,0
100034,10,0,0,0,0
100035,10,0,0,0,0
100036,10,0,0,0,0
100037,10,0,0,0,0
100038,10,0,0,0,0
100039,10,4.35,0,0.5543,85.690315
100040,10,1.39,0,0.2091,32.02901
100041,10,0.39,0,0.1067,17.220375
100042,8,2.8,0,0.9076,158.5639
100043,8,11.72,0,0.8893,173.47754
100044,9,8.98,0,0.7169,128.15561
100045,8,14.51,0,0.8751,158.87355
100046,10,0.42,0,0.0456,8.303683
100047,10,15.64,0,0.6456,110.70618
100048,10,6.23,0,0.4146,73.414925
100049,10,22.08,0,0.5671,103.74706
100050,9,20.56,0,0.6881,126.81698
100051,10,5.41,0,0.4197,74.19751
100052,10,6.03,0,0.4313,71.29269
100053,10,1.72,0,0.3026,46.72714
100054,10,9.38,0,0.4025,63.228115
100055,10,3.92,0,0.1342,21.054705
100056,10,0.13,0,0.0037,0.5859774
100057,10,11.64,0,0.3079,47.124092
100058,10,3.9,0,0.2755,43.316082
100059,8,16.24,0,0.945,156.53696
100060,10,13.91,0,0.7752,123.65537
100061,10,6.28,0,0.4494,77.68314
100062,10,0.05,0,0.0373,6.3498783
100063,10,1.69,0,0.5632,94.17445
100064,10,12.86,0,0.6065,93.14037
100065,10,0.11,0,0.3845,58.426502
100066,10,0.19,0,0.8647,112.562256
100067,10,0.01,0,0.0098,1.3142455
100068,10,3.8,0,0.5136,72.44354
100069,9,22.23,0,0.9449,140.45126
100070,10,0.96,0,0.1389,20.842798
100071,10,6.76,0,0.4402,61.09606
100072,10,1.12,0,0.4366,56.797916
100073,10,0,0,0,0
100074,10,0,0,0,0
100075,10,0,0,0,0
100076,10,0,0,0,0
100077,10,0.83,0,0.2111,31.507557
100078,10,1.21,0,0.2631,37.4333
100080,9,0.01,0,0.9448,131.66309
100081,10,0.1,0,0.197,27.053658
100082,10,0.26,0,0.0469,6.6742296
100083,10,0,0,0,0
100084,10,0,0,0,0
100086,10,0,0,0,0
100087,10,0,0,0,0
100088,10,0,0,0,0
100093,10,0,0,0,0
100094,10,0,0,0,0
100095,10,0,0,0,0
100096,10,0,0,0,0
100100,10,0,0,0,0
100102,10,0.86,0,0.7368,111.54368
100103,10,0.67,0,0.2895,49.74975
100104,10,0,0,0,0
100699,7,12.27,0,0.9451,182.8139
100700,10,1.07,0,0.0612,11.332113
100701,10,15.88,0,0.5399,100.15119
100702,6,25.59,0,0.9451,201.47383
100703,7,36.88,0,0.9451,198.74623
100704,6,35.54,0,0.9451,216.09337
100705,6,22.73,0,0.9451,223.10124
100706,6,38.07,0,0.9451,222.71515
100707,7,11.86,0,0.9451,188.2248
100708,7,41,0,0.9451,186.03853
100709,8,27.92,0,0.945,170.55882
100710,10,0.52,0,0.1703,28.525326
100711,10,0.05,0,0.0158,2.3774393
100712,10,0.46,0,0.036,5.2829943
100713,10,1.06,0,0.1956,27.34124
100714,10,0,0,0,0
100715,10,0,0,0,0
100716,10,0,0,0,0
100717,10,0,0,0,0
100718,10,0,0,0,0
100719,10,0,0,0,0
100720,10,0,0,0,0
100721,10,0,0,0,0
100722,10,0,0,0,0
100723,10,0.7,0,0.247,36.25257
100724,10,0,0,0,0
100725,10,0.32,0,0.1844,31.106077
100726,8,6.78,0,0.8962,159.9664
100727,9,6.39,0,0.8283,149.80212
100728,9,6.23,0,0.7384,139.39893
100729,8,11.62,0,0.8681,160.6495
100730,10,0.38,0,0.0631,11.376582
100731,10,9.99,0,0.5346,94.16125
100732,10,4.85,0,0.3895,66.34629
100733,7,35.7,0,0.9451,180.98175
100734,7,44.67,0,0.9451,178.9621
100735,7,15.49,0,0.945,178.48018
100736,10,4.76,0,0.4321,71.17949
100737,10,0,0,0,0
100738,9,0.27,0,0.9449,146.67012
100739,8,3.46,0,0.9376,159.49956
100740,10,0.58,0,0.0296,5.0816517
100741,10,0.17,0,0.1484,28.509949
100742,8,18.34,0,0.945,168.46318
100743,8,76.59,0,0.945,161.17873
100744,8,12.86,0,0.945,155.8244
100745,8,14.15,0,0.9025,155.70105
100746,8,16.47,0,0.945,169.40599
100747,9,11.65,0,0.8037,145.98799
100748,10,4.29,0,0.6944,118.34685
100749,10,0.63,0,0.791,122.12607
100750,9,0.76,0,0.93,127.977066
100751,10,0,0,0,0
100752,10,0.07,0,0.2118,32.7097
100753,10,0.01,0,0.0963,12.343213
100754,10,0.13,0,0.0868,12.374653
100755,10,4.3,0,0.57,80.015915
100756,10,0.55,0,0.9447,123.40673
100757,10,0.13,0,0.1401,19.44495
100758,10,0,0,0,0
100759,10,0,0,0,0
100760,10,1.02,0,0.6985,94.066666
100761,10,0.85,0,0.2953,43.220753
100762,10,0.5,0,0.5224,68.9491
100763,10,0.19,0,0.2013,27.357433
100764,9,0.07,0,0.9448,131.23949
100766,10,0,0,0,0
100767,10,0.13,0,0.011,1.5467012
100768,10,0,0,0,0
100769,10,0,0,0,0
100770,10,0,0,0,0
100771,10,0,0,0,0
100776,10,0,0,0,0
100777,10,0,0,0,0
100778,10,0,0,0,0
100779,10,0,0,0,0
100780,10,11.88,0,0.9372,123.63886
100781,10,0.01,0,0.9447,121.20806
100784,10,0,0,0,0
100785,10,0,0,0,0
100786,9,2.82,0,0.9412,132.31941
100787,10,0.97,0,0.6793,108.81063
101383,7,17.2,0,0.9451,188.21849
101384,9,5.7,0,0.7434,138.59871
101385,8,17.46,0,0.9274,166.14095
101386,7,25.33,0,0.9451,187.20496
101387,7,43.96,0,0.9451,192.95811
101388,6,139.31,0,0.9451,207.80692
101389,6,70.77,0,0.9451,221.15398
101390,6,25.51,0,0.9451,212.4396
101391,7,1.74,0,0.9451,184.86967
101392,8,43.51,0,0.7895,150.83617
101393,9,25.02,0,0.815,142.27333
101394,10,3.03,0,0.4593,75.53549
101395,10,0,0,0,0
101396,10,0.16,0,0.0418,6.132162
101397,10,0.64,0,0.2612,38.369923
101398,10,0,0,0,0
101399,10,4.71,0,0.2663,34.892128
101400,10,0,0,0,0
101402,10,0,0,0,0
101403,10,0,0,0,0
101404,10,0,0,0,0
101405,10,0,0,0,0
101406,10,0,0,0,0
101407,10,0,0,0,0
101408,10,0.15,0,0.1573,24.985518
101409,10,0.04,0,0.1062,17.45492
101410,7,5.21,0,0.9381,181.73029
101411,7,6.16,0,0.9451,181.71379
101412,9,4.39,0,0.8433,141.59593
101413,10,3,0,0.6114,104.999
101414,10,2.53,0,0.364,59.94263
101415,10,5.05,0,0.3917,66.43419
101416,9,11.43,0,0.8448,139.144
101417,10,23.68,0,0.6644,110.918976
101418,8,34.04,0,0.945,161.23969
101419,8,16.11,0,0.945,154.43126
101420,8,0.98,0,0.9449,152.66635
101421,9,0.21,0,0.9449,148.12062
101422,9,1.15,0,0.9449,146.75752
101423,9,1.5,0,0.9345,141.4775
101424,6,0.21,0,0.9451,216.36273
101425,8,1.01,0,0.8956,165.12904
101426,8,37.88,0,0.9166,153.70985
101427,10,20.14,0,0.5584,86.155846
101428,10,0,0,0,0
101429,9,19.44,0,0.776,127.02826
101430,8,36.23,0,0.945,172.11377
101431,9,6.78,0,0.7321,135.41374
101432,10,2.29,0,0.501,79.45847
101433,10,5.99,0,0.6771,108.63543
101435,10,0,0,0,0
101436,10,0,0,0,0
101437,10,0,0,0,0
101438,10,0.2,0,0.3307,45.05313
101439,10,1.46,0,0.3447,44.41579
101441,10,0,0,0,0
101442,10,0,0,0,0
101443,10,0,0,0,0
101444,10,1.83,0,0.8196,106.879845
101445,10,0.37,0,0.8066,108.86769
101446,10,0,0,0,0
101447,10,0,0,0,0
101448,10,0,0,0,0
101449,10,0,0,0,0
101450,10,0.56,0,0.0955,13.961395
101451,10,3.34,0,0.1833,26.660654
101452,10,0,0,0,0
101453,10,0,0,0,0
101454,10,0,0,0,0
101455,10,0,0,0,0
101460,10,0,0,0,0
101461,10,0,0,0,0
101462,10,0,0,0,0
101463,10,6.64,0,0.9447,122.01377
101464,10,5.77,0,0.7017,92.19534
101465,9,0.24,0,0.9447,127.8106
101467,10,0.28,0,0.9446,121.01626
101468,10,1.09,0,0.7742,99.14906
101469,10,3.07,0,0.4849,66.27201
101470,10,6.65,0,0.5996,80.56848
101471,10,4.53,0,0.7641,107.12037
101472,10,0,0,0,0
102068,7,18.64,0,0.9451,182.13416
102069,9,11.87,0,0.7785,140.45586
102070,7,31.93,0,0.9451,190.72697
102071,6,40.42,0,0.9451,200.52766
102072,7,74.1,0,0.9451,191.40698
102073,6,84.16,0,0.9451,211.34776
102074,7,36.2,0,0.9451,198.71005
102075,8,8.96,0,0.945,173.05553
102076,10,11.52,0,0.5538,108.32777
102077,10,11.76,0,0.5132,86.84956
102078,10,11.09,0,0.752,121.77184
102079,10,0,0,0,0
102080,10,0,0,0,0
102081,10,0,0,0,0
102082,10,0,0,0,0
102083,10,7.16,0,0.319,42.643158
102084,10,0,0,0,0
102085,10,0,0,0,0
102086,10,0,0,0,0
102087,10,0,0,0,0
102088,10,0,0,0,0
102089,10,0,0,0,0
102090,10,0,0,0,0
102091,10,0,0,0,0
102092,10,1.34,0,0.2841,44.63304
102093,10,1.66,0,0.4787,78.28084
102094,10,0.06,0,0.3793,68.84528
102095,7,11.6,0,0.9451,179.98973
102096,9,15.46,0,0.8655,140.5173
102097,10,3.34,0,0.1782,29.616873
102098,10,2.3,0,0.2102,33.73165
102099,10,0.28,0,0.022,3.568407
102100,10,11.71,0,0.396,63.54474
102101,8,39.1,0,0.9196,154.30656
102102,8,57.13,0,0.945,168.47862
102103,8,28.34,0,0.945,161.75461
102104,8,28.77,0,0.945,162.7623
102105,8,0.04,0,0.9449,150.13585
102106,10,2.48,0,0.7114,110.99467
102107,8,4.16,0,0.9312,153.6155
102108,8,12.79,0,0.945,160.21889
102109,9,14.28,0,0.8283,147.89143
102110,8,22.97,0,0.8896,172.8683
102111,10,0,0,0,0
102112,10,0,0,0,0
102113,10,12.55,0,0.4554,70.09204
102114,10,4.99,0,0.5436,89.42005
102115,10,0.16,0,0.7472,123.49728
102116,10,1.46,0,0.6357,102.55726
102117,10,0.09,0,0.0366,5.4919453
102118,9,0.36,0,0.9447,127.65456
102119,10,1.19,0,0.4965,71.459885
102120,10,0.16,0,0.3119,44.74936
102121,10,0.27,0,0.3033,41.719448
102122,10,0.1,0,0.1347,18.402931
102123,10,0.3,0,0.6213,80.39156
102124,10,0.27,0,0.9247,120.69388
102125,10,0.02,0,0.0305,4.0941463
102126,10,0,0,0,0
102127,10,0,0,0,0
102129,10,0.02,0,0.9446,120.0991
102131,10,0,0,0,0
102132,10,0,0,0,0
102133,10,0.88,0,0.2988,43.00648
102134,10,0,0,0,0
102135,10,0.01,0,0.0012,0.18523203
102136,10,0,0,0,0
102137,10,0,0,0,0
102138,10,0,0,0,0
102139,10,0.59,0,0.4875,64.8436
102142,10,0,0,0,0
102143,10,0,0,0,0
102144,10,0,0,0,0
102145,10,0,0,0,0
102146,10,0,0,0,0
102147,10,20.21,0,0.9313,121.795296
102148,9,20.78,0,0.9447,128.14772
102150,10,0,0,0,0
102151,10,1.71,0,0.2523,32.32105
102152,10,0.36,0,0.2103,26.946009
102153,10,2.46,0,0.2131,29.0003
102154,10,1.79,0,0.7539,98.57017
102155,10,0.26,0,0.3236,45.377422
102157,9,0.52,0,0.9447,125.075264
102752,8,25.63,0,0.945,171.22061
102753,8,11.67,0,0.8768,152.5585
102754,7,36.32,0,0.9361,177.28096
102755,6,27.2,0,0.9451,205.04736
102756,7,30.16,0,0.9451,193.26689
102757,7,42.13,0,0.9451,196.2047
102758,7,35.17,0,0.9451,194.50409
102759,7,13.94,0,0.9451,189.72646
102760,9,23.66,0,0.6925,125.9536
102761,10,16.01,0,0.729,123.61523
102762,8,20.4,0,0.945,159.28345
102763,10,0,0,0.0003,0.05668329
102764,10,0,0,0,0
102765,10,0,0,0,0
102766,10,0,0,0,0
102767,10,0,0,0,0
102768,10,0,0,0,0
102769,10,0,0,0,0
102770,10,0,0,0,0
102771,10,0,0,0,0
102772,10,0,0,0,0
102773,10,0,0,0,0
102774,10,0,0,0,0
102775,10,0.41,0,0.1404,21.957476
102776,10,3.06,0,0.2655,42.037655
102777,10,1.53,0,0.1602,27.304667
102778,10,1.63,0,0.6351,116.071915
102779,8,6.76,0,0.9244,173.22415
102780,10,1.5,0,0.1638,26.703428
102781,10,0.56,0,0.0439,6.9597254
102782,10,0,0,0,0
102783,10,0,0,0,0
102784,10,1.06,0,0.072,11.919408
102785,10,23.45,0,0.7195,119.655716
102786,8,26.67,0,0.945,160.33467
102787,8,24.57,0,0.945,165.94482
102788,8,19.15,0,0.945,166.5319
102789,8,0.54,0,0.8681,158.6477
102790,10,0.24,0,0.1937,31.153345
102791,8,6.05,0,0.945,167.0397
102792,8,3.14,0,0.945,157.91415
102794,8,0.12,0,0.945,158.60062
102795,8,7.13,0,0.939,154.02576
102796,10,6.95,0,0.5005,79.77112
102797,10,1.8,0,0.0899,13.408469
102798,10,0.59,0,0.4435,69.138664
102799,10,0.37,0,0.5517,82.3681
102800,10,0.12,0,0.3494,48.479973
102801,10,0,0,0,0
102802,9,4.4,0,0.9217,127.26492
102803,9,8.62,0,0.9447,135.22826
102804,10,0,0,0,0
102805,10,0.26,0,0.2018,28.577524
102806,10,0,0,0,0
102808,9,0.55,0,0.9447,126.78706
102809,10,0,0,0,0
102810,10,0,0,0,0
102812,10,0,0,0,0
102815,10,0.1,0,0.1138,14.8701105
102816,10,0,0,0,0
102817,10,0.38,0,0.7728,112.181656
102818,10,0,0,0,0
102819,10,0,0,0,0
102820,10,0,0,0,0
102821,10,0,0,0,0
102822,10,0,0,0,0
102823,10,0.9,0,0.14,18.629126
102826,10,0,0,0,0
102827,10,0,0,0,0
102828,10,0,0,0,0
102829,10,0,0,0,0
102830,10,0,0,0,0
102831,10,13.42,0,0.3373,47.616764
102832,10,12.19,0,0.5847,83.09985
102833,10,0.11,0,0.0262,3.4877796
102834,10,3.01,0,0.1776,23.655079
102835,10,0,0,0,0
102836,10,0,0,0,0
102837,10,0.22,0,0.0231,3.0094123
102838,10,1.47,0,0.7293,97.64843
102839,10,0,0,0,0
102841,10,0.74,0,0.2489,32.55106
102842,10,0.12,0,0.0353,5.2817793
102886,10,0,0,0,0
103437,10,7.8,0,0.6339,112.96192
103438,7,21.21,0,0.9382,178.33682
103439,7,34.7,0,0.9451,197.51793
103440,7,56.18,0,0.9451,198.38284
103441,7,29.33,0,0.9451,195.37125
103442,7,67.08,0,0.9451,183.3154
103443,6,26.95,0,0.9451,202.2966
103444,8,14.96,0,0.8715,155.09436
103445,8,14.96,0,0.9447,168.63417
103446,8,28.7,0,0.9449,152.86902
103447,8,0.73,0,0.9449,152.96947
103448,10,0,0,0,0
103449,10,0,0,0,0
103450,10,0,0,0,0
103451,10,1.93,0,0.1752,24.608065
103452,10,0,0,0,0
103453,10,0,0,0,0
103454,10,0,0,0,0
103455,10,0,0,0,0
103456,10,0,0,0,0
103457,10,0,0,0,0
103458,10,0,0,0,0
103459,10,0,0,0,0
103460,10,0.23,0,0.2488,39.566597
103461,10,0.41,0,0.461,73.32352
103462,10,2.61,0,0.6524,105.855606
103463,9,8.68,0,0.8109,145.27342
103464,9,3.84,0,0.7564,139.43294
103465,10,0.46,0,0.1026,18.346106
103466,10,0,0,0,0
103467,10,0,0,0,0
103468,10,0.44,0,0.0682,10.987381
103469,10,20.7,0,0.5961,98.72935
103470,8,18.76,0,0.945,155.38591
103471,8,33.97,0,0.945,162.2307
103472,8,22.05,0,0.9349,156.8253
103473,10,0,0,0,0
103474,8,0.46,0,0.945,168.40738
103475,7,8.28,0,0.9024,195.49234
103476,7,0.17,0,0.8973,185.98807
103477,9,1.23,0,0.8465,147.2618
103478,9,12.18,0,0.87,147.81639
103479,10,15.94,0,0.706,115.00397
103480,10,1.21,0,0.6809,111.82329
103481,10,0,0,0,0
103482,10,0.35,0,0.6065,88.97924
103483,10,0.02,0,0.0151,2.2034018
103484,10,0.04,0,0.1528,22.04087
103485,9,1.44,0,0.9449,146.24422
103486,9,0.35,0,0.9449,141.39897
103487,10,1.44,0,0.8056,117.145905
103488,10,0.81,0,0.8154,107.0917
103490,10,0,0,0,0
103492,10,1.4,0,0.7892,105.15694
103499,10,0.42,0,0.2559,33.436127
103500,10,0,0,0,0
103501,9,9.54,0,0.944,149.14333
103502,8,2.66,0,0.9449,150.95
103503,10,0,0,0,0
103504,10,0,0,0,0
103505,10,0,0,0,0
103506,10,0,0,0,0
103507,10,0,0,0,0
103508,10,0,0,0,0
103511,10,0,0,0,0
103512,10,0,0,0,0
103513,10,0,0,0,0
103514,10,0,0,0,0
103515,10,2.95,0,0.1103,15.22718
103516,10,8.7,0,0.2683,36.207123
103517,10,1.1,0,0.1623,21.71274
103518,10,28.51,0,0.8529,114.259766
103519,10,0,0,0,0
103520,10,0,0,0,0
103521,10,1.1,0,0.1248,16.308216
103522,10,2.86,0,0.307,43.690533
103523,9,1.45,0,0.8266,142.41147
103524,10,0.01,0,0.8068,106.8105
103525,9,5.17,0,0.8934,127.46356
103526,10,1.42,0,0.4922,70.96118
103569,10,0,0,0,0
103570,10,0,0,0,0
104121,8,26.98,0,0.945,172.15375
104122,8,20.85,0,0.945,170.26486
104123,7,20.75,0,0.9451,191.83347
104124,6,39.38,0,0.9451,202.91585
104125,6,41.82,0,0.9451,210.37566
104126,7,30.03,0,0.9451,198.5489
104127,7,20.96,0,0.9451,190.59848
104128,8,5.54,0,0.8201,150.34775
104129,8,18.4,0,0.945,171.05977
104130,8,12.04,0,0.9449,152.939
104131,10,1.03,0,0.4877,76.17734
104132,10,0,0,0,0
104133,10,0,0,0,0
104134,10,1.57,0,0.1261,19.763674
104135,10,0,0,0,0
104136,10,0,0,0,0
104137,10,0,0,0,0
104138,10,0,0,0,0
104139,10,0,0,0,0
104140,10,0,0,0,0
104141,10,0,0,0,0
104142,10,0,0,0,0
104143,10,0,0,0,0
104144,10,0,0,0,0
104145,10,0,0,0,0
104146,8,6.27,0,0.9207,163.89946
104147,8,6.46,0,0.945,163.1262
104148,10,0.3,0,0.3904,61.202824
104149,10,0,0,0,0
104150,10,3.8,0,0.3772,59.549217
104151,10,3.94,0,0.6363,97.24552
104152,10,0.01,0,0.0011,0.18009381
104153,10,3.94,0,0.3935,64.62534
104154,8,10.55,0,0.915,150.50925
104155,8,15.22,0,0.8597,152.31001
104156,8,12.07,0,0.9424,161.90244
104157,10,1.55,0,0.2005,32.54783
104158,10,20.94,0,0.643,111.56839
104159,8,7.86,0,0.8383,154.71637
104160,10,1.03,0,0.5877,95.809006
104161,8,0.8,0,0.9234,159.7671
104162,9,3.88,0,0.7604,128.64362
104163,10,0,0,0,0
104164,10,0,0,0,0
104165,10,0,0,0,0
104166,10,0.29,0,0.5308,71.00414
104167,10,0,0,0,0
104168,9,0.18,0,0.9449,142.20561
104169,9,1.07,0,0.9449,143.18376
104171,10,0.32,0,0.6459,99.0938
104172,9,0.07,0,0.9447,127.897896
104175,10,5.43,0,0.7306,100.42643
104176,10,2.36,0,0.5995,78.24923
104177,10,0.01,0,0.9446,120.77553
104178,10,0,0,0.9446,120.77554
104179,9,0.04,0,0.9447,125.9763
104182,10,0,0,0,0
104183,10,0,0,0,0
104184,10,0,0,0,0
104185,9,0.06,0,0.9448,135.1028
104186,10,0,0,0,0
104187,10,0,0,0,0
104188,10,0,0,0,0
104189,10,0,0,0,0
104190,10,0,0,0,0
104191,10,0,0,0,0
104192,10,0,0,0,0
104195,10,0,0,0,0
104196,10,0.2,0,0.0074,0.9528257
104197,10,8.32,0,0.4718,61.16406
104198,10,0,0,0,0
104199,10,0,0,0,0
104200,10,7.84,0,0.3157,42.172817
104201,10,0.1,0,0.0083,1.1095867
104202,10,31.06,0,0.8188,106.20055
104203,10,0.8,0,0.0785,10.001131
104204,10,0.48,0,0.0285,3.8909638
104205,10,2.77,0,0.1136,14.780761
104206,10,1.39,0,0.4877,67.26869
104207,10,0.83,0,0.5051,73.09121
104208,10,0.34,0,0.2799,37.05566
104209,10,0.81,0,0.3269,43.46554
104210,10,0,0,0,0
104253,10,0,0,0,0
104254,10,0,0,0,0
104805,7,18.41,0,0.9451,178.13408
104806,8,23.1,0,0.945,174.16995
104807,7,21.69,0,0.9451,179.88184
104808,7,59.93,0,0.9451,190.28992
104809,7,39.63,0,0.9451,190.9823
104810,7,20.45,0,0.9451,197.42169
104811,8,48.83,0,0.945,173.55676
104812,7,9.68,0,0.945,175.41634
104813,7,15.89,0,0.9451,181.64809
104814,10,6.08,0,0.7446,124.58209
104815,10,0.31,0,0.1301,20.833363
104816,10,0,0,0,0
104817,10,0,0,0,0
104818,10,0,0,0,0
104819,10,0,0,0,0
104820,10,0,0,0,0
104821,10,0,0,0,0
104822,10,0,0,0,0
104823,10,0,0,0,0
104824,10,0,0,0,0
104825,10,0,0,0,0
104826,10,0,0,0,0
104828,10,3.17,0,0.6611,107.77816
104829,10,0.13,0,0.1677,25.47524
104830,8,5.16,0,0.945,158.62698
104831,10,5.14,0,0.5623,93.73612
104832,10,0.22,0,0.0587,9.138505
104833,10,0.02,0,0.0044,0.71374136
104834,10,3.2,0,0.2536,40.03619
104835,10,4.77,0,0.7805,119.67929
104836,10,1.09,0,0.1397,21.82047
104837,10,0,0,0,0
104838,10,2.7,0,0.2642,40.534122
104839,10,11.93,0,0.4146,66.9685
104840,10,1.97,0,0.2989,45.160538
104841,10,5.86,0,0.5974,89.97073
104842,9,25.77,0,0.7842,125.54406
104843,10,1.23,0,0.6292,108.375374
104844,10,0.16,0,0.0824,14.469927
104846,10,0,0,0.3024,44.425335
104847,10,0.41,0,0.3439,51.715725
104848,10,3.74,0,0.4695,70.08424
104849,10,5.38,0,0.5796,91.61172
104850,10,0.83,0,0.3559,51.675865
104851,10,0,0,0,0
104852,9,0.07,0,0.9012,128.35802
104853,9,0.41,0,0.9449,139.87195
104854,9,0.78,0,0.9449,144.33127
104855,10,0.34,0,0.9447,124.15083
104859,10,3.28,0,0.3338,45.475136
104860,9,0.73,0,0.9447,128.10263
104863,10,0.12,0,0.9447,124.262054
104864,9,0.02,0,0.9448,130.88622
104865,9,0.02,0,0.9447,125.46796
104867,10,0,0,0,0
104868,10,0,0,0,0
104869,9,0.11,0,0.9448,134.3701
104870,10,0.03,0,0.692,95.06267
104871,10,0,0,0,0
104872,10,6.15,0,0.3937,61.986202
104873,10,1.24,0,0.0399,5.8842545
104874,10,0,0,0,0
104875,10,0,0,0,0
104876,10,0,0,0,0
104877,10,0,0,0,0
104879,10,0,0,0,0
104880,10,0,0,0,0
104881,10,0,0,0,0
104882,10,0,0,0,0
104883,10,0,0,0,0
104884,10,0,0,0,0
104885,10,1.77,0,0.5602,75.25069
104886,10,9.09,0,0.9404,124.68611
104887,10,5.7,0,0.518,66.316605
104888,10,10.26,0,0.5058,68.378
104889,10,1.27,0,0.1359,18.00984
104890,10,0.03,0,0.019,2.5139997
104891,10,0.76,0,0.1857,25.063694
104920,10,0,0,0,0
104921,10,0,0,0,0
104932,10,0,0,0,0
104936,10,0,0,0,0
104937,10,0,0,0,0
104938,10,0,0,0,0
105489,8,7.31,0,0.945,167.59682
105490,8,35.08,0,0.945,168.22693
105491,9,19.33,0,0.7042,132.5072
105492,7,34.55,0,0.9451,184.1048
105493,7,47.32,0,0.9451,187.785
105494,7,24.25,0,0.9451,197.53262
105495,7,63.99,0,0.9451,179.51077
105496,8,21,0,0.945,173.66362
105497,7,26.6,0,0.945,175.60078
105498,8,13.78,0,0.945,163.73152
105499,10,2.45,0,0.2857,45.727787
105500,10,0,0,0,0
105501,10,0,0,0,0
105502,10,0,0,0,0
105503,10,0,0,0,0
105504,10,0,0,0,0
105506,10,0,0,0,0
105507,10,0,0,0,0
105508,10,0,0,0,0
105509,10,0,0,0,0
105510,10,0,0,0,0
105511,10,0.25,0,0.1758,25.000896
105512,10,3.39,0,0.7996,119.99481
105513,9,0.14,0,0.9093,145.18636
105514,9,5.02,0,0.916,149.8806
105515,10,3.44,0,0.4527,75.041466
105516,10,2.5,0,0.6116,95.45293
105517,10,13.75,0,0.6404,119.50417
105518,10,2.71,0,0.3794,61.7562
105519,10,0.52,0,0.1085,18.232338
105520,10,0.01,0,0.001,0.16349182
105521,10,0,0,0,0
105522,10,1.64,0,0.1084,15.2577
105523,10,1.72,0,0.1115,15.780441
105524,10,0.24,0,0.0361,5.2487683
105525,10,6.45,0,0.723,120.75041
105526,10,1.38,0,0.0921,14.55736
105529,10,0,0,0,0
105530,9,0.81,0,0.8024,126.37962
105531,9,0.67,0,0.9449,146.21701
105532,8,9.28,0,0.9449,150.04343
105533,8,8.26,0,0.9446,152.07562
105534,10,0.29,0,0.3272,44.9091
105535,10,0.47,0,0.598,88.67937
105536,9,0.53,0,0.9448,136.36981
105537,9,0.1,0,0.9449,142.52948
105538,10,1.01,0,0.4714,69.62721
105539,9,2.11,0,0.9447,127.09324
105540,10,0.1,0,0.4351,56.709362
105543,10,0,0,0,0
105547,10,0,0,0.9447,122.88301
105551,10,0,0,0,0
105552,10,0.92,0,0.6317,99.92759
105553,9,0.68,0,0.9141,128.18439
105554,9,0.73,0,0.8855,132.80531
105555,10,0.01,0,0.0107,1.646419
105556,10,0,0,0,0
105557,10,9.11,0,0.3685,54.9743
105558,10,3.65,0,0.3591,56.164906
105559,10,0,0,0,0
105560,10,7.34,0,0.2955,47.085236
105561,10,1.34,0,0.0428,5.563096
105563,10,0,0,0,0
105564,10,0,0,0,0
105565,10,1.11,0,0.0318,4.5059657
105566,10,14.6,0,0.359,51.404953
105567,10,0,0,0,0
105568,10,0,0,0,0
105569,10,0.81,0,0.0546,7.3330984
105570,10,2.74,0,0.3565,48.84043
105571,10,3.46,0,0.1856,23.790789
105572,10,3.9,0,0.1811,24.163492
105573,10,3.54,0,0.2414,32.237804
105574,10,0.07,0,0.9447,121.76656
105575,9,3.48,0,0.9432,125.86632
105576,10,0,0,0,0
105602,10,0,0,0,0
105603,10,0,0,0,0
105604,10,0,0,0,0
105605,10,0,0,0,0
105616,10,0,0,0,0
105617,10,0,0,0,0
105618,10,0,0,0,0
105619,10,0,0,0,0
105620,10,0,0,0,0
105621,10,0,0,0,0
105622,10,0,0,0,0
105623,10,0,0,0,0
105624,10,0,0,0,0
105625,10,0,0,0,0
106173,8,3.87,0,0.945,160.80785
106174,8,16.6,0,0.945,157.30685
106175,8,21.97,0,0.9373,164.43701
106176,7,31.75,0,0.9451,178.10202
106177,7,42.3,0,0.9451,183.62238
106178,7,37.89,0,0.9451,192.97867
106179,7,49.79,0,0.9451,195.7288
106180,7,39.83,0,0.9451,189.68411
106181,8,29.44,0,0.945,174.22174
106182,8,7.54,0,0.945,165.57451
106184,10,0,0,0,0
106185,10,0,0,0,0
106186,10,0,0,0,0
106187,10,0,0,0,0
106188,10,0,0,0,0
106190,10,0,0,0,0
106191,10,0,0,0,0
106192,10,0,0,0,0
106194,10,0,0,0,0
106195,10,0,0,0,0
106196,10,0,0,0,0
106197,9,0.98,0,0.8665,139.54857
106198,9,7.46,0,0.9274,147.53928
106199,10,5.77,0,0.585,91.755844
106200,9,2.49,0,0.7603,142.91478
106201,7,25.48,0,0.9451,180.16743
106202,9,10.01,0,0.8635,148.25044
106203,10,9.95,0,0.6676,107.0686
106204,10,0.31,0,0.0915,14.820164
106205,10,7.68,0,0.4335,68.73973
106206,10,20.63,0,0.6028,88.43634
106207,10,6.45,0,0.3007,44.100502
106208,10,0.72,0,0.0862,12.543191
106209,10,0,0,0,0
106210,10,0,0,0,0
106213,10,0,0,0,0
106214,10,0,0,0.0117,1.8188701
106215,10,0.32,0,0.7702,124.86941
106216,8,0.7,0,0.9169,159.70607
106217,8,3.2,0,0.945,157.79472
106218,10,0,0,0.0133,1.8981109
106219,9,12.4,0,0.9353,127.20491
106220,9,5.82,0,0.9448,130.61234
106221,10,0.1,0,0.6749,98.7746
106222,10,0,0,0,0
106223,10,0.13,0,0.4838,71.20233
106224,10,2.18,0,0.8024,118.43348
106225,10,0.39,0,0.5318,69.67338
106235,9,1.68,0,0.9448,137.03085
106236,9,2.71,0,0.9392,139.14734
106237,8,0.17,0,0.8981,154.2947
106238,9,0.35,0,0.792,142.09229
106239,10,0.75,0,0.6224,96.31338
106240,10,0,0,0,0
106241,10,0,0,0,0
106242,9,0.12,0,0.6854,140.66081
106243,9,4.78,0,0.7659,142.29932
106244,10,5.6,0,0.689,114.66785
106245,10,0.26,0,0.1107,14.479137
106246,9,0.79,0,0.9449,138.58698
106247,10,0,0,0,0
106248,10,0,0,0,0
106249,10,2.8,0,0.2266,33.382595
106250,10,5.76,0,0.334,50.008797
106251,10,0,0,0,0
106252,10,0.06,0,0.0117,1.9004254
106253,10,0,0,0,0
106254,10,0,0,0,0
106255,10,0,0,0,0
106256,10,0,0,0,0
106257,10,4.63,0,0.3784,49.808613
106258,10,3.85,0,0.5196,70.48648
106259,10,2.71,0,0.3576,46.99946
106260,10,0.25,0,0.186,26.026846
106261,10,0,0,0.0029,0.3668046
106286,10,0,0,0,0
106287,10,0,0,0,0
106288,10,0,0,0,0
106289,10,0,0,0,0
106290,10,0,0,0,0
106291,10,0,0,0,0
106294,10,0,0,0,0
106295,10,0,0,0,0
106296,10,0,0,0,0
106297,10,0,0,0,0
106298,10,0,0,0,0
106299,10,0,0,0,0
106300,10,0,0,0,0
106301,10,0,0,0,0
106302,10,0,0,0,0
106303,10,0,0,0,0
106304,10,0,0,0,0
106305,10,0,0,0,0
106306,10,0,0,0,0
106307,10,0,0,0,0
106308,10,0,0,0,0
106858,10,2.99,0,0.4378,73.45091
106859,10,2.87,0,0.3161,52.817875
106860,8,12.57,0,0.9442,170.48836
106861,7,7.08,0,0.945,175.55754
106862,8,29.47,0,0.945,173.34045
106863,7,31.87,0,0.9451,181.74051
106864,7,25.69,0,0.9451,179.35158
106865,8,37.28,0,0.945,169.12015
106866,8,8.27,0,0.945,154.5263
106868,10,0,0,0,0
106869,10,0,0,0,0
106870,10,0,0,0,0
106871,10,0,0,0,0
106872,10,0,0,0,0
106874,10,0,0,0,0
106875,10,0,0,0,0
106880,10,0.04,0,0.6236,85.21229
106881,10,1.21,0,0.5142,80.25613
106882,10,0.09,0,0.2598,37.093895
106883,10,1.45,0,0.5578,94.52981
106884,9,2.09,0,0.7404,129.80678
106885,10,3.78,0,0.6728,124.848526
106886,8,3.06,0,0.945,167.55951
106887,9,5.38,0,0.8388,141.11658
106888,10,0.14,0,0.033,5.589455
106889,9,7.77,0,0.764,131.83485
106890,10,8.28,0,0.2724,41.791126
106891,10,1.38,0,0.0741,11.033981
106892,10,1,0,0.0719,10.816979
106893,10,17.35,0,0.7051,110.247536
106894,10,0.88,0,0.3166,47.084713
106895,10,0.63,0,0.3163,45.76357
106896,10,0,0,0,0
106897,10,0,0,0,0
106898,10,0,0,0,0
106899,8,0.25,0,0.945,156.50127
106900,8,2.42,0,0.9042,162.97075
106901,8,0.17,0,0.945,164.99007
106902,9,6.94,0,0.937,137.93439
106903,10,9.6,0,0.4704,66.19504
106904,10,0.71,0,0.9447,124.26804
106907,10,0.02,0,0.025,3.6810398
106908,10,0.45,0,0.7109,106.68969
106909,10,0,0,0,0
106917,10,0,0,0,0
106918,9,0.24,0,0.9448,130.29216
106919,9,2.52,0,0.9448,136.17313
106920,10,0.71,0,0.7224,107.71382
106921,10,0.41,0,0.5913,91.93932
106922,9,0.23,0,0.9449,146.21825
106924,10,0,0,0,0
106925,10,0,0,0,0
106926,10,5.24,0,0.4311,82.00492
106927,10,8.65,0,0.4874,91.65416
106928,10,0.85,0,0.1074,18.651903
106929,10,0,0,0,0
106931,10,2.45,0,0.1453,26.753632
106932,10,0.78,0,0.1912,34.314384
106933,10,0.06,0,0.0098,1.764173
106934,10,3.52,0,0.3464,57.513477
106935,9,15.05,0,0.808,143.07077
106936,10,5.14,0,0.6509,110.05917
106937,10,1.35,0,0.1537,25.791803
106938,10,0.04,0,0.0044,0.6433153
106939,10,6.36,0,0.408,61.392006
106940,10,17.77,0,0.5714,88.78418
106941,10,14.03,0,0.648,95.34979
106942,10,4.99,0,0.6379,88.68425
106943,10,0,0,0,0
106944,10,0.69,0,0.0874,11.970516
106973,10,0,0,0,0
106974,10,0,0,0,0
106975,10,0,0,0,0
106976,10,0,0,0,0
106978,10,0,0,0,0
106979,10,0,0,0,0
106980,10,0,0,0,0
106981,10,0,0,0,0
106982,10,0,0,0,0
106983,10,0,0,0,0
106988,10,0,0,0,0
106989,10,0,0,0,0
106990,10,0,0,0,0
106991,10,0,0,0,0
106992,10,0,0,0,0
106993,10,0,0,0,0
106994,10,0,0,0,0
107542,10,0,0,0,0
107543,10,0.38,0,0.0359,6.0270715
107544,9,3.67,0,0.86,145.39233
107546,8,26.33,0,0.9394,155.01773
107548,8,1.32,0,0.945,169.99269
107549,8,51.17,0,0.945,155.555
107550,8,20.69,0,0.9449,150.1342
107552,10,0,0,0,0
107553,10,0,0,0,0
107554,10,0,0,0,0
107555,10,0,0,0,0
107556,10,0,0,0,0
107557,10,0,0,0,0
107558,10,0,0,0,0
107559,10,0,0,0,0
107565,10,0,0,0,0
107566,10,0,0,0,0
107567,9,3.9,0,0.8777,143.66568
107568,9,2.68,0,0.8839,142.39789
107569,10,0.04,0,0.0799,14.361718
107570,10,0,0,0,0
107571,10,3.01,0,0.5548,102.43746
107572,10,1.54,0,0.2921,54.902573
107573,8,4.59,0,0.8926,161.91374
107574,10,5.03,0,0.551,93.6165
107575,10,3.54,0,0.3758,65.81165
107576,10,18.79,0,0.3696,56.583572
107577,10,12.17,0,0.4901,72.60288
107578,10,2.17,0,0.5857,85.06586
107579,10,0.76,0,0.2138,32.693604
107580,10,0,0,0,0
107581,10,0.01,0,0.0646,10.364972
107582,10,0.09,0,0.2625,42.04982
107583,9,0.5,0,0.7614,131.14868
107584,10,0,0,0,0
107585,7,1.84,0,0.945,175.31482
107586,10,16.77,0,0.5471,83.80219
107587,10,5.66,0,0.4105,58.831753
107588,10,0.34,0,0.7119,110.27962
107589,9,1.33,0,0.8762,130.07999
107590,10,0,0,0,0
107591,10,0.17,0,0.6488,99.09555
107602,9,0.05,0,0.9448,128.4864
107603,10,5.04,0,0.6963,97.182785
107604,10,1.78,0,0.6185,85.64129
107605,9,2.61,0,0.9269,137.81168
107606,10,0,0,0,0
107609,10,0,0,0,0
107610,10,0,0,0,0
107611,10,0,0,0,0
107612,10,0,0,0,0
107613,10,0,0,0,0
107614,10,1.97,0,0.5885,97.29995
107615,10,2.04,0,0.0898,16.521458
107616,10,5.83,0,0.3352,65.399826
107617,8,32.49,0,0.8444,168.41475
107618,6,54.13,0,0.9451,200.2492
107619,8,43.14,0,0.8024,157.27287
107620,10,3.4,0,0.112,21.094896
107621,10,0.74,0,0.0683,12.856432
107622,10,0.42,0,0.163,25.420341
107623,10,4.26,0,0.2629,45.548435
107624,8,20.23,0,0.9241,165.3641
107625,9,14.24,0,0.8794,143.16139
107626,9,0.1,0,0.9449,145.55809
107627,10,0,0,0,0
107628,10,0,0,0,0
107629,10,0,0,0,0
107630,10,0,0,0,0
107657,10,0,0,0,0
107658,10,0,0,0,0
107659,10,0,0,0,0
107660,10,0,0,0,0
107661,10,0,0,0,0
107662,10,0,0,0,0
107663,10,0,0,0,0
107664,10,0,0,0,0
107665,10,0,0,0,0
107666,10,0,0,0,0
107667,10,0,0,0,0
107677,10,0,0,0,0
107678,10,0,0,0,0
107679,10,0,0,0,0
108227,10,0,0,0,0
108229,10,1.26,0,0.1504,24.088165
108230,10,10,0,0.412,66.77717
108231,8,11.86,0,0.945,160.69092
108232,9,23.49,0,0.8737,141.39377
108234,8,0.49,0,0.9449,150.22769
108236,10,0,0,0,0
108237,10,0,0,0,0
108238,10,0,0,0,0
108239,10,0,0,0,0
108240,10,3.17,0,0.2416,33.208416
108241,10,0.97,0,0.2329,31.464716
108242,10,0,0,0,0
108248,10,0,0,0,0
108249,10,0,0,0,0
108250,10,0,0,0,0
108251,8,1.25,0,0.9258,155.1766
108253,8,0.28,0,0.8995,161.42796
108254,10,0,0,0,0
108255,7,2.46,0,0.9451,198.06204
108256,9,1.21,0,0.7971,149.66902
108257,9,2.42,0,0.7491,135.89493
108258,10,0.67,0,0.2261,40.063705
108259,10,2.88,0,0.2235,38.44194
108260,10,0,0,0,0
108261,10,1.13,0,0.2878,41.847385
108262,10,0.06,0,0.0231,3.3599348
108263,10,1.22,0,0.1967,28.613596
108264,10,0,0,0,0
108265,10,0.36,0,0.454,69.933014
108266,10,0.16,0,0.3247,50.641407
108267,10,0.1,0,0.1083,17.845888
108268,10,0.6,0,0.5159,89.46479
108269,8,8.88,0,0.945,156.61324
108270,10,7.68,0,0.6646,98.17331
108271,10,0,0,0,0
108272,10,0,0,0.0182,2.6797116
108273,9,0.33,0,0.9252,131.81265
108274,10,0,0,0.0017,0.24241991
108275,10,0,0,0,0
108276,10,0,0,0,0
108278,10,0.97,0,0.9447,124.56865
108286,10,1.25,0,0.665,87.39694
108287,10,1.13,0,0.4325,62.9261
108289,10,0.01,0,0.0032,0.46098834
108290,10,0,0,0,0
108293,10,11.24,0,0.8527,122.51985
108294,10,8.72,0,0.8508,116.7653
108295,10,0,0,0,0
108296,10,0,0,0,0
108297,10,0,0,0,0
108298,10,1.2,0,0.5314,98.0512
108299,10,5.48,0,0.5788,109.05319
108300,10,11.32,0,0.6156,114.15858
108301,7,67.82,0,0.9451,197.52661
108302,7,84.38,0,0.9451,191.62868
108303,8,69.01,0,0.8954,171.99643
108304,9,22.84,0,0.6534,127.27562
108305,10,0.33,0,0.0444,8.553256
108306,10,5.47,0,0.307,51.01597
108307,10,8.27,0,0.4852,78.994606
108308,10,13.04,0,0.5197,85.63049
108309,10,14.22,0,0.766,123.512794
108310,10,0,0,0,0
108311,10,0,0,0,0
108314,10,0,0,0,0
108315,10,0,0,0,0
108316,10,0,0,0,0
108340,10,0,0,0,0
108342,10,0,0,0,0
108343,10,0,0,0,0
108344,10,0,0,0,0
108345,10,0,0,0,0
108346,10,0,0,0,0
108347,10,0,0,0,0
108348,10,0,0,0,0
108349,10,0,0,0,0
108350,10,0,0,0,0
108360,10,0,0,0,0
108361,10,0,0,0,0
108362,10,0,0,0,0
108363,10,0,0,0,0
108364,10,0,0,0,0
108912,10,0.11,0,0.2453,37.551323
108913,10,1.72,0,0.6568,101.21531
108914,10,4.59,0,0.1884,32.074734
108915,10,15.07,0,0.6566,113.21142
108916,10,7.47,0,0.4864,78.53625
108917,8,15.89,0,0.945,158.00754
108918,9,3.28,0,0.9449,148.24045
108919,9,0,0,0.9448,130.35474
108920,10,0,0,0,0
108921,10,0,0,0,0
108922,10,0,0,0,0
108923,10,0,0,0,0
108924,10,1.54,0,0.1278,17.696756
108925,10,0.69,0,0.1579,21.91969
108926,10,0,0,0,0
108928,10,0,0,0,0
108929,10,0,0,0,0
108930,10,0,0,0,0
108931,10,0,0,0,0
108932,10,0,0,0,0
108933,10,0,0,0,0
108934,7,0.17,0,0.9451,179.15279
108935,8,0.65,0,0.945,165.12088
108937,10,0.27,0,0.5009,108.86018
108938,6,0.41,0,0.9451,216.05109
108939,7,2.12,0,0.9451,192.72697
108940,10,0.04,0,0.1643,32.31761
108941,9,10.55,0,0.7596,142.79623
108942,8,12.55,0,0.9199,171.75693
108943,10,1.4,0,0.4467,83.9959
108944,10,0.6,0,0.1179,20.216356
108945,10,0,0,0,0
108946,10,0,0,0,0
108947,10,0,0,0,0
108948,10,0,0,0,0
108949,10,0,0,0,0
108950,10,0.12,0,0.0609,10.211507
108951,10,0,0,0,0
108952,8,1.26,0,0.9439,168.43353
108953,10,20.27,0,0.7602,121.79829
108954,10,4.51,0,0.606,89.96719
108955,10,0,0,0,0
108956,10,0.07,0,0.4768,69.46693
108957,10,0,0,0,0
108958,10,0,0,0,0
108960,10,0.05,0,0.4453,67.552025
108970,10,0.45,0,0.1973,25.089064
108971,10,0.21,0,0.8572,109.453125
108972,10,0,0,0,0
108973,10,0.7,0,0.4295,57.202988
108974,10,1.06,0,0.6211,86.283775
108976,10,0.23,0,0.1166,15.713951
108977,10,2.93,0,0.22,29.758902
108978,10,1.78,0,0.1439,20.014036
108979,10,0,0,0,0
108980,10,7.7,0,0.3622,49.16205
108981,10,5.85,0,0.2757,38.799515
108982,10,2.2,0,0.2688,46.414898
108983,10,17.43,0,0.585,106.31231
108984,10,3.65,0,0.2765,49.63105
108985,8,47.36,0,0.8688,170.70296
108986,8,23.47,0,0.945,162.55566
108987,8,37.37,0,0.945,158.47144
108988,10,23.99,0,0.7044,116.78507
108989,10,0.12,0,0.0057,1.0908358
108990,10,0,0,0,0
108991,10,0,0,0,0
108992,10,2.48,0,0.1472,23.543196
108993,10,8.99,0,0.6858,109.07887
108994,10,0,0,0,0
108995,10,0,0,0,0
109021,10,0,0,0,0
109022,10,0,0,0,0
109023,10,0,0,0,0
109024,10,0,0,0,0
109027,10,0,0,0,0
109028,10,0,0,0,0
109029,10,0,0,0,0
109030,10,0,0,0,0
109031,10,0,0,0,0
109032,10,0,0,0,0
109033,10,0,0,0,0
109034,10,0,0,0,0
109035,10,0,0,0,0
109036,10,0,0,0,0
109043,10,0,0,0,0
109044,10,0,0,0,0
109045,10,0,0,0,0
109046,10,0,0,0,0
109047,10,1.76,0,0.3246,41.81053
109048,10,0,0,0,0
109595,10,0,0,0,0
109597,8,2.95,0,0.9374,150.88199
109598,10,2.01,0,0.1798,29.509703
109599,10,5.28,0,0.4904,81.6648
109600,10,12.05,0,0.6189,103.2984
109601,10,19.24,0,0.7458,120.76638
109602,8,6.13,0,0.9273,151.41566
109604,10,0,0,0,0
109605,10,0,0,0,0
109606,10,0,0,0,0
109607,10,0,0,0,0
109608,10,0,0,0,0
109609,10,0,0,0,0
109611,10,0,0,0,0
109612,10,0,0,0,0
109613,10,0,0,0,0
109614,10,0,0,0,0
109615,10,0,0,0,0
109616,10,0,0,0,0
109617,10,0,0,0,0
109618,8,0.08,0,0.945,164.37102
109619,8,4.02,0,0.9337,168.88052
109620,7,3.25,0,0.945,175.74197
109621,10,0.09,0,0.5551,118.773605
109622,7,0.37,0,0.9421,194.3689
109623,7,0.95,0,0.9451,185.53343
109624,10,0.09,0,0.3094,51.958538
109625,8,8.69,0,0.6839,150.25586
109626,7,13.81,0,0.9075,179.48756
109627,10,1.86,0,0.3713,65.75981
109628,10,5.3,0,0.5446,92.343704
109629,10,0.55,0,0.1741,30.183685
109630,10,0,0,0,0
109631,10,0,0,0,0
109634,10,0,0,0,0
109635,10,0,0,0,0
109636,9,1.21,0,0.8628,141.80867
109637,9,20.08,0,0.837,136.99753
109638,10,0.04,0,0.0808,12.876455
109639,9,1.24,0,0.8989,147.89706
109640,9,0.79,0,0.9418,148.8703
109642,10,0,0,0,0
109643,9,0.04,0,0.9449,148.3568
109645,10,0,0,0,0
109647,10,12.85,0,0.8994,121.24444
109648,9,2.96,0,0.9441,127.02179
109654,10,0.01,0,0.129,17.156157
109655,10,0.02,0,0.0713,9.192746
109657,10,0.02,0,0.0167,2.2085598
109658,10,0,0,0,0
109660,10,0.05,0,0.0157,2.2796628
109661,10,20.81,0,0.6005,86.75159
109662,10,5.76,0,0.1918,26.872362
109663,10,0,0,0,0
109664,10,22.99,0,0.6032,89.53359
109665,10,5.43,0,0.5167,83.50303
109666,10,0.52,0,0.0903,15.305472
109667,10,15.99,0,0.4944,90.19408
109668,8,32.92,0,0.8109,152.101
109669,8,49.28,0,0.914,169.96234
109670,9,20.54,0,0.8486,143.0025
109671,9,20.82,0,0.9114,148.45671
109672,10,11.24,0,0.3993,62.955128
109673,10,0,0,0,0
109674,10,0,0,0,0
109675,10,1.52,0,0.0701,11.287172
109676,10,3.26,0,0.2618,42.349277
109677,10,0.78,0,0.4208,69.8924
109678,10,0,0,0,0
109679,10,0,0,0,0
109680,10,0,0,0,0
109706,10,0,0,0,0
109707,10,0,0,0,0
109708,10,0,0,0,0
109709,10,0,0,0,0
109711,10,0,0,0,0
109713,10,0,0,0,0
109714,10,0,0,0,0
109715,10,0,0,0,0
109716,10,0,0,0,0
109717,10,0,0,0,0
109718,10,0,0,0,0
109721,10,0,0,0,0
109722,10,0,0,0,0
109727,10,0,0,0,0
109728,10,0,0,0,0
109729,10,0,0,0,0
109730,10,2.03,0,0.1357,18.038885
109731,10,1.89,0,0.1068,14.000134
109732,10,0,0,0,0
110279,10,0,0,0,0
110282,10,3.19,0,0.3739,60.680393
110283,10,3.07,0,0.1403,24.378786
110284,10,19.28,0,0.717,124.342766
110285,10,8.74,0,0.2701,46.866486
110286,10,17.06,0,0.5081,82.49133
110287,10,0.35,0,0.466,67.86647
110288,10,1.6,0,0.456,62.289726
110289,10,0,0,0.0005,0.064457074
110290,10,0,0,0,0
110291,10,0,0,0,0
110292,10,0,0,0,0
110293,10,0,0,0,0
110294,10,0,0,0,0
110295,10,0,0,0,0
110296,10,0,0,0,0
110297,10,0,0,0,0
110303,8,0.57,0,0.945,162.67172
110304,6,3.18,0,0.9451,201.6491
110305,8,2.51,0,0.9373,171.3462
110306,8,1.79,0,0.8896,155.83159
110307,9,1.08,0,0.7508,140.35725
110308,7,0.01,0,0.9451,182.43674
110309,10,1.7,0,0.4741,95.140816
110310,10,1.59,0,0.2087,41.973755
110311,10,3.63,0,0.3796,63.65761
110312,10,2.14,0,0.4266,66.69116
110313,10,0.5,0,0.4987,82.68777
110314,10,0,0,0,0
110315,10,0,0,0,0
110316,10,0,0,0,0
110317,10,0,0,0,0
110318,10,0,0,0,0
110319,10,0,0,0,0
110320,10,11.72,0,0.6511,100.83408
110321,10,1.88,0,0.4449,69.245834
110322,10,0,0,0,0
110323,10,0.05,0,0.1378,23.046562
110324,8,0,0,0.945,157.9967
110325,10,0.01,0,0.3118,48.06075
110326,10,0.16,0,0.3758,58.06859
110327,9,0.02,0,0.8662,136.2582
110328,10,0,0,0.1366,23.71912
110329,10,0,0,0,0
110330,10,0.01,0,0.0821,11.539446
110331,10,3.13,0,0.7063,95.998344
110332,10,0.53,0,0.1613,22.40398
110336,10,1.12,0,0.9447,122.92885
110337,9,0.32,0,0.9447,125.57043
110338,9,0.05,0,0.9447,125.531364
110339,10,0.01,0,0.9446,121.06196
110340,10,0,0,0,0
110341,10,0,0,0,0
110342,10,0,0,0,0
110343,10,0,0,0,0
110344,10,1.46,0,0.1352,17.312555
110345,10,7.06,0,0.2269,31.600796
110346,10,0,0,0,0
110347,10,0,0,0,0
110348,10,8.25,0,0.2594,42.959885
110349,10,1.28,0,0.4506,72.59376
110350,10,0,0,0,0
110351,10,10.41,0,0.2049,35.91603
110352,8,65.47,0,0.945,174.14558
110353,8,36.49,0,0.945,170.67822
110354,8,27.42,0,0.8946,152.05667
110355,10,11.64,0,0.7083,117.0596
110356,10,9.36,0,0.2748,45.09605
110357,10,0,0,0,0
110358,10,0,0,0,0
110359,10,2.29,0,0.0995,16.020756
110360,10,0,0,0,0
110361,10,0,0,0,0
110362,10,1.03,0,0.1328,19.24154
110363,10,0.82,0,0.0567,8.217838
110364,10,0,0,0,0
110387,10,0,0,0,0
110388,10,0,0,0,0
110389,10,0,0,0,0
110390,10,0,0,0,0
110391,10,0,0,0,0
110392,10,0,0,0,0
110393,10,0,0,0,0
110396,10,0,0,0,0
110397,10,0,0,0,0
110398,10,0,0,0,0
110399,10,0,0,0,0
110400,10,0,0,0,0
110401,10,0,0,0,0
110402,10,0,0,0,0
110411,10,0,0,0,0
110412,10,0,0,0,0
110413,10,0,0,0,0
110414,10,0,0,0,0
110415,10,0,0,0,0
110416,10,0,0,0,0
110963,10,0,0,0,0
110964,10,0.54,0,0.1261,20.296082
110966,10,4.74,0,0.6896,109.22044
110967,10,14.63,0,0.5525,93.67689
110968,8,47.49,0,0.945,162.08145
110969,10,26.25,0,0.566,95.41315
110970,10,11.74,0,0.3707,60.238716
110971,10,12.27,0,0.7463,114.32139
110972,9,4.43,0,0.9448,131.48485
110973,10,2.77,0,0.2791,37.96124
110974,10,0,0,0,0
110975,10,0,0,0,0
110976,10,0,0,0,0
110977,10,0,0,0,0
110978,10,0,0,0,0
110979,10,0,0,0,0
110980,10,0,0,0,0
110981,10,0,0,0,0
110982,10,0,0,0,0
110983,10,0,0,0,0
110987,8,0.21,0,0.9282,160.61386
110988,10,1.77,0,0.5842,106.24269
110989,8,1.95,0,0.945,161.8651
110990,8,0.71,0,0.933,172.84775
110991,9,0.87,0,0.6583,127.96704
110992,10,0,0,0.0294,5.6017394
110993,7,3.24,0,0.8222,185.56052
110994,10,0.14,0,0.0846,19.284817
110995,10,0.84,0,0.212,34.664425
110996,10,3.07,0,0.5054,83.26107
110997,8,9.74,0,0.945,154.80058
110998,10,0,0,0,0
110999,10,0,0,0,0
111000,10,0,0,0,0
111001,10,3.9,0,0.277,40.172974
111002,10,17.96,0,0.7279,109.85822
111003,10,6.96,0,0.4874,72.20999
111004,10,1.59,0,0.1171,17.33443
111005,10,0.48,0,0.1115,17.131884
111006,10,2.32,0,0.6526,94.71314
111007,10,0.06,0,0.136,21.437769
111008,10,0,0,0,0
111009,10,0.23,0,0.5323,82.414665
111010,9,0.04,0,0.9449,146.75058
111011,10,0,0,0,0
111012,10,0,0,0,0
111013,9,0.59,0,0.8391,133.22842
111014,10,0,0,0,0
111015,10,0,0,0,0
111016,10,0.14,0,0.0285,3.8488145
111017,10,0,0,0,0
111018,10,0,0,0,0
111019,10,0.03,0,0.0188,2.6012754
111020,10,3.56,0,0.5711,77.79077
111021,10,0.01,0,0.0482,6.4058747
111024,10,0.07,0,0.1612,20.9427
111025,10,0.01,0,0.0033,0.44233972
111027,10,1.2,0,0.4091,54.24074
111028,10,0.16,0,0.008,1.0671124
111029,10,0,0,0,0
111030,10,0,0,0,0
111031,10,0,0,0,0
111032,10,7.47,0,0.6997,122.3921
111033,10,0,0,0,0
111034,10,0,0,0,0
111035,10,9.72,0,0.3137,50.843414
111036,9,33.45,0,0.8414,140.519
111037,8,33.49,0,0.945,164.85452
111038,8,40.4,0,0.945,174.56839
111039,8,23.07,0,0.945,165.79556
111040,9,24.49,0,0.7718,131.66702
111041,10,0,0,0,0
111042,10,0,0,0,0
111043,10,0,0,0,0
111044,10,0,0,0,0
111045,10,0.17,0,0.0488,7.372744
111046,10,1.89,0,0.2094,30.92799
111047,10,0,0,0,0
111048,10,0,0,0,0
111049,10,0,0,0,0
111071,10,0,0,0,0
111072,10,0,0,0,0
111073,10,0,0,0,0
111074,10,0,0,0,0
111079,10,0,0,0,0
111080,10,0,0,0,0
111081,10,0,0,0,0
111082,10,0,0,0,0
111083,10,0,0,0,0
111084,10,0,0,0,0
111085,10,0,0,0,0
111086,10,0,0,0,0
111087,10,0,0,0,0
111090,10,0,0,0,0
111096,10,0,0,0,0
111097,10,0,0,0,0
111647,10,3.49,0,0.338,56.13884
111648,10,0.98,0,0.1444,23.450882
111649,10,4.02,0,0.6719,109.483025
111650,9,7.39,0,0.9449,149.29662
111651,8,22.66,0,0.945,156.13896
111652,10,4.98,0,0.3745,63.952465
111653,10,1.91,0,0.1808,28.849138
111654,10,13.09,0,0.4759,73.88474
111655,10,24.15,0,0.6207,98.47041
111656,10,2.17,0,0.2416,34.206467
111657,10,4.5,0,0.5845,79.822784
111658,10,0,0,0,0
111659,10,0,0,0,0
111660,10,0,0,0,0
111661,10,0,0,0,0
111662,10,0,0,0,0
111663,10,0,0,0,0
111664,10,0,0,0,0
111665,10,0,0,0,0
111666,10,0,0,0,0
111667,10,0,0,0,0
111672,8,1.94,0,0.826,170.49231
111673,7,5.15,0,0.9451,180.85822
111674,7,3.41,0,0.9451,187.20502
111675,7,3.82,0,0.9451,191.461
111676,7,0,0,0.9451,182.02512
111677,8,0.25,0,0.7961,171.52982
111678,10,3.1,0,0.6645,123.6023
111679,10,2.95,0,0.3346,64.83967
111680,10,4.59,0,0.347,62.374107
111681,10,5.94,0,0.5895,96.03075
111682,10,0,0,0,0
111683,10,0,0,0,0
111684,10,0,0,0,0
111685,10,5.91,0,0.2842,38.334366
111686,10,22.45,0,0.6812,103.17894
111687,10,8.67,0,0.2401,38.086445
111688,10,1.39,0,0.1354,19.656986
111689,10,0,0,0,0
111690,10,0.15,0,0.7616,113.359406
111691,10,0,0,0,0
111692,10,0,0,0,0
111693,10,0.04,0,0.7101,106.25466
111694,9,0.58,0,0.8106,130.6628
111695,10,1.27,0,0.6919,109.44969
111696,9,1.01,0,0.9245,147.896
111697,10,0.03,0,0.1335,21.311045
111698,10,0,0,0,0
111699,10,2.83,0,0.4708,71.97665
111700,10,0,0,0,0
111701,10,0,0,0,0
111703,10,3.31,0,0.4477,60.071873
111704,10,0.33,0,0.1052,14.652203
111708,10,0.01,0,0.9447,122.70579
111709,10,1,0,0.477,62.878204
111711,10,0,0,0,0
111712,10,0,0,0,0
111713,10,0,0,0,0
111714,10,0,0,0,0
111715,10,0,0,0,0
111716,10,0.11,0,0.109,19.796238
111717,10,0,0,0,0
111718,10,0,0,0,0
111719,8,1.95,0,0.9366,155.14346
111720,10,8.8,0,0.505,83.27613
111721,9,29.51,0,0.8474,146.6587
111722,8,23.52,0,0.945,168.1623
111723,8,43.91,0,0.945,168.26814
111724,8,26.68,0,0.9039,163.12303
111725,10,6.42,0,0.3392,58.63121
111726,10,0,0,0,0
111727,10,0,0,0,0
111728,10,0,0,0,0
111729,10,4.36,0,0.5673,80.91997
111730,9,2.13,0,0.9126,134.04556
111731,10,0,0,0,0
111732,10,0,0,0,0
111733,10,0,0,0,0
111754,10,0,0,0,0
111755,10,0,0,0,0
111756,10,0,0,0,0
111757,10,0,0,0,0
111758,10,0,0,0,0
111759,10,0,0,0,0
111760,10,0,0,0,0
111763,10,0,0,0,0
111764,10,0.01,0,0.0047,0.8457914
111765,10,0,0,0,0
111766,10,0,0,0,0
111767,10,0,0,0,0
111768,10,0,0,0,0
111769,10,0,0,0,0
111770,10,0,0,0,0
111771,10,0,0,0,0
112331,10,1.16,0,0.1052,17.247862
112332,10,3.34,0,0.381,62.97731
112333,10,1.53,0,0.212,35.14726
112334,9,9.15,0,0.9449,149.4195
112335,8,30.59,0,0.945,157.86142
112336,10,13.21,0,0.3266,51.122795
112337,10,1.52,0,0.1088,17.60694
112338,10,0.84,0,0.0661,10.676907
112339,10,2.07,0,0.1318,20.057852
112340,10,3.07,0,0.1896,28.116936
112341,10,3.39,0,0.4572,64.3106
112342,10,0,0,0,0
112343,10,0,0,0,0
112344,10,0,0,0,0
112345,10,0,0,0,0
112346,10,0,0,0,0
112350,10,0,0,0,0
112356,8,3.32,0,0.945,170.58502
112357,8,7.16,0,0.945,169.87201
112358,8,1.74,0,0.8552,152.96582
112359,8,2.1,0,0.8593,160.22787
112361,10,0.18,0,0.4202,77.07457
112362,10,2.8,0,0.5059,91.4583
112363,10,1.83,0,0.2117,33.695362
112364,10,0,0,0,0
112365,10,0,0,0,0
112366,10,0,0,0,0
112367,10,0,0,0,0
112368,10,1.59,0,0.0718,10.954601
112369,10,14.71,0,0.5323,81.10691
112370,10,27.59,0,0.6323,98.35248
112371,10,0,0,0,0
112372,10,4.84,0,0.4854,72.806854
112373,10,0,0,0,0
112377,10,0,0,0,0
112378,10,0.14,0,0.6849,107.85769
112379,9,1.89,0,0.87,136.9428
112380,8,4.17,0,0.945,156.749
112382,10,0.51,0,0.7966,116.340675
112383,10,1.06,0,0.7344,111.97311
112384,10,1.79,0,0.6573,100.71577
112387,10,4.27,0,0.7867,103.036385
112388,9,0.46,0,0.9447,126.64471
112389,10,0.34,0,0.9446,120.42572
112391,10,0.01,0,0.9447,123.32344
112392,10,0.45,0,0.9446,121.00714
112393,10,1.54,0,0.9446,120.99645
112395,10,0,0,0,0
112396,10,0,0,0,0
112397,10,0,0,0,0
112398,10,0,0,0,0
112399,10,0,0,0,0
112400,10,0,0,0,0
112401,10,0,0,0,0
112402,10,0.17,0,0.2667,39.094913
112403,10,7.39,0,0.5116,84.64041
112404,10,4.21,0,0.1981,33.569057
112405,8,42.29,0,0.8728,154.6551
112406,8,46.47,0,0.945,174.98283
112407,8,47.95,0,0.945,174.84714
112408,9,25.81,0,0.7561,134.7929
112409,10,0.37,0,0.024,4.1605673
112410,10,0,0,0,0
112411,10,0,0,0,0
112412,10,0.59,0,0.0342,5.695203
112413,10,3.24,0,0.2733,36.63341
112416,10,0,0,0,0
112437,10,0,0,0,0
112438,10,0,0,0,0
112439,10,0,0,0,0
112440,10,0,0,0,0
112441,10,0,0,0,0
112442,10,0,0,0,0
112443,10,0,0,0,0
112444,10,0,0,0,0
112445,10,0.22,0,0.1083,16.203653
112446,9,0.02,0,0.9448,137.27702
112447,9,0.07,0,0.7761,126.047935
112448,10,0.71,0,0.5065,84.46052
112449,10,0.32,0,0.1245,20.003368
112450,10,0,0,0,0
112451,10,0,0,0,0
112452,10,0,0,0,0
112453,10,0,0,0,0
112455,10,0,0,0,0
113015,10,0,0,0,0
113016,10,3.77,0,0.2662,45.23116
113017,10,0.37,0,0.0534,9.688206
113018,10,2,0,0.6332,106.35376
113019,9,10.61,0,0.8077,136.88802
113020,10,6.93,0,0.2246,36.498463
113021,10,5.75,0,0.3181,52.43714
113022,10,1.9,0,0.1499,24.423594
113023,10,9.29,0,0.4791,75.18588
113024,10,17.58,0,0.7435,116.17072
113025,10,2.76,0,0.568,86.5205
113026,10,0,0,0,0
113027,10,0,0,0,0
113028,10,0,0,0,0
113029,10,0,0,0,0
113030,10,0,0,0,0
113033,10,0,0,0,0
113034,10,0,0,0,0
113035,10,0,0,0,0
113040,9,4.48,0,0.7423,131.45958
113041,8,6.98,0,0.945,163.75987
113042,10,0.43,0,0.3534,59.640694
113043,7,0.77,0,0.945,175.86661
113044,8,0.51,0,0.9219,165.98587
113045,10,0.66,0,0.6363,112.86978
113046,10,3.16,0,0.6268,112.28804
113047,10,1.3,0,0.511,87.22234
113048,10,7.76,0,0.683,109.84914
113049,10,8.03,0,0.5633,90.0648
113050,10,0,0,0,0
113051,10,2.03,0,0.2525,40.08662
113052,10,20.18,0,0.7192,116.54288
113053,8,24.1,0,0.9449,153.73463
113054,10,21.85,0,0.7236,122.30785
113055,10,0,0,0,0
113056,10,7.28,0,0.5018,80.18338
113057,10,0.09,0,0.4896,78.163956
113058,9,0.04,0,0.9449,143.7619
113059,8,0.3,0,0.945,161.2981
113061,10,0,0,0,0
113062,9,7.83,0,0.8682,140.08621
113063,8,0.38,0,0.945,159.38963
113065,10,0,0,0,0
113066,10,4.17,0,0.8317,117.15778
113067,9,0.01,0,0.9449,146.81508
113068,10,0.13,0,0.1844,26.41506
113069,10,0,0,0,0
113070,10,3.42,0,0.9447,124.72019
113071,10,1.87,0,0.5496,79.181274
113072,10,0,0,0,0
113075,10,7.13,0,0.9447,123.55718
113076,10,1.28,0,0.3059,40.125027
113077,10,2.2,0,0.4621,63.98261
113079,10,0,0,0,0
113080,10,0,0,0,0
113081,10,0,0,0,0
113082,10,0,0,0,0
113083,10,0,0,0,0
113084,10,0,0,0,0
113085,10,2.3,0,0.2557,37.75143
113086,10,4.57,0,0.4917,77.0158
113087,10,2.24,0,0.1552,24.694073
113088,10,6.6,0,0.3096,52.521187
113089,8,38.88,0,0.945,166.61366
113090,7,53.06,0,0.945,176.44972
113091,8,35.28,0,0.93,171.8986
113092,10,4.68,0,0.2553,46.20194
113093,10,0,0,0,0
113094,10,0,0,0,0
113095,10,7.46,0,0.3374,57.13192
113096,10,14.28,0,0.5762,95.843185
113097,10,0,0,0,0
113123,10,0,0,0,0
113124,10,0,0,0,0
113125,10,0,0,0,0
113126,10,0,0,0,0
113127,10,0,0,0,0
113128,10,0,0,0,0
113129,10,5.22,0,0.3942,56.441753
113130,10,1.06,0,0.1177,17.561697
113131,10,0,0,0,0
113132,10,0,0,0,0
113133,10,0,0,0,0
113134,10,0,0,0,0
113135,10,0,0,0,0
113136,10,0,0,0,0
113137,10,0,0,0,0
113139,10,0,0,0,0
113700,10,0.97,0,0.1388,25.825413
113701,10,0.46,0,0.0588,10.945052
113702,10,0,0,0,0
113703,10,8.32,0,0.3596,59.518215
113704,10,7.79,0,0.4198,72.28353
113705,10,2.01,0,0.1407,23.76475
113706,10,6.16,0,0.4141,69.80051
113707,10,7.92,0,0.6075,103.19633
113708,10,16.84,0,0.7399,123.22494
113709,9,5.57,0,0.9447,145.31044
113710,10,0.23,0,0.033,4.6454697
113711,10,0,0,0,0
113712,10,0,0,0,0
113713,10,0,0,0,0
113714,10,0,0,0,0
113715,10,0,0,0,0
113717,10,0,0,0,0
113718,10,0,0,0,0
113719,10,0,0,0,0
113724,8,0.36,0,0.945,158.02477
113725,7,3.29,0,0.945,177.5335
113726,8,1.56,0,0.9006,172.13866
113727,10,2,0,0.3342,57.171497
113728,8,1.47,0,0.945,168.38914
113729,8,6.92,0,0.945,173.38846
113730,8,1.77,0,0.9405,164.52238
113731,8,9.61,0,0.9432,162.56688
113732,8,15.71,0,0.945,158.15854
113733,9,9.51,0,0.8326,135.1712
113734,10,0,0,0,0
113735,10,8.89,0,0.3902,62.803577
113736,10,5.76,0,0.3595,62.238575
113737,10,7.06,0,0.3962,66.4319
113738,10,15.52,0,0.645,105.10301
113739,10,0.3,0,0.0184,2.9166658
113740,10,11.23,0,0.549,88.448044
113741,10,0.02,0,0.0072,1.1700548
113742,10,0.45,0,0.3304,54.232643
113743,8,6.27,0,0.945,158.3494
113744,8,2.82,0,0.9436,153.59474
113745,8,0.52,0,0.945,157.66614
113746,9,5.46,0,0.882,136.23586
113747,10,0,0,0,0
113749,10,0.04,0,0.6465,103.00837
113750,10,0.04,0,0.3271,51.885983
113751,10,2.71,0,0.7592,115.052895
113753,10,0,0,0.0305,4.642891
113754,10,13.53,0,0.8235,117.65939
113755,10,5.26,0,0.7046,105.39019
113756,9,0.17,0,0.9449,140.15999
113758,9,1.43,0,0.9447,125.537025
113759,9,13.03,0,0.9448,133.64053
113760,9,2.25,0,0.9447,128.1523
113761,10,0.29,0,0.8944,121.76256
113762,9,6.91,0,0.9447,126.329414
113763,10,5.25,0,0.9447,122.84718
113765,10,0,0,0,0
113766,10,1.98,0,0.1337,21.804657
113767,10,0.98,0,0.0766,11.982564
113768,10,0.79,0,0.052,8.142746
113769,10,0,0,0,0
113770,10,0.58,0,0.0406,6.266531
113771,10,3.78,0,0.1426,22.563532
113772,10,30.52,0,0.7456,124.2852
113773,10,30.14,0,0.6265,114.66172
113774,10,30.52,0,0.6214,113.02652
113775,8,29.04,0,0.8966,161.98488
113776,9,2.61,0,0.7261,130.0654
113778,9,2.12,0,0.7612,141.89755
113779,10,11.28,0,0.6504,112.35924
113780,10,2.26,0,0.2881,46.834282
113781,10,0,0,0,0
113782,10,0,0,0,0
113807,10,0,0,0,0
113808,10,0,0,0,0
113810,10,0,0,0,0
113811,10,0,0,0,0
113812,10,0,0,0,0
113813,10,0,0,0,0
113814,10,0,0,0,0
113815,10,0,0,0,0
113816,10,0,0,0,0
113817,10,0,0,0,0
113818,10,0,0,0,0
113821,10,0,0,0,0
114384,10,1.01,0,0.0548,8.824757
114385,10,0,0,0,0
114386,10,0.08,0,0.0039,0.6208307
114387,10,0.24,0,0.0194,3.181119
114388,10,6.59,0,0.4497,74.60771
114389,10,3.86,0,0.2658,39.68952
114390,10,8.13,0,0.4543,74.00271
114391,10,2.1,0,0.2023,33.397297
114392,8,21.45,0,0.9436,159.3798
114393,9,6.45,0,0.9449,147.88815
114394,10,0,0,0,0
114395,10,0,0,0,0
114396,10,0,0,0,0
114397,10,0,0,0,0
114398,10,0,0,0,0
114399,10,0,0,0,0
114403,10,0,0,0,0
114404,10,0,0,0,0
114405,10,0,0,0,0
114406,10,0,0,0,0
114408,8,0.99,0,0.945,166.05507
114409,8,3.25,0,0.945,173.28577
114410,7,7.17,0,0.9451,198.66646
114411,7,0.95,0,0.91,180.862
114412,8,1.54,0,0.9212,165.28754
114413,7,2.25,0,0.9451,187.42981
114414,10,0,0,0,0
114415,8,6.27,0,0.8253,158.20955
114416,8,16.32,0,0.8518,155.15005
114417,8,10.27,0,0.8937,172.13911
114418,10,0,0,0,0
114419,10,3.46,0,0.2812,44.073402
114420,10,0.03,0,0.0044,0.7327131
114421,10,1.32,0,0.0886,14.230786
114422,10,10.32,0,0.5763,93.015434
114423,10,15.48,0,0.739,122.80226
114424,8,31.02,0,0.945,158.64333
114425,10,20.74,0,0.7361,122.135666
114426,9,17.58,0,0.8316,134.01932
114427,8,27.5,0,0.945,156.82538
114428,9,5.57,0,0.8752,142.86041
114429,8,2.15,0,0.945,158.9466
114430,10,0,0,0,0
114431,8,3.23,0,0.9354,157.69142
114433,9,9.03,0,0.8645,140.79036
114434,9,4.95,0,0.8987,146.4187
114435,10,0,0,0,0
114436,10,0,0,0,0
114437,10,0,0,0,0
114438,10,3.35,0,0.3259,48.865673
114439,9,0.9,0,0.9449,139.54817
114441,10,0.43,0,0.4862,64.28009
114442,9,0.13,0,0.9448,131.89578
114443,9,10.27,0,0.9449,143.54436
114444,10,1.24,0,0.398,60.736294
114445,10,0,0,0,0
114446,10,5.41,0,0.7032,98.41993
114447,10,0.43,0,0.1123,15.012402
114448,10,0,0,0,0
114449,10,5.21,0,0.254,39.469948
114450,10,9.47,0,0.6428,106.85127
114451,10,1.22,0,0.2304,35.86977
114452,10,10.18,0,0.472,76.4384
114453,10,0,0,0,0
114454,10,3.25,0,0.1666,27.30436
114455,10,21.92,0,0.5234,88.865715
114456,9,27.63,0,0.7749,140.43944
114457,10,2.56,0,0.2377,42.56746
114458,10,4.72,0,0.3355,64.28805
114459,10,1.28,0,0.4928,83.87485
114460,10,0,0,0,0
114461,10,1.17,0,0.4361,87.54299
114462,6,26.53,0,0.9451,201.56624
114463,9,5.56,0,0.7964,145.5268
114464,10,0.07,0,0.0101,1.7296401
114465,10,0,0,0,0
114466,10,0,0,0,0
114467,10,0,0,0,0
114468,10,0,0,0,0
114493,10,0,0,0,0
114494,10,0,0,0,0
114495,10,0,0,0,0
114496,10,0,0,0,0
114497,10,0,0,0,0
114498,10,0,0,0,0
114499,10,0,0,0,0
114500,10,0,0,0,0
114501,10,0,0,0,0
114502,10,0,0,0,0
114503,10,0,0,0,0
114510,10,0,0,0,0
114511,10,0,0,0,0
114512,10,0,0,0,0
114513,10,0,0,0,0
114515,10,0,0,0,0
115070,10,5.91,0,0.349,55.747887
115071,10,1.26,0,0.0623,9.9363365
115072,10,6.78,0,0.4216,67.34751
115073,10,13.38,0,0.591,95.34863
115074,10,1.43,0,0.1203,19.177315
115075,10,0.71,0,0.1348,21.394436
115076,8,29.66,0,0.9443,156.51237
115077,8,9.34,0,0.9449,152.91734
115078,9,0.06,0,0.9449,141.93375
115080,10,0,0,0,0
115081,10,0,0,0,0
115082,10,0,0,0,0
115083,10,0,0,0,0
115086,10,0,0,0,0
115087,10,0,0,0,0
115088,10,0,0,0,0
115089,10,0,0,0,0
115090,10,0,0,0,0
115093,7,0.24,0,0.9451,189.38043
115094,7,8.43,0,0.9395,196.98381
115095,7,3.29,0,0.9451,179.43599
115096,10,0.28,0,0.2761,53.88494
115097,8,3.43,0,0.7425,152.14465
115099,9,3.31,0,0.7251,135.22475
115100,10,2.02,0,0.3579,65.75252
115101,10,0.04,0,0.0869,15.460883
115102,10,0.58,0,0.2378,39.936234
115103,10,14.83,0,0.6719,110.11154
115104,10,8.06,0,0.481,77.56626
115105,10,4.23,0,0.1885,28.482248
115106,10,7.87,0,0.4313,66.96799
115107,9,12.06,0,0.8389,135.98328
115108,8,20.22,0,0.945,156.62267
115109,10,17.72,0,0.6265,105.52659
115110,8,43.33,0,0.945,162.66292
115111,8,24.97,0,0.9354,162.05916
115112,10,0.14,0,0.4941,76.4132
115113,8,2.91,0,0.945,162.27563
115114,10,0,0,0,0
115115,9,11.19,0,0.9254,147.12405
115116,9,1.42,0,0.9449,148.75146
115119,10,0,0,0,0
115120,10,0,0,0,0
115121,10,0,0,0,0
115122,10,3.68,0,0.1995,30.223001
115123,10,0.07,0,0.0123,1.7671295
115125,10,0,0,0,0
115126,9,0.33,0,0.9267,139.50677
115127,10,4.85,0,0.6136,96.58618
115128,10,0.42,0,0.4568,71.722275
115129,10,0.26,0,0.489,72.30921
115130,10,0.11,0,0.6816,110.878174
115131,10,0,0,0,0
115132,10,0,0,0,0
115133,10,10.99,0,0.4714,79.30263
115134,10,3.83,0,0.4118,65.89277
115135,10,10.15,0,0.6386,103.12594
115136,10,3.57,0,0.3088,50.524136
115137,10,1.27,0,0.0583,9.945069
115138,10,1.53,0,0.0835,13.902194
115139,8,54.97,0,0.8846,166.43202
115140,9,6.41,0,0.659,127.31051
115141,10,3.24,0,0.4357,84.682655
115142,7,9.09,0,0.9451,192.53352
115143,10,1,0,0.4735,85.59388
115144,10,3.49,0,0.3776,83.83117
115145,6,12.3,0,0.9175,220.28882
115146,6,4.94,0,0.9451,223.77814
115147,10,4.82,0,0.4329,74.25169
115148,10,0,0,0,0
115150,10,0,0,0,0
115151,10,0,0,0,0
115177,10,0,0,0,0
115178,10,0,0,0,0
115180,10,0,0,0,0
115181,10,0,0,0,0
115182,10,0,0,0,0
115183,10,0,0,0,0
115184,10,0,0,0,0
115185,10,0,0,0,0
115186,10,0,0,0,0
115187,10,0,0,0,0
115195,10,0,0,0,0
115196,10,0,0,0,0
115197,10,0,0,0,0
115198,10,0,0,0,0
115199,10,0,0,0,0
115200,10,0,0,0,0
115754,10,6.57,0,0.5739,84.42115
115755,10,2.01,0,0.1104,16.823233
115756,9,41,0,0.9449,145.95436
115757,9,12.55,0,0.8924,148.46991
115758,10,3.93,0,0.1563,26.36573
115759,10,0,0,0,0
115760,10,13.43,0,0.3123,49.577984
115761,10,11.16,0,0.5523,84.85588
115762,10,5.39,0,0.6419,94.95655
115763,10,0,0,0,0
115764,10,0,0,0,0
115765,10,0,0,0,0
115766,10,0,0,0,0
115770,10,0,0,0,0
115771,10,0,0,0,0
115772,10,0,0,0,0
115773,10,0,0,0,0
115774,10,0,0,0,0
115779,7,3.16,0,0.8769,179.66025
115780,10,0,0,0,0
115781,10,0.69,0,0.4347,97.19552
115783,10,0.23,0,0.1688,31.266836
115784,8,7.39,0,0.8796,168.35243
115785,10,0.15,0,0.1558,26.389166
115786,8,13.33,0,0.9007,154.06944
115787,10,18.07,0,0.6373,106.000916
115788,10,0.09,0,0.0084,1.3415108
115789,10,2.98,0,0.2063,30.712263
115790,10,2.42,0,0.1582,24.158855
115791,10,3.77,0,0.2515,38.08181
115792,10,14.01,0,0.5761,89.97499
115793,9,26.91,0,0.9206,148.14133
115794,8,39.54,0,0.945,162.03645
115795,10,10.02,0,0.4813,81.90952
115796,10,0.06,0,0.0052,0.8600659
115797,10,0.43,0,0.355,57.947884
115798,10,0,0,0,0
115799,9,6.41,0,0.8031,126.83845
115800,9,0.75,0,0.9449,148.95894
115801,10,0,0,0,0
115802,10,0,0,0,0
115803,10,0,0,0,0
115806,10,0,0,0,0
115807,10,0,0,0,0
115808,10,0,0,0,0
115809,10,0,0,0,0
115810,10,0,0,0,0
115811,10,0,0,0,0
115812,10,0.11,0,0.1437,21.541008
115813,9,0.89,0,0.9449,146.82706
115814,9,0.75,0,0.8331,146.0471
115815,10,0.61,0,0.2185,36.27393
115816,10,0.1,0,0.0395,6.8899517
115817,10,4.19,0,0.5918,99.02409
115818,10,0.08,0,0.0389,6.4327464
115819,10,14.3,0,0.7169,116.62626
115820,9,11.56,0,0.8431,140.33226
115821,10,10.32,0,0.4528,72.92961
115822,10,11.94,0,0.5294,96.12212
115823,7,34.35,0,0.9451,196.55539
115824,8,10.89,0,0.9001,173.93668
115825,10,3.72,0,0.5682,107.80672
115826,7,0.51,0,0.9451,190.77081
115827,6,0.39,0,0.9451,223.9491
115828,6,4.79,0,0.9401,207.94963
115829,6,8.84,0,0.9451,224.70247
115831,10,2.84,0,0.52,109.977905
115832,10,0,0,0,0
115833,10,0,0,0,0
115834,10,0,0,0,0
115835,10,0,0,0,0
115836,10,0,0,0,0
115863,10,0,0,0,0
115864,10,0,0,0,0
115865,10,0,0,0,0
115866,10,0,0,0,0
115869,10,0,0,0,0
115878,10,0,0,0,0
115879,10,0,0,0,0
115880,10,0,0,0,0
115881,10,0,0,0,0
115882,10,0,0,0,0
115883,10,0,0,0,0
115884,10,0,0,0,0
116438,9,18.73,0,0.9449,138.64732
116439,10,3.26,0,0.0916,13.503309
116440,10,10.6,0,0.3246,51.732437
116441,10,17.11,0,0.6254,100.21778
116442,10,8.59,0,0.2607,41.595604
116443,10,0,0,0,0
116444,10,0,0,0,0
116445,10,3.73,0,0.1885,28.625622
116446,10,2.52,0,0.445,67.23057
116447,10,0,0,0,0
116448,10,0,0,0,0
116449,10,0,0,0,0
116450,10,0,0,0,0
116456,10,0,0,0,0
116459,10,0.05,0,0.3477,51.20373
116460,9,0.09,0,0.9449,139.45097
116463,8,6.78,0,0.8953,170.78526
116464,10,0.79,0,0.1694,30.416769
116465,10,1.3,0,0.2593,50.353134
116468,8,8.2,0,0.907,173.18417
116469,10,0.44,0,0.208,36.96073
116470,9,6.09,0,0.7346,133.17937
116471,10,8.57,0,0.5345,92.39476
116472,10,0.38,0,0.077,12.258536
116473,10,0.07,0,0.009,1.430438
116474,10,0,0,0,0
116475,10,6.47,0,0.3163,52.79905
116476,10,4.14,0,0.1888,31.593172
116477,10,13.95,0,0.4486,74.65373
116478,8,28.99,0,0.9426,160.96466
116479,9,29.33,0,0.8664,145.4763
116480,10,9.01,0,0.462,73.554756
116481,10,3.73,0,0.6158,96.80973
116483,10,2.11,0,0.5533,88.689995
116485,10,0.02,0,0.1534,24.134678
116486,10,0,0,0,0
116491,10,0,0,0,0
116492,10,3.56,0,0.3321,50.503746
116493,8,8.56,0,0.9307,150.99243
116494,10,0,0,0,0
116495,10,0,0,0,0
116496,10,0,0,0,0
116497,8,0.27,0,0.8517,160.955
116498,10,0.13,0,0.1411,25.248236
116499,10,0.11,0,0.0339,6.0636873
116500,10,0.01,0,0.0036,0.62013966
116501,10,0.62,0,0.2897,47.991383
116502,10,0,0,0,0
116503,10,2.94,0,0.157,26.00503
116504,10,8.28,0,0.4875,79.99888
116505,10,4.37,0,0.3111,46.789753
116506,8,15.95,0,0.8448,150.47302
116507,10,0.99,0,0.3665,75.24777
116508,10,0.32,0,0.1182,22.487677
116509,10,3.55,0,0.6042,110.47634
116510,8,0.06,0,0.945,167.29315
116512,5,6.35,0,0.945,237.14128
116513,6,0.84,0,0.9451,215.38625
116514,6,1.9,0,0.8918,216.21968
116515,7,3.89,0,0.8404,198.0245
116516,10,0.66,0,0.3805,61.961285
116517,10,0.16,0,0.2404,38.09761
116518,10,0,0,0,0
116519,10,0,0,0,0
116547,10,0,0,0,0
116548,10,0,0,0,0
116549,10,0,0,0,0
116550,10,0,0,0,0
116560,10,0,0,0,0
116561,10,0,0,0,0
116562,10,0,0,0,0
116563,10,0,0,0,0
116564,10,0,0,0,0
116565,10,0,0,0,0
116566,10,0,0,0,0
116567,10,0,0,0,0
116568,10,0,0,0,0
117122,9,19.16,0,0.9435,137.42604
117123,10,4.43,0,0.3402,51.328762
117124,10,0.17,0,0.0133,2.0199628
117125,10,6.33,0,0.2203,38.222637
117126,10,0.01,0,0.0004,0.06424934
117127,10,0,0,0,0
117128,10,0,0,0,0
117129,10,4.24,0,0.1114,16.817078
117130,10,9.49,0,0.6445,95.73538
117131,10,0.2,0,0.0177,2.5257232
117132,10,0,0,0,0
117140,10,0,0,0,0
117144,10,0,0,0,0
117147,10,0.63,0,0.5125,86.289856
117148,10,9.24,0,0.6298,114.02169
117149,9,6.78,0,0.6991,131.37358
117150,10,0,0,0,0
117151,10,0.21,0,0.0764,14.718503
117152,10,1.53,0,0.1669,30.91322
117153,10,5.39,0,0.5439,98.76397
117154,10,0,0,0,0
117155,10,0,0,0,0
117156,10,0.98,0,0.1307,20.847174
117157,10,0.06,0,0.0068,1.087026
117158,10,5.25,0,0.5912,101.60098
117159,10,11.47,0,0.615,104.35807
117160,10,5.74,0,0.3163,54.425102
117161,10,0,0,0,0
117162,9,22.57,0,0.799,137.28116
117163,8,27.18,0,0.945,158.88875
117164,10,10.57,0,0.5828,96.92289
117165,10,9.15,0,0.2965,45.80542
117166,10,2.2,0,0.2368,37.575184
117167,10,0.44,0,0.2667,41.97738
117168,10,0.04,0,0.6363,99.413795
117169,9,8.64,0,0.9404,145.21341
117170,9,0.58,0,0.9449,142.9272
117176,10,17.7,0,0.7591,117.247154
117177,9,8.91,0,0.9449,148.90207
117178,10,0,0,0,0
117179,10,0.1,0,0.0589,9.216508
117180,10,0,0,0,0
117181,10,0.44,0,0.6125,106.49716
117182,10,0,0,0,0
117183,10,0,0,0,0
117184,10,0.7,0,0.3481,56.15203
117185,10,1.83,0,0.3357,53.02752
117186,10,0,0,0,0
117187,10,5.98,0,0.4552,75.200226
117188,8,35.22,0,0.9446,164.141
117189,8,37.42,0,0.9428,162.79903
117190,8,29.01,0,0.945,171.8104
117191,8,5.65,0,0.945,159.81564
117192,9,7.46,0,0.8034,149.06139
117193,9,4.36,0,0.6444,127.06624
117194,10,0.06,0,0.2005,37.208683
117195,10,0,0,0,0
117196,6,3.52,0,0.9439,205.21867
117197,6,0.22,0,0.9451,223.48248
117198,6,3.72,0,0.9426,202.3211
117199,10,7.04,0,0.3557,63.831894
117200,10,0,0,0,0
117201,10,1.94,0,0.3807,64.28007
117227,10,0,0,0,0
117228,10,0,0,0,0
117230,10,0,0,0,0
117231,10,0,0,0,0
117232,10,0,0,0,0
117233,10,0,0,0,0
117234,10,0,0,0,0
117235,10,0,0,0,0
117236,10,0,0,0,0
117241,8,1.25,0,0.945,168.43478
117242,10,0.02,0,0.1841,32.789642
117243,10,0,0,0,0
117244,10,0.58,0,0.1917,28.867714
117245,10,7.03,0,0.4941,76.94524
117246,10,0.65,0,0.0861,13.498788
117247,10,0,0,0,0
117248,10,0,0,0,0
117249,10,0,0,0,0
117250,10,0,0,0,0
117251,10,0,0,0,0
117252,10,0,0,0,0
117804,10,1.5,0,0.2088,31.551538
117805,10,4.73,0,0.2387,35.858025
117806,10,6.26,0,0.4335,62.613342
117807,10,6.51,0,0.6369,98.91523
117808,10,0.58,0,0.0287,4.518545
117809,10,0,0,0,0
117810,10,0,0,0,0
117811,10,0,0,0,0
117812,10,5.1,0,0.3881,56.105133
117813,10,6.98,0,0.2583,39.58373
117814,10,6.51,0,0.3129,45.1971
117815,10,2.68,0,0.2439,35.113487
117816,10,0,0,0,0
117825,10,0,0,0,0
117831,10,0,0,0,0
117832,8,8.67,0,0.945,172.69107
117833,7,15.94,0,0.945,175.48915
117834,10,2.58,0,0.5443,98.25739
117835,9,7.73,0,0.7838,147.36122
117836,10,0.08,0,0.473,89.66431
117837,10,0,0,0,0
117838,10,0,0,0,0
117839,10,2.3,0,0.5972,100.71388
117840,10,4.21,0,0.2879,48.783394
117841,10,5.39,0,0.5084,83.87131
117842,10,0.55,0,0.0848,14.247088
117843,10,6.51,0,0.5679,95.580925
117844,10,11.78,0,0.7044,116.28601
117845,10,1.1,0,0.0628,10.433559
117846,10,5.34,0,0.2875,48.29613
117847,10,18.94,0,0.7414,123.753586
117848,10,6.22,0,0.2817,48.30724
117849,10,3.99,0,0.1542,24.616327
117850,10,0,0,0,0
117851,10,6.39,0,0.1725,27.073587
117852,9,32.44,0,0.9107,148.4673
117853,8,22.09,0,0.9449,153.13255
117854,10,0,0,0,0
117858,8,0.43,0,0.945,160.20538
117859,10,1.81,0,0.2858,46.16064
117860,9,31.94,0,0.9298,145.77104
117861,9,4.19,0,0.9021,138.3738
117862,10,0,0,0,0
117863,10,0.1,0,0.028,4.3806386
117864,8,2.69,0,0.9449,152.1019
117865,10,0.18,0,0.353,56.410202
117866,10,0,0,0,0
117867,10,0,0,0,0
117868,10,1.03,0,0.3026,53.094955
117869,10,0.11,0,0.0092,1.5856653
117870,10,2.22,0,0.1902,32.282692
117871,9,28.84,0,0.8927,140.2675
117872,9,22.7,0,0.9096,146.09822
117873,10,4.04,0,0.3724,64.62333
117874,9,4.36,0,0.7853,135.91466
117875,10,1.46,0,0.6678,97.5513
117876,10,0.59,0,0.2169,38.53669
117877,10,1.26,0,0.4046,72.3131
117878,9,0.05,0,0.7378,132.76273
117879,8,1.7,0,0.9374,173.75424
117880,10,2.11,0,0.2815,55.112503
117881,10,0.2,0,0.1572,27.003403
117882,9,2.26,0,0.8238,149.64333
117883,10,0,0,0,0
117884,10,0,0,0,0
117885,10,0,0,0,0
117886,10,0,0,0,0
117911,10,0,0,0,0
117912,10,0,0,0,0
117913,10,0,0,0,0
117914,10,0,0,0,0
117915,10,0,0,0,0
117916,10,0,0,0,0
117917,10,0,0,0,0
117919,10,0,0,0,0
117920,10,0.4,0,0.3355,49.99794
117925,8,7.19,0,0.945,170.12546
117926,10,2.61,0,0.5551,102.69691
117927,10,0,0,0,0
117928,10,0,0,0,0
117929,10,0,0,0,0
117930,10,0,0,0,0
117931,10,0,0,0,0
117932,10,0,0,0,0
117933,10,0,0,0,0
117934,10,0,0,0,0
117935,10,0,0,0,0
117936,10,0,0,0,0
117937,10,0,0,0,0
118488,10,2.46,0,0.4062,64.675
118489,10,0.56,0,0.0856,14.157731
118490,10,7.76,0,0.4213,68.87892
118491,10,1.3,0,0.146,24.082136
118492,10,4.84,0,0.3027,47.890312
118493,10,0,0,0,0
118494,10,0,0,0,0
118495,10,0,0,0,0
118496,10,4.8,0,0.2873,44.053238
118497,10,0.42,0,0.0893,13.997977
118498,10,8.1,0,0.4713,69.96868
118499,10,1.6,0,0.1763,26.190613
118500,10,0,0,0,0
118508,10,0,0,0,0
118509,10,0,0,0,0
118510,10,0,0,0,0
118516,9,1.21,0,0.7079,125.59092
118517,9,7.19,0,0.6938,125.64918
118518,10,0.14,0,0.2457,43.56038
118519,10,0.04,0,0.031,5.5006094
118520,10,1.5,0,0.4497,84.852875
118521,7,0,0,0.945,175.80598
118522,8,0.03,0,0.7826,161.5744
118523,8,0.72,0,0.945,159.84984
118524,10,1.93,0,0.2484,43.004112
118525,10,0,0,0,0
118526,10,5.47,0,0.4699,78.712524
118527,10,5.35,0,0.3292,55.58054
118528,10,8.36,0,0.4504,74.60802
118529,10,8.53,0,0.4534,75.54448
118530,8,23.5,0,0.8957,153.2539
118531,9,21.22,0,0.89,146.22311
118532,10,6.76,0,0.3235,52.01568
118533,10,11.02,0,0.5811,95.520096
118534,10,0,0,0,0
118535,10,22.3,0,0.7751,120.88948
118536,10,16.27,0,0.6268,106.31296
118537,9,12.09,0,0.8211,136.8515
118538,10,0,0,0,0
118541,10,0.12,0,0.0697,11.983519
118542,8,1.92,0,0.945,160.14917
118543,8,13.37,0,0.945,159.51303
118544,9,21.46,0,0.8753,149.22845
118545,9,0.08,0,0.9189,149.69331
118546,10,3.71,0,0.7471,103.48821
118547,9,4.36,0,0.9446,142.86142
118548,8,5.02,0,0.9449,152.52017
118549,10,0.32,0,0.5148,82.69466
118550,10,0.01,0,0.0039,0.62986
118551,10,0,0,0,0
118552,10,1.85,0,0.1541,25.575989
118553,9,24.36,0,0.7944,137.5003
118554,10,17.78,0,0.6921,118.42519
118555,9,16.06,0,0.8817,126.9199
118556,10,1.45,0,0.1786,26.136658
118557,10,0.21,0,0.0991,15.317442
118558,10,0.4,0,0.2775,43.14545
118559,10,0.49,0,0.2564,42.555954
118560,10,1.79,0,0.767,122.1023
118561,10,0.78,0,0.3869,61.607033
118562,10,0,0,0,0
118563,10,0.54,0,0.183,33.13492
118564,10,0.16,0,0.0918,16.630323
118565,10,1.84,0,0.4571,80.324265
118566,10,0.17,0,0.108,18.69451
118567,10,0,0,0,0
118568,10,0,0,0,0
118569,10,0,0,0,0
118570,10,0,0,0,0
118595,10,0,0,0,0
118596,10,0,0,0,0
118597,10,0,0,0,0
118598,10,0,0,0,0
118599,10,0,0,0,0
118600,10,0,0,0,0
118601,10,0,0,0,0
118603,10,0,0,0,0
118604,10,0,0,0,0
118605,10,0,0,0,0
118606,10,0,0,0,0
118609,8,6.83,0,0.945,158.86401
118610,8,22.78,0,0.9434,165.92859
118611,10,0,0,0,0
118614,10,0,0,0,0
118615,10,0,0,0,0
118616,10,0,0,0,0
118617,10,0,0,0,0
118618,10,0,0,0,0
118619,10,0.09,0,0.0378,5.8369894
118620,10,0,0,0.0035,0.5337108
118621,10,0,0,0,0
119172,8,17.4,0,0.942,151.57373
119173,10,0.23,0,0.4096,55.299263
119174,10,8.57,0,0.653,110.521225
119175,10,5.26,0,0.6252,96.05888
119176,9,8.42,0,0.9344,143.23721
119177,10,0.09,0,0.0024,0.39124882
119178,10,0,0,0,0
119179,10,0,0,0,0
119180,10,3.56,0,0.2518,39.073917
119181,10,6.56,0,0.4908,75.08234
119182,10,1.73,0,0.1144,16.42963
119183,10,5.13,0,0.3547,50.949703
119184,10,1.21,0,0.1456,20.865862
119185,10,0,0,0,0
119194,10,0,0,0,0
119200,8,1.71,0,0.945,170.75792
119201,9,2.23,0,0.6732,125.7389
119202,10,0,0,0,0
119203,10,0,0,0,0
119205,10,0,0,0,0
119206,10,0,0,0,0
119207,7,0.01,0,0.9451,193.1781
119208,10,0.43,0,0.5975,103.2984
119209,10,1.92,0,0.401,74.12947
119210,10,7.31,0,0.6215,103.90482
119211,10,2.39,0,0.1344,21.512316
119212,10,6.43,0,0.4153,72.51645
119213,10,2.83,0,0.1649,27.549448
119214,9,18.96,0,0.735,128.45241
119215,10,12.65,0,0.638,106.57823
119216,10,1.49,0,0.0935,14.84593
119217,10,2.07,0,0.1323,21.010098
119218,10,0,0,0,0
119219,10,22.58,0,0.5718,92.733826
119220,10,0.02,0,0.0007,0.1166526
119221,10,0,0,0,0
119222,10,3.21,0,0.4281,67.65967
119224,10,2.38,0,0.5953,94.797
119225,10,0.48,0,0.044,7.018363
119226,10,9.18,0,0.6627,112.33615
119227,10,6.01,0,0.6145,106.80625
119228,9,9.73,0,0.8497,148.6203
119229,10,0,0,0,0
119230,10,2.83,0,0.5582,86.1249
119231,10,7.79,0,0.6451,106.588905
119232,10,1.88,0,0.4261,72.123695
119233,10,0.52,0,0.1324,22.68674
119234,10,0,0,0,0
119235,10,0,0,0,0
119236,10,12.38,0,0.5432,86.10441
119237,8,24.74,0,0.9449,150.75073
119238,10,10.31,0,0.497,76.10602
119239,10,8.32,0,0.4078,54.736996
119240,10,13.03,0,0.7666,114.57309
119241,10,3.46,0,0.5483,85.392815
119242,10,1.79,0,0.5562,93.95049
119243,9,8.15,0,0.6979,126.464355
119244,10,1.22,0,0.6757,109.42609
119245,10,0,0,0,0
119246,10,1.06,0,0.3056,49.64416
119247,10,0,0,0,0
119249,10,0,0,0,0
119250,10,0,0,0,0
119252,10,0,0,0,0
119278,10,0,0,0,0
119279,10,0,0,0,0
119280,10,0,0,0,0
119281,10,0,0,0,0
119282,10,0,0,0,0
119283,10,0,0,0,0
119284,10,0,0,0,0
119285,10,0,0,0,0
119286,10,0,0,0,0
119287,10,0,0,0,0
119288,10,0,0,0,0
119289,10,0,0,0,0
119293,8,2.48,0,0.9449,151.97035
119294,8,20.91,0,0.945,157.02214
119295,10,0,0,0,0
119296,10,0,0,0,0
119298,10,0,0,0,0
119299,10,0,0,0,0
119300,10,0,0,0,0
119301,10,0,0,0,0
119303,10,0.15,0,0.2851,43.997204
119304,10,0.01,0,0.0013,0.19834055
119305,10,0,0,0,0
119306,10,0,0,0,0
119857,10,0.35,0,0.6945,112.79959
119858,10,0.13,0,0.3659,56.675247
119859,9,17.63,0,0.8807,140.20421
119860,10,9.25,0,0.8502,120.867775
119861,10,0.92,0,0.0584,8.725055
119862,10,0,0,0,0
119863,10,0,0,0,0
119864,10,0,0,0,0
119865,10,0,0,0,0
119866,10,0.58,0,0.0867,12.657002
119867,10,5.4,0,0.3167,45.76901
119868,10,2.55,0,0.1976,27.410452
119869,10,0,0,0,0
119870,10,0,0,0,0
119878,10,0,0,0,0
119884,10,0.54,0,0.2039,37.16915
119885,8,3.81,0,0.8679,158.31151
119887,10,0,0,0.3233,56.730537
119893,7,0.71,0,0.9451,192.17432
119894,10,1.12,0,0.2675,47.089214
119895,10,0.73,0,0.0792,13.386441
119896,10,0,0,0,0
119897,10,0,0,0,0
119898,10,0.56,0,0.0362,6.457317
119899,10,0,0,0,0
119900,10,0,0,0,0
119901,10,0,0,0,0
119902,10,8.23,0,0.3136,54.71165
119903,10,20.85,0,0.6522,109.16969
119904,10,0,0,0,0
119905,10,0,0,0,0
119906,9,3.38,0,0.9234,147.71626
119907,8,1.55,0,0.9449,153.09718
119908,8,3.17,0,0.9342,156.59453
119909,10,1.67,0,0.228,34.756832
119910,8,22.33,0,0.901,152.77393
119911,9,32.03,0,0.8155,140.7395
119912,10,1.06,0,0.3477,54.7275
119913,9,0.32,0,0.8083,142.77834
119914,9,2.74,0,0.8315,140.87546
119915,10,0.86,0,0.2446,41.29518
119916,10,0.02,0,0.0024,0.42487234
119917,10,0,0,0,0
119918,10,0,0,0,0
119919,10,0.63,0,0.0572,9.491229
119920,9,18.31,0,0.786,130.79953
119921,8,29.21,0,0.945,165.72691
119922,10,5.24,0,0.4922,77.29225
119923,10,3.03,0,0.2156,29.5074
119924,10,2.78,0,0.218,31.999977
119925,10,1.84,0,0.1356,21.053715
119926,10,2.76,0,0.4293,69.36065
119927,10,0.03,0,0.0069,1.2284703
119928,10,0,0,0,0
119929,10,0.15,0,0.1791,27.677553
119930,10,3.93,0,0.7641,124.13675
119931,10,0,0,0,0
119933,10,0,0,0,0
119937,10,0,0,0,0
119963,10,0,0,0,0
119964,10,0,0,0,0
119965,10,0,0,0,0
119966,10,0,0,0,0
119967,10,0,0,0,0
119968,10,0,0,0,0
119969,10,0,0,0,0
119970,10,0,0,0,0
119971,10,0,0,0,0
119972,10,0,0,0,0
119973,10,0,0,0,0
119974,10,0,0,0,0
119975,10,0,0,0,0
119977,9,1.9,0,0.918,147.70349
119978,8,21.98,0,0.9413,158.63779
119979,10,0,0,0,0
119980,10,0,0,0,0
119981,10,0,0,0,0
119982,10,0,0,0,0
119983,10,0,0,0,0
119984,10,0,0,0,0
119985,10,0,0,0,0
119986,10,0,0,0,0
119987,10,0,0,0,0
119988,10,0,0,0,0
119989,10,0,0,0,0
119990,10,0,0,0,0
120542,10,0,0,0,0
120543,8,1.88,0,0.945,156.9701
120544,10,2.31,0,0.1878,27.798964
120545,10,0.61,0,0.0536,7.873883
120546,10,2.54,0,0.1084,14.784552
120547,10,4.1,0,0.2756,37.67762
120548,10,0,0,0,0
120549,10,0,0,0,0
120550,10,0,0,0,0
120551,10,1.61,0,0.0645,9.277579
120552,10,1.01,0,0.112,15.403348
120553,10,0,0,0,0
120554,10,0,0,0,0
120555,10,0,0,0,0
120568,10,0.85,0,0.4919,96.88521
120569,10,1.25,0,0.3943,76.38485
120571,7,0,0,0.9451,183.87813
120577,8,0.49,0,0.9449,150.88708
120578,10,1.49,0,0.498,84.040634
120579,10,1.39,0,0.2043,34.526936
120580,10,0,0,0,0
120581,10,0,0,0,0
120582,10,0,0,0,0
120583,10,0,0,0,0
120584,10,0,0,0,0
120585,10,0,0,0,0
120586,10,2.61,0,0.2278,39.038845
120587,9,8.25,0,0.8784,137.83234
120588,10,2.59,0,0.2538,35.29962
120589,10,0.53,0,0.093,13.951267
120590,10,1.9,0,0.5077,78.09415
120592,8,3.57,0,0.9299,160.852
120593,10,5.35,0,0.5768,93.228035
120594,8,23.98,0,0.945,165.22043
120595,9,24.79,0,0.812,144.08167
120596,10,0,0,0,0
120597,10,0,0,0,0
120598,10,0.05,0,0.0199,3.2380629
120599,10,0.26,0,0.0569,9.236213
120600,10,0,0,0,0
120601,10,0,0,0,0
120602,10,0,0,0,0
120603,10,1.4,0,0.2827,50.83112
120604,9,10.5,0,0.812,148.7912
120605,7,7.38,0,0.9451,186.8351
120606,10,1.09,0,0.1045,21.49183
120607,10,1.16,0,0.1352,21.449564
120608,10,0,0,0,0
120609,10,0,0,0,0
120610,10,0,0,0,0
120611,10,0,0,0.0078,1.2587482
120612,10,0.55,0,0.6413,103.23733
120613,10,0,0,0,0
120614,10,0.42,0,0.1818,25.457335
120615,10,0,0,0,0
120617,10,0,0,0,0
120619,10,0,0,0,0
120620,10,0,0,0,0
120621,10,0,0,0,0
120648,10,0,0,0,0
120649,10,0,0,0,0
120650,10,0,0,0,0
120651,10,0,0,0,0
120652,10,0,0,0,0
120653,10,0,0,0,0
120654,10,0.02,0,0.0097,1.4365615
120655,10,0,0,0,0
120656,10,0,0,0,0
120657,10,0,0,0,0
120658,10,0,0,0,0
120659,10,0,0,0,0
120660,10,0,0,0,0
120661,10,0.3,0,0.6309,95.20505
120662,9,5.6,0,0.8769,141.76422
120663,10,0.41,0,0.2031,29.362558
120664,10,0,0,0,0
120665,10,0,0,0,0
120666,10,0,0,0,0
120667,10,0,0,0,0
120668,10,0,0,0,0
120669,10,0,0,0,0
120670,10,0,0,0,0
120671,10,0,0,0,0
120672,10,0,0,0,0
120673,10,0,0,0,0
120674,10,0,0,0,0
121226,9,0.34,0,0.8619,139.43843
121227,10,0.89,0,0.1773,28.750488
121228,10,0,0,0,0
121229,10,2.46,0,0.1541,21.886494
121230,10,2.46,0,0.0866,12.332631
121231,10,0,0,0,0
121232,10,0,0,0,0
121233,10,0,0,0,0
121234,10,1.27,0,0.2044,31.86789
121235,10,0.55,0,0.0456,6.076907
121236,10,1.49,0,0.0776,10.341114
121237,10,0,0,0,0
121238,10,0,0,0,0
121252,10,0.4,0,0.5486,113.23933
121253,8,7.08,0,0.8125,164.07333
121255,7,0.04,0,0.9451,191.98329
121262,10,0,0,0,0
121263,10,0,0,0,0
121264,10,0.09,0,0.2754,42.724598
121265,10,0,0,0,0
121266,10,0,0,0,0
121267,10,0,0,0,0
121268,10,0.32,0,0.0189,2.5682657
121269,10,0.43,0,0.089,12.0996
121270,10,0,0,0,0
121271,10,2.88,0,0.7437,101.62891
121272,10,1.06,0,0.3442,47.352016
121273,10,0,0,0,0
121274,10,0.94,0,0.0413,5.3672404
121275,10,0.73,0,0.0631,8.193475
121276,10,0.45,0,0.1011,17.603312
121277,8,3.42,0,0.8882,153.26607
121278,8,20.95,0,0.8622,152.9859
121279,10,5.86,0,0.556,95.3164
121280,8,0.28,0,0.945,172.61777
121281,8,1.16,0,0.8806,172.33244
121282,10,0,0,0,0
121283,10,0,0,0,0
121284,10,0,0,0,0
121285,10,0,0,0,0
121286,10,0.01,0,0.0221,3.7337112
121287,10,0.18,0,0.3696,64.12966
121288,10,0.18,0,0.1003,17.706781
121289,10,0.01,0,0.015,2.583486
121290,10,0.01,0,0.0031,0.5347861
121291,10,0.85,0,0.1445,22.949345
121292,10,0,0,0,0
121293,10,0,0,0,0
121294,10,0,0,0,0
121295,8,0.26,0,0.9396,151.52003
121296,10,0.57,0,0.2233,36.663975
121297,10,0,0,0,0
121298,10,0,0,0,0
121299,10,0,0,0,0
121300,10,0,0,0,0
121302,10,0,0,0,0
121303,10,0,0,0,0
121332,10,0.36,0,0.1768,23.794605
121333,10,2.76,0,0.2378,34.20147
121334,10,0.96,0,0.1667,24.839401
121335,10,0,0,0,0
121337,10,0,0,0,0
121338,10,0.08,0,0.0312,4.614426
121339,10,0,0,0,0
121340,10,0,0,0,0
121341,10,0,0,0,0
121342,10,0,0,0,0
121343,10,0,0,0,0
121344,10,0,0,0,0
121346,10,0.21,0,0.141,21.301546
121347,10,0.15,0,0.1546,22.356825
121348,10,0,0,0,0
121349,10,0,0,0,0
121350,10,0,0,0,0
121351,10,0,0,0,0
121352,10,0,0,0,0
121353,10,0,0,0,0
121354,10,0,0,0,0
121910,10,0.05,0,0.2562,40.739353
121911,10,0,0,0,0
121912,10,9.25,0,0.3334,48.874065
121913,10,0.51,0,0.0605,8.431432
121914,10,0.57,0,0.0273,3.9016724
121915,10,0,0,0,0
121916,10,0,0,0,0
121917,10,0.46,0,0.0492,6.754789
121918,10,5.99,0,0.455,64.07374
121919,10,1.05,0,0.0463,6.1676373
121920,10,1.38,0,0.0723,9.635844
121921,10,0.01,0,0.0005,0.060941916
121922,10,0.01,0,0.0139,1.8192455
121930,10,0,0,0,0
121931,10,0,0,0,0
121936,7,0.45,0,0.9451,196.04073
121937,7,7.86,0,0.9451,183.0553
121938,8,0.1,0,0.945,169.69395
121939,7,1.05,0,0.9451,189.03418
121947,10,0.19,0,0.5386,93.72588
121948,8,0.3,0,0.9449,152.41466
121949,10,0,0,0,0
121950,10,0,0,0,0
121951,10,0,0,0,0
121952,10,0.09,0,0.0069,0.9428834
121953,10,1.16,0,0.1663,23.906
121954,10,0.32,0,0.0689,9.906476
121959,10,0,0,0,0
121960,10,0.05,0,0.0276,4.469502
121961,9,0.05,0,0.7834,142.67824
121962,10,0.04,0,0.0749,13.105824
121963,10,0.29,0,0.7394,118.47228
121964,8,0.16,0,0.945,172.94699
121965,7,0.68,0,0.945,175.18124
121966,10,0.03,0,0.5553,102.38471
121967,10,0,0,0,0
121968,10,0,0,0,0
121969,10,0,0,0,0
121970,10,0.27,0,0.4628,76.6625
121971,7,2.19,0,0.9451,189.44289
121972,8,4.24,0,0.945,173.6369
121973,10,0.04,0,0.0134,2.2568834
121974,8,0.9,0,0.9449,151.25818
121975,10,2.3,0,0.4111,69.23629
121976,10,0,0,0,0
121977,10,0,0,0,0
121978,10,0,0,0,0
121979,10,0,0,0,0
121980,10,0,0,0,0
121981,10,0,0,0,0
121982,10,0,0,0,0
121983,10,0,0,0,0
121984,10,0,0,0,0
121986,10,0,0,0,0
122016,10,1.18,0,0.2556,33.627487
122017,10,9.02,0,0.8523,116.043045
122018,10,0.66,0,0.197,29.356457
122020,10,0.32,0,0.3383,53.90406
122021,10,0.02,0,0.0244,3.8862836
122022,10,0,0,0,0
122024,10,0,0,0,0
122025,10,0,0,0,0
122027,10,0,0,0,0
122028,10,0,0,0,0
122029,10,0,0,0,0
122030,10,0.19,0,0.117,17.672247
122031,9,2.43,0,0.8225,125.66436
122032,10,0,0,0,0
122033,10,0,0,0,0
122034,10,0,0,0,0
122035,10,0,0,0,0
122036,10,0,0,0,0
122037,10,0,0,0,0
122594,10,0.05,0,0.1754,27.107393
122595,10,0,0,0,0
122596,10,11.17,0,0.2891,40.188374
122597,10,12.58,0,0.5333,74.380585
122598,10,3.25,0,0.2044,29.269814
122599,10,5.1,0,0.1578,23.699717
122600,10,0,0,0,0
122601,10,0.1,0,0.0083,1.1368687
122602,10,0.3,0,0.0202,2.7021184
122603,10,0,0,0,0
122604,10,5.55,0,0.344,46.42578
122605,10,5.01,0,0.7877,105.63631
122606,10,0.13,0,0.0494,6.559227
122614,10,0,0,0,0
122615,10,0,0,0,0
122620,7,0.04,0,0.9451,196.1105
122621,8,4.31,0,0.8908,171.1736
122622,10,0.69,0,0.3091,55.992477
122623,10,0,0,0,0
122630,10,0,0,0,0
122631,10,0,0,0.0153,2.6679416
122632,10,0,0,0,0
122633,10,0,0,0,0
122634,10,0.16,0,0.0698,11.441746
122635,10,0,0,0,0
122636,10,0,0,0,0
122637,10,0.76,0,0.3037,39.943764
122638,10,0,0,0,0
122648,8,0.02,0,0.945,164.42526
122650,10,0,0,0,0
122651,10,0,0,0,0
122652,10,0,0,0,0
122653,10,0,0,0,0
122654,10,0.02,0,0.0611,10.373645
122655,8,3.9,0,0.8302,153.21
122656,10,0.06,0,0.0456,8.317036
122657,10,0.04,0,0.1395,22.19116
122658,10,0.64,0,0.3291,55.40258
122659,10,0.23,0,0.1611,27.378073
122660,10,0,0,0,0
122661,10,0,0,0,0
122662,10,0,0,0,0
122663,10,0,0,0,0
122664,10,0,0,0,0
122665,10,0,0,0,0
122666,10,0,0,0,0
122667,10,0,0,0,0
122668,10,0,0,0,0
122704,10,0.28,0,0.6342,101.00225
122706,10,0,0,0,0
122710,10,0,0,0,0
122711,10,0,0,0,0
122712,10,0,0,0,0
122713,10,0,0,0,0
122714,10,0.29,0,0.0635,10.080565
122715,9,8.92,0,0.9249,136.32549
122716,9,0.35,0,0.8529,130.40443
122717,10,0,0,0,0
122718,10,0,0,0,0
122719,10,0,0,0,0
122720,10,0,0,0,0
122721,10,0,0,0,0
123279,10,0.08,0,0.0285,4.975405
123280,10,3.93,0,0.1659,23.19897
123281,10,3.69,0,0.1242,17.149517
123282,10,4.44,0,0.1833,25.057274
123283,10,0,0,0,0
123284,10,0,0,0,0
123285,10,0,0,0,0
123286,10,0,0,0,0
123287,10,0,0,0,0
123288,10,4.3,0,0.2504,33.437798
123289,10,4.14,0,0.3605,49.147453
123290,10,2.58,0,0.425,56.91144
123305,7,0.08,0,0.9451,188.37408
123306,8,0.41,0,0.945,168.9904
123307,10,2.83,0,0.1574,28.29768
123308,10,0,0,0,0
123315,10,0,0,0,0
123317,10,0.01,0,0.042,6.551281
123318,10,0.13,0,0.0719,11.25209
123319,10,0,0,0,0
123320,10,0,0,0,0
123321,10,0.99,0,0.4931,81.542725
123322,8,1.3,0,0.9028,154.8901
123335,10,0,0,0,0
123336,10,0,0,0,0
123337,10,0,0,0,0
123338,10,0,0,0,0
123339,10,0.25,0,0.1835,26.53411
123340,10,0.88,0,0.5253,74.817696
123341,10,0.04,0,0.0663,10.185901
123342,10,0.49,0,0.2512,36.681366
123343,10,0.13,0,0.043,6.2839775
123344,10,0,0,0,0
123345,10,0,0,0,0
123346,10,0,0,0,0
123347,10,0,0,0,0
123348,10,0,0,0,0
123349,10,0,0,0,0
123350,10,0,0,0,0
123351,10,0,0,0,0
123394,10,0,0,0,0
123396,10,0,0,0,0
123397,10,0,0,0,0
123398,10,7.18,0,0.6985,103.659164
123399,10,7.25,0,0.6944,99.16466
123400,10,1.01,0,0.3722,55.81908
123401,10,0,0,0,0
123402,10,0,0,0,0
123403,10,0,0,0,0
123404,10,0,0,0,0
123405,10,0,0,0,0
123406,10,0,0,0,0
123964,10,0,0,0,0
123965,10,0,0,0,0
123966,10,0,0,0,0
123967,10,0,0,0,0
123968,10,0,0,0,0
123969,10,0,0,0,0
123970,10,11.38,0,0.4684,66.62934
123971,10,0.69,0,0.1689,23.653954
123972,10,0,0,0,0
123973,10,1.85,0,0.1364,18.722324
123974,10,1.7,0,0.4896,66.81467
123983,10,0,0,0,0
123989,7,0.02,0,0.9451,185.95308
123991,10,0.69,0,0.4859,83.37687
123992,10,0,0,0,0
124000,9,0.08,0,0.8874,142.97942
124002,10,0,0,0,0
124003,10,0,0,0,0
124004,10,0,0,0,0
124005,10,0.86,0,0.2476,40.469784
124006,10,0.15,0,0.2802,43.221073
124019,10,0,0,0,0
124020,10,0,0,0,0
124021,10,0,0,0,0
124022,10,0,0,0,0
124023,10,0.09,0,0.252,36.156063
124024,10,0.25,0,0.1955,28.08703
124025,10,0.28,0,0.5938,84.0449
124026,10,0.89,0,0.4718,66.56726
124027,10,0.16,0,0.1506,21.085238
124028,10,0,0,0,0
124030,10,0,0,0,0
124031,10,0,0,0,0
124033,10,0,0,0,0
124034,10,0,0,0,0
124075,10,0,0,0,0
124079,10,0,0,0,0
124080,10,0,0,0,0
124081,10,0,0,0,0
124082,10,0.81,0,0.092,12.032733
124083,10,1.41,0,0.233,32.202282
124084,10,2.66,0,0.4409,65.1146
124086,10,0,0,0,0
124087,10,0,0,0,0
124089,10,0,0,0,0
124090,10,0,0,0,0
124648,10,4.65,0,0.5349,88.93872
124649,10,0.86,0,0.0624,9.854806
124650,10,0,0,0,0
124651,10,5.96,0,0.1778,25.807856
124652,10,0,0,0,0
124653,10,0,0,0,0
124654,10,0,0,0,0
124655,10,0,0,0,0
124656,10,0,0,0,0
124657,10,0,0,0,0
124658,10,0.88,0,0.0563,7.5305815
124659,10,0,0,0,0
124666,10,0,0,0,0
124667,10,0,0,0,0
124668,10,0,0,0,0
124670,10,0.01,0,0.1019,15.245042
124671,10,0.01,0,0.1613,22.857265
124673,7,1.48,0,0.9451,181.345
124674,10,0,0,0,0
124675,10,3.05,0,0.594,102.210495
124676,10,0,0,0,0
124677,10,0,0,0,0
124679,10,0.02,0,0.6273,97.88825
124682,8,0.27,0,0.945,154.08008
124683,10,0,0,0,0
124684,9,1.43,0,0.88,141.70105
124685,8,2.35,0,0.9449,150.46141
124687,10,0,0,0,0
124688,10,0,0,0,0
124689,10,0,0,0,0
124690,10,0,0,0,0
124699,10,0,0,0,0
124703,10,0.01,0,0.1205,16.772387
124704,10,0,0,0.09,13.306516
124705,9,0.14,0,0.8484,129.40196
124706,10,0,0,0,0
124707,10,0,0,0,0
124708,10,0,0,0,0
124709,10,0.05,0,0.4584,58.8516
124710,10,0,0,0,0
124757,9,0.21,0,0.9448,129.49445
124758,10,0.47,0,0.476,67.43461
124759,10,0.16,0,0.0459,7.2841473
124760,10,0,0,0,0
124761,10,0,0,0,0
124762,10,0,0,0,0
124763,10,0,0,0,0
124764,10,0,0,0,0
124765,10,0,0,0,0
124766,10,0,0,0,0
124767,10,0,0,0,0
124768,10,1.34,0,0.7674,111.29712
124769,10,0,0,0,0
124770,10,0,0,0,0
124771,10,0,0,0,0
124772,10,0,0,0,0
124774,10,0,0,0,0
124775,10,0,0,0,0
125332,10,11.33,0,0.5152,85.315025
125333,10,3.77,0,0.1857,29.67301
125334,10,0.23,0,0.0112,1.6171231
125335,9,18.11,0,0.8697,127.64971
125336,10,2.2,0,0.1596,22.80367
125337,10,0,0,0,0
125338,10,0,0,0,0
125339,10,0,0,0,0
125340,10,0,0,0,0
125341,10,0,0,0,0
125342,10,0,0,0,0
125343,10,0,0,0,0
125351,10,0,0,0,0
125354,10,0,0,0,0
125357,8,0.74,0,0.945,166.81166
125358,10,1.14,0,0.0708,12.5041685
125359,10,4.82,0,0.2422,41.816837
125360,7,5.9,0,0.8857,178.81601
125361,10,0.18,0,0.619,119.732544
125362,7,0.02,0,0.9451,182.93938
125366,10,0.54,0,0.4392,71.65151
125367,10,0,0,0,0
125369,9,0.18,0,0.9118,138.2401
125370,9,0.01,0,0.9448,136.09392
125372,10,0,0,0,0
125373,10,0,0,0,0
125374,10,0.01,0,0.4188,56.2744
125375,10,0.03,0,0.8289,109.43956
125383,10,0.06,0,0.1425,20.613934
125385,10,0,0,0,0
125386,10,0,0,0,0
125387,10,0,0,0.0148,2.0677047
125388,10,0.03,0,0.0354,5.6927066
125389,9,0.07,0,0.9449,149.61171
125390,10,0,0,0,0
125391,10,0,0,0,0
125442,9,0.4,0,0.9448,134.51971
125443,10,0,0,0,0
125444,10,0,0,0,0
125445,10,0,0,0,0
125446,10,0,0,0,0
125447,10,0.38,0,0.6288,80.411415
125448,10,2.17,0,0.2986,38.716896
125449,10,0,0,0,0
125450,10,0,0,0,0
125451,10,0,0,0,0
125452,10,0,0,0.0443,6.192757
125456,10,0,0,0,0
125458,10,0,0,0,0
125459,10,0,0,0,0
126017,10,12.34,0,0.6187,98.29728
126018,10,5,0,0.2908,43.5171
126019,10,9.7,0,0.5168,77.34786
126020,10,1.75,0,0.1077,15.639056
126021,10,0,0,0,0
126022,10,0,0,0,0
126023,10,0,0,0,0
126024,10,0,0,0,0
126025,10,0,0,0,0
126026,10,0,0,0,0
126027,10,0,0,0,0
126036,10,0,0,0,0
126039,10,0,0,0,0
126040,10,0,0,0,0
126041,7,6.24,0,0.9451,183.74554
126042,7,36.88,0,0.9319,179.02777
126043,9,42.82,0,0.7204,134.80858
126044,7,11.52,0,0.9451,178.9673
126045,8,0.99,0,0.945,171.24667
126046,7,0.14,0,0.9451,193.72552
126051,10,0,0,0,0
126054,9,0,0,0.9448,137.3115
126056,10,0,0,0,0
126058,10,0,0,0,0
126060,10,0,0,0,0
126061,10,0,0,0,0
126065,10,0,0,0,0
126066,10,0,0,0,0
126067,10,0.02,0,0.0236,3.4103606
126068,10,0,0,0,0
126069,10,0,0,0,0
126070,10,0,0,0,0
126071,10,0,0,0,0
126074,10,0,0,0,0
126075,10,0,0,0,0
126076,10,0,0,0,0
126077,10,0,0,0,0
126124,10,0,0,0,0
126128,10,0,0,0,0
126129,10,0,0,0,0
126130,10,0,0,0,0
126131,10,0.19,0,0.7343,94.09381
126132,10,2.33,0,0.39,51.26904
126133,10,0,0,0,0
126134,10,0,0,0,0
126135,10,0,0,0,0
126136,10,0,0,0,0
126137,10,0.14,0,0.4159,67.53506
126138,10,0,0,0,0
126139,10,0,0,0,0
126140,10,0,0,0,0
126141,10,0,0,0,0
126142,10,0,0,0,0
126143,10,0,0,0,0
126702,10,2.78,0,0.1197,18.99987
126703,10,1.39,0,0.0723,11.402687
126704,10,0,0,0,0
126705,10,0,0,0,0
126706,10,3.65,0,0.1357,19.200916
126707,10,0,0,0,0
126708,10,0.36,0,0.0153,2.0955303
126709,10,4.16,0,0.1136,15.534209
126710,10,0,0,0,0
126711,10,0,0,0,0
126720,10,0,0,0,0
126721,10,0,0,0,0
126723,10,0,0,0,0
126724,10,0,0,0,0
126725,8,16.06,0,0.945,167.71086
126726,7,38.84,0,0.9451,198.85233
126727,7,34.37,0,0.9178,183.05336
126728,10,10.31,0,0.3836,69.23117
126729,9,0.62,0,0.706,137.00703
126730,7,0.66,0,0.9451,193.32797
126736,10,0,0,0,0
126738,10,0,0,0,0
126739,10,0,0,0,0
126740,10,0.02,0,0.0156,2.276258
126749,10,0,0,0,0
126750,10,0.12,0,0.5291,68.236885
126751,10,0,0,0,0
126752,10,0.89,0,0.579,79.99688
126753,10,0.2,0,0.1767,24.527012
126759,10,0,0,0,0
126760,10,0,0,0,0
126761,10,0,0,0,0
126762,10,0,0,0,0
126805,10,0,0,0,0
126806,10,0,0,0,0
126808,10,0,0,0,0
126809,10,0,0,0,0
126811,10,0,0,0,0
126815,10,0,0,0,0
126816,10,1.21,0,0.1958,26.015215
126817,10,0,0,0,0
126818,10,0,0,0,0
126819,10,0,0,0,0
126820,10,0.07,0,0.8468,118.48803
126821,10,0.51,0,0.2961,42.246998
126823,10,0,0,0,0
126825,10,0,0,0,0
126826,10,0,0,0,0
127385,10,11.54,0,0.669,93.568184
127386,10,5.82,0,0.3886,61.761665
127387,10,0.7,0,0.0576,9.125494
127388,10,0,0,0,0
127389,10,0.7,0,0.0605,8.206046
127390,10,12.91,0,0.5363,74.61815
127391,10,5.9,0,0.1471,20.70353
127392,10,0.58,0,0.0305,4.115463
127393,10,10.89,0,0.4938,68.17725
127394,10,0,0,0,0
127395,10,0,0,0,0
127404,10,0.44,0,0.7437,106.74635
127405,9,0.36,0,0.9449,145.50601
127407,10,0,0,0,0
127408,10,0,0,0.0014,0.21552666
127409,8,26.51,0,0.8978,163.8905
127410,10,11.96,0,0.67,124.952995
127411,8,13.8,0,0.7949,159.62506
127412,10,3.12,0,0.1779,28.279243
127413,9,0.67,0,0.8748,144.56364
127414,8,0.04,0,0.945,173.53212
127415,10,0,0,0,0
127422,10,0,0,0,0
127423,10,0.01,0,0.0439,6.3895197
127424,10,0.84,0,0.7134,103.914314
127425,10,0.02,0,0.0265,3.6135528
127428,10,0,0,0,0
127429,10,0,0,0,0
127430,10,0.3,0,0.9202,118.97036
127432,10,0,0,0,0
127433,10,0,0,0,0
127435,10,0,0,0.0109,1.4288605
127436,10,0.31,0,0.2539,34.719997
127437,10,0.14,0,0.7669,106.48008
127439,10,0,0,0,0
127445,10,0,0,0,0
127446,10,0,0,0,0
127491,10,0,0,0,0
127494,10,0,0,0,0
127495,10,0,0,0,0
127498,10,0,0,0,0
127500,10,0,0,0,0
127501,10,0,0,0,0
127502,10,0,0,0,0
127503,10,0,0,0,0
127504,10,3.94,0,0.4461,61.931416
127505,10,2.51,0,0.238,32.722717
127506,10,0,0,0,0
127507,10,0,0,0,0
127508,10,0,0,0,0
127509,10,0,0,0,0
127510,10,0,0,0,0
127511,10,0,0,0,0
127513,10,0,0,0,0
127514,10,0,0,0,0
128070,10,0,0,0,0
128071,10,9.03,0,0.2343,35.356983
128072,10,0.13,0,0.0052,0.8069391
128073,10,0,0,0,0
128074,10,1.84,0,0.2345,36.54119
128075,10,0.53,0,0.0333,5.1915765
128076,10,0,0,0,0
128077,10,0,0,0,0
128078,10,0.34,0,0.0185,2.5140035
128079,10,1.26,0,0.209,27.78132
128080,10,1.2,0,0.3805,49.175465
128081,10,0.61,0,0.4738,60.895653
128087,9,0.41,0,0.9448,134.8763
128088,9,2.47,0,0.9448,131.28294
128089,10,3.61,0,0.6368,101.58466
128090,10,0,0,0,0
128091,10,0,0,0,0
128093,10,3.11,0,0.6957,113.158
128094,8,9.55,0,0.945,168.03047
128095,10,2.97,0,0.2843,51.082558
128096,10,1.92,0,0.3067,48.205845
128097,8,0.89,0,0.945,168.25345
128098,7,0.54,0,0.9451,193.81384
128099,10,0.02,0,0.439,88.83309
128100,8,0.02,0,0.945,162.01613
128105,10,0.01,0,0.7301,110.47977
128106,10,0,0,0,0
128108,10,1.1,0,0.4891,69.736496
128109,10,0,0,0,0
128110,10,0,0,0,0
128112,10,0,0,0,0
128113,10,0,0,0,0
128114,10,0.13,0,0.8713,112.70026
128115,10,0.66,0,0.4549,59.389435
128116,10,0,0,0,0
128117,10,0,0,0,0
128120,10,0.03,0,0.9447,123.38844
128128,10,0,0,0,0
128129,10,0,0,0,0
128130,10,0,0,0,0
128131,10,0,0,0,0
128175,10,0,0,0,0
128178,10,0,0,0,0
128179,10,0,0,0,0
128180,10,0,0,0,0
128183,10,0,0,0,0
128184,10,0,0,0,0
128185,10,0,0,0,0
128186,10,0,0,0,0
128187,10,0,0,0,0
128188,10,2.44,0,0.1889,26.927088
128189,10,6.17,0,0.5757,83.40744
128190,10,2.4,0,0.2311,33.606728
128191,10,0,0,0,0
128192,10,0,0,0,0
128193,10,0,0,0,0
128194,10,0,0,0,0
128195,10,0,0,0,0
128196,10,0,0,0,0
128197,10,0,0,0,0
128198,10,0,0,0,0
128755,10,21.46,0,0.7457,109.55873
128756,10,0.5,0,0.0112,1.6882156
128757,10,0,0,0,0
128758,10,0,0,0,0
128759,10,0,0,0,0
128760,10,0,0,0,0
128761,10,0,0,0,0
128762,10,0,0,0,0
128763,10,0.28,0,0.5403,70.67594
128764,10,4.02,0,0.8202,105.896805
128765,10,7.56,0,0.6655,85.31278
128768,10,0,0,0,0
128769,10,0,0,0,0
128771,10,0.06,0,0.1336,19.172735
128772,9,0.11,0,0.9448,134.68604
128773,10,0,0,0,0
128774,10,0,0,0,0
128775,10,0,0,0,0
128776,10,0,0,0,0
128777,10,0.7,0,0.7011,109.05024
128778,8,3.48,0,0.9344,153.45714
128779,10,1.87,0,0.2565,41.385532
128780,10,1.54,0,0.1933,32.26966
128781,10,1.04,0,0.4365,79.8081
128782,10,3.78,0,0.63,116.86634
128783,9,10.23,0,0.8021,147.71866
128784,7,1.73,0,0.9451,185.74161
128788,10,0,0,0,0
128789,10,0,0,0,0
128792,9,1.18,0,0.9294,134.44658
128793,10,0.01,0,0.8077,113.846214
128794,10,0,0,0,0
128796,10,0,0,0,0
128797,10,0.04,0,0.1545,19.769596
128798,10,0.11,0,0.2252,29.972254
128799,10,0.47,0,0.4995,65.399025
128800,10,0,0,0,0
128802,10,0,0,0,0
128812,10,0,0,0,0
128813,10,0,0,0,0
128814,10,0,0,0,0
128815,10,0,0,0,0
128863,10,0,0,0,0
128867,10,0,0,0,0
128868,10,0,0,0,0
128869,10,0,0,0,0
128870,10,0,0,0,0
128871,10,0,0,0,0
128872,10,0,0,0,0
128873,10,4.81,0,0.3251,43.444355
128874,10,0,0,0,0
128876,10,0,0,0,0
128877,10,0,0,0,0
128878,10,0,0,0,0
128879,10,0,0,0,0
128880,10,0,0,0,0
128881,10,0,0,0,0
128882,10,0,0,0,0
129438,9,12.93,0,0.9449,139.47827
129439,10,9.19,0,0.7032,104.39668
129440,10,2.07,0,0.078,11.726756
129441,10,0.68,0,0.0928,14.484878
129442,10,0,0,0,0
129443,10,0.02,0,0.0094,1.5675913
129444,10,0.03,0,0.5156,85.93697
129446,10,0,0,0,0
129447,10,0,0,0,0
129448,10,0.49,0,0.0863,11.115508
129449,10,7.41,0,0.9188,118.15168
129450,10,0.05,0,0.9447,121.418304
129453,10,0,0,0,0
129455,10,2.91,0,0.7835,106.454216
129456,10,0.61,0,0.9447,122.60479
129460,10,0,0,0,0
129461,10,0.03,0,0.1055,16.532166
129462,10,0.48,0,0.4256,72.51133
129463,10,0.05,0,0.0314,5.391707
129464,10,0.04,0,0.0497,8.295272
129465,10,2.97,0,0.6254,106.17798
129466,10,7.63,0,0.4498,79.0013
129467,10,6.4,0,0.3597,63.397682
129468,10,0.49,0,0.1902,35.74815
129472,10,0,0,0,0
129475,10,0,0,0,0
129476,10,0.02,0,0.3346,47.53318
129477,10,0,0,0,0
129481,10,0,0,0.015,1.9573492
129482,10,0.48,0,0.4402,58.83325
129483,10,0.49,0,0.4531,63.034466
129484,10,0,0,0,0
129551,10,0,0,0,0
129552,10,0,0,0,0
129553,10,0,0,0,0
129554,10,0,0,0,0
129555,10,5.35,0,0.6906,102.27759
129556,10,10.88,0,0.6901,102.99812
129557,10,6.55,0,0.3816,52.56537
129558,10,0,0,0,0
129559,10,0,0,0,0
129560,10,0,0,0,0
129561,10,0,0,0,0
129562,10,0,0,0,0
129563,10,0,0,0,0
129564,10,0,0,0,0
129565,10,0,0,0,0
130122,10,11.99,0,0.3441,50.57041
130123,10,9.74,0,0.6684,99.54942
130124,10,0.38,0,0.0291,4.3756385
130125,10,1.41,0,0.1701,26.54342
130126,10,0,0,0,0
130127,10,0.73,0,0.0617,10.282063
130128,10,1.71,0,0.2318,37.90925
130131,10,0,0,0,0
130132,10,0,0,0,0
130133,10,4.32,0,0.5512,71.71117
130134,10,0.95,0,0.8594,111.47795
130135,10,2.34,0,0.9446,120.51098
130136,10,0.4,0,0.7663,98.828285
130137,10,0.7,0,0.1656,23.158777
130138,10,0,0,0,0
130139,10,0,0,0,0
130140,10,0.18,0,0.0293,3.830937
130141,10,0,0,0,0
130142,10,0,0,0,0
130143,10,0,0,0,0
130146,10,0,0,0,0
130147,10,0,0,0.0033,0.56059605
130148,10,1.53,0,0.1616,25.091011
130149,10,2.91,0,0.1849,31.72838
130150,10,4.98,0,0.2827,49.373375
130151,10,8.04,0,0.3473,61.10275
130152,10,0,0,0,0
130153,10,3.21,0,0.5665,98.68831
130154,10,0,0,0.0025,0.43185487
130155,8,0,0,0.945,156.34744
130156,10,0,0,0,0
130157,10,0,0,0,0
130160,10,0,0,0,0
130161,10,0,0,0,0
130162,10,0,0,0,0
130163,10,0,0,0,0
130165,10,0,0,0,0
130166,10,0,0,0,0
130167,10,0,0,0,0
130168,10,0,0,0.0107,1.4652615
130169,9,0.05,0,0.9449,139.29819
130183,10,0,0,0,0
130184,10,0,0,0,0
130185,10,0,0,0,0
130235,10,0,0,0,0
130236,10,0,0,0,0
130237,10,0,0,0,0
130238,10,0,0,0,0
130239,10,7.25,0,0.5296,75.78604
130240,10,13.97,0,0.7965,117.95586
130241,10,0,0,0,0
130242,10,0,0,0,0
130244,10,0,0,0,0
130245,10,0,0,0,0
130246,10,0,0,0,0
130247,10,0,0,0,0
130248,10,0,0,0,0
130249,10,0,0,0,0
130806,10,12.47,0,0.4812,70.11099
130807,10,0.86,0,0.0322,4.7481313
130808,10,1.38,0,0.0849,13.211112
130809,10,3.86,0,0.2771,43.28885
130810,10,0,0,0,0
130811,10,0,0,0,0
130812,10,0.44,0,0.0327,5.0505013
130813,10,0,0,0,0
130814,10,0,0,0,0
130815,10,0,0,0,0
130816,10,0,0,0,0
130817,10,2.99,0,0.6566,86.87911
130818,10,6.23,0,0.9352,124.77997
130819,10,4.28,0,0.9447,122.03241
130820,10,6.65,0,0.8899,115.98255
130821,10,0.16,0,0.3589,49.78588
130822,10,0,0,0,0
130823,10,0,0,0,0
130824,10,0,0,0,0
130825,10,0,0,0,0
130826,10,0,0,0,0
130827,10,0.15,0,0.2005,27.749826
130828,10,0,0,0,0
130829,10,0,0,0,0
130830,10,0,0,0,0
130831,10,0,0,0,0
130832,10,1.49,0,0.1835,28.454306
130833,10,1.62,0,0.1485,25.334677
130834,10,0.8,0,0.0467,8.2728195
130835,10,1.45,0,0.0816,13.95954
130836,10,0,0,0,0
130837,10,3.7,0,0.3672,61.77258
130838,10,2.1,0,0.123,19.849339
130839,10,0.29,0,0.052,8.743673
130840,8,0,0,0.945,156.55954
130841,10,0.01,0,0.0929,15.330221
130845,10,0,0,0,0
130846,10,0,0,0,0
130847,10,0,0,0,0
130848,10,0,0,0,0
130849,10,0,0,0,0
130850,10,0,0,0,0
130851,10,0,0,0,0
130852,10,0,0,0,0
130855,10,0,0,0.0011,0.16024274
130856,10,0,0,0,0
130857,10,0,0,0,0
130858,10,0,0,0,0
130864,10,0,0,0,0
130865,10,0,0,0,0
130866,10,0,0,0,0
130867,10,0,0,0,0
130868,10,0,0,0,0
130869,10,0,0,0,0
130870,10,0,0,0,0
130916,10,0,0,0,0
130917,10,0,0,0,0
130919,10,0,0,0,0
130920,10,0,0,0,0
130922,10,0,0,0,0
130923,10,1.87,0,0.698,95.22337
130924,10,4.79,0,0.2713,39.94305
130925,10,0,0,0,0
130926,10,0,0,0,0
130927,10,0,0,0,0
130928,10,0,0,0,0
130929,10,0,0,0,0
130930,10,0,0,0,0
130931,10,0,0,0,0
130932,10,0,0,0,0
131490,10,10.43,0,0.5088,75.49836
131491,10,5.42,0,0.2951,41.86606
131492,10,0.71,0,0.0408,5.4869237
131493,10,0,0,0,0
131494,10,0,0,0,0
131496,10,0,0,0,0
131497,10,0,0,0,0
131498,10,0,0,0,0
131499,10,0,0,0,0
131500,10,0,0,0,0
131501,10,0,0,0,0
131502,10,0.44,0,0.1267,17.184341
131503,10,0.22,0,0.2734,34.969147
131504,10,0.84,0,0.2143,27.480434
131505,10,0,0,0,0
131507,10,0,0,0,0
131508,10,0,0,0,0
131509,10,0.01,0,0.1193,16.772814
131510,10,1.15,0,0.8247,113.890045
131511,9,0.33,0,0.9448,130.66476
131512,10,0.72,0,0.4151,58.92097
131513,10,0,0,0,0
131514,10,0,0,0,0
131516,10,0,0,0,0
131517,10,0,0,0,0
131518,10,0,0,0,0
131519,10,0,0,0,0
131520,10,3.65,0,0.2637,38.42302
131521,10,0,0,0,0
131522,10,0,0,0,0
131523,10,0,0,0,0
131524,10,0,0,0,0
131525,8,0.01,0,0.945,163.42267
131529,10,0,0,0,0
131530,10,0,0,0,0
131531,10,0,0,0,0
131535,10,0,0,0,0
131536,10,0,0,0,0
131539,10,0,0,0,0
131540,10,0,0,0,0
131541,10,0,0,0,0
131542,10,0,0,0,0
131543,10,0,0,0,0
131544,10,0,0,0,0
131548,10,0,0,0,0
131549,10,0,0,0,0
131550,10,0,0,0,0
131553,10,0,0,0,0
131554,10,0,0,0,0
131598,10,0,0,0,0
131599,10,0,0,0,0
131600,10,0,0,0,0
131601,10,0,0,0,0
131603,10,0,0,0,0
131604,10,0,0,0,0
131605,10,0,0,0,0
131607,10,2.79,0,0.4487,63.025085
131608,10,6.11,0,0.5809,88.32627
131609,10,0,0,0,0
131611,10,0,0,0,0
131612,10,0,0,0,0
131613,10,0,0,0,0
131614,10,0,0,0,0
131615,10,0,0,0,0
132173,10,1.56,0,0.1239,18.559227
132174,10,3.49,0,0.1355,20.746302
132175,10,2.54,0,0.0876,13.377641
132176,10,2.22,0,0.1116,16.204098
132177,10,0.95,0,0.0388,5.6845098
132178,10,4.97,0,0.3177,49.15141
132179,10,0,0,0,0
132181,10,0,0,0,0
132182,10,0,0,0,0
132183,10,0,0,0,0
132184,10,0,0,0,0
132187,10,0,0,0,0
132188,10,0,0,0,0
132189,10,0,0,0,0
132190,10,0,0,0,0
132191,10,0,0,0,0
132192,10,0,0,0,0
132193,10,1.13,0,0.7452,98.85026
132194,10,0.15,0,0.4214,56.57632
132195,10,0.73,0,0.663,89.75439
132196,10,0.32,0,0.5779,81.14209
132197,10,0.84,0,0.7812,106.22123
132203,10,0,0,0,0
132204,10,0,0,0,0
132205,10,0,0,0,0
132206,10,0,0,0,0
132207,10,0,0,0,0
132208,10,0.11,0,0.0151,2.5862782
132209,10,0.18,0,0.1872,31.593122
132213,10,0,0,0,0
132214,10,0,0,0,0
132215,9,0.26,0,0.8965,148.02469
132219,10,0,0,0,0
132220,10,0,0,0,0
132222,10,0,0,0,0
132223,10,0,0,0,0
132224,10,0,0,0,0
132225,10,0,0,0,0
132226,10,0,0,0,0
132227,10,0,0,0,0
132228,10,0,0,0,0
132229,10,0,0,0,0
132231,10,0,0,0,0
132232,10,0,0,0,0
132233,10,0,0,0,0
132246,10,0,0,0,0
132282,10,0,0,0,0
132283,10,0,0,0,0
132284,10,0,0,0,0
132285,10,0,0,0,0
132286,10,0,0,0,0
132287,10,0,0,0,0
132288,10,0,0,0,0
132289,10,0,0,0,0
132290,10,0,0,0,0
132291,10,0.94,0,0.3714,52.031643
132292,10,1.33,0,0.207,31.291243
132295,10,0,0,0,0
132296,10,0,0,0,0
132297,10,0,0,0,0
132298,10,0,0,0,0
132858,10,0,0,0,0
132859,10,5.32,0,0.1504,21.383512
132860,10,11.81,0,0.5613,76.56321
132861,10,0.72,0,0.0491,6.4543324
132862,10,1.5,0,0.0692,9.618238
132863,10,2.32,0,0.1302,19.46366
132864,10,0,0,0,0
132865,10,0,0,0,0
132866,10,0,0,0,0
132867,10,0,0,0,0
132868,10,0,0,0,0
132869,10,0,0,0,0
132870,10,0,0,0,0
132874,10,0.02,0,0.1729,22.284893
132875,10,0,0,0.0323,4.4753423
132876,10,0.29,0,0.1445,20.01958
132877,10,0,0,0,0
132878,10,0,0,0,0
132879,10,1.31,0,0.667,88.25471
132880,10,2.3,0,0.4882,64.99919
132881,10,1.96,0,0.4451,59.24293
132882,9,0.02,0,0.9448,130.36436
132887,10,0,0,0,0
132888,10,0,0,0,0
132889,10,0,0,0,0
132890,10,0.09,0,0.0323,5.4517555
132891,10,0.28,0,0.0537,9.094872
132892,10,0.03,0,0.0098,1.679531
132893,10,0.01,0,0.1291,22.441664
132894,10,0,0,0,0
132895,10,0,0,0,0
132896,10,0,0,0,0
132897,10,0,0,0,0
132898,10,0,0,0,0
132899,10,0,0,0.0026,0.441491
132901,10,0,0,0,0
132902,10,0,0,0,0
132903,10,0,0,0,0
132904,10,0,0,0,0
132905,10,0,0,0,0
132906,10,0,0,0,0
132907,10,0,0,0,0
132908,10,0,0,0,0
132909,10,0,0,0,0
132910,10,0,0,0,0
132911,10,0,0,0,0
132912,10,0,0,0,0
132913,10,0,0,0,0
132914,10,0,0,0,0
132915,10,0,0,0,0
132916,10,0,0,0,0
132917,10,0,0,0,0
132918,10,0,0,0,0
132929,10,0,0,0,0
132930,10,0,0,0,0
132966,10,0,0,0,0
132967,10,0,0,0,0
132968,10,0,0,0,0
132969,10,0,0,0,0
132970,10,0,0,0,0
132971,10,0,0,0,0
132972,10,0,0,0,0
132973,10,0,0,0,0
132974,10,0,0,0,0
132975,10,0,0,0,0
132976,10,0.08,0,0.1308,20.122427
132977,10,0,0,0,0
132978,10,0,0,0,0
132979,10,0,0,0,0
132980,10,0,0,0,0
132981,10,0,0,0,0
132982,10,0,0,0,0
132983,10,0,0,0,0
132984,10,0,0,0,0
132985,10,0,0,0,0
133545,10,0.41,0,0.0383,5.3018928
133546,10,1.57,0,0.1612,21.953465
133547,10,5.45,0,0.647,94.3668
133548,10,0.32,0,0.3448,46.529133
133549,10,0.06,0,0.3836,51.9781
133550,10,0,0,0,0
133551,10,0,0,0,0
133553,10,0.01,0,0.0084,1.1543087
133554,10,0,0,0,0
133555,10,0,0,0,0
133556,10,0,0,0,0
133557,10,0,0,0,0
133558,10,0,0,0,0
133559,10,0.04,0,0.0068,0.92611307
133560,10,1.65,0,0.5292,72.922134
133561,10,0,0,0,0
133562,10,0,0,0,0
133563,10,0.81,0,0.2346,30.224154
133564,10,0.76,0,0.7674,98.9766
133565,10,0.17,0,0.3933,53.70296
133567,10,0.79,0,0.4189,59.18795
133568,9,0.15,0,0.9412,136.48518
133571,9,0,0,0.9449,143.5356
133572,10,0.01,0,0.0044,0.6739403
133573,10,0,0,0,0
133574,10,0.08,0,0.0845,15.073752
133575,8,0.12,0,0.945,168.66528
133576,10,0,0,0,0
133577,8,0.14,0,0.9449,152.00345
133578,10,0.02,0,0.4423,69.4066
133582,10,0,0,0,0
133584,10,0,0,0,0
133586,10,0,0,0,0
133587,10,0,0,0,0
133589,10,0,0,0,0
133590,10,0,0,0,0
133591,10,0,0,0,0
133592,10,0,0,0,0
133593,10,0,0,0,0
133594,10,0,0,0,0
133595,10,0,0,0,0
133596,10,0,0,0,0
133597,10,0,0,0,0
133598,10,0,0,0,0
133599,10,0,0,0,0
133600,10,0,0,0,0
133601,10,0.73,0,0.0802,10.752068
133602,10,0.08,0,0.0129,1.7316352
133603,10,0,0,0,0
133604,10,0,0,0,0
133605,10,0,0,0,0
133613,10,0,0,0,0
133614,10,0,0,0,0
133649,10,0,0,0,0
133650,10,0,0,0,0
133651,10,0,0,0,0
133652,10,0,0,0,0
133653,10,0,0,0,0
133654,10,0,0,0,0
133655,10,0,0,0,0
133656,10,0,0,0,0
133657,10,0,0,0,0
133658,10,4.72,0,0.398,58.211002
133659,10,4.14,0,0.4744,70.061874
133660,10,0.12,0,0.1009,14.837744
133662,10,0,0,0,0
133663,10,0,0,0,0
133664,10,0,0,0,0
133665,10,0,0,0,0
133666,10,0,0,0,0
133667,10,0,0,0,0
133668,10,0,0,0,0
134231,10,0.04,0,0.0092,1.4255552
134232,10,1.39,0,0.4851,72.8844
134233,10,1.75,0,0.7563,115.71917
134234,10,0.06,0,0.9447,124.82843
134235,10,0.32,0,0.7039,96.68456
134236,10,0,0,0,0
134237,10,0.01,0,0.0099,1.3556099
134239,10,0,0,0,0
134240,10,0,0,0,0
134241,10,0.08,0,0.4125,53.504528
134242,10,0,0,0,0
134243,10,6.87,0,0.7692,98.94931
134244,10,0.29,0,0.9237,118.46763
134245,10,0,0,0,0
134246,10,0,0,0,0
134247,9,0.5,0,0.9445,126.54064
134248,10,0.31,0,0.2503,33.033875
134249,10,0,0,0,0
134252,10,0.12,0,0.0901,12.002882
134253,10,0,0,0,0
134254,10,0,0,0,0
134255,10,0.01,0,0.0157,2.3627172
134257,10,0.01,0,0.5512,87.818726
134258,10,0,0,0,0
134259,10,0,0,0,0
134260,9,0.01,0,0.8222,131.49759
134267,10,0,0,0,0
134268,10,0,0,0,0
134269,10,0,0,0,0
134270,10,0,0,0,0
134273,10,0,0,0,0
134274,10,0,0,0,0
134275,10,0,0,0,0
134276,10,0,0,0,0
134277,10,0,0,0,0
134278,10,1.81,0,0.119,19.494493
134279,10,1,0,0.0442,7.2356706
134280,10,0,0,0,0
134281,10,0,0,0,0
134282,10,0,0,0,0
134283,10,0,0,0,0
134284,10,0,0,0,0
134285,10,1.23,0,0.1133,15.179252
134286,10,0.13,0,0.0252,3.3821735
134287,10,0,0,0,0
134288,10,0,0,0,0
134289,10,0,0,0,0
134290,10,0,0,0,0
134297,10,0,0,0,0
134298,10,0,0,0,0
134333,10,0,0,0,0
134334,10,0,0,0,0
134335,10,0,0,0,0
134336,10,0,0,0,0
134337,10,0,0,0,0
134338,10,0,0,0,0
134339,10,0.1,0,0.1758,28.945423
134340,8,1.36,0,0.9337,151.2835
134341,10,0.35,0,0.1771,28.228743
134342,10,4.43,0,0.5623,82.045906
134343,10,7.79,0,0.5378,80.164986
134344,10,2.89,0,0.4229,64.48262
134345,10,0,0,0,0
134346,10,0,0,0,0
134347,10,0,0,0,0
134348,10,0,0,0,0
134349,10,0,0,0,0
134350,10,0,0,0,0
134351,10,0,0,0,0
134352,10,0,0,0,0
134354,10,0,0,0,0
134355,10,0,0,0,0
134918,10,0.96,0,0.0826,13.258675
134919,10,1.43,0,0.2778,40.17973
134920,10,0,0,0,0
134921,10,0,0,0,0
134922,10,0,0,0,0
134923,10,0,0,0,0
134924,10,0,0,0,0
134925,10,0.1,0,0.0394,5.1603613
134926,10,0,0,0,0
134927,10,1.38,0,0.533,69.42386
134928,10,0.08,0,0.9447,123.03593
134931,10,0,0,0,0
134932,10,0,0,0,0
134933,10,0,0,0,0
134934,10,0,0,0,0
134935,10,0.21,0,0.1601,21.690502
134936,10,0,0,0,0
134937,10,0.03,0,0.016,2.2891946
134938,10,0.82,0,0.3315,48.18857
134939,10,1.28,0,0.608,93.43154
134940,8,2.23,0,0.945,156.18703
134941,10,0.58,0,0.6254,100.32118
134942,10,0,0,0,0
134943,10,0,0,0,0
134944,10,0,0,0.1171,18.730143
134946,10,0,0,0,0
134947,10,0,0,0,0
134950,10,0,0,0,0
134951,10,0,0,0,0
134952,10,0,0,0,0
134953,10,0,0,0,0
134958,10,0,0,0,0
134959,10,0,0,0,0
134960,10,0,0,0,0
134961,10,0,0,0,0
134962,10,0,0,0.0033,0.53865063
134963,10,0,0,0,0
134964,10,0,0,0,0
134965,10,0,0,0,0
134966,10,0,0,0,0
134967,10,0,0,0,0
134968,10,4.35,0,0.237,30.998306
134969,10,5.01,0,0.2658,41.43418
134970,10,0,0,0,0
134971,10,0,0,0,0
134972,10,0,0,0,0
134973,10,0,0,0,0
134974,10,0,0,0,0
134975,10,0,0,0,0
134977,10,0,0,0,0
134978,10,0,0,0,0
134979,10,0,0,0,0
134980,10,0,0,0,0
134981,10,0,0,0,0
134983,10,0,0,0,0
135016,10,0,0,0,0
135017,10,0,0,0,0
135018,10,0,0,0,0
135019,10,0,0,0,0
135020,10,0,0,0,0
135021,10,0,0,0,0
135022,10,0,0,0,0
135023,9,0.64,0,0.884,147.28664
135024,9,0.8,0,0.9329,147.89897
135025,10,0,0,0,0
135026,10,0.32,0,0.0586,9.0616665
135027,10,5.64,0,0.689,104.54178
135028,10,0.26,0,0.22,33.325233
135029,10,0,0,0,0
135030,10,0,0,0,0
135031,10,0,0,0,0
135032,10,0,0,0,0
135033,10,0,0,0,0
135034,10,0,0,0,0
135035,10,0,0,0,0
135036,10,0,0,0,0
135037,10,0,0,0,0
135038,10,0,0,0,0
135039,10,0,0,0,0
135603,10,0,0,0,0
135604,10,0,0,0,0
135605,10,0,0,0,0
135606,10,0,0,0,0
135607,10,0,0,0,0
135608,10,2.78,0,0.1758,24.572155
135609,10,0.63,0,0.0587,7.619557
135610,10,0,0,0,0
135611,10,0,0,0,0
135612,10,0,0,0,0
135616,10,0,0,0,0
135617,10,1.71,0,0.3082,42.131313
135618,10,0,0,0,0
135619,10,0.98,0,0.4647,63.51233
135620,10,0,0,0,0
135621,10,0,0,0,0
135623,9,0.76,0,0.942,148.1164
135624,8,5.73,0,0.945,164.19124
135625,10,0.12,0,0.3343,53.61921
135633,10,0,0,0,0
135634,10,0,0,0,0
135635,10,0,0,0,0
135636,10,0,0,0,0
135637,10,0,0,0,0
135640,10,0,0,0,0
135641,10,0,0,0,0
135642,10,0,0,0,0
135643,10,0,0,0,0
135644,10,0,0,0,0
135645,10,0,0,0,0
135646,10,0,0,0,0
135647,10,0,0,0,0
135648,10,0,0,0,0
135649,10,0,0,0,0
135650,10,0,0,0,0
135651,10,0,0,0,0
135652,10,1.79,0,0.0904,13.262995
135653,10,8.43,0,0.4052,63.731
135654,10,0,0,0,0
135655,10,0,0,0,0
135656,10,0,0,0,0
135657,10,0,0,0,0
135658,10,0,0,0,0
135659,10,0,0,0,0
135660,10,0,0,0,0
135661,10,0,0,0,0
135662,10,0,0,0,0
135663,10,0,0,0,0
135664,10,0,0,0,0
135665,10,0,0,0,0
135666,10,0,0,0,0
135667,10,0,0,0,0
135699,10,0,0,0,0
135700,10,0,0,0,0
135701,10,0,0,0,0
135702,10,0,0,0,0
135703,10,0,0,0,0
135704,10,0,0,0,0
135705,10,1.07,0,0.236,40.467842
135706,10,0.92,0,0.2429,41.624542
135707,10,1.43,0,0.6006,99.21115
135708,10,0,0,0,0
135709,10,0,0,0,0
135710,10,0,0,0,0
135711,10,0.47,0,0.2332,34.008053
135712,10,0.29,0,0.4869,71.155716
135713,10,0,0,0,0
135714,10,0,0,0,0
135715,10,0,0,0,0
135716,10,0,0,0,0
135717,10,0,0,0,0
135718,10,0,0,0,0
135719,10,0,0,0,0
135720,10,0,0,0,0
135722,10,0,0,0,0
135723,10,0,0,0,0
136287,10,0.84,0,0.2028,27.726803
136288,10,0,0,0,0
136289,10,0,0,0,0
136290,10,0,0,0,0
136291,10,0,0,0,0
136292,10,0.01,0,0.0057,0.74436176
136293,10,1.77,0,0.2192,28.467712
136294,10,0,0,0,0
136295,10,0,0,0,0
136296,10,0,0,0,0
136298,10,0,0,0,0
136299,10,0,0,0,0
136300,10,0,0,0,0
136301,10,2.97,0,0.5079,65.56665
136302,10,0,0,0,0
136303,10,0,0,0,0
136304,10,0,0,0,0
136305,10,0,0,0,0
136307,10,0,0,0,0
136309,10,0.01,0,0.0239,3.9086947
136310,10,2.1,0,0.6441,102.18628
136316,10,0,0,0,0
136317,10,0,0,0,0
136323,10,0,0,0,0
136324,10,0,0,0,0
136325,10,0,0,0,0
136326,10,0,0,0,0
136327,10,0,0,0,0
136328,10,0,0,0.0033,0.5325497
136329,10,0.01,0,0.0025,0.40848687
136330,10,3.72,0,0.653,105.09344
136331,10,5.42,0,0.515,84.13536
136332,10,0,0,0,0
136333,10,5.31,0,0.1955,31.720154
136334,10,0.1,0,0.0037,0.5839423
136335,10,0,0,0,0
136336,10,0,0,0,0
136337,10,1.78,0,0.1233,19.287428
136338,10,0.62,0,0.0386,6.039381
136339,10,0,0,0,0
136340,10,0,0,0,0
136341,10,0,0,0,0
136342,10,0,0,0,0
136343,10,0,0,0,0
136344,10,0,0,0,0
136345,10,0,0,0,0
136346,10,0,0,0,0
136347,10,0,0,0,0
136348,10,0,0,0,0
136349,10,0,0,0,0
136350,10,0,0,0,0
136351,10,0,0,0,0
136383,10,0,0,0,0
136384,10,0,0,0,0
136385,10,0,0,0,0
136386,10,0,0,0,0
136387,10,0.29,0,0.4596,82.645805
136388,10,0,0,0,0
136389,10,0.68,0,0.2935,50.654793
136390,10,0,0,0,0
136391,10,0,0,0,0
136392,10,0.69,0,0.3224,50.444393
136393,10,0,0,0,0
136394,10,0,0,0,0
136395,10,0,0,0,0
136396,10,0,0,0,0
136397,10,0,0,0,0
136398,10,0,0,0,0
136399,10,0,0,0,0
136400,10,0,0,0,0
136401,10,0,0,0,0
136402,10,0,0,0,0
136963,10,0,0,0,0
136964,10,0,0,0,0
136966,10,0,0,0,0
136972,10,1.43,0,0.0933,12.758082
136973,10,0,0,0,0
136974,10,0,0,0,0
136975,10,0,0,0,0
136976,10,0.78,0,0.5346,73.05574
136977,10,0,0,0,0
136978,10,0,0,0,0
136979,10,0,0,0,0
136982,10,0,0,0,0
136983,10,0,0,0,0
136984,10,0,0,0,0
136985,10,0,0,0,0
136986,10,0,0,0,0
136987,10,0,0,0,0
136988,10,0,0,0,0
136989,10,0.03,0,0.0529,8.034793
136990,10,0,0,0,0
136991,10,0,0,0,0
136992,10,0,0,0,0
136993,10,0,0,0,0
136994,10,1.45,0,0.1518,23.656704
136995,10,0.05,0,0.011,1.6924369
136999,10,0,0,0,0
137000,10,0,0,0,0
137001,10,0,0,0,0
137002,10,0,0,0,0
137007,10,0,0,0,0
137008,10,0,0,0,0
137009,10,0,0,0,0
137010,10,0,0,0,0
137011,10,0,0,0,0
137012,10,0.09,0,0.2823,45.125614
137013,10,0,0,0,0
137014,10,0.32,0,0.1693,27.57177
137015,10,3.84,0,0.502,81.74227
137016,10,0,0,0,0
137017,10,2.77,0,0.1624,25.525093
137018,10,0.32,0,0.014,2.200973
137019,10,0,0,0,0
137020,10,0,0,0,0
137021,10,0,0,0,0
137022,10,0,0,0,0
137023,10,0,0,0,0
137024,10,0,0,0,0
137025,10,0,0,0,0
137026,10,0,0,0,0
137027,10,0,0,0,0
137028,10,0,0,0,0
137029,10,0,0,0,0
137030,10,0,0,0,0
137031,10,0,0,0,0
137032,10,0,0,0,0
137033,10,0,0,0,0
137034,10,0,0,0,0
137035,10,0,0,0,0
137036,10,0,0,0,0
137037,10,0,0,0,0
137066,10,0,0,0,0
137067,10,0,0,0,0
137068,10,0,0,0,0
137069,10,0,0,0,0
137070,10,0.03,0,0.0267,4.7976837
137071,7,0.13,0,0.9451,182.87677
137073,10,0.14,0,0.1203,21.564928
137074,10,0,0,0,0
137075,10,0,0,0,0
137076,10,0,0,0,0
137077,10,0,0,0,0
137078,10,0,0,0,0
137080,10,0,0,0,0
137081,10,0,0,0,0
137082,10,0,0,0,0
137083,10,0,0,0,0
137084,10,0,0,0,0
137085,10,0,0,0,0
137086,10,0,0,0,0
137657,10,0,0,0,0
137658,10,0,0,0,0
137659,10,0,0,0,0
137660,10,0,0,0,0
137661,10,0,0,0,0
137662,10,0,0,0,0
137663,10,0,0,0,0
137664,10,0,0,0,0
137668,10,0,0,0,0
137669,10,0,0,0,0
137670,10,0.01,0,0.0019,0.26881483
137671,10,0,0,0,0
137672,10,0.06,0,0.028,4.6574764
137673,10,1,0,0.2842,43.56029
137674,10,0,0,0,0
137675,10,0.23,0,0.0354,5.7065725
137676,10,0.26,0,0.0477,7.6718507
137677,10,0,0,0,0
137678,10,0,0,0,0
137679,10,0,0,0,0
137680,10,0.47,0,0.1619,27.986637
137681,8,0.01,0,0.945,168.66225
137684,10,0,0,0,0
137691,10,0,0,0,0
137692,10,4.71,0,0.6201,86.95017
137693,10,0,0,0,0
137695,10,0,0,0,0
137696,10,0,0,0,0
137697,10,0,0,0,0
137698,10,0,0,0,0
137699,10,0.03,0,0.0855,13.31244
137700,10,0.23,0,0.0293,4.5618577
137701,10,0,0,0,0
137702,10,0,0,0,0
137703,10,0,0,0,0
137704,10,0,0,0,0
137705,10,0,0,0,0
137706,10,0,0,0,0
137707,10,0,0,0,0
137708,10,0,0,0,0
137709,10,0,0,0,0
137710,10,0,0,0,0
137711,10,0,0,0,0
137712,10,0,0,0,0
137713,10,0,0,0,0
137714,10,0,0,0,0
137715,10,0,0,0,0
137716,10,0,0,0,0
137717,10,0,0,0,0
137718,10,0,0,0,0
137719,10,0,0,0,0
137720,10,0,0,0,0
137721,10,0,0,0,0
137750,10,0,0,0,0
137751,10,0,0,0,0
137752,10,0,0,0,0
137753,10,0,0,0,0
137754,10,0.2,0,0.426,73.53127
137755,7,1.2,0,0.945,177.70352
137756,10,0.05,0,0.3661,63.28187
137757,10,1.09,0,0.3324,56.983467
137758,10,1.51,0,0.1345,23.101215
137759,10,0,0,0,0
137760,10,0,0,0,0
137761,10,0,0,0,0
137764,10,0,0,0,0
137765,10,0,0,0,0
137766,10,0,0,0,0
137767,10,0,0,0,0
137768,10,0,0,0,0
137769,10,0,0,0,0
138344,10,0,0,0,0
138345,10,0,0,0.0001,0.011638875
138346,10,0.65,0,0.2049,28.243547
138347,10,0.33,0,0.1761,23.459528
138348,10,0.48,0,0.313,43.86616
138349,10,0.16,0,0.11,15.417023
138350,10,0,0,0,0
138351,10,0,0,0,0
138352,10,0.28,0,0.3714,49.684372
138353,10,0.1,0,0.0973,12.919562
138354,10,0,0,0.0011,0.15400957
138355,10,0.07,0,0.2846,39.63598
138356,10,0,0,0,0
138357,10,0,0,0,0
138358,10,0,0,0,0
138359,10,0.16,0,0.1335,21.103258
138360,10,0.09,0,0.0205,3.5880294
138361,10,0,0,0,0
138362,10,1.15,0,0.1021,17.622225
138363,10,0.33,0,0.0139,2.3910356
138364,10,0.05,0,0.0039,0.70897156
138365,10,0.8,0,0.2216,38.809254
138366,8,4.27,0,0.9206,157.2432
138367,10,0,0,0.0109,1.7396519
138375,10,0,0,0,0
138376,10,0.11,0,0.3181,44.196114
138377,10,0,0,0,0
138378,10,0,0,0,0
138379,10,0,0,0,0
138380,10,0,0,0,0
138381,10,0,0,0,0
138382,10,0,0,0,0
138383,10,0.1,0,0.0907,14.583499
138384,10,0.26,0,0.0215,3.7211185
138385,10,0,0,0,0
138386,10,0,0,0,0
138387,10,0,0,0,0
138388,10,0,0,0,0
138389,10,0,0,0,0
138390,10,2.76,0,0.3652,48.365826
138391,10,2.14,0,0.1784,25.291447
138392,10,0,0,0,0
138393,10,0,0,0,0
138396,10,0,0,0,0
138397,10,0,0,0,0
138398,10,0,0,0,0
138399,10,0,0,0,0
138400,10,0,0,0,0
138401,10,0,0,0,0
138402,10,0,0,0,0
138403,10,0,0,0,0
138435,10,0,0,0,0
138436,10,0,0,0,0
138437,10,0,0,0,0
138438,8,1.4,0,0.945,164.20287
138439,10,0.37,0,0.2979,52.845337
138440,10,0.03,0,0.0481,8.191683
138441,10,0,0,0,0
138442,10,0,0,0.0004,0.06610147
138443,10,0,0,0,0
138444,10,0,0,0,0
138445,10,0,0,0,0
138446,10,0,0,0,0
138447,10,0,0,0,0
138448,10,0,0,0,0
138449,10,0,0,0,0
138450,10,0,0,0,0
138451,10,0,0,0,0
138452,10,0,0,0,0
138453,10,0,0,0,0
138454,10,0,0,0,0
139029,10,1.38,0,0.5412,76.17673
139030,10,0.28,0,0.2647,37.03427
139031,10,2.27,0,0.6873,95.904366
139032,10,1.56,0,0.2869,39.31427
139033,10,0.01,0,0.0024,0.33135837
139034,10,0,0,0,0
139035,10,0.49,0,0.3898,53.177086
139036,10,0.03,0,0.023,3.014465
139037,10,0.04,0,0.0133,1.7436891
139038,10,1.92,0,0.6643,105.25657
139039,9,0.17,0,0.7862,129.3101
139040,10,0.06,0,0.1217,19.361631
139041,10,0,0,0,0
139042,10,0,0,0,0
139043,10,0.02,0,0.0606,9.869855
139044,10,0.08,0,0.1788,31.839123
139045,10,0,0,0,0
139046,10,3.15,0,0.1296,23.384516
139047,10,7.9,0,0.4236,77.05751
139048,10,0.16,0,0.0116,2.03091
139049,10,6.1,0,0.4783,83.05278
139050,10,2.1,0,0.5547,92.17377
139051,10,0,0,0,0
139052,10,0,0,0,0
139053,10,0,0,0,0
139054,10,0,0,0,0
139055,10,0,0,0,0
139060,10,0,0,0,0
139061,10,0,0,0.134,18.805544
139062,10,0.03,0,0.138,19.364626
139064,10,0,0,0,0
139065,10,0,0,0,0
139066,10,0,0,0,0
139067,10,0,0,0,0
139068,10,0,0,0,0
139069,10,0,0,0,0
139070,10,0,0,0,0
139071,10,0,0,0,0
139072,10,0,0,0,0
139073,10,0,0,0,0
139074,10,0,0,0,0
139075,10,0,0,0,0
139076,10,0.36,0,0.0617,8.723476
139077,10,0,0,0,0
139078,10,0,0,0,0
139079,10,0,0,0,0
139080,10,0,0,0,0
139081,10,0,0,0,0
139082,10,0,0,0,0
139083,10,0,0,0,0
139084,10,0,0,0,0
139085,10,0,0,0,0
139086,10,0,0,0,0
139118,10,0,0,0,0
139119,10,0,0,0,0
139120,10,2.59,0,0.1488,21.226446
139121,10,11.77,0,0.5671,79.85392
139122,10,9.25,0,0.5763,91.93179
139123,10,0.06,0,0.0108,1.8087256
139124,10,0.24,0,0.0234,3.9514937
139125,10,3.68,0,0.3795,64.09767
139126,10,0,0,0,0
139127,10,0,0,0,0
139128,10,0,0,0,0
139129,10,0,0,0,0
139130,10,0,0,0,0
139131,10,0,0,0,0
139132,10,0,0,0,0
139133,10,0,0,0,0
139134,10,0,0,0,0
139137,10,0,0,0,0
139138,10,0,0,0,0
139713,9,2.12,0,0.9398,133.80965
139714,9,1.78,0,0.9009,128.58533
139715,9,1.8,0,0.9448,134.2338
139716,10,2.01,0,0.259,36.099667
139717,10,0,0,0,0
139718,10,0.56,0,0.2928,38.76266
139719,10,2.2,0,0.3428,45.385773
139720,10,0,0,0,0
139721,10,0,0,0,0
139722,10,0.17,0,0.0361,6.009156
139723,10,2.64,0,0.4578,71.31007
139724,10,0,0,0,0
139725,10,0,0,0,0
139726,10,0,0,0,0
139727,10,0,0,0,0
139728,10,0,0,0,0
139729,10,0.13,0,0.1831,29.769316
139730,10,1.25,0,0.1342,23.94595
139731,10,2.85,0,0.2224,40.06801
139732,10,0.45,0,0.064,11.150624
139733,10,1.53,0,0.1894,32.92057
139734,10,0,0,0,0
139744,10,0.07,0,0.8181,105.655945
139745,10,0.14,0,0.3667,49.723095
139748,10,0,0,0,0
139749,10,0,0,0,0
139750,10,0,0,0,0
139751,10,0,0,0,0
139752,10,0,0,0,0
139753,10,0,0,0,0
139754,10,0,0,0,0
139755,10,0,0,0,0
139756,10,0,0,0,0
139757,10,0,0,0,0
139758,10,0,0,0,0
139759,10,0,0,0,0
139760,10,0.35,0,0.03,4.2433805
139761,10,0,0,0,0
139762,10,0,0,0,0
139763,10,0,0,0,0
139764,10,0,0,0,0
139765,10,0,0,0,0
139766,10,0,0,0,0
139767,10,0,0,0,0
139768,10,0,0,0,0
139769,10,0,0,0,0
139802,10,0,0,0,0
139803,10,0,0,0,0
139804,10,0.33,0,0.0382,5.4424624
139805,10,1.17,0,0.149,21.766998
139806,10,3.71,0,0.2303,33.993034
139807,10,0,0,0,0
139808,10,0,0,0,0
139809,10,0,0,0,0
139810,10,0,0,0,0
139811,10,0,0,0,0
139812,10,0,0,0,0
139813,10,0,0,0,0
139814,10,0,0,0,0
139815,10,0,0,0,0
139816,10,0,0,0,0
139817,10,0,0,0,0
139818,10,0,0,0,0
140396,9,0.31,0,0.9448,132.68968
140397,10,2.55,0,0.7203,100.51569
140398,9,2.53,0,0.9448,137.26881
140399,9,4.41,0,0.9448,134.09583
140400,10,1.01,0,0.5825,81.395096
140401,10,0,0,0,0
140402,10,0,0,0,0
140403,10,0,0,0,0
140404,10,0,0,0,0
140405,10,0,0,0,0
140406,10,0,0,0,0
140407,10,0.49,0,0.1123,14.857452
140408,10,2.56,0,0.359,48.025948
140409,10,0,0,0,0
140411,9,0.83,0,0.7885,133.21434
140412,10,0,0,0,0
140413,10,0.16,0,0.1257,22.55145
140414,10,0.7,0,0.4118,77.57387
140415,10,1.48,0,0.4051,72.740135
140416,10,0.73,0,0.4179,72.523056
140417,8,0.07,0,0.945,173.84674
140428,10,0.21,0,0.7846,103.820946
140429,10,0.05,0,0.0211,2.7857955
140430,10,0,0,0,0
140433,10,0,0,0,0
140434,10,0,0,0,0
140435,10,0,0,0,0
140436,10,0,0,0,0
140437,10,0,0,0,0
140438,10,0,0,0,0
140439,10,0,0,0,0
140440,10,0,0,0,0
140441,10,0,0,0,0
140442,10,0,0,0,0
140443,10,4.42,0,0.2587,44.180717
140444,10,0,0,0,0
140445,10,0,0,0,0
140446,10,0,0,0,0
140447,10,0,0,0,0
140448,10,0,0,0,0
140449,10,0,0,0,0
140450,10,0,0,0,0
140486,10,0,0,0,0
140487,10,0,0,0,0
140488,10,0,0,0,0
140489,10,0,0,0,0
140490,10,0,0,0,0
140491,10,0,0,0,0
140492,10,0,0,0,0
140493,10,0,0,0,0
140494,10,0,0,0,0
140495,10,0,0,0,0
140496,10,0,0,0,0
140497,10,0,0,0,0
140498,10,0,0,0,0
140499,10,0,0,0,0
140500,10,0,0,0,0
140501,10,0,0,0,0
140502,10,0,0,0,0
140503,10,0,0,0,0
141083,9,4.23,0,0.9174,128.60345
141084,10,0.84,0,0.3903,52.35973
141085,10,0,0,0,0
141086,10,0,0,0,0
141087,10,0.61,0,0.0674,8.837013
141088,10,0,0,0,0
141089,10,0,0,0,0
141090,10,0,0,0.0002,0.022087187
141091,10,5.51,0,0.5382,73.16355
141092,10,3.77,0,0.4471,60.17346
141093,10,4.04,0,0.3302,54.564213
141094,8,3.3,0,0.917,162.246
141095,10,1.28,0,0.6233,109.943306
141096,10,0,0,0,0
141097,10,0,0,0,0
141098,10,0,0,0,0
141099,10,0.22,0,0.4763,83.59657
141100,10,0.13,0,0.179,31.724512
141113,10,0,0,0,0
141118,10,0,0,0,0
141120,10,0,0,0,0
141121,10,0,0,0,0
141122,10,0,0,0,0
141123,10,0,0,0,0
141124,10,0,0,0,0
141125,10,0,0,0,0
141126,10,0,0,0,0
141127,10,0,0,0,0
141128,10,0,0,0,0
141129,10,0,0,0,0
141130,10,0,0,0,0
141131,10,0,0,0,0
141132,10,0,0,0,0
141133,10,0,0,0,0
141134,10,0,0,0,0
141168,10,0,0,0,0
141169,10,0,0,0,0
141170,10,0,0,0,0
141171,10,0,0,0,0
141172,10,0.84,0,0.0555,7.4400535
141173,10,0.7,0,0.1309,17.542387
141174,10,0,0,0,0
141175,10,0.64,0,0.1471,20.094715
141176,10,0.78,0,0.1186,16.89418
141177,10,0,0,0,0
141178,10,0,0,0,0
141179,10,0,0,0,0
141180,10,0,0,0,0
141181,10,0,0,0,0
141182,10,0,0,0,0
141183,10,0,0,0,0
141184,10,0,0,0,0
141185,10,0,0,0,0
141186,10,0,0,0,0
141187,10,0,0,0,0
141768,10,0.85,0,0.2391,33.247917
141769,10,0,0,0,0
141770,10,0,0,0,0
141771,10,0.74,0,0.3532,46.33236
141772,10,0.66,0,0.0708,9.697556
141773,10,0,0,0,0
141774,10,0,0,0.0011,0.14826351
141775,9,3.73,0,0.9447,125.013855
141776,10,3.69,0,0.6931,91.83339
141777,10,0.04,0,0.3735,62.918964
141778,10,0.61,0,0.4422,74.874825
141779,8,2.82,0,0.9098,161.1393
141780,10,3.39,0,0.6821,123.47072
141781,8,0.65,0,0.8939,164.73164
141782,10,0,0,0,0
141783,10,0,0,0,0
141786,10,0,0,0,0
141788,10,0,0,0,0
141796,10,0,0,0,0
141797,10,0,0,0,0
141798,10,0,0,0,0
141799,10,0,0,0,0
141805,10,0,0,0,0
141806,10,0,0,0,0
141807,10,0,0,0,0
141808,10,0,0,0,0
141809,10,0,0,0,0
141810,10,0.67,0,0.0362,5.2658153
141811,10,0,0,0,0
141812,10,0,0,0,0
141813,10,0,0,0,0
141814,10,0,0,0,0
141817,10,0,0,0,0
141818,10,0,0,0,0
141850,10,0,0,0,0
141851,10,0,0,0,0
141852,10,0,0,0,0
141853,10,0,0,0,0
141854,10,0,0,0,0
141855,10,0,0,0,0
141856,10,0,0,0,0
141857,10,0,0,0,0
141858,10,0.21,0,0.1144,14.877277
141859,10,0.57,0,0.0926,12.555286
141860,10,0,0,0,0
141861,10,0,0,0,0
141862,10,0,0,0,0
141863,10,0,0,0,0
141864,10,0,0,0,0
141865,10,0,0,0,0
141866,10,0,0,0,0
141867,10,0,0,0,0
141868,10,0,0,0,0
141869,10,0,0,0,0
141870,10,0,0,0,0
142447,10,0,0,0,0
142453,10,0,0,0,0
142454,10,0,0,0,0
142455,10,0,0,0,0
142456,10,0.46,0,0.2443,33.18091
142457,10,0,0,0,0
142458,10,0,0,0,0
142459,10,0.27,0,0.1747,23.218332
142460,10,0.33,0,0.075,9.946248
142461,10,0,0,0,0
142463,8,3.36,0,0.8643,152.42125
142464,10,1.97,0,0.6456,106.20879
142465,10,0.91,0,0.2107,37.555458
142466,10,0,0,0,0
142467,7,0.01,0,0.9451,187.00496
142468,7,0.11,0,0.8937,177.54535
142469,8,0.01,0,0.945,167.63391
142470,10,0,0,0,0
142473,10,0,0,0,0
142474,10,0,0,0,0
142475,10,0,0,0,0
142476,10,0,0,0,0
142479,10,0,0,0,0
142480,10,0,0,0,0
142481,10,0,0,0,0
142484,10,0,0,0,0
142490,10,0,0,0,0
142491,10,0,0,0,0
142492,10,0,0,0,0
142493,10,0,0,0,0
142494,10,2.27,0,0.1449,21.103983
142495,10,0,0,0,0
142496,10,0,0,0,0
142499,10,0,0,0,0
142501,10,0.73,0,0.3083,40.98997
142502,10,0,0,0,0
142529,10,0,0,0,0
142530,10,0,0,0,0
142531,10,0,0,0,0
142532,10,0,0,0,0
142534,10,0,0,0,0
142535,10,0,0,0,0
142536,10,0,0,0,0
142537,10,0,0,0,0
142538,10,0,0,0,0
142539,10,0,0,0,0
142540,10,3.02,0,0.2227,28.544119
142541,10,0,0,0,0
142542,10,0.06,0,0.4338,56.404182
142543,10,0,0,0,0
142544,10,0,0,0,0
142545,10,0,0,0,0
142546,10,0,0,0,0
142547,10,0,0,0,0
142548,10,0,0,0,0
142549,10,0,0,0,0
142550,10,0,0,0,0
142551,10,0,0,0,0
142552,10,0,0,0,0
142553,10,0,0,0,0
142554,10,0,0,0,0
143131,10,0,0,0,0
143137,10,0,0,0,0
143138,10,0,0,0,0
143139,10,0,0,0,0
143140,10,0.77,0,0.0659,10.271437
143141,10,0,0,0,0
143142,10,0,0,0,0
143147,10,0,0,0,0
143148,10,0.95,0,0.6271,96.22877
143149,10,1.03,0,0.2499,43.343594
143150,10,1.49,0,0.2094,36.802376
143151,10,0,0,0,0
143153,10,0.06,0,0.3952,67.890884
143154,10,0.02,0,0.0173,2.9310791
143155,10,0.04,0,0.0329,5.368213
143156,10,0,0,0,0
143157,10,0,0,0,0
143158,10,0,0,0,0
143163,10,0,0,0,0
143164,10,0,0,0,0
143165,10,0,0,0,0
143170,10,0,0,0,0
143173,10,0,0,0,0
143174,10,0,0,0,0
143175,10,0,0,0,0
143176,10,0,0,0,0
143177,10,0,0,0,0
143179,10,0,0,0,0
143181,10,0,0,0,0
143182,10,0,0,0,0
143183,10,0,0,0,0
143184,10,0,0,0,0
143185,10,0,0,0,0
143212,10,0,0,0,0
143213,10,0,0,0,0
143215,10,0,0,0,0
143216,10,0,0,0,0
143217,10,0,0,0,0
143218,10,0,0,0,0
143219,10,0,0,0,0
143220,10,0,0,0,0
143221,10,0,0,0,0
143222,10,0,0,0,0
143223,10,0,0,0.0005,0.06445391
143224,10,1.51,0,0.2941,37.710537
143225,10,0,0,0,0
143230,10,0,0,0,0
143231,10,0.67,0,0.0978,12.556253
143232,10,0,0,0,0
143233,10,0,0,0,0
143234,10,0,0,0,0
143235,10,0,0,0,0
143236,10,0,0,0,0
143237,10,0,0,0,0
143822,10,0,0,0,0
143823,10,0,0,0,0
143824,10,2.02,0,0.1139,17.75077
143825,10,0,0,0,0
143826,10,0,0,0,0
143827,10,0,0,0,0
143828,10,0,0,0,0
143829,10,0,0,0,0
143830,10,0,0,0,0
143831,10,0,0,0,0
143832,10,0.31,0,0.337,54.61573
143833,10,3.5,0,0.4887,77.31021
143834,10,0.46,0,0.0928,13.7476845
143835,10,0.4,0,0.2749,50.30271
143836,10,0.37,0,0.6866,121.312935
143837,10,0.01,0,0.1367,22.408516
143839,10,0.04,0,0.4303,76.60939
143840,10,0.26,0,0.056,10.024085
143841,10,0.33,0,0.1109,17.955208
143844,10,0,0,0,0
143845,10,0,0,0.0013,0.2069834
143846,10,0,0,0,0
143847,10,0,0,0,0
143848,10,0,0,0,0
143858,10,0,0,0,0
143859,10,0,0,0,0
143860,10,0,0,0,0
143861,10,0,0,0,0
143862,10,0,0,0,0
143863,10,0,0,0,0
143865,10,0,0,0,0
143866,10,0,0,0,0
143867,10,0,0,0,0
143868,10,0,0,0,0
143869,10,0,0,0,0
143870,9,0.26,0,0.8822,136.05644
143895,10,0,0,0,0
143896,10,0,0,0,0
143897,10,0,0,0,0
143899,10,0,0,0,0
143900,10,0,0,0,0
143901,10,0,0,0,0
143902,10,0,0,0,0
143903,10,0,0,0,0
143904,10,0,0,0,0
143905,10,0,0,0,0
143906,10,4.9,0,0.4983,66.86345
143907,10,4.85,0,0.2871,39.27544
143908,10,0,0,0,0
143909,10,1.09,0,0.1643,21.052914
143915,10,0.64,0,0.9447,121.31526
143916,10,0,0,0,0
143917,10,0,0,0,0
143918,10,0,0,0,0
143919,10,0,0,0,0
143920,10,0,0,0,0
144507,10,0,0,0,0
144508,10,0,0,0,0
144509,10,0,0,0,0
144510,10,3.92,0,0.5547,77.948326
144511,10,0,0,0,0
144512,10,0,0,0,0
144513,10,0,0,0,0
144514,10,0,0,0,0
144515,10,0,0,0,0
144517,10,1.23,0,0.3248,54.99224
144518,10,1.23,0,0.3366,52.097492
144519,8,4.81,0,0.8861,156.70589
144520,10,0,0,0,0
144521,10,0,0,0,0
144522,10,0,0,0,0
144523,9,0.16,0,0.7536,129.72198
144524,10,0.02,0,0.034,5.703445
144525,10,4.59,0,0.7063,117.28825
144526,8,1.21,0,0.9264,152.79677
144527,9,0.2,0,0.9449,148.3685
144528,10,1.58,0,0.2416,38.792755
144529,10,1.78,0,0.4719,73.0832
144530,10,0.04,0,0.1693,23.655378
144531,10,0,0,0,0
144532,10,0,0,0,0
144536,10,0,0,0,0
144537,10,0,0,0,0
144541,10,0,0,0,0
144542,10,0,0,0,0
144543,10,0,0,0,0
144544,10,0,0,0,0
144545,10,0,0,0,0
144546,10,0,0,0,0
144550,10,0,0,0,0
144578,10,0,0,0,0
144579,10,0,0,0,0
144580,10,0,0,0,0
144581,10,0,0,0,0
144582,10,0,0,0,0
144583,10,0,0,0,0
144584,10,0,0,0,0
144585,10,0,0,0,0
144586,10,0,0,0,0
144587,10,0,0,0,0
144588,10,0,0,0,0
144589,10,0,0,0,0
144590,10,5.02,0,0.3138,42.07294
144591,10,5.9,0,0.3614,49.094078
144592,10,1.26,0,0.0841,11.385364
144593,10,0.56,0,0.1129,14.638426
144594,10,2.23,0,0.2573,33.367947
144595,10,0,0,0,0
144601,10,0,0,0,0
144602,10,0,0,0,0
144603,10,0,0,0,0
144604,10,0,0,0,0
145181,10,0,0,0,0
145191,10,0,0,0,0
145192,10,0,0,0,0
145193,10,0,0,0,0
145194,10,0,0,0,0
145195,10,0,0,0,0
145196,10,0.38,0,0.0606,7.9079165
145197,10,3.17,0,0.2784,36.29814
145198,10,2.09,0,0.3885,60.535698
145199,10,2.86,0,0.1903,29.686586
145200,10,3.06,0,0.6836,119.52599
145201,8,10.71,0,0.945,157.10085
145202,8,2.58,0,0.9449,152.16222
145203,8,3.63,0,0.945,165.1379
145204,7,4.01,0,0.945,175.96606
145205,9,20.28,0,0.9182,145.24445
145206,10,0.1,0,0.3959,67.84038
145207,8,0.01,0,0.945,157.50111
145209,10,0.01,0,0.0387,6.3617487
145210,10,1.08,0,0.6833,112.6557
145211,10,4.96,0,0.5153,81.08443
145212,10,0.12,0,0.0059,0.93118334
145213,9,7.52,0,0.9281,136.64955
145214,10,2.25,0,0.3467,51.369854
145215,10,0,0,0,0
145216,10,0,0,0,0
145221,10,0,0,0,0
145222,10,0,0,0,0
145223,10,0,0,0,0
145224,10,0,0,0,0
145225,10,0,0,0,0
145226,10,0,0,0,0
145227,10,0,0,0,0
145228,10,0,0,0,0
145231,10,0,0,0,0
145232,10,0,0,0,0
145233,10,0,0,0,0
145234,10,0,0,0,0
145236,10,0,0,0,0
145239,10,0,0,0,0
145240,10,0,0,0,0
145242,10,0,0,0,0
145260,10,0,0,0,0
145261,10,0,0,0,0
145262,10,0,0,0,0
145263,10,0,0,0,0
145264,10,0,0,0,0
145265,10,0,0,0,0
145266,10,0,0,0,0
145267,10,0,0,0,0
145268,10,0,0,0,0
145269,10,0,0,0,0
145270,10,0,0,0,0
145271,10,0,0,0,0
145272,10,0,0,0,0
145273,10,0,0,0,0
145274,10,0,0,0,0
145275,10,2.01,0,0.1373,19.11563
145276,10,1.5,0,0.1194,16.2279
145277,10,1.55,0,0.312,42.980766
145278,10,2.71,0,0.2029,27.630358
145279,10,0,0,0,0
145285,10,0,0,0,0
145286,10,0,0,0,0
145287,10,0,0,0,0
145288,10,0,0,0,0
145876,10,0,0,0,0
145877,10,0,0,0,0
145878,10,0,0,0,0
145880,10,0.92,0,0.2092,27.279764
145881,10,5.01,0,0.9447,123.17365
145882,10,0,0,0,0
145883,10,1.71,0,0.4559,73.75356
145884,10,3.42,0,0.3368,54.968037
145885,10,6.92,0,0.283,45.750416
145886,8,14.12,0,0.945,154.6963
145887,8,0.47,0,0.945,157.6848
145888,8,24.25,0,0.945,164.25702
145889,10,10.18,0,0.5346,93.543724
145890,10,9.22,0,0.6169,99.53886
145891,10,0.98,0,0.4029,63.997402
145892,10,0,0,0,0
145895,10,0,0,0,0
145896,10,0,0,0,0
145897,10,0.89,0,0.0537,7.716
145898,10,0.1,0,0.0165,2.3608456
145899,10,0,0,0,0
145900,10,0,0,0,0
145901,10,0,0,0,0
145904,10,0,0,0,0
145905,10,0,0,0,0
145906,10,0,0,0,0
145909,10,0,0,0,0
145910,10,0,0,0,0
145915,10,0,0,0,0
145916,10,0,0,0,0
145917,10,0,0,0,0
145918,10,0,0,0,0
145924,10,0,0,0,0
145926,10,0,0,0,0
145944,10,0,0,0,0
145945,10,0,0,0,0
145946,10,0,0,0,0
145947,10,0,0,0,0
145948,10,0,0,0,0
145949,10,0,0,0,0
145950,10,0,0,0,0
145951,10,0,0,0,0
145952,10,0,0,0,0
145953,10,0,0,0,0
145954,10,0,0,0,0
145955,10,0,0,0,0
145956,10,0,0,0,0
145957,10,0,0,0,0
145958,10,0,0,0,0
145959,10,15.81,0,0.7929,116.0645
145960,10,7.7,0,0.6099,88.354294
145961,10,4.3,0,0.564,80.50828
145962,10,6.35,0,0.6535,93.480736
145963,10,0,0,0,0
145964,10,0,0,0,0
145965,10,0,0,0,0
145966,10,0,0,0,0
145967,10,0,0,0,0
145968,10,0,0,0,0
145969,10,0,0,0,0
145970,10,0,0,0,0
145971,10,0,0,0,0
145972,10,0,0,0,0
146560,10,0,0,0,0
146561,10,0,0,0,0
146562,10,0,0,0,0
146563,10,0,0,0,0
146564,10,0,0,0,0
146565,10,0,0,0,0
146566,10,0,0,0,0
146567,10,13.94,0,0.6074,95.34988
146568,10,5.38,0,0.2871,45.628292
146569,9,23.07,0,0.8887,140.9114
146570,8,6.17,0,0.945,153.9038
146571,8,1.96,0,0.945,156.62605
146572,8,0.1,0,0.945,160.1143
146573,8,10.31,0,0.945,164.0058
146574,9,5.14,0,0.7621,136.33499
146575,10,0.98,0,0.1149,19.381742
146576,8,0,0,0.9449,152.38039
146580,10,0,0,0,0
146581,10,0,0,0,0
146582,10,0,0,0,0
146583,10,0,0,0,0
146584,10,0,0,0,0
146588,10,0,0,0,0
146589,10,0,0,0,0
146591,10,0,0,0,0
146600,10,0,0,0,0
146601,10,0,0,0,0
146602,10,0,0,0,0
146603,10,0,0,0,0
146604,10,0,0,0,0
146605,10,0,0,0,0
146608,10,0,0,0,0
146609,10,0,0,0,0
146610,10,0,0,0,0
146622,10,0,0,0,0
146623,10,0,0,0,0
146626,10,0,0,0,0
146627,10,0,0,0,0
146628,10,0,0,0,0
146629,10,0,0,0,0
146630,10,0,0,0,0
146631,10,0,0,0,0
146632,10,0,0,0,0
146633,10,0,0,0,0
146634,10,0,0,0,0
146635,10,0,0,0,0
146636,10,0,0,0,0
146637,10,0,0,0,0
146638,10,0,0,0,0
146639,10,0,0,0,0
146640,10,0,0,0,0
146641,10,0,0,0,0
146642,10,0,0,0,0
146643,9,12.39,0,0.8499,128.74754
146644,10,5.78,0,0.5563,83.24106
146645,10,0.36,0,0.0376,5.479753
146646,10,1.98,0,0.19,27.400581
146647,10,0,0,0,0
146648,10,0,0,0,0
146649,10,0,0,0,0
146650,10,0,0,0,0
146651,10,0,0,0,0
146652,10,0,0,0,0
146653,10,0,0,0,0
146654,10,0,0,0,0
146655,10,0,0,0,0
146656,10,0,0,0,0
147244,10,0,0,0,0
147245,10,0,0,0,0
147247,10,0,0,0,0
147248,10,0,0,0,0
147249,10,0.21,0,0.238,34.771046
147250,10,1.45,0,0.0777,11.347944
147251,10,0,0,0,0
147252,10,2.42,0,0.2677,43.146442
147253,8,28.72,0,0.944,151.32155
147254,8,23.7,0,0.945,153.79219
147255,8,10.99,0,0.945,159.06625
147257,8,18.06,0,0.945,169.13185
147258,8,16.4,0,0.9353,167.40132
147259,9,3.16,0,0.8129,136.58577
147260,10,1.46,0,0.51,82.49849
147261,8,0,0,0.945,153.59949
147264,10,0,0,0,0
147265,10,0,0,0,0
147266,10,0,0,0,0
147267,10,0,0,0,0
147274,10,0,0,0,0
147275,10,0,0,0,0
147276,10,0,0,0,0
147285,10,0,0,0,0
147286,10,0.13,0,0.22,29.377083
147287,10,0.47,0,0.2244,29.964657
147288,10,0.07,0,0.2942,40.013187
147289,10,0,0,0,0
147290,10,0,0,0,0
147291,10,0,0,0,0
147293,10,0,0,0,0
147294,10,0,0,0,0
147306,10,0,0,0,0
147307,10,0,0,0,0
147309,10,0,0,0,0
147310,10,0,0,0,0
147311,10,0,0,0,0
147312,10,0,0,0,0
147313,10,0,0,0,0
147314,10,0,0,0,0
147315,10,0,0,0,0
147316,10,1.37,0,0.1254,17.099838
147317,10,0,0,0,0
147318,10,0,0,0,0
147319,10,0,0,0,0
147320,10,0.09,0,0.1059,17.284273
147321,10,0.6,0,0.0384,6.261734
147322,10,0,0,0,0
147323,10,0,0,0,0
147324,10,0,0,0,0
147325,10,1.03,0,0.4338,67.49554
147326,9,0.29,0,0.9286,145.85725
147327,9,1.22,0,0.9449,149.9564
147328,9,5.57,0,0.9271,141.49055
147329,10,1.2,0,0.2092,31.129765
147330,10,0,0,0,0
147331,10,0,0,0,0
147332,10,0,0,0,0
147333,10,0,0,0,0
147334,10,0,0,0,0
147335,10,0,0,0,0
147336,10,0,0,0,0
147337,10,0,0,0,0
147338,10,0,0,0,0
147339,10,0,0,0,0
147340,10,0,0,0,0
147927,10,0.01,0,0.0062,0.83909816
147928,10,0.18,0,0.0174,2.226467
147929,10,0,0,0,0
147930,10,0,0,0,0
147931,10,0,0,0,0
147932,10,0,0,0,0
147933,10,0.37,0,0.0385,5.559479
147934,10,14.27,0,0.6904,108.50092
147935,10,6.85,0,0.8184,122.009735
147936,10,1.28,0,0.2061,30.73631
147937,9,4.06,0,0.8207,130.04114
147938,8,3.61,0,0.945,155.0891
147939,8,35.46,0,0.945,162.60036
147940,8,15.72,0,0.945,166.06859
147941,8,19.83,0,0.945,167.86115
147942,8,30.64,0,0.945,160.18353
147943,9,4.67,0,0.9143,149.96855
147944,10,7.01,0,0.6057,99.0285
147945,10,2.64,0,0.3557,57.47405
147946,10,0.49,0,0.3389,53.495453
147949,10,0,0,0,0
147950,10,0,0,0,0
147951,10,0,0,0,0
147960,10,0,0,0,0
147961,10,0,0,0,0
147962,10,0,0,0,0
147963,10,0,0,0,0
147969,10,0,0,0,0
147970,10,0,0,0,0
147971,10,0,0,0,0
147972,10,0.13,0,0.3973,54.045303
147973,10,0,0,0,0
147976,10,0,0,0,0
147980,10,0,0,0,0
147981,10,0,0,0,0
147982,10,0,0,0,0
147983,10,0,0,0,0
147992,10,0,0,0,0
147993,10,0,0,0,0
147994,10,0,0,0,0
147995,10,0,0,0,0
147996,10,0,0,0,0
147997,10,0,0,0,0
147998,10,0,0,0,0
147999,10,0.26,0,0.4111,54.962276
148000,10,3.87,0,0.3379,45.862
148001,10,0,0,0,0
148002,10,0,0,0,0
148003,10,0,0,0,0
148004,10,5.14,0,0.4602,73.938324
148005,10,8.38,0,0.6151,98.91566
148006,10,1.25,0,0.1807,27.852686
148007,10,0,0,0,0
148008,10,0.06,0,0.4358,70.47932
148009,10,10.66,0,0.7343,117.051094
148010,10,0.2,0,0.0314,5.3795114
148011,8,2.44,0,0.945,171.85957
148012,8,2.46,0,0.9449,151.97552
148013,10,0,0,0,0
148014,10,0,0,0,0
148015,10,0,0,0,0
148016,10,0,0,0,0
148017,10,0,0,0,0
148018,10,0,0,0,0
148019,10,0,0,0,0
148020,10,0,0,0,0
148021,10,0,0,0,0
148022,10,0,0,0,0
148023,10,0,0,0,0
148024,10,0,0,0,0
148612,10,0.3,0,0.1293,16.576124
148613,10,0,0,0,0
148614,10,0,0,0,0
148615,10,0,0,0,0
148616,10,0,0,0,0
148617,10,0,0,0,0
148618,10,0,0,0,0
148619,10,5.03,0,0.4557,69.64513
148620,10,1.45,0,0.1528,23.224815
148621,10,3.47,0,0.1735,26.823177
148622,8,1.8,0,0.9449,152.25797
148623,8,22.98,0,0.9449,152.2483
148624,8,27.37,0,0.945,157.76915
148625,8,30.08,0,0.945,162.6461
148626,8,38.97,0,0.945,159.84561
148627,8,6.37,0,0.945,159.37326
148628,8,0.47,0,0.945,155.00537
148629,10,2.24,0,0.2333,37.231594
148630,10,0,0,0,0
148633,10,0,0,0,0
148634,10,0,0,0,0
148635,10,0,0,0,0
148644,10,0,0,0,0
148645,10,0,0,0,0
148646,10,0,0,0,0
148647,10,0,0,0,0
148653,10,0,0,0,0
148654,10,0,0,0,0
148655,10,0,0,0,0
148656,10,0,0,0,0
148657,10,0,0,0,0
148660,10,0,0,0,0
148661,10,0,0,0,0
148664,10,0,0,0,0
148665,10,0,0,0,0
148666,10,0,0,0,0
148667,10,0,0,0,0
148676,10,0,0,0,0
148677,10,0,0,0,0
148678,10,0,0,0,0
148679,10,0,0,0,0
148680,10,0,0,0,0
148681,10,0,0,0,0
148682,10,0,0,0,0
148684,10,0,0,0,0
148685,10,0,0,0,0
148686,10,0,0,0,0
148687,10,2.22,0,0.1908,28.928436
148688,10,6.69,0,0.5299,84.19202
148689,9,16.04,0,0.8839,143.28807
148690,10,6.97,0,0.7193,117.47692
148691,10,0.44,0,0.0868,14.220064
148692,10,4.35,0,0.5066,87.26535
148693,10,12.78,0,0.6714,114.02482
148694,10,11.72,0,0.5821,94.98331
148695,8,9.79,0,0.945,164.31712
148696,10,1.71,0,0.2802,45.52755
148697,10,0,0,0,0
148698,10,0,0,0,0
148699,10,0,0,0,0
148700,10,0,0,0,0
148701,10,0,0,0,0
148702,10,0,0,0,0
148703,10,0,0,0,0
148704,10,0,0,0,0
148705,10,0,0,0,0
148706,10,0,0,0,0
148707,10,0,0,0,0
149296,10,0.81,0,0.3044,41.855297
149297,10,0,0,0,0
149298,10,0,0,0,0
149299,10,0,0,0,0
149300,10,0,0,0,0
149301,10,0,0,0,0
149302,10,0,0,0,0
149303,10,0,0,0,0
149304,10,0,0,0,0
149305,10,5.5,0,0.4708,73.95937
149306,8,17.18,0,0.9449,150.34799
149307,8,34.91,0,0.9449,152.1975
149308,8,32.98,0,0.945,158.1303
149309,8,40.36,0,0.945,168.51047
149310,8,32.29,0,0.945,161.77199
149311,8,9.81,0,0.945,157.39572
149312,8,0.67,0,0.945,154.56532
149313,10,0,0,0,0
149314,10,0,0,0,0
149316,10,0,0,0,0
149317,10,0,0,0,0
149318,10,0,0,0,0
149319,10,0,0,0,0
149323,10,0,0,0,0
149324,10,0,0,0,0
149330,10,0,0,0,0
149331,10,0,0,0,0
149332,10,0,0,0,0
149333,10,0,0,0,0
149335,10,0,0,0,0
149336,10,0,0,0,0
149337,10,0,0,0,0
149339,10,0,0,0,0
149340,10,0,0,0,0
149341,10,0,0,0,0
149342,10,0,0,0,0
149343,10,0,0,0,0
149344,10,0,0,0,0
149346,10,0,0,0,0
149349,10,0,0,0,0
149359,10,0,0,0,0
149361,10,0,0,0,0
149362,10,0,0,0,0
149363,10,0,0,0,0
149364,10,0,0,0,0
149365,10,0,0,0,0
149366,10,0.13,0,0.201,30.351461
149367,10,0,0,0,0
149368,10,0,0,0,0
149369,10,0,0,0,0
149370,10,0,0,0,0
149371,10,3.15,0,0.2269,34.59111
149372,9,12.35,0,0.9449,148.1057
149373,9,5.79,0,0.7995,133.8196
149374,10,9.76,0,0.6543,114.59612
149375,10,0.53,0,0.04,6.659766
149376,10,0.01,0,0.002,0.33792955
149377,8,4.93,0,0.8592,151.38644
149378,8,25.05,0,0.945,160.56818
149379,8,9.81,0,0.945,162.45409
149380,9,8.84,0,0.921,144.87901
149381,10,1.05,0,0.1281,20.50812
149382,10,0,0,0,0
149383,10,0,0,0,0
149384,10,0,0,0,0
149385,10,0,0,0,0
149386,10,0,0,0,0
149387,10,0,0,0,0
149388,10,0,0,0,0
149389,10,0,0,0,0
149390,10,0,0,0,0
149391,10,0,0,0,0
149980,10,0.06,0,0.0151,2.0777175
149981,10,0,0,0,0
149982,10,0,0,0,0
149983,10,0,0,0,0
149984,10,0,0,0,0
149985,10,0,0,0,0
149987,10,0,0,0,0
149988,10,0,0,0,0
149989,10,1.09,0,0.227,35.701492
149990,9,1.4,0,0.9449,149.31886
149991,8,17.46,0,0.9449,151.13968
149992,8,26.09,0,0.945,154.89066
149993,8,30.99,0,0.945,166.16977
149994,8,29.42,0,0.945,163.77266
149995,8,2.5,0,0.945,155.78398
149996,10,0,0,0,0
149997,8,1.29,0,0.9449,150.33206
149998,9,0,0,0.9449,149.27896
150000,10,0,0,0,0
150001,10,0,0,0,0
150002,10,0,0,0,0
150003,10,0,0,0,0
150006,10,0,0,0,0
150007,10,0,0,0,0
150008,10,0,0,0,0
150010,10,0,0,0,0
150011,10,0,0,0,0
150015,10,0,0,0,0
150016,10,0,0,0,0
150017,10,0,0,0,0
150018,10,0,0,0,0
150019,10,0,0,0,0
150020,10,0,0,0,0
150021,10,0,0,0,0
150023,10,0,0,0,0
150024,10,0,0,0,0
150025,10,0,0,0,0
150026,10,0,0,0,0
150029,10,0,0,0,0
150030,10,0,0,0,0
150031,10,0,0,0,0
150043,10,0,0,0,0
150045,10,0,0,0,0
150046,10,0,0,0,0
150047,10,0,0,0,0
150048,10,0,0,0,0
150049,10,0,0,0,0
150051,10,0,0,0,0
150052,10,0,0,0,0
150053,10,0,0,0,0
150054,10,0,0,0,0
150055,10,0.83,0,0.0432,7.080729
150056,9,15.13,0,0.7479,126.12981
150057,10,0.23,0,0.4288,72.93575
150058,10,0.13,0,0.2635,44.15767
150059,10,4.34,0,0.3238,56.39617
150060,10,2.21,0,0.502,87.99038
150061,10,0.44,0,0.2569,44.604385
150062,8,12.57,0,0.945,170.21178
150063,8,8.62,0,0.9381,173.00208
150064,10,5.62,0,0.5157,83.63233
150065,10,6.39,0,0.5722,92.97331
150066,10,0,0,0,0
150067,10,0,0,0,0
150068,10,0,0,0,0
150069,10,0,0,0,0
150070,10,0,0,0,0
150071,10,0,0,0,0
150072,10,0,0,0,0
150073,10,0,0,0,0
150074,10,0,0,0,0
150671,10,0,0,0,0
150672,10,0,0,0,0
150673,10,0,0,0,0
150674,9,0,0,0.9449,145.82327
150675,8,3.59,0,0.9449,151.11504
150676,8,15.52,0,0.9449,151.4292
150677,8,28.22,0,0.945,156.32365
150678,8,23.21,0,0.945,158.97034
150679,9,1.39,0,0.7998,129.36548
150680,10,0.16,0,0.6692,104.70544
150681,9,1.32,0,0.903,145.29654
150682,9,0.91,0,0.9449,149.44768
150683,10,0.34,0,0.385,58.971737
150684,10,0,0,0,0
150685,10,0,0,0,0
150686,10,0,0,0,0
150687,10,0,0,0,0
150688,10,0,0,0,0
150689,10,0,0,0,0
150690,10,0,0,0,0
150691,10,0,0,0,0
150692,10,0,0,0,0
150693,10,0,0,0,0
150694,10,0,0,0,0
150695,10,0,0,0,0
150696,10,0,0,0,0
150699,10,0,0,0,0
150700,10,0,0,0,0
150702,10,0,0,0,0
150704,10,0,0,0,0
150705,10,0,0,0,0
150706,10,0,0,0,0
150707,10,0,0,0,0
150708,10,0,0,0,0
150709,10,0,0,0,0
150710,10,0,0,0,0
150711,10,0,0,0,0
150713,10,0,0,0,0
150714,10,0,0,0,0
150715,10,0,0,0,0
150725,10,0,0,0,0
150726,10,0,0,0,0
150729,10,0,0,0,0
150730,10,0,0,0,0
150731,10,0,0,0,0
150732,10,0,0,0,0
150734,10,0,0,0,0
150735,10,0,0,0,0
150736,10,0,0,0,0
150737,10,0,0,0,0
150738,10,0,0,0,0
150739,10,0.04,0,0.0022,0.35474122
150740,10,5.88,0,0.2834,48.108246
150741,10,0.51,0,0.4686,79.394684
150742,10,0,0,0,0
150743,8,9.85,0,0.8719,156.51596
150744,8,15.47,0,0.9434,174.5005
150745,8,23.58,0,0.886,165.50688
150746,8,33.13,0,0.945,173.78421
150747,8,2.12,0,0.9414,173.1682
150748,9,8.94,0,0.849,142.1222
150749,9,6.1,0,0.83,135.92285
150750,10,0.16,0,0.0292,4.654177
150751,10,0,0,0,0
150752,10,0,0,0,0
150753,10,0,0,0,0
150754,10,0,0,0,0
150755,10,0,0,0,0
150756,10,0,0,0,0
150757,10,0,0,0,0
150758,10,0,0,0,0
150759,10,0,0,0,0
151362,8,0.01,0,0.945,157.34404
151363,10,0.21,0,0.2926,45.7821
151364,10,0.82,0,0.286,44.619614
151365,10,0,0,0.0044,0.68504924
151366,9,0.68,0,0.9449,149.5298
151367,9,7.23,0,0.9133,143.9797
151368,10,3.14,0,0.3883,60.67198
151369,10,0.05,0,0.0351,5.6405478
151370,10,0,0,0,0
151371,10,0,0,0,0
151372,10,0,0,0,0
151373,10,0,0,0,0
151374,10,0,0,0,0
151375,10,0,0,0,0
151376,10,0,0,0,0
151377,10,0,0,0,0
151378,10,0,0,0,0
151381,10,0,0,0,0
151382,10,0,0,0,0
151384,10,0.75,0,0.5436,72.48998
151386,10,0,0,0,0
151388,10,0,0,0,0
151389,10,0,0,0,0
151390,10,0,0,0,0
151391,10,0,0,0,0
151392,10,0,0,0,0
151393,10,0,0,0,0
151394,10,0,0,0,0
151395,10,0,0,0,0
151396,10,0,0,0,0
151397,10,0,0,0,0
151398,10,0,0,0,0
151400,10,0,0,0,0
151405,10,0,0,0,0
151409,10,0,0,0,0
151410,10,0,0,0,0
151414,10,0,0,0,0
151415,10,0,0,0,0
151416,10,0,0,0,0
151417,10,0,0,0,0
151418,10,0,0,0,0
151419,10,0,0,0,0
151420,10,0,0,0,0
151421,10,0,0,0,0
151422,10,0,0,0,0
151423,10,0,0,0,0
151424,10,2.76,0,0.2183,34.797443
151425,10,1.19,0,0.2103,33.717506
151427,8,1.14,0,0.9068,172.97469
151428,8,21.7,0,0.9277,171.105
151429,7,34.94,0,0.945,175.47406
151430,8,28.89,0,0.945,166.77505
151431,8,2.47,0,0.9449,151.5752
151432,8,16.43,0,0.9449,152.67241
151433,10,16.85,0,0.7609,120.46739
151434,10,10.13,0,0.3718,60.452442
151435,10,0,0,0,0
151436,10,0,0,0,0
151437,10,0,0,0,0
151438,10,0,0,0,0
151439,10,0,0,0,0
151440,10,0,0,0,0
151441,10,0,0,0,0
151442,10,0,0,0,0
151443,10,0,0,0,0
152050,10,5.95,0,0.7329,116.55967
152051,8,17.81,0,0.9449,151.21396
152052,9,5.47,0,0.8839,131.95016
152053,10,0,0,0,0
152054,10,0,0,0,0
152055,10,0,0,0,0
152056,10,0,0,0,0
152057,10,0.11,0,0.0692,9.879749
152058,10,0.24,0,0.0938,13.427625
152059,10,0,0,0,0
152060,10,0,0,0,0
152061,10,0,0,0,0
152062,10,0,0,0,0
152063,10,0,0,0,0
152064,10,0,0,0,0
152065,10,0,0,0,0
152066,10,0,0,0,0
152067,10,0.38,0,0.0806,10.710639
152068,10,0.07,0,0.9447,124.55582
152072,10,0,0,0,0
152073,10,0,0,0,0
152074,10,0,0,0,0
152075,10,0,0,0,0
152076,10,0,0,0,0
152077,10,0,0,0,0
152078,10,0,0,0,0
152079,10,0,0,0,0
152080,10,0,0,0,0
152081,10,0,0,0,0
152082,10,0,0,0,0
152083,10,0,0,0,0
152084,10,0,0,0,0
152085,10,0,0,0,0
152087,10,0,0,0,0
152088,10,0,0,0,0
152090,10,0,0,0,0
152097,10,0,0,0,0
152098,10,0,0,0,0
152099,10,0,0,0,0
152101,10,0,0,0,0
152102,10,0,0,0,0
152103,10,0,0,0,0
152104,10,0,0,0,0
152105,10,0,0,0,0
152106,10,0,0,0,0
152107,10,0,0,0,0
152108,10,9.11,0,0.7389,120.24735
152109,9,7.6,0,0.8777,140.93489
152111,10,0.03,0,0.0099,1.7415198
152112,10,11.05,0,0.5724,101.38416
152113,8,17.35,0,0.9444,168.09143
152114,10,6.98,0,0.3527,56.929623
152115,10,3.37,0,0.2534,39.20461
152116,10,5.29,0,0.4125,63.239376
152117,9,17.22,0,0.9074,138.66899
152118,10,6.81,0,0.4239,69.085976
152119,10,0,0,0,0
152120,10,0,0,0,0
152121,10,0,0,0,0
152122,10,0,0,0,0
152123,10,0,0,0,0
152124,10,0,0,0,0
152125,10,0,0,0,0
152126,10,0,0,0,0
152127,10,0,0,0,0
152128,10,0,0,0,0
152734,9,5.5,0,0.8508,137.50174
152735,9,6.11,0,0.8246,133.33447
152736,8,2.29,0,0.9449,151.53262
152737,10,0,0,0,0
152738,10,0,0,0,0
152739,10,0,0,0,0
152740,10,0,0,0,0
152741,10,0,0,0,0
152742,10,0,0,0,0
152743,10,0,0,0,0
152744,10,0,0,0,0
152745,10,0,0,0,0
152746,10,0,0,0,0
152747,10,0,0,0,0
152749,10,0,0,0,0
152750,10,0,0,0,0
152751,10,0,0,0,0
152755,10,0,0,0,0
152756,10,0,0,0,0
152757,10,0,0,0,0
152758,10,0,0,0,0
152759,10,0,0,0,0
152760,10,0,0,0,0
152761,10,0,0,0,0
152762,10,0,0,0,0
152763,10,0,0,0,0
152764,10,0,0,0,0
152765,10,0,0,0,0
152766,10,0,0,0,0
152767,10,0,0,0,0
152768,10,0,0,0,0
152769,10,0,0,0,0
152771,10,0,0,0,0
152772,10,0,0,0,0
152773,10,0,0,0,0
152775,10,0,0,0,0
152782,10,0.39,0,0.2637,36.4274
152783,10,0,0,0,0
152784,10,0,0,0,0
152786,10,0,0,0,0
152787,10,0,0,0,0
152788,10,0,0,0,0
152789,10,0,0,0,0
152790,10,0,0,0,0
152791,10,0,0,0,0
152792,10,0,0,0,0
152793,10,1.66,0,0.0965,16.301228
152794,10,1.19,0,0.313,52.881138
152795,10,0,0,0,0
152796,10,6.43,0,0.3788,67.05207
152797,10,6.4,0,0.4549,74.42469
152798,10,0.93,0,0.0587,8.482228
152799,10,0,0,0,0
152800,10,0,0,0,0
152801,10,10.17,0,0.5937,89.9773
152802,10,6.49,0,0.3966,64.7638
152803,10,0,0,0,0
152804,10,0,0,0,0
152805,10,0,0,0,0
152806,10,0,0,0,0
152807,10,0,0,0,0
152808,10,0,0,0,0
152809,10,0,0,0,0
152810,10,0,0,0,0
152811,10,0,0,0,0
153419,10,2.29,0,0.675,106.3798
153420,9,9.61,0,0.9449,148.99438
153421,9,14.38,0,0.8767,133.43422
153422,10,0.05,0,0.0319,4.7539616
153423,10,0,0,0,0
153424,10,0,0,0,0
153425,10,1.46,0,0.083,12.3305435
153426,10,9.39,0,0.4085,59.582172
153427,10,0,0,0,0
153428,10,0,0,0,0
153429,10,0,0,0,0
153431,10,0,0,0,0
153433,10,0,0,0,0
153434,10,0,0,0,0
153439,10,0,0,0,0
153440,10,0,0,0,0
153441,10,0,0,0,0
153442,10,0,0,0,0
153443,10,0,0,0,0
153444,10,0,0,0,0
153445,10,0,0,0,0
153446,10,0,0,0,0
153447,10,0,0,0,0
153448,10,0,0,0,0
153449,10,0,0,0,0
153450,10,0,0,0,0
153451,10,0,0,0,0
153452,10,0,0,0,0
153453,10,0,0,0,0
153459,10,0,0,0,0
153460,10,0,0,0,0
153464,10,0,0,0,0
153466,10,0.16,0,0.8881,122.65981
153467,10,0,0,0,0
153472,10,0,0,0,0
153473,10,0,0,0,0
153474,10,0,0,0,0
153475,10,0,0,0,0
153476,10,0,0,0,0
153477,10,3.1,0,0.1795,28.56439
153478,10,3.76,0,0.1876,30.451265
153479,10,6.77,0,0.5983,96.6869
153480,10,0.02,0,0.0024,0.3812413
153481,10,3.91,0,0.2606,38.8332
153482,10,1.38,0,0.0803,11.591128
153483,10,0,0,0,0
153484,10,0,0,0,0
153485,10,0,0,0,0
153486,10,0.38,0,0.0365,5.712016
153487,10,1.2,0,0.0966,15.107869
153488,10,0,0,0,0
153489,10,0,0,0,0
153490,10,0,0,0,0
153491,10,0,0,0,0
153492,10,0,0,0,0
153493,10,0,0,0,0
153494,10,0,0,0,0
153495,10,0,0,0,0
154104,8,1.09,0,0.9449,150.7815
154105,9,21.68,0,0.9449,144.76941
154106,10,12.44,0,0.3716,56.40017
154107,10,2.03,0,0.4407,65.12658
154108,10,0.38,0,0.263,39.7042
154109,10,0.54,0,0.0843,12.289451
154110,10,10.28,0,0.4473,65.71448
154111,10,0,0,0,0
154112,10,0,0,0,0
154116,10,0,0,0,0
154117,10,0,0,0,0
154118,10,0,0,0,0
154119,10,0,0,0,0
154121,10,0,0,0,0
154123,10,0,0,0,0
154125,10,0,0,0,0
154126,10,0,0,0,0
154127,10,0,0,0,0
154128,10,0,0,0,0
154129,10,0,0,0,0
154132,10,0,0,0,0
154133,10,0,0,0,0
154134,10,0,0,0,0
154135,10,0,0,0,0
154136,10,0,0,0,0
154137,10,0,0,0,0
154139,10,0,0,0,0
154140,10,0,0,0,0
154141,10,0.04,0,0.9447,121.40559
154142,10,2.78,0,0.5461,70.18786
154143,10,0,0,0,0
154144,10,0,0,0,0
154146,10,0.7,0,0.9447,123.8544
154147,10,3.36,0,0.3529,46.226078
154148,10,0,0,0,0
154151,10,0,0,0,0
154152,10,0,0,0,0
154155,10,0.03,0,0.1157,14.877892
154156,10,0,0,0,0
154157,10,0,0,0,0
154159,10,0,0,0,0
154160,10,4.76,0,0.4585,62.864098
154161,10,17.98,0,0.645,95.06862
154162,10,0.05,0,0.0028,0.4618421
154163,10,2.93,0,0.3142,49.228504
154164,10,0.9,0,0.0848,13.333257
154165,10,3.98,0,0.3343,47.95064
154166,10,5.16,0,0.3404,48.424133
154167,10,0,0,0,0
154168,10,0,0,0,0
154169,10,0,0,0,0
154170,10,3.22,0,0.31,49.129276
154171,10,2.8,0,0.1739,27.445877
154172,10,0.13,0,0.0094,1.3354645
154173,10,0,0,0,0
154174,10,0,0,0,0
154175,10,0,0,0,0
154176,10,0,0,0,0
154177,10,0,0,0,0
154178,10,0,0,0,0
154179,10,0,0,0,0
154790,10,4.86,0,0.5957,90.846794
154791,9,4.2,0,0.8514,127.55305
154792,9,7.58,0,0.9399,136.39346
154794,10,0,0,0,0
154795,10,0,0,0,0
154796,10,0,0,0,0
154799,10,0,0,0,0
154800,10,0,0,0,0
154801,10,0,0,0,0
154805,10,0,0,0,0
154806,10,0,0,0,0
154807,10,0,0,0,0
154808,10,0,0,0,0
154809,10,0,0,0,0
154810,10,0,0,0,0
154811,10,0,0,0,0
154812,10,0,0,0,0
154813,10,0,0,0,0
154814,10,0,0,0,0
154816,10,0,0,0,0
154817,10,0,0,0,0
154818,10,0,0,0,0
154819,10,1.1,0,0.9447,121.77034
154820,10,0.13,0,0.4642,59.84286
154821,10,0,0,0,0
154822,10,0,0,0,0
154825,10,0,0,0,0
154826,10,0.08,0,0.0077,1.0459532
154827,10,0.82,0,0.053,7.0739474
154828,10,0,0,0,0
154829,10,0,0,0,0
154830,10,1.17,0,0.743,97.40287
154831,10,1.63,0,0.0624,8.169319
154832,10,0,0,0,0
154835,10,0,0,0,0
154836,10,0,0,0,0
154837,10,0,0,0,0
154839,10,0,0,0,0
154841,10,0,0,0,0
154843,10,0,0,0,0
154844,10,0,0,0,0
154845,10,0,0,0,0
154846,10,0.56,0,0.0505,7.5027595
154847,10,0.9,0,0.1149,16.491636
154848,10,1.63,0,0.1594,21.70766
154849,10,7.49,0,0.5726,81.35286
154850,10,2,0,0.1729,24.364525
154851,10,0,0,0,0
154852,10,0,0,0,0
154853,10,1.32,0,0.1549,24.266924
154854,10,0.62,0,0.0412,5.7945037
154855,10,3.15,0,0.2089,29.519293
154856,10,1.35,0,0.0988,14.092053
154857,10,0,0,0,0
154858,10,0,0,0,0
154859,10,0,0,0,0
154860,10,0,0,0,0
154861,10,0,0,0,0
155476,9,0.27,0,0.9316,131.66539
155477,10,0,0,0,0
155485,10,0,0,0,0
155486,10,0,0,0,0
155488,10,0,0,0,0
155489,10,0,0,0,0
155490,10,0,0,0,0
155492,10,0,0,0,0
155493,10,0,0,0,0
155494,10,0,0,0,0
155495,10,0,0,0,0
155496,10,0,0,0,0
155497,10,0,0,0,0
155498,10,0,0,0,0
155501,10,0,0,0,0
155504,10,0,0,0,0
155505,10,0,0,0,0
155509,10,0,0,0,0
155510,10,2.73,0,0.1111,15.349462
155511,10,11.14,0,0.543,74.31153
155512,10,5.56,0,0.2923,38.285896
155513,10,0,0,0,0
155514,10,0,0,0,0
155515,10,0,0,0,0
155516,10,1.01,0,0.101,13.0127
155517,10,0.6,0,0.3046,39.253716
155519,10,0.58,0,0.8765,112.32992
155520,10,7.98,0,0.6151,80.30343
155521,10,0,0,0,0
155522,10,0,0,0,0
155523,10,0,0,0,0
155524,10,0,0,0,0
155525,10,0,0,0,0
155527,10,0,0,0,0
155528,10,0,0,0,0
155529,10,0,0,0,0
155530,10,0.42,0,0.0345,5.1157327
155531,10,0.5,0,0.0938,13.610646
155532,10,3.62,0,0.2747,37.021507
155533,10,1.77,0,0.1992,26.661953
155534,10,0,0,0,0
155535,10,0,0,0,0
155536,10,0,0,0,0
155537,10,7.88,0,0.4204,63.218163
155538,10,7.45,0,0.3433,49.517635
155539,10,1.49,0,0.131,18.160433
155540,10,5.82,0,0.5317,73.89917
155541,10,0,0,0,0
155542,10,0,0,0,0
155543,10,0,0,0,0
155544,10,0,0,0,0
156161,10,0,0,0,0
156162,10,0,0,0,0
156170,10,0,0,0,0
156171,10,0,0,0,0
156172,10,0,0,0,0
156173,10,0,0,0,0
156174,10,0,0,0,0
156175,10,0,0,0,0
156176,10,0,0,0,0
156177,10,0,0,0,0
156178,10,0,0,0,0
156179,10,0,0,0,0
156188,10,0.25,0,0.0491,6.316112
156189,10,0.02,0,0.0035,0.44841734
156191,10,0,0,0,0
156192,10,0,0,0,0
156193,10,0,0,0,0
156194,10,0.64,0,0.1553,21.593666
156195,10,11.66,0,0.3822,51.294033
156196,10,5.67,0,0.2909,37.865635
156197,10,0,0,0,0
156198,10,0,0,0,0
156199,10,0,0,0,0
156200,10,0,0,0,0
156201,10,0,0,0,0
156202,10,0,0,0,0
156203,10,0,0,0,0
156204,10,1.17,0,0.0855,11.390714
156205,10,11.07,0,0.5652,73.281425
156206,10,0,0,0,0
156207,10,0,0,0,0
156208,10,0,0,0,0
156209,10,0,0,0,0
156211,10,0,0,0,0
156212,10,2.42,0,0.1455,22.159208
156213,10,0,0,0,0
156214,10,0,0,0,0
156215,10,0,0,0,0
156216,10,0,0,0,0
156217,10,3.17,0,0.2851,38.67079
156218,10,0,0,0,0
156219,10,0,0,0,0
156220,10,0.77,0,0.0797,11.468468
156221,10,19.34,0,0.846,124.17683
156222,10,0.54,0,0.0305,4.381988
156223,10,0.17,0,0.012,1.6470841
156224,10,7.44,0,0.5336,73.54433
156225,10,1.14,0,0.1068,14.812079
156226,10,0,0,0,0
156227,10,0,0,0,0
156847,10,0,0,0,0
156848,10,0,0,0,0
156854,10,0,0,0,0
156855,10,0,0,0,0
156856,10,0,0,0,0
156857,10,0,0,0,0
156858,10,0,0,0,0
156859,10,0,0,0,0
156860,10,0,0,0,0
156861,10,0,0,0,0
156862,10,0,0,0,0
156863,10,0,0,0,0
156865,10,0,0,0,0
156866,10,0,0,0,0
156872,10,1.59,0,0.9447,121.50744
156873,10,0.08,0,0.0363,4.663007
156875,10,0,0,0,0
156876,10,0,0,0,0
156877,10,0,0,0,0
156878,10,0,0,0,0
156879,10,2.7,0,0.0787,10.077406
156880,10,7.14,0,0.2828,36.157192
156881,10,0,0,0,0
156882,10,0,0,0,0
156883,10,0.22,0,0.0201,2.7111387
156884,10,0.56,0,0.0527,7.1090217
156885,10,0,0,0,0
156887,10,0,0,0,0
156888,10,0,0,0,0
156889,10,0.54,0,0.0328,4.20081
156890,10,0,0,0,0
156891,10,0,0,0,0
156892,10,0,0,0,0
156893,10,0,0,0,0
156894,10,1.53,0,0.2826,43.07813
156895,10,0,0,0,0
156896,10,0,0,0,0
156897,10,0,0,0,0
156898,10,0,0,0,0
156899,10,0,0,0,0
156900,10,0,0,0,0
156901,10,2.27,0,0.2083,29.038286
156902,10,0,0,0,0
156903,10,0,0,0,0
156904,10,1.2,0,0.1333,19.184702
156905,10,13.36,0,0.735,108.29896
156906,10,0.42,0,0.0212,3.07158
156907,10,0,0,0,0
156908,10,0,0,0,0
156909,10,1.3,0,0.1409,20.26345
156910,10,0,0,0,0
156911,10,0,0,0,0
157533,10,0,0,0,0
157534,10,0,0,0,0
157538,10,0,0,0,0
157539,10,0,0,0,0
157540,10,0,0,0,0
157541,10,0,0,0,0
157542,10,0,0,0,0
157543,10,0,0,0,0
157545,10,0,0,0,0
157546,10,0,0,0,0
157547,10,0,0,0,0
157548,10,0,0,0,0
157549,10,0,0,0,0
157550,10,0,0,0,0
157559,10,0,0,0,0
157560,10,0,0,0,0
157561,10,0,0,0,0
157562,10,0,0,0,0
157563,10,2.61,0,0.0938,12.494252
157564,10,19.62,0,0.6038,77.85272
157565,10,1.25,0,0.0691,8.813996
157566,10,0,0,0,0
157567,10,0.81,0,0.0565,7.6210604
157568,10,17.02,0,0.453,61.13983
157569,10,5.62,0,0.7562,98.97855
157571,10,0,0,0,0
157572,10,0,0,0,0
157573,10,0,0,0,0
157574,10,0,0,0,0
157575,10,0,0,0,0
157576,10,0,0,0,0
157577,10,3.2,0,0.183,26.693115
157578,9,43.26,0,0.8825,133.3296
157579,10,1.66,0,0.0965,14.338585
157580,10,0,0,0,0
157581,10,0.22,0,0.014,2.0269938
157582,10,4.7,0,0.3316,47.727966
157583,10,0.53,0,0.0712,10.364729
157584,10,0,0,0,0
157585,10,9.01,0,0.5127,75.068665
157586,10,0.8,0,0.0382,5.5113096
157587,10,0,0,0,0
157588,10,0,0,0,0
157589,10,2.88,0,0.2259,32.5346
157590,10,0.4,0,0.0522,6.958982
157591,10,2.24,0,0.2164,28.539488
157592,10,0.03,0,0.0026,0.36855504
157593,10,1.75,0,0.2102,29.89426
157594,10,0,0,0,0
158219,10,0,0,0,0
158220,10,0,0,0,0
158222,10,0,0,0,0
158223,10,0,0,0,0
158224,10,0,0,0,0
158225,10,0,0,0,0
158227,10,0,0,0,0
158230,10,0,0,0,0
158231,10,0,0,0,0
158232,10,0,0,0,0
158233,10,0,0,0,0
158234,10,0,0,0,0
158235,10,0,0,0,0
158244,10,0,0,0,0
158245,10,0,0,0,0
158246,10,0,0,0,0
158247,10,1.7,0,0.4774,63.360096
158248,10,4.91,0,0.2517,33.165142
158249,10,1.36,0,0.044,5.6434426
158250,10,0.15,0,0.0056,0.71654695
158251,10,0,0,0,0
158252,10,1.96,0,0.0531,6.8555303
158253,10,2.02,0,0.9447,121.94737
158255,10,5.41,0,0.4002,51.901196
158256,10,0,0,0,0
158257,10,0,0,0,0
158258,10,0,0,0,0
158259,10,4.4,0,0.1567,20.246157
158260,10,25.42,0,0.5974,78.90225
158261,10,8.37,0,0.3247,44.578445
158262,10,7.85,0,0.185,26.806849
158263,10,0,0,0,0
158264,10,0,0,0,0
158265,10,0.67,0,0.0519,7.5314493
158266,10,6.6,0,0.3681,51.934315
158267,10,0,0,0,0
158268,10,2.75,0,0.4326,67.07702
158269,9,13.37,0,0.8991,137.69958
158270,10,23.97,0,0.7249,104.04735
158271,10,4.55,0,0.1254,16.967936
158272,10,0,0,0,0
158273,10,1.28,0,0.146,20.790813
158275,10,0.04,0,0.014,1.9143504
158276,10,1.4,0,0.3159,44.264095
158277,10,1.89,0,0.3233,45.36127
158278,10,0,0,0,0
158904,10,0,0,0,0
158905,10,0,0,0,0
158907,10,0,0,0,0
158908,10,0,0,0,0
158909,10,0,0,0,0
158910,10,0,0,0,0
158911,10,0,0,0,0
158913,10,0,0,0,0
158914,10,0,0,0,0
158915,10,0,0,0,0
158916,10,0,0,0,0
158917,10,0,0,0,0
158918,10,0,0,0,0
158919,10,0,0,0,0
158920,10,0,0,0,0
158921,10,0,0,0,0
158922,10,0,0,0,0
158923,10,0,0,0,0
158931,10,0,0,0,0
158932,10,0,0,0,0
158933,10,8.16,0,0.2934,37.752792
158934,10,1.05,0,0.0448,5.7457747
158935,10,0,0,0,0
158936,10,0,0,0,0
158939,10,6.5,0,0.4452,56.629692
158940,10,0,0,0,0
158941,10,0,0,0,0
158942,10,0,0,0,0
158943,10,0,0,0,0
158944,10,7.17,0,0.2912,38.502308
158945,10,0.94,0,0.036,4.86403
158946,10,0,0,0,0
158947,10,0,0,0,0
158948,10,0,0,0,0
158949,10,0,0,0,0
158950,10,1.51,0,0.0975,13.437021
158951,10,2.51,0,0.4881,66.80172
158952,10,0.22,0,0.0763,12.064824
158953,9,20.58,0,0.8891,137.22887
158954,10,40.29,0,0.6681,101.815636
158955,10,0,0,0,0
158956,10,0,0,0,0
158957,10,2.66,0,0.1898,28.913633
158958,10,10.42,0,0.8779,123.41087
158959,10,2.31,0,0.2003,27.218157
158960,10,1.41,0,0.3439,46.99612
158961,10,2.36,0,0.1879,25.55918
158962,10,0,0,0.0005,0.07131501
158963,10,0,0,0,0
159590,10,0,0,0,0
159591,10,0,0,0,0
159592,10,0,0,0,0
159593,10,0,0,0,0
159594,10,0,0,0,0
159595,10,0,0,0,0
159596,10,0,0,0,0
159597,10,0,0,0,0
159598,10,0,0,0,0
159599,10,0,0,0,0
159600,10,0,0,0,0
159601,10,0,0,0,0
159602,10,0,0,0,0
159603,10,0.05,0,0.0078,1.0346922
159604,10,0.03,0,0.0152,2.0052786
159605,10,0,0,0,0
159607,10,0,0,0,0
159616,10,0,0,0,0
159617,10,0,0,0,0
159618,10,0,0,0,0
159619,10,0,0,0,0
159622,10,0,0,0,0
159623,10,0,0,0,0
159624,10,7.42,0,0.1958,25.64932
159625,10,0,0,0,0
159626,10,0,0,0,0
159627,10,0,0,0,0
159628,10,0,0,0,0
159629,10,0,0,0,0
159630,10,0,0,0,0
159631,10,0,0,0,0
159632,10,0,0,0,0
159633,10,0,0,0,0
159634,10,0,0,0,0
159636,10,0,0,0,0
159637,9,36.63,0,0.8199,129.62393
159638,10,21.35,0,0.4765,70.83625
159639,10,8.89,0,0.2664,37.862114
159640,10,0,0,0,0
159641,10,11.7,0,0.5222,82.86191
159642,10,11.4,0,0.5259,76.23607
159643,10,0.69,0,0.0612,8.361948
159644,10,0,0,0,0
159645,10,1.12,0,0.4437,59.130962
159646,10,0,0,0,0
159647,10,0,0,0,0
160275,10,0,0,0,0
160276,10,0,0,0,0
160277,10,0.28,0,0.0731,9.977704
160278,10,0,0,0,0
160279,10,0,0,0,0
160280,10,0,0,0,0
160281,10,0,0,0,0
160282,10,0,0,0,0
160283,10,0,0,0,0
160284,10,0,0,0,0
160285,10,0,0,0,0
160286,10,0,0,0,0
160287,10,0.08,0,0.0201,2.6942408
160288,10,0.01,0,0.0278,3.7147622
160289,10,0,0,0,0
160294,10,0,0,0,0
160295,10,0,0,0,0
160298,10,0,0,0,0
160300,10,0,0,0,0
160301,10,0,0,0,0
160304,10,0,0,0,0
160305,10,11.14,0,0.5648,74.28539
160306,10,0,0,0,0
160307,10,0.08,0,0.0027,0.35386574
160308,10,16.47,0,0.6019,78.015205
160309,10,0,0,0,0
160310,10,0,0,0,0
160311,10,0,0,0,0
160312,10,0,0,0,0
160313,10,0,0,0,0
160314,10,1.84,0,0.0883,12.3470545
160315,10,0,0,0,0
160316,10,3.63,0,0.1866,29.192354
160317,10,0,0,0,0
160318,10,0,0,0,0
160319,10,1.16,0,0.1377,19.636248
160320,10,0.32,0,0.0204,2.914835
160321,10,0,0,0,0
160322,10,0.49,0,0.0757,11.44723
160323,10,0,0,0,0
160324,10,0,0,0,0
160325,9,20.57,0,0.7842,133.24925
160326,9,22.54,0,0.9291,133.71205
160327,10,1.64,0,0.1477,20.171595
160328,10,0,0,0,0
160329,10,0.8,0,0.6286,83.642975
160330,10,0,0,0,0
160961,10,0,0,0,0
160962,10,0,0,0,0
160963,10,0,0,0,0
160964,10,0,0,0,0
160965,10,0,0,0,0
160966,10,0,0,0,0
160967,10,0,0,0,0
160968,10,0,0,0,0
160969,10,0,0,0,0
160970,10,0.02,0,0.0082,1.0721974
160971,10,1.02,0,0.3335,47.72502
160972,10,2.08,0,0.7945,113.88356
160973,10,0.33,0,0.1627,23.273758
160977,10,0,0,0,0
160978,10,0,0,0,0
160979,10,0,0,0,0
160980,10,0,0,0,0
160981,10,0,0,0,0
160982,10,0,0,0,0
160983,10,0,0,0,0
160988,10,1.38,0,0.4457,59.410713
160989,10,20.99,0,0.547,73.37293
160990,10,0,0,0,0
160991,10,0,0,0,0
160992,10,0,0,0,0
160994,10,0,0,0,0
160995,10,0,0,0,0
160996,10,0,0,0,0
160997,10,2.17,0,0.0832,12.166345
160998,10,14.52,0,0.7833,116.012115
160999,10,7.64,0,0.4788,71.549034
161000,10,2,0,0.107,16.295443
161001,10,0,0,0,0
161002,10,0,0,0,0
161003,10,11.67,0,0.4128,58.62309
161004,10,5.65,0,0.1899,27.823572
161005,10,3.49,0,0.1486,21.77526
161006,10,0.87,0,0.1139,16.856007
161007,10,0.88,0,0.0807,15.108989
161008,10,4.54,0,0.4436,76.871864
161009,8,27.53,0,0.9237,151.49553
161010,9,23.73,0,0.9294,131.07005
161011,10,0,0,0,0
161012,10,0,0,0,0
161013,10,0,0,0,0
161648,10,0,0,0,0
161649,10,0,0,0,0
161650,10,0,0,0,0
161651,10,0,0,0,0
161652,10,0,0,0,0
161653,10,0,0,0,0
161654,10,1.92,0,0.6298,83.09402
161655,9,18.86,0,0.9448,133.14697
161656,10,1.15,0,0.6143,86.9554
161657,10,0,0,0,0
161661,10,0,0,0,0
161662,10,0,0,0,0
161663,10,0,0,0,0
161666,10,15.88,0,0.8472,110.22742
161667,10,17.42,0,0.5533,73.534546
161668,10,0,0,0,0
161671,10,0,0,0,0
161674,10,0,0,0,0
161675,10,0,0,0,0
161676,10,0,0,0,0
161680,10,4.79,0,0.1696,22.582205
161681,10,1.54,0,0.0616,9.603788
161682,10,19.06,0,0.7072,110.73581
161683,10,0.28,0,0.0194,2.8826392
161684,10,2.29,0,0.1818,26.881666
161685,10,0.82,0,0.0525,7.755047
161686,10,2.6,0,0.2722,38.278584
161687,10,10.11,0,0.5106,72.12509
161688,10,15.02,0,0.6755,101.226
161689,10,8.06,0,0.2148,31.473198
161690,10,2.44,0,0.134,20.537096
161691,10,0,0,0,0
161692,10,1.29,0,0.0638,9.223816
161693,10,17.77,0,0.723,107.50026
161694,10,14.71,0,0.6713,94.38895
161695,10,0,0,0,0
161696,10,0,0,0,0
161697,10,0,0,0,0
162332,10,0,0,0,0
162334,10,0,0,0,0
162335,10,0,0,0,0
162336,10,0,0,0,0
162337,10,0,0,0,0
162338,10,0.43,0,0.3311,44.437237
162339,10,12.74,0,0.6081,89.432945
162340,10,1.6,0,0.1636,25.249353
162341,10,0,0,0,0
162345,10,0,0,0,0
162346,10,0,0,0,0
162347,10,0,0,0,0
162349,10,0,0,0,0
162350,10,1.75,0,0.1413,18.507723
162351,10,7.16,0,0.4506,58.942467
162352,10,0,0,0,0
162354,10,0,0,0,0
162355,10,0,0,0,0
162356,10,0,0,0,0
162357,10,7.43,0,0.6549,83.83098
162358,10,0.68,0,0.9447,122.24661
162361,10,0,0,0,0
162362,10,0,0,0,0
162364,10,1.6,0,0.0724,9.661387
162365,10,11.02,0,0.4127,58.116894
162366,10,0.89,0,0.0556,8.534102
162367,10,0,0,0,0
162368,10,10.94,0,0.6157,90.71944
162369,10,10.05,0,0.5699,84.20532
162370,10,0,0,0,0
162371,10,1.15,0,0.1784,25.46883
162372,10,4.35,0,0.5651,81.23379
162373,10,20.75,0,0.5628,77.74836
162374,10,5.93,0,0.1892,26.079708
162375,10,0,0,0,0
162376,10,1.12,0,0.0471,6.808611
162377,10,13.78,0,0.5353,73.96502
162378,10,10.44,0,0.7826,110.024994
162379,10,0,0,0.435,61.8064
162380,10,0,0,0,0
162381,10,0,0,0,0
163018,10,0,0,0,0
163019,10,0,0,0,0
163020,10,0,0,0,0
163021,10,0,0,0,0
163022,10,0,0,0,0
163023,10,0,0,0,0
163024,10,0,0,0,0
163025,10,0,0,0,0
163026,10,0,0,0,0
163027,10,0,0,0,0
163029,10,1.51,0,0.17,22.534103
163030,10,0.06,0,0.0085,1.102291
163031,10,0,0,0,0
163033,10,0,0,0,0
163034,10,6.69,0,0.2593,36.340267
163035,10,0.28,0,0.0538,7.6875944
163037,10,0,0,0,0
163038,10,0,0,0,0
163039,10,0,0,0,0
163040,10,0,0,0,0
163041,10,2.21,0,0.0936,12.110219
163042,10,1.33,0,0.0886,11.470916
163043,10,4.36,0,0.196,25.191252
163044,10,0.27,0,0.0331,4.2522626
163046,10,0,0,0,0
163048,10,2.62,0,0.4919,67.689384
163049,10,11.61,0,0.4925,69.55427
163050,10,0,0,0,0
163051,10,6.88,0,0.2154,30.822392
163052,10,23.02,0,0.6943,99.52143
163053,10,11.63,0,0.5608,80.30707
163054,10,0,0,0,0
163055,10,0,0,0,0
163056,10,5.54,0,0.5058,69.554825
163057,9,33.28,0,0.9447,128.13126
163058,10,13.73,0,0.4714,64.24816
163059,10,0,0,0,0
163060,10,0.69,0,0.3195,42.43416
163061,10,13.89,0,0.857,114.88359
163062,9,11.39,0,0.9448,129.87064
163063,10,1.06,0,0.6537,94.239334
163064,10,0,0,0,0
163065,10,0,0,0,0
163704,10,0,0,0,0
163706,10,0,0,0,0
163707,10,0,0,0,0
163708,10,0,0,0,0
163709,10,0,0,0,0
163710,10,0,0,0,0
163711,10,0,0,0,0
163713,10,6.73,0,0.5599,72.54487
163714,10,2.46,0,0.2983,38.667206
163715,10,0,0,0,0
163716,10,0,0,0,0
163717,10,0,0,0,0
163718,10,7.63,0,0.2518,35.133293
163719,10,4.31,0,0.4069,55.486427
163720,10,0,0,0,0
163721,10,0,0,0,0
163722,10,0,0,0,0
163723,10,0,0,0,0
163724,10,0.59,0,0.0333,4.5045815
163725,10,0.4,0,0.0357,4.819424
163726,10,0,0,0,0
163727,10,0,0,0,0
163728,10,3.35,0,0.2759,39.53624
163729,10,0,0,0,0
163730,10,0,0,0,0
163732,10,1.36,0,0.2753,36.18867
163733,10,0,0,0,0
163734,10,0,0,0,0
163735,10,7.3,0,0.3194,45.460964
163736,10,13.81,0,0.5138,72.41827
163737,10,4.36,0,0.2397,33.470493
163738,10,0,0,0,0
163739,10,0,0,0,0
163740,10,10.45,0,0.5529,73.993164
163741,9,31.86,0,0.9447,126.51925
163742,10,16.7,0,0.4815,65.18415
163743,10,4.81,0,0.2886,39.379974
163744,10,0.91,0,0.1648,22.51688
163745,10,17.48,0,0.8128,108.655785
163746,9,24.44,0,0.9447,126.0512
163747,9,23.87,0,0.904,131.46054
163748,10,0,0,0,0
164391,10,0,0,0,0
164392,10,0,0,0,0
164393,10,0,0,0,0
164394,10,0,0,0,0
164397,10,7.11,0,0.3542,47.025494
164398,10,0.65,0,0.1032,13.7059145
164400,10,0,0,0,0
164401,10,0,0,0,0
164402,10,2.96,0,0.1319,17.348606
164403,10,0.22,0,0.0097,1.2713753
164404,10,0,0,0,0
164405,10,0,0,0,0
164406,10,0,0,0,0
164407,10,0,0,0,0
164408,10,0,0,0,0
164409,10,0,0,0,0
164410,10,0,0,0,0
164411,10,0,0,0,0
164412,10,0,0,0,0
164413,10,0,0,0,0
164414,10,0,0,0,0
164421,10,0,0,0,0
164422,10,0,0,0,0
164423,10,0,0,0,0
164424,10,3.29,0,0.4157,56.224865
164425,9,11.62,0,0.9447,127.08041
164426,10,11.19,0,0.4996,67.31004
164427,9,10.34,0,0.9448,129.11919
164428,10,5.17,0,0.5666,77.44201
164429,10,13.51,0,0.8224,109.96415
164430,9,15.85,0,0.9447,126.493935
164431,9,14.25,0,0.9448,136.99702
165081,10,0,0,0,0
165082,10,1.18,0,0.6514,83.04056
165083,10,0,0,0,0
165086,10,0,0,0,0
165087,10,0,0,0,0
165088,10,3.53,0,0.1212,16.484694
165089,10,7.85,0,0.2379,32.37259
165090,10,0,0,0,0
165091,10,0,0,0,0
165092,10,0,0,0,0
165093,10,0,0,0,0
165094,10,0,0,0,0
165095,10,0,0,0,0
165096,10,0,0,0,0
165111,9,0,0,0.9448,129.11919
165112,9,0.59,0,0.9448,129.11919
165113,9,4.29,0,0.9446,127.140816
165114,9,10.98,0,0.9447,126.90063
165115,9,4.57,0,0.9448,135.76587
165772,10,0,0,0,0
165773,10,0,0,0,0
165774,10,0,0,0,0
165775,10,0,0,0,0
165776,10,1.99,0,0.6988,93.06308
165777,10,0,0,0,0
165778,10,0,0,0,0
165779,10,0,0,0,0
165780,10,0,0,0,0
165781,10,0,0,0,0
165797,9,0.93,0,0.9448,129.11919
165798,9,0.06,0,0.9447,126.84021
165799,9,0.02,0,0.9448,135.76587
166463,10,0,0,0,0
166464,10,0,0,0,0
166465,10,0,0,0,0