sc_point_gid,class,capacity,capital_adder_per_mw,cf
41243,2,0.68,130050.92,0.2097
41896,3,3.27,217772.63,0.2362
41927,2,0.15,136082.29,0.206
41931,1,0.94,105775.23,0.1375
41933,2,0.68,118229.98,0.1695
42607,1,0.65,335952.41,0.0538
42614,1,0.09,85239.83,0.1524
42615,1,2.79,113661.26,0.1309
42616,2,0.16,125534.44,0.1819
42617,1,1.59,132782.78,0.0999
42618,1,1.9,75045.4,0.1008
42619,1,0.25,149134.01,0.1355
43292,1,1.42,196747.53,0.1104
43293,1,0.89,168377.01,0.0952
43297,1,1.55,102608.3,0.1628
43298,2,0.38,141225.76,0.1727
43299,2,0.62,138825.9,0.2151
43300,2,1.29,81985.01,0.175
43301,1,0.49,126997.48,0.1214
43302,2,3.07,86604.99,0.1949
43303,1,2.04,93803.34,0.1465
43304,1,0.47,116522.34,0.106
43305,1,0.7,114690.35,0.1282
43309,1,0.82,132941.37,0.0806
43973,1,0.41,350102.41,0.0763
43975,1,0.94,183727.29,0.1414
43977,1,2.61,161562.65,0.0917
43980,2,4.67,175777.41,0.1782
43981,1,1.69,126363.02,0.1418
43982,2,4.25,100972.57,0.1907
43983,1,0.8,91829.56,0.1644
43985,1,1.15,107447.44,0.1549
43987,1,3.94,86904.03,0.1049
43990,1,0.59,263039.51,0.0777
43991,1,0.68,136570.76,0.0972
43993,1,2.58,173024.57,0.0953
43996,2,1.85,152053.4,0.1705
44644,3,6.0,12307657.9,0.2372
44657,2,3.12,242175.54,0.166
44658,1,2.03,214499.59,0.1449
44665,2,1.83,128334.89,0.2144
44666,1,0.21,119859.7,0.1462
44667,1,2.29,41136.83,0.1476
44668,1,0.31,66107.51,0.1616
44669,2,1.04,120518.97,0.1903
44670,1,6.51,99167.74,0.1463
44671,1,1.19,92963.32,0.1203
44673,2,0.36,265777.74,0.1863
44674,1,1.45,116922.72,0.1424
44675,1,6.04,85044.95,0.1299
44676,1,1.36,130217.83,0.0889
44678,1,2.12,260141.93,0.1441
44679,1,0.93,113457.2,0.0528
44680,3,0.63,224212.06,0.2448
44681,3,2.35,169130.62,0.2546
44683,2,1.05,220929.11,0.2113
45343,2,2.21,132469.17,0.1938
45344,2,1.3,173568.45,0.192
45352,1,3.27,123091.71,0.1582
45354,1,1.16,87666.96,0.1099
45358,1,1.67,108138.4,0.1213
45359,1,5.64,87267.2,0.1498
45360,1,3.02,164483.75,0.1129
45362,1,0.72,144290.9,0.0908
45363,1,3.49,82191.59,0.0738
45365,4,0.27,1480014.89,0.2889
45367,2,4.99,253988.44,0.1906
45368,1,1.38,190456.27,0.1208
45369,1,1.53,195828.13,0.0986
45370,3,1.54,448148.63,0.2265
45371,1,0.17,389178.42,0.1515
45372,1,1.18,443947.24,0.1105
45373,1,2.44,527961.19,0.1597
45374,1,1.11,678860.48,0.1309
46000,2,0.69,144510.47,0.2026
46026,1,0.62,166546.1,0.0702
46043,1,1.02,139040.56,0.1625
46044,1,0.95,170194.93,0.0768
46045,1,1.45,83170.65,0.0737
46046,1,1.5,208601.03,0.0733
46047,1,2.63,144963.31,0.0573
46049,4,3.75,190459.25,0.3341
46050,2,1.62,171272.07,0.2172
46052,1,4.2,261560.46,0.099
46055,1,3.8,369850.45,0.1173
46056,1,0.97,444038.34,0.0996
46058,2,2.93,630101.61,0.1708
46059,1,0.11,738485.27,0.1472
46687,3,2.0,1530409.54,0.2297
46709,2,0.52,188485.98,0.2088
46710,1,0.32,141182.41,0.138
46711,1,0.54,153695.23,0.1147
46725,1,0.83,153806.28,0.1239
46727,1,1.26,143860.09,0.1144
46728,1,0.81,110331.57,0.0789
46729,1,5.49,136024.43,0.157
46730,1,0.47,76083.67,0.0913
46733,1,0.21,228830.62,0.1103
46736,1,3.29,223538.87,0.1024
46737,1,1.75,279867.12,0.071
46738,2,1.25,320494.29,0.1727
46739,1,2.3,397069.77,0.1509
46742,3,8.51,649181.22,0.2494
46743,1,2.13,551195.83,0.14
46744,1,0.47,879081.82,0.0991
47392,2,0.52,140201.86,0.1946
47393,1,0.12,213572.71,0.1022
47394,2,0.93,135659.68,0.1915
47409,1,2.18,279074.01,0.1158
47411,1,0.27,84608.26,0.1428
47412,1,0.45,142186.1,0.0791
47413,1,1.35,78111.08,0.1231
47414,1,4.06,65499.91,0.0768
47415,1,0.12,165093.14,0.0569
47416,4,0.57,198039.57,0.3145
47417,1,2.32,212815.88,0.1069
47418,2,0.35,236135.05,0.1795
47419,1,0.49,232709.33,0.1483
47420,2,3.94,276878.85,0.194
47421,1,3.39,265605.54,0.0791
47427,1,5.14,655724.45,0.1639
47428,1,0.84,757425.89,0.1064
47429,1,2.2,888964.42,0.1154
48073,2,2.31,288309.28,0.1955
48075,2,5.31,98394.34,0.1919
48076,2,1.8,66177.36,0.1662
48077,1,7.11,141563.23,0.1057
48082,2,0.96,105803.77,0.2061
48085,1,2.14,1409699.35,0.1434
48089,1,1.09,1492123.33,0.1182
48092,2,0.75,122057.48,0.1811
48093,1,3.33,1434394.91,0.1131
48095,1,0.99,138805.87,0.1191
48097,1,1.06,134240.32,0.0863
48098,1,2.59,81443.4,0.1029
48099,1,2.86,171025.02,0.0847
48102,1,4.14,251658.22,0.1432
48103,2,2.06,247102.2,0.1729
48104,2,0.94,289560.3,0.1919
48105,1,0.45,320883.3,0.1169
48107,1,0.15,315962.9,0.102
48108,1,0.31,311046.64,0.0898
48109,1,0.26,372066.77,0.0951
48111,2,2.31,569647.15,0.1936
48112,1,0.48,561279.89,0.1413
48760,1,1.39,125961.5,0.1503
48767,2,1.09,113140.19,0.2048
48770,1,1.2,244328.56,0.1164
48774,2,1.91,106500.22,0.2135
48786,1,5.31,286266.09,0.1485
48787,3,0.32,220692.05,0.2439
48789,1,0.23,320538.12,0.1448
48791,1,1.98,371875.56,0.0508
48792,1,5.68,342228.42,0.0806
48793,1,5.51,395034.94,0.0852
48794,1,0.12,396796.75,0.119
48797,1,11.85,702178.37,0.0728
48813,8,54.0,308393.48,0.4362
48814,8,131.27,215487.93,0.4476
49427,2,0.8,588612.39,0.2103
49428,2,0.2,1805942.2,0.2098
49442,2,3.09,140963.72,0.2109
49466,1,2.0,1510376.8,0.1386
49468,2,0.75,218128.55,0.1995
49469,2,0.76,224232.59,0.1791
49473,1,0.45,377301.32,0.1188
49475,1,0.34,382927.15,0.0601
49476,1,2.13,330979.46,0.1303
49481,1,2.85,452038.6,0.1247
49482,1,1.51,741189.96,0.0771
49497,8,6.0,1610344.82,0.447
49510,4,2.32,265496.29,0.3264
50110,2,2.54,321322.95,0.2253
50111,2,0.38,410380.62,0.1895
50112,2,3.2,486341.91,0.1791
50120,4,1.69,121557.48,0.2955
50125,2,1.6,266609.95,0.1734
50126,2,0.93,144837.21,0.1673
50129,3,1.47,34748.82,0.2301
50132,3,2.73,1376813.94,0.2305
50139,3,0.89,1392491.98,0.282
50140,3,0.54,121464.12,0.2574
50151,1,2.7,230419.69,0.1595
50152,2,0.42,211678.42,0.1999
50154,2,0.65,140669.01,0.2149
50155,1,0.34,250407.48,0.1017
50160,1,2.3,319537.81,0.1493
50162,2,0.38,339376.14,0.176
50166,1,0.45,373399.67,0.1229
50168,2,1.3,1526319.86,0.2198
50169,2,2.02,850920.16,0.1749
50182,4,1.53,471810.44,0.3257
50194,4,1.0,191226.52,0.3126
50199,4,2.67,213807.94,0.3264
50200,4,1.94,159039.93,0.3192
50201,4,4.41,175464.28,0.2996
50202,4,1.44,136895.77,0.3365
50469,5,6.0,1505788.15,0.352
50794,3,5.69,505940.44,0.2412
50803,3,0.58,242862.31,0.2784
50804,4,1.17,140796.27,0.3143
50813,2,2.79,56719.68,0.2087
50814,2,1.78,58233.58,0.1699
50816,3,0.14,99710.88,0.2414
50817,2,1.73,172175.58,0.2099
50818,2,0.22,108791.45,0.2046
50819,2,0.3,243642.01,0.2152
50822,3,0.21,141427.69,0.2831
50823,3,1.89,79047.48,0.2721
50824,3,2.81,101197.22,0.2607
50835,3,0.46,324496.46,0.2276
50837,2,0.49,152679.7,0.2142
50838,2,7.03,136603.74,0.1816
50839,2,1.95,211504.99,0.2067
50840,1,0.69,358228.8,0.1201
50843,2,4.64,225071.86,0.1701
50844,1,1.75,281708.92,0.1376
50850,3,0.5,1612122.56,0.2374
50865,6,121.2,286629.11,0.3893
50878,4,4.55,202731.16,0.323
50879,4,0.24,260617.67,0.3196
50882,5,3.09,307879.29,0.3814
50883,5,0.44,149170.67,0.3457
50884,4,1.21,160772.22,0.3318
50885,5,2.71,143740.91,0.3466
50886,5,0.97,152928.99,0.3714
50889,6,2.61,169821.02,0.3971
50890,6,4.31,183117.77,0.3834
50891,5,2.19,95716.79,0.3742
50892,5,2.84,74419.37,0.3759
50893,5,1.79,55149.44,0.3471
50894,5,2.78,76764.96,0.3569
51155,5,36.0,190037.98,0.3812
51488,4,2.08,217801.88,0.3131
51491,6,6.0,1438929.69,0.4048
51492,5,52.69,157614.83,0.3744
51493,4,2.57,160637.83,0.313
51496,3,1.07,114193.36,0.281
51497,3,0.35,172342.93,0.2778
51499,3,0.71,105799.5,0.2847
51502,2,0.67,1398864.56,0.2151
51503,2,0.75,100343.58,0.2135
51504,3,1.41,105768.13,0.2348
51505,3,0.07,247545.6,0.2605
51506,3,2.2,108016.35,0.2789
51507,3,0.85,101187.78,0.2797
51519,2,2.43,132796.54,0.1804
51520,2,2.82,83959.74,0.1913
51521,2,1.31,107834.21,0.2184
51522,1,2.38,177510.48,0.1642
51523,2,0.19,169680.3,0.1998
51524,3,2.28,235980.03,0.2672
51525,1,1.87,339039.02,0.0537
51527,3,4.8,349645.76,0.2398
51567,5,2.89,109426.58,0.3742
51568,5,5.35,186020.31,0.3518
51569,5,2.25,128495.47,0.366
51570,5,1.28,105809.91,0.3623
51571,6,1.75,161358.94,0.3963
51574,6,5.77,169941.19,0.3999
51575,6,2.79,99442.81,0.3838
51576,5,3.13,76894.8,0.3671
51577,5,4.76,67450.81,0.3675
51578,4,7.21,63032.06,0.3261
51579,4,2.77,69121.86,0.3305
51580,5,0.68,99772.26,0.3807
51585,5,0.62,107690.48,0.3497
52162,4,6.0,1415545.1,0.3106
52163,4,52.63,153440.12,0.3004
52172,3,1.71,1461150.7,0.2749
52174,6,2.57,152810.92,0.3977
52179,4,6.0,1412547.81,0.3256
52187,2,2.84,127603.19,0.2225
52188,3,3.26,106028.41,0.251
52189,3,4.93,65171.24,0.246
52203,1,2.22,98729.25,0.1418
52204,2,1.46,78385.35,0.1907
52205,1,3.46,90564.26,0.1633
52206,2,5.94,90943.97,0.1655
52207,1,5.75,113787.61,0.1052
52209,1,1.04,280565.09,0.0971
52210,1,1.03,344545.37,0.0873
52212,3,3.87,174842.62,0.2803
52215,5,5.83,221239.73,0.3511
52217,3,1.51,250828.6,0.2289
52218,3,1.47,171361.86,0.2358
52219,2,2.21,324325.64,0.192
52237,4,0.42,220316.12,0.326
52238,4,1.77,262516.51,0.3218
52239,4,1.39,260032.42,0.3189
52253,5,5.28,165518.22,0.3651
52254,5,3.03,109612.95,0.3443
52255,5,7.12,128835.03,0.3787
52257,6,3.21,157661.98,0.4063
52258,6,1.92,86728.02,0.3919
52259,5,2.32,58986.96,0.3636
52260,5,1.8,74874.86,0.3726
52262,5,5.73,80968.11,0.3406
52263,4,2.96,85615.21,0.3265
52264,6,0.79,104893.81,0.3877
52269,6,1.09,107269.55,0.3925
52271,7,0.77,1375096.88,0.433
52862,4,10.67,138042.66,0.315
52863,4,56.21,84032.64,0.3053
52875,3,1.11,123693.37,0.2578
52876,3,1.62,123563.08,0.2679
52886,2,1.93,155838.46,0.2237
52887,2,3.42,97607.29,0.197
52888,1,0.96,74119.75,0.164
52889,1,3.19,76984.81,0.1427
52890,1,5.04,99928.1,0.1409
52891,1,0.89,100806.0,0.1119
52895,3,0.75,246138.66,0.2402
52896,4,2.41,159715.05,0.3269
52897,2,2.93,140225.04,0.1759
52898,2,0.87,225147.49,0.1819
52901,2,4.62,357502.51,0.2027
52902,2,3.16,225383.93,0.1829
52903,2,3.89,366310.88,0.2113
52939,4,2.72,230592.49,0.3374
52940,4,1.03,108331.4,0.3253
52941,5,4.4,98238.44,0.3648
52942,6,0.79,91912.92,0.3879
52943,5,4.08,77888.36,0.3676
52944,5,1.06,71301.44,0.3506
52945,5,3.05,115832.72,0.3654
52946,4,2.46,77884.26,0.3289
52947,4,2.23,103450.56,0.3144
52948,5,0.22,145761.97,0.364
52950,5,0.4,155121.74,0.3515
53545,4,0.21,94554.83,0.2901
53546,5,4.36,30218.29,0.3717
53547,5,8.15,25950.62,0.3547
53560,3,2.09,128085.93,0.276
53562,3,0.08,105533.79,0.2518
53570,2,1.79,141089.13,0.1732
53571,2,2.26,128372.18,0.1908
53572,2,1.33,1452688.69,0.1849
53574,1,2.25,215345.98,0.1456
53575,1,0.93,71306.4,0.134
53576,2,2.42,132806.79,0.1821
53578,1,4.47,177007.73,0.1023
53589,1,4.47,469561.45,0.0723
53610,4,0.89,219733.03,0.3132
53613,4,0.61,186159.08,0.3284
53621,7,0.96,1431292.97,0.4111
53624,4,7.08,204071.67,0.34
53625,5,2.9,150394.44,0.349
53626,5,1.23,149388.11,0.369
53628,5,0.18,72691.19,0.3651
53629,4,2.79,80621.07,0.3332
53630,4,4.18,81360.29,0.2925
53631,4,1.16,139252.98,0.3011
53633,5,0.32,102351.7,0.3525
53634,5,0.24,108541.16,0.3722
53661,8,54.0,97169.23,0.4442
53681,8,6.0,1392467.29,0.4386
53682,7,144.0,59171.72,0.4184
53697,6,6.0,1375501.79,0.3928
54225,3,1.43,127966.89,0.236
54228,2,0.31,146664.03,0.1806
54229,3,4.66,92914.63,0.2667
54230,5,3.74,25616.78,0.3709
54231,5,3.28,28192.63,0.3456
54232,3,1.09,60347.39,0.2331
54236,2,0.27,145289.52,0.2006
54256,3,1.52,104067.3,0.2529
54257,2,0.55,86066.24,0.1827
54258,2,1.41,135134.51,0.2101
54259,1,1.44,76544.86,0.1578
54261,4,2.32,117630.85,0.2964
54262,2,0.6,146837.77,0.1813
54263,1,2.08,186097.43,0.0922
54266,3,0.71,189971.2,0.2414
54267,4,2.07,182093.75,0.3079
54293,6,1.53,1462955.67,0.4048
54294,6,2.14,164524.54,0.39
54297,4,2.99,198968.66,0.3312
54312,5,2.36,119520.18,0.3539
54313,4,0.5,132320.44,0.333
54315,4,8.81,98823.13,0.2996
54345,8,54.0,96788.04,0.4526
54346,9,30.0,203245.74,0.4571
54365,7,6.0,1722116.57,0.4338
54574,6,60.0,124413.3,0.405
54904,2,1.91,170569.95,0.1943
54912,2,1.18,140088.18,0.1793
54913,3,0.99,76464.25,0.2485
54914,5,4.12,18879.42,0.3424
54915,4,3.48,25636.95,0.3071
54916,3,2.97,98705.32,0.2574
54917,3,2.23,51155.75,0.2686
54918,3,0.38,73546.96,0.2515
54920,2,1.16,158017.28,0.1743
54933,4,54.0,124325.55,0.315
54940,1,1.17,131178.79,0.1193
54941,1,2.39,130384.88,0.1069
54943,2,2.6,145461.5,0.1819
54944,3,0.81,152705.52,0.2681
54945,3,3.15,66305.52,0.2426
54947,3,0.81,117249.93,0.2567
54957,1,0.69,377024.86,0.0787
54995,4,4.93,97741.92,0.3311
54997,5,3.38,144604.84,0.3668
54998,5,4.34,123935.21,0.3456
55000,5,9.68,128058.3,0.3509
55002,6,0.48,122083.03,0.3881
55003,4,0.99,84175.07,0.3035
55258,6,6.0,1423975.94,0.3828
55585,2,2.9,292724.19,0.1932
55588,2,1.44,195285.77,0.2056
55589,4,1.6,1484406.29,0.2961
55597,3,4.66,52639.3,0.2525
55598,4,4.5,26565.12,0.3173
55599,4,1.59,19904.11,0.3225
55603,3,1.47,130449.49,0.2275
55610,4,66.0,99291.04,0.2961
55613,3,1.31,88630.02,0.2568
55617,4,30.0,221999.9,0.3065
55618,4,6.0,1408506.62,0.3134
55625,1,1.43,251278.27,0.1115
55629,2,2.52,143030.44,0.2184
55630,2,1.47,115884.51,0.1868
55631,2,1.32,92844.92,0.1766
55632,2,0.67,127546.16,0.2019
55634,2,3.24,185890.65,0.2097
55635,5,1.36,195050.56,0.3606
55641,1,5.14,344186.1,0.0677
55642,1,0.11,393681.04,0.0685
55649,7,1.17,180297.17,0.424
55669,8,0.75,1447241.54,0.4452
55674,5,0.5,1460801.64,0.3485
55680,5,1.76,142415.26,0.3581
55681,6,0.92,145204.05,0.3948
55682,4,0.9,117568.67,0.3294
55684,6,3.77,1363325.78,0.3856
55685,6,6.61,129436.04,0.397
55687,4,1.98,132540.49,0.3147
55688,4,0.11,72522.13,0.3095
55689,5,0.99,48996.21,0.348
55690,4,0.1,90045.04,0.3272
55711,7,156.0,45685.39,0.4155
55712,7,66.0,93013.38,0.4315
55742,7,42.0,150604.15,0.433
55743,7,60.0,111518.95,0.4298
56261,3,0.55,342473.86,0.2612
56281,2,2.57,86518.87,0.1927
56282,3,1.27,118614.57,0.2498
56283,4,5.06,42195.61,0.2868
56296,3,0.8,1377769.27,0.2592
56305,2,0.15,108093.48,0.1938
56306,2,1.32,78985.22,0.211
56308,2,0.73,141484.94,0.1946
56309,2,0.66,77845.2,0.1662
56310,3,0.41,109019.94,0.2598
56311,1,2.18,89935.59,0.1496
56312,1,2.14,138395.39,0.1637
56313,1,1.76,66628.0,0.133
56314,2,0.91,94666.61,0.2007
56315,3,2.6,80874.97,0.2595
56316,1,0.93,163099.51,0.1323
56319,4,2.04,259004.27,0.3066
56334,4,2.04,206420.91,0.3258
56337,4,48.0,196411.58,0.3267
56352,5,0.07,103251.67,0.3416
56366,4,1.8,106269.35,0.331
56374,4,2.85,140807.71,0.3379
56395,7,60.0,88144.14,0.415
56396,7,48.0,116046.91,0.4305
56416,6,42.0,139336.76,0.3942
56426,7,66.0,104512.89,0.4315
56427,8,66.0,105428.06,0.4368
56945,3,5.68,266992.68,0.2757
56946,3,4.44,321276.41,0.2725
56953,2,1.03,255706.13,0.2065
56954,3,0.84,184320.21,0.2661
56966,2,2.24,120480.32,0.2225
56967,2,0.97,96701.9,0.1821
56970,2,1.37,1502649.86,0.1997
56971,2,2.74,304166.71,0.1843
56973,2,1.53,150743.76,0.197
56979,3,1.12,168707.63,0.2267
56989,1,0.67,389841.67,0.1312
56991,2,3.98,143108.22,0.1669
56992,1,3.21,108150.4,0.0907
56993,1,1.12,131996.51,0.1567
56994,2,1.22,134558.91,0.2115
56995,1,4.62,76325.72,0.1484
56996,3,1.69,92485.74,0.2259
56997,2,0.38,141734.87,0.1942
56998,1,2.03,144501.39,0.1459
57001,1,5.62,127811.72,0.0964
57002,3,4.59,119144.45,0.2417
57010,1,1.09,323831.73,0.1199
57016,9,0.72,156803.37,0.4668
57017,4,0.59,388786.96,0.295
57018,3,1.14,228628.93,0.2535
57019,4,0.19,176710.34,0.3
57020,5,1.47,175443.98,0.3447
57027,4,1.65,194890.8,0.2945
57037,4,3.92,116884.46,0.3242
57038,5,0.63,210541.91,0.3463
57047,5,1.66,135205.51,0.3582
57100,6,60.0,101692.12,0.3917
57629,3,4.04,310593.27,0.2589
57635,3,1.29,193754.39,0.2715
57640,4,1.25,285513.22,0.294
57654,2,1.26,199930.23,0.1952
57655,2,0.32,234671.77,0.1811
57659,3,0.14,1389802.46,0.2459
57674,1,1.41,165221.28,0.1274
57675,1,4.35,160446.4,0.1188
57676,1,1.7,123764.78,0.1611
57677,1,3.45,153953.25,0.1583
57679,3,1.22,246091.28,0.231
57682,1,1.0,1432936.72,0.1342
57684,4,0.38,117934.42,0.3364
57685,1,0.3,154567.18,0.1618
57686,1,3.81,116235.42,0.0791
57687,1,4.25,141876.19,0.1516
57688,1,0.13,209062.04,0.0729
57693,3,1.17,203883.82,0.2807
57730,5,2.26,127444.1,0.3669
57731,5,2.95,102618.74,0.3668
57997,6,48.0,144284.66,0.399
58311,2,1.64,354074.06,0.2146
58341,2,2.76,134803.25,0.1765
58349,4,102.0,87996.88,0.2966
58358,1,3.1,256500.61,0.1385
58360,1,1.45,114279.5,0.1307
58368,5,0.46,164403.23,0.3565
58369,1,0.94,176359.42,0.1524
58370,1,1.71,181398.36,0.067
58371,1,0.75,352351.37,0.1232
58372,1,1.44,204132.08,0.0638
58373,1,0.34,177213.52,0.1507
58378,1,0.1,280552.28,0.0784
58405,4,0.86,152255.04,0.3392
58434,5,1.01,113355.71,0.3537
58435,5,2.42,64618.37,0.3691
58436,5,1.12,101893.26,0.3763
58437,5,0.9,60886.66,0.3805
58438,5,1.36,50046.96,0.3517
58439,5,0.24,78665.92,0.371
58440,5,1.31,133517.98,0.3572
58448,5,0.47,106831.65,0.3607
58449,5,0.48,109357.48,0.3721
58512,4,0.93,119185.61,0.3315
58513,5,0.79,71683.78,0.3415
58514,5,1.09,86396.35,0.3426
58515,4,1.14,117812.83,0.3348
58993,4,2.22,306877.48,0.2908
58994,2,1.35,279934.48,0.2117
58995,2,2.13,360902.44,0.1808
59002,4,0.35,1500333.75,0.3025
59031,4,156.0,46799.66,0.3377
59032,5,66.0,92958.24,0.3528
59033,5,120.0,74739.03,0.3526
59043,1,2.87,225465.45,0.0985
59044,1,2.08,191245.9,0.071
59048,1,0.37,147488.26,0.1341
59051,1,1.81,111153.24,0.1028
59055,2,0.72,156132.68,0.2003
59056,2,2.42,162331.93,0.1694
59058,1,1.4,178696.92,0.1501
59062,1,3.71,397666.51,0.106
59073,7,2.27,241221.0,0.4166
59082,8,5.84,130901.39,0.4507
59087,5,1.57,145489.61,0.347
59094,4,1.0,158532.08,0.33
59122,6,1.54,1385688.78,0.4015
59123,7,1.23,109703.55,0.4109
59131,5,2.86,70412.49,0.3709
59132,6,2.75,105262.0,0.4054
59133,5,3.98,115112.5,0.3698
59145,6,24.0,253689.68,0.4034
59197,5,2.49,117271.68,0.3411
59203,5,1.5,199172.92,0.3431
59348,8,6.0,1429643.59,0.4353
59674,3,1.26,279435.28,0.273
59675,2,1.69,319630.98,0.2099
59678,2,2.07,345644.59,0.1864
59686,4,2.53,396187.67,0.2886
59697,3,3.41,142083.78,0.2723
59698,3,2.32,70357.22,0.2318
59699,4,49.15,115957.33,0.3289
59700,4,118.47,71486.01,0.3383
59707,4,48.0,142493.9,0.312
59708,4,31.05,207407.97,0.3121
59716,5,54.0,120517.18,0.3617
59717,6,90.0,93857.75,0.3876
59731,2,0.23,157383.94,0.1694
59732,1,3.1,152566.42,0.1422
59735,1,2.97,160155.71,0.0783
59736,1,0.89,302188.18,0.0953
59737,5,3.34,221003.37,0.3716
59738,1,0.74,149234.19,0.1542
59740,1,0.17,174292.12,0.1282
59757,5,0.71,116217.56,0.3751
59765,7,60.0,157357.86,0.4214
59769,4,0.85,261870.46,0.3088
59779,4,2.13,163184.2,0.326
59780,4,2.48,131567.4,0.3169
59781,4,0.27,137462.23,0.3114
59782,5,1.55,121883.94,0.3485
59792,6,0.14,1376644.79,0.4042
59810,5,0.05,96585.63,0.3755
59815,6,3.07,111671.53,0.4006
59827,8,84.0,95852.87,0.449
59888,5,4.9,167463.65,0.3414
59889,4,3.78,181366.68,0.3235
59901,5,0.9,168567.65,0.3635
60359,3,0.69,342779.35,0.2406
60360,3,2.13,285363.86,0.2261
60361,2,0.68,309803.47,0.2164
60362,3,0.46,402185.63,0.2339
60370,2,2.86,341657.91,0.222
60372,4,3.1,227956.91,0.3218
60373,6,0.48,228761.6,0.3954
60379,5,60.0,174028.27,0.3629
60380,5,84.93,145831.53,0.3578
60381,4,43.48,152796.71,0.3085
60382,4,63.86,125021.6,0.2956
60383,5,151.65,58200.0,0.3623
60384,4,3.75,123641.4,0.3185
60385,3,0.85,192959.23,0.2782
60391,4,6.0,1405637.05,0.3229
60393,4,53.78,133028.76,0.318
60402,5,16.76,117191.26,0.376
60403,3,1.6,125938.48,0.2265
60422,2,0.28,142063.04,0.191
60423,2,3.77,67924.15,0.1965
60424,2,0.18,102325.4,0.1844
60425,3,5.5,123178.8,0.2388
60428,2,1.71,290036.66,0.2093
60433,2,1.3,1483582.58,0.1885
60434,2,0.38,118649.33,0.2218
60441,4,3.36,78846.04,0.335
60442,6,0.52,61712.86,0.3921
60465,4,0.76,79599.89,0.3384
60468,4,1.42,111845.43,0.3087
60492,5,3.91,251650.23,0.3486
60493,5,1.17,30267.98,0.3473
60494,6,2.02,71862.62,0.3876
60501,7,2.04,114632.14,0.4159
60511,8,102.0,83974.33,0.4441
60513,8,60.0,96775.05,0.455
60533,9,6.0,1374791.01,0.4581
60539,6,6.0,1727592.34,0.4045
60573,4,1.58,325023.74,0.3227
60731,6,30.0,237608.97,0.4077
61041,4,5.87,313805.99,0.3048
61044,1,0.25,451446.28,0.1598
61056,3,8.23,224418.42,0.2441
61059,4,3.2,201258.43,0.2865
61060,3,0.63,1507577.75,0.255
61064,6,78.0,139637.66,0.3911
61065,6,161.73,86237.44,0.384
61067,5,112.41,92671.4,0.3436
61068,4,141.95,69685.49,0.3193
61072,3,3.35,243497.36,0.2428
61073,3,3.63,204310.63,0.2409
61077,4,78.0,113394.82,0.3353
61078,4,84.0,113677.98,0.3207
61081,2,6.0,3068927.15,0.1989
61086,5,25.92,81020.29,0.358
61087,4,9.55,129238.61,0.2947
61090,1,0.71,1398965.83,0.1241
61098,1,0.85,135762.48,0.1071
61099,2,4.69,98996.22,0.1709
61100,2,0.87,167178.88,0.184
61102,2,2.77,185497.36,0.1871
61105,2,0.99,154409.51,0.1732
61106,2,5.42,95417.88,0.1934
61107,2,9.45,95505.39,0.2121
61108,4,5.91,147821.85,0.2865
61111,4,4.17,80855.33,0.2915
61112,2,1.0,102313.61,0.204
61123,4,1.08,150658.56,0.2898
61125,5,0.85,138247.11,0.3732
61126,7,1.91,172590.71,0.4124
61127,6,0.38,1466565.74,0.3828
61130,5,0.44,113881.62,0.3775
61132,4,1.62,143260.47,0.3128
61140,4,1.12,143247.08,0.3018
61143,9,0.67,134129.23,0.4596
61149,5,1.22,122843.16,0.3729
61152,5,4.17,81389.66,0.3485
61153,4,1.13,82980.02,0.319
61154,5,0.2,151365.81,0.3776
61177,5,2.28,19154.26,0.3643
61178,6,0.71,18419.63,0.3863
61179,6,2.51,88332.53,0.4064
61180,6,0.32,123326.15,0.3907
61183,5,4.18,36683.53,0.3467
61227,6,6.0,1410055.02,0.4085
61241,5,2.08,158636.95,0.3648
61242,5,1.28,133695.53,0.356
61256,4,1.33,178737.26,0.3326
61257,4,1.49,186385.64,0.3333
61725,3,3.82,257258.2,0.2768
61738,3,1.51,323289.58,0.2352
61743,2,2.14,179408.91,0.1789
61747,4,18.0,167720.57,0.33
61748,6,192.0,80782.1,0.3915
61749,6,186.0,73163.32,0.3874
61751,5,151.73,79076.92,0.3452
61752,4,178.4,65010.63,0.326
61753,4,72.0,140484.93,0.3262
61754,4,6.08,96819.26,0.3039
61755,3,1.92,42580.27,0.2835
61762,5,54.0,140830.34,0.3419
61763,4,102.0,113230.85,0.3156
61770,5,9.87,149151.0,0.3519
61771,3,3.52,106016.38,0.2817
61782,1,2.06,116286.72,0.1027
61783,1,1.23,171355.27,0.1295
61787,1,2.24,217122.77,0.107
61788,1,1.94,178407.08,0.1281
61789,1,1.79,164999.97,0.1304
61790,1,0.73,175962.92,0.1343
61791,2,0.42,193564.18,0.2034
61795,3,3.24,131747.17,0.2626
61797,3,0.77,147428.92,0.2679
61815,7,2.05,100485.22,0.4341
61816,4,0.43,86513.25,0.3163
61817,8,1.93,137597.57,0.4513
61818,6,0.83,81597.68,0.4081
61828,5,2.66,177638.27,0.3659
61833,4,1.46,39026.82,0.3362
61834,4,1.12,84962.54,0.3065
61835,4,0.95,108485.03,0.3066
61852,7,1.2,1352272.56,0.4318
61860,5,0.78,104416.05,0.3654
61861,5,2.66,7943.68,0.3637
61862,5,5.07,21557.69,0.3732
61863,5,2.88,18681.4,0.3705
61864,5,4.38,39191.96,0.3526
61865,5,5.9,134941.87,0.3777
61866,5,0.98,98196.71,0.3615
61867,4,3.86,61950.17,0.3371
61868,5,4.73,35883.05,0.3444
61869,5,0.26,87820.15,0.3673
61886,6,0.63,147617.84,0.4072
61896,7,0.73,98959.77,0.4162
61925,4,2.12,57971.76,0.3394
61926,4,4.83,65179.19,0.3295
61927,4,4.37,83502.01,0.33
61928,4,1.74,111289.11,0.3371
61929,4,0.47,159289.46,0.3388
61934,4,0.5,97683.96,0.3199
61936,4,2.26,82770.94,0.3343
62084,8,60.0,147818.75,0.4509
62103,6,48.0,154201.72,0.3846
62411,3,1.86,267921.56,0.2583
62412,3,1.04,289464.46,0.2517
62419,2,0.74,439008.23,0.1936
62420,3,5.0,234315.14,0.2497
62421,2,0.71,368214.59,0.178
62423,4,0.3,305230.28,0.3226
62424,4,0.19,311484.44,0.3235
62430,2,0.88,81855.13,0.222
62433,5,40.34,146181.24,0.3787
62435,4,47.53,150828.99,0.3335
62436,4,79.34,111110.21,0.3171
62437,4,60.0,134406.26,0.3206
62438,4,3.03,191989.7,0.3176
62439,4,15.4,76485.93,0.2978
62440,4,47.01,148240.08,0.3074
62466,1,0.51,108305.82,0.1364
62467,1,1.05,118019.97,0.1315
62482,3,1.11,147653.5,0.2284
62489,8,1.34,128237.09,0.4402
62492,2,1.43,166584.8,0.211
62493,2,0.68,151635.1,0.1675
62494,4,1.16,110026.22,0.3243
62498,2,0.69,103554.68,0.1781
62499,4,6.46,98042.36,0.3353
62500,5,5.19,79431.13,0.3723
62501,6,0.79,133283.66,0.3898
62502,7,0.38,87469.99,0.4323
62517,5,1.13,133652.97,0.3638
62518,4,2.67,48398.75,0.3015
62536,8,4.44,122575.75,0.453
62543,4,0.42,57558.75,0.3367
62544,5,1.3,69738.21,0.3752
62545,6,5.61,19086.19,0.3952
62546,6,3.92,12587.64,0.4055
62547,6,1.53,28165.49,0.3827
62548,6,0.55,50143.37,0.384
62549,6,0.33,83450.74,0.4071
62580,7,2.03,103132.68,0.427
62606,5,0.38,147501.85,0.3524
62607,5,4.38,51734.37,0.3421
62608,4,5.17,57087.2,0.3312
62609,4,2.45,57536.62,0.3288
62610,4,6.9,61643.72,0.3237
62611,4,2.95,69773.62,0.3303
62612,4,4.95,76121.58,0.3302
62613,4,1.38,88921.55,0.3227
62617,4,11.32,130549.29,0.3334
62618,4,4.93,38730.72,0.3269
62619,4,2.44,70519.16,0.3382
62620,5,1.72,113059.77,0.3453
62626,5,2.45,143527.43,0.3641
62629,5,0.84,151058.18,0.3698
62630,5,0.97,146663.07,0.3555
62774,6,36.0,191278.87,0.4088
62775,7,6.0,1423175.19,0.4341
62786,5,48.0,158642.58,0.3641
62787,5,42.0,175192.19,0.3739
62788,6,18.0,389155.49,0.3858
63100,3,6.0,3058762.18,0.2639
63102,3,2.43,238269.41,0.2379
63103,2,0.9,243344.66,0.1951
63107,3,1.05,268964.59,0.2539
63110,2,1.24,223673.86,0.2064
63118,4,0.5,117727.99,0.2893
63123,4,102.0,104421.62,0.2984
63124,4,36.0,179833.5,0.32
63134,5,3.76,90240.42,0.3566
63135,3,0.49,87634.41,0.2716
63136,5,1.26,189867.8,0.3526
63137,2,4.0,272856.38,0.1702
63150,1,5.21,144979.32,0.1191
63151,1,0.83,272365.76,0.0554
63162,3,0.35,158910.41,0.2254
63163,3,3.0,244975.75,0.2633
63165,2,4.4,140790.89,0.1674
63166,3,2.31,91047.64,0.2269
63167,2,4.55,109165.45,0.2149
63168,4,1.63,81566.66,0.3086
63172,4,0.26,152602.6,0.3122
63177,2,0.08,168333.44,0.1939
63178,3,2.31,144785.02,0.2562
63179,6,2.51,106486.53,0.4061
63180,4,0.41,222772.59,0.3069
63182,3,2.75,115960.47,0.2328
63183,3,2.0,112826.81,0.2401
63184,5,1.08,116164.1,0.3482
63187,3,0.57,151430.72,0.2734
63194,7,0.96,1443634.53,0.4252
63195,7,1.15,149736.19,0.4164
63196,6,0.18,108587.54,0.3955
63225,4,0.49,93840.49,0.3075
63226,4,4.22,80815.09,0.3346
63227,5,2.37,76213.98,0.3522
63228,5,5.08,116097.31,0.3721
63229,5,3.76,37995.3,0.3701
63230,6,3.33,18222.23,0.3938
63231,5,2.7,42604.68,0.3653
63232,5,2.41,44718.87,0.3718
63233,6,3.73,56198.17,0.4041
63234,7,4.2,65094.94,0.4178
63290,5,2.41,132251.36,0.3437
63291,4,4.59,64958.42,0.3329
63292,4,6.01,51300.77,0.3312
63293,4,2.6,68924.04,0.3332
63294,4,3.62,94039.44,0.331
63295,4,4.32,83058.59,0.3224
63296,4,1.66,85503.58,0.3264
63297,4,3.07,118822.6,0.3335
63298,4,0.43,186679.27,0.3358
63302,5,2.88,120742.65,0.3501
63303,5,2.45,129290.55,0.359
63304,5,6.92,175014.83,0.3645
63306,5,0.3,1435939.56,0.3427
63308,5,1.12,109954.3,0.3513
63312,6,1.42,130246.37,0.3892
63469,6,24.0,288946.29,0.3834
63776,3,1.93,228722.25,0.2673
63777,2,0.19,223658.65,0.2181
63786,2,0.73,286815.7,0.1738
63802,4,55.06,125855.95,0.3187
63807,4,42.0,161433.39,0.3014
63808,4,66.0,110818.71,0.3255
63809,4,54.0,115410.54,0.3177
63817,4,0.7,116250.2,0.3265
63818,6,1.89,76103.05,0.3839
63819,1,5.09,158386.5,0.1212
63821,2,3.1,168153.53,0.1797
63822,1,0.4,126522.11,0.1473
63823,2,0.56,137029.67,0.214
63824,2,0.49,126676.2,0.209
63827,2,6.55,149451.05,0.1677
63832,1,0.97,247201.45,0.0957
63833,1,5.8,148292.59,0.1285
63834,1,7.31,124437.47,0.1466
63835,1,0.87,213731.09,0.0827
63845,1,2.25,1438905.04,0.1524
63846,2,2.51,123251.79,0.202
63848,1,0.3,147370.77,0.144
63849,2,1.69,180054.21,0.1817
63850,2,1.71,154654.11,0.2077
63851,3,1.47,137380.08,0.2408
63853,3,9.0,183145.94,0.254
63855,4,1.66,251572.15,0.3067
63856,4,4.35,94942.01,0.3341
63857,6,1.59,96780.41,0.3877
63858,4,3.18,93573.59,0.3077
63859,3,0.36,194775.61,0.2604
63862,2,2.11,157791.36,0.2045
63863,3,2.28,109522.0,0.278
63864,6,0.5,160992.44,0.3945
63867,3,3.78,129031.52,0.2787
63868,4,1.66,161362.62,0.3342
63869,6,1.28,69685.44,0.3968
63878,8,0.62,158638.35,0.4393
63880,7,0.57,139379.06,0.4109
63881,6,1.05,171348.26,0.4063
63901,7,0.27,92532.68,0.4123
63908,4,1.48,102771.17,0.3063
63909,5,0.58,85937.92,0.3523
63911,6,0.23,124542.4,0.3932
63914,6,2.77,76554.38,0.3951
63915,5,3.65,5739.56,0.3678
63916,5,0.99,14940.41,0.3752
63917,7,1.04,20586.23,0.4185
63918,8,0.71,87399.05,0.4419
63951,8,6.0,1430339.55,0.4418
63974,5,0.88,205434.8,0.3457
63975,4,3.6,94451.29,0.3364
63976,4,3.89,62332.57,0.3282
63977,5,2.29,152580.53,0.3445
63978,4,5.73,101859.51,0.3396
63979,4,4.1,72422.7,0.3263
63980,4,5.74,124960.75,0.3373
63981,4,3.72,137314.4,0.3304
63982,4,2.65,169593.47,0.3304
63992,5,0.57,121264.11,0.3588
63994,5,3.6,137241.46,0.3745
64137,5,0.52,1446147.57,0.3693
64459,3,0.35,268456.76,0.2785
64461,3,5.69,222622.49,0.2482
64462,2,1.69,230733.81,0.2214
64468,2,0.38,359495.64,0.1911
64469,2,0.25,315599.62,0.1689
64470,1,1.22,290173.97,0.1143
64480,3,0.13,149207.99,0.2368
64484,2,0.91,143473.15,0.2121
64486,3,16.59,163125.21,0.2548
64501,4,3.86,133450.84,0.3337
64503,1,2.59,269705.68,0.1286
64507,1,1.07,76453.93,0.1207
64508,1,0.35,139579.73,0.1151
64513,1,1.31,221188.38,0.157
64514,2,2.08,323769.88,0.2214
64516,1,2.86,150605.63,0.1055
64517,1,3.63,166268.11,0.154
64518,1,2.53,159912.44,0.1383
64519,1,0.32,187327.66,0.1281
64527,1,1.13,250295.41,0.1614
64528,2,2.13,155886.31,0.1706
64529,1,0.77,93847.04,0.1602
64530,2,6.1,109955.4,0.1651
64531,3,0.47,108273.24,0.2693
64532,2,1.04,119774.48,0.1675
64533,2,0.55,230751.7,0.1806
64536,2,1.96,204030.57,0.1787
64539,3,0.95,165149.55,0.2427
64540,4,1.03,115754.2,0.3314
64541,6,7.16,76795.27,0.4074
64542,5,5.31,85995.27,0.3489
64543,1,5.18,136909.77,0.1577
64544,2,1.02,182208.4,0.1861
64546,3,0.36,205885.24,0.2496
64548,6,0.32,150662.96,0.3844
64553,4,0.83,113694.74,0.3375
64556,6,0.84,141902.15,0.3854
64560,5,4.15,159445.52,0.3798
64562,6,3.69,133411.7,0.4077
64563,5,1.48,85085.5,0.3763
64581,7,6.0,1373404.03,0.4212
64593,6,2.71,80411.59,0.3893
64598,7,6.55,92262.4,0.4209
64599,5,6.66,-3386.73,0.3741
64600,6,5.15,-1882.18,0.3833
64601,7,5.47,23712.95,0.4299
64636,8,54.0,113267.17,0.4348
64637,8,60.0,109056.18,0.447
64659,5,1.71,84226.9,0.3464
64660,4,6.52,66753.91,0.3388
64661,5,3.98,87023.26,0.3423
64662,4,6.24,57327.54,0.3298
64663,4,2.37,100021.31,0.3297
64678,5,1.58,231931.11,0.3769
64822,7,0.74,127013.38,0.4191
65143,3,4.29,227165.53,0.2784
65145,1,1.1,294600.47,0.1555
65146,2,0.77,289090.45,0.1993
65152,1,0.94,358931.42,0.1512
65153,2,2.16,330594.06,0.2147
65155,2,1.78,164564.65,0.2111
65156,1,1.61,146589.2,0.1191
65165,3,1.16,145011.92,0.2343
65172,3,0.69,179110.58,0.2838
65181,3,1.26,123786.77,0.279
65182,3,1.19,123921.45,0.2548
65183,2,1.34,89498.09,0.1978
65184,3,1.8,123920.59,0.2771
65191,1,1.49,125419.16,0.1468
65196,3,0.82,151511.28,0.2397
65197,1,2.98,156179.24,0.1475
65198,2,1.01,106766.99,0.1739
65199,2,1.37,135669.87,0.2109
65200,1,0.71,165703.2,0.0701
65201,1,1.03,187395.52,0.1031
65202,1,2.69,145484.73,0.0823
65203,1,1.64,192587.18,0.0668
65212,2,3.23,144236.03,0.185
65213,2,3.16,90958.21,0.1735
65214,3,0.36,134102.59,0.2321
65215,4,2.75,198477.17,0.3218
65217,3,0.91,165386.45,0.232
65218,4,0.89,169043.05,0.2916
65219,4,0.9,105826.6,0.3191
65222,3,0.21,157632.14,0.2684
65223,4,2.82,77207.98,0.3127
65224,3,3.19,84354.84,0.2757
65225,4,3.78,70185.65,0.2983
65226,3,2.12,117835.7,0.2592
65227,3,0.76,159427.33,0.2271
65235,9,0.87,188069.39,0.4601
65236,7,1.09,104598.08,0.4142
65238,5,6.0,1503119.56,0.3716
65242,5,72.0,167977.72,0.3735
65252,5,0.1,1388708.55,0.3747
65264,7,84.0,89011.12,0.4248
65265,7,120.0,74634.51,0.4244
65266,7,30.0,200014.98,0.4242
65268,7,6.0,1355751.13,0.43
65282,7,0.68,84519.38,0.4252
65283,5,3.25,20122.83,0.3751
65284,5,0.42,18282.9,0.3629
65285,6,1.06,73077.03,0.4005
65296,7,54.0,94476.67,0.4189
65297,7,156.0,41134.84,0.4342
65299,8,60.0,94060.13,0.4469
65302,8,72.0,101175.19,0.4416
65316,7,78.0,96039.78,0.4244
65321,8,60.0,109711.42,0.441
65343,4,3.04,95662.81,0.3359
65344,5,6.42,104001.22,0.3434
65345,4,5.45,113232.1,0.3391
65346,4,5.4,68944.14,0.3308
65347,4,4.34,83850.05,0.3339
65348,4,3.05,151967.51,0.3384
65827,3,4.39,281891.46,0.2408
65830,3,0.7,334470.48,0.2576
65836,2,0.95,348795.19,0.1734
65837,1,1.53,304959.94,0.1325
65840,2,0.61,149878.8,0.2043
65841,1,0.27,160147.33,0.1204
65848,1,0.13,188183.13,0.1534
65849,2,2.61,131070.85,0.1822
65851,3,1.26,150817.63,0.252
65858,3,1.85,132644.12,0.2521
65859,3,0.98,129191.93,0.2589
65860,3,2.72,72469.08,0.2745
65861,4,0.98,124011.38,0.303
65864,3,0.48,143328.79,0.2757
65865,3,2.65,77605.99,0.2373
65866,2,4.55,68160.67,0.1647
65867,1,2.36,81978.28,0.1275
65868,1,0.25,1426052.76,0.1463
65871,3,1.45,104138.17,0.2606
65880,3,2.49,170036.21,0.2324
65882,2,1.8,180642.43,0.1868
65883,2,3.97,168280.13,0.1739
65886,1,2.58,216949.42,0.0953
65887,1,3.17,184625.18,0.085
65895,1,4.11,200341.01,0.1479
65896,1,2.97,108709.88,0.1184
65897,1,3.38,74675.2,0.1271
65898,2,1.13,99416.28,0.1668
65899,1,1.42,157365.13,0.1645
65900,2,2.2,172677.76,0.2103
65901,3,4.1,171095.96,0.2662
65906,3,1.91,115657.68,0.2471
65907,3,4.54,87405.19,0.2645
65908,3,0.76,153406.86,0.2432
65909,4,4.88,151797.54,0.3068
65910,2,1.37,189990.04,0.2213
65911,3,1.59,103558.5,0.2649
65912,2,4.3,129612.37,0.2004
65913,2,3.84,111164.79,0.1746
65916,4,5.45,81285.32,0.2907
65917,7,4.88,147034.93,0.4218
65922,7,27.43,179002.19,0.429
65948,7,114.0,77458.44,0.4172
65949,7,60.0,104536.49,0.4235
65950,7,60.0,102163.94,0.4238
65951,7,108.0,74698.98,0.4238
65957,4,2.5,101252.79,0.3171
65966,6,0.39,53796.51,0.4029
65967,5,2.13,7273.22,0.3668
65968,5,3.2,67379.12,0.3774
65969,6,3.78,23477.2,0.3998
65979,8,60.0,86740.75,0.4497
65980,8,54.0,94120.19,0.4511
65981,8,66.0,89366.35,0.4362
65986,8,60.0,98184.53,0.4379
65987,8,42.0,139197.41,0.4413
66000,7,60.0,107195.84,0.4342
66004,8,60.0,111584.96,0.4372
66005,8,66.0,105081.31,0.443
66027,5,2.54,176640.88,0.3495
66029,5,1.35,117781.52,0.3489
66030,4,4.73,97491.25,0.3399
66031,4,4.86,76317.6,0.3321
66032,4,3.0,115671.37,0.339
66511,3,0.68,239138.45,0.2342
66512,3,1.55,248687.24,0.2541
66518,2,0.16,349898.79,0.2008
66524,2,0.22,180568.51,0.1822
66525,2,0.94,167724.5,0.1801
66531,2,0.22,187714.97,0.1833
66533,2,3.14,152765.25,0.1856
66535,2,1.41,108300.82,0.1694
66536,1,1.06,118828.92,0.144
66540,3,2.52,115089.73,0.2586
66541,2,0.58,78319.06,0.209
66542,2,0.6,100902.12,0.1772
66543,2,2.86,117292.29,0.2162
66544,2,0.88,123690.7,0.2099
66549,2,1.73,123940.37,0.2022
66550,1,0.82,82192.09,0.1529
66551,3,0.82,90505.36,0.2723
66552,4,1.36,133335.41,0.3073
66560,3,0.51,126511.59,0.2679
66564,3,1.01,169468.89,0.2741
66566,2,1.72,254473.27,0.166
66567,2,1.0,226498.85,0.2092
66569,3,4.08,242544.16,0.2821
66570,3,1.39,218666.58,0.2457
66571,2,2.05,176898.24,0.1727
66572,2,2.11,234568.07,0.1914
66579,2,0.46,144229.65,0.1905
66580,1,3.04,142186.5,0.1561
66581,1,4.7,105642.08,0.1255
66582,1,1.3,107069.3,0.1329
66583,1,1.75,156113.46,0.1078
66585,2,0.81,212436.28,0.1886
66586,2,0.93,116706.02,0.217
66587,2,2.3,146178.19,0.2052
66590,2,0.59,193218.5,0.1801
66591,3,0.9,155223.25,0.2539
66592,3,2.53,176465.05,0.2292
66593,2,2.33,123504.06,0.1815
66594,3,3.06,225765.08,0.2266
66595,2,0.2,164950.66,0.2223
66596,3,2.0,166530.73,0.2418
66600,4,2.43,143310.73,0.34
66601,4,0.96,138325.58,0.3263
66641,4,1.78,103298.77,0.3166
66650,6,4.63,34987.12,0.3901
66651,6,5.45,16069.15,0.3846
66652,5,2.84,4233.48,0.3709
66653,7,2.14,86409.17,0.4304
66663,8,60.0,82794.39,0.4396
66664,7,84.0,78183.17,0.423
66665,7,60.0,86986.17,0.4224
66667,7,120.0,81499.35,0.4312
66688,8,36.0,171233.99,0.4377
66689,8,54.0,113594.05,0.4434
66698,7,6.0,1399524.53,0.4225
66702,7,6.0,1534854.87,0.4269
66710,5,2.46,188262.65,0.3465
66711,5,2.32,120597.45,0.3475
66712,5,3.54,118369.84,0.3536
66713,5,6.67,145788.89,0.3524
66714,4,3.63,113988.07,0.3379
66715,4,2.58,123954.46,0.3391
66716,4,2.49,101703.7,0.3378
66768,8,2.29,160455.67,0.4349
66869,6,54.0,153866.78,0.4035
66873,4,6.0,1415405.16,0.2919
66874,4,36.0,179191.87,0.2889
67197,3,2.28,286265.06,0.2409
67198,3,0.59,321549.06,0.2472
67202,2,3.88,326651.76,0.1849
67203,2,0.7,373440.28,0.1821
67204,2,1.82,316427.21,0.1649
67206,1,4.03,183361.17,0.1634
67207,2,5.36,149347.08,0.1947
67208,1,2.1,201631.55,0.1626
67209,3,4.11,168366.56,0.259
67210,5,0.5,146357.4,0.3748
67211,1,0.27,266419.04,0.1247
67212,2,0.16,157275.46,0.1961
67213,2,0.51,154635.39,0.1894
67214,2,1.3,221917.49,0.2045
67215,2,1.88,127218.81,0.2097
67218,3,0.89,142422.53,0.2446
67219,2,0.98,116470.82,0.1881
67220,1,2.0,175617.23,0.1509
67221,1,1.12,131930.85,0.1465
67225,2,2.6,132791.63,0.2075
67226,1,1.18,120315.8,0.1481
67233,2,2.14,63360.81,0.2169
67234,1,2.25,75004.5,0.1294
67235,3,2.08,116706.29,0.2508
67236,4,3.51,50308.28,0.3049
67239,3,3.68,161748.52,0.2528
67245,3,1.45,166919.72,0.2748
67250,1,1.24,253952.21,0.1591
67251,2,1.21,259195.94,0.1715
67254,1,1.35,284165.04,0.1627
67255,2,2.58,337058.75,0.2153
67259,1,2.4,1487882.37,0.1069
67262,1,2.16,90175.55,0.1343
67263,1,1.23,168379.24,0.1366
67265,3,0.15,117843.38,0.2263
67266,4,0.21,107514.33,0.2903
67268,2,1.75,167192.43,0.1701
67269,2,0.51,198812.14,0.1903
67270,3,4.3,179194.11,0.2822
67271,2,0.25,134892.85,0.1967
67272,5,3.24,133148.57,0.3444
67273,4,2.13,170459.05,0.2973
67276,3,0.22,111858.47,0.2339
67277,2,6.11,138513.88,0.1759
67279,3,3.73,180390.11,0.2424
67285,4,2.31,240322.81,0.3171
67289,4,0.97,160739.42,0.3203
67290,8,1.72,130570.13,0.4449
67295,4,36.0,204075.54,0.2998
67318,5,3.0,94970.85,0.3598
67334,6,1.19,73119.39,0.3873
67335,5,6.76,20336.64,0.3589
67336,7,4.65,58365.66,0.4123
67337,7,2.81,48435.65,0.4261
67345,8,102.0,62756.02,0.4465
67397,5,3.0,1497907.42,0.3701
67451,7,4.81,75728.45,0.4206
67452,7,3.54,148595.46,0.4222
67461,5,1.44,72122.34,0.3753
67879,3,1.46,218159.98,0.2846
67881,3,1.17,296129.39,0.2471
67885,2,0.42,342019.43,0.165
67886,1,3.38,280669.84,0.1498
67887,1,0.5,316692.24,0.1497
67894,2,0.37,402499.33,0.2061
67896,2,1.83,146966.24,0.1789
67897,2,6.96,263205.31,0.1944
67898,3,2.42,167780.95,0.2335
67900,3,0.55,1470215.92,0.282
67902,3,2.65,250759.03,0.2659
67903,3,0.86,145986.5,0.2752
67906,1,1.58,1419499.22,0.1506
67907,3,0.47,129848.04,0.2432
67908,3,0.48,129618.66,0.2642
67911,1,0.68,362812.43,0.131
67915,2,0.82,108325.26,0.2029
67917,2,3.34,79474.92,0.2153
67918,2,3.09,87079.63,0.2171
67919,4,0.94,106519.25,0.3074
67922,5,74.22,91555.12,0.3695
67923,3,1.84,73452.28,0.2683
67927,3,0.66,69781.12,0.2566
67928,4,4.98,89596.51,0.2989
67946,1,1.67,132714.54,0.1276
67948,3,1.68,226570.2,0.2336
67949,2,1.08,175356.15,0.2168
67950,3,2.81,107059.06,0.2638
67951,2,1.51,185819.6,0.2064
67956,4,4.07,177356.54,0.3107
67957,4,3.19,194017.26,0.3241
67958,3,3.34,115727.89,0.2576
67959,3,4.28,116870.98,0.2812
67960,2,0.54,158803.76,0.2073
67962,4,1.3,151161.97,0.2952
67964,4,0.62,231692.44,0.2941
67965,3,0.64,157922.41,0.2379
67970,6,2.0,1430101.83,0.4103
68009,6,0.1,89717.86,0.3952
68016,7,1.11,30716.27,0.4299
68017,5,0.59,64703.35,0.3771
68018,5,0.21,84003.33,0.3664
68019,5,1.46,87548.15,0.3798
68021,7,0.67,66853.39,0.4209
68023,8,54.0,104103.69,0.4473
68024,9,78.0,88439.46,0.4593
68025,8,108.0,79107.21,0.4525
68101,5,1.13,122548.01,0.3579
68133,7,1.08,40103.58,0.4117
68134,7,4.55,126501.76,0.4254
68142,5,0.71,85789.14,0.3657
68143,5,1.37,22810.98,0.3782
68144,5,4.31,54.21,0.3735
68145,5,3.07,23644.0,0.3494
68219,6,42.0,142095.76,0.4011
68229,5,30.0,232770.97,0.358
68243,6,24.0,284653.16,0.4097
68255,8,6.0,1816321.43,0.4436
68562,2,1.54,181606.8,0.2112
68563,2,1.15,185026.96,0.1942
68564,2,1.88,214329.1,0.2234
68566,3,0.27,260047.01,0.2264
68572,1,0.41,392727.49,0.097
68573,1,0.61,325048.81,0.086
68574,1,1.36,361931.95,0.0816
68575,1,2.07,225197.75,0.0845
68578,2,1.37,256154.78,0.1998
68579,1,1.16,404611.23,0.1279
68581,2,0.92,1731013.03,0.222
68582,3,3.74,256071.09,0.2536
68583,3,0.34,218125.55,0.2439
68585,3,0.62,120880.05,0.2341
68586,3,0.23,102304.74,0.2741
68587,3,1.29,128016.89,0.2792
68592,3,0.79,135189.27,0.2599
68593,3,1.73,111883.33,0.2693
68595,3,1.33,111308.37,0.2442
68598,2,3.29,113208.74,0.1903
68599,2,1.78,146342.55,0.218
68601,2,1.2,142176.21,0.1735
68602,2,5.76,155156.09,0.1971
68614,3,0.92,132595.08,0.2262
68615,2,0.59,200957.45,0.2072
68618,3,0.55,1506034.01,0.2761
68619,2,2.44,243271.33,0.1897
68629,2,1.77,186082.96,0.1938
68630,2,2.33,171662.26,0.1828
68633,1,2.5,195201.88,0.1419
68634,3,1.27,149523.6,0.2455
68640,5,0.35,171733.46,0.3724
68642,3,1.43,148419.46,0.2387
68643,4,2.18,163731.43,0.3095
68644,3,0.12,219036.75,0.2773
68646,3,1.29,157370.5,0.2582
68647,2,0.12,154867.97,0.2199
68648,3,1.89,308335.18,0.2465
68653,5,2.23,165149.56,0.365
68667,4,6.0,1446761.93,0.3294
68690,5,1.88,194603.85,0.3775
68691,5,1.8,87514.6,0.3402
68693,6,2.88,83668.05,0.4097
68700,5,4.66,11742.58,0.3746
68701,5,0.37,95055.34,0.3536
68702,6,0.36,26654.56,0.409
68703,6,1.75,25567.86,0.39
68704,7,5.78,84624.31,0.4135
68705,7,1.9,69607.25,0.4256
68706,7,0.09,83166.09,0.4195
68707,8,6.0,1341151.38,0.452
68708,8,60.0,91572.61,0.4512
68709,8,54.0,101446.3,0.449
68714,5,0.64,85479.38,0.3718
68715,6,0.65,1344458.17,0.3922
68751,7,6.0,1419756.3,0.424
68752,7,54.0,138282.42,0.4288
68785,5,4.1,74832.21,0.3579
68786,5,4.68,72172.76,0.3523
68793,5,0.61,136831.5,0.3667
68815,6,0.08,49780.87,0.3864
68816,6,3.18,147600.27,0.4092
68817,6,1.31,113374.07,0.4021
68826,5,3.0,174383.13,0.3572
68827,5,0.8,12943.62,0.3578
68828,5,4.78,9820.77,0.3461
68829,4,2.18,82729.19,0.3305
68902,6,72.0,113006.97,0.4033
68903,6,174.0,46615.13,0.4056
68905,6,36.0,169695.0,0.3923
68922,4,6.0,1456915.66,0.3386
69247,2,2.11,220739.89,0.2189
69248,3,2.44,233153.03,0.2323
69250,3,0.14,288012.35,0.2286
69252,2,0.61,335013.92,0.1789
69254,1,2.53,296664.74,0.0951
69259,1,0.63,1592267.7,0.1048
69263,1,0.55,338705.48,0.1044
69269,2,2.56,200553.92,0.1955
69270,1,0.38,149539.1,0.154
69271,3,1.58,137737.86,0.2582
69272,2,3.12,128428.42,0.2072
69273,3,0.12,126530.03,0.2686
69276,2,1.83,91224.07,0.167
69277,2,1.65,90164.45,0.1992
69278,2,2.04,107495.33,0.2159
69280,3,2.1,136311.19,0.2451
69281,2,0.6,133292.67,0.2108
69282,1,1.94,98349.28,0.1531
69283,2,1.09,139997.62,0.1869
69284,3,12.21,188140.31,0.2502
69285,2,2.21,104123.92,0.1785
69297,2,2.15,78045.67,0.2023
69298,2,7.14,76847.24,0.1832
69299,1,1.27,79136.67,0.1522
69300,2,2.49,192609.73,0.2026
69301,3,0.78,189720.29,0.25
69302,2,0.15,132564.34,0.1856
69304,3,3.0,204209.7,0.2473
69305,2,2.96,215864.43,0.1984
69306,3,0.95,1417938.12,0.2299
69316,1,0.65,156362.2,0.1206
69318,3,0.74,168206.01,0.2303
69320,1,1.54,179810.66,0.1341
69326,2,0.7,224878.66,0.1884
69327,3,4.18,130926.04,0.2778
69347,6,60.0,134659.66,0.4065
69369,4,1.2,1358890.0,0.3189
69374,6,0.77,94195.87,0.3827
69375,5,1.72,102480.25,0.3449
69377,6,0.65,41654.46,0.3888
69384,5,3.88,50280.06,0.3664
69385,5,0.15,61129.81,0.3716
69386,8,2.85,73200.74,0.4358
69387,7,4.79,55768.84,0.4238
69388,8,0.2,93806.01,0.4431
69435,7,6.0,1403680.09,0.4242
69469,5,4.55,106014.11,0.3427
69470,5,0.47,173529.59,0.3471
69478,5,1.19,130220.47,0.3694
69479,5,0.38,168383.63,0.3777
69481,5,2.22,109991.87,0.3464
69482,4,1.08,65965.3,0.3284
69483,5,1.17,43461.45,0.3489
69484,5,1.12,26547.15,0.3648
69485,6,0.14,83044.62,0.382
69498,6,3.23,93386.81,0.3945
69499,6,4.65,21066.53,0.383
69500,5,1.34,119448.61,0.3811
69501,5,1.71,82282.72,0.3765
69502,5,0.34,199377.33,0.3653
69511,5,1.14,42169.95,0.3634
69512,5,2.5,13872.45,0.3487
69513,5,4.03,12108.73,0.3463
69514,5,0.55,81851.23,0.3449
69586,6,60.0,115502.11,0.4013
69587,7,54.0,122824.26,0.4134
69589,6,42.0,134403.86,0.4005
69604,2,6.0,1571062.53,0.1765
69931,1,0.29,247381.1,0.1269
69936,1,1.09,308713.24,0.1052
69937,1,1.79,270882.83,0.1545
69939,1,0.67,331493.03,0.1043
69940,1,1.71,260823.83,0.1093
69946,3,0.62,439194.16,0.2843
69955,2,2.06,161864.09,0.2229
69956,1,0.97,155652.07,0.1533
69957,2,2.1,97197.49,0.1975
69958,4,4.43,115605.99,0.2893
69963,3,3.33,237449.2,0.2382
69964,1,0.83,124577.17,0.1372
69965,2,2.49,118261.6,0.178
69966,2,2.45,125474.09,0.1853
69967,2,2.34,143071.02,0.1808
69968,1,0.59,127877.5,0.1532
69981,1,0.58,53330.59,0.1626
69982,1,2.44,82262.1,0.1571
69983,1,0.9,208483.18,0.1562
69984,1,0.89,168978.68,0.1006
69985,2,0.91,133510.59,0.1797
69986,2,0.58,240889.5,0.1976
69990,4,0.44,137740.24,0.3025
69999,3,1.58,213579.64,0.2469
70000,1,5.91,166182.3,0.1414
70002,3,1.86,193744.5,0.2807
70004,2,3.37,197102.16,0.199
70005,2,0.08,202560.13,0.22
70006,1,1.31,200458.17,0.158
70007,4,1.7,140253.03,0.2931
70008,1,0.35,179560.78,0.1463
70010,2,2.2,150729.79,0.1653
70011,2,0.96,297063.01,0.1779
70031,6,90.0,112507.22,0.3987
70059,4,2.0,1340353.06,0.3024
70061,5,3.68,73934.68,0.3585
70062,6,1.85,86433.57,0.4
70066,8,25.71,194339.47,0.4503
70068,6,1.09,92552.25,0.3967
70069,6,3.05,62693.53,0.3826
70094,9,6.0,1349738.89,0.4567
70112,6,0.61,142151.19,0.4052
70113,6,1.13,118625.53,0.4048
70120,7,6.0,1418091.89,0.4282
70152,5,0.44,114509.12,0.3503
70153,5,5.67,177630.55,0.3435
70154,4,0.8,1418419.49,0.3183
70163,5,2.37,79572.98,0.3561
70164,5,1.3,88779.83,0.3582
70165,5,1.0,136000.36,0.3661
70166,5,0.42,83268.08,0.3528
70167,5,2.51,56044.1,0.359
70168,5,4.62,28854.45,0.3699
70169,5,2.35,11372.88,0.3616
70170,5,7.1,1556.47,0.3487
70171,5,0.96,74530.09,0.3583
70183,5,3.0,51664.33,0.3571
70184,5,3.0,64100.74,0.36
70185,5,0.93,144564.04,0.3704
70195,5,3.62,53853.09,0.3584
70196,5,4.44,1635.9,0.3463
70197,5,6.91,6162.81,0.3428
70198,5,0.4,57782.42,0.3429
70199,5,0.62,1308456.12,0.3614
70617,2,0.53,244644.8,0.1879
70618,1,4.4,284980.2,0.1493
70620,1,0.71,284718.36,0.1232
70621,1,0.63,274825.97,0.1158
70622,1,1.35,212296.3,0.1455
70630,4,0.76,345800.56,0.3104
70631,3,3.52,253250.69,0.2429
70638,2,2.32,288949.2,0.1881
70639,2,0.86,163037.91,0.1956
70641,2,2.86,220977.92,0.2156
70642,2,3.82,127047.64,0.2016
70650,2,3.45,138068.66,0.1684
70651,1,1.99,139977.97,0.1363
70652,1,2.05,151804.87,0.1277
70662,1,0.73,110525.83,0.1167
70663,1,1.16,106480.48,0.1352
70665,1,1.91,116791.92,0.1407
70666,1,0.81,77113.82,0.1238
70668,1,0.64,200680.63,0.0884
70682,1,0.21,190923.18,0.1447
70683,3,0.46,207673.47,0.2337
70685,1,5.31,149891.98,0.1139
70689,3,1.04,210362.1,0.2407
70691,4,5.97,102977.73,0.3163
70692,2,2.37,154141.19,0.168
70698,3,2.33,159609.74,0.2513
70700,6,0.57,197137.48,0.3885
70740,4,11.37,94607.36,0.333
70741,5,2.67,227988.09,0.3732
70748,7,2.71,103502.96,0.4178
70778,8,60.0,90443.66,0.447
70779,8,96.0,79058.25,0.4428
70796,6,2.27,108047.4,0.3991
70797,7,1.6,132415.76,0.4122
70836,5,5.04,103681.74,0.3461
70837,5,3.75,94390.34,0.3534
70838,5,1.0,104019.27,0.3529
70839,5,1.88,101969.06,0.3565
70840,5,1.54,50158.29,0.3618
70841,5,1.42,121177.0,0.3758
70847,5,3.88,94998.13,0.3583
70848,5,4.53,103171.51,0.3627
70849,6,1.56,1412165.65,0.3862
70852,5,1.43,30886.2,0.3618
70853,5,2.18,5627.57,0.3592
70854,5,4.32,20911.99,0.3411
70855,5,2.2,69231.97,0.3466
70867,5,5.85,31982.59,0.3425
70868,5,0.37,67019.09,0.3583
70869,5,1.95,38964.89,0.3592
70870,5,0.96,87615.39,0.3527
70880,5,4.85,71063.54,0.3632
70881,5,1.93,89722.33,0.3607
70963,5,3.68,162362.32,0.3485
70972,3,2.88,95333.88,0.2564
71295,2,1.26,250245.49,0.2146
71300,2,1.82,274815.81,0.1805
71302,2,3.05,189470.08,0.1822
71306,2,1.2,235851.0,0.1856
71307,2,0.86,236945.55,0.1922
71312,1,1.29,376481.01,0.1261
71315,4,2.17,334430.47,0.298
71316,3,3.95,247091.77,0.2468
71321,3,0.35,145962.42,0.2398
71322,3,0.28,136795.32,0.2491
71326,1,0.69,281103.34,0.1206
71327,1,1.3,134571.3,0.1512
71330,2,0.74,109101.29,0.1959
71335,1,0.47,172462.05,0.1311
71346,2,3.93,150096.02,0.2167
71347,3,0.35,61753.13,0.2435
71348,1,0.63,159239.96,0.1583
71349,3,0.12,72818.12,0.2464
71351,2,5.89,64876.29,0.206
71352,2,3.4,139138.83,0.219
71364,3,5.53,141177.5,0.2359
71365,2,1.21,183917.23,0.1723
71366,1,0.83,198578.71,0.1558
71371,2,3.98,155387.64,0.2031
71374,4,0.59,199523.64,0.2921
71375,4,1.19,189176.73,0.2868
71376,3,6.83,170958.96,0.2371
71381,2,10.77,157734.47,0.2115
71382,4,0.27,171643.04,0.3322
71385,4,1.71,236203.93,0.31
71395,6,3.15,150225.66,0.41
71435,7,5.09,63793.67,0.4263
71470,8,54.0,107285.42,0.4485
71495,7,6.0,1482241.55,0.4164
71499,5,1.64,244427.35,0.3713
71520,5,4.21,177190.55,0.3721
71521,5,5.92,201083.03,0.3664
71522,5,1.57,132980.39,0.3539
71523,5,2.36,77439.19,0.3548
71524,5,5.19,46179.72,0.3479
71525,5,1.94,47135.36,0.3533
71526,5,0.46,123046.87,0.3585
71535,5,2.47,127765.75,0.3714
71536,5,3.25,29707.72,0.3592
71537,5,2.93,24702.66,0.3621
71538,5,4.26,60902.32,0.3618
71539,5,1.12,1313416.97,0.3708
71551,5,2.11,11339.68,0.3404
71552,5,0.66,10267.96,0.3459
71553,5,3.96,21298.11,0.3547
71659,4,0.38,184194.89,0.308
71979,2,1.73,227598.95,0.1948
71980,2,0.25,246656.16,0.1757
71985,1,1.96,288989.21,0.1617
71986,1,2.81,201761.7,0.1176
71987,1,1.6,225198.27,0.1388
71988,2,1.0,163163.5,0.1958
71990,2,0.92,247120.1,0.1923
71991,2,0.47,252500.98,0.1803
71994,2,0.77,532357.33,0.2065
71996,1,0.8,390398.46,0.1555
71997,2,0.13,384887.43,0.1911
71998,2,2.12,405967.61,0.1785
71999,3,1.16,284552.57,0.256
72001,2,2.74,156639.89,0.2194
72004,3,4.08,88837.33,0.2316
72005,2,1.02,118892.04,0.2154
72006,3,5.52,126746.25,0.2604
72013,2,3.63,141840.63,0.2161
72014,2,1.93,80884.3,0.2232
72015,2,2.34,146157.5,0.196
72016,3,0.43,141238.29,0.2311
72026,4,0.57,92414.27,0.3049
72031,3,2.99,102583.46,0.2836
72032,2,0.42,132746.72,0.165
72034,1,7.21,131621.48,0.1273
72035,1,1.45,91913.59,0.1192
72036,2,0.71,139799.4,0.2064
72038,1,1.89,98784.67,0.1532
72048,1,4.05,212575.29,0.1608
72049,1,0.4,201581.5,0.1551
72051,3,1.69,203516.8,0.2531
72054,1,1.05,149445.29,0.1456
72055,2,3.94,158458.87,0.188
72056,4,0.71,176430.5,0.3399
72057,3,0.68,245160.75,0.2758
72063,3,0.72,155092.54,0.2645
72064,3,7.71,235384.92,0.2285
72065,4,3.52,105209.17,0.2944
72103,4,1.56,136369.38,0.3108
72118,7,1.32,82417.1,0.4211
72119,6,1.27,86244.55,0.4086
72129,8,120.0,44806.31,0.4388
72130,8,6.0,1333404.09,0.4514
72153,8,54.0,102033.01,0.4485
72183,6,0.81,204473.47,0.3849
72184,5,4.75,108155.22,0.3602
72206,5,3.87,152718.9,0.3454
72207,4,3.39,103233.59,0.3399
72208,4,3.88,57331.14,0.3373
72209,5,2.31,85456.3,0.3452
72219,5,2.38,117087.81,0.3572
72220,5,4.46,49884.89,0.3581
72221,5,0.68,17967.19,0.3489
72222,5,2.85,35573.35,0.3433
72223,5,1.17,97922.19,0.3475
72234,5,1.47,146375.35,0.3467
72235,5,2.77,10011.22,0.3416
72236,5,0.66,38865.68,0.3534
72334,4,6.0,1523599.15,0.3009
72338,4,1.02,176573.07,0.3367
72339,5,2.62,75118.67,0.3791
72341,5,1.79,102477.52,0.3404
72342,5,2.76,144143.29,0.3485
72663,1,2.16,206131.29,0.1404
72664,1,2.72,205586.24,0.1427
72665,3,3.07,195659.98,0.2515
72670,1,0.81,249899.19,0.1591
72671,1,2.52,210422.51,0.1291
72676,1,0.32,300882.4,0.1292
72679,1,0.58,373204.41,0.157
72680,3,0.99,369872.74,0.2432
72681,2,2.55,516239.08,0.2058
72682,1,2.18,307679.88,0.1514
72685,3,2.56,193370.3,0.2283
72686,4,0.56,138030.95,0.294
72690,3,5.83,1422160.85,0.2524
72691,3,5.91,1419811.53,0.2278
72698,3,0.92,113754.15,0.2486
72701,2,1.73,92571.71,0.1765
72702,1,2.14,79407.76,0.1515
72703,2,1.09,113998.93,0.2198
72712,3,41.33,111417.42,0.2774
72714,2,2.07,100530.35,0.2008
72715,1,0.7,103649.94,0.1517
72718,1,0.62,118100.96,0.1322
72719,1,3.72,60292.7,0.1552
72721,1,4.73,151604.15,0.1586
72722,2,5.47,91139.31,0.1708
72724,2,0.86,230952.23,0.2066
72733,2,3.28,239865.38,0.1985
72734,3,1.8,188150.68,0.2259
72735,1,1.08,193341.85,0.1395
72736,3,0.71,149305.43,0.2759
72739,4,5.34,162742.76,0.2876
72749,4,3.54,143716.69,0.3152
72757,3,6.35,230349.22,0.2319
72772,5,0.4,1381852.54,0.3577
72789,4,1.5,143867.26,0.2947
72790,5,1.54,124257.9,0.3424
72800,7,1.27,111972.95,0.4305
72802,6,0.47,118715.5,0.4001
72803,6,4.64,58073.86,0.3962
72804,6,1.13,78620.86,0.4016
72805,6,0.05,76373.33,0.3963
72807,8,0.85,95849.63,0.441
72818,7,0.28,69475.66,0.424
72836,9,6.0,1368918.92,0.4681
72837,8,72.0,95628.65,0.4479
72838,8,108.0,77979.62,0.4459
72868,5,4.67,161500.93,0.3631
72890,4,0.21,132211.7,0.3274
72891,4,1.69,97844.55,0.3344
72892,4,2.91,61275.99,0.3338
72893,4,1.39,72825.77,0.3388
72896,4,0.41,99535.97,0.3335
72897,5,0.4,134464.68,0.348
72904,5,1.2,67279.55,0.3502
72905,5,3.88,24895.54,0.347
72906,5,5.56,17584.72,0.3459
72907,5,2.27,17632.56,0.3463
72908,5,1.36,81296.48,0.3575
72919,5,2.03,30476.15,0.3613
72921,5,36.0,171834.57,0.3808
73016,6,0.78,138113.88,0.4033
73023,4,1.53,168752.77,0.3143
73026,4,4.0,318182.86,0.3086
73345,3,0.79,243815.82,0.2803
73347,2,2.82,189748.95,0.169
73348,2,9.81,180686.27,0.1746
73349,2,0.34,238508.78,0.2048
73351,1,2.33,271294.97,0.1094
73353,2,0.81,285147.05,0.165
73354,1,1.77,224043.39,0.1372
73355,1,3.56,205232.52,0.1138
73357,1,0.69,250505.35,0.0843
73360,2,4.46,179178.25,0.1868
73361,2,0.77,315759.08,0.2091
73362,1,1.61,485709.58,0.1578
73366,1,2.5,255283.82,0.1581
73368,3,0.12,170766.07,0.2377
73369,3,0.67,197168.89,0.2319
73371,3,2.06,1431563.47,0.2769
73375,3,3.57,92314.63,0.2517
73376,2,1.6,186283.56,0.2107
73378,3,0.08,136290.35,0.2758
73379,3,1.23,89151.6,0.2743
73380,3,0.19,127154.65,0.2729
73381,3,0.91,125936.44,0.2315
73383,3,2.22,105702.85,0.2458
73385,2,1.36,80425.38,0.1978
73397,2,3.32,80162.8,0.1682
73398,2,3.8,106858.14,0.1652
73402,1,1.87,123285.65,0.1389
73403,1,0.7,66614.98,0.1464
73406,2,0.81,137458.84,0.1878
73407,1,1.07,140304.04,0.1341
73418,2,3.83,156401.2,0.1781
73419,2,2.49,201838.71,0.1663
73420,2,1.67,127306.69,0.1853
73421,1,4.57,173467.76,0.1312
73422,2,2.15,116049.88,0.1858
73424,3,0.36,183616.34,0.2346
73426,2,2.35,205502.68,0.219
73427,3,4.16,142652.68,0.2486
73432,2,2.19,214872.63,0.1882
73433,3,0.13,186803.16,0.2275
73437,4,1.15,186858.93,0.2855
73440,2,4.3,209913.8,0.202
73441,3,0.85,195146.7,0.2516
73454,4,2.0,151615.81,0.3101
73455,4,3.5,156437.43,0.2972
73473,3,1.5,91730.74,0.2506
73474,4,1.98,88448.74,0.3331
73475,6,0.43,106985.43,0.3842
73483,6,1.59,130107.51,0.4059
73484,6,2.12,250970.29,0.403
73486,6,1.6,49205.52,0.4065
73487,7,0.6,80295.34,0.4239
73490,7,0.67,75572.05,0.4243
73491,8,0.47,73738.23,0.4363
73495,6,1.13,131273.35,0.3932
73496,6,0.76,40862.99,0.3879
73497,5,3.84,-7405.97,0.3691
73498,6,1.9,7291.88,0.3928
73521,9,60.0,91205.9,0.4632
73522,9,42.0,133156.29,0.4661
73574,4,0.85,186571.53,0.3323
73575,4,3.59,130852.89,0.3362
73576,5,2.73,112320.69,0.3403
73577,4,1.03,130634.04,0.3401
73580,4,3.26,45509.11,0.3274
73581,4,1.1,50333.51,0.3311
73589,5,1.02,88920.0,0.3653
73590,5,1.78,17561.82,0.3427
73591,5,5.67,6209.77,0.3418
73699,5,0.12,105876.93,0.3671
73700,5,1.37,69410.94,0.3666
73708,5,33.0,174592.18,0.3529
74027,5,1.2,1596345.06,0.3683
74028,7,1.31,218452.83,0.413
74029,5,5.56,240095.49,0.3417
74030,2,0.64,262175.61,0.2248
74032,2,1.74,199214.17,0.1955
74033,2,3.31,210313.47,0.1829
74034,1,3.54,173768.61,0.1383
74038,2,3.5,225363.16,0.1779
74039,2,0.54,219988.59,0.1775
74040,2,2.58,209684.45,0.1832
74044,1,1.53,273116.16,0.1516
74045,2,0.48,419831.04,0.2041
74046,2,4.24,411208.59,0.2047
74047,2,1.72,271239.13,0.1821
74050,2,1.04,212138.27,0.1933
74052,2,3.94,157595.9,0.2015
74054,3,4.04,163796.93,0.2736
74057,4,0.28,145930.52,0.3007
74061,4,3.88,1420272.82,0.3204
74062,3,0.32,131428.71,0.2271
74063,2,1.98,125405.6,0.2178
74064,2,5.08,90302.97,0.19
74065,2,3.57,77651.11,0.1914
74066,2,0.21,128485.04,0.201
74067,2,0.58,125771.42,0.192
74068,3,0.27,104744.54,0.2281
74069,1,5.87,115670.75,0.1495
74071,3,2.33,132045.3,0.2512
74072,3,0.03,113629.3,0.2268
74080,3,4.33,11306.2,0.2298
74082,1,2.25,122827.27,0.1158
74085,1,8.66,153843.91,0.1419
74086,1,3.71,92761.78,0.1302
74087,1,2.69,80903.02,0.1182
74104,1,2.01,157484.05,0.1579
74105,1,0.46,158911.9,0.155
74107,4,0.14,197956.35,0.3215
74108,2,8.46,151951.06,0.217
74109,3,5.54,128776.23,0.2723
74121,3,2.03,169171.64,0.2262
74122,2,4.85,226955.95,0.1981
74124,3,1.13,197893.01,0.2371
74133,3,3.0,1481203.21,0.2742
74139,4,0.96,119354.58,0.3115
74157,3,2.86,87776.76,0.2443
74158,4,1.59,74961.58,0.3034
74159,6,1.66,257010.25,0.3822
74169,6,1.31,236735.97,0.407
74170,7,0.72,24333.19,0.4257
74171,7,0.19,94548.3,0.4199
74175,6,2.54,69031.4,0.3846
74181,6,1.71,57995.63,0.4076
74183,5,1.85,37821.86,0.3692
74184,5,2.25,6824.57,0.3579
74196,6,54.0,100138.01,0.4044
74205,9,54.0,100044.31,0.4576
74264,4,2.79,62227.91,0.3335
74265,5,0.98,54134.4,0.3472
74272,5,1.02,148056.54,0.3564
74273,5,1.23,47466.25,0.3598
74274,5,2.77,49156.04,0.3491
74275,5,8.51,39881.12,0.348
74276,5,2.21,56504.93,0.3514
74381,4,6.0,1675914.6,0.3121
74383,5,4.68,190054.49,0.3568
74384,5,3.85,62674.32,0.3767
74385,4,2.0,131125.44,0.3027
74390,5,1.74,244612.02,0.3433
74392,5,6.0,1474061.61,0.3721
74715,4,3.46,170196.68,0.3017
74716,2,8.57,200702.53,0.2152
74717,2,2.67,186319.31,0.2027
74718,2,0.88,184251.84,0.1711
74720,1,1.07,257083.19,0.1068
74721,1,0.37,193943.61,0.1191
74722,1,7.12,234791.12,0.1377
74723,1,1.22,207904.31,0.0935
74731,2,1.96,214552.07,0.1841
74732,3,0.56,143941.93,0.2297
74733,3,0.66,205942.49,0.2303
74734,4,0.53,180817.04,0.31
74735,2,2.52,149949.33,0.1943
74736,2,0.25,1457420.36,0.2074
74737,2,0.71,1441057.05,0.2164
74745,3,1.16,111038.91,0.2706
74747,2,2.02,131187.73,0.2238
74748,3,0.95,107189.65,0.2614
74749,2,3.73,80325.24,0.1939
74750,2,0.15,196725.15,0.2117
74751,2,1.36,66313.07,0.2008
74752,3,0.74,71360.15,0.254
74757,1,0.23,108061.73,0.127
74762,2,0.18,49390.91,0.1776
74763,2,0.08,102999.27,0.1848
74764,3,4.68,13383.74,0.2434
74765,2,1.24,99860.17,0.2167
74767,1,4.98,112901.51,0.1574
74768,2,0.16,32682.88,0.1824
74769,1,1.38,88583.66,0.1583
74770,1,5.8,140204.87,0.1088
74771,1,1.79,67919.18,0.125
74773,1,1.19,134420.09,0.0708
74774,1,0.83,234941.47,0.0748
74775,1,1.38,118855.91,0.101
74777,1,1.14,149430.44,0.1333
74778,1,0.8,234287.48,0.1406
74783,3,0.19,185217.19,0.2562
74784,1,0.09,102599.59,0.1403
74793,3,11.43,109243.35,0.2376
74794,4,0.11,221185.93,0.3028
74800,3,1.24,195073.3,0.2365
74802,5,1.06,185436.32,0.3574
74823,5,65.73,175309.07,0.3814
74824,3,1.24,141319.05,0.2527
74825,4,1.55,148932.04,0.317
74826,5,0.09,113694.66,0.3481
74827,6,1.09,61184.86,0.3905
74828,4,1.33,87563.59,0.3376
74836,4,2.82,127857.41,0.3025
74839,3,0.6,121213.54,0.2625
74841,3,3.2,92080.56,0.259
74853,7,0.68,124449.12,0.4301
74854,8,2.36,98285.01,0.4381
74855,7,1.54,93268.59,0.4267
74860,8,3.74,135043.0,0.4364
74865,6,5.23,64391.84,0.3986
74866,5,2.75,34429.25,0.3712
74867,6,2.16,64514.65,0.3823
74868,5,2.93,34568.01,0.3763
74910,7,24.0,337314.79,0.4147
74949,5,3.73,78942.52,0.3512
74950,5,3.91,132588.34,0.3548
74957,5,2.73,89451.9,0.3554
74959,5,1.57,48468.19,0.3573
74960,5,1.05,29675.41,0.3455
75050,4,1.7,17626.58,0.3266
75051,4,2.32,105424.88,0.3389
75068,7,4.35,76719.47,0.4116
75069,5,0.49,102112.16,0.3468
75071,4,1.9,307375.38,0.3067
75072,4,0.34,259783.07,0.2973
75396,6,0.25,176388.15,0.3878
75399,5,2.0,1521439.11,0.3456
75402,2,3.62,166037.55,0.1906
75404,2,1.69,221131.05,0.1672
75405,1,1.47,207599.78,0.121
75406,1,4.2,180717.93,0.101
75407,1,0.27,200186.93,0.0758
75411,2,2.2,314244.95,0.1776
75412,2,0.08,312951.19,0.2138
75414,1,4.16,239895.4,0.1504
75415,2,0.24,210168.89,0.1685
75418,4,1.18,114170.03,0.3377
75419,2,2.54,102309.98,0.18
75420,2,0.94,91504.07,0.2087
75422,3,2.89,122800.47,0.269
75423,3,0.23,150511.82,0.2479
75424,2,0.21,130216.8,0.2241
75429,3,2.97,98291.09,0.253
75431,3,2.18,128887.04,0.2471
75432,3,1.01,101619.09,0.2656
75433,3,2.68,91395.72,0.2516
75435,3,0.46,117718.36,0.2354
75436,3,3.31,92754.34,0.2417
75437,3,0.29,121115.64,0.2467
75441,2,2.34,31687.88,0.1679
75442,2,2.53,104659.71,0.2134
75444,1,5.19,44150.96,0.1521
75445,1,1.07,34864.35,0.1274
75446,1,0.14,97977.52,0.1352
75447,2,4.1,86191.35,0.1938
75448,3,3.18,92238.73,0.2513
75451,1,3.0,92083.5,0.1377
75452,2,3.08,40103.12,0.1677
75453,1,1.19,68382.99,0.1636
75454,1,0.31,134019.77,0.1435
75455,2,0.5,135104.68,0.1732
75456,1,0.12,154480.6,0.0931
75458,1,1.02,149084.66,0.09
75459,1,3.07,121094.24,0.1207
75460,2,2.69,142849.07,0.1709
75462,1,0.22,260847.99,0.1115
75465,1,0.44,198270.38,0.1585
75469,2,2.36,140220.25,0.1671
75474,3,0.15,142061.73,0.2263
75476,3,3.43,152102.53,0.2599
75477,3,1.54,282405.42,0.2682
75478,3,0.02,182004.96,0.2315
75479,3,0.07,172720.65,0.2715
75484,2,1.22,221310.33,0.1811
75485,2,2.23,182572.22,0.1889
75487,2,1.01,170341.26,0.1878
75489,1,0.31,282898.42,0.1069
75499,4,3.0,1481054.79,0.3239
75507,5,60.0,174825.63,0.377
75509,4,0.5,135972.87,0.2881
75510,5,2.1,99508.66,0.3604
75511,5,2.02,128950.03,0.368
75520,3,3.59,77483.05,0.2475
75521,2,2.12,102587.87,0.2025
75522,3,1.5,138237.51,0.2319
75523,4,2.53,66904.44,0.2984
75524,4,0.43,95532.01,0.3118
75525,3,7.18,105347.01,0.2771
75526,5,1.12,113015.34,0.3454
75538,6,4.32,100250.03,0.3928
75539,7,0.12,155449.39,0.4343
75541,8,2.68,63927.33,0.4364
75543,6,0.11,1307871.49,0.4057
75544,8,1.29,85546.1,0.4392
75545,8,2.01,82155.68,0.4493
75549,7,10.54,80777.67,0.4134
75550,6,1.82,63269.66,0.3963
75584,9,0.75,1402535.28,0.464
75600,7,60.0,207410.34,0.4164
75642,5,3.71,110045.05,0.3688
75643,5,3.85,35976.12,0.3608
75644,4,5.32,14646.02,0.3391
75645,5,5.21,92812.92,0.3432
75733,5,1.3,91175.34,0.344
75734,4,3.89,14231.7,0.327
75735,4,0.53,135264.93,0.3386
75753,5,0.91,107671.84,0.3732
75755,4,0.23,221612.3,0.3156
76080,3,0.92,225087.7,0.2757
76086,2,4.17,168494.21,0.1878
76087,2,1.41,208046.09,0.1753
76088,2,2.62,160140.35,0.1835
76089,2,0.6,207112.17,0.1679
76090,1,0.71,195498.42,0.1304
76094,1,0.72,354453.66,0.1235
76097,1,1.59,201792.89,0.1202
76099,1,2.52,152578.14,0.1609
76100,2,1.87,207938.15,0.1863
76101,2,0.59,181368.74,0.2149
76102,3,2.96,86048.58,0.2345
76103,2,2.93,74628.14,0.1882
76104,2,3.9,135769.55,0.2242
76108,2,0.14,131529.41,0.2045
76117,3,0.41,161608.35,0.253
76124,1,0.47,151890.9,0.1621
76127,2,1.76,215254.81,0.1714
76128,1,2.59,35290.9,0.1396
76129,1,3.12,87712.19,0.1256
76130,1,0.47,29085.52,0.1251
76131,2,2.03,34172.45,0.182
76136,1,0.89,41626.99,0.1279
76137,2,3.31,95388.04,0.1696
76138,1,2.25,146798.36,0.1068
76140,1,1.06,166645.47,0.0852
76141,1,1.47,134478.74,0.0903
76143,1,0.8,152096.61,0.0858
76148,1,0.7,203980.15,0.1406
76150,2,0.37,192789.09,0.1691
76162,3,0.9,189905.55,0.2342
76163,3,3.23,137890.12,0.2616
76164,4,0.35,189146.97,0.2964
76171,3,0.41,227339.82,0.2303
76173,1,1.33,289776.24,0.158
76174,1,0.1,353728.87,0.1091
76187,1,2.77,172684.32,0.1612
76188,3,0.43,196436.29,0.2424
76189,4,1.48,106534.66,0.307
76190,4,0.01,233324.65,0.3348
76192,1,1.07,118027.87,0.1587
76194,4,3.25,54679.09,0.3036
76195,3,1.49,254980.08,0.2724
76204,2,0.67,127302.57,0.2246
76206,3,1.11,158906.79,0.239
76207,3,1.48,138957.31,0.2701
76208,3,0.15,81210.15,0.2595
76209,3,1.72,54158.25,0.2844
76210,4,1.61,75915.84,0.329
76211,4,1.1,171425.46,0.3007
76223,7,0.29,1319764.28,0.4276
76225,9,0.39,104615.57,0.462
76226,8,2.59,80815.74,0.4386
76228,8,1.48,66806.35,0.4446
76229,8,0.07,54256.02,0.4452
76237,7,5.46,46620.52,0.4225
76238,6,4.83,69083.78,0.4069
76278,7,6.0,1601438.68,0.4269
76288,6,6.0,1632772.87,0.4044
76289,5,6.0,4896827.79,0.3769
76326,5,1.35,98646.52,0.3594
76327,5,6.71,79205.27,0.3687
76328,4,5.21,87150.48,0.3376
76329,4,2.38,70351.89,0.3226
76418,4,3.73,112004.22,0.3353
76437,6,0.37,164139.75,0.4014
76764,3,1.1,259436.48,0.2394
76767,4,2.26,193510.45,0.3038
76770,2,2.09,171673.5,0.2096
76771,2,3.29,169694.42,0.2176
76772,2,1.14,183995.86,0.2043
76773,2,4.14,219050.33,0.1844
76774,1,0.43,195388.13,0.1558
76775,1,3.38,162919.21,0.1301
76776,1,1.57,206580.67,0.105
76777,1,1.55,248470.16,0.0878
76778,2,1.52,243409.57,0.195
76781,1,1.44,251058.18,0.141
76783,1,0.66,199738.89,0.1515
76784,2,1.11,158756.89,0.1698
76785,3,6.2,159935.02,0.2346
76786,2,3.2,72380.83,0.1808
76787,2,2.66,100904.44,0.208
76788,2,3.56,152881.99,0.2168
76792,2,2.2,50648.45,0.1986
76793,3,1.87,135976.92,0.2287
76797,3,1.66,132566.7,0.2424
76798,2,0.19,124887.68,0.2174
76799,2,0.4,118740.01,0.2146
76800,2,0.19,159278.53,0.2194
76807,1,0.38,248897.91,0.1555
76808,1,1.31,212117.36,0.1445
76811,1,1.0,1393530.24,0.1621
76812,1,3.46,108970.18,0.135
76814,2,1.64,106171.81,0.189
76815,2,2.61,45147.66,0.2165
76820,1,2.05,116056.47,0.1347
76823,2,0.94,148901.31,0.1769
76826,1,0.5,139993.96,0.12
76827,1,0.34,89705.3,0.1102
76839,2,0.77,144611.93,0.225
76849,4,0.87,192845.45,0.3014
76850,2,3.0,138377.69,0.2216
76851,2,2.34,120912.3,0.2163
76852,2,0.06,203196.73,0.1921
76853,2,3.15,211566.54,0.1919
76855,3,0.9,268945.4,0.2389
76856,2,0.07,336223.93,0.2239
76857,4,4.36,268097.88,0.2858
76869,4,0.46,219203.68,0.2967
76872,2,2.72,95917.17,0.2237
76873,3,0.52,58190.33,0.2714
76874,4,1.87,261057.84,0.3325
76875,3,0.04,167010.11,0.2259
76876,2,2.12,206428.56,0.1914
76877,2,2.01,100570.13,0.1935
76878,3,0.89,119048.65,0.2535
76893,4,2.11,205165.8,0.3376
76894,4,0.36,142184.2,0.3376
76900,6,0.89,96711.58,0.3962
76907,7,10.95,149523.69,0.4211
76908,6,4.97,1291187.77,0.4022
76913,7,1.6,93297.63,0.4142
76998,4,1.6,73267.69,0.3321
76999,4,0.39,65659.21,0.3334
77000,5,1.4,224704.7,0.362
77012,4,2.29,192770.2,0.3352
77013,4,3.19,63483.5,0.3105
77014,4,0.51,130716.04,0.3092
77101,6,24.0,247786.39,0.402
77102,5,48.0,137032.52,0.3746
77454,2,1.87,385990.17,0.2026
77455,2,2.53,213813.54,0.1729
77457,1,3.86,185189.35,0.1165
77458,1,1.65,185345.8,0.1037
77459,1,3.45,165413.42,0.0795
77460,1,8.12,183596.22,0.1258
77464,2,2.63,231133.94,0.189
77465,2,1.3,232090.75,0.1812
77467,1,0.38,155405.98,0.1556
77470,2,7.81,115976.1,0.2072
77471,2,3.69,79032.37,0.224
77475,3,0.54,116742.58,0.2551
77476,2,4.65,106201.27,0.2138
77477,3,2.54,58486.85,0.2355
77478,3,1.83,76826.05,0.2309
77482,2,1.3,122576.58,0.2142
77486,2,1.14,1420739.07,0.2169
77498,2,0.26,52986.45,0.2004
77499,2,0.94,27183.3,0.2026
77500,2,2.71,178090.14,0.2121
77504,2,0.37,211683.53,0.187
77505,1,2.17,119280.47,0.1586
77506,1,1.68,100590.9,0.1259
77507,1,0.96,132007.83,0.1523
77508,1,2.36,146120.29,0.0876
77510,1,1.0,117951.18,0.1243
77511,1,1.8,95619.35,0.0992
77522,1,0.02,264966.46,0.1284
77526,1,0.71,324910.82,0.1528
77527,2,0.14,290072.36,0.1902
77528,2,0.09,283137.3,0.2023
77529,2,0.97,243338.55,0.1951
77531,2,0.97,176600.32,0.2033
77533,3,2.7,106946.33,0.2294
77534,2,3.81,101492.99,0.1921
77535,2,3.91,132476.96,0.1919
77536,1,3.6,169330.82,0.1535
77537,1,2.8,209667.49,0.1532
77538,1,2.72,201619.58,0.1496
77539,1,1.6,279570.53,0.1502
77540,2,1.46,276827.9,0.1751
77541,2,1.33,261180.57,0.1936
77542,4,1.62,207487.77,0.3313
77553,4,1.9,233054.34,0.2984
77556,4,0.92,191014.05,0.3012
77557,4,3.2,171283.56,0.2871
77558,3,0.46,287830.89,0.2846
77559,2,5.26,78815.85,0.2143
77560,2,5.5,205367.6,0.2062
77561,4,0.04,173792.53,0.3093
77562,4,1.13,149470.81,0.2898
77564,4,0.68,183047.37,0.3114
77565,6,0.19,131340.71,0.3871
77573,3,5.1,1319565.51,0.2589
77574,3,1.81,110940.89,0.2447
77575,3,0.06,141152.07,0.2561
77576,4,0.65,101954.35,0.3245
77577,4,2.74,54265.27,0.3008
77578,3,0.62,98320.69,0.2684
77579,4,0.04,104548.24,0.3246
77583,5,0.16,125610.24,0.3603
77584,6,1.59,100358.35,0.4092
77591,8,5.57,1289840.21,0.4386
77596,7,0.81,66253.82,0.4139
77602,5,0.4,56150.18,0.368
77603,5,1.15,63045.32,0.3698
77662,6,6.0,1920951.46,0.3928
77682,4,2.35,37116.04,0.3301
77683,4,3.6,42696.32,0.3357
77684,5,3.33,148824.62,0.3598
77696,4,5.24,67385.38,0.307
77697,4,1.63,43665.5,0.2962
77698,4,3.54,126667.72,0.3152
77732,6,1.16,116085.38,0.3973
77785,7,6.0,1342784.98,0.4155
77786,6,180.0,44027.17,0.4065
78132,3,2.35,184242.24,0.2652
78135,1,0.29,201792.71,0.1347
78137,1,1.24,254860.06,0.1637
78140,1,1.43,221458.25,0.1147
78141,1,2.59,273049.84,0.103
78142,1,2.7,230223.3,0.0885
78143,1,4.55,166084.17,0.0792
78144,1,4.38,129527.58,0.0809
78145,1,0.68,222081.91,0.1075
78149,2,0.3,234612.04,0.17
78150,1,0.41,190870.11,0.1529
78151,1,1.61,176520.7,0.1483
78152,1,1.17,190233.27,0.1399
78154,2,0.48,133075.21,0.1871
78155,2,2.81,87192.7,0.2147
78156,4,0.18,77354.68,0.3172
78157,2,1.24,148945.37,0.2086
78158,2,2.9,139193.03,0.1658
78159,3,4.23,133029.28,0.2467
78160,3,0.27,97793.64,0.2558
78161,2,2.14,42237.34,0.2202
78162,2,2.21,46112.8,0.2092
78163,2,5.22,96143.74,0.212
78168,3,0.31,119826.99,0.2426
78171,2,2.2,161069.03,0.2104
78172,2,0.57,134259.18,0.2189
78181,1,0.6,103606.74,0.1416
78182,1,1.89,102020.84,0.1559
78183,2,2.15,36571.26,0.1865
78188,1,3.08,274072.38,0.1645
78190,2,0.76,87100.47,0.1655
78192,1,2.68,90818.5,0.0917
78193,1,0.31,122611.59,0.0771
78194,1,1.74,115050.68,0.0934
78195,1,3.95,117851.58,0.0785
78206,2,5.1,1369900.19,0.181
78208,3,2.0,1424251.69,0.2424
78214,1,3.23,217519.97,0.1625
78215,2,2.14,192161.15,0.1812
78217,2,3.59,204191.7,0.1756
78218,2,1.47,140661.22,0.1892
78221,1,0.44,409684.47,0.1644
78222,1,0.78,257687.66,0.1624
78223,1,1.8,309852.9,0.1417
78224,1,1.91,302857.72,0.1503
78225,2,2.38,226669.17,0.1743
78226,4,0.86,1505557.72,0.3097
78239,3,0.91,1473333.69,0.255
78240,3,1.24,165035.28,0.2627
78241,2,0.21,220035.05,0.203
78242,2,0.3,179811.45,0.2105
78243,2,1.76,131008.59,0.2201
78244,3,2.32,85548.4,0.2541
78245,4,4.17,85871.29,0.2849
78246,3,1.77,113185.77,0.2365
78249,6,1.26,136384.9,0.3908
78250,5,2.07,125041.0,0.3487
78251,4,3.17,128920.04,0.3332
78260,3,1.41,77609.08,0.2681
78261,3,3.56,53233.03,0.25
78262,3,5.62,63640.64,0.2687
78263,4,4.06,96005.47,0.3274
78264,5,1.45,103949.29,0.3434
78270,5,0.34,123566.35,0.372
78271,6,0.31,166601.48,0.3827
78273,6,2.33,89122.62,0.3942
78284,6,1.04,73911.14,0.4002
78285,5,1.66,58713.28,0.3671
78316,8,54.0,144043.65,0.4434
78322,8,114.0,130181.89,0.4421
78347,5,6.0,5944820.99,0.3677
78365,5,1.82,125472.2,0.3499
78366,5,3.0,45028.18,0.3456
78367,5,1.5,164655.24,0.3459
78380,4,5.4,115814.19,0.3043
78470,7,54.0,87202.26,0.4198
78471,7,60.0,97775.87,0.4227
78815,4,1.61,297961.0,0.2893
78816,3,5.52,257284.23,0.2409
78820,3,1.79,199747.66,0.2363
78826,1,0.42,265269.01,0.088
78827,1,1.33,158360.1,0.0972
78828,1,6.81,202981.16,0.0945
78829,1,0.49,249402.81,0.1447
78833,1,0.21,276695.12,0.1337
78834,1,0.32,234010.72,0.1585
78835,2,1.76,194762.93,0.1914
78836,1,0.3,178137.19,0.1614
78837,2,0.5,169114.22,0.2017
78838,2,2.74,172869.65,0.1984
78839,2,1.42,81996.01,0.1998
78840,4,0.76,126841.43,0.3142
78843,3,0.97,134077.17,0.2438
78844,3,3.11,123126.25,0.2575
78845,2,3.07,45321.85,0.2176
78846,2,6.16,52129.27,0.2045
78852,3,1.45,90090.05,0.2326
78854,2,0.51,95739.86,0.2049
78855,2,2.94,31162.26,0.2017
78856,2,0.13,86819.92,0.2174
78867,1,2.33,110351.1,0.1563
78868,2,1.88,123957.87,0.1743
78874,2,2.24,151371.57,0.1951
78875,1,6.79,182796.18,0.1288
78876,1,0.72,141001.35,0.1036
78877,1,0.44,173488.3,0.1106
78881,1,0.33,180919.71,0.0769
78890,2,0.06,198764.43,0.1924
78893,2,0.32,184835.75,0.2198
78897,3,2.18,313296.34,0.2484
78900,1,0.01,247641.2,0.1551
78906,2,4.83,293821.33,0.1866
78907,1,2.01,308904.99,0.1492
78908,1,2.26,266288.49,0.1426
78909,2,0.56,275030.49,0.199
78920,7,4.63,224039.96,0.4112
78922,4,0.71,196706.08,0.34
78923,4,1.16,215557.8,0.3169
78924,3,3.02,326051.35,0.2366
78926,3,1.24,1462052.33,0.2508
78927,3,4.98,192790.45,0.2411
78928,3,1.8,105635.74,0.2469
78929,3,2.48,95891.2,0.2385
78930,2,4.16,117317.56,0.1953
78931,1,2.14,68587.93,0.1512
78935,5,3.35,84776.82,0.3572
78943,3,1.24,159973.33,0.2382
78945,3,1.3,99999.66,0.2819
78946,4,1.48,103248.05,0.3039
78947,4,0.93,99659.68,0.3231
78948,5,1.77,64172.08,0.344
78949,4,2.64,57402.59,0.313
78950,4,3.55,21172.77,0.315
78953,5,1.72,114789.1,0.3477
78954,5,0.28,132416.49,0.3569
78955,6,1.02,200069.41,0.3951
78958,6,5.0,64429.26,0.3823
78960,6,4.64,1284723.12,0.3969
78964,7,4.08,163629.57,0.4243
78968,8,1.91,1301612.82,0.4434
79000,8,36.0,198109.72,0.4534
79001,8,60.0,123410.24,0.4441
79006,8,126.0,121672.88,0.4435
79007,9,54.0,144209.78,0.4616
79008,8,6.0,1417927.97,0.4477
79020,7,6.0,1502468.02,0.417
79028,6,6.0,2676365.12,0.3984
79057,5,6.0,3026298.39,0.3621
79092,4,0.52,125091.78,0.3331
79093,4,1.47,62870.15,0.3315
79094,4,2.36,114540.96,0.3393
79095,5,0.1,31370.38,0.3422
79096,4,4.79,16876.47,0.3353
79097,4,3.1,28919.27,0.3193
79098,5,2.66,37596.45,0.3465
79099,5,1.88,65846.89,0.3485
79503,3,3.42,236819.81,0.2285
79506,1,0.54,254066.08,0.0823
79507,1,3.13,284394.11,0.0964
79510,1,4.11,195220.11,0.1082
79511,1,0.62,175212.35,0.1196
79512,2,0.15,375152.33,0.1845
79516,2,1.0,263541.26,0.194
79517,1,0.32,214008.82,0.1626
79518,1,1.39,166858.87,0.1314
79519,2,0.67,159277.2,0.1805
79520,2,1.36,163194.7,0.1902
79521,2,5.36,139366.55,0.2162
79522,2,0.16,135020.84,0.2145
79523,3,0.48,115240.83,0.2488
79524,4,0.07,75549.19,0.313
79526,2,1.17,114433.12,0.1838
79527,3,2.01,92174.95,0.2304
79528,3,3.2,57913.71,0.2257
79529,3,4.34,52697.23,0.2576
79530,3,4.58,132000.16,0.2282
79538,2,4.93,125074.12,0.2078
79539,2,3.07,119086.66,0.2043
79540,2,2.16,136638.94,0.2075
79548,1,2.13,113999.81,0.1293
79549,1,0.22,82823.69,0.127
79553,3,3.77,144171.91,0.266
79558,2,0.4,1443834.0,0.212
79560,1,1.48,162139.49,0.1252
79561,1,0.7,130844.05,0.1428
79563,2,3.28,125929.04,0.1938
79564,1,0.07,80247.01,0.0842
79573,1,1.24,259483.51,0.1626
79575,2,3.0,1454130.51,0.1849
79582,1,2.05,209559.78,0.1464
79583,1,1.4,157147.58,0.1282
79591,1,2.83,329503.21,0.1616
79592,1,3.18,259887.68,0.122
79593,1,1.49,271453.84,0.1459
79612,3,2.94,180618.87,0.2515
79613,2,6.58,91249.65,0.2218
79614,2,4.2,173927.14,0.2193
79615,1,3.51,130538.69,0.1397
79616,1,1.19,143125.13,0.094
79618,2,1.3,222576.15,0.1759
79620,5,2.49,122145.05,0.378
79629,4,0.53,127972.45,0.3065
79632,4,0.88,65670.38,0.3246
79636,5,1.8,125870.39,0.3606
79637,5,2.63,127934.84,0.3661
79638,5,2.95,259521.67,0.373
79644,5,0.7,69703.99,0.3622
79646,6,1.42,69615.07,0.3989
79647,6,4.91,53456.38,0.4062
79648,6,23.54,9857.33,0.4085
79684,7,54.0,130988.33,0.4282
79685,8,54.0,130544.01,0.4368
79691,8,156.0,81075.88,0.4513
79692,9,48.0,154920.63,0.458
79697,7,6.0,1578003.31,0.4201
79706,7,24.0,402555.37,0.4152
79715,5,6.0,19910681.69,0.3651
79718,5,6.0,12096079.37,0.3725
79765,6,1.52,657768.11,0.3925
79773,5,0.81,18486.15,0.3445
79774,5,2.44,84833.42,0.3673
79776,5,0.7,95516.15,0.3471
79777,5,4.29,1656.74,0.3429
79778,5,3.62,-1730.15,0.346
79779,5,2.08,11445.83,0.3564
79780,5,6.78,1531.14,0.3606
79781,4,0.93,72088.57,0.315
79782,4,3.27,61475.16,0.3294
79783,5,6.16,41848.79,0.3417
79836,4,6.0,1280515.21,0.333
80188,1,0.35,223813.29,0.1357
80191,1,0.27,199520.37,0.0935
80192,1,0.23,242976.65,0.0723
80196,2,0.45,213656.22,0.2251
80199,2,0.29,1618536.91,0.1851
80200,2,1.52,244848.27,0.2131
80201,3,0.23,183879.55,0.2296
80202,1,0.4,182517.27,0.1576
80206,2,1.19,181082.12,0.1938
80207,3,0.57,107464.05,0.2356
80208,4,1.73,85960.17,0.3103
80209,3,0.77,106017.42,0.2606
80210,2,4.64,194886.14,0.1889
80211,3,6.89,184598.33,0.2428
80212,2,2.56,125415.43,0.2182
80213,3,1.12,142509.83,0.256
80216,2,0.17,124424.05,0.1976
80222,3,1.25,223577.13,0.2546
80235,2,0.82,195989.52,0.1698
80241,3,1.19,198790.92,0.259
80242,3,0.05,200692.89,0.2499
80243,3,0.27,137650.92,0.2444
80244,2,0.39,120511.2,0.2025
80245,1,3.69,94794.84,0.161
80246,2,2.94,118414.35,0.1934
80247,2,0.65,134967.92,0.1736
80248,1,1.01,100369.05,0.0735
80250,1,0.12,160533.66,0.0883
80251,1,0.35,186923.02,0.1056
80252,3,3.58,230001.54,0.2403
80272,2,0.13,215809.56,0.1841
80276,1,4.97,260102.24,0.1278
80277,1,1.6,251358.75,0.1412
80278,1,1.46,329549.51,0.1536
80288,4,0.71,226431.06,0.3358
80296,3,1.2,1429793.0,0.2622
80297,2,4.11,112895.44,0.2174
80313,3,5.65,96271.16,0.2793
80314,4,0.88,64012.3,0.3002
80316,4,1.38,77602.79,0.3188
80328,5,5.52,71948.86,0.3609
80332,7,1.56,62536.92,0.4153
80333,7,0.81,66450.16,0.4137
80369,8,30.0,240424.37,0.4453
80370,8,6.0,1387371.11,0.4516
80375,8,144.0,91682.48,0.452
80457,5,2.22,58231.52,0.3578
80458,6,1.76,1315888.69,0.3875
80463,5,0.52,116008.22,0.3604
80464,5,2.9,94047.16,0.3518
80465,4,7.26,115680.92,0.3306
80466,4,3.41,52878.74,0.3268
80467,5,1.27,71812.42,0.346
80872,3,1.78,201991.45,0.2497
80874,1,2.09,259457.28,0.092
80875,1,0.99,218654.24,0.1052
80876,2,2.03,178266.65,0.1829
80877,2,0.86,308261.17,0.225
80880,2,0.87,251740.19,0.2108
80886,2,0.88,209337.84,0.1736
80887,2,0.31,199673.79,0.1844
80889,1,0.59,232039.45,0.1573
80891,3,0.81,201408.19,0.262
80892,3,6.08,109836.66,0.2789
80893,2,0.39,90736.21,0.1722
80894,2,2.69,152371.81,0.1659
80895,2,0.07,153324.36,0.1767
80897,2,1.44,1458669.78,0.2081
80898,2,0.27,56479.96,0.1909
80899,2,2.52,60123.42,0.2033
80900,2,4.57,62429.08,0.1798
80925,4,0.38,217485.31,0.3235
80926,3,3.86,220565.94,0.2733
80927,3,0.76,117509.29,0.2461
80928,3,5.94,137357.19,0.2373
80930,2,1.5,125230.06,0.1848
80931,1,0.34,91263.06,0.1106
80935,2,2.01,92920.07,0.1816
80936,2,0.83,91124.52,0.2104
80937,1,1.08,247726.07,0.156
80938,1,0.17,243594.19,0.1156
80961,2,2.38,287384.9,0.1699
80972,4,0.77,480572.79,0.3356
80981,2,3.13,123463.74,0.1856
80982,2,0.59,108024.78,0.188
80983,2,0.8,145796.29,0.1705
80984,1,3.47,69663.89,0.1376
80985,1,2.02,101510.83,0.1331
80996,3,0.03,92747.41,0.2808
80997,3,1.07,100559.18,0.2724
80998,4,0.95,69151.85,0.2892
81000,5,2.57,1336797.95,0.3458
81002,4,1.32,98811.92,0.3076
81003,4,0.69,125310.46,0.3217
81004,5,1.71,150553.01,0.3478
81005,4,0.16,154570.27,0.3355
81006,4,1.21,301916.68,0.3239
81007,5,1.3,321237.47,0.3519
81008,5,1.23,308769.48,0.3798
81014,5,1.0,1321820.98,0.3783
81015,5,2.82,58005.59,0.3774
81016,5,2.28,26905.77,0.3816
81017,6,1.85,11832.12,0.3863
81058,8,6.0,2432371.18,0.4357
81059,9,72.0,157276.78,0.457
81061,8,120.0,121545.27,0.449
81062,7,108.0,127102.21,0.4311
81068,6,60.0,180824.67,0.401
81150,5,0.26,111573.33,0.3455
81212,5,54.0,103075.99,0.3477
81226,8,12.96,188727.58,0.443
81241,6,6.0,29061219.81,0.4052
81551,2,3.09,406530.86,0.199
81560,3,2.19,252039.1,0.2417
81561,1,2.47,249365.12,0.13
81565,3,1.35,264948.09,0.2286
81571,2,2.46,142104.36,0.1791
81572,2,4.91,139696.36,0.1952
81573,2,0.39,108491.03,0.1678
81574,1,2.88,103855.36,0.1355
81575,2,3.25,109924.01,0.1919
81576,3,5.79,110317.97,0.2452
81577,2,2.62,102843.89,0.1949
81578,4,0.41,155509.02,0.3029
81581,4,2.0,1462816.61,0.303
81582,3,2.1,74694.3,0.2287
81584,2,0.6,208231.46,0.1877
81596,3,1.58,1392622.54,0.2346
81598,1,3.53,41860.71,0.1634
81599,2,0.83,104826.86,0.189
81609,5,1.33,199087.25,0.3424
81610,4,2.47,133449.05,0.3075
81611,3,1.48,105228.49,0.2705
81612,3,0.37,98791.78,0.2411
81613,3,0.44,141046.42,0.2396
81614,2,0.38,134026.07,0.185
81615,2,1.14,73417.1,0.2138
81617,3,5.4,106292.14,0.2563
81618,2,3.81,112404.73,0.1965
81619,2,1.37,88772.13,0.2216
81620,2,1.97,86024.73,0.1812
81621,2,2.04,161902.17,0.2065
81622,1,0.73,235199.03,0.1526
81623,1,1.72,139149.78,0.1578
81625,1,2.81,300754.79,0.1437
81628,1,0.28,285670.52,0.13
81631,3,0.12,1392398.36,0.2357
81645,2,4.56,334299.14,0.1909
81646,2,2.97,330001.03,0.2118
81661,2,6.06,222504.84,0.2179
81666,2,2.04,80224.79,0.1801
81668,1,2.44,172984.21,0.1217
81669,1,2.44,169041.58,0.1275
81674,2,0.51,186553.48,0.2115
81678,3,2.87,92035.67,0.2475
81679,3,0.97,68691.66,0.2535
81680,4,2.06,113385.12,0.2877
81681,4,0.42,64247.57,0.3068
81682,4,1.0,103803.74,0.3195
81686,4,3.64,130783.22,0.3124
81687,4,0.44,120849.23,0.3178
81689,4,3.16,280351.99,0.3118
81691,5,0.54,239948.29,0.3817
81692,6,3.54,302825.25,0.3933
81700,5,1.33,79196.1,0.3654
81701,5,2.32,56885.66,0.3736
81708,5,0.36,79311.36,0.3767
81714,5,1.78,89461.4,0.3686
81715,5,0.22,59345.72,0.3429
81716,6,0.85,85343.88,0.3928
81717,6,0.43,86424.03,0.3842
81756,7,6.0,1685591.19,0.4253
81770,5,1.18,636247.52,0.3442
81820,5,0.88,88052.53,0.3721
81821,6,1.83,67151.39,0.3873
81917,5,6.0,2281379.3,0.3585
82241,1,0.92,211782.3,0.1363
82243,1,0.66,195351.41,0.1286
82244,1,0.46,164807.8,0.0955
82246,2,1.85,188065.93,0.1802
82248,3,1.93,161126.29,0.2322
82249,1,1.74,165121.47,0.154
82250,2,1.53,171564.68,0.1828
82254,1,1.82,189245.96,0.1605
82255,1,0.73,194383.67,0.1615
82256,2,1.25,136579.97,0.1895
82257,2,3.1,114310.37,0.2188
82258,2,2.23,92865.69,0.2133
82259,2,0.78,100683.26,0.1933
82260,3,0.55,162554.08,0.2585
82261,3,3.64,116604.22,0.2296
82262,3,1.89,134266.0,0.2492
82263,4,0.35,98438.4,0.31
82280,2,0.97,175553.33,0.198
82281,2,0.91,173368.27,0.1668
82282,1,3.96,29757.34,0.1528
82283,2,1.47,115112.88,0.1788
82286,2,1.16,135871.73,0.184
82292,3,3.45,134469.38,0.2304
82293,4,1.66,189392.07,0.3179
82294,4,1.29,155095.94,0.3173
82295,4,5.11,179897.19,0.3082
82296,3,3.92,82963.2,0.255
82299,3,0.64,131938.58,0.2635
82300,3,1.5,1420323.11,0.2438
82304,2,2.69,201213.83,0.1782
82305,2,1.38,211516.15,0.2006
82306,1,1.19,316052.07,0.1318
82307,2,1.08,203430.62,0.166
82316,3,1.64,1708049.6,0.2622
82329,1,3.08,356277.11,0.1535
82330,2,6.95,348489.76,0.1717
82348,1,0.98,178722.52,0.1642
82349,1,4.69,144998.5,0.1586
82350,1,3.14,101913.18,0.1596
82351,1,1.97,223791.0,0.152
82352,1,1.08,134881.18,0.1394
82353,1,1.57,211312.3,0.1386
82356,2,0.16,278223.05,0.2111
82358,3,1.08,121030.82,0.2308
82362,3,10.21,83857.13,0.2664
82363,3,2.66,79316.76,0.2504
82365,4,1.7,116873.45,0.331
82372,4,0.25,136442.06,0.297
82373,4,2.28,286489.75,0.2914
82377,3,0.91,342625.16,0.2729
82378,5,1.34,282199.52,0.357
82379,4,2.4,383559.43,0.3379
82380,6,0.2,417428.71,0.3825
82386,5,1.24,79383.61,0.3609
82390,4,1.89,2479.83,0.3142
82391,4,1.45,59461.92,0.333
82395,5,1.3,1312215.57,0.3668
82428,9,60.0,178272.53,0.4616
82429,9,60.0,170186.35,0.4642
82447,7,6.0,1635637.95,0.4185
82502,4,2.45,81648.24,0.3274
82503,4,5.21,44866.2,0.3188
82504,5,1.51,78925.6,0.3511
82505,5,2.21,36433.43,0.3729
82507,6,42.0,218160.59,0.4058
82524,7,108.0,107612.66,0.4186
82583,4,6.0,1578738.14,0.3071
82584,4,6.0,1466330.1,0.3213
82595,4,6.0,1521982.34,0.292
82602,8,6.0,1740933.17,0.4509
82609,5,6.0,28367669.22,0.3787
82610,7,6.0,3884849.56,0.4317
82611,8,6.0,2990414.79,0.4411
82922,3,4.0,1540194.53,0.2528
82927,1,0.3,235381.12,0.1044
82928,1,0.33,168694.63,0.1449
82929,1,2.58,146325.07,0.142
82930,2,1.0,184524.26,0.1908
82932,3,3.24,212596.63,0.2459
82933,2,0.52,152833.92,0.1764
82934,2,0.08,191329.79,0.1857
82935,2,1.0,220353.71,0.1789
82938,2,0.62,205780.44,0.182
82940,2,1.44,120176.26,0.1865
82941,2,3.93,112228.95,0.2226
82942,3,0.85,90029.72,0.2269
82943,1,0.81,102177.63,0.1644
82944,4,2.82,146260.07,0.2875
82945,2,2.07,164968.66,0.177
82947,3,2.4,110679.31,0.272
82960,2,0.55,1419146.31,0.1818
82964,2,5.31,148242.83,0.1949
82965,2,3.04,111552.88,0.1718
82966,1,2.33,34488.39,0.1543
82967,2,3.07,129255.92,0.1807
82972,2,0.7,106970.4,0.1807
82975,1,2.83,74906.95,0.161
82976,2,0.45,26282.61,0.189
82981,4,2.38,110525.97,0.2938
83000,3,2.21,182145.87,0.2579
83001,3,0.43,186910.89,0.2727
83007,4,48.0,331385.9,0.3185
83009,3,0.36,432166.84,0.2382
83010,3,1.58,409564.28,0.2616
83033,1,2.49,228747.69,0.1628
83034,1,1.8,212567.78,0.1501
83035,1,0.19,194212.69,0.1401
83036,1,3.68,120414.33,0.1356
83037,1,2.15,121542.33,0.1256
83039,1,0.39,340928.26,0.1278
83040,3,1.92,249675.88,0.2703
83042,3,2.46,190761.87,0.24
83046,3,1.01,89353.18,0.2737
83047,3,0.09,81576.46,0.2675
83048,3,1.53,76309.7,0.2729
83049,4,5.76,139845.57,0.3018
83053,6,2.4,1411429.09,0.3823
83060,4,2.3,346344.35,0.3072
83061,3,3.12,307840.42,0.2752
83062,5,3.52,253496.19,0.365
83063,5,4.73,360291.95,0.3757
83064,7,2.82,330919.89,0.4157
83065,6,2.14,427558.28,0.4052
83073,4,5.25,62495.15,0.3069
83074,4,2.22,38169.01,0.2992
83075,4,0.91,34953.86,0.3093
83076,4,0.06,70487.87,0.328
83086,6,0.18,182913.84,0.3856
83092,8,30.0,180616.73,0.4563
83093,9,60.0,94425.51,0.4571
83113,8,168.0,113511.11,0.4475
83114,8,36.0,213509.04,0.4544
83115,8,192.0,72887.89,0.4407
83116,8,78.0,158115.99,0.4475
83117,8,6.0,1475724.66,0.4528
83129,7,6.0,1702415.18,0.4137
83185,5,0.43,46840.25,0.3439
83186,4,2.62,65213.05,0.3286
83187,4,0.71,64484.81,0.3381
83188,4,3.87,72758.95,0.3294
83189,5,2.91,35941.98,0.3534
83191,6,36.0,203514.2,0.4058
83192,7,6.0,1364633.81,0.4124
83206,6,90.0,126007.05,0.4025
83208,7,60.0,136588.93,0.423
83209,7,78.0,143889.01,0.4202
83247,7,6.0,2397505.06,0.4128
83259,7,36.0,161471.02,0.4318
83260,6,42.0,150188.28,0.4067
83261,6,6.0,1325832.53,0.4083
83611,1,1.53,177937.99,0.0994
83619,2,0.72,127473.66,0.2053
83623,2,2.07,185072.28,0.1993
83624,2,3.65,120971.64,0.1732
83625,2,3.93,126792.46,0.221
83626,3,4.2,93880.19,0.2354
83627,2,1.43,118914.09,0.2221
83628,2,0.7,183482.53,0.218
83630,4,0.76,168773.09,0.2994
83633,2,1.8,1473937.93,0.2046
83640,2,1.95,1428534.2,0.2007
83650,2,1.76,19351.52,0.1674
83651,2,1.16,105227.56,0.194
83656,2,1.62,49033.9,0.2005
83658,3,0.09,1373353.97,0.2326
83659,2,4.39,29658.34,0.193
83660,2,3.97,16985.76,0.1972
83661,2,0.4,48562.1,0.2063
83663,4,1.92,159858.36,0.2888
83665,4,31.71,154103.4,0.3138
83666,3,17.67,111568.63,0.2765
83667,2,2.91,174074.59,0.2118
83668,2,0.09,102021.86,0.2127
83684,3,1.61,255658.47,0.259
83685,3,2.74,115563.78,0.2316
83691,4,108.0,301862.52,0.3075
83692,4,21.11,316874.03,0.3074
83715,1,0.15,179511.51,0.1536
83716,1,0.01,203754.92,0.1493
83719,1,1.47,1446349.78,0.1439
83720,1,3.99,83526.0,0.1241
83721,1,2.2,136562.07,0.1324
83725,6,3.52,179962.17,0.3962
83730,3,3.53,88079.39,0.2695
83731,3,3.09,49738.83,0.2712
83732,4,2.84,47231.04,0.2996
83742,4,1.25,206039.76,0.3313
83745,4,1.57,379330.69,0.3212
83746,5,3.5,311624.34,0.3783
83747,6,5.28,363375.06,0.4039
83748,7,4.37,427546.29,0.4118
83749,6,3.22,461125.8,0.393
83755,4,0.49,115008.69,0.3275
83757,4,1.01,193879.27,0.2989
83758,4,0.45,57088.56,0.3386
83759,5,2.08,72788.49,0.3516
83776,8,126.0,47206.61,0.4453
83777,9,120.0,61869.39,0.4589
83781,8,6.0,1356703.3,0.4565
83782,8,126.0,66770.44,0.441
83797,8,60.0,164849.79,0.4554
83798,8,156.0,96847.75,0.4403
83799,8,150.0,103477.7,0.4488
83800,8,150.0,115108.09,0.4432
83801,8,54.0,170432.69,0.4502
83859,7,6.0,1474473.15,0.4258
83868,6,1.21,98327.07,0.3934
83869,5,4.98,115371.6,0.358
83870,4,6.15,54886.73,0.3265
83871,4,1.24,83562.77,0.3332
83889,6,48.0,153263.13,0.3927
83890,6,180.0,76679.61,0.3903
83891,6,42.0,178246.31,0.4076
83893,7,54.0,157298.6,0.4132
83923,6,6.0,1414424.22,0.3928
83972,4,6.0,6444652.66,0.34
84294,1,0.71,355016.69,0.0929
84296,1,0.3,178854.02,0.1286
84300,2,2.14,136654.23,0.1883
84302,2,1.78,186287.27,0.2148
84303,2,3.54,112940.71,0.1963
84304,2,0.54,181314.72,0.1882
84307,2,6.44,179240.42,0.2198
84308,2,0.28,178376.97,0.2129
84309,3,4.1,168219.36,0.2327
84310,3,3.41,89342.01,0.2358
84311,3,5.36,162548.99,0.2555
84312,3,8.84,213809.11,0.2462
84314,4,2.63,159872.94,0.303
84315,3,1.79,153246.53,0.2687
84317,1,7.28,145172.71,0.1608
84318,2,4.44,143982.37,0.1795
84334,2,4.0,19876.55,0.1865
84335,2,1.78,72615.15,0.2046
84340,3,7.6,99164.47,0.2414
84341,3,0.77,41520.98,0.2266
84343,3,4.15,80740.6,0.2379
84344,2,4.1,29536.43,0.1879
84345,2,4.99,19603.78,0.1884
84346,2,2.54,48741.93,0.1856
84347,2,2.97,50304.32,0.2019
84348,3,1.67,67858.26,0.2471
84349,3,1.13,50070.4,0.2715
84350,3,2.45,104962.96,0.2821
84351,3,2.65,143183.74,0.2774
84352,3,2.79,117379.99,0.2618
84353,3,1.16,96331.49,0.2554
84354,3,2.15,162572.57,0.2663
84359,3,2.02,57597.1,0.2368
84360,3,1.59,114439.84,0.2632
84367,4,4.17,221520.05,0.2878
84368,3,1.07,79439.85,0.2452
84369,3,0.94,140049.54,0.2407
84372,3,2.73,194198.43,0.2461
84373,4,6.0,1468414.39,0.3194
84374,4,20.27,189016.7,0.3226
84375,4,101.35,187898.67,0.325
84376,4,51.73,170084.81,0.3078
84400,1,1.93,156109.53,0.1432
84405,1,5.82,1322513.69,0.1343
84409,6,1.67,52865.93,0.4031
84410,5,0.36,129491.08,0.3726
84415,4,2.11,45708.81,0.2853
84416,4,2.83,113792.67,0.3224
84421,5,2.19,150990.9,0.3761
84422,6,2.45,161888.17,0.3911
84426,4,0.18,276153.34,0.2924
84427,3,1.48,176499.59,0.2814
84429,5,0.27,1564574.85,0.343
84430,5,0.87,305559.22,0.3641
84431,7,0.97,340526.63,0.4205
84432,5,3.21,403314.91,0.3422
84433,5,1.79,502303.31,0.3494
84434,5,7.48,546876.57,0.3438
84442,5,1.42,93464.11,0.3806
84460,9,84.0,68569.51,0.4584
84482,8,180.0,98908.55,0.4428
84483,9,132.0,114288.56,0.4592
84486,9,6.0,1468959.67,0.4618
84504,6,6.0,2236369.58,0.4069
84527,5,0.11,116502.02,0.3422
84554,5,3.07,114757.36,0.348
84555,4,0.21,40647.56,0.3341
84573,6,60.0,140254.96,0.3979
84574,6,66.0,133996.96,0.396
84576,6,72.0,149671.58,0.4098
84577,7,54.0,143452.3,0.4201
84578,7,48.0,171019.03,0.4181
84655,5,6.0,2002898.8,0.3689
84659,6,6.0,4232533.69,0.3904
84979,1,1.03,197735.15,0.147
84982,1,4.51,256814.46,0.148
84983,1,0.68,181149.18,0.1122
84984,2,3.32,133986.96,0.1742
84985,1,0.37,129293.05,0.1522
84987,2,2.18,137957.86,0.2041
84988,3,0.6,194431.55,0.2614
84989,2,0.52,230439.7,0.1989
84990,3,2.46,196520.8,0.2307
84991,3,1.14,124671.02,0.2406
84992,3,0.46,173894.53,0.2427
84993,3,0.56,147854.8,0.2453
84994,3,3.66,194465.52,0.2518
84999,4,0.96,154489.3,0.3124
85017,2,2.14,113494.84,0.2089
85018,3,2.1,80126.74,0.2378
85022,2,1.35,335226.75,0.2008
85023,2,1.22,389121.44,0.2152
85025,3,1.77,107285.51,0.2434
85026,3,1.55,1401442.41,0.2808
85029,2,0.89,70314.72,0.1946
85030,2,3.91,19620.82,0.1878
85031,2,4.6,21119.97,0.1986
85032,3,4.11,24630.34,0.2407
85033,3,3.94,29153.0,0.2522
85034,3,5.48,53177.52,0.2662
85035,3,1.18,76040.37,0.2687
85036,4,38.69,83532.44,0.2984
85037,3,6.88,127257.23,0.2662
85038,3,0.08,263445.23,0.2821
85039,3,1.0,73314.72,0.2573
85040,3,2.69,74947.88,0.268
85041,3,2.7,107610.0,0.2643
85042,3,2.65,48685.98,0.2552
85043,3,4.27,24357.34,0.2512
85044,3,3.49,24290.09,0.2605
85045,4,2.08,114299.31,0.2885
85051,3,0.47,161765.14,0.2528
85052,3,3.66,82805.83,0.2355
85053,2,1.91,111214.87,0.2232
85058,4,52.5,163392.95,0.2977
85059,4,7.2,208893.85,0.3206
85061,2,2.75,190597.46,0.2224
85065,3,0.94,314804.31,0.2794
85085,1,0.06,112239.69,0.1271
85092,7,2.77,125301.09,0.4216
85093,6,4.39,42359.78,0.3848
85094,4,3.03,49121.5,0.2905
85099,4,1.96,99695.54,0.2964
85105,6,1.77,192590.68,0.3992
85106,6,0.16,116817.88,0.3974
85110,3,2.14,165298.64,0.2808
85111,3,5.46,131685.91,0.278
85113,4,3.0,1546587.31,0.3048
85114,5,2.36,289201.97,0.3718
85115,5,1.99,316780.77,0.3682
85116,5,0.56,396419.27,0.3637
85117,5,2.37,372665.03,0.3513
85118,4,1.57,500032.1,0.3176
85121,5,6.0,1351200.11,0.3715
85125,4,1.79,95330.13,0.3299
85136,5,1.0,1348815.25,0.3717
85139,6,1.66,8819.67,0.4106
85140,7,2.68,40214.99,0.4183
85141,7,2.22,53814.64,0.4117
85166,8,42.0,212504.74,0.4469
85167,8,162.0,99637.5,0.4533
85168,8,120.0,129525.23,0.4542
85206,5,0.99,103876.32,0.3465
85236,6,60.0,154965.75,0.4012
85238,4,3.43,79407.99,0.3399
85239,5,1.04,120537.69,0.341
85241,5,0.53,96641.56,0.3466
85246,5,6.0,1332342.27,0.3712
85256,6,48.0,139537.6,0.3912
85257,6,120.0,101287.6,0.3839
85261,6,48.0,165719.2,0.4095
85262,7,54.0,151723.9,0.4182
85303,5,6.0,1950790.42,0.3641
85324,4,6.0,1652640.41,0.2861
85332,4,6.0,1532255.5,0.2958
85350,7,2.07,508637.43,0.4279
85663,1,0.56,197996.48,0.1529
85664,2,0.62,183920.33,0.2112
85666,2,0.21,260582.58,0.1828
85667,1,10.59,242889.53,0.1255
85668,3,0.71,156113.51,0.2678
85669,3,2.91,156547.84,0.2488
85670,3,2.66,133070.11,0.2358
85671,3,3.78,110071.55,0.2712
85672,4,3.1,93213.91,0.3281
85673,3,1.94,117913.49,0.2392
85674,3,7.76,135218.43,0.2424
85675,3,1.79,111540.56,0.2313
85676,3,0.26,174794.99,0.2656
85677,3,0.22,178325.25,0.2629
85679,3,1.16,233155.88,0.2592
85680,3,0.31,175023.5,0.2418
85681,3,0.95,164475.42,0.2258
85685,4,0.09,1470417.16,0.2869
85694,2,0.73,134802.04,0.2031
85705,3,0.01,187459.09,0.2404
85706,3,5.51,152922.18,0.2582
85707,2,2.39,51458.13,0.215
85708,2,2.34,246037.36,0.1906
85713,3,5.02,179070.75,0.2305
85714,3,3.63,34455.25,0.2314
85715,2,4.33,22784.32,0.2217
85716,3,3.99,26839.62,0.2567
85717,3,4.22,20167.87,0.2737
85718,3,3.84,24389.49,0.2659
85719,3,3.57,37247.44,0.2808
85720,4,10.15,121715.22,0.2951
85721,3,1.5,246185.1,0.2491
85722,3,3.02,208003.52,0.2848
85723,3,5.03,94377.5,0.2701
85724,3,5.48,87483.61,0.2789
85725,3,3.04,61169.55,0.2637
85726,3,5.64,70273.84,0.2639
85727,3,5.1,56660.6,0.2618
85728,3,4.42,69899.57,0.2792
85729,3,0.21,94216.0,0.2695
85734,4,6.59,89714.73,0.3018
85735,3,2.61,84838.31,0.248
85736,3,2.73,176236.91,0.2303
85745,2,1.26,260562.21,0.2116
85746,2,1.09,333685.5,0.1938
85747,2,0.89,367454.64,0.1953
85770,2,1.09,129738.7,0.1831
85777,5,2.48,38531.51,0.3727
85778,3,1.94,140728.34,0.2728
85780,3,1.1,158572.2,0.2417
85781,3,0.51,125416.14,0.2804
85783,4,0.49,100012.63,0.3111
85789,6,1.42,129155.29,0.3972
85791,6,3.65,126615.1,0.3855
85797,4,4.86,269678.55,0.2873
85798,4,3.36,234525.58,0.3325
85799,6,1.62,301991.32,0.3902
85800,6,3.25,379569.12,0.3989
85801,4,4.26,441736.86,0.3081
85802,4,3.89,448010.11,0.3273
85811,6,1.74,74749.88,0.3819
85823,7,5.36,12509.71,0.4234
85824,7,5.44,20091.31,0.4257
85841,7,6.0,1410679.53,0.4273
85852,9,96.0,131497.93,0.459
85853,9,54.0,151543.61,0.4629
85882,7,6.0,1498462.74,0.4171
85890,5,0.99,161016.33,0.3515
85907,6,60.0,193125.32,0.4091
85921,5,1.21,100736.12,0.3796
85922,5,2.39,55250.66,0.3619
85923,4,0.38,38805.35,0.3302
85924,5,5.6,35762.53,0.3408
85925,5,0.36,24361.25,0.3473
85930,5,54.0,135094.21,0.3594
85931,5,162.0,71325.67,0.349
85939,6,60.0,135507.29,0.3852
85940,5,192.0,62372.63,0.3761
85941,6,54.0,141584.94,0.3977
85976,7,6.0,1460332.76,0.417
85990,5,6.0,1424216.05,0.354
86030,5,6.0,6850676.46,0.3791
86346,2,1.29,259077.15,0.1674
86348,2,5.54,145068.45,0.2232
86350,4,5.66,328176.47,0.2963
86352,2,1.64,228766.88,0.2057
86353,2,0.6,236661.42,0.2163
86354,2,1.89,165173.66,0.1876
86355,2,1.15,129589.39,0.1746
86356,4,3.88,189599.32,0.3028
86357,3,5.07,148235.86,0.248
86359,3,3.01,129822.53,0.2409
86360,3,4.6,129707.09,0.26
86361,3,0.25,173232.28,0.2627
86365,3,1.64,89843.32,0.2746
86366,3,3.36,170119.5,0.2703
86378,3,2.48,120827.71,0.2604
86383,2,2.65,115137.58,0.2086
86389,3,2.28,138131.89,0.2501
86390,3,0.19,116447.32,0.2466
86391,3,0.81,108646.24,0.2533
86398,3,3.86,15670.09,0.2738
86399,3,4.87,22110.75,0.252
86400,3,3.96,37718.87,0.243
86401,3,3.58,30859.38,0.2609
86402,3,4.98,15607.32,0.2721
86403,3,1.03,33441.83,0.2696
86408,3,1.45,177393.25,0.2819
86409,3,1.32,68043.78,0.2589
86410,3,3.14,46921.42,0.2554
86411,3,5.13,37572.02,0.272
86412,3,2.66,50472.71,0.2692
86413,3,4.91,145555.57,0.2604
86414,3,2.76,101838.27,0.2417
86415,2,3.0,126047.73,0.2238
86418,4,0.81,126356.13,0.2907
86430,2,2.16,307645.39,0.1768
86431,1,0.67,385803.75,0.1427
86457,3,0.55,141511.39,0.2605
86460,7,1.29,91130.94,0.4205
86463,3,3.62,128713.28,0.2575
86464,3,2.04,81323.78,0.2553
86465,3,1.38,41434.86,0.2689
86467,5,2.6,210804.35,0.3487
86471,7,1.29,1372531.98,0.4162
86474,5,2.52,108787.79,0.3661
86476,5,0.73,152178.75,0.3531
86477,4,1.68,110413.86,0.3203
86478,4,3.15,132109.98,0.3194
86479,3,0.45,113110.91,0.281
86481,3,2.49,220562.43,0.2834
86482,3,4.21,155011.89,0.2763
86483,5,3.73,163812.44,0.3758
86484,5,2.42,321824.35,0.3658
86485,5,0.04,508147.11,0.3518
86486,4,0.36,513856.29,0.2958
86493,5,2.51,62249.42,0.3771
86494,7,2.03,71153.43,0.413
86495,5,1.95,-8101.4,0.3754
86496,5,3.08,-9369.22,0.3794
86497,5,0.52,-642.78,0.3744
86498,6,0.34,25067.08,0.3965
86507,8,2.77,90052.33,0.4431
86508,7,1.14,93795.43,0.4172
86519,9,54.0,106599.4,0.4568
86527,8,6.0,1560289.78,0.4438
86536,8,48.0,179312.01,0.4552
86537,8,180.0,89627.15,0.4489
86542,8,36.0,258258.25,0.4529
86559,7,48.0,308604.31,0.4288
86606,5,1.28,85116.99,0.3722
86607,5,0.37,78243.04,0.347
86608,5,3.24,21710.46,0.3403
86609,5,1.29,63758.34,0.3453
86610,5,0.64,91341.17,0.3697
86616,5,42.0,169081.34,0.3699
86618,5,54.0,129249.62,0.3713
86619,5,60.0,134310.46,0.368
86623,6,54.0,151631.86,0.3826
86624,6,102.0,113383.23,0.3849
86662,9,6.0,1403931.56,0.4605
86714,6,6.0,2790659.92,0.4088
86715,6,6.0,3411017.28,0.4033
87028,1,0.69,255760.41,0.0808
87032,2,0.4,183407.15,0.2192
87033,3,0.56,214414.02,0.2401
87035,1,0.21,276687.85,0.1093
87036,1,3.29,252341.02,0.1432
87037,1,3.02,240432.34,0.15
87038,2,0.46,208070.05,0.1986
87039,1,2.04,144239.04,0.1214
87040,2,0.86,213889.48,0.1952
87041,2,1.28,131154.73,0.2182
87042,3,3.86,160318.41,0.242
87043,3,4.36,138722.57,0.2443
87044,3,1.41,161354.95,0.2415
87045,3,0.77,148055.75,0.2299
87046,3,0.41,151699.68,0.2444
87048,3,0.16,175249.16,0.2291
87049,3,1.69,121879.26,0.284
87052,2,1.37,148266.24,0.2006
87060,2,1.15,131999.04,0.1682
87061,2,2.62,73687.39,0.2237
87062,2,0.14,80333.46,0.2196
87067,2,2.13,90233.97,0.1815
87068,2,1.44,116753.4,0.1867
87082,4,3.06,93521.01,0.2858
87083,3,4.8,104593.56,0.2688
87084,3,2.53,40482.9,0.2434
87085,3,4.86,41141.49,0.2514
87086,3,3.27,15186.95,0.2799
87087,3,3.68,14298.43,0.2696
87088,3,0.47,54850.87,0.2808
87092,3,1.49,195343.14,0.2491
87093,3,6.29,124143.64,0.2495
87094,3,4.68,79411.22,0.2722
87095,4,4.8,78501.65,0.2894
87096,4,6.02,159927.88,0.2911
87099,3,6.31,102601.8,0.2355
87100,3,0.05,185328.83,0.2509
87106,4,4.09,269241.47,0.3009
87110,3,0.12,262506.11,0.249
87114,1,0.19,493720.98,0.1542
87115,1,0.16,468696.78,0.1412
87116,1,0.41,386833.86,0.1091
87137,1,1.18,74325.8,0.1615
87138,1,1.78,64421.13,0.1601
87139,2,2.07,89101.88,0.1868
87144,8,2.06,123535.82,0.437
87147,3,0.79,140103.1,0.2674
87148,4,2.21,69728.02,0.2982
87149,3,3.29,43579.5,0.2767
87150,4,0.47,96666.02,0.2918
87151,6,0.45,127013.97,0.3879
87157,6,4.04,106646.5,0.3931
87158,7,3.43,284921.18,0.4265
87160,5,0.72,123896.26,0.3472
87161,4,0.9,79859.35,0.3356
87162,5,2.84,150113.38,0.3422
87163,4,4.68,90190.11,0.2861
87164,3,3.06,67383.27,0.264
87165,3,1.36,98269.04,0.2791
87166,3,1.82,154934.72,0.2779
87167,4,2.17,206537.14,0.318
87168,4,1.71,363601.63,0.329
87169,5,0.11,320106.08,0.3581
87175,5,3.56,61553.24,0.3403
87176,5,1.03,67311.77,0.3532
87179,5,0.47,55566.58,0.3765
87180,6,3.91,51725.52,0.3954
87181,6,5.39,46233.34,0.3911
87182,5,2.24,23741.65,0.3679
87183,6,0.52,77125.18,0.3828
87199,8,6.0,1376207.21,0.4427
87202,8,156.0,58113.71,0.4418
87218,8,6.0,1437829.76,0.44
87219,8,6.0,1413184.96,0.4529
87221,8,108.0,121444.54,0.4505
87222,9,60.0,151545.84,0.4576
87228,9,24.0,351345.26,0.4591
87229,8,48.0,223990.44,0.4502
87231,8,6.0,1512769.61,0.4435
87241,7,54.0,216794.53,0.4249
87245,8,6.0,1541990.43,0.4365
87275,7,60.0,199843.1,0.4219
87290,5,1.63,83610.15,0.3436
87294,5,2.97,103426.21,0.3528
87300,5,72.0,127963.52,0.3794
87301,5,144.0,111500.21,0.3733
87302,5,204.0,69673.1,0.3664
87303,5,54.0,139808.54,0.3786
87345,6,108.0,132654.87,0.4059
87346,8,90.0,119802.99,0.441
87352,6,6.0,1355765.02,0.3996
87356,6,1.19,81776.4,0.3957
87357,6,4.46,61856.13,0.4071
87383,7,6.0,1758511.27,0.4257
87716,2,3.06,167999.52,0.2187
87720,2,1.44,304582.21,0.1962
87721,3,3.59,245565.81,0.2312
87723,1,3.46,138662.54,0.1371
87724,2,2.67,244699.12,0.2106
87725,2,1.89,202845.98,0.2088
87726,2,0.43,190774.5,0.2037
87727,2,3.63,119662.87,0.2015
87728,2,0.8,147496.88,0.1851
87732,3,1.37,191979.0,0.2304
87736,2,0.16,112128.56,0.182
87743,2,1.31,77635.65,0.1884
87744,1,0.92,82864.06,0.1385
87745,3,1.57,58279.81,0.2337
87751,2,1.67,222761.72,0.1899
87766,3,1.49,136829.51,0.2626
87767,3,0.25,214408.67,0.2393
87770,4,4.19,77344.85,0.292
87771,3,4.57,52578.16,0.2799
87772,3,2.57,123371.49,0.2783
87773,3,1.45,86392.9,0.2627
87774,4,1.29,129614.5,0.3051
87777,3,2.62,355937.98,0.2695
87778,3,1.79,198112.49,0.283
87779,3,1.24,237656.49,0.2843
87780,3,0.78,230594.07,0.2674
87781,3,0.47,319086.28,0.2593
87782,3,0.44,128286.19,0.276
87783,3,2.92,97152.06,0.2645
87784,2,2.25,112940.27,0.2253
87785,2,0.66,79981.02,0.2049
87786,3,9.44,110864.36,0.2397
87787,4,23.51,424609.82,0.2887
87788,4,23.04,268068.53,0.3093
87789,4,3.1,220644.95,0.3161
87790,3,2.65,248173.79,0.2468
87792,2,6.07,260700.43,0.1949
87793,2,0.11,217736.94,0.2105
87794,3,0.54,278074.78,0.2383
87795,3,0.37,617450.53,0.2382
87797,2,0.54,353693.59,0.2131
87798,1,2.62,408234.8,0.1588
87799,1,1.5,1743186.75,0.1086
87821,1,2.67,48242.81,0.1362
87822,1,3.83,24835.04,0.1373
87823,1,3.68,28139.21,0.1598
87824,2,1.96,107503.44,0.1662
87827,6,1.14,149778.53,0.3881
87832,4,0.6,136700.56,0.3372
87833,4,4.91,55298.95,0.3051
87834,4,2.79,61956.39,0.2863
87835,6,1.26,107849.9,0.3985
87836,6,1.0,147639.38,0.3942
87840,6,2.08,191022.77,0.3833
87841,5,1.18,111855.77,0.3719
87842,6,3.03,97485.92,0.3948
87845,4,1.64,100208.99,0.3278
87846,4,0.74,65559.63,0.3137
87847,4,1.32,104184.93,0.3176
87848,3,4.65,43206.24,0.2681
87849,3,1.13,111118.78,0.2649
87850,3,4.24,52648.96,0.2511
87851,3,3.96,112221.75,0.2788
87852,4,2.35,220227.99,0.3057
87853,4,0.38,290992.75,0.3237
87857,3,2.73,19928.73,0.2788
87858,4,1.88,6466.84,0.294
87859,4,1.95,29016.99,0.3192
87860,5,0.5,99758.81,0.357
87861,5,1.46,67833.14,0.3435
87862,4,0.71,31826.83,0.3252
87863,4,2.37,89411.17,0.3193
87864,4,1.51,36229.14,0.3181
87865,4,1.02,64718.11,0.3309
87866,4,3.11,61295.38,0.3258
87867,4,1.65,161734.87,0.3316
87885,9,6.0,1376093.29,0.4582
87903,8,78.0,201651.15,0.4484
87904,8,54.0,213599.63,0.4383
87905,8,54.0,165082.63,0.4395
87906,8,174.0,144162.65,0.4448
87907,9,60.0,245694.31,0.4571
87912,8,54.0,197666.04,0.445
87913,8,204.0,114005.26,0.436
87914,8,30.0,294384.63,0.4451
87923,8,72.0,207929.21,0.4413
87927,7,48.0,228075.61,0.4331
87928,7,126.0,182678.93,0.4344
87929,8,48.0,244131.61,0.4362
87957,7,60.0,209517.83,0.4161
87974,5,2.03,65322.79,0.3462
87975,5,3.0,1302310.1,0.3625
87977,5,0.62,103299.27,0.3428
87978,5,6.46,172258.74,0.3473
87985,6,96.0,131249.4,0.3847
87986,5,174.0,89520.19,0.3765
88030,7,108.0,103998.87,0.4344
88035,7,36.0,164610.17,0.4211
88036,6,72.0,97797.94,0.3994
88041,5,3.18,111270.55,0.363
88391,2,5.14,283001.13,0.1942
88395,1,0.6,199812.8,0.0536
88407,1,3.03,195152.79,0.1152
88408,2,1.28,206190.48,0.2178
88410,2,5.2,127461.0,0.1681
88411,2,1.78,98662.55,0.2169
88412,2,1.19,137879.33,0.1884
88413,1,1.18,187245.99,0.1504
88419,1,2.53,160823.57,0.1338
88420,2,0.98,136634.21,0.1854
88426,2,2.94,141452.11,0.2041
88427,2,2.76,100657.84,0.182
88428,1,1.0,154403.43,0.1365
88429,3,3.48,73309.43,0.2308
88430,2,0.37,235853.55,0.2249
88438,4,0.08,114973.14,0.287
88439,3,2.14,120216.82,0.2576
88441,2,0.52,211575.83,0.2044
88451,3,4.04,1374192.31,0.2454
88457,4,2.35,72931.57,0.2901
88458,4,2.89,68540.67,0.2987
88459,3,2.49,144966.39,0.2633
88463,4,18.55,212076.29,0.2931
88465,3,0.52,1382909.87,0.2768
88466,4,4.37,134451.13,0.2987
88467,3,3.15,88537.7,0.2766
88468,3,2.69,119227.0,0.2297
88469,2,4.08,157993.67,0.2037
88470,3,28.08,174256.58,0.2362
88471,5,14.97,128398.38,0.3605
88472,5,5.54,1428359.44,0.3472
88477,2,0.63,265794.49,0.1919
88478,2,4.5,206799.55,0.1914
88481,1,1.68,277173.91,0.1638
88482,2,0.83,309164.04,0.1699
88484,1,1.25,276898.17,0.1058
88504,1,1.65,110749.1,0.151
88505,1,3.2,30561.03,0.1489
88506,2,3.17,22321.53,0.1662
88507,2,4.46,28947.54,0.1976
88508,2,1.97,29419.76,0.2087
88509,2,5.85,47742.79,0.2044
88510,3,23.61,202160.08,0.2743
88511,4,5.76,1317154.84,0.3295
88516,5,1.73,70537.59,0.3514
88517,5,2.37,50576.82,0.3426
88518,4,5.37,39355.83,0.2937
88519,4,0.5,31402.36,0.3379
88520,7,0.33,68726.72,0.4207
88521,7,3.19,80314.46,0.417
88525,4,3.54,49030.12,0.3347
88526,4,5.21,40493.36,0.3193
88529,4,0.32,74062.65,0.3265
88530,4,6.96,40013.21,0.3163
88531,4,0.33,31381.59,0.3059
88532,3,2.75,55697.57,0.2823
88533,3,1.2,25406.66,0.2667
88534,3,1.4,89833.16,0.2838
88535,4,1.76,105372.41,0.2861
88536,4,1.67,134902.42,0.3322
88537,4,2.01,196929.13,0.3146
88541,4,4.95,86815.87,0.3127
88542,4,3.71,30059.37,0.3142
88543,4,3.33,18297.71,0.3369
88544,4,0.41,81391.37,0.3376
88545,4,0.86,48202.51,0.3283
88586,8,6.0,1526939.07,0.4416
88587,8,60.0,214314.45,0.4494
88588,8,6.0,1490031.04,0.4516
88590,8,60.0,237381.92,0.4493
88591,8,84.0,242174.92,0.4483
88593,8,6.0,1506392.24,0.4555
88595,8,60.0,221548.41,0.4517
88596,9,6.0,1485286.35,0.4639
88597,8,162.0,135208.5,0.4435
88599,8,6.0,1512669.29,0.4555
88602,8,6.0,1547742.71,0.446
88607,8,60.0,205232.25,0.437
88612,7,108.0,204763.07,0.4329
88613,7,120.0,189365.55,0.434
88637,6,60.0,274439.79,0.3998
88638,6,36.0,318862.08,0.3945
88641,7,6.0,1532996.6,0.419
88658,5,0.52,86808.51,0.3524
88667,6,6.0,1327586.77,0.3868
88668,5,132.0,102459.24,0.3695
88669,6,108.0,118808.53,0.3834
88670,5,108.0,111116.34,0.374
88709,6,6.0,1435140.74,0.3825
88714,7,114.0,93065.17,0.4299
88719,7,72.0,89700.68,0.4147
88734,5,60.0,129350.04,0.3668
88735,4,30.0,262517.84,0.3382
89076,2,0.57,233411.0,0.1712
89077,2,2.29,242720.69,0.1729
89079,1,2.14,211902.59,0.1547
89081,1,4.2,304884.41,0.0708
89084,1,0.57,248647.42,0.1565
89085,2,0.86,196072.82,0.2057
89086,3,3.91,190842.09,0.2354
89090,1,0.71,230248.24,0.1465
89091,2,3.06,242083.34,0.1728
89092,1,1.84,220151.94,0.1202
89093,2,1.55,188440.62,0.2138
89095,2,4.58,194820.61,0.1764
89096,2,0.8,109848.88,0.1922
89100,2,0.37,175602.31,0.1748
89102,1,0.38,206932.47,0.152
89104,2,2.31,148315.39,0.1899
89105,2,1.9,1499363.1,0.2023
89110,2,1.27,1470314.71,0.2234
89113,2,1.52,63397.52,0.1952
89114,2,0.43,114723.96,0.2029
89115,1,1.83,120028.03,0.1406
89116,1,0.66,125276.12,0.1282
89118,2,1.46,83005.73,0.1842
89119,2,1.87,45278.28,0.1713
89120,2,4.82,132618.07,0.1686
89125,2,0.39,110391.16,0.2014
89141,4,0.68,42256.02,0.313
89143,4,0.21,67316.27,0.2965
89144,4,2.93,143278.72,0.3086
89146,4,0.32,162081.55,0.2917
89149,3,1.12,89713.05,0.2786
89150,4,2.11,64162.9,0.3019
89151,3,3.44,179898.95,0.2591
89152,2,0.53,126911.71,0.2196
89153,3,0.36,52015.31,0.2704
89157,3,1.46,189945.17,0.2694
89158,3,2.3,174209.81,0.2558
89161,2,0.78,231117.15,0.2139
89162,2,0.86,1530353.55,0.1862
89163,2,1.35,239179.51,0.2244
89164,3,1.99,264182.47,0.2334
89165,2,0.08,219934.75,0.1892
89166,2,1.73,302406.48,0.1755
89188,2,2.67,87563.27,0.1861
89189,2,3.46,50395.19,0.17
89190,2,3.85,146198.25,0.2159
89191,3,2.19,63865.93,0.2363
89192,3,1.46,97662.2,0.2753
89193,4,2.27,112554.85,0.2851
89195,5,1.23,121069.01,0.3768
89200,5,2.43,140366.01,0.3751
89201,5,5.87,65568.24,0.3727
89202,5,13.51,88762.39,0.3567
89203,6,3.58,21484.71,0.3944
89204,8,0.34,45784.72,0.4411
89205,8,0.18,112813.17,0.4377
89206,7,1.39,112536.86,0.42
89208,5,1.03,43305.5,0.3747
89209,5,3.34,90322.56,0.366
89213,5,1.38,28427.78,0.361
89214,4,1.91,49784.48,0.3297
89215,4,6.62,48062.39,0.2984
89217,4,2.01,70595.19,0.3032
89218,3,3.42,62760.6,0.2734
89219,4,0.87,79839.6,0.2874
89220,5,0.92,148984.35,0.3504
89222,3,0.19,127699.67,0.2327
89227,5,4.04,146596.1,0.3524
89228,4,3.85,82379.41,0.3374
89229,5,3.77,19755.23,0.3488
89270,7,30.0,342054.82,0.4299
89271,7,72.0,235326.23,0.4187
89275,8,60.0,252148.97,0.4479
89276,9,6.0,1520241.75,0.468
89278,8,30.0,351748.38,0.4542
89279,8,114.0,202305.29,0.4417
89281,9,6.0,1468689.88,0.4636
89286,7,60.0,196142.23,0.4304
89292,8,6.0,1493383.66,0.437
89293,8,48.0,218218.57,0.4369
89297,8,60.0,193320.21,0.4399
89326,7,60.0,216685.0,0.4108
89352,5,120.0,112265.26,0.3726
89397,6,48.0,123766.73,0.4067
89398,7,90.0,88304.01,0.4232
89399,6,6.0,1350539.31,0.4024
89404,6,60.0,96829.59,0.3997
89763,1,3.67,220279.49,0.1299
89766,2,0.31,196107.08,0.1847
89771,3,2.34,179595.84,0.2341
89772,4,50.04,213339.89,0.3323
89773,2,15.54,230449.35,0.1818
89774,1,1.13,256638.99,0.1038
89775,1,1.75,204317.65,0.1134
89777,2,0.58,178820.15,0.1663
89778,2,2.61,185352.37,0.1782
89780,2,2.66,115656.66,0.1918
89782,3,2.4,247155.34,0.2562
89784,2,1.87,172298.5,0.1681
89786,2,0.28,166990.52,0.1917
89795,2,1.54,120835.09,0.1694
89796,1,2.32,147711.29,0.1383
89797,2,4.48,64967.91,0.1848
89798,1,3.4,59256.31,0.1524
89799,1,3.66,63138.52,0.1381
89800,1,1.4,63970.45,0.129
89802,2,3.74,70889.88,0.1855
89803,2,1.28,134987.6,0.2034
89804,3,2.94,125501.66,0.2646
89805,2,1.88,122768.76,0.2179
89809,3,0.21,133310.33,0.2316
89810,2,0.92,117342.27,0.223
89825,4,5.84,160503.37,0.329
89826,3,2.13,138595.86,0.2558
89827,3,1.93,59269.19,0.2546
89829,4,1.02,47061.15,0.3275
89830,3,2.86,106585.02,0.2421
89831,2,4.94,184161.53,0.2095
89832,2,0.58,125495.13,0.1653
89833,4,0.53,101895.49,0.3371
89834,4,1.31,31529.34,0.285
89835,2,0.48,110391.1,0.1857
89836,2,0.76,100139.2,0.2208
89837,3,1.17,64181.72,0.2781
89838,4,0.13,132279.44,0.3334
89839,4,3.06,144053.2,0.3244
89841,3,1.47,128930.25,0.2449
89842,2,0.83,128911.52,0.2081
89844,2,1.05,178115.08,0.2103
89846,1,1.8,282262.29,0.1608
89848,2,1.45,319185.16,0.2046
89849,2,1.56,212476.8,0.2044
89850,2,1.1,348815.94,0.1884
89851,3,4.71,478558.02,0.2272
89878,5,2.23,95211.58,0.3782
89879,5,3.35,144901.4,0.378
89883,4,1.56,158383.42,0.3246
89884,5,1.18,90598.21,0.3615
89885,6,16.83,72941.84,0.4035
89886,7,1.2,262593.31,0.4151
89887,8,1.64,114650.2,0.4492
89888,8,9.47,60179.58,0.44
89889,7,6.73,59523.33,0.4287
89890,8,8.9,80501.25,0.4355
89891,8,2.33,95182.96,0.4385
89892,6,3.5,87250.38,0.4
89895,5,1.66,106596.13,0.371
89896,5,0.51,27639.7,0.346
89897,5,3.35,45217.36,0.3415
89898,4,0.5,82043.95,0.3214
89899,4,1.16,89962.7,0.318
89900,5,0.99,85138.46,0.3521
89901,4,0.27,24304.95,0.3307
89902,4,2.26,58981.45,0.3082
89903,4,1.59,128023.4,0.3181
89904,4,2.59,97547.77,0.2972
89907,5,0.71,290654.65,0.3436
89908,4,2.06,55313.27,0.3372
89935,6,1.44,188129.1,0.3829
89961,8,30.0,393473.24,0.455
89970,8,6.0,1483260.6,0.4482
89977,7,108.0,180449.64,0.4249
89978,7,60.0,211427.46,0.4243
89979,7,48.0,206726.95,0.4269
89980,7,114.0,162620.92,0.4149
89981,7,162.0,146076.61,0.419
89982,7,60.0,215946.69,0.4285
90075,6,6.0,2861868.63,0.3997
90076,7,102.0,76842.49,0.4128
90104,4,1.42,157813.7,0.2899
90105,3,0.9,137808.89,0.2613
90444,3,3.98,240854.82,0.2439
90445,3,1.99,232786.2,0.2338
90446,1,0.42,392134.46,0.1029
90447,1,1.03,237150.03,0.1378
90448,1,0.54,242339.46,0.0606
90451,2,0.73,294778.1,0.2154
90459,1,1.48,173636.19,0.1134
90462,2,2.86,133985.01,0.2197
90463,2,1.94,142815.36,0.2231
90464,3,0.57,104313.72,0.2321
90467,2,1.28,170955.45,0.2117
90468,3,3.58,117482.96,0.2485
90470,2,1.58,1514571.25,0.1971
90479,2,3.23,150954.0,0.1686
90480,2,2.41,112837.95,0.1797
90482,1,1.13,135918.8,0.1446
90483,1,3.23,58971.21,0.1272
90484,1,2.48,67139.08,0.1319
90485,2,2.53,46594.05,0.168
90486,2,3.34,75524.02,0.1663
90493,2,1.31,103001.56,0.2242
90511,3,0.5,108677.27,0.2304
90512,4,0.62,79468.12,0.3012
90513,5,1.33,49826.34,0.3463
90514,4,1.51,101960.38,0.3005
90515,3,1.38,1391252.02,0.23
90516,3,0.93,105023.72,0.2316
90517,3,0.95,105302.58,0.2519
90518,2,4.27,106156.54,0.1993
90519,1,1.6,115810.78,0.1359
90520,2,3.76,147566.33,0.1748
90521,3,3.68,53034.25,0.271
90522,3,2.06,94472.29,0.2503
90523,3,0.46,145709.69,0.2646
90524,2,0.17,127330.04,0.2146
90525,2,0.65,131714.17,0.2047
90526,2,1.13,164954.92,0.206
90527,2,2.5,322842.39,0.1667
90533,2,2.3,284097.98,0.1793
90534,2,1.35,339759.72,0.2074
90544,2,0.74,206616.61,0.1882
90555,2,2.39,26364.26,0.2025
90556,3,4.31,76042.27,0.2412
90559,5,1.0,1367113.81,0.3602
90560,5,1.36,115512.44,0.3684
90561,6,2.7,86283.75,0.4047
90563,6,6.95,126591.0,0.3899
90566,5,1.7,106994.53,0.3446
90567,5,1.66,131429.9,0.3411
90568,5,1.75,129907.44,0.3687
90569,6,0.71,102547.21,0.3938
90570,7,2.15,43374.85,0.4118
90571,7,34.67,74609.82,0.4301
90572,8,88.65,95720.19,0.456
90573,8,47.87,64317.89,0.4462
90574,8,72.33,57619.25,0.4451
90575,8,24.71,97487.89,0.441
90577,6,1.11,79678.98,0.4017
90578,5,2.88,62222.8,0.3713
90579,5,2.2,27692.78,0.3535
90580,5,2.26,11238.55,0.3578
90583,6,0.46,73419.93,0.3988
90584,6,1.2,29084.13,0.3914
90585,5,7.11,41136.46,0.3485
90586,4,5.74,91712.01,0.3198
90591,5,2.3,100432.39,0.3525
90592,4,3.99,18489.47,0.3246
90644,9,6.0,1585636.21,0.4574
90645,8,60.0,287662.14,0.4497
90646,8,60.0,299109.67,0.447
90647,8,6.0,1593704.94,0.4558
90650,8,6.0,1700175.96,0.4457
90651,8,6.0,1525911.99,0.4513
90654,7,60.0,224873.99,0.4343
90655,7,162.0,171906.85,0.4308
90656,8,60.0,223743.93,0.446
90657,9,6.0,1546669.16,0.4576
90659,7,48.0,308907.53,0.4322
90660,8,60.0,274484.96,0.4357
90661,7,48.0,250575.41,0.4264
90662,7,138.0,194289.32,0.4137
90663,7,66.0,235899.2,0.4235
90664,7,48.0,242329.65,0.4262
90666,7,78.0,218049.19,0.4307
90667,7,54.0,234587.78,0.4202
90671,5,6.0,1508403.28,0.3684
90760,7,60.0,88041.7,0.4132
90761,6,30.0,178243.97,0.3942
90771,8,48.0,116120.62,0.4422
90790,3,1.67,237123.41,0.2445
90806,4,6.0,8579326.94,0.3197
91128,2,5.31,349696.65,0.2141
91129,1,6.56,354575.63,0.1406
91130,1,2.21,418182.2,0.1099
91134,2,3.23,268647.36,0.2057
91135,3,0.47,303156.62,0.228
91141,4,1.95,279714.39,0.2939
91142,2,2.18,204471.18,0.1676
91143,1,1.79,133164.37,0.1477
91144,2,1.99,118338.55,0.1983
91145,1,0.73,146933.19,0.1539
91146,1,4.81,124293.78,0.1514
91147,3,2.05,116076.39,0.2342
91148,3,2.52,167921.9,0.2523
91150,3,4.62,173611.48,0.2271
91151,3,0.35,315089.89,0.2833
91166,1,5.93,148720.08,0.156
91167,1,3.72,50417.91,0.1322
91168,1,3.88,48532.49,0.1506
91169,2,3.84,55491.99,0.1691
91170,1,0.95,120239.43,0.1358
91177,2,0.91,186357.64,0.2211
91189,4,1.0,1395378.61,0.3033
91195,3,2.82,121056.36,0.2407
91197,3,0.83,101631.84,0.2598
91199,3,4.35,109762.81,0.2641
91200,3,1.33,68468.4,0.2433
91201,1,0.77,55574.91,0.1473
91203,1,2.19,64398.59,0.1571
91204,3,0.24,102374.26,0.2298
91206,3,3.53,149135.89,0.2456
91207,2,1.68,87502.29,0.178
91208,2,3.38,92682.15,0.2078
91209,2,0.66,72631.38,0.2037
91213,2,3.2,243948.57,0.197
91214,1,2.48,275914.68,0.1607
91215,3,5.2,233023.01,0.2304
91216,3,0.29,305503.81,0.2312
91224,3,0.59,341382.37,0.248
91227,2,0.43,191505.83,0.1784
91228,2,1.67,166326.41,0.17
91239,3,3.84,109808.66,0.2328
91240,3,2.57,108717.4,0.2664
91243,5,0.09,63090.01,0.3613
91244,5,2.77,34158.79,0.3763
91245,6,4.36,68442.45,0.4076
91246,7,0.01,126534.66,0.4295
91250,5,2.67,132349.13,0.3449
91253,6,7.77,170645.51,0.3954
91254,5,0.61,102371.8,0.3784
91255,5,2.33,122597.73,0.3673
91256,6,33.07,101739.28,0.408
91257,7,63.01,70537.73,0.4336
91259,8,63.33,45066.33,0.4403
91260,8,34.8,116426.38,0.4461
91262,6,0.72,81067.22,0.3875
91263,6,1.41,87312.13,0.4032
91264,6,1.81,78974.36,0.3886
91265,6,0.64,74051.45,0.3891
91267,7,2.97,70091.31,0.4184
91268,7,0.62,66722.27,0.4148
91269,5,0.62,45408.55,0.3508
91270,5,0.36,65515.13,0.3426
91271,4,0.13,56748.05,0.3173
91276,5,0.7,50454.2,0.3433
91330,8,138.0,230620.21,0.4378
91331,8,48.0,345139.53,0.4453
91339,8,54.0,250623.67,0.4417
91340,8,84.0,228682.65,0.4407
91341,8,132.0,265925.05,0.4439
91347,7,6.0,1545984.21,0.4266
91370,6,6.0,1889162.53,0.4073
91371,6,6.0,1910836.2,0.4015
91455,8,54.0,113291.66,0.4368
91475,3,1.5,270619.0,0.2531
91813,2,1.82,236726.35,0.1777
91814,2,0.72,245163.47,0.2065
91815,2,1.85,131890.38,0.1688
91816,1,4.98,155265.74,0.1523
91817,1,1.81,250192.76,0.1114
91824,3,1.2,1568193.53,0.2494
91825,3,4.99,144055.06,0.2568
91826,2,1.04,204058.16,0.1966
91827,1,3.44,197380.36,0.1536
91828,2,2.74,136565.51,0.1978
91829,3,2.49,147946.72,0.237
91830,3,7.2,193012.23,0.248
91831,3,1.05,123946.95,0.2407
91832,2,0.39,174061.1,0.2059
91834,3,0.13,239472.97,0.2358
91835,2,0.15,187603.34,0.2199
91836,3,0.13,166660.02,0.2304
91838,1,1.31,162251.98,0.1517
91839,1,0.63,155950.61,0.1413
91849,2,1.21,1477965.61,0.1741
91850,2,0.09,82733.92,0.1715
91851,1,3.43,43423.49,0.1568
91852,2,3.42,45433.15,0.1843
91853,1,2.34,54030.04,0.1491
91854,1,1.64,105636.17,0.1536
91855,1,1.16,113415.35,0.1283
91856,1,0.45,139311.43,0.1152
91861,2,0.5,186153.51,0.2144
91881,2,0.15,83161.48,0.1887
91882,1,0.34,1380285.97,0.1452
91883,3,1.9,112060.55,0.2301
91884,2,2.45,39936.95,0.1839
91885,1,0.8,69820.19,0.1354
91886,1,1.15,63471.74,0.1419
91887,2,2.23,66669.15,0.1946
91889,2,8.59,234468.67,0.2237
91890,2,1.29,96680.07,0.2238
91891,1,2.89,134627.31,0.1424
91892,1,2.77,161356.77,0.1633
91893,2,1.41,121829.74,0.1886
91894,1,0.46,1476470.94,0.1413
91895,1,0.53,202005.76,0.1513
91898,1,1.01,356252.2,0.1452
91899,4,1.28,311817.87,0.3003
91902,1,1.23,253399.48,0.1376
91908,2,1.37,271783.83,0.2118
91909,1,2.3,220594.92,0.1598
91911,2,0.85,182645.6,0.1882
91912,2,4.03,159245.68,0.2063
91913,2,4.48,181522.31,0.224
91919,5,0.76,161060.47,0.3407
91926,6,3.88,1364263.2,0.3898
91927,5,1.92,86550.89,0.3642
91930,8,2.83,151451.39,0.4493
91931,8,0.35,155903.6,0.4346
91932,7,0.76,149095.45,0.4274
91934,5,1.29,1435548.72,0.3467
91942,5,0.63,109535.6,0.379
91943,7,2.13,137827.66,0.432
91944,8,36.0,113340.79,0.456
91948,7,0.6,123234.87,0.4132
91953,5,3.15,58484.69,0.3707
91954,4,3.46,-11286.08,0.3171
91955,4,1.53,14239.89,0.2942
91956,4,0.12,-19619.9,0.3201
91957,5,2.48,47344.6,0.3781
91958,5,1.09,64359.7,0.3693
91959,5,2.21,6469.19,0.3705
91995,9,120.0,95021.36,0.4661
92011,8,42.0,334832.39,0.4376
92012,8,114.0,269027.19,0.4376
92013,8,42.0,342459.48,0.438
92014,7,138.0,233510.77,0.4149
92019,8,126.0,267789.75,0.4378
92020,8,156.0,224711.28,0.4377
92021,8,6.0,1590003.14,0.4549
92024,8,72.0,296476.38,0.4458
92025,8,42.0,344833.35,0.4482
92033,7,6.0,1524052.25,0.4227
92035,7,168.0,138720.35,0.4199
92066,6,6.0,2928928.35,0.395
92139,8,24.0,261908.54,0.4428
92140,8,36.0,188294.19,0.4395
92145,8,30.0,222959.74,0.4565
92146,9,42.0,149871.53,0.459
92156,6,48.0,129950.23,0.3926
92159,3,2.02,258327.98,0.2703
92166,5,0.15,742335.3,0.3679
92498,2,1.02,226804.19,0.1663
92506,2,1.46,234655.96,0.1655
92509,3,1.32,194465.48,0.2727
92510,2,4.83,223624.11,0.2222
92511,3,1.86,185615.97,0.2534
92512,3,3.98,149355.78,0.2562
92513,2,2.83,121955.07,0.1855
92514,2,0.98,133990.16,0.1858
92515,2,1.0,190512.68,0.2037
92516,3,2.2,175963.74,0.2834
92517,4,0.02,172838.39,0.2947
92533,1,3.19,69218.79,0.1569
92534,2,3.38,51201.63,0.1762
92535,2,3.78,46459.62,0.1755
92536,2,4.17,44479.83,0.2206
92537,1,2.33,62899.01,0.1482
92538,2,3.21,111016.97,0.189
92539,1,3.57,117136.88,0.1501
92540,2,1.84,131346.15,0.1734
92541,1,2.4,47258.54,0.1475
92542,2,0.37,55026.58,0.1927
92545,2,1.27,117581.52,0.2136
92552,3,2.47,1415257.31,0.2552
92568,3,0.02,113467.45,0.2447
92570,2,3.21,99057.01,0.2191
92574,2,0.77,155407.27,0.1804
92575,1,2.66,135190.06,0.1487
92576,2,0.47,1420484.43,0.1992
92577,2,0.87,146295.05,0.1777
92579,2,1.76,180249.45,0.2176
92581,1,2.73,290803.37,0.1269
92582,1,10.54,203381.73,0.1286
92583,4,3.93,273937.84,0.3139
92592,3,0.15,245589.86,0.2494
92593,1,2.36,222096.74,0.1565
92594,2,2.85,154885.47,0.1751
92595,2,2.93,153960.14,0.2129
92596,2,2.39,168920.17,0.2175
92597,3,0.64,234205.32,0.233
92603,6,1.34,226402.48,0.4045
92616,4,0.15,1358823.89,0.3326
92617,8,2.0,139128.81,0.4425
92618,6,3.71,90215.45,0.3965
92619,4,1.85,169016.34,0.3157
92624,9,36.12,140312.03,0.4718
92625,8,0.77,121108.77,0.4423
92630,7,1.48,198712.51,0.4303
92631,8,1.5,1341749.29,0.4515
92638,4,3.18,61556.51,0.3363
92639,4,2.65,55746.47,0.3205
92640,5,2.38,4589.37,0.3405
92641,5,1.88,50884.34,0.3576
92661,9,6.0,1324303.69,0.4791
92678,8,54.0,124833.11,0.4503
92679,8,114.0,83653.22,0.4513
92696,7,168.0,240986.5,0.4317
92697,8,48.0,310257.35,0.4426
92698,7,54.0,284626.81,0.4342
92702,8,6.0,1585329.46,0.4364
92704,8,54.0,294075.98,0.4407
92706,8,6.0,1559376.27,0.4527
92709,7,54.0,291269.48,0.4318
92711,8,48.0,327024.06,0.4411
92716,6,54.0,255863.21,0.4104
92717,7,6.0,1484501.99,0.4257
92719,8,6.0,1454716.93,0.4385
92732,6,60.0,257583.99,0.4014
92733,7,30.0,461290.78,0.4181
92816,5,3.71,36446.03,0.3738
92861,7,6.0,3595703.21,0.428
93175,4,3.0,1651511.92,0.315
93180,1,1.18,223754.9,0.1368
93192,3,0.87,232222.14,0.2334
93193,2,0.48,213410.54,0.1953
93196,3,2.49,150755.26,0.2548
93197,1,5.25,140513.91,0.1613
93198,3,5.81,133417.49,0.2524
93217,2,1.87,58874.02,0.1777
93218,2,3.09,57757.17,0.1798
93219,2,3.67,120135.37,0.1849
93220,2,2.58,73236.06,0.2146
93221,2,2.11,117402.14,0.1694
93222,2,0.19,138346.92,0.1952
93223,2,2.32,125397.9,0.166
93224,2,3.96,49121.95,0.1665
93225,2,5.33,44298.82,0.1786
93226,2,4.97,45014.31,0.1713
93227,2,0.54,132326.8,0.1832
93245,3,1.08,102199.1,0.2357
93246,2,1.08,92016.83,0.2198
93247,3,0.57,162928.01,0.2593
93249,4,2.21,115163.16,0.3027
93257,1,0.01,121474.36,0.1509
93263,2,1.83,186718.49,0.2197
93266,2,0.37,313680.77,0.2229
93270,1,1.89,288321.77,0.1564
93276,2,0.71,179797.24,0.2002
93277,2,3.14,141733.2,0.1733
93278,2,3.3,92718.04,0.2017
93280,3,3.91,251874.82,0.2327
93282,2,0.01,227531.85,0.2243
93297,5,2.34,137393.5,0.355
93298,6,0.08,162954.72,0.4042
93301,6,4.02,94294.94,0.3951
93302,6,6.49,133602.82,0.3982
93307,10,37.19,127251.04,0.4874
93325,4,2.1,15957.97,0.3207
93347,6,0.22,72075.77,0.4042
93363,8,6.0,1375817.79,0.4518
93380,7,168.0,240063.37,0.4306
93381,8,54.0,302129.39,0.4434
93390,7,60.0,281711.81,0.426
93391,7,114.0,235672.51,0.4243
93393,8,6.0,1554917.83,0.4533
93394,8,54.0,273221.57,0.4438
93401,7,6.0,1503523.51,0.4282
93405,7,42.0,227752.43,0.4273
93435,7,6.0,4502232.01,0.4113
93499,4,2.76,5283.68,0.3292
93500,5,2.78,80.59,0.357
93519,8,36.0,129152.58,0.4413
93520,7,84.0,41430.4,0.4282
93529,2,1.15,371404.37,0.208
93864,1,1.73,214196.38,0.099
93867,1,0.82,253904.65,0.1511
93868,2,0.7,169920.48,0.1742
93874,1,2.22,288026.11,0.1623
93875,2,0.46,209752.83,0.1803
93876,3,2.62,215423.8,0.2336
93877,2,5.41,187321.86,0.1665
93878,2,0.39,188210.45,0.1663
93879,1,0.86,278850.4,0.1481
93880,3,2.85,161169.27,0.2294
93881,2,3.19,149560.46,0.2025
93892,1,0.54,165112.4,0.1396
93898,1,1.15,84134.26,0.1541
93899,2,1.22,109074.83,0.1902
93900,2,2.16,219674.09,0.193
93901,2,4.28,68189.37,0.1675
93902,1,4.15,59856.63,0.1583
93903,2,2.5,61966.28,0.2008
93904,2,1.22,60974.51,0.1915
93905,2,1.78,71689.8,0.215
93906,1,1.63,90480.81,0.1557
93907,1,2.35,80044.42,0.142
93908,2,3.79,55521.21,0.1749
93909,1,1.4,55689.19,0.1571
93910,1,4.08,51514.9,0.1247
93930,3,2.14,99972.67,0.2518
93931,3,3.77,66275.02,0.2735
93932,3,0.03,1384412.73,0.2555
93933,4,1.83,136386.43,0.3095
93938,1,5.95,1367268.58,0.1264
93939,1,4.67,79529.71,0.1152
93940,1,0.68,22131.02,0.162
93941,2,0.97,121581.13,0.1994
93942,2,0.59,170893.67,0.1788
93954,2,4.7,421027.53,0.2057
93955,2,1.12,203293.73,0.1691
93960,2,2.87,149395.54,0.2151
93961,2,0.94,75825.92,0.1872
93962,2,2.63,83270.26,0.2087
93966,3,2.42,112891.39,0.2353
93977,6,0.78,106560.24,0.4106
93978,5,0.19,35578.48,0.3588
93991,10,1.07,146435.96,0.4844
94000,8,1.88,112820.24,0.456
94001,9,1.06,84961.77,0.4709
94011,6,2.6,95368.09,0.3939
94012,6,0.91,-6531.61,0.4002
94025,7,0.64,73909.27,0.4202
94035,9,6.0,1333449.71,0.4795
94062,8,78.0,299700.36,0.4442
94063,8,102.0,277767.5,0.4362
94078,9,6.0,1518696.94,0.4579
94079,9,6.0,1522486.75,0.46
94109,6,6.0,2024085.36,0.4089
94182,4,2.68,17404.7,0.3175
94183,4,2.75,11743.93,0.3235
94184,4,1.7,20262.45,0.3371
94196,7,6.0,1378427.38,0.4154
94197,5,48.0,132404.99,0.3599
94213,3,0.81,326096.32,0.2491
94552,2,1.72,164230.88,0.1883
94556,3,6.0,2143001.65,0.2768
94559,2,1.42,204249.54,0.2115
94560,2,0.31,178821.79,0.2252
94561,3,0.26,242800.89,0.261
94562,2,3.11,334271.53,0.1981
94564,2,0.35,544196.75,0.2249
94565,3,5.7,210691.9,0.231
94566,2,2.62,154860.22,0.2041
94567,2,0.34,248364.8,0.1987
94573,2,1.51,152336.09,0.2164
94574,1,1.32,100881.13,0.1493
94575,2,2.12,122808.68,0.1678
94576,2,2.42,91330.16,0.1808
94577,2,0.42,164724.24,0.2089
94582,3,3.08,157828.46,0.2282
94583,2,3.27,71542.35,0.2165
94584,2,2.12,75243.5,0.1782
94585,2,2.89,75089.78,0.1707
94586,2,3.56,75907.68,0.1748
94587,2,5.44,67174.67,0.1663
94588,2,3.72,114062.49,0.1771
94589,2,0.85,228630.63,0.1961
94590,2,1.13,180974.48,0.1722
94591,1,3.78,109435.44,0.1629
94592,1,4.04,74509.79,0.1612
94593,1,2.66,53620.0,0.1325
94594,1,2.36,61010.21,0.1123
94613,3,0.19,75511.28,0.2377
94614,3,0.01,103771.32,0.2728
94616,3,0.38,165881.35,0.2722
94623,1,2.61,91149.68,0.1332
94624,2,5.25,103567.53,0.1771
94625,2,2.11,109473.04,0.1908
94626,2,1.83,139695.07,0.171
94644,2,3.16,222558.13,0.2251
94645,2,4.26,86747.94,0.2096
94647,2,0.04,79457.59,0.2041
94650,3,0.85,113359.55,0.2401
94654,8,0.83,93905.67,0.4466
94655,6,0.65,24129.52,0.3829
94656,4,0.05,75151.88,0.338
94662,5,2.8,103104.85,0.3654
94663,7,3.28,110549.34,0.4315
94664,6,1.62,160807.91,0.4092
94665,7,3.77,226331.46,0.4335
94673,5,2.18,91832.72,0.3596
94677,10,0.62,157188.72,0.4853
94679,8,0.36,153578.46,0.4379
94682,5,2.6,96255.89,0.3586
94683,5,0.53,45606.98,0.3542
94685,6,0.37,118443.45,0.4024
94694,6,1.7,66652.92,0.4089
94695,7,2.0,109162.62,0.4337
94696,8,2.0,92473.65,0.4391
94709,7,1.68,-362.25,0.4235
94710,8,0.05,36046.12,0.4365
94720,5,0.27,69227.45,0.3652
94721,5,0.98,74877.12,0.3752
94746,8,156.0,265271.72,0.4366
94747,8,54.0,313815.88,0.4471
94748,7,6.0,3089814.92,0.4166
94750,8,78.0,285288.31,0.4504
94763,8,72.0,253531.11,0.4412
94764,8,54.0,263610.71,0.4471
94770,7,6.0,1509015.94,0.4259
94771,7,6.0,1494199.83,0.4244
94786,6,108.0,193040.14,0.3974
94836,4,6.0,2962416.45,0.3376
94855,6,6.0,1443281.77,0.3947
94865,4,1.53,25408.55,0.3395
94866,4,2.62,9330.85,0.3207
94867,4,2.29,16369.47,0.3089
94890,6,24.0,237622.69,0.4033
94896,3,0.91,236296.92,0.2457
95236,1,0.33,207133.54,0.1597
95244,3,3.11,227880.33,0.2496
95245,3,1.74,163395.59,0.2788
95249,2,2.45,219477.98,0.2018
95250,3,0.66,129467.71,0.2295
95251,4,0.36,161818.74,0.3086
95252,1,0.34,333463.23,0.126
95254,2,0.5,1521238.73,0.1672
95257,1,2.1,118222.59,0.1525
95258,1,2.69,128869.67,0.1386
95259,1,0.11,157624.26,0.147
95260,1,1.84,106709.6,0.1441
95261,1,1.65,185437.59,0.1424
95267,3,3.48,142142.18,0.2492
95268,2,3.97,226423.32,0.1696
95269,1,1.25,99007.78,0.1549
95270,2,1.15,115093.71,0.1743
95271,1,1.22,110383.45,0.1527
95272,1,0.26,157908.12,0.1631
95275,2,3.54,138453.45,0.1685
95276,1,3.01,58361.07,0.1537
95277,1,3.97,107708.68,0.1338
95278,1,2.15,44043.85,0.1169
95281,1,0.55,102727.81,0.1245
95284,3,0.04,1435381.63,0.253
95296,2,2.19,118435.87,0.2148
95297,2,1.79,94523.71,0.2005
95299,4,0.02,166053.5,0.315
95300,3,0.36,114829.87,0.2696
95301,2,1.96,35621.25,0.1986
95302,2,0.07,91756.7,0.2129
95303,1,2.22,138430.05,0.1459
95304,1,0.89,23235.72,0.1311
95305,1,2.47,56506.02,0.1285
95306,1,0.96,13924.68,0.1335
95307,1,1.82,49530.74,0.148
95319,3,1.47,279953.17,0.2794
95325,4,1.08,240694.53,0.3102
95326,4,19.38,101512.14,0.3137
95328,3,3.81,65940.04,0.2278
95329,3,3.56,82359.2,0.226
95330,2,3.01,33697.36,0.221
95331,2,1.45,14386.18,0.2031
95333,3,1.93,212729.91,0.2427
95334,3,2.75,100727.9,0.2437
95339,6,5.33,50165.19,0.3849
95340,5,4.68,21181.5,0.3529
95341,5,2.6,11019.84,0.3511
95342,5,5.52,90216.31,0.3641
95348,3,0.24,144879.15,0.2616
95354,10,1.65,173753.96,0.4887
95355,8,3.88,22317.27,0.4423
95356,6,3.06,-347.07,0.41
95357,5,0.68,34140.3,0.3694
95363,8,2.56,87182.47,0.4484
95366,4,1.08,34939.54,0.3155
95367,4,3.28,-9110.71,0.3244
95369,4,0.74,225743.28,0.3234
95394,8,4.63,54624.31,0.4505
95412,8,120.0,53654.5,0.4547
95417,9,42.0,141522.18,0.4612
95418,9,72.0,106982.33,0.4716
95423,7,0.95,202662.32,0.423
95424,7,0.34,143847.88,0.4132
95434,8,72.0,291502.36,0.4498
95448,8,60.0,257602.57,0.4474
95449,8,90.0,256083.12,0.4444
95457,7,6.0,1465549.53,0.4281
95462,7,54.0,207594.94,0.4208
95548,4,1.38,25297.49,0.2859
95549,4,2.23,12686.83,0.3043
95550,4,3.49,3087.34,0.3149
95551,4,2.48,12428.32,0.3202
95552,4,2.4,16132.67,0.3181
95553,4,3.72,94906.95,0.3339
95580,4,2.83,275607.02,0.3145
95926,2,0.72,191188.73,0.2152
95928,3,3.77,255533.35,0.2758
95929,4,4.65,193026.65,0.2867
95930,3,2.94,223708.57,0.2465
95931,1,1.25,194635.89,0.1519
95932,1,3.49,216459.24,0.1463
95933,1,0.68,243342.08,0.1
95934,3,1.9,157655.13,0.2435
95935,2,3.76,137821.24,0.1903
95936,4,0.17,157553.63,0.2963
95941,1,0.74,175703.16,0.1575
95942,1,0.86,187016.02,0.1186
95944,1,3.09,94812.79,0.1255
95945,1,1.02,166214.5,0.1522
95950,2,2.88,97501.76,0.1678
95951,2,0.8,78116.27,0.2013
95952,2,1.02,96911.1,0.1854
95953,1,3.91,148093.61,0.1519
95954,1,2.35,130785.16,0.1496
95955,1,1.96,114585.04,0.1318
95956,1,0.93,89214.07,0.1483
95959,1,3.58,82839.0,0.1374
95960,1,1.0,60377.69,0.136
95961,1,2.85,103033.08,0.1256
95962,1,3.52,58273.96,0.1095
95963,1,0.42,113799.35,0.1244
95965,1,2.13,92267.91,0.137
95968,3,1.5,1438403.8,0.2373
95980,3,2.07,122304.35,0.2543
95981,2,1.49,103396.95,0.2157
95982,4,0.94,96063.39,0.324
95984,2,5.75,99031.88,0.1789
95985,2,3.96,72687.24,0.1906
95986,2,3.07,15983.63,0.1705
95987,1,4.45,89922.28,0.1334
95988,1,2.96,64205.72,0.1307
95989,1,4.01,70213.44,0.1261
95990,1,4.26,7625.64,0.1594
95991,2,0.5,31560.94,0.1933
96002,1,5.4,306788.69,0.1619
96003,4,2.43,205122.53,0.2961
96004,4,8.07,113622.53,0.3313
96010,5,5.92,1358491.02,0.3743
96011,4,22.32,72705.02,0.2964
96012,3,6.68,91742.97,0.2622
96013,3,6.41,61298.73,0.2521
96014,3,2.47,36302.25,0.2529
96015,2,3.58,45983.27,0.2206
96016,2,3.56,25924.32,0.2216
96022,5,0.65,46930.3,0.3577
96023,5,3.45,100693.15,0.3474
96024,5,1.35,89121.0,0.3457
96025,5,1.78,105490.93,0.3743
96026,5,1.93,55633.66,0.3587
96027,5,1.82,46976.03,0.3493
96028,4,2.03,39061.9,0.3344
96032,4,3.42,75023.0,0.314
96033,5,2.24,119821.15,0.3469
96039,8,1.85,65100.95,0.4557
96040,7,5.74,5183.01,0.4219
96041,6,34.37,18720.0,0.3827
96042,6,6.0,1340980.57,0.3949
96045,9,0.48,109793.34,0.4709
96046,10,1.62,82503.79,0.4972
96047,8,0.28,78846.02,0.4454
96048,5,1.31,93359.69,0.3594
96050,4,2.67,84167.48,0.2854
96051,4,4.69,51518.77,0.2958
96052,4,0.35,104118.67,0.3392
96095,8,54.0,81468.63,0.4559
96096,9,174.0,35771.94,0.4576
96118,8,60.0,267997.77,0.442
96122,7,198.0,156986.92,0.4238
96123,8,138.0,193268.96,0.4365
96130,8,126.0,220102.61,0.4374
96132,8,60.0,252025.78,0.444
96133,8,66.0,260770.93,0.4488
96142,7,6.0,1534675.3,0.4239
96147,7,6.0,1539348.0,0.4196
96157,6,60.0,216679.0,0.4028
96187,6,6.0,1854179.05,0.3921
96232,4,2.66,19730.69,0.2977
96233,4,2.18,20928.92,0.3137
96234,4,3.28,21748.35,0.3325
96235,4,2.83,8403.45,0.3141
96236,4,2.57,12043.43,0.2908
96237,4,2.94,116128.6,0.3166
96272,4,6.0,49505338.02,0.3308
96603,1,1.34,180083.38,0.114
96604,2,0.43,202809.33,0.167
96610,2,1.8,1564674.1,0.2007
96612,2,3.84,269085.06,0.2188
96613,3,3.26,349073.71,0.2263
96616,1,1.35,213920.8,0.1102
96617,2,1.52,217161.89,0.1852
96618,1,4.9,162692.72,0.1517
96619,2,5.09,189375.37,0.198
96620,3,2.19,157448.45,0.2601
96622,1,0.42,204668.67,0.1387
96623,1,4.08,141523.02,0.139
96624,2,1.29,93595.64,0.169
96625,2,0.11,122489.85,0.1826
96628,1,1.84,85848.69,0.1465
96629,2,1.55,1516111.27,0.1753
96633,1,1.41,160534.69,0.132
96634,1,2.86,76933.83,0.1509
96635,2,4.06,73681.55,0.1787
96636,2,3.73,88345.1,0.1719
96637,2,0.41,225171.04,0.1868
96639,1,1.76,129294.68,0.1371
96640,1,3.44,71599.86,0.1404
96641,1,0.7,107304.35,0.1049
96642,2,0.27,289606.18,0.2015
96644,1,2.45,52896.8,0.1439
96645,1,3.88,61523.92,0.1304
96646,1,4.48,138285.6,0.1167
96647,1,1.09,149117.5,0.1321
96649,2,0.49,134144.73,0.1669
96663,3,0.02,117654.75,0.2356
96665,3,1.8,109953.81,0.2715
96666,3,0.1,103088.96,0.2802
96668,2,0.01,166191.31,0.1813
96669,2,1.91,32825.57,0.187
96670,2,1.57,58241.21,0.1845
96673,1,2.1,76962.42,0.1247
96674,1,5.0,19857.05,0.1548
96675,2,4.66,85682.54,0.1864
96687,5,2.97,267390.29,0.3641
96690,2,0.29,234484.36,0.2044
96691,5,0.8,237269.73,0.3416
96693,4,1.44,162841.36,0.3151
96695,3,5.78,72055.33,0.2819
96696,4,3.07,73201.62,0.2866
96697,3,1.51,143447.36,0.2745
96698,3,0.78,118455.45,0.2813
96699,3,1.72,68573.37,0.2615
96700,2,3.36,45442.9,0.2249
96702,4,4.09,93586.73,0.3306
96703,3,1.06,41401.25,0.2848
96705,6,0.86,1376900.07,0.4098
96707,5,2.39,96037.96,0.3672
96708,5,1.44,22602.0,0.3529
96709,5,0.82,18487.62,0.3447
96710,5,3.99,59839.74,0.366
96711,5,4.03,52995.64,0.3639
96712,6,7.13,75639.3,0.3838
96713,6,0.98,1340537.09,0.3979
96715,6,0.01,99052.88,0.3927
96716,6,3.28,79036.07,0.3883
96717,6,1.81,68925.43,0.3937
96720,4,0.3,145849.94,0.3323
96721,4,0.01,114204.62,0.3181
96723,8,1.68,56592.59,0.4353
96724,9,3.13,10087.38,0.4706
96725,9,41.69,23751.65,0.4657
96729,10,0.93,157994.61,0.4817
96731,8,3.8,110654.04,0.4484
96734,4,6.12,31529.31,0.3239
96735,4,3.63,9424.85,0.3098
96769,9,30.0,161171.59,0.4778
96801,7,54.0,266115.11,0.423
96802,7,174.0,202992.67,0.4319
96814,8,60.0,251512.84,0.44
96816,8,6.0,1531107.5,0.4533
96819,8,54.0,258079.15,0.4396
96829,7,60.0,237088.48,0.4254
96851,7,6.0,2644773.54,0.4147
96879,6,72.0,127488.9,0.4049
96880,6,54.0,130355.39,0.3959
96918,4,0.23,82617.93,0.3062
96919,4,4.98,30495.87,0.3076
96920,4,7.49,94596.23,0.2912
96955,4,6.0,10945123.62,0.3181
97287,1,8.89,314610.66,0.1088
97295,2,0.35,241187.98,0.2003
97296,3,1.42,222388.81,0.2392
97298,3,0.29,213605.92,0.2738
97299,2,0.75,191001.11,0.1656
97301,1,0.26,266753.18,0.1227
97302,3,2.1,169924.21,0.2584
97303,2,0.45,225467.56,0.1866
97304,3,0.52,208715.16,0.2309
97305,4,2.8,163429.76,0.2863
97307,1,2.23,176807.5,0.1338
97308,1,3.75,170478.73,0.1416
97312,2,4.77,172315.63,0.2205
97316,1,0.87,157527.99,0.142
97317,1,1.24,76489.5,0.1445
97319,2,4.13,74036.98,0.1915
97320,2,1.2,148051.52,0.167
97322,1,0.42,154094.34,0.1437
97324,1,4.15,87308.69,0.1541
97325,1,1.02,63981.92,0.1192
97327,1,3.33,94358.24,0.1361
97328,1,3.89,122530.15,0.1292
97329,2,0.94,144087.88,0.1676
97330,1,0.46,140810.72,0.1493
97345,3,3.25,133138.96,0.2572
97346,4,0.96,99387.97,0.2873
97347,2,1.22,118247.11,0.1993
97348,4,0.23,91675.46,0.3164
97349,2,0.04,111592.08,0.2227
97350,3,0.47,61887.62,0.2323
97351,1,1.32,1387130.89,0.1506
97352,2,1.36,96993.66,0.1738
97353,2,2.6,61777.96,0.1722
97354,2,4.03,26493.85,0.1727
97355,2,2.6,224216.06,0.1792
97356,1,0.92,75863.23,0.1544
97357,1,1.1,31112.0,0.1441
97358,2,3.75,36753.39,0.1707
97359,2,0.19,116827.39,0.1938
97368,2,1.78,430285.38,0.1974
97370,4,0.75,288958.47,0.2863
97374,2,0.81,134246.63,0.1958
97379,3,3.58,148296.91,0.2741
97380,3,3.49,82288.97,0.2667
97381,3,2.82,167359.02,0.2814
97382,3,3.76,76838.17,0.2662
97383,3,2.94,78428.68,0.2613
97384,3,1.32,103870.03,0.2518
97386,5,1.06,109438.1,0.3637
97387,3,2.75,101224.09,0.2772
97388,3,4.01,28998.39,0.251
97389,5,1.44,96137.48,0.3439
97390,4,0.83,99601.76,0.3253
97391,5,0.01,115457.53,0.3533
97392,7,0.41,109191.15,0.4171
97394,4,1.91,23098.94,0.3397
97396,8,0.33,101676.84,0.4388
97397,7,0.5,10629.31,0.4244
97399,6,0.55,38358.09,0.4032
97401,6,1.84,160801.33,0.4056
97402,7,2.96,113187.8,0.4149
97403,5,0.26,82207.47,0.3714
97404,5,3.71,166186.3,0.361
97407,8,41.12,32335.79,0.4444
97408,7,10.46,6365.6,0.4239
97409,8,49.6,7240.55,0.4453
97412,10,0.78,101789.74,0.4875
97413,8,1.05,115582.83,0.4521
97415,8,1.56,50747.32,0.4454
97416,4,2.24,16603.81,0.3012
97418,4,4.2,85049.94,0.3021
97419,5,1.47,83313.65,0.3571
97423,5,1.2,1334240.25,0.3447
97475,9,102.0,174966.6,0.462
97476,8,102.0,181490.04,0.4548
97484,7,54.0,255907.21,0.4261
97485,7,90.0,246146.32,0.4268
97486,7,84.0,248643.84,0.4314
97487,8,138.0,212904.16,0.4384
97494,7,114.0,251462.59,0.4342
97495,8,48.0,294955.75,0.4358
97498,8,6.0,1523755.43,0.4427
97502,7,6.0,2016136.34,0.4336
97503,7,144.0,219919.41,0.4305
97564,6,48.0,139974.68,0.3934
97623,6,6.0,1311439.52,0.389
97624,6,60.0,80770.62,0.3974
97979,3,1.68,312136.4,0.2342
97980,2,0.66,247178.67,0.174
97981,2,2.7,247772.0,0.1873
97982,3,7.38,227740.5,0.2587
97983,3,1.31,215322.2,0.2395
97984,4,1.69,174818.09,0.3048
97985,1,0.66,239451.18,0.1468
97986,2,3.17,237863.53,0.2218
97987,2,1.75,231981.83,0.2248
97988,2,4.84,178502.31,0.1988
97990,2,0.33,219473.95,0.206
97999,1,1.73,151085.61,0.118
98000,1,3.51,90122.31,0.128
98001,2,2.83,80699.85,0.1852
98002,2,0.98,99374.16,0.1728
98003,1,4.33,86204.69,0.1622
98004,1,0.14,156755.8,0.1105
98005,1,0.31,199149.05,0.1579
98006,1,2.99,73973.21,0.1177
98007,1,0.61,87151.67,0.1072
98008,1,1.87,221772.13,0.1303
98009,1,3.49,100471.88,0.13
98010,1,4.77,147232.39,0.1508
98011,1,3.34,52901.97,0.119
98012,1,1.09,78540.06,0.1103
98013,1,2.12,86265.92,0.1474
98014,1,1.63,147078.97,0.1469
98015,1,0.15,123307.77,0.1108
98030,2,0.61,100359.0,0.1733
98031,2,1.04,112675.33,0.2182
98033,3,2.46,112832.93,0.2619
98034,3,0.42,103008.9,0.2813
98036,1,0.17,1378259.67,0.1539
98037,1,2.75,63580.04,0.1586
98038,2,0.04,97439.23,0.1843
98040,2,2.24,31666.65,0.1702
98041,2,1.72,199553.0,0.174
98053,1,0.7,354319.24,0.1294
98054,4,1.53,343377.07,0.2998
98058,3,3.52,161210.98,0.253
98059,5,5.6,166349.6,0.3478
98061,4,3.4,239017.91,0.3087
98062,4,1.55,247494.65,0.2977
98063,4,1.91,169734.02,0.2879
98064,3,2.71,158287.09,0.2705
98065,4,1.51,259261.67,0.3109
98066,3,0.9,1413604.91,0.279
98067,3,1.47,157838.56,0.2597
98068,3,3.38,93033.96,0.2562
98069,4,0.92,120151.84,0.2875
98072,3,1.64,106012.35,0.2464
98073,4,1.22,42911.86,0.319
98074,5,1.73,89241.24,0.3578
98075,5,0.98,66257.44,0.3448
98076,6,2.18,81056.28,0.3975
98077,6,1.73,35966.01,0.3843
98078,6,0.88,96589.03,0.4049
98083,8,3.27,74318.7,0.4349
98084,9,6.29,96002.05,0.4662
98085,10,3.84,228933.72,0.4986
98086,6,2.7,155147.26,0.3972
98087,6,1.98,90034.84,0.3919
98091,9,18.0,324581.08,0.4748
98092,8,17.37,94883.57,0.4363
98093,7,4.26,44421.01,0.4292
98095,7,51.08,35273.87,0.423
98096,8,14.34,31360.31,0.4458
98099,8,2.5,47686.92,0.4431
98100,5,3.74,-3105.2,0.3473
98101,5,0.83,147838.53,0.341
98102,6,1.16,306704.56,0.3933
98150,9,60.0,113508.29,0.4708
98151,10,6.0,1395336.68,0.4854
98152,9,6.0,1408243.79,0.4701
98156,9,144.0,116426.45,0.4638
98157,9,54.0,178211.35,0.4643
98158,9,6.0,1476548.75,0.4595
98160,9,6.0,1493547.47,0.4771
98169,8,90.0,243068.68,0.4429
98170,8,78.0,257040.25,0.4468
98171,7,126.0,216331.91,0.4307
98172,7,6.0,1584875.1,0.4287
98178,8,60.0,274394.74,0.4411
98179,8,24.0,418097.48,0.4441
98180,7,54.0,302544.12,0.4318
98184,8,96.0,268383.06,0.4469
98254,5,6.0,2587464.17,0.3547
98255,6,6.0,2815609.32,0.3826
98655,1,0.46,217610.17,0.118
98656,2,0.42,207739.47,0.1983
98664,2,0.72,255070.82,0.168
98665,1,0.34,232160.98,0.1421
98666,2,3.77,218297.12,0.2189
98667,2,3.36,189775.28,0.2243
98668,3,4.54,180269.56,0.2585
98669,4,3.37,205648.03,0.3117
98670,1,4.47,257025.75,0.1433
98671,2,1.93,256107.39,0.1831
98672,2,4.17,360166.33,0.2137
98673,2,1.46,189785.6,0.1964
98674,3,4.3,262036.79,0.2283
98676,2,2.0,1605271.44,0.1946
98680,1,1.52,148901.25,0.1541
98681,2,2.07,80737.71,0.2132
98682,2,1.88,70213.16,0.1966
98683,1,3.54,73311.48,0.1172
98684,1,2.38,75051.7,0.1632
98685,2,4.5,69683.52,0.1672
98686,1,0.89,155098.61,0.1359
98687,1,2.14,107338.06,0.1335
98688,1,1.56,80531.85,0.1457
98690,1,5.06,71918.87,0.111
98691,1,2.49,109085.75,0.1117
98692,1,2.59,112771.55,0.1233
98693,1,0.89,221965.28,0.1182
98694,1,1.11,123817.97,0.1328
98695,1,3.33,110788.51,0.1154
98696,1,1.74,71770.25,0.1212
98697,1,2.56,86221.08,0.141
98700,1,0.32,160763.09,0.1449
98714,1,1.28,58866.79,0.1525
98715,2,0.76,72877.73,0.1867
98717,3,0.24,64379.07,0.2558
98718,2,1.75,78259.49,0.1663
98719,1,2.42,97373.01,0.1564
98720,1,2.76,39797.49,0.1346
98721,2,3.73,99625.99,0.1728
98722,2,0.55,198104.5,0.1824
98724,2,2.01,106440.7,0.1924
98727,2,0.57,91902.46,0.1843
98737,1,4.25,391962.4,0.118
98742,3,1.74,256184.27,0.2396
98743,4,36.46,186353.21,0.3333
98744,4,7.89,261252.2,0.3133
98745,4,1.88,225954.6,0.3191
98746,5,0.75,1580424.84,0.3521
98747,3,6.39,217702.68,0.27
98748,3,3.8,173643.1,0.2566
98750,3,1.1,110358.58,0.2612
98754,3,0.79,115281.08,0.2767
98755,4,0.33,83876.43,0.3203
98756,4,0.65,59920.47,0.3235
98757,5,2.6,30166.77,0.3475
98758,5,0.43,30382.43,0.3647
98759,5,1.93,66488.1,0.3409
98761,7,0.56,105782.64,0.4299
98762,8,2.45,80260.72,0.4385
98767,9,1.66,77362.3,0.4706
98768,10,2.4,58439.29,0.4886
98769,9,1.4,20207.98,0.4781
98770,8,4.62,22185.75,0.445
98771,6,0.56,42783.35,0.3975
98772,6,0.68,140119.76,0.3972
98773,7,1.6,103034.5,0.4142
98776,10,5.52,1304947.01,0.4947
98777,8,3.07,83594.32,0.4423
98778,7,4.51,109488.62,0.4333
98779,7,2.37,29894.03,0.4179
98780,9,0.07,119100.54,0.4605
98782,10,5.55,90514.49,0.51
98783,8,4.59,58758.39,0.4523
98784,6,4.04,45591.35,0.4037
98785,9,0.41,84677.12,0.4769
98813,8,6.0,1323731.16,0.4551
98835,9,102.0,98498.65,0.4671
98836,9,60.0,123366.74,0.4692
98840,9,120.0,131248.82,0.4686
98841,8,162.0,120523.64,0.4558
98853,8,60.0,254402.49,0.4516
98857,8,90.0,265511.51,0.4403
98861,7,48.0,306004.32,0.4204
98862,7,60.0,321899.16,0.4336
98864,8,48.0,330763.89,0.4384
98865,8,48.0,303500.89,0.435
98866,7,6.0,1525284.69,0.4286
98868,8,60.0,204237.05,0.4423
98869,8,54.0,230048.87,0.4375
98872,7,108.0,399600.98,0.4294
98873,7,66.0,391898.2,0.433
98874,7,132.0,408317.71,0.4277
98875,8,6.0,1729623.48,0.4368
98907,4,6.0,12296952.34,0.3382
98942,6,6.0,3193719.71,0.4045
98951,5,6.0,4129386.04,0.3659
99334,1,7.7,269858.19,0.1265
99335,2,1.91,167819.83,0.189
99336,1,4.15,256858.23,0.1509
99339,2,1.12,199042.04,0.2056
99340,2,0.23,203329.02,0.2024
99348,1,1.43,278615.51,0.1441
99349,1,0.7,256174.48,0.1587
99351,2,1.78,212195.93,0.1906
99354,4,3.8,161775.13,0.3117
99355,1,1.63,319165.36,0.1475
99356,1,1.53,1649305.14,0.1593
99360,2,0.05,231685.38,0.2146
99363,1,2.48,171963.96,0.1586
99364,1,2.55,87006.2,0.1561
99365,2,3.72,79375.49,0.2121
99366,2,3.35,75072.57,0.1805
99367,1,3.16,83917.37,0.1368
99368,2,2.66,76377.93,0.1889
99369,1,1.64,161615.93,0.1567
99371,1,4.0,111430.66,0.139
99372,1,3.14,77102.1,0.1188
99373,1,2.12,77990.21,0.1574
99374,1,2.51,73944.86,0.0979
99375,1,2.59,103829.66,0.1566
99376,1,1.15,98863.09,0.1517
99377,1,2.65,70930.18,0.1646
99378,2,2.94,103601.15,0.1683
99379,2,0.3,147281.11,0.2045
99380,1,2.17,74925.82,0.119
99381,1,2.26,113665.83,0.1386
99383,3,0.78,178532.91,0.2325
99385,1,0.67,135775.47,0.1101
99397,2,0.43,121550.54,0.2071
99398,1,2.69,117378.06,0.1478
99399,2,2.84,121240.62,0.1652
99400,1,3.24,49786.16,0.1591
99401,2,1.6,109521.22,0.1968
99402,2,1.04,102026.98,0.2223
99404,1,3.81,83179.37,0.1531
99405,1,1.82,109870.14,0.1579
99406,2,1.14,100664.12,0.1858
99411,1,3.26,112050.98,0.1569
99412,2,2.03,147756.93,0.1813
99426,3,1.78,295770.45,0.2723
99427,4,0.8,169807.74,0.3133
99428,4,3.3,154982.55,0.32
99429,5,36.71,171000.38,0.3524
99431,3,0.97,217753.83,0.2645
99432,3,2.69,195332.4,0.2673
99433,3,3.22,106120.38,0.2823
99434,3,4.02,83451.62,0.2499
99435,3,5.08,154700.47,0.2512
99438,3,1.27,115457.61,0.2596
99439,5,1.32,128383.7,0.3649
99440,4,2.12,42280.07,0.3219
99441,4,2.53,41106.81,0.3292
99442,5,5.24,43044.71,0.3596
99443,5,1.11,28400.74,0.3703
99444,5,3.75,36657.74,0.345
99445,6,16.59,73628.12,0.3986
99446,6,3.31,83191.12,0.4093
99448,5,2.07,80086.87,0.3472
99449,5,0.75,39849.59,0.3631
99451,8,7.26,73374.47,0.4487
99452,10,2.69,98852.05,0.4963
99453,6,3.24,10448.12,0.4005
99454,7,3.97,35806.02,0.4109
99455,8,1.48,162057.35,0.4373
99460,10,20.45,114249.37,0.525
99461,10,35.73,95405.41,0.4936
99462,8,19.61,36935.99,0.4408
99463,8,2.26,39296.31,0.4367
99466,10,4.33,155850.32,0.5009
99467,9,2.66,16762.63,0.4704
99468,9,2.96,1389.57,0.4803
99469,10,1.26,90528.22,0.4965
99478,4,6.0,1734661.27,0.3111
99516,9,6.0,1394095.31,0.4723
99517,9,168.0,60334.9,0.4634
99518,9,138.0,84637.52,0.4602
99519,9,6.0,1389281.59,0.467
99523,8,6.0,2011308.76,0.4374
99524,10,6.0,1429444.54,0.4819
99540,8,24.0,429672.9,0.452
99541,8,42.0,332343.28,0.4399
99545,7,48.0,323439.4,0.4296
99546,7,168.0,269312.16,0.4121
99547,7,60.0,324495.66,0.4298
99551,7,6.0,1563786.16,0.4334
99552,8,6.0,1520235.49,0.4497
99553,8,60.0,246728.0,0.4386
99584,7,60.0,364820.64,0.4111
99593,5,6.0,20228963.82,0.3582
99617,5,6.0,2111395.51,0.3768
99618,6,6.0,1856501.93,0.3872
99624,6,6.0,1412258.71,0.3935
99626,6,6.0,1935460.77,0.3949
99628,6,6.0,1710093.46,0.4069
99641,4,1.54,123186.3,0.3058
100018,2,1.84,268356.16,0.2097
100019,2,2.69,172763.02,0.2065
100023,3,2.1,190369.4,0.2624
100034,1,0.91,230680.6,0.1277
100035,2,7.57,206707.24,0.171
100036,2,4.37,186230.79,0.2034
100037,3,6.74,227759.53,0.2413
100038,4,2.08,148092.9,0.3143
100039,4,0.23,251082.76,0.3104
100040,2,0.67,198010.44,0.1745
100041,3,0.76,196142.25,0.2491
100044,2,0.32,250524.03,0.2127
100047,1,1.81,177836.19,0.1561
100048,2,6.46,84011.37,0.1657
100049,2,3.67,73757.91,0.2031
100050,2,3.36,78653.59,0.1936
100051,2,3.57,86430.66,0.1772
100052,1,4.27,114014.07,0.1569
100053,1,1.02,206267.22,0.1518
100054,1,1.43,123817.89,0.1204
100055,1,2.76,86573.36,0.1125
100056,1,4.69,69310.33,0.1291
100057,1,3.18,83353.66,0.1313
100058,1,5.02,107611.45,0.1145
100059,1,1.17,146766.52,0.1279
100060,1,1.18,85513.21,0.1093
100061,1,3.93,124030.42,0.1054
100062,2,1.4,147379.57,0.2243
100063,2,0.74,144087.59,0.1648
100064,1,1.93,91509.52,0.1205
100067,1,0.28,126393.42,0.1435
100068,1,1.15,145497.18,0.1241
100069,1,1.37,181255.28,0.1102
100081,2,2.28,122240.99,0.2233
100082,2,0.47,119358.91,0.2004
100083,2,1.82,224098.04,0.2104
100084,1,1.16,39717.38,0.1515
100085,3,4.36,255086.55,0.2666
100086,2,0.21,110661.32,0.2165
100092,2,1.22,158699.38,0.208
100095,1,1.99,112514.34,0.1604
100111,4,1.9,117230.11,0.3188
100112,5,1.26,120640.83,0.3549
100115,4,0.69,161726.97,0.2866
100116,4,6.48,263181.78,0.2988
100117,4,2.59,126109.91,0.2989
100118,3,4.54,115123.52,0.2626
100119,3,1.18,177655.41,0.2431
100122,4,0.17,125584.12,0.3048
100124,4,1.39,100302.42,0.3259
100125,4,3.39,42319.83,0.2987
100126,4,1.44,106874.91,0.3374
100127,7,5.23,111763.48,0.421
100128,6,0.4,105085.63,0.3827
100129,5,0.07,94518.39,0.3759
100130,5,2.38,83072.9,0.3542
100131,5,1.55,65322.72,0.3645
100132,4,5.36,31626.2,0.2995
100133,4,3.27,32025.94,0.3165
100136,10,6.8,56153.85,0.5071
100137,8,6.09,23634.82,0.4508
100138,7,4.36,52881.92,0.4339
100142,7,1.58,304801.35,0.4204
100143,9,0.18,251384.04,0.4635
100145,7,29.83,55733.76,0.4281
100146,5,3.88,26702.04,0.3754
100147,6,1.44,55547.18,0.3842
100150,10,1.94,108362.38,0.5344
100151,10,1.52,49439.59,0.4909
100152,10,1.61,111774.14,0.5013
100201,9,60.0,119783.45,0.4753
100202,9,150.0,83244.62,0.4664
100203,9,186.0,75758.21,0.4581
100204,9,60.0,144531.88,0.4657
100211,8,6.0,1452735.17,0.4538
100225,8,36.0,334147.6,0.4423
100230,7,54.0,334177.27,0.4212
100234,8,6.0,1556382.08,0.4443
100235,8,6.0,1630780.68,0.4351
100236,7,6.0,1598054.61,0.4334
100239,7,60.0,340329.04,0.4342
100248,7,6.0,3307587.63,0.4127
100251,7,6.0,1591818.43,0.4318
100268,6,96.0,334150.22,0.4106
100269,6,60.0,442606.66,0.4047
100277,5,6.0,6382152.24,0.3533
100282,6,0.2,1649050.07,0.4042
100301,5,6.0,1486464.03,0.3815
100312,6,6.0,3104441.03,0.4045
100319,5,6.0,3561594.94,0.3796
100321,4,0.42,823595.61,0.3123
100345,7,42.0,135313.19,0.4248
100703,2,0.42,242176.32,0.1921
100707,4,3.28,173460.72,0.2951
100717,1,1.44,314645.86,0.1064
100718,1,3.76,308517.71,0.092
100719,1,5.83,212374.46,0.132
100720,2,0.6,187460.85,0.1837
100721,3,3.79,183883.71,0.2654
100722,4,2.48,152611.13,0.3056
100723,4,2.82,209353.54,0.3229
100724,2,0.58,203505.9,0.2151
100725,3,7.96,187436.3,0.2789
100726,3,3.07,189014.66,0.2535
100731,2,2.52,179920.18,0.1917
100732,2,1.32,97983.87,0.2241
100733,2,5.11,78410.27,0.1843
100734,2,1.7,83163.66,0.1819
100735,1,0.94,97462.49,0.1547
100736,1,0.11,163320.01,0.1629
100737,1,0.3,173089.46,0.1389
100738,1,2.28,83918.24,0.1164
100739,1,2.49,74682.99,0.1107
100740,1,3.47,88542.0,0.15
100741,2,4.53,78329.98,0.1776
100742,1,3.0,83397.75,0.1261
100743,1,2.61,71766.38,0.0993
100744,1,4.37,121901.98,0.0895
100745,1,0.13,113996.27,0.1219
100746,1,1.66,141023.19,0.1398
100747,1,2.49,105127.7,0.1434
100751,1,3.55,77348.15,0.1431
100755,1,4.02,297650.59,0.1266
100756,1,0.02,146261.82,0.1442
100761,2,3.2,142065.8,0.1792
100764,2,2.48,139572.4,0.2011
100766,2,0.77,110894.47,0.2181
100767,1,4.23,57529.77,0.1511
100768,1,2.63,41167.48,0.1423
100769,3,0.55,84338.15,0.2633
100770,1,1.73,66306.42,0.1491
100787,2,0.75,849367.1,0.205
100798,5,0.62,257932.67,0.3709
100799,4,0.49,167633.03,0.3012
100800,3,0.61,203539.49,0.2631
100801,3,4.32,165804.01,0.2692
100802,3,2.17,150626.71,0.2274
100808,5,1.77,1379399.84,0.3517
100809,4,1.36,77182.03,0.3119
100811,6,0.37,41932.51,0.3841
100814,4,1.9,76689.13,0.2995
100815,5,3.1,29224.71,0.356
100816,4,2.94,8328.28,0.3003
100817,3,2.45,14402.98,0.2783
100826,6,5.04,264335.56,0.3942
100827,8,4.17,294779.0,0.4417
100829,6,4.34,132689.35,0.3853
100830,4,3.43,52299.6,0.3269
100831,5,0.51,93258.9,0.3595
100834,10,3.1,144488.06,0.522
100835,8,4.68,168334.77,0.456
100871,7,0.13,86891.72,0.4199
100886,9,36.0,184686.97,0.4646
100887,9,138.0,108164.07,0.4657
100888,10,6.0,1412368.58,0.4838
100909,8,54.0,264881.17,0.4507
100923,8,42.0,381739.97,0.4345
100950,7,30.0,415865.84,0.4257
100951,6,174.0,245608.27,0.4062
101027,7,60.0,88270.16,0.4238
101042,4,3.68,385053.03,0.3146
101401,1,1.36,349344.98,0.1237
101403,1,3.88,270694.56,0.1409
101404,2,2.44,250075.01,0.165
101405,2,0.55,286610.13,0.2092
101406,4,1.05,209191.76,0.2943
101408,2,3.93,388406.81,0.1667
101409,1,3.87,366081.95,0.1616
101414,2,2.58,238684.75,0.2076
101415,2,3.04,258457.03,0.1807
101416,2,6.12,174771.81,0.1851
101417,2,2.95,89615.78,0.1663
101418,2,3.13,82488.29,0.1675
101419,1,1.27,82021.78,0.1617
101422,1,4.4,92002.23,0.1073
101423,1,5.39,104173.39,0.1012
101424,1,1.44,273229.83,0.1435
101425,1,3.38,127891.02,0.1222
101426,1,4.25,79487.86,0.1012
101427,1,3.21,76879.39,0.1112
101428,1,1.82,152922.14,0.1183
101429,1,1.92,84380.56,0.1235
101430,1,2.92,93623.47,0.1404
101431,2,0.4,152853.08,0.1716
101432,1,3.25,64292.97,0.1601
101433,1,2.51,61476.34,0.1246
101434,2,2.32,57479.27,0.186
101435,2,2.93,109687.06,0.201
101436,2,0.96,1483065.45,0.213
101438,1,2.54,1469273.45,0.1292
101439,2,2.38,116797.96,0.1757
101445,2,3.26,247072.4,0.2116
101446,3,0.77,137533.37,0.2355
101447,3,0.11,157193.84,0.2575
101448,3,0.01,120073.99,0.2505
101449,2,0.49,208328.78,0.2162
101451,2,5.06,49536.52,0.1838
101452,1,3.23,64788.15,0.1447
101453,3,0.58,118289.89,0.2558
101454,1,1.97,146151.73,0.1518
101463,2,4.09,64633.59,0.1736
101470,1,2.5,1917738.23,0.1575
101471,1,3.17,615366.13,0.1439
101478,3,0.64,307794.68,0.2326
101480,4,0.98,349412.38,0.2874
101482,5,1.35,210451.23,0.3553
101483,3,4.39,179742.47,0.2608
101484,3,3.24,171212.54,0.2542
101485,2,3.03,258764.33,0.2228
101486,2,5.45,140854.67,0.2059
101487,2,2.54,148616.82,0.2014
101494,4,0.66,113151.62,0.3221
101495,5,2.58,18398.34,0.3784
101496,5,9.44,81066.23,0.3476
101497,3,1.48,236179.29,0.2805
101498,3,4.78,26314.97,0.2487
101499,3,2.85,19149.12,0.2616
101500,5,4.57,121.32,0.3502
101501,3,7.94,1832.55,0.2774
101502,3,2.08,78303.86,0.2815
101505,8,2.35,191666.48,0.4545
101510,3,1.76,401054.46,0.2364
101513,4,2.03,106079.17,0.3269
101514,4,4.07,179060.72,0.292
101517,8,1.34,123585.13,0.4458
101593,8,108.0,227862.09,0.4462
101594,8,138.0,202130.84,0.4449
101601,6,2.0,1546993.58,0.4072
101603,8,6.0,1662144.72,0.4362
101609,8,6.0,1652928.09,0.447
101610,7,54.0,404499.93,0.425
101611,8,18.0,554359.21,0.4368
101612,7,60.0,336606.24,0.4232
101613,7,60.0,335444.97,0.4256
101630,6,6.0,1503095.9,0.4049
101631,6,54.0,224867.45,0.3945
101632,6,132.0,185120.52,0.403
101633,7,78.0,239699.33,0.4168
101634,7,6.0,1604236.37,0.4262
101635,6,54.0,315476.66,0.4039
101693,5,6.0,1556318.92,0.3677
102074,3,0.52,295190.27,0.2801
102087,1,1.05,269628.9,0.1144
102089,3,1.16,272699.54,0.2414
102092,2,5.82,692619.93,0.1723
102093,1,0.53,324645.75,0.1396
102099,3,1.88,154883.4,0.2527
102100,2,2.67,114766.92,0.212
102101,1,4.44,97372.03,0.1608
102102,1,3.61,93428.26,0.1471
102103,1,1.21,142240.44,0.1518
102106,1,1.63,93514.82,0.1082
102107,1,1.53,160438.79,0.1611
102108,1,2.18,119051.8,0.1126
102109,1,1.84,85153.5,0.0969
102110,1,2.97,81316.91,0.1068
102111,1,6.95,120934.15,0.1531
102112,1,3.5,77351.71,0.1583
102113,1,3.53,64502.17,0.1366
102114,2,1.07,83256.57,0.1681
102116,1,3.88,144777.26,0.1509
102117,1,4.56,76730.63,0.1572
102118,2,3.8,89938.28,0.1794
102119,1,0.93,149871.32,0.1392
102120,3,0.96,146938.0,0.2515
102123,2,2.52,62990.52,0.1991
102125,2,0.11,150937.16,0.1991
102128,2,1.7,133429.74,0.2219
102129,2,2.54,85832.26,0.2143
102130,2,1.91,112373.47,0.2117
102134,3,2.4,133527.36,0.2529
102135,3,3.77,57286.93,0.2543
102136,1,2.68,60249.18,0.1509
102138,1,4.08,111832.02,0.1441
102147,2,1.3,90884.29,0.1761
102156,2,0.37,859837.15,0.1952
102162,3,0.61,436515.7,0.2525
102167,4,1.5,1436342.47,0.3184
102168,4,2.0,1450574.78,0.2988
102175,6,0.37,242012.48,0.3995
102176,7,0.34,95750.55,0.4333
102177,4,0.08,63164.32,0.2886
102178,4,1.5,24061.45,0.2885
102179,5,0.49,104391.07,0.3466
102181,4,3.79,85447.7,0.3366
102182,4,4.66,15925.0,0.2982
102183,3,4.47,18055.71,0.2372
102184,3,2.67,696.07,0.2308
102185,3,9.45,56262.04,0.2569
102189,2,0.1,237200.47,0.202
102190,9,0.52,335338.61,0.4573
102194,3,0.91,364236.75,0.2368
102201,7,0.09,150934.71,0.4337
102202,10,0.25,176931.52,0.537
102294,7,126.0,343616.3,0.4241
102295,7,180.0,306608.96,0.4169
102315,6,78.0,232389.01,0.4077
102316,6,60.0,233004.28,0.4093
102327,6,0.64,476809.09,0.3828
102350,5,42.0,207105.11,0.3689
102351,5,60.0,151696.57,0.3714
102396,8,36.0,144669.43,0.4523
102754,3,0.75,1746493.31,0.2565
102756,3,3.12,284648.19,0.2396
102770,1,0.73,273877.59,0.0919
102771,1,0.21,198730.78,0.1336
102772,1,1.03,145534.49,0.1484
102775,3,4.0,327422.63,0.2552
102776,2,1.36,653300.58,0.2188
102777,2,0.37,501981.27,0.1926
102779,2,0.35,289720.33,0.2247
102780,3,2.05,346372.89,0.2585
102782,2,1.05,190871.86,0.2087
102783,3,5.37,200609.92,0.2461
102784,2,5.65,129788.99,0.202
102785,2,0.69,122460.99,0.1688
102786,1,2.42,324693.62,0.1617
102787,1,1.98,185507.58,0.1484
102789,1,1.11,160607.74,0.1075
102790,1,5.12,154985.38,0.1229
102791,1,4.75,131701.58,0.1414
102792,1,1.63,95126.07,0.0995
102793,1,4.91,173722.66,0.0998
102795,1,3.45,123364.61,0.1158
102796,1,4.61,110589.22,0.1568
102797,1,3.37,102881.09,0.1325
102798,2,1.82,77213.9,0.1683
102799,2,3.37,174367.84,0.2187
102802,1,2.05,153662.49,0.1475
102804,3,1.67,203182.35,0.248
102805,2,0.03,162068.42,0.1965
102806,2,0.03,158357.73,0.2153
102807,2,2.36,102510.06,0.2075
102809,3,2.39,152210.4,0.2653
102810,3,0.82,159998.08,0.2409
102811,4,0.29,161252.89,0.2858
102812,2,3.17,131905.7,0.2217
102813,2,2.64,66341.42,0.2228
102814,2,1.84,214854.49,0.1969
102816,4,0.57,146345.42,0.3178
102818,3,2.84,115256.82,0.2304
102819,3,3.25,68439.14,0.2491
102820,2,3.56,72732.78,0.1887
102821,3,4.05,69736.84,0.2359
102822,2,2.31,53579.27,0.1837
102823,2,1.22,146585.38,0.1737
102831,1,1.22,59038.0,0.1536
102834,3,1.5,1639397.02,0.2423
102843,1,0.28,395397.65,0.1585
102854,2,2.13,232389.98,0.1995
102857,6,1.08,139064.19,0.3925
102858,5,0.31,141435.42,0.3781
102859,2,0.01,110973.13,0.1898
102860,8,2.59,86074.07,0.4378
102861,4,0.71,25241.13,0.3187
102862,3,4.76,46630.57,0.2801
102863,3,0.91,22980.67,0.2827
102864,4,0.36,73538.95,0.3173
102865,3,2.78,642.69,0.2302
102866,3,2.34,-3876.72,0.2275
102867,2,7.54,18354.21,0.2163
102868,2,5.2,31048.77,0.2093
102869,3,3.97,74723.64,0.2315
102872,2,0.88,103226.06,0.1944
102873,2,3.31,219855.66,0.1743
102876,6,1.28,345567.89,0.4085
102880,8,1.27,178368.81,0.4382
102884,6,1.66,147725.86,0.3956
102885,10,5.13,143025.33,0.4871
102886,10,3.61,132403.7,0.5312
102898,7,36.0,130227.33,0.4225
102908,4,6.0,1864103.98,0.3024
102927,9,54.0,71360.07,0.4617
102928,9,60.0,66371.09,0.4655
102963,8,150.0,192598.74,0.4442
102977,7,42.0,394065.03,0.4207
102979,7,108.0,351906.35,0.4189
102980,7,48.0,352381.53,0.4213
102995,7,6.0,1517081.46,0.4164
103010,5,0.15,533726.16,0.3732
103011,6,2.07,535545.37,0.3854
103034,5,54.0,152763.84,0.3762
103035,5,126.0,86967.52,0.3691
103036,5,114.0,103354.92,0.3692
103037,6,6.0,1330922.22,0.3897
103040,6,6.0,1469815.81,0.3909
103080,9,96.0,74108.21,0.4604
103442,1,2.0,276853.94,0.1479
103445,4,1.33,1654942.59,0.2875
103454,1,0.94,285078.97,0.0901
103455,1,2.02,256217.2,0.0743
103456,1,8.98,134774.77,0.1397
103457,2,3.89,173260.86,0.1658
103458,2,1.07,226956.71,0.1898
103459,4,4.81,275205.86,0.3106
103463,3,1.59,337584.15,0.2254
103465,2,2.32,206775.51,0.2243
103466,2,3.99,123053.98,0.1758
103467,1,3.66,160229.14,0.1577
103468,1,2.47,105547.16,0.1389
103469,1,2.96,88208.55,0.1597
103470,1,0.11,163012.66,0.1413
103471,1,5.04,178419.99,0.1372
103472,1,1.79,91320.11,0.124
103473,1,2.44,79892.18,0.1463
103474,3,2.52,145674.19,0.233
103475,1,0.65,114119.45,0.1242
103476,1,0.19,165403.99,0.1149
103477,2,2.11,157362.95,0.1763
103478,1,0.96,95086.87,0.117
103479,1,1.37,93583.84,0.0885
103480,2,2.73,96678.39,0.176
103481,2,4.18,110793.25,0.1833
103482,2,6.55,147924.42,0.1889
103492,1,0.64,199700.71,0.144
103494,3,2.98,145664.48,0.2557
103495,4,2.32,64292.99,0.2856
103496,3,2.36,152217.7,0.2329
103497,2,2.46,84436.99,0.1827
103501,3,1.75,159086.22,0.2369
103503,3,4.11,89235.25,0.2522
103504,2,3.54,54752.52,0.192
103505,2,3.48,58614.73,0.2163
103506,2,1.48,99262.81,0.1958
103514,2,3.02,190333.71,0.2168
103515,2,1.52,141839.09,0.1793
103520,2,3.23,253134.53,0.2074
103521,2,1.98,353267.58,0.2131
103527,1,2.2,443674.85,0.1456
103528,2,1.33,419098.2,0.1848
103540,4,0.3,172163.13,0.3253
103541,5,2.65,107418.77,0.3653
103543,2,2.94,230034.25,0.1875
103547,3,0.53,52006.53,0.2592
103548,3,1.42,30820.13,0.2521
103549,4,5.68,29482.98,0.2929
103550,3,5.09,84047.33,0.2288
103551,3,2.06,82466.65,0.2681
103552,4,0.01,141975.22,0.2995
103555,3,0.01,94506.65,0.2327
103557,2,0.69,136873.49,0.1897
103558,2,1.79,234418.28,0.2229
103559,4,0.3,286323.6,0.285
103561,4,1.48,244199.45,0.3077
103562,3,4.61,311823.96,0.2709
103564,9,2.07,232224.16,0.473
103565,9,0.26,248922.96,0.4753
103567,6,1.29,125975.15,0.4032
103570,10,1.23,183825.25,0.5083
103571,10,5.41,296732.39,0.4814
103572,8,66.0,167496.77,0.4438
103612,9,60.0,71581.34,0.4576
103643,7,156.0,259710.59,0.4268
103646,8,6.0,1510195.33,0.4459
103647,7,168.0,171318.86,0.4285
103648,8,54.0,241491.45,0.4468
103649,7,168.0,201032.52,0.4224
103650,7,114.0,235983.98,0.4246
103661,7,84.0,319962.67,0.4156
103662,7,42.0,367844.14,0.4141
103677,7,6.0,1728988.56,0.4228
103681,6,36.0,266711.77,0.407
103683,7,48.0,252469.1,0.4168
103690,6,60.0,271521.97,0.4041
103692,6,6.0,1677629.47,0.4014
103709,6,6.0,1411790.74,0.4052
103719,5,156.0,97424.14,0.3696
103720,5,144.0,100925.39,0.3666
103731,6,6.0,1506137.88,0.3978
103734,7,6.0,1533569.3,0.4152
103763,8,72.0,96362.57,0.4521
103780,4,6.0,2269514.68,0.3097
104130,2,6.0,1782499.16,0.2042
104136,1,4.0,1808226.78,0.1215
104137,1,2.34,496294.43,0.0997
104140,1,0.96,249852.28,0.1439
104141,1,0.7,240020.56,0.1584
104145,3,0.91,791856.37,0.2606
104146,2,0.44,830630.33,0.22
104147,2,3.82,247224.93,0.1822
104148,2,1.15,149295.12,0.1882
104150,1,1.96,127710.09,0.1538
104151,2,2.99,108409.77,0.1694
104152,2,5.08,95642.95,0.1682
104153,1,4.72,84907.19,0.1469
104154,1,1.94,101961.17,0.1349
104155,1,2.49,104538.43,0.1242
104156,1,4.71,107775.33,0.1263
104157,2,2.84,80980.61,0.1716
104158,2,1.75,180117.92,0.2145
104159,1,3.08,102383.43,0.1392
104161,1,2.0,175997.34,0.1636
104162,1,5.11,109666.08,0.1186
104163,1,0.67,132669.64,0.1599
104164,2,3.46,146146.92,0.1689
104165,2,0.01,163761.46,0.1932
104176,1,0.06,166368.54,0.158
104178,3,0.29,154179.88,0.2499
104179,3,1.89,103095.3,0.2713
104180,2,1.27,179324.94,0.2164
104181,2,6.44,87377.22,0.2172
104182,2,0.56,156622.36,0.1986
104183,3,0.03,161201.8,0.2285
104185,3,0.85,182273.16,0.2485
104187,4,0.35,121883.95,0.2898
104188,2,2.63,106619.24,0.209
104189,2,2.03,121274.2,0.2113
104205,2,5.72,410946.4,0.1733
104212,3,0.43,364751.98,0.2614
104222,2,0.03,1397532.96,0.1826
104223,3,3.41,152642.57,0.2519
104224,3,1.97,195548.81,0.2774
104227,5,0.64,123056.4,0.3472
104228,2,2.15,78208.83,0.1773
104231,2,2.98,41542.11,0.1794
104232,2,3.49,875.05,0.2194
104233,3,2.95,29460.91,0.2388
104237,3,1.87,74535.43,0.2466
104238,3,1.64,99067.78,0.2302
104239,4,2.42,106145.31,0.2906
104240,3,0.61,124110.29,0.2773
104242,2,1.28,227107.13,0.2138
104243,3,3.5,321528.87,0.2415
104245,3,5.78,171487.79,0.2641
104246,3,1.33,152698.42,0.2486
104247,4,2.66,184437.45,0.3085
104248,8,1.62,103128.49,0.4442
104249,4,1.9,62683.34,0.3323
104250,7,4.09,83762.21,0.4175
104251,9,2.89,54888.11,0.4812
104252,9,2.44,88949.03,0.4802
104253,8,1.11,156603.31,0.4469
104255,9,84.0,136967.54,0.466
104256,8,134.2,98575.96,0.4376
104257,8,6.0,1392014.5,0.4354
104329,8,6.0,1540494.16,0.4365
104330,8,6.0,1516596.57,0.4492
104362,6,54.0,216275.89,0.4074
104363,6,174.0,156599.94,0.4038
104364,7,114.0,186983.43,0.4137
104367,7,54.0,282154.08,0.4161
104368,7,66.0,239334.74,0.4155
104374,6,186.0,211276.48,0.3941
104375,6,198.0,230015.79,0.3823
104376,6,24.0,553233.65,0.3966
104380,6,6.0,2361916.42,0.394
104383,6,6.0,1820722.94,0.4047
104387,6,6.0,1544574.14,0.3963
104410,6,54.0,154759.76,0.3875
104414,6,6.0,1326681.49,0.3838
104427,4,6.0,7921769.69,0.3012
104831,1,2.37,386259.83,0.1398
104832,2,0.2,185610.52,0.1894
104833,2,4.98,187115.56,0.2045
104834,2,1.77,117883.58,0.1746
104835,2,4.98,317551.43,0.1696
104836,2,5.18,128931.75,0.1663
104837,2,4.01,116754.33,0.1967
104838,1,4.12,87709.24,0.1611
104839,1,3.53,94450.59,0.1387
104840,1,3.13,90816.59,0.1238
104841,1,3.73,86676.79,0.1412
104842,1,0.94,125671.63,0.1127
104843,1,3.84,91883.7,0.116
104844,1,1.44,97400.47,0.1155
104846,3,1.07,1514097.9,0.2339
104847,1,2.73,235879.98,0.1568
104848,1,0.94,90544.2,0.1532
104849,2,0.46,151221.45,0.178
104850,1,3.13,223967.93,0.1436
104851,2,2.55,127645.43,0.2235
104852,2,4.06,177765.93,0.2178
104858,2,0.21,144564.69,0.183
104860,2,0.59,167300.85,0.1768
104861,3,2.18,175716.03,0.2328
104862,3,2.38,156077.33,0.2779
104863,2,0.9,118509.85,0.1852
104864,2,2.39,93805.52,0.1855
104865,2,7.24,96542.86,0.1696
104866,3,4.44,95638.03,0.2402
104871,3,3.93,58677.61,0.2806
104887,1,4.84,345132.34,0.1172
104888,1,0.88,215886.28,0.1113
104889,2,1.43,142795.14,0.1884
104907,1,4.03,127892.07,0.1198
104910,1,0.01,1367825.08,0.1267
104911,4,1.54,98582.04,0.3229
104913,2,4.35,16317.09,0.1817
104914,2,0.51,9668.47,0.2074
104915,2,7.78,71081.84,0.1884
104916,2,3.56,2859.1,0.2017
104917,3,0.93,6388.27,0.2306
104919,3,2.58,92172.97,0.2496
104920,3,1.72,72204.37,0.2533
104921,3,0.77,66011.82,0.2384
104922,2,1.5,191226.77,0.2048
104924,3,1.34,148599.3,0.24
104925,2,2.09,109833.85,0.1848
104926,1,6.38,405749.57,0.1423
104927,1,1.55,400416.96,0.1211
104930,2,4.06,246910.94,0.2056
104931,2,2.66,183323.71,0.1973
104932,2,0.73,253396.27,0.2001
104933,3,4.24,184466.02,0.2782
104935,10,0.94,149320.94,0.4965
104936,7,2.28,155311.83,0.4306
104947,6,27.89,66730.8,0.4063
104948,7,16.22,39760.57,0.4149
104949,7,3.28,67890.42,0.4242
104951,6,42.0,100104.19,0.4064
104952,7,24.0,200631.79,0.4324
104997,9,6.0,1423723.71,0.468
105006,6,6.0,2269886.91,0.4026
105014,7,132.0,197999.59,0.4266
105015,7,72.0,225062.72,0.4272
105016,7,108.0,204407.65,0.4326
105017,7,174.0,166237.06,0.4268
105018,7,54.0,222695.57,0.4288
105019,8,60.0,207732.0,0.4348
105047,7,72.0,211461.04,0.413
105048,7,60.0,231441.66,0.4156
105051,7,60.0,252215.31,0.4128
105052,6,54.0,256801.61,0.4095
105060,6,60.0,259387.12,0.4016
105062,6,126.0,264812.2,0.4004
105063,6,114.0,273671.75,0.3967
105094,6,6.0,2002129.58,0.4014
105098,5,6.0,1369526.07,0.3735
105131,9,24.0,249438.99,0.4713
105139,2,1.03,1496277.51,0.2182
105164,7,6.0,2082573.67,0.4143
105512,4,1.24,669516.68,0.3081
105514,2,1.07,589689.09,0.1656
105515,1,1.99,321779.13,0.1624
105516,2,2.79,214133.4,0.2143
105517,1,4.53,162690.8,0.1624
105518,2,6.83,140055.13,0.1679
105519,1,1.54,253367.63,0.1401
105520,1,0.65,119934.51,0.1469
105523,2,5.13,168548.03,0.1759
105524,2,2.44,96023.24,0.1808
105525,1,4.83,84172.39,0.1377
105526,1,3.59,92381.96,0.1453
105527,1,4.21,87621.48,0.1622
105528,1,1.85,97521.34,0.1313
105529,1,0.11,182009.25,0.1635
105531,1,3.95,141006.79,0.1331
105532,1,2.06,116494.45,0.1372
105533,1,3.3,179230.91,0.1438
105535,3,0.89,173650.6,0.2318
105536,1,1.64,125358.02,0.1543
105538,2,2.32,237523.84,0.1825
105539,2,0.6,190148.13,0.1827
105541,2,0.03,174725.06,0.2018
105542,2,0.83,167102.55,0.2072
105544,2,1.0,1496112.0,0.2085
105545,2,0.08,144980.46,0.202
105547,2,2.84,172728.5,0.1715
105548,3,4.89,72973.95,0.2376
105549,3,5.8,206095.99,0.2254
105555,2,2.85,136191.89,0.2199
105556,3,1.01,113500.03,0.2254
105557,2,0.01,173539.62,0.2093
105560,2,1.78,76589.77,0.211
105561,2,0.08,63760.09,0.1894
105563,1,1.12,120450.45,0.1624
105571,2,3.03,147398.26,0.1687
105572,1,1.68,214032.14,0.1518
105573,1,1.74,286885.53,0.1396
105592,1,0.06,64667.12,0.1061
105594,2,0.01,109783.72,0.2131
105597,4,1.6,228239.79,0.3253
105598,3,3.32,101846.23,0.2323
105599,3,5.58,83195.43,0.2426
105600,2,1.97,20750.84,0.2047
105601,2,3.04,11481.1,0.1976
105603,2,1.18,71995.83,0.1951
105604,2,1.36,76365.14,0.2026
105609,2,2.97,183009.62,0.1898
105610,1,3.0,557064.44,0.1147
105611,1,3.14,453759.46,0.1214
105614,3,2.09,271659.13,0.235
105616,2,0.33,232799.15,0.2073
105617,3,0.65,284440.83,0.2392
105618,2,2.32,259248.4,0.2225
105619,9,2.93,305649.96,0.4666
105620,6,8.55,254295.97,0.3971
105621,6,6.05,211305.25,0.3827
105626,4,4.5,1323528.19,0.3204
105627,4,1.64,-2630.52,0.3074
105628,4,2.51,16627.87,0.3041
105631,6,177.19,-2819.42,0.3934
105632,6,58.22,-330.18,0.4015
105633,6,51.91,-2337.79,0.4077
105634,5,3.42,50137.61,0.3703
105636,6,96.0,44942.77,0.4059
105637,6,204.0,-2335.43,0.402
105638,6,114.0,41809.05,0.4048
105639,6,84.0,57075.7,0.4073
105640,6,60.0,71762.24,0.406
105678,9,6.0,1452505.86,0.4606
105698,7,126.0,193121.81,0.4183
105699,7,60.0,220111.03,0.427
105700,7,138.0,183030.73,0.4299
105701,8,126.0,201512.4,0.4372
105702,7,60.0,218782.2,0.429
105703,8,36.0,272417.22,0.4373
105736,7,42.0,276323.98,0.4116
105739,7,54.0,266992.68,0.4131
105740,6,186.0,224388.2,0.3986
105744,6,60.0,234299.11,0.4073
105746,6,60.0,283010.35,0.4076
105754,6,60.0,258345.85,0.3885
105755,6,60.0,234223.29,0.3879
105778,6,78.0,134898.06,0.3875
105779,6,54.0,130621.58,0.3972
105813,8,6.0,1406548.23,0.4503
105815,9,42.0,146037.69,0.4577
106175,3,6.0,2768486.8,0.269
106198,2,1.66,325099.99,0.1988
106199,2,2.32,296581.77,0.1913
106201,1,4.94,255027.58,0.1427
106202,2,1.22,185234.76,0.1706
106203,1,5.82,174937.18,0.1271
106204,1,2.96,119547.76,0.1442
106208,2,4.01,116062.37,0.1833
106209,2,2.26,106518.15,0.1706
106210,2,4.28,86386.26,0.1917
106211,1,4.24,85038.77,0.1609
106212,1,3.81,92087.44,0.1625
106213,2,4.34,116422.82,0.1823
106214,2,0.05,133887.66,0.1957
106217,1,0.75,296715.86,0.133
106219,1,0.51,119531.71,0.1558
106220,1,1.94,137335.56,0.1354
106224,2,0.83,249411.14,0.1843
106225,2,1.1,103500.54,0.2043
106226,4,0.53,130823.92,0.2994
106227,4,0.55,236532.73,0.3075
106228,2,1.82,162300.94,0.1987
106229,2,2.85,73992.32,0.1691
106238,3,2.27,150349.9,0.254
106239,3,2.48,60614.93,0.2476
106240,2,3.77,22958.07,0.2233
106241,2,0.02,79325.52,0.2154
106243,2,0.95,62003.7,0.214
106244,2,3.57,38014.68,0.1995
106245,2,2.59,35530.96,0.1831
106246,2,0.33,128315.55,0.1999
106247,2,0.62,59457.23,0.1911
106248,2,1.23,42410.03,0.2008
106249,2,1.7,59589.09,0.1939
106255,3,1.08,100924.85,0.2409
106256,2,0.89,86585.34,0.2155
106257,1,3.02,196036.69,0.1514
106258,2,0.59,256335.12,0.1761
106261,1,0.82,217022.68,0.1362
106275,1,0.17,105659.42,0.1056
106276,1,2.35,66531.89,0.1054
106277,1,2.41,142286.24,0.1226
106282,2,0.71,55988.87,0.2029
106283,2,0.84,35015.06,0.2192
106285,2,1.72,78384.45,0.195
106286,2,0.71,22081.9,0.178
106287,2,1.25,81411.72,0.1665
106290,1,1.49,213209.19,0.1499
106293,1,1.52,247248.18,0.1333
106298,3,1.71,228061.69,0.2635
106299,3,0.26,221204.0,0.2621
106300,3,0.78,231462.77,0.2395
106302,5,0.89,325312.52,0.3723
106304,5,4.04,201493.38,0.3711
106305,4,2.81,221371.86,0.3148
106306,4,5.48,165173.93,0.2995
106310,3,2.04,57489.79,0.2675
106311,3,3.58,8601.04,0.2814
106312,4,2.03,-8511.93,0.2925
106313,4,1.9,73416.14,0.2987
106314,4,0.94,84023.12,0.3335
106315,5,25.49,26340.32,0.3686
106318,4,0.27,60506.58,0.3283
106384,8,54.0,227567.81,0.437
106385,8,6.0,1519181.59,0.4566
106407,7,6.0,1550391.31,0.4273
106424,6,156.0,210265.84,0.4049
106425,7,60.0,252381.84,0.4113
106434,6,54.0,242916.42,0.3957
106435,6,60.0,221434.31,0.3978
106437,6,84.0,244596.87,0.3984
106438,6,108.0,223440.39,0.3893
106439,5,198.0,152087.63,0.3756
106440,6,42.0,245418.29,0.388
106461,6,6.0,1381663.86,0.3866
106495,6,18.0,364230.76,0.3915
106497,7,6.0,1355690.97,0.4163
106498,8,30.0,222003.11,0.4393
106863,4,6.0,8997011.26,0.3312
106865,6,6.0,1838465.56,0.3914
106874,1,1.23,301432.04,0.0942
106877,1,1.07,286878.84,0.1385
106880,5,1.97,306419.07,0.3634
106882,3,2.17,239521.7,0.2419
106883,3,0.93,254728.9,0.2272
106885,1,0.17,264901.32,0.1556
106886,1,3.82,232428.11,0.1409
106887,1,4.45,151064.52,0.1234
106888,1,1.73,107364.25,0.1387
106891,1,0.47,189654.54,0.1552
106892,1,2.76,96561.46,0.1471
106893,1,2.26,95993.23,0.1455
106894,2,6.2,87996.75,0.1797
106895,1,3.83,90240.36,0.138
106896,1,3.64,93880.55,0.1376
106897,2,4.29,110025.41,0.1808
106898,2,3.91,165714.32,0.1873
106900,1,1.41,199624.32,0.1361
106903,1,2.03,118313.61,0.1537
106904,1,2.05,229295.81,0.1502
106908,2,2.25,128387.17,0.167
106909,2,2.01,90755.87,0.2193
106910,3,4.21,88136.82,0.235
106911,3,0.88,172147.9,0.2427
106914,3,1.33,179840.91,0.2355
106915,3,1.86,138078.15,0.2432
106918,4,0.22,231353.48,0.2875
106922,2,3.43,81887.92,0.217
106923,3,3.53,133521.77,0.2336
106924,3,7.79,33914.82,0.2404
106925,2,0.82,65366.16,0.2096
106926,2,1.99,140123.74,0.1871
106927,2,2.9,39182.71,0.1885
106928,2,4.41,38579.08,0.196
106929,2,1.52,63253.79,0.199
106930,2,3.35,110495.27,0.2199
106931,2,2.91,30093.6,0.2124
106932,3,3.7,29526.38,0.2284
106933,3,4.94,25403.92,0.2291
106934,3,6.61,93385.07,0.231
106939,2,1.41,220117.13,0.1715
106940,3,0.41,170617.65,0.2417
106946,2,0.24,524365.19,0.1913
106958,1,5.05,40665.59,0.1068
106959,1,4.32,18023.55,0.1127
106960,1,4.18,20984.66,0.1157
106961,1,1.87,26938.57,0.1142
106965,3,13.5,145303.58,0.2273
106966,2,2.6,6751.12,0.1988
106967,2,1.19,7853.42,0.2145
106968,3,0.72,24583.89,0.2806
106969,4,2.63,24420.88,0.3006
106970,4,0.18,63491.87,0.2943
106971,2,1.25,153511.79,0.1755
106972,2,0.92,123701.36,0.1734
106973,2,0.64,88891.16,0.1764
106979,1,2.1,894490.37,0.1297
106982,4,1.48,251724.12,0.3005
106983,3,1.15,233176.48,0.2381
106988,4,2.64,305181.52,0.3396
106989,4,1.2,214953.79,0.334
106995,3,1.99,43110.72,0.2647
106996,3,4.03,-8624.5,0.271
106997,3,4.37,66438.59,0.2781
106999,4,1.21,67363.94,0.3161
107000,4,3.48,-5749.81,0.3159
107002,4,3.03,98531.36,0.3247
107007,6,6.0,1308851.37,0.4031
107008,6,60.0,63445.93,0.4103
107049,8,6.0,1478221.43,0.4566
107053,7,6.0,1573079.37,0.4149
107067,7,108.0,154959.36,0.4315
107068,8,6.0,1454808.67,0.4513
107107,6,54.0,276022.14,0.4044
107108,7,6.0,1571995.2,0.415
107110,7,60.0,231455.41,0.4109
107111,6,54.0,207153.81,0.407
107119,6,60.0,224237.9,0.3985
107120,6,144.0,144402.31,0.3956
107121,6,114.0,191781.88,0.3994
107122,6,162.0,181924.26,0.3861
107123,5,228.0,132632.22,0.373
107124,6,60.0,185032.34,0.382
107129,6,6.0,1437634.46,0.4044
107181,7,30.0,227355.95,0.426
107183,6,108.0,114961.43,0.4
107203,4,1.43,365614.58,0.3061
107549,6,240.0,350643.81,0.3978
107550,7,66.0,456800.45,0.4229
107561,1,1.03,271412.36,0.1146
107563,2,0.15,340918.19,0.2121
107571,1,1.14,202658.97,0.1261
107572,1,1.73,117254.81,0.1316
107573,1,1.19,221750.3,0.1602
107574,1,4.4,103906.48,0.153
107575,1,2.25,93551.03,0.1585
107576,1,3.62,94164.49,0.12
107577,1,3.67,105412.92,0.115
107578,1,2.92,84302.92,0.141
107579,1,2.08,188472.51,0.1344
107580,1,2.92,125234.27,0.1338
107581,2,6.42,168101.98,0.1903
107582,1,3.61,176880.96,0.1515
107586,2,3.58,110734.83,0.1659
107587,1,1.73,163196.96,0.1593
107589,2,1.67,1541183.8,0.1914
107590,3,3.25,334951.38,0.2705
107592,3,4.2,87633.67,0.2305
107593,3,2.71,95446.62,0.2538
107594,2,1.42,175505.12,0.1729
107595,2,1.71,98982.6,0.1957
107596,3,0.02,176158.39,0.2821
107602,3,1.25,153830.89,0.2486
107604,2,1.27,199675.31,0.2009
107606,3,1.76,69908.7,0.2289
107607,3,3.12,91140.41,0.2409
107608,2,3.5,43299.77,0.188
107609,1,2.43,52864.95,0.1622
107610,2,3.17,48428.13,0.172
107611,2,2.98,36117.7,0.219
107612,2,4.41,33973.49,0.2033
107613,1,2.3,44171.99,0.1626
107614,2,2.21,40379.23,0.1832
107615,2,2.97,33599.57,0.1975
107616,2,4.92,35529.04,0.1953
107617,2,4.83,63338.44,0.2081
107618,1,1.7,90092.05,0.1486
107624,3,4.06,66636.56,0.2412
107625,2,1.29,165099.89,0.2145
107627,2,3.54,561421.68,0.2225
107628,1,0.45,468626.04,0.1473
107629,2,0.71,248035.14,0.2089
107630,2,0.18,318291.55,0.198
107631,3,0.3,261356.19,0.2296
107638,2,3.67,70237.08,0.196
107639,2,0.84,52716.77,0.1649
107641,1,0.81,213271.78,0.1242
107642,1,2.3,133249.88,0.1171
107643,1,4.47,27594.35,0.1165
107644,1,3.5,19421.39,0.1195
107645,1,2.41,77106.43,0.1289
107646,1,3.62,47231.27,0.1403
107647,1,1.68,5210.61,0.1352
107648,1,2.66,14407.28,0.1449
107649,1,0.05,21313.35,0.144
107650,1,0.39,5514.12,0.144
107651,2,2.84,-5122.61,0.1685
107652,2,4.51,23388.47,0.1731
107653,3,4.99,18042.4,0.2723
107654,4,1.56,16884.92,0.3168
107656,2,1.09,106444.7,0.2025
107657,2,4.22,88816.71,0.2041
107658,2,0.62,86887.1,0.1749
107659,2,2.26,120522.45,0.1963
107665,3,5.04,359099.35,0.2811
107666,4,2.79,256177.79,0.2971
107667,2,0.44,348416.48,0.2211
107673,3,1.15,293749.56,0.2419
107674,2,0.92,275186.45,0.1853
107680,3,1.2,1315533.9,0.2753
107681,3,1.3,1316436.31,0.276
107682,4,2.01,86188.89,0.304
107684,4,1.73,62181.73,0.3146
107686,4,0.4,66445.35,0.3253
107690,6,30.0,162367.91,0.4019
107691,6,72.0,64843.36,0.4077
107776,6,0.88,217638.13,0.3856
107792,6,42.0,284260.1,0.4097
107794,6,108.0,196965.41,0.4033
107795,6,78.0,190437.66,0.4053
107797,7,54.0,253308.28,0.4163
107803,6,60.0,238442.46,0.4035
107804,6,156.0,138763.91,0.3976
107805,6,84.0,188835.24,0.3968
107820,6,6.0,1357670.48,0.399
107821,6,60.0,151816.94,0.3875
107822,6,72.0,148240.38,0.3914
107847,4,6.0,2102297.28,0.29
107861,5,42.0,166807.93,0.3715
107865,7,42.0,212502.04,0.414
108242,1,0.41,238106.62,0.0938
108243,1,0.29,314602.46,0.1034
108245,1,2.77,326373.46,0.1568
108246,2,5.48,265376.4,0.1729
108247,2,1.35,306539.69,0.1701
108255,1,1.12,190141.28,0.1374
108256,1,2.51,118305.13,0.1515
108258,1,2.41,189421.62,0.157
108259,2,3.99,106222.93,0.1653
108260,2,2.52,162140.67,0.1651
108261,1,2.79,219989.56,0.1442
108270,2,1.86,185260.34,0.1759
108271,2,0.55,1568946.44,0.1818
108275,2,0.3,189648.71,0.2169
108276,4,3.8,109292.06,0.3075
108277,3,4.9,129179.75,0.2309
108278,2,2.13,99479.14,0.1782
108279,2,4.22,88066.05,0.2198
108280,3,1.27,110241.73,0.2434
108281,3,0.05,204248.64,0.2632
108282,4,1.59,166927.48,0.3204
108283,3,4.71,1464391.33,0.241
108284,3,1.29,131463.73,0.2645
108288,2,2.67,239719.49,0.2154
108290,3,0.41,126907.4,0.2598
108291,3,2.12,153909.75,0.2768
108292,2,7.13,49521.52,0.1793
108293,1,4.26,46319.92,0.1458
108294,2,4.13,46324.35,0.1804
108295,2,4.13,50645.23,0.2236
108296,1,4.16,41362.03,0.1461
108297,2,3.17,25417.54,0.1658
108298,2,5.71,37912.38,0.2096
108299,2,3.69,31273.52,0.2101
108300,2,2.77,42019.16,0.2161
108301,2,3.03,34742.06,0.1758
108302,1,2.79,21959.23,0.1555
108303,2,0.23,89841.06,0.1696
108304,2,2.03,129968.27,0.1782
108305,2,1.94,126086.17,0.1714
108306,2,2.0,134824.0,0.203
108308,2,2.78,176165.07,0.2014
108312,1,0.61,269764.22,0.1505
108313,4,1.12,160699.51,0.3355
108316,4,0.65,230011.58,0.3086
108319,4,0.51,132578.44,0.3131
108320,4,2.78,165187.58,0.3376
108321,3,4.07,62132.38,0.26
108322,2,4.27,48044.75,0.2147
108323,2,4.02,42734.11,0.1683
108324,1,3.08,43201.07,0.1437
108325,1,2.72,60590.17,0.134
108327,1,3.88,51037.12,0.1164
108328,1,3.3,43826.76,0.1181
108329,1,11.04,154797.96,0.1383
108331,1,0.93,30560.56,0.144
108332,2,0.84,225368.22,0.1815
108333,2,0.59,19302.18,0.176
108334,2,4.34,5953.67,0.1745
108335,1,4.07,7532.08,0.1512
108336,1,3.17,11812.16,0.1534
108337,2,0.78,16380.28,0.1713
108338,2,1.19,75624.83,0.1917
108339,4,2.78,108891.54,0.2939
108340,3,0.9,96309.91,0.2673
108344,3,0.76,133878.29,0.2321
108345,2,3.39,156344.99,0.1974
108348,3,0.36,449565.75,0.2358
108356,4,3.02,703474.6,0.3173
108357,4,3.78,290189.22,0.2903
108358,2,1.16,227994.32,0.2018
108374,6,60.0,68971.7,0.4065
108434,7,54.0,160877.38,0.4226
108436,8,6.0,1433261.47,0.444
108463,7,60.0,261594.47,0.4166
108464,7,54.0,254707.81,0.4169
108476,7,60.0,308783.91,0.4137
108480,7,48.0,229127.55,0.4179
108481,7,60.0,245010.01,0.4146
108483,6,60.0,238156.82,0.4038
108484,6,60.0,215411.61,0.4087
108487,6,60.0,212786.36,0.3998
108488,6,114.0,189923.96,0.3977
108499,5,138.0,102624.73,0.3762
108500,5,60.0,150800.85,0.3815
108506,6,42.0,182251.97,0.3911
108507,6,6.0,1394595.83,0.4057
108520,4,6.0,15372005.02,0.3249
108545,5,6.0,1365664.01,0.3745
108551,3,24.55,234276.64,0.2736
108926,1,0.55,287172.7,0.1157
108928,1,4.27,272187.63,0.1229
108929,1,1.04,353109.47,0.1526
108930,1,3.25,249729.28,0.1527
108931,2,3.65,287768.81,0.1804
108935,2,0.09,291971.03,0.2135
108939,1,1.84,214209.6,0.1366
108941,2,0.65,241384.28,0.1756
108960,4,1.01,184300.75,0.2859
108961,2,0.55,112707.12,0.2138
108962,4,3.35,184594.19,0.2864
108963,3,6.21,87160.66,0.259
108964,3,1.88,124455.48,0.2335
108965,2,0.72,248420.41,0.221
108967,3,0.96,1474805.65,0.2708
108968,3,1.95,181259.96,0.248
108969,4,0.54,261594.37,0.3017
108976,2,4.68,122675.6,0.1715
108977,2,4.01,36223.66,0.167
108978,2,3.67,45007.13,0.1666
108979,2,3.92,52805.52,0.2041
108980,1,3.1,31548.59,0.1406
108981,1,1.85,25093.94,0.1562
108982,2,6.41,68003.47,0.2219
108983,2,4.19,29593.89,0.2102
108984,2,3.0,37406.46,0.2251
108985,2,4.15,22760.31,0.1853
108986,1,6.44,25166.11,0.1612
108987,2,1.45,113047.98,0.1736
108988,2,0.24,115657.31,0.1862
108989,2,1.42,55508.56,0.1676
108990,2,4.57,54066.69,0.2053
108991,1,1.83,59010.23,0.1615
108992,2,0.17,87609.87,0.2033
108994,1,1.89,214839.76,0.1549
108997,4,0.31,160084.89,0.2921
109000,4,0.6,233369.75,0.2853
109001,4,1.24,241279.88,0.2868
109002,4,1.31,171912.99,0.31
109003,4,3.29,103630.97,0.2954
109004,4,3.92,77708.08,0.2894
109005,3,2.22,119903.64,0.255
109006,3,0.9,132539.97,0.2396
109007,2,3.73,51977.81,0.1791
109008,1,3.55,44233.36,0.1446
109009,1,3.14,59079.47,0.1445
109010,1,2.69,112279.38,0.1488
109011,1,3.97,50202.45,0.1422
109012,1,3.45,51170.87,0.1461
109013,1,1.5,37568.64,0.1607
109014,2,5.44,41149.83,0.1965
109015,2,3.27,-3581.08,0.1682
109016,2,4.47,-1709.28,0.1888
109017,3,2.28,54383.28,0.2469
109018,2,4.89,-1545.34,0.1999
109019,2,3.5,-5863.29,0.1673
109020,2,0.92,14384.01,0.1756
109021,1,1.82,79042.92,0.1411
109024,3,5.78,125673.61,0.2701
109029,2,0.45,161221.48,0.2146
109030,2,1.37,434945.86,0.2002
109040,3,1.95,550143.31,0.2702
109041,2,1.12,373161.48,0.1956
109097,9,6.0,1468836.52,0.4668
109098,9,6.0,1472515.3,0.4659
109114,8,6.0,1534099.01,0.4455
109118,7,54.0,152300.53,0.419
109147,7,6.0,1547587.49,0.4236
109162,7,54.0,217534.49,0.4233
109163,6,198.0,134111.94,0.4028
109164,7,48.0,198696.57,0.4182
109169,6,60.0,226125.62,0.4009
109170,6,42.0,274569.16,0.4011
109172,6,132.0,175646.77,0.3851
109183,6,6.0,1383575.41,0.3954
109189,6,42.0,165769.68,0.4014
109190,6,36.0,201898.04,0.4064
109191,6,6.0,1502598.27,0.4051
109193,6,6.0,1700122.94,0.3915
109234,5,6.0,1337597.34,0.3472
109609,2,0.53,307262.67,0.1694
109611,1,1.98,295506.89,0.1006
109613,1,1.11,266584.77,0.1104
109614,1,3.67,295194.73,0.1133
109615,1,2.01,344657.1,0.161
109618,4,0.42,359974.41,0.3042
109619,2,1.51,245598.52,0.1913
109621,2,1.5,190024.55,0.2007
109645,2,2.79,134825.47,0.2155
109648,2,2.62,164491.03,0.2229
109649,2,5.09,258529.34,0.2024
109650,3,0.1,216287.7,0.2808
109651,3,0.89,186466.28,0.2688
109652,3,1.52,139482.49,0.2546
109660,2,3.49,84318.5,0.2117
109661,2,4.67,41573.03,0.1926
109662,2,3.41,53006.56,0.1981
109663,2,4.77,57826.46,0.2096
109664,1,4.72,31901.06,0.1554
109665,1,2.01,86986.75,0.1547
109666,3,3.04,75237.29,0.2254
109667,2,4.5,30421.84,0.2246
109668,2,4.89,26931.21,0.2013
109669,2,4.75,21701.24,0.183
109670,2,0.42,119385.34,0.1874
109672,2,3.22,127512.49,0.2121
109674,2,13.6,122949.26,0.1902
109675,1,4.26,77595.49,0.159
109676,2,2.84,123334.44,0.2007
109677,2,3.86,256420.18,0.1801
109678,3,3.96,241009.1,0.2361
109679,1,1.29,157985.37,0.1126
109681,4,1.15,192021.91,0.3345
109683,3,3.06,124056.46,0.2428
109684,2,2.28,148030.0,0.2237
109685,3,1.73,130447.34,0.2588
109686,2,0.92,119676.96,0.1992
109687,3,0.88,159750.98,0.2835
109688,4,7.48,110940.96,0.3031
109689,3,3.46,112053.93,0.2394
109690,2,0.99,112686.64,0.1834
109692,1,3.75,164298.91,0.1506
109693,1,2.33,75622.24,0.159
109694,2,1.52,74385.01,0.1786
109695,2,3.15,22280.18,0.1705
109696,2,4.16,21058.8,0.1853
109697,2,5.21,24315.82,0.1859
109698,2,5.12,9255.07,0.2055
109699,2,3.61,-5191.57,0.2051
109700,2,2.46,9631.18,0.1648
109701,3,3.72,82678.02,0.2806
109702,2,3.32,-5334.47,0.1942
109703,2,5.75,-3573.19,0.1831
109704,3,4.97,-5378.87,0.2304
109705,3,0.08,-877.35,0.2509
109708,1,1.64,145470.75,0.1561
109709,1,2.64,133603.76,0.1526
109710,1,2.45,207393.36,0.1565
109715,2,1.55,283884.19,0.195
109716,3,1.47,332725.97,0.2328
109719,2,0.34,327181.6,0.2056
109720,2,0.59,418754.29,0.1768
109724,4,2.09,480545.62,0.287
109725,2,1.02,275803.85,0.1864
109777,8,0.65,145072.44,0.4391
109784,8,84.0,125188.91,0.4521
109785,8,132.0,96772.19,0.4452
109797,6,144.0,116058.12,0.4106
109798,7,108.0,144659.5,0.4134
109799,7,78.0,154556.43,0.4154
109801,7,120.0,103684.43,0.4143
109819,7,60.0,151141.1,0.4162
109820,6,30.0,261768.81,0.4103
109841,6,54.0,232768.67,0.4041
109847,6,60.0,230096.49,0.3985
109848,6,90.0,215989.55,0.4004
109852,6,60.0,229430.4,0.3997
109853,6,54.0,215253.87,0.3974
109872,6,48.0,143172.49,0.3987
109873,6,108.0,91057.53,0.3965
109874,6,126.0,92015.5,0.3915
109902,3,4.6,29552.22,0.2663
109903,3,1.36,8652.97,0.25
110285,6,144.0,469697.12,0.3831
110286,7,36.0,536174.32,0.4142
110294,1,1.08,286463.61,0.131
110296,1,0.67,304346.78,0.1016
110297,1,3.67,324793.68,0.1164
110298,1,1.25,295651.98,0.1177
110299,1,1.51,310135.83,0.1234
110303,3,2.37,344221.47,0.2515
110329,3,0.81,1528865.68,0.2772
110331,3,0.51,99977.82,0.2334
110332,3,2.13,177348.46,0.2268
110339,3,1.67,228470.52,0.2403
110340,4,0.58,213874.9,0.2905
110343,2,3.66,145840.02,0.1842
110344,2,3.94,53673.42,0.1817
110345,2,4.23,56210.93,0.2129
110346,3,3.71,58979.35,0.2317
110347,3,3.79,57605.25,0.2581
110348,2,3.36,42918.58,0.1736
110349,2,1.65,81673.75,0.224
110350,2,4.04,47286.65,0.1936
110351,3,4.85,24948.08,0.2333
110352,2,4.53,21706.22,0.1968
110353,2,5.78,27548.56,0.1789
110354,2,0.44,99098.07,0.2
110356,2,1.93,117450.9,0.1912
110357,2,5.08,117761.58,0.2041
110358,2,0.73,114833.3,0.2003
110359,1,4.6,75291.5,0.1575
110360,2,1.21,81594.38,0.2131
110361,2,1.77,176903.9,0.1981
110362,2,0.61,166805.93,0.1871
110365,5,0.55,161180.13,0.3774
110366,4,3.41,197473.85,0.3319
110367,3,0.35,171376.57,0.2311
110369,1,4.02,180146.51,0.1515
110370,1,4.81,99110.31,0.1385
110371,1,0.29,100689.11,0.1548
110372,4,7.79,164798.36,0.2887
110373,4,0.56,167257.05,0.2959
110377,2,1.74,74605.27,0.1983
110378,2,2.41,41413.77,0.1911
110379,2,6.9,35521.57,0.1929
110380,3,5.25,16886.51,0.2268
110381,3,4.13,11309.27,0.2448
110382,2,2.95,11533.3,0.2087
110383,3,2.69,417.95,0.2529
110384,2,3.14,7059.66,0.2051
110385,3,4.1,87573.58,0.2738
110386,3,6.33,-7286.15,0.231
110387,2,3.05,-1444.21,0.1827
110388,2,2.44,-345.31,0.181
110389,3,1.3,3683.01,0.2261
110393,2,1.92,278917.03,0.1818
110400,3,1.24,291413.13,0.2319
110403,1,0.79,362576.24,0.1522
110404,2,6.48,436627.48,0.2032
110408,3,4.09,450061.25,0.2769
110409,2,3.46,309349.38,0.209
110410,1,0.89,826241.48,0.1081
110413,2,3.6,1441727.58,0.1886
110443,5,0.39,76194.69,0.375
110446,6,0.86,1337767.08,0.3831
110467,9,6.0,1414711.38,0.473
110468,9,42.0,175454.83,0.4624
110481,7,60.0,161342.0,0.4164
110483,7,162.0,107839.0,0.4139
110485,7,126.0,112339.14,0.4143
110503,6,162.0,102147.02,0.4063
110504,7,24.0,292487.24,0.4175
110523,6,54.0,199191.81,0.3967
110524,6,54.0,192305.1,0.3914
110532,6,60.0,236141.26,0.3983
110534,7,6.0,2045649.06,0.411
110536,6,48.0,254790.48,0.3958
110537,6,78.0,218149.22,0.3899
110554,6,6.0,1697549.5,0.4028
110557,6,6.0,1284495.09,0.4052
110580,3,0.14,62817.2,0.2781
110586,3,0.54,-5811.05,0.2617
110587,3,1.17,2905.77,0.2507
110588,3,2.71,194260.85,0.2449
110598,4,0.15,92506.35,0.2904
110600,7,48.0,141207.18,0.4173
110602,6,66.0,124011.68,0.3897
110616,3,1.26,4714501.83,0.2784
110619,4,3.0,2373398.89,0.3089
110625,5,6.0,1599965.28,0.3707
110969,6,6.0,1826731.06,0.3971
110970,4,6.0,8961551.09,0.3198
110978,1,1.73,323223.04,0.1235
110979,1,0.55,297633.14,0.1208
110980,1,1.56,286577.17,0.0743
110981,1,5.22,248790.89,0.09
110982,1,1.55,243136.28,0.0853
110983,1,0.23,358943.48,0.0673
111015,3,3.07,126465.51,0.2722
111018,3,1.72,261358.56,0.2492
111024,4,1.18,148508.38,0.2928
111025,2,0.09,191820.41,0.2118
111028,2,4.05,53719.54,0.207
111029,2,4.73,52713.06,0.1805
111030,2,4.13,53766.17,0.1955
111031,3,5.73,69115.91,0.2818
111032,2,2.96,62418.32,0.187
111033,3,6.63,120142.99,0.2578
111034,2,3.8,35356.16,0.1874
111035,2,3.82,30618.04,0.2206
111036,2,3.15,23851.55,0.2103
111037,2,5.12,18894.13,0.1857
111038,2,2.62,28648.18,0.2111
111039,2,2.74,21707.58,0.1824
111040,1,1.79,113370.87,0.1562
111042,2,1.98,146725.35,0.2168
111043,2,4.48,71504.09,0.2053
111044,2,2.35,77228.25,0.1749
111045,2,1.87,77254.0,0.1795
111051,1,2.93,202872.69,0.1536
111052,1,2.0,131116.42,0.1486
111053,1,1.99,109898.8,0.1472
111054,1,2.38,104871.83,0.1394
111055,1,1.03,106494.26,0.1315
111061,3,3.48,47909.1,0.2414
111062,3,4.52,85625.0,0.2507
111063,3,2.38,36740.01,0.249
111064,3,3.66,21601.66,0.249
111065,4,3.81,22056.77,0.2895
111066,3,2.71,84270.97,0.2623
111070,4,3.28,82042.57,0.3132
111071,3,6.52,20678.58,0.2674
111072,3,3.67,24000.11,0.2397
111073,2,1.91,47697.43,0.2245
111074,3,1.35,126034.75,0.2358
111080,1,0.57,199095.23,0.1373
111081,1,0.51,194768.65,0.1624
111083,1,2.99,222570.27,0.1393
111084,2,0.77,229118.04,0.223
111087,1,0.65,428697.72,0.148
111089,2,1.5,1864771.53,0.1677
111091,5,0.84,595363.62,0.3616
111092,3,1.61,593211.1,0.2745
111093,2,5.5,534055.75,0.2161
111109,6,6.0,1335409.93,0.3907
111141,9,30.0,222918.11,0.4594
111142,9,72.0,128817.69,0.4618
111143,9,54.0,119013.88,0.4678
111144,9,54.0,114393.74,0.4684
111167,7,48.0,184318.32,0.4224
111168,6,42.0,190281.6,0.4099
111169,7,60.0,145046.53,0.4193
111187,6,114.0,145177.44,0.406
111206,6,48.0,215994.56,0.3919
111207,6,66.0,222096.23,0.3949
111208,6,36.0,283780.75,0.3876
111209,6,60.0,223390.3,0.3879
111212,6,60.0,267807.09,0.4106
111215,6,54.0,246066.65,0.3947
111216,6,24.0,400085.39,0.4021
111218,6,6.0,11008822.84,0.4034
111262,3,1.01,45866.69,0.2743
111263,3,2.3,-12198.32,0.2729
111264,3,3.32,32670.04,0.265
111270,3,2.02,-20350.87,0.2534
111271,3,1.78,44658.44,0.2531
111283,6,40.0,159147.17,0.3839
111284,6,6.0,1335863.02,0.3899
111285,7,90.0,153845.47,0.4283
111648,2,1.2,10392930.3,0.2206
111655,2,6.0,2165614.55,0.1982
111663,1,3.79,293128.74,0.0921
111664,1,1.08,285083.55,0.1072
111665,1,0.42,301176.38,0.0855
111666,1,2.17,235474.53,0.0578
111667,1,0.12,344220.52,0.0613
111702,2,1.79,127101.41,0.1868
111703,2,1.62,109386.71,0.1955
111707,3,2.49,172271.19,0.2586
111708,3,0.84,194966.99,0.2786
111709,2,0.67,1453679.36,0.1916
111711,3,1.62,144674.88,0.2375
111712,3,4.05,64073.77,0.2652
111713,3,3.01,60076.1,0.2355
111714,2,2.46,61904.1,0.1793
111715,2,1.53,148036.18,0.2005
111716,3,0.37,120947.18,0.2765
111717,2,1.66,59651.47,0.19
111718,2,2.37,90513.96,0.1708
111719,2,1.41,124551.51,0.2227
111720,2,4.01,20063.6,0.2111
111721,2,3.6,12264.91,0.2136
111722,2,5.01,11447.48,0.2242
111723,2,4.34,10284.22,0.1912
111724,1,1.31,96854.53,0.1537
111725,1,1.44,147904.51,0.1571
111726,2,3.63,170391.17,0.2022
111727,2,6.81,69457.82,0.1902
111728,1,5.53,70841.24,0.14
111729,1,3.9,80383.99,0.1361
111730,2,1.37,336319.72,0.1745
111732,2,1.51,160681.0,0.21
111733,2,2.8,121438.89,0.207
111734,1,0.29,120127.72,0.1643
111735,1,1.04,171559.0,0.1274
111736,1,2.69,112341.19,0.1349
111737,1,5.37,65940.33,0.138
111738,1,5.04,80666.13,0.151
111739,1,3.13,93497.56,0.1405
111745,3,2.26,99302.37,0.24
111746,3,1.98,262422.75,0.2838
111747,3,2.3,50877.12,0.2838
111748,3,4.22,28875.61,0.2728
111749,3,0.89,34387.15,0.267
111754,3,0.01,96537.78,0.2636
111757,3,1.46,97711.58,0.2451
111758,1,1.52,103441.46,0.1621
111759,1,1.38,85262.34,0.1184
111760,1,0.26,146695.64,0.1146
111764,1,2.87,133463.46,0.134
111765,1,2.85,196409.23,0.1455
111769,3,1.5,1758353.08,0.2259
111770,1,1.29,534853.45,0.1421
111796,6,6.0,1379636.2,0.3949
111800,6,6.0,1343057.78,0.3986
111811,5,6.0,1409522.58,0.3745
111825,9,30.0,200593.99,0.4574
111826,9,54.0,114722.46,0.461
111827,9,6.0,1353300.6,0.4722
111852,7,6.0,1385420.49,0.4239
111853,7,120.0,112989.21,0.4115
111855,6,60.0,125873.85,0.4083
111893,6,6.0,1463819.94,0.4027
111894,6,60.0,238979.41,0.3917
111896,6,126.0,236551.83,0.3866
111897,6,66.0,323291.49,0.3992
111917,5,6.0,6015121.46,0.3526
111947,3,2.42,-22282.72,0.2553
111948,3,2.36,53073.81,0.2637
111967,6,36.0,162012.95,0.3818
111976,3,0.42,284107.18,0.2663
111977,3,1.2,1601171.11,0.2341
111983,3,1.2,3953599.35,0.2783
112347,1,2.48,247750.49,0.106
112348,1,1.68,196175.29,0.0976
112349,1,2.18,225936.19,0.0858
112350,1,8.54,293328.02,0.0741
112351,1,1.9,386663.06,0.0679
112386,2,2.34,66587.62,0.2131
112387,2,1.53,150876.57,0.1807
112391,3,5.09,164751.95,0.2528
112392,3,0.15,136653.79,0.2453
112395,3,4.06,91990.76,0.2779
112396,3,4.8,72980.5,0.2384
112397,4,4.59,66424.84,0.2973
112398,2,4.06,60748.18,0.2195
112399,2,1.2,59843.11,0.1952
112400,3,2.0,63286.34,0.2519
112401,3,4.52,40507.1,0.229
112402,2,0.7,115087.86,0.1925
112403,3,2.77,45262.19,0.2292
112404,3,4.3,35363.72,0.2763
112405,3,4.59,9339.82,0.2552
112406,3,4.47,2096.54,0.2317
112407,2,5.17,13475.49,0.1857
112408,1,1.07,143726.68,0.1592
112410,2,2.0,1455317.04,0.2136
112411,2,3.84,71470.79,0.1908
112412,2,2.5,125212.95,0.165
112413,1,0.98,107500.63,0.1246
112415,5,2.08,269259.4,0.3482
112416,3,2.03,118465.6,0.2426
112417,2,4.34,144334.16,0.2008
112418,1,5.39,98103.3,0.1595
112419,1,2.9,86128.77,0.1161
112420,1,4.92,110415.38,0.1364
112421,1,4.74,81763.7,0.1492
112422,1,4.23,74979.73,0.1539
112423,1,4.47,82091.02,0.1335
112424,1,7.02,150207.81,0.1387
112430,2,1.32,98144.88,0.2217
112431,2,2.64,26893.78,0.2135
112432,2,3.28,25168.1,0.2179
112433,2,0.68,50544.21,0.1979
112441,3,2.38,50395.11,0.2261
112442,1,3.34,101982.38,0.1335
112443,1,1.48,160274.22,0.1209
112444,1,0.39,230428.99,0.1011
112447,3,0.61,377886.53,0.2419
112448,2,0.21,287703.49,0.1895
112449,1,4.92,271115.57,0.1444
112451,1,0.44,2184592.41,0.13
112459,4,0.53,618521.87,0.2938
112540,7,54.0,138307.33,0.4146
112547,6,6.0,1424697.08,0.3912
112568,6,6.0,1424605.64,0.3996
112574,6,6.0,1571664.44,0.3985
112578,6,60.0,229550.24,0.3918
112579,6,60.0,237643.2,0.3907
112580,6,60.0,284210.21,0.3889
112581,6,42.0,399416.56,0.3994
112582,6,6.0,2857946.72,0.3942
112588,6,108.0,207416.78,0.3855
112589,6,6.0,1465338.41,0.4022
112630,4,0.97,69845.15,0.287
112631,3,3.81,72044.56,0.2675
112632,3,0.89,1256911.23,0.266
112660,3,1.61,264861.64,0.2302
112666,4,1.87,4009577.53,0.2908
113022,2,2.85,343947.43,0.2071
113031,1,1.74,273943.68,0.1012
113032,1,2.61,202744.34,0.0976
113033,1,1.36,175244.9,0.0684
113034,1,4.48,246848.94,0.0664
113070,3,3.74,158306.5,0.28
113073,3,1.68,199356.59,0.2335
113074,3,0.2,234855.05,0.2491
113075,3,0.46,187607.82,0.2658
113076,3,4.89,122759.75,0.2508
113077,2,2.59,168426.17,0.1897
113078,2,3.08,89070.73,0.207
113079,4,4.7,91603.86,0.2913
113080,2,3.43,68955.58,0.2155
113081,2,3.58,84795.79,0.2187
113082,3,3.3,74710.45,0.2477
113083,3,3.9,56563.03,0.2267
113084,2,2.74,46378.27,0.2098
113085,3,2.3,47353.74,0.2322
113086,2,2.95,76327.74,0.2098
113087,3,4.16,35150.9,0.268
113088,4,2.26,26124.19,0.3086
113089,3,2.44,4793.6,0.2573
113090,2,5.16,4811.09,0.2203
113091,2,0.23,67150.88,0.1663
113093,2,1.22,157184.89,0.1705
113094,2,3.7,158713.12,0.2016
113095,2,3.61,46924.69,0.1707
113096,2,3.02,132457.87,0.1905
113097,1,1.93,97255.22,0.1483
113100,4,2.68,154848.27,0.3031
113101,2,1.67,86629.94,0.1876
113102,1,3.61,71569.47,0.113
113103,1,3.99,80060.5,0.1102
113104,1,10.55,249049.6,0.1334
113105,2,1.8,173179.8,0.1971
113106,2,4.57,103322.55,0.166
113107,1,3.03,75928.63,0.1564
113114,2,1.64,52289.95,0.2125
113115,2,3.37,7489.05,0.1696
113116,1,2.43,27155.35,0.1534
113117,1,1.29,37645.82,0.1449
113121,2,0.45,73410.37,0.2129
113126,1,0.39,110839.5,0.1144
113128,1,0.67,95891.77,0.1068
113129,2,0.61,141513.44,0.1719
113132,3,1.08,439613.91,0.2357
113149,2,6.0,11840001.04,0.1952
113206,8,54.0,122752.11,0.4488
113207,8,54.0,129566.99,0.4445
113214,8,60.0,91626.06,0.445
113224,6,120.0,97117.21,0.4028
113225,6,48.0,132760.01,0.4054
113333,4,66.0,85847.03,0.2987
113344,2,0.31,330774.92,0.1915
113351,4,0.98,973794.73,0.2916
113716,1,0.44,334636.95,0.1343
113717,1,2.55,237016.27,0.0755
113758,3,0.53,165097.98,0.2542
113759,2,0.71,99755.39,0.2245
113760,3,9.13,109794.7,0.2727
113761,2,5.6,89938.75,0.2195
113762,2,3.98,73880.41,0.2072
113763,3,2.81,76249.02,0.2793
113764,3,3.78,77608.34,0.2762
113765,2,1.66,180757.2,0.1852
113766,2,1.6,82627.1,0.1932
113767,3,4.15,55481.96,0.2407
113768,2,3.72,40099.75,0.2247
113769,2,3.02,42238.09,0.2062
113770,2,3.22,42492.52,0.2006
113771,3,4.98,33934.04,0.2489
113772,4,4.28,20781.07,0.2914
113773,3,4.6,22060.32,0.2638
113774,3,5.49,40354.34,0.2414
113775,2,3.67,119657.58,0.1742
113776,2,0.42,177734.35,0.1789
113778,2,2.11,146102.06,0.1795
113779,1,3.8,90078.72,0.1634
113780,2,2.98,84090.28,0.1959
113781,2,0.3,158986.39,0.1734
113782,3,0.27,153822.52,0.2348
113783,4,0.98,124354.27,0.3325
113784,3,1.07,147375.67,0.2522
113785,2,2.78,109478.1,0.1786
113786,1,5.03,147139.1,0.1347
113790,2,1.65,152294.31,0.1747
113791,2,5.36,80400.44,0.1677
113792,2,0.06,94931.71,0.171
113798,2,1.8,109686.47,0.1902
113799,1,2.52,44709.06,0.1579
113800,1,3.51,81841.99,0.1389
113805,2,2.43,92666.52,0.1867
113806,1,2.23,45045.63,0.1301
113807,1,6.59,106820.28,0.097
113808,1,2.31,85027.07,0.1362
113809,1,0.44,109687.49,0.1183
113810,1,1.56,123660.85,0.1337
113811,1,0.86,91618.96,0.1269
113812,1,1.27,85488.64,0.1488
113813,3,2.35,178569.27,0.2429
113814,1,2.08,632930.23,0.0954
113816,1,1.4,644904.33,0.1127
113818,1,4.0,1740360.74,0.1559
113821,1,1.36,486403.55,0.1372
113846,6,0.81,1315128.23,0.4064
113886,8,102.0,94094.13,0.4566
113887,9,54.0,134618.49,0.4609
113895,8,36.0,187648.94,0.4559
113908,6,60.0,129058.56,0.41
113909,7,54.0,133795.05,0.4119
113933,6,6.0,1421841.65,0.4068
113941,6,60.0,254591.44,0.3968
114023,4,2.79,104180.44,0.325
114024,3,6.62,69544.03,0.2374
114025,3,0.41,134735.59,0.2315
114035,3,1.89,675318.92,0.2836
114036,3,1.96,782890.31,0.2754
114402,1,2.34,354016.37,0.0783
114441,3,2.06,162160.71,0.2779
114442,4,1.82,110505.28,0.2893
114443,3,2.91,147016.44,0.2407
114444,4,1.09,140242.28,0.305
114445,3,5.88,114624.99,0.2672
114446,2,4.7,95618.4,0.2087
114447,3,2.94,84358.15,0.2594
114448,4,4.77,84901.4,0.3028
114449,2,1.72,59728.48,0.1806
114450,2,1.69,62782.86,0.1748
114451,3,1.69,63787.37,0.2515
114452,3,3.46,38908.33,0.2526
114453,3,4.36,55961.75,0.2569
114454,3,3.78,42648.66,0.2433
114455,3,6.43,25042.06,0.2666
114456,4,4.29,26326.67,0.2861
114457,4,3.11,31447.35,0.2893
114458,3,6.36,53045.87,0.2779
114459,2,2.47,174630.49,0.2053
114462,1,2.48,141698.41,0.1363
114463,1,1.02,78483.79,0.1553
114464,2,4.73,168524.91,0.2102
114465,3,0.79,235754.89,0.2519
114466,3,2.59,91518.16,0.226
114467,4,4.64,46289.49,0.3046
114468,3,10.98,95188.75,0.2357
114469,2,0.8,204019.68,0.1717
114474,1,0.37,309872.18,0.157
114475,1,3.08,167049.13,0.154
114476,1,4.57,131936.26,0.1591
114477,1,2.0,232971.88,0.1464
114481,1,1.2,89229.3,0.1582
114482,2,2.33,43502.63,0.1711
114483,1,5.59,78589.02,0.1614
114484,1,1.83,165073.14,0.1491
114490,1,0.79,27546.15,0.1406
114492,1,0.75,89744.87,0.0998
114495,1,1.32,106729.68,0.1604
114501,1,2.0,1843768.88,0.1217
114511,4,0.34,525162.1,0.3131
114570,8,186.0,56340.0,0.4395
114571,8,156.0,59349.46,0.4517
114572,9,48.0,116794.41,0.4624
114579,8,48.0,131795.49,0.4457
114592,7,6.0,1343191.65,0.4233
114593,7,90.0,104847.15,0.4174
114624,7,6.0,1493063.52,0.4108
114625,6,60.0,275474.89,0.3996
114626,6,30.0,387466.06,0.3963
114640,6,6.0,1524887.32,0.401
114708,2,0.78,90372.17,0.1903
114709,2,1.58,217152.03,0.2087
114711,3,0.41,131627.79,0.2792
115086,1,0.49,399200.28,0.0535
115126,4,0.79,172054.78,0.2935
115127,3,0.86,173296.15,0.2738
115131,3,3.79,118893.97,0.2619
115132,4,4.88,97573.74,0.2887
115133,2,3.98,50466.66,0.2127
115134,2,2.73,58975.97,0.2206
115135,3,4.2,52377.82,0.2379
115136,3,4.32,56108.45,0.2759
115137,4,3.89,70938.86,0.3314
115138,4,3.37,41924.11,0.306
115139,4,28.87,33929.15,0.2992
115140,4,4.8,38097.22,0.3069
115141,3,3.87,38395.31,0.2712
115142,3,2.83,99414.62,0.2794
115144,2,1.93,164086.91,0.2058
115145,2,0.89,116241.93,0.1819
115146,1,2.87,134019.75,0.1274
115147,1,3.91,134899.62,0.1625
115150,5,1.22,166724.62,0.354
115151,3,3.59,56783.78,0.271
115152,2,9.92,146843.5,0.225
115155,3,2.84,162311.84,0.239
115156,3,3.56,201477.35,0.2435
115158,1,4.0,296274.99,0.1383
115159,1,1.3,162726.14,0.1562
115160,1,0.03,235156.65,0.1608
115161,1,0.77,257690.58,0.1395
115164,2,1.01,159363.75,0.1682
115165,1,4.24,85781.39,0.1611
115166,2,6.22,131796.53,0.1734
115168,1,3.77,217270.29,0.1621
115175,2,0.92,1435270.92,0.1928
115179,1,1.85,163229.61,0.1614
115180,1,0.13,189042.72,0.1192
115182,2,0.29,334906.1,0.2199
115195,4,1.8,617514.41,0.2895
115196,2,2.08,261342.08,0.1789
115197,1,1.98,258244.51,0.1599
115209,5,120.0,39254.57,0.3753
115254,8,54.0,104467.36,0.4366
115255,8,48.0,117727.69,0.455
115261,8,66.0,106355.92,0.4444
115262,7,54.0,112621.23,0.4281
115265,8,102.0,80716.82,0.4482
115266,8,60.0,96117.07,0.4425
115303,6,42.0,212599.67,0.4015
115309,6,24.0,429414.52,0.403
115392,3,3.69,113126.21,0.2452
115395,3,1.1,157376.38,0.2349
115812,4,0.35,181511.13,0.3353
115813,3,1.22,177314.52,0.2405
115814,3,3.03,191389.7,0.2638
115815,3,2.7,127163.7,0.2704
115816,4,2.42,143822.09,0.3191
115817,3,5.46,84601.31,0.2516
115818,4,7.07,93001.8,0.3146
115819,3,5.89,65209.82,0.2613
115820,4,3.25,66176.92,0.2946
115821,4,3.09,56010.7,0.3373
115822,4,2.86,90934.93,0.3126
115823,4,3.86,66776.04,0.2863
115824,4,6.27,89456.43,0.3172
115825,4,3.67,94007.02,0.2871
115827,2,1.03,179451.52,0.1672
115828,3,3.82,111321.03,0.23
115829,2,2.34,134498.46,0.1956
115831,2,0.23,191121.99,0.2016
115835,3,2.88,67259.45,0.2272
115842,1,1.92,385598.7,0.1377
115843,1,11.24,260404.46,0.1545
115844,1,12.3,305318.37,0.1594
115845,1,4.8,330133.9,0.1445
115859,3,0.6,1412059.45,0.2564
115863,2,1.32,189333.61,0.1693
115864,1,3.94,150456.99,0.1042
115865,1,0.7,220540.3,0.0924
115881,2,1.12,269968.71,0.1717
115882,2,0.94,278088.25,0.2158
115892,5,102.0,52437.61,0.3772
115893,5,198.0,-2013.25,0.3697
115894,5,156.0,17291.58,0.3795
115895,6,60.0,65876.78,0.3929
115946,8,120.0,70099.09,0.443
115949,8,72.0,91445.85,0.447
115950,8,60.0,95017.72,0.4473
115996,6,6.0,1458307.88,0.4025
116006,6,6.0,1488405.74,0.4075
116023,4,1.58,164976.34,0.3043
116049,3,1.11,32805.91,0.2753
116086,4,1.37,443306.82,0.2899
116087,4,0.87,590795.71,0.2872
116090,4,1.75,146654.14,0.2912
116497,2,2.75,224143.99,0.2155
116498,4,2.95,251289.54,0.2969
116499,3,4.16,135060.9,0.2623
116500,4,2.11,135031.36,0.3163
116501,3,2.34,107682.36,0.2521
116502,5,2.69,134233.88,0.3508
116503,4,0.73,94747.76,0.3232
116504,3,4.15,64622.86,0.2838
116505,4,3.72,61797.24,0.287
116506,3,0.63,135191.55,0.2838
116507,3,2.88,71798.67,0.2773
116508,2,3.43,137976.44,0.2164
116509,2,2.8,112939.83,0.1943
116512,2,6.84,94227.64,0.215
116513,3,0.79,186357.32,0.2329
116514,2,2.5,160505.49,0.1838
116515,2,1.52,204374.7,0.1718
116516,3,0.23,193801.71,0.2695
116517,2,2.04,100598.84,0.1769
116518,3,5.41,133374.49,0.2659
116519,2,4.59,86531.52,0.1859
116536,3,2.13,140200.34,0.2353
116542,1,1.28,46218.09,0.1611
116547,1,0.11,129120.17,0.1559
116548,1,1.14,155913.5,0.1229
116564,3,2.09,286238.05,0.2668
116565,3,0.25,310324.47,0.2559
116577,5,60.0,65820.01,0.3742
116578,6,48.0,85121.27,0.3979
116579,6,60.0,67807.79,0.3974
116582,7,6.0,1323189.81,0.4208
116587,7,72.0,96817.89,0.4215
116588,7,150.0,69451.61,0.4186
116732,3,3.69,30338.98,0.2641
116733,3,1.97,-42919.91,0.2629
116734,3,3.75,-34847.15,0.2576
116773,4,0.8,154036.73,0.2976
116774,4,2.42,75969.64,0.2885
117183,3,0.55,173099.24,0.2532
117184,4,5.37,82954.45,0.3397
117185,3,3.65,75449.97,0.2844
117186,4,6.02,90333.45,0.3214
117187,4,4.38,84913.79,0.3134
117188,3,4.08,81531.93,0.2363
117189,2,5.3,57538.61,0.2199
117191,2,2.4,125339.73,0.1746
117192,2,1.3,183167.55,0.171
117193,1,0.53,249821.36,0.1553
117196,3,4.89,102234.68,0.2263
117197,2,0.97,167463.64,0.1697
117198,2,0.2,218807.91,0.18
117201,1,0.25,126399.44,0.1187
117204,1,0.98,59479.15,0.1612
117205,2,1.86,60393.62,0.1824
117206,1,2.86,90064.26,0.1641
117207,1,2.19,127288.66,0.1524
117208,2,1.35,180863.43,0.1846
117210,2,1.93,292592.21,0.1888
117211,2,1.64,310179.72,0.1919
117226,2,1.61,29874.91,0.1731
117227,1,2.18,83211.91,0.1299
117228,1,1.69,92846.23,0.0731
117229,1,2.44,161040.64,0.0775
117230,1,1.33,127559.2,0.0856
117231,1,1.91,137009.78,0.1003
117232,1,0.97,129422.24,0.1081
117245,3,1.33,1319469.65,0.2372
117247,3,7.83,255450.16,0.282
117248,3,2.12,274548.13,0.2573
117249,4,3.1,272923.32,0.2916
117250,2,0.74,426455.4,0.2203
117258,5,60.0,72325.06,0.366
117259,5,144.0,27123.25,0.3517
117260,5,60.0,65670.67,0.353
117265,6,84.0,62308.84,0.3965
117266,6,102.0,55979.07,0.4033
117278,9,6.0,1359762.72,0.4585
117279,8,120.0,80372.81,0.4451
117280,8,114.0,84871.71,0.447
117281,8,132.0,77980.93,0.4447
117291,5,0.22,144608.92,0.3808
117304,9,48.0,109562.67,0.4599
117305,9,30.0,195881.6,0.4648
117306,9,60.0,81694.11,0.4659
117390,4,1.82,-2018.71,0.2894
117391,4,0.28,80847.12,0.3064
117396,4,0.91,193186.95,0.3218
117416,3,1.5,-2148.81,0.2492
117417,3,3.02,-39466.13,0.2632
117418,3,2.39,-7481.93,0.2533
117419,3,1.0,29361.62,0.2735
117812,2,0.74,228479.16,0.2087
117813,1,0.2,220021.35,0.1364
117868,6,1.02,1474771.69,0.3861
117869,4,5.82,112473.6,0.2996
117870,4,4.25,68600.03,0.2949
117871,3,6.37,70496.94,0.2612
117872,3,2.52,146690.52,0.2576
117874,3,1.94,1479536.02,0.2686
117875,2,1.86,185590.52,0.2236
117877,1,1.07,206159.91,0.161
117880,2,3.33,92881.7,0.1776
117881,2,0.6,211940.61,0.1973
117888,2,3.77,130890.22,0.1871
117889,2,3.17,64565.44,0.1786
117890,1,5.38,124645.25,0.1612
117891,1,0.73,113156.61,0.1518
117892,2,3.36,134819.53,0.1673
117893,2,2.41,67041.06,0.19
117896,2,0.17,113163.97,0.1801
117902,3,2.67,85990.16,0.2392
117903,2,0.99,74577.62,0.2022
117905,2,1.29,117883.18,0.1905
117906,3,2.57,133090.05,0.2424
117907,4,3.65,131289.62,0.3142
117908,4,0.21,128744.54,0.2907
117912,1,2.4,136313.05,0.1081
117914,1,0.22,125872.85,0.0897
117931,3,5.78,286555.23,0.2823
117932,2,0.47,287688.69,0.2161
117935,3,1.75,1280600.04,0.2823
117940,5,84.0,80813.04,0.3496
117941,5,54.0,83350.5,0.3456
117942,5,54.0,74701.53,0.3667
117948,6,180.0,-2425.13,0.3944
117949,6,168.0,15955.86,0.4003
117950,6,54.0,75502.56,0.4092
117994,7,1.04,90143.21,0.4238
117995,7,0.69,38739.67,0.4254
118057,5,6.0,1548773.85,0.3761
118074,4,3.0,63644.32,0.319
118100,3,4.56,34187.73,0.25
118101,3,2.03,36320.71,0.2573
118102,3,3.4,33336.75,0.2608
118127,4,2.09,146775.05,0.3097
118493,2,3.16,272242.02,0.1826
118495,2,0.33,236868.43,0.2246
118496,2,0.32,392887.05,0.1747
118554,3,4.06,82562.24,0.2487
118555,3,0.72,61937.29,0.2451
118559,2,1.97,150607.69,0.1801
118560,1,1.72,164500.58,0.1451
118561,2,0.51,235105.74,0.1751
118562,2,2.3,237301.01,0.2146
118563,2,3.94,124385.29,0.1992
118564,2,4.28,142685.25,0.1705
118565,1,1.32,143034.28,0.1442
118566,2,0.01,337923.17,0.1868
118568,3,1.31,120449.07,0.2276
118570,2,5.07,110479.85,0.2144
118572,2,0.84,135959.47,0.2003
118573,2,3.13,139980.93,0.1875
118577,2,2.4,213958.31,0.1992
118578,3,11.4,158612.22,0.2442
118585,2,2.67,141200.93,0.1817
118586,2,0.63,163500.0,0.2195
118590,1,2.34,45481.71,0.1468
118591,3,0.89,114725.48,0.2778
118594,1,7.25,78559.03,0.1394
118595,1,0.57,36924.67,0.1302
118611,3,2.67,284733.5,0.2781
118615,4,6.44,322672.4,0.3206
118616,4,0.53,337179.61,0.3045
118623,5,6.0,1347334.14,0.3523
118624,5,66.0,85409.83,0.3422
118632,5,48.0,72785.69,0.3771
118634,7,36.0,130555.21,0.4204
118636,7,6.0,1309974.77,0.4291
118637,8,30.0,165835.47,0.4367
118638,7,90.0,59003.02,0.4274
118639,7,138.0,37116.16,0.4212
118640,7,66.0,77828.81,0.432
118650,9,6.0,1354728.78,0.4613
118678,7,1.25,99150.98,0.4127
118679,7,2.79,5026.84,0.4169
118680,7,0.4,51269.29,0.4196
118813,3,0.51,152259.08,0.2754
118814,4,1.75,177546.43,0.3018
119176,5,21.82,1906002.46,0.3529
119177,2,1.65,289424.07,0.2061
119179,2,2.38,228869.13,0.1823
119180,1,1.63,189853.32,0.1581
119181,1,2.12,154003.97,0.1168
119238,3,3.14,80347.52,0.252
119239,2,3.57,92942.12,0.2253
119240,3,1.23,86611.66,0.2304
119242,2,0.98,149318.98,0.1777
119243,1,2.58,160366.07,0.1596
119244,1,2.69,201370.27,0.1468
119245,2,4.65,227781.43,0.1859
119249,2,0.62,145789.83,0.2035
119250,2,0.59,215736.27,0.1838
119254,4,0.26,349458.71,0.2941
119255,3,1.32,120561.38,0.2463
119260,2,1.55,116413.97,0.1969
119269,2,4.22,136563.0,0.1832
119270,2,2.59,134485.97,0.1748
119271,2,0.59,125596.14,0.2043
119272,2,1.75,28307.19,0.1738
119273,1,5.5,10512.27,0.1331
119274,1,4.97,12394.02,0.1222
119275,1,0.32,51568.85,0.1233
119276,4,5.04,57441.62,0.2909
119277,4,1.51,68157.47,0.2862
119278,2,1.2,60230.06,0.1663
119279,1,1.48,51320.09,0.1447
119322,7,54.0,73046.63,0.4329
119323,7,60.0,69662.38,0.4175
119343,9,60.0,81009.49,0.4628
119344,9,60.0,91469.1,0.4621
119363,8,2.77,114685.92,0.438
119364,6,6.21,112711.53,0.4051
119437,4,2.08,85023.95,0.3206
119481,3,0.63,55721.38,0.2292
119482,3,2.5,73943.66,0.2523
119485,6,54.0,41702.67,0.4093
119486,7,54.0,43679.74,0.4285
119496,4,0.42,132832.94,0.3134
119497,4,1.89,106405.71,0.3365
119859,2,0.24,281047.61,0.1979
119862,2,3.0,1623280.34,0.169
119865,1,5.24,171274.17,0.093
119866,1,1.4,196698.18,0.1007
119867,2,0.86,1585966.53,0.169
119922,3,4.31,121175.99,0.2798
119923,2,2.42,130519.13,0.2206
119924,3,1.31,150165.81,0.2693
119925,2,1.31,136007.86,0.2044
119926,2,0.73,163528.3,0.2073
119928,2,4.32,251258.14,0.2252
119929,2,3.21,218891.45,0.1896
119930,2,2.99,341941.99,0.1948
119933,2,2.83,225946.67,0.2176
119936,3,0.71,495990.76,0.2571
119937,2,1.06,476086.12,0.2195
119944,3,1.57,116634.46,0.2449
119954,1,0.98,58507.2,0.1588
119955,1,1.12,39116.77,0.1608
119956,1,2.95,2034.69,0.1616
119957,1,3.48,15040.99,0.1307
119958,1,2.72,8283.37,0.1211
119959,1,3.43,18763.71,0.106
119960,1,0.59,97021.54,0.1386
119961,2,1.43,111450.13,0.2047
119962,3,2.1,124613.08,0.2503
119965,1,0.21,119351.88,0.1513
119977,3,1.41,311524.25,0.2507
119980,3,0.86,1350486.41,0.2615
119982,6,1.2,216910.44,0.3897
120027,9,42.0,136611.73,0.46
120028,9,78.0,85746.43,0.4612
120180,4,0.55,22882.88,0.3289
120181,6,0.36,82687.59,0.3871
120545,5,6.0,1947414.78,0.3403
120548,1,2.08,214761.27,0.1309
120549,2,0.77,201321.04,0.1739
120550,1,2.76,169606.98,0.1252
120605,3,6.13,135304.1,0.2509
120606,4,1.87,142105.69,0.2922
120607,3,1.26,190465.68,0.2524
120608,4,0.11,1589748.39,0.3
120609,3,1.67,489208.83,0.2487
120611,3,1.58,309584.73,0.2356
120612,3,4.24,252505.65,0.2671
120613,3,0.43,267757.87,0.2332
120615,3,2.13,290815.23,0.2751
120617,3,0.61,345794.7,0.2301
120618,4,1.4,517391.53,0.3264
120619,3,4.99,345492.47,0.2346
120620,2,2.5,480152.51,0.2059
120621,2,2.13,315730.99,0.1672
120624,4,3.0,1417791.33,0.2863
120627,3,2.82,168325.68,0.2291
120628,3,2.54,202002.81,0.2694
120636,2,0.36,83033.26,0.1867
120637,2,5.27,114786.17,0.2177
120638,2,2.0,29383.14,0.1975
120639,2,3.45,20093.7,0.1717
120640,1,3.76,7064.59,0.16
120641,2,2.53,-1953.72,0.1662
120642,1,2.25,3422.07,0.1564
120643,1,2.1,191190.53,0.124
120644,1,3.33,19991.16,0.1159
120645,1,0.09,52725.61,0.1293
120647,2,1.94,105160.12,0.2202
120648,1,0.36,69961.73,0.1561
120649,1,2.1,140051.04,0.122
120659,2,0.27,161118.25,0.1786
120664,3,0.09,125027.94,0.2638
120670,2,0.56,164268.06,0.214
120671,2,9.09,90751.4,0.2019
120672,2,5.62,64508.21,0.1867
120712,9,6.0,1324708.94,0.4696
120719,8,60.0,94758.01,0.4509
120720,9,192.0,25389.85,0.4573
120721,9,114.0,49617.06,0.4615
120722,9,54.0,80840.65,0.4652
120766,5,0.11,134206.67,0.3538
120831,4,2.29,-1514.14,0.2875
120832,3,0.92,-47241.57,0.2779
120858,2,2.31,77145.95,0.2081
120859,2,0.88,92592.97,0.2204
120863,3,0.27,6874.2,0.249
120864,4,6.59,10641.32,0.3391
121227,1,0.49,278967.28,0.0822
121228,1,1.64,281046.47,0.1439
121233,1,1.13,209447.94,0.1414
121234,1,2.3,165012.86,0.1388
121235,2,0.93,195290.61,0.1675
121288,5,3.58,220198.52,0.3497
121289,4,0.78,177905.88,0.3125
121290,4,2.89,288342.55,0.2854
121291,5,4.55,244257.99,0.3449
121296,3,2.8,293477.99,0.2481
121297,3,3.12,244693.94,0.2548
121298,3,1.97,294024.47,0.2587
121299,3,0.87,262475.2,0.2591
121301,3,0.29,297412.08,0.2604
121302,3,1.25,355610.13,0.2603
121303,2,2.59,262217.5,0.1871
121304,2,3.0,1448904.66,0.1809
121320,2,2.0,52328.9,0.1794
121321,3,2.44,114766.79,0.2648
121322,3,4.34,39068.23,0.2513
121323,3,3.76,18783.8,0.2519
121324,2,2.83,7261.24,0.1821
121325,1,2.37,4767.15,0.1553
121326,2,6.53,7248.84,0.168
121327,2,0.16,-4046.65,0.1761
121328,1,3.38,69136.33,0.1634
121329,1,5.43,105889.47,0.1387
121330,2,2.69,107459.79,0.1815
121333,1,6.84,297094.02,0.1137
121338,2,1.64,1373932.68,0.221
121349,5,2.46,122256.51,0.3506
121350,4,0.97,94525.82,0.3227
121354,3,1.25,108120.22,0.2345
121355,3,2.63,69356.47,0.2325
121356,2,2.31,74944.42,0.2203
121372,4,1.65,59976.13,0.334
121373,4,2.22,55818.53,0.3367
121393,7,2.87,85587.82,0.4216
121394,9,60.0,92661.42,0.4713
121403,9,6.0,1367641.4,0.4569
121404,9,54.0,99942.89,0.4598
121405,10,6.0,1321916.99,0.4864
121438,5,6.0,1520748.48,0.3811
121450,5,2.15,151084.45,0.3491
121492,4,1.56,42899.76,0.3077
121493,4,3.49,66327.64,0.3049
121516,3,1.67,-33546.1,0.2758
121517,3,1.01,57714.3,0.2761
121542,3,2.4,1269716.14,0.2353
121543,2,1.29,38421.9,0.1985
121544,4,24.0,166476.95,0.3211
121547,3,1.43,-8439.02,0.2495
121548,2,4.22,61514.59,0.2234
121910,2,1.2,1658284.22,0.1811
121911,1,3.44,199169.61,0.0924
121917,1,3.21,173479.17,0.1053
121918,1,0.75,187577.93,0.119
121970,3,1.87,209877.87,0.2839
121972,4,1.02,196251.52,0.2978
121973,3,0.23,157655.85,0.2798
121974,2,3.82,1548676.85,0.2174
121979,5,0.27,253459.43,0.3425
121980,3,2.09,295607.18,0.2748
121983,4,0.92,346804.27,0.313
121986,3,0.52,338601.47,0.2775
121990,1,1.17,211403.32,0.1509
121994,1,3.9,116040.44,0.1216
121995,2,0.22,132172.85,0.1757
121996,2,1.18,100591.26,0.2239
121997,2,1.01,92825.75,0.1949
122004,3,1.65,80229.04,0.2386
122005,3,2.31,168269.07,0.268
122006,3,1.6,88366.08,0.2633
122007,4,4.95,44596.09,0.3009
122008,3,3.13,4680.85,0.2478
122009,1,5.03,-594.79,0.1381
122010,1,0.92,17160.08,0.1579
122012,2,3.89,28744.06,0.2165
122013,2,0.75,122284.88,0.223
122018,1,0.24,293860.33,0.1243
122033,3,2.52,192598.02,0.2602
122034,3,2.12,108535.16,0.2465
122035,3,0.15,94426.62,0.2527
122043,2,3.48,-14656.22,0.1994
122056,4,2.02,72667.63,0.3303
122057,4,1.78,60906.44,0.3378
122066,8,6.0,1344446.12,0.4529
122077,9,84.0,86442.0,0.4675
122091,8,1.14,48688.64,0.4422
122092,8,4.87,32742.02,0.4416
122199,3,1.14,-70619.31,0.2698
122200,3,4.65,-55352.86,0.2578
122201,3,2.24,15672.88,0.2655
122227,1,0.25,82040.13,0.1229
122230,3,3.08,-21278.71,0.2466
122231,2,3.1,36616.57,0.1995
122595,1,4.13,178956.53,0.1114
122596,1,0.18,215788.05,0.0896
122597,1,0.56,260023.33,0.1601
122601,1,1.64,366572.66,0.1093
122602,1,1.57,155771.89,0.1035
122653,5,1.93,190379.3,0.3499
122654,3,2.99,135730.34,0.2533
122655,3,3.37,206222.05,0.2341
122657,3,1.2,1482930.18,0.2392
122662,1,0.71,191243.51,0.1628
122663,4,3.33,171747.09,0.302
122664,3,1.88,171878.2,0.2806
122666,5,0.73,175327.9,0.3799
122670,3,3.95,301563.2,0.2663
122674,1,1.03,153884.45,0.149
122675,1,2.51,115180.29,0.1515
122676,2,0.78,170560.29,0.1804
122677,2,2.6,161882.63,0.1821
122678,1,2.62,99130.38,0.1169
122679,2,0.58,137517.73,0.1865
122680,2,3.54,105822.77,0.2086
122681,2,1.81,35378.33,0.2132
122688,4,11.23,142541.68,0.3302
122689,3,19.95,145003.03,0.2606
122692,4,0.12,96499.83,0.3186
122693,2,8.63,3476.38,0.1937
122694,2,1.48,48854.66,0.1707
122697,3,0.84,135246.82,0.2322
122710,2,3.96,89432.13,0.1775
122711,2,1.69,95124.77,0.2006
122713,3,0.78,121077.97,0.2418
122714,2,1.51,116616.37,0.176
122726,2,2.63,75570.67,0.1931
122727,2,2.3,28459.89,0.1939
122730,3,2.35,92883.54,0.2407
122731,3,1.69,1299986.29,0.252
122750,8,6.0,1333116.56,0.4536
122751,8,24.0,226526.35,0.4502
122779,9,54.0,91023.71,0.4785
122780,9,102.0,71658.21,0.475
122781,9,60.0,95792.55,0.4753
122789,8,6.0,1336714.98,0.4512
122859,4,0.46,1221657.36,0.3194
122882,4,0.4,-12886.87,0.2969
122883,3,1.01,-8474.58,0.2833
122884,3,0.57,60738.35,0.28
122913,3,1.82,-17465.71,0.2512
122914,5,5.63,-15475.46,0.3665
122920,4,3.02,163136.33,0.2916
123279,1,7.38,285195.09,0.1446
123280,1,1.45,192886.15,0.1222
123281,1,0.75,328312.28,0.1003
123285,1,0.35,294100.73,0.109
123286,1,1.15,219461.84,0.1358
123295,1,6.0,2790371.37,0.106
123337,4,1.12,150479.84,0.2927
123338,4,4.27,159898.97,0.3016
123347,2,0.62,115869.3,0.1963
123348,3,0.73,93868.18,0.2614
123349,3,2.7,134324.28,0.2776
123350,4,1.05,96945.41,0.3156
123358,1,2.09,212903.14,0.1455
123359,1,1.11,195631.24,0.1356
123362,1,4.67,234949.54,0.1145
123363,1,5.39,131078.41,0.1445
123364,2,5.03,100730.43,0.2081
123365,2,2.46,35594.83,0.1891
123366,3,0.27,73314.47,0.2505
123370,2,1.09,102609.01,0.1696
123371,1,0.83,66861.04,0.1506
123372,2,0.99,101262.19,0.1915
123373,2,1.62,72287.66,0.2149
123374,3,0.18,99140.67,0.2482
123375,3,0.72,164299.88,0.256
123376,4,0.89,1341545.37,0.3028
123377,4,1.81,109313.1,0.3034
123378,3,0.96,41828.4,0.2829
123395,3,4.26,151825.26,0.2666
123396,3,3.73,102985.68,0.2717
123397,2,0.27,114856.26,0.2021
123398,1,0.56,115852.13,0.151
123399,1,4.01,148426.07,0.143
123405,3,0.47,160406.82,0.2412
123408,2,6.0,1819732.02,0.2057
123412,2,0.93,59288.51,0.2172
123447,8,54.0,95202.92,0.4558
123473,8,60.0,92193.96,0.4467
123474,8,54.0,100178.06,0.4432
123544,4,1.24,13619.58,0.3063
123566,3,2.23,-49458.13,0.2505
123567,3,4.45,-39231.26,0.2649
123596,3,0.94,34792.08,0.2838
123966,1,2.38,383299.07,0.1225
123967,1,0.37,364374.94,0.1642
123970,2,1.26,325159.49,0.1921
123971,1,0.9,203386.86,0.1632
124021,3,6.42,231048.18,0.2708
124022,3,4.13,116352.56,0.2537
124030,2,2.34,152652.57,0.175
124031,2,1.83,121492.0,0.1967
124032,3,2.48,152203.54,0.274
124033,3,3.28,155205.48,0.2366
124034,3,2.06,149745.32,0.2445
124043,1,0.03,128506.48,0.1245
124047,2,1.88,141697.72,0.1694
124049,2,4.7,76654.24,0.1998
124050,2,3.12,42978.5,0.2014
124052,3,0.57,228614.03,0.2421
124054,1,2.02,189736.86,0.1571
124055,1,2.75,87526.68,0.1466
124056,1,1.86,82921.71,0.1446
124057,2,3.55,41374.19,0.188
124058,2,2.12,35596.3,0.2226
124059,3,1.42,118619.71,0.244
124061,3,2.83,115285.88,0.2583
124062,3,1.45,31128.93,0.2788
124080,3,0.08,74414.97,0.2311
124081,2,2.31,198818.19,0.2002
124090,2,3.0,1384280.0,0.2061
124095,3,1.2,1306821.53,0.2329
124160,9,60.0,98984.06,0.4594
124161,8,60.0,96411.05,0.4482
124234,3,0.94,-34566.23,0.2583
124250,3,0.26,-49916.27,0.2756
124251,3,3.86,-17928.51,0.2743
124650,1,4.0,342024.96,0.1262
124651,1,2.11,362289.82,0.1493
124706,3,3.18,175634.85,0.2416
124707,2,1.95,330582.27,0.1667
124711,2,0.55,175865.68,0.1705
124714,3,3.43,159468.69,0.2646
124715,3,0.78,151938.75,0.2285
124727,1,0.09,151341.74,0.1311
124728,1,3.43,179651.31,0.1181
124730,2,0.68,241546.47,0.169
124733,3,7.0,161199.89,0.234
124734,2,4.22,137099.43,0.2051
124739,1,2.44,97644.11,0.1309
124740,1,2.3,33850.93,0.1383
124741,1,0.77,53759.16,0.1585
124742,2,2.14,33872.93,0.1978
124743,3,2.72,165002.02,0.2412
124745,3,1.59,132246.77,0.2298
124746,3,3.66,75527.67,0.2484
124747,2,0.89,135604.56,0.2114
124748,2,0.94,281769.41,0.21
124762,2,0.46,154038.76,0.1959
124763,2,1.04,86229.75,0.2173
124833,9,60.0,103082.74,0.4663
124834,9,54.0,102190.98,0.4576
124844,8,42.0,141741.88,0.4534
124845,9,6.0,1326040.17,0.4637
124912,3,1.82,6105.46,0.2837
124918,3,3.06,-32823.0,0.2723
124919,3,3.39,84452.61,0.2463
124979,4,6.86,99699.44,0.2883
125344,1,1.2,251308.87,0.1187
125390,3,2.23,137139.91,0.2687
125393,3,0.53,206213.88,0.2577
125397,3,0.84,135161.19,0.2264
125398,3,0.73,153294.73,0.2566
125400,3,2.63,163582.79,0.2585
125401,3,1.4,149564.65,0.2553
125408,1,1.87,183091.76,0.1405
125409,1,2.12,105218.68,0.1025
125411,2,4.16,144828.67,0.2143
125412,1,0.94,145559.29,0.1488
125414,2,1.39,138114.89,0.1766
125415,2,0.95,112404.52,0.1658
125416,1,0.43,143667.13,0.1202
125422,1,2.69,116339.97,0.1486
125423,1,1.94,81396.61,0.1256
125424,1,2.89,90109.78,0.1417
125425,1,3.77,42704.62,0.1309
125426,1,1.24,51187.72,0.1564
125430,2,0.27,171752.5,0.2219
125431,2,1.86,255135.72,0.21
125432,2,0.43,355367.64,0.2094
125433,1,0.73,506896.95,0.1614
125444,2,1.29,450094.65,0.2002
125445,2,2.75,392896.68,0.213
125446,2,1.73,98559.47,0.2178
125447,2,6.0,133688.02,0.2154
125448,2,4.18,124964.49,0.1807
125462,4,2.0,75474.72,0.2969
125469,4,0.44,78909.96,0.3264
125470,4,1.12,1308394.78,0.3263
125501,9,1.71,1330104.86,0.4667
125616,4,0.17,-12475.65,0.2897
125617,3,0.51,-19864.17,0.2642
125618,3,2.25,79032.01,0.2384
126023,2,0.8,301119.39,0.1886
126074,3,6.14,129570.05,0.2389
126075,3,3.32,78874.91,0.2654
126076,3,1.73,61828.65,0.2335
126077,2,0.86,67539.35,0.1875
126078,3,0.33,169839.15,0.2435
126084,3,1.22,216678.45,0.2423
126085,3,4.2,109496.49,0.2474
126086,3,1.89,73545.56,0.2737
126089,2,0.78,152863.76,0.1678
126091,1,3.21,97290.68,0.1409
126092,1,1.23,92885.83,0.1207
126093,1,4.72,105179.29,0.113
126094,1,4.28,123364.33,0.1078
126095,2,5.34,108160.6,0.2147
126096,3,1.05,183847.8,0.2333
126098,2,3.38,143341.48,0.1794
126099,2,1.84,129339.98,0.1648
126102,2,0.77,126843.6,0.1744
126107,1,1.35,76551.07,0.131
126108,1,0.96,128492.96,0.1415
126109,1,1.47,136949.4,0.137
126110,1,4.61,135168.94,0.159
126115,2,3.1,283046.99,0.2178
126116,2,1.92,301000.27,0.1944
126129,3,5.09,301690.0,0.2663
126131,2,2.03,64370.56,0.1997
126143,4,2.1,73166.76,0.3096
126144,4,0.82,49594.04,0.2978
126145,4,18.0,70937.51,0.2973
126146,5,13.65,60980.52,0.3481
126147,4,0.33,62320.9,0.3081
126150,3,5.23,-13660.81,0.253
126151,3,1.14,3956.24,0.2727
126152,4,6.1,43689.75,0.3153
126153,4,0.41,18502.27,0.3021
126200,10,6.0,1411524.3,0.4888
126300,4,1.34,-39305.1,0.2873
126301,3,1.91,-65921.2,0.27
126702,3,1.61,307663.59,0.2777
126703,2,3.03,374430.12,0.2247
126759,3,4.31,61401.46,0.2547
126760,3,4.53,74212.92,0.2442
126761,2,3.88,72218.72,0.1753
126762,3,3.87,52694.29,0.2368
126763,2,1.63,98574.18,0.2162
126764,3,2.19,130032.52,0.2796
126770,4,2.76,132763.31,0.3187
126771,4,0.9,153878.95,0.3131
126775,1,1.86,759729.61,0.1398
126776,1,2.31,321994.09,0.1151
126788,1,0.55,138063.75,0.116
126789,1,2.17,147587.71,0.1352
126792,1,3.6,190439.24,0.1332
126800,2,4.12,323311.32,0.2059
126801,2,1.22,401390.83,0.2126
126803,1,0.16,328080.02,0.1475
126808,1,2.76,631803.56,0.0735
126809,1,0.18,511902.67,0.088
126815,2,1.88,52765.66,0.1811
126816,1,0.74,79007.45,0.1574
126829,6,60.0,57589.08,0.3842
126833,4,0.86,29607.26,0.2918
126834,4,1.07,23034.39,0.2945
126835,4,2.16,23373.48,0.3156
126836,4,3.27,25367.56,0.2975
126837,4,1.8,129877.04,0.2955
126843,8,3.29,1310940.8,0.4399
126844,7,45.92,59580.83,0.4337
126860,9,60.0,84313.17,0.476
126861,9,120.0,53220.23,0.4699
126865,9,108.0,58957.24,0.48
126866,9,132.0,45546.09,0.4661
126898,8,6.0,1317577.32,0.4381
126899,7,114.0,59526.11,0.4305
126924,4,2.13,20419.67,0.3186
126925,4,2.25,184910.92,0.3203
126931,5,1.39,93953.31,0.345
126941,5,1.03,230333.33,0.3412
126942,4,3.43,138236.29,0.3302
126953,4,0.33,1290498.37,0.3389
126982,3,3.89,6248.72,0.2806
126983,3,0.45,-55999.61,0.2675
126984,3,3.3,-71466.09,0.2639
126985,4,4.09,14021.82,0.2881
126987,3,3.69,-64125.51,0.2482
126988,3,1.22,-65628.3,0.2667
126996,3,1.03,-2972.15,0.2754
126997,3,1.95,13980.47,0.2546
127043,5,42.0,235821.89,0.3497
127044,5,54.0,179321.96,0.3561
127386,3,4.65,540363.62,0.2657
127388,2,0.97,275304.6,0.1748
127389,3,1.79,220701.33,0.2565
127390,2,1.09,238409.62,0.1805
127392,2,2.07,446688.53,0.1761
127402,1,0.9,1597361.1,0.0916
127442,4,1.8,250355.8,0.3073
127443,3,4.44,56382.79,0.2754
127444,3,3.95,59637.5,0.2495
127445,2,4.1,50161.98,0.2247
127446,3,2.26,46911.58,0.2513
127447,2,3.5,64453.36,0.215
127448,3,0.03,132052.13,0.2519
127458,1,3.29,325447.62,0.1449
127459,1,0.85,435623.56,0.1399
127484,3,1.25,177965.13,0.2294
127485,3,2.55,184764.88,0.2325
127488,1,1.0,2061379.53,0.1619
127489,1,1.39,700429.13,0.1107
127490,1,1.33,495810.18,0.1122
127492,1,2.55,509441.14,0.1164
127493,1,1.45,566901.21,0.0937
127499,2,1.33,124285.44,0.1906
127500,2,0.41,50828.29,0.1667
127504,2,1.85,63904.89,0.1991
127505,2,0.99,113474.94,0.1932
127517,4,3.24,-8088.57,0.322
127518,4,2.23,-25897.54,0.3043
127519,4,1.25,-24379.94,0.2905
127520,3,1.31,53099.79,0.2745
127524,6,1.76,1308769.71,0.4025
127525,7,48.86,59701.48,0.432
127527,8,92.99,48227.09,0.4398
127547,10,6.0,1367782.96,0.4879
127548,9,96.0,63399.35,0.4746
127549,9,186.0,18740.45,0.4695
127550,9,60.0,81865.02,0.4761
127607,4,2.54,59377.94,0.3143
127608,4,3.52,1908.58,0.3356
127613,5,1.91,36074.98,0.3566
127614,5,0.61,39308.19,0.3445
127615,5,2.18,7959.08,0.3454
127616,5,1.6,33145.92,0.3646
127617,5,2.0,1306858.5,0.3758
127627,4,0.95,168548.52,0.3265
127628,4,0.23,137579.67,0.3313
127667,3,1.93,-45433.36,0.2505
127671,3,1.36,-32536.75,0.2441
127672,3,1.55,-82739.85,0.247
127673,3,3.79,-66595.3,0.2605
127679,3,2.24,-536.56,0.2638
127727,5,60.0,196866.26,0.3485
128072,2,1.49,244175.94,0.2093
128077,1,0.79,199929.83,0.1193
128078,1,1.02,245865.85,0.081
128086,1,1.89,216602.37,0.1543
128087,4,0.76,279536.0,0.3355
128126,4,5.45,148379.48,0.3037
128127,3,2.87,64169.71,0.2644
128128,3,1.96,89063.4,0.2262
128129,4,3.63,41473.73,0.2857
128130,3,3.26,45962.59,0.2622
128131,3,3.03,54941.7,0.2367
128132,3,1.03,138330.6,0.2429
128134,2,2.18,276747.66,0.1771
128173,1,3.05,344495.34,0.1132
128174,1,5.99,285682.07,0.1149
128175,1,2.47,217771.28,0.0936
128176,1,1.37,302995.27,0.0964
128177,1,2.79,683080.77,0.1129
128178,1,0.38,405847.8,0.0889
128183,2,6.44,67716.69,0.1885
128184,2,2.53,26932.87,0.1679
128192,8,0.79,149416.44,0.4493
128199,4,3.0,57265.94,0.305
128200,4,2.77,-24721.73,0.3182
128201,4,3.1,-24841.14,0.2987
128202,3,3.55,-29273.7,0.2796
128203,4,5.21,43559.05,0.2872
128222,8,60.0,82053.67,0.4555
128223,8,144.0,34522.46,0.453
128228,9,48.0,104521.01,0.4802
128230,10,42.0,120841.85,0.4968
128231,10,66.0,76243.48,0.4894
128289,5,2.81,8106.9,0.3448
128290,5,0.68,22233.75,0.3405
128291,4,1.97,21761.88,0.3309
128292,4,2.59,10644.7,0.333
128297,5,2.91,9092.64,0.3468
128298,5,3.7,68520.59,0.3486
128299,5,0.7,173108.37,0.3787
128300,5,4.05,28032.76,0.3488
128301,5,0.23,53401.17,0.3632
128305,5,1.16,237165.58,0.3609
128306,5,0.62,109853.5,0.3578
128312,5,2.14,191964.23,0.3421
128315,5,1.61,103308.31,0.3477
128316,4,0.35,97442.39,0.3401
128351,3,2.26,-54378.95,0.2543
128356,3,1.41,-97449.78,0.2434
128357,3,2.85,-36148.76,0.28
128376,4,0.75,80456.81,0.3024
128410,4,54.0,135085.04,0.3384
128758,2,0.52,203934.23,0.2187
128762,1,0.64,203149.41,0.108
128771,2,4.0,1644812.08,0.19
128811,3,6.17,113404.64,0.2708
128812,2,1.67,106330.8,0.2204
128813,3,5.99,69223.83,0.2759
128814,3,6.25,116907.96,0.2716
128815,3,3.2,63612.55,0.2441
128859,1,1.53,233429.69,0.0953
128861,1,0.88,258977.73,0.1066
128862,1,5.97,336817.12,0.0947
128863,1,0.82,349682.29,0.0998
128864,1,0.86,1488132.75,0.1164
128867,2,6.26,76521.3,0.2187
128868,2,2.93,4902.81,0.1806
128883,3,2.21,59848.81,0.2666
128884,3,4.83,-22950.62,0.2724
128885,3,3.46,-27069.38,0.2497
128886,3,3.42,34657.9,0.2659
128912,9,126.0,53045.59,0.4724
128913,10,72.0,80836.09,0.4898
128915,10,66.0,75325.24,0.4893
128920,10,6.0,1473082.7,0.4996
128923,10,78.0,73988.79,0.4837
128925,10,42.0,122723.03,0.4875
128926,9,60.0,73231.31,0.4646
128941,10,6.0,1339759.68,0.5032
128953,7,66.0,80544.5,0.427
128973,5,1.04,16834.15,0.3513
128974,5,5.21,-8582.81,0.3459
128975,4,4.88,2325.14,0.3357
128976,4,3.07,25043.97,0.3384
128980,5,4.4,73106.24,0.3734
128981,5,2.06,-12440.81,0.3579
128982,5,3.28,34623.39,0.3422
128983,4,1.08,63684.52,0.3108
128984,3,1.29,74540.92,0.2776
128987,4,1.21,106036.41,0.3168
128988,5,1.5,101931.23,0.344
128999,4,1.23,94786.45,0.326
129035,3,2.62,-92399.8,0.2403
129038,3,0.85,-30598.29,0.2575
129040,3,1.6,-96113.23,0.2588
129041,3,1.22,-25993.35,0.2755
129057,5,2.59,35161.24,0.3473
129095,5,6.0,1330539.61,0.3492
129440,1,0.39,337238.25,0.1583
129441,2,6.0,242606.1,0.2139
129443,2,0.1,200199.56,0.1697
129446,1,1.43,183164.22,0.1211
129536,2,3.75,290928.75,0.171
129537,2,3.95,136141.75,0.1984
129538,2,0.19,112328.05,0.1732
129546,1,4.18,325617.59,0.1075
129547,1,1.41,401300.47,0.1012
129550,3,0.44,193150.2,0.2584
129552,2,0.54,74740.09,0.2024
129553,2,1.38,78146.14,0.1908
129555,2,0.87,73870.85,0.2175
129569,3,5.27,161580.33,0.2554
129574,8,0.7,44499.87,0.44
129575,8,2.77,6622.57,0.4355
129578,7,0.07,15541.06,0.4333
129579,8,0.54,90157.4,0.4448
129599,10,96.0,62356.74,0.4837
129603,10,96.0,64222.65,0.4959
129607,9,66.0,80932.99,0.4797
129608,9,60.0,85168.08,0.4785
129609,10,54.0,91039.37,0.4824
129610,10,36.0,141376.73,0.4832
129611,9,60.0,78847.15,0.4741
129612,9,96.0,64262.09,0.4795
129613,9,60.0,85176.85,0.4769
129625,9,66.0,85636.18,0.478
129633,8,42.0,122547.27,0.4397
129634,7,126.0,50851.67,0.424
129657,5,1.94,31559.26,0.3637
129658,5,4.02,21466.39,0.3649
129659,5,3.6,19986.42,0.3612
129660,4,1.46,58438.25,0.3227
129664,5,2.3,81178.03,0.3734
129667,4,2.78,81485.08,0.3042
129668,4,2.49,64565.14,0.2854
129670,4,1.53,68903.76,0.3086
129671,3,1.55,14597.3,0.281
129672,4,3.97,45830.22,0.3315
129673,5,3.86,78669.79,0.3428
129718,2,3.17,-77907.58,0.2177
129719,3,1.33,-65841.91,0.2283
129724,4,4.41,27822.01,0.299
129726,4,1.72,-2514.02,0.3035
129746,5,2.24,88694.51,0.3492
130130,1,2.57,216990.3,0.1148
130131,1,0.29,223349.68,0.0962
130132,1,0.09,235137.7,0.0511
130141,6,40.17,227365.93,0.4049
130142,7,26.1,319522.91,0.4259
130168,3,6.0,4885090.87,0.2716
130218,2,3.42,234395.04,0.203
130225,1,1.26,233596.35,0.1532
130228,1,0.75,1516103.99,0.1419
130229,1,1.69,260013.61,0.1432
130230,1,1.29,242647.86,0.1182
130231,1,2.43,286375.62,0.1303
130235,4,1.41,152329.8,0.2859
130236,3,0.55,172024.89,0.2647
130238,2,1.72,-1743.49,0.2145
130239,3,2.19,64364.83,0.2346
130248,3,0.86,1337142.85,0.2586
130256,6,2.77,289.67,0.3962
130257,7,3.77,17241.15,0.4185
130258,8,5.1,38282.76,0.4349
130259,7,5.97,-13919.93,0.4204
130260,7,2.71,-11805.18,0.4268
130261,7,2.4,30414.34,0.4337
130262,7,3.2,-7725.23,0.4339
130263,8,3.69,28639.98,0.438
130264,8,0.67,37594.03,0.4396
130282,9,78.0,70830.29,0.4724
130283,9,216.0,2108.65,0.4707
130284,9,126.0,39291.02,0.4673
130295,9,144.0,29182.9,0.4717
130296,9,60.0,74317.35,0.4811
130297,9,84.0,69160.58,0.4803
130298,9,72.0,80866.52,0.4696
130310,8,96.0,65881.9,0.449
130318,8,108.0,69522.68,0.4347
130319,7,54.0,99939.89,0.4302
130325,6,84.0,81807.68,0.4042
130342,6,2.2,73932.82,0.3841
130401,3,1.07,-84785.08,0.2454
130402,3,2.73,-88722.91,0.2357
130403,3,0.65,-77048.36,0.2281
130806,2,1.37,450270.03,0.1874
130815,1,0.17,202311.39,0.0802
130817,1,1.45,1750832.51,0.0536
130825,10,148.36,134971.16,0.4895
130826,9,0.52,1572097.93,0.4786
130855,4,2.01,108012.56,0.3253
130856,4,2.15,99164.88,0.3077
130857,4,0.24,124615.47,0.2952
130904,2,0.8,1625079.72,0.1999
130905,2,0.26,242958.22,0.1822
130906,2,4.21,178653.15,0.1899
130907,2,2.1,147746.26,0.1689
130909,2,0.6,217086.33,0.1836
130910,2,1.61,273776.18,0.165
130911,2,1.47,273109.77,0.1834
130922,3,8.23,117666.01,0.23
130923,3,2.87,94473.47,0.248
130940,8,0.18,167547.57,0.4411
130944,6,1.47,-9660.14,0.409
130945,7,0.57,-6626.17,0.4156
130946,7,0.3,10089.82,0.4305
130947,8,0.63,71070.94,0.4439
130948,8,1.88,108801.59,0.4353
130951,8,0.51,62000.98,0.4409
130952,7,0.83,33183.24,0.4314
130953,7,2.44,37450.51,0.4328
130954,7,1.57,9203.87,0.4217
130968,9,6.0,1306655.25,0.4803
130979,9,114.0,45587.38,0.4734
130980,9,132.0,39396.19,0.4703
130981,9,126.0,50697.79,0.478
130982,9,60.0,90261.36,0.4692
130988,8,54.0,93628.1,0.4455
131012,7,60.0,105103.0,0.4139
131055,4,0.43,1250374.2,0.3133
131085,3,2.87,-91112.61,0.2276
131086,3,2.17,-94397.43,0.2402
131087,2,1.02,-26211.87,0.2249
131490,2,1.59,519118.47,0.1961
131491,2,1.89,657298.28,0.1885
131498,1,4.54,374251.02,0.0953
131499,1,1.77,208774.76,0.1257
131500,1,5.54,213374.94,0.0496
131507,6,42.0,322885.77,0.4034
131508,9,57.05,234827.84,0.4631
131539,5,3.6,94667.69,0.342
131540,4,5.79,72760.33,0.3357
131541,4,3.96,76526.06,0.2861
131542,4,6.44,145797.49,0.3025
131543,3,0.48,144697.67,0.2798
131591,2,2.87,134617.48,0.1896
131592,2,4.31,154456.99,0.1832
131593,2,2.82,178147.4,0.1902
131595,2,1.16,227251.74,0.1905
131628,6,1.61,62764.09,0.3922
131629,6,4.79,38467.47,0.3957
131630,6,0.55,1237.38,0.4003
131631,7,3.77,5681.02,0.4176
131632,7,1.7,24212.03,0.4277
131635,7,3.71,61585.27,0.4187
131636,6,1.5,-5723.75,0.4093
131637,7,4.71,-13680.54,0.4183
131638,7,3.65,17234.59,0.4327
131671,8,42.0,126009.95,0.444
131672,8,126.0,55926.91,0.4396
131696,7,54.0,105252.64,0.4159
131722,4,0.39,62214.62,0.3159
131768,3,1.75,-32347.69,0.2694
131769,3,4.03,-94952.05,0.2343
131770,3,1.08,1114191.69,0.2635
131795,2,0.67,1275749.83,0.1772
132173,6,3.96,293873.0,0.3841
132174,4,8.73,317575.56,0.3218
132178,3,1.56,293244.25,0.2573
132182,1,0.58,293536.4,0.0962
132183,1,1.2,215953.74,0.1311
132190,9,6.0,1596417.64,0.4702
132191,8,123.27,188444.05,0.435
132192,10,257.21,155977.62,0.5034
132193,9,38.22,253803.72,0.4788
132194,4,1.2,1600574.97,0.2941
132222,4,3.4,134053.94,0.3061
132223,4,5.5,135202.92,0.3135
132224,4,4.21,79066.39,0.3082
132225,2,4.84,98619.44,0.2178
132226,2,2.57,75497.32,0.2113
132227,4,0.86,84410.9,0.3149
132239,3,1.93,175595.87,0.2652
132240,3,0.68,233527.53,0.284
132241,4,1.76,294695.86,0.3116
132274,3,1.28,147462.35,0.2591
132275,2,2.28,72515.84,0.2251
132276,2,3.59,113531.88,0.2003
132277,2,4.78,167205.94,0.1866
132278,2,2.2,284598.77,0.1838
132288,4,0.34,188994.53,0.2855
132289,3,3.57,182604.17,0.2546
132295,5,1.13,135756.56,0.3653
132314,6,4.6,80665.68,0.3904
132315,6,0.93,76809.25,0.4098
132316,7,5.44,72217.19,0.4197
132319,7,0.67,57204.71,0.4305
132320,7,1.55,63250.57,0.4341
132321,8,1.67,71753.91,0.4555
132322,9,2.65,80168.47,0.4602
132323,9,0.77,1310550.18,0.4695
132355,9,72.0,82796.56,0.4614
132395,4,0.49,61232.8,0.324
132406,3,1.05,-5355.48,0.2721
132407,3,3.87,-6916.24,0.2848
132408,4,3.65,40352.17,0.2864
132453,2,2.14,-88483.2,0.2243
132858,5,1.82,515727.53,0.3441
132862,1,2.9,528389.04,0.1515
132867,1,0.73,266734.84,0.131
132869,2,2.88,272509.62,0.2055
132874,6,112.71,187567.1,0.3966
132875,4,19.04,222043.62,0.3319
132876,6,29.62,249809.9,0.4024
132877,6,1.05,382511.68,0.4071
132906,4,2.37,144383.12,0.2987
132907,3,3.55,113028.18,0.2611
132908,3,3.51,94778.46,0.2793
132909,2,0.6,105972.93,0.198
132910,1,2.98,85257.06,0.1515
132911,3,0.15,111562.58,0.2794
132924,4,0.67,211446.37,0.2858
132927,4,0.31,195985.53,0.3105
132957,3,2.06,153694.68,0.2402
132958,3,5.72,99049.97,0.2559
132959,3,2.7,60160.37,0.232
132960,3,2.67,95088.05,0.2321
132961,2,3.38,279211.7,0.21
132965,2,1.09,1454598.72,0.22
132967,1,0.08,139054.96,0.1448
132968,1,0.08,121395.99,0.1404
132969,1,0.42,164190.18,0.1637
132971,2,0.94,211695.4,0.2155
132972,3,1.05,197800.85,0.2377
132973,3,2.55,187268.85,0.2479
132979,9,1.69,201270.55,0.4776
133040,9,54.0,90661.79,0.4672
133041,9,6.0,1334023.6,0.477
133073,5,0.57,77809.76,0.3432
133079,4,1.63,-707.09,0.3081
133080,4,2.06,44165.32,0.3334
133084,4,0.5,58866.66,0.33
133085,4,2.65,36523.68,0.3119
133087,4,1.54,36417.99,0.3168
133088,3,0.92,175820.98,0.2718
133089,4,0.27,60180.02,0.3322
133090,4,1.68,7664.38,0.3092
133091,4,2.28,63597.26,0.2972
133092,4,0.83,120720.0,0.2999
133547,2,0.97,435079.81,0.1736
133551,3,2.57,273467.53,0.2328
133555,3,0.17,256548.77,0.2644
133556,6,0.34,252526.92,0.392
133560,3,0.86,1625669.79,0.2687
133590,4,0.33,87873.05,0.3339
133591,3,2.8,116235.78,0.2817
133593,2,3.05,70835.04,0.1881
133594,2,1.46,77116.79,0.1718
133595,2,2.49,79865.22,0.1851
133608,3,4.42,139770.22,0.2686
133609,3,4.16,169446.99,0.2789
133610,4,2.47,199722.55,0.317
133611,4,3.08,168306.42,0.3169
133630,2,4.05,70375.71,0.2109
133631,2,4.57,114550.21,0.224
133644,3,2.81,176343.24,0.252
133645,2,1.39,189239.31,0.2196
133648,2,1.32,194049.32,0.2164
133650,2,0.27,199086.03,0.1758
133651,1,5.57,166948.62,0.157
133652,1,3.67,98180.87,0.1536
133653,2,6.31,115462.67,0.1745
133655,2,2.78,210569.56,0.2099
133656,2,4.46,248238.3,0.2163
133720,8,108.0,60314.95,0.4488
133721,8,132.0,49803.15,0.4471
133722,8,78.0,75918.77,0.4495
133724,8,144.0,42347.91,0.4452
133725,9,96.0,73043.95,0.4591
133755,4,2.06,62782.55,0.3049
133756,4,3.93,11587.45,0.2957
133757,4,0.93,50953.86,0.3095
133762,4,0.19,63988.05,0.288
133763,4,8.07,-4587.81,0.2922
133764,4,6.31,-12310.53,0.3204
133768,4,5.66,-4721.63,0.2945
133769,3,2.59,-35114.35,0.2848
133770,4,6.34,-33556.1,0.3121
133771,4,3.38,-33839.82,0.299
133772,3,0.81,-19321.98,0.2666
133773,4,0.72,89644.07,0.3283
133774,4,2.09,112133.96,0.324
133775,4,5.85,185647.11,0.3027
133776,4,5.58,273406.44,0.3143
133777,4,1.83,186209.53,0.3185
133838,3,0.95,49645.25,0.258
134236,1,1.98,289555.38,0.115
134239,3,1.97,335159.08,0.2779
134240,4,1.54,321046.49,0.2887
134241,8,0.38,334498.59,0.4361
134244,5,6.0,5965458.59,0.3808
134274,4,2.12,127177.41,0.3217
134275,3,3.26,99785.05,0.2631
134276,4,3.26,153603.31,0.3008
134277,3,5.44,64432.0,0.2844
134278,2,5.51,99896.84,0.1944
134279,2,1.32,94678.42,0.1801
134280,3,1.29,62532.75,0.2834
134293,4,1.95,177054.65,0.3227
134294,4,4.45,273308.38,0.3131
134295,5,3.4,350161.3,0.3615
134314,2,8.05,87767.18,0.202
134315,2,1.75,67287.61,0.1944
134316,2,0.82,117882.29,0.1852
134326,3,2.5,157827.43,0.2749
134328,3,3.22,203429.85,0.2788
134329,3,1.81,163921.93,0.2401
134332,2,0.84,179200.05,0.2135
134333,2,0.1,191519.86,0.2103
134334,3,0.42,191233.89,0.2255
134337,2,1.93,195061.35,0.2149
134338,4,1.34,148790.89,0.2896
134339,2,1.83,252768.99,0.2234
134351,2,1.68,1380108.5,0.2139
134389,8,30.0,170096.0,0.4408
134406,8,54.0,98925.42,0.4478
134408,8,60.0,88893.31,0.4435
134409,8,90.0,82307.74,0.4453
134410,8,72.0,85989.36,0.4475
134439,4,1.26,79956.92,0.3037
134440,3,4.19,43790.33,0.2745
134441,3,4.02,8712.42,0.267
134442,4,1.77,20891.73,0.3184
134447,4,3.95,801.23,0.3021
134448,5,2.9,78019.5,0.3409
134454,4,2.35,-12319.01,0.2936
134455,4,5.35,-28080.2,0.2955
134456,3,2.94,-31692.32,0.2682
134523,3,3.11,67262.89,0.2755
134528,1,1.07,53732.38,0.1177
134919,1,0.24,780021.18,0.0509
134924,3,2.11,315950.9,0.2488
134926,4,2.84,226766.05,0.3124
134957,3,0.74,121801.51,0.279
134958,3,1.58,149880.53,0.2801
134959,3,4.23,115309.71,0.249
134960,3,1.71,98503.24,0.2706
134961,4,2.5,141587.76,0.3328
134963,3,2.33,89352.64,0.2587
134964,3,3.86,68280.75,0.252
134965,3,4.27,33642.59,0.243
134966,4,2.77,40855.34,0.2985
134978,5,84.0,102191.01,0.3476
134982,1,1.6,86438.99,0.1646
134999,3,0.5,159514.63,0.2392
135012,3,4.69,159761.25,0.2681
135013,3,1.39,106038.68,0.2722
135015,3,1.33,1409972.26,0.2474
135017,2,5.71,169355.6,0.2211
135018,3,1.53,169260.03,0.2371
135022,3,2.75,209597.61,0.2453
135023,2,1.63,250470.68,0.1916
135025,2,0.88,245592.56,0.1989
135028,2,0.83,239469.89,0.1957
135047,7,0.34,42176.78,0.4341
135048,8,0.19,60331.58,0.445
135050,7,0.11,58640.01,0.4267
135060,8,6.0,1311316.42,0.4445
135064,9,60.0,68109.86,0.4797
135065,10,84.0,61881.82,0.4853
135073,9,42.0,115894.0,0.469
135074,9,60.0,73612.27,0.4741
135094,9,6.0,1342855.98,0.4677
135096,8,72.0,77480.32,0.4473
135119,4,1.84,61772.08,0.3314
135120,4,0.69,93718.39,0.3042
135125,4,4.0,13110.11,0.3038
135126,4,3.88,-20246.49,0.3005
135127,3,2.59,26699.71,0.2643
135139,4,1.64,-14772.07,0.3028
135140,4,4.2,-20610.56,0.3005
135204,3,0.94,70354.26,0.2456
135205,4,0.47,72056.42,0.3032
135211,1,2.11,42663.55,0.1119
135212,1,2.48,74218.23,0.1078
135607,3,0.75,1626818.54,0.2359
135608,3,0.5,1876956.78,0.2355
135609,2,5.11,342119.5,0.1872
135610,2,0.44,284160.16,0.2089
135612,5,6.0,2418674.14,0.3797
135641,4,2.34,198758.65,0.3364
135642,3,2.34,168264.2,0.2782
135643,3,1.79,174670.33,0.2436
135644,3,2.58,167075.02,0.2775
135647,4,2.14,208738.3,0.3185
135648,3,0.15,132480.02,0.2323
135649,4,1.3,112364.39,0.3277
135650,4,1.51,110467.8,0.3401
135661,5,0.5,190673.94,0.3438
135662,4,1.23,339513.29,0.3289
135666,2,0.48,67968.63,0.1797
135698,3,0.76,109670.38,0.2575
135699,3,1.26,139171.21,0.2437
135700,2,1.75,145429.03,0.199
135702,3,3.17,214541.49,0.2827
135705,2,0.15,206974.69,0.2014
135711,2,2.39,250988.02,0.2022
135712,2,0.7,269353.8,0.2056
135730,8,3.44,162367.23,0.4422
135732,7,1.04,98991.71,0.4304
135733,7,2.04,7349.71,0.4217
135734,7,2.76,-9476.14,0.4249
135735,8,2.71,37635.44,0.4348
135741,9,30.0,178705.3,0.4636
135742,8,168.0,11688.81,0.4468
135743,8,162.0,19825.47,0.45
135744,8,126.0,57541.2,0.447
135745,9,36.0,135293.21,0.4641
135747,10,60.0,68679.49,0.4826
135748,9,174.0,16917.64,0.4755
135749,9,204.0,2140.88,0.479
135750,10,132.0,34130.91,0.485
135759,9,54.0,97252.78,0.478
135760,10,114.0,53119.18,0.4915
135772,8,114.0,52389.23,0.4466
135773,8,60.0,80560.5,0.4515
135775,8,54.0,85599.58,0.4464
135803,4,1.57,63600.3,0.3064
135804,3,1.9,117471.93,0.284
135809,4,2.0,8510.89,0.2936
135810,3,1.57,73682.25,0.2729
135887,3,1.12,112634.72,0.2633
135888,3,3.05,132053.84,0.2488
135892,4,1.63,302595.46,0.2976
135895,1,0.46,123203.68,0.1248
136293,2,3.44,392705.49,0.2098
136295,3,1.38,277516.62,0.2553
136304,3,3.69,375126.23,0.2818
136309,2,1.15,168598.14,0.1741
136323,3,1.15,256012.15,0.2326
136325,4,1.05,145062.85,0.317
136326,4,1.16,178670.56,0.2871
136328,4,1.14,151166.41,0.3254
136329,4,0.89,106955.95,0.3334
136330,3,0.94,86629.11,0.2623
136341,3,0.64,76980.38,0.2427
136342,4,6.5,120531.14,0.2985
136343,4,60.0,105066.56,0.3003
136344,4,1.69,223940.84,0.3143
136345,4,2.22,412231.72,0.3169
136346,5,7.97,550199.3,0.3412
136347,4,4.28,583035.73,0.3386
136348,3,0.47,356626.21,0.2499
136349,2,0.63,181894.66,0.2137
136381,3,1.17,170507.63,0.2577
136382,3,4.57,79866.3,0.2387
136383,2,4.49,46972.87,0.2128
136384,2,1.57,108014.44,0.193
136386,2,0.47,284777.76,0.221
136387,2,0.71,247992.89,0.216
136388,5,0.5,1422117.7,0.3602
136395,2,2.09,269954.5,0.2169
136400,4,0.92,401577.72,0.3347
136414,7,0.41,30740.62,0.4133
136415,7,2.71,14568.34,0.4116
136417,7,2.17,42198.2,0.4304
136418,8,5.01,51073.81,0.4518
136426,8,150.0,22844.65,0.4549
136427,9,114.0,44716.85,0.4664
136428,9,102.0,57155.08,0.4587
136430,9,60.0,72174.37,0.4736
136431,9,96.0,57471.45,0.4775
136440,10,108.0,37736.69,0.4913
136441,10,54.0,67289.11,0.4886
136444,10,54.0,88633.03,0.4831
136449,8,114.0,48668.53,0.4449
136450,8,54.0,80573.86,0.4489
136452,9,138.0,44750.13,0.4686
136456,8,84.0,69637.49,0.4501
136459,8,60.0,76324.7,0.4492
136460,8,54.0,88688.26,0.4427
136486,4,2.85,87057.41,0.3179
136571,3,1.27,150639.18,0.276
136576,3,0.25,148312.48,0.2382
136578,2,0.84,1206887.39,0.1673
136593,3,0.66,58013.22,0.2362
136594,3,3.75,22535.56,0.2499
136617,4,0.46,96747.77,0.3244
136972,1,0.82,988831.77,0.1324
136974,2,3.81,1071471.77,0.1725
136975,2,3.96,1020507.93,0.1681
136979,2,3.6,303761.89,0.1951
136980,3,2.61,299554.75,0.2371
136991,4,2.05,198609.78,0.3092
136992,3,2.32,95832.76,0.2813
136993,2,3.5,71828.85,0.2201
136994,1,3.37,73544.85,0.1351
137008,3,2.46,284745.91,0.2604
137009,3,0.23,75664.43,0.2677
137012,3,2.36,79459.29,0.2522
137013,4,4.68,71535.18,0.2861
137014,3,1.47,177231.46,0.2387
137015,2,0.13,67756.37,0.2135
137025,3,4.2,119712.1,0.2554
137026,4,1.99,190010.37,0.2855
137028,3,1.42,438050.14,0.2739
137029,3,2.92,767652.73,0.2765
137030,3,4.6,683211.56,0.2776
137031,4,4.39,718598.08,0.3308
137032,3,1.13,505930.85,0.234
137033,3,0.61,241404.09,0.261
137066,3,3.16,171541.87,0.2277
137067,2,1.47,141376.15,0.2188
137069,3,0.36,214795.72,0.2359
137070,2,8.06,238298.19,0.2023
137077,1,1.87,296308.37,0.1572
137078,2,2.29,284377.32,0.2
137089,4,0.83,92531.54,0.3065
137099,7,0.27,86645.98,0.4179
137103,9,0.65,1307942.7,0.4745
137110,9,60.0,69599.66,0.4736
137111,9,192.0,8010.03,0.4648
137112,9,54.0,79340.54,0.4725
137114,9,54.0,85702.39,0.4779
137126,10,36.0,137270.13,0.5099
137137,9,30.0,179984.43,0.4607
137140,9,60.0,79001.05,0.4689
137141,8,54.0,85209.5,0.4564
137142,8,114.0,49419.63,0.4521
137168,5,2.31,170811.52,0.3737
137169,6,1.95,301486.38,0.3897
137254,3,0.21,21638.05,0.2576
137255,5,1.25,1401868.95,0.3468
137260,1,1.3,175374.45,0.1166
137277,3,3.0,157390.54,0.2332
137278,3,1.35,-9542.18,0.2431
137286,3,1.23,86557.34,0.284
137300,4,0.46,112565.12,0.3316
137301,4,0.4,114462.04,0.3326
137657,1,2.28,564015.28,0.1402
137659,1,0.74,1208896.0,0.1137
137663,1,1.85,644993.7,0.0845
137668,3,0.39,342036.75,0.2257
137670,3,1.2,1710788.63,0.2378
137675,3,4.86,100485.13,0.2739
137676,3,2.73,85747.05,0.2443
137677,2,2.75,73610.83,0.2025
137678,2,4.3,65480.28,0.2068
137679,3,2.4,69397.23,0.2442
137680,2,1.67,91372.59,0.1983
137692,3,5.94,270409.21,0.2415
137693,2,3.04,70588.25,0.2177
137695,3,1.42,127673.46,0.2333
137696,2,1.98,76686.38,0.218
137697,4,3.24,137030.36,0.311
137698,2,2.94,32970.18,0.223
137699,2,2.24,53715.52,0.1933
137704,4,3.14,115796.07,0.3219
137705,3,2.55,29112.94,0.2496
137709,2,4.95,75519.1,0.1905
137710,3,2.41,240338.26,0.2652
137711,4,1.91,750536.23,0.3119
137712,3,4.17,740451.03,0.2414
137713,3,3.54,683962.99,0.2305
137714,2,1.95,944474.41,0.2145
137715,2,3.13,1447516.11,0.2173
137716,4,1.32,981140.08,0.3095
137717,4,1.98,1025421.21,0.2878
137751,2,1.57,68842.86,0.2221
137752,2,1.33,123944.19,0.2092
137772,4,0.79,177391.88,0.3378
137773,4,6.3,80993.66,0.3081
137774,5,3.71,79788.56,0.3592
137775,5,1.94,77084.49,0.3625
137797,10,6.0,1489653.77,0.49
137810,10,60.0,69857.99,0.5085
137811,10,30.0,168376.12,0.5046
137820,8,60.0,76854.53,0.4453
137821,8,96.0,59227.76,0.4516
137825,8,156.0,24655.79,0.4561
137826,9,54.0,79714.97,0.4575
137967,3,2.28,184380.2,0.284
137968,3,1.33,68580.35,0.2772
137969,3,1.44,60905.97,0.281
137970,4,2.32,196183.92,0.2946
138344,1,2.97,1115711.25,0.093
138352,3,0.57,294689.48,0.265
138353,5,2.08,311520.41,0.3587
138354,4,1.14,385828.29,0.3192
138355,4,0.64,445520.47,0.3067
138356,4,0.1,206350.92,0.3097
138357,2,1.51,275947.67,0.2126
138358,2,2.21,398824.24,0.2157
138359,3,5.7,183414.19,0.2276
138360,2,5.21,105676.71,0.2118
138361,2,5.79,82333.83,0.2243
138362,3,4.02,69392.84,0.2373
138363,3,4.89,62018.24,0.267
138364,2,3.83,55764.14,0.2078
138365,2,2.62,64238.1,0.1923
138377,2,4.31,126875.61,0.1925
138378,2,1.34,100671.7,0.1689
138379,2,0.35,139489.38,0.2098
138380,2,1.54,288488.85,0.2207
138381,3,3.71,42375.62,0.2351
138382,3,4.64,18146.1,0.2571
138383,3,2.43,31971.27,0.2345
138389,4,1.97,75072.67,0.3054
138390,2,0.47,86091.51,0.217
138393,1,3.34,145824.21,0.1552
138394,2,0.78,219894.59,0.2174
138395,3,0.54,444914.85,0.2394
138397,3,6.46,470568.19,0.237
138398,3,1.92,875400.79,0.2693
138399,3,7.71,1965799.44,0.2735
138400,4,0.6,1004598.27,0.3256
138401,4,0.32,539888.87,0.3044
138402,4,1.34,386662.1,0.3162
138420,2,0.19,104425.24,0.2135
138421,2,0.11,115767.31,0.2062
138433,2,0.63,74212.54,0.2175
138434,3,4.39,99933.94,0.2442
138435,3,4.61,59067.51,0.2417
138436,3,0.51,87580.41,0.2309
138456,3,1.11,121663.15,0.2501
138493,10,102.0,42503.55,0.5174
138494,10,120.0,36692.7,0.5134
138495,10,60.0,67413.11,0.5154
138496,10,54.0,81334.49,0.5119
138497,10,6.0,1311909.92,0.5038
138498,9,132.0,33034.94,0.4765
138505,8,54.0,80385.95,0.4489
138510,9,126.0,41272.02,0.4606
138651,4,2.16,192995.04,0.2947
138652,3,3.18,113809.0,0.2771
138653,4,0.7,327716.23,0.2955
139038,1,0.64,339599.7,0.0931
139039,2,1.49,432572.57,0.1753
139042,3,0.58,331230.75,0.2434
139044,3,5.41,350978.31,0.2468
139045,3,2.88,113520.92,0.2278
139046,3,3.21,82128.37,0.2413
139047,2,4.85,68910.53,0.2067
139048,3,4.52,60500.03,0.2422
139049,2,4.23,57955.58,0.17
139050,2,1.54,65141.03,0.1891
139061,2,3.1,94002.75,0.2186
139062,2,1.36,70729.38,0.173
139063,2,0.39,71591.55,0.1707
139065,3,1.29,83035.97,0.2316
139066,3,3.99,11385.89,0.2521
139067,3,4.22,10258.6,0.2295
139068,2,2.24,9888.68,0.1972
139069,2,1.73,19138.59,0.2065
139072,4,1.5,1398808.3,0.3219
139073,3,0.68,180139.57,0.2659
139074,2,0.64,156667.9,0.2139
139076,1,1.9,144889.6,0.1534
139077,1,2.19,224149.93,0.1378
139078,1,1.39,375643.79,0.1208
139079,2,3.81,449558.45,0.1876
139082,4,1.48,986717.19,0.3009
139083,4,1.93,1498297.0,0.2931
139084,4,1.78,995086.82,0.3172
139086,4,0.66,369948.93,0.3079
139107,4,1.3,107387.52,0.2938
139108,4,2.43,198421.61,0.3027
139116,2,0.67,90188.2,0.1901
139117,3,4.12,107323.49,0.2494
139119,3,1.62,134712.84,0.2816
139120,3,3.12,127402.78,0.2505
139121,3,0.14,246472.13,0.2842
139122,2,0.24,314850.68,0.1674
139123,3,4.14,229476.5,0.2255
139127,3,0.65,328527.7,0.2437
139138,4,0.91,139491.65,0.3282
139139,4,1.82,113860.42,0.2912
139160,9,54.0,86676.93,0.4641
139182,9,144.0,28879.77,0.48
139183,10,102.0,48341.7,0.4981
139184,10,150.0,19464.25,0.5031
139185,10,6.0,1303458.07,0.5156
139191,8,60.0,84889.13,0.456
139194,8,90.0,65062.18,0.442
139350,4,0.64,69844.47,0.3263
139351,4,0.76,291356.31,0.3354
139352,5,3.08,119827.31,0.3467
139725,1,1.17,456973.32,0.1431
139726,3,1.84,402797.71,0.256
139727,3,1.2,365740.81,0.2498
139729,3,0.8,224886.88,0.2714
139730,3,2.1,151875.37,0.2533
139731,3,4.59,153764.27,0.2369
139732,3,3.8,66567.11,0.256
139733,3,4.44,56721.6,0.2268
139734,3,1.35,64114.59,0.2363
139746,2,2.35,117356.84,0.2024
139747,2,2.17,35158.52,0.1892
139749,2,0.59,103674.83,0.2125
139750,3,4.4,1475.15,0.2404
139751,2,5.2,4141.53,0.2215
139752,1,1.99,28972.9,0.1539
139753,2,2.05,5897.84,0.1965
139757,4,0.75,190650.61,0.3009
139758,2,0.67,214432.98,0.2073
139761,1,3.32,360462.75,0.1372
139762,1,2.34,480855.5,0.1081
139763,1,0.09,612935.64,0.1138
139766,4,0.67,3154894.93,0.2867
139767,4,0.65,1437663.32,0.2925
139768,4,9.45,850464.05,0.3254
139769,5,0.93,685296.54,0.3523
139770,4,2.68,335677.57,0.3138
139778,2,1.17,48014.9,0.1795
139792,4,0.68,214349.0,0.3119
139793,4,0.96,167602.99,0.3115
139795,3,0.62,110794.17,0.2464
139796,3,2.64,90866.13,0.2371
139797,2,0.53,99307.67,0.2152
139798,2,3.03,112637.93,0.2166
139801,6,2.49,1381715.01,0.3958
139802,3,3.51,138824.39,0.2309
139803,3,2.58,149845.33,0.2359
139805,3,4.84,204568.23,0.2573
139819,4,6.0,1420800.55,0.3018
139825,4,0.74,140734.91,0.3158
139868,10,150.0,18789.01,0.4998
139869,10,114.0,41333.39,0.4953
139875,9,48.0,106420.01,0.4635
139876,9,60.0,78164.61,0.4601
139877,8,60.0,90553.12,0.4446
139902,5,6.0,2005336.54,0.3583
139914,3,1.84,46633.8,0.2391
139946,4,2.86,24894.26,0.3321
139988,3,0.27,154615.66,0.2498
140035,5,0.19,1265490.64,0.3515
140416,2,3.28,135370.65,0.2061
140417,2,0.29,1497415.61,0.1747
140431,2,3.12,31214.22,0.1887
140432,2,4.51,17354.01,0.1791
140433,2,0.05,28012.79,0.1822
140434,2,3.83,1193.6,0.2198
140435,2,2.15,-1939.7,0.2242
140436,1,1.49,73442.49,0.1604
140437,1,3.58,3681.32,0.1571
140438,1,0.52,73956.19,0.1564
140441,4,2.29,323060.87,0.2863
140442,3,0.24,173083.12,0.2422
140443,2,1.39,366863.72,0.2083
140445,2,1.76,418588.37,0.1953
140446,2,1.08,510883.03,0.1758
140447,1,1.58,705877.04,0.1255
140448,1,2.46,993915.43,0.117
140449,1,3.57,1625144.17,0.1408
140451,3,0.98,2045355.79,0.2792
140453,5,1.4,613571.18,0.3552
140454,5,1.86,792906.08,0.3589
140462,2,1.14,19820.04,0.1992
140464,2,0.4,53681.36,0.2118
140465,2,3.46,45317.93,0.213
140476,3,1.1,153274.89,0.2519
140478,5,0.06,167520.73,0.3402
140481,2,1.19,82630.16,0.1911
140482,2,4.56,102257.77,0.179
140486,3,3.28,246860.59,0.2685
140525,9,6.0,1308581.44,0.4725
140527,9,6.0,1311303.43,0.4636
140550,10,60.0,68340.86,0.5024
140551,10,54.0,66302.83,0.5013
140553,10,6.0,1289442.72,0.5239
140562,7,6.0,1355985.87,0.4267
140598,5,2.84,102635.93,0.3508
140666,4,2.5,1217732.2,0.3127
140667,5,2.17,-18663.86,0.3727
140668,3,2.59,9829.7,0.2337
140669,3,2.0,176134.8,0.2329
140673,3,1.63,160359.26,0.2309
141093,10,24.0,512160.9,0.5706
141094,10,25.83,267520.66,0.5201
141095,6,15.94,440632.4,0.4017
141114,1,2.5,127020.35,0.1512
141115,1,1.42,28026.51,0.1541
141116,2,2.19,7758.15,0.1811
141117,2,2.91,41198.53,0.1872
141118,1,2.63,5748.41,0.1455
141119,2,0.87,69215.29,0.1719
141120,1,1.27,17579.49,0.1366
141121,1,0.72,59303.36,0.1344
141125,3,2.59,235586.86,0.2659
141126,3,4.42,208876.69,0.2591
141127,3,2.72,563167.53,0.2389
141130,2,1.28,374149.31,0.1965
141132,1,2.51,1287628.96,0.1147
141133,1,2.5,1168483.26,0.1091
141134,1,2.43,1909642.01,0.1566
141135,3,2.2,1652285.89,0.2563
141136,4,5.11,1135450.27,0.3386
141138,5,1.19,480774.42,0.353
141146,2,1.07,58394.73,0.1787
141148,2,1.82,32489.63,0.1993
141149,2,1.29,54494.95,0.1896
141150,2,1.43,-10358.53,0.1786
141151,2,0.49,30530.96,0.1888
141159,3,0.64,222885.95,0.228
141163,3,1.38,1344564.48,0.2521
141164,2,1.5,103003.17,0.2143
141168,4,60.0,116914.99,0.324
141181,5,2.31,202139.62,0.352
141183,5,0.96,357194.81,0.3527
141184,5,1.2,1434344.12,0.3625
141213,5,2.7,61211.92,0.3776
141214,5,1.83,76767.05,0.3771
141222,10,78.0,50886.34,0.5003
141235,10,78.0,74490.41,0.4822
141236,10,54.0,88184.45,0.4822
141237,10,54.0,78013.69,0.4972
141238,10,60.0,73775.54,0.5019
141242,9,6.0,1326057.52,0.4621
141243,9,72.0,106641.7,0.4655
141274,5,4.4,7432.22,0.3781
141275,5,1.52,14357.84,0.346
141348,3,3.55,116406.02,0.2644
141349,3,1.19,11457.15,0.2622
141350,4,0.38,109690.1,0.3209
141353,4,2.15,263082.86,0.2911
141354,4,2.33,212132.44,0.3009
141355,2,2.73,214616.54,0.1943
141770,1,1.65,447378.89,0.1165
141777,4,4.99,391007.02,0.2992
141778,10,32.9,289169.13,0.5003
141779,8,57.24,433187.36,0.4482
141780,4,1.71,255252.85,0.3118
141798,2,4.45,174315.14,0.1781
141799,1,6.63,37142.63,0.1379
141800,1,3.28,9961.42,0.1257
141801,2,2.41,15204.7,0.1744
141802,2,4.39,-9520.71,0.2091
141805,1,1.44,23777.55,0.1588
141806,1,4.51,23335.95,0.1546
141811,3,4.87,708741.52,0.2342
141812,2,0.42,1253389.96,0.2247
141814,2,0.19,361252.1,0.2056
141815,3,0.48,368045.42,0.2272
141816,1,2.9,607652.36,0.1284
141817,1,4.07,682967.28,0.1138
141818,1,3.16,890318.61,0.1309
141819,4,0.14,679261.08,0.2883
141820,4,0.49,1016467.54,0.3299
141822,4,1.04,500372.76,0.3366
141823,4,1.35,482093.77,0.3204
141824,4,42.93,162331.33,0.3008
141825,4,60.0,76305.05,0.2944
141828,3,54.0,58458.33,0.2658
141829,3,10.42,95488.17,0.2487
141830,2,2.56,13115.44,0.2085
141831,2,1.14,57977.08,0.1968
141832,2,1.36,-21280.57,0.203
141833,2,1.08,-3220.41,0.2129
141834,2,0.36,48051.41,0.2081
141835,2,0.8,63627.3,0.2164
141849,4,0.32,98057.48,0.2983
141850,4,0.74,29419.8,0.2994
141860,4,2.47,291088.28,0.3081
141861,3,0.34,256324.87,0.2615
141868,5,0.12,245829.41,0.3604
141906,10,132.0,27122.39,0.5069
141907,10,54.0,64668.59,0.5082
141919,9,180.0,26550.25,0.4698
141920,9,102.0,65754.25,0.4678
141924,10,48.0,102702.55,0.4829
141925,9,126.0,62543.11,0.4782
141926,9,60.0,101864.53,0.4648
141927,9,60.0,103375.19,0.4669
141948,5,2.85,55640.86,0.3631
141957,5,0.6,35568.84,0.3597
141958,6,0.8,1223017.4,0.3891
141959,3,1.43,17143.98,0.2447
141960,3,0.5,4400.82,0.2746
141961,4,4.91,97652.11,0.3301
142036,3,2.39,170785.42,0.226
142037,2,2.58,182470.54,0.203
142038,3,0.66,178690.04,0.2555
142039,5,1.41,202429.26,0.3407
142040,2,3.56,221263.71,0.2211
142041,2,0.66,222426.23,0.2142
142042,2,0.83,326437.89,0.1925
142043,3,0.31,274348.89,0.2346
142455,1,1.7,484777.28,0.1062
142456,1,0.2,440501.81,0.1096
142461,1,2.61,483782.46,0.0941
142465,4,0.76,258063.47,0.299
142468,1,1.62,163659.61,0.1603
142469,1,1.35,151146.06,0.1391
142482,2,0.66,126322.6,0.2016
142483,2,2.62,50393.95,0.1783
142484,1,2.31,60526.61,0.1587
142485,1,3.39,35931.04,0.1333
142486,2,3.96,11019.13,0.181
142487,1,3.26,54571.18,0.1222
142488,1,0.5,70423.28,0.1218
142489,1,0.44,49377.62,0.1596
142490,1,2.23,99593.31,0.1511
142495,2,1.03,133279.5,0.1882
142497,2,0.1,301714.74,0.1856
142498,2,2.98,402186.4,0.1832
142499,2,1.53,387302.2,0.2009
142500,2,1.1,624035.13,0.1811
142501,1,1.5,660153.69,0.1262
142502,2,0.75,608934.0,0.1688
142504,4,0.48,813391.07,0.311
142505,4,0.59,990468.7,0.3253
142507,4,1.53,571655.21,0.33
142508,4,8.76,446880.76,0.3176
142509,4,33.02,208027.34,0.2994
142511,3,2.77,44836.19,0.2665
142512,3,50.22,-19353.26,0.2796
142513,3,4.1,12855.04,0.2689
142514,3,1.38,29432.46,0.2387
142515,2,2.84,20256.13,0.2038
142518,2,1.26,58009.82,0.2176
142520,2,4.65,25946.92,0.2179
142521,2,0.25,70539.72,0.2157
142526,3,0.76,113872.77,0.2677
142530,3,1.13,84722.48,0.2629
142550,8,0.24,303455.82,0.4425
142551,8,0.19,213925.9,0.4351
142554,3,3.63,185615.33,0.2833
142580,5,1.8,66461.11,0.3622
142582,10,42.0,123396.21,0.4963
142583,10,66.0,59058.91,0.502
142584,10,162.0,17256.16,0.4909
142585,10,42.0,111101.11,0.5048
142594,10,6.0,1289099.04,0.5012
142595,10,72.0,54238.92,0.5095
142596,10,60.0,61771.32,0.5209
142597,10,36.0,126825.81,0.5085
142598,10,6.0,1295542.02,0.4844
142599,9,60.0,68482.37,0.4801
142603,9,138.0,48703.42,0.4779
142604,10,54.0,97188.95,0.4974
142610,10,36.0,162180.88,0.4822
142644,3,1.9,38279.28,0.2473
142647,2,6.36,72272.25,0.2136
142718,2,1.67,1366388.1,0.179
142722,3,2.43,309193.56,0.2408
142725,1,1.64,193394.86,0.1637
142726,1,5.81,195711.42,0.1464
142727,1,0.22,182489.07,0.1261
142739,2,3.57,-26140.34,0.2013
142740,2,0.59,-17396.96,0.209
143140,1,1.06,428546.55,0.0976
143144,1,1.08,248184.18,0.0897
143145,2,4.03,414277.14,0.203
143146,3,1.71,475860.29,0.2364
143150,3,1.12,177592.21,0.2447
143165,2,3.94,113093.06,0.1937
143166,2,0.26,116951.43,0.2138
143167,2,1.71,65920.78,0.1958
143168,2,1.0,19651.61,0.1943
143169,1,2.39,52824.61,0.1492
143170,1,0.44,29639.14,0.1565
143171,1,3.19,1801.67,0.1293
143172,1,3.85,-14176.78,0.1175
143173,1,3.01,-10458.64,0.1407
143180,3,1.64,413273.49,0.2463
143181,2,0.62,208096.93,0.1927
143183,2,2.28,314997.95,0.1819
143185,1,1.81,647646.47,0.1471
143186,3,3.3,558388.94,0.2356
143187,3,1.58,724331.36,0.2727
143192,4,4.23,734062.7,0.3239
143193,4,2.41,452177.56,0.3139
143197,3,9.1,24582.33,0.2788
143198,3,12.63,-2455.66,0.2646
143199,3,0.88,1282894.77,0.2322
143200,2,0.41,1286548.57,0.2113
143202,2,1.98,20787.22,0.2095
143203,2,1.49,-14059.85,0.2168
143204,2,3.68,-17918.16,0.1922
143205,2,1.27,25843.86,0.1888
143211,3,4.82,193485.21,0.2665
143235,8,1.0,1432800.16,0.4541
143236,6,5.27,136927.92,0.3849
143256,9,30.0,174095.7,0.4743
143257,9,132.0,40071.61,0.4667
143258,9,144.0,31535.52,0.4765
143259,10,60.0,81542.67,0.4896
143260,10,60.0,73032.48,0.4903
143263,6,2.93,67646.48,0.4006
143266,10,126.0,49131.21,0.4905
143268,10,60.0,83333.38,0.5073
143269,10,126.0,47057.87,0.4983
143270,10,48.0,81229.66,0.506
143280,10,54.0,62573.57,0.4964
143281,10,60.0,60646.78,0.4951
143288,10,66.0,91135.0,0.503
143291,10,48.0,110254.92,0.4939
143332,3,3.22,39412.49,0.2303
143335,2,1.82,23817.76,0.2214
143400,3,0.68,265990.51,0.2464
143404,3,1.61,224326.87,0.2313
143405,3,2.35,245753.03,0.2748
143406,3,3.61,300829.3,0.261
143407,3,2.75,224886.24,0.2286
143408,3,2.06,159330.63,0.2287
143409,1,1.55,133774.74,0.15
143421,3,2.0,-22917.05,0.2261
143422,2,2.34,-46223.36,0.2214
143423,2,1.58,-14113.02,0.2168
143424,2,0.12,-12975.78,0.2123
143827,1,0.91,385652.67,0.1173
143830,3,5.18,394780.48,0.2617
143844,3,0.92,215404.23,0.2488
143849,2,1.95,87648.18,0.19
143850,2,2.54,232942.97,0.2091
143851,2,1.36,112023.97,0.1823
143852,2,1.25,17136.66,0.1781
143853,2,0.91,65542.09,0.1829
143854,2,4.26,33734.52,0.1658
143855,1,2.16,-207.59,0.1548
143856,1,4.63,-7716.95,0.1513
143857,1,2.67,5303.04,0.1445
143858,1,4.07,42957.19,0.1493
143860,2,0.9,141485.16,0.1689
143863,1,0.06,70750.6,0.149
143865,1,1.55,100609.42,0.1406
143867,2,3.0,277940.4,0.1923
143870,1,3.11,690529.15,0.1571
143871,2,2.79,885753.68,0.2129
143873,2,0.73,1680632.84,0.1981
143875,5,4.88,1081196.03,0.3519
143876,5,1.12,646533.36,0.3437
143878,4,0.31,511339.06,0.3163
143880,4,0.1,163761.26,0.2976
143882,3,4.1,85816.24,0.2698
143887,2,0.95,37700.35,0.1972
143889,2,0.99,23051.81,0.1891
143892,3,1.9,105313.89,0.26
143903,3,1.82,24232.62,0.2403
143904,2,0.76,43197.81,0.1776
143905,2,1.81,108751.7,0.2003
143911,2,1.54,329315.21,0.2088
143917,8,60.0,176432.72,0.4508
143918,9,108.0,151909.47,0.4663
143933,5,6.0,1955327.34,0.3651
143943,10,6.0,1332504.63,0.5019
143944,10,162.0,36492.46,0.4833
143945,10,60.0,91354.79,0.497
143950,10,6.0,1338695.84,0.503
143952,9,132.0,41179.05,0.475
143953,9,210.0,1536.85,0.4741
143954,10,66.0,59884.66,0.4988
143969,9,54.0,83738.97,0.4809
143970,9,6.0,1305566.78,0.4772
143976,10,126.0,48485.04,0.495
143977,9,120.0,57331.69,0.4779
143978,10,6.0,1324119.05,0.4856
144034,5,54.0,40920.86,0.3492
144079,3,1.51,124605.69,0.2548
144084,4,4.48,218795.7,0.3004
144086,3,2.08,299523.82,0.2518
144087,4,1.39,232530.42,0.2964
144088,5,1.75,214462.1,0.3511
144089,4,1.29,256779.69,0.299
144090,3,0.7,268577.38,0.272
144091,2,4.08,308667.27,0.2154
144092,3,1.79,327546.17,0.2479
144093,1,2.58,121638.71,0.1643
144105,2,2.02,-21138.79,0.2231
144106,2,3.1,-85202.83,0.215
144107,2,3.19,-79042.54,0.2119
144108,2,6.08,-54965.8,0.209
144109,3,0.23,-14669.5,0.2295
144508,1,0.57,593423.26,0.0846
144511,1,4.91,305782.53,0.1232
144512,1,1.25,248719.23,0.1372
144513,3,0.13,255711.22,0.2324
144517,2,0.13,581541.87,0.1909
144525,1,2.1,79193.61,0.1524
144529,2,2.48,26718.9,0.2016
144532,2,2.34,80617.43,0.1712
144533,2,2.02,38936.96,0.1878
144535,2,4.15,52025.08,0.1683
144536,2,3.33,19965.92,0.1766
144537,2,1.78,36861.75,0.1889
144538,2,4.27,-13059.22,0.1799
144539,1,2.88,21249.91,0.1558
144540,1,0.71,48110.41,0.1135
144541,1,2.82,20038.58,0.1368
144542,1,1.21,103633.04,0.1524
144547,1,2.56,143412.29,0.1401
144548,2,2.48,178073.42,0.2075
144549,2,1.54,79264.15,0.2011
144551,2,0.53,170735.19,0.1778
144552,1,0.82,362617.41,0.0857
144555,1,3.04,510793.21,0.118
144556,1,1.46,916216.84,0.1512
144557,1,3.06,1912613.28,0.1533
144558,2,2.7,2435143.43,0.1837
144559,2,0.53,3227334.29,0.2225
144561,5,2.55,2309841.14,0.3665
144562,5,0.52,615402.02,0.3428
144563,5,5.46,513519.24,0.3423
144564,4,4.6,364200.13,0.3334
144565,4,0.28,232185.98,0.2939
144572,2,1.67,1306759.97,0.1942
144573,2,2.26,47912.08,0.1899
144574,2,3.28,25745.93,0.1847
144575,2,0.44,52585.84,0.1971
144576,2,0.56,31354.8,0.1993
144577,3,1.63,94741.58,0.2426
144587,2,1.47,58733.03,0.2049
144588,2,1.13,75692.53,0.2172
144589,3,3.21,42199.5,0.2632
144590,3,1.27,47268.24,0.2405
144591,2,1.54,125072.4,0.1796
144601,7,54.0,142918.33,0.4206
144604,8,54.0,132749.5,0.4456
144613,9,0.51,108111.53,0.4632
144634,10,48.0,103959.88,0.4906
144635,10,78.0,84178.23,0.4863
144638,9,48.0,88821.55,0.477
144639,9,114.37,27200.23,0.4639
144653,9,138.0,42548.82,0.4741
144661,10,72.0,76595.13,0.482
144662,9,138.0,59759.85,0.4614
144663,9,78.0,134968.57,0.4743
144691,3,0.09,33912.19,0.2427
144692,3,0.46,7911.18,0.2365
144695,3,2.64,119131.09,0.2525
144767,3,3.6,235696.05,0.2566
144770,3,0.88,306404.53,0.2562
144771,4,2.04,203143.74,0.3227
144772,4,1.83,188468.19,0.2851
144776,2,3.48,219119.76,0.2189
144777,2,3.14,156833.08,0.1741
144790,2,3.36,-91649.22,0.2238
144791,2,3.24,-68618.72,0.212
144792,2,2.05,-22889.76,0.2201
144793,2,0.32,6206.12,0.2218
145195,1,3.09,326295.32,0.1304
145196,1,5.05,259015.76,0.119
145197,1,0.07,264441.86,0.1549
145202,1,0.3,287459.15,0.1433
145203,1,3.32,306221.85,0.1592
145210,1,4.14,110883.8,0.1438
145211,1,0.53,75113.91,0.1436
145212,2,2.02,74946.75,0.1974
145213,2,2.34,87046.08,0.1758
145214,2,0.31,102742.63,0.1876
145216,1,2.57,89001.61,0.1614
145217,2,4.9,81496.14,0.1769
145218,3,2.64,129704.29,0.2325
145219,2,0.29,90937.78,0.1879
145220,2,4.24,21293.63,0.1653
145221,2,2.83,-11400.59,0.1969
145222,2,3.25,6279.66,0.1703
145223,1,1.2,8228.21,0.1245
145224,1,0.8,102244.1,0.1253
145236,1,0.18,160455.71,0.1462
145237,1,1.52,250873.18,0.085
145239,1,2.42,446969.63,0.0993
145240,1,0.58,636154.76,0.099
145241,1,1.71,1275488.45,0.1146
145246,5,5.15,566650.14,0.3579
145247,5,5.62,516051.58,0.3648
145248,5,4.35,454972.08,0.3551
145249,4,1.54,401603.42,0.3367
145250,4,3.08,382233.03,0.3095
145258,2,1.51,20712.89,0.1944
145259,2,1.82,44011.33,0.1918
145260,2,2.85,7082.4,0.1794
145261,2,2.2,81497.01,0.1832
145264,3,1.43,245884.31,0.2589
145271,4,3.86,76737.4,0.2869
145272,3,1.95,102004.12,0.2497
145273,3,2.92,110744.68,0.2689
145274,3,4.34,78546.17,0.2272
145285,8,54.0,137361.69,0.4425
145286,9,54.0,146135.94,0.4567
145288,8,13.47,146140.38,0.4391
145289,7,7.45,232131.83,0.4184
145290,7,21.72,85366.64,0.4255
145291,7,34.23,128565.79,0.4152
145303,10,48.0,96503.71,0.4994
145304,10,6.0,1320891.39,0.5179
145319,8,54.0,82843.45,0.4525
145320,9,54.0,86153.73,0.4575
145337,9,78.0,68657.02,0.4729
145338,9,132.0,38357.77,0.4766
145339,9,30.0,175872.67,0.4659
145376,3,3.25,8926.3,0.2665
145377,3,2.95,50963.69,0.2742
145379,4,0.24,27514.12,0.2958
145380,4,0.6,34425.13,0.3378
145423,3,0.12,10343.78,0.2634
145447,3,1.65,11345.96,0.2709
145448,3,0.63,84683.54,0.2692
145454,4,0.69,91076.42,0.34
145455,2,3.37,205951.85,0.2197
145456,3,4.65,223278.8,0.2349
145475,3,1.33,1126262.45,0.2526
145879,1,6.35,267826.85,0.1164
145880,1,1.79,342694.11,0.1601
145885,1,3.21,228540.69,0.1533
145888,1,1.36,153832.75,0.1486
145889,2,4.1,50084.33,0.1654
145890,2,1.35,40454.75,0.1922
145895,2,2.81,110911.04,0.1764
145903,2,0.12,83064.3,0.1842
145904,1,4.95,63062.48,0.1508
145905,2,1.73,9598.9,0.1707
145906,1,3.86,11850.67,0.1547
145907,1,1.45,46515.67,0.1507
145909,1,1.36,117546.29,0.1507
145910,1,3.78,78862.5,0.1547
145916,1,1.72,401035.91,0.1517
145917,3,4.24,310606.53,0.23
145919,2,2.36,386563.91,0.1747
145920,2,0.18,350359.58,0.1738
145924,1,2.29,300132.73,0.078
145926,2,3.13,377142.89,0.1681
145927,2,2.39,648405.82,0.1794
145928,3,2.31,917821.31,0.2693
145936,4,0.26,483142.69,0.3166
145938,3,0.94,61071.61,0.2824
145940,1,2.11,83965.93,0.1615
145942,3,0.63,72222.98,0.2453
145943,2,1.45,-5474.82,0.2253
145944,2,3.21,60001.35,0.2097
145946,3,5.4,31623.61,0.2257
145947,3,4.52,39888.29,0.2395
145948,4,0.84,110482.56,0.2993
145952,4,5.08,16147.48,0.3224
145955,2,0.75,138377.21,0.1785
145956,2,0.25,91592.97,0.2099
145959,2,0.13,245045.26,0.1774
145963,6,3.25,146305.8,0.3883
145967,3,0.78,113680.93,0.2779
145969,7,60.0,132907.74,0.4322
145970,8,60.0,126685.37,0.4389
145972,8,116.72,47600.6,0.4459
145974,7,0.22,94423.2,0.4168
145975,6,0.32,37739.43,0.3936
145976,6,1.3,142213.41,0.4054
145977,5,2.75,107245.43,0.3646
145978,4,0.67,122044.16,0.3186
145980,5,1.74,132279.32,0.3498
145988,9,114.0,60038.81,0.4701
146004,9,6.0,1298777.92,0.4636
146021,10,6.0,1290784.81,0.4913
146022,10,48.0,79585.57,0.4821
146026,9,60.0,57670.55,0.4597
146027,9,24.0,196132.58,0.4733
146061,4,0.87,26583.75,0.2997
146064,3,0.51,76.44,0.2525
146066,3,1.13,16954.43,0.2393
146099,4,1.06,11940.36,0.3019
146100,4,1.59,-43360.16,0.3021
146101,4,1.25,1178532.59,0.3177
146130,3,0.39,17726.03,0.2478
146131,3,1.41,4465.62,0.2406
146563,1,0.98,326954.62,0.1116
146573,1,4.69,149380.21,0.1307
146574,1,4.11,32375.56,0.1313
146575,2,1.63,32330.55,0.1851
146581,2,1.26,138454.5,0.1776
146582,2,1.29,40564.62,0.1753
146583,2,1.32,299.12,0.2
146588,1,0.67,74986.41,0.1598
146589,1,4.54,3697.78,0.1533
146590,1,3.33,-5907.94,0.154
146591,1,4.72,11261.88,0.1259
146594,1,7.34,151077.29,0.1515
146595,1,0.71,119012.28,0.1317
146600,2,0.39,688777.03,0.2102
146604,2,0.41,826710.11,0.188
146607,2,0.22,415736.98,0.1675
146608,1,2.41,263631.43,0.1007
146611,2,0.49,875374.33,0.1996
146619,4,1.55,1157178.27,0.3218
146620,4,2.34,875746.25,0.3184
146626,3,3.22,80024.4,0.2623
146627,3,3.54,11826.85,0.2673
146628,3,2.47,26346.58,0.249
146629,3,0.88,23801.26,0.2464
146630,3,3.73,31744.44,0.261
146631,3,2.97,86389.69,0.2334
146635,4,2.28,173126.69,0.3214
146636,3,1.91,91910.78,0.2447
146638,4,0.88,55790.65,0.2853
146639,3,0.11,28944.37,0.2357
146640,2,1.23,102429.37,0.2167
146643,2,0.44,28681.84,0.18
146647,4,0.8,115686.77,0.2902
146652,7,36.0,175176.34,0.4182
146653,7,126.0,76764.65,0.42
146654,7,30.0,209543.66,0.4335
146659,7,1.68,86716.4,0.4141
146662,4,0.47,142808.3,0.3044
146663,3,0.12,71914.23,0.2754
146666,7,60.0,77278.85,0.4251
146672,9,120.0,54321.1,0.4746
146673,9,228.0,766.18,0.4609
146674,9,138.0,43554.85,0.4652
146675,9,54.0,84446.78,0.4657
146677,9,6.0,1322206.32,0.477
146680,9,60.0,72872.28,0.4768
146682,10,42.0,123137.07,0.4815
146709,10,48.0,78200.98,0.4839
146710,9,54.0,65470.21,0.4606
146711,9,150.0,20878.61,0.4666
146712,9,60.0,64045.42,0.4811
146742,3,0.37,-7818.77,0.2761
146743,3,0.52,26714.53,0.2542
146744,4,1.26,25776.21,0.293
146745,4,1.69,-14066.75,0.3323
146746,4,3.24,-21724.43,0.3349
146747,2,2.3,3183.5,0.2219
146748,2,4.85,-21845.53,0.213
146749,3,1.28,4776.92,0.2431
146750,3,1.92,-6162.19,0.2677
146751,4,0.36,17354.59,0.2953
146752,3,0.92,43173.08,0.267
146758,3,2.29,56839.59,0.2622
146782,4,2.52,-8206.88,0.2933
146783,3,3.93,-20731.18,0.2757
146784,4,1.97,-10620.59,0.29
146814,3,0.1,16152.27,0.2367
146815,3,1.62,28427.23,0.24
146838,3,0.12,-2513.52,0.2304
146849,3,0.79,15014.11,0.278
146850,3,1.54,13263.1,0.27
147249,6,0.65,225265.01,0.3858
147258,1,3.59,122654.95,0.1352
147259,2,2.65,26777.73,0.1753
147265,2,2.97,67689.41,0.1768
147266,2,4.26,-1073.67,0.1898
147267,2,4.12,-8145.38,0.1971
147268,2,4.7,40261.62,0.1847
147269,2,2.31,196813.48,0.1795
147272,2,2.67,78050.13,0.1729
147273,1,1.83,45774.18,0.1481
147274,1,1.35,73106.6,0.1455
147275,1,4.95,79932.39,0.1401
147276,1,3.73,11286.78,0.132
147277,1,1.59,76579.52,0.1292
147279,1,3.1,89516.76,0.136
147280,1,0.96,173383.84,0.128
147285,2,1.67,3272444.67,0.1727
147288,2,4.2,966296.31,0.1723
147289,2,0.62,594396.06,0.1769
147291,2,1.88,718597.62,0.1994
147292,1,1.33,336677.25,0.0835
147293,1,1.06,220866.07,0.1046
147296,1,1.33,213715.75,0.1505
147308,3,2.22,396778.12,0.2266
147310,3,4.37,55163.49,0.2401
147311,3,3.41,18495.64,0.2808
147312,3,4.51,7791.7,0.2501
147313,3,2.8,19237.15,0.2309
147315,4,3.72,228508.39,0.3307
147316,3,1.8,57033.68,0.2294
147322,5,3.45,93150.86,0.3575
147323,4,5.03,37504.6,0.2953
147324,4,3.28,124423.81,0.3061
147325,3,2.73,138944.94,0.2832
147331,3,1.7,90839.08,0.2714
147335,6,47.28,128799.74,0.3992
147344,6,1.9,88724.39,0.4075
147350,6,120.0,43295.27,0.4086
147360,9,60.0,88336.04,0.4624
147361,9,60.0,98264.85,0.4659
147363,9,6.0,1300937.43,0.4809
147364,8,204.0,-7480.41,0.4551
147365,10,60.0,68539.96,0.4815
147366,9,42.0,123338.75,0.4719
147392,10,48.0,83078.7,0.5137
147393,10,102.0,42262.44,0.5124
147394,9,60.0,55969.16,0.4731
147398,9,78.0,53358.25,0.4792
147426,3,0.52,-6064.82,0.2313
147427,3,1.28,-40248.04,0.2342
147428,4,0.98,39159.07,0.2922
147429,3,2.72,23151.39,0.2615
147430,3,1.88,-30304.76,0.2481
147431,2,3.82,37083.24,0.2064
147432,3,2.59,27913.67,0.2589
147433,3,1.66,-25113.29,0.2798
147434,4,3.6,23599.76,0.3064
147435,4,4.58,5158.41,0.3172
147436,4,0.4,35060.86,0.3387
147466,3,4.26,-10910.05,0.2712
147467,4,0.95,-44964.22,0.2864
147468,4,1.41,19739.98,0.2959
147498,3,1.38,11467.88,0.2405
147521,3,2.26,-34386.49,0.2295
147522,2,3.73,-52410.64,0.2233
147524,3,1.11,-371.62,0.2566
147525,3,1.29,-10010.33,0.2589
147537,3,3.94,-19593.97,0.2783
147929,1,0.43,479538.31,0.0558
147931,1,1.98,351505.32,0.0767
147932,1,0.21,394285.66,0.1511
147939,2,0.22,139387.4,0.2018
147943,2,2.82,72000.89,0.1969
147944,3,2.0,22972.21,0.2354
147945,4,1.42,48451.4,0.3039
147949,3,4.54,38175.08,0.2381
147950,2,4.2,-4755.57,0.2241
147951,2,3.2,-9757.05,0.2139
147952,2,7.01,79522.11,0.2181
147960,1,1.37,81637.53,0.1332
147961,1,4.06,81855.54,0.1415
147962,1,1.98,95177.85,0.1439
147963,1,7.38,157671.65,0.1532
147964,1,0.65,83608.49,0.1326
147973,1,2.43,841672.16,0.1306
147974,1,0.3,677543.55,0.1152
147976,1,1.05,288533.39,0.0831
147992,3,6.28,482541.73,0.2464
147993,3,2.0,461165.93,0.2461
147994,3,1.25,114272.4,0.2681
147995,4,5.21,51048.83,0.2963
147996,3,3.44,129354.47,0.2766
147998,3,2.4,206428.92,0.2595
147999,4,1.45,222739.95,0.2948
148003,4,3.04,143160.97,0.3179
148008,4,0.25,148692.78,0.3019
148009,3,2.88,103897.53,0.2664
148010,3,1.85,180438.65,0.2442
148014,4,4.38,72531.03,0.3087
148021,7,114.0,86096.17,0.4162
148022,7,168.0,61710.36,0.4268
148023,8,49.57,40314.25,0.4391
148024,6,5.35,15364.07,0.4104
148025,7,2.62,16587.16,0.4229
148046,9,156.0,33902.93,0.4634
148083,9,60.0,52844.35,0.4691
148110,3,5.06,-36539.65,0.2807
148111,3,4.21,23077.2,0.2725
148112,3,4.78,-11333.26,0.2708
148113,3,1.05,20309.56,0.2604
148114,3,4.36,38302.78,0.2495
148115,3,0.75,1218569.8,0.246
148117,3,1.15,47829.9,0.2834
148118,4,2.34,25818.02,0.3069
148119,5,1.95,-6549.47,0.3503
148120,5,2.56,2124.11,0.3525
148139,4,0.33,18053.39,0.3402
148140,5,2.4,1185428.99,0.3412
148150,4,0.68,53350.84,0.2851
148151,3,0.87,-8624.23,0.279
148205,2,1.95,-57066.43,0.2176
148206,3,1.91,-4281.64,0.2307
148208,3,0.96,-3459.19,0.2445
148220,4,0.47,1118358.71,0.2924
148221,3,3.57,-19623.5,0.2786
148615,1,1.66,427624.32,0.0892
148616,1,2.61,384821.64,0.1432
148617,2,0.76,269649.1,0.2023
148618,4,0.85,241590.43,0.3341
148623,2,2.22,66670.11,0.2061
148624,3,0.45,137422.24,0.2292
148628,2,4.72,68062.35,0.2018
148629,3,3.68,18237.54,0.2481
148630,4,1.04,102441.38,0.3311
148633,2,3.74,20754.05,0.2203
148634,2,3.78,-9271.94,0.2216
148635,2,1.55,-9520.38,0.2179
148640,2,0.27,47023.46,0.2148
148649,2,0.37,270890.52,0.2065
148650,2,1.3,2448822.71,0.2249
148657,1,1.39,431829.97,0.0966
148658,1,1.1,608700.38,0.1052
148660,1,3.66,340141.52,0.1215
148662,1,0.21,256061.61,0.101
148663,2,0.46,193593.23,0.1858
148664,1,6.2,188984.81,0.1553
148674,4,3.35,1020083.91,0.3265
148675,4,2.04,862447.17,0.2999
148681,3,0.46,239201.23,0.2812
148682,4,0.33,219554.38,0.2905
148684,5,1.12,190843.65,0.3599
148688,3,0.69,78761.89,0.2528
148692,3,4.22,141502.06,0.2815
148693,3,2.21,108555.1,0.2714
148694,3,5.18,113943.19,0.2492
148695,2,2.04,87303.73,0.2185
148697,4,0.97,95892.87,0.3131
148698,3,1.14,47484.4,0.2736
148699,3,0.31,106980.37,0.2697
148705,9,19.32,134621.2,0.4618
148706,9,144.0,81314.23,0.4606
148707,7,79.85,24144.42,0.4295
148708,7,11.06,6707.76,0.4132
148709,7,1.04,21404.61,0.4131
148710,7,2.43,69373.24,0.4162
148711,7,1.32,93894.22,0.4332
148713,5,0.53,150199.84,0.3811
148730,9,60.0,86488.31,0.4618
148762,7,2.76,59029.28,0.4328
148766,10,6.0,1278701.41,0.4945
148767,9,126.0,25150.65,0.4569
148768,9,54.0,59217.72,0.4598
148798,5,0.48,5444.98,0.3407
148799,3,2.6,46905.72,0.2587
148800,2,0.87,11572.81,0.2223
148803,2,1.07,68424.89,0.2184
148804,3,1.07,87768.2,0.2682
148826,4,48.0,52268.55,0.3365
148848,4,0.46,12678.35,0.3089
148849,4,0.9,-19079.76,0.2963
148851,3,1.01,-10080.97,0.2838
148852,4,2.3,112998.03,0.3092
148889,2,1.93,110919.31,0.2248
148891,3,0.3,3657.49,0.2428
148892,3,2.75,-1240.08,0.234
149298,1,1.76,433420.45,0.0575
149299,1,0.71,326227.92,0.0908
149300,1,0.47,253619.09,0.1525
149301,2,1.98,202613.42,0.2095
149302,5,6.73,158160.55,0.3754
149307,3,2.43,138845.45,0.2443
149308,3,3.68,161660.84,0.2454
149311,2,1.15,132008.11,0.192
149317,2,4.45,13176.64,0.1977
149318,2,4.28,-12705.24,0.17
149319,2,1.8,11657.78,0.18
149323,3,3.99,75447.15,0.2265
149324,2,1.95,-5336.47,0.2128
149328,2,2.53,66622.06,0.187
149329,2,0.58,25631.08,0.1772
149330,1,0.38,25887.33,0.1623
149340,2,1.61,1909401.58,0.1693
149342,2,2.02,604505.59,0.2033
149345,1,1.24,273856.83,0.1595
149346,1,2.56,215196.47,0.1512
149348,2,5.83,273991.92,0.208
149349,2,1.24,219092.53,0.2211
149362,2,0.68,375244.23,0.2182
149364,3,0.53,297307.23,0.2694
149368,3,0.08,122198.98,0.2288
149371,2,1.98,110409.2,0.2253
149372,2,2.52,105640.46,0.2185
149373,3,2.45,45950.7,0.2551
149374,3,4.19,71356.03,0.284
149375,3,1.59,107122.95,0.2569
149376,3,0.5,148961.42,0.2657
149377,4,4.8,121008.46,0.2871
149378,3,1.1,128999.76,0.2639
149379,3,3.62,150447.53,0.2275
149380,4,0.09,103341.35,0.3098
149381,4,1.65,46585.11,0.2997
149382,3,3.65,42631.61,0.2256
149388,7,1.67,154010.96,0.4307
149389,8,29.35,64681.24,0.4466
149390,9,70.32,74943.17,0.4715
149391,9,12.71,152039.71,0.4637
149393,6,1.0,66370.16,0.4025
149394,6,5.8,65975.86,0.391
149395,6,3.98,91414.24,0.4081
149397,5,1.84,84819.05,0.3403
149398,4,1.47,94329.83,0.3302
149403,6,0.14,1845.34,0.3976
149404,5,1.63,-18278.17,0.3636
149417,8,60.0,80080.51,0.4543
149418,8,72.0,78677.96,0.4526
149423,9,36.0,141834.14,0.475
149458,8,54.0,77210.85,0.4549
149482,3,1.56,42643.06,0.245
149483,3,2.19,-8205.37,0.2465
149484,3,8.88,4856.47,0.2595
149486,4,0.14,279958.51,0.2873
149487,3,0.51,165751.89,0.2451
149509,5,6.0,1200439.64,0.3453
149518,4,0.55,1277744.02,0.3022
149532,4,1.32,116361.73,0.2878
149533,3,1.72,-12743.84,0.2681
149534,3,0.64,-18444.09,0.2597
149535,3,2.32,-3310.63,0.2693
149536,4,1.66,24012.16,0.2953
149576,3,0.57,-13065.64,0.2417
149577,3,3.9,-9633.38,0.2314
149982,1,1.68,342398.67,0.0858
149983,1,1.39,237612.79,0.1259
149984,2,4.72,257639.34,0.1808
149985,3,2.97,177985.53,0.2276
149986,7,9.11,372862.84,0.428
149987,6,2.62,224054.1,0.4059
149988,5,2.32,148630.83,0.365
149989,4,0.59,149861.19,0.3378
150000,2,0.94,1388468.52,0.2069
150001,1,1.36,134289.01,0.1579
150002,1,4.12,16707.29,0.1491
150003,1,1.45,32439.88,0.1628
150007,2,3.33,46198.62,0.1904
150008,2,1.26,-7163.16,0.1942
150014,1,1.99,43533.43,0.162
150015,1,0.76,64443.53,0.1535
150026,2,2.76,733866.79,0.1866
150029,1,2.53,1332188.11,0.1621
150030,2,1.81,212293.54,0.2042
150031,1,0.48,197821.3,0.1481
150032,2,1.19,204599.76,0.2071
150033,2,2.93,196970.91,0.1897
150047,3,0.98,629444.75,0.2751
150048,2,2.93,114361.42,0.1666
150049,2,0.46,155626.48,0.1876
150056,3,2.21,123708.81,0.239
150057,3,2.84,108350.14,0.2791
150058,5,1.62,193488.91,0.3483
150059,3,1.3,127712.16,0.2598
150060,3,1.15,93978.5,0.253
150061,3,4.59,70749.43,0.2647
150062,3,1.91,31412.71,0.2421
150064,3,3.24,48297.56,0.2587
150065,3,2.38,18336.02,0.229
150066,2,3.0,28864.33,0.1942
150067,3,3.3,22649.8,0.2269
150070,3,0.86,31832.4,0.2833
150071,4,0.7,88855.89,0.307
150072,4,0.58,163604.3,0.3335
150073,8,16.09,97589.2,0.4536
150074,7,14.02,44399.66,0.4255
150075,6,18.47,30288.63,0.3955
150076,5,5.1,3132.81,0.3776
150077,5,2.99,-254.25,0.3754
150078,5,2.24,2285.14,0.376
150079,5,3.56,108225.09,0.3705
150080,5,0.5,80776.84,0.3617
150081,4,0.71,49675.37,0.3249
150087,8,3.11,57776.17,0.4385
150088,6,3.95,15798.4,0.4058
150107,9,126.0,44300.52,0.462
150108,9,84.0,59855.56,0.4694
150139,9,156.0,-10171.05,0.4703
150140,9,42.0,80774.01,0.4708
150143,7,150.0,-8214.73,0.4309
150166,4,1.53,52401.85,0.3001
150167,3,0.2,-3902.22,0.2818
150168,4,2.18,8597.75,0.3089
150169,4,2.13,44323.17,0.3107
150218,3,5.23,6001.22,0.2486
150219,3,1.16,67467.74,0.2573
150260,2,0.22,52687.8,0.2217
150279,3,1.11,60152.8,0.272
150280,3,1.08,92577.73,0.2785
150679,3,0.47,135815.55,0.2264
150685,2,1.42,227561.86,0.1842
150686,1,6.37,88287.78,0.1567
150687,1,2.1,42626.3,0.1516
150688,2,1.39,24019.03,0.1723
150689,2,2.09,17981.61,0.199
150690,1,3.57,1859.65,0.1525
150691,1,2.83,-10443.57,0.1432
150692,2,1.65,30009.31,0.1735
150696,1,2.4,59776.11,0.1631
150700,1,1.34,146613.0,0.1376
150701,1,1.23,202378.39,0.1629
150702,1,0.23,105582.72,0.1315
150711,2,2.42,228769.39,0.1808
150712,2,3.55,124406.4,0.2064
150713,3,0.71,147612.74,0.2561
150714,2,0.58,107110.68,0.2232
150715,2,1.35,149220.38,0.1711
150716,3,0.99,157851.64,0.2254
150731,2,0.55,270622.45,0.2
150732,2,0.92,245475.05,0.2114
150733,3,1.94,1518120.44,0.258
150735,3,0.49,159716.4,0.2396
150740,3,0.19,93701.47,0.2537
150741,3,0.25,145505.13,0.234
150743,3,0.58,131398.35,0.2466
150745,3,2.25,1367160.85,0.2531
150746,3,5.62,109316.26,0.2444
150747,2,3.38,151972.07,0.217
150748,2,4.31,57750.36,0.2217
150749,2,4.76,41609.19,0.1992
150750,2,4.31,47007.41,0.202
150751,3,2.77,47070.45,0.2417
150752,4,1.55,34947.57,0.3301
150753,4,5.11,18120.82,0.3137
150754,3,3.42,17202.31,0.2561
150755,3,1.11,105210.25,0.268
150756,4,2.16,101513.06,0.3278
150757,8,13.65,81022.63,0.4489
150758,6,21.84,-9977.47,0.4102
150759,6,9.67,-6883.82,0.3992
150760,5,2.71,-6067.3,0.3759
150761,5,3.84,-7821.41,0.3485
150762,5,2.81,-8091.1,0.3564
150763,5,1.91,114759.39,0.3582
150764,5,1.59,89085.26,0.3766
150765,4,1.09,81613.91,0.3349
150767,3,1.07,79655.99,0.2735
150791,9,60.0,73355.87,0.4743
150792,9,54.0,71480.51,0.4782
150806,8,54.0,57182.27,0.4449
150807,8,60.0,53357.42,0.4441
150824,8,54.0,57426.12,0.452
150834,5,0.43,39835.85,0.3567
150835,6,1.14,1213777.28,0.3972
150844,3,3.43,34011.82,0.2817
150845,4,7.49,53347.07,0.2885
150853,3,1.39,69617.36,0.2831
150864,4,1.32,99137.2,0.2976
150902,3,2.91,-12269.23,0.2685
150916,3,0.75,47070.83,0.2623
150917,3,1.06,24454.05,0.2622
150963,3,0.47,14796.77,0.2695
150964,3,3.93,19510.17,0.2722
150965,3,2.81,98212.88,0.2849
151363,2,0.56,169373.48,0.2207
151364,3,1.69,166237.83,0.2339
151369,2,1.59,155765.6,0.21
151370,1,2.28,103597.32,0.1477
151371,2,3.15,56738.93,0.1682
151372,1,3.8,39140.75,0.1618
151373,1,3.82,25170.42,0.161
151374,1,2.37,15131.29,0.1432
151375,1,4.46,46939.33,0.137
151376,1,2.61,199711.31,0.1553
151379,2,1.52,2153.56,0.168
151380,2,0.65,-27540.18,0.1685
151382,1,1.01,185239.7,0.1357
151384,1,1.07,141754.38,0.1126
151386,1,0.95,1300686.83,0.1328
151387,1,0.08,37594.11,0.1598
151395,2,3.69,171099.16,0.204
151396,2,4.25,105129.41,0.1985
151397,3,2.19,85366.75,0.2291
151398,2,2.99,112813.99,0.1719
151399,1,2.57,152807.13,0.1542
151400,1,2.0,1323945.29,0.1385
151409,1,2.23,1410220.25,0.1176
151416,3,0.83,330482.0,0.2389
151418,3,1.64,237492.46,0.2497
151421,3,4.32,107715.76,0.2496
151424,3,3.43,88794.64,0.2568
151425,2,2.73,224573.33,0.2223
151428,2,3.84,55535.04,0.2102
151429,2,2.26,51952.73,0.1858
151431,2,1.7,120022.95,0.2227
151432,2,3.27,32879.1,0.204
151433,2,3.78,39164.19,0.1945
151434,2,3.37,21239.36,0.2233
151435,4,3.36,62460.86,0.2981
151436,4,3.45,35533.4,0.3172
151437,4,2.7,19580.18,0.2939
151439,3,1.61,97533.85,0.2447
151440,8,2.16,158003.12,0.4433
151441,8,13.13,135295.87,0.4567
151442,6,23.46,3595.93,0.3916
151443,6,7.81,-1363.15,0.3891
151444,5,3.64,-2803.89,0.3745
151445,5,4.66,1782.12,0.3515
151446,4,3.23,-3408.26,0.3181
151447,4,2.32,10121.85,0.3043
151448,4,3.26,10299.24,0.3268
151449,5,0.45,60496.93,0.3475
151451,3,3.84,58890.82,0.2783
151455,8,52.31,69889.11,0.4513
151457,9,6.0,1313755.99,0.4692
151459,9,6.0,1306835.48,0.4657
151460,8,102.0,61178.31,0.4481
151464,8,60.0,79832.48,0.4555
151465,9,54.0,77054.08,0.4623
151475,9,120.0,41598.31,0.4682
151477,9,42.0,95988.67,0.4809
151489,8,120.0,22894.46,0.4354
151490,8,66.0,45456.98,0.4397
151527,4,0.46,113925.1,0.2939
151567,4,1.89,73683.92,0.3027
151600,3,3.46,-25711.55,0.2693
151601,3,4.46,-9088.71,0.2768
151628,3,0.54,62998.74,0.2573
151646,3,4.19,101729.49,0.2726
151647,3,1.92,102600.75,0.273
151648,3,3.36,66638.77,0.2694
152052,3,1.15,352360.13,0.2268
152054,2,1.06,190854.37,0.1756
152056,1,5.66,165960.2,0.1485
152057,1,5.13,130913.12,0.1399
152058,1,3.4,110565.63,0.128
152060,1,0.45,61765.62,0.1386
152062,2,0.64,29067.66,0.1777
152063,2,4.9,-23728.92,0.177
152064,2,3.37,-4106.8,0.1872
152065,2,0.27,67422.28,0.1863
152066,1,0.63,59746.47,0.1606
152071,2,2.06,46366.27,0.1752
152072,2,8.07,223349.25,0.1808
152079,2,1.44,66862.45,0.2081
152080,2,0.72,21970.98,0.2069
152081,2,1.37,64585.99,0.1926
152082,2,2.81,47280.73,0.1889
152083,2,0.74,25762.4,0.2074
152101,3,1.59,251965.89,0.2268
152103,3,6.95,177495.64,0.2318
152105,2,7.92,143947.91,0.1977
152108,2,1.05,39818.36,0.1944
152112,2,1.7,119329.1,0.2041
152113,2,1.53,125179.81,0.1889
152115,2,3.41,41383.74,0.2084
152116,2,4.22,43014.49,0.1843
152117,2,4.13,56536.59,0.1784
152118,3,3.88,31008.78,0.2403
152119,3,5.16,53522.41,0.2583
152120,3,4.3,28723.41,0.2519
152121,3,4.42,28849.54,0.2347
152122,3,2.73,108562.65,0.276
152124,7,2.44,105502.37,0.4127
152125,8,0.46,149655.46,0.4457
152126,5,1.49,82945.18,0.3652
152127,5,5.68,100272.92,0.3742
152128,5,4.15,10828.55,0.3475
152129,4,4.49,3822.8,0.3398
152130,4,4.98,-2343.07,0.3297
152131,4,3.15,43689.8,0.3075
152132,4,4.08,6150.08,0.2971
152133,4,7.35,45252.91,0.3142
152134,4,1.45,8597.13,0.3003
152135,3,2.66,-1827.53,0.2584
152138,5,0.91,13839.88,0.3639
152139,8,43.41,85830.78,0.4487
152141,9,78.0,65843.21,0.4619
152142,9,150.0,23772.03,0.4581
152143,9,60.0,78902.66,0.4577
152144,9,84.0,69075.13,0.4588
152145,9,60.0,78597.82,0.4602
152156,8,78.0,59148.46,0.453
152157,8,54.0,97175.96,0.4546
152159,9,60.0,75649.19,0.475
152160,9,144.0,20387.51,0.4747
152161,10,60.0,59152.18,0.4955
152173,8,60.0,41281.28,0.4452
152175,8,42.0,98563.98,0.4354
152176,8,78.0,42792.26,0.44
152177,8,132.0,16143.4,0.4427
152210,4,2.97,106458.21,0.291
152211,4,2.0,241319.33,0.2953
152284,3,2.37,3813.12,0.2565
152285,3,1.72,49927.81,0.26
152311,3,1.74,-43816.52,0.2446
152312,3,5.25,5781.68,0.2568
152331,4,0.43,372667.43,0.2905
152332,4,0.87,184814.63,0.2933
152735,3,0.56,309242.86,0.2354
152736,2,1.66,106132.56,0.2107
152737,2,2.88,57182.76,0.2064
152738,2,2.69,49227.04,0.2173
152739,2,2.18,56606.8,0.1707
152740,1,1.55,37022.73,0.1617
152741,1,2.0,18809.36,0.1467
152742,1,1.4,9639.77,0.133
152743,1,2.02,-9388.75,0.1615
152744,1,3.67,-26229.91,0.1391
152745,2,2.27,-22503.47,0.1686
152746,2,1.94,-27561.52,0.1781
152747,2,2.55,-41662.97,0.1867
152748,2,1.87,-34036.89,0.1746
152749,2,1.57,-24245.34,0.1654
152750,2,2.78,-11475.58,0.1723
152751,1,2.08,-2159.88,0.1539
152752,1,0.14,62134.04,0.1588
152762,2,2.02,382946.5,0.1707
152763,2,1.13,46524.71,0.186
152764,2,3.03,16277.36,0.2144
152765,2,4.72,71864.57,0.2072
152766,2,1.78,-183.14,0.191
152767,2,2.93,-10405.79,0.1749
152768,3,3.01,69281.68,0.2348
152773,2,0.57,6847.41,0.169
152778,1,0.81,140437.52,0.1536
152779,2,2.16,118550.17,0.1988
152788,2,4.38,179629.01,0.1844
152792,3,0.18,66761.37,0.2569
152795,2,4.27,111175.39,0.2206
152796,2,1.32,37492.3,0.1916
152799,2,7.84,166145.72,0.1884
152800,2,4.2,29838.79,0.1739
152801,2,3.82,40474.13,0.1734
152802,2,3.89,44999.56,0.2141
152803,2,4.19,24483.04,0.2109
152804,2,4.07,28841.72,0.1983
152805,2,2.48,77568.51,0.2002
152810,5,0.96,295189.06,0.3751
152811,5,0.84,132292.19,0.3609
152813,4,3.06,60553.09,0.3304
152814,4,4.51,3891.82,0.3119
152815,4,4.46,4185.91,0.3108
152816,4,1.76,-3101.88,0.2985
152817,4,2.21,84418.7,0.2974
152818,3,4.47,-300.15,0.2728
152819,3,4.56,6797.1,0.2592
152820,4,2.2,45851.63,0.3041
152821,5,1.58,69815.52,0.3404
152827,8,54.0,81777.2,0.4416
152828,8,132.0,39460.81,0.4352
152840,8,192.0,-4894.74,0.4347
152841,8,102.0,52684.38,0.4446
152855,8,30.0,148849.88,0.4415
152859,7,54.0,54598.14,0.4342
152861,9,6.0,1263611.66,0.4609
152935,3,2.64,964.74,0.268
152967,3,1.41,61165.77,0.2276
152968,3,0.11,47080.46,0.2372
152985,3,5.08,55839.0,0.2348
152986,3,0.32,31381.54,0.237
152995,3,3.44,63874.24,0.2534
153014,3,1.66,503401.57,0.2831
153419,2,3.08,171792.03,0.2161
153420,2,2.61,70823.47,0.2092
153421,2,3.6,39594.05,0.1953
153422,3,1.82,22728.5,0.2285
153423,2,2.5,25959.15,0.1955
153424,2,3.81,10016.5,0.1785
153425,2,4.05,5437.0,0.1879
153426,1,4.09,-2312.38,0.1451
153427,1,3.73,-10652.94,0.1616
153428,1,3.94,-29136.1,0.1545
153429,1,3.38,-27179.03,0.1562
153430,2,3.66,-32030.0,0.1933
153431,2,3.55,-26852.94,0.1998
153432,2,3.99,-26948.84,0.1929
153433,2,3.91,-25361.92,0.1698
153434,2,3.19,-2913.78,0.1877
153435,2,4.31,-5336.72,0.1714
153436,2,1.59,-1391.7,0.1654
153440,2,0.81,123840.58,0.1665
153447,2,1.69,75592.22,0.2043
153448,3,6.65,92793.62,0.2385
153449,3,1.15,25153.26,0.2369
153450,2,1.57,36344.28,0.1757
153451,1,2.69,26407.23,0.1476
153457,2,5.24,24323.23,0.1795
153458,2,1.55,-23209.98,0.2235
153463,2,1.11,100006.51,0.1729
153473,2,0.69,187328.2,0.1684
153476,3,7.83,94552.51,0.2596
153477,3,2.96,55389.11,0.2669
153478,3,2.79,41316.44,0.2294
153479,2,0.98,66081.46,0.2098
153483,2,0.65,89294.7,0.1925
153484,2,4.39,36571.76,0.1816
153485,2,3.39,30053.64,0.1986
153486,2,3.65,44842.75,0.2035
153487,2,4.2,50174.88,0.1823
153488,2,4.21,50911.84,0.1875
153491,6,0.71,349253.82,0.4081
153492,4,0.98,143220.78,0.3284
153494,3,0.54,137773.72,0.2816
153496,4,5.8,265467.88,0.3399
153497,4,3.74,17056.08,0.2913
153498,3,2.56,5049.61,0.2618
153499,3,2.92,1502.15,0.257
153500,3,2.35,-4893.42,0.2641
153502,3,2.26,25034.96,0.2424
153503,3,2.09,8502.69,0.2717
153504,4,1.23,71850.7,0.3135
153525,9,6.0,1295612.03,0.4715
153528,9,132.0,24316.07,0.47
153529,9,186.0,-1096.63,0.4773
153539,7,138.0,5364.99,0.42
153540,7,198.0,-25799.47,0.416
153545,8,60.0,43410.79,0.4398
153651,3,4.98,-27862.93,0.2761
153652,3,2.79,44188.91,0.2583
154104,2,5.17,179940.25,0.221
154105,2,4.96,79222.06,0.1933
154106,2,3.67,31312.65,0.2221
154107,2,4.33,19364.92,0.2152
154108,2,3.57,16436.05,0.1854
154109,2,4.0,12598.47,0.2074
154110,2,3.74,2239.1,0.1827
154111,1,3.62,-7330.01,0.1632
154112,2,4.19,-16893.77,0.1802
154113,2,3.68,-23624.15,0.1682
154114,2,4.04,-26805.94,0.1766
154115,2,3.85,-21493.02,0.1987
154116,2,3.35,-17302.2,0.1771
154117,2,3.2,-7482.76,0.1681
154118,2,3.07,-13596.67,0.1673
154119,2,3.69,-4618.91,0.2053
154120,2,3.66,2490.3,0.1742
154121,2,3.22,-7799.06,0.1927
154125,1,1.21,149177.2,0.1556
154130,1,0.03,104928.41,0.1595
154132,2,0.86,118711.02,0.201
154134,1,1.75,163793.25,0.1391
154135,1,1.57,91925.25,0.1163
154139,2,0.85,57237.68,0.182
154140,1,0.73,56522.19,0.1646
154141,1,3.06,49046.39,0.1589
154142,2,3.54,27823.3,0.1927
154143,3,0.16,45310.39,0.2334
154144,3,0.14,54379.96,0.2376
154145,2,1.82,24178.25,0.2148
154146,2,0.7,57436.72,0.2077
154147,1,0.11,61517.09,0.1581
154148,2,0.35,135691.36,0.2063
154150,2,1.04,1314859.17,0.1654
154151,1,2.56,233040.81,0.1563
154157,2,0.93,221439.8,0.1972
154160,2,0.36,57612.12,0.2247
154161,3,4.62,54282.08,0.2324
154162,2,2.24,47104.38,0.2228
154163,2,2.13,106859.09,0.202
154164,2,1.79,139822.2,0.1866
154167,3,1.46,45697.37,0.2556
154168,3,3.84,25254.12,0.2494
154169,3,4.71,30389.22,0.2369
154170,2,4.8,35919.58,0.2055
154171,2,4.06,46774.52,0.1857
154172,2,4.24,35962.65,0.1789
154173,2,2.98,29811.79,0.1952
154180,4,1.17,120845.4,0.3186
154181,4,8.17,52455.76,0.2953
154182,3,3.98,24954.74,0.2572
154183,3,3.44,3279.62,0.2561
154184,3,3.81,3991.65,0.2769
154185,3,1.72,88732.08,0.2354
154186,3,0.53,14377.84,0.2408
154187,3,0.79,14124.16,0.2806
154188,4,1.4,25730.27,0.3016
154189,4,1.68,1308073.0,0.3327
154209,8,54.0,69087.51,0.4494
154210,9,54.0,70060.05,0.4581
154212,10,6.0,1285011.96,0.4968
154213,10,78.0,51695.97,0.4949
154214,10,60.0,59132.63,0.4927
154223,8,36.0,109853.6,0.4473
154224,7,162.0,-6705.35,0.4318
154225,8,24.0,174496.85,0.4457
154229,8,108.0,17472.03,0.4349
154303,3,3.91,28123.36,0.2645
154304,3,0.85,-8948.91,0.2702
154334,3,2.21,-35515.61,0.2681
154335,4,6.81,68345.03,0.2985
154351,2,2.1,9194.98,0.2246
154352,3,1.12,-5666.86,0.2285
154790,3,3.96,148441.45,0.2268
154791,3,4.05,42051.09,0.2365
154792,2,3.7,43473.65,0.2033
154794,3,1.89,1331129.53,0.2284
154795,2,4.46,75252.21,0.1955
154796,2,4.79,44842.09,0.201
154797,2,2.83,14904.74,0.1909
154798,2,3.85,5202.21,0.1831
154799,2,3.38,743.74,0.1788
154800,2,4.74,59032.51,0.1896
154801,2,4.57,37729.42,0.176
154802,2,4.17,8680.74,0.1785
154803,2,3.45,5833.34,0.2116
154804,2,8.3,45639.08,0.2153
154805,3,3.34,66068.2,0.2354
154806,3,2.18,75919.7,0.2395
154813,1,1.64,129311.73,0.1612
154814,1,3.7,101352.82,0.1393
154815,1,0.26,50858.29,0.1505
154816,2,1.63,121252.03,0.1897
154817,3,2.16,105745.7,0.2433
154822,2,1.2,179440.66,0.1811
154824,2,5.47,33840.14,0.1689
154825,2,3.33,19134.61,0.175
154826,2,4.83,106415.36,0.2204
154827,3,6.13,78613.07,0.228
154828,2,4.99,-8729.5,0.2088
154829,2,3.29,-14003.54,0.1969
154830,1,1.28,-15713.28,0.1412
154831,1,4.35,134004.57,0.1218
154832,1,0.14,57735.96,0.1637
154834,3,2.79,181498.45,0.2543
154835,3,0.91,192363.68,0.2344
154841,3,0.6,245445.78,0.2532
154845,2,6.23,67467.62,0.2146
154846,2,1.53,55002.0,0.2089
154850,3,1.71,89976.43,0.254
154851,4,4.95,47384.64,0.3005
154852,3,4.28,32936.02,0.2814
154853,2,3.37,33223.23,0.166
154854,2,4.11,30890.63,0.1712
154855,2,4.07,39887.77,0.1798
154856,2,2.66,50941.56,0.17
154857,2,5.92,61294.92,0.1816
154861,4,1.5,162030.83,0.3335
154866,3,3.64,7924.73,0.2568
154867,3,2.12,31830.95,0.2501
154870,3,3.2,67017.84,0.2783
154871,3,1.31,67347.31,0.2665
154874,4,2.88,23727.78,0.328
154882,7,144.0,19095.13,0.4303
154908,8,90.0,35603.12,0.4424
154909,8,60.0,44786.0,0.4561
154910,8,36.0,105289.43,0.4549
154913,8,102.0,21654.74,0.443
154926,8,114.0,46569.28,0.4422
154927,7,42.0,119408.93,0.4333
154938,5,0.22,14246.97,0.3728
154941,5,3.92,97882.88,0.3689
155017,3,1.74,-51473.78,0.2655
155018,4,4.76,55127.05,0.2888
155476,3,2.2,115217.36,0.2352
155485,2,3.09,125730.09,0.1983
155486,1,0.03,111440.05,0.1537
155495,1,3.35,136169.55,0.1422
155498,1,4.0,104808.18,0.1405
155499,1,0.64,91818.74,0.147
155505,2,0.18,78914.23,0.1873
155507,2,1.05,1270785.82,0.179
155509,2,3.78,104042.95,0.1744
155512,1,1.06,58877.25,0.1632
155513,2,1.98,-576.7,0.1655
155514,2,2.8,-21509.73,0.2246
155516,2,0.33,28319.14,0.166
155517,2,1.61,66356.01,0.2176
155519,2,1.06,30762.42,0.2148
155525,2,1.9,210754.85,0.2069
155529,3,0.82,96927.2,0.2302
155530,2,2.22,57980.58,0.1842
155531,2,1.19,130881.38,0.211
155532,2,2.73,119653.3,0.2193
155533,3,5.44,134651.07,0.2308
155534,3,6.69,58480.41,0.2371
155535,3,4.22,40339.8,0.2706
155536,2,5.28,28100.62,0.2085
155537,1,3.98,29788.22,0.1375
155538,2,4.18,25182.66,0.1668
155539,2,4.44,44410.01,0.1822
155540,2,4.78,46895.59,0.1732
155541,2,1.29,83762.57,0.2086
155548,4,0.57,84351.28,0.3196
155549,4,0.51,19071.58,0.2998
155550,3,2.71,-3235.6,0.2716
155551,3,1.48,37519.83,0.2513
155552,3,0.88,75508.17,0.26
155554,3,6.88,134894.63,0.2653
155555,3,2.65,18211.6,0.2726
155592,8,60.0,43233.76,0.441
155593,8,156.0,-2025.55,0.441
155594,9,66.0,41901.75,0.4589
155596,9,48.0,58146.32,0.4608
155700,3,1.78,21303.95,0.2487
155701,3,3.4,-37444.41,0.2645
156169,2,1.65,1364505.22,0.1801
156170,2,2.87,118380.06,0.1722
156182,1,3.18,211876.26,0.148
156183,1,3.24,114524.23,0.1522
156190,3,1.82,70903.3,0.2407
156192,2,3.0,1278344.23,0.1741
156195,2,2.4,53895.63,0.1668
156196,1,3.57,-21230.96,0.1499
156197,1,3.31,-19241.94,0.1646
156198,2,3.33,-12940.88,0.2244
156199,2,1.61,-11348.18,0.168
156200,2,1.87,41058.69,0.1784
156201,2,0.69,-10183.4,0.1963
156202,2,3.17,-10702.5,0.1789
156203,3,0.79,32042.43,0.2266
156207,4,4.31,225854.88,0.2873
156208,4,4.17,285439.14,0.3032
156209,2,0.9,203885.98,0.179
156211,3,0.55,155650.81,0.2724
156212,3,1.83,93448.82,0.2409
156213,2,1.36,39227.9,0.2213
156214,2,2.05,41233.19,0.1884
156215,3,2.44,89052.39,0.2695
156216,3,1.12,91736.23,0.2505
156218,2,5.22,54031.71,0.2064
156219,3,3.3,38762.5,0.2513
156220,2,5.64,29192.03,0.2105
156221,1,3.85,31042.28,0.1491
156222,2,3.09,40527.94,0.178
156223,2,3.92,78932.0,0.1807
156224,2,2.17,135692.18,0.1807
156225,2,2.67,100624.15,0.1797
156226,2,0.22,96161.07,0.2011
156232,4,1.21,69172.5,0.2942
156233,4,1.65,-2417.02,0.2882
156234,3,5.45,4450.73,0.2691
156235,3,1.19,-1760.7,0.2552
156238,3,1.67,1306961.08,0.2689
156239,3,2.69,-7827.89,0.2683
156243,6,6.5,56030.03,0.4023
156284,8,48.0,86339.73,0.449
156285,8,168.0,11330.13,0.4364
156286,8,60.0,39904.02,0.4438
156287,8,42.0,71633.58,0.4369
156295,7,54.0,104531.04,0.4268
156384,3,2.19,22168.02,0.2806
156385,3,2.58,17856.42,0.2618
156863,2,2.71,113709.3,0.1741
156871,2,0.3,173938.82,0.2184
156874,2,3.13,155440.99,0.2084
156877,2,2.17,93316.25,0.2008
156878,2,0.35,74892.0,0.198
156879,1,4.38,-14068.57,0.14
156880,1,3.89,-34344.71,0.1333
156881,2,2.29,-30882.56,0.1756
156882,2,3.84,67341.99,0.2162
156883,2,3.35,41049.22,0.2225
156885,2,4.33,75506.35,0.1813
156886,1,2.03,68907.39,0.162
156890,4,1.62,171957.74,0.289
156892,3,2.62,144386.8,0.2648
156893,3,2.0,1457746.91,0.2812
156896,3,1.64,71172.26,0.2566
156897,2,3.72,3909.35,0.2113
156898,2,5.29,35971.1,0.1949
156899,2,2.78,43408.17,0.2231
156900,3,1.08,72896.53,0.2513
156901,2,2.89,202630.85,0.1858
156902,2,3.07,82017.03,0.1903
156903,3,3.13,30549.95,0.2375
156904,3,6.3,23968.81,0.2453
156905,1,4.08,99365.01,0.1619
156906,2,4.82,361095.86,0.1829
156907,2,3.43,99709.77,0.1831
156908,2,2.19,78036.83,0.1716
156909,1,7.09,103984.54,0.1614
156910,2,0.6,100833.77,0.1713
156916,3,1.33,15288.89,0.2659
156917,3,2.15,-5544.23,0.2661
156918,3,2.63,-6310.12,0.2456
156919,3,1.64,-9434.39,0.2427
156920,3,2.85,17482.89,0.2618
156921,3,0.55,65701.31,0.2814
156922,3,0.52,1309178.02,0.2843
156923,3,4.1,-26493.23,0.2628
156926,5,2.75,58658.04,0.3804
156944,7,60.0,69470.59,0.4322
156945,7,126.0,35321.64,0.4281
156959,8,6.0,1255241.5,0.455
156960,8,126.0,12486.75,0.4397
156961,8,138.0,-191.25,0.4348
156967,9,30.0,169885.76,0.4659
156968,8,180.0,10734.89,0.4473
156977,6,1.93,105165.28,0.402
157003,4,0.64,66850.84,0.307
157561,3,1.75,90186.77,0.2531
157562,3,0.89,86845.55,0.2815
157563,1,5.12,-17643.69,0.1599
157564,1,4.09,-31686.36,0.1352
157565,1,4.35,-29354.18,0.1572
157566,2,2.34,73620.24,0.2069
157568,2,1.33,19676.46,0.1736
157570,2,0.96,72766.23,0.1857
157571,2,2.25,12923.82,0.2032
157577,4,0.63,94237.77,0.3217
157579,5,0.16,63747.51,0.348
157580,4,1.86,37748.07,0.2872
157581,3,4.82,21741.22,0.2358
157582,2,3.83,27090.99,0.1984
157583,2,2.28,27808.8,0.2094
157584,3,1.4,98984.3,0.2605
157585,2,2.04,98920.57,0.1968
157586,2,2.29,73689.98,0.1728
157587,2,3.67,22082.73,0.2121
157588,3,3.15,16229.67,0.2689
157589,2,3.7,128713.64,0.1909
157590,2,5.54,822319.95,0.1959
157591,2,3.05,172496.69,0.1923
157592,2,3.5,191386.61,0.186
157594,2,4.55,223651.56,0.2191
157600,3,4.05,79428.51,0.2555
157601,3,3.5,20311.9,0.2689
157602,3,5.83,-10471.03,0.2528
157603,3,1.61,-4486.42,0.2488
157604,3,1.92,-12446.25,0.2554
157605,3,2.67,7939.57,0.2661
157606,3,2.39,70273.42,0.2642
157607,3,3.78,-34630.22,0.2764
157608,4,2.17,-21823.14,0.3106
157610,6,2.95,51612.41,0.3989
157611,7,60.0,67664.03,0.428
157627,7,90.0,56037.92,0.4237
157628,7,54.0,72992.01,0.4272
157637,7,6.0,1600597.37,0.4306
157644,8,78.0,34795.46,0.4463
157645,8,96.0,25880.13,0.4402
157646,8,84.0,51394.37,0.455
157742,3,1.02,-46806.1,0.2461
157743,3,0.48,-61993.89,0.2429
158232,2,0.46,103036.64,0.2016
158237,1,0.37,2467083.98,0.1287
158243,3,14.22,75080.83,0.2624
158248,1,5.49,20153.08,0.1593
158249,1,4.02,-25296.5,0.1504
158250,2,2.35,-34245.37,0.1684
158251,3,3.35,-26792.05,0.2509
158252,2,2.93,-14906.97,0.2122
158253,2,2.15,-12636.61,0.1944
158254,2,2.32,16435.8,0.1956
158255,2,4.69,17272.75,0.2205
158256,3,1.8,29865.22,0.2758
158261,4,7.01,89361.89,0.3145
158263,5,1.04,73014.63,0.3471
158264,4,1.44,86565.33,0.3091
158266,2,2.1,27587.25,0.2092
158267,2,1.76,108262.58,0.1819
158269,2,0.85,102805.79,0.1951
158270,2,3.3,132687.49,0.1759
158271,2,5.28,51645.54,0.1864
158272,3,4.29,28947.91,0.2345
158273,2,0.58,81575.63,0.2216
158275,2,0.36,213793.17,0.2058
158276,2,0.59,164298.39,0.1871
158277,2,0.92,1374670.42,0.1836
158280,4,0.34,111486.06,0.3376
158281,4,0.62,122508.03,0.3283
158290,3,2.04,26521.86,0.2679
158291,4,3.56,-40669.7,0.2932
158292,4,3.97,-37760.56,0.3052
158294,6,4.05,53923.04,0.3925
158295,7,72.0,65423.79,0.4166
158297,7,6.0,1316025.62,0.4235
158298,7,6.0,1312359.04,0.425
158312,7,60.0,62279.07,0.427
158328,7,114.0,21880.81,0.4334
158329,8,96.0,33200.11,0.4438
158330,9,114.0,26729.79,0.4628
158331,8,144.0,9193.98,0.4474
158332,9,6.0,1249899.32,0.4569
158334,7,54.0,57554.74,0.4314
158335,7,48.0,76397.45,0.4273
158338,9,84.0,106150.14,0.465
158339,9,48.0,195209.05,0.4628
158340,9,30.0,235190.69,0.4685
158348,6,6.0,3182034.7,0.3822
158352,6,6.0,5203954.71,0.3851
158426,3,2.62,-52597.4,0.2467
158427,3,3.42,-68885.64,0.2349
158428,2,4.36,15361.93,0.2233
158429,3,0.26,-3836.19,0.26
158430,3,0.4,23801.87,0.2603
158916,2,3.37,142296.87,0.202
158922,1,1.53,477457.63,0.1282
158933,2,4.4,-19196.87,0.1843
158934,2,3.53,-32365.74,0.1869
158935,3,5.11,-10481.58,0.2319
158936,3,2.59,41979.76,0.2329
158937,2,3.83,30922.21,0.2113
158938,3,0.48,78294.78,0.2424
158939,3,3.28,1552.21,0.234
158940,4,2.97,73722.78,0.3281
158946,4,2.42,85232.01,0.2929
158947,4,2.61,83178.15,0.2859
158948,3,17.39,28633.52,0.2662
158949,3,1.43,46681.41,0.2574
158950,3,0.75,109849.44,0.2278
158955,2,4.33,109895.03,0.1949
158956,3,5.62,33320.21,0.2351
158957,2,3.66,56281.82,0.2174
158958,2,1.6,168297.12,0.1886
158959,2,2.23,132969.8,0.1861
158960,2,2.92,108105.42,0.1771
158964,5,0.67,136485.28,0.3583
158965,4,2.07,63076.53,0.3191
158966,4,3.63,46908.36,0.3152
158969,4,0.46,-1412.12,0.3013
158974,3,3.0,45533.67,0.2803
158975,4,7.4,-22920.74,0.3005
158976,4,11.43,-20928.15,0.3069
158977,4,2.13,-27406.61,0.2967
158995,7,90.0,54867.33,0.4258
158996,7,192.0,-9256.71,0.422
158999,8,60.0,37888.2,0.4434
159000,9,6.0,1260281.79,0.4713
159005,7,126.0,7801.78,0.4208
159014,8,6.0,1236676.77,0.4383
159018,7,168.0,3989.73,0.4257
159019,7,48.0,68540.83,0.4343
159021,7,6.0,1370754.77,0.4305
159022,8,36.0,194741.74,0.4346
159023,7,54.0,160588.1,0.4262
159024,9,60.0,122055.68,0.462
159111,3,4.76,6197.1,0.2423
159112,3,0.82,-11024.75,0.2386
159113,3,2.72,-43811.02,0.2447
159114,3,1.1,-60320.1,0.2464
159115,3,3.05,26610.07,0.2417
159132,2,0.95,164465.36,0.2038
159133,2,1.11,69982.91,0.2051
159614,2,2.74,96782.87,0.2161
159615,4,4.63,26964.96,0.295
159616,2,1.18,-3845.2,0.2223
159618,2,3.87,30363.45,0.2099
159619,3,2.94,-26158.8,0.2269
159620,3,3.21,10265.78,0.234
159621,2,1.46,21548.38,0.2171
159622,3,3.74,51331.02,0.2766
159623,3,2.33,80158.56,0.261
159625,4,4.42,117283.92,0.3106
159629,3,0.53,195090.67,0.2741
159630,4,2.18,7427.12,0.2984
159631,4,0.62,14426.9,0.2912
159632,3,2.14,88649.8,0.2532
159633,3,2.17,26450.23,0.267
159634,3,0.31,89312.5,0.2506
159639,2,1.36,138030.62,0.2094
159640,3,4.83,28471.35,0.2775
159641,2,2.42,91097.29,0.1985
159642,2,4.21,166383.48,0.1785
159643,2,0.8,106997.35,0.184
159645,2,0.46,115719.2,0.2062
159646,3,0.09,100757.65,0.2825
159649,4,2.55,126823.09,0.3279
159650,4,6.4,132690.16,0.3085
159653,4,2.09,-1265.39,0.3099
159658,3,2.68,47956.27,0.2812
159659,4,0.65,42516.63,0.3073
159660,3,3.34,-21654.48,0.2549
159661,3,4.06,29192.04,0.2697
159663,6,2.25,1288687.35,0.3883
159667,6,6.0,1883565.45,0.4086
159680,7,198.0,-9086.46,0.4215
159682,8,42.0,81300.09,0.4433
159683,8,156.0,-4174.87,0.4485
159684,9,186.0,-15010.53,0.4652
159685,8,156.0,-7753.27,0.456
159686,8,48.0,57510.97,0.447
159688,7,54.0,41653.98,0.414
159689,7,36.0,100714.35,0.4145
159797,3,1.75,-5854.44,0.241
159798,3,2.96,-45244.39,0.2405
159816,2,2.51,109924.39,0.2015
159817,2,3.2,-14537.57,0.2181
159841,3,0.44,36597.14,0.2551
159842,3,0.28,59093.79,0.258
159843,3,0.68,62209.65,0.2548
159844,3,1.0,100598.82,0.2592
160285,2,0.82,85861.85,0.2099
160286,3,2.21,188042.42,0.2474
160294,2,2.66,144008.45,0.2173
160296,2,0.48,115227.16,0.1915
160299,3,1.03,1297650.49,0.2606
160300,3,2.5,46748.4,0.272
160302,2,0.82,34470.06,0.2051
160303,2,2.69,-7076.78,0.2085
160304,3,1.28,2943.03,0.2499
160305,3,1.83,52981.36,0.2622
160306,4,2.48,19713.63,0.3027
160307,3,1.26,68039.98,0.2703
160315,3,2.06,81672.44,0.2673
160316,3,0.09,81402.66,0.246
160317,3,1.67,3776.32,0.2632
160323,3,3.18,221607.86,0.2265
160324,3,5.07,67680.19,0.2346
160325,2,4.15,137297.97,0.1689
160326,2,3.37,165882.87,0.1844
160327,2,3.43,124091.25,0.204
160328,2,2.97,198314.63,0.2072
160329,3,2.72,119890.14,0.2369
160330,3,3.38,80856.54,0.2732
160331,4,2.96,43315.87,0.2873
160332,4,1.67,12375.91,0.308
160333,4,1.75,6189.2,0.3092
160334,3,1.55,37445.34,0.2749
160335,3,0.47,70460.64,0.2584
160337,4,1.42,35118.42,0.3238
160339,4,0.99,56074.96,0.2967
160340,3,0.07,55024.44,0.2767
160342,3,0.04,-14421.39,0.2721
160343,3,0.66,-16976.24,0.2518
160344,3,1.08,-9631.83,0.2371
160345,3,1.49,12463.13,0.2393
160352,6,6.0,1287126.0,0.4082
160362,7,6.0,1279878.25,0.433
160363,6,60.0,54153.94,0.3962
160368,8,60.0,45996.95,0.4563
160370,8,174.0,-18658.63,0.4487
160371,9,6.0,1251041.02,0.4783
160433,3,2.66,7856.88,0.2738
160434,3,3.97,-26248.95,0.2739
160493,2,0.55,1243261.1,0.2228
160494,3,1.15,102583.28,0.232
160499,2,2.0,84124.53,0.2205
160500,2,3.21,-18440.89,0.2123
160501,3,1.88,-41340.36,0.2345
160524,3,3.22,6719.95,0.2728
160525,3,5.99,-51571.58,0.2513
160526,3,2.45,-31126.48,0.2459
160527,3,3.99,52712.57,0.2521
160528,3,2.39,84962.52,0.2605
160973,3,4.06,228004.11,0.2395
160986,2,1.44,4985.92,0.1962
160987,2,3.15,2320.6,0.1987
160988,3,2.65,8110.32,0.2688
160989,3,1.61,37753.45,0.277
160990,4,4.11,2725.19,0.3164
160991,3,0.36,18143.86,0.2507
160995,3,3.74,11671.5,0.2561
160996,3,2.64,5999.04,0.24
160999,3,1.53,95117.22,0.2753
161001,2,0.32,79713.47,0.2186
161002,3,1.17,84573.88,0.2348
161003,3,2.78,70335.87,0.2475
161007,2,2.06,368526.33,0.2053
161008,3,4.58,105168.81,0.2338
161009,1,3.63,94887.28,0.1632
161010,2,2.78,96075.26,0.1902
161011,2,3.69,115645.94,0.2125
161012,3,2.59,175781.31,0.2271
161014,3,1.98,97583.0,0.2755
161015,3,0.38,83736.68,0.2476
161016,3,0.7,47098.48,0.2753
161017,3,3.28,-19079.67,0.2789
161018,3,5.62,-10521.15,0.2342
161019,2,2.94,-6291.89,0.1891
161020,6,1.92,17161.39,0.4003
161021,7,3.53,102057.83,0.4242
161022,4,5.09,-15558.5,0.3332
161023,4,3.79,-24965.53,0.3
161024,3,4.86,-26434.14,0.2763
161025,3,2.24,-20744.2,0.2767
161026,3,2.45,6022.64,0.2514
161027,3,3.99,-32192.72,0.2436
161028,3,2.68,-33559.94,0.2477
161029,4,3.98,24812.61,0.2873
161030,4,2.49,-28310.98,0.2942
161046,7,48.0,79062.12,0.4165
161047,6,72.0,46379.22,0.4066
161054,9,60.0,47543.46,0.4737
161055,9,114.0,18037.47,0.4725
161065,9,66.0,50779.66,0.4725
161066,10,42.0,86228.39,0.4819
161115,4,0.3,126677.82,0.2899
161183,2,0.37,59543.7,0.2056
161184,2,3.24,-32360.61,0.2133
161208,3,3.34,22836.76,0.2648
161209,3,6.46,-22207.81,0.2522
161210,3,2.07,-25852.92,0.2465
161657,3,1.82,292102.59,0.2351
161659,3,4.27,147938.22,0.2781
161663,3,1.68,97009.96,0.2513
161670,2,0.77,125943.16,0.2001
161671,3,4.05,66838.77,0.2273
161672,3,6.62,29186.39,0.282
161673,3,3.2,5518.54,0.2525
161674,3,0.82,9023.72,0.2637
161675,3,1.1,89154.14,0.2704
161676,3,1.87,14739.87,0.2577
161677,3,0.4,18566.71,0.2619
161678,4,2.62,7277.22,0.3017
161679,3,3.73,-9633.55,0.2744
161680,3,3.9,-2766.94,0.2569
161683,3,1.53,15965.37,0.2511
161685,2,1.28,-5072.09,0.2109
161686,3,1.4,189225.46,0.2578
161687,3,3.1,75717.67,0.2617
161688,3,3.05,81020.18,0.2535
161689,3,2.08,74056.51,0.2418
161690,2,2.3,187155.47,0.2173
161691,2,3.92,133520.84,0.2097
161692,3,2.79,49143.51,0.2357
161693,2,3.49,87808.78,0.1801
161694,2,3.95,86019.73,0.2106
161695,2,5.69,145722.63,0.2231
161701,3,7.35,40251.13,0.2551
161702,2,4.94,-11661.67,0.2107
161703,1,1.86,3863.65,0.1449
161704,2,3.1,-1048.94,0.2105
161705,6,0.06,56279.14,0.4086
161706,5,5.4,22693.67,0.3537
161707,4,2.96,-12221.07,0.317
161708,4,3.08,-24824.55,0.3211
161709,4,4.42,-36211.41,0.2895
161710,3,1.38,3159.33,0.2765
161711,3,3.11,29089.31,0.2411
161712,3,1.87,-33159.7,0.2414
161713,3,2.22,-8516.53,0.2334
161714,3,0.05,19425.63,0.2691
161716,4,0.74,38382.14,0.3362
161721,6,42.0,75258.21,0.4038
161737,5,168.0,-13621.05,0.3791
161738,6,54.0,46866.46,0.4036
161739,9,126.0,11737.03,0.4631
161740,8,180.0,-22318.0,0.456
161749,9,72.0,55996.39,0.4794
161799,4,3.08,36402.39,0.2901
161800,4,0.63,24761.98,0.3012
161815,4,1.5,1177409.77,0.3223
162335,3,0.09,75236.59,0.249
162336,3,0.75,97256.03,0.2264
162337,3,0.35,81137.69,0.2282
162341,2,1.92,272625.82,0.2072
162346,2,0.42,84514.76,0.1877
162348,3,2.54,106613.55,0.2581
162349,2,1.49,98214.95,0.2077
162355,3,2.29,81396.15,0.2704
162356,4,1.23,13693.4,0.2979
162357,3,1.89,35673.75,0.2736
162358,3,1.63,5720.11,0.2821
162360,4,0.21,88813.43,0.3249
162361,3,5.51,18462.14,0.2702
162362,4,0.67,66961.71,0.3087
162363,4,1.1,73790.98,0.3047
162364,3,2.2,-3428.58,0.2737
162365,3,1.76,7442.12,0.2351
162366,3,2.55,30853.46,0.2464
162367,3,1.91,-7515.57,0.2358
162368,2,2.3,105518.01,0.2062
162369,2,2.23,-713.36,0.2029
162371,3,4.3,92599.51,0.2711
162372,3,3.93,121151.06,0.255
162373,3,4.03,68667.11,0.2516
162374,2,2.93,77614.42,0.2232
162375,3,5.32,137925.7,0.2315
162376,2,3.79,109408.52,0.2213
162377,2,4.19,107726.75,0.1996
162378,2,5.73,120849.74,0.2179
162386,2,1.81,-2617.32,0.216
162387,1,2.83,-18754.17,0.15
162388,2,4.58,-24512.76,0.1937
162389,3,4.86,-5480.45,0.2723
162391,4,4.14,-46.09,0.322
162392,4,2.76,-12806.31,0.3
162393,4,4.6,-24125.82,0.2883
162394,3,2.17,56279.1,0.2779
162395,3,0.19,55324.74,0.2423
162396,3,4.39,7942.43,0.2273
162397,3,3.68,-32907.51,0.2311
162398,4,2.92,-40732.13,0.2918
162400,4,6.31,27382.02,0.3286
162401,5,1.4,96084.95,0.3419
162405,6,60.0,58583.26,0.4025
162406,6,6.0,1311051.95,0.4096
162416,9,6.0,1270795.96,0.4577
162417,8,120.0,27496.8,0.4363
162418,7,30.0,144608.3,0.4258
162423,8,162.0,-7891.96,0.4508
162424,9,210.0,-37367.91,0.4625
162425,9,60.0,27392.01,0.4654
162433,9,180.0,1052.17,0.4682
162439,9,60.0,43782.71,0.4727
162440,8,66.0,68688.68,0.4506
162513,3,4.6,-10394.51,0.2719
163019,3,1.93,116086.59,0.2494
163020,3,0.61,92070.77,0.2556
163025,1,4.62,289700.72,0.1643
163026,3,0.11,235145.17,0.2501
163027,3,1.76,275844.97,0.2508
163029,1,2.0,160817.76,0.1407
163030,2,4.03,102167.85,0.1846
163033,2,0.55,1306099.57,0.1647
163035,3,0.68,77661.1,0.2605
163036,3,1.13,96819.64,0.262
163037,4,0.19,90038.22,0.2869
163038,3,0.94,99732.3,0.2371
163040,4,3.02,34364.47,0.2926
163041,3,2.67,25753.13,0.2773
163042,4,5.06,7062.03,0.2979
163043,3,2.56,48448.47,0.2412
163044,4,3.92,28630.08,0.3095
163045,4,2.18,47888.55,0.2851
163048,3,3.25,32738.41,0.271
163049,3,3.48,-3536.82,0.2676
163050,4,1.65,19632.21,0.2904
163051,3,5.68,18109.85,0.2446
163052,3,2.02,60342.15,0.2294
163053,2,1.5,3881.51,0.2177
163056,3,5.44,65687.88,0.2504
163057,3,4.75,52186.61,0.2474
163058,3,1.68,90122.56,0.2307
163060,3,0.58,212974.32,0.2648
163061,2,6.56,294040.84,0.2097
163062,2,2.97,110035.2,0.2168
163065,5,0.54,103650.42,0.3721
163067,4,5.01,46864.15,0.3236
163068,4,3.52,-12163.32,0.2969
163070,2,3.16,70586.14,0.2055
163071,2,3.09,-3589.49,0.1681
163072,2,5.52,-4306.77,0.186
163073,4,3.57,-15232.47,0.3
163076,5,2.87,56854.82,0.3553
163077,4,1.25,31261.09,0.3001
163078,3,4.54,-14919.85,0.2374
163079,3,6.43,16835.47,0.2448
163080,3,2.6,17508.29,0.2337
163081,3,4.11,-38531.03,0.2826
163082,4,4.18,-40829.82,0.3122
163083,4,0.06,-3014.69,0.3329
163086,5,0.7,94593.63,0.3704
163107,9,84.0,19483.22,0.4581
163108,9,162.0,-19989.95,0.4741
163109,10,6.0,1227107.28,0.4963
163110,10,6.0,1250689.85,0.5013
163111,10,120.0,36764.93,0.4882
163112,10,54.0,59783.58,0.4846
163116,10,30.0,190707.82,0.4848
163117,9,150.0,32978.1,0.4783
163119,8,54.0,72280.16,0.4494
163120,8,204.0,-19864.37,0.4533
163197,4,5.29,79578.79,0.2862
163198,3,0.37,39076.5,0.2726
163199,3,1.59,58700.62,0.2759
163706,2,0.1,163810.91,0.1666
163707,1,0.79,333185.12,0.1529
163709,2,2.59,169011.91,0.2015
163711,3,3.29,272431.15,0.2538
163712,3,0.59,353913.63,0.2296
163714,2,0.53,100840.16,0.1897
163715,3,4.73,19362.56,0.2605
163719,3,0.95,29560.59,0.24
163720,4,1.04,76870.97,0.293
163723,4,0.47,52465.23,0.306
163724,3,2.06,48441.93,0.2801
163725,4,1.08,81498.08,0.3378
163726,4,3.13,8460.21,0.2868
163727,3,2.22,81760.53,0.2309
163728,3,1.3,77699.57,0.2468
163729,3,1.55,2285.95,0.2254
163730,4,8.67,47102.87,0.2869
163733,3,1.21,65337.41,0.2816
163734,4,0.29,78504.35,0.2981
163735,3,8.73,31461.36,0.2379
163736,3,3.43,-983.49,0.2331
163737,3,0.03,58529.66,0.256
163739,3,0.74,76757.7,0.2556
163740,3,4.34,14684.51,0.2437
163741,3,2.81,22766.48,0.2468
163742,3,2.38,201819.32,0.2424
163745,2,4.91,221241.65,0.2046
163746,3,4.09,113221.98,0.2259
163747,3,0.83,88157.71,0.2462
163748,5,1.97,100304.53,0.3576
163751,4,3.03,46081.37,0.3383
163752,4,1.74,7743.34,0.2884
163753,3,1.39,50594.44,0.2289
163755,1,2.36,24451.45,0.1521
163756,1,1.41,26786.33,0.1558
163757,4,3.0,-3957.63,0.313
163758,7,4.72,97846.16,0.4198
163761,2,1.83,2386.77,0.2237
163762,2,2.25,-43279.53,0.2149
163763,3,1.31,8062.36,0.2262
163764,3,2.19,-15367.33,0.2346
163765,3,2.12,-30358.18,0.2727
163766,4,1.84,-12403.44,0.2925
163767,4,1.79,-13279.93,0.3165
163768,4,0.85,-32568.9,0.3144
163769,4,2.83,9255.34,0.3286
163770,4,0.51,49363.33,0.309
163782,7,60.0,122812.24,0.4169
163792,10,54.0,59368.57,0.4904
163793,10,192.0,-6465.37,0.4851
163794,10,180.0,10564.96,0.4916
163795,10,240.0,-9632.24,0.4887
163796,10,114.0,37011.51,0.5074
163797,10,60.0,52993.02,0.5081
163804,9,60.0,61984.96,0.4808
163810,9,54.0,119493.65,0.4635
163821,8,6.0,1622749.71,0.4379
163883,3,3.51,-14840.26,0.256
163884,3,0.73,103933.15,0.2741
163947,3,3.44,-9343.31,0.2617
164390,3,1.03,278008.65,0.2264
164392,1,1.23,211126.06,0.1591
164394,2,0.88,174775.39,0.2023
164395,2,0.36,138720.97,0.1916
164398,2,0.12,152593.54,0.2077
164399,3,2.62,31857.89,0.2656
164400,3,0.77,32952.8,0.2365
164407,4,1.5,72856.46,0.3129
164408,3,1.06,1327975.3,0.2581
164410,4,1.85,76237.66,0.3086
164413,2,5.25,49322.89,0.1972
164422,3,1.64,112365.42,0.2472
164423,3,3.47,92813.46,0.2445
164424,3,3.7,94894.62,0.2541
164425,3,3.27,88484.26,0.2554
164428,2,6.0,3481287.42,0.195
164429,3,3.46,254468.27,0.2292
164430,3,3.79,201325.66,0.2265
164431,3,3.05,137164.25,0.2804
164440,1,0.66,77187.01,0.148
164445,3,2.87,4070.05,0.2441
164446,3,1.51,-2943.42,0.2382
164447,3,3.07,14223.88,0.2342
164448,3,1.57,-13639.02,0.2274
164449,3,6.04,-11589.57,0.2564
164450,3,5.4,-20306.4,0.2824
164451,3,1.07,-40326.48,0.282
164452,4,2.75,-47483.06,0.3139
164453,4,1.14,-4258.25,0.3106
164466,7,60.0,120171.57,0.4186
164467,6,6.0,1374322.26,0.4074
164469,8,114.0,83097.23,0.4536
164477,9,150.0,27877.11,0.4662
164478,10,54.0,87916.49,0.4833
164479,9,204.0,5327.4,0.4734
164480,10,138.0,19581.67,0.493
164481,10,108.0,38264.09,0.4927
164482,10,6.0,1247686.02,0.5064
164487,10,72.0,68002.45,0.4879
164488,10,54.0,49205.45,0.4846
164494,10,6.0,1242315.76,0.4868
164565,3,3.69,-3789.71,0.2585
164566,3,0.29,-23282.28,0.2597
164567,3,1.0,27610.07,0.2635
164568,3,2.88,80757.05,0.2586
165084,2,0.31,70469.17,0.2153
165091,4,2.24,83014.82,0.3326
165094,4,2.43,63241.82,0.3142
165095,2,1.79,46519.63,0.2108
165096,3,2.79,228607.97,0.2451
165097,3,0.1,90624.72,0.2311
165136,5,1.9,1264746.79,0.3417
165137,4,2.33,140955.33,0.3279
165138,4,0.84,1263809.19,0.2906
165141,7,36.0,103584.75,0.4209
165142,7,66.0,34797.34,0.424
165153,9,54.0,90655.28,0.4597
165155,9,54.0,88592.44,0.4715
165222,3,4.13,-2038.58,0.284
165249,3,1.98,62199.66,0.2694
165250,3,2.28,66457.95,0.2701
165772,3,0.52,1316028.27,0.2395
165781,3,0.75,1333957.9,0.2413
165837,9,66.0,60268.77,0.4646
165838,8,156.0,29714.81,0.4542
165839,8,114.0,60395.41,0.4505
165840,9,132.0,45384.69,0.4592
165841,9,192.0,621.51,0.4643
165842,9,60.0,48711.55,0.472
165906,3,3.47,-40557.0,0.2634
165907,3,3.0,-42183.99,0.2557
165908,3,1.2,1172939.29,0.2683
166517,7,54.0,171710.52,0.4245
166525,7,192.0,34842.48,0.4338
166526,9,144.0,37675.91,0.4708
166527,9,48.0,77134.89,0.4624
166590,3,2.67,1180963.57,0.2789
166591,3,8.53,-41240.93,0.2677
166592,3,5.28,-12753.48,0.266
167201,7,60.0,221545.2,0.4318
167203,8,72.0,107240.71,0.4448
167204,8,120.0,55825.6,0.4472
167205,9,60.0,106825.28,0.462
167206,8,132.0,57880.78,0.4495
167207,8,30.0,184835.51,0.453
167211,9,126.0,44717.24,0.4619
167212,8,150.0,16074.18,0.448
167227,9,60.0,39498.2,0.4786
167242,7,6.0,1187844.26,0.43
167244,6,90.0,12434.61,0.3889
167275,3,0.89,-25175.33,0.2691
167276,3,3.16,6241.26,0.2791
167277,3,0.54,-11243.17,0.263
167333,3,0.28,8899.26,0.242
167334,3,1.41,43732.29,0.2368
167889,8,78.0,104792.64,0.4458
167890,8,60.0,106148.57,0.4559
167891,9,6.0,1279226.92,0.4655
167911,8,66.0,51096.45,0.4562
167912,9,60.0,43965.93,0.4667
167926,7,126.0,13347.94,0.4126
167927,6,96.0,19311.11,0.4059
167928,6,60.0,32431.11,0.3955
167950,3,1.51,-15626.31,0.2768
167961,3,0.36,21225.88,0.2682
167962,3,1.07,12579.9,0.2644
167977,3,0.8,-2285.46,0.2685
167992,3,0.37,33602.62,0.2517
168596,9,78.0,46891.17,0.4637
168597,9,60.0,46921.87,0.4721
168610,6,72.0,35852.63,0.3998
168611,6,42.0,75461.1,0.4032
168634,3,0.57,25559.26,0.2758
168646,3,3.78,-63786.08,0.2629
168647,3,3.69,18319.22,0.2596
168660,3,1.84,-18680.43,0.2509
168661,3,5.19,24363.07,0.2617
168675,3,0.64,44477.76,0.2474
168676,3,0.83,32679.66,0.2517
168677,3,0.4,-14570.85,0.2561
169280,9,6.0,1233461.12,0.4647
169281,8,144.0,8353.79,0.4416
169294,6,54.0,34470.69,0.3898
169295,6,126.0,-8196.64,0.3854
169318,4,0.24,6404.38,0.3043
169319,3,0.53,19282.48,0.2651
169325,3,1.47,2300.03,0.2569
169329,3,2.95,49647.61,0.2766
169330,3,2.82,34983.19,0.2733
169342,3,0.73,13317.74,0.2567
169343,3,1.6,3299.31,0.2486
169344,3,1.37,6626.29,0.2598
169345,3,1.55,43519.4,0.2564
169378,3,1.45,31847.03,0.2524
169380,3,0.21,15646.69,0.2395
169934,9,54.0,90162.08,0.4688
169935,8,18.0,323915.29,0.4449
169943,9,36.0,186898.75,0.4648
169964,8,36.0,136866.0,0.4436
169965,8,60.0,51005.46,0.4411
169991,4,0.22,21473.37,0.3079
169992,3,2.01,-41090.12,0.2747
170008,3,1.66,-32780.65,0.283
170009,3,2.87,-57313.08,0.2668
170015,3,0.79,75453.84,0.2804
170016,3,2.61,58989.65,0.267
170026,3,4.24,-27999.95,0.2415
170027,3,3.65,51282.29,0.2425
170028,3,0.34,54382.96,0.2783
170061,3,0.28,15535.29,0.2453
170062,3,3.88,-55679.27,0.235
170063,3,5.15,-46794.45,0.2385
170064,3,0.52,20456.96,0.2359
170618,8,60.0,93811.26,0.4545
170619,6,36.0,155797.36,0.4039
170620,8,36.0,167823.73,0.4542
170621,10,60.0,93369.28,0.4941
170622,10,6.0,1312476.36,0.4989
170625,10,120.0,104192.5,0.4818
170626,10,48.0,133989.53,0.4835
170627,9,126.0,78086.38,0.4712
170637,9,72.0,67259.03,0.4643
170638,9,66.0,70585.26,0.4687
170640,9,6.0,1268900.64,0.465
170649,7,78.0,62180.84,0.4308
170650,7,42.0,91486.3,0.4121
170655,5,1.27,63237.04,0.3789
170675,4,0.87,34602.16,0.3094
170676,4,2.32,-36284.62,0.2904
170677,3,5.15,-42252.32,0.2729
170683,3,2.24,103000.02,0.2702
170684,3,2.85,46241.36,0.2693
170687,3,5.02,103675.33,0.2731
170691,4,0.75,24034.79,0.2939
170692,3,2.58,-65971.85,0.2832
170693,3,2.48,-56462.96,0.2791
170695,4,0.92,1164677.64,0.2891
170709,3,1.88,-33293.33,0.256
170710,3,0.29,-3879.93,0.2693
170711,3,0.89,-7586.3,0.2665
170726,3,0.46,-4932.73,0.2564
170728,3,1.32,22160.36,0.2363
170745,3,1.6,16741.09,0.2519
170746,3,5.04,9727.71,0.2439
170782,3,1.59,4268.16,0.241
171304,9,108.0,56346.95,0.4699
171305,9,162.0,27651.87,0.4695
171306,9,6.0,1287145.99,0.4664
171309,10,66.0,138435.0,0.4881
171310,9,54.0,118486.17,0.4725
171311,9,48.0,132383.31,0.4737
171315,9,60.0,71713.92,0.4805
171321,9,54.0,91486.69,0.4621
171322,9,42.0,120310.37,0.4606
171324,9,60.0,104886.38,0.4596
171325,9,90.0,85153.82,0.4639
171338,4,1.12,65979.33,0.3352
171339,5,4.63,50388.03,0.344
171340,5,2.83,82214.77,0.3533
171341,5,0.95,281906.89,0.345
171359,4,3.84,-2110.21,0.2968
171360,4,4.69,-57709.59,0.2902
171361,4,0.11,4081.36,0.2953
171366,3,0.28,94076.06,0.2724
171367,3,0.15,169353.36,0.2694
171368,3,2.89,121316.41,0.2664
171369,3,0.76,94173.73,0.2585
171370,3,1.67,37155.99,0.2674
171371,3,3.18,-4457.12,0.2604
171376,4,1.77,11668.01,0.2922
171377,3,2.87,-9378.43,0.2779
171378,3,0.35,65148.19,0.2788
171380,3,1.0,38199.07,0.2768
171381,3,0.35,2573.62,0.2599
171382,3,1.93,63382.85,0.2695
171409,3,0.67,-10390.55,0.2513
171410,3,3.29,15101.25,0.2523
171411,3,3.11,24119.53,0.2504
171413,3,0.72,33629.95,0.2373
171465,3,0.7,11129.89,0.2397
171467,3,1.25,-34675.43,0.2339
171471,3,0.22,173675.67,0.2532
171984,7,60.0,36314.65,0.4338
171985,6,30.0,134918.82,0.389
171986,9,60.0,60415.96,0.4622
171988,8,54.0,82375.86,0.4406
171989,8,156.0,16925.08,0.4369
171990,8,66.0,59442.99,0.4368
171991,8,78.0,62013.37,0.4566
171993,9,6.0,1244634.38,0.4641
171994,9,36.0,134648.3,0.4765
171998,9,54.0,132258.25,0.4808
171999,9,132.0,72547.31,0.4751
172000,9,30.0,217581.27,0.4641
172004,10,66.0,108129.89,0.4849
172022,5,1.36,140506.21,0.3629
172023,5,4.24,160420.59,0.3504
172024,5,4.57,65660.09,0.3473
172025,4,3.21,77996.93,0.331
172043,4,2.13,69164.0,0.2894
172044,4,0.37,58373.13,0.2968
172045,3,2.13,-11223.88,0.2777
172046,3,0.12,-16430.91,0.2643
172047,3,5.09,75983.98,0.2608
172050,3,0.95,141183.95,0.2833
172053,3,2.55,149247.54,0.263
172055,3,1.21,56333.53,0.2823
172056,4,0.4,35020.26,0.2881
172061,4,0.52,-15808.86,0.2868
172062,3,1.53,-20202.85,0.2845
172063,4,1.92,33008.23,0.2867
172065,3,1.09,8372.94,0.274
172066,3,0.55,38816.19,0.2768
172093,3,0.53,10441.52,0.2492
172094,3,1.42,35111.9,0.26
172117,3,0.49,16499.85,0.2678
172118,3,0.8,134.0,0.2634
172151,3,1.98,2846.97,0.2414
172668,6,54.0,40476.27,0.4102
172670,10,60.0,65940.82,0.4842
172671,9,66.0,65150.19,0.4696
172673,7,54.0,65840.28,0.4223
172674,7,6.0,1247548.12,0.4207
172675,7,120.0,37853.93,0.4307
172677,8,66.0,81641.84,0.4552
172678,8,174.0,39391.88,0.4482
172679,9,6.0,1308145.3,0.47
172683,10,6.0,1338596.52,0.4879
172729,4,1.66,50645.57,0.2853
172735,3,4.0,67687.36,0.2626
172736,3,1.75,84335.17,0.2655
172745,3,4.09,-30735.59,0.2693
172746,3,4.06,-42968.8,0.2656
172747,3,1.96,-3156.36,0.2728
172750,3,3.47,70703.59,0.2751
172779,3,1.33,31948.47,0.2521
172780,3,1.39,-12542.85,0.2341
172800,3,1.15,22754.79,0.2686
172801,3,3.39,-54576.9,0.2587
172802,3,3.48,-54813.43,0.259
172803,3,2.3,93234.08,0.246
173351,9,60.0,31817.27,0.4805
173352,10,72.0,30864.08,0.5022
173361,8,54.0,91133.35,0.4531
173362,9,66.0,76256.02,0.4577
173428,4,0.9,120634.35,0.2876
173429,3,1.39,18260.01,0.2737
173464,3,0.54,14629.33,0.2576
173482,3,2.41,19668.12,0.2673
173483,3,4.21,-30250.73,0.2648
173484,3,3.04,6511.27,0.2629
173485,3,3.77,-6330.22,0.2516
173486,3,4.15,-14263.46,0.2505
173487,3,2.6,35743.17,0.2523
173500,3,1.0,45118.51,0.2254
173501,2,2.61,23691.32,0.2247
174146,3,0.24,91655.88,0.2653
174147,3,7.01,10579.36,0.2477
174148,3,3.12,-26846.83,0.243
174149,3,2.72,33593.72,0.2555
174164,3,2.06,126716.16,0.2654
174165,3,3.33,59831.25,0.2636
174166,3,4.4,48397.26,0.2667
174167,3,1.65,63790.58,0.2619
174183,2,4.24,33493.94,0.2218
174184,3,4.44,42926.27,0.2285
174185,2,1.42,6967.29,0.2226
174186,3,5.78,55131.56,0.2271
174830,3,0.55,1225083.95,0.2742
174831,3,2.4,90169.19,0.2684
174832,3,3.58,38082.11,0.2563
174833,3,0.66,82409.83,0.2645
174865,2,0.82,-32202.45,0.2245
174866,3,1.53,18773.6,0.2309
174867,2,0.24,56942.83,0.2233
174868,3,3.14,66928.38,0.2274
174870,3,1.08,64899.73,0.2268
175461,4,0.54,125554.47,0.3135
175462,4,0.73,-19461.85,0.2996
175463,4,1.6,1115.09,0.2932
175549,2,1.53,-41763.55,0.2229
175551,3,1.12,266985.48,0.2352
175552,3,0.67,78269.77,0.228
175553,3,0.81,69259.9,0.2309
176143,4,0.59,2252.09,0.2929
176144,3,1.38,-63660.74,0.2795
176145,3,0.37,-4926.84,0.2812
176147,4,1.7,86780.23,0.2982
176148,4,1.01,55576.89,0.2903
176195,3,0.26,118645.53,0.257
176233,3,2.44,-9725.65,0.2275
176828,4,3.42,3822.88,0.2867
176829,3,3.06,105103.75,0.275
176831,4,1.99,103076.01,0.2902
176832,3,6.73,35932.71,0.2791
176833,4,1.25,43066.94,0.2894
176836,3,1.2,1160832.08,0.2837
176944,3,1.21,115598.9,0.2291
177498,5,1.23,220825.97,0.3423
177499,4,0.48,239846.74,0.3396
177628,3,2.06,73388.95,0.2278
177629,2,3.68,80063.12,0.2179
178182,4,0.36,204477.5,0.331
178183,4,1.03,111524.89,0.3369
178312,3,1.84,101139.64,0.2267
178313,2,0.38,96081.59,0.216
178314,3,1.66,113936.98,0.2303
178996,3,2.61,81568.71,0.2272
178997,3,6.62,138434.12,0.2373
178998,2,0.58,91639.09,0.2244
179681,3,0.78,80297.53,0.2285
179682,2,1.54,74168.63,0.2244
179683,2,3.5,57162.3,0.2197
179684,2,1.08,115941.89,0.2237
180185,2,5.14,1047.29,0.2222
180205,8,60.0,71607.07,0.452
180206,9,30.0,155689.42,0.4625
180365,3,1.34,172560.93,0.2328
180366,3,2.52,212263.31,0.233
180367,3,2.01,173374.99,0.2374
180868,3,8.37,96453.22,0.2295
180889,9,60.0,71753.43,0.4664
180890,10,6.0,1246695.86,0.4818
181552,2,1.39,-44597.4,0.2102
181592,4,2.29,562270.38,0.3103
182234,2,2.91,29001.69,0.1954
184314,5,54.0,125780.28,0.3565
185032,4,60.0,60375.29,0.3344
185033,4,60.0,112479.02,0.3229
185034,4,42.0,115112.2,0.3178
185716,4,42.0,63596.46,0.3316
185717,4,30.0,177889.01,0.3264
187085,4,30.0,166641.82,0.3237
187086,4,162.0,22541.53,0.3167
187087,4,54.0,65410.86,0.3272
187895,3,0.65,41583.29,0.2299
188437,5,66.0,39338.24,0.3792
188578,3,1.43,277730.94,0.2282
188579,3,5.84,64367.19,0.2333
188580,2,1.7,-7681.69,0.2212
188581,3,1.46,112332.17,0.2335
189120,6,6.0,1180630.47,0.4056
189121,6,42.0,67050.4,0.3908
189264,3,1.33,53742.21,0.2324
190492,5,18.0,300394.49,0.3657
191176,5,78.0,80654.41,0.3427
191177,5,120.0,88194.24,0.3416
191178,5,6.0,1300780.54,0.3644
191858,5,114.0,146675.77,0.3599
191859,5,54.0,143749.53,0.3612
191861,5,60.0,119518.92,0.3469
192542,5,54.0,248282.36,0.3723
192543,5,60.0,262113.08,0.3725
192546,5,78.0,173082.53,0.3754
193228,6,42.0,265478.08,0.3874
193229,5,138.0,274413.16,0.3814
193230,5,132.0,174132.45,0.3759
194586,9,6.0,1191910.18,0.4639
195268,9,96.0,27670.93,0.4598
195269,8,180.0,-20297.31,0.4417
195270,8,54.0,33571.92,0.4362
195279,5,60.0,110604.04,0.3812
195280,5,102.0,222336.44,0.3805
195952,8,156.0,3235.64,0.4404
196635,8,60.0,30996.64,0.4565
196636,8,162.0,-16883.14,0.4389
197319,8,60.0,21035.28,0.4519
197320,8,48.0,40363.42,0.4391
198001,6,78.0,1313.59,0.3914
198004,7,48.0,31010.58,0.4326
198005,7,6.0,1187832.96,0.4266
198015,6,48.0,96032.27,0.4075
198016,7,84.0,105946.44,0.4115
198017,8,6.0,1290470.62,0.4382
198684,6,6.0,1185390.33,0.3931
198685,6,54.0,9094.29,0.3828
198699,7,54.0,90925.87,0.4128
198700,7,156.0,68171.42,0.4114
199382,7,6.0,1254018.52,0.4199
199383,7,66.0,97243.12,0.4132
199384,7,108.0,81944.94,0.4158
200067,7,60.0,99558.72,0.4144
200068,7,54.0,104328.32,0.4157
200738,6,6.0,1186137.41,0.3892
200739,6,78.0,3895.11,0.3935
201422,6,36.0,85218.84,0.4024
201423,6,138.0,-28542.02,0.3835
201424,6,6.0,1174661.5,0.3878
201426,6,54.0,39430.59,0.4056
202106,6,6.0,1191214.72,0.3925
202109,6,60.0,44217.23,0.4094
202110,6,102.0,27338.12,0.4031
202111,6,60.0,55069.61,0.4015
202112,6,66.0,92181.35,0.3939
202113,5,48.0,98963.18,0.3747
202114,5,6.0,1273217.07,0.3786
202118,6,42.0,112291.65,0.4003
202119,6,114.0,45881.92,0.4007
202120,6,30.0,160042.35,0.4062
202794,7,42.0,114869.0,0.4119
202795,6,120.0,67125.86,0.3968
202796,6,60.0,113889.13,0.3938
202797,5,132.0,96720.14,0.3692
202798,5,54.0,149283.62,0.3715
202802,6,60.0,77928.15,0.3988
202803,6,132.0,52563.19,0.3963
202804,6,42.0,215377.94,0.4006
203479,5,54.0,146776.06,0.3817
203485,5,102.0,80983.46,0.3743
203486,5,174.0,46547.76,0.379
203487,6,150.0,24660.26,0.3843
203488,6,132.0,45330.35,0.3996
203489,6,42.0,141751.43,0.4019
204170,5,48.0,154761.69,0.3796
204172,6,156.0,72967.44,0.3884
204173,6,42.0,210848.94,0.4095
204856,6,60.0,121782.63,0.4041
204857,7,48.0,200173.0,0.4157
205540,6,3.41,240589.56,0.3882
205541,6,5.27,156082.58,0.3936
206224,6,6.0,4440455.85,0.3858
