*r,rtscbin,sc_cat,value
p1,bin1,cost,107.66
p1,bin1,cap,1000
p1,bin2,cost,331.26
p1,bin2,cap,2000
p1,bin3,cost,3312.63
p1,bin3,cap,20000
p2,bin1,cost,107.66
p2,bin1,cap,1000
p2,bin2,cost,331.26
p2,bin2,cap,2000
p2,bin3,cost,3312.63
p2,bin3,cap,20000
p3,bin1,cost,107.66
p3,bin1,cap,1000
p3,bin2,cost,331.26
p3,bin2,cap,2000
p3,bin3,cost,3312.63
p3,bin3,cap,20000
p4,bin1,cost,107.66
p4,bin1,cap,1000
p4,bin2,cost,331.26
p4,bin2,cap,2000
p4,bin3,cost,3312.63
p4,bin3,cap,20000
p5,bin1,cost,107.66
p5,bin1,cap,1000
p5,bin2,cost,331.26
p5,bin2,cap,2000
p5,bin3,cost,3312.63
p5,bin3,cap,20000
p6,bin1,cost,107.66
p6,bin1,cap,1000
p6,bin2,cost,331.26
p6,bin2,cap,2000
p6,bin3,cost,3312.63
p6,bin3,cap,20000
p7,bin1,cost,107.66
p7,bin1,cap,1000
p7,bin2,cost,331.26
p7,bin2,cap,2000
p7,bin3,cost,3312.63
p7,bin3,cap,20000
p8,bin1,cost,107.66
p8,bin1,cap,1000
p8,bin2,cost,331.26
p8,bin2,cap,2000
p8,bin3,cost,3312.63
p8,bin3,cap,20000
p9,bin1,cost,107.66
p9,bin1,cap,1000
p9,bin2,cost,331.26
p9,bin2,cap,2000
p9,bin3,cost,3312.63
p9,bin3,cap,20000
p10,bin1,cost,107.66
p10,bin1,cap,1000
p10,bin2,cost,331.26
p10,bin2,cap,2000
p10,bin3,cost,3312.63
p10,bin3,cap,20000
p11,bin1,cost,107.66
p11,bin1,cap,1000
p11,bin2,cost,331.26
p11,bin2,cap,2000
p11,bin3,cost,3312.63
p11,bin3,cap,20000
p12,bin1,cost,107.66
p12,bin1,cap,1000
p12,bin2,cost,331.26
p12,bin2,cap,2000
p12,bin3,cost,3312.63
p12,bin3,cap,20000
p13,bin1,cost,107.66
p13,bin1,cap,1000
p13,bin2,cost,331.26
p13,bin2,cap,2000
p13,bin3,cost,3312.63
p13,bin3,cap,20000
p14,bin1,cost,107.66
p14,bin1,cap,1000
p14,bin2,cost,331.26
p14,bin2,cap,2000
p14,bin3,cost,3312.63
p14,bin3,cap,20000
p15,bin1,cost,107.66
p15,bin1,cap,1000
p15,bin2,cost,331.26
p15,bin2,cap,2000
p15,bin3,cost,3312.63
p15,bin3,cap,20000
p16,bin1,cost,107.66
p16,bin1,cap,1000
p16,bin2,cost,331.26
p16,bin2,cap,2000
p16,bin3,cost,3312.63
p16,bin3,cap,20000
p17,bin1,cost,107.66
p17,bin1,cap,1000
p17,bin2,cost,331.26
p17,bin2,cap,2000
p17,bin3,cost,3312.63
p17,bin3,cap,20000
p18,bin1,cost,107.66
p18,bin1,cap,1000
p18,bin2,cost,331.26
p18,bin2,cap,2000
p18,bin3,cost,3312.63
p18,bin3,cap,20000
p19,bin1,cost,107.66
p19,bin1,cap,1000
p19,bin2,cost,331.26
p19,bin2,cap,2000
p19,bin3,cost,3312.63
p19,bin3,cap,20000
p20,bin1,cost,107.66
p20,bin1,cap,1000
p20,bin2,cost,331.26
p20,bin2,cap,2000
p20,bin3,cost,3312.63
p20,bin3,cap,20000
p21,bin1,cost,107.66
p21,bin1,cap,1000
p21,bin2,cost,331.26
p21,bin2,cap,2000
p21,bin3,cost,3312.63
p21,bin3,cap,20000
p22,bin1,cost,107.66
p22,bin1,cap,1000
p22,bin2,cost,331.26
p22,bin2,cap,2000
p22,bin3,cost,3312.63
p22,bin3,cap,20000
p23,bin1,cost,107.66
p23,bin1,cap,1000
p23,bin2,cost,331.26
p23,bin2,cap,2000
p23,bin3,cost,3312.63
p23,bin3,cap,20000
p24,bin1,cost,107.66
p24,bin1,cap,1000
p24,bin2,cost,331.26
p24,bin2,cap,2000
p24,bin3,cost,3312.63
p24,bin3,cap,20000
p25,bin1,cost,107.66
p25,bin1,cap,1000
p25,bin2,cost,331.26
p25,bin2,cap,2000
p25,bin3,cost,3312.63
p25,bin3,cap,20000
p26,bin1,cost,107.66
p26,bin1,cap,1000
p26,bin2,cost,331.26
p26,bin2,cap,2000
p26,bin3,cost,3312.63
p26,bin3,cap,20000
p27,bin1,cost,107.66
p27,bin1,cap,1000
p27,bin2,cost,331.26
p27,bin2,cap,2000
p27,bin3,cost,3312.63
p27,bin3,cap,20000
p28,bin1,cost,107.66
p28,bin1,cap,1000
p28,bin2,cost,331.26
p28,bin2,cap,2000
p28,bin3,cost,3312.63
p28,bin3,cap,20000
p29,bin1,cost,107.66
p29,bin1,cap,1000
p29,bin2,cost,331.26
p29,bin2,cap,2000
p29,bin3,cost,3312.63
p29,bin3,cap,20000
p30,bin1,cost,107.66
p30,bin1,cap,1000
p30,bin2,cost,331.26
p30,bin2,cap,2000
p30,bin3,cost,3312.63
p30,bin3,cap,20000
p31,bin1,cost,107.66
p31,bin1,cap,1000
p31,bin2,cost,331.26
p31,bin2,cap,2000
p31,bin3,cost,3312.63
p31,bin3,cap,20000
p32,bin1,cost,107.66
p32,bin1,cap,1000
p32,bin2,cost,331.26
p32,bin2,cap,2000
p32,bin3,cost,3312.63
p32,bin3,cap,20000
p33,bin1,cost,107.66
p33,bin1,cap,1000
p33,bin2,cost,331.26
p33,bin2,cap,2000
p33,bin3,cost,3312.63
p33,bin3,cap,20000
p34,bin1,cost,107.66
p34,bin1,cap,1000
p34,bin2,cost,331.26
p34,bin2,cap,2000
p34,bin3,cost,3312.63
p34,bin3,cap,20000
p35,bin1,cost,107.66
p35,bin1,cap,1000
p35,bin2,cost,331.26
p35,bin2,cap,2000
p35,bin3,cost,3312.63
p35,bin3,cap,20000
p36,bin1,cost,107.66
p36,bin1,cap,1000
p36,bin2,cost,331.26
p36,bin2,cap,2000
p36,bin3,cost,3312.63
p36,bin3,cap,20000
p37,bin1,cost,107.66
p37,bin1,cap,1000
p37,bin2,cost,331.26
p37,bin2,cap,2000
p37,bin3,cost,3312.63
p37,bin3,cap,20000
p38,bin1,cost,107.66
p38,bin1,cap,1000
p38,bin2,cost,331.26
p38,bin2,cap,2000
p38,bin3,cost,3312.63
p38,bin3,cap,20000
p39,bin1,cost,107.66
p39,bin1,cap,1000
p39,bin2,cost,331.26
p39,bin2,cap,2000
p39,bin3,cost,3312.63
p39,bin3,cap,20000
p40,bin1,cost,107.66
p40,bin1,cap,1000
p40,bin2,cost,331.26
p40,bin2,cap,2000
p40,bin3,cost,3312.63
p40,bin3,cap,20000
p41,bin1,cost,107.66
p41,bin1,cap,1000
p41,bin2,cost,331.26
p41,bin2,cap,2000
p41,bin3,cost,3312.63
p41,bin3,cap,20000
p42,bin1,cost,107.66
p42,bin1,cap,1000
p42,bin2,cost,331.26
p42,bin2,cap,2000
p42,bin3,cost,3312.63
p42,bin3,cap,20000
p43,bin1,cost,107.66
p43,bin1,cap,1000
p43,bin2,cost,331.26
p43,bin2,cap,2000
p43,bin3,cost,3312.63
p43,bin3,cap,20000
p44,bin1,cost,107.66
p44,bin1,cap,1000
p44,bin2,cost,331.26
p44,bin2,cap,2000
p44,bin3,cost,3312.63
p44,bin3,cap,20000
p47,bin1,cost,107.66
p47,bin1,cap,1000
p47,bin2,cost,331.26
p47,bin2,cap,2000
p47,bin3,cost,3312.63
p47,bin3,cap,20000
p48,bin1,cost,107.66
p48,bin1,cap,1000
p48,bin2,cost,331.26
p48,bin2,cap,2000
p48,bin3,cost,3312.63
p48,bin3,cap,20000
p49,bin1,cost,107.66
p49,bin1,cap,1000
p49,bin2,cost,331.26
p49,bin2,cap,2000
p49,bin3,cost,3312.63
p49,bin3,cap,20000
p50,bin1,cost,107.66
p50,bin1,cap,1000
p50,bin2,cost,331.26
p50,bin2,cap,2000
p50,bin3,cost,3312.63
p50,bin3,cap,20000
p51,bin1,cost,107.66
p51,bin1,cap,1000
p51,bin2,cost,331.26
p51,bin2,cap,2000
p51,bin3,cost,3312.63
p51,bin3,cap,20000
p52,bin1,cost,107.66
p52,bin1,cap,1000
p52,bin2,cost,331.26
p52,bin2,cap,2000
p52,bin3,cost,3312.63
p52,bin3,cap,20000
p53,bin1,cost,107.66
p53,bin1,cap,1000
p53,bin2,cost,331.26
p53,bin2,cap,2000
p53,bin3,cost,3312.63
p53,bin3,cap,20000
p54,bin1,cost,107.66
p54,bin1,cap,1000
p54,bin2,cost,331.26
p54,bin2,cap,2000
p54,bin3,cost,3312.63
p54,bin3,cap,20000
p55,bin1,cost,107.66
p55,bin1,cap,1000
p55,bin2,cost,331.26
p55,bin2,cap,2000
p55,bin3,cost,3312.63
p55,bin3,cap,20000
p56,bin1,cost,107.66
p56,bin1,cap,1000
p56,bin2,cost,331.26
p56,bin2,cap,2000
p56,bin3,cost,3312.63
p56,bin3,cap,20000
p57,bin1,cost,107.66
p57,bin1,cap,1000
p57,bin2,cost,331.26
p57,bin2,cap,2000
p57,bin3,cost,3312.63
p57,bin3,cap,20000
p58,bin1,cost,107.66
p58,bin1,cap,1000
p58,bin2,cost,331.26
p58,bin2,cap,2000
p58,bin3,cost,3312.63
p58,bin3,cap,20000
p59,bin1,cost,107.66
p59,bin1,cap,1000
p59,bin2,cost,331.26
p59,bin2,cap,2000
p59,bin3,cost,3312.63
p59,bin3,cap,20000
p60,bin1,cost,107.66
p60,bin1,cap,1000
p60,bin2,cost,331.26
p60,bin2,cap,2000
p60,bin3,cost,3312.63
p60,bin3,cap,20000
p61,bin1,cost,107.66
p61,bin1,cap,1000
p61,bin2,cost,331.26
p61,bin2,cap,2000
p61,bin3,cost,3312.63
p61,bin3,cap,20000
p62,bin1,cost,107.66
p62,bin1,cap,1000
p62,bin2,cost,331.26
p62,bin2,cap,2000
p62,bin3,cost,3312.63
p62,bin3,cap,20000
p63,bin1,cost,107.66
p63,bin1,cap,1000
p63,bin2,cost,331.26
p63,bin2,cap,2000
p63,bin3,cost,3312.63
p63,bin3,cap,20000
p64,bin1,cost,107.66
p64,bin1,cap,1000
p64,bin2,cost,331.26
p64,bin2,cap,2000
p64,bin3,cost,3312.63
p64,bin3,cap,20000
p65,bin1,cost,107.66
p65,bin1,cap,1000
p65,bin2,cost,331.26
p65,bin2,cap,2000
p65,bin3,cost,3312.63
p65,bin3,cap,20000
p66,bin1,cost,107.66
p66,bin1,cap,1000
p66,bin2,cost,331.26
p66,bin2,cap,2000
p66,bin3,cost,3312.63
p66,bin3,cap,20000
p67,bin1,cost,107.66
p67,bin1,cap,1000
p67,bin2,cost,331.26
p67,bin2,cap,2000
p67,bin3,cost,3312.63
p67,bin3,cap,20000
p68,bin1,cost,107.66
p68,bin1,cap,1000
p68,bin2,cost,331.26
p68,bin2,cap,2000
p68,bin3,cost,3312.63
p68,bin3,cap,20000
p71,bin1,cost,107.66
p71,bin1,cap,1000
p71,bin2,cost,331.26
p71,bin2,cap,2000
p71,bin3,cost,3312.63
p71,bin3,cap,20000
p72,bin1,cost,107.66
p72,bin1,cap,1000
p72,bin2,cost,331.26
p72,bin2,cap,2000
p72,bin3,cost,3312.63
p72,bin3,cap,20000
p73,bin1,cost,107.66
p73,bin1,cap,1000
p73,bin2,cost,331.26
p73,bin2,cap,2000
p73,bin3,cost,3312.63
p73,bin3,cap,20000
p84,bin1,cost,107.66
p84,bin1,cap,1000
p84,bin2,cost,331.26
p84,bin2,cap,2000
p84,bin3,cost,3312.63
p84,bin3,cap,20000
p85,bin1,cost,107.66
p85,bin1,cap,1000
p85,bin2,cost,331.26
p85,bin2,cap,2000
p85,bin3,cost,3312.63
p85,bin3,cap,20000
p86,bin1,cost,107.66
p86,bin1,cap,1000
p86,bin2,cost,331.26
p86,bin2,cap,2000
p86,bin3,cost,3312.63
p86,bin3,cap,20000
p87,bin1,cost,107.66
p87,bin1,cap,1000
p87,bin2,cost,331.26
p87,bin2,cap,2000
p87,bin3,cost,3312.63
p87,bin3,cap,20000
p88,bin1,cost,107.66
p88,bin1,cap,1000
p88,bin2,cost,331.26
p88,bin2,cap,2000
p88,bin3,cost,3312.63
p88,bin3,cap,20000
p89,bin1,cost,107.66
p89,bin1,cap,1000
p89,bin2,cost,331.26
p89,bin2,cap,2000
p89,bin3,cost,3312.63
p89,bin3,cap,20000
p90,bin1,cost,107.66
p90,bin1,cap,1000
p90,bin2,cost,331.26
p90,bin2,cap,2000
p90,bin3,cost,3312.63
p90,bin3,cap,20000
p91,bin1,cost,107.66
p91,bin1,cap,1000
p91,bin2,cost,331.26
p91,bin2,cap,2000
p91,bin3,cost,3312.63
p91,bin3,cap,20000
p94,bin1,cost,107.66
p94,bin1,cap,1000
p94,bin2,cost,331.26
p94,bin2,cap,2000
p94,bin3,cost,3312.63
p94,bin3,cap,20000
p95,bin1,cost,107.66
p95,bin1,cap,1000
p95,bin2,cost,331.26
p95,bin2,cap,2000
p95,bin3,cost,3312.63
p95,bin3,cap,20000
p96,bin1,cost,107.66
p96,bin1,cap,1000
p96,bin2,cost,331.26
p96,bin2,cap,2000
p96,bin3,cost,3312.63
p96,bin3,cap,20000
p101,bin1,cost,107.66
p101,bin1,cap,1000
p101,bin2,cost,331.26
p101,bin2,cap,2000
p101,bin3,cost,3312.63
p101,bin3,cap,20000
p102,bin1,cost,107.66
p102,bin1,cap,1000
p102,bin2,cost,331.26
p102,bin2,cap,2000
p102,bin3,cost,3312.63
p102,bin3,cap,20000
p129,bin1,cost,107.66
p129,bin1,cap,1000
p129,bin2,cost,331.26
p129,bin2,cap,2000
p129,bin3,cost,3312.63
p129,bin3,cap,20000
p130,bin1,cost,107.66
p130,bin1,cap,1000
p130,bin2,cost,331.26
p130,bin2,cap,2000
p130,bin3,cost,3312.63
p130,bin3,cap,20000
p131,bin1,cost,107.66
p131,bin1,cap,1000
p131,bin2,cost,331.26
p131,bin2,cap,2000
p131,bin3,cost,3312.63
p131,bin3,cap,20000
p132,bin1,cost,107.66
p132,bin1,cap,1000
p132,bin2,cost,331.26
p132,bin2,cap,2000
p132,bin3,cost,3312.63
p132,bin3,cap,20000
p133,bin1,cost,107.66
p133,bin1,cap,1000
p133,bin2,cost,331.26
p133,bin2,cap,2000
p133,bin3,cost,3312.63
p133,bin3,cap,20000
p134,bin1,cost,107.66
p134,bin1,cap,1000
p134,bin2,cost,331.26
p134,bin2,cap,2000
p134,bin3,cost,3312.63
p134,bin3,cap,20000
p10001,bin1,cost,107.66
p10001,bin1,cap,1000
p10001,bin2,cost,331.26
p10001,bin2,cap,2000
p10001,bin3,cost,3312.63
p10001,bin3,cap,20000
p10003,bin1,cost,107.66
p10003,bin1,cap,1000
p10003,bin2,cost,331.26
p10003,bin2,cap,2000
p10003,bin3,cost,3312.63
p10003,bin3,cap,20000
p10005,bin1,cost,107.66
p10005,bin1,cap,1000
p10005,bin2,cost,331.26
p10005,bin2,cap,2000
p10005,bin3,cost,3312.63
p10005,bin3,cap,20000
p11001,bin1,cost,107.66
p11001,bin1,cap,1000
p11001,bin2,cost,331.26
p11001,bin2,cap,2000
p11001,bin3,cost,3312.63
p11001,bin3,cap,20000
p17001,bin1,cost,107.66
p17001,bin1,cap,1000
p17001,bin2,cost,331.26
p17001,bin2,cap,2000
p17001,bin3,cost,3312.63
p17001,bin3,cap,20000
p17003,bin1,cost,107.66
p17003,bin1,cap,1000
p17003,bin2,cost,331.26
p17003,bin2,cap,2000
p17003,bin3,cost,3312.63
p17003,bin3,cap,20000
p17005,bin1,cost,107.66
p17005,bin1,cap,1000
p17005,bin2,cost,331.26
p17005,bin2,cap,2000
p17005,bin3,cost,3312.63
p17005,bin3,cap,20000
p17007,bin1,cost,107.66
p17007,bin1,cap,1000
p17007,bin2,cost,331.26
p17007,bin2,cap,2000
p17007,bin3,cost,3312.63
p17007,bin3,cap,20000
p17009,bin1,cost,107.66
p17009,bin1,cap,1000
p17009,bin2,cost,331.26
p17009,bin2,cap,2000
p17009,bin3,cost,3312.63
p17009,bin3,cap,20000
p17011,bin1,cost,107.66
p17011,bin1,cap,1000
p17011,bin2,cost,331.26
p17011,bin2,cap,2000
p17011,bin3,cost,3312.63
p17011,bin3,cap,20000
p17013,bin1,cost,107.66
p17013,bin1,cap,1000
p17013,bin2,cost,331.26
p17013,bin2,cap,2000
p17013,bin3,cost,3312.63
p17013,bin3,cap,20000
p17015,bin1,cost,107.66
p17015,bin1,cap,1000
p17015,bin2,cost,331.26
p17015,bin2,cap,2000
p17015,bin3,cost,3312.63
p17015,bin3,cap,20000
p17017,bin1,cost,107.66
p17017,bin1,cap,1000
p17017,bin2,cost,331.26
p17017,bin2,cap,2000
p17017,bin3,cost,3312.63
p17017,bin3,cap,20000
p17019,bin1,cost,107.66
p17019,bin1,cap,1000
p17019,bin2,cost,331.26
p17019,bin2,cap,2000
p17019,bin3,cost,3312.63
p17019,bin3,cap,20000
p17021,bin1,cost,107.66
p17021,bin1,cap,1000
p17021,bin2,cost,331.26
p17021,bin2,cap,2000
p17021,bin3,cost,3312.63
p17021,bin3,cap,20000
p17023,bin1,cost,107.66
p17023,bin1,cap,1000
p17023,bin2,cost,331.26
p17023,bin2,cap,2000
p17023,bin3,cost,3312.63
p17023,bin3,cap,20000
p17025,bin1,cost,107.66
p17025,bin1,cap,1000
p17025,bin2,cost,331.26
p17025,bin2,cap,2000
p17025,bin3,cost,3312.63
p17025,bin3,cap,20000
p17027,bin1,cost,107.66
p17027,bin1,cap,1000
p17027,bin2,cost,331.26
p17027,bin2,cap,2000
p17027,bin3,cost,3312.63
p17027,bin3,cap,20000
p17029,bin1,cost,107.66
p17029,bin1,cap,1000
p17029,bin2,cost,331.26
p17029,bin2,cap,2000
p17029,bin3,cost,3312.63
p17029,bin3,cap,20000
p17031,bin1,cost,107.66
p17031,bin1,cap,1000
p17031,bin2,cost,331.26
p17031,bin2,cap,2000
p17031,bin3,cost,3312.63
p17031,bin3,cap,20000
p17033,bin1,cost,107.66
p17033,bin1,cap,1000
p17033,bin2,cost,331.26
p17033,bin2,cap,2000
p17033,bin3,cost,3312.63
p17033,bin3,cap,20000
p17035,bin1,cost,107.66
p17035,bin1,cap,1000
p17035,bin2,cost,331.26
p17035,bin2,cap,2000
p17035,bin3,cost,3312.63
p17035,bin3,cap,20000
p17037,bin1,cost,107.66
p17037,bin1,cap,1000
p17037,bin2,cost,331.26
p17037,bin2,cap,2000
p17037,bin3,cost,3312.63
p17037,bin3,cap,20000
p17039,bin1,cost,107.66
p17039,bin1,cap,1000
p17039,bin2,cost,331.26
p17039,bin2,cap,2000
p17039,bin3,cost,3312.63
p17039,bin3,cap,20000
p17041,bin1,cost,107.66
p17041,bin1,cap,1000
p17041,bin2,cost,331.26
p17041,bin2,cap,2000
p17041,bin3,cost,3312.63
p17041,bin3,cap,20000
p17043,bin1,cost,107.66
p17043,bin1,cap,1000
p17043,bin2,cost,331.26
p17043,bin2,cap,2000
p17043,bin3,cost,3312.63
p17043,bin3,cap,20000
p17045,bin1,cost,107.66
p17045,bin1,cap,1000
p17045,bin2,cost,331.26
p17045,bin2,cap,2000
p17045,bin3,cost,3312.63
p17045,bin3,cap,20000
p17047,bin1,cost,107.66
p17047,bin1,cap,1000
p17047,bin2,cost,331.26
p17047,bin2,cap,2000
p17047,bin3,cost,3312.63
p17047,bin3,cap,20000
p17049,bin1,cost,107.66
p17049,bin1,cap,1000
p17049,bin2,cost,331.26
p17049,bin2,cap,2000
p17049,bin3,cost,3312.63
p17049,bin3,cap,20000
p17051,bin1,cost,107.66
p17051,bin1,cap,1000
p17051,bin2,cost,331.26
p17051,bin2,cap,2000
p17051,bin3,cost,3312.63
p17051,bin3,cap,20000
p17053,bin1,cost,107.66
p17053,bin1,cap,1000
p17053,bin2,cost,331.26
p17053,bin2,cap,2000
p17053,bin3,cost,3312.63
p17053,bin3,cap,20000
p17055,bin1,cost,107.66
p17055,bin1,cap,1000
p17055,bin2,cost,331.26
p17055,bin2,cap,2000
p17055,bin3,cost,3312.63
p17055,bin3,cap,20000
p17057,bin1,cost,107.66
p17057,bin1,cap,1000
p17057,bin2,cost,331.26
p17057,bin2,cap,2000
p17057,bin3,cost,3312.63
p17057,bin3,cap,20000
p17059,bin1,cost,107.66
p17059,bin1,cap,1000
p17059,bin2,cost,331.26
p17059,bin2,cap,2000
p17059,bin3,cost,3312.63
p17059,bin3,cap,20000
p17061,bin1,cost,107.66
p17061,bin1,cap,1000
p17061,bin2,cost,331.26
p17061,bin2,cap,2000
p17061,bin3,cost,3312.63
p17061,bin3,cap,20000
p17063,bin1,cost,107.66
p17063,bin1,cap,1000
p17063,bin2,cost,331.26
p17063,bin2,cap,2000
p17063,bin3,cost,3312.63
p17063,bin3,cap,20000
p17065,bin1,cost,107.66
p17065,bin1,cap,1000
p17065,bin2,cost,331.26
p17065,bin2,cap,2000
p17065,bin3,cost,3312.63
p17065,bin3,cap,20000
p17067,bin1,cost,107.66
p17067,bin1,cap,1000
p17067,bin2,cost,331.26
p17067,bin2,cap,2000
p17067,bin3,cost,3312.63
p17067,bin3,cap,20000
p17069,bin1,cost,107.66
p17069,bin1,cap,1000
p17069,bin2,cost,331.26
p17069,bin2,cap,2000
p17069,bin3,cost,3312.63
p17069,bin3,cap,20000
p17071,bin1,cost,107.66
p17071,bin1,cap,1000
p17071,bin2,cost,331.26
p17071,bin2,cap,2000
p17071,bin3,cost,3312.63
p17071,bin3,cap,20000
p17073,bin1,cost,107.66
p17073,bin1,cap,1000
p17073,bin2,cost,331.26
p17073,bin2,cap,2000
p17073,bin3,cost,3312.63
p17073,bin3,cap,20000
p17075,bin1,cost,107.66
p17075,bin1,cap,1000
p17075,bin2,cost,331.26
p17075,bin2,cap,2000
p17075,bin3,cost,3312.63
p17075,bin3,cap,20000
p17077,bin1,cost,107.66
p17077,bin1,cap,1000
p17077,bin2,cost,331.26
p17077,bin2,cap,2000
p17077,bin3,cost,3312.63
p17077,bin3,cap,20000
p17079,bin1,cost,107.66
p17079,bin1,cap,1000
p17079,bin2,cost,331.26
p17079,bin2,cap,2000
p17079,bin3,cost,3312.63
p17079,bin3,cap,20000
p17081,bin1,cost,107.66
p17081,bin1,cap,1000
p17081,bin2,cost,331.26
p17081,bin2,cap,2000
p17081,bin3,cost,3312.63
p17081,bin3,cap,20000
p17083,bin1,cost,107.66
p17083,bin1,cap,1000
p17083,bin2,cost,331.26
p17083,bin2,cap,2000
p17083,bin3,cost,3312.63
p17083,bin3,cap,20000
p17085,bin1,cost,107.66
p17085,bin1,cap,1000
p17085,bin2,cost,331.26
p17085,bin2,cap,2000
p17085,bin3,cost,3312.63
p17085,bin3,cap,20000
p17087,bin1,cost,107.66
p17087,bin1,cap,1000
p17087,bin2,cost,331.26
p17087,bin2,cap,2000
p17087,bin3,cost,3312.63
p17087,bin3,cap,20000
p17089,bin1,cost,107.66
p17089,bin1,cap,1000
p17089,bin2,cost,331.26
p17089,bin2,cap,2000
p17089,bin3,cost,3312.63
p17089,bin3,cap,20000
p17091,bin1,cost,107.66
p17091,bin1,cap,1000
p17091,bin2,cost,331.26
p17091,bin2,cap,2000
p17091,bin3,cost,3312.63
p17091,bin3,cap,20000
p17093,bin1,cost,107.66
p17093,bin1,cap,1000
p17093,bin2,cost,331.26
p17093,bin2,cap,2000
p17093,bin3,cost,3312.63
p17093,bin3,cap,20000
p17095,bin1,cost,107.66
p17095,bin1,cap,1000
p17095,bin2,cost,331.26
p17095,bin2,cap,2000
p17095,bin3,cost,3312.63
p17095,bin3,cap,20000
p17097,bin1,cost,107.66
p17097,bin1,cap,1000
p17097,bin2,cost,331.26
p17097,bin2,cap,2000
p17097,bin3,cost,3312.63
p17097,bin3,cap,20000
p17099,bin1,cost,107.66
p17099,bin1,cap,1000
p17099,bin2,cost,331.26
p17099,bin2,cap,2000
p17099,bin3,cost,3312.63
p17099,bin3,cap,20000
p17101,bin1,cost,107.66
p17101,bin1,cap,1000
p17101,bin2,cost,331.26
p17101,bin2,cap,2000
p17101,bin3,cost,3312.63
p17101,bin3,cap,20000
p17103,bin1,cost,107.66
p17103,bin1,cap,1000
p17103,bin2,cost,331.26
p17103,bin2,cap,2000
p17103,bin3,cost,3312.63
p17103,bin3,cap,20000
p17105,bin1,cost,107.66
p17105,bin1,cap,1000
p17105,bin2,cost,331.26
p17105,bin2,cap,2000
p17105,bin3,cost,3312.63
p17105,bin3,cap,20000
p17107,bin1,cost,107.66
p17107,bin1,cap,1000
p17107,bin2,cost,331.26
p17107,bin2,cap,2000
p17107,bin3,cost,3312.63
p17107,bin3,cap,20000
p17109,bin1,cost,107.66
p17109,bin1,cap,1000
p17109,bin2,cost,331.26
p17109,bin2,cap,2000
p17109,bin3,cost,3312.63
p17109,bin3,cap,20000
p17111,bin1,cost,107.66
p17111,bin1,cap,1000
p17111,bin2,cost,331.26
p17111,bin2,cap,2000
p17111,bin3,cost,3312.63
p17111,bin3,cap,20000
p17113,bin1,cost,107.66
p17113,bin1,cap,1000
p17113,bin2,cost,331.26
p17113,bin2,cap,2000
p17113,bin3,cost,3312.63
p17113,bin3,cap,20000
p17115,bin1,cost,107.66
p17115,bin1,cap,1000
p17115,bin2,cost,331.26
p17115,bin2,cap,2000
p17115,bin3,cost,3312.63
p17115,bin3,cap,20000
p17117,bin1,cost,107.66
p17117,bin1,cap,1000
p17117,bin2,cost,331.26
p17117,bin2,cap,2000
p17117,bin3,cost,3312.63
p17117,bin3,cap,20000
p17119,bin1,cost,107.66
p17119,bin1,cap,1000
p17119,bin2,cost,331.26
p17119,bin2,cap,2000
p17119,bin3,cost,3312.63
p17119,bin3,cap,20000
p17121,bin1,cost,107.66
p17121,bin1,cap,1000
p17121,bin2,cost,331.26
p17121,bin2,cap,2000
p17121,bin3,cost,3312.63
p17121,bin3,cap,20000
p17123,bin1,cost,107.66
p17123,bin1,cap,1000
p17123,bin2,cost,331.26
p17123,bin2,cap,2000
p17123,bin3,cost,3312.63
p17123,bin3,cap,20000
p17125,bin1,cost,107.66
p17125,bin1,cap,1000
p17125,bin2,cost,331.26
p17125,bin2,cap,2000
p17125,bin3,cost,3312.63
p17125,bin3,cap,20000
p17127,bin1,cost,107.66
p17127,bin1,cap,1000
p17127,bin2,cost,331.26
p17127,bin2,cap,2000
p17127,bin3,cost,3312.63
p17127,bin3,cap,20000
p17129,bin1,cost,107.66
p17129,bin1,cap,1000
p17129,bin2,cost,331.26
p17129,bin2,cap,2000
p17129,bin3,cost,3312.63
p17129,bin3,cap,20000
p17131,bin1,cost,107.66
p17131,bin1,cap,1000
p17131,bin2,cost,331.26
p17131,bin2,cap,2000
p17131,bin3,cost,3312.63
p17131,bin3,cap,20000
p17133,bin1,cost,107.66
p17133,bin1,cap,1000
p17133,bin2,cost,331.26
p17133,bin2,cap,2000
p17133,bin3,cost,3312.63
p17133,bin3,cap,20000
p17135,bin1,cost,107.66
p17135,bin1,cap,1000
p17135,bin2,cost,331.26
p17135,bin2,cap,2000
p17135,bin3,cost,3312.63
p17135,bin3,cap,20000
p17137,bin1,cost,107.66
p17137,bin1,cap,1000
p17137,bin2,cost,331.26
p17137,bin2,cap,2000
p17137,bin3,cost,3312.63
p17137,bin3,cap,20000
p17139,bin1,cost,107.66
p17139,bin1,cap,1000
p17139,bin2,cost,331.26
p17139,bin2,cap,2000
p17139,bin3,cost,3312.63
p17139,bin3,cap,20000
p17141,bin1,cost,107.66
p17141,bin1,cap,1000
p17141,bin2,cost,331.26
p17141,bin2,cap,2000
p17141,bin3,cost,3312.63
p17141,bin3,cap,20000
p17143,bin1,cost,107.66
p17143,bin1,cap,1000
p17143,bin2,cost,331.26
p17143,bin2,cap,2000
p17143,bin3,cost,3312.63
p17143,bin3,cap,20000
p17145,bin1,cost,107.66
p17145,bin1,cap,1000
p17145,bin2,cost,331.26
p17145,bin2,cap,2000
p17145,bin3,cost,3312.63
p17145,bin3,cap,20000
p17147,bin1,cost,107.66
p17147,bin1,cap,1000
p17147,bin2,cost,331.26
p17147,bin2,cap,2000
p17147,bin3,cost,3312.63
p17147,bin3,cap,20000
p17149,bin1,cost,107.66
p17149,bin1,cap,1000
p17149,bin2,cost,331.26
p17149,bin2,cap,2000
p17149,bin3,cost,3312.63
p17149,bin3,cap,20000
p17151,bin1,cost,107.66
p17151,bin1,cap,1000
p17151,bin2,cost,331.26
p17151,bin2,cap,2000
p17151,bin3,cost,3312.63
p17151,bin3,cap,20000
p17153,bin1,cost,107.66
p17153,bin1,cap,1000
p17153,bin2,cost,331.26
p17153,bin2,cap,2000
p17153,bin3,cost,3312.63
p17153,bin3,cap,20000
p17155,bin1,cost,107.66
p17155,bin1,cap,1000
p17155,bin2,cost,331.26
p17155,bin2,cap,2000
p17155,bin3,cost,3312.63
p17155,bin3,cap,20000
p17157,bin1,cost,107.66
p17157,bin1,cap,1000
p17157,bin2,cost,331.26
p17157,bin2,cap,2000
p17157,bin3,cost,3312.63
p17157,bin3,cap,20000
p17159,bin1,cost,107.66
p17159,bin1,cap,1000
p17159,bin2,cost,331.26
p17159,bin2,cap,2000
p17159,bin3,cost,3312.63
p17159,bin3,cap,20000
p17161,bin1,cost,107.66
p17161,bin1,cap,1000
p17161,bin2,cost,331.26
p17161,bin2,cap,2000
p17161,bin3,cost,3312.63
p17161,bin3,cap,20000
p17163,bin1,cost,107.66
p17163,bin1,cap,1000
p17163,bin2,cost,331.26
p17163,bin2,cap,2000
p17163,bin3,cost,3312.63
p17163,bin3,cap,20000
p17165,bin1,cost,107.66
p17165,bin1,cap,1000
p17165,bin2,cost,331.26
p17165,bin2,cap,2000
p17165,bin3,cost,3312.63
p17165,bin3,cap,20000
p17167,bin1,cost,107.66
p17167,bin1,cap,1000
p17167,bin2,cost,331.26
p17167,bin2,cap,2000
p17167,bin3,cost,3312.63
p17167,bin3,cap,20000
p17169,bin1,cost,107.66
p17169,bin1,cap,1000
p17169,bin2,cost,331.26
p17169,bin2,cap,2000
p17169,bin3,cost,3312.63
p17169,bin3,cap,20000
p17171,bin1,cost,107.66
p17171,bin1,cap,1000
p17171,bin2,cost,331.26
p17171,bin2,cap,2000
p17171,bin3,cost,3312.63
p17171,bin3,cap,20000
p17173,bin1,cost,107.66
p17173,bin1,cap,1000
p17173,bin2,cost,331.26
p17173,bin2,cap,2000
p17173,bin3,cost,3312.63
p17173,bin3,cap,20000
p17175,bin1,cost,107.66
p17175,bin1,cap,1000
p17175,bin2,cost,331.26
p17175,bin2,cap,2000
p17175,bin3,cost,3312.63
p17175,bin3,cap,20000
p17177,bin1,cost,107.66
p17177,bin1,cap,1000
p17177,bin2,cost,331.26
p17177,bin2,cap,2000
p17177,bin3,cost,3312.63
p17177,bin3,cap,20000
p17179,bin1,cost,107.66
p17179,bin1,cap,1000
p17179,bin2,cost,331.26
p17179,bin2,cap,2000
p17179,bin3,cost,3312.63
p17179,bin3,cap,20000
p17181,bin1,cost,107.66
p17181,bin1,cap,1000
p17181,bin2,cost,331.26
p17181,bin2,cap,2000
p17181,bin3,cost,3312.63
p17181,bin3,cap,20000
p17183,bin1,cost,107.66
p17183,bin1,cap,1000
p17183,bin2,cost,331.26
p17183,bin2,cap,2000
p17183,bin3,cost,3312.63
p17183,bin3,cap,20000
p17185,bin1,cost,107.66
p17185,bin1,cap,1000
p17185,bin2,cost,331.26
p17185,bin2,cap,2000
p17185,bin3,cost,3312.63
p17185,bin3,cap,20000
p17187,bin1,cost,107.66
p17187,bin1,cap,1000
p17187,bin2,cost,331.26
p17187,bin2,cap,2000
p17187,bin3,cost,3312.63
p17187,bin3,cap,20000
p17189,bin1,cost,107.66
p17189,bin1,cap,1000
p17189,bin2,cost,331.26
p17189,bin2,cap,2000
p17189,bin3,cost,3312.63
p17189,bin3,cap,20000
p17191,bin1,cost,107.66
p17191,bin1,cap,1000
p17191,bin2,cost,331.26
p17191,bin2,cap,2000
p17191,bin3,cost,3312.63
p17191,bin3,cap,20000
p17193,bin1,cost,107.66
p17193,bin1,cap,1000
p17193,bin2,cost,331.26
p17193,bin2,cap,2000
p17193,bin3,cost,3312.63
p17193,bin3,cap,20000
p17195,bin1,cost,107.66
p17195,bin1,cap,1000
p17195,bin2,cost,331.26
p17195,bin2,cap,2000
p17195,bin3,cost,3312.63
p17195,bin3,cap,20000
p17197,bin1,cost,107.66
p17197,bin1,cap,1000
p17197,bin2,cost,331.26
p17197,bin2,cap,2000
p17197,bin3,cost,3312.63
p17197,bin3,cap,20000
p17199,bin1,cost,107.66
p17199,bin1,cap,1000
p17199,bin2,cost,331.26
p17199,bin2,cap,2000
p17199,bin3,cost,3312.63
p17199,bin3,cap,20000
p17201,bin1,cost,107.66
p17201,bin1,cap,1000
p17201,bin2,cost,331.26
p17201,bin2,cap,2000
p17201,bin3,cost,3312.63
p17201,bin3,cap,20000
p17203,bin1,cost,107.66
p17203,bin1,cap,1000
p17203,bin2,cost,331.26
p17203,bin2,cap,2000
p17203,bin3,cost,3312.63
p17203,bin3,cap,20000
p18001,bin1,cost,107.66
p18001,bin1,cap,1000
p18001,bin2,cost,331.26
p18001,bin2,cap,2000
p18001,bin3,cost,3312.63
p18001,bin3,cap,20000
p18003,bin1,cost,107.66
p18003,bin1,cap,1000
p18003,bin2,cost,331.26
p18003,bin2,cap,2000
p18003,bin3,cost,3312.63
p18003,bin3,cap,20000
p18005,bin1,cost,107.66
p18005,bin1,cap,1000
p18005,bin2,cost,331.26
p18005,bin2,cap,2000
p18005,bin3,cost,3312.63
p18005,bin3,cap,20000
p18007,bin1,cost,107.66
p18007,bin1,cap,1000
p18007,bin2,cost,331.26
p18007,bin2,cap,2000
p18007,bin3,cost,3312.63
p18007,bin3,cap,20000
p18009,bin1,cost,107.66
p18009,bin1,cap,1000
p18009,bin2,cost,331.26
p18009,bin2,cap,2000
p18009,bin3,cost,3312.63
p18009,bin3,cap,20000
p18011,bin1,cost,107.66
p18011,bin1,cap,1000
p18011,bin2,cost,331.26
p18011,bin2,cap,2000
p18011,bin3,cost,3312.63
p18011,bin3,cap,20000
p18013,bin1,cost,107.66
p18013,bin1,cap,1000
p18013,bin2,cost,331.26
p18013,bin2,cap,2000
p18013,bin3,cost,3312.63
p18013,bin3,cap,20000
p18015,bin1,cost,107.66
p18015,bin1,cap,1000
p18015,bin2,cost,331.26
p18015,bin2,cap,2000
p18015,bin3,cost,3312.63
p18015,bin3,cap,20000
p18017,bin1,cost,107.66
p18017,bin1,cap,1000
p18017,bin2,cost,331.26
p18017,bin2,cap,2000
p18017,bin3,cost,3312.63
p18017,bin3,cap,20000
p18019,bin1,cost,107.66
p18019,bin1,cap,1000
p18019,bin2,cost,331.26
p18019,bin2,cap,2000
p18019,bin3,cost,3312.63
p18019,bin3,cap,20000
p18021,bin1,cost,107.66
p18021,bin1,cap,1000
p18021,bin2,cost,331.26
p18021,bin2,cap,2000
p18021,bin3,cost,3312.63
p18021,bin3,cap,20000
p18023,bin1,cost,107.66
p18023,bin1,cap,1000
p18023,bin2,cost,331.26
p18023,bin2,cap,2000
p18023,bin3,cost,3312.63
p18023,bin3,cap,20000
p18025,bin1,cost,107.66
p18025,bin1,cap,1000
p18025,bin2,cost,331.26
p18025,bin2,cap,2000
p18025,bin3,cost,3312.63
p18025,bin3,cap,20000
p18027,bin1,cost,107.66
p18027,bin1,cap,1000
p18027,bin2,cost,331.26
p18027,bin2,cap,2000
p18027,bin3,cost,3312.63
p18027,bin3,cap,20000
p18029,bin1,cost,107.66
p18029,bin1,cap,1000
p18029,bin2,cost,331.26
p18029,bin2,cap,2000
p18029,bin3,cost,3312.63
p18029,bin3,cap,20000
p18031,bin1,cost,107.66
p18031,bin1,cap,1000
p18031,bin2,cost,331.26
p18031,bin2,cap,2000
p18031,bin3,cost,3312.63
p18031,bin3,cap,20000
p18033,bin1,cost,107.66
p18033,bin1,cap,1000
p18033,bin2,cost,331.26
p18033,bin2,cap,2000
p18033,bin3,cost,3312.63
p18033,bin3,cap,20000
p18035,bin1,cost,107.66
p18035,bin1,cap,1000
p18035,bin2,cost,331.26
p18035,bin2,cap,2000
p18035,bin3,cost,3312.63
p18035,bin3,cap,20000
p18037,bin1,cost,107.66
p18037,bin1,cap,1000
p18037,bin2,cost,331.26
p18037,bin2,cap,2000
p18037,bin3,cost,3312.63
p18037,bin3,cap,20000
p18039,bin1,cost,107.66
p18039,bin1,cap,1000
p18039,bin2,cost,331.26
p18039,bin2,cap,2000
p18039,bin3,cost,3312.63
p18039,bin3,cap,20000
p18041,bin1,cost,107.66
p18041,bin1,cap,1000
p18041,bin2,cost,331.26
p18041,bin2,cap,2000
p18041,bin3,cost,3312.63
p18041,bin3,cap,20000
p18043,bin1,cost,107.66
p18043,bin1,cap,1000
p18043,bin2,cost,331.26
p18043,bin2,cap,2000
p18043,bin3,cost,3312.63
p18043,bin3,cap,20000
p18045,bin1,cost,107.66
p18045,bin1,cap,1000
p18045,bin2,cost,331.26
p18045,bin2,cap,2000
p18045,bin3,cost,3312.63
p18045,bin3,cap,20000
p18047,bin1,cost,107.66
p18047,bin1,cap,1000
p18047,bin2,cost,331.26
p18047,bin2,cap,2000
p18047,bin3,cost,3312.63
p18047,bin3,cap,20000
p18049,bin1,cost,107.66
p18049,bin1,cap,1000
p18049,bin2,cost,331.26
p18049,bin2,cap,2000
p18049,bin3,cost,3312.63
p18049,bin3,cap,20000
p18051,bin1,cost,107.66
p18051,bin1,cap,1000
p18051,bin2,cost,331.26
p18051,bin2,cap,2000
p18051,bin3,cost,3312.63
p18051,bin3,cap,20000
p18053,bin1,cost,107.66
p18053,bin1,cap,1000
p18053,bin2,cost,331.26
p18053,bin2,cap,2000
p18053,bin3,cost,3312.63
p18053,bin3,cap,20000
p18055,bin1,cost,107.66
p18055,bin1,cap,1000
p18055,bin2,cost,331.26
p18055,bin2,cap,2000
p18055,bin3,cost,3312.63
p18055,bin3,cap,20000
p18057,bin1,cost,107.66
p18057,bin1,cap,1000
p18057,bin2,cost,331.26
p18057,bin2,cap,2000
p18057,bin3,cost,3312.63
p18057,bin3,cap,20000
p18059,bin1,cost,107.66
p18059,bin1,cap,1000
p18059,bin2,cost,331.26
p18059,bin2,cap,2000
p18059,bin3,cost,3312.63
p18059,bin3,cap,20000
p18061,bin1,cost,107.66
p18061,bin1,cap,1000
p18061,bin2,cost,331.26
p18061,bin2,cap,2000
p18061,bin3,cost,3312.63
p18061,bin3,cap,20000
p18063,bin1,cost,107.66
p18063,bin1,cap,1000
p18063,bin2,cost,331.26
p18063,bin2,cap,2000
p18063,bin3,cost,3312.63
p18063,bin3,cap,20000
p18065,bin1,cost,107.66
p18065,bin1,cap,1000
p18065,bin2,cost,331.26
p18065,bin2,cap,2000
p18065,bin3,cost,3312.63
p18065,bin3,cap,20000
p18067,bin1,cost,107.66
p18067,bin1,cap,1000
p18067,bin2,cost,331.26
p18067,bin2,cap,2000
p18067,bin3,cost,3312.63
p18067,bin3,cap,20000
p18069,bin1,cost,107.66
p18069,bin1,cap,1000
p18069,bin2,cost,331.26
p18069,bin2,cap,2000
p18069,bin3,cost,3312.63
p18069,bin3,cap,20000
p18071,bin1,cost,107.66
p18071,bin1,cap,1000
p18071,bin2,cost,331.26
p18071,bin2,cap,2000
p18071,bin3,cost,3312.63
p18071,bin3,cap,20000
p18073,bin1,cost,107.66
p18073,bin1,cap,1000
p18073,bin2,cost,331.26
p18073,bin2,cap,2000
p18073,bin3,cost,3312.63
p18073,bin3,cap,20000
p18075,bin1,cost,107.66
p18075,bin1,cap,1000
p18075,bin2,cost,331.26
p18075,bin2,cap,2000
p18075,bin3,cost,3312.63
p18075,bin3,cap,20000
p18077,bin1,cost,107.66
p18077,bin1,cap,1000
p18077,bin2,cost,331.26
p18077,bin2,cap,2000
p18077,bin3,cost,3312.63
p18077,bin3,cap,20000
p18079,bin1,cost,107.66
p18079,bin1,cap,1000
p18079,bin2,cost,331.26
p18079,bin2,cap,2000
p18079,bin3,cost,3312.63
p18079,bin3,cap,20000
p18081,bin1,cost,107.66
p18081,bin1,cap,1000
p18081,bin2,cost,331.26
p18081,bin2,cap,2000
p18081,bin3,cost,3312.63
p18081,bin3,cap,20000
p18083,bin1,cost,107.66
p18083,bin1,cap,1000
p18083,bin2,cost,331.26
p18083,bin2,cap,2000
p18083,bin3,cost,3312.63
p18083,bin3,cap,20000
p18085,bin1,cost,107.66
p18085,bin1,cap,1000
p18085,bin2,cost,331.26
p18085,bin2,cap,2000
p18085,bin3,cost,3312.63
p18085,bin3,cap,20000
p18087,bin1,cost,107.66
p18087,bin1,cap,1000
p18087,bin2,cost,331.26
p18087,bin2,cap,2000
p18087,bin3,cost,3312.63
p18087,bin3,cap,20000
p18089,bin1,cost,107.66
p18089,bin1,cap,1000
p18089,bin2,cost,331.26
p18089,bin2,cap,2000
p18089,bin3,cost,3312.63
p18089,bin3,cap,20000
p18091,bin1,cost,107.66
p18091,bin1,cap,1000
p18091,bin2,cost,331.26
p18091,bin2,cap,2000
p18091,bin3,cost,3312.63
p18091,bin3,cap,20000
p18093,bin1,cost,107.66
p18093,bin1,cap,1000
p18093,bin2,cost,331.26
p18093,bin2,cap,2000
p18093,bin3,cost,3312.63
p18093,bin3,cap,20000
p18095,bin1,cost,107.66
p18095,bin1,cap,1000
p18095,bin2,cost,331.26
p18095,bin2,cap,2000
p18095,bin3,cost,3312.63
p18095,bin3,cap,20000
p18097,bin1,cost,107.66
p18097,bin1,cap,1000
p18097,bin2,cost,331.26
p18097,bin2,cap,2000
p18097,bin3,cost,3312.63
p18097,bin3,cap,20000
p18099,bin1,cost,107.66
p18099,bin1,cap,1000
p18099,bin2,cost,331.26
p18099,bin2,cap,2000
p18099,bin3,cost,3312.63
p18099,bin3,cap,20000
p18101,bin1,cost,107.66
p18101,bin1,cap,1000
p18101,bin2,cost,331.26
p18101,bin2,cap,2000
p18101,bin3,cost,3312.63
p18101,bin3,cap,20000
p18103,bin1,cost,107.66
p18103,bin1,cap,1000
p18103,bin2,cost,331.26
p18103,bin2,cap,2000
p18103,bin3,cost,3312.63
p18103,bin3,cap,20000
p18105,bin1,cost,107.66
p18105,bin1,cap,1000
p18105,bin2,cost,331.26
p18105,bin2,cap,2000
p18105,bin3,cost,3312.63
p18105,bin3,cap,20000
p18107,bin1,cost,107.66
p18107,bin1,cap,1000
p18107,bin2,cost,331.26
p18107,bin2,cap,2000
p18107,bin3,cost,3312.63
p18107,bin3,cap,20000
p18109,bin1,cost,107.66
p18109,bin1,cap,1000
p18109,bin2,cost,331.26
p18109,bin2,cap,2000
p18109,bin3,cost,3312.63
p18109,bin3,cap,20000
p18111,bin1,cost,107.66
p18111,bin1,cap,1000
p18111,bin2,cost,331.26
p18111,bin2,cap,2000
p18111,bin3,cost,3312.63
p18111,bin3,cap,20000
p18113,bin1,cost,107.66
p18113,bin1,cap,1000
p18113,bin2,cost,331.26
p18113,bin2,cap,2000
p18113,bin3,cost,3312.63
p18113,bin3,cap,20000
p18115,bin1,cost,107.66
p18115,bin1,cap,1000
p18115,bin2,cost,331.26
p18115,bin2,cap,2000
p18115,bin3,cost,3312.63
p18115,bin3,cap,20000
p18117,bin1,cost,107.66
p18117,bin1,cap,1000
p18117,bin2,cost,331.26
p18117,bin2,cap,2000
p18117,bin3,cost,3312.63
p18117,bin3,cap,20000
p18119,bin1,cost,107.66
p18119,bin1,cap,1000
p18119,bin2,cost,331.26
p18119,bin2,cap,2000
p18119,bin3,cost,3312.63
p18119,bin3,cap,20000
p18121,bin1,cost,107.66
p18121,bin1,cap,1000
p18121,bin2,cost,331.26
p18121,bin2,cap,2000
p18121,bin3,cost,3312.63
p18121,bin3,cap,20000
p18123,bin1,cost,107.66
p18123,bin1,cap,1000
p18123,bin2,cost,331.26
p18123,bin2,cap,2000
p18123,bin3,cost,3312.63
p18123,bin3,cap,20000
p18125,bin1,cost,107.66
p18125,bin1,cap,1000
p18125,bin2,cost,331.26
p18125,bin2,cap,2000
p18125,bin3,cost,3312.63
p18125,bin3,cap,20000
p18127,bin1,cost,107.66
p18127,bin1,cap,1000
p18127,bin2,cost,331.26
p18127,bin2,cap,2000
p18127,bin3,cost,3312.63
p18127,bin3,cap,20000
p18129,bin1,cost,107.66
p18129,bin1,cap,1000
p18129,bin2,cost,331.26
p18129,bin2,cap,2000
p18129,bin3,cost,3312.63
p18129,bin3,cap,20000
p18131,bin1,cost,107.66
p18131,bin1,cap,1000
p18131,bin2,cost,331.26
p18131,bin2,cap,2000
p18131,bin3,cost,3312.63
p18131,bin3,cap,20000
p18133,bin1,cost,107.66
p18133,bin1,cap,1000
p18133,bin2,cost,331.26
p18133,bin2,cap,2000
p18133,bin3,cost,3312.63
p18133,bin3,cap,20000
p18135,bin1,cost,107.66
p18135,bin1,cap,1000
p18135,bin2,cost,331.26
p18135,bin2,cap,2000
p18135,bin3,cost,3312.63
p18135,bin3,cap,20000
p18137,bin1,cost,107.66
p18137,bin1,cap,1000
p18137,bin2,cost,331.26
p18137,bin2,cap,2000
p18137,bin3,cost,3312.63
p18137,bin3,cap,20000
p18139,bin1,cost,107.66
p18139,bin1,cap,1000
p18139,bin2,cost,331.26
p18139,bin2,cap,2000
p18139,bin3,cost,3312.63
p18139,bin3,cap,20000
p18141,bin1,cost,107.66
p18141,bin1,cap,1000
p18141,bin2,cost,331.26
p18141,bin2,cap,2000
p18141,bin3,cost,3312.63
p18141,bin3,cap,20000
p18143,bin1,cost,107.66
p18143,bin1,cap,1000
p18143,bin2,cost,331.26
p18143,bin2,cap,2000
p18143,bin3,cost,3312.63
p18143,bin3,cap,20000
p18145,bin1,cost,107.66
p18145,bin1,cap,1000
p18145,bin2,cost,331.26
p18145,bin2,cap,2000
p18145,bin3,cost,3312.63
p18145,bin3,cap,20000
p18147,bin1,cost,107.66
p18147,bin1,cap,1000
p18147,bin2,cost,331.26
p18147,bin2,cap,2000
p18147,bin3,cost,3312.63
p18147,bin3,cap,20000
p18149,bin1,cost,107.66
p18149,bin1,cap,1000
p18149,bin2,cost,331.26
p18149,bin2,cap,2000
p18149,bin3,cost,3312.63
p18149,bin3,cap,20000
p18151,bin1,cost,107.66
p18151,bin1,cap,1000
p18151,bin2,cost,331.26
p18151,bin2,cap,2000
p18151,bin3,cost,3312.63
p18151,bin3,cap,20000
p18153,bin1,cost,107.66
p18153,bin1,cap,1000
p18153,bin2,cost,331.26
p18153,bin2,cap,2000
p18153,bin3,cost,3312.63
p18153,bin3,cap,20000
p18155,bin1,cost,107.66
p18155,bin1,cap,1000
p18155,bin2,cost,331.26
p18155,bin2,cap,2000
p18155,bin3,cost,3312.63
p18155,bin3,cap,20000
p18157,bin1,cost,107.66
p18157,bin1,cap,1000
p18157,bin2,cost,331.26
p18157,bin2,cap,2000
p18157,bin3,cost,3312.63
p18157,bin3,cap,20000
p18159,bin1,cost,107.66
p18159,bin1,cap,1000
p18159,bin2,cost,331.26
p18159,bin2,cap,2000
p18159,bin3,cost,3312.63
p18159,bin3,cap,20000
p18161,bin1,cost,107.66
p18161,bin1,cap,1000
p18161,bin2,cost,331.26
p18161,bin2,cap,2000
p18161,bin3,cost,3312.63
p18161,bin3,cap,20000
p18163,bin1,cost,107.66
p18163,bin1,cap,1000
p18163,bin2,cost,331.26
p18163,bin2,cap,2000
p18163,bin3,cost,3312.63
p18163,bin3,cap,20000
p18165,bin1,cost,107.66
p18165,bin1,cap,1000
p18165,bin2,cost,331.26
p18165,bin2,cap,2000
p18165,bin3,cost,3312.63
p18165,bin3,cap,20000
p18167,bin1,cost,107.66
p18167,bin1,cap,1000
p18167,bin2,cost,331.26
p18167,bin2,cap,2000
p18167,bin3,cost,3312.63
p18167,bin3,cap,20000
p18169,bin1,cost,107.66
p18169,bin1,cap,1000
p18169,bin2,cost,331.26
p18169,bin2,cap,2000
p18169,bin3,cost,3312.63
p18169,bin3,cap,20000
p18171,bin1,cost,107.66
p18171,bin1,cap,1000
p18171,bin2,cost,331.26
p18171,bin2,cap,2000
p18171,bin3,cost,3312.63
p18171,bin3,cap,20000
p18173,bin1,cost,107.66
p18173,bin1,cap,1000
p18173,bin2,cost,331.26
p18173,bin2,cap,2000
p18173,bin3,cost,3312.63
p18173,bin3,cap,20000
p18175,bin1,cost,107.66
p18175,bin1,cap,1000
p18175,bin2,cost,331.26
p18175,bin2,cap,2000
p18175,bin3,cost,3312.63
p18175,bin3,cap,20000
p18177,bin1,cost,107.66
p18177,bin1,cap,1000
p18177,bin2,cost,331.26
p18177,bin2,cap,2000
p18177,bin3,cost,3312.63
p18177,bin3,cap,20000
p18179,bin1,cost,107.66
p18179,bin1,cap,1000
p18179,bin2,cost,331.26
p18179,bin2,cap,2000
p18179,bin3,cost,3312.63
p18179,bin3,cap,20000
p18181,bin1,cost,107.66
p18181,bin1,cap,1000
p18181,bin2,cost,331.26
p18181,bin2,cap,2000
p18181,bin3,cost,3312.63
p18181,bin3,cap,20000
p18183,bin1,cost,107.66
p18183,bin1,cap,1000
p18183,bin2,cost,331.26
p18183,bin2,cap,2000
p18183,bin3,cost,3312.63
p18183,bin3,cap,20000
p19001,bin1,cost,107.66
p19001,bin1,cap,1000
p19001,bin2,cost,331.26
p19001,bin2,cap,2000
p19001,bin3,cost,3312.63
p19001,bin3,cap,20000
p19003,bin1,cost,107.66
p19003,bin1,cap,1000
p19003,bin2,cost,331.26
p19003,bin2,cap,2000
p19003,bin3,cost,3312.63
p19003,bin3,cap,20000
p19005,bin1,cost,107.66
p19005,bin1,cap,1000
p19005,bin2,cost,331.26
p19005,bin2,cap,2000
p19005,bin3,cost,3312.63
p19005,bin3,cap,20000
p19007,bin1,cost,107.66
p19007,bin1,cap,1000
p19007,bin2,cost,331.26
p19007,bin2,cap,2000
p19007,bin3,cost,3312.63
p19007,bin3,cap,20000
p19009,bin1,cost,107.66
p19009,bin1,cap,1000
p19009,bin2,cost,331.26
p19009,bin2,cap,2000
p19009,bin3,cost,3312.63
p19009,bin3,cap,20000
p19011,bin1,cost,107.66
p19011,bin1,cap,1000
p19011,bin2,cost,331.26
p19011,bin2,cap,2000
p19011,bin3,cost,3312.63
p19011,bin3,cap,20000
p19013,bin1,cost,107.66
p19013,bin1,cap,1000
p19013,bin2,cost,331.26
p19013,bin2,cap,2000
p19013,bin3,cost,3312.63
p19013,bin3,cap,20000
p19015,bin1,cost,107.66
p19015,bin1,cap,1000
p19015,bin2,cost,331.26
p19015,bin2,cap,2000
p19015,bin3,cost,3312.63
p19015,bin3,cap,20000
p19017,bin1,cost,107.66
p19017,bin1,cap,1000
p19017,bin2,cost,331.26
p19017,bin2,cap,2000
p19017,bin3,cost,3312.63
p19017,bin3,cap,20000
p19019,bin1,cost,107.66
p19019,bin1,cap,1000
p19019,bin2,cost,331.26
p19019,bin2,cap,2000
p19019,bin3,cost,3312.63
p19019,bin3,cap,20000
p19021,bin1,cost,107.66
p19021,bin1,cap,1000
p19021,bin2,cost,331.26
p19021,bin2,cap,2000
p19021,bin3,cost,3312.63
p19021,bin3,cap,20000
p19023,bin1,cost,107.66
p19023,bin1,cap,1000
p19023,bin2,cost,331.26
p19023,bin2,cap,2000
p19023,bin3,cost,3312.63
p19023,bin3,cap,20000
p19025,bin1,cost,107.66
p19025,bin1,cap,1000
p19025,bin2,cost,331.26
p19025,bin2,cap,2000
p19025,bin3,cost,3312.63
p19025,bin3,cap,20000
p19027,bin1,cost,107.66
p19027,bin1,cap,1000
p19027,bin2,cost,331.26
p19027,bin2,cap,2000
p19027,bin3,cost,3312.63
p19027,bin3,cap,20000
p19029,bin1,cost,107.66
p19029,bin1,cap,1000
p19029,bin2,cost,331.26
p19029,bin2,cap,2000
p19029,bin3,cost,3312.63
p19029,bin3,cap,20000
p19031,bin1,cost,107.66
p19031,bin1,cap,1000
p19031,bin2,cost,331.26
p19031,bin2,cap,2000
p19031,bin3,cost,3312.63
p19031,bin3,cap,20000
p19033,bin1,cost,107.66
p19033,bin1,cap,1000
p19033,bin2,cost,331.26
p19033,bin2,cap,2000
p19033,bin3,cost,3312.63
p19033,bin3,cap,20000
p19035,bin1,cost,107.66
p19035,bin1,cap,1000
p19035,bin2,cost,331.26
p19035,bin2,cap,2000
p19035,bin3,cost,3312.63
p19035,bin3,cap,20000
p19037,bin1,cost,107.66
p19037,bin1,cap,1000
p19037,bin2,cost,331.26
p19037,bin2,cap,2000
p19037,bin3,cost,3312.63
p19037,bin3,cap,20000
p19039,bin1,cost,107.66
p19039,bin1,cap,1000
p19039,bin2,cost,331.26
p19039,bin2,cap,2000
p19039,bin3,cost,3312.63
p19039,bin3,cap,20000
p19041,bin1,cost,107.66
p19041,bin1,cap,1000
p19041,bin2,cost,331.26
p19041,bin2,cap,2000
p19041,bin3,cost,3312.63
p19041,bin3,cap,20000
p19043,bin1,cost,107.66
p19043,bin1,cap,1000
p19043,bin2,cost,331.26
p19043,bin2,cap,2000
p19043,bin3,cost,3312.63
p19043,bin3,cap,20000
p19045,bin1,cost,107.66
p19045,bin1,cap,1000
p19045,bin2,cost,331.26
p19045,bin2,cap,2000
p19045,bin3,cost,3312.63
p19045,bin3,cap,20000
p19047,bin1,cost,107.66
p19047,bin1,cap,1000
p19047,bin2,cost,331.26
p19047,bin2,cap,2000
p19047,bin3,cost,3312.63
p19047,bin3,cap,20000
p19049,bin1,cost,107.66
p19049,bin1,cap,1000
p19049,bin2,cost,331.26
p19049,bin2,cap,2000
p19049,bin3,cost,3312.63
p19049,bin3,cap,20000
p19051,bin1,cost,107.66
p19051,bin1,cap,1000
p19051,bin2,cost,331.26
p19051,bin2,cap,2000
p19051,bin3,cost,3312.63
p19051,bin3,cap,20000
p19053,bin1,cost,107.66
p19053,bin1,cap,1000
p19053,bin2,cost,331.26
p19053,bin2,cap,2000
p19053,bin3,cost,3312.63
p19053,bin3,cap,20000
p19055,bin1,cost,107.66
p19055,bin1,cap,1000
p19055,bin2,cost,331.26
p19055,bin2,cap,2000
p19055,bin3,cost,3312.63
p19055,bin3,cap,20000
p19057,bin1,cost,107.66
p19057,bin1,cap,1000
p19057,bin2,cost,331.26
p19057,bin2,cap,2000
p19057,bin3,cost,3312.63
p19057,bin3,cap,20000
p19059,bin1,cost,107.66
p19059,bin1,cap,1000
p19059,bin2,cost,331.26
p19059,bin2,cap,2000
p19059,bin3,cost,3312.63
p19059,bin3,cap,20000
p19061,bin1,cost,107.66
p19061,bin1,cap,1000
p19061,bin2,cost,331.26
p19061,bin2,cap,2000
p19061,bin3,cost,3312.63
p19061,bin3,cap,20000
p19063,bin1,cost,107.66
p19063,bin1,cap,1000
p19063,bin2,cost,331.26
p19063,bin2,cap,2000
p19063,bin3,cost,3312.63
p19063,bin3,cap,20000
p19065,bin1,cost,107.66
p19065,bin1,cap,1000
p19065,bin2,cost,331.26
p19065,bin2,cap,2000
p19065,bin3,cost,3312.63
p19065,bin3,cap,20000
p19067,bin1,cost,107.66
p19067,bin1,cap,1000
p19067,bin2,cost,331.26
p19067,bin2,cap,2000
p19067,bin3,cost,3312.63
p19067,bin3,cap,20000
p19069,bin1,cost,107.66
p19069,bin1,cap,1000
p19069,bin2,cost,331.26
p19069,bin2,cap,2000
p19069,bin3,cost,3312.63
p19069,bin3,cap,20000
p19071,bin1,cost,107.66
p19071,bin1,cap,1000
p19071,bin2,cost,331.26
p19071,bin2,cap,2000
p19071,bin3,cost,3312.63
p19071,bin3,cap,20000
p19073,bin1,cost,107.66
p19073,bin1,cap,1000
p19073,bin2,cost,331.26
p19073,bin2,cap,2000
p19073,bin3,cost,3312.63
p19073,bin3,cap,20000
p19075,bin1,cost,107.66
p19075,bin1,cap,1000
p19075,bin2,cost,331.26
p19075,bin2,cap,2000
p19075,bin3,cost,3312.63
p19075,bin3,cap,20000
p19077,bin1,cost,107.66
p19077,bin1,cap,1000
p19077,bin2,cost,331.26
p19077,bin2,cap,2000
p19077,bin3,cost,3312.63
p19077,bin3,cap,20000
p19079,bin1,cost,107.66
p19079,bin1,cap,1000
p19079,bin2,cost,331.26
p19079,bin2,cap,2000
p19079,bin3,cost,3312.63
p19079,bin3,cap,20000
p19081,bin1,cost,107.66
p19081,bin1,cap,1000
p19081,bin2,cost,331.26
p19081,bin2,cap,2000
p19081,bin3,cost,3312.63
p19081,bin3,cap,20000
p19083,bin1,cost,107.66
p19083,bin1,cap,1000
p19083,bin2,cost,331.26
p19083,bin2,cap,2000
p19083,bin3,cost,3312.63
p19083,bin3,cap,20000
p19085,bin1,cost,107.66
p19085,bin1,cap,1000
p19085,bin2,cost,331.26
p19085,bin2,cap,2000
p19085,bin3,cost,3312.63
p19085,bin3,cap,20000
p19087,bin1,cost,107.66
p19087,bin1,cap,1000
p19087,bin2,cost,331.26
p19087,bin2,cap,2000
p19087,bin3,cost,3312.63
p19087,bin3,cap,20000
p19089,bin1,cost,107.66
p19089,bin1,cap,1000
p19089,bin2,cost,331.26
p19089,bin2,cap,2000
p19089,bin3,cost,3312.63
p19089,bin3,cap,20000
p19091,bin1,cost,107.66
p19091,bin1,cap,1000
p19091,bin2,cost,331.26
p19091,bin2,cap,2000
p19091,bin3,cost,3312.63
p19091,bin3,cap,20000
p19093,bin1,cost,107.66
p19093,bin1,cap,1000
p19093,bin2,cost,331.26
p19093,bin2,cap,2000
p19093,bin3,cost,3312.63
p19093,bin3,cap,20000
p19095,bin1,cost,107.66
p19095,bin1,cap,1000
p19095,bin2,cost,331.26
p19095,bin2,cap,2000
p19095,bin3,cost,3312.63
p19095,bin3,cap,20000
p19097,bin1,cost,107.66
p19097,bin1,cap,1000
p19097,bin2,cost,331.26
p19097,bin2,cap,2000
p19097,bin3,cost,3312.63
p19097,bin3,cap,20000
p19099,bin1,cost,107.66
p19099,bin1,cap,1000
p19099,bin2,cost,331.26
p19099,bin2,cap,2000
p19099,bin3,cost,3312.63
p19099,bin3,cap,20000
p19101,bin1,cost,107.66
p19101,bin1,cap,1000
p19101,bin2,cost,331.26
p19101,bin2,cap,2000
p19101,bin3,cost,3312.63
p19101,bin3,cap,20000
p19103,bin1,cost,107.66
p19103,bin1,cap,1000
p19103,bin2,cost,331.26
p19103,bin2,cap,2000
p19103,bin3,cost,3312.63
p19103,bin3,cap,20000
p19105,bin1,cost,107.66
p19105,bin1,cap,1000
p19105,bin2,cost,331.26
p19105,bin2,cap,2000
p19105,bin3,cost,3312.63
p19105,bin3,cap,20000
p19107,bin1,cost,107.66
p19107,bin1,cap,1000
p19107,bin2,cost,331.26
p19107,bin2,cap,2000
p19107,bin3,cost,3312.63
p19107,bin3,cap,20000
p19109,bin1,cost,107.66
p19109,bin1,cap,1000
p19109,bin2,cost,331.26
p19109,bin2,cap,2000
p19109,bin3,cost,3312.63
p19109,bin3,cap,20000
p19111,bin1,cost,107.66
p19111,bin1,cap,1000
p19111,bin2,cost,331.26
p19111,bin2,cap,2000
p19111,bin3,cost,3312.63
p19111,bin3,cap,20000
p19113,bin1,cost,107.66
p19113,bin1,cap,1000
p19113,bin2,cost,331.26
p19113,bin2,cap,2000
p19113,bin3,cost,3312.63
p19113,bin3,cap,20000
p19115,bin1,cost,107.66
p19115,bin1,cap,1000
p19115,bin2,cost,331.26
p19115,bin2,cap,2000
p19115,bin3,cost,3312.63
p19115,bin3,cap,20000
p19117,bin1,cost,107.66
p19117,bin1,cap,1000
p19117,bin2,cost,331.26
p19117,bin2,cap,2000
p19117,bin3,cost,3312.63
p19117,bin3,cap,20000
p19119,bin1,cost,107.66
p19119,bin1,cap,1000
p19119,bin2,cost,331.26
p19119,bin2,cap,2000
p19119,bin3,cost,3312.63
p19119,bin3,cap,20000
p19121,bin1,cost,107.66
p19121,bin1,cap,1000
p19121,bin2,cost,331.26
p19121,bin2,cap,2000
p19121,bin3,cost,3312.63
p19121,bin3,cap,20000
p19123,bin1,cost,107.66
p19123,bin1,cap,1000
p19123,bin2,cost,331.26
p19123,bin2,cap,2000
p19123,bin3,cost,3312.63
p19123,bin3,cap,20000
p19125,bin1,cost,107.66
p19125,bin1,cap,1000
p19125,bin2,cost,331.26
p19125,bin2,cap,2000
p19125,bin3,cost,3312.63
p19125,bin3,cap,20000
p19127,bin1,cost,107.66
p19127,bin1,cap,1000
p19127,bin2,cost,331.26
p19127,bin2,cap,2000
p19127,bin3,cost,3312.63
p19127,bin3,cap,20000
p19129,bin1,cost,107.66
p19129,bin1,cap,1000
p19129,bin2,cost,331.26
p19129,bin2,cap,2000
p19129,bin3,cost,3312.63
p19129,bin3,cap,20000
p19131,bin1,cost,107.66
p19131,bin1,cap,1000
p19131,bin2,cost,331.26
p19131,bin2,cap,2000
p19131,bin3,cost,3312.63
p19131,bin3,cap,20000
p19133,bin1,cost,107.66
p19133,bin1,cap,1000
p19133,bin2,cost,331.26
p19133,bin2,cap,2000
p19133,bin3,cost,3312.63
p19133,bin3,cap,20000
p19135,bin1,cost,107.66
p19135,bin1,cap,1000
p19135,bin2,cost,331.26
p19135,bin2,cap,2000
p19135,bin3,cost,3312.63
p19135,bin3,cap,20000
p19137,bin1,cost,107.66
p19137,bin1,cap,1000
p19137,bin2,cost,331.26
p19137,bin2,cap,2000
p19137,bin3,cost,3312.63
p19137,bin3,cap,20000
p19139,bin1,cost,107.66
p19139,bin1,cap,1000
p19139,bin2,cost,331.26
p19139,bin2,cap,2000
p19139,bin3,cost,3312.63
p19139,bin3,cap,20000
p19141,bin1,cost,107.66
p19141,bin1,cap,1000
p19141,bin2,cost,331.26
p19141,bin2,cap,2000
p19141,bin3,cost,3312.63
p19141,bin3,cap,20000
p19143,bin1,cost,107.66
p19143,bin1,cap,1000
p19143,bin2,cost,331.26
p19143,bin2,cap,2000
p19143,bin3,cost,3312.63
p19143,bin3,cap,20000
p19145,bin1,cost,107.66
p19145,bin1,cap,1000
p19145,bin2,cost,331.26
p19145,bin2,cap,2000
p19145,bin3,cost,3312.63
p19145,bin3,cap,20000
p19147,bin1,cost,107.66
p19147,bin1,cap,1000
p19147,bin2,cost,331.26
p19147,bin2,cap,2000
p19147,bin3,cost,3312.63
p19147,bin3,cap,20000
p19149,bin1,cost,107.66
p19149,bin1,cap,1000
p19149,bin2,cost,331.26
p19149,bin2,cap,2000
p19149,bin3,cost,3312.63
p19149,bin3,cap,20000
p19151,bin1,cost,107.66
p19151,bin1,cap,1000
p19151,bin2,cost,331.26
p19151,bin2,cap,2000
p19151,bin3,cost,3312.63
p19151,bin3,cap,20000
p19153,bin1,cost,107.66
p19153,bin1,cap,1000
p19153,bin2,cost,331.26
p19153,bin2,cap,2000
p19153,bin3,cost,3312.63
p19153,bin3,cap,20000
p19155,bin1,cost,107.66
p19155,bin1,cap,1000
p19155,bin2,cost,331.26
p19155,bin2,cap,2000
p19155,bin3,cost,3312.63
p19155,bin3,cap,20000
p19157,bin1,cost,107.66
p19157,bin1,cap,1000
p19157,bin2,cost,331.26
p19157,bin2,cap,2000
p19157,bin3,cost,3312.63
p19157,bin3,cap,20000
p19159,bin1,cost,107.66
p19159,bin1,cap,1000
p19159,bin2,cost,331.26
p19159,bin2,cap,2000
p19159,bin3,cost,3312.63
p19159,bin3,cap,20000
p19161,bin1,cost,107.66
p19161,bin1,cap,1000
p19161,bin2,cost,331.26
p19161,bin2,cap,2000
p19161,bin3,cost,3312.63
p19161,bin3,cap,20000
p19163,bin1,cost,107.66
p19163,bin1,cap,1000
p19163,bin2,cost,331.26
p19163,bin2,cap,2000
p19163,bin3,cost,3312.63
p19163,bin3,cap,20000
p19165,bin1,cost,107.66
p19165,bin1,cap,1000
p19165,bin2,cost,331.26
p19165,bin2,cap,2000
p19165,bin3,cost,3312.63
p19165,bin3,cap,20000
p19167,bin1,cost,107.66
p19167,bin1,cap,1000
p19167,bin2,cost,331.26
p19167,bin2,cap,2000
p19167,bin3,cost,3312.63
p19167,bin3,cap,20000
p19169,bin1,cost,107.66
p19169,bin1,cap,1000
p19169,bin2,cost,331.26
p19169,bin2,cap,2000
p19169,bin3,cost,3312.63
p19169,bin3,cap,20000
p19171,bin1,cost,107.66
p19171,bin1,cap,1000
p19171,bin2,cost,331.26
p19171,bin2,cap,2000
p19171,bin3,cost,3312.63
p19171,bin3,cap,20000
p19173,bin1,cost,107.66
p19173,bin1,cap,1000
p19173,bin2,cost,331.26
p19173,bin2,cap,2000
p19173,bin3,cost,3312.63
p19173,bin3,cap,20000
p19175,bin1,cost,107.66
p19175,bin1,cap,1000
p19175,bin2,cost,331.26
p19175,bin2,cap,2000
p19175,bin3,cost,3312.63
p19175,bin3,cap,20000
p19177,bin1,cost,107.66
p19177,bin1,cap,1000
p19177,bin2,cost,331.26
p19177,bin2,cap,2000
p19177,bin3,cost,3312.63
p19177,bin3,cap,20000
p19179,bin1,cost,107.66
p19179,bin1,cap,1000
p19179,bin2,cost,331.26
p19179,bin2,cap,2000
p19179,bin3,cost,3312.63
p19179,bin3,cap,20000
p19181,bin1,cost,107.66
p19181,bin1,cap,1000
p19181,bin2,cost,331.26
p19181,bin2,cap,2000
p19181,bin3,cost,3312.63
p19181,bin3,cap,20000
p19183,bin1,cost,107.66
p19183,bin1,cap,1000
p19183,bin2,cost,331.26
p19183,bin2,cap,2000
p19183,bin3,cost,3312.63
p19183,bin3,cap,20000
p19185,bin1,cost,107.66
p19185,bin1,cap,1000
p19185,bin2,cost,331.26
p19185,bin2,cap,2000
p19185,bin3,cost,3312.63
p19185,bin3,cap,20000
p19187,bin1,cost,107.66
p19187,bin1,cap,1000
p19187,bin2,cost,331.26
p19187,bin2,cap,2000
p19187,bin3,cost,3312.63
p19187,bin3,cap,20000
p19189,bin1,cost,107.66
p19189,bin1,cap,1000
p19189,bin2,cost,331.26
p19189,bin2,cap,2000
p19189,bin3,cost,3312.63
p19189,bin3,cap,20000
p19191,bin1,cost,107.66
p19191,bin1,cap,1000
p19191,bin2,cost,331.26
p19191,bin2,cap,2000
p19191,bin3,cost,3312.63
p19191,bin3,cap,20000
p19193,bin1,cost,107.66
p19193,bin1,cap,1000
p19193,bin2,cost,331.26
p19193,bin2,cap,2000
p19193,bin3,cost,3312.63
p19193,bin3,cap,20000
p19195,bin1,cost,107.66
p19195,bin1,cap,1000
p19195,bin2,cost,331.26
p19195,bin2,cap,2000
p19195,bin3,cost,3312.63
p19195,bin3,cap,20000
p19197,bin1,cost,107.66
p19197,bin1,cap,1000
p19197,bin2,cost,331.26
p19197,bin2,cap,2000
p19197,bin3,cost,3312.63
p19197,bin3,cap,20000
p21001,bin1,cost,107.66
p21001,bin1,cap,1000
p21001,bin2,cost,331.26
p21001,bin2,cap,2000
p21001,bin3,cost,3312.63
p21001,bin3,cap,20000
p21003,bin1,cost,107.66
p21003,bin1,cap,1000
p21003,bin2,cost,331.26
p21003,bin2,cap,2000
p21003,bin3,cost,3312.63
p21003,bin3,cap,20000
p21005,bin1,cost,107.66
p21005,bin1,cap,1000
p21005,bin2,cost,331.26
p21005,bin2,cap,2000
p21005,bin3,cost,3312.63
p21005,bin3,cap,20000
p21007,bin1,cost,107.66
p21007,bin1,cap,1000
p21007,bin2,cost,331.26
p21007,bin2,cap,2000
p21007,bin3,cost,3312.63
p21007,bin3,cap,20000
p21009,bin1,cost,107.66
p21009,bin1,cap,1000
p21009,bin2,cost,331.26
p21009,bin2,cap,2000
p21009,bin3,cost,3312.63
p21009,bin3,cap,20000
p21011,bin1,cost,107.66
p21011,bin1,cap,1000
p21011,bin2,cost,331.26
p21011,bin2,cap,2000
p21011,bin3,cost,3312.63
p21011,bin3,cap,20000
p21013,bin1,cost,107.66
p21013,bin1,cap,1000
p21013,bin2,cost,331.26
p21013,bin2,cap,2000
p21013,bin3,cost,3312.63
p21013,bin3,cap,20000
p21015,bin1,cost,107.66
p21015,bin1,cap,1000
p21015,bin2,cost,331.26
p21015,bin2,cap,2000
p21015,bin3,cost,3312.63
p21015,bin3,cap,20000
p21017,bin1,cost,107.66
p21017,bin1,cap,1000
p21017,bin2,cost,331.26
p21017,bin2,cap,2000
p21017,bin3,cost,3312.63
p21017,bin3,cap,20000
p21019,bin1,cost,107.66
p21019,bin1,cap,1000
p21019,bin2,cost,331.26
p21019,bin2,cap,2000
p21019,bin3,cost,3312.63
p21019,bin3,cap,20000
p21021,bin1,cost,107.66
p21021,bin1,cap,1000
p21021,bin2,cost,331.26
p21021,bin2,cap,2000
p21021,bin3,cost,3312.63
p21021,bin3,cap,20000
p21023,bin1,cost,107.66
p21023,bin1,cap,1000
p21023,bin2,cost,331.26
p21023,bin2,cap,2000
p21023,bin3,cost,3312.63
p21023,bin3,cap,20000
p21025,bin1,cost,107.66
p21025,bin1,cap,1000
p21025,bin2,cost,331.26
p21025,bin2,cap,2000
p21025,bin3,cost,3312.63
p21025,bin3,cap,20000
p21027,bin1,cost,107.66
p21027,bin1,cap,1000
p21027,bin2,cost,331.26
p21027,bin2,cap,2000
p21027,bin3,cost,3312.63
p21027,bin3,cap,20000
p21029,bin1,cost,107.66
p21029,bin1,cap,1000
p21029,bin2,cost,331.26
p21029,bin2,cap,2000
p21029,bin3,cost,3312.63
p21029,bin3,cap,20000
p21031,bin1,cost,107.66
p21031,bin1,cap,1000
p21031,bin2,cost,331.26
p21031,bin2,cap,2000
p21031,bin3,cost,3312.63
p21031,bin3,cap,20000
p21033,bin1,cost,107.66
p21033,bin1,cap,1000
p21033,bin2,cost,331.26
p21033,bin2,cap,2000
p21033,bin3,cost,3312.63
p21033,bin3,cap,20000
p21035,bin1,cost,107.66
p21035,bin1,cap,1000
p21035,bin2,cost,331.26
p21035,bin2,cap,2000
p21035,bin3,cost,3312.63
p21035,bin3,cap,20000
p21037,bin1,cost,107.66
p21037,bin1,cap,1000
p21037,bin2,cost,331.26
p21037,bin2,cap,2000
p21037,bin3,cost,3312.63
p21037,bin3,cap,20000
p21039,bin1,cost,107.66
p21039,bin1,cap,1000
p21039,bin2,cost,331.26
p21039,bin2,cap,2000
p21039,bin3,cost,3312.63
p21039,bin3,cap,20000
p21041,bin1,cost,107.66
p21041,bin1,cap,1000
p21041,bin2,cost,331.26
p21041,bin2,cap,2000
p21041,bin3,cost,3312.63
p21041,bin3,cap,20000
p21043,bin1,cost,107.66
p21043,bin1,cap,1000
p21043,bin2,cost,331.26
p21043,bin2,cap,2000
p21043,bin3,cost,3312.63
p21043,bin3,cap,20000
p21045,bin1,cost,107.66
p21045,bin1,cap,1000
p21045,bin2,cost,331.26
p21045,bin2,cap,2000
p21045,bin3,cost,3312.63
p21045,bin3,cap,20000
p21047,bin1,cost,107.66
p21047,bin1,cap,1000
p21047,bin2,cost,331.26
p21047,bin2,cap,2000
p21047,bin3,cost,3312.63
p21047,bin3,cap,20000
p21049,bin1,cost,107.66
p21049,bin1,cap,1000
p21049,bin2,cost,331.26
p21049,bin2,cap,2000
p21049,bin3,cost,3312.63
p21049,bin3,cap,20000
p21051,bin1,cost,107.66
p21051,bin1,cap,1000
p21051,bin2,cost,331.26
p21051,bin2,cap,2000
p21051,bin3,cost,3312.63
p21051,bin3,cap,20000
p21053,bin1,cost,107.66
p21053,bin1,cap,1000
p21053,bin2,cost,331.26
p21053,bin2,cap,2000
p21053,bin3,cost,3312.63
p21053,bin3,cap,20000
p21055,bin1,cost,107.66
p21055,bin1,cap,1000
p21055,bin2,cost,331.26
p21055,bin2,cap,2000
p21055,bin3,cost,3312.63
p21055,bin3,cap,20000
p21057,bin1,cost,107.66
p21057,bin1,cap,1000
p21057,bin2,cost,331.26
p21057,bin2,cap,2000
p21057,bin3,cost,3312.63
p21057,bin3,cap,20000
p21059,bin1,cost,107.66
p21059,bin1,cap,1000
p21059,bin2,cost,331.26
p21059,bin2,cap,2000
p21059,bin3,cost,3312.63
p21059,bin3,cap,20000
p21061,bin1,cost,107.66
p21061,bin1,cap,1000
p21061,bin2,cost,331.26
p21061,bin2,cap,2000
p21061,bin3,cost,3312.63
p21061,bin3,cap,20000
p21063,bin1,cost,107.66
p21063,bin1,cap,1000
p21063,bin2,cost,331.26
p21063,bin2,cap,2000
p21063,bin3,cost,3312.63
p21063,bin3,cap,20000
p21065,bin1,cost,107.66
p21065,bin1,cap,1000
p21065,bin2,cost,331.26
p21065,bin2,cap,2000
p21065,bin3,cost,3312.63
p21065,bin3,cap,20000
p21067,bin1,cost,107.66
p21067,bin1,cap,1000
p21067,bin2,cost,331.26
p21067,bin2,cap,2000
p21067,bin3,cost,3312.63
p21067,bin3,cap,20000
p21069,bin1,cost,107.66
p21069,bin1,cap,1000
p21069,bin2,cost,331.26
p21069,bin2,cap,2000
p21069,bin3,cost,3312.63
p21069,bin3,cap,20000
p21071,bin1,cost,107.66
p21071,bin1,cap,1000
p21071,bin2,cost,331.26
p21071,bin2,cap,2000
p21071,bin3,cost,3312.63
p21071,bin3,cap,20000
p21073,bin1,cost,107.66
p21073,bin1,cap,1000
p21073,bin2,cost,331.26
p21073,bin2,cap,2000
p21073,bin3,cost,3312.63
p21073,bin3,cap,20000
p21075,bin1,cost,107.66
p21075,bin1,cap,1000
p21075,bin2,cost,331.26
p21075,bin2,cap,2000
p21075,bin3,cost,3312.63
p21075,bin3,cap,20000
p21077,bin1,cost,107.66
p21077,bin1,cap,1000
p21077,bin2,cost,331.26
p21077,bin2,cap,2000
p21077,bin3,cost,3312.63
p21077,bin3,cap,20000
p21079,bin1,cost,107.66
p21079,bin1,cap,1000
p21079,bin2,cost,331.26
p21079,bin2,cap,2000
p21079,bin3,cost,3312.63
p21079,bin3,cap,20000
p21081,bin1,cost,107.66
p21081,bin1,cap,1000
p21081,bin2,cost,331.26
p21081,bin2,cap,2000
p21081,bin3,cost,3312.63
p21081,bin3,cap,20000
p21083,bin1,cost,107.66
p21083,bin1,cap,1000
p21083,bin2,cost,331.26
p21083,bin2,cap,2000
p21083,bin3,cost,3312.63
p21083,bin3,cap,20000
p21085,bin1,cost,107.66
p21085,bin1,cap,1000
p21085,bin2,cost,331.26
p21085,bin2,cap,2000
p21085,bin3,cost,3312.63
p21085,bin3,cap,20000
p21087,bin1,cost,107.66
p21087,bin1,cap,1000
p21087,bin2,cost,331.26
p21087,bin2,cap,2000
p21087,bin3,cost,3312.63
p21087,bin3,cap,20000
p21089,bin1,cost,107.66
p21089,bin1,cap,1000
p21089,bin2,cost,331.26
p21089,bin2,cap,2000
p21089,bin3,cost,3312.63
p21089,bin3,cap,20000
p21091,bin1,cost,107.66
p21091,bin1,cap,1000
p21091,bin2,cost,331.26
p21091,bin2,cap,2000
p21091,bin3,cost,3312.63
p21091,bin3,cap,20000
p21093,bin1,cost,107.66
p21093,bin1,cap,1000
p21093,bin2,cost,331.26
p21093,bin2,cap,2000
p21093,bin3,cost,3312.63
p21093,bin3,cap,20000
p21095,bin1,cost,107.66
p21095,bin1,cap,1000
p21095,bin2,cost,331.26
p21095,bin2,cap,2000
p21095,bin3,cost,3312.63
p21095,bin3,cap,20000
p21097,bin1,cost,107.66
p21097,bin1,cap,1000
p21097,bin2,cost,331.26
p21097,bin2,cap,2000
p21097,bin3,cost,3312.63
p21097,bin3,cap,20000
p21099,bin1,cost,107.66
p21099,bin1,cap,1000
p21099,bin2,cost,331.26
p21099,bin2,cap,2000
p21099,bin3,cost,3312.63
p21099,bin3,cap,20000
p21101,bin1,cost,107.66
p21101,bin1,cap,1000
p21101,bin2,cost,331.26
p21101,bin2,cap,2000
p21101,bin3,cost,3312.63
p21101,bin3,cap,20000
p21103,bin1,cost,107.66
p21103,bin1,cap,1000
p21103,bin2,cost,331.26
p21103,bin2,cap,2000
p21103,bin3,cost,3312.63
p21103,bin3,cap,20000
p21105,bin1,cost,107.66
p21105,bin1,cap,1000
p21105,bin2,cost,331.26
p21105,bin2,cap,2000
p21105,bin3,cost,3312.63
p21105,bin3,cap,20000
p21107,bin1,cost,107.66
p21107,bin1,cap,1000
p21107,bin2,cost,331.26
p21107,bin2,cap,2000
p21107,bin3,cost,3312.63
p21107,bin3,cap,20000
p21109,bin1,cost,107.66
p21109,bin1,cap,1000
p21109,bin2,cost,331.26
p21109,bin2,cap,2000
p21109,bin3,cost,3312.63
p21109,bin3,cap,20000
p21111,bin1,cost,107.66
p21111,bin1,cap,1000
p21111,bin2,cost,331.26
p21111,bin2,cap,2000
p21111,bin3,cost,3312.63
p21111,bin3,cap,20000
p21113,bin1,cost,107.66
p21113,bin1,cap,1000
p21113,bin2,cost,331.26
p21113,bin2,cap,2000
p21113,bin3,cost,3312.63
p21113,bin3,cap,20000
p21115,bin1,cost,107.66
p21115,bin1,cap,1000
p21115,bin2,cost,331.26
p21115,bin2,cap,2000
p21115,bin3,cost,3312.63
p21115,bin3,cap,20000
p21117,bin1,cost,107.66
p21117,bin1,cap,1000
p21117,bin2,cost,331.26
p21117,bin2,cap,2000
p21117,bin3,cost,3312.63
p21117,bin3,cap,20000
p21119,bin1,cost,107.66
p21119,bin1,cap,1000
p21119,bin2,cost,331.26
p21119,bin2,cap,2000
p21119,bin3,cost,3312.63
p21119,bin3,cap,20000
p21121,bin1,cost,107.66
p21121,bin1,cap,1000
p21121,bin2,cost,331.26
p21121,bin2,cap,2000
p21121,bin3,cost,3312.63
p21121,bin3,cap,20000
p21123,bin1,cost,107.66
p21123,bin1,cap,1000
p21123,bin2,cost,331.26
p21123,bin2,cap,2000
p21123,bin3,cost,3312.63
p21123,bin3,cap,20000
p21125,bin1,cost,107.66
p21125,bin1,cap,1000
p21125,bin2,cost,331.26
p21125,bin2,cap,2000
p21125,bin3,cost,3312.63
p21125,bin3,cap,20000
p21127,bin1,cost,107.66
p21127,bin1,cap,1000
p21127,bin2,cost,331.26
p21127,bin2,cap,2000
p21127,bin3,cost,3312.63
p21127,bin3,cap,20000
p21129,bin1,cost,107.66
p21129,bin1,cap,1000
p21129,bin2,cost,331.26
p21129,bin2,cap,2000
p21129,bin3,cost,3312.63
p21129,bin3,cap,20000
p21131,bin1,cost,107.66
p21131,bin1,cap,1000
p21131,bin2,cost,331.26
p21131,bin2,cap,2000
p21131,bin3,cost,3312.63
p21131,bin3,cap,20000
p21133,bin1,cost,107.66
p21133,bin1,cap,1000
p21133,bin2,cost,331.26
p21133,bin2,cap,2000
p21133,bin3,cost,3312.63
p21133,bin3,cap,20000
p21135,bin1,cost,107.66
p21135,bin1,cap,1000
p21135,bin2,cost,331.26
p21135,bin2,cap,2000
p21135,bin3,cost,3312.63
p21135,bin3,cap,20000
p21137,bin1,cost,107.66
p21137,bin1,cap,1000
p21137,bin2,cost,331.26
p21137,bin2,cap,2000
p21137,bin3,cost,3312.63
p21137,bin3,cap,20000
p21139,bin1,cost,107.66
p21139,bin1,cap,1000
p21139,bin2,cost,331.26
p21139,bin2,cap,2000
p21139,bin3,cost,3312.63
p21139,bin3,cap,20000
p21141,bin1,cost,107.66
p21141,bin1,cap,1000
p21141,bin2,cost,331.26
p21141,bin2,cap,2000
p21141,bin3,cost,3312.63
p21141,bin3,cap,20000
p21143,bin1,cost,107.66
p21143,bin1,cap,1000
p21143,bin2,cost,331.26
p21143,bin2,cap,2000
p21143,bin3,cost,3312.63
p21143,bin3,cap,20000
p21145,bin1,cost,107.66
p21145,bin1,cap,1000
p21145,bin2,cost,331.26
p21145,bin2,cap,2000
p21145,bin3,cost,3312.63
p21145,bin3,cap,20000
p21147,bin1,cost,107.66
p21147,bin1,cap,1000
p21147,bin2,cost,331.26
p21147,bin2,cap,2000
p21147,bin3,cost,3312.63
p21147,bin3,cap,20000
p21149,bin1,cost,107.66
p21149,bin1,cap,1000
p21149,bin2,cost,331.26
p21149,bin2,cap,2000
p21149,bin3,cost,3312.63
p21149,bin3,cap,20000
p21151,bin1,cost,107.66
p21151,bin1,cap,1000
p21151,bin2,cost,331.26
p21151,bin2,cap,2000
p21151,bin3,cost,3312.63
p21151,bin3,cap,20000
p21153,bin1,cost,107.66
p21153,bin1,cap,1000
p21153,bin2,cost,331.26
p21153,bin2,cap,2000
p21153,bin3,cost,3312.63
p21153,bin3,cap,20000
p21155,bin1,cost,107.66
p21155,bin1,cap,1000
p21155,bin2,cost,331.26
p21155,bin2,cap,2000
p21155,bin3,cost,3312.63
p21155,bin3,cap,20000
p21157,bin1,cost,107.66
p21157,bin1,cap,1000
p21157,bin2,cost,331.26
p21157,bin2,cap,2000
p21157,bin3,cost,3312.63
p21157,bin3,cap,20000
p21159,bin1,cost,107.66
p21159,bin1,cap,1000
p21159,bin2,cost,331.26
p21159,bin2,cap,2000
p21159,bin3,cost,3312.63
p21159,bin3,cap,20000
p21161,bin1,cost,107.66
p21161,bin1,cap,1000
p21161,bin2,cost,331.26
p21161,bin2,cap,2000
p21161,bin3,cost,3312.63
p21161,bin3,cap,20000
p21163,bin1,cost,107.66
p21163,bin1,cap,1000
p21163,bin2,cost,331.26
p21163,bin2,cap,2000
p21163,bin3,cost,3312.63
p21163,bin3,cap,20000
p21165,bin1,cost,107.66
p21165,bin1,cap,1000
p21165,bin2,cost,331.26
p21165,bin2,cap,2000
p21165,bin3,cost,3312.63
p21165,bin3,cap,20000
p21167,bin1,cost,107.66
p21167,bin1,cap,1000
p21167,bin2,cost,331.26
p21167,bin2,cap,2000
p21167,bin3,cost,3312.63
p21167,bin3,cap,20000
p21169,bin1,cost,107.66
p21169,bin1,cap,1000
p21169,bin2,cost,331.26
p21169,bin2,cap,2000
p21169,bin3,cost,3312.63
p21169,bin3,cap,20000
p21171,bin1,cost,107.66
p21171,bin1,cap,1000
p21171,bin2,cost,331.26
p21171,bin2,cap,2000
p21171,bin3,cost,3312.63
p21171,bin3,cap,20000
p21173,bin1,cost,107.66
p21173,bin1,cap,1000
p21173,bin2,cost,331.26
p21173,bin2,cap,2000
p21173,bin3,cost,3312.63
p21173,bin3,cap,20000
p21175,bin1,cost,107.66
p21175,bin1,cap,1000
p21175,bin2,cost,331.26
p21175,bin2,cap,2000
p21175,bin3,cost,3312.63
p21175,bin3,cap,20000
p21177,bin1,cost,107.66
p21177,bin1,cap,1000
p21177,bin2,cost,331.26
p21177,bin2,cap,2000
p21177,bin3,cost,3312.63
p21177,bin3,cap,20000
p21179,bin1,cost,107.66
p21179,bin1,cap,1000
p21179,bin2,cost,331.26
p21179,bin2,cap,2000
p21179,bin3,cost,3312.63
p21179,bin3,cap,20000
p21181,bin1,cost,107.66
p21181,bin1,cap,1000
p21181,bin2,cost,331.26
p21181,bin2,cap,2000
p21181,bin3,cost,3312.63
p21181,bin3,cap,20000
p21183,bin1,cost,107.66
p21183,bin1,cap,1000
p21183,bin2,cost,331.26
p21183,bin2,cap,2000
p21183,bin3,cost,3312.63
p21183,bin3,cap,20000
p21185,bin1,cost,107.66
p21185,bin1,cap,1000
p21185,bin2,cost,331.26
p21185,bin2,cap,2000
p21185,bin3,cost,3312.63
p21185,bin3,cap,20000
p21187,bin1,cost,107.66
p21187,bin1,cap,1000
p21187,bin2,cost,331.26
p21187,bin2,cap,2000
p21187,bin3,cost,3312.63
p21187,bin3,cap,20000
p21189,bin1,cost,107.66
p21189,bin1,cap,1000
p21189,bin2,cost,331.26
p21189,bin2,cap,2000
p21189,bin3,cost,3312.63
p21189,bin3,cap,20000
p21191,bin1,cost,107.66
p21191,bin1,cap,1000
p21191,bin2,cost,331.26
p21191,bin2,cap,2000
p21191,bin3,cost,3312.63
p21191,bin3,cap,20000
p21193,bin1,cost,107.66
p21193,bin1,cap,1000
p21193,bin2,cost,331.26
p21193,bin2,cap,2000
p21193,bin3,cost,3312.63
p21193,bin3,cap,20000
p21195,bin1,cost,107.66
p21195,bin1,cap,1000
p21195,bin2,cost,331.26
p21195,bin2,cap,2000
p21195,bin3,cost,3312.63
p21195,bin3,cap,20000
p21197,bin1,cost,107.66
p21197,bin1,cap,1000
p21197,bin2,cost,331.26
p21197,bin2,cap,2000
p21197,bin3,cost,3312.63
p21197,bin3,cap,20000
p21199,bin1,cost,107.66
p21199,bin1,cap,1000
p21199,bin2,cost,331.26
p21199,bin2,cap,2000
p21199,bin3,cost,3312.63
p21199,bin3,cap,20000
p21201,bin1,cost,107.66
p21201,bin1,cap,1000
p21201,bin2,cost,331.26
p21201,bin2,cap,2000
p21201,bin3,cost,3312.63
p21201,bin3,cap,20000
p21203,bin1,cost,107.66
p21203,bin1,cap,1000
p21203,bin2,cost,331.26
p21203,bin2,cap,2000
p21203,bin3,cost,3312.63
p21203,bin3,cap,20000
p21205,bin1,cost,107.66
p21205,bin1,cap,1000
p21205,bin2,cost,331.26
p21205,bin2,cap,2000
p21205,bin3,cost,3312.63
p21205,bin3,cap,20000
p21207,bin1,cost,107.66
p21207,bin1,cap,1000
p21207,bin2,cost,331.26
p21207,bin2,cap,2000
p21207,bin3,cost,3312.63
p21207,bin3,cap,20000
p21209,bin1,cost,107.66
p21209,bin1,cap,1000
p21209,bin2,cost,331.26
p21209,bin2,cap,2000
p21209,bin3,cost,3312.63
p21209,bin3,cap,20000
p21211,bin1,cost,107.66
p21211,bin1,cap,1000
p21211,bin2,cost,331.26
p21211,bin2,cap,2000
p21211,bin3,cost,3312.63
p21211,bin3,cap,20000
p21213,bin1,cost,107.66
p21213,bin1,cap,1000
p21213,bin2,cost,331.26
p21213,bin2,cap,2000
p21213,bin3,cost,3312.63
p21213,bin3,cap,20000
p21215,bin1,cost,107.66
p21215,bin1,cap,1000
p21215,bin2,cost,331.26
p21215,bin2,cap,2000
p21215,bin3,cost,3312.63
p21215,bin3,cap,20000
p21217,bin1,cost,107.66
p21217,bin1,cap,1000
p21217,bin2,cost,331.26
p21217,bin2,cap,2000
p21217,bin3,cost,3312.63
p21217,bin3,cap,20000
p21219,bin1,cost,107.66
p21219,bin1,cap,1000
p21219,bin2,cost,331.26
p21219,bin2,cap,2000
p21219,bin3,cost,3312.63
p21219,bin3,cap,20000
p21221,bin1,cost,107.66
p21221,bin1,cap,1000
p21221,bin2,cost,331.26
p21221,bin2,cap,2000
p21221,bin3,cost,3312.63
p21221,bin3,cap,20000
p21223,bin1,cost,107.66
p21223,bin1,cap,1000
p21223,bin2,cost,331.26
p21223,bin2,cap,2000
p21223,bin3,cost,3312.63
p21223,bin3,cap,20000
p21225,bin1,cost,107.66
p21225,bin1,cap,1000
p21225,bin2,cost,331.26
p21225,bin2,cap,2000
p21225,bin3,cost,3312.63
p21225,bin3,cap,20000
p21227,bin1,cost,107.66
p21227,bin1,cap,1000
p21227,bin2,cost,331.26
p21227,bin2,cap,2000
p21227,bin3,cost,3312.63
p21227,bin3,cap,20000
p21229,bin1,cost,107.66
p21229,bin1,cap,1000
p21229,bin2,cost,331.26
p21229,bin2,cap,2000
p21229,bin3,cost,3312.63
p21229,bin3,cap,20000
p21231,bin1,cost,107.66
p21231,bin1,cap,1000
p21231,bin2,cost,331.26
p21231,bin2,cap,2000
p21231,bin3,cost,3312.63
p21231,bin3,cap,20000
p21233,bin1,cost,107.66
p21233,bin1,cap,1000
p21233,bin2,cost,331.26
p21233,bin2,cap,2000
p21233,bin3,cost,3312.63
p21233,bin3,cap,20000
p21235,bin1,cost,107.66
p21235,bin1,cap,1000
p21235,bin2,cost,331.26
p21235,bin2,cap,2000
p21235,bin3,cost,3312.63
p21235,bin3,cap,20000
p21237,bin1,cost,107.66
p21237,bin1,cap,1000
p21237,bin2,cost,331.26
p21237,bin2,cap,2000
p21237,bin3,cost,3312.63
p21237,bin3,cap,20000
p21239,bin1,cost,107.66
p21239,bin1,cap,1000
p21239,bin2,cost,331.26
p21239,bin2,cap,2000
p21239,bin3,cost,3312.63
p21239,bin3,cap,20000
p24001,bin1,cost,107.66
p24001,bin1,cap,1000
p24001,bin2,cost,331.26
p24001,bin2,cap,2000
p24001,bin3,cost,3312.63
p24001,bin3,cap,20000
p24003,bin1,cost,107.66
p24003,bin1,cap,1000
p24003,bin2,cost,331.26
p24003,bin2,cap,2000
p24003,bin3,cost,3312.63
p24003,bin3,cap,20000
p24005,bin1,cost,107.66
p24005,bin1,cap,1000
p24005,bin2,cost,331.26
p24005,bin2,cap,2000
p24005,bin3,cost,3312.63
p24005,bin3,cap,20000
p24009,bin1,cost,107.66
p24009,bin1,cap,1000
p24009,bin2,cost,331.26
p24009,bin2,cap,2000
p24009,bin3,cost,3312.63
p24009,bin3,cap,20000
p24011,bin1,cost,107.66
p24011,bin1,cap,1000
p24011,bin2,cost,331.26
p24011,bin2,cap,2000
p24011,bin3,cost,3312.63
p24011,bin3,cap,20000
p24013,bin1,cost,107.66
p24013,bin1,cap,1000
p24013,bin2,cost,331.26
p24013,bin2,cap,2000
p24013,bin3,cost,3312.63
p24013,bin3,cap,20000
p24015,bin1,cost,107.66
p24015,bin1,cap,1000
p24015,bin2,cost,331.26
p24015,bin2,cap,2000
p24015,bin3,cost,3312.63
p24015,bin3,cap,20000
p24017,bin1,cost,107.66
p24017,bin1,cap,1000
p24017,bin2,cost,331.26
p24017,bin2,cap,2000
p24017,bin3,cost,3312.63
p24017,bin3,cap,20000
p24019,bin1,cost,107.66
p24019,bin1,cap,1000
p24019,bin2,cost,331.26
p24019,bin2,cap,2000
p24019,bin3,cost,3312.63
p24019,bin3,cap,20000
p24021,bin1,cost,107.66
p24021,bin1,cap,1000
p24021,bin2,cost,331.26
p24021,bin2,cap,2000
p24021,bin3,cost,3312.63
p24021,bin3,cap,20000
p24023,bin1,cost,107.66
p24023,bin1,cap,1000
p24023,bin2,cost,331.26
p24023,bin2,cap,2000
p24023,bin3,cost,3312.63
p24023,bin3,cap,20000
p24025,bin1,cost,107.66
p24025,bin1,cap,1000
p24025,bin2,cost,331.26
p24025,bin2,cap,2000
p24025,bin3,cost,3312.63
p24025,bin3,cap,20000
p24027,bin1,cost,107.66
p24027,bin1,cap,1000
p24027,bin2,cost,331.26
p24027,bin2,cap,2000
p24027,bin3,cost,3312.63
p24027,bin3,cap,20000
p24029,bin1,cost,107.66
p24029,bin1,cap,1000
p24029,bin2,cost,331.26
p24029,bin2,cap,2000
p24029,bin3,cost,3312.63
p24029,bin3,cap,20000
p24031,bin1,cost,107.66
p24031,bin1,cap,1000
p24031,bin2,cost,331.26
p24031,bin2,cap,2000
p24031,bin3,cost,3312.63
p24031,bin3,cap,20000
p24033,bin1,cost,107.66
p24033,bin1,cap,1000
p24033,bin2,cost,331.26
p24033,bin2,cap,2000
p24033,bin3,cost,3312.63
p24033,bin3,cap,20000
p24035,bin1,cost,107.66
p24035,bin1,cap,1000
p24035,bin2,cost,331.26
p24035,bin2,cap,2000
p24035,bin3,cost,3312.63
p24035,bin3,cap,20000
p24037,bin1,cost,107.66
p24037,bin1,cap,1000
p24037,bin2,cost,331.26
p24037,bin2,cap,2000
p24037,bin3,cost,3312.63
p24037,bin3,cap,20000
p24039,bin1,cost,107.66
p24039,bin1,cap,1000
p24039,bin2,cost,331.26
p24039,bin2,cap,2000
p24039,bin3,cost,3312.63
p24039,bin3,cap,20000
p24041,bin1,cost,107.66
p24041,bin1,cap,1000
p24041,bin2,cost,331.26
p24041,bin2,cap,2000
p24041,bin3,cost,3312.63
p24041,bin3,cap,20000
p24043,bin1,cost,107.66
p24043,bin1,cap,1000
p24043,bin2,cost,331.26
p24043,bin2,cap,2000
p24043,bin3,cost,3312.63
p24043,bin3,cap,20000
p24045,bin1,cost,107.66
p24045,bin1,cap,1000
p24045,bin2,cost,331.26
p24045,bin2,cap,2000
p24045,bin3,cost,3312.63
p24045,bin3,cap,20000
p24047,bin1,cost,107.66
p24047,bin1,cap,1000
p24047,bin2,cost,331.26
p24047,bin2,cap,2000
p24047,bin3,cost,3312.63
p24047,bin3,cap,20000
p24510,bin1,cost,107.66
p24510,bin1,cap,1000
p24510,bin2,cost,331.26
p24510,bin2,cap,2000
p24510,bin3,cost,3312.63
p24510,bin3,cap,20000
p26001,bin1,cost,107.66
p26001,bin1,cap,1000
p26001,bin2,cost,331.26
p26001,bin2,cap,2000
p26001,bin3,cost,3312.63
p26001,bin3,cap,20000
p26003,bin1,cost,107.66
p26003,bin1,cap,1000
p26003,bin2,cost,331.26
p26003,bin2,cap,2000
p26003,bin3,cost,3312.63
p26003,bin3,cap,20000
p26005,bin1,cost,107.66
p26005,bin1,cap,1000
p26005,bin2,cost,331.26
p26005,bin2,cap,2000
p26005,bin3,cost,3312.63
p26005,bin3,cap,20000
p26007,bin1,cost,107.66
p26007,bin1,cap,1000
p26007,bin2,cost,331.26
p26007,bin2,cap,2000
p26007,bin3,cost,3312.63
p26007,bin3,cap,20000
p26009,bin1,cost,107.66
p26009,bin1,cap,1000
p26009,bin2,cost,331.26
p26009,bin2,cap,2000
p26009,bin3,cost,3312.63
p26009,bin3,cap,20000
p26011,bin1,cost,107.66
p26011,bin1,cap,1000
p26011,bin2,cost,331.26
p26011,bin2,cap,2000
p26011,bin3,cost,3312.63
p26011,bin3,cap,20000
p26013,bin1,cost,107.66
p26013,bin1,cap,1000
p26013,bin2,cost,331.26
p26013,bin2,cap,2000
p26013,bin3,cost,3312.63
p26013,bin3,cap,20000
p26015,bin1,cost,107.66
p26015,bin1,cap,1000
p26015,bin2,cost,331.26
p26015,bin2,cap,2000
p26015,bin3,cost,3312.63
p26015,bin3,cap,20000
p26017,bin1,cost,107.66
p26017,bin1,cap,1000
p26017,bin2,cost,331.26
p26017,bin2,cap,2000
p26017,bin3,cost,3312.63
p26017,bin3,cap,20000
p26019,bin1,cost,107.66
p26019,bin1,cap,1000
p26019,bin2,cost,331.26
p26019,bin2,cap,2000
p26019,bin3,cost,3312.63
p26019,bin3,cap,20000
p26021,bin1,cost,107.66
p26021,bin1,cap,1000
p26021,bin2,cost,331.26
p26021,bin2,cap,2000
p26021,bin3,cost,3312.63
p26021,bin3,cap,20000
p26023,bin1,cost,107.66
p26023,bin1,cap,1000
p26023,bin2,cost,331.26
p26023,bin2,cap,2000
p26023,bin3,cost,3312.63
p26023,bin3,cap,20000
p26025,bin1,cost,107.66
p26025,bin1,cap,1000
p26025,bin2,cost,331.26
p26025,bin2,cap,2000
p26025,bin3,cost,3312.63
p26025,bin3,cap,20000
p26027,bin1,cost,107.66
p26027,bin1,cap,1000
p26027,bin2,cost,331.26
p26027,bin2,cap,2000
p26027,bin3,cost,3312.63
p26027,bin3,cap,20000
p26029,bin1,cost,107.66
p26029,bin1,cap,1000
p26029,bin2,cost,331.26
p26029,bin2,cap,2000
p26029,bin3,cost,3312.63
p26029,bin3,cap,20000
p26031,bin1,cost,107.66
p26031,bin1,cap,1000
p26031,bin2,cost,331.26
p26031,bin2,cap,2000
p26031,bin3,cost,3312.63
p26031,bin3,cap,20000
p26033,bin1,cost,107.66
p26033,bin1,cap,1000
p26033,bin2,cost,331.26
p26033,bin2,cap,2000
p26033,bin3,cost,3312.63
p26033,bin3,cap,20000
p26035,bin1,cost,107.66
p26035,bin1,cap,1000
p26035,bin2,cost,331.26
p26035,bin2,cap,2000
p26035,bin3,cost,3312.63
p26035,bin3,cap,20000
p26037,bin1,cost,107.66
p26037,bin1,cap,1000
p26037,bin2,cost,331.26
p26037,bin2,cap,2000
p26037,bin3,cost,3312.63
p26037,bin3,cap,20000
p26039,bin1,cost,107.66
p26039,bin1,cap,1000
p26039,bin2,cost,331.26
p26039,bin2,cap,2000
p26039,bin3,cost,3312.63
p26039,bin3,cap,20000
p26041,bin1,cost,107.66
p26041,bin1,cap,1000
p26041,bin2,cost,331.26
p26041,bin2,cap,2000
p26041,bin3,cost,3312.63
p26041,bin3,cap,20000
p26043,bin1,cost,107.66
p26043,bin1,cap,1000
p26043,bin2,cost,331.26
p26043,bin2,cap,2000
p26043,bin3,cost,3312.63
p26043,bin3,cap,20000
p26045,bin1,cost,107.66
p26045,bin1,cap,1000
p26045,bin2,cost,331.26
p26045,bin2,cap,2000
p26045,bin3,cost,3312.63
p26045,bin3,cap,20000
p26047,bin1,cost,107.66
p26047,bin1,cap,1000
p26047,bin2,cost,331.26
p26047,bin2,cap,2000
p26047,bin3,cost,3312.63
p26047,bin3,cap,20000
p26049,bin1,cost,107.66
p26049,bin1,cap,1000
p26049,bin2,cost,331.26
p26049,bin2,cap,2000
p26049,bin3,cost,3312.63
p26049,bin3,cap,20000
p26051,bin1,cost,107.66
p26051,bin1,cap,1000
p26051,bin2,cost,331.26
p26051,bin2,cap,2000
p26051,bin3,cost,3312.63
p26051,bin3,cap,20000
p26053,bin1,cost,107.66
p26053,bin1,cap,1000
p26053,bin2,cost,331.26
p26053,bin2,cap,2000
p26053,bin3,cost,3312.63
p26053,bin3,cap,20000
p26055,bin1,cost,107.66
p26055,bin1,cap,1000
p26055,bin2,cost,331.26
p26055,bin2,cap,2000
p26055,bin3,cost,3312.63
p26055,bin3,cap,20000
p26057,bin1,cost,107.66
p26057,bin1,cap,1000
p26057,bin2,cost,331.26
p26057,bin2,cap,2000
p26057,bin3,cost,3312.63
p26057,bin3,cap,20000
p26059,bin1,cost,107.66
p26059,bin1,cap,1000
p26059,bin2,cost,331.26
p26059,bin2,cap,2000
p26059,bin3,cost,3312.63
p26059,bin3,cap,20000
p26061,bin1,cost,107.66
p26061,bin1,cap,1000
p26061,bin2,cost,331.26
p26061,bin2,cap,2000
p26061,bin3,cost,3312.63
p26061,bin3,cap,20000
p26063,bin1,cost,107.66
p26063,bin1,cap,1000
p26063,bin2,cost,331.26
p26063,bin2,cap,2000
p26063,bin3,cost,3312.63
p26063,bin3,cap,20000
p26065,bin1,cost,107.66
p26065,bin1,cap,1000
p26065,bin2,cost,331.26
p26065,bin2,cap,2000
p26065,bin3,cost,3312.63
p26065,bin3,cap,20000
p26067,bin1,cost,107.66
p26067,bin1,cap,1000
p26067,bin2,cost,331.26
p26067,bin2,cap,2000
p26067,bin3,cost,3312.63
p26067,bin3,cap,20000
p26069,bin1,cost,107.66
p26069,bin1,cap,1000
p26069,bin2,cost,331.26
p26069,bin2,cap,2000
p26069,bin3,cost,3312.63
p26069,bin3,cap,20000
p26071,bin1,cost,107.66
p26071,bin1,cap,1000
p26071,bin2,cost,331.26
p26071,bin2,cap,2000
p26071,bin3,cost,3312.63
p26071,bin3,cap,20000
p26073,bin1,cost,107.66
p26073,bin1,cap,1000
p26073,bin2,cost,331.26
p26073,bin2,cap,2000
p26073,bin3,cost,3312.63
p26073,bin3,cap,20000
p26075,bin1,cost,107.66
p26075,bin1,cap,1000
p26075,bin2,cost,331.26
p26075,bin2,cap,2000
p26075,bin3,cost,3312.63
p26075,bin3,cap,20000
p26077,bin1,cost,107.66
p26077,bin1,cap,1000
p26077,bin2,cost,331.26
p26077,bin2,cap,2000
p26077,bin3,cost,3312.63
p26077,bin3,cap,20000
p26079,bin1,cost,107.66
p26079,bin1,cap,1000
p26079,bin2,cost,331.26
p26079,bin2,cap,2000
p26079,bin3,cost,3312.63
p26079,bin3,cap,20000
p26081,bin1,cost,107.66
p26081,bin1,cap,1000
p26081,bin2,cost,331.26
p26081,bin2,cap,2000
p26081,bin3,cost,3312.63
p26081,bin3,cap,20000
p26083,bin1,cost,107.66
p26083,bin1,cap,1000
p26083,bin2,cost,331.26
p26083,bin2,cap,2000
p26083,bin3,cost,3312.63
p26083,bin3,cap,20000
p26085,bin1,cost,107.66
p26085,bin1,cap,1000
p26085,bin2,cost,331.26
p26085,bin2,cap,2000
p26085,bin3,cost,3312.63
p26085,bin3,cap,20000
p26087,bin1,cost,107.66
p26087,bin1,cap,1000
p26087,bin2,cost,331.26
p26087,bin2,cap,2000
p26087,bin3,cost,3312.63
p26087,bin3,cap,20000
p26089,bin1,cost,107.66
p26089,bin1,cap,1000
p26089,bin2,cost,331.26
p26089,bin2,cap,2000
p26089,bin3,cost,3312.63
p26089,bin3,cap,20000
p26091,bin1,cost,107.66
p26091,bin1,cap,1000
p26091,bin2,cost,331.26
p26091,bin2,cap,2000
p26091,bin3,cost,3312.63
p26091,bin3,cap,20000
p26093,bin1,cost,107.66
p26093,bin1,cap,1000
p26093,bin2,cost,331.26
p26093,bin2,cap,2000
p26093,bin3,cost,3312.63
p26093,bin3,cap,20000
p26095,bin1,cost,107.66
p26095,bin1,cap,1000
p26095,bin2,cost,331.26
p26095,bin2,cap,2000
p26095,bin3,cost,3312.63
p26095,bin3,cap,20000
p26097,bin1,cost,107.66
p26097,bin1,cap,1000
p26097,bin2,cost,331.26
p26097,bin2,cap,2000
p26097,bin3,cost,3312.63
p26097,bin3,cap,20000
p26099,bin1,cost,107.66
p26099,bin1,cap,1000
p26099,bin2,cost,331.26
p26099,bin2,cap,2000
p26099,bin3,cost,3312.63
p26099,bin3,cap,20000
p26101,bin1,cost,107.66
p26101,bin1,cap,1000
p26101,bin2,cost,331.26
p26101,bin2,cap,2000
p26101,bin3,cost,3312.63
p26101,bin3,cap,20000
p26103,bin1,cost,107.66
p26103,bin1,cap,1000
p26103,bin2,cost,331.26
p26103,bin2,cap,2000
p26103,bin3,cost,3312.63
p26103,bin3,cap,20000
p26105,bin1,cost,107.66
p26105,bin1,cap,1000
p26105,bin2,cost,331.26
p26105,bin2,cap,2000
p26105,bin3,cost,3312.63
p26105,bin3,cap,20000
p26107,bin1,cost,107.66
p26107,bin1,cap,1000
p26107,bin2,cost,331.26
p26107,bin2,cap,2000
p26107,bin3,cost,3312.63
p26107,bin3,cap,20000
p26109,bin1,cost,107.66
p26109,bin1,cap,1000
p26109,bin2,cost,331.26
p26109,bin2,cap,2000
p26109,bin3,cost,3312.63
p26109,bin3,cap,20000
p26111,bin1,cost,107.66
p26111,bin1,cap,1000
p26111,bin2,cost,331.26
p26111,bin2,cap,2000
p26111,bin3,cost,3312.63
p26111,bin3,cap,20000
p26113,bin1,cost,107.66
p26113,bin1,cap,1000
p26113,bin2,cost,331.26
p26113,bin2,cap,2000
p26113,bin3,cost,3312.63
p26113,bin3,cap,20000
p26115,bin1,cost,107.66
p26115,bin1,cap,1000
p26115,bin2,cost,331.26
p26115,bin2,cap,2000
p26115,bin3,cost,3312.63
p26115,bin3,cap,20000
p26117,bin1,cost,107.66
p26117,bin1,cap,1000
p26117,bin2,cost,331.26
p26117,bin2,cap,2000
p26117,bin3,cost,3312.63
p26117,bin3,cap,20000
p26119,bin1,cost,107.66
p26119,bin1,cap,1000
p26119,bin2,cost,331.26
p26119,bin2,cap,2000
p26119,bin3,cost,3312.63
p26119,bin3,cap,20000
p26121,bin1,cost,107.66
p26121,bin1,cap,1000
p26121,bin2,cost,331.26
p26121,bin2,cap,2000
p26121,bin3,cost,3312.63
p26121,bin3,cap,20000
p26123,bin1,cost,107.66
p26123,bin1,cap,1000
p26123,bin2,cost,331.26
p26123,bin2,cap,2000
p26123,bin3,cost,3312.63
p26123,bin3,cap,20000
p26125,bin1,cost,107.66
p26125,bin1,cap,1000
p26125,bin2,cost,331.26
p26125,bin2,cap,2000
p26125,bin3,cost,3312.63
p26125,bin3,cap,20000
p26127,bin1,cost,107.66
p26127,bin1,cap,1000
p26127,bin2,cost,331.26
p26127,bin2,cap,2000
p26127,bin3,cost,3312.63
p26127,bin3,cap,20000
p26129,bin1,cost,107.66
p26129,bin1,cap,1000
p26129,bin2,cost,331.26
p26129,bin2,cap,2000
p26129,bin3,cost,3312.63
p26129,bin3,cap,20000
p26131,bin1,cost,107.66
p26131,bin1,cap,1000
p26131,bin2,cost,331.26
p26131,bin2,cap,2000
p26131,bin3,cost,3312.63
p26131,bin3,cap,20000
p26133,bin1,cost,107.66
p26133,bin1,cap,1000
p26133,bin2,cost,331.26
p26133,bin2,cap,2000
p26133,bin3,cost,3312.63
p26133,bin3,cap,20000
p26135,bin1,cost,107.66
p26135,bin1,cap,1000
p26135,bin2,cost,331.26
p26135,bin2,cap,2000
p26135,bin3,cost,3312.63
p26135,bin3,cap,20000
p26137,bin1,cost,107.66
p26137,bin1,cap,1000
p26137,bin2,cost,331.26
p26137,bin2,cap,2000
p26137,bin3,cost,3312.63
p26137,bin3,cap,20000
p26139,bin1,cost,107.66
p26139,bin1,cap,1000
p26139,bin2,cost,331.26
p26139,bin2,cap,2000
p26139,bin3,cost,3312.63
p26139,bin3,cap,20000
p26141,bin1,cost,107.66
p26141,bin1,cap,1000
p26141,bin2,cost,331.26
p26141,bin2,cap,2000
p26141,bin3,cost,3312.63
p26141,bin3,cap,20000
p26143,bin1,cost,107.66
p26143,bin1,cap,1000
p26143,bin2,cost,331.26
p26143,bin2,cap,2000
p26143,bin3,cost,3312.63
p26143,bin3,cap,20000
p26145,bin1,cost,107.66
p26145,bin1,cap,1000
p26145,bin2,cost,331.26
p26145,bin2,cap,2000
p26145,bin3,cost,3312.63
p26145,bin3,cap,20000
p26147,bin1,cost,107.66
p26147,bin1,cap,1000
p26147,bin2,cost,331.26
p26147,bin2,cap,2000
p26147,bin3,cost,3312.63
p26147,bin3,cap,20000
p26149,bin1,cost,107.66
p26149,bin1,cap,1000
p26149,bin2,cost,331.26
p26149,bin2,cap,2000
p26149,bin3,cost,3312.63
p26149,bin3,cap,20000
p26151,bin1,cost,107.66
p26151,bin1,cap,1000
p26151,bin2,cost,331.26
p26151,bin2,cap,2000
p26151,bin3,cost,3312.63
p26151,bin3,cap,20000
p26153,bin1,cost,107.66
p26153,bin1,cap,1000
p26153,bin2,cost,331.26
p26153,bin2,cap,2000
p26153,bin3,cost,3312.63
p26153,bin3,cap,20000
p26155,bin1,cost,107.66
p26155,bin1,cap,1000
p26155,bin2,cost,331.26
p26155,bin2,cap,2000
p26155,bin3,cost,3312.63
p26155,bin3,cap,20000
p26157,bin1,cost,107.66
p26157,bin1,cap,1000
p26157,bin2,cost,331.26
p26157,bin2,cap,2000
p26157,bin3,cost,3312.63
p26157,bin3,cap,20000
p26159,bin1,cost,107.66
p26159,bin1,cap,1000
p26159,bin2,cost,331.26
p26159,bin2,cap,2000
p26159,bin3,cost,3312.63
p26159,bin3,cap,20000
p26161,bin1,cost,107.66
p26161,bin1,cap,1000
p26161,bin2,cost,331.26
p26161,bin2,cap,2000
p26161,bin3,cost,3312.63
p26161,bin3,cap,20000
p26163,bin1,cost,107.66
p26163,bin1,cap,1000
p26163,bin2,cost,331.26
p26163,bin2,cap,2000
p26163,bin3,cost,3312.63
p26163,bin3,cap,20000
p26165,bin1,cost,107.66
p26165,bin1,cap,1000
p26165,bin2,cost,331.26
p26165,bin2,cap,2000
p26165,bin3,cost,3312.63
p26165,bin3,cap,20000
p34001,bin1,cost,107.66
p34001,bin1,cap,1000
p34001,bin2,cost,331.26
p34001,bin2,cap,2000
p34001,bin3,cost,3312.63
p34001,bin3,cap,20000
p34003,bin1,cost,107.66
p34003,bin1,cap,1000
p34003,bin2,cost,331.26
p34003,bin2,cap,2000
p34003,bin3,cost,3312.63
p34003,bin3,cap,20000
p34005,bin1,cost,107.66
p34005,bin1,cap,1000
p34005,bin2,cost,331.26
p34005,bin2,cap,2000
p34005,bin3,cost,3312.63
p34005,bin3,cap,20000
p34007,bin1,cost,107.66
p34007,bin1,cap,1000
p34007,bin2,cost,331.26
p34007,bin2,cap,2000
p34007,bin3,cost,3312.63
p34007,bin3,cap,20000
p34009,bin1,cost,107.66
p34009,bin1,cap,1000
p34009,bin2,cost,331.26
p34009,bin2,cap,2000
p34009,bin3,cost,3312.63
p34009,bin3,cap,20000
p34011,bin1,cost,107.66
p34011,bin1,cap,1000
p34011,bin2,cost,331.26
p34011,bin2,cap,2000
p34011,bin3,cost,3312.63
p34011,bin3,cap,20000
p34013,bin1,cost,107.66
p34013,bin1,cap,1000
p34013,bin2,cost,331.26
p34013,bin2,cap,2000
p34013,bin3,cost,3312.63
p34013,bin3,cap,20000
p34015,bin1,cost,107.66
p34015,bin1,cap,1000
p34015,bin2,cost,331.26
p34015,bin2,cap,2000
p34015,bin3,cost,3312.63
p34015,bin3,cap,20000
p34017,bin1,cost,107.66
p34017,bin1,cap,1000
p34017,bin2,cost,331.26
p34017,bin2,cap,2000
p34017,bin3,cost,3312.63
p34017,bin3,cap,20000
p34019,bin1,cost,107.66
p34019,bin1,cap,1000
p34019,bin2,cost,331.26
p34019,bin2,cap,2000
p34019,bin3,cost,3312.63
p34019,bin3,cap,20000
p34021,bin1,cost,107.66
p34021,bin1,cap,1000
p34021,bin2,cost,331.26
p34021,bin2,cap,2000
p34021,bin3,cost,3312.63
p34021,bin3,cap,20000
p34023,bin1,cost,107.66
p34023,bin1,cap,1000
p34023,bin2,cost,331.26
p34023,bin2,cap,2000
p34023,bin3,cost,3312.63
p34023,bin3,cap,20000
p34025,bin1,cost,107.66
p34025,bin1,cap,1000
p34025,bin2,cost,331.26
p34025,bin2,cap,2000
p34025,bin3,cost,3312.63
p34025,bin3,cap,20000
p34027,bin1,cost,107.66
p34027,bin1,cap,1000
p34027,bin2,cost,331.26
p34027,bin2,cap,2000
p34027,bin3,cost,3312.63
p34027,bin3,cap,20000
p34029,bin1,cost,107.66
p34029,bin1,cap,1000
p34029,bin2,cost,331.26
p34029,bin2,cap,2000
p34029,bin3,cost,3312.63
p34029,bin3,cap,20000
p34031,bin1,cost,107.66
p34031,bin1,cap,1000
p34031,bin2,cost,331.26
p34031,bin2,cap,2000
p34031,bin3,cost,3312.63
p34031,bin3,cap,20000
p34033,bin1,cost,107.66
p34033,bin1,cap,1000
p34033,bin2,cost,331.26
p34033,bin2,cap,2000
p34033,bin3,cost,3312.63
p34033,bin3,cap,20000
p34035,bin1,cost,107.66
p34035,bin1,cap,1000
p34035,bin2,cost,331.26
p34035,bin2,cap,2000
p34035,bin3,cost,3312.63
p34035,bin3,cap,20000
p34037,bin1,cost,107.66
p34037,bin1,cap,1000
p34037,bin2,cost,331.26
p34037,bin2,cap,2000
p34037,bin3,cost,3312.63
p34037,bin3,cap,20000
p34039,bin1,cost,107.66
p34039,bin1,cap,1000
p34039,bin2,cost,331.26
p34039,bin2,cap,2000
p34039,bin3,cost,3312.63
p34039,bin3,cap,20000
p34041,bin1,cost,107.66
p34041,bin1,cap,1000
p34041,bin2,cost,331.26
p34041,bin2,cap,2000
p34041,bin3,cost,3312.63
p34041,bin3,cap,20000
p36001,bin1,cost,107.66
p36001,bin1,cap,1000
p36001,bin2,cost,331.26
p36001,bin2,cap,2000
p36001,bin3,cost,3312.63
p36001,bin3,cap,20000
p36003,bin1,cost,107.66
p36003,bin1,cap,1000
p36003,bin2,cost,331.26
p36003,bin2,cap,2000
p36003,bin3,cost,3312.63
p36003,bin3,cap,20000
p36005,bin1,cost,107.66
p36005,bin1,cap,1000
p36005,bin2,cost,331.26
p36005,bin2,cap,2000
p36005,bin3,cost,3312.63
p36005,bin3,cap,20000
p36007,bin1,cost,107.66
p36007,bin1,cap,1000
p36007,bin2,cost,331.26
p36007,bin2,cap,2000
p36007,bin3,cost,3312.63
p36007,bin3,cap,20000
p36009,bin1,cost,107.66
p36009,bin1,cap,1000
p36009,bin2,cost,331.26
p36009,bin2,cap,2000
p36009,bin3,cost,3312.63
p36009,bin3,cap,20000
p36011,bin1,cost,107.66
p36011,bin1,cap,1000
p36011,bin2,cost,331.26
p36011,bin2,cap,2000
p36011,bin3,cost,3312.63
p36011,bin3,cap,20000
p36013,bin1,cost,107.66
p36013,bin1,cap,1000
p36013,bin2,cost,331.26
p36013,bin2,cap,2000
p36013,bin3,cost,3312.63
p36013,bin3,cap,20000
p36015,bin1,cost,107.66
p36015,bin1,cap,1000
p36015,bin2,cost,331.26
p36015,bin2,cap,2000
p36015,bin3,cost,3312.63
p36015,bin3,cap,20000
p36017,bin1,cost,107.66
p36017,bin1,cap,1000
p36017,bin2,cost,331.26
p36017,bin2,cap,2000
p36017,bin3,cost,3312.63
p36017,bin3,cap,20000
p36019,bin1,cost,107.66
p36019,bin1,cap,1000
p36019,bin2,cost,331.26
p36019,bin2,cap,2000
p36019,bin3,cost,3312.63
p36019,bin3,cap,20000
p36021,bin1,cost,107.66
p36021,bin1,cap,1000
p36021,bin2,cost,331.26
p36021,bin2,cap,2000
p36021,bin3,cost,3312.63
p36021,bin3,cap,20000
p36023,bin1,cost,107.66
p36023,bin1,cap,1000
p36023,bin2,cost,331.26
p36023,bin2,cap,2000
p36023,bin3,cost,3312.63
p36023,bin3,cap,20000
p36025,bin1,cost,107.66
p36025,bin1,cap,1000
p36025,bin2,cost,331.26
p36025,bin2,cap,2000
p36025,bin3,cost,3312.63
p36025,bin3,cap,20000
p36027,bin1,cost,107.66
p36027,bin1,cap,1000
p36027,bin2,cost,331.26
p36027,bin2,cap,2000
p36027,bin3,cost,3312.63
p36027,bin3,cap,20000
p36029,bin1,cost,107.66
p36029,bin1,cap,1000
p36029,bin2,cost,331.26
p36029,bin2,cap,2000
p36029,bin3,cost,3312.63
p36029,bin3,cap,20000
p36031,bin1,cost,107.66
p36031,bin1,cap,1000
p36031,bin2,cost,331.26
p36031,bin2,cap,2000
p36031,bin3,cost,3312.63
p36031,bin3,cap,20000
p36033,bin1,cost,107.66
p36033,bin1,cap,1000
p36033,bin2,cost,331.26
p36033,bin2,cap,2000
p36033,bin3,cost,3312.63
p36033,bin3,cap,20000
p36035,bin1,cost,107.66
p36035,bin1,cap,1000
p36035,bin2,cost,331.26
p36035,bin2,cap,2000
p36035,bin3,cost,3312.63
p36035,bin3,cap,20000
p36037,bin1,cost,107.66
p36037,bin1,cap,1000
p36037,bin2,cost,331.26
p36037,bin2,cap,2000
p36037,bin3,cost,3312.63
p36037,bin3,cap,20000
p36039,bin1,cost,107.66
p36039,bin1,cap,1000
p36039,bin2,cost,331.26
p36039,bin2,cap,2000
p36039,bin3,cost,3312.63
p36039,bin3,cap,20000
p36041,bin1,cost,107.66
p36041,bin1,cap,1000
p36041,bin2,cost,331.26
p36041,bin2,cap,2000
p36041,bin3,cost,3312.63
p36041,bin3,cap,20000
p36043,bin1,cost,107.66
p36043,bin1,cap,1000
p36043,bin2,cost,331.26
p36043,bin2,cap,2000
p36043,bin3,cost,3312.63
p36043,bin3,cap,20000
p36045,bin1,cost,107.66
p36045,bin1,cap,1000
p36045,bin2,cost,331.26
p36045,bin2,cap,2000
p36045,bin3,cost,3312.63
p36045,bin3,cap,20000
p36047,bin1,cost,107.66
p36047,bin1,cap,1000
p36047,bin2,cost,331.26
p36047,bin2,cap,2000
p36047,bin3,cost,3312.63
p36047,bin3,cap,20000
p36049,bin1,cost,107.66
p36049,bin1,cap,1000
p36049,bin2,cost,331.26
p36049,bin2,cap,2000
p36049,bin3,cost,3312.63
p36049,bin3,cap,20000
p36051,bin1,cost,107.66
p36051,bin1,cap,1000
p36051,bin2,cost,331.26
p36051,bin2,cap,2000
p36051,bin3,cost,3312.63
p36051,bin3,cap,20000
p36053,bin1,cost,107.66
p36053,bin1,cap,1000
p36053,bin2,cost,331.26
p36053,bin2,cap,2000
p36053,bin3,cost,3312.63
p36053,bin3,cap,20000
p36055,bin1,cost,107.66
p36055,bin1,cap,1000
p36055,bin2,cost,331.26
p36055,bin2,cap,2000
p36055,bin3,cost,3312.63
p36055,bin3,cap,20000
p36057,bin1,cost,107.66
p36057,bin1,cap,1000
p36057,bin2,cost,331.26
p36057,bin2,cap,2000
p36057,bin3,cost,3312.63
p36057,bin3,cap,20000
p36059,bin1,cost,107.66
p36059,bin1,cap,1000
p36059,bin2,cost,331.26
p36059,bin2,cap,2000
p36059,bin3,cost,3312.63
p36059,bin3,cap,20000
p36061,bin1,cost,107.66
p36061,bin1,cap,1000
p36061,bin2,cost,331.26
p36061,bin2,cap,2000
p36061,bin3,cost,3312.63
p36061,bin3,cap,20000
p36063,bin1,cost,107.66
p36063,bin1,cap,1000
p36063,bin2,cost,331.26
p36063,bin2,cap,2000
p36063,bin3,cost,3312.63
p36063,bin3,cap,20000
p36065,bin1,cost,107.66
p36065,bin1,cap,1000
p36065,bin2,cost,331.26
p36065,bin2,cap,2000
p36065,bin3,cost,3312.63
p36065,bin3,cap,20000
p36067,bin1,cost,107.66
p36067,bin1,cap,1000
p36067,bin2,cost,331.26
p36067,bin2,cap,2000
p36067,bin3,cost,3312.63
p36067,bin3,cap,20000
p36069,bin1,cost,107.66
p36069,bin1,cap,1000
p36069,bin2,cost,331.26
p36069,bin2,cap,2000
p36069,bin3,cost,3312.63
p36069,bin3,cap,20000
p36071,bin1,cost,107.66
p36071,bin1,cap,1000
p36071,bin2,cost,331.26
p36071,bin2,cap,2000
p36071,bin3,cost,3312.63
p36071,bin3,cap,20000
p36073,bin1,cost,107.66
p36073,bin1,cap,1000
p36073,bin2,cost,331.26
p36073,bin2,cap,2000
p36073,bin3,cost,3312.63
p36073,bin3,cap,20000
p36075,bin1,cost,107.66
p36075,bin1,cap,1000
p36075,bin2,cost,331.26
p36075,bin2,cap,2000
p36075,bin3,cost,3312.63
p36075,bin3,cap,20000
p36077,bin1,cost,107.66
p36077,bin1,cap,1000
p36077,bin2,cost,331.26
p36077,bin2,cap,2000
p36077,bin3,cost,3312.63
p36077,bin3,cap,20000
p36079,bin1,cost,107.66
p36079,bin1,cap,1000
p36079,bin2,cost,331.26
p36079,bin2,cap,2000
p36079,bin3,cost,3312.63
p36079,bin3,cap,20000
p36081,bin1,cost,107.66
p36081,bin1,cap,1000
p36081,bin2,cost,331.26
p36081,bin2,cap,2000
p36081,bin3,cost,3312.63
p36081,bin3,cap,20000
p36083,bin1,cost,107.66
p36083,bin1,cap,1000
p36083,bin2,cost,331.26
p36083,bin2,cap,2000
p36083,bin3,cost,3312.63
p36083,bin3,cap,20000
p36085,bin1,cost,107.66
p36085,bin1,cap,1000
p36085,bin2,cost,331.26
p36085,bin2,cap,2000
p36085,bin3,cost,3312.63
p36085,bin3,cap,20000
p36087,bin1,cost,107.66
p36087,bin1,cap,1000
p36087,bin2,cost,331.26
p36087,bin2,cap,2000
p36087,bin3,cost,3312.63
p36087,bin3,cap,20000
p36089,bin1,cost,107.66
p36089,bin1,cap,1000
p36089,bin2,cost,331.26
p36089,bin2,cap,2000
p36089,bin3,cost,3312.63
p36089,bin3,cap,20000
p36091,bin1,cost,107.66
p36091,bin1,cap,1000
p36091,bin2,cost,331.26
p36091,bin2,cap,2000
p36091,bin3,cost,3312.63
p36091,bin3,cap,20000
p36093,bin1,cost,107.66
p36093,bin1,cap,1000
p36093,bin2,cost,331.26
p36093,bin2,cap,2000
p36093,bin3,cost,3312.63
p36093,bin3,cap,20000
p36095,bin1,cost,107.66
p36095,bin1,cap,1000
p36095,bin2,cost,331.26
p36095,bin2,cap,2000
p36095,bin3,cost,3312.63
p36095,bin3,cap,20000
p36097,bin1,cost,107.66
p36097,bin1,cap,1000
p36097,bin2,cost,331.26
p36097,bin2,cap,2000
p36097,bin3,cost,3312.63
p36097,bin3,cap,20000
p36099,bin1,cost,107.66
p36099,bin1,cap,1000
p36099,bin2,cost,331.26
p36099,bin2,cap,2000
p36099,bin3,cost,3312.63
p36099,bin3,cap,20000
p36101,bin1,cost,107.66
p36101,bin1,cap,1000
p36101,bin2,cost,331.26
p36101,bin2,cap,2000
p36101,bin3,cost,3312.63
p36101,bin3,cap,20000
p36103,bin1,cost,107.66
p36103,bin1,cap,1000
p36103,bin2,cost,331.26
p36103,bin2,cap,2000
p36103,bin3,cost,3312.63
p36103,bin3,cap,20000
p36105,bin1,cost,107.66
p36105,bin1,cap,1000
p36105,bin2,cost,331.26
p36105,bin2,cap,2000
p36105,bin3,cost,3312.63
p36105,bin3,cap,20000
p36107,bin1,cost,107.66
p36107,bin1,cap,1000
p36107,bin2,cost,331.26
p36107,bin2,cap,2000
p36107,bin3,cost,3312.63
p36107,bin3,cap,20000
p36109,bin1,cost,107.66
p36109,bin1,cap,1000
p36109,bin2,cost,331.26
p36109,bin2,cap,2000
p36109,bin3,cost,3312.63
p36109,bin3,cap,20000
p36111,bin1,cost,107.66
p36111,bin1,cap,1000
p36111,bin2,cost,331.26
p36111,bin2,cap,2000
p36111,bin3,cost,3312.63
p36111,bin3,cap,20000
p36113,bin1,cost,107.66
p36113,bin1,cap,1000
p36113,bin2,cost,331.26
p36113,bin2,cap,2000
p36113,bin3,cost,3312.63
p36113,bin3,cap,20000
p36115,bin1,cost,107.66
p36115,bin1,cap,1000
p36115,bin2,cost,331.26
p36115,bin2,cap,2000
p36115,bin3,cost,3312.63
p36115,bin3,cap,20000
p36117,bin1,cost,107.66
p36117,bin1,cap,1000
p36117,bin2,cost,331.26
p36117,bin2,cap,2000
p36117,bin3,cost,3312.63
p36117,bin3,cap,20000
p36119,bin1,cost,107.66
p36119,bin1,cap,1000
p36119,bin2,cost,331.26
p36119,bin2,cap,2000
p36119,bin3,cost,3312.63
p36119,bin3,cap,20000
p36121,bin1,cost,107.66
p36121,bin1,cap,1000
p36121,bin2,cost,331.26
p36121,bin2,cap,2000
p36121,bin3,cost,3312.63
p36121,bin3,cap,20000
p36123,bin1,cost,107.66
p36123,bin1,cap,1000
p36123,bin2,cost,331.26
p36123,bin2,cap,2000
p36123,bin3,cost,3312.63
p36123,bin3,cap,20000
p37001,bin1,cost,107.66
p37001,bin1,cap,1000
p37001,bin2,cost,331.26
p37001,bin2,cap,2000
p37001,bin3,cost,3312.63
p37001,bin3,cap,20000
p37003,bin1,cost,107.66
p37003,bin1,cap,1000
p37003,bin2,cost,331.26
p37003,bin2,cap,2000
p37003,bin3,cost,3312.63
p37003,bin3,cap,20000
p37005,bin1,cost,107.66
p37005,bin1,cap,1000
p37005,bin2,cost,331.26
p37005,bin2,cap,2000
p37005,bin3,cost,3312.63
p37005,bin3,cap,20000
p37007,bin1,cost,107.66
p37007,bin1,cap,1000
p37007,bin2,cost,331.26
p37007,bin2,cap,2000
p37007,bin3,cost,3312.63
p37007,bin3,cap,20000
p37009,bin1,cost,107.66
p37009,bin1,cap,1000
p37009,bin2,cost,331.26
p37009,bin2,cap,2000
p37009,bin3,cost,3312.63
p37009,bin3,cap,20000
p37011,bin1,cost,107.66
p37011,bin1,cap,1000
p37011,bin2,cost,331.26
p37011,bin2,cap,2000
p37011,bin3,cost,3312.63
p37011,bin3,cap,20000
p37013,bin1,cost,107.66
p37013,bin1,cap,1000
p37013,bin2,cost,331.26
p37013,bin2,cap,2000
p37013,bin3,cost,3312.63
p37013,bin3,cap,20000
p37015,bin1,cost,107.66
p37015,bin1,cap,1000
p37015,bin2,cost,331.26
p37015,bin2,cap,2000
p37015,bin3,cost,3312.63
p37015,bin3,cap,20000
p37017,bin1,cost,107.66
p37017,bin1,cap,1000
p37017,bin2,cost,331.26
p37017,bin2,cap,2000
p37017,bin3,cost,3312.63
p37017,bin3,cap,20000
p37019,bin1,cost,107.66
p37019,bin1,cap,1000
p37019,bin2,cost,331.26
p37019,bin2,cap,2000
p37019,bin3,cost,3312.63
p37019,bin3,cap,20000
p37021,bin1,cost,107.66
p37021,bin1,cap,1000
p37021,bin2,cost,331.26
p37021,bin2,cap,2000
p37021,bin3,cost,3312.63
p37021,bin3,cap,20000
p37023,bin1,cost,107.66
p37023,bin1,cap,1000
p37023,bin2,cost,331.26
p37023,bin2,cap,2000
p37023,bin3,cost,3312.63
p37023,bin3,cap,20000
p37025,bin1,cost,107.66
p37025,bin1,cap,1000
p37025,bin2,cost,331.26
p37025,bin2,cap,2000
p37025,bin3,cost,3312.63
p37025,bin3,cap,20000
p37027,bin1,cost,107.66
p37027,bin1,cap,1000
p37027,bin2,cost,331.26
p37027,bin2,cap,2000
p37027,bin3,cost,3312.63
p37027,bin3,cap,20000
p37029,bin1,cost,107.66
p37029,bin1,cap,1000
p37029,bin2,cost,331.26
p37029,bin2,cap,2000
p37029,bin3,cost,3312.63
p37029,bin3,cap,20000
p37031,bin1,cost,107.66
p37031,bin1,cap,1000
p37031,bin2,cost,331.26
p37031,bin2,cap,2000
p37031,bin3,cost,3312.63
p37031,bin3,cap,20000
p37033,bin1,cost,107.66
p37033,bin1,cap,1000
p37033,bin2,cost,331.26
p37033,bin2,cap,2000
p37033,bin3,cost,3312.63
p37033,bin3,cap,20000
p37035,bin1,cost,107.66
p37035,bin1,cap,1000
p37035,bin2,cost,331.26
p37035,bin2,cap,2000
p37035,bin3,cost,3312.63
p37035,bin3,cap,20000
p37037,bin1,cost,107.66
p37037,bin1,cap,1000
p37037,bin2,cost,331.26
p37037,bin2,cap,2000
p37037,bin3,cost,3312.63
p37037,bin3,cap,20000
p37039,bin1,cost,107.66
p37039,bin1,cap,1000
p37039,bin2,cost,331.26
p37039,bin2,cap,2000
p37039,bin3,cost,3312.63
p37039,bin3,cap,20000
p37041,bin1,cost,107.66
p37041,bin1,cap,1000
p37041,bin2,cost,331.26
p37041,bin2,cap,2000
p37041,bin3,cost,3312.63
p37041,bin3,cap,20000
p37043,bin1,cost,107.66
p37043,bin1,cap,1000
p37043,bin2,cost,331.26
p37043,bin2,cap,2000
p37043,bin3,cost,3312.63
p37043,bin3,cap,20000
p37045,bin1,cost,107.66
p37045,bin1,cap,1000
p37045,bin2,cost,331.26
p37045,bin2,cap,2000
p37045,bin3,cost,3312.63
p37045,bin3,cap,20000
p37047,bin1,cost,107.66
p37047,bin1,cap,1000
p37047,bin2,cost,331.26
p37047,bin2,cap,2000
p37047,bin3,cost,3312.63
p37047,bin3,cap,20000
p37049,bin1,cost,107.66
p37049,bin1,cap,1000
p37049,bin2,cost,331.26
p37049,bin2,cap,2000
p37049,bin3,cost,3312.63
p37049,bin3,cap,20000
p37051,bin1,cost,107.66
p37051,bin1,cap,1000
p37051,bin2,cost,331.26
p37051,bin2,cap,2000
p37051,bin3,cost,3312.63
p37051,bin3,cap,20000
p37053,bin1,cost,107.66
p37053,bin1,cap,1000
p37053,bin2,cost,331.26
p37053,bin2,cap,2000
p37053,bin3,cost,3312.63
p37053,bin3,cap,20000
p37055,bin1,cost,107.66
p37055,bin1,cap,1000
p37055,bin2,cost,331.26
p37055,bin2,cap,2000
p37055,bin3,cost,3312.63
p37055,bin3,cap,20000
p37057,bin1,cost,107.66
p37057,bin1,cap,1000
p37057,bin2,cost,331.26
p37057,bin2,cap,2000
p37057,bin3,cost,3312.63
p37057,bin3,cap,20000
p37059,bin1,cost,107.66
p37059,bin1,cap,1000
p37059,bin2,cost,331.26
p37059,bin2,cap,2000
p37059,bin3,cost,3312.63
p37059,bin3,cap,20000
p37061,bin1,cost,107.66
p37061,bin1,cap,1000
p37061,bin2,cost,331.26
p37061,bin2,cap,2000
p37061,bin3,cost,3312.63
p37061,bin3,cap,20000
p37063,bin1,cost,107.66
p37063,bin1,cap,1000
p37063,bin2,cost,331.26
p37063,bin2,cap,2000
p37063,bin3,cost,3312.63
p37063,bin3,cap,20000
p37065,bin1,cost,107.66
p37065,bin1,cap,1000
p37065,bin2,cost,331.26
p37065,bin2,cap,2000
p37065,bin3,cost,3312.63
p37065,bin3,cap,20000
p37067,bin1,cost,107.66
p37067,bin1,cap,1000
p37067,bin2,cost,331.26
p37067,bin2,cap,2000
p37067,bin3,cost,3312.63
p37067,bin3,cap,20000
p37069,bin1,cost,107.66
p37069,bin1,cap,1000
p37069,bin2,cost,331.26
p37069,bin2,cap,2000
p37069,bin3,cost,3312.63
p37069,bin3,cap,20000
p37071,bin1,cost,107.66
p37071,bin1,cap,1000
p37071,bin2,cost,331.26
p37071,bin2,cap,2000
p37071,bin3,cost,3312.63
p37071,bin3,cap,20000
p37073,bin1,cost,107.66
p37073,bin1,cap,1000
p37073,bin2,cost,331.26
p37073,bin2,cap,2000
p37073,bin3,cost,3312.63
p37073,bin3,cap,20000
p37075,bin1,cost,107.66
p37075,bin1,cap,1000
p37075,bin2,cost,331.26
p37075,bin2,cap,2000
p37075,bin3,cost,3312.63
p37075,bin3,cap,20000
p37077,bin1,cost,107.66
p37077,bin1,cap,1000
p37077,bin2,cost,331.26
p37077,bin2,cap,2000
p37077,bin3,cost,3312.63
p37077,bin3,cap,20000
p37079,bin1,cost,107.66
p37079,bin1,cap,1000
p37079,bin2,cost,331.26
p37079,bin2,cap,2000
p37079,bin3,cost,3312.63
p37079,bin3,cap,20000
p37081,bin1,cost,107.66
p37081,bin1,cap,1000
p37081,bin2,cost,331.26
p37081,bin2,cap,2000
p37081,bin3,cost,3312.63
p37081,bin3,cap,20000
p37083,bin1,cost,107.66
p37083,bin1,cap,1000
p37083,bin2,cost,331.26
p37083,bin2,cap,2000
p37083,bin3,cost,3312.63
p37083,bin3,cap,20000
p37085,bin1,cost,107.66
p37085,bin1,cap,1000
p37085,bin2,cost,331.26
p37085,bin2,cap,2000
p37085,bin3,cost,3312.63
p37085,bin3,cap,20000
p37087,bin1,cost,107.66
p37087,bin1,cap,1000
p37087,bin2,cost,331.26
p37087,bin2,cap,2000
p37087,bin3,cost,3312.63
p37087,bin3,cap,20000
p37089,bin1,cost,107.66
p37089,bin1,cap,1000
p37089,bin2,cost,331.26
p37089,bin2,cap,2000
p37089,bin3,cost,3312.63
p37089,bin3,cap,20000
p37091,bin1,cost,107.66
p37091,bin1,cap,1000
p37091,bin2,cost,331.26
p37091,bin2,cap,2000
p37091,bin3,cost,3312.63
p37091,bin3,cap,20000
p37093,bin1,cost,107.66
p37093,bin1,cap,1000
p37093,bin2,cost,331.26
p37093,bin2,cap,2000
p37093,bin3,cost,3312.63
p37093,bin3,cap,20000
p37095,bin1,cost,107.66
p37095,bin1,cap,1000
p37095,bin2,cost,331.26
p37095,bin2,cap,2000
p37095,bin3,cost,3312.63
p37095,bin3,cap,20000
p37097,bin1,cost,107.66
p37097,bin1,cap,1000
p37097,bin2,cost,331.26
p37097,bin2,cap,2000
p37097,bin3,cost,3312.63
p37097,bin3,cap,20000
p37099,bin1,cost,107.66
p37099,bin1,cap,1000
p37099,bin2,cost,331.26
p37099,bin2,cap,2000
p37099,bin3,cost,3312.63
p37099,bin3,cap,20000
p37101,bin1,cost,107.66
p37101,bin1,cap,1000
p37101,bin2,cost,331.26
p37101,bin2,cap,2000
p37101,bin3,cost,3312.63
p37101,bin3,cap,20000
p37103,bin1,cost,107.66
p37103,bin1,cap,1000
p37103,bin2,cost,331.26
p37103,bin2,cap,2000
p37103,bin3,cost,3312.63
p37103,bin3,cap,20000
p37105,bin1,cost,107.66
p37105,bin1,cap,1000
p37105,bin2,cost,331.26
p37105,bin2,cap,2000
p37105,bin3,cost,3312.63
p37105,bin3,cap,20000
p37107,bin1,cost,107.66
p37107,bin1,cap,1000
p37107,bin2,cost,331.26
p37107,bin2,cap,2000
p37107,bin3,cost,3312.63
p37107,bin3,cap,20000
p37109,bin1,cost,107.66
p37109,bin1,cap,1000
p37109,bin2,cost,331.26
p37109,bin2,cap,2000
p37109,bin3,cost,3312.63
p37109,bin3,cap,20000
p37111,bin1,cost,107.66
p37111,bin1,cap,1000
p37111,bin2,cost,331.26
p37111,bin2,cap,2000
p37111,bin3,cost,3312.63
p37111,bin3,cap,20000
p37113,bin1,cost,107.66
p37113,bin1,cap,1000
p37113,bin2,cost,331.26
p37113,bin2,cap,2000
p37113,bin3,cost,3312.63
p37113,bin3,cap,20000
p37115,bin1,cost,107.66
p37115,bin1,cap,1000
p37115,bin2,cost,331.26
p37115,bin2,cap,2000
p37115,bin3,cost,3312.63
p37115,bin3,cap,20000
p37117,bin1,cost,107.66
p37117,bin1,cap,1000
p37117,bin2,cost,331.26
p37117,bin2,cap,2000
p37117,bin3,cost,3312.63
p37117,bin3,cap,20000
p37119,bin1,cost,107.66
p37119,bin1,cap,1000
p37119,bin2,cost,331.26
p37119,bin2,cap,2000
p37119,bin3,cost,3312.63
p37119,bin3,cap,20000
p37121,bin1,cost,107.66
p37121,bin1,cap,1000
p37121,bin2,cost,331.26
p37121,bin2,cap,2000
p37121,bin3,cost,3312.63
p37121,bin3,cap,20000
p37123,bin1,cost,107.66
p37123,bin1,cap,1000
p37123,bin2,cost,331.26
p37123,bin2,cap,2000
p37123,bin3,cost,3312.63
p37123,bin3,cap,20000
p37125,bin1,cost,107.66
p37125,bin1,cap,1000
p37125,bin2,cost,331.26
p37125,bin2,cap,2000
p37125,bin3,cost,3312.63
p37125,bin3,cap,20000
p37127,bin1,cost,107.66
p37127,bin1,cap,1000
p37127,bin2,cost,331.26
p37127,bin2,cap,2000
p37127,bin3,cost,3312.63
p37127,bin3,cap,20000
p37129,bin1,cost,107.66
p37129,bin1,cap,1000
p37129,bin2,cost,331.26
p37129,bin2,cap,2000
p37129,bin3,cost,3312.63
p37129,bin3,cap,20000
p37131,bin1,cost,107.66
p37131,bin1,cap,1000
p37131,bin2,cost,331.26
p37131,bin2,cap,2000
p37131,bin3,cost,3312.63
p37131,bin3,cap,20000
p37133,bin1,cost,107.66
p37133,bin1,cap,1000
p37133,bin2,cost,331.26
p37133,bin2,cap,2000
p37133,bin3,cost,3312.63
p37133,bin3,cap,20000
p37135,bin1,cost,107.66
p37135,bin1,cap,1000
p37135,bin2,cost,331.26
p37135,bin2,cap,2000
p37135,bin3,cost,3312.63
p37135,bin3,cap,20000
p37137,bin1,cost,107.66
p37137,bin1,cap,1000
p37137,bin2,cost,331.26
p37137,bin2,cap,2000
p37137,bin3,cost,3312.63
p37137,bin3,cap,20000
p37139,bin1,cost,107.66
p37139,bin1,cap,1000
p37139,bin2,cost,331.26
p37139,bin2,cap,2000
p37139,bin3,cost,3312.63
p37139,bin3,cap,20000
p37141,bin1,cost,107.66
p37141,bin1,cap,1000
p37141,bin2,cost,331.26
p37141,bin2,cap,2000
p37141,bin3,cost,3312.63
p37141,bin3,cap,20000
p37143,bin1,cost,107.66
p37143,bin1,cap,1000
p37143,bin2,cost,331.26
p37143,bin2,cap,2000
p37143,bin3,cost,3312.63
p37143,bin3,cap,20000
p37145,bin1,cost,107.66
p37145,bin1,cap,1000
p37145,bin2,cost,331.26
p37145,bin2,cap,2000
p37145,bin3,cost,3312.63
p37145,bin3,cap,20000
p37147,bin1,cost,107.66
p37147,bin1,cap,1000
p37147,bin2,cost,331.26
p37147,bin2,cap,2000
p37147,bin3,cost,3312.63
p37147,bin3,cap,20000
p37149,bin1,cost,107.66
p37149,bin1,cap,1000
p37149,bin2,cost,331.26
p37149,bin2,cap,2000
p37149,bin3,cost,3312.63
p37149,bin3,cap,20000
p37151,bin1,cost,107.66
p37151,bin1,cap,1000
p37151,bin2,cost,331.26
p37151,bin2,cap,2000
p37151,bin3,cost,3312.63
p37151,bin3,cap,20000
p37153,bin1,cost,107.66
p37153,bin1,cap,1000
p37153,bin2,cost,331.26
p37153,bin2,cap,2000
p37153,bin3,cost,3312.63
p37153,bin3,cap,20000
p37155,bin1,cost,107.66
p37155,bin1,cap,1000
p37155,bin2,cost,331.26
p37155,bin2,cap,2000
p37155,bin3,cost,3312.63
p37155,bin3,cap,20000
p37157,bin1,cost,107.66
p37157,bin1,cap,1000
p37157,bin2,cost,331.26
p37157,bin2,cap,2000
p37157,bin3,cost,3312.63
p37157,bin3,cap,20000
p37159,bin1,cost,107.66
p37159,bin1,cap,1000
p37159,bin2,cost,331.26
p37159,bin2,cap,2000
p37159,bin3,cost,3312.63
p37159,bin3,cap,20000
p37161,bin1,cost,107.66
p37161,bin1,cap,1000
p37161,bin2,cost,331.26
p37161,bin2,cap,2000
p37161,bin3,cost,3312.63
p37161,bin3,cap,20000
p37163,bin1,cost,107.66
p37163,bin1,cap,1000
p37163,bin2,cost,331.26
p37163,bin2,cap,2000
p37163,bin3,cost,3312.63
p37163,bin3,cap,20000
p37165,bin1,cost,107.66
p37165,bin1,cap,1000
p37165,bin2,cost,331.26
p37165,bin2,cap,2000
p37165,bin3,cost,3312.63
p37165,bin3,cap,20000
p37167,bin1,cost,107.66
p37167,bin1,cap,1000
p37167,bin2,cost,331.26
p37167,bin2,cap,2000
p37167,bin3,cost,3312.63
p37167,bin3,cap,20000
p37169,bin1,cost,107.66
p37169,bin1,cap,1000
p37169,bin2,cost,331.26
p37169,bin2,cap,2000
p37169,bin3,cost,3312.63
p37169,bin3,cap,20000
p37171,bin1,cost,107.66
p37171,bin1,cap,1000
p37171,bin2,cost,331.26
p37171,bin2,cap,2000
p37171,bin3,cost,3312.63
p37171,bin3,cap,20000
p37173,bin1,cost,107.66
p37173,bin1,cap,1000
p37173,bin2,cost,331.26
p37173,bin2,cap,2000
p37173,bin3,cost,3312.63
p37173,bin3,cap,20000
p37175,bin1,cost,107.66
p37175,bin1,cap,1000
p37175,bin2,cost,331.26
p37175,bin2,cap,2000
p37175,bin3,cost,3312.63
p37175,bin3,cap,20000
p37177,bin1,cost,107.66
p37177,bin1,cap,1000
p37177,bin2,cost,331.26
p37177,bin2,cap,2000
p37177,bin3,cost,3312.63
p37177,bin3,cap,20000
p37179,bin1,cost,107.66
p37179,bin1,cap,1000
p37179,bin2,cost,331.26
p37179,bin2,cap,2000
p37179,bin3,cost,3312.63
p37179,bin3,cap,20000
p37181,bin1,cost,107.66
p37181,bin1,cap,1000
p37181,bin2,cost,331.26
p37181,bin2,cap,2000
p37181,bin3,cost,3312.63
p37181,bin3,cap,20000
p37183,bin1,cost,107.66
p37183,bin1,cap,1000
p37183,bin2,cost,331.26
p37183,bin2,cap,2000
p37183,bin3,cost,3312.63
p37183,bin3,cap,20000
p37185,bin1,cost,107.66
p37185,bin1,cap,1000
p37185,bin2,cost,331.26
p37185,bin2,cap,2000
p37185,bin3,cost,3312.63
p37185,bin3,cap,20000
p37187,bin1,cost,107.66
p37187,bin1,cap,1000
p37187,bin2,cost,331.26
p37187,bin2,cap,2000
p37187,bin3,cost,3312.63
p37187,bin3,cap,20000
p37189,bin1,cost,107.66
p37189,bin1,cap,1000
p37189,bin2,cost,331.26
p37189,bin2,cap,2000
p37189,bin3,cost,3312.63
p37189,bin3,cap,20000
p37191,bin1,cost,107.66
p37191,bin1,cap,1000
p37191,bin2,cost,331.26
p37191,bin2,cap,2000
p37191,bin3,cost,3312.63
p37191,bin3,cap,20000
p37193,bin1,cost,107.66
p37193,bin1,cap,1000
p37193,bin2,cost,331.26
p37193,bin2,cap,2000
p37193,bin3,cost,3312.63
p37193,bin3,cap,20000
p37195,bin1,cost,107.66
p37195,bin1,cap,1000
p37195,bin2,cost,331.26
p37195,bin2,cap,2000
p37195,bin3,cost,3312.63
p37195,bin3,cap,20000
p37197,bin1,cost,107.66
p37197,bin1,cap,1000
p37197,bin2,cost,331.26
p37197,bin2,cap,2000
p37197,bin3,cost,3312.63
p37197,bin3,cap,20000
p37199,bin1,cost,107.66
p37199,bin1,cap,1000
p37199,bin2,cost,331.26
p37199,bin2,cap,2000
p37199,bin3,cost,3312.63
p37199,bin3,cap,20000
p39001,bin1,cost,107.66
p39001,bin1,cap,1000
p39001,bin2,cost,331.26
p39001,bin2,cap,2000
p39001,bin3,cost,3312.63
p39001,bin3,cap,20000
p39003,bin1,cost,107.66
p39003,bin1,cap,1000
p39003,bin2,cost,331.26
p39003,bin2,cap,2000
p39003,bin3,cost,3312.63
p39003,bin3,cap,20000
p39005,bin1,cost,107.66
p39005,bin1,cap,1000
p39005,bin2,cost,331.26
p39005,bin2,cap,2000
p39005,bin3,cost,3312.63
p39005,bin3,cap,20000
p39007,bin1,cost,107.66
p39007,bin1,cap,1000
p39007,bin2,cost,331.26
p39007,bin2,cap,2000
p39007,bin3,cost,3312.63
p39007,bin3,cap,20000
p39009,bin1,cost,107.66
p39009,bin1,cap,1000
p39009,bin2,cost,331.26
p39009,bin2,cap,2000
p39009,bin3,cost,3312.63
p39009,bin3,cap,20000
p39011,bin1,cost,107.66
p39011,bin1,cap,1000
p39011,bin2,cost,331.26
p39011,bin2,cap,2000
p39011,bin3,cost,3312.63
p39011,bin3,cap,20000
p39013,bin1,cost,107.66
p39013,bin1,cap,1000
p39013,bin2,cost,331.26
p39013,bin2,cap,2000
p39013,bin3,cost,3312.63
p39013,bin3,cap,20000
p39015,bin1,cost,107.66
p39015,bin1,cap,1000
p39015,bin2,cost,331.26
p39015,bin2,cap,2000
p39015,bin3,cost,3312.63
p39015,bin3,cap,20000
p39017,bin1,cost,107.66
p39017,bin1,cap,1000
p39017,bin2,cost,331.26
p39017,bin2,cap,2000
p39017,bin3,cost,3312.63
p39017,bin3,cap,20000
p39019,bin1,cost,107.66
p39019,bin1,cap,1000
p39019,bin2,cost,331.26
p39019,bin2,cap,2000
p39019,bin3,cost,3312.63
p39019,bin3,cap,20000
p39021,bin1,cost,107.66
p39021,bin1,cap,1000
p39021,bin2,cost,331.26
p39021,bin2,cap,2000
p39021,bin3,cost,3312.63
p39021,bin3,cap,20000
p39023,bin1,cost,107.66
p39023,bin1,cap,1000
p39023,bin2,cost,331.26
p39023,bin2,cap,2000
p39023,bin3,cost,3312.63
p39023,bin3,cap,20000
p39025,bin1,cost,107.66
p39025,bin1,cap,1000
p39025,bin2,cost,331.26
p39025,bin2,cap,2000
p39025,bin3,cost,3312.63
p39025,bin3,cap,20000
p39027,bin1,cost,107.66
p39027,bin1,cap,1000
p39027,bin2,cost,331.26
p39027,bin2,cap,2000
p39027,bin3,cost,3312.63
p39027,bin3,cap,20000
p39029,bin1,cost,107.66
p39029,bin1,cap,1000
p39029,bin2,cost,331.26
p39029,bin2,cap,2000
p39029,bin3,cost,3312.63
p39029,bin3,cap,20000
p39031,bin1,cost,107.66
p39031,bin1,cap,1000
p39031,bin2,cost,331.26
p39031,bin2,cap,2000
p39031,bin3,cost,3312.63
p39031,bin3,cap,20000
p39033,bin1,cost,107.66
p39033,bin1,cap,1000
p39033,bin2,cost,331.26
p39033,bin2,cap,2000
p39033,bin3,cost,3312.63
p39033,bin3,cap,20000
p39035,bin1,cost,107.66
p39035,bin1,cap,1000
p39035,bin2,cost,331.26
p39035,bin2,cap,2000
p39035,bin3,cost,3312.63
p39035,bin3,cap,20000
p39037,bin1,cost,107.66
p39037,bin1,cap,1000
p39037,bin2,cost,331.26
p39037,bin2,cap,2000
p39037,bin3,cost,3312.63
p39037,bin3,cap,20000
p39039,bin1,cost,107.66
p39039,bin1,cap,1000
p39039,bin2,cost,331.26
p39039,bin2,cap,2000
p39039,bin3,cost,3312.63
p39039,bin3,cap,20000
p39041,bin1,cost,107.66
p39041,bin1,cap,1000
p39041,bin2,cost,331.26
p39041,bin2,cap,2000
p39041,bin3,cost,3312.63
p39041,bin3,cap,20000
p39043,bin1,cost,107.66
p39043,bin1,cap,1000
p39043,bin2,cost,331.26
p39043,bin2,cap,2000
p39043,bin3,cost,3312.63
p39043,bin3,cap,20000
p39045,bin1,cost,107.66
p39045,bin1,cap,1000
p39045,bin2,cost,331.26
p39045,bin2,cap,2000
p39045,bin3,cost,3312.63
p39045,bin3,cap,20000
p39047,bin1,cost,107.66
p39047,bin1,cap,1000
p39047,bin2,cost,331.26
p39047,bin2,cap,2000
p39047,bin3,cost,3312.63
p39047,bin3,cap,20000
p39049,bin1,cost,107.66
p39049,bin1,cap,1000
p39049,bin2,cost,331.26
p39049,bin2,cap,2000
p39049,bin3,cost,3312.63
p39049,bin3,cap,20000
p39051,bin1,cost,107.66
p39051,bin1,cap,1000
p39051,bin2,cost,331.26
p39051,bin2,cap,2000
p39051,bin3,cost,3312.63
p39051,bin3,cap,20000
p39053,bin1,cost,107.66
p39053,bin1,cap,1000
p39053,bin2,cost,331.26
p39053,bin2,cap,2000
p39053,bin3,cost,3312.63
p39053,bin3,cap,20000
p39055,bin1,cost,107.66
p39055,bin1,cap,1000
p39055,bin2,cost,331.26
p39055,bin2,cap,2000
p39055,bin3,cost,3312.63
p39055,bin3,cap,20000
p39057,bin1,cost,107.66
p39057,bin1,cap,1000
p39057,bin2,cost,331.26
p39057,bin2,cap,2000
p39057,bin3,cost,3312.63
p39057,bin3,cap,20000
p39059,bin1,cost,107.66
p39059,bin1,cap,1000
p39059,bin2,cost,331.26
p39059,bin2,cap,2000
p39059,bin3,cost,3312.63
p39059,bin3,cap,20000
p39061,bin1,cost,107.66
p39061,bin1,cap,1000
p39061,bin2,cost,331.26
p39061,bin2,cap,2000
p39061,bin3,cost,3312.63
p39061,bin3,cap,20000
p39063,bin1,cost,107.66
p39063,bin1,cap,1000
p39063,bin2,cost,331.26
p39063,bin2,cap,2000
p39063,bin3,cost,3312.63
p39063,bin3,cap,20000
p39065,bin1,cost,107.66
p39065,bin1,cap,1000
p39065,bin2,cost,331.26
p39065,bin2,cap,2000
p39065,bin3,cost,3312.63
p39065,bin3,cap,20000
p39067,bin1,cost,107.66
p39067,bin1,cap,1000
p39067,bin2,cost,331.26
p39067,bin2,cap,2000
p39067,bin3,cost,3312.63
p39067,bin3,cap,20000
p39069,bin1,cost,107.66
p39069,bin1,cap,1000
p39069,bin2,cost,331.26
p39069,bin2,cap,2000
p39069,bin3,cost,3312.63
p39069,bin3,cap,20000
p39071,bin1,cost,107.66
p39071,bin1,cap,1000
p39071,bin2,cost,331.26
p39071,bin2,cap,2000
p39071,bin3,cost,3312.63
p39071,bin3,cap,20000
p39073,bin1,cost,107.66
p39073,bin1,cap,1000
p39073,bin2,cost,331.26
p39073,bin2,cap,2000
p39073,bin3,cost,3312.63
p39073,bin3,cap,20000
p39075,bin1,cost,107.66
p39075,bin1,cap,1000
p39075,bin2,cost,331.26
p39075,bin2,cap,2000
p39075,bin3,cost,3312.63
p39075,bin3,cap,20000
p39077,bin1,cost,107.66
p39077,bin1,cap,1000
p39077,bin2,cost,331.26
p39077,bin2,cap,2000
p39077,bin3,cost,3312.63
p39077,bin3,cap,20000
p39079,bin1,cost,107.66
p39079,bin1,cap,1000
p39079,bin2,cost,331.26
p39079,bin2,cap,2000
p39079,bin3,cost,3312.63
p39079,bin3,cap,20000
p39081,bin1,cost,107.66
p39081,bin1,cap,1000
p39081,bin2,cost,331.26
p39081,bin2,cap,2000
p39081,bin3,cost,3312.63
p39081,bin3,cap,20000
p39083,bin1,cost,107.66
p39083,bin1,cap,1000
p39083,bin2,cost,331.26
p39083,bin2,cap,2000
p39083,bin3,cost,3312.63
p39083,bin3,cap,20000
p39085,bin1,cost,107.66
p39085,bin1,cap,1000
p39085,bin2,cost,331.26
p39085,bin2,cap,2000
p39085,bin3,cost,3312.63
p39085,bin3,cap,20000
p39087,bin1,cost,107.66
p39087,bin1,cap,1000
p39087,bin2,cost,331.26
p39087,bin2,cap,2000
p39087,bin3,cost,3312.63
p39087,bin3,cap,20000
p39089,bin1,cost,107.66
p39089,bin1,cap,1000
p39089,bin2,cost,331.26
p39089,bin2,cap,2000
p39089,bin3,cost,3312.63
p39089,bin3,cap,20000
p39091,bin1,cost,107.66
p39091,bin1,cap,1000
p39091,bin2,cost,331.26
p39091,bin2,cap,2000
p39091,bin3,cost,3312.63
p39091,bin3,cap,20000
p39093,bin1,cost,107.66
p39093,bin1,cap,1000
p39093,bin2,cost,331.26
p39093,bin2,cap,2000
p39093,bin3,cost,3312.63
p39093,bin3,cap,20000
p39095,bin1,cost,107.66
p39095,bin1,cap,1000
p39095,bin2,cost,331.26
p39095,bin2,cap,2000
p39095,bin3,cost,3312.63
p39095,bin3,cap,20000
p39097,bin1,cost,107.66
p39097,bin1,cap,1000
p39097,bin2,cost,331.26
p39097,bin2,cap,2000
p39097,bin3,cost,3312.63
p39097,bin3,cap,20000
p39099,bin1,cost,107.66
p39099,bin1,cap,1000
p39099,bin2,cost,331.26
p39099,bin2,cap,2000
p39099,bin3,cost,3312.63
p39099,bin3,cap,20000
p39101,bin1,cost,107.66
p39101,bin1,cap,1000
p39101,bin2,cost,331.26
p39101,bin2,cap,2000
p39101,bin3,cost,3312.63
p39101,bin3,cap,20000
p39103,bin1,cost,107.66
p39103,bin1,cap,1000
p39103,bin2,cost,331.26
p39103,bin2,cap,2000
p39103,bin3,cost,3312.63
p39103,bin3,cap,20000
p39105,bin1,cost,107.66
p39105,bin1,cap,1000
p39105,bin2,cost,331.26
p39105,bin2,cap,2000
p39105,bin3,cost,3312.63
p39105,bin3,cap,20000
p39107,bin1,cost,107.66
p39107,bin1,cap,1000
p39107,bin2,cost,331.26
p39107,bin2,cap,2000
p39107,bin3,cost,3312.63
p39107,bin3,cap,20000
p39109,bin1,cost,107.66
p39109,bin1,cap,1000
p39109,bin2,cost,331.26
p39109,bin2,cap,2000
p39109,bin3,cost,3312.63
p39109,bin3,cap,20000
p39111,bin1,cost,107.66
p39111,bin1,cap,1000
p39111,bin2,cost,331.26
p39111,bin2,cap,2000
p39111,bin3,cost,3312.63
p39111,bin3,cap,20000
p39113,bin1,cost,107.66
p39113,bin1,cap,1000
p39113,bin2,cost,331.26
p39113,bin2,cap,2000
p39113,bin3,cost,3312.63
p39113,bin3,cap,20000
p39115,bin1,cost,107.66
p39115,bin1,cap,1000
p39115,bin2,cost,331.26
p39115,bin2,cap,2000
p39115,bin3,cost,3312.63
p39115,bin3,cap,20000
p39117,bin1,cost,107.66
p39117,bin1,cap,1000
p39117,bin2,cost,331.26
p39117,bin2,cap,2000
p39117,bin3,cost,3312.63
p39117,bin3,cap,20000
p39119,bin1,cost,107.66
p39119,bin1,cap,1000
p39119,bin2,cost,331.26
p39119,bin2,cap,2000
p39119,bin3,cost,3312.63
p39119,bin3,cap,20000
p39121,bin1,cost,107.66
p39121,bin1,cap,1000
p39121,bin2,cost,331.26
p39121,bin2,cap,2000
p39121,bin3,cost,3312.63
p39121,bin3,cap,20000
p39123,bin1,cost,107.66
p39123,bin1,cap,1000
p39123,bin2,cost,331.26
p39123,bin2,cap,2000
p39123,bin3,cost,3312.63
p39123,bin3,cap,20000
p39125,bin1,cost,107.66
p39125,bin1,cap,1000
p39125,bin2,cost,331.26
p39125,bin2,cap,2000
p39125,bin3,cost,3312.63
p39125,bin3,cap,20000
p39127,bin1,cost,107.66
p39127,bin1,cap,1000
p39127,bin2,cost,331.26
p39127,bin2,cap,2000
p39127,bin3,cost,3312.63
p39127,bin3,cap,20000
p39129,bin1,cost,107.66
p39129,bin1,cap,1000
p39129,bin2,cost,331.26
p39129,bin2,cap,2000
p39129,bin3,cost,3312.63
p39129,bin3,cap,20000
p39131,bin1,cost,107.66
p39131,bin1,cap,1000
p39131,bin2,cost,331.26
p39131,bin2,cap,2000
p39131,bin3,cost,3312.63
p39131,bin3,cap,20000
p39133,bin1,cost,107.66
p39133,bin1,cap,1000
p39133,bin2,cost,331.26
p39133,bin2,cap,2000
p39133,bin3,cost,3312.63
p39133,bin3,cap,20000
p39135,bin1,cost,107.66
p39135,bin1,cap,1000
p39135,bin2,cost,331.26
p39135,bin2,cap,2000
p39135,bin3,cost,3312.63
p39135,bin3,cap,20000
p39137,bin1,cost,107.66
p39137,bin1,cap,1000
p39137,bin2,cost,331.26
p39137,bin2,cap,2000
p39137,bin3,cost,3312.63
p39137,bin3,cap,20000
p39139,bin1,cost,107.66
p39139,bin1,cap,1000
p39139,bin2,cost,331.26
p39139,bin2,cap,2000
p39139,bin3,cost,3312.63
p39139,bin3,cap,20000
p39141,bin1,cost,107.66
p39141,bin1,cap,1000
p39141,bin2,cost,331.26
p39141,bin2,cap,2000
p39141,bin3,cost,3312.63
p39141,bin3,cap,20000
p39143,bin1,cost,107.66
p39143,bin1,cap,1000
p39143,bin2,cost,331.26
p39143,bin2,cap,2000
p39143,bin3,cost,3312.63
p39143,bin3,cap,20000
p39145,bin1,cost,107.66
p39145,bin1,cap,1000
p39145,bin2,cost,331.26
p39145,bin2,cap,2000
p39145,bin3,cost,3312.63
p39145,bin3,cap,20000
p39147,bin1,cost,107.66
p39147,bin1,cap,1000
p39147,bin2,cost,331.26
p39147,bin2,cap,2000
p39147,bin3,cost,3312.63
p39147,bin3,cap,20000
p39149,bin1,cost,107.66
p39149,bin1,cap,1000
p39149,bin2,cost,331.26
p39149,bin2,cap,2000
p39149,bin3,cost,3312.63
p39149,bin3,cap,20000
p39151,bin1,cost,107.66
p39151,bin1,cap,1000
p39151,bin2,cost,331.26
p39151,bin2,cap,2000
p39151,bin3,cost,3312.63
p39151,bin3,cap,20000
p39153,bin1,cost,107.66
p39153,bin1,cap,1000
p39153,bin2,cost,331.26
p39153,bin2,cap,2000
p39153,bin3,cost,3312.63
p39153,bin3,cap,20000
p39155,bin1,cost,107.66
p39155,bin1,cap,1000
p39155,bin2,cost,331.26
p39155,bin2,cap,2000
p39155,bin3,cost,3312.63
p39155,bin3,cap,20000
p39157,bin1,cost,107.66
p39157,bin1,cap,1000
p39157,bin2,cost,331.26
p39157,bin2,cap,2000
p39157,bin3,cost,3312.63
p39157,bin3,cap,20000
p39159,bin1,cost,107.66
p39159,bin1,cap,1000
p39159,bin2,cost,331.26
p39159,bin2,cap,2000
p39159,bin3,cost,3312.63
p39159,bin3,cap,20000
p39161,bin1,cost,107.66
p39161,bin1,cap,1000
p39161,bin2,cost,331.26
p39161,bin2,cap,2000
p39161,bin3,cost,3312.63
p39161,bin3,cap,20000
p39163,bin1,cost,107.66
p39163,bin1,cap,1000
p39163,bin2,cost,331.26
p39163,bin2,cap,2000
p39163,bin3,cost,3312.63
p39163,bin3,cap,20000
p39165,bin1,cost,107.66
p39165,bin1,cap,1000
p39165,bin2,cost,331.26
p39165,bin2,cap,2000
p39165,bin3,cost,3312.63
p39165,bin3,cap,20000
p39167,bin1,cost,107.66
p39167,bin1,cap,1000
p39167,bin2,cost,331.26
p39167,bin2,cap,2000
p39167,bin3,cost,3312.63
p39167,bin3,cap,20000
p39169,bin1,cost,107.66
p39169,bin1,cap,1000
p39169,bin2,cost,331.26
p39169,bin2,cap,2000
p39169,bin3,cost,3312.63
p39169,bin3,cap,20000
p39171,bin1,cost,107.66
p39171,bin1,cap,1000
p39171,bin2,cost,331.26
p39171,bin2,cap,2000
p39171,bin3,cost,3312.63
p39171,bin3,cap,20000
p39173,bin1,cost,107.66
p39173,bin1,cap,1000
p39173,bin2,cost,331.26
p39173,bin2,cap,2000
p39173,bin3,cost,3312.63
p39173,bin3,cap,20000
p39175,bin1,cost,107.66
p39175,bin1,cap,1000
p39175,bin2,cost,331.26
p39175,bin2,cap,2000
p39175,bin3,cost,3312.63
p39175,bin3,cap,20000
p42001,bin1,cost,107.66
p42001,bin1,cap,1000
p42001,bin2,cost,331.26
p42001,bin2,cap,2000
p42001,bin3,cost,3312.63
p42001,bin3,cap,20000
p42003,bin1,cost,107.66
p42003,bin1,cap,1000
p42003,bin2,cost,331.26
p42003,bin2,cap,2000
p42003,bin3,cost,3312.63
p42003,bin3,cap,20000
p42005,bin1,cost,107.66
p42005,bin1,cap,1000
p42005,bin2,cost,331.26
p42005,bin2,cap,2000
p42005,bin3,cost,3312.63
p42005,bin3,cap,20000
p42007,bin1,cost,107.66
p42007,bin1,cap,1000
p42007,bin2,cost,331.26
p42007,bin2,cap,2000
p42007,bin3,cost,3312.63
p42007,bin3,cap,20000
p42009,bin1,cost,107.66
p42009,bin1,cap,1000
p42009,bin2,cost,331.26
p42009,bin2,cap,2000
p42009,bin3,cost,3312.63
p42009,bin3,cap,20000
p42011,bin1,cost,107.66
p42011,bin1,cap,1000
p42011,bin2,cost,331.26
p42011,bin2,cap,2000
p42011,bin3,cost,3312.63
p42011,bin3,cap,20000
p42013,bin1,cost,107.66
p42013,bin1,cap,1000
p42013,bin2,cost,331.26
p42013,bin2,cap,2000
p42013,bin3,cost,3312.63
p42013,bin3,cap,20000
p42015,bin1,cost,107.66
p42015,bin1,cap,1000
p42015,bin2,cost,331.26
p42015,bin2,cap,2000
p42015,bin3,cost,3312.63
p42015,bin3,cap,20000
p42017,bin1,cost,107.66
p42017,bin1,cap,1000
p42017,bin2,cost,331.26
p42017,bin2,cap,2000
p42017,bin3,cost,3312.63
p42017,bin3,cap,20000
p42019,bin1,cost,107.66
p42019,bin1,cap,1000
p42019,bin2,cost,331.26
p42019,bin2,cap,2000
p42019,bin3,cost,3312.63
p42019,bin3,cap,20000
p42021,bin1,cost,107.66
p42021,bin1,cap,1000
p42021,bin2,cost,331.26
p42021,bin2,cap,2000
p42021,bin3,cost,3312.63
p42021,bin3,cap,20000
p42023,bin1,cost,107.66
p42023,bin1,cap,1000
p42023,bin2,cost,331.26
p42023,bin2,cap,2000
p42023,bin3,cost,3312.63
p42023,bin3,cap,20000
p42025,bin1,cost,107.66
p42025,bin1,cap,1000
p42025,bin2,cost,331.26
p42025,bin2,cap,2000
p42025,bin3,cost,3312.63
p42025,bin3,cap,20000
p42027,bin1,cost,107.66
p42027,bin1,cap,1000
p42027,bin2,cost,331.26
p42027,bin2,cap,2000
p42027,bin3,cost,3312.63
p42027,bin3,cap,20000
p42029,bin1,cost,107.66
p42029,bin1,cap,1000
p42029,bin2,cost,331.26
p42029,bin2,cap,2000
p42029,bin3,cost,3312.63
p42029,bin3,cap,20000
p42031,bin1,cost,107.66
p42031,bin1,cap,1000
p42031,bin2,cost,331.26
p42031,bin2,cap,2000
p42031,bin3,cost,3312.63
p42031,bin3,cap,20000
p42033,bin1,cost,107.66
p42033,bin1,cap,1000
p42033,bin2,cost,331.26
p42033,bin2,cap,2000
p42033,bin3,cost,3312.63
p42033,bin3,cap,20000
p42035,bin1,cost,107.66
p42035,bin1,cap,1000
p42035,bin2,cost,331.26
p42035,bin2,cap,2000
p42035,bin3,cost,3312.63
p42035,bin3,cap,20000
p42037,bin1,cost,107.66
p42037,bin1,cap,1000
p42037,bin2,cost,331.26
p42037,bin2,cap,2000
p42037,bin3,cost,3312.63
p42037,bin3,cap,20000
p42039,bin1,cost,107.66
p42039,bin1,cap,1000
p42039,bin2,cost,331.26
p42039,bin2,cap,2000
p42039,bin3,cost,3312.63
p42039,bin3,cap,20000
p42041,bin1,cost,107.66
p42041,bin1,cap,1000
p42041,bin2,cost,331.26
p42041,bin2,cap,2000
p42041,bin3,cost,3312.63
p42041,bin3,cap,20000
p42043,bin1,cost,107.66
p42043,bin1,cap,1000
p42043,bin2,cost,331.26
p42043,bin2,cap,2000
p42043,bin3,cost,3312.63
p42043,bin3,cap,20000
p42045,bin1,cost,107.66
p42045,bin1,cap,1000
p42045,bin2,cost,331.26
p42045,bin2,cap,2000
p42045,bin3,cost,3312.63
p42045,bin3,cap,20000
p42047,bin1,cost,107.66
p42047,bin1,cap,1000
p42047,bin2,cost,331.26
p42047,bin2,cap,2000
p42047,bin3,cost,3312.63
p42047,bin3,cap,20000
p42049,bin1,cost,107.66
p42049,bin1,cap,1000
p42049,bin2,cost,331.26
p42049,bin2,cap,2000
p42049,bin3,cost,3312.63
p42049,bin3,cap,20000
p42051,bin1,cost,107.66
p42051,bin1,cap,1000
p42051,bin2,cost,331.26
p42051,bin2,cap,2000
p42051,bin3,cost,3312.63
p42051,bin3,cap,20000
p42053,bin1,cost,107.66
p42053,bin1,cap,1000
p42053,bin2,cost,331.26
p42053,bin2,cap,2000
p42053,bin3,cost,3312.63
p42053,bin3,cap,20000
p42055,bin1,cost,107.66
p42055,bin1,cap,1000
p42055,bin2,cost,331.26
p42055,bin2,cap,2000
p42055,bin3,cost,3312.63
p42055,bin3,cap,20000
p42057,bin1,cost,107.66
p42057,bin1,cap,1000
p42057,bin2,cost,331.26
p42057,bin2,cap,2000
p42057,bin3,cost,3312.63
p42057,bin3,cap,20000
p42059,bin1,cost,107.66
p42059,bin1,cap,1000
p42059,bin2,cost,331.26
p42059,bin2,cap,2000
p42059,bin3,cost,3312.63
p42059,bin3,cap,20000
p42061,bin1,cost,107.66
p42061,bin1,cap,1000
p42061,bin2,cost,331.26
p42061,bin2,cap,2000
p42061,bin3,cost,3312.63
p42061,bin3,cap,20000
p42063,bin1,cost,107.66
p42063,bin1,cap,1000
p42063,bin2,cost,331.26
p42063,bin2,cap,2000
p42063,bin3,cost,3312.63
p42063,bin3,cap,20000
p42065,bin1,cost,107.66
p42065,bin1,cap,1000
p42065,bin2,cost,331.26
p42065,bin2,cap,2000
p42065,bin3,cost,3312.63
p42065,bin3,cap,20000
p42067,bin1,cost,107.66
p42067,bin1,cap,1000
p42067,bin2,cost,331.26
p42067,bin2,cap,2000
p42067,bin3,cost,3312.63
p42067,bin3,cap,20000
p42069,bin1,cost,107.66
p42069,bin1,cap,1000
p42069,bin2,cost,331.26
p42069,bin2,cap,2000
p42069,bin3,cost,3312.63
p42069,bin3,cap,20000
p42071,bin1,cost,107.66
p42071,bin1,cap,1000
p42071,bin2,cost,331.26
p42071,bin2,cap,2000
p42071,bin3,cost,3312.63
p42071,bin3,cap,20000
p42073,bin1,cost,107.66
p42073,bin1,cap,1000
p42073,bin2,cost,331.26
p42073,bin2,cap,2000
p42073,bin3,cost,3312.63
p42073,bin3,cap,20000
p42075,bin1,cost,107.66
p42075,bin1,cap,1000
p42075,bin2,cost,331.26
p42075,bin2,cap,2000
p42075,bin3,cost,3312.63
p42075,bin3,cap,20000
p42077,bin1,cost,107.66
p42077,bin1,cap,1000
p42077,bin2,cost,331.26
p42077,bin2,cap,2000
p42077,bin3,cost,3312.63
p42077,bin3,cap,20000
p42079,bin1,cost,107.66
p42079,bin1,cap,1000
p42079,bin2,cost,331.26
p42079,bin2,cap,2000
p42079,bin3,cost,3312.63
p42079,bin3,cap,20000
p42081,bin1,cost,107.66
p42081,bin1,cap,1000
p42081,bin2,cost,331.26
p42081,bin2,cap,2000
p42081,bin3,cost,3312.63
p42081,bin3,cap,20000
p42083,bin1,cost,107.66
p42083,bin1,cap,1000
p42083,bin2,cost,331.26
p42083,bin2,cap,2000
p42083,bin3,cost,3312.63
p42083,bin3,cap,20000
p42085,bin1,cost,107.66
p42085,bin1,cap,1000
p42085,bin2,cost,331.26
p42085,bin2,cap,2000
p42085,bin3,cost,3312.63
p42085,bin3,cap,20000
p42087,bin1,cost,107.66
p42087,bin1,cap,1000
p42087,bin2,cost,331.26
p42087,bin2,cap,2000
p42087,bin3,cost,3312.63
p42087,bin3,cap,20000
p42089,bin1,cost,107.66
p42089,bin1,cap,1000
p42089,bin2,cost,331.26
p42089,bin2,cap,2000
p42089,bin3,cost,3312.63
p42089,bin3,cap,20000
p42091,bin1,cost,107.66
p42091,bin1,cap,1000
p42091,bin2,cost,331.26
p42091,bin2,cap,2000
p42091,bin3,cost,3312.63
p42091,bin3,cap,20000
p42093,bin1,cost,107.66
p42093,bin1,cap,1000
p42093,bin2,cost,331.26
p42093,bin2,cap,2000
p42093,bin3,cost,3312.63
p42093,bin3,cap,20000
p42095,bin1,cost,107.66
p42095,bin1,cap,1000
p42095,bin2,cost,331.26
p42095,bin2,cap,2000
p42095,bin3,cost,3312.63
p42095,bin3,cap,20000
p42097,bin1,cost,107.66
p42097,bin1,cap,1000
p42097,bin2,cost,331.26
p42097,bin2,cap,2000
p42097,bin3,cost,3312.63
p42097,bin3,cap,20000
p42099,bin1,cost,107.66
p42099,bin1,cap,1000
p42099,bin2,cost,331.26
p42099,bin2,cap,2000
p42099,bin3,cost,3312.63
p42099,bin3,cap,20000
p42101,bin1,cost,107.66
p42101,bin1,cap,1000
p42101,bin2,cost,331.26
p42101,bin2,cap,2000
p42101,bin3,cost,3312.63
p42101,bin3,cap,20000
p42103,bin1,cost,107.66
p42103,bin1,cap,1000
p42103,bin2,cost,331.26
p42103,bin2,cap,2000
p42103,bin3,cost,3312.63
p42103,bin3,cap,20000
p42105,bin1,cost,107.66
p42105,bin1,cap,1000
p42105,bin2,cost,331.26
p42105,bin2,cap,2000
p42105,bin3,cost,3312.63
p42105,bin3,cap,20000
p42107,bin1,cost,107.66
p42107,bin1,cap,1000
p42107,bin2,cost,331.26
p42107,bin2,cap,2000
p42107,bin3,cost,3312.63
p42107,bin3,cap,20000
p42109,bin1,cost,107.66
p42109,bin1,cap,1000
p42109,bin2,cost,331.26
p42109,bin2,cap,2000
p42109,bin3,cost,3312.63
p42109,bin3,cap,20000
p42111,bin1,cost,107.66
p42111,bin1,cap,1000
p42111,bin2,cost,331.26
p42111,bin2,cap,2000
p42111,bin3,cost,3312.63
p42111,bin3,cap,20000
p42113,bin1,cost,107.66
p42113,bin1,cap,1000
p42113,bin2,cost,331.26
p42113,bin2,cap,2000
p42113,bin3,cost,3312.63
p42113,bin3,cap,20000
p42115,bin1,cost,107.66
p42115,bin1,cap,1000
p42115,bin2,cost,331.26
p42115,bin2,cap,2000
p42115,bin3,cost,3312.63
p42115,bin3,cap,20000
p42117,bin1,cost,107.66
p42117,bin1,cap,1000
p42117,bin2,cost,331.26
p42117,bin2,cap,2000
p42117,bin3,cost,3312.63
p42117,bin3,cap,20000
p42119,bin1,cost,107.66
p42119,bin1,cap,1000
p42119,bin2,cost,331.26
p42119,bin2,cap,2000
p42119,bin3,cost,3312.63
p42119,bin3,cap,20000
p42121,bin1,cost,107.66
p42121,bin1,cap,1000
p42121,bin2,cost,331.26
p42121,bin2,cap,2000
p42121,bin3,cost,3312.63
p42121,bin3,cap,20000
p42123,bin1,cost,107.66
p42123,bin1,cap,1000
p42123,bin2,cost,331.26
p42123,bin2,cap,2000
p42123,bin3,cost,3312.63
p42123,bin3,cap,20000
p42125,bin1,cost,107.66
p42125,bin1,cap,1000
p42125,bin2,cost,331.26
p42125,bin2,cap,2000
p42125,bin3,cost,3312.63
p42125,bin3,cap,20000
p42127,bin1,cost,107.66
p42127,bin1,cap,1000
p42127,bin2,cost,331.26
p42127,bin2,cap,2000
p42127,bin3,cost,3312.63
p42127,bin3,cap,20000
p42129,bin1,cost,107.66
p42129,bin1,cap,1000
p42129,bin2,cost,331.26
p42129,bin2,cap,2000
p42129,bin3,cost,3312.63
p42129,bin3,cap,20000
p42131,bin1,cost,107.66
p42131,bin1,cap,1000
p42131,bin2,cost,331.26
p42131,bin2,cap,2000
p42131,bin3,cost,3312.63
p42131,bin3,cap,20000
p42133,bin1,cost,107.66
p42133,bin1,cap,1000
p42133,bin2,cost,331.26
p42133,bin2,cap,2000
p42133,bin3,cost,3312.63
p42133,bin3,cap,20000
p47001,bin1,cost,107.66
p47001,bin1,cap,1000
p47001,bin2,cost,331.26
p47001,bin2,cap,2000
p47001,bin3,cost,3312.63
p47001,bin3,cap,20000
p47003,bin1,cost,107.66
p47003,bin1,cap,1000
p47003,bin2,cost,331.26
p47003,bin2,cap,2000
p47003,bin3,cost,3312.63
p47003,bin3,cap,20000
p47005,bin1,cost,107.66
p47005,bin1,cap,1000
p47005,bin2,cost,331.26
p47005,bin2,cap,2000
p47005,bin3,cost,3312.63
p47005,bin3,cap,20000
p47007,bin1,cost,107.66
p47007,bin1,cap,1000
p47007,bin2,cost,331.26
p47007,bin2,cap,2000
p47007,bin3,cost,3312.63
p47007,bin3,cap,20000
p47009,bin1,cost,107.66
p47009,bin1,cap,1000
p47009,bin2,cost,331.26
p47009,bin2,cap,2000
p47009,bin3,cost,3312.63
p47009,bin3,cap,20000
p47011,bin1,cost,107.66
p47011,bin1,cap,1000
p47011,bin2,cost,331.26
p47011,bin2,cap,2000
p47011,bin3,cost,3312.63
p47011,bin3,cap,20000
p47013,bin1,cost,107.66
p47013,bin1,cap,1000
p47013,bin2,cost,331.26
p47013,bin2,cap,2000
p47013,bin3,cost,3312.63
p47013,bin3,cap,20000
p47015,bin1,cost,107.66
p47015,bin1,cap,1000
p47015,bin2,cost,331.26
p47015,bin2,cap,2000
p47015,bin3,cost,3312.63
p47015,bin3,cap,20000
p47017,bin1,cost,107.66
p47017,bin1,cap,1000
p47017,bin2,cost,331.26
p47017,bin2,cap,2000
p47017,bin3,cost,3312.63
p47017,bin3,cap,20000
p47019,bin1,cost,107.66
p47019,bin1,cap,1000
p47019,bin2,cost,331.26
p47019,bin2,cap,2000
p47019,bin3,cost,3312.63
p47019,bin3,cap,20000
p47021,bin1,cost,107.66
p47021,bin1,cap,1000
p47021,bin2,cost,331.26
p47021,bin2,cap,2000
p47021,bin3,cost,3312.63
p47021,bin3,cap,20000
p47023,bin1,cost,107.66
p47023,bin1,cap,1000
p47023,bin2,cost,331.26
p47023,bin2,cap,2000
p47023,bin3,cost,3312.63
p47023,bin3,cap,20000
p47025,bin1,cost,107.66
p47025,bin1,cap,1000
p47025,bin2,cost,331.26
p47025,bin2,cap,2000
p47025,bin3,cost,3312.63
p47025,bin3,cap,20000
p47027,bin1,cost,107.66
p47027,bin1,cap,1000
p47027,bin2,cost,331.26
p47027,bin2,cap,2000
p47027,bin3,cost,3312.63
p47027,bin3,cap,20000
p47029,bin1,cost,107.66
p47029,bin1,cap,1000
p47029,bin2,cost,331.26
p47029,bin2,cap,2000
p47029,bin3,cost,3312.63
p47029,bin3,cap,20000
p47031,bin1,cost,107.66
p47031,bin1,cap,1000
p47031,bin2,cost,331.26
p47031,bin2,cap,2000
p47031,bin3,cost,3312.63
p47031,bin3,cap,20000
p47033,bin1,cost,107.66
p47033,bin1,cap,1000
p47033,bin2,cost,331.26
p47033,bin2,cap,2000
p47033,bin3,cost,3312.63
p47033,bin3,cap,20000
p47035,bin1,cost,107.66
p47035,bin1,cap,1000
p47035,bin2,cost,331.26
p47035,bin2,cap,2000
p47035,bin3,cost,3312.63
p47035,bin3,cap,20000
p47037,bin1,cost,107.66
p47037,bin1,cap,1000
p47037,bin2,cost,331.26
p47037,bin2,cap,2000
p47037,bin3,cost,3312.63
p47037,bin3,cap,20000
p47039,bin1,cost,107.66
p47039,bin1,cap,1000
p47039,bin2,cost,331.26
p47039,bin2,cap,2000
p47039,bin3,cost,3312.63
p47039,bin3,cap,20000
p47041,bin1,cost,107.66
p47041,bin1,cap,1000
p47041,bin2,cost,331.26
p47041,bin2,cap,2000
p47041,bin3,cost,3312.63
p47041,bin3,cap,20000
p47043,bin1,cost,107.66
p47043,bin1,cap,1000
p47043,bin2,cost,331.26
p47043,bin2,cap,2000
p47043,bin3,cost,3312.63
p47043,bin3,cap,20000
p47045,bin1,cost,107.66
p47045,bin1,cap,1000
p47045,bin2,cost,331.26
p47045,bin2,cap,2000
p47045,bin3,cost,3312.63
p47045,bin3,cap,20000
p47047,bin1,cost,107.66
p47047,bin1,cap,1000
p47047,bin2,cost,331.26
p47047,bin2,cap,2000
p47047,bin3,cost,3312.63
p47047,bin3,cap,20000
p47049,bin1,cost,107.66
p47049,bin1,cap,1000
p47049,bin2,cost,331.26
p47049,bin2,cap,2000
p47049,bin3,cost,3312.63
p47049,bin3,cap,20000
p47051,bin1,cost,107.66
p47051,bin1,cap,1000
p47051,bin2,cost,331.26
p47051,bin2,cap,2000
p47051,bin3,cost,3312.63
p47051,bin3,cap,20000
p47053,bin1,cost,107.66
p47053,bin1,cap,1000
p47053,bin2,cost,331.26
p47053,bin2,cap,2000
p47053,bin3,cost,3312.63
p47053,bin3,cap,20000
p47055,bin1,cost,107.66
p47055,bin1,cap,1000
p47055,bin2,cost,331.26
p47055,bin2,cap,2000
p47055,bin3,cost,3312.63
p47055,bin3,cap,20000
p47057,bin1,cost,107.66
p47057,bin1,cap,1000
p47057,bin2,cost,331.26
p47057,bin2,cap,2000
p47057,bin3,cost,3312.63
p47057,bin3,cap,20000
p47059,bin1,cost,107.66
p47059,bin1,cap,1000
p47059,bin2,cost,331.26
p47059,bin2,cap,2000
p47059,bin3,cost,3312.63
p47059,bin3,cap,20000
p47061,bin1,cost,107.66
p47061,bin1,cap,1000
p47061,bin2,cost,331.26
p47061,bin2,cap,2000
p47061,bin3,cost,3312.63
p47061,bin3,cap,20000
p47063,bin1,cost,107.66
p47063,bin1,cap,1000
p47063,bin2,cost,331.26
p47063,bin2,cap,2000
p47063,bin3,cost,3312.63
p47063,bin3,cap,20000
p47065,bin1,cost,107.66
p47065,bin1,cap,1000
p47065,bin2,cost,331.26
p47065,bin2,cap,2000
p47065,bin3,cost,3312.63
p47065,bin3,cap,20000
p47067,bin1,cost,107.66
p47067,bin1,cap,1000
p47067,bin2,cost,331.26
p47067,bin2,cap,2000
p47067,bin3,cost,3312.63
p47067,bin3,cap,20000
p47069,bin1,cost,107.66
p47069,bin1,cap,1000
p47069,bin2,cost,331.26
p47069,bin2,cap,2000
p47069,bin3,cost,3312.63
p47069,bin3,cap,20000
p47071,bin1,cost,107.66
p47071,bin1,cap,1000
p47071,bin2,cost,331.26
p47071,bin2,cap,2000
p47071,bin3,cost,3312.63
p47071,bin3,cap,20000
p47073,bin1,cost,107.66
p47073,bin1,cap,1000
p47073,bin2,cost,331.26
p47073,bin2,cap,2000
p47073,bin3,cost,3312.63
p47073,bin3,cap,20000
p47075,bin1,cost,107.66
p47075,bin1,cap,1000
p47075,bin2,cost,331.26
p47075,bin2,cap,2000
p47075,bin3,cost,3312.63
p47075,bin3,cap,20000
p47077,bin1,cost,107.66
p47077,bin1,cap,1000
p47077,bin2,cost,331.26
p47077,bin2,cap,2000
p47077,bin3,cost,3312.63
p47077,bin3,cap,20000
p47079,bin1,cost,107.66
p47079,bin1,cap,1000
p47079,bin2,cost,331.26
p47079,bin2,cap,2000
p47079,bin3,cost,3312.63
p47079,bin3,cap,20000
p47081,bin1,cost,107.66
p47081,bin1,cap,1000
p47081,bin2,cost,331.26
p47081,bin2,cap,2000
p47081,bin3,cost,3312.63
p47081,bin3,cap,20000
p47083,bin1,cost,107.66
p47083,bin1,cap,1000
p47083,bin2,cost,331.26
p47083,bin2,cap,2000
p47083,bin3,cost,3312.63
p47083,bin3,cap,20000
p47085,bin1,cost,107.66
p47085,bin1,cap,1000
p47085,bin2,cost,331.26
p47085,bin2,cap,2000
p47085,bin3,cost,3312.63
p47085,bin3,cap,20000
p47087,bin1,cost,107.66
p47087,bin1,cap,1000
p47087,bin2,cost,331.26
p47087,bin2,cap,2000
p47087,bin3,cost,3312.63
p47087,bin3,cap,20000
p47089,bin1,cost,107.66
p47089,bin1,cap,1000
p47089,bin2,cost,331.26
p47089,bin2,cap,2000
p47089,bin3,cost,3312.63
p47089,bin3,cap,20000
p47091,bin1,cost,107.66
p47091,bin1,cap,1000
p47091,bin2,cost,331.26
p47091,bin2,cap,2000
p47091,bin3,cost,3312.63
p47091,bin3,cap,20000
p47093,bin1,cost,107.66
p47093,bin1,cap,1000
p47093,bin2,cost,331.26
p47093,bin2,cap,2000
p47093,bin3,cost,3312.63
p47093,bin3,cap,20000
p47095,bin1,cost,107.66
p47095,bin1,cap,1000
p47095,bin2,cost,331.26
p47095,bin2,cap,2000
p47095,bin3,cost,3312.63
p47095,bin3,cap,20000
p47097,bin1,cost,107.66
p47097,bin1,cap,1000
p47097,bin2,cost,331.26
p47097,bin2,cap,2000
p47097,bin3,cost,3312.63
p47097,bin3,cap,20000
p47099,bin1,cost,107.66
p47099,bin1,cap,1000
p47099,bin2,cost,331.26
p47099,bin2,cap,2000
p47099,bin3,cost,3312.63
p47099,bin3,cap,20000
p47101,bin1,cost,107.66
p47101,bin1,cap,1000
p47101,bin2,cost,331.26
p47101,bin2,cap,2000
p47101,bin3,cost,3312.63
p47101,bin3,cap,20000
p47103,bin1,cost,107.66
p47103,bin1,cap,1000
p47103,bin2,cost,331.26
p47103,bin2,cap,2000
p47103,bin3,cost,3312.63
p47103,bin3,cap,20000
p47105,bin1,cost,107.66
p47105,bin1,cap,1000
p47105,bin2,cost,331.26
p47105,bin2,cap,2000
p47105,bin3,cost,3312.63
p47105,bin3,cap,20000
p47107,bin1,cost,107.66
p47107,bin1,cap,1000
p47107,bin2,cost,331.26
p47107,bin2,cap,2000
p47107,bin3,cost,3312.63
p47107,bin3,cap,20000
p47109,bin1,cost,107.66
p47109,bin1,cap,1000
p47109,bin2,cost,331.26
p47109,bin2,cap,2000
p47109,bin3,cost,3312.63
p47109,bin3,cap,20000
p47111,bin1,cost,107.66
p47111,bin1,cap,1000
p47111,bin2,cost,331.26
p47111,bin2,cap,2000
p47111,bin3,cost,3312.63
p47111,bin3,cap,20000
p47113,bin1,cost,107.66
p47113,bin1,cap,1000
p47113,bin2,cost,331.26
p47113,bin2,cap,2000
p47113,bin3,cost,3312.63
p47113,bin3,cap,20000
p47115,bin1,cost,107.66
p47115,bin1,cap,1000
p47115,bin2,cost,331.26
p47115,bin2,cap,2000
p47115,bin3,cost,3312.63
p47115,bin3,cap,20000
p47117,bin1,cost,107.66
p47117,bin1,cap,1000
p47117,bin2,cost,331.26
p47117,bin2,cap,2000
p47117,bin3,cost,3312.63
p47117,bin3,cap,20000
p47119,bin1,cost,107.66
p47119,bin1,cap,1000
p47119,bin2,cost,331.26
p47119,bin2,cap,2000
p47119,bin3,cost,3312.63
p47119,bin3,cap,20000
p47121,bin1,cost,107.66
p47121,bin1,cap,1000
p47121,bin2,cost,331.26
p47121,bin2,cap,2000
p47121,bin3,cost,3312.63
p47121,bin3,cap,20000
p47123,bin1,cost,107.66
p47123,bin1,cap,1000
p47123,bin2,cost,331.26
p47123,bin2,cap,2000
p47123,bin3,cost,3312.63
p47123,bin3,cap,20000
p47125,bin1,cost,107.66
p47125,bin1,cap,1000
p47125,bin2,cost,331.26
p47125,bin2,cap,2000
p47125,bin3,cost,3312.63
p47125,bin3,cap,20000
p47127,bin1,cost,107.66
p47127,bin1,cap,1000
p47127,bin2,cost,331.26
p47127,bin2,cap,2000
p47127,bin3,cost,3312.63
p47127,bin3,cap,20000
p47129,bin1,cost,107.66
p47129,bin1,cap,1000
p47129,bin2,cost,331.26
p47129,bin2,cap,2000
p47129,bin3,cost,3312.63
p47129,bin3,cap,20000
p47131,bin1,cost,107.66
p47131,bin1,cap,1000
p47131,bin2,cost,331.26
p47131,bin2,cap,2000
p47131,bin3,cost,3312.63
p47131,bin3,cap,20000
p47133,bin1,cost,107.66
p47133,bin1,cap,1000
p47133,bin2,cost,331.26
p47133,bin2,cap,2000
p47133,bin3,cost,3312.63
p47133,bin3,cap,20000
p47135,bin1,cost,107.66
p47135,bin1,cap,1000
p47135,bin2,cost,331.26
p47135,bin2,cap,2000
p47135,bin3,cost,3312.63
p47135,bin3,cap,20000
p47137,bin1,cost,107.66
p47137,bin1,cap,1000
p47137,bin2,cost,331.26
p47137,bin2,cap,2000
p47137,bin3,cost,3312.63
p47137,bin3,cap,20000
p47139,bin1,cost,107.66
p47139,bin1,cap,1000
p47139,bin2,cost,331.26
p47139,bin2,cap,2000
p47139,bin3,cost,3312.63
p47139,bin3,cap,20000
p47141,bin1,cost,107.66
p47141,bin1,cap,1000
p47141,bin2,cost,331.26
p47141,bin2,cap,2000
p47141,bin3,cost,3312.63
p47141,bin3,cap,20000
p47143,bin1,cost,107.66
p47143,bin1,cap,1000
p47143,bin2,cost,331.26
p47143,bin2,cap,2000
p47143,bin3,cost,3312.63
p47143,bin3,cap,20000
p47145,bin1,cost,107.66
p47145,bin1,cap,1000
p47145,bin2,cost,331.26
p47145,bin2,cap,2000
p47145,bin3,cost,3312.63
p47145,bin3,cap,20000
p47147,bin1,cost,107.66
p47147,bin1,cap,1000
p47147,bin2,cost,331.26
p47147,bin2,cap,2000
p47147,bin3,cost,3312.63
p47147,bin3,cap,20000
p47149,bin1,cost,107.66
p47149,bin1,cap,1000
p47149,bin2,cost,331.26
p47149,bin2,cap,2000
p47149,bin3,cost,3312.63
p47149,bin3,cap,20000
p47151,bin1,cost,107.66
p47151,bin1,cap,1000
p47151,bin2,cost,331.26
p47151,bin2,cap,2000
p47151,bin3,cost,3312.63
p47151,bin3,cap,20000
p47153,bin1,cost,107.66
p47153,bin1,cap,1000
p47153,bin2,cost,331.26
p47153,bin2,cap,2000
p47153,bin3,cost,3312.63
p47153,bin3,cap,20000
p47155,bin1,cost,107.66
p47155,bin1,cap,1000
p47155,bin2,cost,331.26
p47155,bin2,cap,2000
p47155,bin3,cost,3312.63
p47155,bin3,cap,20000
p47157,bin1,cost,107.66
p47157,bin1,cap,1000
p47157,bin2,cost,331.26
p47157,bin2,cap,2000
p47157,bin3,cost,3312.63
p47157,bin3,cap,20000
p47159,bin1,cost,107.66
p47159,bin1,cap,1000
p47159,bin2,cost,331.26
p47159,bin2,cap,2000
p47159,bin3,cost,3312.63
p47159,bin3,cap,20000
p47161,bin1,cost,107.66
p47161,bin1,cap,1000
p47161,bin2,cost,331.26
p47161,bin2,cap,2000
p47161,bin3,cost,3312.63
p47161,bin3,cap,20000
p47163,bin1,cost,107.66
p47163,bin1,cap,1000
p47163,bin2,cost,331.26
p47163,bin2,cap,2000
p47163,bin3,cost,3312.63
p47163,bin3,cap,20000
p47165,bin1,cost,107.66
p47165,bin1,cap,1000
p47165,bin2,cost,331.26
p47165,bin2,cap,2000
p47165,bin3,cost,3312.63
p47165,bin3,cap,20000
p47167,bin1,cost,107.66
p47167,bin1,cap,1000
p47167,bin2,cost,331.26
p47167,bin2,cap,2000
p47167,bin3,cost,3312.63
p47167,bin3,cap,20000
p47169,bin1,cost,107.66
p47169,bin1,cap,1000
p47169,bin2,cost,331.26
p47169,bin2,cap,2000
p47169,bin3,cost,3312.63
p47169,bin3,cap,20000
p47171,bin1,cost,107.66
p47171,bin1,cap,1000
p47171,bin2,cost,331.26
p47171,bin2,cap,2000
p47171,bin3,cost,3312.63
p47171,bin3,cap,20000
p47173,bin1,cost,107.66
p47173,bin1,cap,1000
p47173,bin2,cost,331.26
p47173,bin2,cap,2000
p47173,bin3,cost,3312.63
p47173,bin3,cap,20000
p47175,bin1,cost,107.66
p47175,bin1,cap,1000
p47175,bin2,cost,331.26
p47175,bin2,cap,2000
p47175,bin3,cost,3312.63
p47175,bin3,cap,20000
p47177,bin1,cost,107.66
p47177,bin1,cap,1000
p47177,bin2,cost,331.26
p47177,bin2,cap,2000
p47177,bin3,cost,3312.63
p47177,bin3,cap,20000
p47179,bin1,cost,107.66
p47179,bin1,cap,1000
p47179,bin2,cost,331.26
p47179,bin2,cap,2000
p47179,bin3,cost,3312.63
p47179,bin3,cap,20000
p47181,bin1,cost,107.66
p47181,bin1,cap,1000
p47181,bin2,cost,331.26
p47181,bin2,cap,2000
p47181,bin3,cost,3312.63
p47181,bin3,cap,20000
p47183,bin1,cost,107.66
p47183,bin1,cap,1000
p47183,bin2,cost,331.26
p47183,bin2,cap,2000
p47183,bin3,cost,3312.63
p47183,bin3,cap,20000
p47185,bin1,cost,107.66
p47185,bin1,cap,1000
p47185,bin2,cost,331.26
p47185,bin2,cap,2000
p47185,bin3,cost,3312.63
p47185,bin3,cap,20000
p47187,bin1,cost,107.66
p47187,bin1,cap,1000
p47187,bin2,cost,331.26
p47187,bin2,cap,2000
p47187,bin3,cost,3312.63
p47187,bin3,cap,20000
p47189,bin1,cost,107.66
p47189,bin1,cap,1000
p47189,bin2,cost,331.26
p47189,bin2,cap,2000
p47189,bin3,cost,3312.63
p47189,bin3,cap,20000
p51001,bin1,cost,107.66
p51001,bin1,cap,1000
p51001,bin2,cost,331.26
p51001,bin2,cap,2000
p51001,bin3,cost,3312.63
p51001,bin3,cap,20000
p51003,bin1,cost,107.66
p51003,bin1,cap,1000
p51003,bin2,cost,331.26
p51003,bin2,cap,2000
p51003,bin3,cost,3312.63
p51003,bin3,cap,20000
p51005,bin1,cost,107.66
p51005,bin1,cap,1000
p51005,bin2,cost,331.26
p51005,bin2,cap,2000
p51005,bin3,cost,3312.63
p51005,bin3,cap,20000
p51007,bin1,cost,107.66
p51007,bin1,cap,1000
p51007,bin2,cost,331.26
p51007,bin2,cap,2000
p51007,bin3,cost,3312.63
p51007,bin3,cap,20000
p51009,bin1,cost,107.66
p51009,bin1,cap,1000
p51009,bin2,cost,331.26
p51009,bin2,cap,2000
p51009,bin3,cost,3312.63
p51009,bin3,cap,20000
p51011,bin1,cost,107.66
p51011,bin1,cap,1000
p51011,bin2,cost,331.26
p51011,bin2,cap,2000
p51011,bin3,cost,3312.63
p51011,bin3,cap,20000
p51013,bin1,cost,107.66
p51013,bin1,cap,1000
p51013,bin2,cost,331.26
p51013,bin2,cap,2000
p51013,bin3,cost,3312.63
p51013,bin3,cap,20000
p51015,bin1,cost,107.66
p51015,bin1,cap,1000
p51015,bin2,cost,331.26
p51015,bin2,cap,2000
p51015,bin3,cost,3312.63
p51015,bin3,cap,20000
p51017,bin1,cost,107.66
p51017,bin1,cap,1000
p51017,bin2,cost,331.26
p51017,bin2,cap,2000
p51017,bin3,cost,3312.63
p51017,bin3,cap,20000
p51019,bin1,cost,107.66
p51019,bin1,cap,1000
p51019,bin2,cost,331.26
p51019,bin2,cap,2000
p51019,bin3,cost,3312.63
p51019,bin3,cap,20000
p51021,bin1,cost,107.66
p51021,bin1,cap,1000
p51021,bin2,cost,331.26
p51021,bin2,cap,2000
p51021,bin3,cost,3312.63
p51021,bin3,cap,20000
p51023,bin1,cost,107.66
p51023,bin1,cap,1000
p51023,bin2,cost,331.26
p51023,bin2,cap,2000
p51023,bin3,cost,3312.63
p51023,bin3,cap,20000
p51025,bin1,cost,107.66
p51025,bin1,cap,1000
p51025,bin2,cost,331.26
p51025,bin2,cap,2000
p51025,bin3,cost,3312.63
p51025,bin3,cap,20000
p51027,bin1,cost,107.66
p51027,bin1,cap,1000
p51027,bin2,cost,331.26
p51027,bin2,cap,2000
p51027,bin3,cost,3312.63
p51027,bin3,cap,20000
p51029,bin1,cost,107.66
p51029,bin1,cap,1000
p51029,bin2,cost,331.26
p51029,bin2,cap,2000
p51029,bin3,cost,3312.63
p51029,bin3,cap,20000
p51031,bin1,cost,107.66
p51031,bin1,cap,1000
p51031,bin2,cost,331.26
p51031,bin2,cap,2000
p51031,bin3,cost,3312.63
p51031,bin3,cap,20000
p51033,bin1,cost,107.66
p51033,bin1,cap,1000
p51033,bin2,cost,331.26
p51033,bin2,cap,2000
p51033,bin3,cost,3312.63
p51033,bin3,cap,20000
p51035,bin1,cost,107.66
p51035,bin1,cap,1000
p51035,bin2,cost,331.26
p51035,bin2,cap,2000
p51035,bin3,cost,3312.63
p51035,bin3,cap,20000
p51036,bin1,cost,107.66
p51036,bin1,cap,1000
p51036,bin2,cost,331.26
p51036,bin2,cap,2000
p51036,bin3,cost,3312.63
p51036,bin3,cap,20000
p51037,bin1,cost,107.66
p51037,bin1,cap,1000
p51037,bin2,cost,331.26
p51037,bin2,cap,2000
p51037,bin3,cost,3312.63
p51037,bin3,cap,20000
p51041,bin1,cost,107.66
p51041,bin1,cap,1000
p51041,bin2,cost,331.26
p51041,bin2,cap,2000
p51041,bin3,cost,3312.63
p51041,bin3,cap,20000
p51043,bin1,cost,107.66
p51043,bin1,cap,1000
p51043,bin2,cost,331.26
p51043,bin2,cap,2000
p51043,bin3,cost,3312.63
p51043,bin3,cap,20000
p51045,bin1,cost,107.66
p51045,bin1,cap,1000
p51045,bin2,cost,331.26
p51045,bin2,cap,2000
p51045,bin3,cost,3312.63
p51045,bin3,cap,20000
p51047,bin1,cost,107.66
p51047,bin1,cap,1000
p51047,bin2,cost,331.26
p51047,bin2,cap,2000
p51047,bin3,cost,3312.63
p51047,bin3,cap,20000
p51049,bin1,cost,107.66
p51049,bin1,cap,1000
p51049,bin2,cost,331.26
p51049,bin2,cap,2000
p51049,bin3,cost,3312.63
p51049,bin3,cap,20000
p51051,bin1,cost,107.66
p51051,bin1,cap,1000
p51051,bin2,cost,331.26
p51051,bin2,cap,2000
p51051,bin3,cost,3312.63
p51051,bin3,cap,20000
p51053,bin1,cost,107.66
p51053,bin1,cap,1000
p51053,bin2,cost,331.26
p51053,bin2,cap,2000
p51053,bin3,cost,3312.63
p51053,bin3,cap,20000
p51057,bin1,cost,107.66
p51057,bin1,cap,1000
p51057,bin2,cost,331.26
p51057,bin2,cap,2000
p51057,bin3,cost,3312.63
p51057,bin3,cap,20000
p51059,bin1,cost,107.66
p51059,bin1,cap,1000
p51059,bin2,cost,331.26
p51059,bin2,cap,2000
p51059,bin3,cost,3312.63
p51059,bin3,cap,20000
p51061,bin1,cost,107.66
p51061,bin1,cap,1000
p51061,bin2,cost,331.26
p51061,bin2,cap,2000
p51061,bin3,cost,3312.63
p51061,bin3,cap,20000
p51063,bin1,cost,107.66
p51063,bin1,cap,1000
p51063,bin2,cost,331.26
p51063,bin2,cap,2000
p51063,bin3,cost,3312.63
p51063,bin3,cap,20000
p51065,bin1,cost,107.66
p51065,bin1,cap,1000
p51065,bin2,cost,331.26
p51065,bin2,cap,2000
p51065,bin3,cost,3312.63
p51065,bin3,cap,20000
p51067,bin1,cost,107.66
p51067,bin1,cap,1000
p51067,bin2,cost,331.26
p51067,bin2,cap,2000
p51067,bin3,cost,3312.63
p51067,bin3,cap,20000
p51069,bin1,cost,107.66
p51069,bin1,cap,1000
p51069,bin2,cost,331.26
p51069,bin2,cap,2000
p51069,bin3,cost,3312.63
p51069,bin3,cap,20000
p51071,bin1,cost,107.66
p51071,bin1,cap,1000
p51071,bin2,cost,331.26
p51071,bin2,cap,2000
p51071,bin3,cost,3312.63
p51071,bin3,cap,20000
p51073,bin1,cost,107.66
p51073,bin1,cap,1000
p51073,bin2,cost,331.26
p51073,bin2,cap,2000
p51073,bin3,cost,3312.63
p51073,bin3,cap,20000
p51075,bin1,cost,107.66
p51075,bin1,cap,1000
p51075,bin2,cost,331.26
p51075,bin2,cap,2000
p51075,bin3,cost,3312.63
p51075,bin3,cap,20000
p51077,bin1,cost,107.66
p51077,bin1,cap,1000
p51077,bin2,cost,331.26
p51077,bin2,cap,2000
p51077,bin3,cost,3312.63
p51077,bin3,cap,20000
p51079,bin1,cost,107.66
p51079,bin1,cap,1000
p51079,bin2,cost,331.26
p51079,bin2,cap,2000
p51079,bin3,cost,3312.63
p51079,bin3,cap,20000
p51081,bin1,cost,107.66
p51081,bin1,cap,1000
p51081,bin2,cost,331.26
p51081,bin2,cap,2000
p51081,bin3,cost,3312.63
p51081,bin3,cap,20000
p51083,bin1,cost,107.66
p51083,bin1,cap,1000
p51083,bin2,cost,331.26
p51083,bin2,cap,2000
p51083,bin3,cost,3312.63
p51083,bin3,cap,20000
p51085,bin1,cost,107.66
p51085,bin1,cap,1000
p51085,bin2,cost,331.26
p51085,bin2,cap,2000
p51085,bin3,cost,3312.63
p51085,bin3,cap,20000
p51087,bin1,cost,107.66
p51087,bin1,cap,1000
p51087,bin2,cost,331.26
p51087,bin2,cap,2000
p51087,bin3,cost,3312.63
p51087,bin3,cap,20000
p51089,bin1,cost,107.66
p51089,bin1,cap,1000
p51089,bin2,cost,331.26
p51089,bin2,cap,2000
p51089,bin3,cost,3312.63
p51089,bin3,cap,20000
p51091,bin1,cost,107.66
p51091,bin1,cap,1000
p51091,bin2,cost,331.26
p51091,bin2,cap,2000
p51091,bin3,cost,3312.63
p51091,bin3,cap,20000
p51093,bin1,cost,107.66
p51093,bin1,cap,1000
p51093,bin2,cost,331.26
p51093,bin2,cap,2000
p51093,bin3,cost,3312.63
p51093,bin3,cap,20000
p51095,bin1,cost,107.66
p51095,bin1,cap,1000
p51095,bin2,cost,331.26
p51095,bin2,cap,2000
p51095,bin3,cost,3312.63
p51095,bin3,cap,20000
p51097,bin1,cost,107.66
p51097,bin1,cap,1000
p51097,bin2,cost,331.26
p51097,bin2,cap,2000
p51097,bin3,cost,3312.63
p51097,bin3,cap,20000
p51099,bin1,cost,107.66
p51099,bin1,cap,1000
p51099,bin2,cost,331.26
p51099,bin2,cap,2000
p51099,bin3,cost,3312.63
p51099,bin3,cap,20000
p51101,bin1,cost,107.66
p51101,bin1,cap,1000
p51101,bin2,cost,331.26
p51101,bin2,cap,2000
p51101,bin3,cost,3312.63
p51101,bin3,cap,20000
p51103,bin1,cost,107.66
p51103,bin1,cap,1000
p51103,bin2,cost,331.26
p51103,bin2,cap,2000
p51103,bin3,cost,3312.63
p51103,bin3,cap,20000
p51105,bin1,cost,107.66
p51105,bin1,cap,1000
p51105,bin2,cost,331.26
p51105,bin2,cap,2000
p51105,bin3,cost,3312.63
p51105,bin3,cap,20000
p51107,bin1,cost,107.66
p51107,bin1,cap,1000
p51107,bin2,cost,331.26
p51107,bin2,cap,2000
p51107,bin3,cost,3312.63
p51107,bin3,cap,20000
p51109,bin1,cost,107.66
p51109,bin1,cap,1000
p51109,bin2,cost,331.26
p51109,bin2,cap,2000
p51109,bin3,cost,3312.63
p51109,bin3,cap,20000
p51111,bin1,cost,107.66
p51111,bin1,cap,1000
p51111,bin2,cost,331.26
p51111,bin2,cap,2000
p51111,bin3,cost,3312.63
p51111,bin3,cap,20000
p51113,bin1,cost,107.66
p51113,bin1,cap,1000
p51113,bin2,cost,331.26
p51113,bin2,cap,2000
p51113,bin3,cost,3312.63
p51113,bin3,cap,20000
p51115,bin1,cost,107.66
p51115,bin1,cap,1000
p51115,bin2,cost,331.26
p51115,bin2,cap,2000
p51115,bin3,cost,3312.63
p51115,bin3,cap,20000
p51117,bin1,cost,107.66
p51117,bin1,cap,1000
p51117,bin2,cost,331.26
p51117,bin2,cap,2000
p51117,bin3,cost,3312.63
p51117,bin3,cap,20000
p51119,bin1,cost,107.66
p51119,bin1,cap,1000
p51119,bin2,cost,331.26
p51119,bin2,cap,2000
p51119,bin3,cost,3312.63
p51119,bin3,cap,20000
p51121,bin1,cost,107.66
p51121,bin1,cap,1000
p51121,bin2,cost,331.26
p51121,bin2,cap,2000
p51121,bin3,cost,3312.63
p51121,bin3,cap,20000
p51125,bin1,cost,107.66
p51125,bin1,cap,1000
p51125,bin2,cost,331.26
p51125,bin2,cap,2000
p51125,bin3,cost,3312.63
p51125,bin3,cap,20000
p51127,bin1,cost,107.66
p51127,bin1,cap,1000
p51127,bin2,cost,331.26
p51127,bin2,cap,2000
p51127,bin3,cost,3312.63
p51127,bin3,cap,20000
p51131,bin1,cost,107.66
p51131,bin1,cap,1000
p51131,bin2,cost,331.26
p51131,bin2,cap,2000
p51131,bin3,cost,3312.63
p51131,bin3,cap,20000
p51133,bin1,cost,107.66
p51133,bin1,cap,1000
p51133,bin2,cost,331.26
p51133,bin2,cap,2000
p51133,bin3,cost,3312.63
p51133,bin3,cap,20000
p51135,bin1,cost,107.66
p51135,bin1,cap,1000
p51135,bin2,cost,331.26
p51135,bin2,cap,2000
p51135,bin3,cost,3312.63
p51135,bin3,cap,20000
p51137,bin1,cost,107.66
p51137,bin1,cap,1000
p51137,bin2,cost,331.26
p51137,bin2,cap,2000
p51137,bin3,cost,3312.63
p51137,bin3,cap,20000
p51139,bin1,cost,107.66
p51139,bin1,cap,1000
p51139,bin2,cost,331.26
p51139,bin2,cap,2000
p51139,bin3,cost,3312.63
p51139,bin3,cap,20000
p51141,bin1,cost,107.66
p51141,bin1,cap,1000
p51141,bin2,cost,331.26
p51141,bin2,cap,2000
p51141,bin3,cost,3312.63
p51141,bin3,cap,20000
p51143,bin1,cost,107.66
p51143,bin1,cap,1000
p51143,bin2,cost,331.26
p51143,bin2,cap,2000
p51143,bin3,cost,3312.63
p51143,bin3,cap,20000
p51145,bin1,cost,107.66
p51145,bin1,cap,1000
p51145,bin2,cost,331.26
p51145,bin2,cap,2000
p51145,bin3,cost,3312.63
p51145,bin3,cap,20000
p51147,bin1,cost,107.66
p51147,bin1,cap,1000
p51147,bin2,cost,331.26
p51147,bin2,cap,2000
p51147,bin3,cost,3312.63
p51147,bin3,cap,20000
p51149,bin1,cost,107.66
p51149,bin1,cap,1000
p51149,bin2,cost,331.26
p51149,bin2,cap,2000
p51149,bin3,cost,3312.63
p51149,bin3,cap,20000
p51153,bin1,cost,107.66
p51153,bin1,cap,1000
p51153,bin2,cost,331.26
p51153,bin2,cap,2000
p51153,bin3,cost,3312.63
p51153,bin3,cap,20000
p51155,bin1,cost,107.66
p51155,bin1,cap,1000
p51155,bin2,cost,331.26
p51155,bin2,cap,2000
p51155,bin3,cost,3312.63
p51155,bin3,cap,20000
p51157,bin1,cost,107.66
p51157,bin1,cap,1000
p51157,bin2,cost,331.26
p51157,bin2,cap,2000
p51157,bin3,cost,3312.63
p51157,bin3,cap,20000
p51159,bin1,cost,107.66
p51159,bin1,cap,1000
p51159,bin2,cost,331.26
p51159,bin2,cap,2000
p51159,bin3,cost,3312.63
p51159,bin3,cap,20000
p51161,bin1,cost,107.66
p51161,bin1,cap,1000
p51161,bin2,cost,331.26
p51161,bin2,cap,2000
p51161,bin3,cost,3312.63
p51161,bin3,cap,20000
p51163,bin1,cost,107.66
p51163,bin1,cap,1000
p51163,bin2,cost,331.26
p51163,bin2,cap,2000
p51163,bin3,cost,3312.63
p51163,bin3,cap,20000
p51165,bin1,cost,107.66
p51165,bin1,cap,1000
p51165,bin2,cost,331.26
p51165,bin2,cap,2000
p51165,bin3,cost,3312.63
p51165,bin3,cap,20000
p51167,bin1,cost,107.66
p51167,bin1,cap,1000
p51167,bin2,cost,331.26
p51167,bin2,cap,2000
p51167,bin3,cost,3312.63
p51167,bin3,cap,20000
p51169,bin1,cost,107.66
p51169,bin1,cap,1000
p51169,bin2,cost,331.26
p51169,bin2,cap,2000
p51169,bin3,cost,3312.63
p51169,bin3,cap,20000
p51171,bin1,cost,107.66
p51171,bin1,cap,1000
p51171,bin2,cost,331.26
p51171,bin2,cap,2000
p51171,bin3,cost,3312.63
p51171,bin3,cap,20000
p51173,bin1,cost,107.66
p51173,bin1,cap,1000
p51173,bin2,cost,331.26
p51173,bin2,cap,2000
p51173,bin3,cost,3312.63
p51173,bin3,cap,20000
p51175,bin1,cost,107.66
p51175,bin1,cap,1000
p51175,bin2,cost,331.26
p51175,bin2,cap,2000
p51175,bin3,cost,3312.63
p51175,bin3,cap,20000
p51177,bin1,cost,107.66
p51177,bin1,cap,1000
p51177,bin2,cost,331.26
p51177,bin2,cap,2000
p51177,bin3,cost,3312.63
p51177,bin3,cap,20000
p51179,bin1,cost,107.66
p51179,bin1,cap,1000
p51179,bin2,cost,331.26
p51179,bin2,cap,2000
p51179,bin3,cost,3312.63
p51179,bin3,cap,20000
p51181,bin1,cost,107.66
p51181,bin1,cap,1000
p51181,bin2,cost,331.26
p51181,bin2,cap,2000
p51181,bin3,cost,3312.63
p51181,bin3,cap,20000
p51183,bin1,cost,107.66
p51183,bin1,cap,1000
p51183,bin2,cost,331.26
p51183,bin2,cap,2000
p51183,bin3,cost,3312.63
p51183,bin3,cap,20000
p51185,bin1,cost,107.66
p51185,bin1,cap,1000
p51185,bin2,cost,331.26
p51185,bin2,cap,2000
p51185,bin3,cost,3312.63
p51185,bin3,cap,20000
p51187,bin1,cost,107.66
p51187,bin1,cap,1000
p51187,bin2,cost,331.26
p51187,bin2,cap,2000
p51187,bin3,cost,3312.63
p51187,bin3,cap,20000
p51191,bin1,cost,107.66
p51191,bin1,cap,1000
p51191,bin2,cost,331.26
p51191,bin2,cap,2000
p51191,bin3,cost,3312.63
p51191,bin3,cap,20000
p51193,bin1,cost,107.66
p51193,bin1,cap,1000
p51193,bin2,cost,331.26
p51193,bin2,cap,2000
p51193,bin3,cost,3312.63
p51193,bin3,cap,20000
p51195,bin1,cost,107.66
p51195,bin1,cap,1000
p51195,bin2,cost,331.26
p51195,bin2,cap,2000
p51195,bin3,cost,3312.63
p51195,bin3,cap,20000
p51197,bin1,cost,107.66
p51197,bin1,cap,1000
p51197,bin2,cost,331.26
p51197,bin2,cap,2000
p51197,bin3,cost,3312.63
p51197,bin3,cap,20000
p51199,bin1,cost,107.66
p51199,bin1,cap,1000
p51199,bin2,cost,331.26
p51199,bin2,cap,2000
p51199,bin3,cost,3312.63
p51199,bin3,cap,20000
p51510,bin1,cost,107.66
p51510,bin1,cap,1000
p51510,bin2,cost,331.26
p51510,bin2,cap,2000
p51510,bin3,cost,3312.63
p51510,bin3,cap,20000
p51520,bin1,cost,107.66
p51520,bin1,cap,1000
p51520,bin2,cost,331.26
p51520,bin2,cap,2000
p51520,bin3,cost,3312.63
p51520,bin3,cap,20000
p51530,bin1,cost,107.66
p51530,bin1,cap,1000
p51530,bin2,cost,331.26
p51530,bin2,cap,2000
p51530,bin3,cost,3312.63
p51530,bin3,cap,20000
p51540,bin1,cost,107.66
p51540,bin1,cap,1000
p51540,bin2,cost,331.26
p51540,bin2,cap,2000
p51540,bin3,cost,3312.63
p51540,bin3,cap,20000
p51550,bin1,cost,107.66
p51550,bin1,cap,1000
p51550,bin2,cost,331.26
p51550,bin2,cap,2000
p51550,bin3,cost,3312.63
p51550,bin3,cap,20000
p51570,bin1,cost,107.66
p51570,bin1,cap,1000
p51570,bin2,cost,331.26
p51570,bin2,cap,2000
p51570,bin3,cost,3312.63
p51570,bin3,cap,20000
p51580,bin1,cost,107.66
p51580,bin1,cap,1000
p51580,bin2,cost,331.26
p51580,bin2,cap,2000
p51580,bin3,cost,3312.63
p51580,bin3,cap,20000
p51590,bin1,cost,107.66
p51590,bin1,cap,1000
p51590,bin2,cost,331.26
p51590,bin2,cap,2000
p51590,bin3,cost,3312.63
p51590,bin3,cap,20000
p51595,bin1,cost,107.66
p51595,bin1,cap,1000
p51595,bin2,cost,331.26
p51595,bin2,cap,2000
p51595,bin3,cost,3312.63
p51595,bin3,cap,20000
p51600,bin1,cost,107.66
p51600,bin1,cap,1000
p51600,bin2,cost,331.26
p51600,bin2,cap,2000
p51600,bin3,cost,3312.63
p51600,bin3,cap,20000
p51610,bin1,cost,107.66
p51610,bin1,cap,1000
p51610,bin2,cost,331.26
p51610,bin2,cap,2000
p51610,bin3,cost,3312.63
p51610,bin3,cap,20000
p51620,bin1,cost,107.66
p51620,bin1,cap,1000
p51620,bin2,cost,331.26
p51620,bin2,cap,2000
p51620,bin3,cost,3312.63
p51620,bin3,cap,20000
p51630,bin1,cost,107.66
p51630,bin1,cap,1000
p51630,bin2,cost,331.26
p51630,bin2,cap,2000
p51630,bin3,cost,3312.63
p51630,bin3,cap,20000
p51640,bin1,cost,107.66
p51640,bin1,cap,1000
p51640,bin2,cost,331.26
p51640,bin2,cap,2000
p51640,bin3,cost,3312.63
p51640,bin3,cap,20000
p51650,bin1,cost,107.66
p51650,bin1,cap,1000
p51650,bin2,cost,331.26
p51650,bin2,cap,2000
p51650,bin3,cost,3312.63
p51650,bin3,cap,20000
p51660,bin1,cost,107.66
p51660,bin1,cap,1000
p51660,bin2,cost,331.26
p51660,bin2,cap,2000
p51660,bin3,cost,3312.63
p51660,bin3,cap,20000
p51670,bin1,cost,107.66
p51670,bin1,cap,1000
p51670,bin2,cost,331.26
p51670,bin2,cap,2000
p51670,bin3,cost,3312.63
p51670,bin3,cap,20000
p51678,bin1,cost,107.66
p51678,bin1,cap,1000
p51678,bin2,cost,331.26
p51678,bin2,cap,2000
p51678,bin3,cost,3312.63
p51678,bin3,cap,20000
p51680,bin1,cost,107.66
p51680,bin1,cap,1000
p51680,bin2,cost,331.26
p51680,bin2,cap,2000
p51680,bin3,cost,3312.63
p51680,bin3,cap,20000
p51683,bin1,cost,107.66
p51683,bin1,cap,1000
p51683,bin2,cost,331.26
p51683,bin2,cap,2000
p51683,bin3,cost,3312.63
p51683,bin3,cap,20000
p51685,bin1,cost,107.66
p51685,bin1,cap,1000
p51685,bin2,cost,331.26
p51685,bin2,cap,2000
p51685,bin3,cost,3312.63
p51685,bin3,cap,20000
p51690,bin1,cost,107.66
p51690,bin1,cap,1000
p51690,bin2,cost,331.26
p51690,bin2,cap,2000
p51690,bin3,cost,3312.63
p51690,bin3,cap,20000
p51700,bin1,cost,107.66
p51700,bin1,cap,1000
p51700,bin2,cost,331.26
p51700,bin2,cap,2000
p51700,bin3,cost,3312.63
p51700,bin3,cap,20000
p51710,bin1,cost,107.66
p51710,bin1,cap,1000
p51710,bin2,cost,331.26
p51710,bin2,cap,2000
p51710,bin3,cost,3312.63
p51710,bin3,cap,20000
p51720,bin1,cost,107.66
p51720,bin1,cap,1000
p51720,bin2,cost,331.26
p51720,bin2,cap,2000
p51720,bin3,cost,3312.63
p51720,bin3,cap,20000
p51730,bin1,cost,107.66
p51730,bin1,cap,1000
p51730,bin2,cost,331.26
p51730,bin2,cap,2000
p51730,bin3,cost,3312.63
p51730,bin3,cap,20000
p51735,bin1,cost,107.66
p51735,bin1,cap,1000
p51735,bin2,cost,331.26
p51735,bin2,cap,2000
p51735,bin3,cost,3312.63
p51735,bin3,cap,20000
p51740,bin1,cost,107.66
p51740,bin1,cap,1000
p51740,bin2,cost,331.26
p51740,bin2,cap,2000
p51740,bin3,cost,3312.63
p51740,bin3,cap,20000
p51750,bin1,cost,107.66
p51750,bin1,cap,1000
p51750,bin2,cost,331.26
p51750,bin2,cap,2000
p51750,bin3,cost,3312.63
p51750,bin3,cap,20000
p51760,bin1,cost,107.66
p51760,bin1,cap,1000
p51760,bin2,cost,331.26
p51760,bin2,cap,2000
p51760,bin3,cost,3312.63
p51760,bin3,cap,20000
p51770,bin1,cost,107.66
p51770,bin1,cap,1000
p51770,bin2,cost,331.26
p51770,bin2,cap,2000
p51770,bin3,cost,3312.63
p51770,bin3,cap,20000
p51775,bin1,cost,107.66
p51775,bin1,cap,1000
p51775,bin2,cost,331.26
p51775,bin2,cap,2000
p51775,bin3,cost,3312.63
p51775,bin3,cap,20000
p51790,bin1,cost,107.66
p51790,bin1,cap,1000
p51790,bin2,cost,331.26
p51790,bin2,cap,2000
p51790,bin3,cost,3312.63
p51790,bin3,cap,20000
p51800,bin1,cost,107.66
p51800,bin1,cap,1000
p51800,bin2,cost,331.26
p51800,bin2,cap,2000
p51800,bin3,cost,3312.63
p51800,bin3,cap,20000
p51810,bin1,cost,107.66
p51810,bin1,cap,1000
p51810,bin2,cost,331.26
p51810,bin2,cap,2000
p51810,bin3,cost,3312.63
p51810,bin3,cap,20000
p51820,bin1,cost,107.66
p51820,bin1,cap,1000
p51820,bin2,cost,331.26
p51820,bin2,cap,2000
p51820,bin3,cost,3312.63
p51820,bin3,cap,20000
p51830,bin1,cost,107.66
p51830,bin1,cap,1000
p51830,bin2,cost,331.26
p51830,bin2,cap,2000
p51830,bin3,cost,3312.63
p51830,bin3,cap,20000
p51840,bin1,cost,107.66
p51840,bin1,cap,1000
p51840,bin2,cost,331.26
p51840,bin2,cap,2000
p51840,bin3,cost,3312.63
p51840,bin3,cap,20000
p54001,bin1,cost,107.66
p54001,bin1,cap,1000
p54001,bin2,cost,331.26
p54001,bin2,cap,2000
p54001,bin3,cost,3312.63
p54001,bin3,cap,20000
p54003,bin1,cost,107.66
p54003,bin1,cap,1000
p54003,bin2,cost,331.26
p54003,bin2,cap,2000
p54003,bin3,cost,3312.63
p54003,bin3,cap,20000
p54005,bin1,cost,107.66
p54005,bin1,cap,1000
p54005,bin2,cost,331.26
p54005,bin2,cap,2000
p54005,bin3,cost,3312.63
p54005,bin3,cap,20000
p54007,bin1,cost,107.66
p54007,bin1,cap,1000
p54007,bin2,cost,331.26
p54007,bin2,cap,2000
p54007,bin3,cost,3312.63
p54007,bin3,cap,20000
p54009,bin1,cost,107.66
p54009,bin1,cap,1000
p54009,bin2,cost,331.26
p54009,bin2,cap,2000
p54009,bin3,cost,3312.63
p54009,bin3,cap,20000
p54011,bin1,cost,107.66
p54011,bin1,cap,1000
p54011,bin2,cost,331.26
p54011,bin2,cap,2000
p54011,bin3,cost,3312.63
p54011,bin3,cap,20000
p54013,bin1,cost,107.66
p54013,bin1,cap,1000
p54013,bin2,cost,331.26
p54013,bin2,cap,2000
p54013,bin3,cost,3312.63
p54013,bin3,cap,20000
p54015,bin1,cost,107.66
p54015,bin1,cap,1000
p54015,bin2,cost,331.26
p54015,bin2,cap,2000
p54015,bin3,cost,3312.63
p54015,bin3,cap,20000
p54017,bin1,cost,107.66
p54017,bin1,cap,1000
p54017,bin2,cost,331.26
p54017,bin2,cap,2000
p54017,bin3,cost,3312.63
p54017,bin3,cap,20000
p54019,bin1,cost,107.66
p54019,bin1,cap,1000
p54019,bin2,cost,331.26
p54019,bin2,cap,2000
p54019,bin3,cost,3312.63
p54019,bin3,cap,20000
p54021,bin1,cost,107.66
p54021,bin1,cap,1000
p54021,bin2,cost,331.26
p54021,bin2,cap,2000
p54021,bin3,cost,3312.63
p54021,bin3,cap,20000
p54023,bin1,cost,107.66
p54023,bin1,cap,1000
p54023,bin2,cost,331.26
p54023,bin2,cap,2000
p54023,bin3,cost,3312.63
p54023,bin3,cap,20000
p54025,bin1,cost,107.66
p54025,bin1,cap,1000
p54025,bin2,cost,331.26
p54025,bin2,cap,2000
p54025,bin3,cost,3312.63
p54025,bin3,cap,20000
p54027,bin1,cost,107.66
p54027,bin1,cap,1000
p54027,bin2,cost,331.26
p54027,bin2,cap,2000
p54027,bin3,cost,3312.63
p54027,bin3,cap,20000
p54029,bin1,cost,107.66
p54029,bin1,cap,1000
p54029,bin2,cost,331.26
p54029,bin2,cap,2000
p54029,bin3,cost,3312.63
p54029,bin3,cap,20000
p54031,bin1,cost,107.66
p54031,bin1,cap,1000
p54031,bin2,cost,331.26
p54031,bin2,cap,2000
p54031,bin3,cost,3312.63
p54031,bin3,cap,20000
p54033,bin1,cost,107.66
p54033,bin1,cap,1000
p54033,bin2,cost,331.26
p54033,bin2,cap,2000
p54033,bin3,cost,3312.63
p54033,bin3,cap,20000
p54035,bin1,cost,107.66
p54035,bin1,cap,1000
p54035,bin2,cost,331.26
p54035,bin2,cap,2000
p54035,bin3,cost,3312.63
p54035,bin3,cap,20000
p54037,bin1,cost,107.66
p54037,bin1,cap,1000
p54037,bin2,cost,331.26
p54037,bin2,cap,2000
p54037,bin3,cost,3312.63
p54037,bin3,cap,20000
p54039,bin1,cost,107.66
p54039,bin1,cap,1000
p54039,bin2,cost,331.26
p54039,bin2,cap,2000
p54039,bin3,cost,3312.63
p54039,bin3,cap,20000
p54041,bin1,cost,107.66
p54041,bin1,cap,1000
p54041,bin2,cost,331.26
p54041,bin2,cap,2000
p54041,bin3,cost,3312.63
p54041,bin3,cap,20000
p54043,bin1,cost,107.66
p54043,bin1,cap,1000
p54043,bin2,cost,331.26
p54043,bin2,cap,2000
p54043,bin3,cost,3312.63
p54043,bin3,cap,20000
p54045,bin1,cost,107.66
p54045,bin1,cap,1000
p54045,bin2,cost,331.26
p54045,bin2,cap,2000
p54045,bin3,cost,3312.63
p54045,bin3,cap,20000
p54047,bin1,cost,107.66
p54047,bin1,cap,1000
p54047,bin2,cost,331.26
p54047,bin2,cap,2000
p54047,bin3,cost,3312.63
p54047,bin3,cap,20000
p54049,bin1,cost,107.66
p54049,bin1,cap,1000
p54049,bin2,cost,331.26
p54049,bin2,cap,2000
p54049,bin3,cost,3312.63
p54049,bin3,cap,20000
p54051,bin1,cost,107.66
p54051,bin1,cap,1000
p54051,bin2,cost,331.26
p54051,bin2,cap,2000
p54051,bin3,cost,3312.63
p54051,bin3,cap,20000
p54053,bin1,cost,107.66
p54053,bin1,cap,1000
p54053,bin2,cost,331.26
p54053,bin2,cap,2000
p54053,bin3,cost,3312.63
p54053,bin3,cap,20000
p54055,bin1,cost,107.66
p54055,bin1,cap,1000
p54055,bin2,cost,331.26
p54055,bin2,cap,2000
p54055,bin3,cost,3312.63
p54055,bin3,cap,20000
p54057,bin1,cost,107.66
p54057,bin1,cap,1000
p54057,bin2,cost,331.26
p54057,bin2,cap,2000
p54057,bin3,cost,3312.63
p54057,bin3,cap,20000
p54059,bin1,cost,107.66
p54059,bin1,cap,1000
p54059,bin2,cost,331.26
p54059,bin2,cap,2000
p54059,bin3,cost,3312.63
p54059,bin3,cap,20000
p54061,bin1,cost,107.66
p54061,bin1,cap,1000
p54061,bin2,cost,331.26
p54061,bin2,cap,2000
p54061,bin3,cost,3312.63
p54061,bin3,cap,20000
p54063,bin1,cost,107.66
p54063,bin1,cap,1000
p54063,bin2,cost,331.26
p54063,bin2,cap,2000
p54063,bin3,cost,3312.63
p54063,bin3,cap,20000
p54065,bin1,cost,107.66
p54065,bin1,cap,1000
p54065,bin2,cost,331.26
p54065,bin2,cap,2000
p54065,bin3,cost,3312.63
p54065,bin3,cap,20000
p54067,bin1,cost,107.66
p54067,bin1,cap,1000
p54067,bin2,cost,331.26
p54067,bin2,cap,2000
p54067,bin3,cost,3312.63
p54067,bin3,cap,20000
p54069,bin1,cost,107.66
p54069,bin1,cap,1000
p54069,bin2,cost,331.26
p54069,bin2,cap,2000
p54069,bin3,cost,3312.63
p54069,bin3,cap,20000
p54071,bin1,cost,107.66
p54071,bin1,cap,1000
p54071,bin2,cost,331.26
p54071,bin2,cap,2000
p54071,bin3,cost,3312.63
p54071,bin3,cap,20000
p54073,bin1,cost,107.66
p54073,bin1,cap,1000
p54073,bin2,cost,331.26
p54073,bin2,cap,2000
p54073,bin3,cost,3312.63
p54073,bin3,cap,20000
p54075,bin1,cost,107.66
p54075,bin1,cap,1000
p54075,bin2,cost,331.26
p54075,bin2,cap,2000
p54075,bin3,cost,3312.63
p54075,bin3,cap,20000
p54077,bin1,cost,107.66
p54077,bin1,cap,1000
p54077,bin2,cost,331.26
p54077,bin2,cap,2000
p54077,bin3,cost,3312.63
p54077,bin3,cap,20000
p54079,bin1,cost,107.66
p54079,bin1,cap,1000
p54079,bin2,cost,331.26
p54079,bin2,cap,2000
p54079,bin3,cost,3312.63
p54079,bin3,cap,20000
p54081,bin1,cost,107.66
p54081,bin1,cap,1000
p54081,bin2,cost,331.26
p54081,bin2,cap,2000
p54081,bin3,cost,3312.63
p54081,bin3,cap,20000
p54083,bin1,cost,107.66
p54083,bin1,cap,1000
p54083,bin2,cost,331.26
p54083,bin2,cap,2000
p54083,bin3,cost,3312.63
p54083,bin3,cap,20000
p54085,bin1,cost,107.66
p54085,bin1,cap,1000
p54085,bin2,cost,331.26
p54085,bin2,cap,2000
p54085,bin3,cost,3312.63
p54085,bin3,cap,20000
p54087,bin1,cost,107.66
p54087,bin1,cap,1000
p54087,bin2,cost,331.26
p54087,bin2,cap,2000
p54087,bin3,cost,3312.63
p54087,bin3,cap,20000
p54089,bin1,cost,107.66
p54089,bin1,cap,1000
p54089,bin2,cost,331.26
p54089,bin2,cap,2000
p54089,bin3,cost,3312.63
p54089,bin3,cap,20000
p54091,bin1,cost,107.66
p54091,bin1,cap,1000
p54091,bin2,cost,331.26
p54091,bin2,cap,2000
p54091,bin3,cost,3312.63
p54091,bin3,cap,20000
p54093,bin1,cost,107.66
p54093,bin1,cap,1000
p54093,bin2,cost,331.26
p54093,bin2,cap,2000
p54093,bin3,cost,3312.63
p54093,bin3,cap,20000
p54095,bin1,cost,107.66
p54095,bin1,cap,1000
p54095,bin2,cost,331.26
p54095,bin2,cap,2000
p54095,bin3,cost,3312.63
p54095,bin3,cap,20000
p54097,bin1,cost,107.66
p54097,bin1,cap,1000
p54097,bin2,cost,331.26
p54097,bin2,cap,2000
p54097,bin3,cost,3312.63
p54097,bin3,cap,20000
p54099,bin1,cost,107.66
p54099,bin1,cap,1000
p54099,bin2,cost,331.26
p54099,bin2,cap,2000
p54099,bin3,cost,3312.63
p54099,bin3,cap,20000
p54101,bin1,cost,107.66
p54101,bin1,cap,1000
p54101,bin2,cost,331.26
p54101,bin2,cap,2000
p54101,bin3,cost,3312.63
p54101,bin3,cap,20000
p54103,bin1,cost,107.66
p54103,bin1,cap,1000
p54103,bin2,cost,331.26
p54103,bin2,cap,2000
p54103,bin3,cost,3312.63
p54103,bin3,cap,20000
p54105,bin1,cost,107.66
p54105,bin1,cap,1000
p54105,bin2,cost,331.26
p54105,bin2,cap,2000
p54105,bin3,cost,3312.63
p54105,bin3,cap,20000
p54107,bin1,cost,107.66
p54107,bin1,cap,1000
p54107,bin2,cost,331.26
p54107,bin2,cap,2000
p54107,bin3,cost,3312.63
p54107,bin3,cap,20000
p54109,bin1,cost,107.66
p54109,bin1,cap,1000
p54109,bin2,cost,331.26
p54109,bin2,cap,2000
p54109,bin3,cost,3312.63
p54109,bin3,cap,20000
p55001,bin1,cost,107.66
p55001,bin1,cap,1000
p55001,bin2,cost,331.26
p55001,bin2,cap,2000
p55001,bin3,cost,3312.63
p55001,bin3,cap,20000
p55003,bin1,cost,107.66
p55003,bin1,cap,1000
p55003,bin2,cost,331.26
p55003,bin2,cap,2000
p55003,bin3,cost,3312.63
p55003,bin3,cap,20000
p55005,bin1,cost,107.66
p55005,bin1,cap,1000
p55005,bin2,cost,331.26
p55005,bin2,cap,2000
p55005,bin3,cost,3312.63
p55005,bin3,cap,20000
p55007,bin1,cost,107.66
p55007,bin1,cap,1000
p55007,bin2,cost,331.26
p55007,bin2,cap,2000
p55007,bin3,cost,3312.63
p55007,bin3,cap,20000
p55009,bin1,cost,107.66
p55009,bin1,cap,1000
p55009,bin2,cost,331.26
p55009,bin2,cap,2000
p55009,bin3,cost,3312.63
p55009,bin3,cap,20000
p55011,bin1,cost,107.66
p55011,bin1,cap,1000
p55011,bin2,cost,331.26
p55011,bin2,cap,2000
p55011,bin3,cost,3312.63
p55011,bin3,cap,20000
p55013,bin1,cost,107.66
p55013,bin1,cap,1000
p55013,bin2,cost,331.26
p55013,bin2,cap,2000
p55013,bin3,cost,3312.63
p55013,bin3,cap,20000
p55015,bin1,cost,107.66
p55015,bin1,cap,1000
p55015,bin2,cost,331.26
p55015,bin2,cap,2000
p55015,bin3,cost,3312.63
p55015,bin3,cap,20000
p55017,bin1,cost,107.66
p55017,bin1,cap,1000
p55017,bin2,cost,331.26
p55017,bin2,cap,2000
p55017,bin3,cost,3312.63
p55017,bin3,cap,20000
p55019,bin1,cost,107.66
p55019,bin1,cap,1000
p55019,bin2,cost,331.26
p55019,bin2,cap,2000
p55019,bin3,cost,3312.63
p55019,bin3,cap,20000
p55021,bin1,cost,107.66
p55021,bin1,cap,1000
p55021,bin2,cost,331.26
p55021,bin2,cap,2000
p55021,bin3,cost,3312.63
p55021,bin3,cap,20000
p55023,bin1,cost,107.66
p55023,bin1,cap,1000
p55023,bin2,cost,331.26
p55023,bin2,cap,2000
p55023,bin3,cost,3312.63
p55023,bin3,cap,20000
p55025,bin1,cost,107.66
p55025,bin1,cap,1000
p55025,bin2,cost,331.26
p55025,bin2,cap,2000
p55025,bin3,cost,3312.63
p55025,bin3,cap,20000
p55027,bin1,cost,107.66
p55027,bin1,cap,1000
p55027,bin2,cost,331.26
p55027,bin2,cap,2000
p55027,bin3,cost,3312.63
p55027,bin3,cap,20000
p55029,bin1,cost,107.66
p55029,bin1,cap,1000
p55029,bin2,cost,331.26
p55029,bin2,cap,2000
p55029,bin3,cost,3312.63
p55029,bin3,cap,20000
p55031,bin1,cost,107.66
p55031,bin1,cap,1000
p55031,bin2,cost,331.26
p55031,bin2,cap,2000
p55031,bin3,cost,3312.63
p55031,bin3,cap,20000
p55033,bin1,cost,107.66
p55033,bin1,cap,1000
p55033,bin2,cost,331.26
p55033,bin2,cap,2000
p55033,bin3,cost,3312.63
p55033,bin3,cap,20000
p55035,bin1,cost,107.66
p55035,bin1,cap,1000
p55035,bin2,cost,331.26
p55035,bin2,cap,2000
p55035,bin3,cost,3312.63
p55035,bin3,cap,20000
p55037,bin1,cost,107.66
p55037,bin1,cap,1000
p55037,bin2,cost,331.26
p55037,bin2,cap,2000
p55037,bin3,cost,3312.63
p55037,bin3,cap,20000
p55039,bin1,cost,107.66
p55039,bin1,cap,1000
p55039,bin2,cost,331.26
p55039,bin2,cap,2000
p55039,bin3,cost,3312.63
p55039,bin3,cap,20000
p55041,bin1,cost,107.66
p55041,bin1,cap,1000
p55041,bin2,cost,331.26
p55041,bin2,cap,2000
p55041,bin3,cost,3312.63
p55041,bin3,cap,20000
p55043,bin1,cost,107.66
p55043,bin1,cap,1000
p55043,bin2,cost,331.26
p55043,bin2,cap,2000
p55043,bin3,cost,3312.63
p55043,bin3,cap,20000
p55045,bin1,cost,107.66
p55045,bin1,cap,1000
p55045,bin2,cost,331.26
p55045,bin2,cap,2000
p55045,bin3,cost,3312.63
p55045,bin3,cap,20000
p55047,bin1,cost,107.66
p55047,bin1,cap,1000
p55047,bin2,cost,331.26
p55047,bin2,cap,2000
p55047,bin3,cost,3312.63
p55047,bin3,cap,20000
p55049,bin1,cost,107.66
p55049,bin1,cap,1000
p55049,bin2,cost,331.26
p55049,bin2,cap,2000
p55049,bin3,cost,3312.63
p55049,bin3,cap,20000
p55051,bin1,cost,107.66
p55051,bin1,cap,1000
p55051,bin2,cost,331.26
p55051,bin2,cap,2000
p55051,bin3,cost,3312.63
p55051,bin3,cap,20000
p55053,bin1,cost,107.66
p55053,bin1,cap,1000
p55053,bin2,cost,331.26
p55053,bin2,cap,2000
p55053,bin3,cost,3312.63
p55053,bin3,cap,20000
p55055,bin1,cost,107.66
p55055,bin1,cap,1000
p55055,bin2,cost,331.26
p55055,bin2,cap,2000
p55055,bin3,cost,3312.63
p55055,bin3,cap,20000
p55057,bin1,cost,107.66
p55057,bin1,cap,1000
p55057,bin2,cost,331.26
p55057,bin2,cap,2000
p55057,bin3,cost,3312.63
p55057,bin3,cap,20000
p55059,bin1,cost,107.66
p55059,bin1,cap,1000
p55059,bin2,cost,331.26
p55059,bin2,cap,2000
p55059,bin3,cost,3312.63
p55059,bin3,cap,20000
p55061,bin1,cost,107.66
p55061,bin1,cap,1000
p55061,bin2,cost,331.26
p55061,bin2,cap,2000
p55061,bin3,cost,3312.63
p55061,bin3,cap,20000
p55063,bin1,cost,107.66
p55063,bin1,cap,1000
p55063,bin2,cost,331.26
p55063,bin2,cap,2000
p55063,bin3,cost,3312.63
p55063,bin3,cap,20000
p55065,bin1,cost,107.66
p55065,bin1,cap,1000
p55065,bin2,cost,331.26
p55065,bin2,cap,2000
p55065,bin3,cost,3312.63
p55065,bin3,cap,20000
p55067,bin1,cost,107.66
p55067,bin1,cap,1000
p55067,bin2,cost,331.26
p55067,bin2,cap,2000
p55067,bin3,cost,3312.63
p55067,bin3,cap,20000
p55069,bin1,cost,107.66
p55069,bin1,cap,1000
p55069,bin2,cost,331.26
p55069,bin2,cap,2000
p55069,bin3,cost,3312.63
p55069,bin3,cap,20000
p55071,bin1,cost,107.66
p55071,bin1,cap,1000
p55071,bin2,cost,331.26
p55071,bin2,cap,2000
p55071,bin3,cost,3312.63
p55071,bin3,cap,20000
p55073,bin1,cost,107.66
p55073,bin1,cap,1000
p55073,bin2,cost,331.26
p55073,bin2,cap,2000
p55073,bin3,cost,3312.63
p55073,bin3,cap,20000
p55075,bin1,cost,107.66
p55075,bin1,cap,1000
p55075,bin2,cost,331.26
p55075,bin2,cap,2000
p55075,bin3,cost,3312.63
p55075,bin3,cap,20000
p55077,bin1,cost,107.66
p55077,bin1,cap,1000
p55077,bin2,cost,331.26
p55077,bin2,cap,2000
p55077,bin3,cost,3312.63
p55077,bin3,cap,20000
p55078,bin1,cost,107.66
p55078,bin1,cap,1000
p55078,bin2,cost,331.26
p55078,bin2,cap,2000
p55078,bin3,cost,3312.63
p55078,bin3,cap,20000
p55079,bin1,cost,107.66
p55079,bin1,cap,1000
p55079,bin2,cost,331.26
p55079,bin2,cap,2000
p55079,bin3,cost,3312.63
p55079,bin3,cap,20000
p55081,bin1,cost,107.66
p55081,bin1,cap,1000
p55081,bin2,cost,331.26
p55081,bin2,cap,2000
p55081,bin3,cost,3312.63
p55081,bin3,cap,20000
p55083,bin1,cost,107.66
p55083,bin1,cap,1000
p55083,bin2,cost,331.26
p55083,bin2,cap,2000
p55083,bin3,cost,3312.63
p55083,bin3,cap,20000
p55085,bin1,cost,107.66
p55085,bin1,cap,1000
p55085,bin2,cost,331.26
p55085,bin2,cap,2000
p55085,bin3,cost,3312.63
p55085,bin3,cap,20000
p55087,bin1,cost,107.66
p55087,bin1,cap,1000
p55087,bin2,cost,331.26
p55087,bin2,cap,2000
p55087,bin3,cost,3312.63
p55087,bin3,cap,20000
p55089,bin1,cost,107.66
p55089,bin1,cap,1000
p55089,bin2,cost,331.26
p55089,bin2,cap,2000
p55089,bin3,cost,3312.63
p55089,bin3,cap,20000
p55091,bin1,cost,107.66
p55091,bin1,cap,1000
p55091,bin2,cost,331.26
p55091,bin2,cap,2000
p55091,bin3,cost,3312.63
p55091,bin3,cap,20000
p55093,bin1,cost,107.66
p55093,bin1,cap,1000
p55093,bin2,cost,331.26
p55093,bin2,cap,2000
p55093,bin3,cost,3312.63
p55093,bin3,cap,20000
p55095,bin1,cost,107.66
p55095,bin1,cap,1000
p55095,bin2,cost,331.26
p55095,bin2,cap,2000
p55095,bin3,cost,3312.63
p55095,bin3,cap,20000
p55097,bin1,cost,107.66
p55097,bin1,cap,1000
p55097,bin2,cost,331.26
p55097,bin2,cap,2000
p55097,bin3,cost,3312.63
p55097,bin3,cap,20000
p55099,bin1,cost,107.66
p55099,bin1,cap,1000
p55099,bin2,cost,331.26
p55099,bin2,cap,2000
p55099,bin3,cost,3312.63
p55099,bin3,cap,20000
p55101,bin1,cost,107.66
p55101,bin1,cap,1000
p55101,bin2,cost,331.26
p55101,bin2,cap,2000
p55101,bin3,cost,3312.63
p55101,bin3,cap,20000
p55103,bin1,cost,107.66
p55103,bin1,cap,1000
p55103,bin2,cost,331.26
p55103,bin2,cap,2000
p55103,bin3,cost,3312.63
p55103,bin3,cap,20000
p55105,bin1,cost,107.66
p55105,bin1,cap,1000
p55105,bin2,cost,331.26
p55105,bin2,cap,2000
p55105,bin3,cost,3312.63
p55105,bin3,cap,20000
p55107,bin1,cost,107.66
p55107,bin1,cap,1000
p55107,bin2,cost,331.26
p55107,bin2,cap,2000
p55107,bin3,cost,3312.63
p55107,bin3,cap,20000
p55109,bin1,cost,107.66
p55109,bin1,cap,1000
p55109,bin2,cost,331.26
p55109,bin2,cap,2000
p55109,bin3,cost,3312.63
p55109,bin3,cap,20000
p55111,bin1,cost,107.66
p55111,bin1,cap,1000
p55111,bin2,cost,331.26
p55111,bin2,cap,2000
p55111,bin3,cost,3312.63
p55111,bin3,cap,20000
p55113,bin1,cost,107.66
p55113,bin1,cap,1000
p55113,bin2,cost,331.26
p55113,bin2,cap,2000
p55113,bin3,cost,3312.63
p55113,bin3,cap,20000
p55115,bin1,cost,107.66
p55115,bin1,cap,1000
p55115,bin2,cost,331.26
p55115,bin2,cap,2000
p55115,bin3,cost,3312.63
p55115,bin3,cap,20000
p55117,bin1,cost,107.66
p55117,bin1,cap,1000
p55117,bin2,cost,331.26
p55117,bin2,cap,2000
p55117,bin3,cost,3312.63
p55117,bin3,cap,20000
p55119,bin1,cost,107.66
p55119,bin1,cap,1000
p55119,bin2,cost,331.26
p55119,bin2,cap,2000
p55119,bin3,cost,3312.63
p55119,bin3,cap,20000
p55121,bin1,cost,107.66
p55121,bin1,cap,1000
p55121,bin2,cost,331.26
p55121,bin2,cap,2000
p55121,bin3,cost,3312.63
p55121,bin3,cap,20000
p55123,bin1,cost,107.66
p55123,bin1,cap,1000
p55123,bin2,cost,331.26
p55123,bin2,cap,2000
p55123,bin3,cost,3312.63
p55123,bin3,cap,20000
p55125,bin1,cost,107.66
p55125,bin1,cap,1000
p55125,bin2,cost,331.26
p55125,bin2,cap,2000
p55125,bin3,cost,3312.63
p55125,bin3,cap,20000
p55127,bin1,cost,107.66
p55127,bin1,cap,1000
p55127,bin2,cost,331.26
p55127,bin2,cap,2000
p55127,bin3,cost,3312.63
p55127,bin3,cap,20000
p55129,bin1,cost,107.66
p55129,bin1,cap,1000
p55129,bin2,cost,331.26
p55129,bin2,cap,2000
p55129,bin3,cost,3312.63
p55129,bin3,cap,20000
p55131,bin1,cost,107.66
p55131,bin1,cap,1000
p55131,bin2,cost,331.26
p55131,bin2,cap,2000
p55131,bin3,cost,3312.63
p55131,bin3,cap,20000
p55133,bin1,cost,107.66
p55133,bin1,cap,1000
p55133,bin2,cost,331.26
p55133,bin2,cap,2000
p55133,bin3,cost,3312.63
p55133,bin3,cap,20000
p55135,bin1,cost,107.66
p55135,bin1,cap,1000
p55135,bin2,cost,331.26
p55135,bin2,cap,2000
p55135,bin3,cost,3312.63
p55135,bin3,cap,20000
p55137,bin1,cost,107.66
p55137,bin1,cap,1000
p55137,bin2,cost,331.26
p55137,bin2,cap,2000
p55137,bin3,cost,3312.63
p55137,bin3,cap,20000
p55139,bin1,cost,107.66
p55139,bin1,cap,1000
p55139,bin2,cost,331.26
p55139,bin2,cap,2000
p55139,bin3,cost,3312.63
p55139,bin3,cap,20000
p55141,bin1,cost,107.66
p55141,bin1,cap,1000
p55141,bin2,cost,331.26
p55141,bin2,cap,2000
p55141,bin3,cost,3312.63
p55141,bin3,cap,20000
