*r,rtscbin,sc_cat,value
p53007,bin1,cost,107.66
p53007,bin1,cap,1000
p53007,bin2,cost,331.26
p53007,bin2,cap,2000
p53007,bin3,cost,3312.63
p53007,bin3,cap,20000
p53029,bin1,cost,107.66
p53029,bin1,cap,1000
p53029,bin2,cost,331.26
p53029,bin2,cap,2000
p53029,bin3,cost,3312.63
p53029,bin3,cap,20000
p53033,bin1,cost,107.66
p53033,bin1,cap,1000
p53033,bin2,cost,331.26
p53033,bin2,cap,2000
p53033,bin3,cost,3312.63
p53033,bin3,cap,20000
p53035,bin1,cost,107.66
p53035,bin1,cap,1000
p53035,bin2,cost,331.26
p53035,bin2,cap,2000
p53035,bin3,cost,3312.63
p53035,bin3,cap,20000
p53037,bin1,cost,107.66
p53037,bin1,cap,1000
p53037,bin2,cost,331.26
p53037,bin2,cap,2000
p53037,bin3,cost,3312.63
p53037,bin3,cap,20000
p53053,bin1,cost,107.66
p53053,bin1,cap,1000
p53053,bin2,cost,331.26
p53053,bin2,cap,2000
p53053,bin3,cost,3312.63
p53053,bin3,cap,20000
p53055,bin1,cost,107.66
p53055,bin1,cap,1000
p53055,bin2,cost,331.26
p53055,bin2,cap,2000
p53055,bin3,cost,3312.63
p53055,bin3,cap,20000
p53057,bin1,cost,107.66
p53057,bin1,cap,1000
p53057,bin2,cost,331.26
p53057,bin2,cap,2000
p53057,bin3,cost,3312.63
p53057,bin3,cap,20000
p53061,bin1,cost,107.66
p53061,bin1,cap,1000
p53061,bin2,cost,331.26
p53061,bin2,cap,2000
p53061,bin3,cost,3312.63
p53061,bin3,cap,20000
p53067,bin1,cost,107.66
p53067,bin1,cap,1000
p53067,bin2,cost,331.26
p53067,bin2,cap,2000
p53067,bin3,cost,3312.63
p53067,bin3,cap,20000
p53073,bin1,cost,107.66
p53073,bin1,cap,1000
p53073,bin2,cost,331.26
p53073,bin2,cap,2000
p53073,bin3,cost,3312.63
p53073,bin3,cap,20000
p53003,bin1,cost,107.66
p53003,bin1,cap,1000
p53003,bin2,cost,331.26
p53003,bin2,cap,2000
p53003,bin3,cost,3312.63
p53003,bin3,cap,20000
p53005,bin1,cost,107.66
p53005,bin1,cap,1000
p53005,bin2,cost,331.26
p53005,bin2,cap,2000
p53005,bin3,cost,3312.63
p53005,bin3,cap,20000
p53009,bin1,cost,107.66
p53009,bin1,cap,1000
p53009,bin2,cost,331.26
p53009,bin2,cap,2000
p53009,bin3,cost,3312.63
p53009,bin3,cap,20000
p53011,bin1,cost,107.66
p53011,bin1,cap,1000
p53011,bin2,cost,331.26
p53011,bin2,cap,2000
p53011,bin3,cost,3312.63
p53011,bin3,cap,20000
p53013,bin1,cost,107.66
p53013,bin1,cap,1000
p53013,bin2,cost,331.26
p53013,bin2,cap,2000
p53013,bin3,cost,3312.63
p53013,bin3,cap,20000
p53015,bin1,cost,107.66
p53015,bin1,cap,1000
p53015,bin2,cost,331.26
p53015,bin2,cap,2000
p53015,bin3,cost,3312.63
p53015,bin3,cap,20000
p53023,bin1,cost,107.66
p53023,bin1,cap,1000
p53023,bin2,cost,331.26
p53023,bin2,cap,2000
p53023,bin3,cost,3312.63
p53023,bin3,cap,20000
p53027,bin1,cost,107.66
p53027,bin1,cap,1000
p53027,bin2,cost,331.26
p53027,bin2,cap,2000
p53027,bin3,cost,3312.63
p53027,bin3,cap,20000
p53031,bin1,cost,107.66
p53031,bin1,cap,1000
p53031,bin2,cost,331.26
p53031,bin2,cap,2000
p53031,bin3,cost,3312.63
p53031,bin3,cap,20000
p53039,bin1,cost,107.66
p53039,bin1,cap,1000
p53039,bin2,cost,331.26
p53039,bin2,cap,2000
p53039,bin3,cost,3312.63
p53039,bin3,cap,20000
p53041,bin1,cost,107.66
p53041,bin1,cap,1000
p53041,bin2,cost,331.26
p53041,bin2,cap,2000
p53041,bin3,cost,3312.63
p53041,bin3,cap,20000
p53045,bin1,cost,107.66
p53045,bin1,cap,1000
p53045,bin2,cost,331.26
p53045,bin2,cap,2000
p53045,bin3,cost,3312.63
p53045,bin3,cap,20000
p53049,bin1,cost,107.66
p53049,bin1,cap,1000
p53049,bin2,cost,331.26
p53049,bin2,cap,2000
p53049,bin3,cost,3312.63
p53049,bin3,cap,20000
p53059,bin1,cost,107.66
p53059,bin1,cap,1000
p53059,bin2,cost,331.26
p53059,bin2,cap,2000
p53059,bin3,cost,3312.63
p53059,bin3,cap,20000
p53069,bin1,cost,107.66
p53069,bin1,cap,1000
p53069,bin2,cost,331.26
p53069,bin2,cap,2000
p53069,bin3,cost,3312.63
p53069,bin3,cap,20000
p53071,bin1,cost,107.66
p53071,bin1,cap,1000
p53071,bin2,cost,331.26
p53071,bin2,cap,2000
p53071,bin3,cost,3312.63
p53071,bin3,cap,20000
p53077,bin1,cost,107.66
p53077,bin1,cap,1000
p53077,bin2,cost,331.26
p53077,bin2,cap,2000
p53077,bin3,cost,3312.63
p53077,bin3,cap,20000
p53001,bin1,cost,107.66
p53001,bin1,cap,1000
p53001,bin2,cost,331.26
p53001,bin2,cap,2000
p53001,bin3,cost,3312.63
p53001,bin3,cap,20000
p53019,bin1,cost,107.66
p53019,bin1,cap,1000
p53019,bin2,cost,331.26
p53019,bin2,cap,2000
p53019,bin3,cost,3312.63
p53019,bin3,cap,20000
p53021,bin1,cost,107.66
p53021,bin1,cap,1000
p53021,bin2,cost,331.26
p53021,bin2,cap,2000
p53021,bin3,cost,3312.63
p53021,bin3,cap,20000
p53043,bin1,cost,107.66
p53043,bin1,cap,1000
p53043,bin2,cost,331.26
p53043,bin2,cap,2000
p53043,bin3,cost,3312.63
p53043,bin3,cap,20000
p53047,bin1,cost,107.66
p53047,bin1,cap,1000
p53047,bin2,cost,331.26
p53047,bin2,cap,2000
p53047,bin3,cost,3312.63
p53047,bin3,cap,20000
p53051,bin1,cost,107.66
p53051,bin1,cap,1000
p53051,bin2,cost,331.26
p53051,bin2,cap,2000
p53051,bin3,cost,3312.63
p53051,bin3,cap,20000
p53063,bin1,cost,107.66
p53063,bin1,cap,1000
p53063,bin2,cost,331.26
p53063,bin2,cap,2000
p53063,bin3,cost,3312.63
p53063,bin3,cap,20000
p53065,bin1,cost,107.66
p53065,bin1,cap,1000
p53065,bin2,cost,331.26
p53065,bin2,cap,2000
p53065,bin3,cost,3312.63
p53065,bin3,cap,20000
p53075,bin1,cost,107.66
p53075,bin1,cap,1000
p53075,bin2,cost,331.26
p53075,bin2,cap,2000
p53075,bin3,cost,3312.63
p53075,bin3,cap,20000
p53017,bin1,cost,107.66
p53017,bin1,cap,1000
p53017,bin2,cost,331.26
p53017,bin2,cap,2000
p53017,bin3,cost,3312.63
p53017,bin3,cap,20000
p53025,bin1,cost,107.66
p53025,bin1,cap,1000
p53025,bin2,cost,331.26
p53025,bin2,cap,2000
p53025,bin3,cost,3312.63
p53025,bin3,cap,20000
p41003,bin1,cost,107.66
p41003,bin1,cap,1000
p41003,bin2,cost,331.26
p41003,bin2,cap,2000
p41003,bin3,cost,3312.63
p41003,bin3,cap,20000
p41005,bin1,cost,107.66
p41005,bin1,cap,1000
p41005,bin2,cost,331.26
p41005,bin2,cap,2000
p41005,bin3,cost,3312.63
p41005,bin3,cap,20000
p41007,bin1,cost,107.66
p41007,bin1,cap,1000
p41007,bin2,cost,331.26
p41007,bin2,cap,2000
p41007,bin3,cost,3312.63
p41007,bin3,cap,20000
p41009,bin1,cost,107.66
p41009,bin1,cap,1000
p41009,bin2,cost,331.26
p41009,bin2,cap,2000
p41009,bin3,cost,3312.63
p41009,bin3,cap,20000
p41013,bin1,cost,107.66
p41013,bin1,cap,1000
p41013,bin2,cost,331.26
p41013,bin2,cap,2000
p41013,bin3,cost,3312.63
p41013,bin3,cap,20000
p41017,bin1,cost,107.66
p41017,bin1,cap,1000
p41017,bin2,cost,331.26
p41017,bin2,cap,2000
p41017,bin3,cost,3312.63
p41017,bin3,cap,20000
p41021,bin1,cost,107.66
p41021,bin1,cap,1000
p41021,bin2,cost,331.26
p41021,bin2,cap,2000
p41021,bin3,cost,3312.63
p41021,bin3,cap,20000
p41023,bin1,cost,107.66
p41023,bin1,cap,1000
p41023,bin2,cost,331.26
p41023,bin2,cap,2000
p41023,bin3,cost,3312.63
p41023,bin3,cap,20000
p41027,bin1,cost,107.66
p41027,bin1,cap,1000
p41027,bin2,cost,331.26
p41027,bin2,cap,2000
p41027,bin3,cost,3312.63
p41027,bin3,cap,20000
p41031,bin1,cost,107.66
p41031,bin1,cap,1000
p41031,bin2,cost,331.26
p41031,bin2,cap,2000
p41031,bin3,cost,3312.63
p41031,bin3,cap,20000
p41039,bin1,cost,107.66
p41039,bin1,cap,1000
p41039,bin2,cost,331.26
p41039,bin2,cap,2000
p41039,bin3,cost,3312.63
p41039,bin3,cap,20000
p41041,bin1,cost,107.66
p41041,bin1,cap,1000
p41041,bin2,cost,331.26
p41041,bin2,cap,2000
p41041,bin3,cost,3312.63
p41041,bin3,cap,20000
p41043,bin1,cost,107.66
p41043,bin1,cap,1000
p41043,bin2,cost,331.26
p41043,bin2,cap,2000
p41043,bin3,cost,3312.63
p41043,bin3,cap,20000
p41047,bin1,cost,107.66
p41047,bin1,cap,1000
p41047,bin2,cost,331.26
p41047,bin2,cap,2000
p41047,bin3,cost,3312.63
p41047,bin3,cap,20000
p41049,bin1,cost,107.66
p41049,bin1,cap,1000
p41049,bin2,cost,331.26
p41049,bin2,cap,2000
p41049,bin3,cost,3312.63
p41049,bin3,cap,20000
p41051,bin1,cost,107.66
p41051,bin1,cap,1000
p41051,bin2,cost,331.26
p41051,bin2,cap,2000
p41051,bin3,cost,3312.63
p41051,bin3,cap,20000
p41053,bin1,cost,107.66
p41053,bin1,cap,1000
p41053,bin2,cost,331.26
p41053,bin2,cap,2000
p41053,bin3,cost,3312.63
p41053,bin3,cap,20000
p41055,bin1,cost,107.66
p41055,bin1,cap,1000
p41055,bin2,cost,331.26
p41055,bin2,cap,2000
p41055,bin3,cost,3312.63
p41055,bin3,cap,20000
p41057,bin1,cost,107.66
p41057,bin1,cap,1000
p41057,bin2,cost,331.26
p41057,bin2,cap,2000
p41057,bin3,cost,3312.63
p41057,bin3,cap,20000
p41059,bin1,cost,107.66
p41059,bin1,cap,1000
p41059,bin2,cost,331.26
p41059,bin2,cap,2000
p41059,bin3,cost,3312.63
p41059,bin3,cap,20000
p41061,bin1,cost,107.66
p41061,bin1,cap,1000
p41061,bin2,cost,331.26
p41061,bin2,cap,2000
p41061,bin3,cost,3312.63
p41061,bin3,cap,20000
p41063,bin1,cost,107.66
p41063,bin1,cap,1000
p41063,bin2,cost,331.26
p41063,bin2,cap,2000
p41063,bin3,cost,3312.63
p41063,bin3,cap,20000
p41065,bin1,cost,107.66
p41065,bin1,cap,1000
p41065,bin2,cost,331.26
p41065,bin2,cap,2000
p41065,bin3,cost,3312.63
p41065,bin3,cap,20000
p41067,bin1,cost,107.66
p41067,bin1,cap,1000
p41067,bin2,cost,331.26
p41067,bin2,cap,2000
p41067,bin3,cost,3312.63
p41067,bin3,cap,20000
p41069,bin1,cost,107.66
p41069,bin1,cap,1000
p41069,bin2,cost,331.26
p41069,bin2,cap,2000
p41069,bin3,cost,3312.63
p41069,bin3,cap,20000
p41071,bin1,cost,107.66
p41071,bin1,cap,1000
p41071,bin2,cost,331.26
p41071,bin2,cap,2000
p41071,bin3,cost,3312.63
p41071,bin3,cap,20000
p41011,bin1,cost,107.66
p41011,bin1,cap,1000
p41011,bin2,cost,331.26
p41011,bin2,cap,2000
p41011,bin3,cost,3312.63
p41011,bin3,cap,20000
p41015,bin1,cost,107.66
p41015,bin1,cap,1000
p41015,bin2,cost,331.26
p41015,bin2,cap,2000
p41015,bin3,cost,3312.63
p41015,bin3,cap,20000
p41019,bin1,cost,107.66
p41019,bin1,cap,1000
p41019,bin2,cost,331.26
p41019,bin2,cap,2000
p41019,bin3,cost,3312.63
p41019,bin3,cap,20000
p41029,bin1,cost,107.66
p41029,bin1,cap,1000
p41029,bin2,cost,331.26
p41029,bin2,cap,2000
p41029,bin3,cost,3312.63
p41029,bin3,cap,20000
p41033,bin1,cost,107.66
p41033,bin1,cap,1000
p41033,bin2,cost,331.26
p41033,bin2,cap,2000
p41033,bin3,cost,3312.63
p41033,bin3,cap,20000
p41035,bin1,cost,107.66
p41035,bin1,cap,1000
p41035,bin2,cost,331.26
p41035,bin2,cap,2000
p41035,bin3,cost,3312.63
p41035,bin3,cap,20000
p41001,bin1,cost,107.66
p41001,bin1,cap,1000
p41001,bin2,cost,331.26
p41001,bin2,cap,2000
p41001,bin3,cost,3312.63
p41001,bin3,cap,20000
p41025,bin1,cost,107.66
p41025,bin1,cap,1000
p41025,bin2,cost,331.26
p41025,bin2,cap,2000
p41025,bin3,cost,3312.63
p41025,bin3,cap,20000
p41037,bin1,cost,107.66
p41037,bin1,cap,1000
p41037,bin2,cost,331.26
p41037,bin2,cap,2000
p41037,bin3,cost,3312.63
p41037,bin3,cap,20000
p41045,bin1,cost,107.66
p41045,bin1,cap,1000
p41045,bin2,cost,331.26
p41045,bin2,cap,2000
p41045,bin3,cost,3312.63
p41045,bin3,cap,20000
p06035,bin1,cost,107.66
p06035,bin1,cap,1000
p06035,bin2,cost,331.26
p06035,bin2,cap,2000
p06035,bin3,cost,3312.63
p06035,bin3,cap,20000
p06049,bin1,cost,107.66
p06049,bin1,cap,1000
p06049,bin2,cost,331.26
p06049,bin2,cap,2000
p06049,bin3,cost,3312.63
p06049,bin3,cap,20000
p06093,bin1,cost,107.66
p06093,bin1,cap,1000
p06093,bin2,cost,331.26
p06093,bin2,cap,2000
p06093,bin3,cost,3312.63
p06093,bin3,cap,20000
p06001,bin1,cost,107.66
p06001,bin1,cap,1000
p06001,bin2,cost,331.26
p06001,bin2,cap,2000
p06001,bin3,cost,3312.63
p06001,bin3,cap,20000
p06003,bin1,cost,107.66
p06003,bin1,cap,1000
p06003,bin2,cost,331.26
p06003,bin2,cap,2000
p06003,bin3,cost,3312.63
p06003,bin3,cap,20000
p06005,bin1,cost,107.66
p06005,bin1,cap,1000
p06005,bin2,cost,331.26
p06005,bin2,cap,2000
p06005,bin3,cost,3312.63
p06005,bin3,cap,20000
p06007,bin1,cost,107.66
p06007,bin1,cap,1000
p06007,bin2,cost,331.26
p06007,bin2,cap,2000
p06007,bin3,cost,3312.63
p06007,bin3,cap,20000
p06009,bin1,cost,107.66
p06009,bin1,cap,1000
p06009,bin2,cost,331.26
p06009,bin2,cap,2000
p06009,bin3,cost,3312.63
p06009,bin3,cap,20000
p06011,bin1,cost,107.66
p06011,bin1,cap,1000
p06011,bin2,cost,331.26
p06011,bin2,cap,2000
p06011,bin3,cost,3312.63
p06011,bin3,cap,20000
p06013,bin1,cost,107.66
p06013,bin1,cap,1000
p06013,bin2,cost,331.26
p06013,bin2,cap,2000
p06013,bin3,cost,3312.63
p06013,bin3,cap,20000
p06015,bin1,cost,107.66
p06015,bin1,cap,1000
p06015,bin2,cost,331.26
p06015,bin2,cap,2000
p06015,bin3,cost,3312.63
p06015,bin3,cap,20000
p06017,bin1,cost,107.66
p06017,bin1,cap,1000
p06017,bin2,cost,331.26
p06017,bin2,cap,2000
p06017,bin3,cost,3312.63
p06017,bin3,cap,20000
p06019,bin1,cost,107.66
p06019,bin1,cap,1000
p06019,bin2,cost,331.26
p06019,bin2,cap,2000
p06019,bin3,cost,3312.63
p06019,bin3,cap,20000
p06021,bin1,cost,107.66
p06021,bin1,cap,1000
p06021,bin2,cost,331.26
p06021,bin2,cap,2000
p06021,bin3,cost,3312.63
p06021,bin3,cap,20000
p06023,bin1,cost,107.66
p06023,bin1,cap,1000
p06023,bin2,cost,331.26
p06023,bin2,cap,2000
p06023,bin3,cost,3312.63
p06023,bin3,cap,20000
p06031,bin1,cost,107.66
p06031,bin1,cap,1000
p06031,bin2,cost,331.26
p06031,bin2,cap,2000
p06031,bin3,cost,3312.63
p06031,bin3,cap,20000
p06033,bin1,cost,107.66
p06033,bin1,cap,1000
p06033,bin2,cost,331.26
p06033,bin2,cap,2000
p06033,bin3,cost,3312.63
p06033,bin3,cap,20000
p06039,bin1,cost,107.66
p06039,bin1,cap,1000
p06039,bin2,cost,331.26
p06039,bin2,cap,2000
p06039,bin3,cost,3312.63
p06039,bin3,cap,20000
p06041,bin1,cost,107.66
p06041,bin1,cap,1000
p06041,bin2,cost,331.26
p06041,bin2,cap,2000
p06041,bin3,cost,3312.63
p06041,bin3,cap,20000
p06043,bin1,cost,107.66
p06043,bin1,cap,1000
p06043,bin2,cost,331.26
p06043,bin2,cap,2000
p06043,bin3,cost,3312.63
p06043,bin3,cap,20000
p06045,bin1,cost,107.66
p06045,bin1,cap,1000
p06045,bin2,cost,331.26
p06045,bin2,cap,2000
p06045,bin3,cost,3312.63
p06045,bin3,cap,20000
p06047,bin1,cost,107.66
p06047,bin1,cap,1000
p06047,bin2,cost,331.26
p06047,bin2,cap,2000
p06047,bin3,cost,3312.63
p06047,bin3,cap,20000
p06053,bin1,cost,107.66
p06053,bin1,cap,1000
p06053,bin2,cost,331.26
p06053,bin2,cap,2000
p06053,bin3,cost,3312.63
p06053,bin3,cap,20000
p06055,bin1,cost,107.66
p06055,bin1,cap,1000
p06055,bin2,cost,331.26
p06055,bin2,cap,2000
p06055,bin3,cost,3312.63
p06055,bin3,cap,20000
p06057,bin1,cost,107.66
p06057,bin1,cap,1000
p06057,bin2,cost,331.26
p06057,bin2,cap,2000
p06057,bin3,cost,3312.63
p06057,bin3,cap,20000
p06061,bin1,cost,107.66
p06061,bin1,cap,1000
p06061,bin2,cost,331.26
p06061,bin2,cap,2000
p06061,bin3,cost,3312.63
p06061,bin3,cap,20000
p06063,bin1,cost,107.66
p06063,bin1,cap,1000
p06063,bin2,cost,331.26
p06063,bin2,cap,2000
p06063,bin3,cost,3312.63
p06063,bin3,cap,20000
p06067,bin1,cost,107.66
p06067,bin1,cap,1000
p06067,bin2,cost,331.26
p06067,bin2,cap,2000
p06067,bin3,cost,3312.63
p06067,bin3,cap,20000
p06069,bin1,cost,107.66
p06069,bin1,cap,1000
p06069,bin2,cost,331.26
p06069,bin2,cap,2000
p06069,bin3,cost,3312.63
p06069,bin3,cap,20000
p06075,bin1,cost,107.66
p06075,bin1,cap,1000
p06075,bin2,cost,331.26
p06075,bin2,cap,2000
p06075,bin3,cost,3312.63
p06075,bin3,cap,20000
p06077,bin1,cost,107.66
p06077,bin1,cap,1000
p06077,bin2,cost,331.26
p06077,bin2,cap,2000
p06077,bin3,cost,3312.63
p06077,bin3,cap,20000
p06079,bin1,cost,107.66
p06079,bin1,cap,1000
p06079,bin2,cost,331.26
p06079,bin2,cap,2000
p06079,bin3,cost,3312.63
p06079,bin3,cap,20000
p06081,bin1,cost,107.66
p06081,bin1,cap,1000
p06081,bin2,cost,331.26
p06081,bin2,cap,2000
p06081,bin3,cost,3312.63
p06081,bin3,cap,20000
p06083,bin1,cost,107.66
p06083,bin1,cap,1000
p06083,bin2,cost,331.26
p06083,bin2,cap,2000
p06083,bin3,cost,3312.63
p06083,bin3,cap,20000
p06085,bin1,cost,107.66
p06085,bin1,cap,1000
p06085,bin2,cost,331.26
p06085,bin2,cap,2000
p06085,bin3,cost,3312.63
p06085,bin3,cap,20000
p06087,bin1,cost,107.66
p06087,bin1,cap,1000
p06087,bin2,cost,331.26
p06087,bin2,cap,2000
p06087,bin3,cost,3312.63
p06087,bin3,cap,20000
p06089,bin1,cost,107.66
p06089,bin1,cap,1000
p06089,bin2,cost,331.26
p06089,bin2,cap,2000
p06089,bin3,cost,3312.63
p06089,bin3,cap,20000
p06091,bin1,cost,107.66
p06091,bin1,cap,1000
p06091,bin2,cost,331.26
p06091,bin2,cap,2000
p06091,bin3,cost,3312.63
p06091,bin3,cap,20000
p06095,bin1,cost,107.66
p06095,bin1,cap,1000
p06095,bin2,cost,331.26
p06095,bin2,cap,2000
p06095,bin3,cost,3312.63
p06095,bin3,cap,20000
p06097,bin1,cost,107.66
p06097,bin1,cap,1000
p06097,bin2,cost,331.26
p06097,bin2,cap,2000
p06097,bin3,cost,3312.63
p06097,bin3,cap,20000
p06099,bin1,cost,107.66
p06099,bin1,cap,1000
p06099,bin2,cost,331.26
p06099,bin2,cap,2000
p06099,bin3,cost,3312.63
p06099,bin3,cap,20000
p06101,bin1,cost,107.66
p06101,bin1,cap,1000
p06101,bin2,cost,331.26
p06101,bin2,cap,2000
p06101,bin3,cost,3312.63
p06101,bin3,cap,20000
p06103,bin1,cost,107.66
p06103,bin1,cap,1000
p06103,bin2,cost,331.26
p06103,bin2,cap,2000
p06103,bin3,cost,3312.63
p06103,bin3,cap,20000
p06105,bin1,cost,107.66
p06105,bin1,cap,1000
p06105,bin2,cost,331.26
p06105,bin2,cap,2000
p06105,bin3,cost,3312.63
p06105,bin3,cap,20000
p06109,bin1,cost,107.66
p06109,bin1,cap,1000
p06109,bin2,cost,331.26
p06109,bin2,cap,2000
p06109,bin3,cost,3312.63
p06109,bin3,cap,20000
p06113,bin1,cost,107.66
p06113,bin1,cap,1000
p06113,bin2,cost,331.26
p06113,bin2,cap,2000
p06113,bin3,cost,3312.63
p06113,bin3,cap,20000
p06115,bin1,cost,107.66
p06115,bin1,cap,1000
p06115,bin2,cost,331.26
p06115,bin2,cap,2000
p06115,bin3,cost,3312.63
p06115,bin3,cap,20000
p06025,bin1,cost,107.66
p06025,bin1,cap,1000
p06025,bin2,cost,331.26
p06025,bin2,cap,2000
p06025,bin3,cost,3312.63
p06025,bin3,cap,20000
p06027,bin1,cost,107.66
p06027,bin1,cap,1000
p06027,bin2,cost,331.26
p06027,bin2,cap,2000
p06027,bin3,cost,3312.63
p06027,bin3,cap,20000
p06029,bin1,cost,107.66
p06029,bin1,cap,1000
p06029,bin2,cost,331.26
p06029,bin2,cap,2000
p06029,bin3,cost,3312.63
p06029,bin3,cap,20000
p06037,bin1,cost,107.66
p06037,bin1,cap,1000
p06037,bin2,cost,331.26
p06037,bin2,cap,2000
p06037,bin3,cost,3312.63
p06037,bin3,cap,20000
p06051,bin1,cost,107.66
p06051,bin1,cap,1000
p06051,bin2,cost,331.26
p06051,bin2,cap,2000
p06051,bin3,cost,3312.63
p06051,bin3,cap,20000
p06059,bin1,cost,107.66
p06059,bin1,cap,1000
p06059,bin2,cost,331.26
p06059,bin2,cap,2000
p06059,bin3,cost,3312.63
p06059,bin3,cap,20000
p06065,bin1,cost,107.66
p06065,bin1,cap,1000
p06065,bin2,cost,331.26
p06065,bin2,cap,2000
p06065,bin3,cost,3312.63
p06065,bin3,cap,20000
p06071,bin1,cost,107.66
p06071,bin1,cap,1000
p06071,bin2,cost,331.26
p06071,bin2,cap,2000
p06071,bin3,cost,3312.63
p06071,bin3,cap,20000
p06107,bin1,cost,107.66
p06107,bin1,cap,1000
p06107,bin2,cost,331.26
p06107,bin2,cap,2000
p06107,bin3,cost,3312.63
p06107,bin3,cap,20000
p06111,bin1,cost,107.66
p06111,bin1,cap,1000
p06111,bin2,cost,331.26
p06111,bin2,cap,2000
p06111,bin3,cost,3312.63
p06111,bin3,cap,20000
p06073,bin1,cost,107.66
p06073,bin1,cap,1000
p06073,bin2,cost,331.26
p06073,bin2,cap,2000
p06073,bin3,cost,3312.63
p06073,bin3,cap,20000
p32001,bin1,cost,107.66
p32001,bin1,cap,1000
p32001,bin2,cost,331.26
p32001,bin2,cap,2000
p32001,bin3,cost,3312.63
p32001,bin3,cap,20000
p32005,bin1,cost,107.66
p32005,bin1,cap,1000
p32005,bin2,cost,331.26
p32005,bin2,cap,2000
p32005,bin3,cost,3312.63
p32005,bin3,cap,20000
p32007,bin1,cost,107.66
p32007,bin1,cap,1000
p32007,bin2,cost,331.26
p32007,bin2,cap,2000
p32007,bin3,cost,3312.63
p32007,bin3,cap,20000
p32009,bin1,cost,107.66
p32009,bin1,cap,1000
p32009,bin2,cost,331.26
p32009,bin2,cap,2000
p32009,bin3,cost,3312.63
p32009,bin3,cap,20000
p32011,bin1,cost,107.66
p32011,bin1,cap,1000
p32011,bin2,cost,331.26
p32011,bin2,cap,2000
p32011,bin3,cost,3312.63
p32011,bin3,cap,20000
p32013,bin1,cost,107.66
p32013,bin1,cap,1000
p32013,bin2,cost,331.26
p32013,bin2,cap,2000
p32013,bin3,cost,3312.63
p32013,bin3,cap,20000
p32015,bin1,cost,107.66
p32015,bin1,cap,1000
p32015,bin2,cost,331.26
p32015,bin2,cap,2000
p32015,bin3,cost,3312.63
p32015,bin3,cap,20000
p32017,bin1,cost,107.66
p32017,bin1,cap,1000
p32017,bin2,cost,331.26
p32017,bin2,cap,2000
p32017,bin3,cost,3312.63
p32017,bin3,cap,20000
p32019,bin1,cost,107.66
p32019,bin1,cap,1000
p32019,bin2,cost,331.26
p32019,bin2,cap,2000
p32019,bin3,cost,3312.63
p32019,bin3,cap,20000
p32021,bin1,cost,107.66
p32021,bin1,cap,1000
p32021,bin2,cost,331.26
p32021,bin2,cap,2000
p32021,bin3,cost,3312.63
p32021,bin3,cap,20000
p32023,bin1,cost,107.66
p32023,bin1,cap,1000
p32023,bin2,cost,331.26
p32023,bin2,cap,2000
p32023,bin3,cost,3312.63
p32023,bin3,cap,20000
p32027,bin1,cost,107.66
p32027,bin1,cap,1000
p32027,bin2,cost,331.26
p32027,bin2,cap,2000
p32027,bin3,cost,3312.63
p32027,bin3,cap,20000
p32029,bin1,cost,107.66
p32029,bin1,cap,1000
p32029,bin2,cost,331.26
p32029,bin2,cap,2000
p32029,bin3,cost,3312.63
p32029,bin3,cap,20000
p32031,bin1,cost,107.66
p32031,bin1,cap,1000
p32031,bin2,cost,331.26
p32031,bin2,cap,2000
p32031,bin3,cost,3312.63
p32031,bin3,cap,20000
p32033,bin1,cost,107.66
p32033,bin1,cap,1000
p32033,bin2,cost,331.26
p32033,bin2,cap,2000
p32033,bin3,cost,3312.63
p32033,bin3,cap,20000
p32510,bin1,cost,107.66
p32510,bin1,cap,1000
p32510,bin2,cost,331.26
p32510,bin2,cap,2000
p32510,bin3,cost,3312.63
p32510,bin3,cap,20000
p32003,bin1,cost,107.66
p32003,bin1,cap,1000
p32003,bin2,cost,331.26
p32003,bin2,cap,2000
p32003,bin3,cost,3312.63
p32003,bin3,cap,20000
p16009,bin1,cost,107.66
p16009,bin1,cap,1000
p16009,bin2,cost,331.26
p16009,bin2,cap,2000
p16009,bin3,cost,3312.63
p16009,bin3,cap,20000
p16017,bin1,cost,107.66
p16017,bin1,cap,1000
p16017,bin2,cost,331.26
p16017,bin2,cap,2000
p16017,bin3,cost,3312.63
p16017,bin3,cap,20000
p16021,bin1,cost,107.66
p16021,bin1,cap,1000
p16021,bin2,cost,331.26
p16021,bin2,cap,2000
p16021,bin3,cost,3312.63
p16021,bin3,cap,20000
p16055,bin1,cost,107.66
p16055,bin1,cap,1000
p16055,bin2,cost,331.26
p16055,bin2,cap,2000
p16055,bin3,cost,3312.63
p16055,bin3,cap,20000
p16057,bin1,cost,107.66
p16057,bin1,cap,1000
p16057,bin2,cost,331.26
p16057,bin2,cap,2000
p16057,bin3,cost,3312.63
p16057,bin3,cap,20000
p16061,bin1,cost,107.66
p16061,bin1,cap,1000
p16061,bin2,cost,331.26
p16061,bin2,cap,2000
p16061,bin3,cost,3312.63
p16061,bin3,cap,20000
p16069,bin1,cost,107.66
p16069,bin1,cap,1000
p16069,bin2,cost,331.26
p16069,bin2,cap,2000
p16069,bin3,cost,3312.63
p16069,bin3,cap,20000
p16001,bin1,cost,107.66
p16001,bin1,cap,1000
p16001,bin2,cost,331.26
p16001,bin2,cap,2000
p16001,bin3,cost,3312.63
p16001,bin3,cap,20000
p16003,bin1,cost,107.66
p16003,bin1,cap,1000
p16003,bin2,cost,331.26
p16003,bin2,cap,2000
p16003,bin3,cost,3312.63
p16003,bin3,cap,20000
p16013,bin1,cost,107.66
p16013,bin1,cap,1000
p16013,bin2,cost,331.26
p16013,bin2,cap,2000
p16013,bin3,cost,3312.63
p16013,bin3,cap,20000
p16015,bin1,cost,107.66
p16015,bin1,cap,1000
p16015,bin2,cost,331.26
p16015,bin2,cap,2000
p16015,bin3,cost,3312.63
p16015,bin3,cap,20000
p16023,bin1,cost,107.66
p16023,bin1,cap,1000
p16023,bin2,cost,331.26
p16023,bin2,cap,2000
p16023,bin3,cost,3312.63
p16023,bin3,cap,20000
p16025,bin1,cost,107.66
p16025,bin1,cap,1000
p16025,bin2,cost,331.26
p16025,bin2,cap,2000
p16025,bin3,cost,3312.63
p16025,bin3,cap,20000
p16027,bin1,cost,107.66
p16027,bin1,cap,1000
p16027,bin2,cost,331.26
p16027,bin2,cap,2000
p16027,bin3,cost,3312.63
p16027,bin3,cap,20000
p16035,bin1,cost,107.66
p16035,bin1,cap,1000
p16035,bin2,cost,331.26
p16035,bin2,cap,2000
p16035,bin3,cost,3312.63
p16035,bin3,cap,20000
p16037,bin1,cost,107.66
p16037,bin1,cap,1000
p16037,bin2,cost,331.26
p16037,bin2,cap,2000
p16037,bin3,cost,3312.63
p16037,bin3,cap,20000
p16039,bin1,cost,107.66
p16039,bin1,cap,1000
p16039,bin2,cost,331.26
p16039,bin2,cap,2000
p16039,bin3,cost,3312.63
p16039,bin3,cap,20000
p16045,bin1,cost,107.66
p16045,bin1,cap,1000
p16045,bin2,cost,331.26
p16045,bin2,cap,2000
p16045,bin3,cost,3312.63
p16045,bin3,cap,20000
p16047,bin1,cost,107.66
p16047,bin1,cap,1000
p16047,bin2,cost,331.26
p16047,bin2,cap,2000
p16047,bin3,cost,3312.63
p16047,bin3,cap,20000
p16049,bin1,cost,107.66
p16049,bin1,cap,1000
p16049,bin2,cost,331.26
p16049,bin2,cap,2000
p16049,bin3,cost,3312.63
p16049,bin3,cap,20000
p16053,bin1,cost,107.66
p16053,bin1,cap,1000
p16053,bin2,cost,331.26
p16053,bin2,cap,2000
p16053,bin3,cost,3312.63
p16053,bin3,cap,20000
p16059,bin1,cost,107.66
p16059,bin1,cap,1000
p16059,bin2,cost,331.26
p16059,bin2,cap,2000
p16059,bin3,cost,3312.63
p16059,bin3,cap,20000
p16063,bin1,cost,107.66
p16063,bin1,cap,1000
p16063,bin2,cost,331.26
p16063,bin2,cap,2000
p16063,bin3,cost,3312.63
p16063,bin3,cap,20000
p16067,bin1,cost,107.66
p16067,bin1,cap,1000
p16067,bin2,cost,331.26
p16067,bin2,cap,2000
p16067,bin3,cost,3312.63
p16067,bin3,cap,20000
p16073,bin1,cost,107.66
p16073,bin1,cap,1000
p16073,bin2,cost,331.26
p16073,bin2,cap,2000
p16073,bin3,cost,3312.63
p16073,bin3,cap,20000
p16075,bin1,cost,107.66
p16075,bin1,cap,1000
p16075,bin2,cost,331.26
p16075,bin2,cap,2000
p16075,bin3,cost,3312.63
p16075,bin3,cap,20000
p16079,bin1,cost,107.66
p16079,bin1,cap,1000
p16079,bin2,cost,331.26
p16079,bin2,cap,2000
p16079,bin3,cost,3312.63
p16079,bin3,cap,20000
p16085,bin1,cost,107.66
p16085,bin1,cap,1000
p16085,bin2,cost,331.26
p16085,bin2,cap,2000
p16085,bin3,cost,3312.63
p16085,bin3,cap,20000
p16087,bin1,cost,107.66
p16087,bin1,cap,1000
p16087,bin2,cost,331.26
p16087,bin2,cap,2000
p16087,bin3,cost,3312.63
p16087,bin3,cap,20000
p16005,bin1,cost,107.66
p16005,bin1,cap,1000
p16005,bin2,cost,331.26
p16005,bin2,cap,2000
p16005,bin3,cost,3312.63
p16005,bin3,cap,20000
p16007,bin1,cost,107.66
p16007,bin1,cap,1000
p16007,bin2,cost,331.26
p16007,bin2,cap,2000
p16007,bin3,cost,3312.63
p16007,bin3,cap,20000
p16011,bin1,cost,107.66
p16011,bin1,cap,1000
p16011,bin2,cost,331.26
p16011,bin2,cap,2000
p16011,bin3,cost,3312.63
p16011,bin3,cap,20000
p16019,bin1,cost,107.66
p16019,bin1,cap,1000
p16019,bin2,cost,331.26
p16019,bin2,cap,2000
p16019,bin3,cost,3312.63
p16019,bin3,cap,20000
p16029,bin1,cost,107.66
p16029,bin1,cap,1000
p16029,bin2,cost,331.26
p16029,bin2,cap,2000
p16029,bin3,cost,3312.63
p16029,bin3,cap,20000
p16031,bin1,cost,107.66
p16031,bin1,cap,1000
p16031,bin2,cost,331.26
p16031,bin2,cap,2000
p16031,bin3,cost,3312.63
p16031,bin3,cap,20000
p16033,bin1,cost,107.66
p16033,bin1,cap,1000
p16033,bin2,cost,331.26
p16033,bin2,cap,2000
p16033,bin3,cost,3312.63
p16033,bin3,cap,20000
p16041,bin1,cost,107.66
p16041,bin1,cap,1000
p16041,bin2,cost,331.26
p16041,bin2,cap,2000
p16041,bin3,cost,3312.63
p16041,bin3,cap,20000
p16043,bin1,cost,107.66
p16043,bin1,cap,1000
p16043,bin2,cost,331.26
p16043,bin2,cap,2000
p16043,bin3,cost,3312.63
p16043,bin3,cap,20000
p16051,bin1,cost,107.66
p16051,bin1,cap,1000
p16051,bin2,cost,331.26
p16051,bin2,cap,2000
p16051,bin3,cost,3312.63
p16051,bin3,cap,20000
p16065,bin1,cost,107.66
p16065,bin1,cap,1000
p16065,bin2,cost,331.26
p16065,bin2,cap,2000
p16065,bin3,cost,3312.63
p16065,bin3,cap,20000
p16071,bin1,cost,107.66
p16071,bin1,cap,1000
p16071,bin2,cost,331.26
p16071,bin2,cap,2000
p16071,bin3,cost,3312.63
p16071,bin3,cap,20000
p16077,bin1,cost,107.66
p16077,bin1,cap,1000
p16077,bin2,cost,331.26
p16077,bin2,cap,2000
p16077,bin3,cost,3312.63
p16077,bin3,cap,20000
p16081,bin1,cost,107.66
p16081,bin1,cap,1000
p16081,bin2,cost,331.26
p16081,bin2,cap,2000
p16081,bin3,cost,3312.63
p16081,bin3,cap,20000
p16083,bin1,cost,107.66
p16083,bin1,cap,1000
p16083,bin2,cost,331.26
p16083,bin2,cap,2000
p16083,bin3,cost,3312.63
p16083,bin3,cap,20000
p30001,bin1,cost,107.66
p30001,bin1,cap,1000
p30001,bin2,cost,331.26
p30001,bin2,cap,2000
p30001,bin3,cost,3312.63
p30001,bin3,cap,20000
p30007,bin1,cost,107.66
p30007,bin1,cap,1000
p30007,bin2,cost,331.26
p30007,bin2,cap,2000
p30007,bin3,cost,3312.63
p30007,bin3,cap,20000
p30023,bin1,cost,107.66
p30023,bin1,cap,1000
p30023,bin2,cost,331.26
p30023,bin2,cap,2000
p30023,bin3,cost,3312.63
p30023,bin3,cap,20000
p30029,bin1,cost,107.66
p30029,bin1,cap,1000
p30029,bin2,cost,331.26
p30029,bin2,cap,2000
p30029,bin3,cost,3312.63
p30029,bin3,cap,20000
p30039,bin1,cost,107.66
p30039,bin1,cap,1000
p30039,bin2,cost,331.26
p30039,bin2,cap,2000
p30039,bin3,cost,3312.63
p30039,bin3,cap,20000
p30043,bin1,cost,107.66
p30043,bin1,cap,1000
p30043,bin2,cost,331.26
p30043,bin2,cap,2000
p30043,bin3,cost,3312.63
p30043,bin3,cap,20000
p30047,bin1,cost,107.66
p30047,bin1,cap,1000
p30047,bin2,cost,331.26
p30047,bin2,cap,2000
p30047,bin3,cost,3312.63
p30047,bin3,cap,20000
p30053,bin1,cost,107.66
p30053,bin1,cap,1000
p30053,bin2,cost,331.26
p30053,bin2,cap,2000
p30053,bin3,cost,3312.63
p30053,bin3,cap,20000
p30057,bin1,cost,107.66
p30057,bin1,cap,1000
p30057,bin2,cost,331.26
p30057,bin2,cap,2000
p30057,bin3,cost,3312.63
p30057,bin3,cap,20000
p30061,bin1,cost,107.66
p30061,bin1,cap,1000
p30061,bin2,cost,331.26
p30061,bin2,cap,2000
p30061,bin3,cost,3312.63
p30061,bin3,cap,20000
p30063,bin1,cost,107.66
p30063,bin1,cap,1000
p30063,bin2,cost,331.26
p30063,bin2,cap,2000
p30063,bin3,cost,3312.63
p30063,bin3,cap,20000
p30077,bin1,cost,107.66
p30077,bin1,cap,1000
p30077,bin2,cost,331.26
p30077,bin2,cap,2000
p30077,bin3,cost,3312.63
p30077,bin3,cap,20000
p30081,bin1,cost,107.66
p30081,bin1,cap,1000
p30081,bin2,cost,331.26
p30081,bin2,cap,2000
p30081,bin3,cost,3312.63
p30081,bin3,cap,20000
p30089,bin1,cost,107.66
p30089,bin1,cap,1000
p30089,bin2,cost,331.26
p30089,bin2,cap,2000
p30089,bin3,cost,3312.63
p30089,bin3,cap,20000
p30093,bin1,cost,107.66
p30093,bin1,cap,1000
p30093,bin2,cost,331.26
p30093,bin2,cap,2000
p30093,bin3,cost,3312.63
p30093,bin3,cap,20000
p30003,bin1,cost,107.66
p30003,bin1,cap,1000
p30003,bin2,cost,331.26
p30003,bin2,cap,2000
p30003,bin3,cost,3312.63
p30003,bin3,cap,20000
p30005,bin1,cost,107.66
p30005,bin1,cap,1000
p30005,bin2,cost,331.26
p30005,bin2,cap,2000
p30005,bin3,cost,3312.63
p30005,bin3,cap,20000
p30009,bin1,cost,107.66
p30009,bin1,cap,1000
p30009,bin2,cost,331.26
p30009,bin2,cap,2000
p30009,bin3,cost,3312.63
p30009,bin3,cap,20000
p30013,bin1,cost,107.66
p30013,bin1,cap,1000
p30013,bin2,cost,331.26
p30013,bin2,cap,2000
p30013,bin3,cost,3312.63
p30013,bin3,cap,20000
p30015,bin1,cost,107.66
p30015,bin1,cap,1000
p30015,bin2,cost,331.26
p30015,bin2,cap,2000
p30015,bin3,cost,3312.63
p30015,bin3,cap,20000
p30031,bin1,cost,107.66
p30031,bin1,cap,1000
p30031,bin2,cost,331.26
p30031,bin2,cap,2000
p30031,bin3,cost,3312.63
p30031,bin3,cap,20000
p30035,bin1,cost,107.66
p30035,bin1,cap,1000
p30035,bin2,cost,331.26
p30035,bin2,cap,2000
p30035,bin3,cost,3312.63
p30035,bin3,cap,20000
p30041,bin1,cost,107.66
p30041,bin1,cap,1000
p30041,bin2,cost,331.26
p30041,bin2,cap,2000
p30041,bin3,cost,3312.63
p30041,bin3,cap,20000
p30049,bin1,cost,107.66
p30049,bin1,cap,1000
p30049,bin2,cost,331.26
p30049,bin2,cap,2000
p30049,bin3,cost,3312.63
p30049,bin3,cap,20000
p30051,bin1,cost,107.66
p30051,bin1,cap,1000
p30051,bin2,cost,331.26
p30051,bin2,cap,2000
p30051,bin3,cost,3312.63
p30051,bin3,cap,20000
p30059,bin1,cost,107.66
p30059,bin1,cap,1000
p30059,bin2,cost,331.26
p30059,bin2,cap,2000
p30059,bin3,cost,3312.63
p30059,bin3,cap,20000
p30067,bin1,cost,107.66
p30067,bin1,cap,1000
p30067,bin2,cost,331.26
p30067,bin2,cap,2000
p30067,bin3,cost,3312.63
p30067,bin3,cap,20000
p30071,bin1,cost,107.66
p30071,bin1,cap,1000
p30071,bin2,cost,331.26
p30071,bin2,cap,2000
p30071,bin3,cost,3312.63
p30071,bin3,cap,20000
p30073,bin1,cost,107.66
p30073,bin1,cap,1000
p30073,bin2,cost,331.26
p30073,bin2,cap,2000
p30073,bin3,cost,3312.63
p30073,bin3,cap,20000
p30095,bin1,cost,107.66
p30095,bin1,cap,1000
p30095,bin2,cost,331.26
p30095,bin2,cap,2000
p30095,bin3,cost,3312.63
p30095,bin3,cap,20000
p30097,bin1,cost,107.66
p30097,bin1,cap,1000
p30097,bin2,cost,331.26
p30097,bin2,cap,2000
p30097,bin3,cost,3312.63
p30097,bin3,cap,20000
p30099,bin1,cost,107.66
p30099,bin1,cap,1000
p30099,bin2,cost,331.26
p30099,bin2,cap,2000
p30099,bin3,cost,3312.63
p30099,bin3,cap,20000
p30101,bin1,cost,107.66
p30101,bin1,cap,1000
p30101,bin2,cost,331.26
p30101,bin2,cap,2000
p30101,bin3,cost,3312.63
p30101,bin3,cap,20000
p30033,bin1,cost,107.66
p30033,bin1,cap,1000
p30033,bin2,cost,331.26
p30033,bin2,cap,2000
p30033,bin3,cost,3312.63
p30033,bin3,cap,20000
p30105,bin1,cost,107.66
p30105,bin1,cap,1000
p30105,bin2,cost,331.26
p30105,bin2,cap,2000
p30105,bin3,cost,3312.63
p30105,bin3,cap,20000
p30027,bin1,cost,107.66
p30027,bin1,cap,1000
p30027,bin2,cost,331.26
p30027,bin2,cap,2000
p30027,bin3,cost,3312.63
p30027,bin3,cap,20000
p30037,bin1,cost,107.66
p30037,bin1,cap,1000
p30037,bin2,cost,331.26
p30037,bin2,cap,2000
p30037,bin3,cost,3312.63
p30037,bin3,cap,20000
p30045,bin1,cost,107.66
p30045,bin1,cap,1000
p30045,bin2,cost,331.26
p30045,bin2,cap,2000
p30045,bin3,cost,3312.63
p30045,bin3,cap,20000
p30065,bin1,cost,107.66
p30065,bin1,cap,1000
p30065,bin2,cost,331.26
p30065,bin2,cap,2000
p30065,bin3,cost,3312.63
p30065,bin3,cap,20000
p30069,bin1,cost,107.66
p30069,bin1,cap,1000
p30069,bin2,cost,331.26
p30069,bin2,cap,2000
p30069,bin3,cost,3312.63
p30069,bin3,cap,20000
p30075,bin1,cost,107.66
p30075,bin1,cap,1000
p30075,bin2,cost,331.26
p30075,bin2,cap,2000
p30075,bin3,cost,3312.63
p30075,bin3,cap,20000
p30087,bin1,cost,107.66
p30087,bin1,cap,1000
p30087,bin2,cost,331.26
p30087,bin2,cap,2000
p30087,bin3,cost,3312.63
p30087,bin3,cap,20000
p30103,bin1,cost,107.66
p30103,bin1,cap,1000
p30103,bin2,cost,331.26
p30103,bin2,cap,2000
p30103,bin3,cost,3312.63
p30103,bin3,cap,20000
p30107,bin1,cost,107.66
p30107,bin1,cap,1000
p30107,bin2,cost,331.26
p30107,bin2,cap,2000
p30107,bin3,cost,3312.63
p30107,bin3,cap,20000
p30111,bin1,cost,107.66
p30111,bin1,cap,1000
p30111,bin2,cost,331.26
p30111,bin2,cap,2000
p30111,bin3,cost,3312.63
p30111,bin3,cap,20000
p56003,bin1,cost,107.66
p56003,bin1,cap,1000
p56003,bin2,cost,331.26
p56003,bin2,cap,2000
p56003,bin3,cost,3312.63
p56003,bin3,cap,20000
p56013,bin1,cost,107.66
p56013,bin1,cap,1000
p56013,bin2,cost,331.26
p56013,bin2,cap,2000
p56013,bin3,cost,3312.63
p56013,bin3,cap,20000
p56017,bin1,cost,107.66
p56017,bin1,cap,1000
p56017,bin2,cost,331.26
p56017,bin2,cap,2000
p56017,bin3,cost,3312.63
p56017,bin3,cap,20000
p56023,bin1,cost,107.66
p56023,bin1,cap,1000
p56023,bin2,cost,331.26
p56023,bin2,cap,2000
p56023,bin3,cost,3312.63
p56023,bin3,cap,20000
p56029,bin1,cost,107.66
p56029,bin1,cap,1000
p56029,bin2,cost,331.26
p56029,bin2,cap,2000
p56029,bin3,cost,3312.63
p56029,bin3,cap,20000
p56035,bin1,cost,107.66
p56035,bin1,cap,1000
p56035,bin2,cost,331.26
p56035,bin2,cap,2000
p56035,bin3,cost,3312.63
p56035,bin3,cap,20000
p56037,bin1,cost,107.66
p56037,bin1,cap,1000
p56037,bin2,cost,331.26
p56037,bin2,cap,2000
p56037,bin3,cost,3312.63
p56037,bin3,cap,20000
p56039,bin1,cost,107.66
p56039,bin1,cap,1000
p56039,bin2,cost,331.26
p56039,bin2,cap,2000
p56039,bin3,cost,3312.63
p56039,bin3,cap,20000
p56041,bin1,cost,107.66
p56041,bin1,cap,1000
p56041,bin2,cost,331.26
p56041,bin2,cap,2000
p56041,bin3,cost,3312.63
p56041,bin3,cap,20000
p56043,bin1,cost,107.66
p56043,bin1,cap,1000
p56043,bin2,cost,331.26
p56043,bin2,cap,2000
p56043,bin3,cost,3312.63
p56043,bin3,cap,20000
p56019,bin1,cost,107.66
p56019,bin1,cap,1000
p56019,bin2,cost,331.26
p56019,bin2,cap,2000
p56019,bin3,cost,3312.63
p56019,bin3,cap,20000
p56033,bin1,cost,107.66
p56033,bin1,cap,1000
p56033,bin2,cost,331.26
p56033,bin2,cap,2000
p56033,bin3,cost,3312.63
p56033,bin3,cap,20000
p56005,bin1,cost,107.66
p56005,bin1,cap,1000
p56005,bin2,cost,331.26
p56005,bin2,cap,2000
p56005,bin3,cost,3312.63
p56005,bin3,cap,20000
p56011,bin1,cost,107.66
p56011,bin1,cap,1000
p56011,bin2,cost,331.26
p56011,bin2,cap,2000
p56011,bin3,cost,3312.63
p56011,bin3,cap,20000
p56045,bin1,cost,107.66
p56045,bin1,cap,1000
p56045,bin2,cost,331.26
p56045,bin2,cap,2000
p56045,bin3,cost,3312.63
p56045,bin3,cap,20000
p56001,bin1,cost,107.66
p56001,bin1,cap,1000
p56001,bin2,cost,331.26
p56001,bin2,cap,2000
p56001,bin3,cost,3312.63
p56001,bin3,cap,20000
p56007,bin1,cost,107.66
p56007,bin1,cap,1000
p56007,bin2,cost,331.26
p56007,bin2,cap,2000
p56007,bin3,cost,3312.63
p56007,bin3,cap,20000
p56009,bin1,cost,107.66
p56009,bin1,cap,1000
p56009,bin2,cost,331.26
p56009,bin2,cap,2000
p56009,bin3,cost,3312.63
p56009,bin3,cap,20000
p56015,bin1,cost,107.66
p56015,bin1,cap,1000
p56015,bin2,cost,331.26
p56015,bin2,cap,2000
p56015,bin3,cost,3312.63
p56015,bin3,cap,20000
p56021,bin1,cost,107.66
p56021,bin1,cap,1000
p56021,bin2,cost,331.26
p56021,bin2,cap,2000
p56021,bin3,cost,3312.63
p56021,bin3,cap,20000
p56025,bin1,cost,107.66
p56025,bin1,cap,1000
p56025,bin2,cost,331.26
p56025,bin2,cap,2000
p56025,bin3,cost,3312.63
p56025,bin3,cap,20000
p56027,bin1,cost,107.66
p56027,bin1,cap,1000
p56027,bin2,cost,331.26
p56027,bin2,cap,2000
p56027,bin3,cost,3312.63
p56027,bin3,cap,20000
p56031,bin1,cost,107.66
p56031,bin1,cap,1000
p56031,bin2,cost,331.26
p56031,bin2,cap,2000
p56031,bin3,cost,3312.63
p56031,bin3,cap,20000
p49001,bin1,cost,107.66
p49001,bin1,cap,1000
p49001,bin2,cost,331.26
p49001,bin2,cap,2000
p49001,bin3,cost,3312.63
p49001,bin3,cap,20000
p49003,bin1,cost,107.66
p49003,bin1,cap,1000
p49003,bin2,cost,331.26
p49003,bin2,cap,2000
p49003,bin3,cost,3312.63
p49003,bin3,cap,20000
p49005,bin1,cost,107.66
p49005,bin1,cap,1000
p49005,bin2,cost,331.26
p49005,bin2,cap,2000
p49005,bin3,cost,3312.63
p49005,bin3,cap,20000
p49007,bin1,cost,107.66
p49007,bin1,cap,1000
p49007,bin2,cost,331.26
p49007,bin2,cap,2000
p49007,bin3,cost,3312.63
p49007,bin3,cap,20000
p49011,bin1,cost,107.66
p49011,bin1,cap,1000
p49011,bin2,cost,331.26
p49011,bin2,cap,2000
p49011,bin3,cost,3312.63
p49011,bin3,cap,20000
p49015,bin1,cost,107.66
p49015,bin1,cap,1000
p49015,bin2,cost,331.26
p49015,bin2,cap,2000
p49015,bin3,cost,3312.63
p49015,bin3,cap,20000
p49017,bin1,cost,107.66
p49017,bin1,cap,1000
p49017,bin2,cost,331.26
p49017,bin2,cap,2000
p49017,bin3,cost,3312.63
p49017,bin3,cap,20000
p49019,bin1,cost,107.66
p49019,bin1,cap,1000
p49019,bin2,cost,331.26
p49019,bin2,cap,2000
p49019,bin3,cost,3312.63
p49019,bin3,cap,20000
p49021,bin1,cost,107.66
p49021,bin1,cap,1000
p49021,bin2,cost,331.26
p49021,bin2,cap,2000
p49021,bin3,cost,3312.63
p49021,bin3,cap,20000
p49023,bin1,cost,107.66
p49023,bin1,cap,1000
p49023,bin2,cost,331.26
p49023,bin2,cap,2000
p49023,bin3,cost,3312.63
p49023,bin3,cap,20000
p49025,bin1,cost,107.66
p49025,bin1,cap,1000
p49025,bin2,cost,331.26
p49025,bin2,cap,2000
p49025,bin3,cost,3312.63
p49025,bin3,cap,20000
p49027,bin1,cost,107.66
p49027,bin1,cap,1000
p49027,bin2,cost,331.26
p49027,bin2,cap,2000
p49027,bin3,cost,3312.63
p49027,bin3,cap,20000
p49031,bin1,cost,107.66
p49031,bin1,cap,1000
p49031,bin2,cost,331.26
p49031,bin2,cap,2000
p49031,bin3,cost,3312.63
p49031,bin3,cap,20000
p49035,bin1,cost,107.66
p49035,bin1,cap,1000
p49035,bin2,cost,331.26
p49035,bin2,cap,2000
p49035,bin3,cost,3312.63
p49035,bin3,cap,20000
p49037,bin1,cost,107.66
p49037,bin1,cap,1000
p49037,bin2,cost,331.26
p49037,bin2,cap,2000
p49037,bin3,cost,3312.63
p49037,bin3,cap,20000
p49039,bin1,cost,107.66
p49039,bin1,cap,1000
p49039,bin2,cost,331.26
p49039,bin2,cap,2000
p49039,bin3,cost,3312.63
p49039,bin3,cap,20000
p49041,bin1,cost,107.66
p49041,bin1,cap,1000
p49041,bin2,cost,331.26
p49041,bin2,cap,2000
p49041,bin3,cost,3312.63
p49041,bin3,cap,20000
p49045,bin1,cost,107.66
p49045,bin1,cap,1000
p49045,bin2,cost,331.26
p49045,bin2,cap,2000
p49045,bin3,cost,3312.63
p49045,bin3,cap,20000
p49049,bin1,cost,107.66
p49049,bin1,cap,1000
p49049,bin2,cost,331.26
p49049,bin2,cap,2000
p49049,bin3,cost,3312.63
p49049,bin3,cap,20000
p49053,bin1,cost,107.66
p49053,bin1,cap,1000
p49053,bin2,cost,331.26
p49053,bin2,cap,2000
p49053,bin3,cost,3312.63
p49053,bin3,cap,20000
p49055,bin1,cost,107.66
p49055,bin1,cap,1000
p49055,bin2,cost,331.26
p49055,bin2,cap,2000
p49055,bin3,cost,3312.63
p49055,bin3,cap,20000
p49057,bin1,cost,107.66
p49057,bin1,cap,1000
p49057,bin2,cost,331.26
p49057,bin2,cap,2000
p49057,bin3,cost,3312.63
p49057,bin3,cap,20000
p49009,bin1,cost,107.66
p49009,bin1,cap,1000
p49009,bin2,cost,331.26
p49009,bin2,cap,2000
p49009,bin3,cost,3312.63
p49009,bin3,cap,20000
p49013,bin1,cost,107.66
p49013,bin1,cap,1000
p49013,bin2,cost,331.26
p49013,bin2,cap,2000
p49013,bin3,cost,3312.63
p49013,bin3,cap,20000
p49029,bin1,cost,107.66
p49029,bin1,cap,1000
p49029,bin2,cost,331.26
p49029,bin2,cap,2000
p49029,bin3,cost,3312.63
p49029,bin3,cap,20000
p49033,bin1,cost,107.66
p49033,bin1,cap,1000
p49033,bin2,cost,331.26
p49033,bin2,cap,2000
p49033,bin3,cost,3312.63
p49033,bin3,cap,20000
p49043,bin1,cost,107.66
p49043,bin1,cap,1000
p49043,bin2,cost,331.26
p49043,bin2,cap,2000
p49043,bin3,cost,3312.63
p49043,bin3,cap,20000
p49047,bin1,cost,107.66
p49047,bin1,cap,1000
p49047,bin2,cost,331.26
p49047,bin2,cap,2000
p49047,bin3,cost,3312.63
p49047,bin3,cap,20000
p49051,bin1,cost,107.66
p49051,bin1,cap,1000
p49051,bin2,cost,331.26
p49051,bin2,cap,2000
p49051,bin3,cost,3312.63
p49051,bin3,cap,20000
p04015,bin1,cost,107.66
p04015,bin1,cap,1000
p04015,bin2,cost,331.26
p04015,bin2,cap,2000
p04015,bin3,cost,3312.63
p04015,bin3,cap,20000
p04003,bin1,cost,107.66
p04003,bin1,cap,1000
p04003,bin2,cost,331.26
p04003,bin2,cap,2000
p04003,bin3,cost,3312.63
p04003,bin3,cap,20000
p04005,bin1,cost,107.66
p04005,bin1,cap,1000
p04005,bin2,cost,331.26
p04005,bin2,cap,2000
p04005,bin3,cost,3312.63
p04005,bin3,cap,20000
p04007,bin1,cost,107.66
p04007,bin1,cap,1000
p04007,bin2,cost,331.26
p04007,bin2,cap,2000
p04007,bin3,cost,3312.63
p04007,bin3,cap,20000
p04009,bin1,cost,107.66
p04009,bin1,cap,1000
p04009,bin2,cost,331.26
p04009,bin2,cap,2000
p04009,bin3,cost,3312.63
p04009,bin3,cap,20000
p04011,bin1,cost,107.66
p04011,bin1,cap,1000
p04011,bin2,cost,331.26
p04011,bin2,cap,2000
p04011,bin3,cost,3312.63
p04011,bin3,cap,20000
p04012,bin1,cost,107.66
p04012,bin1,cap,1000
p04012,bin2,cost,331.26
p04012,bin2,cap,2000
p04012,bin3,cost,3312.63
p04012,bin3,cap,20000
p04013,bin1,cost,107.66
p04013,bin1,cap,1000
p04013,bin2,cost,331.26
p04013,bin2,cap,2000
p04013,bin3,cost,3312.63
p04013,bin3,cap,20000
p04017,bin1,cost,107.66
p04017,bin1,cap,1000
p04017,bin2,cost,331.26
p04017,bin2,cap,2000
p04017,bin3,cost,3312.63
p04017,bin3,cap,20000
p04021,bin1,cost,107.66
p04021,bin1,cap,1000
p04021,bin2,cost,331.26
p04021,bin2,cap,2000
p04021,bin3,cost,3312.63
p04021,bin3,cap,20000
p04025,bin1,cost,107.66
p04025,bin1,cap,1000
p04025,bin2,cost,331.26
p04025,bin2,cap,2000
p04025,bin3,cost,3312.63
p04025,bin3,cap,20000
p04027,bin1,cost,107.66
p04027,bin1,cap,1000
p04027,bin2,cost,331.26
p04027,bin2,cap,2000
p04027,bin3,cost,3312.63
p04027,bin3,cap,20000
p04001,bin1,cost,107.66
p04001,bin1,cap,1000
p04001,bin2,cost,331.26
p04001,bin2,cap,2000
p04001,bin3,cost,3312.63
p04001,bin3,cap,20000
p04019,bin1,cost,107.66
p04019,bin1,cap,1000
p04019,bin2,cost,331.26
p04019,bin2,cap,2000
p04019,bin3,cost,3312.63
p04019,bin3,cap,20000
p04023,bin1,cost,107.66
p04023,bin1,cap,1000
p04023,bin2,cost,331.26
p04023,bin2,cap,2000
p04023,bin3,cost,3312.63
p04023,bin3,cap,20000
p35001,bin1,cost,107.66
p35001,bin1,cap,1000
p35001,bin2,cost,331.26
p35001,bin2,cap,2000
p35001,bin3,cost,3312.63
p35001,bin3,cap,20000
p35003,bin1,cost,107.66
p35003,bin1,cap,1000
p35003,bin2,cost,331.26
p35003,bin2,cap,2000
p35003,bin3,cost,3312.63
p35003,bin3,cap,20000
p35006,bin1,cost,107.66
p35006,bin1,cap,1000
p35006,bin2,cost,331.26
p35006,bin2,cap,2000
p35006,bin3,cost,3312.63
p35006,bin3,cap,20000
p35007,bin1,cost,107.66
p35007,bin1,cap,1000
p35007,bin2,cost,331.26
p35007,bin2,cap,2000
p35007,bin3,cost,3312.63
p35007,bin3,cap,20000
p35011,bin1,cost,107.66
p35011,bin1,cap,1000
p35011,bin2,cost,331.26
p35011,bin2,cap,2000
p35011,bin3,cost,3312.63
p35011,bin3,cap,20000
p35013,bin1,cost,107.66
p35013,bin1,cap,1000
p35013,bin2,cost,331.26
p35013,bin2,cap,2000
p35013,bin3,cost,3312.63
p35013,bin3,cap,20000
p35017,bin1,cost,107.66
p35017,bin1,cap,1000
p35017,bin2,cost,331.26
p35017,bin2,cap,2000
p35017,bin3,cost,3312.63
p35017,bin3,cap,20000
p35019,bin1,cost,107.66
p35019,bin1,cap,1000
p35019,bin2,cost,331.26
p35019,bin2,cap,2000
p35019,bin3,cost,3312.63
p35019,bin3,cap,20000
p35021,bin1,cost,107.66
p35021,bin1,cap,1000
p35021,bin2,cost,331.26
p35021,bin2,cap,2000
p35021,bin3,cost,3312.63
p35021,bin3,cap,20000
p35023,bin1,cost,107.66
p35023,bin1,cap,1000
p35023,bin2,cost,331.26
p35023,bin2,cap,2000
p35023,bin3,cost,3312.63
p35023,bin3,cap,20000
p35027,bin1,cost,107.66
p35027,bin1,cap,1000
p35027,bin2,cost,331.26
p35027,bin2,cap,2000
p35027,bin3,cost,3312.63
p35027,bin3,cap,20000
p35028,bin1,cost,107.66
p35028,bin1,cap,1000
p35028,bin2,cost,331.26
p35028,bin2,cap,2000
p35028,bin3,cost,3312.63
p35028,bin3,cap,20000
p35029,bin1,cost,107.66
p35029,bin1,cap,1000
p35029,bin2,cost,331.26
p35029,bin2,cap,2000
p35029,bin3,cost,3312.63
p35029,bin3,cap,20000
p35031,bin1,cost,107.66
p35031,bin1,cap,1000
p35031,bin2,cost,331.26
p35031,bin2,cap,2000
p35031,bin3,cost,3312.63
p35031,bin3,cap,20000
p35033,bin1,cost,107.66
p35033,bin1,cap,1000
p35033,bin2,cost,331.26
p35033,bin2,cap,2000
p35033,bin3,cost,3312.63
p35033,bin3,cap,20000
p35035,bin1,cost,107.66
p35035,bin1,cap,1000
p35035,bin2,cost,331.26
p35035,bin2,cap,2000
p35035,bin3,cost,3312.63
p35035,bin3,cap,20000
p35039,bin1,cost,107.66
p35039,bin1,cap,1000
p35039,bin2,cost,331.26
p35039,bin2,cap,2000
p35039,bin3,cost,3312.63
p35039,bin3,cap,20000
p35043,bin1,cost,107.66
p35043,bin1,cap,1000
p35043,bin2,cost,331.26
p35043,bin2,cap,2000
p35043,bin3,cost,3312.63
p35043,bin3,cap,20000
p35045,bin1,cost,107.66
p35045,bin1,cap,1000
p35045,bin2,cost,331.26
p35045,bin2,cap,2000
p35045,bin3,cost,3312.63
p35045,bin3,cap,20000
p35047,bin1,cost,107.66
p35047,bin1,cap,1000
p35047,bin2,cost,331.26
p35047,bin2,cap,2000
p35047,bin3,cost,3312.63
p35047,bin3,cap,20000
p35049,bin1,cost,107.66
p35049,bin1,cap,1000
p35049,bin2,cost,331.26
p35049,bin2,cap,2000
p35049,bin3,cost,3312.63
p35049,bin3,cap,20000
p35051,bin1,cost,107.66
p35051,bin1,cap,1000
p35051,bin2,cost,331.26
p35051,bin2,cap,2000
p35051,bin3,cost,3312.63
p35051,bin3,cap,20000
p35053,bin1,cost,107.66
p35053,bin1,cap,1000
p35053,bin2,cost,331.26
p35053,bin2,cap,2000
p35053,bin3,cost,3312.63
p35053,bin3,cap,20000
p35055,bin1,cost,107.66
p35055,bin1,cap,1000
p35055,bin2,cost,331.26
p35055,bin2,cap,2000
p35055,bin3,cost,3312.63
p35055,bin3,cap,20000
p35057,bin1,cost,107.66
p35057,bin1,cap,1000
p35057,bin2,cost,331.26
p35057,bin2,cap,2000
p35057,bin3,cost,3312.63
p35057,bin3,cap,20000
p35059,bin1,cost,107.66
p35059,bin1,cap,1000
p35059,bin2,cost,331.26
p35059,bin2,cap,2000
p35059,bin3,cost,3312.63
p35059,bin3,cap,20000
p35061,bin1,cost,107.66
p35061,bin1,cap,1000
p35061,bin2,cost,331.26
p35061,bin2,cap,2000
p35061,bin3,cost,3312.63
p35061,bin3,cap,20000
p46019,bin1,cost,107.66
p46019,bin1,cap,1000
p46019,bin2,cost,331.26
p46019,bin2,cap,2000
p46019,bin3,cost,3312.63
p46019,bin3,cap,20000
p46033,bin1,cost,107.66
p46033,bin1,cap,1000
p46033,bin2,cost,331.26
p46033,bin2,cap,2000
p46033,bin3,cost,3312.63
p46033,bin3,cap,20000
p46047,bin1,cost,107.66
p46047,bin1,cap,1000
p46047,bin2,cost,331.26
p46047,bin2,cap,2000
p46047,bin3,cost,3312.63
p46047,bin3,cap,20000
p46081,bin1,cost,107.66
p46081,bin1,cap,1000
p46081,bin2,cost,331.26
p46081,bin2,cap,2000
p46081,bin3,cost,3312.63
p46081,bin3,cap,20000
p46103,bin1,cost,107.66
p46103,bin1,cap,1000
p46103,bin2,cost,331.26
p46103,bin2,cap,2000
p46103,bin3,cost,3312.63
p46103,bin3,cap,20000
p08001,bin1,cost,107.66
p08001,bin1,cap,1000
p08001,bin2,cost,331.26
p08001,bin2,cap,2000
p08001,bin3,cost,3312.63
p08001,bin3,cap,20000
p08005,bin1,cost,107.66
p08005,bin1,cap,1000
p08005,bin2,cost,331.26
p08005,bin2,cap,2000
p08005,bin3,cost,3312.63
p08005,bin3,cap,20000
p08013,bin1,cost,107.66
p08013,bin1,cap,1000
p08013,bin2,cost,331.26
p08013,bin2,cap,2000
p08013,bin3,cost,3312.63
p08013,bin3,cap,20000
p08014,bin1,cost,107.66
p08014,bin1,cap,1000
p08014,bin2,cost,331.26
p08014,bin2,cap,2000
p08014,bin3,cost,3312.63
p08014,bin3,cap,20000
p08019,bin1,cost,107.66
p08019,bin1,cap,1000
p08019,bin2,cost,331.26
p08019,bin2,cap,2000
p08019,bin3,cost,3312.63
p08019,bin3,cap,20000
p08031,bin1,cost,107.66
p08031,bin1,cap,1000
p08031,bin2,cost,331.26
p08031,bin2,cap,2000
p08031,bin3,cost,3312.63
p08031,bin3,cap,20000
p08035,bin1,cost,107.66
p08035,bin1,cap,1000
p08035,bin2,cost,331.26
p08035,bin2,cap,2000
p08035,bin3,cost,3312.63
p08035,bin3,cap,20000
p08037,bin1,cost,107.66
p08037,bin1,cap,1000
p08037,bin2,cost,331.26
p08037,bin2,cap,2000
p08037,bin3,cost,3312.63
p08037,bin3,cap,20000
p08045,bin1,cost,107.66
p08045,bin1,cap,1000
p08045,bin2,cost,331.26
p08045,bin2,cap,2000
p08045,bin3,cost,3312.63
p08045,bin3,cap,20000
p08047,bin1,cost,107.66
p08047,bin1,cap,1000
p08047,bin2,cost,331.26
p08047,bin2,cap,2000
p08047,bin3,cost,3312.63
p08047,bin3,cap,20000
p08049,bin1,cost,107.66
p08049,bin1,cap,1000
p08049,bin2,cost,331.26
p08049,bin2,cap,2000
p08049,bin3,cost,3312.63
p08049,bin3,cap,20000
p08057,bin1,cost,107.66
p08057,bin1,cap,1000
p08057,bin2,cost,331.26
p08057,bin2,cap,2000
p08057,bin3,cost,3312.63
p08057,bin3,cap,20000
p08059,bin1,cost,107.66
p08059,bin1,cap,1000
p08059,bin2,cost,331.26
p08059,bin2,cap,2000
p08059,bin3,cost,3312.63
p08059,bin3,cap,20000
p08065,bin1,cost,107.66
p08065,bin1,cap,1000
p08065,bin2,cost,331.26
p08065,bin2,cap,2000
p08065,bin3,cost,3312.63
p08065,bin3,cap,20000
p08069,bin1,cost,107.66
p08069,bin1,cap,1000
p08069,bin2,cost,331.26
p08069,bin2,cap,2000
p08069,bin3,cost,3312.63
p08069,bin3,cap,20000
p08075,bin1,cost,107.66
p08075,bin1,cap,1000
p08075,bin2,cost,331.26
p08075,bin2,cap,2000
p08075,bin3,cost,3312.63
p08075,bin3,cap,20000
p08077,bin1,cost,107.66
p08077,bin1,cap,1000
p08077,bin2,cost,331.26
p08077,bin2,cap,2000
p08077,bin3,cost,3312.63
p08077,bin3,cap,20000
p08081,bin1,cost,107.66
p08081,bin1,cap,1000
p08081,bin2,cost,331.26
p08081,bin2,cap,2000
p08081,bin3,cost,3312.63
p08081,bin3,cap,20000
p08087,bin1,cost,107.66
p08087,bin1,cap,1000
p08087,bin2,cost,331.26
p08087,bin2,cap,2000
p08087,bin3,cost,3312.63
p08087,bin3,cap,20000
p08093,bin1,cost,107.66
p08093,bin1,cap,1000
p08093,bin2,cost,331.26
p08093,bin2,cap,2000
p08093,bin3,cost,3312.63
p08093,bin3,cap,20000
p08095,bin1,cost,107.66
p08095,bin1,cap,1000
p08095,bin2,cost,331.26
p08095,bin2,cap,2000
p08095,bin3,cost,3312.63
p08095,bin3,cap,20000
p08097,bin1,cost,107.66
p08097,bin1,cap,1000
p08097,bin2,cost,331.26
p08097,bin2,cap,2000
p08097,bin3,cost,3312.63
p08097,bin3,cap,20000
p08103,bin1,cost,107.66
p08103,bin1,cap,1000
p08103,bin2,cost,331.26
p08103,bin2,cap,2000
p08103,bin3,cost,3312.63
p08103,bin3,cap,20000
p08107,bin1,cost,107.66
p08107,bin1,cap,1000
p08107,bin2,cost,331.26
p08107,bin2,cap,2000
p08107,bin3,cost,3312.63
p08107,bin3,cap,20000
p08115,bin1,cost,107.66
p08115,bin1,cap,1000
p08115,bin2,cost,331.26
p08115,bin2,cap,2000
p08115,bin3,cost,3312.63
p08115,bin3,cap,20000
p08117,bin1,cost,107.66
p08117,bin1,cap,1000
p08117,bin2,cost,331.26
p08117,bin2,cap,2000
p08117,bin3,cost,3312.63
p08117,bin3,cap,20000
p08119,bin1,cost,107.66
p08119,bin1,cap,1000
p08119,bin2,cost,331.26
p08119,bin2,cap,2000
p08119,bin3,cost,3312.63
p08119,bin3,cap,20000
p08121,bin1,cost,107.66
p08121,bin1,cap,1000
p08121,bin2,cost,331.26
p08121,bin2,cap,2000
p08121,bin3,cost,3312.63
p08121,bin3,cap,20000
p08123,bin1,cost,107.66
p08123,bin1,cap,1000
p08123,bin2,cost,331.26
p08123,bin2,cap,2000
p08123,bin3,cost,3312.63
p08123,bin3,cap,20000
p08125,bin1,cost,107.66
p08125,bin1,cap,1000
p08125,bin2,cost,331.26
p08125,bin2,cap,2000
p08125,bin3,cost,3312.63
p08125,bin3,cap,20000
p08003,bin1,cost,107.66
p08003,bin1,cap,1000
p08003,bin2,cost,331.26
p08003,bin2,cap,2000
p08003,bin3,cost,3312.63
p08003,bin3,cap,20000
p08007,bin1,cost,107.66
p08007,bin1,cap,1000
p08007,bin2,cost,331.26
p08007,bin2,cap,2000
p08007,bin3,cost,3312.63
p08007,bin3,cap,20000
p08009,bin1,cost,107.66
p08009,bin1,cap,1000
p08009,bin2,cost,331.26
p08009,bin2,cap,2000
p08009,bin3,cost,3312.63
p08009,bin3,cap,20000
p08011,bin1,cost,107.66
p08011,bin1,cap,1000
p08011,bin2,cost,331.26
p08011,bin2,cap,2000
p08011,bin3,cost,3312.63
p08011,bin3,cap,20000
p08015,bin1,cost,107.66
p08015,bin1,cap,1000
p08015,bin2,cost,331.26
p08015,bin2,cap,2000
p08015,bin3,cost,3312.63
p08015,bin3,cap,20000
p08017,bin1,cost,107.66
p08017,bin1,cap,1000
p08017,bin2,cost,331.26
p08017,bin2,cap,2000
p08017,bin3,cost,3312.63
p08017,bin3,cap,20000
p08021,bin1,cost,107.66
p08021,bin1,cap,1000
p08021,bin2,cost,331.26
p08021,bin2,cap,2000
p08021,bin3,cost,3312.63
p08021,bin3,cap,20000
p08023,bin1,cost,107.66
p08023,bin1,cap,1000
p08023,bin2,cost,331.26
p08023,bin2,cap,2000
p08023,bin3,cost,3312.63
p08023,bin3,cap,20000
p08025,bin1,cost,107.66
p08025,bin1,cap,1000
p08025,bin2,cost,331.26
p08025,bin2,cap,2000
p08025,bin3,cost,3312.63
p08025,bin3,cap,20000
p08027,bin1,cost,107.66
p08027,bin1,cap,1000
p08027,bin2,cost,331.26
p08027,bin2,cap,2000
p08027,bin3,cost,3312.63
p08027,bin3,cap,20000
p08029,bin1,cost,107.66
p08029,bin1,cap,1000
p08029,bin2,cost,331.26
p08029,bin2,cap,2000
p08029,bin3,cost,3312.63
p08029,bin3,cap,20000
p08033,bin1,cost,107.66
p08033,bin1,cap,1000
p08033,bin2,cost,331.26
p08033,bin2,cap,2000
p08033,bin3,cost,3312.63
p08033,bin3,cap,20000
p08039,bin1,cost,107.66
p08039,bin1,cap,1000
p08039,bin2,cost,331.26
p08039,bin2,cap,2000
p08039,bin3,cost,3312.63
p08039,bin3,cap,20000
p08041,bin1,cost,107.66
p08041,bin1,cap,1000
p08041,bin2,cost,331.26
p08041,bin2,cap,2000
p08041,bin3,cost,3312.63
p08041,bin3,cap,20000
p08043,bin1,cost,107.66
p08043,bin1,cap,1000
p08043,bin2,cost,331.26
p08043,bin2,cap,2000
p08043,bin3,cost,3312.63
p08043,bin3,cap,20000
p08051,bin1,cost,107.66
p08051,bin1,cap,1000
p08051,bin2,cost,331.26
p08051,bin2,cap,2000
p08051,bin3,cost,3312.63
p08051,bin3,cap,20000
p08053,bin1,cost,107.66
p08053,bin1,cap,1000
p08053,bin2,cost,331.26
p08053,bin2,cap,2000
p08053,bin3,cost,3312.63
p08053,bin3,cap,20000
p08055,bin1,cost,107.66
p08055,bin1,cap,1000
p08055,bin2,cost,331.26
p08055,bin2,cap,2000
p08055,bin3,cost,3312.63
p08055,bin3,cap,20000
p08061,bin1,cost,107.66
p08061,bin1,cap,1000
p08061,bin2,cost,331.26
p08061,bin2,cap,2000
p08061,bin3,cost,3312.63
p08061,bin3,cap,20000
p08063,bin1,cost,107.66
p08063,bin1,cap,1000
p08063,bin2,cost,331.26
p08063,bin2,cap,2000
p08063,bin3,cost,3312.63
p08063,bin3,cap,20000
p08067,bin1,cost,107.66
p08067,bin1,cap,1000
p08067,bin2,cost,331.26
p08067,bin2,cap,2000
p08067,bin3,cost,3312.63
p08067,bin3,cap,20000
p08071,bin1,cost,107.66
p08071,bin1,cap,1000
p08071,bin2,cost,331.26
p08071,bin2,cap,2000
p08071,bin3,cost,3312.63
p08071,bin3,cap,20000
p08073,bin1,cost,107.66
p08073,bin1,cap,1000
p08073,bin2,cost,331.26
p08073,bin2,cap,2000
p08073,bin3,cost,3312.63
p08073,bin3,cap,20000
p08079,bin1,cost,107.66
p08079,bin1,cap,1000
p08079,bin2,cost,331.26
p08079,bin2,cap,2000
p08079,bin3,cost,3312.63
p08079,bin3,cap,20000
p08083,bin1,cost,107.66
p08083,bin1,cap,1000
p08083,bin2,cost,331.26
p08083,bin2,cap,2000
p08083,bin3,cost,3312.63
p08083,bin3,cap,20000
p08085,bin1,cost,107.66
p08085,bin1,cap,1000
p08085,bin2,cost,331.26
p08085,bin2,cap,2000
p08085,bin3,cost,3312.63
p08085,bin3,cap,20000
p08089,bin1,cost,107.66
p08089,bin1,cap,1000
p08089,bin2,cost,331.26
p08089,bin2,cap,2000
p08089,bin3,cost,3312.63
p08089,bin3,cap,20000
p08091,bin1,cost,107.66
p08091,bin1,cap,1000
p08091,bin2,cost,331.26
p08091,bin2,cap,2000
p08091,bin3,cost,3312.63
p08091,bin3,cap,20000
p08099,bin1,cost,107.66
p08099,bin1,cap,1000
p08099,bin2,cost,331.26
p08099,bin2,cap,2000
p08099,bin3,cost,3312.63
p08099,bin3,cap,20000
p08101,bin1,cost,107.66
p08101,bin1,cap,1000
p08101,bin2,cost,331.26
p08101,bin2,cap,2000
p08101,bin3,cost,3312.63
p08101,bin3,cap,20000
p08105,bin1,cost,107.66
p08105,bin1,cap,1000
p08105,bin2,cost,331.26
p08105,bin2,cap,2000
p08105,bin3,cost,3312.63
p08105,bin3,cap,20000
p08109,bin1,cost,107.66
p08109,bin1,cap,1000
p08109,bin2,cost,331.26
p08109,bin2,cap,2000
p08109,bin3,cost,3312.63
p08109,bin3,cap,20000
p08111,bin1,cost,107.66
p08111,bin1,cap,1000
p08111,bin2,cost,331.26
p08111,bin2,cap,2000
p08111,bin3,cost,3312.63
p08111,bin3,cap,20000
p08113,bin1,cost,107.66
p08113,bin1,cap,1000
p08113,bin2,cost,331.26
p08113,bin2,cap,2000
p08113,bin3,cost,3312.63
p08113,bin3,cap,20000
p30011,bin1,cost,107.66
p30011,bin1,cap,1000
p30011,bin2,cost,331.26
p30011,bin2,cap,2000
p30011,bin3,cost,3312.63
p30011,bin3,cap,20000
p30017,bin1,cost,107.66
p30017,bin1,cap,1000
p30017,bin2,cost,331.26
p30017,bin2,cap,2000
p30017,bin3,cost,3312.63
p30017,bin3,cap,20000
p30019,bin1,cost,107.66
p30019,bin1,cap,1000
p30019,bin2,cost,331.26
p30019,bin2,cap,2000
p30019,bin3,cost,3312.63
p30019,bin3,cap,20000
p30021,bin1,cost,107.66
p30021,bin1,cap,1000
p30021,bin2,cost,331.26
p30021,bin2,cap,2000
p30021,bin3,cost,3312.63
p30021,bin3,cap,20000
p30025,bin1,cost,107.66
p30025,bin1,cap,1000
p30025,bin2,cost,331.26
p30025,bin2,cap,2000
p30025,bin3,cost,3312.63
p30025,bin3,cap,20000
p30055,bin1,cost,107.66
p30055,bin1,cap,1000
p30055,bin2,cost,331.26
p30055,bin2,cap,2000
p30055,bin3,cost,3312.63
p30055,bin3,cap,20000
p30079,bin1,cost,107.66
p30079,bin1,cap,1000
p30079,bin2,cost,331.26
p30079,bin2,cap,2000
p30079,bin3,cost,3312.63
p30079,bin3,cap,20000
p30083,bin1,cost,107.66
p30083,bin1,cap,1000
p30083,bin2,cost,331.26
p30083,bin2,cap,2000
p30083,bin3,cost,3312.63
p30083,bin3,cap,20000
p30085,bin1,cost,107.66
p30085,bin1,cap,1000
p30085,bin2,cost,331.26
p30085,bin2,cap,2000
p30085,bin3,cost,3312.63
p30085,bin3,cap,20000
p30091,bin1,cost,107.66
p30091,bin1,cap,1000
p30091,bin2,cost,331.26
p30091,bin2,cap,2000
p30091,bin3,cost,3312.63
p30091,bin3,cap,20000
p30109,bin1,cost,107.66
p30109,bin1,cap,1000
p30109,bin2,cost,331.26
p30109,bin2,cap,2000
p30109,bin3,cost,3312.63
p30109,bin3,cap,20000
p38001,bin1,cost,107.66
p38001,bin1,cap,1000
p38001,bin2,cost,331.26
p38001,bin2,cap,2000
p38001,bin3,cost,3312.63
p38001,bin3,cap,20000
p38007,bin1,cost,107.66
p38007,bin1,cap,1000
p38007,bin2,cost,331.26
p38007,bin2,cap,2000
p38007,bin3,cost,3312.63
p38007,bin3,cap,20000
p38011,bin1,cost,107.66
p38011,bin1,cap,1000
p38011,bin2,cost,331.26
p38011,bin2,cap,2000
p38011,bin3,cost,3312.63
p38011,bin3,cap,20000
p38013,bin1,cost,107.66
p38013,bin1,cap,1000
p38013,bin2,cost,331.26
p38013,bin2,cap,2000
p38013,bin3,cost,3312.63
p38013,bin3,cap,20000
p38015,bin1,cost,107.66
p38015,bin1,cap,1000
p38015,bin2,cost,331.26
p38015,bin2,cap,2000
p38015,bin3,cost,3312.63
p38015,bin3,cap,20000
p38021,bin1,cost,107.66
p38021,bin1,cap,1000
p38021,bin2,cost,331.26
p38021,bin2,cap,2000
p38021,bin3,cost,3312.63
p38021,bin3,cap,20000
p38023,bin1,cost,107.66
p38023,bin1,cap,1000
p38023,bin2,cost,331.26
p38023,bin2,cap,2000
p38023,bin3,cost,3312.63
p38023,bin3,cap,20000
p38025,bin1,cost,107.66
p38025,bin1,cap,1000
p38025,bin2,cost,331.26
p38025,bin2,cap,2000
p38025,bin3,cost,3312.63
p38025,bin3,cap,20000
p38029,bin1,cost,107.66
p38029,bin1,cap,1000
p38029,bin2,cost,331.26
p38029,bin2,cap,2000
p38029,bin3,cost,3312.63
p38029,bin3,cap,20000
p38033,bin1,cost,107.66
p38033,bin1,cap,1000
p38033,bin2,cost,331.26
p38033,bin2,cap,2000
p38033,bin3,cost,3312.63
p38033,bin3,cap,20000
p38037,bin1,cost,107.66
p38037,bin1,cap,1000
p38037,bin2,cost,331.26
p38037,bin2,cap,2000
p38037,bin3,cost,3312.63
p38037,bin3,cap,20000
p38041,bin1,cost,107.66
p38041,bin1,cap,1000
p38041,bin2,cost,331.26
p38041,bin2,cap,2000
p38041,bin3,cost,3312.63
p38041,bin3,cap,20000
p38047,bin1,cost,107.66
p38047,bin1,cap,1000
p38047,bin2,cost,331.26
p38047,bin2,cap,2000
p38047,bin3,cost,3312.63
p38047,bin3,cap,20000
p38051,bin1,cost,107.66
p38051,bin1,cap,1000
p38051,bin2,cost,331.26
p38051,bin2,cap,2000
p38051,bin3,cost,3312.63
p38051,bin3,cap,20000
p38053,bin1,cost,107.66
p38053,bin1,cap,1000
p38053,bin2,cost,331.26
p38053,bin2,cap,2000
p38053,bin3,cost,3312.63
p38053,bin3,cap,20000
p38057,bin1,cost,107.66
p38057,bin1,cap,1000
p38057,bin2,cost,331.26
p38057,bin2,cap,2000
p38057,bin3,cost,3312.63
p38057,bin3,cap,20000
p38059,bin1,cost,107.66
p38059,bin1,cap,1000
p38059,bin2,cost,331.26
p38059,bin2,cap,2000
p38059,bin3,cost,3312.63
p38059,bin3,cap,20000
p38061,bin1,cost,107.66
p38061,bin1,cap,1000
p38061,bin2,cost,331.26
p38061,bin2,cap,2000
p38061,bin3,cost,3312.63
p38061,bin3,cap,20000
p38065,bin1,cost,107.66
p38065,bin1,cap,1000
p38065,bin2,cost,331.26
p38065,bin2,cap,2000
p38065,bin3,cost,3312.63
p38065,bin3,cap,20000
p38075,bin1,cost,107.66
p38075,bin1,cap,1000
p38075,bin2,cost,331.26
p38075,bin2,cap,2000
p38075,bin3,cost,3312.63
p38075,bin3,cap,20000
p38085,bin1,cost,107.66
p38085,bin1,cap,1000
p38085,bin2,cost,331.26
p38085,bin2,cap,2000
p38085,bin3,cost,3312.63
p38085,bin3,cap,20000
p38087,bin1,cost,107.66
p38087,bin1,cap,1000
p38087,bin2,cost,331.26
p38087,bin2,cap,2000
p38087,bin3,cost,3312.63
p38087,bin3,cap,20000
p38089,bin1,cost,107.66
p38089,bin1,cap,1000
p38089,bin2,cost,331.26
p38089,bin2,cap,2000
p38089,bin3,cost,3312.63
p38089,bin3,cap,20000
p38105,bin1,cost,107.66
p38105,bin1,cap,1000
p38105,bin2,cost,331.26
p38105,bin2,cap,2000
p38105,bin3,cost,3312.63
p38105,bin3,cap,20000
p38003,bin1,cost,107.66
p38003,bin1,cap,1000
p38003,bin2,cost,331.26
p38003,bin2,cap,2000
p38003,bin3,cost,3312.63
p38003,bin3,cap,20000
p38005,bin1,cost,107.66
p38005,bin1,cap,1000
p38005,bin2,cost,331.26
p38005,bin2,cap,2000
p38005,bin3,cost,3312.63
p38005,bin3,cap,20000
p38009,bin1,cost,107.66
p38009,bin1,cap,1000
p38009,bin2,cost,331.26
p38009,bin2,cap,2000
p38009,bin3,cost,3312.63
p38009,bin3,cap,20000
p38017,bin1,cost,107.66
p38017,bin1,cap,1000
p38017,bin2,cost,331.26
p38017,bin2,cap,2000
p38017,bin3,cost,3312.63
p38017,bin3,cap,20000
p38019,bin1,cost,107.66
p38019,bin1,cap,1000
p38019,bin2,cost,331.26
p38019,bin2,cap,2000
p38019,bin3,cost,3312.63
p38019,bin3,cap,20000
p38027,bin1,cost,107.66
p38027,bin1,cap,1000
p38027,bin2,cost,331.26
p38027,bin2,cap,2000
p38027,bin3,cost,3312.63
p38027,bin3,cap,20000
p38031,bin1,cost,107.66
p38031,bin1,cap,1000
p38031,bin2,cost,331.26
p38031,bin2,cap,2000
p38031,bin3,cost,3312.63
p38031,bin3,cap,20000
p38035,bin1,cost,107.66
p38035,bin1,cap,1000
p38035,bin2,cost,331.26
p38035,bin2,cap,2000
p38035,bin3,cost,3312.63
p38035,bin3,cap,20000
p38039,bin1,cost,107.66
p38039,bin1,cap,1000
p38039,bin2,cost,331.26
p38039,bin2,cap,2000
p38039,bin3,cost,3312.63
p38039,bin3,cap,20000
p38043,bin1,cost,107.66
p38043,bin1,cap,1000
p38043,bin2,cost,331.26
p38043,bin2,cap,2000
p38043,bin3,cost,3312.63
p38043,bin3,cap,20000
p38045,bin1,cost,107.66
p38045,bin1,cap,1000
p38045,bin2,cost,331.26
p38045,bin2,cap,2000
p38045,bin3,cost,3312.63
p38045,bin3,cap,20000
p38049,bin1,cost,107.66
p38049,bin1,cap,1000
p38049,bin2,cost,331.26
p38049,bin2,cap,2000
p38049,bin3,cost,3312.63
p38049,bin3,cap,20000
p38055,bin1,cost,107.66
p38055,bin1,cap,1000
p38055,bin2,cost,331.26
p38055,bin2,cap,2000
p38055,bin3,cost,3312.63
p38055,bin3,cap,20000
p38063,bin1,cost,107.66
p38063,bin1,cap,1000
p38063,bin2,cost,331.26
p38063,bin2,cap,2000
p38063,bin3,cost,3312.63
p38063,bin3,cap,20000
p38067,bin1,cost,107.66
p38067,bin1,cap,1000
p38067,bin2,cost,331.26
p38067,bin2,cap,2000
p38067,bin3,cost,3312.63
p38067,bin3,cap,20000
p38069,bin1,cost,107.66
p38069,bin1,cap,1000
p38069,bin2,cost,331.26
p38069,bin2,cap,2000
p38069,bin3,cost,3312.63
p38069,bin3,cap,20000
p38071,bin1,cost,107.66
p38071,bin1,cap,1000
p38071,bin2,cost,331.26
p38071,bin2,cap,2000
p38071,bin3,cost,3312.63
p38071,bin3,cap,20000
p38073,bin1,cost,107.66
p38073,bin1,cap,1000
p38073,bin2,cost,331.26
p38073,bin2,cap,2000
p38073,bin3,cost,3312.63
p38073,bin3,cap,20000
p38077,bin1,cost,107.66
p38077,bin1,cap,1000
p38077,bin2,cost,331.26
p38077,bin2,cap,2000
p38077,bin3,cost,3312.63
p38077,bin3,cap,20000
p38079,bin1,cost,107.66
p38079,bin1,cap,1000
p38079,bin2,cost,331.26
p38079,bin2,cap,2000
p38079,bin3,cost,3312.63
p38079,bin3,cap,20000
p38081,bin1,cost,107.66
p38081,bin1,cap,1000
p38081,bin2,cost,331.26
p38081,bin2,cap,2000
p38081,bin3,cost,3312.63
p38081,bin3,cap,20000
p38083,bin1,cost,107.66
p38083,bin1,cap,1000
p38083,bin2,cost,331.26
p38083,bin2,cap,2000
p38083,bin3,cost,3312.63
p38083,bin3,cap,20000
p38091,bin1,cost,107.66
p38091,bin1,cap,1000
p38091,bin2,cost,331.26
p38091,bin2,cap,2000
p38091,bin3,cost,3312.63
p38091,bin3,cap,20000
p38093,bin1,cost,107.66
p38093,bin1,cap,1000
p38093,bin2,cost,331.26
p38093,bin2,cap,2000
p38093,bin3,cost,3312.63
p38093,bin3,cap,20000
p38095,bin1,cost,107.66
p38095,bin1,cap,1000
p38095,bin2,cost,331.26
p38095,bin2,cap,2000
p38095,bin3,cost,3312.63
p38095,bin3,cap,20000
p38097,bin1,cost,107.66
p38097,bin1,cap,1000
p38097,bin2,cost,331.26
p38097,bin2,cap,2000
p38097,bin3,cost,3312.63
p38097,bin3,cap,20000
p38099,bin1,cost,107.66
p38099,bin1,cap,1000
p38099,bin2,cost,331.26
p38099,bin2,cap,2000
p38099,bin3,cost,3312.63
p38099,bin3,cap,20000
p38101,bin1,cost,107.66
p38101,bin1,cap,1000
p38101,bin2,cost,331.26
p38101,bin2,cap,2000
p38101,bin3,cost,3312.63
p38101,bin3,cap,20000
p38103,bin1,cost,107.66
p38103,bin1,cap,1000
p38103,bin2,cost,331.26
p38103,bin2,cap,2000
p38103,bin3,cost,3312.63
p38103,bin3,cap,20000
p46003,bin1,cost,107.66
p46003,bin1,cap,1000
p46003,bin2,cost,331.26
p46003,bin2,cap,2000
p46003,bin3,cost,3312.63
p46003,bin3,cap,20000
p46005,bin1,cost,107.66
p46005,bin1,cap,1000
p46005,bin2,cost,331.26
p46005,bin2,cap,2000
p46005,bin3,cost,3312.63
p46005,bin3,cap,20000
p46007,bin1,cost,107.66
p46007,bin1,cap,1000
p46007,bin2,cost,331.26
p46007,bin2,cap,2000
p46007,bin3,cost,3312.63
p46007,bin3,cap,20000
p46009,bin1,cost,107.66
p46009,bin1,cap,1000
p46009,bin2,cost,331.26
p46009,bin2,cap,2000
p46009,bin3,cost,3312.63
p46009,bin3,cap,20000
p46011,bin1,cost,107.66
p46011,bin1,cap,1000
p46011,bin2,cost,331.26
p46011,bin2,cap,2000
p46011,bin3,cost,3312.63
p46011,bin3,cap,20000
p46013,bin1,cost,107.66
p46013,bin1,cap,1000
p46013,bin2,cost,331.26
p46013,bin2,cap,2000
p46013,bin3,cost,3312.63
p46013,bin3,cap,20000
p46015,bin1,cost,107.66
p46015,bin1,cap,1000
p46015,bin2,cost,331.26
p46015,bin2,cap,2000
p46015,bin3,cost,3312.63
p46015,bin3,cap,20000
p46017,bin1,cost,107.66
p46017,bin1,cap,1000
p46017,bin2,cost,331.26
p46017,bin2,cap,2000
p46017,bin3,cost,3312.63
p46017,bin3,cap,20000
p46021,bin1,cost,107.66
p46021,bin1,cap,1000
p46021,bin2,cost,331.26
p46021,bin2,cap,2000
p46021,bin3,cost,3312.63
p46021,bin3,cap,20000
p46023,bin1,cost,107.66
p46023,bin1,cap,1000
p46023,bin2,cost,331.26
p46023,bin2,cap,2000
p46023,bin3,cost,3312.63
p46023,bin3,cap,20000
p46025,bin1,cost,107.66
p46025,bin1,cap,1000
p46025,bin2,cost,331.26
p46025,bin2,cap,2000
p46025,bin3,cost,3312.63
p46025,bin3,cap,20000
p46027,bin1,cost,107.66
p46027,bin1,cap,1000
p46027,bin2,cost,331.26
p46027,bin2,cap,2000
p46027,bin3,cost,3312.63
p46027,bin3,cap,20000
p46029,bin1,cost,107.66
p46029,bin1,cap,1000
p46029,bin2,cost,331.26
p46029,bin2,cap,2000
p46029,bin3,cost,3312.63
p46029,bin3,cap,20000
p46031,bin1,cost,107.66
p46031,bin1,cap,1000
p46031,bin2,cost,331.26
p46031,bin2,cap,2000
p46031,bin3,cost,3312.63
p46031,bin3,cap,20000
p46035,bin1,cost,107.66
p46035,bin1,cap,1000
p46035,bin2,cost,331.26
p46035,bin2,cap,2000
p46035,bin3,cost,3312.63
p46035,bin3,cap,20000
p46037,bin1,cost,107.66
p46037,bin1,cap,1000
p46037,bin2,cost,331.26
p46037,bin2,cap,2000
p46037,bin3,cost,3312.63
p46037,bin3,cap,20000
p46039,bin1,cost,107.66
p46039,bin1,cap,1000
p46039,bin2,cost,331.26
p46039,bin2,cap,2000
p46039,bin3,cost,3312.63
p46039,bin3,cap,20000
p46041,bin1,cost,107.66
p46041,bin1,cap,1000
p46041,bin2,cost,331.26
p46041,bin2,cap,2000
p46041,bin3,cost,3312.63
p46041,bin3,cap,20000
p46043,bin1,cost,107.66
p46043,bin1,cap,1000
p46043,bin2,cost,331.26
p46043,bin2,cap,2000
p46043,bin3,cost,3312.63
p46043,bin3,cap,20000
p46045,bin1,cost,107.66
p46045,bin1,cap,1000
p46045,bin2,cost,331.26
p46045,bin2,cap,2000
p46045,bin3,cost,3312.63
p46045,bin3,cap,20000
p46049,bin1,cost,107.66
p46049,bin1,cap,1000
p46049,bin2,cost,331.26
p46049,bin2,cap,2000
p46049,bin3,cost,3312.63
p46049,bin3,cap,20000
p46051,bin1,cost,107.66
p46051,bin1,cap,1000
p46051,bin2,cost,331.26
p46051,bin2,cap,2000
p46051,bin3,cost,3312.63
p46051,bin3,cap,20000
p46053,bin1,cost,107.66
p46053,bin1,cap,1000
p46053,bin2,cost,331.26
p46053,bin2,cap,2000
p46053,bin3,cost,3312.63
p46053,bin3,cap,20000
p46055,bin1,cost,107.66
p46055,bin1,cap,1000
p46055,bin2,cost,331.26
p46055,bin2,cap,2000
p46055,bin3,cost,3312.63
p46055,bin3,cap,20000
p46057,bin1,cost,107.66
p46057,bin1,cap,1000
p46057,bin2,cost,331.26
p46057,bin2,cap,2000
p46057,bin3,cost,3312.63
p46057,bin3,cap,20000
p46059,bin1,cost,107.66
p46059,bin1,cap,1000
p46059,bin2,cost,331.26
p46059,bin2,cap,2000
p46059,bin3,cost,3312.63
p46059,bin3,cap,20000
p46061,bin1,cost,107.66
p46061,bin1,cap,1000
p46061,bin2,cost,331.26
p46061,bin2,cap,2000
p46061,bin3,cost,3312.63
p46061,bin3,cap,20000
p46063,bin1,cost,107.66
p46063,bin1,cap,1000
p46063,bin2,cost,331.26
p46063,bin2,cap,2000
p46063,bin3,cost,3312.63
p46063,bin3,cap,20000
p46065,bin1,cost,107.66
p46065,bin1,cap,1000
p46065,bin2,cost,331.26
p46065,bin2,cap,2000
p46065,bin3,cost,3312.63
p46065,bin3,cap,20000
p46067,bin1,cost,107.66
p46067,bin1,cap,1000
p46067,bin2,cost,331.26
p46067,bin2,cap,2000
p46067,bin3,cost,3312.63
p46067,bin3,cap,20000
p46069,bin1,cost,107.66
p46069,bin1,cap,1000
p46069,bin2,cost,331.26
p46069,bin2,cap,2000
p46069,bin3,cost,3312.63
p46069,bin3,cap,20000
p46071,bin1,cost,107.66
p46071,bin1,cap,1000
p46071,bin2,cost,331.26
p46071,bin2,cap,2000
p46071,bin3,cost,3312.63
p46071,bin3,cap,20000
p46073,bin1,cost,107.66
p46073,bin1,cap,1000
p46073,bin2,cost,331.26
p46073,bin2,cap,2000
p46073,bin3,cost,3312.63
p46073,bin3,cap,20000
p46075,bin1,cost,107.66
p46075,bin1,cap,1000
p46075,bin2,cost,331.26
p46075,bin2,cap,2000
p46075,bin3,cost,3312.63
p46075,bin3,cap,20000
p46077,bin1,cost,107.66
p46077,bin1,cap,1000
p46077,bin2,cost,331.26
p46077,bin2,cap,2000
p46077,bin3,cost,3312.63
p46077,bin3,cap,20000
p46079,bin1,cost,107.66
p46079,bin1,cap,1000
p46079,bin2,cost,331.26
p46079,bin2,cap,2000
p46079,bin3,cost,3312.63
p46079,bin3,cap,20000
p46083,bin1,cost,107.66
p46083,bin1,cap,1000
p46083,bin2,cost,331.26
p46083,bin2,cap,2000
p46083,bin3,cost,3312.63
p46083,bin3,cap,20000
p46085,bin1,cost,107.66
p46085,bin1,cap,1000
p46085,bin2,cost,331.26
p46085,bin2,cap,2000
p46085,bin3,cost,3312.63
p46085,bin3,cap,20000
p46087,bin1,cost,107.66
p46087,bin1,cap,1000
p46087,bin2,cost,331.26
p46087,bin2,cap,2000
p46087,bin3,cost,3312.63
p46087,bin3,cap,20000
p46089,bin1,cost,107.66
p46089,bin1,cap,1000
p46089,bin2,cost,331.26
p46089,bin2,cap,2000
p46089,bin3,cost,3312.63
p46089,bin3,cap,20000
p46091,bin1,cost,107.66
p46091,bin1,cap,1000
p46091,bin2,cost,331.26
p46091,bin2,cap,2000
p46091,bin3,cost,3312.63
p46091,bin3,cap,20000
p46093,bin1,cost,107.66
p46093,bin1,cap,1000
p46093,bin2,cost,331.26
p46093,bin2,cap,2000
p46093,bin3,cost,3312.63
p46093,bin3,cap,20000
p46095,bin1,cost,107.66
p46095,bin1,cap,1000
p46095,bin2,cost,331.26
p46095,bin2,cap,2000
p46095,bin3,cost,3312.63
p46095,bin3,cap,20000
p46097,bin1,cost,107.66
p46097,bin1,cap,1000
p46097,bin2,cost,331.26
p46097,bin2,cap,2000
p46097,bin3,cost,3312.63
p46097,bin3,cap,20000
p46099,bin1,cost,107.66
p46099,bin1,cap,1000
p46099,bin2,cost,331.26
p46099,bin2,cap,2000
p46099,bin3,cost,3312.63
p46099,bin3,cap,20000
p46101,bin1,cost,107.66
p46101,bin1,cap,1000
p46101,bin2,cost,331.26
p46101,bin2,cap,2000
p46101,bin3,cost,3312.63
p46101,bin3,cap,20000
p46102,bin1,cost,107.66
p46102,bin1,cap,1000
p46102,bin2,cost,331.26
p46102,bin2,cap,2000
p46102,bin3,cost,3312.63
p46102,bin3,cap,20000
p46105,bin1,cost,107.66
p46105,bin1,cap,1000
p46105,bin2,cost,331.26
p46105,bin2,cap,2000
p46105,bin3,cost,3312.63
p46105,bin3,cap,20000
p46107,bin1,cost,107.66
p46107,bin1,cap,1000
p46107,bin2,cost,331.26
p46107,bin2,cap,2000
p46107,bin3,cost,3312.63
p46107,bin3,cap,20000
p46109,bin1,cost,107.66
p46109,bin1,cap,1000
p46109,bin2,cost,331.26
p46109,bin2,cap,2000
p46109,bin3,cost,3312.63
p46109,bin3,cap,20000
p46111,bin1,cost,107.66
p46111,bin1,cap,1000
p46111,bin2,cost,331.26
p46111,bin2,cap,2000
p46111,bin3,cost,3312.63
p46111,bin3,cap,20000
p46115,bin1,cost,107.66
p46115,bin1,cap,1000
p46115,bin2,cost,331.26
p46115,bin2,cap,2000
p46115,bin3,cost,3312.63
p46115,bin3,cap,20000
p46117,bin1,cost,107.66
p46117,bin1,cap,1000
p46117,bin2,cost,331.26
p46117,bin2,cap,2000
p46117,bin3,cost,3312.63
p46117,bin3,cap,20000
p46119,bin1,cost,107.66
p46119,bin1,cap,1000
p46119,bin2,cost,331.26
p46119,bin2,cap,2000
p46119,bin3,cost,3312.63
p46119,bin3,cap,20000
p46121,bin1,cost,107.66
p46121,bin1,cap,1000
p46121,bin2,cost,331.26
p46121,bin2,cap,2000
p46121,bin3,cost,3312.63
p46121,bin3,cap,20000
p46123,bin1,cost,107.66
p46123,bin1,cap,1000
p46123,bin2,cost,331.26
p46123,bin2,cap,2000
p46123,bin3,cost,3312.63
p46123,bin3,cap,20000
p46125,bin1,cost,107.66
p46125,bin1,cap,1000
p46125,bin2,cost,331.26
p46125,bin2,cap,2000
p46125,bin3,cost,3312.63
p46125,bin3,cap,20000
p46127,bin1,cost,107.66
p46127,bin1,cap,1000
p46127,bin2,cost,331.26
p46127,bin2,cap,2000
p46127,bin3,cost,3312.63
p46127,bin3,cap,20000
p46129,bin1,cost,107.66
p46129,bin1,cap,1000
p46129,bin2,cost,331.26
p46129,bin2,cap,2000
p46129,bin3,cost,3312.63
p46129,bin3,cap,20000
p46135,bin1,cost,107.66
p46135,bin1,cap,1000
p46135,bin2,cost,331.26
p46135,bin2,cap,2000
p46135,bin3,cost,3312.63
p46135,bin3,cap,20000
p46137,bin1,cost,107.66
p46137,bin1,cap,1000
p46137,bin2,cost,331.26
p46137,bin2,cap,2000
p46137,bin3,cost,3312.63
p46137,bin3,cap,20000
p31005,bin1,cost,107.66
p31005,bin1,cap,1000
p31005,bin2,cost,331.26
p31005,bin2,cap,2000
p31005,bin3,cost,3312.63
p31005,bin3,cap,20000
p31007,bin1,cost,107.66
p31007,bin1,cap,1000
p31007,bin2,cost,331.26
p31007,bin2,cap,2000
p31007,bin3,cost,3312.63
p31007,bin3,cap,20000
p31013,bin1,cost,107.66
p31013,bin1,cap,1000
p31013,bin2,cost,331.26
p31013,bin2,cap,2000
p31013,bin3,cost,3312.63
p31013,bin3,cap,20000
p31029,bin1,cost,107.66
p31029,bin1,cap,1000
p31029,bin2,cost,331.26
p31029,bin2,cap,2000
p31029,bin3,cost,3312.63
p31029,bin3,cap,20000
p31033,bin1,cost,107.66
p31033,bin1,cap,1000
p31033,bin2,cost,331.26
p31033,bin2,cap,2000
p31033,bin3,cost,3312.63
p31033,bin3,cap,20000
p31045,bin1,cost,107.66
p31045,bin1,cap,1000
p31045,bin2,cost,331.26
p31045,bin2,cap,2000
p31045,bin3,cost,3312.63
p31045,bin3,cap,20000
p31049,bin1,cost,107.66
p31049,bin1,cap,1000
p31049,bin2,cost,331.26
p31049,bin2,cap,2000
p31049,bin3,cost,3312.63
p31049,bin3,cap,20000
p31057,bin1,cost,107.66
p31057,bin1,cap,1000
p31057,bin2,cost,331.26
p31057,bin2,cap,2000
p31057,bin3,cost,3312.63
p31057,bin3,cap,20000
p31069,bin1,cost,107.66
p31069,bin1,cap,1000
p31069,bin2,cost,331.26
p31069,bin2,cap,2000
p31069,bin3,cost,3312.63
p31069,bin3,cap,20000
p31075,bin1,cost,107.66
p31075,bin1,cap,1000
p31075,bin2,cost,331.26
p31075,bin2,cap,2000
p31075,bin3,cost,3312.63
p31075,bin3,cap,20000
p31101,bin1,cost,107.66
p31101,bin1,cap,1000
p31101,bin2,cost,331.26
p31101,bin2,cap,2000
p31101,bin3,cost,3312.63
p31101,bin3,cap,20000
p31105,bin1,cost,107.66
p31105,bin1,cap,1000
p31105,bin2,cost,331.26
p31105,bin2,cap,2000
p31105,bin3,cost,3312.63
p31105,bin3,cap,20000
p31123,bin1,cost,107.66
p31123,bin1,cap,1000
p31123,bin2,cost,331.26
p31123,bin2,cap,2000
p31123,bin3,cost,3312.63
p31123,bin3,cap,20000
p31135,bin1,cost,107.66
p31135,bin1,cap,1000
p31135,bin2,cost,331.26
p31135,bin2,cap,2000
p31135,bin3,cost,3312.63
p31135,bin3,cap,20000
p31157,bin1,cost,107.66
p31157,bin1,cap,1000
p31157,bin2,cost,331.26
p31157,bin2,cap,2000
p31157,bin3,cost,3312.63
p31157,bin3,cap,20000
p31161,bin1,cost,107.66
p31161,bin1,cap,1000
p31161,bin2,cost,331.26
p31161,bin2,cap,2000
p31161,bin3,cost,3312.63
p31161,bin3,cap,20000
p31165,bin1,cost,107.66
p31165,bin1,cap,1000
p31165,bin2,cost,331.26
p31165,bin2,cap,2000
p31165,bin3,cost,3312.63
p31165,bin3,cap,20000
p31001,bin1,cost,107.66
p31001,bin1,cap,1000
p31001,bin2,cost,331.26
p31001,bin2,cap,2000
p31001,bin3,cost,3312.63
p31001,bin3,cap,20000
p31003,bin1,cost,107.66
p31003,bin1,cap,1000
p31003,bin2,cost,331.26
p31003,bin2,cap,2000
p31003,bin3,cost,3312.63
p31003,bin3,cap,20000
p31009,bin1,cost,107.66
p31009,bin1,cap,1000
p31009,bin2,cost,331.26
p31009,bin2,cap,2000
p31009,bin3,cost,3312.63
p31009,bin3,cap,20000
p31011,bin1,cost,107.66
p31011,bin1,cap,1000
p31011,bin2,cost,331.26
p31011,bin2,cap,2000
p31011,bin3,cost,3312.63
p31011,bin3,cap,20000
p31015,bin1,cost,107.66
p31015,bin1,cap,1000
p31015,bin2,cost,331.26
p31015,bin2,cap,2000
p31015,bin3,cost,3312.63
p31015,bin3,cap,20000
p31017,bin1,cost,107.66
p31017,bin1,cap,1000
p31017,bin2,cost,331.26
p31017,bin2,cap,2000
p31017,bin3,cost,3312.63
p31017,bin3,cap,20000
p31019,bin1,cost,107.66
p31019,bin1,cap,1000
p31019,bin2,cost,331.26
p31019,bin2,cap,2000
p31019,bin3,cost,3312.63
p31019,bin3,cap,20000
p31023,bin1,cost,107.66
p31023,bin1,cap,1000
p31023,bin2,cost,331.26
p31023,bin2,cap,2000
p31023,bin3,cost,3312.63
p31023,bin3,cap,20000
p31027,bin1,cost,107.66
p31027,bin1,cap,1000
p31027,bin2,cost,331.26
p31027,bin2,cap,2000
p31027,bin3,cost,3312.63
p31027,bin3,cap,20000
p31031,bin1,cost,107.66
p31031,bin1,cap,1000
p31031,bin2,cost,331.26
p31031,bin2,cap,2000
p31031,bin3,cost,3312.63
p31031,bin3,cap,20000
p31035,bin1,cost,107.66
p31035,bin1,cap,1000
p31035,bin2,cost,331.26
p31035,bin2,cap,2000
p31035,bin3,cost,3312.63
p31035,bin3,cap,20000
p31039,bin1,cost,107.66
p31039,bin1,cap,1000
p31039,bin2,cost,331.26
p31039,bin2,cap,2000
p31039,bin3,cost,3312.63
p31039,bin3,cap,20000
p31041,bin1,cost,107.66
p31041,bin1,cap,1000
p31041,bin2,cost,331.26
p31041,bin2,cap,2000
p31041,bin3,cost,3312.63
p31041,bin3,cap,20000
p31043,bin1,cost,107.66
p31043,bin1,cap,1000
p31043,bin2,cost,331.26
p31043,bin2,cap,2000
p31043,bin3,cost,3312.63
p31043,bin3,cap,20000
p31047,bin1,cost,107.66
p31047,bin1,cap,1000
p31047,bin2,cost,331.26
p31047,bin2,cap,2000
p31047,bin3,cost,3312.63
p31047,bin3,cap,20000
p31051,bin1,cost,107.66
p31051,bin1,cap,1000
p31051,bin2,cost,331.26
p31051,bin2,cap,2000
p31051,bin3,cost,3312.63
p31051,bin3,cap,20000
p31059,bin1,cost,107.66
p31059,bin1,cap,1000
p31059,bin2,cost,331.26
p31059,bin2,cap,2000
p31059,bin3,cost,3312.63
p31059,bin3,cap,20000
p31061,bin1,cost,107.66
p31061,bin1,cap,1000
p31061,bin2,cost,331.26
p31061,bin2,cap,2000
p31061,bin3,cost,3312.63
p31061,bin3,cap,20000
p31063,bin1,cost,107.66
p31063,bin1,cap,1000
p31063,bin2,cost,331.26
p31063,bin2,cap,2000
p31063,bin3,cost,3312.63
p31063,bin3,cap,20000
p31065,bin1,cost,107.66
p31065,bin1,cap,1000
p31065,bin2,cost,331.26
p31065,bin2,cap,2000
p31065,bin3,cost,3312.63
p31065,bin3,cap,20000
p31067,bin1,cost,107.66
p31067,bin1,cap,1000
p31067,bin2,cost,331.26
p31067,bin2,cap,2000
p31067,bin3,cost,3312.63
p31067,bin3,cap,20000
p31071,bin1,cost,107.66
p31071,bin1,cap,1000
p31071,bin2,cost,331.26
p31071,bin2,cap,2000
p31071,bin3,cost,3312.63
p31071,bin3,cap,20000
p31073,bin1,cost,107.66
p31073,bin1,cap,1000
p31073,bin2,cost,331.26
p31073,bin2,cap,2000
p31073,bin3,cost,3312.63
p31073,bin3,cap,20000
p31077,bin1,cost,107.66
p31077,bin1,cap,1000
p31077,bin2,cost,331.26
p31077,bin2,cap,2000
p31077,bin3,cost,3312.63
p31077,bin3,cap,20000
p31079,bin1,cost,107.66
p31079,bin1,cap,1000
p31079,bin2,cost,331.26
p31079,bin2,cap,2000
p31079,bin3,cost,3312.63
p31079,bin3,cap,20000
p31081,bin1,cost,107.66
p31081,bin1,cap,1000
p31081,bin2,cost,331.26
p31081,bin2,cap,2000
p31081,bin3,cost,3312.63
p31081,bin3,cap,20000
p31083,bin1,cost,107.66
p31083,bin1,cap,1000
p31083,bin2,cost,331.26
p31083,bin2,cap,2000
p31083,bin3,cost,3312.63
p31083,bin3,cap,20000
p31085,bin1,cost,107.66
p31085,bin1,cap,1000
p31085,bin2,cost,331.26
p31085,bin2,cap,2000
p31085,bin3,cost,3312.63
p31085,bin3,cap,20000
p31087,bin1,cost,107.66
p31087,bin1,cap,1000
p31087,bin2,cost,331.26
p31087,bin2,cap,2000
p31087,bin3,cost,3312.63
p31087,bin3,cap,20000
p31089,bin1,cost,107.66
p31089,bin1,cap,1000
p31089,bin2,cost,331.26
p31089,bin2,cap,2000
p31089,bin3,cost,3312.63
p31089,bin3,cap,20000
p31091,bin1,cost,107.66
p31091,bin1,cap,1000
p31091,bin2,cost,331.26
p31091,bin2,cap,2000
p31091,bin3,cost,3312.63
p31091,bin3,cap,20000
p31093,bin1,cost,107.66
p31093,bin1,cap,1000
p31093,bin2,cost,331.26
p31093,bin2,cap,2000
p31093,bin3,cost,3312.63
p31093,bin3,cap,20000
p31095,bin1,cost,107.66
p31095,bin1,cap,1000
p31095,bin2,cost,331.26
p31095,bin2,cap,2000
p31095,bin3,cost,3312.63
p31095,bin3,cap,20000
p31099,bin1,cost,107.66
p31099,bin1,cap,1000
p31099,bin2,cost,331.26
p31099,bin2,cap,2000
p31099,bin3,cost,3312.63
p31099,bin3,cap,20000
p31103,bin1,cost,107.66
p31103,bin1,cap,1000
p31103,bin2,cost,331.26
p31103,bin2,cap,2000
p31103,bin3,cost,3312.63
p31103,bin3,cap,20000
p31107,bin1,cost,107.66
p31107,bin1,cap,1000
p31107,bin2,cost,331.26
p31107,bin2,cap,2000
p31107,bin3,cost,3312.63
p31107,bin3,cap,20000
p31111,bin1,cost,107.66
p31111,bin1,cap,1000
p31111,bin2,cost,331.26
p31111,bin2,cap,2000
p31111,bin3,cost,3312.63
p31111,bin3,cap,20000
p31113,bin1,cost,107.66
p31113,bin1,cap,1000
p31113,bin2,cost,331.26
p31113,bin2,cap,2000
p31113,bin3,cost,3312.63
p31113,bin3,cap,20000
p31115,bin1,cost,107.66
p31115,bin1,cap,1000
p31115,bin2,cost,331.26
p31115,bin2,cap,2000
p31115,bin3,cost,3312.63
p31115,bin3,cap,20000
p31117,bin1,cost,107.66
p31117,bin1,cap,1000
p31117,bin2,cost,331.26
p31117,bin2,cap,2000
p31117,bin3,cost,3312.63
p31117,bin3,cap,20000
p31119,bin1,cost,107.66
p31119,bin1,cap,1000
p31119,bin2,cost,331.26
p31119,bin2,cap,2000
p31119,bin3,cost,3312.63
p31119,bin3,cap,20000
p31121,bin1,cost,107.66
p31121,bin1,cap,1000
p31121,bin2,cost,331.26
p31121,bin2,cap,2000
p31121,bin3,cost,3312.63
p31121,bin3,cap,20000
p31125,bin1,cost,107.66
p31125,bin1,cap,1000
p31125,bin2,cost,331.26
p31125,bin2,cap,2000
p31125,bin3,cost,3312.63
p31125,bin3,cap,20000
p31129,bin1,cost,107.66
p31129,bin1,cap,1000
p31129,bin2,cost,331.26
p31129,bin2,cap,2000
p31129,bin3,cost,3312.63
p31129,bin3,cap,20000
p31137,bin1,cost,107.66
p31137,bin1,cap,1000
p31137,bin2,cost,331.26
p31137,bin2,cap,2000
p31137,bin3,cost,3312.63
p31137,bin3,cap,20000
p31139,bin1,cost,107.66
p31139,bin1,cap,1000
p31139,bin2,cost,331.26
p31139,bin2,cap,2000
p31139,bin3,cost,3312.63
p31139,bin3,cap,20000
p31141,bin1,cost,107.66
p31141,bin1,cap,1000
p31141,bin2,cost,331.26
p31141,bin2,cap,2000
p31141,bin3,cost,3312.63
p31141,bin3,cap,20000
p31143,bin1,cost,107.66
p31143,bin1,cap,1000
p31143,bin2,cost,331.26
p31143,bin2,cap,2000
p31143,bin3,cost,3312.63
p31143,bin3,cap,20000
p31145,bin1,cost,107.66
p31145,bin1,cap,1000
p31145,bin2,cost,331.26
p31145,bin2,cap,2000
p31145,bin3,cost,3312.63
p31145,bin3,cap,20000
p31149,bin1,cost,107.66
p31149,bin1,cap,1000
p31149,bin2,cost,331.26
p31149,bin2,cap,2000
p31149,bin3,cost,3312.63
p31149,bin3,cap,20000
p31151,bin1,cost,107.66
p31151,bin1,cap,1000
p31151,bin2,cost,331.26
p31151,bin2,cap,2000
p31151,bin3,cost,3312.63
p31151,bin3,cap,20000
p31159,bin1,cost,107.66
p31159,bin1,cap,1000
p31159,bin2,cost,331.26
p31159,bin2,cap,2000
p31159,bin3,cost,3312.63
p31159,bin3,cap,20000
p31163,bin1,cost,107.66
p31163,bin1,cap,1000
p31163,bin2,cost,331.26
p31163,bin2,cap,2000
p31163,bin3,cost,3312.63
p31163,bin3,cap,20000
p31167,bin1,cost,107.66
p31167,bin1,cap,1000
p31167,bin2,cost,331.26
p31167,bin2,cap,2000
p31167,bin3,cost,3312.63
p31167,bin3,cap,20000
p31169,bin1,cost,107.66
p31169,bin1,cap,1000
p31169,bin2,cost,331.26
p31169,bin2,cap,2000
p31169,bin3,cost,3312.63
p31169,bin3,cap,20000
p31171,bin1,cost,107.66
p31171,bin1,cap,1000
p31171,bin2,cost,331.26
p31171,bin2,cap,2000
p31171,bin3,cost,3312.63
p31171,bin3,cap,20000
p31173,bin1,cost,107.66
p31173,bin1,cap,1000
p31173,bin2,cost,331.26
p31173,bin2,cap,2000
p31173,bin3,cost,3312.63
p31173,bin3,cap,20000
p31175,bin1,cost,107.66
p31175,bin1,cap,1000
p31175,bin2,cost,331.26
p31175,bin2,cap,2000
p31175,bin3,cost,3312.63
p31175,bin3,cap,20000
p31179,bin1,cost,107.66
p31179,bin1,cap,1000
p31179,bin2,cost,331.26
p31179,bin2,cap,2000
p31179,bin3,cost,3312.63
p31179,bin3,cap,20000
p31181,bin1,cost,107.66
p31181,bin1,cap,1000
p31181,bin2,cost,331.26
p31181,bin2,cap,2000
p31181,bin3,cost,3312.63
p31181,bin3,cap,20000
p31183,bin1,cost,107.66
p31183,bin1,cap,1000
p31183,bin2,cost,331.26
p31183,bin2,cap,2000
p31183,bin3,cost,3312.63
p31183,bin3,cap,20000
p31185,bin1,cost,107.66
p31185,bin1,cap,1000
p31185,bin2,cost,331.26
p31185,bin2,cap,2000
p31185,bin3,cost,3312.63
p31185,bin3,cap,20000
p31021,bin1,cost,107.66
p31021,bin1,cap,1000
p31021,bin2,cost,331.26
p31021,bin2,cap,2000
p31021,bin3,cost,3312.63
p31021,bin3,cap,20000
p31025,bin1,cost,107.66
p31025,bin1,cap,1000
p31025,bin2,cost,331.26
p31025,bin2,cap,2000
p31025,bin3,cost,3312.63
p31025,bin3,cap,20000
p31037,bin1,cost,107.66
p31037,bin1,cap,1000
p31037,bin2,cost,331.26
p31037,bin2,cap,2000
p31037,bin3,cost,3312.63
p31037,bin3,cap,20000
p31053,bin1,cost,107.66
p31053,bin1,cap,1000
p31053,bin2,cost,331.26
p31053,bin2,cap,2000
p31053,bin3,cost,3312.63
p31053,bin3,cap,20000
p31055,bin1,cost,107.66
p31055,bin1,cap,1000
p31055,bin2,cost,331.26
p31055,bin2,cap,2000
p31055,bin3,cost,3312.63
p31055,bin3,cap,20000
p31097,bin1,cost,107.66
p31097,bin1,cap,1000
p31097,bin2,cost,331.26
p31097,bin2,cap,2000
p31097,bin3,cost,3312.63
p31097,bin3,cap,20000
p31109,bin1,cost,107.66
p31109,bin1,cap,1000
p31109,bin2,cost,331.26
p31109,bin2,cap,2000
p31109,bin3,cost,3312.63
p31109,bin3,cap,20000
p31127,bin1,cost,107.66
p31127,bin1,cap,1000
p31127,bin2,cost,331.26
p31127,bin2,cap,2000
p31127,bin3,cost,3312.63
p31127,bin3,cap,20000
p31131,bin1,cost,107.66
p31131,bin1,cap,1000
p31131,bin2,cost,331.26
p31131,bin2,cap,2000
p31131,bin3,cost,3312.63
p31131,bin3,cap,20000
p31133,bin1,cost,107.66
p31133,bin1,cap,1000
p31133,bin2,cost,331.26
p31133,bin2,cap,2000
p31133,bin3,cost,3312.63
p31133,bin3,cap,20000
p31147,bin1,cost,107.66
p31147,bin1,cap,1000
p31147,bin2,cost,331.26
p31147,bin2,cap,2000
p31147,bin3,cost,3312.63
p31147,bin3,cap,20000
p31153,bin1,cost,107.66
p31153,bin1,cap,1000
p31153,bin2,cost,331.26
p31153,bin2,cap,2000
p31153,bin3,cost,3312.63
p31153,bin3,cap,20000
p31155,bin1,cost,107.66
p31155,bin1,cap,1000
p31155,bin2,cost,331.26
p31155,bin2,cap,2000
p31155,bin3,cost,3312.63
p31155,bin3,cap,20000
p31177,bin1,cost,107.66
p31177,bin1,cap,1000
p31177,bin2,cost,331.26
p31177,bin2,cap,2000
p31177,bin3,cost,3312.63
p31177,bin3,cap,20000
p27005,bin1,cost,107.66
p27005,bin1,cap,1000
p27005,bin2,cost,331.26
p27005,bin2,cap,2000
p27005,bin3,cost,3312.63
p27005,bin3,cap,20000
p27007,bin1,cost,107.66
p27007,bin1,cap,1000
p27007,bin2,cost,331.26
p27007,bin2,cap,2000
p27007,bin3,cost,3312.63
p27007,bin3,cap,20000
p27027,bin1,cost,107.66
p27027,bin1,cap,1000
p27027,bin2,cost,331.26
p27027,bin2,cap,2000
p27027,bin3,cost,3312.63
p27027,bin3,cap,20000
p27029,bin1,cost,107.66
p27029,bin1,cap,1000
p27029,bin2,cost,331.26
p27029,bin2,cap,2000
p27029,bin3,cost,3312.63
p27029,bin3,cap,20000
p27069,bin1,cost,107.66
p27069,bin1,cap,1000
p27069,bin2,cost,331.26
p27069,bin2,cap,2000
p27069,bin3,cost,3312.63
p27069,bin3,cap,20000
p27071,bin1,cost,107.66
p27071,bin1,cap,1000
p27071,bin2,cost,331.26
p27071,bin2,cap,2000
p27071,bin3,cost,3312.63
p27071,bin3,cap,20000
p27077,bin1,cost,107.66
p27077,bin1,cap,1000
p27077,bin2,cost,331.26
p27077,bin2,cap,2000
p27077,bin3,cost,3312.63
p27077,bin3,cap,20000
p27087,bin1,cost,107.66
p27087,bin1,cap,1000
p27087,bin2,cost,331.26
p27087,bin2,cap,2000
p27087,bin3,cost,3312.63
p27087,bin3,cap,20000
p27089,bin1,cost,107.66
p27089,bin1,cap,1000
p27089,bin2,cost,331.26
p27089,bin2,cap,2000
p27089,bin3,cost,3312.63
p27089,bin3,cap,20000
p27107,bin1,cost,107.66
p27107,bin1,cap,1000
p27107,bin2,cost,331.26
p27107,bin2,cap,2000
p27107,bin3,cost,3312.63
p27107,bin3,cap,20000
p27113,bin1,cost,107.66
p27113,bin1,cap,1000
p27113,bin2,cost,331.26
p27113,bin2,cap,2000
p27113,bin3,cost,3312.63
p27113,bin3,cap,20000
p27119,bin1,cost,107.66
p27119,bin1,cap,1000
p27119,bin2,cost,331.26
p27119,bin2,cap,2000
p27119,bin3,cost,3312.63
p27119,bin3,cap,20000
p27125,bin1,cost,107.66
p27125,bin1,cap,1000
p27125,bin2,cost,331.26
p27125,bin2,cap,2000
p27125,bin3,cost,3312.63
p27125,bin3,cap,20000
p27135,bin1,cost,107.66
p27135,bin1,cap,1000
p27135,bin2,cost,331.26
p27135,bin2,cap,2000
p27135,bin3,cost,3312.63
p27135,bin3,cap,20000
p27001,bin1,cost,107.66
p27001,bin1,cap,1000
p27001,bin2,cost,331.26
p27001,bin2,cap,2000
p27001,bin3,cost,3312.63
p27001,bin3,cap,20000
p27003,bin1,cost,107.66
p27003,bin1,cap,1000
p27003,bin2,cost,331.26
p27003,bin2,cap,2000
p27003,bin3,cost,3312.63
p27003,bin3,cap,20000
p27009,bin1,cost,107.66
p27009,bin1,cap,1000
p27009,bin2,cost,331.26
p27009,bin2,cap,2000
p27009,bin3,cost,3312.63
p27009,bin3,cap,20000
p27011,bin1,cost,107.66
p27011,bin1,cap,1000
p27011,bin2,cost,331.26
p27011,bin2,cap,2000
p27011,bin3,cost,3312.63
p27011,bin3,cap,20000
p27017,bin1,cost,107.66
p27017,bin1,cap,1000
p27017,bin2,cost,331.26
p27017,bin2,cap,2000
p27017,bin3,cost,3312.63
p27017,bin3,cap,20000
p27019,bin1,cost,107.66
p27019,bin1,cap,1000
p27019,bin2,cost,331.26
p27019,bin2,cap,2000
p27019,bin3,cost,3312.63
p27019,bin3,cap,20000
p27021,bin1,cost,107.66
p27021,bin1,cap,1000
p27021,bin2,cost,331.26
p27021,bin2,cap,2000
p27021,bin3,cost,3312.63
p27021,bin3,cap,20000
p27025,bin1,cost,107.66
p27025,bin1,cap,1000
p27025,bin2,cost,331.26
p27025,bin2,cap,2000
p27025,bin3,cost,3312.63
p27025,bin3,cap,20000
p27031,bin1,cost,107.66
p27031,bin1,cap,1000
p27031,bin2,cost,331.26
p27031,bin2,cap,2000
p27031,bin3,cost,3312.63
p27031,bin3,cap,20000
p27035,bin1,cost,107.66
p27035,bin1,cap,1000
p27035,bin2,cost,331.26
p27035,bin2,cap,2000
p27035,bin3,cost,3312.63
p27035,bin3,cap,20000
p27037,bin1,cost,107.66
p27037,bin1,cap,1000
p27037,bin2,cost,331.26
p27037,bin2,cap,2000
p27037,bin3,cost,3312.63
p27037,bin3,cap,20000
p27039,bin1,cost,107.66
p27039,bin1,cap,1000
p27039,bin2,cost,331.26
p27039,bin2,cap,2000
p27039,bin3,cost,3312.63
p27039,bin3,cap,20000
p27041,bin1,cost,107.66
p27041,bin1,cap,1000
p27041,bin2,cost,331.26
p27041,bin2,cap,2000
p27041,bin3,cost,3312.63
p27041,bin3,cap,20000
p27049,bin1,cost,107.66
p27049,bin1,cap,1000
p27049,bin2,cost,331.26
p27049,bin2,cap,2000
p27049,bin3,cost,3312.63
p27049,bin3,cap,20000
p27051,bin1,cost,107.66
p27051,bin1,cap,1000
p27051,bin2,cost,331.26
p27051,bin2,cap,2000
p27051,bin3,cost,3312.63
p27051,bin3,cap,20000
p27053,bin1,cost,107.66
p27053,bin1,cap,1000
p27053,bin2,cost,331.26
p27053,bin2,cap,2000
p27053,bin3,cost,3312.63
p27053,bin3,cap,20000
p27057,bin1,cost,107.66
p27057,bin1,cap,1000
p27057,bin2,cost,331.26
p27057,bin2,cap,2000
p27057,bin3,cost,3312.63
p27057,bin3,cap,20000
p27059,bin1,cost,107.66
p27059,bin1,cap,1000
p27059,bin2,cost,331.26
p27059,bin2,cap,2000
p27059,bin3,cost,3312.63
p27059,bin3,cap,20000
p27061,bin1,cost,107.66
p27061,bin1,cap,1000
p27061,bin2,cost,331.26
p27061,bin2,cap,2000
p27061,bin3,cost,3312.63
p27061,bin3,cap,20000
p27065,bin1,cost,107.66
p27065,bin1,cap,1000
p27065,bin2,cost,331.26
p27065,bin2,cap,2000
p27065,bin3,cost,3312.63
p27065,bin3,cap,20000
p27067,bin1,cost,107.66
p27067,bin1,cap,1000
p27067,bin2,cost,331.26
p27067,bin2,cap,2000
p27067,bin3,cost,3312.63
p27067,bin3,cap,20000
p27075,bin1,cost,107.66
p27075,bin1,cap,1000
p27075,bin2,cost,331.26
p27075,bin2,cap,2000
p27075,bin3,cost,3312.63
p27075,bin3,cap,20000
p27079,bin1,cost,107.66
p27079,bin1,cap,1000
p27079,bin2,cost,331.26
p27079,bin2,cap,2000
p27079,bin3,cost,3312.63
p27079,bin3,cap,20000
p27085,bin1,cost,107.66
p27085,bin1,cap,1000
p27085,bin2,cost,331.26
p27085,bin2,cap,2000
p27085,bin3,cost,3312.63
p27085,bin3,cap,20000
p27093,bin1,cost,107.66
p27093,bin1,cap,1000
p27093,bin2,cost,331.26
p27093,bin2,cap,2000
p27093,bin3,cost,3312.63
p27093,bin3,cap,20000
p27095,bin1,cost,107.66
p27095,bin1,cap,1000
p27095,bin2,cost,331.26
p27095,bin2,cap,2000
p27095,bin3,cost,3312.63
p27095,bin3,cap,20000
p27097,bin1,cost,107.66
p27097,bin1,cap,1000
p27097,bin2,cost,331.26
p27097,bin2,cap,2000
p27097,bin3,cost,3312.63
p27097,bin3,cap,20000
p27109,bin1,cost,107.66
p27109,bin1,cap,1000
p27109,bin2,cost,331.26
p27109,bin2,cap,2000
p27109,bin3,cost,3312.63
p27109,bin3,cap,20000
p27111,bin1,cost,107.66
p27111,bin1,cap,1000
p27111,bin2,cost,331.26
p27111,bin2,cap,2000
p27111,bin3,cost,3312.63
p27111,bin3,cap,20000
p27115,bin1,cost,107.66
p27115,bin1,cap,1000
p27115,bin2,cost,331.26
p27115,bin2,cap,2000
p27115,bin3,cost,3312.63
p27115,bin3,cap,20000
p27121,bin1,cost,107.66
p27121,bin1,cap,1000
p27121,bin2,cost,331.26
p27121,bin2,cap,2000
p27121,bin3,cost,3312.63
p27121,bin3,cap,20000
p27123,bin1,cost,107.66
p27123,bin1,cap,1000
p27123,bin2,cost,331.26
p27123,bin2,cap,2000
p27123,bin3,cost,3312.63
p27123,bin3,cap,20000
p27131,bin1,cost,107.66
p27131,bin1,cap,1000
p27131,bin2,cost,331.26
p27131,bin2,cap,2000
p27131,bin3,cost,3312.63
p27131,bin3,cap,20000
p27137,bin1,cost,107.66
p27137,bin1,cap,1000
p27137,bin2,cost,331.26
p27137,bin2,cap,2000
p27137,bin3,cost,3312.63
p27137,bin3,cap,20000
p27139,bin1,cost,107.66
p27139,bin1,cap,1000
p27139,bin2,cost,331.26
p27139,bin2,cap,2000
p27139,bin3,cost,3312.63
p27139,bin3,cap,20000
p27141,bin1,cost,107.66
p27141,bin1,cap,1000
p27141,bin2,cost,331.26
p27141,bin2,cap,2000
p27141,bin3,cost,3312.63
p27141,bin3,cap,20000
p27143,bin1,cost,107.66
p27143,bin1,cap,1000
p27143,bin2,cost,331.26
p27143,bin2,cap,2000
p27143,bin3,cost,3312.63
p27143,bin3,cap,20000
p27145,bin1,cost,107.66
p27145,bin1,cap,1000
p27145,bin2,cost,331.26
p27145,bin2,cap,2000
p27145,bin3,cost,3312.63
p27145,bin3,cap,20000
p27147,bin1,cost,107.66
p27147,bin1,cap,1000
p27147,bin2,cost,331.26
p27147,bin2,cap,2000
p27147,bin3,cost,3312.63
p27147,bin3,cap,20000
p27149,bin1,cost,107.66
p27149,bin1,cap,1000
p27149,bin2,cost,331.26
p27149,bin2,cap,2000
p27149,bin3,cost,3312.63
p27149,bin3,cap,20000
p27151,bin1,cost,107.66
p27151,bin1,cap,1000
p27151,bin2,cost,331.26
p27151,bin2,cap,2000
p27151,bin3,cost,3312.63
p27151,bin3,cap,20000
p27153,bin1,cost,107.66
p27153,bin1,cap,1000
p27153,bin2,cost,331.26
p27153,bin2,cap,2000
p27153,bin3,cost,3312.63
p27153,bin3,cap,20000
p27155,bin1,cost,107.66
p27155,bin1,cap,1000
p27155,bin2,cost,331.26
p27155,bin2,cap,2000
p27155,bin3,cost,3312.63
p27155,bin3,cap,20000
p27157,bin1,cost,107.66
p27157,bin1,cap,1000
p27157,bin2,cost,331.26
p27157,bin2,cap,2000
p27157,bin3,cost,3312.63
p27157,bin3,cap,20000
p27159,bin1,cost,107.66
p27159,bin1,cap,1000
p27159,bin2,cost,331.26
p27159,bin2,cap,2000
p27159,bin3,cost,3312.63
p27159,bin3,cap,20000
p27163,bin1,cost,107.66
p27163,bin1,cap,1000
p27163,bin2,cost,331.26
p27163,bin2,cap,2000
p27163,bin3,cost,3312.63
p27163,bin3,cap,20000
p27167,bin1,cost,107.66
p27167,bin1,cap,1000
p27167,bin2,cost,331.26
p27167,bin2,cap,2000
p27167,bin3,cost,3312.63
p27167,bin3,cap,20000
p27169,bin1,cost,107.66
p27169,bin1,cap,1000
p27169,bin2,cost,331.26
p27169,bin2,cap,2000
p27169,bin3,cost,3312.63
p27169,bin3,cap,20000
p27171,bin1,cost,107.66
p27171,bin1,cap,1000
p27171,bin2,cost,331.26
p27171,bin2,cap,2000
p27171,bin3,cost,3312.63
p27171,bin3,cap,20000
p27023,bin1,cost,107.66
p27023,bin1,cap,1000
p27023,bin2,cost,331.26
p27023,bin2,cap,2000
p27023,bin3,cost,3312.63
p27023,bin3,cap,20000
p27073,bin1,cost,107.66
p27073,bin1,cap,1000
p27073,bin2,cost,331.26
p27073,bin2,cap,2000
p27073,bin3,cost,3312.63
p27073,bin3,cap,20000
p27081,bin1,cost,107.66
p27081,bin1,cap,1000
p27081,bin2,cost,331.26
p27081,bin2,cap,2000
p27081,bin3,cost,3312.63
p27081,bin3,cap,20000
p27083,bin1,cost,107.66
p27083,bin1,cap,1000
p27083,bin2,cost,331.26
p27083,bin2,cap,2000
p27083,bin3,cost,3312.63
p27083,bin3,cap,20000
p27101,bin1,cost,107.66
p27101,bin1,cap,1000
p27101,bin2,cost,331.26
p27101,bin2,cap,2000
p27101,bin3,cost,3312.63
p27101,bin3,cap,20000
p27105,bin1,cost,107.66
p27105,bin1,cap,1000
p27105,bin2,cost,331.26
p27105,bin2,cap,2000
p27105,bin3,cost,3312.63
p27105,bin3,cap,20000
p27117,bin1,cost,107.66
p27117,bin1,cap,1000
p27117,bin2,cost,331.26
p27117,bin2,cap,2000
p27117,bin3,cost,3312.63
p27117,bin3,cap,20000
p27127,bin1,cost,107.66
p27127,bin1,cap,1000
p27127,bin2,cost,331.26
p27127,bin2,cap,2000
p27127,bin3,cost,3312.63
p27127,bin3,cap,20000
p27129,bin1,cost,107.66
p27129,bin1,cap,1000
p27129,bin2,cost,331.26
p27129,bin2,cap,2000
p27129,bin3,cost,3312.63
p27129,bin3,cap,20000
p27133,bin1,cost,107.66
p27133,bin1,cap,1000
p27133,bin2,cost,331.26
p27133,bin2,cap,2000
p27133,bin3,cost,3312.63
p27133,bin3,cap,20000
p27173,bin1,cost,107.66
p27173,bin1,cap,1000
p27173,bin2,cost,331.26
p27173,bin2,cap,2000
p27173,bin3,cost,3312.63
p27173,bin3,cap,20000
p19009,bin1,cost,107.66
p19009,bin1,cap,1000
p19009,bin2,cost,331.26
p19009,bin2,cap,2000
p19009,bin3,cost,3312.63
p19009,bin3,cap,20000
p19021,bin1,cost,107.66
p19021,bin1,cap,1000
p19021,bin2,cost,331.26
p19021,bin2,cap,2000
p19021,bin3,cost,3312.63
p19021,bin3,cap,20000
p19025,bin1,cost,107.66
p19025,bin1,cap,1000
p19025,bin2,cost,331.26
p19025,bin2,cap,2000
p19025,bin3,cost,3312.63
p19025,bin3,cap,20000
p19027,bin1,cost,107.66
p19027,bin1,cap,1000
p19027,bin2,cost,331.26
p19027,bin2,cap,2000
p19027,bin3,cost,3312.63
p19027,bin3,cap,20000
p19033,bin1,cost,107.66
p19033,bin1,cap,1000
p19033,bin2,cost,331.26
p19033,bin2,cap,2000
p19033,bin3,cost,3312.63
p19033,bin3,cap,20000
p19035,bin1,cost,107.66
p19035,bin1,cap,1000
p19035,bin2,cost,331.26
p19035,bin2,cap,2000
p19035,bin3,cost,3312.63
p19035,bin3,cap,20000
p19041,bin1,cost,107.66
p19041,bin1,cap,1000
p19041,bin2,cost,331.26
p19041,bin2,cap,2000
p19041,bin3,cost,3312.63
p19041,bin3,cap,20000
p19047,bin1,cost,107.66
p19047,bin1,cap,1000
p19047,bin2,cost,331.26
p19047,bin2,cap,2000
p19047,bin3,cost,3312.63
p19047,bin3,cap,20000
p19059,bin1,cost,107.66
p19059,bin1,cap,1000
p19059,bin2,cost,331.26
p19059,bin2,cap,2000
p19059,bin3,cost,3312.63
p19059,bin3,cap,20000
p19063,bin1,cost,107.66
p19063,bin1,cap,1000
p19063,bin2,cost,331.26
p19063,bin2,cap,2000
p19063,bin3,cost,3312.63
p19063,bin3,cap,20000
p19069,bin1,cost,107.66
p19069,bin1,cap,1000
p19069,bin2,cost,331.26
p19069,bin2,cap,2000
p19069,bin3,cost,3312.63
p19069,bin3,cap,20000
p19071,bin1,cost,107.66
p19071,bin1,cap,1000
p19071,bin2,cost,331.26
p19071,bin2,cap,2000
p19071,bin3,cost,3312.63
p19071,bin3,cap,20000
p19081,bin1,cost,107.66
p19081,bin1,cap,1000
p19081,bin2,cost,331.26
p19081,bin2,cap,2000
p19081,bin3,cost,3312.63
p19081,bin3,cap,20000
p19085,bin1,cost,107.66
p19085,bin1,cap,1000
p19085,bin2,cost,331.26
p19085,bin2,cap,2000
p19085,bin3,cost,3312.63
p19085,bin3,cap,20000
p19091,bin1,cost,107.66
p19091,bin1,cap,1000
p19091,bin2,cost,331.26
p19091,bin2,cap,2000
p19091,bin3,cost,3312.63
p19091,bin3,cap,20000
p19093,bin1,cost,107.66
p19093,bin1,cap,1000
p19093,bin2,cost,331.26
p19093,bin2,cap,2000
p19093,bin3,cost,3312.63
p19093,bin3,cap,20000
p19109,bin1,cost,107.66
p19109,bin1,cap,1000
p19109,bin2,cost,331.26
p19109,bin2,cap,2000
p19109,bin3,cost,3312.63
p19109,bin3,cap,20000
p19119,bin1,cost,107.66
p19119,bin1,cap,1000
p19119,bin2,cost,331.26
p19119,bin2,cap,2000
p19119,bin3,cost,3312.63
p19119,bin3,cap,20000
p19129,bin1,cost,107.66
p19129,bin1,cap,1000
p19129,bin2,cost,331.26
p19129,bin2,cap,2000
p19129,bin3,cost,3312.63
p19129,bin3,cap,20000
p19133,bin1,cost,107.66
p19133,bin1,cap,1000
p19133,bin2,cost,331.26
p19133,bin2,cap,2000
p19133,bin3,cost,3312.63
p19133,bin3,cap,20000
p19137,bin1,cost,107.66
p19137,bin1,cap,1000
p19137,bin2,cost,331.26
p19137,bin2,cap,2000
p19137,bin3,cost,3312.63
p19137,bin3,cap,20000
p19141,bin1,cost,107.66
p19141,bin1,cap,1000
p19141,bin2,cost,331.26
p19141,bin2,cap,2000
p19141,bin3,cost,3312.63
p19141,bin3,cap,20000
p19143,bin1,cost,107.66
p19143,bin1,cap,1000
p19143,bin2,cost,331.26
p19143,bin2,cap,2000
p19143,bin3,cost,3312.63
p19143,bin3,cap,20000
p19145,bin1,cost,107.66
p19145,bin1,cap,1000
p19145,bin2,cost,331.26
p19145,bin2,cap,2000
p19145,bin3,cost,3312.63
p19145,bin3,cap,20000
p19147,bin1,cost,107.66
p19147,bin1,cap,1000
p19147,bin2,cost,331.26
p19147,bin2,cap,2000
p19147,bin3,cost,3312.63
p19147,bin3,cap,20000
p19149,bin1,cost,107.66
p19149,bin1,cap,1000
p19149,bin2,cost,331.26
p19149,bin2,cap,2000
p19149,bin3,cost,3312.63
p19149,bin3,cap,20000
p19151,bin1,cost,107.66
p19151,bin1,cap,1000
p19151,bin2,cost,331.26
p19151,bin2,cap,2000
p19151,bin3,cost,3312.63
p19151,bin3,cap,20000
p19155,bin1,cost,107.66
p19155,bin1,cap,1000
p19155,bin2,cost,331.26
p19155,bin2,cap,2000
p19155,bin3,cost,3312.63
p19155,bin3,cap,20000
p19161,bin1,cost,107.66
p19161,bin1,cap,1000
p19161,bin2,cost,331.26
p19161,bin2,cap,2000
p19161,bin3,cost,3312.63
p19161,bin3,cap,20000
p19165,bin1,cost,107.66
p19165,bin1,cap,1000
p19165,bin2,cost,331.26
p19165,bin2,cap,2000
p19165,bin3,cost,3312.63
p19165,bin3,cap,20000
p19167,bin1,cost,107.66
p19167,bin1,cap,1000
p19167,bin2,cost,331.26
p19167,bin2,cap,2000
p19167,bin3,cost,3312.63
p19167,bin3,cap,20000
p19173,bin1,cost,107.66
p19173,bin1,cap,1000
p19173,bin2,cost,331.26
p19173,bin2,cap,2000
p19173,bin3,cost,3312.63
p19173,bin3,cap,20000
p19187,bin1,cost,107.66
p19187,bin1,cap,1000
p19187,bin2,cost,331.26
p19187,bin2,cap,2000
p19187,bin3,cost,3312.63
p19187,bin3,cap,20000
p19189,bin1,cost,107.66
p19189,bin1,cap,1000
p19189,bin2,cost,331.26
p19189,bin2,cap,2000
p19189,bin3,cost,3312.63
p19189,bin3,cap,20000
p19193,bin1,cost,107.66
p19193,bin1,cap,1000
p19193,bin2,cost,331.26
p19193,bin2,cap,2000
p19193,bin3,cost,3312.63
p19193,bin3,cap,20000
p19195,bin1,cost,107.66
p19195,bin1,cap,1000
p19195,bin2,cost,331.26
p19195,bin2,cap,2000
p19195,bin3,cost,3312.63
p19195,bin3,cap,20000
p19197,bin1,cost,107.66
p19197,bin1,cap,1000
p19197,bin2,cost,331.26
p19197,bin2,cap,2000
p19197,bin3,cost,3312.63
p19197,bin3,cap,20000
p55003,bin1,cost,107.66
p55003,bin1,cap,1000
p55003,bin2,cost,331.26
p55003,bin2,cap,2000
p55003,bin3,cost,3312.63
p55003,bin3,cap,20000
p55005,bin1,cost,107.66
p55005,bin1,cap,1000
p55005,bin2,cost,331.26
p55005,bin2,cap,2000
p55005,bin3,cost,3312.63
p55005,bin3,cap,20000
p55007,bin1,cost,107.66
p55007,bin1,cap,1000
p55007,bin2,cost,331.26
p55007,bin2,cap,2000
p55007,bin3,cost,3312.63
p55007,bin3,cap,20000
p55011,bin1,cost,107.66
p55011,bin1,cap,1000
p55011,bin2,cost,331.26
p55011,bin2,cap,2000
p55011,bin3,cost,3312.63
p55011,bin3,cap,20000
p55013,bin1,cost,107.66
p55013,bin1,cap,1000
p55013,bin2,cost,331.26
p55013,bin2,cap,2000
p55013,bin3,cost,3312.63
p55013,bin3,cap,20000
p55017,bin1,cost,107.66
p55017,bin1,cap,1000
p55017,bin2,cost,331.26
p55017,bin2,cap,2000
p55017,bin3,cost,3312.63
p55017,bin3,cap,20000
p55019,bin1,cost,107.66
p55019,bin1,cap,1000
p55019,bin2,cost,331.26
p55019,bin2,cap,2000
p55019,bin3,cost,3312.63
p55019,bin3,cap,20000
p55031,bin1,cost,107.66
p55031,bin1,cap,1000
p55031,bin2,cost,331.26
p55031,bin2,cap,2000
p55031,bin3,cost,3312.63
p55031,bin3,cap,20000
p55033,bin1,cost,107.66
p55033,bin1,cap,1000
p55033,bin2,cost,331.26
p55033,bin2,cap,2000
p55033,bin3,cost,3312.63
p55033,bin3,cap,20000
p55035,bin1,cost,107.66
p55035,bin1,cap,1000
p55035,bin2,cost,331.26
p55035,bin2,cap,2000
p55035,bin3,cost,3312.63
p55035,bin3,cap,20000
p55051,bin1,cost,107.66
p55051,bin1,cap,1000
p55051,bin2,cost,331.26
p55051,bin2,cap,2000
p55051,bin3,cost,3312.63
p55051,bin3,cap,20000
p55063,bin1,cost,107.66
p55063,bin1,cap,1000
p55063,bin2,cost,331.26
p55063,bin2,cap,2000
p55063,bin3,cost,3312.63
p55063,bin3,cap,20000
p55091,bin1,cost,107.66
p55091,bin1,cap,1000
p55091,bin2,cost,331.26
p55091,bin2,cap,2000
p55091,bin3,cost,3312.63
p55091,bin3,cap,20000
p55093,bin1,cost,107.66
p55093,bin1,cap,1000
p55093,bin2,cost,331.26
p55093,bin2,cap,2000
p55093,bin3,cost,3312.63
p55093,bin3,cap,20000
p55095,bin1,cost,107.66
p55095,bin1,cap,1000
p55095,bin2,cost,331.26
p55095,bin2,cap,2000
p55095,bin3,cost,3312.63
p55095,bin3,cap,20000
p55099,bin1,cost,107.66
p55099,bin1,cap,1000
p55099,bin2,cost,331.26
p55099,bin2,cap,2000
p55099,bin3,cost,3312.63
p55099,bin3,cap,20000
p55107,bin1,cost,107.66
p55107,bin1,cap,1000
p55107,bin2,cost,331.26
p55107,bin2,cap,2000
p55107,bin3,cost,3312.63
p55107,bin3,cap,20000
p55109,bin1,cost,107.66
p55109,bin1,cap,1000
p55109,bin2,cost,331.26
p55109,bin2,cap,2000
p55109,bin3,cost,3312.63
p55109,bin3,cap,20000
p55113,bin1,cost,107.66
p55113,bin1,cap,1000
p55113,bin2,cost,331.26
p55113,bin2,cap,2000
p55113,bin3,cost,3312.63
p55113,bin3,cap,20000
p55119,bin1,cost,107.66
p55119,bin1,cap,1000
p55119,bin2,cost,331.26
p55119,bin2,cap,2000
p55119,bin3,cost,3312.63
p55119,bin3,cap,20000
p55121,bin1,cost,107.66
p55121,bin1,cap,1000
p55121,bin2,cost,331.26
p55121,bin2,cap,2000
p55121,bin3,cost,3312.63
p55121,bin3,cap,20000
p55129,bin1,cost,107.66
p55129,bin1,cap,1000
p55129,bin2,cost,331.26
p55129,bin2,cap,2000
p55129,bin3,cost,3312.63
p55129,bin3,cap,20000
p35005,bin1,cost,107.66
p35005,bin1,cap,1000
p35005,bin2,cost,331.26
p35005,bin2,cap,2000
p35005,bin3,cost,3312.63
p35005,bin3,cap,20000
p35009,bin1,cost,107.66
p35009,bin1,cap,1000
p35009,bin2,cost,331.26
p35009,bin2,cap,2000
p35009,bin3,cost,3312.63
p35009,bin3,cap,20000
p35015,bin1,cost,107.66
p35015,bin1,cap,1000
p35015,bin2,cost,331.26
p35015,bin2,cap,2000
p35015,bin3,cost,3312.63
p35015,bin3,cap,20000
p35025,bin1,cost,107.66
p35025,bin1,cap,1000
p35025,bin2,cost,331.26
p35025,bin2,cap,2000
p35025,bin3,cost,3312.63
p35025,bin3,cap,20000
p35037,bin1,cost,107.66
p35037,bin1,cap,1000
p35037,bin2,cost,331.26
p35037,bin2,cap,2000
p35037,bin3,cost,3312.63
p35037,bin3,cap,20000
p35041,bin1,cost,107.66
p35041,bin1,cap,1000
p35041,bin2,cost,331.26
p35041,bin2,cap,2000
p35041,bin3,cost,3312.63
p35041,bin3,cap,20000
p48011,bin1,cost,107.66
p48011,bin1,cap,1000
p48011,bin2,cost,331.26
p48011,bin2,cap,2000
p48011,bin3,cost,3312.63
p48011,bin3,cap,20000
p48017,bin1,cost,107.66
p48017,bin1,cap,1000
p48017,bin2,cost,331.26
p48017,bin2,cap,2000
p48017,bin3,cost,3312.63
p48017,bin3,cap,20000
p48065,bin1,cost,107.66
p48065,bin1,cap,1000
p48065,bin2,cost,331.26
p48065,bin2,cap,2000
p48065,bin3,cost,3312.63
p48065,bin3,cap,20000
p48069,bin1,cost,107.66
p48069,bin1,cap,1000
p48069,bin2,cost,331.26
p48069,bin2,cap,2000
p48069,bin3,cost,3312.63
p48069,bin3,cap,20000
p48079,bin1,cost,107.66
p48079,bin1,cap,1000
p48079,bin2,cost,331.26
p48079,bin2,cap,2000
p48079,bin3,cost,3312.63
p48079,bin3,cap,20000
p48087,bin1,cost,107.66
p48087,bin1,cap,1000
p48087,bin2,cost,331.26
p48087,bin2,cap,2000
p48087,bin3,cost,3312.63
p48087,bin3,cap,20000
p48111,bin1,cost,107.66
p48111,bin1,cap,1000
p48111,bin2,cost,331.26
p48111,bin2,cap,2000
p48111,bin3,cost,3312.63
p48111,bin3,cap,20000
p48117,bin1,cost,107.66
p48117,bin1,cap,1000
p48117,bin2,cost,331.26
p48117,bin2,cap,2000
p48117,bin3,cost,3312.63
p48117,bin3,cap,20000
p48129,bin1,cost,107.66
p48129,bin1,cap,1000
p48129,bin2,cost,331.26
p48129,bin2,cap,2000
p48129,bin3,cost,3312.63
p48129,bin3,cap,20000
p48153,bin1,cost,107.66
p48153,bin1,cap,1000
p48153,bin2,cost,331.26
p48153,bin2,cap,2000
p48153,bin3,cost,3312.63
p48153,bin3,cap,20000
p48165,bin1,cost,107.66
p48165,bin1,cap,1000
p48165,bin2,cost,331.26
p48165,bin2,cap,2000
p48165,bin3,cost,3312.63
p48165,bin3,cap,20000
p48169,bin1,cost,107.66
p48169,bin1,cap,1000
p48169,bin2,cost,331.26
p48169,bin2,cap,2000
p48169,bin3,cost,3312.63
p48169,bin3,cap,20000
p48179,bin1,cost,107.66
p48179,bin1,cap,1000
p48179,bin2,cost,331.26
p48179,bin2,cap,2000
p48179,bin3,cost,3312.63
p48179,bin3,cap,20000
p48189,bin1,cost,107.66
p48189,bin1,cap,1000
p48189,bin2,cost,331.26
p48189,bin2,cap,2000
p48189,bin3,cost,3312.63
p48189,bin3,cap,20000
p48195,bin1,cost,107.66
p48195,bin1,cap,1000
p48195,bin2,cost,331.26
p48195,bin2,cap,2000
p48195,bin3,cost,3312.63
p48195,bin3,cap,20000
p48205,bin1,cost,107.66
p48205,bin1,cap,1000
p48205,bin2,cost,331.26
p48205,bin2,cap,2000
p48205,bin3,cost,3312.63
p48205,bin3,cap,20000
p48211,bin1,cost,107.66
p48211,bin1,cap,1000
p48211,bin2,cost,331.26
p48211,bin2,cap,2000
p48211,bin3,cost,3312.63
p48211,bin3,cap,20000
p48219,bin1,cost,107.66
p48219,bin1,cap,1000
p48219,bin2,cost,331.26
p48219,bin2,cap,2000
p48219,bin3,cost,3312.63
p48219,bin3,cap,20000
p48233,bin1,cost,107.66
p48233,bin1,cap,1000
p48233,bin2,cost,331.26
p48233,bin2,cap,2000
p48233,bin3,cost,3312.63
p48233,bin3,cap,20000
p48279,bin1,cost,107.66
p48279,bin1,cap,1000
p48279,bin2,cost,331.26
p48279,bin2,cap,2000
p48279,bin3,cost,3312.63
p48279,bin3,cap,20000
p48295,bin1,cost,107.66
p48295,bin1,cap,1000
p48295,bin2,cost,331.26
p48295,bin2,cap,2000
p48295,bin3,cost,3312.63
p48295,bin3,cap,20000
p48303,bin1,cost,107.66
p48303,bin1,cap,1000
p48303,bin2,cost,331.26
p48303,bin2,cap,2000
p48303,bin3,cost,3312.63
p48303,bin3,cap,20000
p48305,bin1,cost,107.66
p48305,bin1,cap,1000
p48305,bin2,cost,331.26
p48305,bin2,cap,2000
p48305,bin3,cost,3312.63
p48305,bin3,cap,20000
p48341,bin1,cost,107.66
p48341,bin1,cap,1000
p48341,bin2,cost,331.26
p48341,bin2,cap,2000
p48341,bin3,cost,3312.63
p48341,bin3,cap,20000
p48357,bin1,cost,107.66
p48357,bin1,cap,1000
p48357,bin2,cost,331.26
p48357,bin2,cap,2000
p48357,bin3,cost,3312.63
p48357,bin3,cap,20000
p48359,bin1,cost,107.66
p48359,bin1,cap,1000
p48359,bin2,cost,331.26
p48359,bin2,cap,2000
p48359,bin3,cost,3312.63
p48359,bin3,cap,20000
p48369,bin1,cost,107.66
p48369,bin1,cap,1000
p48369,bin2,cost,331.26
p48369,bin2,cap,2000
p48369,bin3,cost,3312.63
p48369,bin3,cap,20000
p48375,bin1,cost,107.66
p48375,bin1,cap,1000
p48375,bin2,cost,331.26
p48375,bin2,cap,2000
p48375,bin3,cost,3312.63
p48375,bin3,cap,20000
p48381,bin1,cost,107.66
p48381,bin1,cap,1000
p48381,bin2,cost,331.26
p48381,bin2,cap,2000
p48381,bin3,cost,3312.63
p48381,bin3,cap,20000
p48393,bin1,cost,107.66
p48393,bin1,cap,1000
p48393,bin2,cost,331.26
p48393,bin2,cap,2000
p48393,bin3,cost,3312.63
p48393,bin3,cap,20000
p48421,bin1,cost,107.66
p48421,bin1,cap,1000
p48421,bin2,cost,331.26
p48421,bin2,cap,2000
p48421,bin3,cost,3312.63
p48421,bin3,cap,20000
p48437,bin1,cost,107.66
p48437,bin1,cap,1000
p48437,bin2,cost,331.26
p48437,bin2,cap,2000
p48437,bin3,cost,3312.63
p48437,bin3,cap,20000
p48445,bin1,cost,107.66
p48445,bin1,cap,1000
p48445,bin2,cost,331.26
p48445,bin2,cap,2000
p48445,bin3,cost,3312.63
p48445,bin3,cap,20000
p48483,bin1,cost,107.66
p48483,bin1,cap,1000
p48483,bin2,cost,331.26
p48483,bin2,cap,2000
p48483,bin3,cost,3312.63
p48483,bin3,cap,20000
p48501,bin1,cost,107.66
p48501,bin1,cap,1000
p48501,bin2,cost,331.26
p48501,bin2,cap,2000
p48501,bin3,cost,3312.63
p48501,bin3,cap,20000
p40007,bin1,cost,107.66
p40007,bin1,cap,1000
p40007,bin2,cost,331.26
p40007,bin2,cap,2000
p40007,bin3,cost,3312.63
p40007,bin3,cap,20000
p40025,bin1,cost,107.66
p40025,bin1,cap,1000
p40025,bin2,cost,331.26
p40025,bin2,cap,2000
p40025,bin3,cost,3312.63
p40025,bin3,cap,20000
p40139,bin1,cost,107.66
p40139,bin1,cap,1000
p40139,bin2,cost,331.26
p40139,bin2,cap,2000
p40139,bin3,cost,3312.63
p40139,bin3,cap,20000
p40003,bin1,cost,107.66
p40003,bin1,cap,1000
p40003,bin2,cost,331.26
p40003,bin2,cap,2000
p40003,bin3,cost,3312.63
p40003,bin3,cap,20000
p40005,bin1,cost,107.66
p40005,bin1,cap,1000
p40005,bin2,cost,331.26
p40005,bin2,cap,2000
p40005,bin3,cost,3312.63
p40005,bin3,cap,20000
p40009,bin1,cost,107.66
p40009,bin1,cap,1000
p40009,bin2,cost,331.26
p40009,bin2,cap,2000
p40009,bin3,cost,3312.63
p40009,bin3,cap,20000
p40011,bin1,cost,107.66
p40011,bin1,cap,1000
p40011,bin2,cost,331.26
p40011,bin2,cap,2000
p40011,bin3,cost,3312.63
p40011,bin3,cap,20000
p40013,bin1,cost,107.66
p40013,bin1,cap,1000
p40013,bin2,cost,331.26
p40013,bin2,cap,2000
p40013,bin3,cost,3312.63
p40013,bin3,cap,20000
p40015,bin1,cost,107.66
p40015,bin1,cap,1000
p40015,bin2,cost,331.26
p40015,bin2,cap,2000
p40015,bin3,cost,3312.63
p40015,bin3,cap,20000
p40017,bin1,cost,107.66
p40017,bin1,cap,1000
p40017,bin2,cost,331.26
p40017,bin2,cap,2000
p40017,bin3,cost,3312.63
p40017,bin3,cap,20000
p40019,bin1,cost,107.66
p40019,bin1,cap,1000
p40019,bin2,cost,331.26
p40019,bin2,cap,2000
p40019,bin3,cost,3312.63
p40019,bin3,cap,20000
p40023,bin1,cost,107.66
p40023,bin1,cap,1000
p40023,bin2,cost,331.26
p40023,bin2,cap,2000
p40023,bin3,cost,3312.63
p40023,bin3,cap,20000
p40027,bin1,cost,107.66
p40027,bin1,cap,1000
p40027,bin2,cost,331.26
p40027,bin2,cap,2000
p40027,bin3,cost,3312.63
p40027,bin3,cap,20000
p40029,bin1,cost,107.66
p40029,bin1,cap,1000
p40029,bin2,cost,331.26
p40029,bin2,cap,2000
p40029,bin3,cost,3312.63
p40029,bin3,cap,20000
p40031,bin1,cost,107.66
p40031,bin1,cap,1000
p40031,bin2,cost,331.26
p40031,bin2,cap,2000
p40031,bin3,cost,3312.63
p40031,bin3,cap,20000
p40033,bin1,cost,107.66
p40033,bin1,cap,1000
p40033,bin2,cost,331.26
p40033,bin2,cap,2000
p40033,bin3,cost,3312.63
p40033,bin3,cap,20000
p40039,bin1,cost,107.66
p40039,bin1,cap,1000
p40039,bin2,cost,331.26
p40039,bin2,cap,2000
p40039,bin3,cost,3312.63
p40039,bin3,cap,20000
p40043,bin1,cost,107.66
p40043,bin1,cap,1000
p40043,bin2,cost,331.26
p40043,bin2,cap,2000
p40043,bin3,cost,3312.63
p40043,bin3,cap,20000
p40045,bin1,cost,107.66
p40045,bin1,cap,1000
p40045,bin2,cost,331.26
p40045,bin2,cap,2000
p40045,bin3,cost,3312.63
p40045,bin3,cap,20000
p40047,bin1,cost,107.66
p40047,bin1,cap,1000
p40047,bin2,cost,331.26
p40047,bin2,cap,2000
p40047,bin3,cost,3312.63
p40047,bin3,cap,20000
p40049,bin1,cost,107.66
p40049,bin1,cap,1000
p40049,bin2,cost,331.26
p40049,bin2,cap,2000
p40049,bin3,cost,3312.63
p40049,bin3,cap,20000
p40051,bin1,cost,107.66
p40051,bin1,cap,1000
p40051,bin2,cost,331.26
p40051,bin2,cap,2000
p40051,bin3,cost,3312.63
p40051,bin3,cap,20000
p40053,bin1,cost,107.66
p40053,bin1,cap,1000
p40053,bin2,cost,331.26
p40053,bin2,cap,2000
p40053,bin3,cost,3312.63
p40053,bin3,cap,20000
p40055,bin1,cost,107.66
p40055,bin1,cap,1000
p40055,bin2,cost,331.26
p40055,bin2,cap,2000
p40055,bin3,cost,3312.63
p40055,bin3,cap,20000
p40057,bin1,cost,107.66
p40057,bin1,cap,1000
p40057,bin2,cost,331.26
p40057,bin2,cap,2000
p40057,bin3,cost,3312.63
p40057,bin3,cap,20000
p40059,bin1,cost,107.66
p40059,bin1,cap,1000
p40059,bin2,cost,331.26
p40059,bin2,cap,2000
p40059,bin3,cost,3312.63
p40059,bin3,cap,20000
p40061,bin1,cost,107.66
p40061,bin1,cap,1000
p40061,bin2,cost,331.26
p40061,bin2,cap,2000
p40061,bin3,cost,3312.63
p40061,bin3,cap,20000
p40063,bin1,cost,107.66
p40063,bin1,cap,1000
p40063,bin2,cost,331.26
p40063,bin2,cap,2000
p40063,bin3,cost,3312.63
p40063,bin3,cap,20000
p40065,bin1,cost,107.66
p40065,bin1,cap,1000
p40065,bin2,cost,331.26
p40065,bin2,cap,2000
p40065,bin3,cost,3312.63
p40065,bin3,cap,20000
p40067,bin1,cost,107.66
p40067,bin1,cap,1000
p40067,bin2,cost,331.26
p40067,bin2,cap,2000
p40067,bin3,cost,3312.63
p40067,bin3,cap,20000
p40069,bin1,cost,107.66
p40069,bin1,cap,1000
p40069,bin2,cost,331.26
p40069,bin2,cap,2000
p40069,bin3,cost,3312.63
p40069,bin3,cap,20000
p40071,bin1,cost,107.66
p40071,bin1,cap,1000
p40071,bin2,cost,331.26
p40071,bin2,cap,2000
p40071,bin3,cost,3312.63
p40071,bin3,cap,20000
p40073,bin1,cost,107.66
p40073,bin1,cap,1000
p40073,bin2,cost,331.26
p40073,bin2,cap,2000
p40073,bin3,cost,3312.63
p40073,bin3,cap,20000
p40075,bin1,cost,107.66
p40075,bin1,cap,1000
p40075,bin2,cost,331.26
p40075,bin2,cap,2000
p40075,bin3,cost,3312.63
p40075,bin3,cap,20000
p40077,bin1,cost,107.66
p40077,bin1,cap,1000
p40077,bin2,cost,331.26
p40077,bin2,cap,2000
p40077,bin3,cost,3312.63
p40077,bin3,cap,20000
p40079,bin1,cost,107.66
p40079,bin1,cap,1000
p40079,bin2,cost,331.26
p40079,bin2,cap,2000
p40079,bin3,cost,3312.63
p40079,bin3,cap,20000
p40081,bin1,cost,107.66
p40081,bin1,cap,1000
p40081,bin2,cost,331.26
p40081,bin2,cap,2000
p40081,bin3,cost,3312.63
p40081,bin3,cap,20000
p40083,bin1,cost,107.66
p40083,bin1,cap,1000
p40083,bin2,cost,331.26
p40083,bin2,cap,2000
p40083,bin3,cost,3312.63
p40083,bin3,cap,20000
p40085,bin1,cost,107.66
p40085,bin1,cap,1000
p40085,bin2,cost,331.26
p40085,bin2,cap,2000
p40085,bin3,cost,3312.63
p40085,bin3,cap,20000
p40087,bin1,cost,107.66
p40087,bin1,cap,1000
p40087,bin2,cost,331.26
p40087,bin2,cap,2000
p40087,bin3,cost,3312.63
p40087,bin3,cap,20000
p40089,bin1,cost,107.66
p40089,bin1,cap,1000
p40089,bin2,cost,331.26
p40089,bin2,cap,2000
p40089,bin3,cost,3312.63
p40089,bin3,cap,20000
p40091,bin1,cost,107.66
p40091,bin1,cap,1000
p40091,bin2,cost,331.26
p40091,bin2,cap,2000
p40091,bin3,cost,3312.63
p40091,bin3,cap,20000
p40093,bin1,cost,107.66
p40093,bin1,cap,1000
p40093,bin2,cost,331.26
p40093,bin2,cap,2000
p40093,bin3,cost,3312.63
p40093,bin3,cap,20000
p40095,bin1,cost,107.66
p40095,bin1,cap,1000
p40095,bin2,cost,331.26
p40095,bin2,cap,2000
p40095,bin3,cost,3312.63
p40095,bin3,cap,20000
p40099,bin1,cost,107.66
p40099,bin1,cap,1000
p40099,bin2,cost,331.26
p40099,bin2,cap,2000
p40099,bin3,cost,3312.63
p40099,bin3,cap,20000
p40103,bin1,cost,107.66
p40103,bin1,cap,1000
p40103,bin2,cost,331.26
p40103,bin2,cap,2000
p40103,bin3,cost,3312.63
p40103,bin3,cap,20000
p40107,bin1,cost,107.66
p40107,bin1,cap,1000
p40107,bin2,cost,331.26
p40107,bin2,cap,2000
p40107,bin3,cost,3312.63
p40107,bin3,cap,20000
p40109,bin1,cost,107.66
p40109,bin1,cap,1000
p40109,bin2,cost,331.26
p40109,bin2,cap,2000
p40109,bin3,cost,3312.63
p40109,bin3,cap,20000
p40117,bin1,cost,107.66
p40117,bin1,cap,1000
p40117,bin2,cost,331.26
p40117,bin2,cap,2000
p40117,bin3,cost,3312.63
p40117,bin3,cap,20000
p40119,bin1,cost,107.66
p40119,bin1,cap,1000
p40119,bin2,cost,331.26
p40119,bin2,cap,2000
p40119,bin3,cost,3312.63
p40119,bin3,cap,20000
p40121,bin1,cost,107.66
p40121,bin1,cap,1000
p40121,bin2,cost,331.26
p40121,bin2,cap,2000
p40121,bin3,cost,3312.63
p40121,bin3,cap,20000
p40123,bin1,cost,107.66
p40123,bin1,cap,1000
p40123,bin2,cost,331.26
p40123,bin2,cap,2000
p40123,bin3,cost,3312.63
p40123,bin3,cap,20000
p40125,bin1,cost,107.66
p40125,bin1,cap,1000
p40125,bin2,cost,331.26
p40125,bin2,cap,2000
p40125,bin3,cost,3312.63
p40125,bin3,cap,20000
p40127,bin1,cost,107.66
p40127,bin1,cap,1000
p40127,bin2,cost,331.26
p40127,bin2,cap,2000
p40127,bin3,cost,3312.63
p40127,bin3,cap,20000
p40129,bin1,cost,107.66
p40129,bin1,cap,1000
p40129,bin2,cost,331.26
p40129,bin2,cap,2000
p40129,bin3,cost,3312.63
p40129,bin3,cap,20000
p40133,bin1,cost,107.66
p40133,bin1,cap,1000
p40133,bin2,cost,331.26
p40133,bin2,cap,2000
p40133,bin3,cost,3312.63
p40133,bin3,cap,20000
p40135,bin1,cost,107.66
p40135,bin1,cap,1000
p40135,bin2,cost,331.26
p40135,bin2,cap,2000
p40135,bin3,cost,3312.63
p40135,bin3,cap,20000
p40137,bin1,cost,107.66
p40137,bin1,cap,1000
p40137,bin2,cost,331.26
p40137,bin2,cap,2000
p40137,bin3,cost,3312.63
p40137,bin3,cap,20000
p40141,bin1,cost,107.66
p40141,bin1,cap,1000
p40141,bin2,cost,331.26
p40141,bin2,cap,2000
p40141,bin3,cost,3312.63
p40141,bin3,cap,20000
p40149,bin1,cost,107.66
p40149,bin1,cap,1000
p40149,bin2,cost,331.26
p40149,bin2,cap,2000
p40149,bin3,cost,3312.63
p40149,bin3,cap,20000
p40151,bin1,cost,107.66
p40151,bin1,cap,1000
p40151,bin2,cost,331.26
p40151,bin2,cap,2000
p40151,bin3,cost,3312.63
p40151,bin3,cap,20000
p40153,bin1,cost,107.66
p40153,bin1,cap,1000
p40153,bin2,cost,331.26
p40153,bin2,cap,2000
p40153,bin3,cost,3312.63
p40153,bin3,cap,20000
p40001,bin1,cost,107.66
p40001,bin1,cap,1000
p40001,bin2,cost,331.26
p40001,bin2,cap,2000
p40001,bin3,cost,3312.63
p40001,bin3,cap,20000
p40021,bin1,cost,107.66
p40021,bin1,cap,1000
p40021,bin2,cost,331.26
p40021,bin2,cap,2000
p40021,bin3,cost,3312.63
p40021,bin3,cap,20000
p40035,bin1,cost,107.66
p40035,bin1,cap,1000
p40035,bin2,cost,331.26
p40035,bin2,cap,2000
p40035,bin3,cost,3312.63
p40035,bin3,cap,20000
p40037,bin1,cost,107.66
p40037,bin1,cap,1000
p40037,bin2,cost,331.26
p40037,bin2,cap,2000
p40037,bin3,cost,3312.63
p40037,bin3,cap,20000
p40041,bin1,cost,107.66
p40041,bin1,cap,1000
p40041,bin2,cost,331.26
p40041,bin2,cap,2000
p40041,bin3,cost,3312.63
p40041,bin3,cap,20000
p40097,bin1,cost,107.66
p40097,bin1,cap,1000
p40097,bin2,cost,331.26
p40097,bin2,cap,2000
p40097,bin3,cost,3312.63
p40097,bin3,cap,20000
p40101,bin1,cost,107.66
p40101,bin1,cap,1000
p40101,bin2,cost,331.26
p40101,bin2,cap,2000
p40101,bin3,cost,3312.63
p40101,bin3,cap,20000
p40105,bin1,cost,107.66
p40105,bin1,cap,1000
p40105,bin2,cost,331.26
p40105,bin2,cap,2000
p40105,bin3,cost,3312.63
p40105,bin3,cap,20000
p40111,bin1,cost,107.66
p40111,bin1,cap,1000
p40111,bin2,cost,331.26
p40111,bin2,cap,2000
p40111,bin3,cost,3312.63
p40111,bin3,cap,20000
p40113,bin1,cost,107.66
p40113,bin1,cap,1000
p40113,bin2,cost,331.26
p40113,bin2,cap,2000
p40113,bin3,cost,3312.63
p40113,bin3,cap,20000
p40115,bin1,cost,107.66
p40115,bin1,cap,1000
p40115,bin2,cost,331.26
p40115,bin2,cap,2000
p40115,bin3,cost,3312.63
p40115,bin3,cap,20000
p40131,bin1,cost,107.66
p40131,bin1,cap,1000
p40131,bin2,cost,331.26
p40131,bin2,cap,2000
p40131,bin3,cost,3312.63
p40131,bin3,cap,20000
p40143,bin1,cost,107.66
p40143,bin1,cap,1000
p40143,bin2,cost,331.26
p40143,bin2,cap,2000
p40143,bin3,cost,3312.63
p40143,bin3,cap,20000
p40145,bin1,cost,107.66
p40145,bin1,cap,1000
p40145,bin2,cost,331.26
p40145,bin2,cap,2000
p40145,bin3,cost,3312.63
p40145,bin3,cap,20000
p40147,bin1,cost,107.66
p40147,bin1,cap,1000
p40147,bin2,cost,331.26
p40147,bin2,cap,2000
p40147,bin3,cost,3312.63
p40147,bin3,cap,20000
p20023,bin1,cost,107.66
p20023,bin1,cap,1000
p20023,bin2,cost,331.26
p20023,bin2,cap,2000
p20023,bin3,cost,3312.63
p20023,bin3,cap,20000
p20039,bin1,cost,107.66
p20039,bin1,cap,1000
p20039,bin2,cost,331.26
p20039,bin2,cap,2000
p20039,bin3,cost,3312.63
p20039,bin3,cap,20000
p20055,bin1,cost,107.66
p20055,bin1,cap,1000
p20055,bin2,cost,331.26
p20055,bin2,cap,2000
p20055,bin3,cost,3312.63
p20055,bin3,cap,20000
p20063,bin1,cost,107.66
p20063,bin1,cap,1000
p20063,bin2,cost,331.26
p20063,bin2,cap,2000
p20063,bin3,cost,3312.63
p20063,bin3,cap,20000
p20065,bin1,cost,107.66
p20065,bin1,cap,1000
p20065,bin2,cost,331.26
p20065,bin2,cap,2000
p20065,bin3,cost,3312.63
p20065,bin3,cap,20000
p20067,bin1,cost,107.66
p20067,bin1,cap,1000
p20067,bin2,cost,331.26
p20067,bin2,cap,2000
p20067,bin3,cost,3312.63
p20067,bin3,cap,20000
p20071,bin1,cost,107.66
p20071,bin1,cap,1000
p20071,bin2,cost,331.26
p20071,bin2,cap,2000
p20071,bin3,cost,3312.63
p20071,bin3,cap,20000
p20075,bin1,cost,107.66
p20075,bin1,cap,1000
p20075,bin2,cost,331.26
p20075,bin2,cap,2000
p20075,bin3,cost,3312.63
p20075,bin3,cap,20000
p20093,bin1,cost,107.66
p20093,bin1,cap,1000
p20093,bin2,cost,331.26
p20093,bin2,cap,2000
p20093,bin3,cost,3312.63
p20093,bin3,cap,20000
p20101,bin1,cost,107.66
p20101,bin1,cap,1000
p20101,bin2,cost,331.26
p20101,bin2,cap,2000
p20101,bin3,cost,3312.63
p20101,bin3,cap,20000
p20109,bin1,cost,107.66
p20109,bin1,cap,1000
p20109,bin2,cost,331.26
p20109,bin2,cap,2000
p20109,bin3,cost,3312.63
p20109,bin3,cap,20000
p20129,bin1,cost,107.66
p20129,bin1,cap,1000
p20129,bin2,cost,331.26
p20129,bin2,cap,2000
p20129,bin3,cost,3312.63
p20129,bin3,cap,20000
p20137,bin1,cost,107.66
p20137,bin1,cap,1000
p20137,bin2,cost,331.26
p20137,bin2,cap,2000
p20137,bin3,cost,3312.63
p20137,bin3,cap,20000
p20153,bin1,cost,107.66
p20153,bin1,cap,1000
p20153,bin2,cost,331.26
p20153,bin2,cap,2000
p20153,bin3,cost,3312.63
p20153,bin3,cap,20000
p20171,bin1,cost,107.66
p20171,bin1,cap,1000
p20171,bin2,cost,331.26
p20171,bin2,cap,2000
p20171,bin3,cost,3312.63
p20171,bin3,cap,20000
p20179,bin1,cost,107.66
p20179,bin1,cap,1000
p20179,bin2,cost,331.26
p20179,bin2,cap,2000
p20179,bin3,cost,3312.63
p20179,bin3,cap,20000
p20181,bin1,cost,107.66
p20181,bin1,cap,1000
p20181,bin2,cost,331.26
p20181,bin2,cap,2000
p20181,bin3,cost,3312.63
p20181,bin3,cap,20000
p20187,bin1,cost,107.66
p20187,bin1,cap,1000
p20187,bin2,cost,331.26
p20187,bin2,cap,2000
p20187,bin3,cost,3312.63
p20187,bin3,cap,20000
p20189,bin1,cost,107.66
p20189,bin1,cap,1000
p20189,bin2,cost,331.26
p20189,bin2,cap,2000
p20189,bin3,cost,3312.63
p20189,bin3,cap,20000
p20193,bin1,cost,107.66
p20193,bin1,cap,1000
p20193,bin2,cost,331.26
p20193,bin2,cap,2000
p20193,bin3,cost,3312.63
p20193,bin3,cap,20000
p20195,bin1,cost,107.66
p20195,bin1,cap,1000
p20195,bin2,cost,331.26
p20195,bin2,cap,2000
p20195,bin3,cost,3312.63
p20195,bin3,cap,20000
p20199,bin1,cost,107.66
p20199,bin1,cap,1000
p20199,bin2,cost,331.26
p20199,bin2,cap,2000
p20199,bin3,cost,3312.63
p20199,bin3,cap,20000
p20203,bin1,cost,107.66
p20203,bin1,cap,1000
p20203,bin2,cost,331.26
p20203,bin2,cap,2000
p20203,bin3,cost,3312.63
p20203,bin3,cap,20000
p20001,bin1,cost,107.66
p20001,bin1,cap,1000
p20001,bin2,cost,331.26
p20001,bin2,cap,2000
p20001,bin3,cost,3312.63
p20001,bin3,cap,20000
p20003,bin1,cost,107.66
p20003,bin1,cap,1000
p20003,bin2,cost,331.26
p20003,bin2,cap,2000
p20003,bin3,cost,3312.63
p20003,bin3,cap,20000
p20005,bin1,cost,107.66
p20005,bin1,cap,1000
p20005,bin2,cost,331.26
p20005,bin2,cap,2000
p20005,bin3,cost,3312.63
p20005,bin3,cap,20000
p20007,bin1,cost,107.66
p20007,bin1,cap,1000
p20007,bin2,cost,331.26
p20007,bin2,cap,2000
p20007,bin3,cost,3312.63
p20007,bin3,cap,20000
p20009,bin1,cost,107.66
p20009,bin1,cap,1000
p20009,bin2,cost,331.26
p20009,bin2,cap,2000
p20009,bin3,cost,3312.63
p20009,bin3,cap,20000
p20011,bin1,cost,107.66
p20011,bin1,cap,1000
p20011,bin2,cost,331.26
p20011,bin2,cap,2000
p20011,bin3,cost,3312.63
p20011,bin3,cap,20000
p20013,bin1,cost,107.66
p20013,bin1,cap,1000
p20013,bin2,cost,331.26
p20013,bin2,cap,2000
p20013,bin3,cost,3312.63
p20013,bin3,cap,20000
p20015,bin1,cost,107.66
p20015,bin1,cap,1000
p20015,bin2,cost,331.26
p20015,bin2,cap,2000
p20015,bin3,cost,3312.63
p20015,bin3,cap,20000
p20017,bin1,cost,107.66
p20017,bin1,cap,1000
p20017,bin2,cost,331.26
p20017,bin2,cap,2000
p20017,bin3,cost,3312.63
p20017,bin3,cap,20000
p20019,bin1,cost,107.66
p20019,bin1,cap,1000
p20019,bin2,cost,331.26
p20019,bin2,cap,2000
p20019,bin3,cost,3312.63
p20019,bin3,cap,20000
p20021,bin1,cost,107.66
p20021,bin1,cap,1000
p20021,bin2,cost,331.26
p20021,bin2,cap,2000
p20021,bin3,cost,3312.63
p20021,bin3,cap,20000
p20025,bin1,cost,107.66
p20025,bin1,cap,1000
p20025,bin2,cost,331.26
p20025,bin2,cap,2000
p20025,bin3,cost,3312.63
p20025,bin3,cap,20000
p20027,bin1,cost,107.66
p20027,bin1,cap,1000
p20027,bin2,cost,331.26
p20027,bin2,cap,2000
p20027,bin3,cost,3312.63
p20027,bin3,cap,20000
p20029,bin1,cost,107.66
p20029,bin1,cap,1000
p20029,bin2,cost,331.26
p20029,bin2,cap,2000
p20029,bin3,cost,3312.63
p20029,bin3,cap,20000
p20031,bin1,cost,107.66
p20031,bin1,cap,1000
p20031,bin2,cost,331.26
p20031,bin2,cap,2000
p20031,bin3,cost,3312.63
p20031,bin3,cap,20000
p20033,bin1,cost,107.66
p20033,bin1,cap,1000
p20033,bin2,cost,331.26
p20033,bin2,cap,2000
p20033,bin3,cost,3312.63
p20033,bin3,cap,20000
p20035,bin1,cost,107.66
p20035,bin1,cap,1000
p20035,bin2,cost,331.26
p20035,bin2,cap,2000
p20035,bin3,cost,3312.63
p20035,bin3,cap,20000
p20037,bin1,cost,107.66
p20037,bin1,cap,1000
p20037,bin2,cost,331.26
p20037,bin2,cap,2000
p20037,bin3,cost,3312.63
p20037,bin3,cap,20000
p20041,bin1,cost,107.66
p20041,bin1,cap,1000
p20041,bin2,cost,331.26
p20041,bin2,cap,2000
p20041,bin3,cost,3312.63
p20041,bin3,cap,20000
p20043,bin1,cost,107.66
p20043,bin1,cap,1000
p20043,bin2,cost,331.26
p20043,bin2,cap,2000
p20043,bin3,cost,3312.63
p20043,bin3,cap,20000
p20045,bin1,cost,107.66
p20045,bin1,cap,1000
p20045,bin2,cost,331.26
p20045,bin2,cap,2000
p20045,bin3,cost,3312.63
p20045,bin3,cap,20000
p20047,bin1,cost,107.66
p20047,bin1,cap,1000
p20047,bin2,cost,331.26
p20047,bin2,cap,2000
p20047,bin3,cost,3312.63
p20047,bin3,cap,20000
p20049,bin1,cost,107.66
p20049,bin1,cap,1000
p20049,bin2,cost,331.26
p20049,bin2,cap,2000
p20049,bin3,cost,3312.63
p20049,bin3,cap,20000
p20051,bin1,cost,107.66
p20051,bin1,cap,1000
p20051,bin2,cost,331.26
p20051,bin2,cap,2000
p20051,bin3,cost,3312.63
p20051,bin3,cap,20000
p20053,bin1,cost,107.66
p20053,bin1,cap,1000
p20053,bin2,cost,331.26
p20053,bin2,cap,2000
p20053,bin3,cost,3312.63
p20053,bin3,cap,20000
p20057,bin1,cost,107.66
p20057,bin1,cap,1000
p20057,bin2,cost,331.26
p20057,bin2,cap,2000
p20057,bin3,cost,3312.63
p20057,bin3,cap,20000
p20059,bin1,cost,107.66
p20059,bin1,cap,1000
p20059,bin2,cost,331.26
p20059,bin2,cap,2000
p20059,bin3,cost,3312.63
p20059,bin3,cap,20000
p20061,bin1,cost,107.66
p20061,bin1,cap,1000
p20061,bin2,cost,331.26
p20061,bin2,cap,2000
p20061,bin3,cost,3312.63
p20061,bin3,cap,20000
p20069,bin1,cost,107.66
p20069,bin1,cap,1000
p20069,bin2,cost,331.26
p20069,bin2,cap,2000
p20069,bin3,cost,3312.63
p20069,bin3,cap,20000
p20073,bin1,cost,107.66
p20073,bin1,cap,1000
p20073,bin2,cost,331.26
p20073,bin2,cap,2000
p20073,bin3,cost,3312.63
p20073,bin3,cap,20000
p20077,bin1,cost,107.66
p20077,bin1,cap,1000
p20077,bin2,cost,331.26
p20077,bin2,cap,2000
p20077,bin3,cost,3312.63
p20077,bin3,cap,20000
p20079,bin1,cost,107.66
p20079,bin1,cap,1000
p20079,bin2,cost,331.26
p20079,bin2,cap,2000
p20079,bin3,cost,3312.63
p20079,bin3,cap,20000
p20081,bin1,cost,107.66
p20081,bin1,cap,1000
p20081,bin2,cost,331.26
p20081,bin2,cap,2000
p20081,bin3,cost,3312.63
p20081,bin3,cap,20000
p20083,bin1,cost,107.66
p20083,bin1,cap,1000
p20083,bin2,cost,331.26
p20083,bin2,cap,2000
p20083,bin3,cost,3312.63
p20083,bin3,cap,20000
p20085,bin1,cost,107.66
p20085,bin1,cap,1000
p20085,bin2,cost,331.26
p20085,bin2,cap,2000
p20085,bin3,cost,3312.63
p20085,bin3,cap,20000
p20087,bin1,cost,107.66
p20087,bin1,cap,1000
p20087,bin2,cost,331.26
p20087,bin2,cap,2000
p20087,bin3,cost,3312.63
p20087,bin3,cap,20000
p20089,bin1,cost,107.66
p20089,bin1,cap,1000
p20089,bin2,cost,331.26
p20089,bin2,cap,2000
p20089,bin3,cost,3312.63
p20089,bin3,cap,20000
p20091,bin1,cost,107.66
p20091,bin1,cap,1000
p20091,bin2,cost,331.26
p20091,bin2,cap,2000
p20091,bin3,cost,3312.63
p20091,bin3,cap,20000
p20095,bin1,cost,107.66
p20095,bin1,cap,1000
p20095,bin2,cost,331.26
p20095,bin2,cap,2000
p20095,bin3,cost,3312.63
p20095,bin3,cap,20000
p20097,bin1,cost,107.66
p20097,bin1,cap,1000
p20097,bin2,cost,331.26
p20097,bin2,cap,2000
p20097,bin3,cost,3312.63
p20097,bin3,cap,20000
p20099,bin1,cost,107.66
p20099,bin1,cap,1000
p20099,bin2,cost,331.26
p20099,bin2,cap,2000
p20099,bin3,cost,3312.63
p20099,bin3,cap,20000
p20103,bin1,cost,107.66
p20103,bin1,cap,1000
p20103,bin2,cost,331.26
p20103,bin2,cap,2000
p20103,bin3,cost,3312.63
p20103,bin3,cap,20000
p20105,bin1,cost,107.66
p20105,bin1,cap,1000
p20105,bin2,cost,331.26
p20105,bin2,cap,2000
p20105,bin3,cost,3312.63
p20105,bin3,cap,20000
p20107,bin1,cost,107.66
p20107,bin1,cap,1000
p20107,bin2,cost,331.26
p20107,bin2,cap,2000
p20107,bin3,cost,3312.63
p20107,bin3,cap,20000
p20111,bin1,cost,107.66
p20111,bin1,cap,1000
p20111,bin2,cost,331.26
p20111,bin2,cap,2000
p20111,bin3,cost,3312.63
p20111,bin3,cap,20000
p20113,bin1,cost,107.66
p20113,bin1,cap,1000
p20113,bin2,cost,331.26
p20113,bin2,cap,2000
p20113,bin3,cost,3312.63
p20113,bin3,cap,20000
p20115,bin1,cost,107.66
p20115,bin1,cap,1000
p20115,bin2,cost,331.26
p20115,bin2,cap,2000
p20115,bin3,cost,3312.63
p20115,bin3,cap,20000
p20117,bin1,cost,107.66
p20117,bin1,cap,1000
p20117,bin2,cost,331.26
p20117,bin2,cap,2000
p20117,bin3,cost,3312.63
p20117,bin3,cap,20000
p20119,bin1,cost,107.66
p20119,bin1,cap,1000
p20119,bin2,cost,331.26
p20119,bin2,cap,2000
p20119,bin3,cost,3312.63
p20119,bin3,cap,20000
p20121,bin1,cost,107.66
p20121,bin1,cap,1000
p20121,bin2,cost,331.26
p20121,bin2,cap,2000
p20121,bin3,cost,3312.63
p20121,bin3,cap,20000
p20123,bin1,cost,107.66
p20123,bin1,cap,1000
p20123,bin2,cost,331.26
p20123,bin2,cap,2000
p20123,bin3,cost,3312.63
p20123,bin3,cap,20000
p20125,bin1,cost,107.66
p20125,bin1,cap,1000
p20125,bin2,cost,331.26
p20125,bin2,cap,2000
p20125,bin3,cost,3312.63
p20125,bin3,cap,20000
p20127,bin1,cost,107.66
p20127,bin1,cap,1000
p20127,bin2,cost,331.26
p20127,bin2,cap,2000
p20127,bin3,cost,3312.63
p20127,bin3,cap,20000
p20131,bin1,cost,107.66
p20131,bin1,cap,1000
p20131,bin2,cost,331.26
p20131,bin2,cap,2000
p20131,bin3,cost,3312.63
p20131,bin3,cap,20000
p20133,bin1,cost,107.66
p20133,bin1,cap,1000
p20133,bin2,cost,331.26
p20133,bin2,cap,2000
p20133,bin3,cost,3312.63
p20133,bin3,cap,20000
p20135,bin1,cost,107.66
p20135,bin1,cap,1000
p20135,bin2,cost,331.26
p20135,bin2,cap,2000
p20135,bin3,cost,3312.63
p20135,bin3,cap,20000
p20139,bin1,cost,107.66
p20139,bin1,cap,1000
p20139,bin2,cost,331.26
p20139,bin2,cap,2000
p20139,bin3,cost,3312.63
p20139,bin3,cap,20000
p20141,bin1,cost,107.66
p20141,bin1,cap,1000
p20141,bin2,cost,331.26
p20141,bin2,cap,2000
p20141,bin3,cost,3312.63
p20141,bin3,cap,20000
p20143,bin1,cost,107.66
p20143,bin1,cap,1000
p20143,bin2,cost,331.26
p20143,bin2,cap,2000
p20143,bin3,cost,3312.63
p20143,bin3,cap,20000
p20145,bin1,cost,107.66
p20145,bin1,cap,1000
p20145,bin2,cost,331.26
p20145,bin2,cap,2000
p20145,bin3,cost,3312.63
p20145,bin3,cap,20000
p20147,bin1,cost,107.66
p20147,bin1,cap,1000
p20147,bin2,cost,331.26
p20147,bin2,cap,2000
p20147,bin3,cost,3312.63
p20147,bin3,cap,20000
p20149,bin1,cost,107.66
p20149,bin1,cap,1000
p20149,bin2,cost,331.26
p20149,bin2,cap,2000
p20149,bin3,cost,3312.63
p20149,bin3,cap,20000
p20151,bin1,cost,107.66
p20151,bin1,cap,1000
p20151,bin2,cost,331.26
p20151,bin2,cap,2000
p20151,bin3,cost,3312.63
p20151,bin3,cap,20000
p20155,bin1,cost,107.66
p20155,bin1,cap,1000
p20155,bin2,cost,331.26
p20155,bin2,cap,2000
p20155,bin3,cost,3312.63
p20155,bin3,cap,20000
p20157,bin1,cost,107.66
p20157,bin1,cap,1000
p20157,bin2,cost,331.26
p20157,bin2,cap,2000
p20157,bin3,cost,3312.63
p20157,bin3,cap,20000
p20159,bin1,cost,107.66
p20159,bin1,cap,1000
p20159,bin2,cost,331.26
p20159,bin2,cap,2000
p20159,bin3,cost,3312.63
p20159,bin3,cap,20000
p20161,bin1,cost,107.66
p20161,bin1,cap,1000
p20161,bin2,cost,331.26
p20161,bin2,cap,2000
p20161,bin3,cost,3312.63
p20161,bin3,cap,20000
p20163,bin1,cost,107.66
p20163,bin1,cap,1000
p20163,bin2,cost,331.26
p20163,bin2,cap,2000
p20163,bin3,cost,3312.63
p20163,bin3,cap,20000
p20165,bin1,cost,107.66
p20165,bin1,cap,1000
p20165,bin2,cost,331.26
p20165,bin2,cap,2000
p20165,bin3,cost,3312.63
p20165,bin3,cap,20000
p20167,bin1,cost,107.66
p20167,bin1,cap,1000
p20167,bin2,cost,331.26
p20167,bin2,cap,2000
p20167,bin3,cost,3312.63
p20167,bin3,cap,20000
p20169,bin1,cost,107.66
p20169,bin1,cap,1000
p20169,bin2,cost,331.26
p20169,bin2,cap,2000
p20169,bin3,cost,3312.63
p20169,bin3,cap,20000
p20173,bin1,cost,107.66
p20173,bin1,cap,1000
p20173,bin2,cost,331.26
p20173,bin2,cap,2000
p20173,bin3,cost,3312.63
p20173,bin3,cap,20000
p20175,bin1,cost,107.66
p20175,bin1,cap,1000
p20175,bin2,cost,331.26
p20175,bin2,cap,2000
p20175,bin3,cost,3312.63
p20175,bin3,cap,20000
p20177,bin1,cost,107.66
p20177,bin1,cap,1000
p20177,bin2,cost,331.26
p20177,bin2,cap,2000
p20177,bin3,cost,3312.63
p20177,bin3,cap,20000
p20183,bin1,cost,107.66
p20183,bin1,cap,1000
p20183,bin2,cost,331.26
p20183,bin2,cap,2000
p20183,bin3,cost,3312.63
p20183,bin3,cap,20000
p20185,bin1,cost,107.66
p20185,bin1,cap,1000
p20185,bin2,cost,331.26
p20185,bin2,cap,2000
p20185,bin3,cost,3312.63
p20185,bin3,cap,20000
p20191,bin1,cost,107.66
p20191,bin1,cap,1000
p20191,bin2,cost,331.26
p20191,bin2,cap,2000
p20191,bin3,cost,3312.63
p20191,bin3,cap,20000
p20197,bin1,cost,107.66
p20197,bin1,cap,1000
p20197,bin2,cost,331.26
p20197,bin2,cap,2000
p20197,bin3,cost,3312.63
p20197,bin3,cap,20000
p20201,bin1,cost,107.66
p20201,bin1,cap,1000
p20201,bin2,cost,331.26
p20201,bin2,cap,2000
p20201,bin3,cost,3312.63
p20201,bin3,cap,20000
p20205,bin1,cost,107.66
p20205,bin1,cap,1000
p20205,bin2,cost,331.26
p20205,bin2,cap,2000
p20205,bin3,cost,3312.63
p20205,bin3,cap,20000
p20207,bin1,cost,107.66
p20207,bin1,cap,1000
p20207,bin2,cost,331.26
p20207,bin2,cap,2000
p20207,bin3,cost,3312.63
p20207,bin3,cap,20000
p20209,bin1,cost,107.66
p20209,bin1,cap,1000
p20209,bin2,cost,331.26
p20209,bin2,cap,2000
p20209,bin3,cost,3312.63
p20209,bin3,cap,20000
p29003,bin1,cost,107.66
p29003,bin1,cap,1000
p29003,bin2,cost,331.26
p29003,bin2,cap,2000
p29003,bin3,cost,3312.63
p29003,bin3,cap,20000
p29005,bin1,cost,107.66
p29005,bin1,cap,1000
p29005,bin2,cost,331.26
p29005,bin2,cap,2000
p29005,bin3,cost,3312.63
p29005,bin3,cap,20000
p29021,bin1,cost,107.66
p29021,bin1,cap,1000
p29021,bin2,cost,331.26
p29021,bin2,cap,2000
p29021,bin3,cost,3312.63
p29021,bin3,cap,20000
p29025,bin1,cost,107.66
p29025,bin1,cap,1000
p29025,bin2,cost,331.26
p29025,bin2,cap,2000
p29025,bin3,cost,3312.63
p29025,bin3,cap,20000
p29033,bin1,cost,107.66
p29033,bin1,cap,1000
p29033,bin2,cost,331.26
p29033,bin2,cap,2000
p29033,bin3,cost,3312.63
p29033,bin3,cap,20000
p29037,bin1,cost,107.66
p29037,bin1,cap,1000
p29037,bin2,cost,331.26
p29037,bin2,cap,2000
p29037,bin3,cost,3312.63
p29037,bin3,cap,20000
p29041,bin1,cost,107.66
p29041,bin1,cap,1000
p29041,bin2,cost,331.26
p29041,bin2,cap,2000
p29041,bin3,cost,3312.63
p29041,bin3,cap,20000
p29047,bin1,cost,107.66
p29047,bin1,cap,1000
p29047,bin2,cost,331.26
p29047,bin2,cap,2000
p29047,bin3,cost,3312.63
p29047,bin3,cap,20000
p29049,bin1,cost,107.66
p29049,bin1,cap,1000
p29049,bin2,cost,331.26
p29049,bin2,cap,2000
p29049,bin3,cost,3312.63
p29049,bin3,cap,20000
p29061,bin1,cost,107.66
p29061,bin1,cap,1000
p29061,bin2,cost,331.26
p29061,bin2,cap,2000
p29061,bin3,cost,3312.63
p29061,bin3,cap,20000
p29063,bin1,cost,107.66
p29063,bin1,cap,1000
p29063,bin2,cost,331.26
p29063,bin2,cap,2000
p29063,bin3,cost,3312.63
p29063,bin3,cap,20000
p29075,bin1,cost,107.66
p29075,bin1,cap,1000
p29075,bin2,cost,331.26
p29075,bin2,cap,2000
p29075,bin3,cost,3312.63
p29075,bin3,cap,20000
p29079,bin1,cost,107.66
p29079,bin1,cap,1000
p29079,bin2,cost,331.26
p29079,bin2,cap,2000
p29079,bin3,cost,3312.63
p29079,bin3,cap,20000
p29081,bin1,cost,107.66
p29081,bin1,cap,1000
p29081,bin2,cost,331.26
p29081,bin2,cap,2000
p29081,bin3,cost,3312.63
p29081,bin3,cap,20000
p29087,bin1,cost,107.66
p29087,bin1,cap,1000
p29087,bin2,cost,331.26
p29087,bin2,cap,2000
p29087,bin3,cost,3312.63
p29087,bin3,cap,20000
p29095,bin1,cost,107.66
p29095,bin1,cap,1000
p29095,bin2,cost,331.26
p29095,bin2,cap,2000
p29095,bin3,cost,3312.63
p29095,bin3,cap,20000
p29101,bin1,cost,107.66
p29101,bin1,cap,1000
p29101,bin2,cost,331.26
p29101,bin2,cap,2000
p29101,bin3,cost,3312.63
p29101,bin3,cap,20000
p29107,bin1,cost,107.66
p29107,bin1,cap,1000
p29107,bin2,cost,331.26
p29107,bin2,cap,2000
p29107,bin3,cost,3312.63
p29107,bin3,cap,20000
p29115,bin1,cost,107.66
p29115,bin1,cap,1000
p29115,bin2,cost,331.26
p29115,bin2,cap,2000
p29115,bin3,cost,3312.63
p29115,bin3,cap,20000
p29117,bin1,cost,107.66
p29117,bin1,cap,1000
p29117,bin2,cost,331.26
p29117,bin2,cap,2000
p29117,bin3,cost,3312.63
p29117,bin3,cap,20000
p29129,bin1,cost,107.66
p29129,bin1,cap,1000
p29129,bin2,cost,331.26
p29129,bin2,cap,2000
p29129,bin3,cost,3312.63
p29129,bin3,cap,20000
p29147,bin1,cost,107.66
p29147,bin1,cap,1000
p29147,bin2,cost,331.26
p29147,bin2,cap,2000
p29147,bin3,cost,3312.63
p29147,bin3,cap,20000
p29159,bin1,cost,107.66
p29159,bin1,cap,1000
p29159,bin2,cost,331.26
p29159,bin2,cap,2000
p29159,bin3,cost,3312.63
p29159,bin3,cap,20000
p29165,bin1,cost,107.66
p29165,bin1,cap,1000
p29165,bin2,cost,331.26
p29165,bin2,cap,2000
p29165,bin3,cost,3312.63
p29165,bin3,cap,20000
p29171,bin1,cost,107.66
p29171,bin1,cap,1000
p29171,bin2,cost,331.26
p29171,bin2,cap,2000
p29171,bin3,cost,3312.63
p29171,bin3,cap,20000
p29177,bin1,cost,107.66
p29177,bin1,cap,1000
p29177,bin2,cost,331.26
p29177,bin2,cap,2000
p29177,bin3,cost,3312.63
p29177,bin3,cap,20000
p29195,bin1,cost,107.66
p29195,bin1,cap,1000
p29195,bin2,cost,331.26
p29195,bin2,cap,2000
p29195,bin3,cost,3312.63
p29195,bin3,cap,20000
p29211,bin1,cost,107.66
p29211,bin1,cap,1000
p29211,bin2,cost,331.26
p29211,bin2,cap,2000
p29211,bin3,cost,3312.63
p29211,bin3,cap,20000
p29227,bin1,cost,107.66
p29227,bin1,cap,1000
p29227,bin2,cost,331.26
p29227,bin2,cap,2000
p29227,bin3,cost,3312.63
p29227,bin3,cap,20000
p29009,bin1,cost,107.66
p29009,bin1,cap,1000
p29009,bin2,cost,331.26
p29009,bin2,cap,2000
p29009,bin3,cost,3312.63
p29009,bin3,cap,20000
p29011,bin1,cost,107.66
p29011,bin1,cap,1000
p29011,bin2,cost,331.26
p29011,bin2,cap,2000
p29011,bin3,cost,3312.63
p29011,bin3,cap,20000
p29013,bin1,cost,107.66
p29013,bin1,cap,1000
p29013,bin2,cost,331.26
p29013,bin2,cap,2000
p29013,bin3,cost,3312.63
p29013,bin3,cap,20000
p29015,bin1,cost,107.66
p29015,bin1,cap,1000
p29015,bin2,cost,331.26
p29015,bin2,cap,2000
p29015,bin3,cost,3312.63
p29015,bin3,cap,20000
p29039,bin1,cost,107.66
p29039,bin1,cap,1000
p29039,bin2,cost,331.26
p29039,bin2,cap,2000
p29039,bin3,cost,3312.63
p29039,bin3,cap,20000
p29043,bin1,cost,107.66
p29043,bin1,cap,1000
p29043,bin2,cost,331.26
p29043,bin2,cap,2000
p29043,bin3,cost,3312.63
p29043,bin3,cap,20000
p29057,bin1,cost,107.66
p29057,bin1,cap,1000
p29057,bin2,cost,331.26
p29057,bin2,cap,2000
p29057,bin3,cost,3312.63
p29057,bin3,cap,20000
p29067,bin1,cost,107.66
p29067,bin1,cap,1000
p29067,bin2,cost,331.26
p29067,bin2,cap,2000
p29067,bin3,cost,3312.63
p29067,bin3,cap,20000
p29077,bin1,cost,107.66
p29077,bin1,cap,1000
p29077,bin2,cost,331.26
p29077,bin2,cap,2000
p29077,bin3,cost,3312.63
p29077,bin3,cap,20000
p29083,bin1,cost,107.66
p29083,bin1,cap,1000
p29083,bin2,cost,331.26
p29083,bin2,cap,2000
p29083,bin3,cost,3312.63
p29083,bin3,cap,20000
p29085,bin1,cost,107.66
p29085,bin1,cap,1000
p29085,bin2,cost,331.26
p29085,bin2,cap,2000
p29085,bin3,cost,3312.63
p29085,bin3,cap,20000
p29097,bin1,cost,107.66
p29097,bin1,cap,1000
p29097,bin2,cost,331.26
p29097,bin2,cap,2000
p29097,bin3,cost,3312.63
p29097,bin3,cap,20000
p29109,bin1,cost,107.66
p29109,bin1,cap,1000
p29109,bin2,cost,331.26
p29109,bin2,cap,2000
p29109,bin3,cost,3312.63
p29109,bin3,cap,20000
p29119,bin1,cost,107.66
p29119,bin1,cap,1000
p29119,bin2,cost,331.26
p29119,bin2,cap,2000
p29119,bin3,cost,3312.63
p29119,bin3,cap,20000
p29145,bin1,cost,107.66
p29145,bin1,cap,1000
p29145,bin2,cost,331.26
p29145,bin2,cap,2000
p29145,bin3,cost,3312.63
p29145,bin3,cap,20000
p29153,bin1,cost,107.66
p29153,bin1,cap,1000
p29153,bin2,cost,331.26
p29153,bin2,cap,2000
p29153,bin3,cost,3312.63
p29153,bin3,cap,20000
p29167,bin1,cost,107.66
p29167,bin1,cap,1000
p29167,bin2,cost,331.26
p29167,bin2,cap,2000
p29167,bin3,cost,3312.63
p29167,bin3,cap,20000
p29185,bin1,cost,107.66
p29185,bin1,cap,1000
p29185,bin2,cost,331.26
p29185,bin2,cap,2000
p29185,bin3,cost,3312.63
p29185,bin3,cap,20000
p29209,bin1,cost,107.66
p29209,bin1,cap,1000
p29209,bin2,cost,331.26
p29209,bin2,cap,2000
p29209,bin3,cost,3312.63
p29209,bin3,cap,20000
p29213,bin1,cost,107.66
p29213,bin1,cap,1000
p29213,bin2,cost,331.26
p29213,bin2,cap,2000
p29213,bin3,cost,3312.63
p29213,bin3,cap,20000
p29217,bin1,cost,107.66
p29217,bin1,cap,1000
p29217,bin2,cost,331.26
p29217,bin2,cap,2000
p29217,bin3,cost,3312.63
p29217,bin3,cap,20000
p29225,bin1,cost,107.66
p29225,bin1,cap,1000
p29225,bin2,cost,331.26
p29225,bin2,cap,2000
p29225,bin3,cost,3312.63
p29225,bin3,cap,20000
p05007,bin1,cost,107.66
p05007,bin1,cap,1000
p05007,bin2,cost,331.26
p05007,bin2,cap,2000
p05007,bin3,cost,3312.63
p05007,bin3,cap,20000
p05009,bin1,cost,107.66
p05009,bin1,cap,1000
p05009,bin2,cost,331.26
p05009,bin2,cap,2000
p05009,bin3,cost,3312.63
p05009,bin3,cap,20000
p05015,bin1,cost,107.66
p05015,bin1,cap,1000
p05015,bin2,cost,331.26
p05015,bin2,cap,2000
p05015,bin3,cost,3312.63
p05015,bin3,cap,20000
p05023,bin1,cost,107.66
p05023,bin1,cap,1000
p05023,bin2,cost,331.26
p05023,bin2,cap,2000
p05023,bin3,cost,3312.63
p05023,bin3,cap,20000
p05033,bin1,cost,107.66
p05033,bin1,cap,1000
p05033,bin2,cost,331.26
p05033,bin2,cap,2000
p05033,bin3,cost,3312.63
p05033,bin3,cap,20000
p05047,bin1,cost,107.66
p05047,bin1,cap,1000
p05047,bin2,cost,331.26
p05047,bin2,cap,2000
p05047,bin3,cost,3312.63
p05047,bin3,cap,20000
p05061,bin1,cost,107.66
p05061,bin1,cap,1000
p05061,bin2,cost,331.26
p05061,bin2,cap,2000
p05061,bin3,cost,3312.63
p05061,bin3,cap,20000
p05071,bin1,cost,107.66
p05071,bin1,cap,1000
p05071,bin2,cost,331.26
p05071,bin2,cap,2000
p05071,bin3,cost,3312.63
p05071,bin3,cap,20000
p05083,bin1,cost,107.66
p05083,bin1,cap,1000
p05083,bin2,cost,331.26
p05083,bin2,cap,2000
p05083,bin3,cost,3312.63
p05083,bin3,cap,20000
p05087,bin1,cost,107.66
p05087,bin1,cap,1000
p05087,bin2,cost,331.26
p05087,bin2,cap,2000
p05087,bin3,cost,3312.63
p05087,bin3,cap,20000
p05089,bin1,cost,107.66
p05089,bin1,cap,1000
p05089,bin2,cost,331.26
p05089,bin2,cap,2000
p05089,bin3,cost,3312.63
p05089,bin3,cap,20000
p05097,bin1,cost,107.66
p05097,bin1,cap,1000
p05097,bin2,cost,331.26
p05097,bin2,cap,2000
p05097,bin3,cost,3312.63
p05097,bin3,cap,20000
p05101,bin1,cost,107.66
p05101,bin1,cap,1000
p05101,bin2,cost,331.26
p05101,bin2,cap,2000
p05101,bin3,cost,3312.63
p05101,bin3,cap,20000
p05109,bin1,cost,107.66
p05109,bin1,cap,1000
p05109,bin2,cost,331.26
p05109,bin2,cap,2000
p05109,bin3,cost,3312.63
p05109,bin3,cap,20000
p05113,bin1,cost,107.66
p05113,bin1,cap,1000
p05113,bin2,cost,331.26
p05113,bin2,cap,2000
p05113,bin3,cost,3312.63
p05113,bin3,cap,20000
p05127,bin1,cost,107.66
p05127,bin1,cap,1000
p05127,bin2,cost,331.26
p05127,bin2,cap,2000
p05127,bin3,cost,3312.63
p05127,bin3,cap,20000
p05129,bin1,cost,107.66
p05129,bin1,cap,1000
p05129,bin2,cost,331.26
p05129,bin2,cap,2000
p05129,bin3,cost,3312.63
p05129,bin3,cap,20000
p05131,bin1,cost,107.66
p05131,bin1,cap,1000
p05131,bin2,cost,331.26
p05131,bin2,cap,2000
p05131,bin3,cost,3312.63
p05131,bin3,cap,20000
p05141,bin1,cost,107.66
p05141,bin1,cap,1000
p05141,bin2,cost,331.26
p05141,bin2,cap,2000
p05141,bin3,cost,3312.63
p05141,bin3,cap,20000
p05143,bin1,cost,107.66
p05143,bin1,cap,1000
p05143,bin2,cost,331.26
p05143,bin2,cap,2000
p05143,bin3,cost,3312.63
p05143,bin3,cap,20000
p48037,bin1,cost,107.66
p48037,bin1,cap,1000
p48037,bin2,cost,331.26
p48037,bin2,cap,2000
p48037,bin3,cost,3312.63
p48037,bin3,cap,20000
p48063,bin1,cost,107.66
p48063,bin1,cap,1000
p48063,bin2,cost,331.26
p48063,bin2,cap,2000
p48063,bin3,cost,3312.63
p48063,bin3,cap,20000
p48067,bin1,cost,107.66
p48067,bin1,cap,1000
p48067,bin2,cost,331.26
p48067,bin2,cap,2000
p48067,bin3,cost,3312.63
p48067,bin3,cap,20000
p48183,bin1,cost,107.66
p48183,bin1,cap,1000
p48183,bin2,cost,331.26
p48183,bin2,cap,2000
p48183,bin3,cost,3312.63
p48183,bin3,cap,20000
p48203,bin1,cost,107.66
p48203,bin1,cap,1000
p48203,bin2,cost,331.26
p48203,bin2,cap,2000
p48203,bin3,cost,3312.63
p48203,bin3,cap,20000
p48315,bin1,cost,107.66
p48315,bin1,cap,1000
p48315,bin2,cost,331.26
p48315,bin2,cap,2000
p48315,bin3,cost,3312.63
p48315,bin3,cap,20000
p48343,bin1,cost,107.66
p48343,bin1,cap,1000
p48343,bin2,cost,331.26
p48343,bin2,cap,2000
p48343,bin3,cost,3312.63
p48343,bin3,cap,20000
p48365,bin1,cost,107.66
p48365,bin1,cap,1000
p48365,bin2,cost,331.26
p48365,bin2,cap,2000
p48365,bin3,cost,3312.63
p48365,bin3,cap,20000
p48449,bin1,cost,107.66
p48449,bin1,cap,1000
p48449,bin2,cost,331.26
p48449,bin2,cap,2000
p48449,bin3,cost,3312.63
p48449,bin3,cap,20000
p48459,bin1,cost,107.66
p48459,bin1,cap,1000
p48459,bin2,cost,331.26
p48459,bin2,cap,2000
p48459,bin3,cost,3312.63
p48459,bin3,cap,20000
p22001,bin1,cost,107.66
p22001,bin1,cap,1000
p22001,bin2,cost,331.26
p22001,bin2,cap,2000
p22001,bin3,cost,3312.63
p22001,bin3,cap,20000
p22003,bin1,cost,107.66
p22003,bin1,cap,1000
p22003,bin2,cost,331.26
p22003,bin2,cap,2000
p22003,bin3,cost,3312.63
p22003,bin3,cap,20000
p22005,bin1,cost,107.66
p22005,bin1,cap,1000
p22005,bin2,cost,331.26
p22005,bin2,cap,2000
p22005,bin3,cost,3312.63
p22005,bin3,cap,20000
p22007,bin1,cost,107.66
p22007,bin1,cap,1000
p22007,bin2,cost,331.26
p22007,bin2,cap,2000
p22007,bin3,cost,3312.63
p22007,bin3,cap,20000
p22009,bin1,cost,107.66
p22009,bin1,cap,1000
p22009,bin2,cost,331.26
p22009,bin2,cap,2000
p22009,bin3,cost,3312.63
p22009,bin3,cap,20000
p22011,bin1,cost,107.66
p22011,bin1,cap,1000
p22011,bin2,cost,331.26
p22011,bin2,cap,2000
p22011,bin3,cost,3312.63
p22011,bin3,cap,20000
p22013,bin1,cost,107.66
p22013,bin1,cap,1000
p22013,bin2,cost,331.26
p22013,bin2,cap,2000
p22013,bin3,cost,3312.63
p22013,bin3,cap,20000
p22015,bin1,cost,107.66
p22015,bin1,cap,1000
p22015,bin2,cost,331.26
p22015,bin2,cap,2000
p22015,bin3,cost,3312.63
p22015,bin3,cap,20000
p22017,bin1,cost,107.66
p22017,bin1,cap,1000
p22017,bin2,cost,331.26
p22017,bin2,cap,2000
p22017,bin3,cost,3312.63
p22017,bin3,cap,20000
p22019,bin1,cost,107.66
p22019,bin1,cap,1000
p22019,bin2,cost,331.26
p22019,bin2,cap,2000
p22019,bin3,cost,3312.63
p22019,bin3,cap,20000
p22021,bin1,cost,107.66
p22021,bin1,cap,1000
p22021,bin2,cost,331.26
p22021,bin2,cap,2000
p22021,bin3,cost,3312.63
p22021,bin3,cap,20000
p22023,bin1,cost,107.66
p22023,bin1,cap,1000
p22023,bin2,cost,331.26
p22023,bin2,cap,2000
p22023,bin3,cost,3312.63
p22023,bin3,cap,20000
p22025,bin1,cost,107.66
p22025,bin1,cap,1000
p22025,bin2,cost,331.26
p22025,bin2,cap,2000
p22025,bin3,cost,3312.63
p22025,bin3,cap,20000
p22029,bin1,cost,107.66
p22029,bin1,cap,1000
p22029,bin2,cost,331.26
p22029,bin2,cap,2000
p22029,bin3,cost,3312.63
p22029,bin3,cap,20000
p22031,bin1,cost,107.66
p22031,bin1,cap,1000
p22031,bin2,cost,331.26
p22031,bin2,cap,2000
p22031,bin3,cost,3312.63
p22031,bin3,cap,20000
p22033,bin1,cost,107.66
p22033,bin1,cap,1000
p22033,bin2,cost,331.26
p22033,bin2,cap,2000
p22033,bin3,cost,3312.63
p22033,bin3,cap,20000
p22037,bin1,cost,107.66
p22037,bin1,cap,1000
p22037,bin2,cost,331.26
p22037,bin2,cap,2000
p22037,bin3,cost,3312.63
p22037,bin3,cap,20000
p22039,bin1,cost,107.66
p22039,bin1,cap,1000
p22039,bin2,cost,331.26
p22039,bin2,cap,2000
p22039,bin3,cost,3312.63
p22039,bin3,cap,20000
p22043,bin1,cost,107.66
p22043,bin1,cap,1000
p22043,bin2,cost,331.26
p22043,bin2,cap,2000
p22043,bin3,cost,3312.63
p22043,bin3,cap,20000
p22045,bin1,cost,107.66
p22045,bin1,cap,1000
p22045,bin2,cost,331.26
p22045,bin2,cap,2000
p22045,bin3,cost,3312.63
p22045,bin3,cap,20000
p22047,bin1,cost,107.66
p22047,bin1,cap,1000
p22047,bin2,cost,331.26
p22047,bin2,cap,2000
p22047,bin3,cost,3312.63
p22047,bin3,cap,20000
p22049,bin1,cost,107.66
p22049,bin1,cap,1000
p22049,bin2,cost,331.26
p22049,bin2,cap,2000
p22049,bin3,cost,3312.63
p22049,bin3,cap,20000
p22051,bin1,cost,107.66
p22051,bin1,cap,1000
p22051,bin2,cost,331.26
p22051,bin2,cap,2000
p22051,bin3,cost,3312.63
p22051,bin3,cap,20000
p22053,bin1,cost,107.66
p22053,bin1,cap,1000
p22053,bin2,cost,331.26
p22053,bin2,cap,2000
p22053,bin3,cost,3312.63
p22053,bin3,cap,20000
p22055,bin1,cost,107.66
p22055,bin1,cap,1000
p22055,bin2,cost,331.26
p22055,bin2,cap,2000
p22055,bin3,cost,3312.63
p22055,bin3,cap,20000
p22057,bin1,cost,107.66
p22057,bin1,cap,1000
p22057,bin2,cost,331.26
p22057,bin2,cap,2000
p22057,bin3,cost,3312.63
p22057,bin3,cap,20000
p22059,bin1,cost,107.66
p22059,bin1,cap,1000
p22059,bin2,cost,331.26
p22059,bin2,cap,2000
p22059,bin3,cost,3312.63
p22059,bin3,cap,20000
p22063,bin1,cost,107.66
p22063,bin1,cap,1000
p22063,bin2,cost,331.26
p22063,bin2,cap,2000
p22063,bin3,cost,3312.63
p22063,bin3,cap,20000
p22069,bin1,cost,107.66
p22069,bin1,cap,1000
p22069,bin2,cost,331.26
p22069,bin2,cap,2000
p22069,bin3,cost,3312.63
p22069,bin3,cap,20000
p22071,bin1,cost,107.66
p22071,bin1,cap,1000
p22071,bin2,cost,331.26
p22071,bin2,cap,2000
p22071,bin3,cost,3312.63
p22071,bin3,cap,20000
p22075,bin1,cost,107.66
p22075,bin1,cap,1000
p22075,bin2,cost,331.26
p22075,bin2,cap,2000
p22075,bin3,cost,3312.63
p22075,bin3,cap,20000
p22077,bin1,cost,107.66
p22077,bin1,cap,1000
p22077,bin2,cost,331.26
p22077,bin2,cap,2000
p22077,bin3,cost,3312.63
p22077,bin3,cap,20000
p22079,bin1,cost,107.66
p22079,bin1,cap,1000
p22079,bin2,cost,331.26
p22079,bin2,cap,2000
p22079,bin3,cost,3312.63
p22079,bin3,cap,20000
p22081,bin1,cost,107.66
p22081,bin1,cap,1000
p22081,bin2,cost,331.26
p22081,bin2,cap,2000
p22081,bin3,cost,3312.63
p22081,bin3,cap,20000
p22085,bin1,cost,107.66
p22085,bin1,cap,1000
p22085,bin2,cost,331.26
p22085,bin2,cap,2000
p22085,bin3,cost,3312.63
p22085,bin3,cap,20000
p22087,bin1,cost,107.66
p22087,bin1,cap,1000
p22087,bin2,cost,331.26
p22087,bin2,cap,2000
p22087,bin3,cost,3312.63
p22087,bin3,cap,20000
p22089,bin1,cost,107.66
p22089,bin1,cap,1000
p22089,bin2,cost,331.26
p22089,bin2,cap,2000
p22089,bin3,cost,3312.63
p22089,bin3,cap,20000
p22091,bin1,cost,107.66
p22091,bin1,cap,1000
p22091,bin2,cost,331.26
p22091,bin2,cap,2000
p22091,bin3,cost,3312.63
p22091,bin3,cap,20000
p22093,bin1,cost,107.66
p22093,bin1,cap,1000
p22093,bin2,cost,331.26
p22093,bin2,cap,2000
p22093,bin3,cost,3312.63
p22093,bin3,cap,20000
p22095,bin1,cost,107.66
p22095,bin1,cap,1000
p22095,bin2,cost,331.26
p22095,bin2,cap,2000
p22095,bin3,cost,3312.63
p22095,bin3,cap,20000
p22097,bin1,cost,107.66
p22097,bin1,cap,1000
p22097,bin2,cost,331.26
p22097,bin2,cap,2000
p22097,bin3,cost,3312.63
p22097,bin3,cap,20000
p22099,bin1,cost,107.66
p22099,bin1,cap,1000
p22099,bin2,cost,331.26
p22099,bin2,cap,2000
p22099,bin3,cost,3312.63
p22099,bin3,cap,20000
p22101,bin1,cost,107.66
p22101,bin1,cap,1000
p22101,bin2,cost,331.26
p22101,bin2,cap,2000
p22101,bin3,cost,3312.63
p22101,bin3,cap,20000
p22103,bin1,cost,107.66
p22103,bin1,cap,1000
p22103,bin2,cost,331.26
p22103,bin2,cap,2000
p22103,bin3,cost,3312.63
p22103,bin3,cap,20000
p22105,bin1,cost,107.66
p22105,bin1,cap,1000
p22105,bin2,cost,331.26
p22105,bin2,cap,2000
p22105,bin3,cost,3312.63
p22105,bin3,cap,20000
p22109,bin1,cost,107.66
p22109,bin1,cap,1000
p22109,bin2,cost,331.26
p22109,bin2,cap,2000
p22109,bin3,cost,3312.63
p22109,bin3,cap,20000
p22113,bin1,cost,107.66
p22113,bin1,cap,1000
p22113,bin2,cost,331.26
p22113,bin2,cap,2000
p22113,bin3,cost,3312.63
p22113,bin3,cap,20000
p22115,bin1,cost,107.66
p22115,bin1,cap,1000
p22115,bin2,cost,331.26
p22115,bin2,cap,2000
p22115,bin3,cost,3312.63
p22115,bin3,cap,20000
p22117,bin1,cost,107.66
p22117,bin1,cap,1000
p22117,bin2,cost,331.26
p22117,bin2,cap,2000
p22117,bin3,cost,3312.63
p22117,bin3,cap,20000
p22119,bin1,cost,107.66
p22119,bin1,cap,1000
p22119,bin2,cost,331.26
p22119,bin2,cap,2000
p22119,bin3,cost,3312.63
p22119,bin3,cap,20000
p22121,bin1,cost,107.66
p22121,bin1,cap,1000
p22121,bin2,cost,331.26
p22121,bin2,cap,2000
p22121,bin3,cost,3312.63
p22121,bin3,cap,20000
p22125,bin1,cost,107.66
p22125,bin1,cap,1000
p22125,bin2,cost,331.26
p22125,bin2,cap,2000
p22125,bin3,cost,3312.63
p22125,bin3,cap,20000
p22127,bin1,cost,107.66
p22127,bin1,cap,1000
p22127,bin2,cost,331.26
p22127,bin2,cap,2000
p22127,bin3,cost,3312.63
p22127,bin3,cap,20000
p48141,bin1,cost,107.66
p48141,bin1,cap,1000
p48141,bin2,cost,331.26
p48141,bin2,cap,2000
p48141,bin3,cost,3312.63
p48141,bin3,cap,20000
p48023,bin1,cost,107.66
p48023,bin1,cap,1000
p48023,bin2,cost,331.26
p48023,bin2,cap,2000
p48023,bin3,cost,3312.63
p48023,bin3,cap,20000
p48033,bin1,cost,107.66
p48033,bin1,cap,1000
p48033,bin2,cost,331.26
p48033,bin2,cap,2000
p48033,bin3,cost,3312.63
p48033,bin3,cap,20000
p48045,bin1,cost,107.66
p48045,bin1,cap,1000
p48045,bin2,cost,331.26
p48045,bin2,cap,2000
p48045,bin3,cost,3312.63
p48045,bin3,cap,20000
p48075,bin1,cost,107.66
p48075,bin1,cap,1000
p48075,bin2,cost,331.26
p48075,bin2,cap,2000
p48075,bin3,cost,3312.63
p48075,bin3,cap,20000
p48101,bin1,cost,107.66
p48101,bin1,cap,1000
p48101,bin2,cost,331.26
p48101,bin2,cap,2000
p48101,bin3,cost,3312.63
p48101,bin3,cap,20000
p48107,bin1,cost,107.66
p48107,bin1,cap,1000
p48107,bin2,cost,331.26
p48107,bin2,cap,2000
p48107,bin3,cost,3312.63
p48107,bin3,cap,20000
p48115,bin1,cost,107.66
p48115,bin1,cap,1000
p48115,bin2,cost,331.26
p48115,bin2,cap,2000
p48115,bin3,cost,3312.63
p48115,bin3,cap,20000
p48125,bin1,cost,107.66
p48125,bin1,cap,1000
p48125,bin2,cost,331.26
p48125,bin2,cap,2000
p48125,bin3,cost,3312.63
p48125,bin3,cap,20000
p48151,bin1,cost,107.66
p48151,bin1,cap,1000
p48151,bin2,cost,331.26
p48151,bin2,cap,2000
p48151,bin3,cost,3312.63
p48151,bin3,cap,20000
p48155,bin1,cost,107.66
p48155,bin1,cap,1000
p48155,bin2,cost,331.26
p48155,bin2,cap,2000
p48155,bin3,cost,3312.63
p48155,bin3,cap,20000
p48191,bin1,cost,107.66
p48191,bin1,cap,1000
p48191,bin2,cost,331.26
p48191,bin2,cap,2000
p48191,bin3,cost,3312.63
p48191,bin3,cap,20000
p48197,bin1,cost,107.66
p48197,bin1,cap,1000
p48197,bin2,cost,331.26
p48197,bin2,cap,2000
p48197,bin3,cost,3312.63
p48197,bin3,cap,20000
p48207,bin1,cost,107.66
p48207,bin1,cap,1000
p48207,bin2,cost,331.26
p48207,bin2,cap,2000
p48207,bin3,cost,3312.63
p48207,bin3,cap,20000
p48227,bin1,cost,107.66
p48227,bin1,cap,1000
p48227,bin2,cost,331.26
p48227,bin2,cap,2000
p48227,bin3,cost,3312.63
p48227,bin3,cap,20000
p48253,bin1,cost,107.66
p48253,bin1,cap,1000
p48253,bin2,cost,331.26
p48253,bin2,cap,2000
p48253,bin3,cost,3312.63
p48253,bin3,cap,20000
p48263,bin1,cost,107.66
p48263,bin1,cap,1000
p48263,bin2,cost,331.26
p48263,bin2,cap,2000
p48263,bin3,cost,3312.63
p48263,bin3,cap,20000
p48269,bin1,cost,107.66
p48269,bin1,cap,1000
p48269,bin2,cost,331.26
p48269,bin2,cap,2000
p48269,bin3,cost,3312.63
p48269,bin3,cap,20000
p48275,bin1,cost,107.66
p48275,bin1,cap,1000
p48275,bin2,cost,331.26
p48275,bin2,cap,2000
p48275,bin3,cost,3312.63
p48275,bin3,cap,20000
p48335,bin1,cost,107.66
p48335,bin1,cap,1000
p48335,bin2,cost,331.26
p48335,bin2,cap,2000
p48335,bin3,cost,3312.63
p48335,bin3,cap,20000
p48345,bin1,cost,107.66
p48345,bin1,cap,1000
p48345,bin2,cost,331.26
p48345,bin2,cap,2000
p48345,bin3,cost,3312.63
p48345,bin3,cap,20000
p48353,bin1,cost,107.66
p48353,bin1,cap,1000
p48353,bin2,cost,331.26
p48353,bin2,cap,2000
p48353,bin3,cost,3312.63
p48353,bin3,cap,20000
p48415,bin1,cost,107.66
p48415,bin1,cap,1000
p48415,bin2,cost,331.26
p48415,bin2,cap,2000
p48415,bin3,cost,3312.63
p48415,bin3,cap,20000
p48433,bin1,cost,107.66
p48433,bin1,cap,1000
p48433,bin2,cost,331.26
p48433,bin2,cap,2000
p48433,bin3,cost,3312.63
p48433,bin3,cap,20000
p48487,bin1,cost,107.66
p48487,bin1,cap,1000
p48487,bin2,cost,331.26
p48487,bin2,cap,2000
p48487,bin3,cost,3312.63
p48487,bin3,cap,20000
p48043,bin1,cost,107.66
p48043,bin1,cap,1000
p48043,bin2,cost,331.26
p48043,bin2,cap,2000
p48043,bin3,cost,3312.63
p48043,bin3,cap,20000
p48059,bin1,cost,107.66
p48059,bin1,cap,1000
p48059,bin2,cost,331.26
p48059,bin2,cap,2000
p48059,bin3,cost,3312.63
p48059,bin3,cap,20000
p48081,bin1,cost,107.66
p48081,bin1,cap,1000
p48081,bin2,cost,331.26
p48081,bin2,cap,2000
p48081,bin3,cost,3312.63
p48081,bin3,cap,20000
p48083,bin1,cost,107.66
p48083,bin1,cap,1000
p48083,bin2,cost,331.26
p48083,bin2,cap,2000
p48083,bin3,cost,3312.63
p48083,bin3,cap,20000
p48095,bin1,cost,107.66
p48095,bin1,cap,1000
p48095,bin2,cost,331.26
p48095,bin2,cap,2000
p48095,bin3,cost,3312.63
p48095,bin3,cap,20000
p48105,bin1,cost,107.66
p48105,bin1,cap,1000
p48105,bin2,cost,331.26
p48105,bin2,cap,2000
p48105,bin3,cost,3312.63
p48105,bin3,cap,20000
p48109,bin1,cost,107.66
p48109,bin1,cap,1000
p48109,bin2,cost,331.26
p48109,bin2,cap,2000
p48109,bin3,cost,3312.63
p48109,bin3,cap,20000
p48229,bin1,cost,107.66
p48229,bin1,cap,1000
p48229,bin2,cost,331.26
p48229,bin2,cap,2000
p48229,bin3,cost,3312.63
p48229,bin3,cap,20000
p48235,bin1,cost,107.66
p48235,bin1,cap,1000
p48235,bin2,cost,331.26
p48235,bin2,cap,2000
p48235,bin3,cost,3312.63
p48235,bin3,cap,20000
p48243,bin1,cost,107.66
p48243,bin1,cap,1000
p48243,bin2,cost,331.26
p48243,bin2,cap,2000
p48243,bin3,cost,3312.63
p48243,bin3,cap,20000
p48271,bin1,cost,107.66
p48271,bin1,cap,1000
p48271,bin2,cost,331.26
p48271,bin2,cap,2000
p48271,bin3,cost,3312.63
p48271,bin3,cap,20000
p48371,bin1,cost,107.66
p48371,bin1,cap,1000
p48371,bin2,cost,331.26
p48371,bin2,cap,2000
p48371,bin3,cost,3312.63
p48371,bin3,cap,20000
p48377,bin1,cost,107.66
p48377,bin1,cap,1000
p48377,bin2,cost,331.26
p48377,bin2,cap,2000
p48377,bin3,cost,3312.63
p48377,bin3,cap,20000
p48389,bin1,cost,107.66
p48389,bin1,cap,1000
p48389,bin2,cost,331.26
p48389,bin2,cap,2000
p48389,bin3,cost,3312.63
p48389,bin3,cap,20000
p48399,bin1,cost,107.66
p48399,bin1,cap,1000
p48399,bin2,cost,331.26
p48399,bin2,cap,2000
p48399,bin3,cost,3312.63
p48399,bin3,cap,20000
p48413,bin1,cost,107.66
p48413,bin1,cap,1000
p48413,bin2,cost,331.26
p48413,bin2,cap,2000
p48413,bin3,cost,3312.63
p48413,bin3,cap,20000
p48431,bin1,cost,107.66
p48431,bin1,cap,1000
p48431,bin2,cost,331.26
p48431,bin2,cap,2000
p48431,bin3,cost,3312.63
p48431,bin3,cap,20000
p48435,bin1,cost,107.66
p48435,bin1,cap,1000
p48435,bin2,cost,331.26
p48435,bin2,cap,2000
p48435,bin3,cost,3312.63
p48435,bin3,cap,20000
p48441,bin1,cost,107.66
p48441,bin1,cap,1000
p48441,bin2,cost,331.26
p48441,bin2,cap,2000
p48441,bin3,cost,3312.63
p48441,bin3,cap,20000
p48443,bin1,cost,107.66
p48443,bin1,cap,1000
p48443,bin2,cost,331.26
p48443,bin2,cap,2000
p48443,bin3,cost,3312.63
p48443,bin3,cap,20000
p48451,bin1,cost,107.66
p48451,bin1,cap,1000
p48451,bin2,cost,331.26
p48451,bin2,cap,2000
p48451,bin3,cost,3312.63
p48451,bin3,cap,20000
p48465,bin1,cost,107.66
p48465,bin1,cap,1000
p48465,bin2,cost,331.26
p48465,bin2,cap,2000
p48465,bin3,cost,3312.63
p48465,bin3,cap,20000
p48003,bin1,cost,107.66
p48003,bin1,cap,1000
p48003,bin2,cost,331.26
p48003,bin2,cap,2000
p48003,bin3,cost,3312.63
p48003,bin3,cap,20000
p48103,bin1,cost,107.66
p48103,bin1,cap,1000
p48103,bin2,cost,331.26
p48103,bin2,cap,2000
p48103,bin3,cost,3312.63
p48103,bin3,cap,20000
p48135,bin1,cost,107.66
p48135,bin1,cap,1000
p48135,bin2,cost,331.26
p48135,bin2,cap,2000
p48135,bin3,cost,3312.63
p48135,bin3,cap,20000
p48173,bin1,cost,107.66
p48173,bin1,cap,1000
p48173,bin2,cost,331.26
p48173,bin2,cap,2000
p48173,bin3,cost,3312.63
p48173,bin3,cap,20000
p48301,bin1,cost,107.66
p48301,bin1,cap,1000
p48301,bin2,cost,331.26
p48301,bin2,cap,2000
p48301,bin3,cost,3312.63
p48301,bin3,cap,20000
p48317,bin1,cost,107.66
p48317,bin1,cap,1000
p48317,bin2,cost,331.26
p48317,bin2,cap,2000
p48317,bin3,cost,3312.63
p48317,bin3,cap,20000
p48329,bin1,cost,107.66
p48329,bin1,cap,1000
p48329,bin2,cost,331.26
p48329,bin2,cap,2000
p48329,bin3,cost,3312.63
p48329,bin3,cap,20000
p48383,bin1,cost,107.66
p48383,bin1,cap,1000
p48383,bin2,cost,331.26
p48383,bin2,cap,2000
p48383,bin3,cost,3312.63
p48383,bin3,cap,20000
p48461,bin1,cost,107.66
p48461,bin1,cap,1000
p48461,bin2,cost,331.26
p48461,bin2,cap,2000
p48461,bin3,cost,3312.63
p48461,bin3,cap,20000
p48475,bin1,cost,107.66
p48475,bin1,cap,1000
p48475,bin2,cost,331.26
p48475,bin2,cap,2000
p48475,bin3,cost,3312.63
p48475,bin3,cap,20000
p48495,bin1,cost,107.66
p48495,bin1,cap,1000
p48495,bin2,cost,331.26
p48495,bin2,cap,2000
p48495,bin3,cost,3312.63
p48495,bin3,cap,20000
p48001,bin1,cost,107.66
p48001,bin1,cap,1000
p48001,bin2,cost,331.26
p48001,bin2,cap,2000
p48001,bin3,cost,3312.63
p48001,bin3,cap,20000
p48005,bin1,cost,107.66
p48005,bin1,cap,1000
p48005,bin2,cost,331.26
p48005,bin2,cap,2000
p48005,bin3,cost,3312.63
p48005,bin3,cap,20000
p48009,bin1,cost,107.66
p48009,bin1,cap,1000
p48009,bin2,cost,331.26
p48009,bin2,cap,2000
p48009,bin3,cost,3312.63
p48009,bin3,cap,20000
p48027,bin1,cost,107.66
p48027,bin1,cap,1000
p48027,bin2,cost,331.26
p48027,bin2,cap,2000
p48027,bin3,cost,3312.63
p48027,bin3,cap,20000
p48035,bin1,cost,107.66
p48035,bin1,cap,1000
p48035,bin2,cost,331.26
p48035,bin2,cap,2000
p48035,bin3,cost,3312.63
p48035,bin3,cap,20000
p48049,bin1,cost,107.66
p48049,bin1,cap,1000
p48049,bin2,cost,331.26
p48049,bin2,cap,2000
p48049,bin3,cost,3312.63
p48049,bin3,cap,20000
p48073,bin1,cost,107.66
p48073,bin1,cap,1000
p48073,bin2,cost,331.26
p48073,bin2,cap,2000
p48073,bin3,cost,3312.63
p48073,bin3,cap,20000
p48077,bin1,cost,107.66
p48077,bin1,cap,1000
p48077,bin2,cost,331.26
p48077,bin2,cap,2000
p48077,bin3,cost,3312.63
p48077,bin3,cap,20000
p48085,bin1,cost,107.66
p48085,bin1,cap,1000
p48085,bin2,cost,331.26
p48085,bin2,cap,2000
p48085,bin3,cost,3312.63
p48085,bin3,cap,20000
p48093,bin1,cost,107.66
p48093,bin1,cap,1000
p48093,bin2,cost,331.26
p48093,bin2,cap,2000
p48093,bin3,cost,3312.63
p48093,bin3,cap,20000
p48097,bin1,cost,107.66
p48097,bin1,cap,1000
p48097,bin2,cost,331.26
p48097,bin2,cap,2000
p48097,bin3,cost,3312.63
p48097,bin3,cap,20000
p48099,bin1,cost,107.66
p48099,bin1,cap,1000
p48099,bin2,cost,331.26
p48099,bin2,cap,2000
p48099,bin3,cost,3312.63
p48099,bin3,cap,20000
p48113,bin1,cost,107.66
p48113,bin1,cap,1000
p48113,bin2,cost,331.26
p48113,bin2,cap,2000
p48113,bin3,cost,3312.63
p48113,bin3,cap,20000
p48119,bin1,cost,107.66
p48119,bin1,cap,1000
p48119,bin2,cost,331.26
p48119,bin2,cap,2000
p48119,bin3,cost,3312.63
p48119,bin3,cap,20000
p48121,bin1,cost,107.66
p48121,bin1,cap,1000
p48121,bin2,cost,331.26
p48121,bin2,cap,2000
p48121,bin3,cost,3312.63
p48121,bin3,cap,20000
p48133,bin1,cost,107.66
p48133,bin1,cap,1000
p48133,bin2,cost,331.26
p48133,bin2,cap,2000
p48133,bin3,cost,3312.63
p48133,bin3,cap,20000
p48139,bin1,cost,107.66
p48139,bin1,cap,1000
p48139,bin2,cost,331.26
p48139,bin2,cap,2000
p48139,bin3,cost,3312.63
p48139,bin3,cap,20000
p48143,bin1,cost,107.66
p48143,bin1,cap,1000
p48143,bin2,cost,331.26
p48143,bin2,cap,2000
p48143,bin3,cost,3312.63
p48143,bin3,cap,20000
p48145,bin1,cost,107.66
p48145,bin1,cap,1000
p48145,bin2,cost,331.26
p48145,bin2,cap,2000
p48145,bin3,cost,3312.63
p48145,bin3,cap,20000
p48147,bin1,cost,107.66
p48147,bin1,cap,1000
p48147,bin2,cost,331.26
p48147,bin2,cap,2000
p48147,bin3,cost,3312.63
p48147,bin3,cap,20000
p48159,bin1,cost,107.66
p48159,bin1,cap,1000
p48159,bin2,cost,331.26
p48159,bin2,cap,2000
p48159,bin3,cost,3312.63
p48159,bin3,cap,20000
p48161,bin1,cost,107.66
p48161,bin1,cap,1000
p48161,bin2,cost,331.26
p48161,bin2,cap,2000
p48161,bin3,cost,3312.63
p48161,bin3,cap,20000
p48181,bin1,cost,107.66
p48181,bin1,cap,1000
p48181,bin2,cost,331.26
p48181,bin2,cap,2000
p48181,bin3,cost,3312.63
p48181,bin3,cap,20000
p48193,bin1,cost,107.66
p48193,bin1,cap,1000
p48193,bin2,cost,331.26
p48193,bin2,cap,2000
p48193,bin3,cost,3312.63
p48193,bin3,cap,20000
p48213,bin1,cost,107.66
p48213,bin1,cap,1000
p48213,bin2,cost,331.26
p48213,bin2,cap,2000
p48213,bin3,cost,3312.63
p48213,bin3,cap,20000
p48217,bin1,cost,107.66
p48217,bin1,cap,1000
p48217,bin2,cost,331.26
p48217,bin2,cap,2000
p48217,bin3,cost,3312.63
p48217,bin3,cap,20000
p48221,bin1,cost,107.66
p48221,bin1,cap,1000
p48221,bin2,cost,331.26
p48221,bin2,cap,2000
p48221,bin3,cost,3312.63
p48221,bin3,cap,20000
p48223,bin1,cost,107.66
p48223,bin1,cap,1000
p48223,bin2,cost,331.26
p48223,bin2,cap,2000
p48223,bin3,cost,3312.63
p48223,bin3,cap,20000
p48225,bin1,cost,107.66
p48225,bin1,cap,1000
p48225,bin2,cost,331.26
p48225,bin2,cap,2000
p48225,bin3,cost,3312.63
p48225,bin3,cap,20000
p48231,bin1,cost,107.66
p48231,bin1,cap,1000
p48231,bin2,cost,331.26
p48231,bin2,cap,2000
p48231,bin3,cost,3312.63
p48231,bin3,cap,20000
p48237,bin1,cost,107.66
p48237,bin1,cap,1000
p48237,bin2,cost,331.26
p48237,bin2,cap,2000
p48237,bin3,cost,3312.63
p48237,bin3,cap,20000
p48251,bin1,cost,107.66
p48251,bin1,cap,1000
p48251,bin2,cost,331.26
p48251,bin2,cap,2000
p48251,bin3,cost,3312.63
p48251,bin3,cap,20000
p48257,bin1,cost,107.66
p48257,bin1,cap,1000
p48257,bin2,cost,331.26
p48257,bin2,cap,2000
p48257,bin3,cost,3312.63
p48257,bin3,cap,20000
p48277,bin1,cost,107.66
p48277,bin1,cap,1000
p48277,bin2,cost,331.26
p48277,bin2,cap,2000
p48277,bin3,cost,3312.63
p48277,bin3,cap,20000
p48281,bin1,cost,107.66
p48281,bin1,cap,1000
p48281,bin2,cost,331.26
p48281,bin2,cap,2000
p48281,bin3,cost,3312.63
p48281,bin3,cap,20000
p48289,bin1,cost,107.66
p48289,bin1,cap,1000
p48289,bin2,cost,331.26
p48289,bin2,cap,2000
p48289,bin3,cost,3312.63
p48289,bin3,cap,20000
p48293,bin1,cost,107.66
p48293,bin1,cap,1000
p48293,bin2,cost,331.26
p48293,bin2,cap,2000
p48293,bin3,cost,3312.63
p48293,bin3,cap,20000
p48307,bin1,cost,107.66
p48307,bin1,cap,1000
p48307,bin2,cost,331.26
p48307,bin2,cap,2000
p48307,bin3,cost,3312.63
p48307,bin3,cap,20000
p48309,bin1,cost,107.66
p48309,bin1,cap,1000
p48309,bin2,cost,331.26
p48309,bin2,cap,2000
p48309,bin3,cost,3312.63
p48309,bin3,cap,20000
p48313,bin1,cost,107.66
p48313,bin1,cap,1000
p48313,bin2,cost,331.26
p48313,bin2,cap,2000
p48313,bin3,cost,3312.63
p48313,bin3,cap,20000
p48331,bin1,cost,107.66
p48331,bin1,cap,1000
p48331,bin2,cost,331.26
p48331,bin2,cap,2000
p48331,bin3,cost,3312.63
p48331,bin3,cap,20000
p48333,bin1,cost,107.66
p48333,bin1,cap,1000
p48333,bin2,cost,331.26
p48333,bin2,cap,2000
p48333,bin3,cost,3312.63
p48333,bin3,cap,20000
p48337,bin1,cost,107.66
p48337,bin1,cap,1000
p48337,bin2,cost,331.26
p48337,bin2,cap,2000
p48337,bin3,cost,3312.63
p48337,bin3,cap,20000
p48349,bin1,cost,107.66
p48349,bin1,cap,1000
p48349,bin2,cost,331.26
p48349,bin2,cap,2000
p48349,bin3,cost,3312.63
p48349,bin3,cap,20000
p48363,bin1,cost,107.66
p48363,bin1,cap,1000
p48363,bin2,cost,331.26
p48363,bin2,cap,2000
p48363,bin3,cost,3312.63
p48363,bin3,cap,20000
p48367,bin1,cost,107.66
p48367,bin1,cap,1000
p48367,bin2,cost,331.26
p48367,bin2,cap,2000
p48367,bin3,cost,3312.63
p48367,bin3,cap,20000
p48379,bin1,cost,107.66
p48379,bin1,cap,1000
p48379,bin2,cost,331.26
p48379,bin2,cap,2000
p48379,bin3,cost,3312.63
p48379,bin3,cap,20000
p48387,bin1,cost,107.66
p48387,bin1,cap,1000
p48387,bin2,cost,331.26
p48387,bin2,cap,2000
p48387,bin3,cost,3312.63
p48387,bin3,cap,20000
p48395,bin1,cost,107.66
p48395,bin1,cap,1000
p48395,bin2,cost,331.26
p48395,bin2,cap,2000
p48395,bin3,cost,3312.63
p48395,bin3,cap,20000
p48397,bin1,cost,107.66
p48397,bin1,cap,1000
p48397,bin2,cost,331.26
p48397,bin2,cap,2000
p48397,bin3,cost,3312.63
p48397,bin3,cap,20000
p48401,bin1,cost,107.66
p48401,bin1,cap,1000
p48401,bin2,cost,331.26
p48401,bin2,cap,2000
p48401,bin3,cost,3312.63
p48401,bin3,cap,20000
p48411,bin1,cost,107.66
p48411,bin1,cap,1000
p48411,bin2,cost,331.26
p48411,bin2,cap,2000
p48411,bin3,cost,3312.63
p48411,bin3,cap,20000
p48417,bin1,cost,107.66
p48417,bin1,cap,1000
p48417,bin2,cost,331.26
p48417,bin2,cap,2000
p48417,bin3,cost,3312.63
p48417,bin3,cap,20000
p48423,bin1,cost,107.66
p48423,bin1,cap,1000
p48423,bin2,cost,331.26
p48423,bin2,cap,2000
p48423,bin3,cost,3312.63
p48423,bin3,cap,20000
p48425,bin1,cost,107.66
p48425,bin1,cap,1000
p48425,bin2,cost,331.26
p48425,bin2,cap,2000
p48425,bin3,cost,3312.63
p48425,bin3,cap,20000
p48429,bin1,cost,107.66
p48429,bin1,cap,1000
p48429,bin2,cost,331.26
p48429,bin2,cap,2000
p48429,bin3,cost,3312.63
p48429,bin3,cap,20000
p48439,bin1,cost,107.66
p48439,bin1,cap,1000
p48439,bin2,cost,331.26
p48439,bin2,cap,2000
p48439,bin3,cost,3312.63
p48439,bin3,cap,20000
p48447,bin1,cost,107.66
p48447,bin1,cap,1000
p48447,bin2,cost,331.26
p48447,bin2,cap,2000
p48447,bin3,cost,3312.63
p48447,bin3,cap,20000
p48467,bin1,cost,107.66
p48467,bin1,cap,1000
p48467,bin2,cost,331.26
p48467,bin2,cap,2000
p48467,bin3,cost,3312.63
p48467,bin3,cap,20000
p48485,bin1,cost,107.66
p48485,bin1,cap,1000
p48485,bin2,cost,331.26
p48485,bin2,cap,2000
p48485,bin3,cost,3312.63
p48485,bin3,cap,20000
p48497,bin1,cost,107.66
p48497,bin1,cap,1000
p48497,bin2,cost,331.26
p48497,bin2,cap,2000
p48497,bin3,cost,3312.63
p48497,bin3,cap,20000
p48499,bin1,cost,107.66
p48499,bin1,cap,1000
p48499,bin2,cost,331.26
p48499,bin2,cap,2000
p48499,bin3,cost,3312.63
p48499,bin3,cap,20000
p48503,bin1,cost,107.66
p48503,bin1,cap,1000
p48503,bin2,cost,331.26
p48503,bin2,cap,2000
p48503,bin3,cost,3312.63
p48503,bin3,cap,20000
p48015,bin1,cost,107.66
p48015,bin1,cap,1000
p48015,bin2,cost,331.26
p48015,bin2,cap,2000
p48015,bin3,cost,3312.63
p48015,bin3,cap,20000
p48019,bin1,cost,107.66
p48019,bin1,cap,1000
p48019,bin2,cost,331.26
p48019,bin2,cap,2000
p48019,bin3,cost,3312.63
p48019,bin3,cap,20000
p48021,bin1,cost,107.66
p48021,bin1,cap,1000
p48021,bin2,cost,331.26
p48021,bin2,cap,2000
p48021,bin3,cost,3312.63
p48021,bin3,cap,20000
p48031,bin1,cost,107.66
p48031,bin1,cap,1000
p48031,bin2,cost,331.26
p48031,bin2,cap,2000
p48031,bin3,cost,3312.63
p48031,bin3,cap,20000
p48041,bin1,cost,107.66
p48041,bin1,cap,1000
p48041,bin2,cost,331.26
p48041,bin2,cap,2000
p48041,bin3,cost,3312.63
p48041,bin3,cap,20000
p48051,bin1,cost,107.66
p48051,bin1,cap,1000
p48051,bin2,cost,331.26
p48051,bin2,cap,2000
p48051,bin3,cost,3312.63
p48051,bin3,cap,20000
p48053,bin1,cost,107.66
p48053,bin1,cap,1000
p48053,bin2,cost,331.26
p48053,bin2,cap,2000
p48053,bin3,cost,3312.63
p48053,bin3,cap,20000
p48055,bin1,cost,107.66
p48055,bin1,cap,1000
p48055,bin2,cost,331.26
p48055,bin2,cap,2000
p48055,bin3,cost,3312.63
p48055,bin3,cap,20000
p48089,bin1,cost,107.66
p48089,bin1,cap,1000
p48089,bin2,cost,331.26
p48089,bin2,cap,2000
p48089,bin3,cost,3312.63
p48089,bin3,cap,20000
p48091,bin1,cost,107.66
p48091,bin1,cap,1000
p48091,bin2,cost,331.26
p48091,bin2,cap,2000
p48091,bin3,cost,3312.63
p48091,bin3,cap,20000
p48123,bin1,cost,107.66
p48123,bin1,cap,1000
p48123,bin2,cost,331.26
p48123,bin2,cap,2000
p48123,bin3,cost,3312.63
p48123,bin3,cap,20000
p48137,bin1,cost,107.66
p48137,bin1,cap,1000
p48137,bin2,cost,331.26
p48137,bin2,cap,2000
p48137,bin3,cost,3312.63
p48137,bin3,cap,20000
p48149,bin1,cost,107.66
p48149,bin1,cap,1000
p48149,bin2,cost,331.26
p48149,bin2,cap,2000
p48149,bin3,cost,3312.63
p48149,bin3,cap,20000
p48171,bin1,cost,107.66
p48171,bin1,cap,1000
p48171,bin2,cost,331.26
p48171,bin2,cap,2000
p48171,bin3,cost,3312.63
p48171,bin3,cap,20000
p48177,bin1,cost,107.66
p48177,bin1,cap,1000
p48177,bin2,cost,331.26
p48177,bin2,cap,2000
p48177,bin3,cost,3312.63
p48177,bin3,cap,20000
p48185,bin1,cost,107.66
p48185,bin1,cap,1000
p48185,bin2,cost,331.26
p48185,bin2,cap,2000
p48185,bin3,cost,3312.63
p48185,bin3,cap,20000
p48187,bin1,cost,107.66
p48187,bin1,cap,1000
p48187,bin2,cost,331.26
p48187,bin2,cap,2000
p48187,bin3,cost,3312.63
p48187,bin3,cap,20000
p48209,bin1,cost,107.66
p48209,bin1,cap,1000
p48209,bin2,cost,331.26
p48209,bin2,cap,2000
p48209,bin3,cost,3312.63
p48209,bin3,cap,20000
p48259,bin1,cost,107.66
p48259,bin1,cap,1000
p48259,bin2,cost,331.26
p48259,bin2,cap,2000
p48259,bin3,cost,3312.63
p48259,bin3,cap,20000
p48265,bin1,cost,107.66
p48265,bin1,cap,1000
p48265,bin2,cost,331.26
p48265,bin2,cap,2000
p48265,bin3,cost,3312.63
p48265,bin3,cap,20000
p48267,bin1,cost,107.66
p48267,bin1,cap,1000
p48267,bin2,cost,331.26
p48267,bin2,cap,2000
p48267,bin3,cost,3312.63
p48267,bin3,cap,20000
p48285,bin1,cost,107.66
p48285,bin1,cap,1000
p48285,bin2,cost,331.26
p48285,bin2,cap,2000
p48285,bin3,cost,3312.63
p48285,bin3,cap,20000
p48287,bin1,cost,107.66
p48287,bin1,cap,1000
p48287,bin2,cost,331.26
p48287,bin2,cap,2000
p48287,bin3,cost,3312.63
p48287,bin3,cap,20000
p48299,bin1,cost,107.66
p48299,bin1,cap,1000
p48299,bin2,cost,331.26
p48299,bin2,cap,2000
p48299,bin3,cost,3312.63
p48299,bin3,cap,20000
p48319,bin1,cost,107.66
p48319,bin1,cap,1000
p48319,bin2,cost,331.26
p48319,bin2,cap,2000
p48319,bin3,cost,3312.63
p48319,bin3,cap,20000
p48327,bin1,cost,107.66
p48327,bin1,cap,1000
p48327,bin2,cost,331.26
p48327,bin2,cap,2000
p48327,bin3,cost,3312.63
p48327,bin3,cap,20000
p48385,bin1,cost,107.66
p48385,bin1,cap,1000
p48385,bin2,cost,331.26
p48385,bin2,cap,2000
p48385,bin3,cost,3312.63
p48385,bin3,cap,20000
p48453,bin1,cost,107.66
p48453,bin1,cap,1000
p48453,bin2,cost,331.26
p48453,bin2,cap,2000
p48453,bin3,cost,3312.63
p48453,bin3,cap,20000
p48471,bin1,cost,107.66
p48471,bin1,cap,1000
p48471,bin2,cost,331.26
p48471,bin2,cap,2000
p48471,bin3,cost,3312.63
p48471,bin3,cap,20000
p48473,bin1,cost,107.66
p48473,bin1,cap,1000
p48473,bin2,cost,331.26
p48473,bin2,cap,2000
p48473,bin3,cost,3312.63
p48473,bin3,cap,20000
p48477,bin1,cost,107.66
p48477,bin1,cap,1000
p48477,bin2,cost,331.26
p48477,bin2,cap,2000
p48477,bin3,cost,3312.63
p48477,bin3,cap,20000
p48491,bin1,cost,107.66
p48491,bin1,cap,1000
p48491,bin2,cost,331.26
p48491,bin2,cap,2000
p48491,bin3,cost,3312.63
p48491,bin3,cap,20000
p48007,bin1,cost,107.66
p48007,bin1,cap,1000
p48007,bin2,cost,331.26
p48007,bin2,cap,2000
p48007,bin3,cost,3312.63
p48007,bin3,cap,20000
p48013,bin1,cost,107.66
p48013,bin1,cap,1000
p48013,bin2,cost,331.26
p48013,bin2,cap,2000
p48013,bin3,cost,3312.63
p48013,bin3,cap,20000
p48025,bin1,cost,107.66
p48025,bin1,cap,1000
p48025,bin2,cost,331.26
p48025,bin2,cap,2000
p48025,bin3,cost,3312.63
p48025,bin3,cap,20000
p48029,bin1,cost,107.66
p48029,bin1,cap,1000
p48029,bin2,cost,331.26
p48029,bin2,cap,2000
p48029,bin3,cost,3312.63
p48029,bin3,cap,20000
p48047,bin1,cost,107.66
p48047,bin1,cap,1000
p48047,bin2,cost,331.26
p48047,bin2,cap,2000
p48047,bin3,cost,3312.63
p48047,bin3,cap,20000
p48057,bin1,cost,107.66
p48057,bin1,cap,1000
p48057,bin2,cost,331.26
p48057,bin2,cap,2000
p48057,bin3,cost,3312.63
p48057,bin3,cap,20000
p48061,bin1,cost,107.66
p48061,bin1,cap,1000
p48061,bin2,cost,331.26
p48061,bin2,cap,2000
p48061,bin3,cost,3312.63
p48061,bin3,cap,20000
p48127,bin1,cost,107.66
p48127,bin1,cap,1000
p48127,bin2,cost,331.26
p48127,bin2,cap,2000
p48127,bin3,cost,3312.63
p48127,bin3,cap,20000
p48131,bin1,cost,107.66
p48131,bin1,cap,1000
p48131,bin2,cost,331.26
p48131,bin2,cap,2000
p48131,bin3,cost,3312.63
p48131,bin3,cap,20000
p48163,bin1,cost,107.66
p48163,bin1,cap,1000
p48163,bin2,cost,331.26
p48163,bin2,cap,2000
p48163,bin3,cost,3312.63
p48163,bin3,cap,20000
p48175,bin1,cost,107.66
p48175,bin1,cap,1000
p48175,bin2,cost,331.26
p48175,bin2,cap,2000
p48175,bin3,cost,3312.63
p48175,bin3,cap,20000
p48215,bin1,cost,107.66
p48215,bin1,cap,1000
p48215,bin2,cost,331.26
p48215,bin2,cap,2000
p48215,bin3,cost,3312.63
p48215,bin3,cap,20000
p48239,bin1,cost,107.66
p48239,bin1,cap,1000
p48239,bin2,cost,331.26
p48239,bin2,cap,2000
p48239,bin3,cost,3312.63
p48239,bin3,cap,20000
p48247,bin1,cost,107.66
p48247,bin1,cap,1000
p48247,bin2,cost,331.26
p48247,bin2,cap,2000
p48247,bin3,cost,3312.63
p48247,bin3,cap,20000
p48249,bin1,cost,107.66
p48249,bin1,cap,1000
p48249,bin2,cost,331.26
p48249,bin2,cap,2000
p48249,bin3,cost,3312.63
p48249,bin3,cap,20000
p48255,bin1,cost,107.66
p48255,bin1,cap,1000
p48255,bin2,cost,331.26
p48255,bin2,cap,2000
p48255,bin3,cost,3312.63
p48255,bin3,cap,20000
p48261,bin1,cost,107.66
p48261,bin1,cap,1000
p48261,bin2,cost,331.26
p48261,bin2,cap,2000
p48261,bin3,cost,3312.63
p48261,bin3,cap,20000
p48273,bin1,cost,107.66
p48273,bin1,cap,1000
p48273,bin2,cost,331.26
p48273,bin2,cap,2000
p48273,bin3,cost,3312.63
p48273,bin3,cap,20000
p48283,bin1,cost,107.66
p48283,bin1,cap,1000
p48283,bin2,cost,331.26
p48283,bin2,cap,2000
p48283,bin3,cost,3312.63
p48283,bin3,cap,20000
p48297,bin1,cost,107.66
p48297,bin1,cap,1000
p48297,bin2,cost,331.26
p48297,bin2,cap,2000
p48297,bin3,cost,3312.63
p48297,bin3,cap,20000
p48311,bin1,cost,107.66
p48311,bin1,cap,1000
p48311,bin2,cost,331.26
p48311,bin2,cap,2000
p48311,bin3,cost,3312.63
p48311,bin3,cap,20000
p48321,bin1,cost,107.66
p48321,bin1,cap,1000
p48321,bin2,cost,331.26
p48321,bin2,cap,2000
p48321,bin3,cost,3312.63
p48321,bin3,cap,20000
p48323,bin1,cost,107.66
p48323,bin1,cap,1000
p48323,bin2,cost,331.26
p48323,bin2,cap,2000
p48323,bin3,cost,3312.63
p48323,bin3,cap,20000
p48325,bin1,cost,107.66
p48325,bin1,cap,1000
p48325,bin2,cost,331.26
p48325,bin2,cap,2000
p48325,bin3,cost,3312.63
p48325,bin3,cap,20000
p48355,bin1,cost,107.66
p48355,bin1,cap,1000
p48355,bin2,cost,331.26
p48355,bin2,cap,2000
p48355,bin3,cost,3312.63
p48355,bin3,cap,20000
p48391,bin1,cost,107.66
p48391,bin1,cap,1000
p48391,bin2,cost,331.26
p48391,bin2,cap,2000
p48391,bin3,cost,3312.63
p48391,bin3,cap,20000
p48409,bin1,cost,107.66
p48409,bin1,cap,1000
p48409,bin2,cost,331.26
p48409,bin2,cap,2000
p48409,bin3,cost,3312.63
p48409,bin3,cap,20000
p48427,bin1,cost,107.66
p48427,bin1,cap,1000
p48427,bin2,cost,331.26
p48427,bin2,cap,2000
p48427,bin3,cost,3312.63
p48427,bin3,cap,20000
p48463,bin1,cost,107.66
p48463,bin1,cap,1000
p48463,bin2,cost,331.26
p48463,bin2,cap,2000
p48463,bin3,cost,3312.63
p48463,bin3,cap,20000
p48469,bin1,cost,107.66
p48469,bin1,cap,1000
p48469,bin2,cost,331.26
p48469,bin2,cap,2000
p48469,bin3,cost,3312.63
p48469,bin3,cap,20000
p48479,bin1,cost,107.66
p48479,bin1,cap,1000
p48479,bin2,cost,331.26
p48479,bin2,cap,2000
p48479,bin3,cost,3312.63
p48479,bin3,cap,20000
p48481,bin1,cost,107.66
p48481,bin1,cap,1000
p48481,bin2,cost,331.26
p48481,bin2,cap,2000
p48481,bin3,cost,3312.63
p48481,bin3,cap,20000
p48489,bin1,cost,107.66
p48489,bin1,cap,1000
p48489,bin2,cost,331.26
p48489,bin2,cap,2000
p48489,bin3,cost,3312.63
p48489,bin3,cap,20000
p48493,bin1,cost,107.66
p48493,bin1,cap,1000
p48493,bin2,cost,331.26
p48493,bin2,cap,2000
p48493,bin3,cost,3312.63
p48493,bin3,cap,20000
p48505,bin1,cost,107.66
p48505,bin1,cap,1000
p48505,bin2,cost,331.26
p48505,bin2,cap,2000
p48505,bin3,cost,3312.63
p48505,bin3,cap,20000
p48507,bin1,cost,107.66
p48507,bin1,cap,1000
p48507,bin2,cost,331.26
p48507,bin2,cap,2000
p48507,bin3,cost,3312.63
p48507,bin3,cap,20000
p48071,bin1,cost,107.66
p48071,bin1,cap,1000
p48071,bin2,cost,331.26
p48071,bin2,cap,2000
p48071,bin3,cost,3312.63
p48071,bin3,cap,20000
p48199,bin1,cost,107.66
p48199,bin1,cap,1000
p48199,bin2,cost,331.26
p48199,bin2,cap,2000
p48199,bin3,cost,3312.63
p48199,bin3,cap,20000
p48241,bin1,cost,107.66
p48241,bin1,cap,1000
p48241,bin2,cost,331.26
p48241,bin2,cap,2000
p48241,bin3,cost,3312.63
p48241,bin3,cap,20000
p48245,bin1,cost,107.66
p48245,bin1,cap,1000
p48245,bin2,cost,331.26
p48245,bin2,cap,2000
p48245,bin3,cost,3312.63
p48245,bin3,cap,20000
p48291,bin1,cost,107.66
p48291,bin1,cap,1000
p48291,bin2,cost,331.26
p48291,bin2,cap,2000
p48291,bin3,cost,3312.63
p48291,bin3,cap,20000
p48339,bin1,cost,107.66
p48339,bin1,cap,1000
p48339,bin2,cost,331.26
p48339,bin2,cap,2000
p48339,bin3,cost,3312.63
p48339,bin3,cap,20000
p48347,bin1,cost,107.66
p48347,bin1,cap,1000
p48347,bin2,cost,331.26
p48347,bin2,cap,2000
p48347,bin3,cost,3312.63
p48347,bin3,cap,20000
p48351,bin1,cost,107.66
p48351,bin1,cap,1000
p48351,bin2,cost,331.26
p48351,bin2,cap,2000
p48351,bin3,cost,3312.63
p48351,bin3,cap,20000
p48361,bin1,cost,107.66
p48361,bin1,cap,1000
p48361,bin2,cost,331.26
p48361,bin2,cap,2000
p48361,bin3,cost,3312.63
p48361,bin3,cap,20000
p48373,bin1,cost,107.66
p48373,bin1,cap,1000
p48373,bin2,cost,331.26
p48373,bin2,cap,2000
p48373,bin3,cost,3312.63
p48373,bin3,cap,20000
p48403,bin1,cost,107.66
p48403,bin1,cap,1000
p48403,bin2,cost,331.26
p48403,bin2,cap,2000
p48403,bin3,cost,3312.63
p48403,bin3,cap,20000
p48405,bin1,cost,107.66
p48405,bin1,cap,1000
p48405,bin2,cost,331.26
p48405,bin2,cap,2000
p48405,bin3,cost,3312.63
p48405,bin3,cap,20000
p48407,bin1,cost,107.66
p48407,bin1,cap,1000
p48407,bin2,cost,331.26
p48407,bin2,cap,2000
p48407,bin3,cost,3312.63
p48407,bin3,cap,20000
p48419,bin1,cost,107.66
p48419,bin1,cap,1000
p48419,bin2,cost,331.26
p48419,bin2,cap,2000
p48419,bin3,cost,3312.63
p48419,bin3,cap,20000
p48455,bin1,cost,107.66
p48455,bin1,cap,1000
p48455,bin2,cost,331.26
p48455,bin2,cap,2000
p48455,bin3,cost,3312.63
p48455,bin3,cap,20000
p48457,bin1,cost,107.66
p48457,bin1,cap,1000
p48457,bin2,cost,331.26
p48457,bin2,cap,2000
p48457,bin3,cost,3312.63
p48457,bin3,cap,20000
p48039,bin1,cost,107.66
p48039,bin1,cap,1000
p48039,bin2,cost,331.26
p48039,bin2,cap,2000
p48039,bin3,cost,3312.63
p48039,bin3,cap,20000
p48157,bin1,cost,107.66
p48157,bin1,cap,1000
p48157,bin2,cost,331.26
p48157,bin2,cap,2000
p48157,bin3,cost,3312.63
p48157,bin3,cap,20000
p48167,bin1,cost,107.66
p48167,bin1,cap,1000
p48167,bin2,cost,331.26
p48167,bin2,cap,2000
p48167,bin3,cost,3312.63
p48167,bin3,cap,20000
p48201,bin1,cost,107.66
p48201,bin1,cap,1000
p48201,bin2,cost,331.26
p48201,bin2,cap,2000
p48201,bin3,cost,3312.63
p48201,bin3,cap,20000
p27013,bin1,cost,107.66
p27013,bin1,cap,1000
p27013,bin2,cost,331.26
p27013,bin2,cap,2000
p27013,bin3,cost,3312.63
p27013,bin3,cap,20000
p27015,bin1,cost,107.66
p27015,bin1,cap,1000
p27015,bin2,cost,331.26
p27015,bin2,cap,2000
p27015,bin3,cost,3312.63
p27015,bin3,cap,20000
p27033,bin1,cost,107.66
p27033,bin1,cap,1000
p27033,bin2,cost,331.26
p27033,bin2,cap,2000
p27033,bin3,cost,3312.63
p27033,bin3,cap,20000
p27043,bin1,cost,107.66
p27043,bin1,cap,1000
p27043,bin2,cost,331.26
p27043,bin2,cap,2000
p27043,bin3,cost,3312.63
p27043,bin3,cap,20000
p27045,bin1,cost,107.66
p27045,bin1,cap,1000
p27045,bin2,cost,331.26
p27045,bin2,cap,2000
p27045,bin3,cost,3312.63
p27045,bin3,cap,20000
p27047,bin1,cost,107.66
p27047,bin1,cap,1000
p27047,bin2,cost,331.26
p27047,bin2,cap,2000
p27047,bin3,cost,3312.63
p27047,bin3,cap,20000
p27055,bin1,cost,107.66
p27055,bin1,cap,1000
p27055,bin2,cost,331.26
p27055,bin2,cap,2000
p27055,bin3,cost,3312.63
p27055,bin3,cap,20000
p27063,bin1,cost,107.66
p27063,bin1,cap,1000
p27063,bin2,cost,331.26
p27063,bin2,cap,2000
p27063,bin3,cost,3312.63
p27063,bin3,cap,20000
p27091,bin1,cost,107.66
p27091,bin1,cap,1000
p27091,bin2,cost,331.26
p27091,bin2,cap,2000
p27091,bin3,cost,3312.63
p27091,bin3,cap,20000
p27099,bin1,cost,107.66
p27099,bin1,cap,1000
p27099,bin2,cost,331.26
p27099,bin2,cap,2000
p27099,bin3,cost,3312.63
p27099,bin3,cap,20000
p27103,bin1,cost,107.66
p27103,bin1,cap,1000
p27103,bin2,cost,331.26
p27103,bin2,cap,2000
p27103,bin3,cost,3312.63
p27103,bin3,cap,20000
p27161,bin1,cost,107.66
p27161,bin1,cap,1000
p27161,bin2,cost,331.26
p27161,bin2,cap,2000
p27161,bin3,cost,3312.63
p27161,bin3,cap,20000
p27165,bin1,cost,107.66
p27165,bin1,cap,1000
p27165,bin2,cost,331.26
p27165,bin2,cap,2000
p27165,bin3,cost,3312.63
p27165,bin3,cap,20000
p19005,bin1,cost,107.66
p19005,bin1,cap,1000
p19005,bin2,cost,331.26
p19005,bin2,cap,2000
p19005,bin3,cost,3312.63
p19005,bin3,cap,20000
p19013,bin1,cost,107.66
p19013,bin1,cap,1000
p19013,bin2,cost,331.26
p19013,bin2,cap,2000
p19013,bin3,cost,3312.63
p19013,bin3,cap,20000
p19017,bin1,cost,107.66
p19017,bin1,cap,1000
p19017,bin2,cost,331.26
p19017,bin2,cap,2000
p19017,bin3,cost,3312.63
p19017,bin3,cap,20000
p19019,bin1,cost,107.66
p19019,bin1,cap,1000
p19019,bin2,cost,331.26
p19019,bin2,cap,2000
p19019,bin3,cost,3312.63
p19019,bin3,cap,20000
p19023,bin1,cost,107.66
p19023,bin1,cap,1000
p19023,bin2,cost,331.26
p19023,bin2,cap,2000
p19023,bin3,cost,3312.63
p19023,bin3,cap,20000
p19037,bin1,cost,107.66
p19037,bin1,cap,1000
p19037,bin2,cost,331.26
p19037,bin2,cap,2000
p19037,bin3,cost,3312.63
p19037,bin3,cap,20000
p19043,bin1,cost,107.66
p19043,bin1,cap,1000
p19043,bin2,cost,331.26
p19043,bin2,cap,2000
p19043,bin3,cost,3312.63
p19043,bin3,cap,20000
p19065,bin1,cost,107.66
p19065,bin1,cap,1000
p19065,bin2,cost,331.26
p19065,bin2,cap,2000
p19065,bin3,cost,3312.63
p19065,bin3,cap,20000
p19067,bin1,cost,107.66
p19067,bin1,cap,1000
p19067,bin2,cost,331.26
p19067,bin2,cap,2000
p19067,bin3,cost,3312.63
p19067,bin3,cap,20000
p19075,bin1,cost,107.66
p19075,bin1,cap,1000
p19075,bin2,cost,331.26
p19075,bin2,cap,2000
p19075,bin3,cost,3312.63
p19075,bin3,cap,20000
p19089,bin1,cost,107.66
p19089,bin1,cap,1000
p19089,bin2,cost,331.26
p19089,bin2,cap,2000
p19089,bin3,cost,3312.63
p19089,bin3,cap,20000
p19131,bin1,cost,107.66
p19131,bin1,cap,1000
p19131,bin2,cost,331.26
p19131,bin2,cap,2000
p19131,bin3,cost,3312.63
p19131,bin3,cap,20000
p19191,bin1,cost,107.66
p19191,bin1,cap,1000
p19191,bin2,cost,331.26
p19191,bin2,cap,2000
p19191,bin3,cost,3312.63
p19191,bin3,cap,20000
p19001,bin1,cost,107.66
p19001,bin1,cap,1000
p19001,bin2,cost,331.26
p19001,bin2,cap,2000
p19001,bin3,cost,3312.63
p19001,bin3,cap,20000
p19003,bin1,cost,107.66
p19003,bin1,cap,1000
p19003,bin2,cost,331.26
p19003,bin2,cap,2000
p19003,bin3,cost,3312.63
p19003,bin3,cap,20000
p19007,bin1,cost,107.66
p19007,bin1,cap,1000
p19007,bin2,cost,331.26
p19007,bin2,cap,2000
p19007,bin3,cost,3312.63
p19007,bin3,cap,20000
p19011,bin1,cost,107.66
p19011,bin1,cap,1000
p19011,bin2,cost,331.26
p19011,bin2,cap,2000
p19011,bin3,cost,3312.63
p19011,bin3,cap,20000
p19015,bin1,cost,107.66
p19015,bin1,cap,1000
p19015,bin2,cost,331.26
p19015,bin2,cap,2000
p19015,bin3,cost,3312.63
p19015,bin3,cap,20000
p19029,bin1,cost,107.66
p19029,bin1,cap,1000
p19029,bin2,cost,331.26
p19029,bin2,cap,2000
p19029,bin3,cost,3312.63
p19029,bin3,cap,20000
p19031,bin1,cost,107.66
p19031,bin1,cap,1000
p19031,bin2,cost,331.26
p19031,bin2,cap,2000
p19031,bin3,cost,3312.63
p19031,bin3,cap,20000
p19039,bin1,cost,107.66
p19039,bin1,cap,1000
p19039,bin2,cost,331.26
p19039,bin2,cap,2000
p19039,bin3,cost,3312.63
p19039,bin3,cap,20000
p19045,bin1,cost,107.66
p19045,bin1,cap,1000
p19045,bin2,cost,331.26
p19045,bin2,cap,2000
p19045,bin3,cost,3312.63
p19045,bin3,cap,20000
p19049,bin1,cost,107.66
p19049,bin1,cap,1000
p19049,bin2,cost,331.26
p19049,bin2,cap,2000
p19049,bin3,cost,3312.63
p19049,bin3,cap,20000
p19051,bin1,cost,107.66
p19051,bin1,cap,1000
p19051,bin2,cost,331.26
p19051,bin2,cap,2000
p19051,bin3,cost,3312.63
p19051,bin3,cap,20000
p19053,bin1,cost,107.66
p19053,bin1,cap,1000
p19053,bin2,cost,331.26
p19053,bin2,cap,2000
p19053,bin3,cost,3312.63
p19053,bin3,cap,20000
p19055,bin1,cost,107.66
p19055,bin1,cap,1000
p19055,bin2,cost,331.26
p19055,bin2,cap,2000
p19055,bin3,cost,3312.63
p19055,bin3,cap,20000
p19057,bin1,cost,107.66
p19057,bin1,cap,1000
p19057,bin2,cost,331.26
p19057,bin2,cap,2000
p19057,bin3,cost,3312.63
p19057,bin3,cap,20000
p19061,bin1,cost,107.66
p19061,bin1,cap,1000
p19061,bin2,cost,331.26
p19061,bin2,cap,2000
p19061,bin3,cost,3312.63
p19061,bin3,cap,20000
p19073,bin1,cost,107.66
p19073,bin1,cap,1000
p19073,bin2,cost,331.26
p19073,bin2,cap,2000
p19073,bin3,cost,3312.63
p19073,bin3,cap,20000
p19077,bin1,cost,107.66
p19077,bin1,cap,1000
p19077,bin2,cost,331.26
p19077,bin2,cap,2000
p19077,bin3,cost,3312.63
p19077,bin3,cap,20000
p19079,bin1,cost,107.66
p19079,bin1,cap,1000
p19079,bin2,cost,331.26
p19079,bin2,cap,2000
p19079,bin3,cost,3312.63
p19079,bin3,cap,20000
p19083,bin1,cost,107.66
p19083,bin1,cap,1000
p19083,bin2,cost,331.26
p19083,bin2,cap,2000
p19083,bin3,cost,3312.63
p19083,bin3,cap,20000
p19087,bin1,cost,107.66
p19087,bin1,cap,1000
p19087,bin2,cost,331.26
p19087,bin2,cap,2000
p19087,bin3,cost,3312.63
p19087,bin3,cap,20000
p19095,bin1,cost,107.66
p19095,bin1,cap,1000
p19095,bin2,cost,331.26
p19095,bin2,cap,2000
p19095,bin3,cost,3312.63
p19095,bin3,cap,20000
p19097,bin1,cost,107.66
p19097,bin1,cap,1000
p19097,bin2,cost,331.26
p19097,bin2,cap,2000
p19097,bin3,cost,3312.63
p19097,bin3,cap,20000
p19099,bin1,cost,107.66
p19099,bin1,cap,1000
p19099,bin2,cost,331.26
p19099,bin2,cap,2000
p19099,bin3,cost,3312.63
p19099,bin3,cap,20000
p19101,bin1,cost,107.66
p19101,bin1,cap,1000
p19101,bin2,cost,331.26
p19101,bin2,cap,2000
p19101,bin3,cost,3312.63
p19101,bin3,cap,20000
p19103,bin1,cost,107.66
p19103,bin1,cap,1000
p19103,bin2,cost,331.26
p19103,bin2,cap,2000
p19103,bin3,cost,3312.63
p19103,bin3,cap,20000
p19105,bin1,cost,107.66
p19105,bin1,cap,1000
p19105,bin2,cost,331.26
p19105,bin2,cap,2000
p19105,bin3,cost,3312.63
p19105,bin3,cap,20000
p19107,bin1,cost,107.66
p19107,bin1,cap,1000
p19107,bin2,cost,331.26
p19107,bin2,cap,2000
p19107,bin3,cost,3312.63
p19107,bin3,cap,20000
p19111,bin1,cost,107.66
p19111,bin1,cap,1000
p19111,bin2,cost,331.26
p19111,bin2,cap,2000
p19111,bin3,cost,3312.63
p19111,bin3,cap,20000
p19113,bin1,cost,107.66
p19113,bin1,cap,1000
p19113,bin2,cost,331.26
p19113,bin2,cap,2000
p19113,bin3,cost,3312.63
p19113,bin3,cap,20000
p19115,bin1,cost,107.66
p19115,bin1,cap,1000
p19115,bin2,cost,331.26
p19115,bin2,cap,2000
p19115,bin3,cost,3312.63
p19115,bin3,cap,20000
p19117,bin1,cost,107.66
p19117,bin1,cap,1000
p19117,bin2,cost,331.26
p19117,bin2,cap,2000
p19117,bin3,cost,3312.63
p19117,bin3,cap,20000
p19121,bin1,cost,107.66
p19121,bin1,cap,1000
p19121,bin2,cost,331.26
p19121,bin2,cap,2000
p19121,bin3,cost,3312.63
p19121,bin3,cap,20000
p19123,bin1,cost,107.66
p19123,bin1,cap,1000
p19123,bin2,cost,331.26
p19123,bin2,cap,2000
p19123,bin3,cost,3312.63
p19123,bin3,cap,20000
p19125,bin1,cost,107.66
p19125,bin1,cap,1000
p19125,bin2,cost,331.26
p19125,bin2,cap,2000
p19125,bin3,cost,3312.63
p19125,bin3,cap,20000
p19127,bin1,cost,107.66
p19127,bin1,cap,1000
p19127,bin2,cost,331.26
p19127,bin2,cap,2000
p19127,bin3,cost,3312.63
p19127,bin3,cap,20000
p19135,bin1,cost,107.66
p19135,bin1,cap,1000
p19135,bin2,cost,331.26
p19135,bin2,cap,2000
p19135,bin3,cost,3312.63
p19135,bin3,cap,20000
p19139,bin1,cost,107.66
p19139,bin1,cap,1000
p19139,bin2,cost,331.26
p19139,bin2,cap,2000
p19139,bin3,cost,3312.63
p19139,bin3,cap,20000
p19153,bin1,cost,107.66
p19153,bin1,cap,1000
p19153,bin2,cost,331.26
p19153,bin2,cap,2000
p19153,bin3,cost,3312.63
p19153,bin3,cap,20000
p19157,bin1,cost,107.66
p19157,bin1,cap,1000
p19157,bin2,cost,331.26
p19157,bin2,cap,2000
p19157,bin3,cost,3312.63
p19157,bin3,cap,20000
p19159,bin1,cost,107.66
p19159,bin1,cap,1000
p19159,bin2,cost,331.26
p19159,bin2,cap,2000
p19159,bin3,cost,3312.63
p19159,bin3,cap,20000
p19163,bin1,cost,107.66
p19163,bin1,cap,1000
p19163,bin2,cost,331.26
p19163,bin2,cap,2000
p19163,bin3,cost,3312.63
p19163,bin3,cap,20000
p19169,bin1,cost,107.66
p19169,bin1,cap,1000
p19169,bin2,cost,331.26
p19169,bin2,cap,2000
p19169,bin3,cost,3312.63
p19169,bin3,cap,20000
p19171,bin1,cost,107.66
p19171,bin1,cap,1000
p19171,bin2,cost,331.26
p19171,bin2,cap,2000
p19171,bin3,cost,3312.63
p19171,bin3,cap,20000
p19175,bin1,cost,107.66
p19175,bin1,cap,1000
p19175,bin2,cost,331.26
p19175,bin2,cap,2000
p19175,bin3,cost,3312.63
p19175,bin3,cap,20000
p19177,bin1,cost,107.66
p19177,bin1,cap,1000
p19177,bin2,cost,331.26
p19177,bin2,cap,2000
p19177,bin3,cost,3312.63
p19177,bin3,cap,20000
p19179,bin1,cost,107.66
p19179,bin1,cap,1000
p19179,bin2,cost,331.26
p19179,bin2,cap,2000
p19179,bin3,cost,3312.63
p19179,bin3,cap,20000
p19181,bin1,cost,107.66
p19181,bin1,cap,1000
p19181,bin2,cost,331.26
p19181,bin2,cap,2000
p19181,bin3,cost,3312.63
p19181,bin3,cap,20000
p19183,bin1,cost,107.66
p19183,bin1,cap,1000
p19183,bin2,cost,331.26
p19183,bin2,cap,2000
p19183,bin3,cost,3312.63
p19183,bin3,cap,20000
p19185,bin1,cost,107.66
p19185,bin1,cap,1000
p19185,bin2,cost,331.26
p19185,bin2,cap,2000
p19185,bin3,cost,3312.63
p19185,bin3,cap,20000
p29001,bin1,cost,107.66
p29001,bin1,cap,1000
p29001,bin2,cost,331.26
p29001,bin2,cap,2000
p29001,bin3,cost,3312.63
p29001,bin3,cap,20000
p29045,bin1,cost,107.66
p29045,bin1,cap,1000
p29045,bin2,cost,331.26
p29045,bin2,cap,2000
p29045,bin3,cost,3312.63
p29045,bin3,cap,20000
p29103,bin1,cost,107.66
p29103,bin1,cap,1000
p29103,bin2,cost,331.26
p29103,bin2,cap,2000
p29103,bin3,cost,3312.63
p29103,bin3,cap,20000
p29111,bin1,cost,107.66
p29111,bin1,cap,1000
p29111,bin2,cost,331.26
p29111,bin2,cap,2000
p29111,bin3,cost,3312.63
p29111,bin3,cap,20000
p29121,bin1,cost,107.66
p29121,bin1,cap,1000
p29121,bin2,cost,331.26
p29121,bin2,cap,2000
p29121,bin3,cost,3312.63
p29121,bin3,cap,20000
p29127,bin1,cost,107.66
p29127,bin1,cap,1000
p29127,bin2,cost,331.26
p29127,bin2,cap,2000
p29127,bin3,cost,3312.63
p29127,bin3,cap,20000
p29137,bin1,cost,107.66
p29137,bin1,cap,1000
p29137,bin2,cost,331.26
p29137,bin2,cap,2000
p29137,bin3,cost,3312.63
p29137,bin3,cap,20000
p29173,bin1,cost,107.66
p29173,bin1,cap,1000
p29173,bin2,cost,331.26
p29173,bin2,cap,2000
p29173,bin3,cost,3312.63
p29173,bin3,cap,20000
p29197,bin1,cost,107.66
p29197,bin1,cap,1000
p29197,bin2,cost,331.26
p29197,bin2,cap,2000
p29197,bin3,cost,3312.63
p29197,bin3,cap,20000
p29199,bin1,cost,107.66
p29199,bin1,cap,1000
p29199,bin2,cost,331.26
p29199,bin2,cap,2000
p29199,bin3,cost,3312.63
p29199,bin3,cap,20000
p29205,bin1,cost,107.66
p29205,bin1,cap,1000
p29205,bin2,cost,331.26
p29205,bin2,cap,2000
p29205,bin3,cost,3312.63
p29205,bin3,cap,20000
p29007,bin1,cost,107.66
p29007,bin1,cap,1000
p29007,bin2,cost,331.26
p29007,bin2,cap,2000
p29007,bin3,cost,3312.63
p29007,bin3,cap,20000
p29019,bin1,cost,107.66
p29019,bin1,cap,1000
p29019,bin2,cost,331.26
p29019,bin2,cap,2000
p29019,bin3,cost,3312.63
p29019,bin3,cap,20000
p29027,bin1,cost,107.66
p29027,bin1,cap,1000
p29027,bin2,cost,331.26
p29027,bin2,cap,2000
p29027,bin3,cost,3312.63
p29027,bin3,cap,20000
p29031,bin1,cost,107.66
p29031,bin1,cap,1000
p29031,bin2,cost,331.26
p29031,bin2,cap,2000
p29031,bin3,cost,3312.63
p29031,bin3,cap,20000
p29051,bin1,cost,107.66
p29051,bin1,cap,1000
p29051,bin2,cost,331.26
p29051,bin2,cap,2000
p29051,bin3,cost,3312.63
p29051,bin3,cap,20000
p29053,bin1,cost,107.66
p29053,bin1,cap,1000
p29053,bin2,cost,331.26
p29053,bin2,cap,2000
p29053,bin3,cost,3312.63
p29053,bin3,cap,20000
p29071,bin1,cost,107.66
p29071,bin1,cap,1000
p29071,bin2,cost,331.26
p29071,bin2,cap,2000
p29071,bin3,cost,3312.63
p29071,bin3,cap,20000
p29073,bin1,cost,107.66
p29073,bin1,cap,1000
p29073,bin2,cost,331.26
p29073,bin2,cap,2000
p29073,bin3,cost,3312.63
p29073,bin3,cap,20000
p29089,bin1,cost,107.66
p29089,bin1,cap,1000
p29089,bin2,cost,331.26
p29089,bin2,cap,2000
p29089,bin3,cost,3312.63
p29089,bin3,cap,20000
p29099,bin1,cost,107.66
p29099,bin1,cap,1000
p29099,bin2,cost,331.26
p29099,bin2,cap,2000
p29099,bin3,cost,3312.63
p29099,bin3,cap,20000
p29113,bin1,cost,107.66
p29113,bin1,cap,1000
p29113,bin2,cost,331.26
p29113,bin2,cap,2000
p29113,bin3,cost,3312.63
p29113,bin3,cap,20000
p29125,bin1,cost,107.66
p29125,bin1,cap,1000
p29125,bin2,cost,331.26
p29125,bin2,cap,2000
p29125,bin3,cost,3312.63
p29125,bin3,cap,20000
p29131,bin1,cost,107.66
p29131,bin1,cap,1000
p29131,bin2,cost,331.26
p29131,bin2,cap,2000
p29131,bin3,cost,3312.63
p29131,bin3,cap,20000
p29133,bin1,cost,107.66
p29133,bin1,cap,1000
p29133,bin2,cost,331.26
p29133,bin2,cap,2000
p29133,bin3,cost,3312.63
p29133,bin3,cap,20000
p29135,bin1,cost,107.66
p29135,bin1,cap,1000
p29135,bin2,cost,331.26
p29135,bin2,cap,2000
p29135,bin3,cost,3312.63
p29135,bin3,cap,20000
p29139,bin1,cost,107.66
p29139,bin1,cap,1000
p29139,bin2,cost,331.26
p29139,bin2,cap,2000
p29139,bin3,cost,3312.63
p29139,bin3,cap,20000
p29141,bin1,cost,107.66
p29141,bin1,cap,1000
p29141,bin2,cost,331.26
p29141,bin2,cap,2000
p29141,bin3,cost,3312.63
p29141,bin3,cap,20000
p29151,bin1,cost,107.66
p29151,bin1,cap,1000
p29151,bin2,cost,331.26
p29151,bin2,cap,2000
p29151,bin3,cost,3312.63
p29151,bin3,cap,20000
p29157,bin1,cost,107.66
p29157,bin1,cap,1000
p29157,bin2,cost,331.26
p29157,bin2,cap,2000
p29157,bin3,cost,3312.63
p29157,bin3,cap,20000
p29163,bin1,cost,107.66
p29163,bin1,cap,1000
p29163,bin2,cost,331.26
p29163,bin2,cap,2000
p29163,bin3,cost,3312.63
p29163,bin3,cap,20000
p29175,bin1,cost,107.66
p29175,bin1,cap,1000
p29175,bin2,cost,331.26
p29175,bin2,cap,2000
p29175,bin3,cost,3312.63
p29175,bin3,cap,20000
p29183,bin1,cost,107.66
p29183,bin1,cap,1000
p29183,bin2,cost,331.26
p29183,bin2,cap,2000
p29183,bin3,cost,3312.63
p29183,bin3,cap,20000
p29186,bin1,cost,107.66
p29186,bin1,cap,1000
p29186,bin2,cost,331.26
p29186,bin2,cap,2000
p29186,bin3,cost,3312.63
p29186,bin3,cap,20000
p29187,bin1,cost,107.66
p29187,bin1,cap,1000
p29187,bin2,cost,331.26
p29187,bin2,cap,2000
p29187,bin3,cost,3312.63
p29187,bin3,cap,20000
p29189,bin1,cost,107.66
p29189,bin1,cap,1000
p29189,bin2,cost,331.26
p29189,bin2,cap,2000
p29189,bin3,cost,3312.63
p29189,bin3,cap,20000
p29201,bin1,cost,107.66
p29201,bin1,cap,1000
p29201,bin2,cost,331.26
p29201,bin2,cap,2000
p29201,bin3,cost,3312.63
p29201,bin3,cap,20000
p29219,bin1,cost,107.66
p29219,bin1,cap,1000
p29219,bin2,cost,331.26
p29219,bin2,cap,2000
p29219,bin3,cost,3312.63
p29219,bin3,cap,20000
p29510,bin1,cost,107.66
p29510,bin1,cap,1000
p29510,bin2,cost,331.26
p29510,bin2,cap,2000
p29510,bin3,cost,3312.63
p29510,bin3,cap,20000
p29017,bin1,cost,107.66
p29017,bin1,cap,1000
p29017,bin2,cost,331.26
p29017,bin2,cap,2000
p29017,bin3,cost,3312.63
p29017,bin3,cap,20000
p29055,bin1,cost,107.66
p29055,bin1,cap,1000
p29055,bin2,cost,331.26
p29055,bin2,cap,2000
p29055,bin3,cost,3312.63
p29055,bin3,cap,20000
p29093,bin1,cost,107.66
p29093,bin1,cap,1000
p29093,bin2,cost,331.26
p29093,bin2,cap,2000
p29093,bin3,cost,3312.63
p29093,bin3,cap,20000
p29123,bin1,cost,107.66
p29123,bin1,cap,1000
p29123,bin2,cost,331.26
p29123,bin2,cap,2000
p29123,bin3,cost,3312.63
p29123,bin3,cap,20000
p29161,bin1,cost,107.66
p29161,bin1,cap,1000
p29161,bin2,cost,331.26
p29161,bin2,cap,2000
p29161,bin3,cost,3312.63
p29161,bin3,cap,20000
p29169,bin1,cost,107.66
p29169,bin1,cap,1000
p29169,bin2,cost,331.26
p29169,bin2,cap,2000
p29169,bin3,cost,3312.63
p29169,bin3,cap,20000
p29179,bin1,cost,107.66
p29179,bin1,cap,1000
p29179,bin2,cost,331.26
p29179,bin2,cap,2000
p29179,bin3,cost,3312.63
p29179,bin3,cap,20000
p29221,bin1,cost,107.66
p29221,bin1,cap,1000
p29221,bin2,cost,331.26
p29221,bin2,cap,2000
p29221,bin3,cost,3312.63
p29221,bin3,cap,20000
p26003,bin1,cost,107.66
p26003,bin1,cap,1000
p26003,bin2,cost,331.26
p26003,bin2,cap,2000
p26003,bin3,cost,3312.63
p26003,bin3,cap,20000
p26013,bin1,cost,107.66
p26013,bin1,cap,1000
p26013,bin2,cost,331.26
p26013,bin2,cap,2000
p26013,bin3,cost,3312.63
p26013,bin3,cap,20000
p26041,bin1,cost,107.66
p26041,bin1,cap,1000
p26041,bin2,cost,331.26
p26041,bin2,cap,2000
p26041,bin3,cost,3312.63
p26041,bin3,cap,20000
p26043,bin1,cost,107.66
p26043,bin1,cap,1000
p26043,bin2,cost,331.26
p26043,bin2,cap,2000
p26043,bin3,cost,3312.63
p26043,bin3,cap,20000
p26053,bin1,cost,107.66
p26053,bin1,cap,1000
p26053,bin2,cost,331.26
p26053,bin2,cap,2000
p26053,bin3,cost,3312.63
p26053,bin3,cap,20000
p26061,bin1,cost,107.66
p26061,bin1,cap,1000
p26061,bin2,cost,331.26
p26061,bin2,cap,2000
p26061,bin3,cost,3312.63
p26061,bin3,cap,20000
p26071,bin1,cost,107.66
p26071,bin1,cap,1000
p26071,bin2,cost,331.26
p26071,bin2,cap,2000
p26071,bin3,cost,3312.63
p26071,bin3,cap,20000
p26083,bin1,cost,107.66
p26083,bin1,cap,1000
p26083,bin2,cost,331.26
p26083,bin2,cap,2000
p26083,bin3,cost,3312.63
p26083,bin3,cap,20000
p26103,bin1,cost,107.66
p26103,bin1,cap,1000
p26103,bin2,cost,331.26
p26103,bin2,cap,2000
p26103,bin3,cost,3312.63
p26103,bin3,cap,20000
p26109,bin1,cost,107.66
p26109,bin1,cap,1000
p26109,bin2,cost,331.26
p26109,bin2,cap,2000
p26109,bin3,cost,3312.63
p26109,bin3,cap,20000
p26131,bin1,cost,107.66
p26131,bin1,cap,1000
p26131,bin2,cost,331.26
p26131,bin2,cap,2000
p26131,bin3,cost,3312.63
p26131,bin3,cap,20000
p55009,bin1,cost,107.66
p55009,bin1,cap,1000
p55009,bin2,cost,331.26
p55009,bin2,cap,2000
p55009,bin3,cost,3312.63
p55009,bin3,cap,20000
p55029,bin1,cost,107.66
p55029,bin1,cap,1000
p55029,bin2,cost,331.26
p55029,bin2,cap,2000
p55029,bin3,cost,3312.63
p55029,bin3,cap,20000
p55037,bin1,cost,107.66
p55037,bin1,cap,1000
p55037,bin2,cost,331.26
p55037,bin2,cap,2000
p55037,bin3,cost,3312.63
p55037,bin3,cap,20000
p55041,bin1,cost,107.66
p55041,bin1,cap,1000
p55041,bin2,cost,331.26
p55041,bin2,cap,2000
p55041,bin3,cost,3312.63
p55041,bin3,cap,20000
p55061,bin1,cost,107.66
p55061,bin1,cap,1000
p55061,bin2,cost,331.26
p55061,bin2,cap,2000
p55061,bin3,cost,3312.63
p55061,bin3,cap,20000
p55067,bin1,cost,107.66
p55067,bin1,cap,1000
p55067,bin2,cost,331.26
p55067,bin2,cap,2000
p55067,bin3,cost,3312.63
p55067,bin3,cap,20000
p55069,bin1,cost,107.66
p55069,bin1,cap,1000
p55069,bin2,cost,331.26
p55069,bin2,cap,2000
p55069,bin3,cost,3312.63
p55069,bin3,cap,20000
p55071,bin1,cost,107.66
p55071,bin1,cap,1000
p55071,bin2,cost,331.26
p55071,bin2,cap,2000
p55071,bin3,cost,3312.63
p55071,bin3,cap,20000
p55073,bin1,cost,107.66
p55073,bin1,cap,1000
p55073,bin2,cost,331.26
p55073,bin2,cap,2000
p55073,bin3,cost,3312.63
p55073,bin3,cap,20000
p55075,bin1,cost,107.66
p55075,bin1,cap,1000
p55075,bin2,cost,331.26
p55075,bin2,cap,2000
p55075,bin3,cost,3312.63
p55075,bin3,cap,20000
p55083,bin1,cost,107.66
p55083,bin1,cap,1000
p55083,bin2,cost,331.26
p55083,bin2,cap,2000
p55083,bin3,cost,3312.63
p55083,bin3,cap,20000
p55085,bin1,cost,107.66
p55085,bin1,cap,1000
p55085,bin2,cost,331.26
p55085,bin2,cap,2000
p55085,bin3,cost,3312.63
p55085,bin3,cap,20000
p55097,bin1,cost,107.66
p55097,bin1,cap,1000
p55097,bin2,cost,331.26
p55097,bin2,cap,2000
p55097,bin3,cost,3312.63
p55097,bin3,cap,20000
p55125,bin1,cost,107.66
p55125,bin1,cap,1000
p55125,bin2,cost,331.26
p55125,bin2,cap,2000
p55125,bin3,cost,3312.63
p55125,bin3,cap,20000
p55001,bin1,cost,107.66
p55001,bin1,cap,1000
p55001,bin2,cost,331.26
p55001,bin2,cap,2000
p55001,bin3,cost,3312.63
p55001,bin3,cap,20000
p55015,bin1,cost,107.66
p55015,bin1,cap,1000
p55015,bin2,cost,331.26
p55015,bin2,cap,2000
p55015,bin3,cost,3312.63
p55015,bin3,cap,20000
p55021,bin1,cost,107.66
p55021,bin1,cap,1000
p55021,bin2,cost,331.26
p55021,bin2,cap,2000
p55021,bin3,cost,3312.63
p55021,bin3,cap,20000
p55027,bin1,cost,107.66
p55027,bin1,cap,1000
p55027,bin2,cost,331.26
p55027,bin2,cap,2000
p55027,bin3,cost,3312.63
p55027,bin3,cap,20000
p55039,bin1,cost,107.66
p55039,bin1,cap,1000
p55039,bin2,cost,331.26
p55039,bin2,cap,2000
p55039,bin3,cost,3312.63
p55039,bin3,cap,20000
p55047,bin1,cost,107.66
p55047,bin1,cap,1000
p55047,bin2,cost,331.26
p55047,bin2,cap,2000
p55047,bin3,cost,3312.63
p55047,bin3,cap,20000
p55057,bin1,cost,107.66
p55057,bin1,cap,1000
p55057,bin2,cost,331.26
p55057,bin2,cap,2000
p55057,bin3,cost,3312.63
p55057,bin3,cap,20000
p55077,bin1,cost,107.66
p55077,bin1,cap,1000
p55077,bin2,cost,331.26
p55077,bin2,cap,2000
p55077,bin3,cost,3312.63
p55077,bin3,cap,20000
p55078,bin1,cost,107.66
p55078,bin1,cap,1000
p55078,bin2,cost,331.26
p55078,bin2,cap,2000
p55078,bin3,cost,3312.63
p55078,bin3,cap,20000
p55087,bin1,cost,107.66
p55087,bin1,cap,1000
p55087,bin2,cost,331.26
p55087,bin2,cap,2000
p55087,bin3,cost,3312.63
p55087,bin3,cap,20000
p55115,bin1,cost,107.66
p55115,bin1,cap,1000
p55115,bin2,cost,331.26
p55115,bin2,cap,2000
p55115,bin3,cost,3312.63
p55115,bin3,cap,20000
p55135,bin1,cost,107.66
p55135,bin1,cap,1000
p55135,bin2,cost,331.26
p55135,bin2,cap,2000
p55135,bin3,cost,3312.63
p55135,bin3,cap,20000
p55137,bin1,cost,107.66
p55137,bin1,cap,1000
p55137,bin2,cost,331.26
p55137,bin2,cap,2000
p55137,bin3,cost,3312.63
p55137,bin3,cap,20000
p55139,bin1,cost,107.66
p55139,bin1,cap,1000
p55139,bin2,cost,331.26
p55139,bin2,cap,2000
p55139,bin3,cost,3312.63
p55139,bin3,cap,20000
p55141,bin1,cost,107.66
p55141,bin1,cap,1000
p55141,bin2,cost,331.26
p55141,bin2,cap,2000
p55141,bin3,cost,3312.63
p55141,bin3,cap,20000
p55023,bin1,cost,107.66
p55023,bin1,cap,1000
p55023,bin2,cost,331.26
p55023,bin2,cap,2000
p55023,bin3,cost,3312.63
p55023,bin3,cap,20000
p55043,bin1,cost,107.66
p55043,bin1,cap,1000
p55043,bin2,cost,331.26
p55043,bin2,cap,2000
p55043,bin3,cost,3312.63
p55043,bin3,cap,20000
p55049,bin1,cost,107.66
p55049,bin1,cap,1000
p55049,bin2,cost,331.26
p55049,bin2,cap,2000
p55049,bin3,cost,3312.63
p55049,bin3,cap,20000
p55053,bin1,cost,107.66
p55053,bin1,cap,1000
p55053,bin2,cost,331.26
p55053,bin2,cap,2000
p55053,bin3,cost,3312.63
p55053,bin3,cap,20000
p55065,bin1,cost,107.66
p55065,bin1,cap,1000
p55065,bin2,cost,331.26
p55065,bin2,cap,2000
p55065,bin3,cost,3312.63
p55065,bin3,cap,20000
p55081,bin1,cost,107.66
p55081,bin1,cap,1000
p55081,bin2,cost,331.26
p55081,bin2,cap,2000
p55081,bin3,cost,3312.63
p55081,bin3,cap,20000
p55103,bin1,cost,107.66
p55103,bin1,cap,1000
p55103,bin2,cost,331.26
p55103,bin2,cap,2000
p55103,bin3,cost,3312.63
p55103,bin3,cap,20000
p55111,bin1,cost,107.66
p55111,bin1,cap,1000
p55111,bin2,cost,331.26
p55111,bin2,cap,2000
p55111,bin3,cost,3312.63
p55111,bin3,cap,20000
p55123,bin1,cost,107.66
p55123,bin1,cap,1000
p55123,bin2,cost,331.26
p55123,bin2,cap,2000
p55123,bin3,cost,3312.63
p55123,bin3,cap,20000
p55025,bin1,cost,107.66
p55025,bin1,cap,1000
p55025,bin2,cost,331.26
p55025,bin2,cap,2000
p55025,bin3,cost,3312.63
p55025,bin3,cap,20000
p55045,bin1,cost,107.66
p55045,bin1,cap,1000
p55045,bin2,cost,331.26
p55045,bin2,cap,2000
p55045,bin3,cost,3312.63
p55045,bin3,cap,20000
p55105,bin1,cost,107.66
p55105,bin1,cap,1000
p55105,bin2,cost,331.26
p55105,bin2,cap,2000
p55105,bin3,cost,3312.63
p55105,bin3,cap,20000
p55055,bin1,cost,107.66
p55055,bin1,cap,1000
p55055,bin2,cost,331.26
p55055,bin2,cap,2000
p55055,bin3,cost,3312.63
p55055,bin3,cap,20000
p55059,bin1,cost,107.66
p55059,bin1,cap,1000
p55059,bin2,cost,331.26
p55059,bin2,cap,2000
p55059,bin3,cost,3312.63
p55059,bin3,cap,20000
p55079,bin1,cost,107.66
p55079,bin1,cap,1000
p55079,bin2,cost,331.26
p55079,bin2,cap,2000
p55079,bin3,cost,3312.63
p55079,bin3,cap,20000
p55089,bin1,cost,107.66
p55089,bin1,cap,1000
p55089,bin2,cost,331.26
p55089,bin2,cap,2000
p55089,bin3,cost,3312.63
p55089,bin3,cap,20000
p55101,bin1,cost,107.66
p55101,bin1,cap,1000
p55101,bin2,cost,331.26
p55101,bin2,cap,2000
p55101,bin3,cost,3312.63
p55101,bin3,cap,20000
p55117,bin1,cost,107.66
p55117,bin1,cap,1000
p55117,bin2,cost,331.26
p55117,bin2,cap,2000
p55117,bin3,cost,3312.63
p55117,bin3,cap,20000
p55127,bin1,cost,107.66
p55127,bin1,cap,1000
p55127,bin2,cost,331.26
p55127,bin2,cap,2000
p55127,bin3,cost,3312.63
p55127,bin3,cap,20000
p55131,bin1,cost,107.66
p55131,bin1,cap,1000
p55131,bin2,cost,331.26
p55131,bin2,cap,2000
p55131,bin3,cost,3312.63
p55131,bin3,cap,20000
p55133,bin1,cost,107.66
p55133,bin1,cap,1000
p55133,bin2,cost,331.26
p55133,bin2,cap,2000
p55133,bin3,cost,3312.63
p55133,bin3,cap,20000
p17007,bin1,cost,107.66
p17007,bin1,cap,1000
p17007,bin2,cost,331.26
p17007,bin2,cap,2000
p17007,bin3,cost,3312.63
p17007,bin3,cap,20000
p17015,bin1,cost,107.66
p17015,bin1,cap,1000
p17015,bin2,cost,331.26
p17015,bin2,cap,2000
p17015,bin3,cost,3312.63
p17015,bin3,cap,20000
p17031,bin1,cost,107.66
p17031,bin1,cap,1000
p17031,bin2,cost,331.26
p17031,bin2,cap,2000
p17031,bin3,cost,3312.63
p17031,bin3,cap,20000
p17037,bin1,cost,107.66
p17037,bin1,cap,1000
p17037,bin2,cost,331.26
p17037,bin2,cap,2000
p17037,bin3,cost,3312.63
p17037,bin3,cap,20000
p17043,bin1,cost,107.66
p17043,bin1,cap,1000
p17043,bin2,cost,331.26
p17043,bin2,cap,2000
p17043,bin3,cost,3312.63
p17043,bin3,cap,20000
p17063,bin1,cost,107.66
p17063,bin1,cap,1000
p17063,bin2,cost,331.26
p17063,bin2,cap,2000
p17063,bin3,cost,3312.63
p17063,bin3,cap,20000
p17085,bin1,cost,107.66
p17085,bin1,cap,1000
p17085,bin2,cost,331.26
p17085,bin2,cap,2000
p17085,bin3,cost,3312.63
p17085,bin3,cap,20000
p17089,bin1,cost,107.66
p17089,bin1,cap,1000
p17089,bin2,cost,331.26
p17089,bin2,cap,2000
p17089,bin3,cost,3312.63
p17089,bin3,cap,20000
p17091,bin1,cost,107.66
p17091,bin1,cap,1000
p17091,bin2,cost,331.26
p17091,bin2,cap,2000
p17091,bin3,cost,3312.63
p17091,bin3,cap,20000
p17093,bin1,cost,107.66
p17093,bin1,cap,1000
p17093,bin2,cost,331.26
p17093,bin2,cap,2000
p17093,bin3,cost,3312.63
p17093,bin3,cap,20000
p17097,bin1,cost,107.66
p17097,bin1,cap,1000
p17097,bin2,cost,331.26
p17097,bin2,cap,2000
p17097,bin3,cost,3312.63
p17097,bin3,cap,20000
p17099,bin1,cost,107.66
p17099,bin1,cap,1000
p17099,bin2,cost,331.26
p17099,bin2,cap,2000
p17099,bin3,cost,3312.63
p17099,bin3,cap,20000
p17103,bin1,cost,107.66
p17103,bin1,cap,1000
p17103,bin2,cost,331.26
p17103,bin2,cap,2000
p17103,bin3,cost,3312.63
p17103,bin3,cap,20000
p17105,bin1,cost,107.66
p17105,bin1,cap,1000
p17105,bin2,cost,331.26
p17105,bin2,cap,2000
p17105,bin3,cost,3312.63
p17105,bin3,cap,20000
p17111,bin1,cost,107.66
p17111,bin1,cap,1000
p17111,bin2,cost,331.26
p17111,bin2,cap,2000
p17111,bin3,cost,3312.63
p17111,bin3,cap,20000
p17141,bin1,cost,107.66
p17141,bin1,cap,1000
p17141,bin2,cost,331.26
p17141,bin2,cap,2000
p17141,bin3,cost,3312.63
p17141,bin3,cap,20000
p17177,bin1,cost,107.66
p17177,bin1,cap,1000
p17177,bin2,cost,331.26
p17177,bin2,cap,2000
p17177,bin3,cost,3312.63
p17177,bin3,cap,20000
p17195,bin1,cost,107.66
p17195,bin1,cap,1000
p17195,bin2,cost,331.26
p17195,bin2,cap,2000
p17195,bin3,cost,3312.63
p17195,bin3,cap,20000
p17197,bin1,cost,107.66
p17197,bin1,cap,1000
p17197,bin2,cost,331.26
p17197,bin2,cap,2000
p17197,bin3,cost,3312.63
p17197,bin3,cap,20000
p17201,bin1,cost,107.66
p17201,bin1,cap,1000
p17201,bin2,cost,331.26
p17201,bin2,cap,2000
p17201,bin3,cost,3312.63
p17201,bin3,cap,20000
p17001,bin1,cost,107.66
p17001,bin1,cap,1000
p17001,bin2,cost,331.26
p17001,bin2,cap,2000
p17001,bin3,cost,3312.63
p17001,bin3,cap,20000
p17003,bin1,cost,107.66
p17003,bin1,cap,1000
p17003,bin2,cost,331.26
p17003,bin2,cap,2000
p17003,bin3,cost,3312.63
p17003,bin3,cap,20000
p17005,bin1,cost,107.66
p17005,bin1,cap,1000
p17005,bin2,cost,331.26
p17005,bin2,cap,2000
p17005,bin3,cost,3312.63
p17005,bin3,cap,20000
p17009,bin1,cost,107.66
p17009,bin1,cap,1000
p17009,bin2,cost,331.26
p17009,bin2,cap,2000
p17009,bin3,cost,3312.63
p17009,bin3,cap,20000
p17011,bin1,cost,107.66
p17011,bin1,cap,1000
p17011,bin2,cost,331.26
p17011,bin2,cap,2000
p17011,bin3,cost,3312.63
p17011,bin3,cap,20000
p17013,bin1,cost,107.66
p17013,bin1,cap,1000
p17013,bin2,cost,331.26
p17013,bin2,cap,2000
p17013,bin3,cost,3312.63
p17013,bin3,cap,20000
p17017,bin1,cost,107.66
p17017,bin1,cap,1000
p17017,bin2,cost,331.26
p17017,bin2,cap,2000
p17017,bin3,cost,3312.63
p17017,bin3,cap,20000
p17027,bin1,cost,107.66
p17027,bin1,cap,1000
p17027,bin2,cost,331.26
p17027,bin2,cap,2000
p17027,bin3,cost,3312.63
p17027,bin3,cap,20000
p17051,bin1,cost,107.66
p17051,bin1,cap,1000
p17051,bin2,cost,331.26
p17051,bin2,cap,2000
p17051,bin3,cost,3312.63
p17051,bin3,cap,20000
p17055,bin1,cost,107.66
p17055,bin1,cap,1000
p17055,bin2,cost,331.26
p17055,bin2,cap,2000
p17055,bin3,cost,3312.63
p17055,bin3,cap,20000
p17057,bin1,cost,107.66
p17057,bin1,cap,1000
p17057,bin2,cost,331.26
p17057,bin2,cap,2000
p17057,bin3,cost,3312.63
p17057,bin3,cap,20000
p17059,bin1,cost,107.66
p17059,bin1,cap,1000
p17059,bin2,cost,331.26
p17059,bin2,cap,2000
p17059,bin3,cost,3312.63
p17059,bin3,cap,20000
p17061,bin1,cost,107.66
p17061,bin1,cap,1000
p17061,bin2,cost,331.26
p17061,bin2,cap,2000
p17061,bin3,cost,3312.63
p17061,bin3,cap,20000
p17065,bin1,cost,107.66
p17065,bin1,cap,1000
p17065,bin2,cost,331.26
p17065,bin2,cap,2000
p17065,bin3,cost,3312.63
p17065,bin3,cap,20000
p17067,bin1,cost,107.66
p17067,bin1,cap,1000
p17067,bin2,cost,331.26
p17067,bin2,cap,2000
p17067,bin3,cost,3312.63
p17067,bin3,cap,20000
p17069,bin1,cost,107.66
p17069,bin1,cap,1000
p17069,bin2,cost,331.26
p17069,bin2,cap,2000
p17069,bin3,cost,3312.63
p17069,bin3,cap,20000
p17071,bin1,cost,107.66
p17071,bin1,cap,1000
p17071,bin2,cost,331.26
p17071,bin2,cap,2000
p17071,bin3,cost,3312.63
p17071,bin3,cap,20000
p17073,bin1,cost,107.66
p17073,bin1,cap,1000
p17073,bin2,cost,331.26
p17073,bin2,cap,2000
p17073,bin3,cost,3312.63
p17073,bin3,cap,20000
p17077,bin1,cost,107.66
p17077,bin1,cap,1000
p17077,bin2,cost,331.26
p17077,bin2,cap,2000
p17077,bin3,cost,3312.63
p17077,bin3,cap,20000
p17081,bin1,cost,107.66
p17081,bin1,cap,1000
p17081,bin2,cost,331.26
p17081,bin2,cap,2000
p17081,bin3,cost,3312.63
p17081,bin3,cap,20000
p17083,bin1,cost,107.66
p17083,bin1,cap,1000
p17083,bin2,cost,331.26
p17083,bin2,cap,2000
p17083,bin3,cost,3312.63
p17083,bin3,cap,20000
p17087,bin1,cost,107.66
p17087,bin1,cap,1000
p17087,bin2,cost,331.26
p17087,bin2,cap,2000
p17087,bin3,cost,3312.63
p17087,bin3,cap,20000
p17095,bin1,cost,107.66
p17095,bin1,cap,1000
p17095,bin2,cost,331.26
p17095,bin2,cap,2000
p17095,bin3,cost,3312.63
p17095,bin3,cap,20000
p17109,bin1,cost,107.66
p17109,bin1,cap,1000
p17109,bin2,cost,331.26
p17109,bin2,cap,2000
p17109,bin3,cost,3312.63
p17109,bin3,cap,20000
p17117,bin1,cost,107.66
p17117,bin1,cap,1000
p17117,bin2,cost,331.26
p17117,bin2,cap,2000
p17117,bin3,cost,3312.63
p17117,bin3,cap,20000
p17119,bin1,cost,107.66
p17119,bin1,cap,1000
p17119,bin2,cost,331.26
p17119,bin2,cap,2000
p17119,bin3,cost,3312.63
p17119,bin3,cap,20000
p17121,bin1,cost,107.66
p17121,bin1,cap,1000
p17121,bin2,cost,331.26
p17121,bin2,cap,2000
p17121,bin3,cost,3312.63
p17121,bin3,cap,20000
p17125,bin1,cost,107.66
p17125,bin1,cap,1000
p17125,bin2,cost,331.26
p17125,bin2,cap,2000
p17125,bin3,cost,3312.63
p17125,bin3,cap,20000
p17127,bin1,cost,107.66
p17127,bin1,cap,1000
p17127,bin2,cost,331.26
p17127,bin2,cap,2000
p17127,bin3,cost,3312.63
p17127,bin3,cap,20000
p17129,bin1,cost,107.66
p17129,bin1,cap,1000
p17129,bin2,cost,331.26
p17129,bin2,cap,2000
p17129,bin3,cost,3312.63
p17129,bin3,cap,20000
p17131,bin1,cost,107.66
p17131,bin1,cap,1000
p17131,bin2,cost,331.26
p17131,bin2,cap,2000
p17131,bin3,cost,3312.63
p17131,bin3,cap,20000
p17133,bin1,cost,107.66
p17133,bin1,cap,1000
p17133,bin2,cost,331.26
p17133,bin2,cap,2000
p17133,bin3,cost,3312.63
p17133,bin3,cap,20000
p17135,bin1,cost,107.66
p17135,bin1,cap,1000
p17135,bin2,cost,331.26
p17135,bin2,cap,2000
p17135,bin3,cost,3312.63
p17135,bin3,cap,20000
p17137,bin1,cost,107.66
p17137,bin1,cap,1000
p17137,bin2,cost,331.26
p17137,bin2,cap,2000
p17137,bin3,cost,3312.63
p17137,bin3,cap,20000
p17145,bin1,cost,107.66
p17145,bin1,cap,1000
p17145,bin2,cost,331.26
p17145,bin2,cap,2000
p17145,bin3,cost,3312.63
p17145,bin3,cap,20000
p17149,bin1,cost,107.66
p17149,bin1,cap,1000
p17149,bin2,cost,331.26
p17149,bin2,cap,2000
p17149,bin3,cost,3312.63
p17149,bin3,cap,20000
p17151,bin1,cost,107.66
p17151,bin1,cap,1000
p17151,bin2,cost,331.26
p17151,bin2,cap,2000
p17151,bin3,cost,3312.63
p17151,bin3,cap,20000
p17153,bin1,cost,107.66
p17153,bin1,cap,1000
p17153,bin2,cost,331.26
p17153,bin2,cap,2000
p17153,bin3,cost,3312.63
p17153,bin3,cap,20000
p17155,bin1,cost,107.66
p17155,bin1,cap,1000
p17155,bin2,cost,331.26
p17155,bin2,cap,2000
p17155,bin3,cost,3312.63
p17155,bin3,cap,20000
p17157,bin1,cost,107.66
p17157,bin1,cap,1000
p17157,bin2,cost,331.26
p17157,bin2,cap,2000
p17157,bin3,cost,3312.63
p17157,bin3,cap,20000
p17161,bin1,cost,107.66
p17161,bin1,cap,1000
p17161,bin2,cost,331.26
p17161,bin2,cap,2000
p17161,bin3,cost,3312.63
p17161,bin3,cap,20000
p17163,bin1,cost,107.66
p17163,bin1,cap,1000
p17163,bin2,cost,331.26
p17163,bin2,cap,2000
p17163,bin3,cost,3312.63
p17163,bin3,cap,20000
p17165,bin1,cost,107.66
p17165,bin1,cap,1000
p17165,bin2,cost,331.26
p17165,bin2,cap,2000
p17165,bin3,cost,3312.63
p17165,bin3,cap,20000
p17169,bin1,cost,107.66
p17169,bin1,cap,1000
p17169,bin2,cost,331.26
p17169,bin2,cap,2000
p17169,bin3,cost,3312.63
p17169,bin3,cap,20000
p17171,bin1,cost,107.66
p17171,bin1,cap,1000
p17171,bin2,cost,331.26
p17171,bin2,cap,2000
p17171,bin3,cost,3312.63
p17171,bin3,cap,20000
p17175,bin1,cost,107.66
p17175,bin1,cap,1000
p17175,bin2,cost,331.26
p17175,bin2,cap,2000
p17175,bin3,cost,3312.63
p17175,bin3,cap,20000
p17181,bin1,cost,107.66
p17181,bin1,cap,1000
p17181,bin2,cost,331.26
p17181,bin2,cap,2000
p17181,bin3,cost,3312.63
p17181,bin3,cap,20000
p17187,bin1,cost,107.66
p17187,bin1,cap,1000
p17187,bin2,cost,331.26
p17187,bin2,cap,2000
p17187,bin3,cost,3312.63
p17187,bin3,cap,20000
p17189,bin1,cost,107.66
p17189,bin1,cap,1000
p17189,bin2,cost,331.26
p17189,bin2,cap,2000
p17189,bin3,cost,3312.63
p17189,bin3,cap,20000
p17191,bin1,cost,107.66
p17191,bin1,cap,1000
p17191,bin2,cost,331.26
p17191,bin2,cap,2000
p17191,bin3,cost,3312.63
p17191,bin3,cap,20000
p17193,bin1,cost,107.66
p17193,bin1,cap,1000
p17193,bin2,cost,331.26
p17193,bin2,cap,2000
p17193,bin3,cost,3312.63
p17193,bin3,cap,20000
p17199,bin1,cost,107.66
p17199,bin1,cap,1000
p17199,bin2,cost,331.26
p17199,bin2,cap,2000
p17199,bin3,cost,3312.63
p17199,bin3,cap,20000
p17107,bin1,cost,107.66
p17107,bin1,cap,1000
p17107,bin2,cost,331.26
p17107,bin2,cap,2000
p17107,bin3,cost,3312.63
p17107,bin3,cap,20000
p17123,bin1,cost,107.66
p17123,bin1,cap,1000
p17123,bin2,cost,331.26
p17123,bin2,cap,2000
p17123,bin3,cost,3312.63
p17123,bin3,cap,20000
p17143,bin1,cost,107.66
p17143,bin1,cap,1000
p17143,bin2,cost,331.26
p17143,bin2,cap,2000
p17143,bin3,cost,3312.63
p17143,bin3,cap,20000
p17167,bin1,cost,107.66
p17167,bin1,cap,1000
p17167,bin2,cost,331.26
p17167,bin2,cap,2000
p17167,bin3,cost,3312.63
p17167,bin3,cap,20000
p17179,bin1,cost,107.66
p17179,bin1,cap,1000
p17179,bin2,cost,331.26
p17179,bin2,cap,2000
p17179,bin3,cost,3312.63
p17179,bin3,cap,20000
p17203,bin1,cost,107.66
p17203,bin1,cap,1000
p17203,bin2,cost,331.26
p17203,bin2,cap,2000
p17203,bin3,cost,3312.63
p17203,bin3,cap,20000
p17019,bin1,cost,107.66
p17019,bin1,cap,1000
p17019,bin2,cost,331.26
p17019,bin2,cap,2000
p17019,bin3,cost,3312.63
p17019,bin3,cap,20000
p17021,bin1,cost,107.66
p17021,bin1,cap,1000
p17021,bin2,cost,331.26
p17021,bin2,cap,2000
p17021,bin3,cost,3312.63
p17021,bin3,cap,20000
p17023,bin1,cost,107.66
p17023,bin1,cap,1000
p17023,bin2,cost,331.26
p17023,bin2,cap,2000
p17023,bin3,cost,3312.63
p17023,bin3,cap,20000
p17025,bin1,cost,107.66
p17025,bin1,cap,1000
p17025,bin2,cost,331.26
p17025,bin2,cap,2000
p17025,bin3,cost,3312.63
p17025,bin3,cap,20000
p17029,bin1,cost,107.66
p17029,bin1,cap,1000
p17029,bin2,cost,331.26
p17029,bin2,cap,2000
p17029,bin3,cost,3312.63
p17029,bin3,cap,20000
p17033,bin1,cost,107.66
p17033,bin1,cap,1000
p17033,bin2,cost,331.26
p17033,bin2,cap,2000
p17033,bin3,cost,3312.63
p17033,bin3,cap,20000
p17035,bin1,cost,107.66
p17035,bin1,cap,1000
p17035,bin2,cost,331.26
p17035,bin2,cap,2000
p17035,bin3,cost,3312.63
p17035,bin3,cap,20000
p17039,bin1,cost,107.66
p17039,bin1,cap,1000
p17039,bin2,cost,331.26
p17039,bin2,cap,2000
p17039,bin3,cost,3312.63
p17039,bin3,cap,20000
p17041,bin1,cost,107.66
p17041,bin1,cap,1000
p17041,bin2,cost,331.26
p17041,bin2,cap,2000
p17041,bin3,cost,3312.63
p17041,bin3,cap,20000
p17045,bin1,cost,107.66
p17045,bin1,cap,1000
p17045,bin2,cost,331.26
p17045,bin2,cap,2000
p17045,bin3,cost,3312.63
p17045,bin3,cap,20000
p17047,bin1,cost,107.66
p17047,bin1,cap,1000
p17047,bin2,cost,331.26
p17047,bin2,cap,2000
p17047,bin3,cost,3312.63
p17047,bin3,cap,20000
p17049,bin1,cost,107.66
p17049,bin1,cap,1000
p17049,bin2,cost,331.26
p17049,bin2,cap,2000
p17049,bin3,cost,3312.63
p17049,bin3,cap,20000
p17053,bin1,cost,107.66
p17053,bin1,cap,1000
p17053,bin2,cost,331.26
p17053,bin2,cap,2000
p17053,bin3,cost,3312.63
p17053,bin3,cap,20000
p17075,bin1,cost,107.66
p17075,bin1,cap,1000
p17075,bin2,cost,331.26
p17075,bin2,cap,2000
p17075,bin3,cost,3312.63
p17075,bin3,cap,20000
p17079,bin1,cost,107.66
p17079,bin1,cap,1000
p17079,bin2,cost,331.26
p17079,bin2,cap,2000
p17079,bin3,cost,3312.63
p17079,bin3,cap,20000
p17101,bin1,cost,107.66
p17101,bin1,cap,1000
p17101,bin2,cost,331.26
p17101,bin2,cap,2000
p17101,bin3,cost,3312.63
p17101,bin3,cap,20000
p17113,bin1,cost,107.66
p17113,bin1,cap,1000
p17113,bin2,cost,331.26
p17113,bin2,cap,2000
p17113,bin3,cost,3312.63
p17113,bin3,cap,20000
p17115,bin1,cost,107.66
p17115,bin1,cap,1000
p17115,bin2,cost,331.26
p17115,bin2,cap,2000
p17115,bin3,cost,3312.63
p17115,bin3,cap,20000
p17139,bin1,cost,107.66
p17139,bin1,cap,1000
p17139,bin2,cost,331.26
p17139,bin2,cap,2000
p17139,bin3,cost,3312.63
p17139,bin3,cap,20000
p17147,bin1,cost,107.66
p17147,bin1,cap,1000
p17147,bin2,cost,331.26
p17147,bin2,cap,2000
p17147,bin3,cost,3312.63
p17147,bin3,cap,20000
p17159,bin1,cost,107.66
p17159,bin1,cap,1000
p17159,bin2,cost,331.26
p17159,bin2,cap,2000
p17159,bin3,cost,3312.63
p17159,bin3,cap,20000
p17173,bin1,cost,107.66
p17173,bin1,cap,1000
p17173,bin2,cost,331.26
p17173,bin2,cap,2000
p17173,bin3,cost,3312.63
p17173,bin3,cap,20000
p17183,bin1,cost,107.66
p17183,bin1,cap,1000
p17183,bin2,cost,331.26
p17183,bin2,cap,2000
p17183,bin3,cost,3312.63
p17183,bin3,cap,20000
p17185,bin1,cost,107.66
p17185,bin1,cap,1000
p17185,bin2,cost,331.26
p17185,bin2,cap,2000
p17185,bin3,cost,3312.63
p17185,bin3,cap,20000
p29023,bin1,cost,107.66
p29023,bin1,cap,1000
p29023,bin2,cost,331.26
p29023,bin2,cap,2000
p29023,bin3,cost,3312.63
p29023,bin3,cap,20000
p29029,bin1,cost,107.66
p29029,bin1,cap,1000
p29029,bin2,cost,331.26
p29029,bin2,cap,2000
p29029,bin3,cost,3312.63
p29029,bin3,cap,20000
p29035,bin1,cost,107.66
p29035,bin1,cap,1000
p29035,bin2,cost,331.26
p29035,bin2,cap,2000
p29035,bin3,cost,3312.63
p29035,bin3,cap,20000
p29059,bin1,cost,107.66
p29059,bin1,cap,1000
p29059,bin2,cost,331.26
p29059,bin2,cap,2000
p29059,bin3,cost,3312.63
p29059,bin3,cap,20000
p29065,bin1,cost,107.66
p29065,bin1,cap,1000
p29065,bin2,cost,331.26
p29065,bin2,cap,2000
p29065,bin3,cost,3312.63
p29065,bin3,cap,20000
p29069,bin1,cost,107.66
p29069,bin1,cap,1000
p29069,bin2,cost,331.26
p29069,bin2,cap,2000
p29069,bin3,cost,3312.63
p29069,bin3,cap,20000
p29091,bin1,cost,107.66
p29091,bin1,cap,1000
p29091,bin2,cost,331.26
p29091,bin2,cap,2000
p29091,bin3,cost,3312.63
p29091,bin3,cap,20000
p29105,bin1,cost,107.66
p29105,bin1,cap,1000
p29105,bin2,cost,331.26
p29105,bin2,cap,2000
p29105,bin3,cost,3312.63
p29105,bin3,cap,20000
p29143,bin1,cost,107.66
p29143,bin1,cap,1000
p29143,bin2,cost,331.26
p29143,bin2,cap,2000
p29143,bin3,cost,3312.63
p29143,bin3,cap,20000
p29149,bin1,cost,107.66
p29149,bin1,cap,1000
p29149,bin2,cost,331.26
p29149,bin2,cap,2000
p29149,bin3,cost,3312.63
p29149,bin3,cap,20000
p29155,bin1,cost,107.66
p29155,bin1,cap,1000
p29155,bin2,cost,331.26
p29155,bin2,cap,2000
p29155,bin3,cost,3312.63
p29155,bin3,cap,20000
p29181,bin1,cost,107.66
p29181,bin1,cap,1000
p29181,bin2,cost,331.26
p29181,bin2,cap,2000
p29181,bin3,cost,3312.63
p29181,bin3,cap,20000
p29203,bin1,cost,107.66
p29203,bin1,cap,1000
p29203,bin2,cost,331.26
p29203,bin2,cap,2000
p29203,bin3,cost,3312.63
p29203,bin3,cap,20000
p29207,bin1,cost,107.66
p29207,bin1,cap,1000
p29207,bin2,cost,331.26
p29207,bin2,cap,2000
p29207,bin3,cost,3312.63
p29207,bin3,cap,20000
p29215,bin1,cost,107.66
p29215,bin1,cap,1000
p29215,bin2,cost,331.26
p29215,bin2,cap,2000
p29215,bin3,cost,3312.63
p29215,bin3,cap,20000
p29223,bin1,cost,107.66
p29223,bin1,cap,1000
p29223,bin2,cost,331.26
p29223,bin2,cap,2000
p29223,bin3,cost,3312.63
p29223,bin3,cap,20000
p29229,bin1,cost,107.66
p29229,bin1,cap,1000
p29229,bin2,cost,331.26
p29229,bin2,cap,2000
p29229,bin3,cost,3312.63
p29229,bin3,cap,20000
p05001,bin1,cost,107.66
p05001,bin1,cap,1000
p05001,bin2,cost,331.26
p05001,bin2,cap,2000
p05001,bin3,cost,3312.63
p05001,bin3,cap,20000
p05003,bin1,cost,107.66
p05003,bin1,cap,1000
p05003,bin2,cost,331.26
p05003,bin2,cap,2000
p05003,bin3,cost,3312.63
p05003,bin3,cap,20000
p05005,bin1,cost,107.66
p05005,bin1,cap,1000
p05005,bin2,cost,331.26
p05005,bin2,cap,2000
p05005,bin3,cost,3312.63
p05005,bin3,cap,20000
p05011,bin1,cost,107.66
p05011,bin1,cap,1000
p05011,bin2,cost,331.26
p05011,bin2,cap,2000
p05011,bin3,cost,3312.63
p05011,bin3,cap,20000
p05013,bin1,cost,107.66
p05013,bin1,cap,1000
p05013,bin2,cost,331.26
p05013,bin2,cap,2000
p05013,bin3,cost,3312.63
p05013,bin3,cap,20000
p05017,bin1,cost,107.66
p05017,bin1,cap,1000
p05017,bin2,cost,331.26
p05017,bin2,cap,2000
p05017,bin3,cost,3312.63
p05017,bin3,cap,20000
p05019,bin1,cost,107.66
p05019,bin1,cap,1000
p05019,bin2,cost,331.26
p05019,bin2,cap,2000
p05019,bin3,cost,3312.63
p05019,bin3,cap,20000
p05021,bin1,cost,107.66
p05021,bin1,cap,1000
p05021,bin2,cost,331.26
p05021,bin2,cap,2000
p05021,bin3,cost,3312.63
p05021,bin3,cap,20000
p05025,bin1,cost,107.66
p05025,bin1,cap,1000
p05025,bin2,cost,331.26
p05025,bin2,cap,2000
p05025,bin3,cost,3312.63
p05025,bin3,cap,20000
p05027,bin1,cost,107.66
p05027,bin1,cap,1000
p05027,bin2,cost,331.26
p05027,bin2,cap,2000
p05027,bin3,cost,3312.63
p05027,bin3,cap,20000
p05029,bin1,cost,107.66
p05029,bin1,cap,1000
p05029,bin2,cost,331.26
p05029,bin2,cap,2000
p05029,bin3,cost,3312.63
p05029,bin3,cap,20000
p05031,bin1,cost,107.66
p05031,bin1,cap,1000
p05031,bin2,cost,331.26
p05031,bin2,cap,2000
p05031,bin3,cost,3312.63
p05031,bin3,cap,20000
p05035,bin1,cost,107.66
p05035,bin1,cap,1000
p05035,bin2,cost,331.26
p05035,bin2,cap,2000
p05035,bin3,cost,3312.63
p05035,bin3,cap,20000
p05037,bin1,cost,107.66
p05037,bin1,cap,1000
p05037,bin2,cost,331.26
p05037,bin2,cap,2000
p05037,bin3,cost,3312.63
p05037,bin3,cap,20000
p05039,bin1,cost,107.66
p05039,bin1,cap,1000
p05039,bin2,cost,331.26
p05039,bin2,cap,2000
p05039,bin3,cost,3312.63
p05039,bin3,cap,20000
p05041,bin1,cost,107.66
p05041,bin1,cap,1000
p05041,bin2,cost,331.26
p05041,bin2,cap,2000
p05041,bin3,cost,3312.63
p05041,bin3,cap,20000
p05043,bin1,cost,107.66
p05043,bin1,cap,1000
p05043,bin2,cost,331.26
p05043,bin2,cap,2000
p05043,bin3,cost,3312.63
p05043,bin3,cap,20000
p05045,bin1,cost,107.66
p05045,bin1,cap,1000
p05045,bin2,cost,331.26
p05045,bin2,cap,2000
p05045,bin3,cost,3312.63
p05045,bin3,cap,20000
p05049,bin1,cost,107.66
p05049,bin1,cap,1000
p05049,bin2,cost,331.26
p05049,bin2,cap,2000
p05049,bin3,cost,3312.63
p05049,bin3,cap,20000
p05051,bin1,cost,107.66
p05051,bin1,cap,1000
p05051,bin2,cost,331.26
p05051,bin2,cap,2000
p05051,bin3,cost,3312.63
p05051,bin3,cap,20000
p05053,bin1,cost,107.66
p05053,bin1,cap,1000
p05053,bin2,cost,331.26
p05053,bin2,cap,2000
p05053,bin3,cost,3312.63
p05053,bin3,cap,20000
p05055,bin1,cost,107.66
p05055,bin1,cap,1000
p05055,bin2,cost,331.26
p05055,bin2,cap,2000
p05055,bin3,cost,3312.63
p05055,bin3,cap,20000
p05057,bin1,cost,107.66
p05057,bin1,cap,1000
p05057,bin2,cost,331.26
p05057,bin2,cap,2000
p05057,bin3,cost,3312.63
p05057,bin3,cap,20000
p05059,bin1,cost,107.66
p05059,bin1,cap,1000
p05059,bin2,cost,331.26
p05059,bin2,cap,2000
p05059,bin3,cost,3312.63
p05059,bin3,cap,20000
p05063,bin1,cost,107.66
p05063,bin1,cap,1000
p05063,bin2,cost,331.26
p05063,bin2,cap,2000
p05063,bin3,cost,3312.63
p05063,bin3,cap,20000
p05065,bin1,cost,107.66
p05065,bin1,cap,1000
p05065,bin2,cost,331.26
p05065,bin2,cap,2000
p05065,bin3,cost,3312.63
p05065,bin3,cap,20000
p05067,bin1,cost,107.66
p05067,bin1,cap,1000
p05067,bin2,cost,331.26
p05067,bin2,cap,2000
p05067,bin3,cost,3312.63
p05067,bin3,cap,20000
p05069,bin1,cost,107.66
p05069,bin1,cap,1000
p05069,bin2,cost,331.26
p05069,bin2,cap,2000
p05069,bin3,cost,3312.63
p05069,bin3,cap,20000
p05073,bin1,cost,107.66
p05073,bin1,cap,1000
p05073,bin2,cost,331.26
p05073,bin2,cap,2000
p05073,bin3,cost,3312.63
p05073,bin3,cap,20000
p05075,bin1,cost,107.66
p05075,bin1,cap,1000
p05075,bin2,cost,331.26
p05075,bin2,cap,2000
p05075,bin3,cost,3312.63
p05075,bin3,cap,20000
p05077,bin1,cost,107.66
p05077,bin1,cap,1000
p05077,bin2,cost,331.26
p05077,bin2,cap,2000
p05077,bin3,cost,3312.63
p05077,bin3,cap,20000
p05079,bin1,cost,107.66
p05079,bin1,cap,1000
p05079,bin2,cost,331.26
p05079,bin2,cap,2000
p05079,bin3,cost,3312.63
p05079,bin3,cap,20000
p05081,bin1,cost,107.66
p05081,bin1,cap,1000
p05081,bin2,cost,331.26
p05081,bin2,cap,2000
p05081,bin3,cost,3312.63
p05081,bin3,cap,20000
p05085,bin1,cost,107.66
p05085,bin1,cap,1000
p05085,bin2,cost,331.26
p05085,bin2,cap,2000
p05085,bin3,cost,3312.63
p05085,bin3,cap,20000
p05091,bin1,cost,107.66
p05091,bin1,cap,1000
p05091,bin2,cost,331.26
p05091,bin2,cap,2000
p05091,bin3,cost,3312.63
p05091,bin3,cap,20000
p05093,bin1,cost,107.66
p05093,bin1,cap,1000
p05093,bin2,cost,331.26
p05093,bin2,cap,2000
p05093,bin3,cost,3312.63
p05093,bin3,cap,20000
p05095,bin1,cost,107.66
p05095,bin1,cap,1000
p05095,bin2,cost,331.26
p05095,bin2,cap,2000
p05095,bin3,cost,3312.63
p05095,bin3,cap,20000
p05099,bin1,cost,107.66
p05099,bin1,cap,1000
p05099,bin2,cost,331.26
p05099,bin2,cap,2000
p05099,bin3,cost,3312.63
p05099,bin3,cap,20000
p05103,bin1,cost,107.66
p05103,bin1,cap,1000
p05103,bin2,cost,331.26
p05103,bin2,cap,2000
p05103,bin3,cost,3312.63
p05103,bin3,cap,20000
p05105,bin1,cost,107.66
p05105,bin1,cap,1000
p05105,bin2,cost,331.26
p05105,bin2,cap,2000
p05105,bin3,cost,3312.63
p05105,bin3,cap,20000
p05107,bin1,cost,107.66
p05107,bin1,cap,1000
p05107,bin2,cost,331.26
p05107,bin2,cap,2000
p05107,bin3,cost,3312.63
p05107,bin3,cap,20000
p05111,bin1,cost,107.66
p05111,bin1,cap,1000
p05111,bin2,cost,331.26
p05111,bin2,cap,2000
p05111,bin3,cost,3312.63
p05111,bin3,cap,20000
p05115,bin1,cost,107.66
p05115,bin1,cap,1000
p05115,bin2,cost,331.26
p05115,bin2,cap,2000
p05115,bin3,cost,3312.63
p05115,bin3,cap,20000
p05117,bin1,cost,107.66
p05117,bin1,cap,1000
p05117,bin2,cost,331.26
p05117,bin2,cap,2000
p05117,bin3,cost,3312.63
p05117,bin3,cap,20000
p05119,bin1,cost,107.66
p05119,bin1,cap,1000
p05119,bin2,cost,331.26
p05119,bin2,cap,2000
p05119,bin3,cost,3312.63
p05119,bin3,cap,20000
p05121,bin1,cost,107.66
p05121,bin1,cap,1000
p05121,bin2,cost,331.26
p05121,bin2,cap,2000
p05121,bin3,cost,3312.63
p05121,bin3,cap,20000
p05123,bin1,cost,107.66
p05123,bin1,cap,1000
p05123,bin2,cost,331.26
p05123,bin2,cap,2000
p05123,bin3,cost,3312.63
p05123,bin3,cap,20000
p05125,bin1,cost,107.66
p05125,bin1,cap,1000
p05125,bin2,cost,331.26
p05125,bin2,cap,2000
p05125,bin3,cost,3312.63
p05125,bin3,cap,20000
p05133,bin1,cost,107.66
p05133,bin1,cap,1000
p05133,bin2,cost,331.26
p05133,bin2,cap,2000
p05133,bin3,cost,3312.63
p05133,bin3,cap,20000
p05135,bin1,cost,107.66
p05135,bin1,cap,1000
p05135,bin2,cost,331.26
p05135,bin2,cap,2000
p05135,bin3,cost,3312.63
p05135,bin3,cap,20000
p05137,bin1,cost,107.66
p05137,bin1,cap,1000
p05137,bin2,cost,331.26
p05137,bin2,cap,2000
p05137,bin3,cost,3312.63
p05137,bin3,cap,20000
p05139,bin1,cost,107.66
p05139,bin1,cap,1000
p05139,bin2,cost,331.26
p05139,bin2,cap,2000
p05139,bin3,cost,3312.63
p05139,bin3,cap,20000
p05145,bin1,cost,107.66
p05145,bin1,cap,1000
p05145,bin2,cost,331.26
p05145,bin2,cap,2000
p05145,bin3,cost,3312.63
p05145,bin3,cap,20000
p05147,bin1,cost,107.66
p05147,bin1,cap,1000
p05147,bin2,cost,331.26
p05147,bin2,cap,2000
p05147,bin3,cost,3312.63
p05147,bin3,cap,20000
p05149,bin1,cost,107.66
p05149,bin1,cap,1000
p05149,bin2,cost,331.26
p05149,bin2,cap,2000
p05149,bin3,cost,3312.63
p05149,bin3,cap,20000
p22027,bin1,cost,107.66
p22027,bin1,cap,1000
p22027,bin2,cost,331.26
p22027,bin2,cap,2000
p22027,bin3,cost,3312.63
p22027,bin3,cap,20000
p22035,bin1,cost,107.66
p22035,bin1,cap,1000
p22035,bin2,cost,331.26
p22035,bin2,cap,2000
p22035,bin3,cost,3312.63
p22035,bin3,cap,20000
p22041,bin1,cost,107.66
p22041,bin1,cap,1000
p22041,bin2,cost,331.26
p22041,bin2,cap,2000
p22041,bin3,cost,3312.63
p22041,bin3,cap,20000
p22061,bin1,cost,107.66
p22061,bin1,cap,1000
p22061,bin2,cost,331.26
p22061,bin2,cap,2000
p22061,bin3,cost,3312.63
p22061,bin3,cap,20000
p22065,bin1,cost,107.66
p22065,bin1,cap,1000
p22065,bin2,cost,331.26
p22065,bin2,cap,2000
p22065,bin3,cost,3312.63
p22065,bin3,cap,20000
p22067,bin1,cost,107.66
p22067,bin1,cap,1000
p22067,bin2,cost,331.26
p22067,bin2,cap,2000
p22067,bin3,cost,3312.63
p22067,bin3,cap,20000
p22073,bin1,cost,107.66
p22073,bin1,cap,1000
p22073,bin2,cost,331.26
p22073,bin2,cap,2000
p22073,bin3,cost,3312.63
p22073,bin3,cap,20000
p22083,bin1,cost,107.66
p22083,bin1,cap,1000
p22083,bin2,cost,331.26
p22083,bin2,cap,2000
p22083,bin3,cost,3312.63
p22083,bin3,cap,20000
p22107,bin1,cost,107.66
p22107,bin1,cap,1000
p22107,bin2,cost,331.26
p22107,bin2,cap,2000
p22107,bin3,cost,3312.63
p22107,bin3,cap,20000
p22111,bin1,cost,107.66
p22111,bin1,cap,1000
p22111,bin2,cost,331.26
p22111,bin2,cap,2000
p22111,bin3,cost,3312.63
p22111,bin3,cap,20000
p22123,bin1,cost,107.66
p22123,bin1,cap,1000
p22123,bin2,cost,331.26
p22123,bin2,cap,2000
p22123,bin3,cost,3312.63
p22123,bin3,cap,20000
p28001,bin1,cost,107.66
p28001,bin1,cap,1000
p28001,bin2,cost,331.26
p28001,bin2,cap,2000
p28001,bin3,cost,3312.63
p28001,bin3,cap,20000
p28005,bin1,cost,107.66
p28005,bin1,cap,1000
p28005,bin2,cost,331.26
p28005,bin2,cap,2000
p28005,bin3,cost,3312.63
p28005,bin3,cap,20000
p28007,bin1,cost,107.66
p28007,bin1,cap,1000
p28007,bin2,cost,331.26
p28007,bin2,cap,2000
p28007,bin3,cost,3312.63
p28007,bin3,cap,20000
p28011,bin1,cost,107.66
p28011,bin1,cap,1000
p28011,bin2,cost,331.26
p28011,bin2,cap,2000
p28011,bin3,cost,3312.63
p28011,bin3,cap,20000
p28015,bin1,cost,107.66
p28015,bin1,cap,1000
p28015,bin2,cost,331.26
p28015,bin2,cap,2000
p28015,bin3,cost,3312.63
p28015,bin3,cap,20000
p28021,bin1,cost,107.66
p28021,bin1,cap,1000
p28021,bin2,cost,331.26
p28021,bin2,cap,2000
p28021,bin3,cost,3312.63
p28021,bin3,cap,20000
p28023,bin1,cost,107.66
p28023,bin1,cap,1000
p28023,bin2,cost,331.26
p28023,bin2,cap,2000
p28023,bin3,cost,3312.63
p28023,bin3,cap,20000
p28027,bin1,cost,107.66
p28027,bin1,cap,1000
p28027,bin2,cost,331.26
p28027,bin2,cap,2000
p28027,bin3,cost,3312.63
p28027,bin3,cap,20000
p28029,bin1,cost,107.66
p28029,bin1,cap,1000
p28029,bin2,cost,331.26
p28029,bin2,cap,2000
p28029,bin3,cost,3312.63
p28029,bin3,cap,20000
p28031,bin1,cost,107.66
p28031,bin1,cap,1000
p28031,bin2,cost,331.26
p28031,bin2,cap,2000
p28031,bin3,cost,3312.63
p28031,bin3,cap,20000
p28033,bin1,cost,107.66
p28033,bin1,cap,1000
p28033,bin2,cost,331.26
p28033,bin2,cap,2000
p28033,bin3,cost,3312.63
p28033,bin3,cap,20000
p28035,bin1,cost,107.66
p28035,bin1,cap,1000
p28035,bin2,cost,331.26
p28035,bin2,cap,2000
p28035,bin3,cost,3312.63
p28035,bin3,cap,20000
p28037,bin1,cost,107.66
p28037,bin1,cap,1000
p28037,bin2,cost,331.26
p28037,bin2,cap,2000
p28037,bin3,cost,3312.63
p28037,bin3,cap,20000
p28039,bin1,cost,107.66
p28039,bin1,cap,1000
p28039,bin2,cost,331.26
p28039,bin2,cap,2000
p28039,bin3,cost,3312.63
p28039,bin3,cap,20000
p28041,bin1,cost,107.66
p28041,bin1,cap,1000
p28041,bin2,cost,331.26
p28041,bin2,cap,2000
p28041,bin3,cost,3312.63
p28041,bin3,cap,20000
p28043,bin1,cost,107.66
p28043,bin1,cap,1000
p28043,bin2,cost,331.26
p28043,bin2,cap,2000
p28043,bin3,cost,3312.63
p28043,bin3,cap,20000
p28045,bin1,cost,107.66
p28045,bin1,cap,1000
p28045,bin2,cost,331.26
p28045,bin2,cap,2000
p28045,bin3,cost,3312.63
p28045,bin3,cap,20000
p28047,bin1,cost,107.66
p28047,bin1,cap,1000
p28047,bin2,cost,331.26
p28047,bin2,cap,2000
p28047,bin3,cost,3312.63
p28047,bin3,cap,20000
p28049,bin1,cost,107.66
p28049,bin1,cap,1000
p28049,bin2,cost,331.26
p28049,bin2,cap,2000
p28049,bin3,cost,3312.63
p28049,bin3,cap,20000
p28051,bin1,cost,107.66
p28051,bin1,cap,1000
p28051,bin2,cost,331.26
p28051,bin2,cap,2000
p28051,bin3,cost,3312.63
p28051,bin3,cap,20000
p28053,bin1,cost,107.66
p28053,bin1,cap,1000
p28053,bin2,cost,331.26
p28053,bin2,cap,2000
p28053,bin3,cost,3312.63
p28053,bin3,cap,20000
p28055,bin1,cost,107.66
p28055,bin1,cap,1000
p28055,bin2,cost,331.26
p28055,bin2,cap,2000
p28055,bin3,cost,3312.63
p28055,bin3,cap,20000
p28059,bin1,cost,107.66
p28059,bin1,cap,1000
p28059,bin2,cost,331.26
p28059,bin2,cap,2000
p28059,bin3,cost,3312.63
p28059,bin3,cap,20000
p28061,bin1,cost,107.66
p28061,bin1,cap,1000
p28061,bin2,cost,331.26
p28061,bin2,cap,2000
p28061,bin3,cost,3312.63
p28061,bin3,cap,20000
p28063,bin1,cost,107.66
p28063,bin1,cap,1000
p28063,bin2,cost,331.26
p28063,bin2,cap,2000
p28063,bin3,cost,3312.63
p28063,bin3,cap,20000
p28065,bin1,cost,107.66
p28065,bin1,cap,1000
p28065,bin2,cost,331.26
p28065,bin2,cap,2000
p28065,bin3,cost,3312.63
p28065,bin3,cap,20000
p28067,bin1,cost,107.66
p28067,bin1,cap,1000
p28067,bin2,cost,331.26
p28067,bin2,cap,2000
p28067,bin3,cost,3312.63
p28067,bin3,cap,20000
p28073,bin1,cost,107.66
p28073,bin1,cap,1000
p28073,bin2,cost,331.26
p28073,bin2,cap,2000
p28073,bin3,cost,3312.63
p28073,bin3,cap,20000
p28075,bin1,cost,107.66
p28075,bin1,cap,1000
p28075,bin2,cost,331.26
p28075,bin2,cap,2000
p28075,bin3,cost,3312.63
p28075,bin3,cap,20000
p28077,bin1,cost,107.66
p28077,bin1,cap,1000
p28077,bin2,cost,331.26
p28077,bin2,cap,2000
p28077,bin3,cost,3312.63
p28077,bin3,cap,20000
p28079,bin1,cost,107.66
p28079,bin1,cap,1000
p28079,bin2,cost,331.26
p28079,bin2,cap,2000
p28079,bin3,cost,3312.63
p28079,bin3,cap,20000
p28083,bin1,cost,107.66
p28083,bin1,cap,1000
p28083,bin2,cost,331.26
p28083,bin2,cap,2000
p28083,bin3,cost,3312.63
p28083,bin3,cap,20000
p28085,bin1,cost,107.66
p28085,bin1,cap,1000
p28085,bin2,cost,331.26
p28085,bin2,cap,2000
p28085,bin3,cost,3312.63
p28085,bin3,cap,20000
p28089,bin1,cost,107.66
p28089,bin1,cap,1000
p28089,bin2,cost,331.26
p28089,bin2,cap,2000
p28089,bin3,cost,3312.63
p28089,bin3,cap,20000
p28091,bin1,cost,107.66
p28091,bin1,cap,1000
p28091,bin2,cost,331.26
p28091,bin2,cap,2000
p28091,bin3,cost,3312.63
p28091,bin3,cap,20000
p28097,bin1,cost,107.66
p28097,bin1,cap,1000
p28097,bin2,cost,331.26
p28097,bin2,cap,2000
p28097,bin3,cost,3312.63
p28097,bin3,cap,20000
p28101,bin1,cost,107.66
p28101,bin1,cap,1000
p28101,bin2,cost,331.26
p28101,bin2,cap,2000
p28101,bin3,cost,3312.63
p28101,bin3,cap,20000
p28107,bin1,cost,107.66
p28107,bin1,cap,1000
p28107,bin2,cost,331.26
p28107,bin2,cap,2000
p28107,bin3,cost,3312.63
p28107,bin3,cap,20000
p28109,bin1,cost,107.66
p28109,bin1,cap,1000
p28109,bin2,cost,331.26
p28109,bin2,cap,2000
p28109,bin3,cost,3312.63
p28109,bin3,cap,20000
p28111,bin1,cost,107.66
p28111,bin1,cap,1000
p28111,bin2,cost,331.26
p28111,bin2,cap,2000
p28111,bin3,cost,3312.63
p28111,bin3,cap,20000
p28113,bin1,cost,107.66
p28113,bin1,cap,1000
p28113,bin2,cost,331.26
p28113,bin2,cap,2000
p28113,bin3,cost,3312.63
p28113,bin3,cap,20000
p28119,bin1,cost,107.66
p28119,bin1,cap,1000
p28119,bin2,cost,331.26
p28119,bin2,cap,2000
p28119,bin3,cost,3312.63
p28119,bin3,cap,20000
p28121,bin1,cost,107.66
p28121,bin1,cap,1000
p28121,bin2,cost,331.26
p28121,bin2,cap,2000
p28121,bin3,cost,3312.63
p28121,bin3,cap,20000
p28123,bin1,cost,107.66
p28123,bin1,cap,1000
p28123,bin2,cost,331.26
p28123,bin2,cap,2000
p28123,bin3,cost,3312.63
p28123,bin3,cap,20000
p28125,bin1,cost,107.66
p28125,bin1,cap,1000
p28125,bin2,cost,331.26
p28125,bin2,cap,2000
p28125,bin3,cost,3312.63
p28125,bin3,cap,20000
p28127,bin1,cost,107.66
p28127,bin1,cap,1000
p28127,bin2,cost,331.26
p28127,bin2,cap,2000
p28127,bin3,cost,3312.63
p28127,bin3,cap,20000
p28129,bin1,cost,107.66
p28129,bin1,cap,1000
p28129,bin2,cost,331.26
p28129,bin2,cap,2000
p28129,bin3,cost,3312.63
p28129,bin3,cap,20000
p28131,bin1,cost,107.66
p28131,bin1,cap,1000
p28131,bin2,cost,331.26
p28131,bin2,cap,2000
p28131,bin3,cost,3312.63
p28131,bin3,cap,20000
p28133,bin1,cost,107.66
p28133,bin1,cap,1000
p28133,bin2,cost,331.26
p28133,bin2,cap,2000
p28133,bin3,cost,3312.63
p28133,bin3,cap,20000
p28135,bin1,cost,107.66
p28135,bin1,cap,1000
p28135,bin2,cost,331.26
p28135,bin2,cap,2000
p28135,bin3,cost,3312.63
p28135,bin3,cap,20000
p28137,bin1,cost,107.66
p28137,bin1,cap,1000
p28137,bin2,cost,331.26
p28137,bin2,cap,2000
p28137,bin3,cost,3312.63
p28137,bin3,cap,20000
p28143,bin1,cost,107.66
p28143,bin1,cap,1000
p28143,bin2,cost,331.26
p28143,bin2,cap,2000
p28143,bin3,cost,3312.63
p28143,bin3,cap,20000
p28147,bin1,cost,107.66
p28147,bin1,cap,1000
p28147,bin2,cost,331.26
p28147,bin2,cap,2000
p28147,bin3,cost,3312.63
p28147,bin3,cap,20000
p28149,bin1,cost,107.66
p28149,bin1,cap,1000
p28149,bin2,cost,331.26
p28149,bin2,cap,2000
p28149,bin3,cost,3312.63
p28149,bin3,cap,20000
p28151,bin1,cost,107.66
p28151,bin1,cap,1000
p28151,bin2,cost,331.26
p28151,bin2,cap,2000
p28151,bin3,cost,3312.63
p28151,bin3,cap,20000
p28153,bin1,cost,107.66
p28153,bin1,cap,1000
p28153,bin2,cost,331.26
p28153,bin2,cap,2000
p28153,bin3,cost,3312.63
p28153,bin3,cap,20000
p28157,bin1,cost,107.66
p28157,bin1,cap,1000
p28157,bin2,cost,331.26
p28157,bin2,cap,2000
p28157,bin3,cost,3312.63
p28157,bin3,cap,20000
p28163,bin1,cost,107.66
p28163,bin1,cap,1000
p28163,bin2,cost,331.26
p28163,bin2,cap,2000
p28163,bin3,cost,3312.63
p28163,bin3,cap,20000
p28003,bin1,cost,107.66
p28003,bin1,cap,1000
p28003,bin2,cost,331.26
p28003,bin2,cap,2000
p28003,bin3,cost,3312.63
p28003,bin3,cap,20000
p28009,bin1,cost,107.66
p28009,bin1,cap,1000
p28009,bin2,cost,331.26
p28009,bin2,cap,2000
p28009,bin3,cost,3312.63
p28009,bin3,cap,20000
p28013,bin1,cost,107.66
p28013,bin1,cap,1000
p28013,bin2,cost,331.26
p28013,bin2,cap,2000
p28013,bin3,cost,3312.63
p28013,bin3,cap,20000
p28017,bin1,cost,107.66
p28017,bin1,cap,1000
p28017,bin2,cost,331.26
p28017,bin2,cap,2000
p28017,bin3,cost,3312.63
p28017,bin3,cap,20000
p28019,bin1,cost,107.66
p28019,bin1,cap,1000
p28019,bin2,cost,331.26
p28019,bin2,cap,2000
p28019,bin3,cost,3312.63
p28019,bin3,cap,20000
p28025,bin1,cost,107.66
p28025,bin1,cap,1000
p28025,bin2,cost,331.26
p28025,bin2,cap,2000
p28025,bin3,cost,3312.63
p28025,bin3,cap,20000
p28057,bin1,cost,107.66
p28057,bin1,cap,1000
p28057,bin2,cost,331.26
p28057,bin2,cap,2000
p28057,bin3,cost,3312.63
p28057,bin3,cap,20000
p28069,bin1,cost,107.66
p28069,bin1,cap,1000
p28069,bin2,cost,331.26
p28069,bin2,cap,2000
p28069,bin3,cost,3312.63
p28069,bin3,cap,20000
p28071,bin1,cost,107.66
p28071,bin1,cap,1000
p28071,bin2,cost,331.26
p28071,bin2,cap,2000
p28071,bin3,cost,3312.63
p28071,bin3,cap,20000
p28081,bin1,cost,107.66
p28081,bin1,cap,1000
p28081,bin2,cost,331.26
p28081,bin2,cap,2000
p28081,bin3,cost,3312.63
p28081,bin3,cap,20000
p28087,bin1,cost,107.66
p28087,bin1,cap,1000
p28087,bin2,cost,331.26
p28087,bin2,cap,2000
p28087,bin3,cost,3312.63
p28087,bin3,cap,20000
p28093,bin1,cost,107.66
p28093,bin1,cap,1000
p28093,bin2,cost,331.26
p28093,bin2,cap,2000
p28093,bin3,cost,3312.63
p28093,bin3,cap,20000
p28095,bin1,cost,107.66
p28095,bin1,cap,1000
p28095,bin2,cost,331.26
p28095,bin2,cap,2000
p28095,bin3,cost,3312.63
p28095,bin3,cap,20000
p28099,bin1,cost,107.66
p28099,bin1,cap,1000
p28099,bin2,cost,331.26
p28099,bin2,cap,2000
p28099,bin3,cost,3312.63
p28099,bin3,cap,20000
p28103,bin1,cost,107.66
p28103,bin1,cap,1000
p28103,bin2,cost,331.26
p28103,bin2,cap,2000
p28103,bin3,cost,3312.63
p28103,bin3,cap,20000
p28105,bin1,cost,107.66
p28105,bin1,cap,1000
p28105,bin2,cost,331.26
p28105,bin2,cap,2000
p28105,bin3,cost,3312.63
p28105,bin3,cap,20000
p28115,bin1,cost,107.66
p28115,bin1,cap,1000
p28115,bin2,cost,331.26
p28115,bin2,cap,2000
p28115,bin3,cost,3312.63
p28115,bin3,cap,20000
p28117,bin1,cost,107.66
p28117,bin1,cap,1000
p28117,bin2,cost,331.26
p28117,bin2,cap,2000
p28117,bin3,cost,3312.63
p28117,bin3,cap,20000
p28139,bin1,cost,107.66
p28139,bin1,cap,1000
p28139,bin2,cost,331.26
p28139,bin2,cap,2000
p28139,bin3,cost,3312.63
p28139,bin3,cap,20000
p28141,bin1,cost,107.66
p28141,bin1,cap,1000
p28141,bin2,cost,331.26
p28141,bin2,cap,2000
p28141,bin3,cost,3312.63
p28141,bin3,cap,20000
p28145,bin1,cost,107.66
p28145,bin1,cap,1000
p28145,bin2,cost,331.26
p28145,bin2,cap,2000
p28145,bin3,cost,3312.63
p28145,bin3,cap,20000
p28155,bin1,cost,107.66
p28155,bin1,cap,1000
p28155,bin2,cost,331.26
p28155,bin2,cap,2000
p28155,bin3,cost,3312.63
p28155,bin3,cap,20000
p28159,bin1,cost,107.66
p28159,bin1,cap,1000
p28159,bin2,cost,331.26
p28159,bin2,cap,2000
p28159,bin3,cost,3312.63
p28159,bin3,cap,20000
p28161,bin1,cost,107.66
p28161,bin1,cap,1000
p28161,bin2,cost,331.26
p28161,bin2,cap,2000
p28161,bin3,cost,3312.63
p28161,bin3,cap,20000
p01007,bin1,cost,107.66
p01007,bin1,cap,1000
p01007,bin2,cost,331.26
p01007,bin2,cap,2000
p01007,bin3,cost,3312.63
p01007,bin3,cap,20000
p01023,bin1,cost,107.66
p01023,bin1,cap,1000
p01023,bin2,cost,331.26
p01023,bin2,cap,2000
p01023,bin3,cost,3312.63
p01023,bin3,cap,20000
p01033,bin1,cost,107.66
p01033,bin1,cap,1000
p01033,bin2,cost,331.26
p01033,bin2,cap,2000
p01033,bin3,cost,3312.63
p01033,bin3,cap,20000
p01043,bin1,cost,107.66
p01043,bin1,cap,1000
p01043,bin2,cost,331.26
p01043,bin2,cap,2000
p01043,bin3,cost,3312.63
p01043,bin3,cap,20000
p01049,bin1,cost,107.66
p01049,bin1,cap,1000
p01049,bin2,cost,331.26
p01049,bin2,cap,2000
p01049,bin3,cost,3312.63
p01049,bin3,cap,20000
p01057,bin1,cost,107.66
p01057,bin1,cap,1000
p01057,bin2,cost,331.26
p01057,bin2,cap,2000
p01057,bin3,cost,3312.63
p01057,bin3,cap,20000
p01059,bin1,cost,107.66
p01059,bin1,cap,1000
p01059,bin2,cost,331.26
p01059,bin2,cap,2000
p01059,bin3,cost,3312.63
p01059,bin3,cap,20000
p01063,bin1,cost,107.66
p01063,bin1,cap,1000
p01063,bin2,cost,331.26
p01063,bin2,cap,2000
p01063,bin3,cost,3312.63
p01063,bin3,cap,20000
p01065,bin1,cost,107.66
p01065,bin1,cap,1000
p01065,bin2,cost,331.26
p01065,bin2,cap,2000
p01065,bin3,cost,3312.63
p01065,bin3,cap,20000
p01071,bin1,cost,107.66
p01071,bin1,cap,1000
p01071,bin2,cost,331.26
p01071,bin2,cap,2000
p01071,bin3,cost,3312.63
p01071,bin3,cap,20000
p01073,bin1,cost,107.66
p01073,bin1,cap,1000
p01073,bin2,cost,331.26
p01073,bin2,cap,2000
p01073,bin3,cost,3312.63
p01073,bin3,cap,20000
p01075,bin1,cost,107.66
p01075,bin1,cap,1000
p01075,bin2,cost,331.26
p01075,bin2,cap,2000
p01075,bin3,cost,3312.63
p01075,bin3,cap,20000
p01077,bin1,cost,107.66
p01077,bin1,cap,1000
p01077,bin2,cost,331.26
p01077,bin2,cap,2000
p01077,bin3,cost,3312.63
p01077,bin3,cap,20000
p01079,bin1,cost,107.66
p01079,bin1,cap,1000
p01079,bin2,cost,331.26
p01079,bin2,cap,2000
p01079,bin3,cost,3312.63
p01079,bin3,cap,20000
p01083,bin1,cost,107.66
p01083,bin1,cap,1000
p01083,bin2,cost,331.26
p01083,bin2,cap,2000
p01083,bin3,cost,3312.63
p01083,bin3,cap,20000
p01089,bin1,cost,107.66
p01089,bin1,cap,1000
p01089,bin2,cost,331.26
p01089,bin2,cap,2000
p01089,bin3,cost,3312.63
p01089,bin3,cap,20000
p01091,bin1,cost,107.66
p01091,bin1,cap,1000
p01091,bin2,cost,331.26
p01091,bin2,cap,2000
p01091,bin3,cost,3312.63
p01091,bin3,cap,20000
p01093,bin1,cost,107.66
p01093,bin1,cap,1000
p01093,bin2,cost,331.26
p01093,bin2,cap,2000
p01093,bin3,cost,3312.63
p01093,bin3,cap,20000
p01095,bin1,cost,107.66
p01095,bin1,cap,1000
p01095,bin2,cost,331.26
p01095,bin2,cap,2000
p01095,bin3,cost,3312.63
p01095,bin3,cap,20000
p01103,bin1,cost,107.66
p01103,bin1,cap,1000
p01103,bin2,cost,331.26
p01103,bin2,cap,2000
p01103,bin3,cost,3312.63
p01103,bin3,cap,20000
p01105,bin1,cost,107.66
p01105,bin1,cap,1000
p01105,bin2,cost,331.26
p01105,bin2,cap,2000
p01105,bin3,cost,3312.63
p01105,bin3,cap,20000
p01107,bin1,cost,107.66
p01107,bin1,cap,1000
p01107,bin2,cost,331.26
p01107,bin2,cap,2000
p01107,bin3,cost,3312.63
p01107,bin3,cap,20000
p01117,bin1,cost,107.66
p01117,bin1,cap,1000
p01117,bin2,cost,331.26
p01117,bin2,cap,2000
p01117,bin3,cost,3312.63
p01117,bin3,cap,20000
p01119,bin1,cost,107.66
p01119,bin1,cap,1000
p01119,bin2,cost,331.26
p01119,bin2,cap,2000
p01119,bin3,cost,3312.63
p01119,bin3,cap,20000
p01125,bin1,cost,107.66
p01125,bin1,cap,1000
p01125,bin2,cost,331.26
p01125,bin2,cap,2000
p01125,bin3,cost,3312.63
p01125,bin3,cap,20000
p01127,bin1,cost,107.66
p01127,bin1,cap,1000
p01127,bin2,cost,331.26
p01127,bin2,cap,2000
p01127,bin3,cost,3312.63
p01127,bin3,cap,20000
p01131,bin1,cost,107.66
p01131,bin1,cap,1000
p01131,bin2,cost,331.26
p01131,bin2,cap,2000
p01131,bin3,cost,3312.63
p01131,bin3,cap,20000
p01133,bin1,cost,107.66
p01133,bin1,cap,1000
p01133,bin2,cost,331.26
p01133,bin2,cap,2000
p01133,bin3,cost,3312.63
p01133,bin3,cap,20000
p01001,bin1,cost,107.66
p01001,bin1,cap,1000
p01001,bin2,cost,331.26
p01001,bin2,cap,2000
p01001,bin3,cost,3312.63
p01001,bin3,cap,20000
p01003,bin1,cost,107.66
p01003,bin1,cap,1000
p01003,bin2,cost,331.26
p01003,bin2,cap,2000
p01003,bin3,cost,3312.63
p01003,bin3,cap,20000
p01005,bin1,cost,107.66
p01005,bin1,cap,1000
p01005,bin2,cost,331.26
p01005,bin2,cap,2000
p01005,bin3,cost,3312.63
p01005,bin3,cap,20000
p01009,bin1,cost,107.66
p01009,bin1,cap,1000
p01009,bin2,cost,331.26
p01009,bin2,cap,2000
p01009,bin3,cost,3312.63
p01009,bin3,cap,20000
p01011,bin1,cost,107.66
p01011,bin1,cap,1000
p01011,bin2,cost,331.26
p01011,bin2,cap,2000
p01011,bin3,cost,3312.63
p01011,bin3,cap,20000
p01013,bin1,cost,107.66
p01013,bin1,cap,1000
p01013,bin2,cost,331.26
p01013,bin2,cap,2000
p01013,bin3,cost,3312.63
p01013,bin3,cap,20000
p01015,bin1,cost,107.66
p01015,bin1,cap,1000
p01015,bin2,cost,331.26
p01015,bin2,cap,2000
p01015,bin3,cost,3312.63
p01015,bin3,cap,20000
p01017,bin1,cost,107.66
p01017,bin1,cap,1000
p01017,bin2,cost,331.26
p01017,bin2,cap,2000
p01017,bin3,cost,3312.63
p01017,bin3,cap,20000
p01019,bin1,cost,107.66
p01019,bin1,cap,1000
p01019,bin2,cost,331.26
p01019,bin2,cap,2000
p01019,bin3,cost,3312.63
p01019,bin3,cap,20000
p01021,bin1,cost,107.66
p01021,bin1,cap,1000
p01021,bin2,cost,331.26
p01021,bin2,cap,2000
p01021,bin3,cost,3312.63
p01021,bin3,cap,20000
p01025,bin1,cost,107.66
p01025,bin1,cap,1000
p01025,bin2,cost,331.26
p01025,bin2,cap,2000
p01025,bin3,cost,3312.63
p01025,bin3,cap,20000
p01027,bin1,cost,107.66
p01027,bin1,cap,1000
p01027,bin2,cost,331.26
p01027,bin2,cap,2000
p01027,bin3,cost,3312.63
p01027,bin3,cap,20000
p01029,bin1,cost,107.66
p01029,bin1,cap,1000
p01029,bin2,cost,331.26
p01029,bin2,cap,2000
p01029,bin3,cost,3312.63
p01029,bin3,cap,20000
p01031,bin1,cost,107.66
p01031,bin1,cap,1000
p01031,bin2,cost,331.26
p01031,bin2,cap,2000
p01031,bin3,cost,3312.63
p01031,bin3,cap,20000
p01035,bin1,cost,107.66
p01035,bin1,cap,1000
p01035,bin2,cost,331.26
p01035,bin2,cap,2000
p01035,bin3,cost,3312.63
p01035,bin3,cap,20000
p01037,bin1,cost,107.66
p01037,bin1,cap,1000
p01037,bin2,cost,331.26
p01037,bin2,cap,2000
p01037,bin3,cost,3312.63
p01037,bin3,cap,20000
p01039,bin1,cost,107.66
p01039,bin1,cap,1000
p01039,bin2,cost,331.26
p01039,bin2,cap,2000
p01039,bin3,cost,3312.63
p01039,bin3,cap,20000
p01041,bin1,cost,107.66
p01041,bin1,cap,1000
p01041,bin2,cost,331.26
p01041,bin2,cap,2000
p01041,bin3,cost,3312.63
p01041,bin3,cap,20000
p01045,bin1,cost,107.66
p01045,bin1,cap,1000
p01045,bin2,cost,331.26
p01045,bin2,cap,2000
p01045,bin3,cost,3312.63
p01045,bin3,cap,20000
p01047,bin1,cost,107.66
p01047,bin1,cap,1000
p01047,bin2,cost,331.26
p01047,bin2,cap,2000
p01047,bin3,cost,3312.63
p01047,bin3,cap,20000
p01051,bin1,cost,107.66
p01051,bin1,cap,1000
p01051,bin2,cost,331.26
p01051,bin2,cap,2000
p01051,bin3,cost,3312.63
p01051,bin3,cap,20000
p01053,bin1,cost,107.66
p01053,bin1,cap,1000
p01053,bin2,cost,331.26
p01053,bin2,cap,2000
p01053,bin3,cost,3312.63
p01053,bin3,cap,20000
p01055,bin1,cost,107.66
p01055,bin1,cap,1000
p01055,bin2,cost,331.26
p01055,bin2,cap,2000
p01055,bin3,cost,3312.63
p01055,bin3,cap,20000
p01061,bin1,cost,107.66
p01061,bin1,cap,1000
p01061,bin2,cost,331.26
p01061,bin2,cap,2000
p01061,bin3,cost,3312.63
p01061,bin3,cap,20000
p01067,bin1,cost,107.66
p01067,bin1,cap,1000
p01067,bin2,cost,331.26
p01067,bin2,cap,2000
p01067,bin3,cost,3312.63
p01067,bin3,cap,20000
p01069,bin1,cost,107.66
p01069,bin1,cap,1000
p01069,bin2,cost,331.26
p01069,bin2,cap,2000
p01069,bin3,cost,3312.63
p01069,bin3,cap,20000
p01081,bin1,cost,107.66
p01081,bin1,cap,1000
p01081,bin2,cost,331.26
p01081,bin2,cap,2000
p01081,bin3,cost,3312.63
p01081,bin3,cap,20000
p01085,bin1,cost,107.66
p01085,bin1,cap,1000
p01085,bin2,cost,331.26
p01085,bin2,cap,2000
p01085,bin3,cost,3312.63
p01085,bin3,cap,20000
p01087,bin1,cost,107.66
p01087,bin1,cap,1000
p01087,bin2,cost,331.26
p01087,bin2,cap,2000
p01087,bin3,cost,3312.63
p01087,bin3,cap,20000
p01097,bin1,cost,107.66
p01097,bin1,cap,1000
p01097,bin2,cost,331.26
p01097,bin2,cap,2000
p01097,bin3,cost,3312.63
p01097,bin3,cap,20000
p01099,bin1,cost,107.66
p01099,bin1,cap,1000
p01099,bin2,cost,331.26
p01099,bin2,cap,2000
p01099,bin3,cost,3312.63
p01099,bin3,cap,20000
p01101,bin1,cost,107.66
p01101,bin1,cap,1000
p01101,bin2,cost,331.26
p01101,bin2,cap,2000
p01101,bin3,cost,3312.63
p01101,bin3,cap,20000
p01109,bin1,cost,107.66
p01109,bin1,cap,1000
p01109,bin2,cost,331.26
p01109,bin2,cap,2000
p01109,bin3,cost,3312.63
p01109,bin3,cap,20000
p01111,bin1,cost,107.66
p01111,bin1,cap,1000
p01111,bin2,cost,331.26
p01111,bin2,cap,2000
p01111,bin3,cost,3312.63
p01111,bin3,cap,20000
p01113,bin1,cost,107.66
p01113,bin1,cap,1000
p01113,bin2,cost,331.26
p01113,bin2,cap,2000
p01113,bin3,cost,3312.63
p01113,bin3,cap,20000
p01115,bin1,cost,107.66
p01115,bin1,cap,1000
p01115,bin2,cost,331.26
p01115,bin2,cap,2000
p01115,bin3,cost,3312.63
p01115,bin3,cap,20000
p01121,bin1,cost,107.66
p01121,bin1,cap,1000
p01121,bin2,cost,331.26
p01121,bin2,cap,2000
p01121,bin3,cost,3312.63
p01121,bin3,cap,20000
p01123,bin1,cost,107.66
p01123,bin1,cap,1000
p01123,bin2,cost,331.26
p01123,bin2,cap,2000
p01123,bin3,cost,3312.63
p01123,bin3,cap,20000
p01129,bin1,cost,107.66
p01129,bin1,cap,1000
p01129,bin2,cost,331.26
p01129,bin2,cap,2000
p01129,bin3,cost,3312.63
p01129,bin3,cap,20000
p12005,bin1,cost,107.66
p12005,bin1,cap,1000
p12005,bin2,cost,331.26
p12005,bin2,cap,2000
p12005,bin3,cost,3312.63
p12005,bin3,cap,20000
p12013,bin1,cost,107.66
p12013,bin1,cap,1000
p12013,bin2,cost,331.26
p12013,bin2,cap,2000
p12013,bin3,cost,3312.63
p12013,bin3,cap,20000
p12033,bin1,cost,107.66
p12033,bin1,cap,1000
p12033,bin2,cost,331.26
p12033,bin2,cap,2000
p12033,bin3,cost,3312.63
p12033,bin3,cap,20000
p12045,bin1,cost,107.66
p12045,bin1,cap,1000
p12045,bin2,cost,331.26
p12045,bin2,cap,2000
p12045,bin3,cost,3312.63
p12045,bin3,cap,20000
p12059,bin1,cost,107.66
p12059,bin1,cap,1000
p12059,bin2,cost,331.26
p12059,bin2,cap,2000
p12059,bin3,cost,3312.63
p12059,bin3,cap,20000
p12063,bin1,cost,107.66
p12063,bin1,cap,1000
p12063,bin2,cost,331.26
p12063,bin2,cap,2000
p12063,bin3,cost,3312.63
p12063,bin3,cap,20000
p12091,bin1,cost,107.66
p12091,bin1,cap,1000
p12091,bin2,cost,331.26
p12091,bin2,cap,2000
p12091,bin3,cost,3312.63
p12091,bin3,cap,20000
p12113,bin1,cost,107.66
p12113,bin1,cap,1000
p12113,bin2,cost,331.26
p12113,bin2,cap,2000
p12113,bin3,cost,3312.63
p12113,bin3,cap,20000
p12131,bin1,cost,107.66
p12131,bin1,cap,1000
p12131,bin2,cost,331.26
p12131,bin2,cap,2000
p12131,bin3,cost,3312.63
p12131,bin3,cap,20000
p12133,bin1,cost,107.66
p12133,bin1,cap,1000
p12133,bin2,cost,331.26
p12133,bin2,cap,2000
p12133,bin3,cost,3312.63
p12133,bin3,cap,20000
p47001,bin1,cost,107.66
p47001,bin1,cap,1000
p47001,bin2,cost,331.26
p47001,bin2,cap,2000
p47001,bin3,cost,3312.63
p47001,bin3,cap,20000
p47003,bin1,cost,107.66
p47003,bin1,cap,1000
p47003,bin2,cost,331.26
p47003,bin2,cap,2000
p47003,bin3,cost,3312.63
p47003,bin3,cap,20000
p47005,bin1,cost,107.66
p47005,bin1,cap,1000
p47005,bin2,cost,331.26
p47005,bin2,cap,2000
p47005,bin3,cost,3312.63
p47005,bin3,cap,20000
p47007,bin1,cost,107.66
p47007,bin1,cap,1000
p47007,bin2,cost,331.26
p47007,bin2,cap,2000
p47007,bin3,cost,3312.63
p47007,bin3,cap,20000
p47009,bin1,cost,107.66
p47009,bin1,cap,1000
p47009,bin2,cost,331.26
p47009,bin2,cap,2000
p47009,bin3,cost,3312.63
p47009,bin3,cap,20000
p47011,bin1,cost,107.66
p47011,bin1,cap,1000
p47011,bin2,cost,331.26
p47011,bin2,cap,2000
p47011,bin3,cost,3312.63
p47011,bin3,cap,20000
p47013,bin1,cost,107.66
p47013,bin1,cap,1000
p47013,bin2,cost,331.26
p47013,bin2,cap,2000
p47013,bin3,cost,3312.63
p47013,bin3,cap,20000
p47015,bin1,cost,107.66
p47015,bin1,cap,1000
p47015,bin2,cost,331.26
p47015,bin2,cap,2000
p47015,bin3,cost,3312.63
p47015,bin3,cap,20000
p47017,bin1,cost,107.66
p47017,bin1,cap,1000
p47017,bin2,cost,331.26
p47017,bin2,cap,2000
p47017,bin3,cost,3312.63
p47017,bin3,cap,20000
p47019,bin1,cost,107.66
p47019,bin1,cap,1000
p47019,bin2,cost,331.26
p47019,bin2,cap,2000
p47019,bin3,cost,3312.63
p47019,bin3,cap,20000
p47021,bin1,cost,107.66
p47021,bin1,cap,1000
p47021,bin2,cost,331.26
p47021,bin2,cap,2000
p47021,bin3,cost,3312.63
p47021,bin3,cap,20000
p47023,bin1,cost,107.66
p47023,bin1,cap,1000
p47023,bin2,cost,331.26
p47023,bin2,cap,2000
p47023,bin3,cost,3312.63
p47023,bin3,cap,20000
p47025,bin1,cost,107.66
p47025,bin1,cap,1000
p47025,bin2,cost,331.26
p47025,bin2,cap,2000
p47025,bin3,cost,3312.63
p47025,bin3,cap,20000
p47027,bin1,cost,107.66
p47027,bin1,cap,1000
p47027,bin2,cost,331.26
p47027,bin2,cap,2000
p47027,bin3,cost,3312.63
p47027,bin3,cap,20000
p47029,bin1,cost,107.66
p47029,bin1,cap,1000
p47029,bin2,cost,331.26
p47029,bin2,cap,2000
p47029,bin3,cost,3312.63
p47029,bin3,cap,20000
p47031,bin1,cost,107.66
p47031,bin1,cap,1000
p47031,bin2,cost,331.26
p47031,bin2,cap,2000
p47031,bin3,cost,3312.63
p47031,bin3,cap,20000
p47033,bin1,cost,107.66
p47033,bin1,cap,1000
p47033,bin2,cost,331.26
p47033,bin2,cap,2000
p47033,bin3,cost,3312.63
p47033,bin3,cap,20000
p47035,bin1,cost,107.66
p47035,bin1,cap,1000
p47035,bin2,cost,331.26
p47035,bin2,cap,2000
p47035,bin3,cost,3312.63
p47035,bin3,cap,20000
p47037,bin1,cost,107.66
p47037,bin1,cap,1000
p47037,bin2,cost,331.26
p47037,bin2,cap,2000
p47037,bin3,cost,3312.63
p47037,bin3,cap,20000
p47039,bin1,cost,107.66
p47039,bin1,cap,1000
p47039,bin2,cost,331.26
p47039,bin2,cap,2000
p47039,bin3,cost,3312.63
p47039,bin3,cap,20000
p47041,bin1,cost,107.66
p47041,bin1,cap,1000
p47041,bin2,cost,331.26
p47041,bin2,cap,2000
p47041,bin3,cost,3312.63
p47041,bin3,cap,20000
p47043,bin1,cost,107.66
p47043,bin1,cap,1000
p47043,bin2,cost,331.26
p47043,bin2,cap,2000
p47043,bin3,cost,3312.63
p47043,bin3,cap,20000
p47045,bin1,cost,107.66
p47045,bin1,cap,1000
p47045,bin2,cost,331.26
p47045,bin2,cap,2000
p47045,bin3,cost,3312.63
p47045,bin3,cap,20000
p47047,bin1,cost,107.66
p47047,bin1,cap,1000
p47047,bin2,cost,331.26
p47047,bin2,cap,2000
p47047,bin3,cost,3312.63
p47047,bin3,cap,20000
p47049,bin1,cost,107.66
p47049,bin1,cap,1000
p47049,bin2,cost,331.26
p47049,bin2,cap,2000
p47049,bin3,cost,3312.63
p47049,bin3,cap,20000
p47051,bin1,cost,107.66
p47051,bin1,cap,1000
p47051,bin2,cost,331.26
p47051,bin2,cap,2000
p47051,bin3,cost,3312.63
p47051,bin3,cap,20000
p47053,bin1,cost,107.66
p47053,bin1,cap,1000
p47053,bin2,cost,331.26
p47053,bin2,cap,2000
p47053,bin3,cost,3312.63
p47053,bin3,cap,20000
p47055,bin1,cost,107.66
p47055,bin1,cap,1000
p47055,bin2,cost,331.26
p47055,bin2,cap,2000
p47055,bin3,cost,3312.63
p47055,bin3,cap,20000
p47057,bin1,cost,107.66
p47057,bin1,cap,1000
p47057,bin2,cost,331.26
p47057,bin2,cap,2000
p47057,bin3,cost,3312.63
p47057,bin3,cap,20000
p47059,bin1,cost,107.66
p47059,bin1,cap,1000
p47059,bin2,cost,331.26
p47059,bin2,cap,2000
p47059,bin3,cost,3312.63
p47059,bin3,cap,20000
p47061,bin1,cost,107.66
p47061,bin1,cap,1000
p47061,bin2,cost,331.26
p47061,bin2,cap,2000
p47061,bin3,cost,3312.63
p47061,bin3,cap,20000
p47063,bin1,cost,107.66
p47063,bin1,cap,1000
p47063,bin2,cost,331.26
p47063,bin2,cap,2000
p47063,bin3,cost,3312.63
p47063,bin3,cap,20000
p47065,bin1,cost,107.66
p47065,bin1,cap,1000
p47065,bin2,cost,331.26
p47065,bin2,cap,2000
p47065,bin3,cost,3312.63
p47065,bin3,cap,20000
p47067,bin1,cost,107.66
p47067,bin1,cap,1000
p47067,bin2,cost,331.26
p47067,bin2,cap,2000
p47067,bin3,cost,3312.63
p47067,bin3,cap,20000
p47069,bin1,cost,107.66
p47069,bin1,cap,1000
p47069,bin2,cost,331.26
p47069,bin2,cap,2000
p47069,bin3,cost,3312.63
p47069,bin3,cap,20000
p47071,bin1,cost,107.66
p47071,bin1,cap,1000
p47071,bin2,cost,331.26
p47071,bin2,cap,2000
p47071,bin3,cost,3312.63
p47071,bin3,cap,20000
p47073,bin1,cost,107.66
p47073,bin1,cap,1000
p47073,bin2,cost,331.26
p47073,bin2,cap,2000
p47073,bin3,cost,3312.63
p47073,bin3,cap,20000
p47075,bin1,cost,107.66
p47075,bin1,cap,1000
p47075,bin2,cost,331.26
p47075,bin2,cap,2000
p47075,bin3,cost,3312.63
p47075,bin3,cap,20000
p47077,bin1,cost,107.66
p47077,bin1,cap,1000
p47077,bin2,cost,331.26
p47077,bin2,cap,2000
p47077,bin3,cost,3312.63
p47077,bin3,cap,20000
p47079,bin1,cost,107.66
p47079,bin1,cap,1000
p47079,bin2,cost,331.26
p47079,bin2,cap,2000
p47079,bin3,cost,3312.63
p47079,bin3,cap,20000
p47081,bin1,cost,107.66
p47081,bin1,cap,1000
p47081,bin2,cost,331.26
p47081,bin2,cap,2000
p47081,bin3,cost,3312.63
p47081,bin3,cap,20000
p47083,bin1,cost,107.66
p47083,bin1,cap,1000
p47083,bin2,cost,331.26
p47083,bin2,cap,2000
p47083,bin3,cost,3312.63
p47083,bin3,cap,20000
p47085,bin1,cost,107.66
p47085,bin1,cap,1000
p47085,bin2,cost,331.26
p47085,bin2,cap,2000
p47085,bin3,cost,3312.63
p47085,bin3,cap,20000
p47087,bin1,cost,107.66
p47087,bin1,cap,1000
p47087,bin2,cost,331.26
p47087,bin2,cap,2000
p47087,bin3,cost,3312.63
p47087,bin3,cap,20000
p47089,bin1,cost,107.66
p47089,bin1,cap,1000
p47089,bin2,cost,331.26
p47089,bin2,cap,2000
p47089,bin3,cost,3312.63
p47089,bin3,cap,20000
p47091,bin1,cost,107.66
p47091,bin1,cap,1000
p47091,bin2,cost,331.26
p47091,bin2,cap,2000
p47091,bin3,cost,3312.63
p47091,bin3,cap,20000
p47093,bin1,cost,107.66
p47093,bin1,cap,1000
p47093,bin2,cost,331.26
p47093,bin2,cap,2000
p47093,bin3,cost,3312.63
p47093,bin3,cap,20000
p47095,bin1,cost,107.66
p47095,bin1,cap,1000
p47095,bin2,cost,331.26
p47095,bin2,cap,2000
p47095,bin3,cost,3312.63
p47095,bin3,cap,20000
p47097,bin1,cost,107.66
p47097,bin1,cap,1000
p47097,bin2,cost,331.26
p47097,bin2,cap,2000
p47097,bin3,cost,3312.63
p47097,bin3,cap,20000
p47099,bin1,cost,107.66
p47099,bin1,cap,1000
p47099,bin2,cost,331.26
p47099,bin2,cap,2000
p47099,bin3,cost,3312.63
p47099,bin3,cap,20000
p47101,bin1,cost,107.66
p47101,bin1,cap,1000
p47101,bin2,cost,331.26
p47101,bin2,cap,2000
p47101,bin3,cost,3312.63
p47101,bin3,cap,20000
p47103,bin1,cost,107.66
p47103,bin1,cap,1000
p47103,bin2,cost,331.26
p47103,bin2,cap,2000
p47103,bin3,cost,3312.63
p47103,bin3,cap,20000
p47105,bin1,cost,107.66
p47105,bin1,cap,1000
p47105,bin2,cost,331.26
p47105,bin2,cap,2000
p47105,bin3,cost,3312.63
p47105,bin3,cap,20000
p47107,bin1,cost,107.66
p47107,bin1,cap,1000
p47107,bin2,cost,331.26
p47107,bin2,cap,2000
p47107,bin3,cost,3312.63
p47107,bin3,cap,20000
p47109,bin1,cost,107.66
p47109,bin1,cap,1000
p47109,bin2,cost,331.26
p47109,bin2,cap,2000
p47109,bin3,cost,3312.63
p47109,bin3,cap,20000
p47111,bin1,cost,107.66
p47111,bin1,cap,1000
p47111,bin2,cost,331.26
p47111,bin2,cap,2000
p47111,bin3,cost,3312.63
p47111,bin3,cap,20000
p47113,bin1,cost,107.66
p47113,bin1,cap,1000
p47113,bin2,cost,331.26
p47113,bin2,cap,2000
p47113,bin3,cost,3312.63
p47113,bin3,cap,20000
p47115,bin1,cost,107.66
p47115,bin1,cap,1000
p47115,bin2,cost,331.26
p47115,bin2,cap,2000
p47115,bin3,cost,3312.63
p47115,bin3,cap,20000
p47117,bin1,cost,107.66
p47117,bin1,cap,1000
p47117,bin2,cost,331.26
p47117,bin2,cap,2000
p47117,bin3,cost,3312.63
p47117,bin3,cap,20000
p47119,bin1,cost,107.66
p47119,bin1,cap,1000
p47119,bin2,cost,331.26
p47119,bin2,cap,2000
p47119,bin3,cost,3312.63
p47119,bin3,cap,20000
p47121,bin1,cost,107.66
p47121,bin1,cap,1000
p47121,bin2,cost,331.26
p47121,bin2,cap,2000
p47121,bin3,cost,3312.63
p47121,bin3,cap,20000
p47123,bin1,cost,107.66
p47123,bin1,cap,1000
p47123,bin2,cost,331.26
p47123,bin2,cap,2000
p47123,bin3,cost,3312.63
p47123,bin3,cap,20000
p47125,bin1,cost,107.66
p47125,bin1,cap,1000
p47125,bin2,cost,331.26
p47125,bin2,cap,2000
p47125,bin3,cost,3312.63
p47125,bin3,cap,20000
p47127,bin1,cost,107.66
p47127,bin1,cap,1000
p47127,bin2,cost,331.26
p47127,bin2,cap,2000
p47127,bin3,cost,3312.63
p47127,bin3,cap,20000
p47129,bin1,cost,107.66
p47129,bin1,cap,1000
p47129,bin2,cost,331.26
p47129,bin2,cap,2000
p47129,bin3,cost,3312.63
p47129,bin3,cap,20000
p47131,bin1,cost,107.66
p47131,bin1,cap,1000
p47131,bin2,cost,331.26
p47131,bin2,cap,2000
p47131,bin3,cost,3312.63
p47131,bin3,cap,20000
p47133,bin1,cost,107.66
p47133,bin1,cap,1000
p47133,bin2,cost,331.26
p47133,bin2,cap,2000
p47133,bin3,cost,3312.63
p47133,bin3,cap,20000
p47135,bin1,cost,107.66
p47135,bin1,cap,1000
p47135,bin2,cost,331.26
p47135,bin2,cap,2000
p47135,bin3,cost,3312.63
p47135,bin3,cap,20000
p47137,bin1,cost,107.66
p47137,bin1,cap,1000
p47137,bin2,cost,331.26
p47137,bin2,cap,2000
p47137,bin3,cost,3312.63
p47137,bin3,cap,20000
p47139,bin1,cost,107.66
p47139,bin1,cap,1000
p47139,bin2,cost,331.26
p47139,bin2,cap,2000
p47139,bin3,cost,3312.63
p47139,bin3,cap,20000
p47141,bin1,cost,107.66
p47141,bin1,cap,1000
p47141,bin2,cost,331.26
p47141,bin2,cap,2000
p47141,bin3,cost,3312.63
p47141,bin3,cap,20000
p47143,bin1,cost,107.66
p47143,bin1,cap,1000
p47143,bin2,cost,331.26
p47143,bin2,cap,2000
p47143,bin3,cost,3312.63
p47143,bin3,cap,20000
p47145,bin1,cost,107.66
p47145,bin1,cap,1000
p47145,bin2,cost,331.26
p47145,bin2,cap,2000
p47145,bin3,cost,3312.63
p47145,bin3,cap,20000
p47147,bin1,cost,107.66
p47147,bin1,cap,1000
p47147,bin2,cost,331.26
p47147,bin2,cap,2000
p47147,bin3,cost,3312.63
p47147,bin3,cap,20000
p47149,bin1,cost,107.66
p47149,bin1,cap,1000
p47149,bin2,cost,331.26
p47149,bin2,cap,2000
p47149,bin3,cost,3312.63
p47149,bin3,cap,20000
p47151,bin1,cost,107.66
p47151,bin1,cap,1000
p47151,bin2,cost,331.26
p47151,bin2,cap,2000
p47151,bin3,cost,3312.63
p47151,bin3,cap,20000
p47153,bin1,cost,107.66
p47153,bin1,cap,1000
p47153,bin2,cost,331.26
p47153,bin2,cap,2000
p47153,bin3,cost,3312.63
p47153,bin3,cap,20000
p47155,bin1,cost,107.66
p47155,bin1,cap,1000
p47155,bin2,cost,331.26
p47155,bin2,cap,2000
p47155,bin3,cost,3312.63
p47155,bin3,cap,20000
p47157,bin1,cost,107.66
p47157,bin1,cap,1000
p47157,bin2,cost,331.26
p47157,bin2,cap,2000
p47157,bin3,cost,3312.63
p47157,bin3,cap,20000
p47159,bin1,cost,107.66
p47159,bin1,cap,1000
p47159,bin2,cost,331.26
p47159,bin2,cap,2000
p47159,bin3,cost,3312.63
p47159,bin3,cap,20000
p47161,bin1,cost,107.66
p47161,bin1,cap,1000
p47161,bin2,cost,331.26
p47161,bin2,cap,2000
p47161,bin3,cost,3312.63
p47161,bin3,cap,20000
p47163,bin1,cost,107.66
p47163,bin1,cap,1000
p47163,bin2,cost,331.26
p47163,bin2,cap,2000
p47163,bin3,cost,3312.63
p47163,bin3,cap,20000
p47165,bin1,cost,107.66
p47165,bin1,cap,1000
p47165,bin2,cost,331.26
p47165,bin2,cap,2000
p47165,bin3,cost,3312.63
p47165,bin3,cap,20000
p47167,bin1,cost,107.66
p47167,bin1,cap,1000
p47167,bin2,cost,331.26
p47167,bin2,cap,2000
p47167,bin3,cost,3312.63
p47167,bin3,cap,20000
p47169,bin1,cost,107.66
p47169,bin1,cap,1000
p47169,bin2,cost,331.26
p47169,bin2,cap,2000
p47169,bin3,cost,3312.63
p47169,bin3,cap,20000
p47171,bin1,cost,107.66
p47171,bin1,cap,1000
p47171,bin2,cost,331.26
p47171,bin2,cap,2000
p47171,bin3,cost,3312.63
p47171,bin3,cap,20000
p47173,bin1,cost,107.66
p47173,bin1,cap,1000
p47173,bin2,cost,331.26
p47173,bin2,cap,2000
p47173,bin3,cost,3312.63
p47173,bin3,cap,20000
p47175,bin1,cost,107.66
p47175,bin1,cap,1000
p47175,bin2,cost,331.26
p47175,bin2,cap,2000
p47175,bin3,cost,3312.63
p47175,bin3,cap,20000
p47177,bin1,cost,107.66
p47177,bin1,cap,1000
p47177,bin2,cost,331.26
p47177,bin2,cap,2000
p47177,bin3,cost,3312.63
p47177,bin3,cap,20000
p47179,bin1,cost,107.66
p47179,bin1,cap,1000
p47179,bin2,cost,331.26
p47179,bin2,cap,2000
p47179,bin3,cost,3312.63
p47179,bin3,cap,20000
p47181,bin1,cost,107.66
p47181,bin1,cap,1000
p47181,bin2,cost,331.26
p47181,bin2,cap,2000
p47181,bin3,cost,3312.63
p47181,bin3,cap,20000
p47183,bin1,cost,107.66
p47183,bin1,cap,1000
p47183,bin2,cost,331.26
p47183,bin2,cap,2000
p47183,bin3,cost,3312.63
p47183,bin3,cap,20000
p47185,bin1,cost,107.66
p47185,bin1,cap,1000
p47185,bin2,cost,331.26
p47185,bin2,cap,2000
p47185,bin3,cost,3312.63
p47185,bin3,cap,20000
p47187,bin1,cost,107.66
p47187,bin1,cap,1000
p47187,bin2,cost,331.26
p47187,bin2,cap,2000
p47187,bin3,cost,3312.63
p47187,bin3,cap,20000
p47189,bin1,cost,107.66
p47189,bin1,cap,1000
p47189,bin2,cost,331.26
p47189,bin2,cap,2000
p47189,bin3,cost,3312.63
p47189,bin3,cap,20000
p21003,bin1,cost,107.66
p21003,bin1,cap,1000
p21003,bin2,cost,331.26
p21003,bin2,cap,2000
p21003,bin3,cost,3312.63
p21003,bin3,cap,20000
p21007,bin1,cost,107.66
p21007,bin1,cap,1000
p21007,bin2,cost,331.26
p21007,bin2,cap,2000
p21007,bin3,cost,3312.63
p21007,bin3,cap,20000
p21031,bin1,cost,107.66
p21031,bin1,cap,1000
p21031,bin2,cost,331.26
p21031,bin2,cap,2000
p21031,bin3,cost,3312.63
p21031,bin3,cap,20000
p21035,bin1,cost,107.66
p21035,bin1,cap,1000
p21035,bin2,cost,331.26
p21035,bin2,cap,2000
p21035,bin3,cost,3312.63
p21035,bin3,cap,20000
p21039,bin1,cost,107.66
p21039,bin1,cap,1000
p21039,bin2,cost,331.26
p21039,bin2,cap,2000
p21039,bin3,cost,3312.63
p21039,bin3,cap,20000
p21047,bin1,cost,107.66
p21047,bin1,cap,1000
p21047,bin2,cost,331.26
p21047,bin2,cap,2000
p21047,bin3,cost,3312.63
p21047,bin3,cap,20000
p21053,bin1,cost,107.66
p21053,bin1,cap,1000
p21053,bin2,cost,331.26
p21053,bin2,cap,2000
p21053,bin3,cost,3312.63
p21053,bin3,cap,20000
p21057,bin1,cost,107.66
p21057,bin1,cap,1000
p21057,bin2,cost,331.26
p21057,bin2,cap,2000
p21057,bin3,cost,3312.63
p21057,bin3,cap,20000
p21075,bin1,cost,107.66
p21075,bin1,cap,1000
p21075,bin2,cost,331.26
p21075,bin2,cap,2000
p21075,bin3,cost,3312.63
p21075,bin3,cap,20000
p21083,bin1,cost,107.66
p21083,bin1,cap,1000
p21083,bin2,cost,331.26
p21083,bin2,cap,2000
p21083,bin3,cost,3312.63
p21083,bin3,cap,20000
p21105,bin1,cost,107.66
p21105,bin1,cap,1000
p21105,bin2,cost,331.26
p21105,bin2,cap,2000
p21105,bin3,cost,3312.63
p21105,bin3,cap,20000
p21139,bin1,cost,107.66
p21139,bin1,cap,1000
p21139,bin2,cost,331.26
p21139,bin2,cap,2000
p21139,bin3,cost,3312.63
p21139,bin3,cap,20000
p21141,bin1,cost,107.66
p21141,bin1,cap,1000
p21141,bin2,cost,331.26
p21141,bin2,cap,2000
p21141,bin3,cost,3312.63
p21141,bin3,cap,20000
p21143,bin1,cost,107.66
p21143,bin1,cap,1000
p21143,bin2,cost,331.26
p21143,bin2,cap,2000
p21143,bin3,cost,3312.63
p21143,bin3,cap,20000
p21145,bin1,cost,107.66
p21145,bin1,cap,1000
p21145,bin2,cost,331.26
p21145,bin2,cap,2000
p21145,bin3,cost,3312.63
p21145,bin3,cap,20000
p21147,bin1,cost,107.66
p21147,bin1,cap,1000
p21147,bin2,cost,331.26
p21147,bin2,cap,2000
p21147,bin3,cost,3312.63
p21147,bin3,cap,20000
p21157,bin1,cost,107.66
p21157,bin1,cap,1000
p21157,bin2,cost,331.26
p21157,bin2,cap,2000
p21157,bin3,cost,3312.63
p21157,bin3,cap,20000
p21169,bin1,cost,107.66
p21169,bin1,cap,1000
p21169,bin2,cost,331.26
p21169,bin2,cap,2000
p21169,bin3,cost,3312.63
p21169,bin3,cap,20000
p21171,bin1,cost,107.66
p21171,bin1,cap,1000
p21171,bin2,cost,331.26
p21171,bin2,cap,2000
p21171,bin3,cost,3312.63
p21171,bin3,cap,20000
p21199,bin1,cost,107.66
p21199,bin1,cap,1000
p21199,bin2,cost,331.26
p21199,bin2,cap,2000
p21199,bin3,cost,3312.63
p21199,bin3,cap,20000
p21207,bin1,cost,107.66
p21207,bin1,cap,1000
p21207,bin2,cost,331.26
p21207,bin2,cap,2000
p21207,bin3,cost,3312.63
p21207,bin3,cap,20000
p21213,bin1,cost,107.66
p21213,bin1,cap,1000
p21213,bin2,cost,331.26
p21213,bin2,cap,2000
p21213,bin3,cost,3312.63
p21213,bin3,cap,20000
p21219,bin1,cost,107.66
p21219,bin1,cap,1000
p21219,bin2,cost,331.26
p21219,bin2,cap,2000
p21219,bin3,cost,3312.63
p21219,bin3,cap,20000
p21221,bin1,cost,107.66
p21221,bin1,cap,1000
p21221,bin2,cost,331.26
p21221,bin2,cap,2000
p21221,bin3,cost,3312.63
p21221,bin3,cap,20000
p21227,bin1,cost,107.66
p21227,bin1,cap,1000
p21227,bin2,cost,331.26
p21227,bin2,cap,2000
p21227,bin3,cost,3312.63
p21227,bin3,cap,20000
p21231,bin1,cost,107.66
p21231,bin1,cap,1000
p21231,bin2,cost,331.26
p21231,bin2,cap,2000
p21231,bin3,cost,3312.63
p21231,bin3,cap,20000
p13001,bin1,cost,107.66
p13001,bin1,cap,1000
p13001,bin2,cost,331.26
p13001,bin2,cap,2000
p13001,bin3,cost,3312.63
p13001,bin3,cap,20000
p13003,bin1,cost,107.66
p13003,bin1,cap,1000
p13003,bin2,cost,331.26
p13003,bin2,cap,2000
p13003,bin3,cost,3312.63
p13003,bin3,cap,20000
p13005,bin1,cost,107.66
p13005,bin1,cap,1000
p13005,bin2,cost,331.26
p13005,bin2,cap,2000
p13005,bin3,cost,3312.63
p13005,bin3,cap,20000
p13007,bin1,cost,107.66
p13007,bin1,cap,1000
p13007,bin2,cost,331.26
p13007,bin2,cap,2000
p13007,bin3,cost,3312.63
p13007,bin3,cap,20000
p13009,bin1,cost,107.66
p13009,bin1,cap,1000
p13009,bin2,cost,331.26
p13009,bin2,cap,2000
p13009,bin3,cost,3312.63
p13009,bin3,cap,20000
p13011,bin1,cost,107.66
p13011,bin1,cap,1000
p13011,bin2,cost,331.26
p13011,bin2,cap,2000
p13011,bin3,cost,3312.63
p13011,bin3,cap,20000
p13013,bin1,cost,107.66
p13013,bin1,cap,1000
p13013,bin2,cost,331.26
p13013,bin2,cap,2000
p13013,bin3,cost,3312.63
p13013,bin3,cap,20000
p13015,bin1,cost,107.66
p13015,bin1,cap,1000
p13015,bin2,cost,331.26
p13015,bin2,cap,2000
p13015,bin3,cost,3312.63
p13015,bin3,cap,20000
p13017,bin1,cost,107.66
p13017,bin1,cap,1000
p13017,bin2,cost,331.26
p13017,bin2,cap,2000
p13017,bin3,cost,3312.63
p13017,bin3,cap,20000
p13019,bin1,cost,107.66
p13019,bin1,cap,1000
p13019,bin2,cost,331.26
p13019,bin2,cap,2000
p13019,bin3,cost,3312.63
p13019,bin3,cap,20000
p13021,bin1,cost,107.66
p13021,bin1,cap,1000
p13021,bin2,cost,331.26
p13021,bin2,cap,2000
p13021,bin3,cost,3312.63
p13021,bin3,cap,20000
p13023,bin1,cost,107.66
p13023,bin1,cap,1000
p13023,bin2,cost,331.26
p13023,bin2,cap,2000
p13023,bin3,cost,3312.63
p13023,bin3,cap,20000
p13025,bin1,cost,107.66
p13025,bin1,cap,1000
p13025,bin2,cost,331.26
p13025,bin2,cap,2000
p13025,bin3,cost,3312.63
p13025,bin3,cap,20000
p13027,bin1,cost,107.66
p13027,bin1,cap,1000
p13027,bin2,cost,331.26
p13027,bin2,cap,2000
p13027,bin3,cost,3312.63
p13027,bin3,cap,20000
p13029,bin1,cost,107.66
p13029,bin1,cap,1000
p13029,bin2,cost,331.26
p13029,bin2,cap,2000
p13029,bin3,cost,3312.63
p13029,bin3,cap,20000
p13031,bin1,cost,107.66
p13031,bin1,cap,1000
p13031,bin2,cost,331.26
p13031,bin2,cap,2000
p13031,bin3,cost,3312.63
p13031,bin3,cap,20000
p13033,bin1,cost,107.66
p13033,bin1,cap,1000
p13033,bin2,cost,331.26
p13033,bin2,cap,2000
p13033,bin3,cost,3312.63
p13033,bin3,cap,20000
p13035,bin1,cost,107.66
p13035,bin1,cap,1000
p13035,bin2,cost,331.26
p13035,bin2,cap,2000
p13035,bin3,cost,3312.63
p13035,bin3,cap,20000
p13037,bin1,cost,107.66
p13037,bin1,cap,1000
p13037,bin2,cost,331.26
p13037,bin2,cap,2000
p13037,bin3,cost,3312.63
p13037,bin3,cap,20000
p13039,bin1,cost,107.66
p13039,bin1,cap,1000
p13039,bin2,cost,331.26
p13039,bin2,cap,2000
p13039,bin3,cost,3312.63
p13039,bin3,cap,20000
p13043,bin1,cost,107.66
p13043,bin1,cap,1000
p13043,bin2,cost,331.26
p13043,bin2,cap,2000
p13043,bin3,cost,3312.63
p13043,bin3,cap,20000
p13045,bin1,cost,107.66
p13045,bin1,cap,1000
p13045,bin2,cost,331.26
p13045,bin2,cap,2000
p13045,bin3,cost,3312.63
p13045,bin3,cap,20000
p13047,bin1,cost,107.66
p13047,bin1,cap,1000
p13047,bin2,cost,331.26
p13047,bin2,cap,2000
p13047,bin3,cost,3312.63
p13047,bin3,cap,20000
p13049,bin1,cost,107.66
p13049,bin1,cap,1000
p13049,bin2,cost,331.26
p13049,bin2,cap,2000
p13049,bin3,cost,3312.63
p13049,bin3,cap,20000
p13051,bin1,cost,107.66
p13051,bin1,cap,1000
p13051,bin2,cost,331.26
p13051,bin2,cap,2000
p13051,bin3,cost,3312.63
p13051,bin3,cap,20000
p13053,bin1,cost,107.66
p13053,bin1,cap,1000
p13053,bin2,cost,331.26
p13053,bin2,cap,2000
p13053,bin3,cost,3312.63
p13053,bin3,cap,20000
p13055,bin1,cost,107.66
p13055,bin1,cap,1000
p13055,bin2,cost,331.26
p13055,bin2,cap,2000
p13055,bin3,cost,3312.63
p13055,bin3,cap,20000
p13057,bin1,cost,107.66
p13057,bin1,cap,1000
p13057,bin2,cost,331.26
p13057,bin2,cap,2000
p13057,bin3,cost,3312.63
p13057,bin3,cap,20000
p13059,bin1,cost,107.66
p13059,bin1,cap,1000
p13059,bin2,cost,331.26
p13059,bin2,cap,2000
p13059,bin3,cost,3312.63
p13059,bin3,cap,20000
p13061,bin1,cost,107.66
p13061,bin1,cap,1000
p13061,bin2,cost,331.26
p13061,bin2,cap,2000
p13061,bin3,cost,3312.63
p13061,bin3,cap,20000
p13063,bin1,cost,107.66
p13063,bin1,cap,1000
p13063,bin2,cost,331.26
p13063,bin2,cap,2000
p13063,bin3,cost,3312.63
p13063,bin3,cap,20000
p13065,bin1,cost,107.66
p13065,bin1,cap,1000
p13065,bin2,cost,331.26
p13065,bin2,cap,2000
p13065,bin3,cost,3312.63
p13065,bin3,cap,20000
p13067,bin1,cost,107.66
p13067,bin1,cap,1000
p13067,bin2,cost,331.26
p13067,bin2,cap,2000
p13067,bin3,cost,3312.63
p13067,bin3,cap,20000
p13069,bin1,cost,107.66
p13069,bin1,cap,1000
p13069,bin2,cost,331.26
p13069,bin2,cap,2000
p13069,bin3,cost,3312.63
p13069,bin3,cap,20000
p13071,bin1,cost,107.66
p13071,bin1,cap,1000
p13071,bin2,cost,331.26
p13071,bin2,cap,2000
p13071,bin3,cost,3312.63
p13071,bin3,cap,20000
p13073,bin1,cost,107.66
p13073,bin1,cap,1000
p13073,bin2,cost,331.26
p13073,bin2,cap,2000
p13073,bin3,cost,3312.63
p13073,bin3,cap,20000
p13075,bin1,cost,107.66
p13075,bin1,cap,1000
p13075,bin2,cost,331.26
p13075,bin2,cap,2000
p13075,bin3,cost,3312.63
p13075,bin3,cap,20000
p13077,bin1,cost,107.66
p13077,bin1,cap,1000
p13077,bin2,cost,331.26
p13077,bin2,cap,2000
p13077,bin3,cost,3312.63
p13077,bin3,cap,20000
p13079,bin1,cost,107.66
p13079,bin1,cap,1000
p13079,bin2,cost,331.26
p13079,bin2,cap,2000
p13079,bin3,cost,3312.63
p13079,bin3,cap,20000
p13081,bin1,cost,107.66
p13081,bin1,cap,1000
p13081,bin2,cost,331.26
p13081,bin2,cap,2000
p13081,bin3,cost,3312.63
p13081,bin3,cap,20000
p13083,bin1,cost,107.66
p13083,bin1,cap,1000
p13083,bin2,cost,331.26
p13083,bin2,cap,2000
p13083,bin3,cost,3312.63
p13083,bin3,cap,20000
p13085,bin1,cost,107.66
p13085,bin1,cap,1000
p13085,bin2,cost,331.26
p13085,bin2,cap,2000
p13085,bin3,cost,3312.63
p13085,bin3,cap,20000
p13087,bin1,cost,107.66
p13087,bin1,cap,1000
p13087,bin2,cost,331.26
p13087,bin2,cap,2000
p13087,bin3,cost,3312.63
p13087,bin3,cap,20000
p13089,bin1,cost,107.66
p13089,bin1,cap,1000
p13089,bin2,cost,331.26
p13089,bin2,cap,2000
p13089,bin3,cost,3312.63
p13089,bin3,cap,20000
p13091,bin1,cost,107.66
p13091,bin1,cap,1000
p13091,bin2,cost,331.26
p13091,bin2,cap,2000
p13091,bin3,cost,3312.63
p13091,bin3,cap,20000
p13093,bin1,cost,107.66
p13093,bin1,cap,1000
p13093,bin2,cost,331.26
p13093,bin2,cap,2000
p13093,bin3,cost,3312.63
p13093,bin3,cap,20000
p13095,bin1,cost,107.66
p13095,bin1,cap,1000
p13095,bin2,cost,331.26
p13095,bin2,cap,2000
p13095,bin3,cost,3312.63
p13095,bin3,cap,20000
p13097,bin1,cost,107.66
p13097,bin1,cap,1000
p13097,bin2,cost,331.26
p13097,bin2,cap,2000
p13097,bin3,cost,3312.63
p13097,bin3,cap,20000
p13099,bin1,cost,107.66
p13099,bin1,cap,1000
p13099,bin2,cost,331.26
p13099,bin2,cap,2000
p13099,bin3,cost,3312.63
p13099,bin3,cap,20000
p13101,bin1,cost,107.66
p13101,bin1,cap,1000
p13101,bin2,cost,331.26
p13101,bin2,cap,2000
p13101,bin3,cost,3312.63
p13101,bin3,cap,20000
p13103,bin1,cost,107.66
p13103,bin1,cap,1000
p13103,bin2,cost,331.26
p13103,bin2,cap,2000
p13103,bin3,cost,3312.63
p13103,bin3,cap,20000
p13105,bin1,cost,107.66
p13105,bin1,cap,1000
p13105,bin2,cost,331.26
p13105,bin2,cap,2000
p13105,bin3,cost,3312.63
p13105,bin3,cap,20000
p13107,bin1,cost,107.66
p13107,bin1,cap,1000
p13107,bin2,cost,331.26
p13107,bin2,cap,2000
p13107,bin3,cost,3312.63
p13107,bin3,cap,20000
p13109,bin1,cost,107.66
p13109,bin1,cap,1000
p13109,bin2,cost,331.26
p13109,bin2,cap,2000
p13109,bin3,cost,3312.63
p13109,bin3,cap,20000
p13111,bin1,cost,107.66
p13111,bin1,cap,1000
p13111,bin2,cost,331.26
p13111,bin2,cap,2000
p13111,bin3,cost,3312.63
p13111,bin3,cap,20000
p13113,bin1,cost,107.66
p13113,bin1,cap,1000
p13113,bin2,cost,331.26
p13113,bin2,cap,2000
p13113,bin3,cost,3312.63
p13113,bin3,cap,20000
p13115,bin1,cost,107.66
p13115,bin1,cap,1000
p13115,bin2,cost,331.26
p13115,bin2,cap,2000
p13115,bin3,cost,3312.63
p13115,bin3,cap,20000
p13117,bin1,cost,107.66
p13117,bin1,cap,1000
p13117,bin2,cost,331.26
p13117,bin2,cap,2000
p13117,bin3,cost,3312.63
p13117,bin3,cap,20000
p13119,bin1,cost,107.66
p13119,bin1,cap,1000
p13119,bin2,cost,331.26
p13119,bin2,cap,2000
p13119,bin3,cost,3312.63
p13119,bin3,cap,20000
p13121,bin1,cost,107.66
p13121,bin1,cap,1000
p13121,bin2,cost,331.26
p13121,bin2,cap,2000
p13121,bin3,cost,3312.63
p13121,bin3,cap,20000
p13123,bin1,cost,107.66
p13123,bin1,cap,1000
p13123,bin2,cost,331.26
p13123,bin2,cap,2000
p13123,bin3,cost,3312.63
p13123,bin3,cap,20000
p13125,bin1,cost,107.66
p13125,bin1,cap,1000
p13125,bin2,cost,331.26
p13125,bin2,cap,2000
p13125,bin3,cost,3312.63
p13125,bin3,cap,20000
p13127,bin1,cost,107.66
p13127,bin1,cap,1000
p13127,bin2,cost,331.26
p13127,bin2,cap,2000
p13127,bin3,cost,3312.63
p13127,bin3,cap,20000
p13129,bin1,cost,107.66
p13129,bin1,cap,1000
p13129,bin2,cost,331.26
p13129,bin2,cap,2000
p13129,bin3,cost,3312.63
p13129,bin3,cap,20000
p13131,bin1,cost,107.66
p13131,bin1,cap,1000
p13131,bin2,cost,331.26
p13131,bin2,cap,2000
p13131,bin3,cost,3312.63
p13131,bin3,cap,20000
p13133,bin1,cost,107.66
p13133,bin1,cap,1000
p13133,bin2,cost,331.26
p13133,bin2,cap,2000
p13133,bin3,cost,3312.63
p13133,bin3,cap,20000
p13135,bin1,cost,107.66
p13135,bin1,cap,1000
p13135,bin2,cost,331.26
p13135,bin2,cap,2000
p13135,bin3,cost,3312.63
p13135,bin3,cap,20000
p13137,bin1,cost,107.66
p13137,bin1,cap,1000
p13137,bin2,cost,331.26
p13137,bin2,cap,2000
p13137,bin3,cost,3312.63
p13137,bin3,cap,20000
p13139,bin1,cost,107.66
p13139,bin1,cap,1000
p13139,bin2,cost,331.26
p13139,bin2,cap,2000
p13139,bin3,cost,3312.63
p13139,bin3,cap,20000
p13141,bin1,cost,107.66
p13141,bin1,cap,1000
p13141,bin2,cost,331.26
p13141,bin2,cap,2000
p13141,bin3,cost,3312.63
p13141,bin3,cap,20000
p13143,bin1,cost,107.66
p13143,bin1,cap,1000
p13143,bin2,cost,331.26
p13143,bin2,cap,2000
p13143,bin3,cost,3312.63
p13143,bin3,cap,20000
p13145,bin1,cost,107.66
p13145,bin1,cap,1000
p13145,bin2,cost,331.26
p13145,bin2,cap,2000
p13145,bin3,cost,3312.63
p13145,bin3,cap,20000
p13147,bin1,cost,107.66
p13147,bin1,cap,1000
p13147,bin2,cost,331.26
p13147,bin2,cap,2000
p13147,bin3,cost,3312.63
p13147,bin3,cap,20000
p13149,bin1,cost,107.66
p13149,bin1,cap,1000
p13149,bin2,cost,331.26
p13149,bin2,cap,2000
p13149,bin3,cost,3312.63
p13149,bin3,cap,20000
p13151,bin1,cost,107.66
p13151,bin1,cap,1000
p13151,bin2,cost,331.26
p13151,bin2,cap,2000
p13151,bin3,cost,3312.63
p13151,bin3,cap,20000
p13153,bin1,cost,107.66
p13153,bin1,cap,1000
p13153,bin2,cost,331.26
p13153,bin2,cap,2000
p13153,bin3,cost,3312.63
p13153,bin3,cap,20000
p13155,bin1,cost,107.66
p13155,bin1,cap,1000
p13155,bin2,cost,331.26
p13155,bin2,cap,2000
p13155,bin3,cost,3312.63
p13155,bin3,cap,20000
p13157,bin1,cost,107.66
p13157,bin1,cap,1000
p13157,bin2,cost,331.26
p13157,bin2,cap,2000
p13157,bin3,cost,3312.63
p13157,bin3,cap,20000
p13159,bin1,cost,107.66
p13159,bin1,cap,1000
p13159,bin2,cost,331.26
p13159,bin2,cap,2000
p13159,bin3,cost,3312.63
p13159,bin3,cap,20000
p13161,bin1,cost,107.66
p13161,bin1,cap,1000
p13161,bin2,cost,331.26
p13161,bin2,cap,2000
p13161,bin3,cost,3312.63
p13161,bin3,cap,20000
p13163,bin1,cost,107.66
p13163,bin1,cap,1000
p13163,bin2,cost,331.26
p13163,bin2,cap,2000
p13163,bin3,cost,3312.63
p13163,bin3,cap,20000
p13165,bin1,cost,107.66
p13165,bin1,cap,1000
p13165,bin2,cost,331.26
p13165,bin2,cap,2000
p13165,bin3,cost,3312.63
p13165,bin3,cap,20000
p13167,bin1,cost,107.66
p13167,bin1,cap,1000
p13167,bin2,cost,331.26
p13167,bin2,cap,2000
p13167,bin3,cost,3312.63
p13167,bin3,cap,20000
p13169,bin1,cost,107.66
p13169,bin1,cap,1000
p13169,bin2,cost,331.26
p13169,bin2,cap,2000
p13169,bin3,cost,3312.63
p13169,bin3,cap,20000
p13171,bin1,cost,107.66
p13171,bin1,cap,1000
p13171,bin2,cost,331.26
p13171,bin2,cap,2000
p13171,bin3,cost,3312.63
p13171,bin3,cap,20000
p13173,bin1,cost,107.66
p13173,bin1,cap,1000
p13173,bin2,cost,331.26
p13173,bin2,cap,2000
p13173,bin3,cost,3312.63
p13173,bin3,cap,20000
p13175,bin1,cost,107.66
p13175,bin1,cap,1000
p13175,bin2,cost,331.26
p13175,bin2,cap,2000
p13175,bin3,cost,3312.63
p13175,bin3,cap,20000
p13177,bin1,cost,107.66
p13177,bin1,cap,1000
p13177,bin2,cost,331.26
p13177,bin2,cap,2000
p13177,bin3,cost,3312.63
p13177,bin3,cap,20000
p13179,bin1,cost,107.66
p13179,bin1,cap,1000
p13179,bin2,cost,331.26
p13179,bin2,cap,2000
p13179,bin3,cost,3312.63
p13179,bin3,cap,20000
p13181,bin1,cost,107.66
p13181,bin1,cap,1000
p13181,bin2,cost,331.26
p13181,bin2,cap,2000
p13181,bin3,cost,3312.63
p13181,bin3,cap,20000
p13183,bin1,cost,107.66
p13183,bin1,cap,1000
p13183,bin2,cost,331.26
p13183,bin2,cap,2000
p13183,bin3,cost,3312.63
p13183,bin3,cap,20000
p13185,bin1,cost,107.66
p13185,bin1,cap,1000
p13185,bin2,cost,331.26
p13185,bin2,cap,2000
p13185,bin3,cost,3312.63
p13185,bin3,cap,20000
p13187,bin1,cost,107.66
p13187,bin1,cap,1000
p13187,bin2,cost,331.26
p13187,bin2,cap,2000
p13187,bin3,cost,3312.63
p13187,bin3,cap,20000
p13189,bin1,cost,107.66
p13189,bin1,cap,1000
p13189,bin2,cost,331.26
p13189,bin2,cap,2000
p13189,bin3,cost,3312.63
p13189,bin3,cap,20000
p13191,bin1,cost,107.66
p13191,bin1,cap,1000
p13191,bin2,cost,331.26
p13191,bin2,cap,2000
p13191,bin3,cost,3312.63
p13191,bin3,cap,20000
p13193,bin1,cost,107.66
p13193,bin1,cap,1000
p13193,bin2,cost,331.26
p13193,bin2,cap,2000
p13193,bin3,cost,3312.63
p13193,bin3,cap,20000
p13195,bin1,cost,107.66
p13195,bin1,cap,1000
p13195,bin2,cost,331.26
p13195,bin2,cap,2000
p13195,bin3,cost,3312.63
p13195,bin3,cap,20000
p13197,bin1,cost,107.66
p13197,bin1,cap,1000
p13197,bin2,cost,331.26
p13197,bin2,cap,2000
p13197,bin3,cost,3312.63
p13197,bin3,cap,20000
p13199,bin1,cost,107.66
p13199,bin1,cap,1000
p13199,bin2,cost,331.26
p13199,bin2,cap,2000
p13199,bin3,cost,3312.63
p13199,bin3,cap,20000
p13201,bin1,cost,107.66
p13201,bin1,cap,1000
p13201,bin2,cost,331.26
p13201,bin2,cap,2000
p13201,bin3,cost,3312.63
p13201,bin3,cap,20000
p13205,bin1,cost,107.66
p13205,bin1,cap,1000
p13205,bin2,cost,331.26
p13205,bin2,cap,2000
p13205,bin3,cost,3312.63
p13205,bin3,cap,20000
p13207,bin1,cost,107.66
p13207,bin1,cap,1000
p13207,bin2,cost,331.26
p13207,bin2,cap,2000
p13207,bin3,cost,3312.63
p13207,bin3,cap,20000
p13209,bin1,cost,107.66
p13209,bin1,cap,1000
p13209,bin2,cost,331.26
p13209,bin2,cap,2000
p13209,bin3,cost,3312.63
p13209,bin3,cap,20000
p13211,bin1,cost,107.66
p13211,bin1,cap,1000
p13211,bin2,cost,331.26
p13211,bin2,cap,2000
p13211,bin3,cost,3312.63
p13211,bin3,cap,20000
p13213,bin1,cost,107.66
p13213,bin1,cap,1000
p13213,bin2,cost,331.26
p13213,bin2,cap,2000
p13213,bin3,cost,3312.63
p13213,bin3,cap,20000
p13215,bin1,cost,107.66
p13215,bin1,cap,1000
p13215,bin2,cost,331.26
p13215,bin2,cap,2000
p13215,bin3,cost,3312.63
p13215,bin3,cap,20000
p13217,bin1,cost,107.66
p13217,bin1,cap,1000
p13217,bin2,cost,331.26
p13217,bin2,cap,2000
p13217,bin3,cost,3312.63
p13217,bin3,cap,20000
p13219,bin1,cost,107.66
p13219,bin1,cap,1000
p13219,bin2,cost,331.26
p13219,bin2,cap,2000
p13219,bin3,cost,3312.63
p13219,bin3,cap,20000
p13221,bin1,cost,107.66
p13221,bin1,cap,1000
p13221,bin2,cost,331.26
p13221,bin2,cap,2000
p13221,bin3,cost,3312.63
p13221,bin3,cap,20000
p13223,bin1,cost,107.66
p13223,bin1,cap,1000
p13223,bin2,cost,331.26
p13223,bin2,cap,2000
p13223,bin3,cost,3312.63
p13223,bin3,cap,20000
p13225,bin1,cost,107.66
p13225,bin1,cap,1000
p13225,bin2,cost,331.26
p13225,bin2,cap,2000
p13225,bin3,cost,3312.63
p13225,bin3,cap,20000
p13227,bin1,cost,107.66
p13227,bin1,cap,1000
p13227,bin2,cost,331.26
p13227,bin2,cap,2000
p13227,bin3,cost,3312.63
p13227,bin3,cap,20000
p13229,bin1,cost,107.66
p13229,bin1,cap,1000
p13229,bin2,cost,331.26
p13229,bin2,cap,2000
p13229,bin3,cost,3312.63
p13229,bin3,cap,20000
p13231,bin1,cost,107.66
p13231,bin1,cap,1000
p13231,bin2,cost,331.26
p13231,bin2,cap,2000
p13231,bin3,cost,3312.63
p13231,bin3,cap,20000
p13233,bin1,cost,107.66
p13233,bin1,cap,1000
p13233,bin2,cost,331.26
p13233,bin2,cap,2000
p13233,bin3,cost,3312.63
p13233,bin3,cap,20000
p13235,bin1,cost,107.66
p13235,bin1,cap,1000
p13235,bin2,cost,331.26
p13235,bin2,cap,2000
p13235,bin3,cost,3312.63
p13235,bin3,cap,20000
p13237,bin1,cost,107.66
p13237,bin1,cap,1000
p13237,bin2,cost,331.26
p13237,bin2,cap,2000
p13237,bin3,cost,3312.63
p13237,bin3,cap,20000
p13239,bin1,cost,107.66
p13239,bin1,cap,1000
p13239,bin2,cost,331.26
p13239,bin2,cap,2000
p13239,bin3,cost,3312.63
p13239,bin3,cap,20000
p13241,bin1,cost,107.66
p13241,bin1,cap,1000
p13241,bin2,cost,331.26
p13241,bin2,cap,2000
p13241,bin3,cost,3312.63
p13241,bin3,cap,20000
p13243,bin1,cost,107.66
p13243,bin1,cap,1000
p13243,bin2,cost,331.26
p13243,bin2,cap,2000
p13243,bin3,cost,3312.63
p13243,bin3,cap,20000
p13245,bin1,cost,107.66
p13245,bin1,cap,1000
p13245,bin2,cost,331.26
p13245,bin2,cap,2000
p13245,bin3,cost,3312.63
p13245,bin3,cap,20000
p13247,bin1,cost,107.66
p13247,bin1,cap,1000
p13247,bin2,cost,331.26
p13247,bin2,cap,2000
p13247,bin3,cost,3312.63
p13247,bin3,cap,20000
p13249,bin1,cost,107.66
p13249,bin1,cap,1000
p13249,bin2,cost,331.26
p13249,bin2,cap,2000
p13249,bin3,cost,3312.63
p13249,bin3,cap,20000
p13251,bin1,cost,107.66
p13251,bin1,cap,1000
p13251,bin2,cost,331.26
p13251,bin2,cap,2000
p13251,bin3,cost,3312.63
p13251,bin3,cap,20000
p13253,bin1,cost,107.66
p13253,bin1,cap,1000
p13253,bin2,cost,331.26
p13253,bin2,cap,2000
p13253,bin3,cost,3312.63
p13253,bin3,cap,20000
p13255,bin1,cost,107.66
p13255,bin1,cap,1000
p13255,bin2,cost,331.26
p13255,bin2,cap,2000
p13255,bin3,cost,3312.63
p13255,bin3,cap,20000
p13257,bin1,cost,107.66
p13257,bin1,cap,1000
p13257,bin2,cost,331.26
p13257,bin2,cap,2000
p13257,bin3,cost,3312.63
p13257,bin3,cap,20000
p13259,bin1,cost,107.66
p13259,bin1,cap,1000
p13259,bin2,cost,331.26
p13259,bin2,cap,2000
p13259,bin3,cost,3312.63
p13259,bin3,cap,20000
p13261,bin1,cost,107.66
p13261,bin1,cap,1000
p13261,bin2,cost,331.26
p13261,bin2,cap,2000
p13261,bin3,cost,3312.63
p13261,bin3,cap,20000
p13263,bin1,cost,107.66
p13263,bin1,cap,1000
p13263,bin2,cost,331.26
p13263,bin2,cap,2000
p13263,bin3,cost,3312.63
p13263,bin3,cap,20000
p13265,bin1,cost,107.66
p13265,bin1,cap,1000
p13265,bin2,cost,331.26
p13265,bin2,cap,2000
p13265,bin3,cost,3312.63
p13265,bin3,cap,20000
p13267,bin1,cost,107.66
p13267,bin1,cap,1000
p13267,bin2,cost,331.26
p13267,bin2,cap,2000
p13267,bin3,cost,3312.63
p13267,bin3,cap,20000
p13269,bin1,cost,107.66
p13269,bin1,cap,1000
p13269,bin2,cost,331.26
p13269,bin2,cap,2000
p13269,bin3,cost,3312.63
p13269,bin3,cap,20000
p13271,bin1,cost,107.66
p13271,bin1,cap,1000
p13271,bin2,cost,331.26
p13271,bin2,cap,2000
p13271,bin3,cost,3312.63
p13271,bin3,cap,20000
p13273,bin1,cost,107.66
p13273,bin1,cap,1000
p13273,bin2,cost,331.26
p13273,bin2,cap,2000
p13273,bin3,cost,3312.63
p13273,bin3,cap,20000
p13275,bin1,cost,107.66
p13275,bin1,cap,1000
p13275,bin2,cost,331.26
p13275,bin2,cap,2000
p13275,bin3,cost,3312.63
p13275,bin3,cap,20000
p13277,bin1,cost,107.66
p13277,bin1,cap,1000
p13277,bin2,cost,331.26
p13277,bin2,cap,2000
p13277,bin3,cost,3312.63
p13277,bin3,cap,20000
p13279,bin1,cost,107.66
p13279,bin1,cap,1000
p13279,bin2,cost,331.26
p13279,bin2,cap,2000
p13279,bin3,cost,3312.63
p13279,bin3,cap,20000
p13281,bin1,cost,107.66
p13281,bin1,cap,1000
p13281,bin2,cost,331.26
p13281,bin2,cap,2000
p13281,bin3,cost,3312.63
p13281,bin3,cap,20000
p13283,bin1,cost,107.66
p13283,bin1,cap,1000
p13283,bin2,cost,331.26
p13283,bin2,cap,2000
p13283,bin3,cost,3312.63
p13283,bin3,cap,20000
p13285,bin1,cost,107.66
p13285,bin1,cap,1000
p13285,bin2,cost,331.26
p13285,bin2,cap,2000
p13285,bin3,cost,3312.63
p13285,bin3,cap,20000
p13287,bin1,cost,107.66
p13287,bin1,cap,1000
p13287,bin2,cost,331.26
p13287,bin2,cap,2000
p13287,bin3,cost,3312.63
p13287,bin3,cap,20000
p13289,bin1,cost,107.66
p13289,bin1,cap,1000
p13289,bin2,cost,331.26
p13289,bin2,cap,2000
p13289,bin3,cost,3312.63
p13289,bin3,cap,20000
p13291,bin1,cost,107.66
p13291,bin1,cap,1000
p13291,bin2,cost,331.26
p13291,bin2,cap,2000
p13291,bin3,cost,3312.63
p13291,bin3,cap,20000
p13293,bin1,cost,107.66
p13293,bin1,cap,1000
p13293,bin2,cost,331.26
p13293,bin2,cap,2000
p13293,bin3,cost,3312.63
p13293,bin3,cap,20000
p13295,bin1,cost,107.66
p13295,bin1,cap,1000
p13295,bin2,cost,331.26
p13295,bin2,cap,2000
p13295,bin3,cost,3312.63
p13295,bin3,cap,20000
p13297,bin1,cost,107.66
p13297,bin1,cap,1000
p13297,bin2,cost,331.26
p13297,bin2,cap,2000
p13297,bin3,cost,3312.63
p13297,bin3,cap,20000
p13299,bin1,cost,107.66
p13299,bin1,cap,1000
p13299,bin2,cost,331.26
p13299,bin2,cap,2000
p13299,bin3,cost,3312.63
p13299,bin3,cap,20000
p13301,bin1,cost,107.66
p13301,bin1,cap,1000
p13301,bin2,cost,331.26
p13301,bin2,cap,2000
p13301,bin3,cost,3312.63
p13301,bin3,cap,20000
p13303,bin1,cost,107.66
p13303,bin1,cap,1000
p13303,bin2,cost,331.26
p13303,bin2,cap,2000
p13303,bin3,cost,3312.63
p13303,bin3,cap,20000
p13305,bin1,cost,107.66
p13305,bin1,cap,1000
p13305,bin2,cost,331.26
p13305,bin2,cap,2000
p13305,bin3,cost,3312.63
p13305,bin3,cap,20000
p13307,bin1,cost,107.66
p13307,bin1,cap,1000
p13307,bin2,cost,331.26
p13307,bin2,cap,2000
p13307,bin3,cost,3312.63
p13307,bin3,cap,20000
p13309,bin1,cost,107.66
p13309,bin1,cap,1000
p13309,bin2,cost,331.26
p13309,bin2,cap,2000
p13309,bin3,cost,3312.63
p13309,bin3,cap,20000
p13311,bin1,cost,107.66
p13311,bin1,cap,1000
p13311,bin2,cost,331.26
p13311,bin2,cap,2000
p13311,bin3,cost,3312.63
p13311,bin3,cap,20000
p13313,bin1,cost,107.66
p13313,bin1,cap,1000
p13313,bin2,cost,331.26
p13313,bin2,cap,2000
p13313,bin3,cost,3312.63
p13313,bin3,cap,20000
p13315,bin1,cost,107.66
p13315,bin1,cap,1000
p13315,bin2,cost,331.26
p13315,bin2,cap,2000
p13315,bin3,cost,3312.63
p13315,bin3,cap,20000
p13317,bin1,cost,107.66
p13317,bin1,cap,1000
p13317,bin2,cost,331.26
p13317,bin2,cap,2000
p13317,bin3,cost,3312.63
p13317,bin3,cap,20000
p13319,bin1,cost,107.66
p13319,bin1,cap,1000
p13319,bin2,cost,331.26
p13319,bin2,cap,2000
p13319,bin3,cost,3312.63
p13319,bin3,cap,20000
p13321,bin1,cost,107.66
p13321,bin1,cap,1000
p13321,bin2,cost,331.26
p13321,bin2,cap,2000
p13321,bin3,cost,3312.63
p13321,bin3,cap,20000
p45001,bin1,cost,107.66
p45001,bin1,cap,1000
p45001,bin2,cost,331.26
p45001,bin2,cap,2000
p45001,bin3,cost,3312.63
p45001,bin3,cap,20000
p45007,bin1,cost,107.66
p45007,bin1,cap,1000
p45007,bin2,cost,331.26
p45007,bin2,cap,2000
p45007,bin3,cost,3312.63
p45007,bin3,cap,20000
p45021,bin1,cost,107.66
p45021,bin1,cap,1000
p45021,bin2,cost,331.26
p45021,bin2,cap,2000
p45021,bin3,cost,3312.63
p45021,bin3,cap,20000
p45023,bin1,cost,107.66
p45023,bin1,cap,1000
p45023,bin2,cost,331.26
p45023,bin2,cap,2000
p45023,bin3,cost,3312.63
p45023,bin3,cap,20000
p45045,bin1,cost,107.66
p45045,bin1,cap,1000
p45045,bin2,cost,331.26
p45045,bin2,cap,2000
p45045,bin3,cost,3312.63
p45045,bin3,cap,20000
p45047,bin1,cost,107.66
p45047,bin1,cap,1000
p45047,bin2,cost,331.26
p45047,bin2,cap,2000
p45047,bin3,cost,3312.63
p45047,bin3,cap,20000
p45057,bin1,cost,107.66
p45057,bin1,cap,1000
p45057,bin2,cost,331.26
p45057,bin2,cap,2000
p45057,bin3,cost,3312.63
p45057,bin3,cap,20000
p45059,bin1,cost,107.66
p45059,bin1,cap,1000
p45059,bin2,cost,331.26
p45059,bin2,cap,2000
p45059,bin3,cost,3312.63
p45059,bin3,cap,20000
p45073,bin1,cost,107.66
p45073,bin1,cap,1000
p45073,bin2,cost,331.26
p45073,bin2,cap,2000
p45073,bin3,cost,3312.63
p45073,bin3,cap,20000
p45077,bin1,cost,107.66
p45077,bin1,cap,1000
p45077,bin2,cost,331.26
p45077,bin2,cap,2000
p45077,bin3,cost,3312.63
p45077,bin3,cap,20000
p45083,bin1,cost,107.66
p45083,bin1,cap,1000
p45083,bin2,cost,331.26
p45083,bin2,cap,2000
p45083,bin3,cost,3312.63
p45083,bin3,cap,20000
p45087,bin1,cost,107.66
p45087,bin1,cap,1000
p45087,bin2,cost,331.26
p45087,bin2,cap,2000
p45087,bin3,cost,3312.63
p45087,bin3,cap,20000
p45091,bin1,cost,107.66
p45091,bin1,cap,1000
p45091,bin2,cost,331.26
p45091,bin2,cap,2000
p45091,bin3,cost,3312.63
p45091,bin3,cap,20000
p45003,bin1,cost,107.66
p45003,bin1,cap,1000
p45003,bin2,cost,331.26
p45003,bin2,cap,2000
p45003,bin3,cost,3312.63
p45003,bin3,cap,20000
p45005,bin1,cost,107.66
p45005,bin1,cap,1000
p45005,bin2,cost,331.26
p45005,bin2,cap,2000
p45005,bin3,cost,3312.63
p45005,bin3,cap,20000
p45009,bin1,cost,107.66
p45009,bin1,cap,1000
p45009,bin2,cost,331.26
p45009,bin2,cap,2000
p45009,bin3,cost,3312.63
p45009,bin3,cap,20000
p45011,bin1,cost,107.66
p45011,bin1,cap,1000
p45011,bin2,cost,331.26
p45011,bin2,cap,2000
p45011,bin3,cost,3312.63
p45011,bin3,cap,20000
p45013,bin1,cost,107.66
p45013,bin1,cap,1000
p45013,bin2,cost,331.26
p45013,bin2,cap,2000
p45013,bin3,cost,3312.63
p45013,bin3,cap,20000
p45015,bin1,cost,107.66
p45015,bin1,cap,1000
p45015,bin2,cost,331.26
p45015,bin2,cap,2000
p45015,bin3,cost,3312.63
p45015,bin3,cap,20000
p45017,bin1,cost,107.66
p45017,bin1,cap,1000
p45017,bin2,cost,331.26
p45017,bin2,cap,2000
p45017,bin3,cost,3312.63
p45017,bin3,cap,20000
p45019,bin1,cost,107.66
p45019,bin1,cap,1000
p45019,bin2,cost,331.26
p45019,bin2,cap,2000
p45019,bin3,cost,3312.63
p45019,bin3,cap,20000
p45025,bin1,cost,107.66
p45025,bin1,cap,1000
p45025,bin2,cost,331.26
p45025,bin2,cap,2000
p45025,bin3,cost,3312.63
p45025,bin3,cap,20000
p45027,bin1,cost,107.66
p45027,bin1,cap,1000
p45027,bin2,cost,331.26
p45027,bin2,cap,2000
p45027,bin3,cost,3312.63
p45027,bin3,cap,20000
p45029,bin1,cost,107.66
p45029,bin1,cap,1000
p45029,bin2,cost,331.26
p45029,bin2,cap,2000
p45029,bin3,cost,3312.63
p45029,bin3,cap,20000
p45031,bin1,cost,107.66
p45031,bin1,cap,1000
p45031,bin2,cost,331.26
p45031,bin2,cap,2000
p45031,bin3,cost,3312.63
p45031,bin3,cap,20000
p45033,bin1,cost,107.66
p45033,bin1,cap,1000
p45033,bin2,cost,331.26
p45033,bin2,cap,2000
p45033,bin3,cost,3312.63
p45033,bin3,cap,20000
p45035,bin1,cost,107.66
p45035,bin1,cap,1000
p45035,bin2,cost,331.26
p45035,bin2,cap,2000
p45035,bin3,cost,3312.63
p45035,bin3,cap,20000
p45037,bin1,cost,107.66
p45037,bin1,cap,1000
p45037,bin2,cost,331.26
p45037,bin2,cap,2000
p45037,bin3,cost,3312.63
p45037,bin3,cap,20000
p45039,bin1,cost,107.66
p45039,bin1,cap,1000
p45039,bin2,cost,331.26
p45039,bin2,cap,2000
p45039,bin3,cost,3312.63
p45039,bin3,cap,20000
p45041,bin1,cost,107.66
p45041,bin1,cap,1000
p45041,bin2,cost,331.26
p45041,bin2,cap,2000
p45041,bin3,cost,3312.63
p45041,bin3,cap,20000
p45043,bin1,cost,107.66
p45043,bin1,cap,1000
p45043,bin2,cost,331.26
p45043,bin2,cap,2000
p45043,bin3,cost,3312.63
p45043,bin3,cap,20000
p45049,bin1,cost,107.66
p45049,bin1,cap,1000
p45049,bin2,cost,331.26
p45049,bin2,cap,2000
p45049,bin3,cost,3312.63
p45049,bin3,cap,20000
p45051,bin1,cost,107.66
p45051,bin1,cap,1000
p45051,bin2,cost,331.26
p45051,bin2,cap,2000
p45051,bin3,cost,3312.63
p45051,bin3,cap,20000
p45053,bin1,cost,107.66
p45053,bin1,cap,1000
p45053,bin2,cost,331.26
p45053,bin2,cap,2000
p45053,bin3,cost,3312.63
p45053,bin3,cap,20000
p45055,bin1,cost,107.66
p45055,bin1,cap,1000
p45055,bin2,cost,331.26
p45055,bin2,cap,2000
p45055,bin3,cost,3312.63
p45055,bin3,cap,20000
p45061,bin1,cost,107.66
p45061,bin1,cap,1000
p45061,bin2,cost,331.26
p45061,bin2,cap,2000
p45061,bin3,cost,3312.63
p45061,bin3,cap,20000
p45063,bin1,cost,107.66
p45063,bin1,cap,1000
p45063,bin2,cost,331.26
p45063,bin2,cap,2000
p45063,bin3,cost,3312.63
p45063,bin3,cap,20000
p45065,bin1,cost,107.66
p45065,bin1,cap,1000
p45065,bin2,cost,331.26
p45065,bin2,cap,2000
p45065,bin3,cost,3312.63
p45065,bin3,cap,20000
p45067,bin1,cost,107.66
p45067,bin1,cap,1000
p45067,bin2,cost,331.26
p45067,bin2,cap,2000
p45067,bin3,cost,3312.63
p45067,bin3,cap,20000
p45069,bin1,cost,107.66
p45069,bin1,cap,1000
p45069,bin2,cost,331.26
p45069,bin2,cap,2000
p45069,bin3,cost,3312.63
p45069,bin3,cap,20000
p45071,bin1,cost,107.66
p45071,bin1,cap,1000
p45071,bin2,cost,331.26
p45071,bin2,cap,2000
p45071,bin3,cost,3312.63
p45071,bin3,cap,20000
p45075,bin1,cost,107.66
p45075,bin1,cap,1000
p45075,bin2,cost,331.26
p45075,bin2,cap,2000
p45075,bin3,cost,3312.63
p45075,bin3,cap,20000
p45079,bin1,cost,107.66
p45079,bin1,cap,1000
p45079,bin2,cost,331.26
p45079,bin2,cap,2000
p45079,bin3,cost,3312.63
p45079,bin3,cap,20000
p45081,bin1,cost,107.66
p45081,bin1,cap,1000
p45081,bin2,cost,331.26
p45081,bin2,cap,2000
p45081,bin3,cost,3312.63
p45081,bin3,cap,20000
p45085,bin1,cost,107.66
p45085,bin1,cap,1000
p45085,bin2,cost,331.26
p45085,bin2,cap,2000
p45085,bin3,cost,3312.63
p45085,bin3,cap,20000
p45089,bin1,cost,107.66
p45089,bin1,cap,1000
p45089,bin2,cost,331.26
p45089,bin2,cap,2000
p45089,bin3,cost,3312.63
p45089,bin3,cap,20000
p37003,bin1,cost,107.66
p37003,bin1,cap,1000
p37003,bin2,cost,331.26
p37003,bin2,cap,2000
p37003,bin3,cost,3312.63
p37003,bin3,cap,20000
p37005,bin1,cost,107.66
p37005,bin1,cap,1000
p37005,bin2,cost,331.26
p37005,bin2,cap,2000
p37005,bin3,cost,3312.63
p37005,bin3,cap,20000
p37007,bin1,cost,107.66
p37007,bin1,cap,1000
p37007,bin2,cost,331.26
p37007,bin2,cap,2000
p37007,bin3,cost,3312.63
p37007,bin3,cap,20000
p37009,bin1,cost,107.66
p37009,bin1,cap,1000
p37009,bin2,cost,331.26
p37009,bin2,cap,2000
p37009,bin3,cost,3312.63
p37009,bin3,cap,20000
p37011,bin1,cost,107.66
p37011,bin1,cap,1000
p37011,bin2,cost,331.26
p37011,bin2,cap,2000
p37011,bin3,cost,3312.63
p37011,bin3,cap,20000
p37021,bin1,cost,107.66
p37021,bin1,cap,1000
p37021,bin2,cost,331.26
p37021,bin2,cap,2000
p37021,bin3,cost,3312.63
p37021,bin3,cap,20000
p37023,bin1,cost,107.66
p37023,bin1,cap,1000
p37023,bin2,cost,331.26
p37023,bin2,cap,2000
p37023,bin3,cost,3312.63
p37023,bin3,cap,20000
p37025,bin1,cost,107.66
p37025,bin1,cap,1000
p37025,bin2,cost,331.26
p37025,bin2,cap,2000
p37025,bin3,cost,3312.63
p37025,bin3,cap,20000
p37027,bin1,cost,107.66
p37027,bin1,cap,1000
p37027,bin2,cost,331.26
p37027,bin2,cap,2000
p37027,bin3,cost,3312.63
p37027,bin3,cap,20000
p37035,bin1,cost,107.66
p37035,bin1,cap,1000
p37035,bin2,cost,331.26
p37035,bin2,cap,2000
p37035,bin3,cost,3312.63
p37035,bin3,cap,20000
p37039,bin1,cost,107.66
p37039,bin1,cap,1000
p37039,bin2,cost,331.26
p37039,bin2,cap,2000
p37039,bin3,cost,3312.63
p37039,bin3,cap,20000
p37043,bin1,cost,107.66
p37043,bin1,cap,1000
p37043,bin2,cost,331.26
p37043,bin2,cap,2000
p37043,bin3,cost,3312.63
p37043,bin3,cap,20000
p37045,bin1,cost,107.66
p37045,bin1,cap,1000
p37045,bin2,cost,331.26
p37045,bin2,cap,2000
p37045,bin3,cost,3312.63
p37045,bin3,cap,20000
p37057,bin1,cost,107.66
p37057,bin1,cap,1000
p37057,bin2,cost,331.26
p37057,bin2,cap,2000
p37057,bin3,cost,3312.63
p37057,bin3,cap,20000
p37059,bin1,cost,107.66
p37059,bin1,cap,1000
p37059,bin2,cost,331.26
p37059,bin2,cap,2000
p37059,bin3,cost,3312.63
p37059,bin3,cap,20000
p37067,bin1,cost,107.66
p37067,bin1,cap,1000
p37067,bin2,cost,331.26
p37067,bin2,cap,2000
p37067,bin3,cost,3312.63
p37067,bin3,cap,20000
p37071,bin1,cost,107.66
p37071,bin1,cap,1000
p37071,bin2,cost,331.26
p37071,bin2,cap,2000
p37071,bin3,cost,3312.63
p37071,bin3,cap,20000
p37075,bin1,cost,107.66
p37075,bin1,cap,1000
p37075,bin2,cost,331.26
p37075,bin2,cap,2000
p37075,bin3,cost,3312.63
p37075,bin3,cap,20000
p37081,bin1,cost,107.66
p37081,bin1,cap,1000
p37081,bin2,cost,331.26
p37081,bin2,cap,2000
p37081,bin3,cost,3312.63
p37081,bin3,cap,20000
p37087,bin1,cost,107.66
p37087,bin1,cap,1000
p37087,bin2,cost,331.26
p37087,bin2,cap,2000
p37087,bin3,cost,3312.63
p37087,bin3,cap,20000
p37089,bin1,cost,107.66
p37089,bin1,cap,1000
p37089,bin2,cost,331.26
p37089,bin2,cap,2000
p37089,bin3,cost,3312.63
p37089,bin3,cap,20000
p37097,bin1,cost,107.66
p37097,bin1,cap,1000
p37097,bin2,cost,331.26
p37097,bin2,cap,2000
p37097,bin3,cost,3312.63
p37097,bin3,cap,20000
p37099,bin1,cost,107.66
p37099,bin1,cap,1000
p37099,bin2,cost,331.26
p37099,bin2,cap,2000
p37099,bin3,cost,3312.63
p37099,bin3,cap,20000
p37109,bin1,cost,107.66
p37109,bin1,cap,1000
p37109,bin2,cost,331.26
p37109,bin2,cap,2000
p37109,bin3,cost,3312.63
p37109,bin3,cap,20000
p37111,bin1,cost,107.66
p37111,bin1,cap,1000
p37111,bin2,cost,331.26
p37111,bin2,cap,2000
p37111,bin3,cost,3312.63
p37111,bin3,cap,20000
p37113,bin1,cost,107.66
p37113,bin1,cap,1000
p37113,bin2,cost,331.26
p37113,bin2,cap,2000
p37113,bin3,cost,3312.63
p37113,bin3,cap,20000
p37115,bin1,cost,107.66
p37115,bin1,cap,1000
p37115,bin2,cost,331.26
p37115,bin2,cap,2000
p37115,bin3,cost,3312.63
p37115,bin3,cap,20000
p37119,bin1,cost,107.66
p37119,bin1,cap,1000
p37119,bin2,cost,331.26
p37119,bin2,cap,2000
p37119,bin3,cost,3312.63
p37119,bin3,cap,20000
p37121,bin1,cost,107.66
p37121,bin1,cap,1000
p37121,bin2,cost,331.26
p37121,bin2,cap,2000
p37121,bin3,cost,3312.63
p37121,bin3,cap,20000
p37149,bin1,cost,107.66
p37149,bin1,cap,1000
p37149,bin2,cost,331.26
p37149,bin2,cap,2000
p37149,bin3,cost,3312.63
p37149,bin3,cap,20000
p37151,bin1,cost,107.66
p37151,bin1,cap,1000
p37151,bin2,cost,331.26
p37151,bin2,cap,2000
p37151,bin3,cost,3312.63
p37151,bin3,cap,20000
p37157,bin1,cost,107.66
p37157,bin1,cap,1000
p37157,bin2,cost,331.26
p37157,bin2,cap,2000
p37157,bin3,cost,3312.63
p37157,bin3,cap,20000
p37159,bin1,cost,107.66
p37159,bin1,cap,1000
p37159,bin2,cost,331.26
p37159,bin2,cap,2000
p37159,bin3,cost,3312.63
p37159,bin3,cap,20000
p37161,bin1,cost,107.66
p37161,bin1,cap,1000
p37161,bin2,cost,331.26
p37161,bin2,cap,2000
p37161,bin3,cost,3312.63
p37161,bin3,cap,20000
p37167,bin1,cost,107.66
p37167,bin1,cap,1000
p37167,bin2,cost,331.26
p37167,bin2,cap,2000
p37167,bin3,cost,3312.63
p37167,bin3,cap,20000
p37169,bin1,cost,107.66
p37169,bin1,cap,1000
p37169,bin2,cost,331.26
p37169,bin2,cap,2000
p37169,bin3,cost,3312.63
p37169,bin3,cap,20000
p37171,bin1,cost,107.66
p37171,bin1,cap,1000
p37171,bin2,cost,331.26
p37171,bin2,cap,2000
p37171,bin3,cost,3312.63
p37171,bin3,cap,20000
p37173,bin1,cost,107.66
p37173,bin1,cap,1000
p37173,bin2,cost,331.26
p37173,bin2,cap,2000
p37173,bin3,cost,3312.63
p37173,bin3,cap,20000
p37175,bin1,cost,107.66
p37175,bin1,cap,1000
p37175,bin2,cost,331.26
p37175,bin2,cap,2000
p37175,bin3,cost,3312.63
p37175,bin3,cap,20000
p37179,bin1,cost,107.66
p37179,bin1,cap,1000
p37179,bin2,cost,331.26
p37179,bin2,cap,2000
p37179,bin3,cost,3312.63
p37179,bin3,cap,20000
p37189,bin1,cost,107.66
p37189,bin1,cap,1000
p37189,bin2,cost,331.26
p37189,bin2,cap,2000
p37189,bin3,cost,3312.63
p37189,bin3,cap,20000
p37193,bin1,cost,107.66
p37193,bin1,cap,1000
p37193,bin2,cost,331.26
p37193,bin2,cap,2000
p37193,bin3,cost,3312.63
p37193,bin3,cap,20000
p37197,bin1,cost,107.66
p37197,bin1,cap,1000
p37197,bin2,cost,331.26
p37197,bin2,cap,2000
p37197,bin3,cost,3312.63
p37197,bin3,cap,20000
p37199,bin1,cost,107.66
p37199,bin1,cap,1000
p37199,bin2,cost,331.26
p37199,bin2,cap,2000
p37199,bin3,cost,3312.63
p37199,bin3,cap,20000
p37001,bin1,cost,107.66
p37001,bin1,cap,1000
p37001,bin2,cost,331.26
p37001,bin2,cap,2000
p37001,bin3,cost,3312.63
p37001,bin3,cap,20000
p37013,bin1,cost,107.66
p37013,bin1,cap,1000
p37013,bin2,cost,331.26
p37013,bin2,cap,2000
p37013,bin3,cost,3312.63
p37013,bin3,cap,20000
p37015,bin1,cost,107.66
p37015,bin1,cap,1000
p37015,bin2,cost,331.26
p37015,bin2,cap,2000
p37015,bin3,cost,3312.63
p37015,bin3,cap,20000
p37017,bin1,cost,107.66
p37017,bin1,cap,1000
p37017,bin2,cost,331.26
p37017,bin2,cap,2000
p37017,bin3,cost,3312.63
p37017,bin3,cap,20000
p37019,bin1,cost,107.66
p37019,bin1,cap,1000
p37019,bin2,cost,331.26
p37019,bin2,cap,2000
p37019,bin3,cost,3312.63
p37019,bin3,cap,20000
p37029,bin1,cost,107.66
p37029,bin1,cap,1000
p37029,bin2,cost,331.26
p37029,bin2,cap,2000
p37029,bin3,cost,3312.63
p37029,bin3,cap,20000
p37031,bin1,cost,107.66
p37031,bin1,cap,1000
p37031,bin2,cost,331.26
p37031,bin2,cap,2000
p37031,bin3,cost,3312.63
p37031,bin3,cap,20000
p37033,bin1,cost,107.66
p37033,bin1,cap,1000
p37033,bin2,cost,331.26
p37033,bin2,cap,2000
p37033,bin3,cost,3312.63
p37033,bin3,cap,20000
p37037,bin1,cost,107.66
p37037,bin1,cap,1000
p37037,bin2,cost,331.26
p37037,bin2,cap,2000
p37037,bin3,cost,3312.63
p37037,bin3,cap,20000
p37041,bin1,cost,107.66
p37041,bin1,cap,1000
p37041,bin2,cost,331.26
p37041,bin2,cap,2000
p37041,bin3,cost,3312.63
p37041,bin3,cap,20000
p37047,bin1,cost,107.66
p37047,bin1,cap,1000
p37047,bin2,cost,331.26
p37047,bin2,cap,2000
p37047,bin3,cost,3312.63
p37047,bin3,cap,20000
p37049,bin1,cost,107.66
p37049,bin1,cap,1000
p37049,bin2,cost,331.26
p37049,bin2,cap,2000
p37049,bin3,cost,3312.63
p37049,bin3,cap,20000
p37051,bin1,cost,107.66
p37051,bin1,cap,1000
p37051,bin2,cost,331.26
p37051,bin2,cap,2000
p37051,bin3,cost,3312.63
p37051,bin3,cap,20000
p37053,bin1,cost,107.66
p37053,bin1,cap,1000
p37053,bin2,cost,331.26
p37053,bin2,cap,2000
p37053,bin3,cost,3312.63
p37053,bin3,cap,20000
p37055,bin1,cost,107.66
p37055,bin1,cap,1000
p37055,bin2,cost,331.26
p37055,bin2,cap,2000
p37055,bin3,cost,3312.63
p37055,bin3,cap,20000
p37061,bin1,cost,107.66
p37061,bin1,cap,1000
p37061,bin2,cost,331.26
p37061,bin2,cap,2000
p37061,bin3,cost,3312.63
p37061,bin3,cap,20000
p37063,bin1,cost,107.66
p37063,bin1,cap,1000
p37063,bin2,cost,331.26
p37063,bin2,cap,2000
p37063,bin3,cost,3312.63
p37063,bin3,cap,20000
p37065,bin1,cost,107.66
p37065,bin1,cap,1000
p37065,bin2,cost,331.26
p37065,bin2,cap,2000
p37065,bin3,cost,3312.63
p37065,bin3,cap,20000
p37069,bin1,cost,107.66
p37069,bin1,cap,1000
p37069,bin2,cost,331.26
p37069,bin2,cap,2000
p37069,bin3,cost,3312.63
p37069,bin3,cap,20000
p37073,bin1,cost,107.66
p37073,bin1,cap,1000
p37073,bin2,cost,331.26
p37073,bin2,cap,2000
p37073,bin3,cost,3312.63
p37073,bin3,cap,20000
p37077,bin1,cost,107.66
p37077,bin1,cap,1000
p37077,bin2,cost,331.26
p37077,bin2,cap,2000
p37077,bin3,cost,3312.63
p37077,bin3,cap,20000
p37079,bin1,cost,107.66
p37079,bin1,cap,1000
p37079,bin2,cost,331.26
p37079,bin2,cap,2000
p37079,bin3,cost,3312.63
p37079,bin3,cap,20000
p37083,bin1,cost,107.66
p37083,bin1,cap,1000
p37083,bin2,cost,331.26
p37083,bin2,cap,2000
p37083,bin3,cost,3312.63
p37083,bin3,cap,20000
p37085,bin1,cost,107.66
p37085,bin1,cap,1000
p37085,bin2,cost,331.26
p37085,bin2,cap,2000
p37085,bin3,cost,3312.63
p37085,bin3,cap,20000
p37091,bin1,cost,107.66
p37091,bin1,cap,1000
p37091,bin2,cost,331.26
p37091,bin2,cap,2000
p37091,bin3,cost,3312.63
p37091,bin3,cap,20000
p37093,bin1,cost,107.66
p37093,bin1,cap,1000
p37093,bin2,cost,331.26
p37093,bin2,cap,2000
p37093,bin3,cost,3312.63
p37093,bin3,cap,20000
p37095,bin1,cost,107.66
p37095,bin1,cap,1000
p37095,bin2,cost,331.26
p37095,bin2,cap,2000
p37095,bin3,cost,3312.63
p37095,bin3,cap,20000
p37101,bin1,cost,107.66
p37101,bin1,cap,1000
p37101,bin2,cost,331.26
p37101,bin2,cap,2000
p37101,bin3,cost,3312.63
p37101,bin3,cap,20000
p37103,bin1,cost,107.66
p37103,bin1,cap,1000
p37103,bin2,cost,331.26
p37103,bin2,cap,2000
p37103,bin3,cost,3312.63
p37103,bin3,cap,20000
p37105,bin1,cost,107.66
p37105,bin1,cap,1000
p37105,bin2,cost,331.26
p37105,bin2,cap,2000
p37105,bin3,cost,3312.63
p37105,bin3,cap,20000
p37107,bin1,cost,107.66
p37107,bin1,cap,1000
p37107,bin2,cost,331.26
p37107,bin2,cap,2000
p37107,bin3,cost,3312.63
p37107,bin3,cap,20000
p37117,bin1,cost,107.66
p37117,bin1,cap,1000
p37117,bin2,cost,331.26
p37117,bin2,cap,2000
p37117,bin3,cost,3312.63
p37117,bin3,cap,20000
p37123,bin1,cost,107.66
p37123,bin1,cap,1000
p37123,bin2,cost,331.26
p37123,bin2,cap,2000
p37123,bin3,cost,3312.63
p37123,bin3,cap,20000
p37125,bin1,cost,107.66
p37125,bin1,cap,1000
p37125,bin2,cost,331.26
p37125,bin2,cap,2000
p37125,bin3,cost,3312.63
p37125,bin3,cap,20000
p37127,bin1,cost,107.66
p37127,bin1,cap,1000
p37127,bin2,cost,331.26
p37127,bin2,cap,2000
p37127,bin3,cost,3312.63
p37127,bin3,cap,20000
p37129,bin1,cost,107.66
p37129,bin1,cap,1000
p37129,bin2,cost,331.26
p37129,bin2,cap,2000
p37129,bin3,cost,3312.63
p37129,bin3,cap,20000
p37131,bin1,cost,107.66
p37131,bin1,cap,1000
p37131,bin2,cost,331.26
p37131,bin2,cap,2000
p37131,bin3,cost,3312.63
p37131,bin3,cap,20000
p37133,bin1,cost,107.66
p37133,bin1,cap,1000
p37133,bin2,cost,331.26
p37133,bin2,cap,2000
p37133,bin3,cost,3312.63
p37133,bin3,cap,20000
p37135,bin1,cost,107.66
p37135,bin1,cap,1000
p37135,bin2,cost,331.26
p37135,bin2,cap,2000
p37135,bin3,cost,3312.63
p37135,bin3,cap,20000
p37137,bin1,cost,107.66
p37137,bin1,cap,1000
p37137,bin2,cost,331.26
p37137,bin2,cap,2000
p37137,bin3,cost,3312.63
p37137,bin3,cap,20000
p37139,bin1,cost,107.66
p37139,bin1,cap,1000
p37139,bin2,cost,331.26
p37139,bin2,cap,2000
p37139,bin3,cost,3312.63
p37139,bin3,cap,20000
p37141,bin1,cost,107.66
p37141,bin1,cap,1000
p37141,bin2,cost,331.26
p37141,bin2,cap,2000
p37141,bin3,cost,3312.63
p37141,bin3,cap,20000
p37143,bin1,cost,107.66
p37143,bin1,cap,1000
p37143,bin2,cost,331.26
p37143,bin2,cap,2000
p37143,bin3,cost,3312.63
p37143,bin3,cap,20000
p37145,bin1,cost,107.66
p37145,bin1,cap,1000
p37145,bin2,cost,331.26
p37145,bin2,cap,2000
p37145,bin3,cost,3312.63
p37145,bin3,cap,20000
p37147,bin1,cost,107.66
p37147,bin1,cap,1000
p37147,bin2,cost,331.26
p37147,bin2,cap,2000
p37147,bin3,cost,3312.63
p37147,bin3,cap,20000
p37153,bin1,cost,107.66
p37153,bin1,cap,1000
p37153,bin2,cost,331.26
p37153,bin2,cap,2000
p37153,bin3,cost,3312.63
p37153,bin3,cap,20000
p37155,bin1,cost,107.66
p37155,bin1,cap,1000
p37155,bin2,cost,331.26
p37155,bin2,cap,2000
p37155,bin3,cost,3312.63
p37155,bin3,cap,20000
p37163,bin1,cost,107.66
p37163,bin1,cap,1000
p37163,bin2,cost,331.26
p37163,bin2,cap,2000
p37163,bin3,cost,3312.63
p37163,bin3,cap,20000
p37165,bin1,cost,107.66
p37165,bin1,cap,1000
p37165,bin2,cost,331.26
p37165,bin2,cap,2000
p37165,bin3,cost,3312.63
p37165,bin3,cap,20000
p37177,bin1,cost,107.66
p37177,bin1,cap,1000
p37177,bin2,cost,331.26
p37177,bin2,cap,2000
p37177,bin3,cost,3312.63
p37177,bin3,cap,20000
p37181,bin1,cost,107.66
p37181,bin1,cap,1000
p37181,bin2,cost,331.26
p37181,bin2,cap,2000
p37181,bin3,cost,3312.63
p37181,bin3,cap,20000
p37183,bin1,cost,107.66
p37183,bin1,cap,1000
p37183,bin2,cost,331.26
p37183,bin2,cap,2000
p37183,bin3,cost,3312.63
p37183,bin3,cap,20000
p37185,bin1,cost,107.66
p37185,bin1,cap,1000
p37185,bin2,cost,331.26
p37185,bin2,cap,2000
p37185,bin3,cost,3312.63
p37185,bin3,cap,20000
p37187,bin1,cost,107.66
p37187,bin1,cap,1000
p37187,bin2,cost,331.26
p37187,bin2,cap,2000
p37187,bin3,cost,3312.63
p37187,bin3,cap,20000
p37191,bin1,cost,107.66
p37191,bin1,cap,1000
p37191,bin2,cost,331.26
p37191,bin2,cap,2000
p37191,bin3,cost,3312.63
p37191,bin3,cap,20000
p37195,bin1,cost,107.66
p37195,bin1,cap,1000
p37195,bin2,cost,331.26
p37195,bin2,cap,2000
p37195,bin3,cost,3312.63
p37195,bin3,cap,20000
p51003,bin1,cost,107.66
p51003,bin1,cap,1000
p51003,bin2,cost,331.26
p51003,bin2,cap,2000
p51003,bin3,cost,3312.63
p51003,bin3,cap,20000
p51005,bin1,cost,107.66
p51005,bin1,cap,1000
p51005,bin2,cost,331.26
p51005,bin2,cap,2000
p51005,bin3,cost,3312.63
p51005,bin3,cap,20000
p51007,bin1,cost,107.66
p51007,bin1,cap,1000
p51007,bin2,cost,331.26
p51007,bin2,cap,2000
p51007,bin3,cost,3312.63
p51007,bin3,cap,20000
p51011,bin1,cost,107.66
p51011,bin1,cap,1000
p51011,bin2,cost,331.26
p51011,bin2,cap,2000
p51011,bin3,cost,3312.63
p51011,bin3,cap,20000
p51013,bin1,cost,107.66
p51013,bin1,cap,1000
p51013,bin2,cost,331.26
p51013,bin2,cap,2000
p51013,bin3,cost,3312.63
p51013,bin3,cap,20000
p51015,bin1,cost,107.66
p51015,bin1,cap,1000
p51015,bin2,cost,331.26
p51015,bin2,cap,2000
p51015,bin3,cost,3312.63
p51015,bin3,cap,20000
p51017,bin1,cost,107.66
p51017,bin1,cap,1000
p51017,bin2,cost,331.26
p51017,bin2,cap,2000
p51017,bin3,cost,3312.63
p51017,bin3,cap,20000
p51025,bin1,cost,107.66
p51025,bin1,cap,1000
p51025,bin2,cost,331.26
p51025,bin2,cap,2000
p51025,bin3,cost,3312.63
p51025,bin3,cap,20000
p51029,bin1,cost,107.66
p51029,bin1,cap,1000
p51029,bin2,cost,331.26
p51029,bin2,cap,2000
p51029,bin3,cost,3312.63
p51029,bin3,cap,20000
p51031,bin1,cost,107.66
p51031,bin1,cap,1000
p51031,bin2,cost,331.26
p51031,bin2,cap,2000
p51031,bin3,cost,3312.63
p51031,bin3,cap,20000
p51033,bin1,cost,107.66
p51033,bin1,cap,1000
p51033,bin2,cost,331.26
p51033,bin2,cap,2000
p51033,bin3,cost,3312.63
p51033,bin3,cap,20000
p51036,bin1,cost,107.66
p51036,bin1,cap,1000
p51036,bin2,cost,331.26
p51036,bin2,cap,2000
p51036,bin3,cost,3312.63
p51036,bin3,cap,20000
p51037,bin1,cost,107.66
p51037,bin1,cap,1000
p51037,bin2,cost,331.26
p51037,bin2,cap,2000
p51037,bin3,cost,3312.63
p51037,bin3,cap,20000
p51041,bin1,cost,107.66
p51041,bin1,cap,1000
p51041,bin2,cost,331.26
p51041,bin2,cap,2000
p51041,bin3,cost,3312.63
p51041,bin3,cap,20000
p51047,bin1,cost,107.66
p51047,bin1,cap,1000
p51047,bin2,cost,331.26
p51047,bin2,cap,2000
p51047,bin3,cost,3312.63
p51047,bin3,cap,20000
p51049,bin1,cost,107.66
p51049,bin1,cap,1000
p51049,bin2,cost,331.26
p51049,bin2,cap,2000
p51049,bin3,cost,3312.63
p51049,bin3,cap,20000
p51053,bin1,cost,107.66
p51053,bin1,cap,1000
p51053,bin2,cost,331.26
p51053,bin2,cap,2000
p51053,bin3,cost,3312.63
p51053,bin3,cap,20000
p51057,bin1,cost,107.66
p51057,bin1,cap,1000
p51057,bin2,cost,331.26
p51057,bin2,cap,2000
p51057,bin3,cost,3312.63
p51057,bin3,cap,20000
p51059,bin1,cost,107.66
p51059,bin1,cap,1000
p51059,bin2,cost,331.26
p51059,bin2,cap,2000
p51059,bin3,cost,3312.63
p51059,bin3,cap,20000
p51061,bin1,cost,107.66
p51061,bin1,cap,1000
p51061,bin2,cost,331.26
p51061,bin2,cap,2000
p51061,bin3,cost,3312.63
p51061,bin3,cap,20000
p51065,bin1,cost,107.66
p51065,bin1,cap,1000
p51065,bin2,cost,331.26
p51065,bin2,cap,2000
p51065,bin3,cost,3312.63
p51065,bin3,cap,20000
p51073,bin1,cost,107.66
p51073,bin1,cap,1000
p51073,bin2,cost,331.26
p51073,bin2,cap,2000
p51073,bin3,cost,3312.63
p51073,bin3,cap,20000
p51075,bin1,cost,107.66
p51075,bin1,cap,1000
p51075,bin2,cost,331.26
p51075,bin2,cap,2000
p51075,bin3,cost,3312.63
p51075,bin3,cap,20000
p51081,bin1,cost,107.66
p51081,bin1,cap,1000
p51081,bin2,cost,331.26
p51081,bin2,cap,2000
p51081,bin3,cost,3312.63
p51081,bin3,cap,20000
p51083,bin1,cost,107.66
p51083,bin1,cap,1000
p51083,bin2,cost,331.26
p51083,bin2,cap,2000
p51083,bin3,cost,3312.63
p51083,bin3,cap,20000
p51085,bin1,cost,107.66
p51085,bin1,cap,1000
p51085,bin2,cost,331.26
p51085,bin2,cap,2000
p51085,bin3,cost,3312.63
p51085,bin3,cap,20000
p51087,bin1,cost,107.66
p51087,bin1,cap,1000
p51087,bin2,cost,331.26
p51087,bin2,cap,2000
p51087,bin3,cost,3312.63
p51087,bin3,cap,20000
p51091,bin1,cost,107.66
p51091,bin1,cap,1000
p51091,bin2,cost,331.26
p51091,bin2,cap,2000
p51091,bin3,cost,3312.63
p51091,bin3,cap,20000
p51093,bin1,cost,107.66
p51093,bin1,cap,1000
p51093,bin2,cost,331.26
p51093,bin2,cap,2000
p51093,bin3,cost,3312.63
p51093,bin3,cap,20000
p51095,bin1,cost,107.66
p51095,bin1,cap,1000
p51095,bin2,cost,331.26
p51095,bin2,cap,2000
p51095,bin3,cost,3312.63
p51095,bin3,cap,20000
p51097,bin1,cost,107.66
p51097,bin1,cap,1000
p51097,bin2,cost,331.26
p51097,bin2,cap,2000
p51097,bin3,cost,3312.63
p51097,bin3,cap,20000
p51099,bin1,cost,107.66
p51099,bin1,cap,1000
p51099,bin2,cost,331.26
p51099,bin2,cap,2000
p51099,bin3,cost,3312.63
p51099,bin3,cap,20000
p51101,bin1,cost,107.66
p51101,bin1,cap,1000
p51101,bin2,cost,331.26
p51101,bin2,cap,2000
p51101,bin3,cost,3312.63
p51101,bin3,cap,20000
p51103,bin1,cost,107.66
p51103,bin1,cap,1000
p51103,bin2,cost,331.26
p51103,bin2,cap,2000
p51103,bin3,cost,3312.63
p51103,bin3,cap,20000
p51107,bin1,cost,107.66
p51107,bin1,cap,1000
p51107,bin2,cost,331.26
p51107,bin2,cap,2000
p51107,bin3,cost,3312.63
p51107,bin3,cap,20000
p51109,bin1,cost,107.66
p51109,bin1,cap,1000
p51109,bin2,cost,331.26
p51109,bin2,cap,2000
p51109,bin3,cost,3312.63
p51109,bin3,cap,20000
p51111,bin1,cost,107.66
p51111,bin1,cap,1000
p51111,bin2,cost,331.26
p51111,bin2,cap,2000
p51111,bin3,cost,3312.63
p51111,bin3,cap,20000
p51115,bin1,cost,107.66
p51115,bin1,cap,1000
p51115,bin2,cost,331.26
p51115,bin2,cap,2000
p51115,bin3,cost,3312.63
p51115,bin3,cap,20000
p51117,bin1,cost,107.66
p51117,bin1,cap,1000
p51117,bin2,cost,331.26
p51117,bin2,cap,2000
p51117,bin3,cost,3312.63
p51117,bin3,cap,20000
p51119,bin1,cost,107.66
p51119,bin1,cap,1000
p51119,bin2,cost,331.26
p51119,bin2,cap,2000
p51119,bin3,cost,3312.63
p51119,bin3,cap,20000
p51127,bin1,cost,107.66
p51127,bin1,cap,1000
p51127,bin2,cost,331.26
p51127,bin2,cap,2000
p51127,bin3,cost,3312.63
p51127,bin3,cap,20000
p51133,bin1,cost,107.66
p51133,bin1,cap,1000
p51133,bin2,cost,331.26
p51133,bin2,cap,2000
p51133,bin3,cost,3312.63
p51133,bin3,cap,20000
p51135,bin1,cost,107.66
p51135,bin1,cap,1000
p51135,bin2,cost,331.26
p51135,bin2,cap,2000
p51135,bin3,cost,3312.63
p51135,bin3,cap,20000
p51137,bin1,cost,107.66
p51137,bin1,cap,1000
p51137,bin2,cost,331.26
p51137,bin2,cap,2000
p51137,bin3,cost,3312.63
p51137,bin3,cap,20000
p51143,bin1,cost,107.66
p51143,bin1,cap,1000
p51143,bin2,cost,331.26
p51143,bin2,cap,2000
p51143,bin3,cost,3312.63
p51143,bin3,cap,20000
p51145,bin1,cost,107.66
p51145,bin1,cap,1000
p51145,bin2,cost,331.26
p51145,bin2,cap,2000
p51145,bin3,cost,3312.63
p51145,bin3,cap,20000
p51147,bin1,cost,107.66
p51147,bin1,cap,1000
p51147,bin2,cost,331.26
p51147,bin2,cap,2000
p51147,bin3,cost,3312.63
p51147,bin3,cap,20000
p51149,bin1,cost,107.66
p51149,bin1,cap,1000
p51149,bin2,cost,331.26
p51149,bin2,cap,2000
p51149,bin3,cost,3312.63
p51149,bin3,cap,20000
p51153,bin1,cost,107.66
p51153,bin1,cap,1000
p51153,bin2,cost,331.26
p51153,bin2,cap,2000
p51153,bin3,cost,3312.63
p51153,bin3,cap,20000
p51159,bin1,cost,107.66
p51159,bin1,cap,1000
p51159,bin2,cost,331.26
p51159,bin2,cap,2000
p51159,bin3,cost,3312.63
p51159,bin3,cap,20000
p51163,bin1,cost,107.66
p51163,bin1,cap,1000
p51163,bin2,cost,331.26
p51163,bin2,cap,2000
p51163,bin3,cost,3312.63
p51163,bin3,cap,20000
p51165,bin1,cost,107.66
p51165,bin1,cap,1000
p51165,bin2,cost,331.26
p51165,bin2,cap,2000
p51165,bin3,cost,3312.63
p51165,bin3,cap,20000
p51171,bin1,cost,107.66
p51171,bin1,cap,1000
p51171,bin2,cost,331.26
p51171,bin2,cap,2000
p51171,bin3,cost,3312.63
p51171,bin3,cap,20000
p51175,bin1,cost,107.66
p51175,bin1,cap,1000
p51175,bin2,cost,331.26
p51175,bin2,cap,2000
p51175,bin3,cost,3312.63
p51175,bin3,cap,20000
p51177,bin1,cost,107.66
p51177,bin1,cap,1000
p51177,bin2,cost,331.26
p51177,bin2,cap,2000
p51177,bin3,cost,3312.63
p51177,bin3,cap,20000
p51179,bin1,cost,107.66
p51179,bin1,cap,1000
p51179,bin2,cost,331.26
p51179,bin2,cap,2000
p51179,bin3,cost,3312.63
p51179,bin3,cap,20000
p51181,bin1,cost,107.66
p51181,bin1,cap,1000
p51181,bin2,cost,331.26
p51181,bin2,cap,2000
p51181,bin3,cost,3312.63
p51181,bin3,cap,20000
p51183,bin1,cost,107.66
p51183,bin1,cap,1000
p51183,bin2,cost,331.26
p51183,bin2,cap,2000
p51183,bin3,cost,3312.63
p51183,bin3,cap,20000
p51193,bin1,cost,107.66
p51193,bin1,cap,1000
p51193,bin2,cost,331.26
p51193,bin2,cap,2000
p51193,bin3,cost,3312.63
p51193,bin3,cap,20000
p51199,bin1,cost,107.66
p51199,bin1,cap,1000
p51199,bin2,cost,331.26
p51199,bin2,cap,2000
p51199,bin3,cost,3312.63
p51199,bin3,cap,20000
p51510,bin1,cost,107.66
p51510,bin1,cap,1000
p51510,bin2,cost,331.26
p51510,bin2,cap,2000
p51510,bin3,cost,3312.63
p51510,bin3,cap,20000
p51530,bin1,cost,107.66
p51530,bin1,cap,1000
p51530,bin2,cost,331.26
p51530,bin2,cap,2000
p51530,bin3,cost,3312.63
p51530,bin3,cap,20000
p51540,bin1,cost,107.66
p51540,bin1,cap,1000
p51540,bin2,cost,331.26
p51540,bin2,cap,2000
p51540,bin3,cost,3312.63
p51540,bin3,cap,20000
p51550,bin1,cost,107.66
p51550,bin1,cap,1000
p51550,bin2,cost,331.26
p51550,bin2,cap,2000
p51550,bin3,cost,3312.63
p51550,bin3,cap,20000
p51570,bin1,cost,107.66
p51570,bin1,cap,1000
p51570,bin2,cost,331.26
p51570,bin2,cap,2000
p51570,bin3,cost,3312.63
p51570,bin3,cap,20000
p51580,bin1,cost,107.66
p51580,bin1,cap,1000
p51580,bin2,cost,331.26
p51580,bin2,cap,2000
p51580,bin3,cost,3312.63
p51580,bin3,cap,20000
p51590,bin1,cost,107.66
p51590,bin1,cap,1000
p51590,bin2,cost,331.26
p51590,bin2,cap,2000
p51590,bin3,cost,3312.63
p51590,bin3,cap,20000
p51595,bin1,cost,107.66
p51595,bin1,cap,1000
p51595,bin2,cost,331.26
p51595,bin2,cap,2000
p51595,bin3,cost,3312.63
p51595,bin3,cap,20000
p51600,bin1,cost,107.66
p51600,bin1,cap,1000
p51600,bin2,cost,331.26
p51600,bin2,cap,2000
p51600,bin3,cost,3312.63
p51600,bin3,cap,20000
p51610,bin1,cost,107.66
p51610,bin1,cap,1000
p51610,bin2,cost,331.26
p51610,bin2,cap,2000
p51610,bin3,cost,3312.63
p51610,bin3,cap,20000
p51620,bin1,cost,107.66
p51620,bin1,cap,1000
p51620,bin2,cost,331.26
p51620,bin2,cap,2000
p51620,bin3,cost,3312.63
p51620,bin3,cap,20000
p51630,bin1,cost,107.66
p51630,bin1,cap,1000
p51630,bin2,cost,331.26
p51630,bin2,cap,2000
p51630,bin3,cost,3312.63
p51630,bin3,cap,20000
p51650,bin1,cost,107.66
p51650,bin1,cap,1000
p51650,bin2,cost,331.26
p51650,bin2,cap,2000
p51650,bin3,cost,3312.63
p51650,bin3,cap,20000
p51660,bin1,cost,107.66
p51660,bin1,cap,1000
p51660,bin2,cost,331.26
p51660,bin2,cap,2000
p51660,bin3,cost,3312.63
p51660,bin3,cap,20000
p51670,bin1,cost,107.66
p51670,bin1,cap,1000
p51670,bin2,cost,331.26
p51670,bin2,cap,2000
p51670,bin3,cost,3312.63
p51670,bin3,cap,20000
p51678,bin1,cost,107.66
p51678,bin1,cap,1000
p51678,bin2,cost,331.26
p51678,bin2,cap,2000
p51678,bin3,cost,3312.63
p51678,bin3,cap,20000
p51683,bin1,cost,107.66
p51683,bin1,cap,1000
p51683,bin2,cost,331.26
p51683,bin2,cap,2000
p51683,bin3,cost,3312.63
p51683,bin3,cap,20000
p51685,bin1,cost,107.66
p51685,bin1,cap,1000
p51685,bin2,cost,331.26
p51685,bin2,cap,2000
p51685,bin3,cost,3312.63
p51685,bin3,cap,20000
p51700,bin1,cost,107.66
p51700,bin1,cap,1000
p51700,bin2,cost,331.26
p51700,bin2,cap,2000
p51700,bin3,cost,3312.63
p51700,bin3,cap,20000
p51710,bin1,cost,107.66
p51710,bin1,cap,1000
p51710,bin2,cost,331.26
p51710,bin2,cap,2000
p51710,bin3,cost,3312.63
p51710,bin3,cap,20000
p51730,bin1,cost,107.66
p51730,bin1,cap,1000
p51730,bin2,cost,331.26
p51730,bin2,cap,2000
p51730,bin3,cost,3312.63
p51730,bin3,cap,20000
p51735,bin1,cost,107.66
p51735,bin1,cap,1000
p51735,bin2,cost,331.26
p51735,bin2,cap,2000
p51735,bin3,cost,3312.63
p51735,bin3,cap,20000
p51740,bin1,cost,107.66
p51740,bin1,cap,1000
p51740,bin2,cost,331.26
p51740,bin2,cap,2000
p51740,bin3,cost,3312.63
p51740,bin3,cap,20000
p51760,bin1,cost,107.66
p51760,bin1,cap,1000
p51760,bin2,cost,331.26
p51760,bin2,cap,2000
p51760,bin3,cost,3312.63
p51760,bin3,cap,20000
p51790,bin1,cost,107.66
p51790,bin1,cap,1000
p51790,bin2,cost,331.26
p51790,bin2,cap,2000
p51790,bin3,cost,3312.63
p51790,bin3,cap,20000
p51800,bin1,cost,107.66
p51800,bin1,cap,1000
p51800,bin2,cost,331.26
p51800,bin2,cap,2000
p51800,bin3,cost,3312.63
p51800,bin3,cap,20000
p51810,bin1,cost,107.66
p51810,bin1,cap,1000
p51810,bin2,cost,331.26
p51810,bin2,cap,2000
p51810,bin3,cost,3312.63
p51810,bin3,cap,20000
p51820,bin1,cost,107.66
p51820,bin1,cap,1000
p51820,bin2,cost,331.26
p51820,bin2,cap,2000
p51820,bin3,cost,3312.63
p51820,bin3,cap,20000
p51830,bin1,cost,107.66
p51830,bin1,cap,1000
p51830,bin2,cost,331.26
p51830,bin2,cap,2000
p51830,bin3,cost,3312.63
p51830,bin3,cap,20000
p51043,bin1,cost,107.66
p51043,bin1,cap,1000
p51043,bin2,cost,331.26
p51043,bin2,cap,2000
p51043,bin3,cost,3312.63
p51043,bin3,cap,20000
p51069,bin1,cost,107.66
p51069,bin1,cap,1000
p51069,bin2,cost,331.26
p51069,bin2,cap,2000
p51069,bin3,cost,3312.63
p51069,bin3,cap,20000
p51079,bin1,cost,107.66
p51079,bin1,cap,1000
p51079,bin2,cost,331.26
p51079,bin2,cap,2000
p51079,bin3,cost,3312.63
p51079,bin3,cap,20000
p51113,bin1,cost,107.66
p51113,bin1,cap,1000
p51113,bin2,cost,331.26
p51113,bin2,cap,2000
p51113,bin3,cost,3312.63
p51113,bin3,cap,20000
p51139,bin1,cost,107.66
p51139,bin1,cap,1000
p51139,bin2,cost,331.26
p51139,bin2,cap,2000
p51139,bin3,cost,3312.63
p51139,bin3,cap,20000
p51157,bin1,cost,107.66
p51157,bin1,cap,1000
p51157,bin2,cost,331.26
p51157,bin2,cap,2000
p51157,bin3,cost,3312.63
p51157,bin3,cap,20000
p51187,bin1,cost,107.66
p51187,bin1,cap,1000
p51187,bin2,cost,331.26
p51187,bin2,cap,2000
p51187,bin3,cost,3312.63
p51187,bin3,cap,20000
p51840,bin1,cost,107.66
p51840,bin1,cap,1000
p51840,bin2,cost,331.26
p51840,bin2,cap,2000
p51840,bin3,cost,3312.63
p51840,bin3,cap,20000
p12001,bin1,cost,107.66
p12001,bin1,cap,1000
p12001,bin2,cost,331.26
p12001,bin2,cap,2000
p12001,bin3,cost,3312.63
p12001,bin3,cap,20000
p12003,bin1,cost,107.66
p12003,bin1,cap,1000
p12003,bin2,cost,331.26
p12003,bin2,cap,2000
p12003,bin3,cost,3312.63
p12003,bin3,cap,20000
p12007,bin1,cost,107.66
p12007,bin1,cap,1000
p12007,bin2,cost,331.26
p12007,bin2,cap,2000
p12007,bin3,cost,3312.63
p12007,bin3,cap,20000
p12015,bin1,cost,107.66
p12015,bin1,cap,1000
p12015,bin2,cost,331.26
p12015,bin2,cap,2000
p12015,bin3,cost,3312.63
p12015,bin3,cap,20000
p12017,bin1,cost,107.66
p12017,bin1,cap,1000
p12017,bin2,cost,331.26
p12017,bin2,cap,2000
p12017,bin3,cost,3312.63
p12017,bin3,cap,20000
p12019,bin1,cost,107.66
p12019,bin1,cap,1000
p12019,bin2,cost,331.26
p12019,bin2,cap,2000
p12019,bin3,cost,3312.63
p12019,bin3,cap,20000
p12021,bin1,cost,107.66
p12021,bin1,cap,1000
p12021,bin2,cost,331.26
p12021,bin2,cap,2000
p12021,bin3,cost,3312.63
p12021,bin3,cap,20000
p12023,bin1,cost,107.66
p12023,bin1,cap,1000
p12023,bin2,cost,331.26
p12023,bin2,cap,2000
p12023,bin3,cost,3312.63
p12023,bin3,cap,20000
p12027,bin1,cost,107.66
p12027,bin1,cap,1000
p12027,bin2,cost,331.26
p12027,bin2,cap,2000
p12027,bin3,cost,3312.63
p12027,bin3,cap,20000
p12029,bin1,cost,107.66
p12029,bin1,cap,1000
p12029,bin2,cost,331.26
p12029,bin2,cap,2000
p12029,bin3,cost,3312.63
p12029,bin3,cap,20000
p12031,bin1,cost,107.66
p12031,bin1,cap,1000
p12031,bin2,cost,331.26
p12031,bin2,cap,2000
p12031,bin3,cost,3312.63
p12031,bin3,cap,20000
p12035,bin1,cost,107.66
p12035,bin1,cap,1000
p12035,bin2,cost,331.26
p12035,bin2,cap,2000
p12035,bin3,cost,3312.63
p12035,bin3,cap,20000
p12037,bin1,cost,107.66
p12037,bin1,cap,1000
p12037,bin2,cost,331.26
p12037,bin2,cap,2000
p12037,bin3,cost,3312.63
p12037,bin3,cap,20000
p12039,bin1,cost,107.66
p12039,bin1,cap,1000
p12039,bin2,cost,331.26
p12039,bin2,cap,2000
p12039,bin3,cost,3312.63
p12039,bin3,cap,20000
p12041,bin1,cost,107.66
p12041,bin1,cap,1000
p12041,bin2,cost,331.26
p12041,bin2,cap,2000
p12041,bin3,cost,3312.63
p12041,bin3,cap,20000
p12043,bin1,cost,107.66
p12043,bin1,cap,1000
p12043,bin2,cost,331.26
p12043,bin2,cap,2000
p12043,bin3,cost,3312.63
p12043,bin3,cap,20000
p12047,bin1,cost,107.66
p12047,bin1,cap,1000
p12047,bin2,cost,331.26
p12047,bin2,cap,2000
p12047,bin3,cost,3312.63
p12047,bin3,cap,20000
p12049,bin1,cost,107.66
p12049,bin1,cap,1000
p12049,bin2,cost,331.26
p12049,bin2,cap,2000
p12049,bin3,cost,3312.63
p12049,bin3,cap,20000
p12051,bin1,cost,107.66
p12051,bin1,cap,1000
p12051,bin2,cost,331.26
p12051,bin2,cap,2000
p12051,bin3,cost,3312.63
p12051,bin3,cap,20000
p12053,bin1,cost,107.66
p12053,bin1,cap,1000
p12053,bin2,cost,331.26
p12053,bin2,cap,2000
p12053,bin3,cost,3312.63
p12053,bin3,cap,20000
p12055,bin1,cost,107.66
p12055,bin1,cap,1000
p12055,bin2,cost,331.26
p12055,bin2,cap,2000
p12055,bin3,cost,3312.63
p12055,bin3,cap,20000
p12057,bin1,cost,107.66
p12057,bin1,cap,1000
p12057,bin2,cost,331.26
p12057,bin2,cap,2000
p12057,bin3,cost,3312.63
p12057,bin3,cap,20000
p12065,bin1,cost,107.66
p12065,bin1,cap,1000
p12065,bin2,cost,331.26
p12065,bin2,cap,2000
p12065,bin3,cost,3312.63
p12065,bin3,cap,20000
p12067,bin1,cost,107.66
p12067,bin1,cap,1000
p12067,bin2,cost,331.26
p12067,bin2,cap,2000
p12067,bin3,cost,3312.63
p12067,bin3,cap,20000
p12069,bin1,cost,107.66
p12069,bin1,cap,1000
p12069,bin2,cost,331.26
p12069,bin2,cap,2000
p12069,bin3,cost,3312.63
p12069,bin3,cap,20000
p12071,bin1,cost,107.66
p12071,bin1,cap,1000
p12071,bin2,cost,331.26
p12071,bin2,cap,2000
p12071,bin3,cost,3312.63
p12071,bin3,cap,20000
p12073,bin1,cost,107.66
p12073,bin1,cap,1000
p12073,bin2,cost,331.26
p12073,bin2,cap,2000
p12073,bin3,cost,3312.63
p12073,bin3,cap,20000
p12075,bin1,cost,107.66
p12075,bin1,cap,1000
p12075,bin2,cost,331.26
p12075,bin2,cap,2000
p12075,bin3,cost,3312.63
p12075,bin3,cap,20000
p12077,bin1,cost,107.66
p12077,bin1,cap,1000
p12077,bin2,cost,331.26
p12077,bin2,cap,2000
p12077,bin3,cost,3312.63
p12077,bin3,cap,20000
p12079,bin1,cost,107.66
p12079,bin1,cap,1000
p12079,bin2,cost,331.26
p12079,bin2,cap,2000
p12079,bin3,cost,3312.63
p12079,bin3,cap,20000
p12081,bin1,cost,107.66
p12081,bin1,cap,1000
p12081,bin2,cost,331.26
p12081,bin2,cap,2000
p12081,bin3,cost,3312.63
p12081,bin3,cap,20000
p12083,bin1,cost,107.66
p12083,bin1,cap,1000
p12083,bin2,cost,331.26
p12083,bin2,cap,2000
p12083,bin3,cost,3312.63
p12083,bin3,cap,20000
p12087,bin1,cost,107.66
p12087,bin1,cap,1000
p12087,bin2,cost,331.26
p12087,bin2,cap,2000
p12087,bin3,cost,3312.63
p12087,bin3,cap,20000
p12089,bin1,cost,107.66
p12089,bin1,cap,1000
p12089,bin2,cost,331.26
p12089,bin2,cap,2000
p12089,bin3,cost,3312.63
p12089,bin3,cap,20000
p12093,bin1,cost,107.66
p12093,bin1,cap,1000
p12093,bin2,cost,331.26
p12093,bin2,cap,2000
p12093,bin3,cost,3312.63
p12093,bin3,cap,20000
p12095,bin1,cost,107.66
p12095,bin1,cap,1000
p12095,bin2,cost,331.26
p12095,bin2,cap,2000
p12095,bin3,cost,3312.63
p12095,bin3,cap,20000
p12097,bin1,cost,107.66
p12097,bin1,cap,1000
p12097,bin2,cost,331.26
p12097,bin2,cap,2000
p12097,bin3,cost,3312.63
p12097,bin3,cap,20000
p12101,bin1,cost,107.66
p12101,bin1,cap,1000
p12101,bin2,cost,331.26
p12101,bin2,cap,2000
p12101,bin3,cost,3312.63
p12101,bin3,cap,20000
p12103,bin1,cost,107.66
p12103,bin1,cap,1000
p12103,bin2,cost,331.26
p12103,bin2,cap,2000
p12103,bin3,cost,3312.63
p12103,bin3,cap,20000
p12105,bin1,cost,107.66
p12105,bin1,cap,1000
p12105,bin2,cost,331.26
p12105,bin2,cap,2000
p12105,bin3,cost,3312.63
p12105,bin3,cap,20000
p12107,bin1,cost,107.66
p12107,bin1,cap,1000
p12107,bin2,cost,331.26
p12107,bin2,cap,2000
p12107,bin3,cost,3312.63
p12107,bin3,cap,20000
p12109,bin1,cost,107.66
p12109,bin1,cap,1000
p12109,bin2,cost,331.26
p12109,bin2,cap,2000
p12109,bin3,cost,3312.63
p12109,bin3,cap,20000
p12115,bin1,cost,107.66
p12115,bin1,cap,1000
p12115,bin2,cost,331.26
p12115,bin2,cap,2000
p12115,bin3,cost,3312.63
p12115,bin3,cap,20000
p12117,bin1,cost,107.66
p12117,bin1,cap,1000
p12117,bin2,cost,331.26
p12117,bin2,cap,2000
p12117,bin3,cost,3312.63
p12117,bin3,cap,20000
p12119,bin1,cost,107.66
p12119,bin1,cap,1000
p12119,bin2,cost,331.26
p12119,bin2,cap,2000
p12119,bin3,cost,3312.63
p12119,bin3,cap,20000
p12121,bin1,cost,107.66
p12121,bin1,cap,1000
p12121,bin2,cost,331.26
p12121,bin2,cap,2000
p12121,bin3,cost,3312.63
p12121,bin3,cap,20000
p12123,bin1,cost,107.66
p12123,bin1,cap,1000
p12123,bin2,cost,331.26
p12123,bin2,cap,2000
p12123,bin3,cost,3312.63
p12123,bin3,cap,20000
p12125,bin1,cost,107.66
p12125,bin1,cap,1000
p12125,bin2,cost,331.26
p12125,bin2,cap,2000
p12125,bin3,cost,3312.63
p12125,bin3,cap,20000
p12127,bin1,cost,107.66
p12127,bin1,cap,1000
p12127,bin2,cost,331.26
p12127,bin2,cap,2000
p12127,bin3,cost,3312.63
p12127,bin3,cap,20000
p12129,bin1,cost,107.66
p12129,bin1,cap,1000
p12129,bin2,cost,331.26
p12129,bin2,cap,2000
p12129,bin3,cost,3312.63
p12129,bin3,cap,20000
p12009,bin1,cost,107.66
p12009,bin1,cap,1000
p12009,bin2,cost,331.26
p12009,bin2,cap,2000
p12009,bin3,cost,3312.63
p12009,bin3,cap,20000
p12011,bin1,cost,107.66
p12011,bin1,cap,1000
p12011,bin2,cost,331.26
p12011,bin2,cap,2000
p12011,bin3,cost,3312.63
p12011,bin3,cap,20000
p12061,bin1,cost,107.66
p12061,bin1,cap,1000
p12061,bin2,cost,331.26
p12061,bin2,cap,2000
p12061,bin3,cost,3312.63
p12061,bin3,cap,20000
p12085,bin1,cost,107.66
p12085,bin1,cap,1000
p12085,bin2,cost,331.26
p12085,bin2,cap,2000
p12085,bin3,cost,3312.63
p12085,bin3,cap,20000
p12086,bin1,cost,107.66
p12086,bin1,cap,1000
p12086,bin2,cost,331.26
p12086,bin2,cap,2000
p12086,bin3,cost,3312.63
p12086,bin3,cap,20000
p12099,bin1,cost,107.66
p12099,bin1,cap,1000
p12099,bin2,cost,331.26
p12099,bin2,cap,2000
p12099,bin3,cost,3312.63
p12099,bin3,cap,20000
p12111,bin1,cost,107.66
p12111,bin1,cap,1000
p12111,bin2,cost,331.26
p12111,bin2,cap,2000
p12111,bin3,cost,3312.63
p12111,bin3,cap,20000
p26001,bin1,cost,107.66
p26001,bin1,cap,1000
p26001,bin2,cost,331.26
p26001,bin2,cap,2000
p26001,bin3,cost,3312.63
p26001,bin3,cap,20000
p26005,bin1,cost,107.66
p26005,bin1,cap,1000
p26005,bin2,cost,331.26
p26005,bin2,cap,2000
p26005,bin3,cost,3312.63
p26005,bin3,cap,20000
p26007,bin1,cost,107.66
p26007,bin1,cap,1000
p26007,bin2,cost,331.26
p26007,bin2,cap,2000
p26007,bin3,cost,3312.63
p26007,bin3,cap,20000
p26009,bin1,cost,107.66
p26009,bin1,cap,1000
p26009,bin2,cost,331.26
p26009,bin2,cap,2000
p26009,bin3,cost,3312.63
p26009,bin3,cap,20000
p26011,bin1,cost,107.66
p26011,bin1,cap,1000
p26011,bin2,cost,331.26
p26011,bin2,cap,2000
p26011,bin3,cost,3312.63
p26011,bin3,cap,20000
p26015,bin1,cost,107.66
p26015,bin1,cap,1000
p26015,bin2,cost,331.26
p26015,bin2,cap,2000
p26015,bin3,cost,3312.63
p26015,bin3,cap,20000
p26017,bin1,cost,107.66
p26017,bin1,cap,1000
p26017,bin2,cost,331.26
p26017,bin2,cap,2000
p26017,bin3,cost,3312.63
p26017,bin3,cap,20000
p26019,bin1,cost,107.66
p26019,bin1,cap,1000
p26019,bin2,cost,331.26
p26019,bin2,cap,2000
p26019,bin3,cost,3312.63
p26019,bin3,cap,20000
p26023,bin1,cost,107.66
p26023,bin1,cap,1000
p26023,bin2,cost,331.26
p26023,bin2,cap,2000
p26023,bin3,cost,3312.63
p26023,bin3,cap,20000
p26025,bin1,cost,107.66
p26025,bin1,cap,1000
p26025,bin2,cost,331.26
p26025,bin2,cap,2000
p26025,bin3,cost,3312.63
p26025,bin3,cap,20000
p26029,bin1,cost,107.66
p26029,bin1,cap,1000
p26029,bin2,cost,331.26
p26029,bin2,cap,2000
p26029,bin3,cost,3312.63
p26029,bin3,cap,20000
p26031,bin1,cost,107.66
p26031,bin1,cap,1000
p26031,bin2,cost,331.26
p26031,bin2,cap,2000
p26031,bin3,cost,3312.63
p26031,bin3,cap,20000
p26033,bin1,cost,107.66
p26033,bin1,cap,1000
p26033,bin2,cost,331.26
p26033,bin2,cap,2000
p26033,bin3,cost,3312.63
p26033,bin3,cap,20000
p26035,bin1,cost,107.66
p26035,bin1,cap,1000
p26035,bin2,cost,331.26
p26035,bin2,cap,2000
p26035,bin3,cost,3312.63
p26035,bin3,cap,20000
p26037,bin1,cost,107.66
p26037,bin1,cap,1000
p26037,bin2,cost,331.26
p26037,bin2,cap,2000
p26037,bin3,cost,3312.63
p26037,bin3,cap,20000
p26039,bin1,cost,107.66
p26039,bin1,cap,1000
p26039,bin2,cost,331.26
p26039,bin2,cap,2000
p26039,bin3,cost,3312.63
p26039,bin3,cap,20000
p26045,bin1,cost,107.66
p26045,bin1,cap,1000
p26045,bin2,cost,331.26
p26045,bin2,cap,2000
p26045,bin3,cost,3312.63
p26045,bin3,cap,20000
p26047,bin1,cost,107.66
p26047,bin1,cap,1000
p26047,bin2,cost,331.26
p26047,bin2,cap,2000
p26047,bin3,cost,3312.63
p26047,bin3,cap,20000
p26049,bin1,cost,107.66
p26049,bin1,cap,1000
p26049,bin2,cost,331.26
p26049,bin2,cap,2000
p26049,bin3,cost,3312.63
p26049,bin3,cap,20000
p26051,bin1,cost,107.66
p26051,bin1,cap,1000
p26051,bin2,cost,331.26
p26051,bin2,cap,2000
p26051,bin3,cost,3312.63
p26051,bin3,cap,20000
p26055,bin1,cost,107.66
p26055,bin1,cap,1000
p26055,bin2,cost,331.26
p26055,bin2,cap,2000
p26055,bin3,cost,3312.63
p26055,bin3,cap,20000
p26057,bin1,cost,107.66
p26057,bin1,cap,1000
p26057,bin2,cost,331.26
p26057,bin2,cap,2000
p26057,bin3,cost,3312.63
p26057,bin3,cap,20000
p26059,bin1,cost,107.66
p26059,bin1,cap,1000
p26059,bin2,cost,331.26
p26059,bin2,cap,2000
p26059,bin3,cost,3312.63
p26059,bin3,cap,20000
p26063,bin1,cost,107.66
p26063,bin1,cap,1000
p26063,bin2,cost,331.26
p26063,bin2,cap,2000
p26063,bin3,cost,3312.63
p26063,bin3,cap,20000
p26065,bin1,cost,107.66
p26065,bin1,cap,1000
p26065,bin2,cost,331.26
p26065,bin2,cap,2000
p26065,bin3,cost,3312.63
p26065,bin3,cap,20000
p26067,bin1,cost,107.66
p26067,bin1,cap,1000
p26067,bin2,cost,331.26
p26067,bin2,cap,2000
p26067,bin3,cost,3312.63
p26067,bin3,cap,20000
p26069,bin1,cost,107.66
p26069,bin1,cap,1000
p26069,bin2,cost,331.26
p26069,bin2,cap,2000
p26069,bin3,cost,3312.63
p26069,bin3,cap,20000
p26073,bin1,cost,107.66
p26073,bin1,cap,1000
p26073,bin2,cost,331.26
p26073,bin2,cap,2000
p26073,bin3,cost,3312.63
p26073,bin3,cap,20000
p26075,bin1,cost,107.66
p26075,bin1,cap,1000
p26075,bin2,cost,331.26
p26075,bin2,cap,2000
p26075,bin3,cost,3312.63
p26075,bin3,cap,20000
p26079,bin1,cost,107.66
p26079,bin1,cap,1000
p26079,bin2,cost,331.26
p26079,bin2,cap,2000
p26079,bin3,cost,3312.63
p26079,bin3,cap,20000
p26081,bin1,cost,107.66
p26081,bin1,cap,1000
p26081,bin2,cost,331.26
p26081,bin2,cap,2000
p26081,bin3,cost,3312.63
p26081,bin3,cap,20000
p26085,bin1,cost,107.66
p26085,bin1,cap,1000
p26085,bin2,cost,331.26
p26085,bin2,cap,2000
p26085,bin3,cost,3312.63
p26085,bin3,cap,20000
p26087,bin1,cost,107.66
p26087,bin1,cap,1000
p26087,bin2,cost,331.26
p26087,bin2,cap,2000
p26087,bin3,cost,3312.63
p26087,bin3,cap,20000
p26089,bin1,cost,107.66
p26089,bin1,cap,1000
p26089,bin2,cost,331.26
p26089,bin2,cap,2000
p26089,bin3,cost,3312.63
p26089,bin3,cap,20000
p26091,bin1,cost,107.66
p26091,bin1,cap,1000
p26091,bin2,cost,331.26
p26091,bin2,cap,2000
p26091,bin3,cost,3312.63
p26091,bin3,cap,20000
p26093,bin1,cost,107.66
p26093,bin1,cap,1000
p26093,bin2,cost,331.26
p26093,bin2,cap,2000
p26093,bin3,cost,3312.63
p26093,bin3,cap,20000
p26095,bin1,cost,107.66
p26095,bin1,cap,1000
p26095,bin2,cost,331.26
p26095,bin2,cap,2000
p26095,bin3,cost,3312.63
p26095,bin3,cap,20000
p26097,bin1,cost,107.66
p26097,bin1,cap,1000
p26097,bin2,cost,331.26
p26097,bin2,cap,2000
p26097,bin3,cost,3312.63
p26097,bin3,cap,20000
p26099,bin1,cost,107.66
p26099,bin1,cap,1000
p26099,bin2,cost,331.26
p26099,bin2,cap,2000
p26099,bin3,cost,3312.63
p26099,bin3,cap,20000
p26101,bin1,cost,107.66
p26101,bin1,cap,1000
p26101,bin2,cost,331.26
p26101,bin2,cap,2000
p26101,bin3,cost,3312.63
p26101,bin3,cap,20000
p26105,bin1,cost,107.66
p26105,bin1,cap,1000
p26105,bin2,cost,331.26
p26105,bin2,cap,2000
p26105,bin3,cost,3312.63
p26105,bin3,cap,20000
p26107,bin1,cost,107.66
p26107,bin1,cap,1000
p26107,bin2,cost,331.26
p26107,bin2,cap,2000
p26107,bin3,cost,3312.63
p26107,bin3,cap,20000
p26111,bin1,cost,107.66
p26111,bin1,cap,1000
p26111,bin2,cost,331.26
p26111,bin2,cap,2000
p26111,bin3,cost,3312.63
p26111,bin3,cap,20000
p26113,bin1,cost,107.66
p26113,bin1,cap,1000
p26113,bin2,cost,331.26
p26113,bin2,cap,2000
p26113,bin3,cost,3312.63
p26113,bin3,cap,20000
p26115,bin1,cost,107.66
p26115,bin1,cap,1000
p26115,bin2,cost,331.26
p26115,bin2,cap,2000
p26115,bin3,cost,3312.63
p26115,bin3,cap,20000
p26117,bin1,cost,107.66
p26117,bin1,cap,1000
p26117,bin2,cost,331.26
p26117,bin2,cap,2000
p26117,bin3,cost,3312.63
p26117,bin3,cap,20000
p26119,bin1,cost,107.66
p26119,bin1,cap,1000
p26119,bin2,cost,331.26
p26119,bin2,cap,2000
p26119,bin3,cost,3312.63
p26119,bin3,cap,20000
p26121,bin1,cost,107.66
p26121,bin1,cap,1000
p26121,bin2,cost,331.26
p26121,bin2,cap,2000
p26121,bin3,cost,3312.63
p26121,bin3,cap,20000
p26123,bin1,cost,107.66
p26123,bin1,cap,1000
p26123,bin2,cost,331.26
p26123,bin2,cap,2000
p26123,bin3,cost,3312.63
p26123,bin3,cap,20000
p26125,bin1,cost,107.66
p26125,bin1,cap,1000
p26125,bin2,cost,331.26
p26125,bin2,cap,2000
p26125,bin3,cost,3312.63
p26125,bin3,cap,20000
p26127,bin1,cost,107.66
p26127,bin1,cap,1000
p26127,bin2,cost,331.26
p26127,bin2,cap,2000
p26127,bin3,cost,3312.63
p26127,bin3,cap,20000
p26129,bin1,cost,107.66
p26129,bin1,cap,1000
p26129,bin2,cost,331.26
p26129,bin2,cap,2000
p26129,bin3,cost,3312.63
p26129,bin3,cap,20000
p26133,bin1,cost,107.66
p26133,bin1,cap,1000
p26133,bin2,cost,331.26
p26133,bin2,cap,2000
p26133,bin3,cost,3312.63
p26133,bin3,cap,20000
p26135,bin1,cost,107.66
p26135,bin1,cap,1000
p26135,bin2,cost,331.26
p26135,bin2,cap,2000
p26135,bin3,cost,3312.63
p26135,bin3,cap,20000
p26137,bin1,cost,107.66
p26137,bin1,cap,1000
p26137,bin2,cost,331.26
p26137,bin2,cap,2000
p26137,bin3,cost,3312.63
p26137,bin3,cap,20000
p26139,bin1,cost,107.66
p26139,bin1,cap,1000
p26139,bin2,cost,331.26
p26139,bin2,cap,2000
p26139,bin3,cost,3312.63
p26139,bin3,cap,20000
p26141,bin1,cost,107.66
p26141,bin1,cap,1000
p26141,bin2,cost,331.26
p26141,bin2,cap,2000
p26141,bin3,cost,3312.63
p26141,bin3,cap,20000
p26143,bin1,cost,107.66
p26143,bin1,cap,1000
p26143,bin2,cost,331.26
p26143,bin2,cap,2000
p26143,bin3,cost,3312.63
p26143,bin3,cap,20000
p26145,bin1,cost,107.66
p26145,bin1,cap,1000
p26145,bin2,cost,331.26
p26145,bin2,cap,2000
p26145,bin3,cost,3312.63
p26145,bin3,cap,20000
p26147,bin1,cost,107.66
p26147,bin1,cap,1000
p26147,bin2,cost,331.26
p26147,bin2,cap,2000
p26147,bin3,cost,3312.63
p26147,bin3,cap,20000
p26151,bin1,cost,107.66
p26151,bin1,cap,1000
p26151,bin2,cost,331.26
p26151,bin2,cap,2000
p26151,bin3,cost,3312.63
p26151,bin3,cap,20000
p26153,bin1,cost,107.66
p26153,bin1,cap,1000
p26153,bin2,cost,331.26
p26153,bin2,cap,2000
p26153,bin3,cost,3312.63
p26153,bin3,cap,20000
p26155,bin1,cost,107.66
p26155,bin1,cap,1000
p26155,bin2,cost,331.26
p26155,bin2,cap,2000
p26155,bin3,cost,3312.63
p26155,bin3,cap,20000
p26157,bin1,cost,107.66
p26157,bin1,cap,1000
p26157,bin2,cost,331.26
p26157,bin2,cap,2000
p26157,bin3,cost,3312.63
p26157,bin3,cap,20000
p26161,bin1,cost,107.66
p26161,bin1,cap,1000
p26161,bin2,cost,331.26
p26161,bin2,cap,2000
p26161,bin3,cost,3312.63
p26161,bin3,cap,20000
p26163,bin1,cost,107.66
p26163,bin1,cap,1000
p26163,bin2,cost,331.26
p26163,bin2,cap,2000
p26163,bin3,cost,3312.63
p26163,bin3,cap,20000
p26165,bin1,cost,107.66
p26165,bin1,cap,1000
p26165,bin2,cost,331.26
p26165,bin2,cap,2000
p26165,bin3,cost,3312.63
p26165,bin3,cap,20000
p26021,bin1,cost,107.66
p26021,bin1,cap,1000
p26021,bin2,cost,331.26
p26021,bin2,cap,2000
p26021,bin3,cost,3312.63
p26021,bin3,cap,20000
p26027,bin1,cost,107.66
p26027,bin1,cap,1000
p26027,bin2,cost,331.26
p26027,bin2,cap,2000
p26027,bin3,cost,3312.63
p26027,bin3,cap,20000
p26077,bin1,cost,107.66
p26077,bin1,cap,1000
p26077,bin2,cost,331.26
p26077,bin2,cap,2000
p26077,bin3,cost,3312.63
p26077,bin3,cap,20000
p26149,bin1,cost,107.66
p26149,bin1,cap,1000
p26149,bin2,cost,331.26
p26149,bin2,cap,2000
p26149,bin3,cost,3312.63
p26149,bin3,cap,20000
p26159,bin1,cost,107.66
p26159,bin1,cap,1000
p26159,bin2,cost,331.26
p26159,bin2,cap,2000
p26159,bin3,cost,3312.63
p26159,bin3,cap,20000
p18001,bin1,cost,107.66
p18001,bin1,cap,1000
p18001,bin2,cost,331.26
p18001,bin2,cap,2000
p18001,bin3,cost,3312.63
p18001,bin3,cap,20000
p18003,bin1,cost,107.66
p18003,bin1,cap,1000
p18003,bin2,cost,331.26
p18003,bin2,cap,2000
p18003,bin3,cost,3312.63
p18003,bin3,cap,20000
p18007,bin1,cost,107.66
p18007,bin1,cap,1000
p18007,bin2,cost,331.26
p18007,bin2,cap,2000
p18007,bin3,cost,3312.63
p18007,bin3,cap,20000
p18009,bin1,cost,107.66
p18009,bin1,cap,1000
p18009,bin2,cost,331.26
p18009,bin2,cap,2000
p18009,bin3,cost,3312.63
p18009,bin3,cap,20000
p18011,bin1,cost,107.66
p18011,bin1,cap,1000
p18011,bin2,cost,331.26
p18011,bin2,cap,2000
p18011,bin3,cost,3312.63
p18011,bin3,cap,20000
p18015,bin1,cost,107.66
p18015,bin1,cap,1000
p18015,bin2,cost,331.26
p18015,bin2,cap,2000
p18015,bin3,cost,3312.63
p18015,bin3,cap,20000
p18017,bin1,cost,107.66
p18017,bin1,cap,1000
p18017,bin2,cost,331.26
p18017,bin2,cap,2000
p18017,bin3,cost,3312.63
p18017,bin3,cap,20000
p18023,bin1,cost,107.66
p18023,bin1,cap,1000
p18023,bin2,cost,331.26
p18023,bin2,cap,2000
p18023,bin3,cost,3312.63
p18023,bin3,cap,20000
p18033,bin1,cost,107.66
p18033,bin1,cap,1000
p18033,bin2,cost,331.26
p18033,bin2,cap,2000
p18033,bin3,cost,3312.63
p18033,bin3,cap,20000
p18035,bin1,cost,107.66
p18035,bin1,cap,1000
p18035,bin2,cost,331.26
p18035,bin2,cap,2000
p18035,bin3,cost,3312.63
p18035,bin3,cap,20000
p18039,bin1,cost,107.66
p18039,bin1,cap,1000
p18039,bin2,cost,331.26
p18039,bin2,cap,2000
p18039,bin3,cost,3312.63
p18039,bin3,cap,20000
p18045,bin1,cost,107.66
p18045,bin1,cap,1000
p18045,bin2,cost,331.26
p18045,bin2,cap,2000
p18045,bin3,cost,3312.63
p18045,bin3,cap,20000
p18049,bin1,cost,107.66
p18049,bin1,cap,1000
p18049,bin2,cost,331.26
p18049,bin2,cap,2000
p18049,bin3,cost,3312.63
p18049,bin3,cap,20000
p18053,bin1,cost,107.66
p18053,bin1,cap,1000
p18053,bin2,cost,331.26
p18053,bin2,cap,2000
p18053,bin3,cost,3312.63
p18053,bin3,cap,20000
p18059,bin1,cost,107.66
p18059,bin1,cap,1000
p18059,bin2,cost,331.26
p18059,bin2,cap,2000
p18059,bin3,cost,3312.63
p18059,bin3,cap,20000
p18063,bin1,cost,107.66
p18063,bin1,cap,1000
p18063,bin2,cost,331.26
p18063,bin2,cap,2000
p18063,bin3,cost,3312.63
p18063,bin3,cap,20000
p18067,bin1,cost,107.66
p18067,bin1,cap,1000
p18067,bin2,cost,331.26
p18067,bin2,cap,2000
p18067,bin3,cost,3312.63
p18067,bin3,cap,20000
p18069,bin1,cost,107.66
p18069,bin1,cap,1000
p18069,bin2,cost,331.26
p18069,bin2,cap,2000
p18069,bin3,cost,3312.63
p18069,bin3,cap,20000
p18073,bin1,cost,107.66
p18073,bin1,cap,1000
p18073,bin2,cost,331.26
p18073,bin2,cap,2000
p18073,bin3,cost,3312.63
p18073,bin3,cap,20000
p18075,bin1,cost,107.66
p18075,bin1,cap,1000
p18075,bin2,cost,331.26
p18075,bin2,cap,2000
p18075,bin3,cost,3312.63
p18075,bin3,cap,20000
p18085,bin1,cost,107.66
p18085,bin1,cap,1000
p18085,bin2,cost,331.26
p18085,bin2,cap,2000
p18085,bin3,cost,3312.63
p18085,bin3,cap,20000
p18087,bin1,cost,107.66
p18087,bin1,cap,1000
p18087,bin2,cost,331.26
p18087,bin2,cap,2000
p18087,bin3,cost,3312.63
p18087,bin3,cap,20000
p18089,bin1,cost,107.66
p18089,bin1,cap,1000
p18089,bin2,cost,331.26
p18089,bin2,cap,2000
p18089,bin3,cost,3312.63
p18089,bin3,cap,20000
p18091,bin1,cost,107.66
p18091,bin1,cap,1000
p18091,bin2,cost,331.26
p18091,bin2,cap,2000
p18091,bin3,cost,3312.63
p18091,bin3,cap,20000
p18095,bin1,cost,107.66
p18095,bin1,cap,1000
p18095,bin2,cost,331.26
p18095,bin2,cap,2000
p18095,bin3,cost,3312.63
p18095,bin3,cap,20000
p18099,bin1,cost,107.66
p18099,bin1,cap,1000
p18099,bin2,cost,331.26
p18099,bin2,cap,2000
p18099,bin3,cost,3312.63
p18099,bin3,cap,20000
p18103,bin1,cost,107.66
p18103,bin1,cap,1000
p18103,bin2,cost,331.26
p18103,bin2,cap,2000
p18103,bin3,cost,3312.63
p18103,bin3,cap,20000
p18107,bin1,cost,107.66
p18107,bin1,cap,1000
p18107,bin2,cost,331.26
p18107,bin2,cap,2000
p18107,bin3,cost,3312.63
p18107,bin3,cap,20000
p18111,bin1,cost,107.66
p18111,bin1,cap,1000
p18111,bin2,cost,331.26
p18111,bin2,cap,2000
p18111,bin3,cost,3312.63
p18111,bin3,cap,20000
p18113,bin1,cost,107.66
p18113,bin1,cap,1000
p18113,bin2,cost,331.26
p18113,bin2,cap,2000
p18113,bin3,cost,3312.63
p18113,bin3,cap,20000
p18121,bin1,cost,107.66
p18121,bin1,cap,1000
p18121,bin2,cost,331.26
p18121,bin2,cap,2000
p18121,bin3,cost,3312.63
p18121,bin3,cap,20000
p18127,bin1,cost,107.66
p18127,bin1,cap,1000
p18127,bin2,cost,331.26
p18127,bin2,cap,2000
p18127,bin3,cost,3312.63
p18127,bin3,cap,20000
p18131,bin1,cost,107.66
p18131,bin1,cap,1000
p18131,bin2,cost,331.26
p18131,bin2,cap,2000
p18131,bin3,cost,3312.63
p18131,bin3,cap,20000
p18133,bin1,cost,107.66
p18133,bin1,cap,1000
p18133,bin2,cost,331.26
p18133,bin2,cap,2000
p18133,bin3,cost,3312.63
p18133,bin3,cap,20000
p18135,bin1,cost,107.66
p18135,bin1,cap,1000
p18135,bin2,cost,331.26
p18135,bin2,cap,2000
p18135,bin3,cost,3312.63
p18135,bin3,cap,20000
p18141,bin1,cost,107.66
p18141,bin1,cap,1000
p18141,bin2,cost,331.26
p18141,bin2,cap,2000
p18141,bin3,cost,3312.63
p18141,bin3,cap,20000
p18149,bin1,cost,107.66
p18149,bin1,cap,1000
p18149,bin2,cost,331.26
p18149,bin2,cap,2000
p18149,bin3,cost,3312.63
p18149,bin3,cap,20000
p18151,bin1,cost,107.66
p18151,bin1,cap,1000
p18151,bin2,cost,331.26
p18151,bin2,cap,2000
p18151,bin3,cost,3312.63
p18151,bin3,cap,20000
p18157,bin1,cost,107.66
p18157,bin1,cap,1000
p18157,bin2,cost,331.26
p18157,bin2,cap,2000
p18157,bin3,cost,3312.63
p18157,bin3,cap,20000
p18159,bin1,cost,107.66
p18159,bin1,cap,1000
p18159,bin2,cost,331.26
p18159,bin2,cap,2000
p18159,bin3,cost,3312.63
p18159,bin3,cap,20000
p18165,bin1,cost,107.66
p18165,bin1,cap,1000
p18165,bin2,cost,331.26
p18165,bin2,cap,2000
p18165,bin3,cost,3312.63
p18165,bin3,cap,20000
p18167,bin1,cost,107.66
p18167,bin1,cap,1000
p18167,bin2,cost,331.26
p18167,bin2,cap,2000
p18167,bin3,cost,3312.63
p18167,bin3,cap,20000
p18169,bin1,cost,107.66
p18169,bin1,cap,1000
p18169,bin2,cost,331.26
p18169,bin2,cap,2000
p18169,bin3,cost,3312.63
p18169,bin3,cap,20000
p18171,bin1,cost,107.66
p18171,bin1,cap,1000
p18171,bin2,cost,331.26
p18171,bin2,cap,2000
p18171,bin3,cost,3312.63
p18171,bin3,cap,20000
p18179,bin1,cost,107.66
p18179,bin1,cap,1000
p18179,bin2,cost,331.26
p18179,bin2,cap,2000
p18179,bin3,cost,3312.63
p18179,bin3,cap,20000
p18181,bin1,cost,107.66
p18181,bin1,cap,1000
p18181,bin2,cost,331.26
p18181,bin2,cap,2000
p18181,bin3,cost,3312.63
p18181,bin3,cap,20000
p18183,bin1,cost,107.66
p18183,bin1,cap,1000
p18183,bin2,cost,331.26
p18183,bin2,cap,2000
p18183,bin3,cost,3312.63
p18183,bin3,cap,20000
p18057,bin1,cost,107.66
p18057,bin1,cap,1000
p18057,bin2,cost,331.26
p18057,bin2,cap,2000
p18057,bin3,cost,3312.63
p18057,bin3,cap,20000
p18097,bin1,cost,107.66
p18097,bin1,cap,1000
p18097,bin2,cost,331.26
p18097,bin2,cap,2000
p18097,bin3,cost,3312.63
p18097,bin3,cap,20000
p18005,bin1,cost,107.66
p18005,bin1,cap,1000
p18005,bin2,cost,331.26
p18005,bin2,cap,2000
p18005,bin3,cost,3312.63
p18005,bin3,cap,20000
p18013,bin1,cost,107.66
p18013,bin1,cap,1000
p18013,bin2,cost,331.26
p18013,bin2,cap,2000
p18013,bin3,cost,3312.63
p18013,bin3,cap,20000
p18019,bin1,cost,107.66
p18019,bin1,cap,1000
p18019,bin2,cost,331.26
p18019,bin2,cap,2000
p18019,bin3,cost,3312.63
p18019,bin3,cap,20000
p18021,bin1,cost,107.66
p18021,bin1,cap,1000
p18021,bin2,cost,331.26
p18021,bin2,cap,2000
p18021,bin3,cost,3312.63
p18021,bin3,cap,20000
p18025,bin1,cost,107.66
p18025,bin1,cap,1000
p18025,bin2,cost,331.26
p18025,bin2,cap,2000
p18025,bin3,cost,3312.63
p18025,bin3,cap,20000
p18027,bin1,cost,107.66
p18027,bin1,cap,1000
p18027,bin2,cost,331.26
p18027,bin2,cap,2000
p18027,bin3,cost,3312.63
p18027,bin3,cap,20000
p18029,bin1,cost,107.66
p18029,bin1,cap,1000
p18029,bin2,cost,331.26
p18029,bin2,cap,2000
p18029,bin3,cost,3312.63
p18029,bin3,cap,20000
p18031,bin1,cost,107.66
p18031,bin1,cap,1000
p18031,bin2,cost,331.26
p18031,bin2,cap,2000
p18031,bin3,cost,3312.63
p18031,bin3,cap,20000
p18037,bin1,cost,107.66
p18037,bin1,cap,1000
p18037,bin2,cost,331.26
p18037,bin2,cap,2000
p18037,bin3,cost,3312.63
p18037,bin3,cap,20000
p18041,bin1,cost,107.66
p18041,bin1,cap,1000
p18041,bin2,cost,331.26
p18041,bin2,cap,2000
p18041,bin3,cost,3312.63
p18041,bin3,cap,20000
p18043,bin1,cost,107.66
p18043,bin1,cap,1000
p18043,bin2,cost,331.26
p18043,bin2,cap,2000
p18043,bin3,cost,3312.63
p18043,bin3,cap,20000
p18047,bin1,cost,107.66
p18047,bin1,cap,1000
p18047,bin2,cost,331.26
p18047,bin2,cap,2000
p18047,bin3,cost,3312.63
p18047,bin3,cap,20000
p18051,bin1,cost,107.66
p18051,bin1,cap,1000
p18051,bin2,cost,331.26
p18051,bin2,cap,2000
p18051,bin3,cost,3312.63
p18051,bin3,cap,20000
p18055,bin1,cost,107.66
p18055,bin1,cap,1000
p18055,bin2,cost,331.26
p18055,bin2,cap,2000
p18055,bin3,cost,3312.63
p18055,bin3,cap,20000
p18061,bin1,cost,107.66
p18061,bin1,cap,1000
p18061,bin2,cost,331.26
p18061,bin2,cap,2000
p18061,bin3,cost,3312.63
p18061,bin3,cap,20000
p18065,bin1,cost,107.66
p18065,bin1,cap,1000
p18065,bin2,cost,331.26
p18065,bin2,cap,2000
p18065,bin3,cost,3312.63
p18065,bin3,cap,20000
p18071,bin1,cost,107.66
p18071,bin1,cap,1000
p18071,bin2,cost,331.26
p18071,bin2,cap,2000
p18071,bin3,cost,3312.63
p18071,bin3,cap,20000
p18077,bin1,cost,107.66
p18077,bin1,cap,1000
p18077,bin2,cost,331.26
p18077,bin2,cap,2000
p18077,bin3,cost,3312.63
p18077,bin3,cap,20000
p18079,bin1,cost,107.66
p18079,bin1,cap,1000
p18079,bin2,cost,331.26
p18079,bin2,cap,2000
p18079,bin3,cost,3312.63
p18079,bin3,cap,20000
p18081,bin1,cost,107.66
p18081,bin1,cap,1000
p18081,bin2,cost,331.26
p18081,bin2,cap,2000
p18081,bin3,cost,3312.63
p18081,bin3,cap,20000
p18083,bin1,cost,107.66
p18083,bin1,cap,1000
p18083,bin2,cost,331.26
p18083,bin2,cap,2000
p18083,bin3,cost,3312.63
p18083,bin3,cap,20000
p18093,bin1,cost,107.66
p18093,bin1,cap,1000
p18093,bin2,cost,331.26
p18093,bin2,cap,2000
p18093,bin3,cost,3312.63
p18093,bin3,cap,20000
p18101,bin1,cost,107.66
p18101,bin1,cap,1000
p18101,bin2,cost,331.26
p18101,bin2,cap,2000
p18101,bin3,cost,3312.63
p18101,bin3,cap,20000
p18105,bin1,cost,107.66
p18105,bin1,cap,1000
p18105,bin2,cost,331.26
p18105,bin2,cap,2000
p18105,bin3,cost,3312.63
p18105,bin3,cap,20000
p18109,bin1,cost,107.66
p18109,bin1,cap,1000
p18109,bin2,cost,331.26
p18109,bin2,cap,2000
p18109,bin3,cost,3312.63
p18109,bin3,cap,20000
p18115,bin1,cost,107.66
p18115,bin1,cap,1000
p18115,bin2,cost,331.26
p18115,bin2,cap,2000
p18115,bin3,cost,3312.63
p18115,bin3,cap,20000
p18117,bin1,cost,107.66
p18117,bin1,cap,1000
p18117,bin2,cost,331.26
p18117,bin2,cap,2000
p18117,bin3,cost,3312.63
p18117,bin3,cap,20000
p18119,bin1,cost,107.66
p18119,bin1,cap,1000
p18119,bin2,cost,331.26
p18119,bin2,cap,2000
p18119,bin3,cost,3312.63
p18119,bin3,cap,20000
p18123,bin1,cost,107.66
p18123,bin1,cap,1000
p18123,bin2,cost,331.26
p18123,bin2,cap,2000
p18123,bin3,cost,3312.63
p18123,bin3,cap,20000
p18125,bin1,cost,107.66
p18125,bin1,cap,1000
p18125,bin2,cost,331.26
p18125,bin2,cap,2000
p18125,bin3,cost,3312.63
p18125,bin3,cap,20000
p18129,bin1,cost,107.66
p18129,bin1,cap,1000
p18129,bin2,cost,331.26
p18129,bin2,cap,2000
p18129,bin3,cost,3312.63
p18129,bin3,cap,20000
p18137,bin1,cost,107.66
p18137,bin1,cap,1000
p18137,bin2,cost,331.26
p18137,bin2,cap,2000
p18137,bin3,cost,3312.63
p18137,bin3,cap,20000
p18139,bin1,cost,107.66
p18139,bin1,cap,1000
p18139,bin2,cost,331.26
p18139,bin2,cap,2000
p18139,bin3,cost,3312.63
p18139,bin3,cap,20000
p18143,bin1,cost,107.66
p18143,bin1,cap,1000
p18143,bin2,cost,331.26
p18143,bin2,cap,2000
p18143,bin3,cost,3312.63
p18143,bin3,cap,20000
p18145,bin1,cost,107.66
p18145,bin1,cap,1000
p18145,bin2,cost,331.26
p18145,bin2,cap,2000
p18145,bin3,cost,3312.63
p18145,bin3,cap,20000
p18147,bin1,cost,107.66
p18147,bin1,cap,1000
p18147,bin2,cost,331.26
p18147,bin2,cap,2000
p18147,bin3,cost,3312.63
p18147,bin3,cap,20000
p18153,bin1,cost,107.66
p18153,bin1,cap,1000
p18153,bin2,cost,331.26
p18153,bin2,cap,2000
p18153,bin3,cost,3312.63
p18153,bin3,cap,20000
p18155,bin1,cost,107.66
p18155,bin1,cap,1000
p18155,bin2,cost,331.26
p18155,bin2,cap,2000
p18155,bin3,cost,3312.63
p18155,bin3,cap,20000
p18161,bin1,cost,107.66
p18161,bin1,cap,1000
p18161,bin2,cost,331.26
p18161,bin2,cap,2000
p18161,bin3,cost,3312.63
p18161,bin3,cap,20000
p18163,bin1,cost,107.66
p18163,bin1,cap,1000
p18163,bin2,cost,331.26
p18163,bin2,cap,2000
p18163,bin3,cost,3312.63
p18163,bin3,cap,20000
p18173,bin1,cost,107.66
p18173,bin1,cap,1000
p18173,bin2,cost,331.26
p18173,bin2,cap,2000
p18173,bin3,cost,3312.63
p18173,bin3,cap,20000
p18175,bin1,cost,107.66
p18175,bin1,cap,1000
p18175,bin2,cost,331.26
p18175,bin2,cap,2000
p18175,bin3,cost,3312.63
p18175,bin3,cap,20000
p18177,bin1,cost,107.66
p18177,bin1,cap,1000
p18177,bin2,cost,331.26
p18177,bin2,cap,2000
p18177,bin3,cost,3312.63
p18177,bin3,cap,20000
p21027,bin1,cost,107.66
p21027,bin1,cap,1000
p21027,bin2,cost,331.26
p21027,bin2,cap,2000
p21027,bin3,cost,3312.63
p21027,bin3,cap,20000
p21033,bin1,cost,107.66
p21033,bin1,cap,1000
p21033,bin2,cost,331.26
p21033,bin2,cap,2000
p21033,bin3,cost,3312.63
p21033,bin3,cap,20000
p21055,bin1,cost,107.66
p21055,bin1,cap,1000
p21055,bin2,cost,331.26
p21055,bin2,cap,2000
p21055,bin3,cost,3312.63
p21055,bin3,cap,20000
p21059,bin1,cost,107.66
p21059,bin1,cap,1000
p21059,bin2,cost,331.26
p21059,bin2,cap,2000
p21059,bin3,cost,3312.63
p21059,bin3,cap,20000
p21085,bin1,cost,107.66
p21085,bin1,cap,1000
p21085,bin2,cost,331.26
p21085,bin2,cap,2000
p21085,bin3,cost,3312.63
p21085,bin3,cap,20000
p21091,bin1,cost,107.66
p21091,bin1,cap,1000
p21091,bin2,cost,331.26
p21091,bin2,cap,2000
p21091,bin3,cost,3312.63
p21091,bin3,cap,20000
p21101,bin1,cost,107.66
p21101,bin1,cap,1000
p21101,bin2,cost,331.26
p21101,bin2,cap,2000
p21101,bin3,cost,3312.63
p21101,bin3,cap,20000
p21107,bin1,cost,107.66
p21107,bin1,cap,1000
p21107,bin2,cost,331.26
p21107,bin2,cap,2000
p21107,bin3,cost,3312.63
p21107,bin3,cap,20000
p21149,bin1,cost,107.66
p21149,bin1,cap,1000
p21149,bin2,cost,331.26
p21149,bin2,cap,2000
p21149,bin3,cost,3312.63
p21149,bin3,cap,20000
p21177,bin1,cost,107.66
p21177,bin1,cap,1000
p21177,bin2,cost,331.26
p21177,bin2,cap,2000
p21177,bin3,cost,3312.63
p21177,bin3,cap,20000
p21183,bin1,cost,107.66
p21183,bin1,cap,1000
p21183,bin2,cost,331.26
p21183,bin2,cap,2000
p21183,bin3,cost,3312.63
p21183,bin3,cap,20000
p21225,bin1,cost,107.66
p21225,bin1,cap,1000
p21225,bin2,cost,331.26
p21225,bin2,cap,2000
p21225,bin3,cost,3312.63
p21225,bin3,cap,20000
p21233,bin1,cost,107.66
p21233,bin1,cap,1000
p21233,bin2,cost,331.26
p21233,bin2,cap,2000
p21233,bin3,cost,3312.63
p21233,bin3,cap,20000
p21001,bin1,cost,107.66
p21001,bin1,cap,1000
p21001,bin2,cost,331.26
p21001,bin2,cap,2000
p21001,bin3,cost,3312.63
p21001,bin3,cap,20000
p21005,bin1,cost,107.66
p21005,bin1,cap,1000
p21005,bin2,cost,331.26
p21005,bin2,cap,2000
p21005,bin3,cost,3312.63
p21005,bin3,cap,20000
p21009,bin1,cost,107.66
p21009,bin1,cap,1000
p21009,bin2,cost,331.26
p21009,bin2,cap,2000
p21009,bin3,cost,3312.63
p21009,bin3,cap,20000
p21011,bin1,cost,107.66
p21011,bin1,cap,1000
p21011,bin2,cost,331.26
p21011,bin2,cap,2000
p21011,bin3,cost,3312.63
p21011,bin3,cap,20000
p21013,bin1,cost,107.66
p21013,bin1,cap,1000
p21013,bin2,cost,331.26
p21013,bin2,cap,2000
p21013,bin3,cost,3312.63
p21013,bin3,cap,20000
p21015,bin1,cost,107.66
p21015,bin1,cap,1000
p21015,bin2,cost,331.26
p21015,bin2,cap,2000
p21015,bin3,cost,3312.63
p21015,bin3,cap,20000
p21017,bin1,cost,107.66
p21017,bin1,cap,1000
p21017,bin2,cost,331.26
p21017,bin2,cap,2000
p21017,bin3,cost,3312.63
p21017,bin3,cap,20000
p21021,bin1,cost,107.66
p21021,bin1,cap,1000
p21021,bin2,cost,331.26
p21021,bin2,cap,2000
p21021,bin3,cost,3312.63
p21021,bin3,cap,20000
p21023,bin1,cost,107.66
p21023,bin1,cap,1000
p21023,bin2,cost,331.26
p21023,bin2,cap,2000
p21023,bin3,cost,3312.63
p21023,bin3,cap,20000
p21029,bin1,cost,107.66
p21029,bin1,cap,1000
p21029,bin2,cost,331.26
p21029,bin2,cap,2000
p21029,bin3,cost,3312.63
p21029,bin3,cap,20000
p21037,bin1,cost,107.66
p21037,bin1,cap,1000
p21037,bin2,cost,331.26
p21037,bin2,cap,2000
p21037,bin3,cost,3312.63
p21037,bin3,cap,20000
p21041,bin1,cost,107.66
p21041,bin1,cap,1000
p21041,bin2,cost,331.26
p21041,bin2,cap,2000
p21041,bin3,cost,3312.63
p21041,bin3,cap,20000
p21045,bin1,cost,107.66
p21045,bin1,cap,1000
p21045,bin2,cost,331.26
p21045,bin2,cap,2000
p21045,bin3,cost,3312.63
p21045,bin3,cap,20000
p21049,bin1,cost,107.66
p21049,bin1,cap,1000
p21049,bin2,cost,331.26
p21049,bin2,cap,2000
p21049,bin3,cost,3312.63
p21049,bin3,cap,20000
p21051,bin1,cost,107.66
p21051,bin1,cap,1000
p21051,bin2,cost,331.26
p21051,bin2,cap,2000
p21051,bin3,cost,3312.63
p21051,bin3,cap,20000
p21061,bin1,cost,107.66
p21061,bin1,cap,1000
p21061,bin2,cost,331.26
p21061,bin2,cap,2000
p21061,bin3,cost,3312.63
p21061,bin3,cap,20000
p21063,bin1,cost,107.66
p21063,bin1,cap,1000
p21063,bin2,cost,331.26
p21063,bin2,cap,2000
p21063,bin3,cost,3312.63
p21063,bin3,cap,20000
p21065,bin1,cost,107.66
p21065,bin1,cap,1000
p21065,bin2,cost,331.26
p21065,bin2,cap,2000
p21065,bin3,cost,3312.63
p21065,bin3,cap,20000
p21067,bin1,cost,107.66
p21067,bin1,cap,1000
p21067,bin2,cost,331.26
p21067,bin2,cap,2000
p21067,bin3,cost,3312.63
p21067,bin3,cap,20000
p21069,bin1,cost,107.66
p21069,bin1,cap,1000
p21069,bin2,cost,331.26
p21069,bin2,cap,2000
p21069,bin3,cost,3312.63
p21069,bin3,cap,20000
p21073,bin1,cost,107.66
p21073,bin1,cap,1000
p21073,bin2,cost,331.26
p21073,bin2,cap,2000
p21073,bin3,cost,3312.63
p21073,bin3,cap,20000
p21077,bin1,cost,107.66
p21077,bin1,cap,1000
p21077,bin2,cost,331.26
p21077,bin2,cap,2000
p21077,bin3,cost,3312.63
p21077,bin3,cap,20000
p21079,bin1,cost,107.66
p21079,bin1,cap,1000
p21079,bin2,cost,331.26
p21079,bin2,cap,2000
p21079,bin3,cost,3312.63
p21079,bin3,cap,20000
p21081,bin1,cost,107.66
p21081,bin1,cap,1000
p21081,bin2,cost,331.26
p21081,bin2,cap,2000
p21081,bin3,cost,3312.63
p21081,bin3,cap,20000
p21087,bin1,cost,107.66
p21087,bin1,cap,1000
p21087,bin2,cost,331.26
p21087,bin2,cap,2000
p21087,bin3,cost,3312.63
p21087,bin3,cap,20000
p21089,bin1,cost,107.66
p21089,bin1,cap,1000
p21089,bin2,cost,331.26
p21089,bin2,cap,2000
p21089,bin3,cost,3312.63
p21089,bin3,cap,20000
p21093,bin1,cost,107.66
p21093,bin1,cap,1000
p21093,bin2,cost,331.26
p21093,bin2,cap,2000
p21093,bin3,cost,3312.63
p21093,bin3,cap,20000
p21095,bin1,cost,107.66
p21095,bin1,cap,1000
p21095,bin2,cost,331.26
p21095,bin2,cap,2000
p21095,bin3,cost,3312.63
p21095,bin3,cap,20000
p21097,bin1,cost,107.66
p21097,bin1,cap,1000
p21097,bin2,cost,331.26
p21097,bin2,cap,2000
p21097,bin3,cost,3312.63
p21097,bin3,cap,20000
p21099,bin1,cost,107.66
p21099,bin1,cap,1000
p21099,bin2,cost,331.26
p21099,bin2,cap,2000
p21099,bin3,cost,3312.63
p21099,bin3,cap,20000
p21103,bin1,cost,107.66
p21103,bin1,cap,1000
p21103,bin2,cost,331.26
p21103,bin2,cap,2000
p21103,bin3,cost,3312.63
p21103,bin3,cap,20000
p21109,bin1,cost,107.66
p21109,bin1,cap,1000
p21109,bin2,cost,331.26
p21109,bin2,cap,2000
p21109,bin3,cost,3312.63
p21109,bin3,cap,20000
p21111,bin1,cost,107.66
p21111,bin1,cap,1000
p21111,bin2,cost,331.26
p21111,bin2,cap,2000
p21111,bin3,cost,3312.63
p21111,bin3,cap,20000
p21113,bin1,cost,107.66
p21113,bin1,cap,1000
p21113,bin2,cost,331.26
p21113,bin2,cap,2000
p21113,bin3,cost,3312.63
p21113,bin3,cap,20000
p21115,bin1,cost,107.66
p21115,bin1,cap,1000
p21115,bin2,cost,331.26
p21115,bin2,cap,2000
p21115,bin3,cost,3312.63
p21115,bin3,cap,20000
p21117,bin1,cost,107.66
p21117,bin1,cap,1000
p21117,bin2,cost,331.26
p21117,bin2,cap,2000
p21117,bin3,cost,3312.63
p21117,bin3,cap,20000
p21121,bin1,cost,107.66
p21121,bin1,cap,1000
p21121,bin2,cost,331.26
p21121,bin2,cap,2000
p21121,bin3,cost,3312.63
p21121,bin3,cap,20000
p21123,bin1,cost,107.66
p21123,bin1,cap,1000
p21123,bin2,cost,331.26
p21123,bin2,cap,2000
p21123,bin3,cost,3312.63
p21123,bin3,cap,20000
p21125,bin1,cost,107.66
p21125,bin1,cap,1000
p21125,bin2,cost,331.26
p21125,bin2,cap,2000
p21125,bin3,cost,3312.63
p21125,bin3,cap,20000
p21129,bin1,cost,107.66
p21129,bin1,cap,1000
p21129,bin2,cost,331.26
p21129,bin2,cap,2000
p21129,bin3,cost,3312.63
p21129,bin3,cap,20000
p21135,bin1,cost,107.66
p21135,bin1,cap,1000
p21135,bin2,cost,331.26
p21135,bin2,cap,2000
p21135,bin3,cost,3312.63
p21135,bin3,cap,20000
p21137,bin1,cost,107.66
p21137,bin1,cap,1000
p21137,bin2,cost,331.26
p21137,bin2,cap,2000
p21137,bin3,cost,3312.63
p21137,bin3,cap,20000
p21151,bin1,cost,107.66
p21151,bin1,cap,1000
p21151,bin2,cost,331.26
p21151,bin2,cap,2000
p21151,bin3,cost,3312.63
p21151,bin3,cap,20000
p21153,bin1,cost,107.66
p21153,bin1,cap,1000
p21153,bin2,cost,331.26
p21153,bin2,cap,2000
p21153,bin3,cost,3312.63
p21153,bin3,cap,20000
p21155,bin1,cost,107.66
p21155,bin1,cap,1000
p21155,bin2,cost,331.26
p21155,bin2,cap,2000
p21155,bin3,cost,3312.63
p21155,bin3,cap,20000
p21161,bin1,cost,107.66
p21161,bin1,cap,1000
p21161,bin2,cost,331.26
p21161,bin2,cap,2000
p21161,bin3,cost,3312.63
p21161,bin3,cap,20000
p21163,bin1,cost,107.66
p21163,bin1,cap,1000
p21163,bin2,cost,331.26
p21163,bin2,cap,2000
p21163,bin3,cost,3312.63
p21163,bin3,cap,20000
p21165,bin1,cost,107.66
p21165,bin1,cap,1000
p21165,bin2,cost,331.26
p21165,bin2,cap,2000
p21165,bin3,cost,3312.63
p21165,bin3,cap,20000
p21167,bin1,cost,107.66
p21167,bin1,cap,1000
p21167,bin2,cost,331.26
p21167,bin2,cap,2000
p21167,bin3,cost,3312.63
p21167,bin3,cap,20000
p21173,bin1,cost,107.66
p21173,bin1,cap,1000
p21173,bin2,cost,331.26
p21173,bin2,cap,2000
p21173,bin3,cost,3312.63
p21173,bin3,cap,20000
p21175,bin1,cost,107.66
p21175,bin1,cap,1000
p21175,bin2,cost,331.26
p21175,bin2,cap,2000
p21175,bin3,cost,3312.63
p21175,bin3,cap,20000
p21179,bin1,cost,107.66
p21179,bin1,cap,1000
p21179,bin2,cost,331.26
p21179,bin2,cap,2000
p21179,bin3,cost,3312.63
p21179,bin3,cap,20000
p21181,bin1,cost,107.66
p21181,bin1,cap,1000
p21181,bin2,cost,331.26
p21181,bin2,cap,2000
p21181,bin3,cost,3312.63
p21181,bin3,cap,20000
p21185,bin1,cost,107.66
p21185,bin1,cap,1000
p21185,bin2,cost,331.26
p21185,bin2,cap,2000
p21185,bin3,cost,3312.63
p21185,bin3,cap,20000
p21187,bin1,cost,107.66
p21187,bin1,cap,1000
p21187,bin2,cost,331.26
p21187,bin2,cap,2000
p21187,bin3,cost,3312.63
p21187,bin3,cap,20000
p21189,bin1,cost,107.66
p21189,bin1,cap,1000
p21189,bin2,cost,331.26
p21189,bin2,cap,2000
p21189,bin3,cost,3312.63
p21189,bin3,cap,20000
p21191,bin1,cost,107.66
p21191,bin1,cap,1000
p21191,bin2,cost,331.26
p21191,bin2,cap,2000
p21191,bin3,cost,3312.63
p21191,bin3,cap,20000
p21197,bin1,cost,107.66
p21197,bin1,cap,1000
p21197,bin2,cost,331.26
p21197,bin2,cap,2000
p21197,bin3,cost,3312.63
p21197,bin3,cap,20000
p21201,bin1,cost,107.66
p21201,bin1,cap,1000
p21201,bin2,cost,331.26
p21201,bin2,cap,2000
p21201,bin3,cost,3312.63
p21201,bin3,cap,20000
p21203,bin1,cost,107.66
p21203,bin1,cap,1000
p21203,bin2,cost,331.26
p21203,bin2,cap,2000
p21203,bin3,cost,3312.63
p21203,bin3,cap,20000
p21205,bin1,cost,107.66
p21205,bin1,cap,1000
p21205,bin2,cost,331.26
p21205,bin2,cap,2000
p21205,bin3,cost,3312.63
p21205,bin3,cap,20000
p21209,bin1,cost,107.66
p21209,bin1,cap,1000
p21209,bin2,cost,331.26
p21209,bin2,cap,2000
p21209,bin3,cost,3312.63
p21209,bin3,cap,20000
p21211,bin1,cost,107.66
p21211,bin1,cap,1000
p21211,bin2,cost,331.26
p21211,bin2,cap,2000
p21211,bin3,cost,3312.63
p21211,bin3,cap,20000
p21215,bin1,cost,107.66
p21215,bin1,cap,1000
p21215,bin2,cost,331.26
p21215,bin2,cap,2000
p21215,bin3,cost,3312.63
p21215,bin3,cap,20000
p21217,bin1,cost,107.66
p21217,bin1,cap,1000
p21217,bin2,cost,331.26
p21217,bin2,cap,2000
p21217,bin3,cost,3312.63
p21217,bin3,cap,20000
p21223,bin1,cost,107.66
p21223,bin1,cap,1000
p21223,bin2,cost,331.26
p21223,bin2,cap,2000
p21223,bin3,cost,3312.63
p21223,bin3,cap,20000
p21229,bin1,cost,107.66
p21229,bin1,cap,1000
p21229,bin2,cost,331.26
p21229,bin2,cap,2000
p21229,bin3,cost,3312.63
p21229,bin3,cap,20000
p21235,bin1,cost,107.66
p21235,bin1,cap,1000
p21235,bin2,cost,331.26
p21235,bin2,cap,2000
p21235,bin3,cost,3312.63
p21235,bin3,cap,20000
p21237,bin1,cost,107.66
p21237,bin1,cap,1000
p21237,bin2,cost,331.26
p21237,bin2,cap,2000
p21237,bin3,cost,3312.63
p21237,bin3,cap,20000
p21239,bin1,cost,107.66
p21239,bin1,cap,1000
p21239,bin2,cost,331.26
p21239,bin2,cap,2000
p21239,bin3,cost,3312.63
p21239,bin3,cap,20000
p21019,bin1,cost,107.66
p21019,bin1,cap,1000
p21019,bin2,cost,331.26
p21019,bin2,cap,2000
p21019,bin3,cost,3312.63
p21019,bin3,cap,20000
p21025,bin1,cost,107.66
p21025,bin1,cap,1000
p21025,bin2,cost,331.26
p21025,bin2,cap,2000
p21025,bin3,cost,3312.63
p21025,bin3,cap,20000
p21043,bin1,cost,107.66
p21043,bin1,cap,1000
p21043,bin2,cost,331.26
p21043,bin2,cap,2000
p21043,bin3,cost,3312.63
p21043,bin3,cap,20000
p21071,bin1,cost,107.66
p21071,bin1,cap,1000
p21071,bin2,cost,331.26
p21071,bin2,cap,2000
p21071,bin3,cost,3312.63
p21071,bin3,cap,20000
p21119,bin1,cost,107.66
p21119,bin1,cap,1000
p21119,bin2,cost,331.26
p21119,bin2,cap,2000
p21119,bin3,cost,3312.63
p21119,bin3,cap,20000
p21127,bin1,cost,107.66
p21127,bin1,cap,1000
p21127,bin2,cost,331.26
p21127,bin2,cap,2000
p21127,bin3,cost,3312.63
p21127,bin3,cap,20000
p21131,bin1,cost,107.66
p21131,bin1,cap,1000
p21131,bin2,cost,331.26
p21131,bin2,cap,2000
p21131,bin3,cost,3312.63
p21131,bin3,cap,20000
p21133,bin1,cost,107.66
p21133,bin1,cap,1000
p21133,bin2,cost,331.26
p21133,bin2,cap,2000
p21133,bin3,cost,3312.63
p21133,bin3,cap,20000
p21159,bin1,cost,107.66
p21159,bin1,cap,1000
p21159,bin2,cost,331.26
p21159,bin2,cap,2000
p21159,bin3,cost,3312.63
p21159,bin3,cap,20000
p21193,bin1,cost,107.66
p21193,bin1,cap,1000
p21193,bin2,cost,331.26
p21193,bin2,cap,2000
p21193,bin3,cost,3312.63
p21193,bin3,cap,20000
p21195,bin1,cost,107.66
p21195,bin1,cap,1000
p21195,bin2,cost,331.26
p21195,bin2,cap,2000
p21195,bin3,cost,3312.63
p21195,bin3,cap,20000
p39007,bin1,cost,107.66
p39007,bin1,cap,1000
p39007,bin2,cost,331.26
p39007,bin2,cap,2000
p39007,bin3,cost,3312.63
p39007,bin3,cap,20000
p39029,bin1,cost,107.66
p39029,bin1,cap,1000
p39029,bin2,cost,331.26
p39029,bin2,cap,2000
p39029,bin3,cost,3312.63
p39029,bin3,cap,20000
p39035,bin1,cost,107.66
p39035,bin1,cap,1000
p39035,bin2,cost,331.26
p39035,bin2,cap,2000
p39035,bin3,cost,3312.63
p39035,bin3,cap,20000
p39043,bin1,cost,107.66
p39043,bin1,cap,1000
p39043,bin2,cost,331.26
p39043,bin2,cap,2000
p39043,bin3,cost,3312.63
p39043,bin3,cap,20000
p39051,bin1,cost,107.66
p39051,bin1,cap,1000
p39051,bin2,cost,331.26
p39051,bin2,cap,2000
p39051,bin3,cost,3312.63
p39051,bin3,cap,20000
p39055,bin1,cost,107.66
p39055,bin1,cap,1000
p39055,bin2,cost,331.26
p39055,bin2,cap,2000
p39055,bin3,cost,3312.63
p39055,bin3,cap,20000
p39085,bin1,cost,107.66
p39085,bin1,cap,1000
p39085,bin2,cost,331.26
p39085,bin2,cap,2000
p39085,bin3,cost,3312.63
p39085,bin3,cap,20000
p39093,bin1,cost,107.66
p39093,bin1,cap,1000
p39093,bin2,cost,331.26
p39093,bin2,cap,2000
p39093,bin3,cost,3312.63
p39093,bin3,cap,20000
p39095,bin1,cost,107.66
p39095,bin1,cap,1000
p39095,bin2,cost,331.26
p39095,bin2,cap,2000
p39095,bin3,cost,3312.63
p39095,bin3,cap,20000
p39099,bin1,cost,107.66
p39099,bin1,cap,1000
p39099,bin2,cost,331.26
p39099,bin2,cap,2000
p39099,bin3,cost,3312.63
p39099,bin3,cap,20000
p39103,bin1,cost,107.66
p39103,bin1,cap,1000
p39103,bin2,cost,331.26
p39103,bin2,cap,2000
p39103,bin3,cost,3312.63
p39103,bin3,cap,20000
p39123,bin1,cost,107.66
p39123,bin1,cap,1000
p39123,bin2,cost,331.26
p39123,bin2,cap,2000
p39123,bin3,cost,3312.63
p39123,bin3,cap,20000
p39133,bin1,cost,107.66
p39133,bin1,cap,1000
p39133,bin2,cost,331.26
p39133,bin2,cap,2000
p39133,bin3,cost,3312.63
p39133,bin3,cap,20000
p39143,bin1,cost,107.66
p39143,bin1,cap,1000
p39143,bin2,cost,331.26
p39143,bin2,cap,2000
p39143,bin3,cost,3312.63
p39143,bin3,cap,20000
p39151,bin1,cost,107.66
p39151,bin1,cap,1000
p39151,bin2,cost,331.26
p39151,bin2,cap,2000
p39151,bin3,cost,3312.63
p39151,bin3,cap,20000
p39153,bin1,cost,107.66
p39153,bin1,cap,1000
p39153,bin2,cost,331.26
p39153,bin2,cap,2000
p39153,bin3,cost,3312.63
p39153,bin3,cap,20000
p39155,bin1,cost,107.66
p39155,bin1,cap,1000
p39155,bin2,cost,331.26
p39155,bin2,cap,2000
p39155,bin3,cost,3312.63
p39155,bin3,cap,20000
p39173,bin1,cost,107.66
p39173,bin1,cap,1000
p39173,bin2,cost,331.26
p39173,bin2,cap,2000
p39173,bin3,cost,3312.63
p39173,bin3,cap,20000
p39001,bin1,cost,107.66
p39001,bin1,cap,1000
p39001,bin2,cost,331.26
p39001,bin2,cap,2000
p39001,bin3,cost,3312.63
p39001,bin3,cap,20000
p39003,bin1,cost,107.66
p39003,bin1,cap,1000
p39003,bin2,cost,331.26
p39003,bin2,cap,2000
p39003,bin3,cost,3312.63
p39003,bin3,cap,20000
p39005,bin1,cost,107.66
p39005,bin1,cap,1000
p39005,bin2,cost,331.26
p39005,bin2,cap,2000
p39005,bin3,cost,3312.63
p39005,bin3,cap,20000
p39009,bin1,cost,107.66
p39009,bin1,cap,1000
p39009,bin2,cost,331.26
p39009,bin2,cap,2000
p39009,bin3,cost,3312.63
p39009,bin3,cap,20000
p39011,bin1,cost,107.66
p39011,bin1,cap,1000
p39011,bin2,cost,331.26
p39011,bin2,cap,2000
p39011,bin3,cost,3312.63
p39011,bin3,cap,20000
p39013,bin1,cost,107.66
p39013,bin1,cap,1000
p39013,bin2,cost,331.26
p39013,bin2,cap,2000
p39013,bin3,cost,3312.63
p39013,bin3,cap,20000
p39019,bin1,cost,107.66
p39019,bin1,cap,1000
p39019,bin2,cost,331.26
p39019,bin2,cap,2000
p39019,bin3,cost,3312.63
p39019,bin3,cap,20000
p39021,bin1,cost,107.66
p39021,bin1,cap,1000
p39021,bin2,cost,331.26
p39021,bin2,cap,2000
p39021,bin3,cost,3312.63
p39021,bin3,cap,20000
p39031,bin1,cost,107.66
p39031,bin1,cap,1000
p39031,bin2,cost,331.26
p39031,bin2,cap,2000
p39031,bin3,cost,3312.63
p39031,bin3,cap,20000
p39033,bin1,cost,107.66
p39033,bin1,cap,1000
p39033,bin2,cost,331.26
p39033,bin2,cap,2000
p39033,bin3,cost,3312.63
p39033,bin3,cap,20000
p39037,bin1,cost,107.66
p39037,bin1,cap,1000
p39037,bin2,cost,331.26
p39037,bin2,cap,2000
p39037,bin3,cost,3312.63
p39037,bin3,cap,20000
p39039,bin1,cost,107.66
p39039,bin1,cap,1000
p39039,bin2,cost,331.26
p39039,bin2,cap,2000
p39039,bin3,cost,3312.63
p39039,bin3,cap,20000
p39041,bin1,cost,107.66
p39041,bin1,cap,1000
p39041,bin2,cost,331.26
p39041,bin2,cap,2000
p39041,bin3,cost,3312.63
p39041,bin3,cap,20000
p39045,bin1,cost,107.66
p39045,bin1,cap,1000
p39045,bin2,cost,331.26
p39045,bin2,cap,2000
p39045,bin3,cost,3312.63
p39045,bin3,cap,20000
p39049,bin1,cost,107.66
p39049,bin1,cap,1000
p39049,bin2,cost,331.26
p39049,bin2,cap,2000
p39049,bin3,cost,3312.63
p39049,bin3,cap,20000
p39053,bin1,cost,107.66
p39053,bin1,cap,1000
p39053,bin2,cost,331.26
p39053,bin2,cap,2000
p39053,bin3,cost,3312.63
p39053,bin3,cap,20000
p39059,bin1,cost,107.66
p39059,bin1,cap,1000
p39059,bin2,cost,331.26
p39059,bin2,cap,2000
p39059,bin3,cost,3312.63
p39059,bin3,cap,20000
p39063,bin1,cost,107.66
p39063,bin1,cap,1000
p39063,bin2,cost,331.26
p39063,bin2,cap,2000
p39063,bin3,cost,3312.63
p39063,bin3,cap,20000
p39065,bin1,cost,107.66
p39065,bin1,cap,1000
p39065,bin2,cost,331.26
p39065,bin2,cap,2000
p39065,bin3,cost,3312.63
p39065,bin3,cap,20000
p39067,bin1,cost,107.66
p39067,bin1,cap,1000
p39067,bin2,cost,331.26
p39067,bin2,cap,2000
p39067,bin3,cost,3312.63
p39067,bin3,cap,20000
p39069,bin1,cost,107.66
p39069,bin1,cap,1000
p39069,bin2,cost,331.26
p39069,bin2,cap,2000
p39069,bin3,cost,3312.63
p39069,bin3,cap,20000
p39071,bin1,cost,107.66
p39071,bin1,cap,1000
p39071,bin2,cost,331.26
p39071,bin2,cap,2000
p39071,bin3,cost,3312.63
p39071,bin3,cap,20000
p39073,bin1,cost,107.66
p39073,bin1,cap,1000
p39073,bin2,cost,331.26
p39073,bin2,cap,2000
p39073,bin3,cost,3312.63
p39073,bin3,cap,20000
p39075,bin1,cost,107.66
p39075,bin1,cap,1000
p39075,bin2,cost,331.26
p39075,bin2,cap,2000
p39075,bin3,cost,3312.63
p39075,bin3,cap,20000
p39077,bin1,cost,107.66
p39077,bin1,cap,1000
p39077,bin2,cost,331.26
p39077,bin2,cap,2000
p39077,bin3,cost,3312.63
p39077,bin3,cap,20000
p39079,bin1,cost,107.66
p39079,bin1,cap,1000
p39079,bin2,cost,331.26
p39079,bin2,cap,2000
p39079,bin3,cost,3312.63
p39079,bin3,cap,20000
p39081,bin1,cost,107.66
p39081,bin1,cap,1000
p39081,bin2,cost,331.26
p39081,bin2,cap,2000
p39081,bin3,cost,3312.63
p39081,bin3,cap,20000
p39083,bin1,cost,107.66
p39083,bin1,cap,1000
p39083,bin2,cost,331.26
p39083,bin2,cap,2000
p39083,bin3,cost,3312.63
p39083,bin3,cap,20000
p39087,bin1,cost,107.66
p39087,bin1,cap,1000
p39087,bin2,cost,331.26
p39087,bin2,cap,2000
p39087,bin3,cost,3312.63
p39087,bin3,cap,20000
p39089,bin1,cost,107.66
p39089,bin1,cap,1000
p39089,bin2,cost,331.26
p39089,bin2,cap,2000
p39089,bin3,cost,3312.63
p39089,bin3,cap,20000
p39091,bin1,cost,107.66
p39091,bin1,cap,1000
p39091,bin2,cost,331.26
p39091,bin2,cap,2000
p39091,bin3,cost,3312.63
p39091,bin3,cap,20000
p39101,bin1,cost,107.66
p39101,bin1,cap,1000
p39101,bin2,cost,331.26
p39101,bin2,cap,2000
p39101,bin3,cost,3312.63
p39101,bin3,cap,20000
p39105,bin1,cost,107.66
p39105,bin1,cap,1000
p39105,bin2,cost,331.26
p39105,bin2,cap,2000
p39105,bin3,cost,3312.63
p39105,bin3,cap,20000
p39107,bin1,cost,107.66
p39107,bin1,cap,1000
p39107,bin2,cost,331.26
p39107,bin2,cap,2000
p39107,bin3,cost,3312.63
p39107,bin3,cap,20000
p39111,bin1,cost,107.66
p39111,bin1,cap,1000
p39111,bin2,cost,331.26
p39111,bin2,cap,2000
p39111,bin3,cost,3312.63
p39111,bin3,cap,20000
p39115,bin1,cost,107.66
p39115,bin1,cap,1000
p39115,bin2,cost,331.26
p39115,bin2,cap,2000
p39115,bin3,cost,3312.63
p39115,bin3,cap,20000
p39117,bin1,cost,107.66
p39117,bin1,cap,1000
p39117,bin2,cost,331.26
p39117,bin2,cap,2000
p39117,bin3,cost,3312.63
p39117,bin3,cap,20000
p39119,bin1,cost,107.66
p39119,bin1,cap,1000
p39119,bin2,cost,331.26
p39119,bin2,cap,2000
p39119,bin3,cost,3312.63
p39119,bin3,cap,20000
p39121,bin1,cost,107.66
p39121,bin1,cap,1000
p39121,bin2,cost,331.26
p39121,bin2,cap,2000
p39121,bin3,cost,3312.63
p39121,bin3,cap,20000
p39125,bin1,cost,107.66
p39125,bin1,cap,1000
p39125,bin2,cost,331.26
p39125,bin2,cap,2000
p39125,bin3,cost,3312.63
p39125,bin3,cap,20000
p39127,bin1,cost,107.66
p39127,bin1,cap,1000
p39127,bin2,cost,331.26
p39127,bin2,cap,2000
p39127,bin3,cost,3312.63
p39127,bin3,cap,20000
p39129,bin1,cost,107.66
p39129,bin1,cap,1000
p39129,bin2,cost,331.26
p39129,bin2,cap,2000
p39129,bin3,cost,3312.63
p39129,bin3,cap,20000
p39131,bin1,cost,107.66
p39131,bin1,cap,1000
p39131,bin2,cost,331.26
p39131,bin2,cap,2000
p39131,bin3,cost,3312.63
p39131,bin3,cap,20000
p39137,bin1,cost,107.66
p39137,bin1,cap,1000
p39137,bin2,cost,331.26
p39137,bin2,cap,2000
p39137,bin3,cost,3312.63
p39137,bin3,cap,20000
p39139,bin1,cost,107.66
p39139,bin1,cap,1000
p39139,bin2,cost,331.26
p39139,bin2,cap,2000
p39139,bin3,cost,3312.63
p39139,bin3,cap,20000
p39141,bin1,cost,107.66
p39141,bin1,cap,1000
p39141,bin2,cost,331.26
p39141,bin2,cap,2000
p39141,bin3,cost,3312.63
p39141,bin3,cap,20000
p39145,bin1,cost,107.66
p39145,bin1,cap,1000
p39145,bin2,cost,331.26
p39145,bin2,cap,2000
p39145,bin3,cost,3312.63
p39145,bin3,cap,20000
p39147,bin1,cost,107.66
p39147,bin1,cap,1000
p39147,bin2,cost,331.26
p39147,bin2,cap,2000
p39147,bin3,cost,3312.63
p39147,bin3,cap,20000
p39149,bin1,cost,107.66
p39149,bin1,cap,1000
p39149,bin2,cost,331.26
p39149,bin2,cap,2000
p39149,bin3,cost,3312.63
p39149,bin3,cap,20000
p39157,bin1,cost,107.66
p39157,bin1,cap,1000
p39157,bin2,cost,331.26
p39157,bin2,cap,2000
p39157,bin3,cost,3312.63
p39157,bin3,cap,20000
p39159,bin1,cost,107.66
p39159,bin1,cap,1000
p39159,bin2,cost,331.26
p39159,bin2,cap,2000
p39159,bin3,cost,3312.63
p39159,bin3,cap,20000
p39161,bin1,cost,107.66
p39161,bin1,cap,1000
p39161,bin2,cost,331.26
p39161,bin2,cap,2000
p39161,bin3,cost,3312.63
p39161,bin3,cap,20000
p39163,bin1,cost,107.66
p39163,bin1,cap,1000
p39163,bin2,cost,331.26
p39163,bin2,cap,2000
p39163,bin3,cost,3312.63
p39163,bin3,cap,20000
p39167,bin1,cost,107.66
p39167,bin1,cap,1000
p39167,bin2,cost,331.26
p39167,bin2,cap,2000
p39167,bin3,cost,3312.63
p39167,bin3,cap,20000
p39169,bin1,cost,107.66
p39169,bin1,cap,1000
p39169,bin2,cost,331.26
p39169,bin2,cap,2000
p39169,bin3,cost,3312.63
p39169,bin3,cap,20000
p39171,bin1,cost,107.66
p39171,bin1,cap,1000
p39171,bin2,cost,331.26
p39171,bin2,cap,2000
p39171,bin3,cost,3312.63
p39171,bin3,cap,20000
p39175,bin1,cost,107.66
p39175,bin1,cap,1000
p39175,bin2,cost,331.26
p39175,bin2,cap,2000
p39175,bin3,cost,3312.63
p39175,bin3,cap,20000
p39023,bin1,cost,107.66
p39023,bin1,cap,1000
p39023,bin2,cost,331.26
p39023,bin2,cap,2000
p39023,bin3,cost,3312.63
p39023,bin3,cap,20000
p39027,bin1,cost,107.66
p39027,bin1,cap,1000
p39027,bin2,cost,331.26
p39027,bin2,cap,2000
p39027,bin3,cost,3312.63
p39027,bin3,cap,20000
p39047,bin1,cost,107.66
p39047,bin1,cap,1000
p39047,bin2,cost,331.26
p39047,bin2,cap,2000
p39047,bin3,cost,3312.63
p39047,bin3,cap,20000
p39057,bin1,cost,107.66
p39057,bin1,cap,1000
p39057,bin2,cost,331.26
p39057,bin2,cap,2000
p39057,bin3,cost,3312.63
p39057,bin3,cap,20000
p39097,bin1,cost,107.66
p39097,bin1,cap,1000
p39097,bin2,cost,331.26
p39097,bin2,cap,2000
p39097,bin3,cost,3312.63
p39097,bin3,cap,20000
p39109,bin1,cost,107.66
p39109,bin1,cap,1000
p39109,bin2,cost,331.26
p39109,bin2,cap,2000
p39109,bin3,cost,3312.63
p39109,bin3,cap,20000
p39113,bin1,cost,107.66
p39113,bin1,cap,1000
p39113,bin2,cost,331.26
p39113,bin2,cap,2000
p39113,bin3,cost,3312.63
p39113,bin3,cap,20000
p39135,bin1,cost,107.66
p39135,bin1,cap,1000
p39135,bin2,cost,331.26
p39135,bin2,cap,2000
p39135,bin3,cost,3312.63
p39135,bin3,cap,20000
p39015,bin1,cost,107.66
p39015,bin1,cap,1000
p39015,bin2,cost,331.26
p39015,bin2,cap,2000
p39015,bin3,cost,3312.63
p39015,bin3,cap,20000
p39017,bin1,cost,107.66
p39017,bin1,cap,1000
p39017,bin2,cost,331.26
p39017,bin2,cap,2000
p39017,bin3,cost,3312.63
p39017,bin3,cap,20000
p39025,bin1,cost,107.66
p39025,bin1,cap,1000
p39025,bin2,cost,331.26
p39025,bin2,cap,2000
p39025,bin3,cost,3312.63
p39025,bin3,cap,20000
p39061,bin1,cost,107.66
p39061,bin1,cap,1000
p39061,bin2,cost,331.26
p39061,bin2,cap,2000
p39061,bin3,cost,3312.63
p39061,bin3,cap,20000
p39165,bin1,cost,107.66
p39165,bin1,cap,1000
p39165,bin2,cost,331.26
p39165,bin2,cap,2000
p39165,bin3,cost,3312.63
p39165,bin3,cap,20000
p42003,bin1,cost,107.66
p42003,bin1,cap,1000
p42003,bin2,cost,331.26
p42003,bin2,cap,2000
p42003,bin3,cost,3312.63
p42003,bin3,cap,20000
p42005,bin1,cost,107.66
p42005,bin1,cap,1000
p42005,bin2,cost,331.26
p42005,bin2,cap,2000
p42005,bin3,cost,3312.63
p42005,bin3,cap,20000
p42007,bin1,cost,107.66
p42007,bin1,cap,1000
p42007,bin2,cost,331.26
p42007,bin2,cap,2000
p42007,bin3,cost,3312.63
p42007,bin3,cap,20000
p42019,bin1,cost,107.66
p42019,bin1,cap,1000
p42019,bin2,cost,331.26
p42019,bin2,cap,2000
p42019,bin3,cost,3312.63
p42019,bin3,cap,20000
p42051,bin1,cost,107.66
p42051,bin1,cap,1000
p42051,bin2,cost,331.26
p42051,bin2,cap,2000
p42051,bin3,cost,3312.63
p42051,bin3,cap,20000
p42059,bin1,cost,107.66
p42059,bin1,cap,1000
p42059,bin2,cost,331.26
p42059,bin2,cap,2000
p42059,bin3,cost,3312.63
p42059,bin3,cap,20000
p42125,bin1,cost,107.66
p42125,bin1,cap,1000
p42125,bin2,cost,331.26
p42125,bin2,cap,2000
p42125,bin3,cost,3312.63
p42125,bin3,cap,20000
p42129,bin1,cost,107.66
p42129,bin1,cap,1000
p42129,bin2,cost,331.26
p42129,bin2,cap,2000
p42129,bin3,cost,3312.63
p42129,bin3,cap,20000
p54001,bin1,cost,107.66
p54001,bin1,cap,1000
p54001,bin2,cost,331.26
p54001,bin2,cap,2000
p54001,bin3,cost,3312.63
p54001,bin3,cap,20000
p54003,bin1,cost,107.66
p54003,bin1,cap,1000
p54003,bin2,cost,331.26
p54003,bin2,cap,2000
p54003,bin3,cost,3312.63
p54003,bin3,cap,20000
p54007,bin1,cost,107.66
p54007,bin1,cap,1000
p54007,bin2,cost,331.26
p54007,bin2,cap,2000
p54007,bin3,cost,3312.63
p54007,bin3,cap,20000
p54009,bin1,cost,107.66
p54009,bin1,cap,1000
p54009,bin2,cost,331.26
p54009,bin2,cap,2000
p54009,bin3,cost,3312.63
p54009,bin3,cap,20000
p54013,bin1,cost,107.66
p54013,bin1,cap,1000
p54013,bin2,cost,331.26
p54013,bin2,cap,2000
p54013,bin3,cost,3312.63
p54013,bin3,cap,20000
p54015,bin1,cost,107.66
p54015,bin1,cap,1000
p54015,bin2,cost,331.26
p54015,bin2,cap,2000
p54015,bin3,cost,3312.63
p54015,bin3,cap,20000
p54017,bin1,cost,107.66
p54017,bin1,cap,1000
p54017,bin2,cost,331.26
p54017,bin2,cap,2000
p54017,bin3,cost,3312.63
p54017,bin3,cap,20000
p54021,bin1,cost,107.66
p54021,bin1,cap,1000
p54021,bin2,cost,331.26
p54021,bin2,cap,2000
p54021,bin3,cost,3312.63
p54021,bin3,cap,20000
p54023,bin1,cost,107.66
p54023,bin1,cap,1000
p54023,bin2,cost,331.26
p54023,bin2,cap,2000
p54023,bin3,cost,3312.63
p54023,bin3,cap,20000
p54025,bin1,cost,107.66
p54025,bin1,cap,1000
p54025,bin2,cost,331.26
p54025,bin2,cap,2000
p54025,bin3,cost,3312.63
p54025,bin3,cap,20000
p54027,bin1,cost,107.66
p54027,bin1,cap,1000
p54027,bin2,cost,331.26
p54027,bin2,cap,2000
p54027,bin3,cost,3312.63
p54027,bin3,cap,20000
p54029,bin1,cost,107.66
p54029,bin1,cap,1000
p54029,bin2,cost,331.26
p54029,bin2,cap,2000
p54029,bin3,cost,3312.63
p54029,bin3,cap,20000
p54031,bin1,cost,107.66
p54031,bin1,cap,1000
p54031,bin2,cost,331.26
p54031,bin2,cap,2000
p54031,bin3,cost,3312.63
p54031,bin3,cap,20000
p54033,bin1,cost,107.66
p54033,bin1,cap,1000
p54033,bin2,cost,331.26
p54033,bin2,cap,2000
p54033,bin3,cost,3312.63
p54033,bin3,cap,20000
p54035,bin1,cost,107.66
p54035,bin1,cap,1000
p54035,bin2,cost,331.26
p54035,bin2,cap,2000
p54035,bin3,cost,3312.63
p54035,bin3,cap,20000
p54037,bin1,cost,107.66
p54037,bin1,cap,1000
p54037,bin2,cost,331.26
p54037,bin2,cap,2000
p54037,bin3,cost,3312.63
p54037,bin3,cap,20000
p54041,bin1,cost,107.66
p54041,bin1,cap,1000
p54041,bin2,cost,331.26
p54041,bin2,cap,2000
p54041,bin3,cost,3312.63
p54041,bin3,cap,20000
p54049,bin1,cost,107.66
p54049,bin1,cap,1000
p54049,bin2,cost,331.26
p54049,bin2,cap,2000
p54049,bin3,cost,3312.63
p54049,bin3,cap,20000
p54051,bin1,cost,107.66
p54051,bin1,cap,1000
p54051,bin2,cost,331.26
p54051,bin2,cap,2000
p54051,bin3,cost,3312.63
p54051,bin3,cap,20000
p54057,bin1,cost,107.66
p54057,bin1,cap,1000
p54057,bin2,cost,331.26
p54057,bin2,cap,2000
p54057,bin3,cost,3312.63
p54057,bin3,cap,20000
p54061,bin1,cost,107.66
p54061,bin1,cap,1000
p54061,bin2,cost,331.26
p54061,bin2,cap,2000
p54061,bin3,cost,3312.63
p54061,bin3,cap,20000
p54063,bin1,cost,107.66
p54063,bin1,cap,1000
p54063,bin2,cost,331.26
p54063,bin2,cap,2000
p54063,bin3,cost,3312.63
p54063,bin3,cap,20000
p54065,bin1,cost,107.66
p54065,bin1,cap,1000
p54065,bin2,cost,331.26
p54065,bin2,cap,2000
p54065,bin3,cost,3312.63
p54065,bin3,cap,20000
p54067,bin1,cost,107.66
p54067,bin1,cap,1000
p54067,bin2,cost,331.26
p54067,bin2,cap,2000
p54067,bin3,cost,3312.63
p54067,bin3,cap,20000
p54069,bin1,cost,107.66
p54069,bin1,cap,1000
p54069,bin2,cost,331.26
p54069,bin2,cap,2000
p54069,bin3,cost,3312.63
p54069,bin3,cap,20000
p54071,bin1,cost,107.66
p54071,bin1,cap,1000
p54071,bin2,cost,331.26
p54071,bin2,cap,2000
p54071,bin3,cost,3312.63
p54071,bin3,cap,20000
p54073,bin1,cost,107.66
p54073,bin1,cap,1000
p54073,bin2,cost,331.26
p54073,bin2,cap,2000
p54073,bin3,cost,3312.63
p54073,bin3,cap,20000
p54075,bin1,cost,107.66
p54075,bin1,cap,1000
p54075,bin2,cost,331.26
p54075,bin2,cap,2000
p54075,bin3,cost,3312.63
p54075,bin3,cap,20000
p54077,bin1,cost,107.66
p54077,bin1,cap,1000
p54077,bin2,cost,331.26
p54077,bin2,cap,2000
p54077,bin3,cost,3312.63
p54077,bin3,cap,20000
p54083,bin1,cost,107.66
p54083,bin1,cap,1000
p54083,bin2,cost,331.26
p54083,bin2,cap,2000
p54083,bin3,cost,3312.63
p54083,bin3,cap,20000
p54085,bin1,cost,107.66
p54085,bin1,cap,1000
p54085,bin2,cost,331.26
p54085,bin2,cap,2000
p54085,bin3,cost,3312.63
p54085,bin3,cap,20000
p54087,bin1,cost,107.66
p54087,bin1,cap,1000
p54087,bin2,cost,331.26
p54087,bin2,cap,2000
p54087,bin3,cost,3312.63
p54087,bin3,cap,20000
p54089,bin1,cost,107.66
p54089,bin1,cap,1000
p54089,bin2,cost,331.26
p54089,bin2,cap,2000
p54089,bin3,cost,3312.63
p54089,bin3,cap,20000
p54091,bin1,cost,107.66
p54091,bin1,cap,1000
p54091,bin2,cost,331.26
p54091,bin2,cap,2000
p54091,bin3,cost,3312.63
p54091,bin3,cap,20000
p54093,bin1,cost,107.66
p54093,bin1,cap,1000
p54093,bin2,cost,331.26
p54093,bin2,cap,2000
p54093,bin3,cost,3312.63
p54093,bin3,cap,20000
p54095,bin1,cost,107.66
p54095,bin1,cap,1000
p54095,bin2,cost,331.26
p54095,bin2,cap,2000
p54095,bin3,cost,3312.63
p54095,bin3,cap,20000
p54097,bin1,cost,107.66
p54097,bin1,cap,1000
p54097,bin2,cost,331.26
p54097,bin2,cap,2000
p54097,bin3,cost,3312.63
p54097,bin3,cap,20000
p54101,bin1,cost,107.66
p54101,bin1,cap,1000
p54101,bin2,cost,331.26
p54101,bin2,cap,2000
p54101,bin3,cost,3312.63
p54101,bin3,cap,20000
p54103,bin1,cost,107.66
p54103,bin1,cap,1000
p54103,bin2,cost,331.26
p54103,bin2,cap,2000
p54103,bin3,cost,3312.63
p54103,bin3,cap,20000
p54105,bin1,cost,107.66
p54105,bin1,cap,1000
p54105,bin2,cost,331.26
p54105,bin2,cap,2000
p54105,bin3,cost,3312.63
p54105,bin3,cap,20000
p54107,bin1,cost,107.66
p54107,bin1,cap,1000
p54107,bin2,cost,331.26
p54107,bin2,cap,2000
p54107,bin3,cost,3312.63
p54107,bin3,cap,20000
p54005,bin1,cost,107.66
p54005,bin1,cap,1000
p54005,bin2,cost,331.26
p54005,bin2,cap,2000
p54005,bin3,cost,3312.63
p54005,bin3,cap,20000
p54011,bin1,cost,107.66
p54011,bin1,cap,1000
p54011,bin2,cost,331.26
p54011,bin2,cap,2000
p54011,bin3,cost,3312.63
p54011,bin3,cap,20000
p54019,bin1,cost,107.66
p54019,bin1,cap,1000
p54019,bin2,cost,331.26
p54019,bin2,cap,2000
p54019,bin3,cost,3312.63
p54019,bin3,cap,20000
p54039,bin1,cost,107.66
p54039,bin1,cap,1000
p54039,bin2,cost,331.26
p54039,bin2,cap,2000
p54039,bin3,cost,3312.63
p54039,bin3,cap,20000
p54043,bin1,cost,107.66
p54043,bin1,cap,1000
p54043,bin2,cost,331.26
p54043,bin2,cap,2000
p54043,bin3,cost,3312.63
p54043,bin3,cap,20000
p54045,bin1,cost,107.66
p54045,bin1,cap,1000
p54045,bin2,cost,331.26
p54045,bin2,cap,2000
p54045,bin3,cost,3312.63
p54045,bin3,cap,20000
p54047,bin1,cost,107.66
p54047,bin1,cap,1000
p54047,bin2,cost,331.26
p54047,bin2,cap,2000
p54047,bin3,cost,3312.63
p54047,bin3,cap,20000
p54053,bin1,cost,107.66
p54053,bin1,cap,1000
p54053,bin2,cost,331.26
p54053,bin2,cap,2000
p54053,bin3,cost,3312.63
p54053,bin3,cap,20000
p54055,bin1,cost,107.66
p54055,bin1,cap,1000
p54055,bin2,cost,331.26
p54055,bin2,cap,2000
p54055,bin3,cost,3312.63
p54055,bin3,cap,20000
p54059,bin1,cost,107.66
p54059,bin1,cap,1000
p54059,bin2,cost,331.26
p54059,bin2,cap,2000
p54059,bin3,cost,3312.63
p54059,bin3,cap,20000
p54079,bin1,cost,107.66
p54079,bin1,cap,1000
p54079,bin2,cost,331.26
p54079,bin2,cap,2000
p54079,bin3,cost,3312.63
p54079,bin3,cap,20000
p54081,bin1,cost,107.66
p54081,bin1,cap,1000
p54081,bin2,cost,331.26
p54081,bin2,cap,2000
p54081,bin3,cost,3312.63
p54081,bin3,cap,20000
p54099,bin1,cost,107.66
p54099,bin1,cap,1000
p54099,bin2,cost,331.26
p54099,bin2,cap,2000
p54099,bin3,cost,3312.63
p54099,bin3,cap,20000
p54109,bin1,cost,107.66
p54109,bin1,cap,1000
p54109,bin2,cost,331.26
p54109,bin2,cap,2000
p54109,bin3,cost,3312.63
p54109,bin3,cap,20000
p51009,bin1,cost,107.66
p51009,bin1,cap,1000
p51009,bin2,cost,331.26
p51009,bin2,cap,2000
p51009,bin3,cost,3312.63
p51009,bin3,cap,20000
p51019,bin1,cost,107.66
p51019,bin1,cap,1000
p51019,bin2,cost,331.26
p51019,bin2,cap,2000
p51019,bin3,cost,3312.63
p51019,bin3,cap,20000
p51021,bin1,cost,107.66
p51021,bin1,cap,1000
p51021,bin2,cost,331.26
p51021,bin2,cap,2000
p51021,bin3,cost,3312.63
p51021,bin3,cap,20000
p51023,bin1,cost,107.66
p51023,bin1,cap,1000
p51023,bin2,cost,331.26
p51023,bin2,cap,2000
p51023,bin3,cost,3312.63
p51023,bin3,cap,20000
p51027,bin1,cost,107.66
p51027,bin1,cap,1000
p51027,bin2,cost,331.26
p51027,bin2,cap,2000
p51027,bin3,cost,3312.63
p51027,bin3,cap,20000
p51035,bin1,cost,107.66
p51035,bin1,cap,1000
p51035,bin2,cost,331.26
p51035,bin2,cap,2000
p51035,bin3,cost,3312.63
p51035,bin3,cap,20000
p51045,bin1,cost,107.66
p51045,bin1,cap,1000
p51045,bin2,cost,331.26
p51045,bin2,cap,2000
p51045,bin3,cost,3312.63
p51045,bin3,cap,20000
p51051,bin1,cost,107.66
p51051,bin1,cap,1000
p51051,bin2,cost,331.26
p51051,bin2,cap,2000
p51051,bin3,cost,3312.63
p51051,bin3,cap,20000
p51063,bin1,cost,107.66
p51063,bin1,cap,1000
p51063,bin2,cost,331.26
p51063,bin2,cap,2000
p51063,bin3,cost,3312.63
p51063,bin3,cap,20000
p51067,bin1,cost,107.66
p51067,bin1,cap,1000
p51067,bin2,cost,331.26
p51067,bin2,cap,2000
p51067,bin3,cost,3312.63
p51067,bin3,cap,20000
p51071,bin1,cost,107.66
p51071,bin1,cap,1000
p51071,bin2,cost,331.26
p51071,bin2,cap,2000
p51071,bin3,cost,3312.63
p51071,bin3,cap,20000
p51077,bin1,cost,107.66
p51077,bin1,cap,1000
p51077,bin2,cost,331.26
p51077,bin2,cap,2000
p51077,bin3,cost,3312.63
p51077,bin3,cap,20000
p51089,bin1,cost,107.66
p51089,bin1,cap,1000
p51089,bin2,cost,331.26
p51089,bin2,cap,2000
p51089,bin3,cost,3312.63
p51089,bin3,cap,20000
p51105,bin1,cost,107.66
p51105,bin1,cap,1000
p51105,bin2,cost,331.26
p51105,bin2,cap,2000
p51105,bin3,cost,3312.63
p51105,bin3,cap,20000
p51121,bin1,cost,107.66
p51121,bin1,cap,1000
p51121,bin2,cost,331.26
p51121,bin2,cap,2000
p51121,bin3,cost,3312.63
p51121,bin3,cap,20000
p51125,bin1,cost,107.66
p51125,bin1,cap,1000
p51125,bin2,cost,331.26
p51125,bin2,cap,2000
p51125,bin3,cost,3312.63
p51125,bin3,cap,20000
p51141,bin1,cost,107.66
p51141,bin1,cap,1000
p51141,bin2,cost,331.26
p51141,bin2,cap,2000
p51141,bin3,cost,3312.63
p51141,bin3,cap,20000
p51155,bin1,cost,107.66
p51155,bin1,cap,1000
p51155,bin2,cost,331.26
p51155,bin2,cap,2000
p51155,bin3,cost,3312.63
p51155,bin3,cap,20000
p51161,bin1,cost,107.66
p51161,bin1,cap,1000
p51161,bin2,cost,331.26
p51161,bin2,cap,2000
p51161,bin3,cost,3312.63
p51161,bin3,cap,20000
p51167,bin1,cost,107.66
p51167,bin1,cap,1000
p51167,bin2,cost,331.26
p51167,bin2,cap,2000
p51167,bin3,cost,3312.63
p51167,bin3,cap,20000
p51169,bin1,cost,107.66
p51169,bin1,cap,1000
p51169,bin2,cost,331.26
p51169,bin2,cap,2000
p51169,bin3,cost,3312.63
p51169,bin3,cap,20000
p51173,bin1,cost,107.66
p51173,bin1,cap,1000
p51173,bin2,cost,331.26
p51173,bin2,cap,2000
p51173,bin3,cost,3312.63
p51173,bin3,cap,20000
p51185,bin1,cost,107.66
p51185,bin1,cap,1000
p51185,bin2,cost,331.26
p51185,bin2,cap,2000
p51185,bin3,cost,3312.63
p51185,bin3,cap,20000
p51191,bin1,cost,107.66
p51191,bin1,cap,1000
p51191,bin2,cost,331.26
p51191,bin2,cap,2000
p51191,bin3,cost,3312.63
p51191,bin3,cap,20000
p51195,bin1,cost,107.66
p51195,bin1,cap,1000
p51195,bin2,cost,331.26
p51195,bin2,cap,2000
p51195,bin3,cost,3312.63
p51195,bin3,cap,20000
p51197,bin1,cost,107.66
p51197,bin1,cap,1000
p51197,bin2,cost,331.26
p51197,bin2,cap,2000
p51197,bin3,cost,3312.63
p51197,bin3,cap,20000
p51520,bin1,cost,107.66
p51520,bin1,cap,1000
p51520,bin2,cost,331.26
p51520,bin2,cap,2000
p51520,bin3,cost,3312.63
p51520,bin3,cap,20000
p51640,bin1,cost,107.66
p51640,bin1,cap,1000
p51640,bin2,cost,331.26
p51640,bin2,cap,2000
p51640,bin3,cost,3312.63
p51640,bin3,cap,20000
p51680,bin1,cost,107.66
p51680,bin1,cap,1000
p51680,bin2,cost,331.26
p51680,bin2,cap,2000
p51680,bin3,cost,3312.63
p51680,bin3,cap,20000
p51690,bin1,cost,107.66
p51690,bin1,cap,1000
p51690,bin2,cost,331.26
p51690,bin2,cap,2000
p51690,bin3,cost,3312.63
p51690,bin3,cap,20000
p51720,bin1,cost,107.66
p51720,bin1,cap,1000
p51720,bin2,cost,331.26
p51720,bin2,cap,2000
p51720,bin3,cost,3312.63
p51720,bin3,cap,20000
p51750,bin1,cost,107.66
p51750,bin1,cap,1000
p51750,bin2,cost,331.26
p51750,bin2,cap,2000
p51750,bin3,cost,3312.63
p51750,bin3,cap,20000
p51770,bin1,cost,107.66
p51770,bin1,cap,1000
p51770,bin2,cost,331.26
p51770,bin2,cap,2000
p51770,bin3,cost,3312.63
p51770,bin3,cap,20000
p51775,bin1,cost,107.66
p51775,bin1,cap,1000
p51775,bin2,cost,331.26
p51775,bin2,cap,2000
p51775,bin3,cost,3312.63
p51775,bin3,cap,20000
p42023,bin1,cost,107.66
p42023,bin1,cap,1000
p42023,bin2,cost,331.26
p42023,bin2,cap,2000
p42023,bin3,cost,3312.63
p42023,bin3,cap,20000
p42027,bin1,cost,107.66
p42027,bin1,cap,1000
p42027,bin2,cost,331.26
p42027,bin2,cap,2000
p42027,bin3,cost,3312.63
p42027,bin3,cap,20000
p42035,bin1,cost,107.66
p42035,bin1,cap,1000
p42035,bin2,cost,331.26
p42035,bin2,cap,2000
p42035,bin3,cost,3312.63
p42035,bin3,cap,20000
p42047,bin1,cost,107.66
p42047,bin1,cap,1000
p42047,bin2,cost,331.26
p42047,bin2,cap,2000
p42047,bin3,cost,3312.63
p42047,bin3,cap,20000
p42105,bin1,cost,107.66
p42105,bin1,cap,1000
p42105,bin2,cost,331.26
p42105,bin2,cap,2000
p42105,bin3,cost,3312.63
p42105,bin3,cap,20000
p42055,bin1,cost,107.66
p42055,bin1,cap,1000
p42055,bin2,cost,331.26
p42055,bin2,cap,2000
p42055,bin3,cost,3312.63
p42055,bin3,cap,20000
p42057,bin1,cost,107.66
p42057,bin1,cap,1000
p42057,bin2,cost,331.26
p42057,bin2,cap,2000
p42057,bin3,cost,3312.63
p42057,bin3,cap,20000
p24001,bin1,cost,107.66
p24001,bin1,cap,1000
p24001,bin2,cost,331.26
p24001,bin2,cap,2000
p24001,bin3,cost,3312.63
p24001,bin3,cap,20000
p24021,bin1,cost,107.66
p24021,bin1,cap,1000
p24021,bin2,cost,331.26
p24021,bin2,cap,2000
p24021,bin3,cost,3312.63
p24021,bin3,cap,20000
p24023,bin1,cost,107.66
p24023,bin1,cap,1000
p24023,bin2,cost,331.26
p24023,bin2,cap,2000
p24023,bin3,cost,3312.63
p24023,bin3,cap,20000
p24043,bin1,cost,107.66
p24043,bin1,cap,1000
p24043,bin2,cost,331.26
p24043,bin2,cap,2000
p24043,bin3,cost,3312.63
p24043,bin3,cap,20000
p42001,bin1,cost,107.66
p42001,bin1,cap,1000
p42001,bin2,cost,331.26
p42001,bin2,cap,2000
p42001,bin3,cost,3312.63
p42001,bin3,cap,20000
p42009,bin1,cost,107.66
p42009,bin1,cap,1000
p42009,bin2,cost,331.26
p42009,bin2,cap,2000
p42009,bin3,cost,3312.63
p42009,bin3,cap,20000
p42011,bin1,cost,107.66
p42011,bin1,cap,1000
p42011,bin2,cost,331.26
p42011,bin2,cap,2000
p42011,bin3,cost,3312.63
p42011,bin3,cap,20000
p42013,bin1,cost,107.66
p42013,bin1,cap,1000
p42013,bin2,cost,331.26
p42013,bin2,cap,2000
p42013,bin3,cost,3312.63
p42013,bin3,cap,20000
p42015,bin1,cost,107.66
p42015,bin1,cap,1000
p42015,bin2,cost,331.26
p42015,bin2,cap,2000
p42015,bin3,cost,3312.63
p42015,bin3,cap,20000
p42017,bin1,cost,107.66
p42017,bin1,cap,1000
p42017,bin2,cost,331.26
p42017,bin2,cap,2000
p42017,bin3,cost,3312.63
p42017,bin3,cap,20000
p42021,bin1,cost,107.66
p42021,bin1,cap,1000
p42021,bin2,cost,331.26
p42021,bin2,cap,2000
p42021,bin3,cost,3312.63
p42021,bin3,cap,20000
p42025,bin1,cost,107.66
p42025,bin1,cap,1000
p42025,bin2,cost,331.26
p42025,bin2,cap,2000
p42025,bin3,cost,3312.63
p42025,bin3,cap,20000
p42029,bin1,cost,107.66
p42029,bin1,cap,1000
p42029,bin2,cost,331.26
p42029,bin2,cap,2000
p42029,bin3,cost,3312.63
p42029,bin3,cap,20000
p42031,bin1,cost,107.66
p42031,bin1,cap,1000
p42031,bin2,cost,331.26
p42031,bin2,cap,2000
p42031,bin3,cost,3312.63
p42031,bin3,cap,20000
p42033,bin1,cost,107.66
p42033,bin1,cap,1000
p42033,bin2,cost,331.26
p42033,bin2,cap,2000
p42033,bin3,cost,3312.63
p42033,bin3,cap,20000
p42037,bin1,cost,107.66
p42037,bin1,cap,1000
p42037,bin2,cost,331.26
p42037,bin2,cap,2000
p42037,bin3,cost,3312.63
p42037,bin3,cap,20000
p42039,bin1,cost,107.66
p42039,bin1,cap,1000
p42039,bin2,cost,331.26
p42039,bin2,cap,2000
p42039,bin3,cost,3312.63
p42039,bin3,cap,20000
p42041,bin1,cost,107.66
p42041,bin1,cap,1000
p42041,bin2,cost,331.26
p42041,bin2,cap,2000
p42041,bin3,cost,3312.63
p42041,bin3,cap,20000
p42043,bin1,cost,107.66
p42043,bin1,cap,1000
p42043,bin2,cost,331.26
p42043,bin2,cap,2000
p42043,bin3,cost,3312.63
p42043,bin3,cap,20000
p42045,bin1,cost,107.66
p42045,bin1,cap,1000
p42045,bin2,cost,331.26
p42045,bin2,cap,2000
p42045,bin3,cost,3312.63
p42045,bin3,cap,20000
p42049,bin1,cost,107.66
p42049,bin1,cap,1000
p42049,bin2,cost,331.26
p42049,bin2,cap,2000
p42049,bin3,cost,3312.63
p42049,bin3,cap,20000
p42053,bin1,cost,107.66
p42053,bin1,cap,1000
p42053,bin2,cost,331.26
p42053,bin2,cap,2000
p42053,bin3,cost,3312.63
p42053,bin3,cap,20000
p42061,bin1,cost,107.66
p42061,bin1,cap,1000
p42061,bin2,cost,331.26
p42061,bin2,cap,2000
p42061,bin3,cost,3312.63
p42061,bin3,cap,20000
p42063,bin1,cost,107.66
p42063,bin1,cap,1000
p42063,bin2,cost,331.26
p42063,bin2,cap,2000
p42063,bin3,cost,3312.63
p42063,bin3,cap,20000
p42065,bin1,cost,107.66
p42065,bin1,cap,1000
p42065,bin2,cost,331.26
p42065,bin2,cap,2000
p42065,bin3,cost,3312.63
p42065,bin3,cap,20000
p42067,bin1,cost,107.66
p42067,bin1,cap,1000
p42067,bin2,cost,331.26
p42067,bin2,cap,2000
p42067,bin3,cost,3312.63
p42067,bin3,cap,20000
p42069,bin1,cost,107.66
p42069,bin1,cap,1000
p42069,bin2,cost,331.26
p42069,bin2,cap,2000
p42069,bin3,cost,3312.63
p42069,bin3,cap,20000
p42071,bin1,cost,107.66
p42071,bin1,cap,1000
p42071,bin2,cost,331.26
p42071,bin2,cap,2000
p42071,bin3,cost,3312.63
p42071,bin3,cap,20000
p42073,bin1,cost,107.66
p42073,bin1,cap,1000
p42073,bin2,cost,331.26
p42073,bin2,cap,2000
p42073,bin3,cost,3312.63
p42073,bin3,cap,20000
p42075,bin1,cost,107.66
p42075,bin1,cap,1000
p42075,bin2,cost,331.26
p42075,bin2,cap,2000
p42075,bin3,cost,3312.63
p42075,bin3,cap,20000
p42077,bin1,cost,107.66
p42077,bin1,cap,1000
p42077,bin2,cost,331.26
p42077,bin2,cap,2000
p42077,bin3,cost,3312.63
p42077,bin3,cap,20000
p42079,bin1,cost,107.66
p42079,bin1,cap,1000
p42079,bin2,cost,331.26
p42079,bin2,cap,2000
p42079,bin3,cost,3312.63
p42079,bin3,cap,20000
p42081,bin1,cost,107.66
p42081,bin1,cap,1000
p42081,bin2,cost,331.26
p42081,bin2,cap,2000
p42081,bin3,cost,3312.63
p42081,bin3,cap,20000
p42083,bin1,cost,107.66
p42083,bin1,cap,1000
p42083,bin2,cost,331.26
p42083,bin2,cap,2000
p42083,bin3,cost,3312.63
p42083,bin3,cap,20000
p42085,bin1,cost,107.66
p42085,bin1,cap,1000
p42085,bin2,cost,331.26
p42085,bin2,cap,2000
p42085,bin3,cost,3312.63
p42085,bin3,cap,20000
p42087,bin1,cost,107.66
p42087,bin1,cap,1000
p42087,bin2,cost,331.26
p42087,bin2,cap,2000
p42087,bin3,cost,3312.63
p42087,bin3,cap,20000
p42089,bin1,cost,107.66
p42089,bin1,cap,1000
p42089,bin2,cost,331.26
p42089,bin2,cap,2000
p42089,bin3,cost,3312.63
p42089,bin3,cap,20000
p42091,bin1,cost,107.66
p42091,bin1,cap,1000
p42091,bin2,cost,331.26
p42091,bin2,cap,2000
p42091,bin3,cost,3312.63
p42091,bin3,cap,20000
p42093,bin1,cost,107.66
p42093,bin1,cap,1000
p42093,bin2,cost,331.26
p42093,bin2,cap,2000
p42093,bin3,cost,3312.63
p42093,bin3,cap,20000
p42095,bin1,cost,107.66
p42095,bin1,cap,1000
p42095,bin2,cost,331.26
p42095,bin2,cap,2000
p42095,bin3,cost,3312.63
p42095,bin3,cap,20000
p42097,bin1,cost,107.66
p42097,bin1,cap,1000
p42097,bin2,cost,331.26
p42097,bin2,cap,2000
p42097,bin3,cost,3312.63
p42097,bin3,cap,20000
p42099,bin1,cost,107.66
p42099,bin1,cap,1000
p42099,bin2,cost,331.26
p42099,bin2,cap,2000
p42099,bin3,cost,3312.63
p42099,bin3,cap,20000
p42101,bin1,cost,107.66
p42101,bin1,cap,1000
p42101,bin2,cost,331.26
p42101,bin2,cap,2000
p42101,bin3,cost,3312.63
p42101,bin3,cap,20000
p42103,bin1,cost,107.66
p42103,bin1,cap,1000
p42103,bin2,cost,331.26
p42103,bin2,cap,2000
p42103,bin3,cost,3312.63
p42103,bin3,cap,20000
p42107,bin1,cost,107.66
p42107,bin1,cap,1000
p42107,bin2,cost,331.26
p42107,bin2,cap,2000
p42107,bin3,cost,3312.63
p42107,bin3,cap,20000
p42109,bin1,cost,107.66
p42109,bin1,cap,1000
p42109,bin2,cost,331.26
p42109,bin2,cap,2000
p42109,bin3,cost,3312.63
p42109,bin3,cap,20000
p42111,bin1,cost,107.66
p42111,bin1,cap,1000
p42111,bin2,cost,331.26
p42111,bin2,cap,2000
p42111,bin3,cost,3312.63
p42111,bin3,cap,20000
p42113,bin1,cost,107.66
p42113,bin1,cap,1000
p42113,bin2,cost,331.26
p42113,bin2,cap,2000
p42113,bin3,cost,3312.63
p42113,bin3,cap,20000
p42115,bin1,cost,107.66
p42115,bin1,cap,1000
p42115,bin2,cost,331.26
p42115,bin2,cap,2000
p42115,bin3,cost,3312.63
p42115,bin3,cap,20000
p42117,bin1,cost,107.66
p42117,bin1,cap,1000
p42117,bin2,cost,331.26
p42117,bin2,cap,2000
p42117,bin3,cost,3312.63
p42117,bin3,cap,20000
p42119,bin1,cost,107.66
p42119,bin1,cap,1000
p42119,bin2,cost,331.26
p42119,bin2,cap,2000
p42119,bin3,cost,3312.63
p42119,bin3,cap,20000
p42121,bin1,cost,107.66
p42121,bin1,cap,1000
p42121,bin2,cost,331.26
p42121,bin2,cap,2000
p42121,bin3,cost,3312.63
p42121,bin3,cap,20000
p42123,bin1,cost,107.66
p42123,bin1,cap,1000
p42123,bin2,cost,331.26
p42123,bin2,cap,2000
p42123,bin3,cost,3312.63
p42123,bin3,cap,20000
p42127,bin1,cost,107.66
p42127,bin1,cap,1000
p42127,bin2,cost,331.26
p42127,bin2,cap,2000
p42127,bin3,cost,3312.63
p42127,bin3,cap,20000
p42131,bin1,cost,107.66
p42131,bin1,cap,1000
p42131,bin2,cost,331.26
p42131,bin2,cap,2000
p42131,bin3,cost,3312.63
p42131,bin3,cap,20000
p42133,bin1,cost,107.66
p42133,bin1,cap,1000
p42133,bin2,cost,331.26
p42133,bin2,cap,2000
p42133,bin3,cost,3312.63
p42133,bin3,cap,20000
p11001,bin1,cost,107.66
p11001,bin1,cap,1000
p11001,bin2,cost,331.26
p11001,bin2,cap,2000
p11001,bin3,cost,3312.63
p11001,bin3,cap,20000
p24003,bin1,cost,107.66
p24003,bin1,cap,1000
p24003,bin2,cost,331.26
p24003,bin2,cap,2000
p24003,bin3,cost,3312.63
p24003,bin3,cap,20000
p24005,bin1,cost,107.66
p24005,bin1,cap,1000
p24005,bin2,cost,331.26
p24005,bin2,cap,2000
p24005,bin3,cost,3312.63
p24005,bin3,cap,20000
p24009,bin1,cost,107.66
p24009,bin1,cap,1000
p24009,bin2,cost,331.26
p24009,bin2,cap,2000
p24009,bin3,cost,3312.63
p24009,bin3,cap,20000
p24011,bin1,cost,107.66
p24011,bin1,cap,1000
p24011,bin2,cost,331.26
p24011,bin2,cap,2000
p24011,bin3,cost,3312.63
p24011,bin3,cap,20000
p24013,bin1,cost,107.66
p24013,bin1,cap,1000
p24013,bin2,cost,331.26
p24013,bin2,cap,2000
p24013,bin3,cost,3312.63
p24013,bin3,cap,20000
p24015,bin1,cost,107.66
p24015,bin1,cap,1000
p24015,bin2,cost,331.26
p24015,bin2,cap,2000
p24015,bin3,cost,3312.63
p24015,bin3,cap,20000
p24017,bin1,cost,107.66
p24017,bin1,cap,1000
p24017,bin2,cost,331.26
p24017,bin2,cap,2000
p24017,bin3,cost,3312.63
p24017,bin3,cap,20000
p24019,bin1,cost,107.66
p24019,bin1,cap,1000
p24019,bin2,cost,331.26
p24019,bin2,cap,2000
p24019,bin3,cost,3312.63
p24019,bin3,cap,20000
p24025,bin1,cost,107.66
p24025,bin1,cap,1000
p24025,bin2,cost,331.26
p24025,bin2,cap,2000
p24025,bin3,cost,3312.63
p24025,bin3,cap,20000
p24027,bin1,cost,107.66
p24027,bin1,cap,1000
p24027,bin2,cost,331.26
p24027,bin2,cap,2000
p24027,bin3,cost,3312.63
p24027,bin3,cap,20000
p24029,bin1,cost,107.66
p24029,bin1,cap,1000
p24029,bin2,cost,331.26
p24029,bin2,cap,2000
p24029,bin3,cost,3312.63
p24029,bin3,cap,20000
p24031,bin1,cost,107.66
p24031,bin1,cap,1000
p24031,bin2,cost,331.26
p24031,bin2,cap,2000
p24031,bin3,cost,3312.63
p24031,bin3,cap,20000
p24033,bin1,cost,107.66
p24033,bin1,cap,1000
p24033,bin2,cost,331.26
p24033,bin2,cap,2000
p24033,bin3,cost,3312.63
p24033,bin3,cap,20000
p24035,bin1,cost,107.66
p24035,bin1,cap,1000
p24035,bin2,cost,331.26
p24035,bin2,cap,2000
p24035,bin3,cost,3312.63
p24035,bin3,cap,20000
p24037,bin1,cost,107.66
p24037,bin1,cap,1000
p24037,bin2,cost,331.26
p24037,bin2,cap,2000
p24037,bin3,cost,3312.63
p24037,bin3,cap,20000
p24039,bin1,cost,107.66
p24039,bin1,cap,1000
p24039,bin2,cost,331.26
p24039,bin2,cap,2000
p24039,bin3,cost,3312.63
p24039,bin3,cap,20000
p24041,bin1,cost,107.66
p24041,bin1,cap,1000
p24041,bin2,cost,331.26
p24041,bin2,cap,2000
p24041,bin3,cost,3312.63
p24041,bin3,cap,20000
p24045,bin1,cost,107.66
p24045,bin1,cap,1000
p24045,bin2,cost,331.26
p24045,bin2,cap,2000
p24045,bin3,cost,3312.63
p24045,bin3,cap,20000
p24047,bin1,cost,107.66
p24047,bin1,cap,1000
p24047,bin2,cost,331.26
p24047,bin2,cap,2000
p24047,bin3,cost,3312.63
p24047,bin3,cap,20000
p24510,bin1,cost,107.66
p24510,bin1,cap,1000
p24510,bin2,cost,331.26
p24510,bin2,cap,2000
p24510,bin3,cost,3312.63
p24510,bin3,cap,20000
p51001,bin1,cost,107.66
p51001,bin1,cap,1000
p51001,bin2,cost,331.26
p51001,bin2,cap,2000
p51001,bin3,cost,3312.63
p51001,bin3,cap,20000
p51131,bin1,cost,107.66
p51131,bin1,cap,1000
p51131,bin2,cost,331.26
p51131,bin2,cap,2000
p51131,bin3,cost,3312.63
p51131,bin3,cap,20000
p10001,bin1,cost,107.66
p10001,bin1,cap,1000
p10001,bin2,cost,331.26
p10001,bin2,cap,2000
p10001,bin3,cost,3312.63
p10001,bin3,cap,20000
p10003,bin1,cost,107.66
p10003,bin1,cap,1000
p10003,bin2,cost,331.26
p10003,bin2,cap,2000
p10003,bin3,cost,3312.63
p10003,bin3,cap,20000
p10005,bin1,cost,107.66
p10005,bin1,cap,1000
p10005,bin2,cost,331.26
p10005,bin2,cap,2000
p10005,bin3,cost,3312.63
p10005,bin3,cap,20000
p34001,bin1,cost,107.66
p34001,bin1,cap,1000
p34001,bin2,cost,331.26
p34001,bin2,cap,2000
p34001,bin3,cost,3312.63
p34001,bin3,cap,20000
p34003,bin1,cost,107.66
p34003,bin1,cap,1000
p34003,bin2,cost,331.26
p34003,bin2,cap,2000
p34003,bin3,cost,3312.63
p34003,bin3,cap,20000
p34005,bin1,cost,107.66
p34005,bin1,cap,1000
p34005,bin2,cost,331.26
p34005,bin2,cap,2000
p34005,bin3,cost,3312.63
p34005,bin3,cap,20000
p34007,bin1,cost,107.66
p34007,bin1,cap,1000
p34007,bin2,cost,331.26
p34007,bin2,cap,2000
p34007,bin3,cost,3312.63
p34007,bin3,cap,20000
p34009,bin1,cost,107.66
p34009,bin1,cap,1000
p34009,bin2,cost,331.26
p34009,bin2,cap,2000
p34009,bin3,cost,3312.63
p34009,bin3,cap,20000
p34011,bin1,cost,107.66
p34011,bin1,cap,1000
p34011,bin2,cost,331.26
p34011,bin2,cap,2000
p34011,bin3,cost,3312.63
p34011,bin3,cap,20000
p34013,bin1,cost,107.66
p34013,bin1,cap,1000
p34013,bin2,cost,331.26
p34013,bin2,cap,2000
p34013,bin3,cost,3312.63
p34013,bin3,cap,20000
p34015,bin1,cost,107.66
p34015,bin1,cap,1000
p34015,bin2,cost,331.26
p34015,bin2,cap,2000
p34015,bin3,cost,3312.63
p34015,bin3,cap,20000
p34017,bin1,cost,107.66
p34017,bin1,cap,1000
p34017,bin2,cost,331.26
p34017,bin2,cap,2000
p34017,bin3,cost,3312.63
p34017,bin3,cap,20000
p34019,bin1,cost,107.66
p34019,bin1,cap,1000
p34019,bin2,cost,331.26
p34019,bin2,cap,2000
p34019,bin3,cost,3312.63
p34019,bin3,cap,20000
p34021,bin1,cost,107.66
p34021,bin1,cap,1000
p34021,bin2,cost,331.26
p34021,bin2,cap,2000
p34021,bin3,cost,3312.63
p34021,bin3,cap,20000
p34023,bin1,cost,107.66
p34023,bin1,cap,1000
p34023,bin2,cost,331.26
p34023,bin2,cap,2000
p34023,bin3,cost,3312.63
p34023,bin3,cap,20000
p34025,bin1,cost,107.66
p34025,bin1,cap,1000
p34025,bin2,cost,331.26
p34025,bin2,cap,2000
p34025,bin3,cost,3312.63
p34025,bin3,cap,20000
p34027,bin1,cost,107.66
p34027,bin1,cap,1000
p34027,bin2,cost,331.26
p34027,bin2,cap,2000
p34027,bin3,cost,3312.63
p34027,bin3,cap,20000
p34029,bin1,cost,107.66
p34029,bin1,cap,1000
p34029,bin2,cost,331.26
p34029,bin2,cap,2000
p34029,bin3,cost,3312.63
p34029,bin3,cap,20000
p34031,bin1,cost,107.66
p34031,bin1,cap,1000
p34031,bin2,cost,331.26
p34031,bin2,cap,2000
p34031,bin3,cost,3312.63
p34031,bin3,cap,20000
p34033,bin1,cost,107.66
p34033,bin1,cap,1000
p34033,bin2,cost,331.26
p34033,bin2,cap,2000
p34033,bin3,cost,3312.63
p34033,bin3,cap,20000
p34035,bin1,cost,107.66
p34035,bin1,cap,1000
p34035,bin2,cost,331.26
p34035,bin2,cap,2000
p34035,bin3,cost,3312.63
p34035,bin3,cap,20000
p34037,bin1,cost,107.66
p34037,bin1,cap,1000
p34037,bin2,cost,331.26
p34037,bin2,cap,2000
p34037,bin3,cost,3312.63
p34037,bin3,cap,20000
p34039,bin1,cost,107.66
p34039,bin1,cap,1000
p34039,bin2,cost,331.26
p34039,bin2,cap,2000
p34039,bin3,cost,3312.63
p34039,bin3,cap,20000
p34041,bin1,cost,107.66
p34041,bin1,cap,1000
p34041,bin2,cost,331.26
p34041,bin2,cap,2000
p34041,bin3,cost,3312.63
p34041,bin3,cap,20000
p36001,bin1,cost,107.66
p36001,bin1,cap,1000
p36001,bin2,cost,331.26
p36001,bin2,cap,2000
p36001,bin3,cost,3312.63
p36001,bin3,cap,20000
p36003,bin1,cost,107.66
p36003,bin1,cap,1000
p36003,bin2,cost,331.26
p36003,bin2,cap,2000
p36003,bin3,cost,3312.63
p36003,bin3,cap,20000
p36005,bin1,cost,107.66
p36005,bin1,cap,1000
p36005,bin2,cost,331.26
p36005,bin2,cap,2000
p36005,bin3,cost,3312.63
p36005,bin3,cap,20000
p36007,bin1,cost,107.66
p36007,bin1,cap,1000
p36007,bin2,cost,331.26
p36007,bin2,cap,2000
p36007,bin3,cost,3312.63
p36007,bin3,cap,20000
p36009,bin1,cost,107.66
p36009,bin1,cap,1000
p36009,bin2,cost,331.26
p36009,bin2,cap,2000
p36009,bin3,cost,3312.63
p36009,bin3,cap,20000
p36011,bin1,cost,107.66
p36011,bin1,cap,1000
p36011,bin2,cost,331.26
p36011,bin2,cap,2000
p36011,bin3,cost,3312.63
p36011,bin3,cap,20000
p36013,bin1,cost,107.66
p36013,bin1,cap,1000
p36013,bin2,cost,331.26
p36013,bin2,cap,2000
p36013,bin3,cost,3312.63
p36013,bin3,cap,20000
p36015,bin1,cost,107.66
p36015,bin1,cap,1000
p36015,bin2,cost,331.26
p36015,bin2,cap,2000
p36015,bin3,cost,3312.63
p36015,bin3,cap,20000
p36017,bin1,cost,107.66
p36017,bin1,cap,1000
p36017,bin2,cost,331.26
p36017,bin2,cap,2000
p36017,bin3,cost,3312.63
p36017,bin3,cap,20000
p36019,bin1,cost,107.66
p36019,bin1,cap,1000
p36019,bin2,cost,331.26
p36019,bin2,cap,2000
p36019,bin3,cost,3312.63
p36019,bin3,cap,20000
p36021,bin1,cost,107.66
p36021,bin1,cap,1000
p36021,bin2,cost,331.26
p36021,bin2,cap,2000
p36021,bin3,cost,3312.63
p36021,bin3,cap,20000
p36023,bin1,cost,107.66
p36023,bin1,cap,1000
p36023,bin2,cost,331.26
p36023,bin2,cap,2000
p36023,bin3,cost,3312.63
p36023,bin3,cap,20000
p36025,bin1,cost,107.66
p36025,bin1,cap,1000
p36025,bin2,cost,331.26
p36025,bin2,cap,2000
p36025,bin3,cost,3312.63
p36025,bin3,cap,20000
p36027,bin1,cost,107.66
p36027,bin1,cap,1000
p36027,bin2,cost,331.26
p36027,bin2,cap,2000
p36027,bin3,cost,3312.63
p36027,bin3,cap,20000
p36029,bin1,cost,107.66
p36029,bin1,cap,1000
p36029,bin2,cost,331.26
p36029,bin2,cap,2000
p36029,bin3,cost,3312.63
p36029,bin3,cap,20000
p36031,bin1,cost,107.66
p36031,bin1,cap,1000
p36031,bin2,cost,331.26
p36031,bin2,cap,2000
p36031,bin3,cost,3312.63
p36031,bin3,cap,20000
p36033,bin1,cost,107.66
p36033,bin1,cap,1000
p36033,bin2,cost,331.26
p36033,bin2,cap,2000
p36033,bin3,cost,3312.63
p36033,bin3,cap,20000
p36035,bin1,cost,107.66
p36035,bin1,cap,1000
p36035,bin2,cost,331.26
p36035,bin2,cap,2000
p36035,bin3,cost,3312.63
p36035,bin3,cap,20000
p36037,bin1,cost,107.66
p36037,bin1,cap,1000
p36037,bin2,cost,331.26
p36037,bin2,cap,2000
p36037,bin3,cost,3312.63
p36037,bin3,cap,20000
p36039,bin1,cost,107.66
p36039,bin1,cap,1000
p36039,bin2,cost,331.26
p36039,bin2,cap,2000
p36039,bin3,cost,3312.63
p36039,bin3,cap,20000
p36041,bin1,cost,107.66
p36041,bin1,cap,1000
p36041,bin2,cost,331.26
p36041,bin2,cap,2000
p36041,bin3,cost,3312.63
p36041,bin3,cap,20000
p36043,bin1,cost,107.66
p36043,bin1,cap,1000
p36043,bin2,cost,331.26
p36043,bin2,cap,2000
p36043,bin3,cost,3312.63
p36043,bin3,cap,20000
p36045,bin1,cost,107.66
p36045,bin1,cap,1000
p36045,bin2,cost,331.26
p36045,bin2,cap,2000
p36045,bin3,cost,3312.63
p36045,bin3,cap,20000
p36047,bin1,cost,107.66
p36047,bin1,cap,1000
p36047,bin2,cost,331.26
p36047,bin2,cap,2000
p36047,bin3,cost,3312.63
p36047,bin3,cap,20000
p36049,bin1,cost,107.66
p36049,bin1,cap,1000
p36049,bin2,cost,331.26
p36049,bin2,cap,2000
p36049,bin3,cost,3312.63
p36049,bin3,cap,20000
p36051,bin1,cost,107.66
p36051,bin1,cap,1000
p36051,bin2,cost,331.26
p36051,bin2,cap,2000
p36051,bin3,cost,3312.63
p36051,bin3,cap,20000
p36053,bin1,cost,107.66
p36053,bin1,cap,1000
p36053,bin2,cost,331.26
p36053,bin2,cap,2000
p36053,bin3,cost,3312.63
p36053,bin3,cap,20000
p36055,bin1,cost,107.66
p36055,bin1,cap,1000
p36055,bin2,cost,331.26
p36055,bin2,cap,2000
p36055,bin3,cost,3312.63
p36055,bin3,cap,20000
p36057,bin1,cost,107.66
p36057,bin1,cap,1000
p36057,bin2,cost,331.26
p36057,bin2,cap,2000
p36057,bin3,cost,3312.63
p36057,bin3,cap,20000
p36061,bin1,cost,107.66
p36061,bin1,cap,1000
p36061,bin2,cost,331.26
p36061,bin2,cap,2000
p36061,bin3,cost,3312.63
p36061,bin3,cap,20000
p36063,bin1,cost,107.66
p36063,bin1,cap,1000
p36063,bin2,cost,331.26
p36063,bin2,cap,2000
p36063,bin3,cost,3312.63
p36063,bin3,cap,20000
p36065,bin1,cost,107.66
p36065,bin1,cap,1000
p36065,bin2,cost,331.26
p36065,bin2,cap,2000
p36065,bin3,cost,3312.63
p36065,bin3,cap,20000
p36067,bin1,cost,107.66
p36067,bin1,cap,1000
p36067,bin2,cost,331.26
p36067,bin2,cap,2000
p36067,bin3,cost,3312.63
p36067,bin3,cap,20000
p36069,bin1,cost,107.66
p36069,bin1,cap,1000
p36069,bin2,cost,331.26
p36069,bin2,cap,2000
p36069,bin3,cost,3312.63
p36069,bin3,cap,20000
p36071,bin1,cost,107.66
p36071,bin1,cap,1000
p36071,bin2,cost,331.26
p36071,bin2,cap,2000
p36071,bin3,cost,3312.63
p36071,bin3,cap,20000
p36073,bin1,cost,107.66
p36073,bin1,cap,1000
p36073,bin2,cost,331.26
p36073,bin2,cap,2000
p36073,bin3,cost,3312.63
p36073,bin3,cap,20000
p36075,bin1,cost,107.66
p36075,bin1,cap,1000
p36075,bin2,cost,331.26
p36075,bin2,cap,2000
p36075,bin3,cost,3312.63
p36075,bin3,cap,20000
p36077,bin1,cost,107.66
p36077,bin1,cap,1000
p36077,bin2,cost,331.26
p36077,bin2,cap,2000
p36077,bin3,cost,3312.63
p36077,bin3,cap,20000
p36079,bin1,cost,107.66
p36079,bin1,cap,1000
p36079,bin2,cost,331.26
p36079,bin2,cap,2000
p36079,bin3,cost,3312.63
p36079,bin3,cap,20000
p36081,bin1,cost,107.66
p36081,bin1,cap,1000
p36081,bin2,cost,331.26
p36081,bin2,cap,2000
p36081,bin3,cost,3312.63
p36081,bin3,cap,20000
p36083,bin1,cost,107.66
p36083,bin1,cap,1000
p36083,bin2,cost,331.26
p36083,bin2,cap,2000
p36083,bin3,cost,3312.63
p36083,bin3,cap,20000
p36085,bin1,cost,107.66
p36085,bin1,cap,1000
p36085,bin2,cost,331.26
p36085,bin2,cap,2000
p36085,bin3,cost,3312.63
p36085,bin3,cap,20000
p36087,bin1,cost,107.66
p36087,bin1,cap,1000
p36087,bin2,cost,331.26
p36087,bin2,cap,2000
p36087,bin3,cost,3312.63
p36087,bin3,cap,20000
p36089,bin1,cost,107.66
p36089,bin1,cap,1000
p36089,bin2,cost,331.26
p36089,bin2,cap,2000
p36089,bin3,cost,3312.63
p36089,bin3,cap,20000
p36091,bin1,cost,107.66
p36091,bin1,cap,1000
p36091,bin2,cost,331.26
p36091,bin2,cap,2000
p36091,bin3,cost,3312.63
p36091,bin3,cap,20000
p36093,bin1,cost,107.66
p36093,bin1,cap,1000
p36093,bin2,cost,331.26
p36093,bin2,cap,2000
p36093,bin3,cost,3312.63
p36093,bin3,cap,20000
p36095,bin1,cost,107.66
p36095,bin1,cap,1000
p36095,bin2,cost,331.26
p36095,bin2,cap,2000
p36095,bin3,cost,3312.63
p36095,bin3,cap,20000
p36097,bin1,cost,107.66
p36097,bin1,cap,1000
p36097,bin2,cost,331.26
p36097,bin2,cap,2000
p36097,bin3,cost,3312.63
p36097,bin3,cap,20000
p36099,bin1,cost,107.66
p36099,bin1,cap,1000
p36099,bin2,cost,331.26
p36099,bin2,cap,2000
p36099,bin3,cost,3312.63
p36099,bin3,cap,20000
p36101,bin1,cost,107.66
p36101,bin1,cap,1000
p36101,bin2,cost,331.26
p36101,bin2,cap,2000
p36101,bin3,cost,3312.63
p36101,bin3,cap,20000
p36105,bin1,cost,107.66
p36105,bin1,cap,1000
p36105,bin2,cost,331.26
p36105,bin2,cap,2000
p36105,bin3,cost,3312.63
p36105,bin3,cap,20000
p36107,bin1,cost,107.66
p36107,bin1,cap,1000
p36107,bin2,cost,331.26
p36107,bin2,cap,2000
p36107,bin3,cost,3312.63
p36107,bin3,cap,20000
p36109,bin1,cost,107.66
p36109,bin1,cap,1000
p36109,bin2,cost,331.26
p36109,bin2,cap,2000
p36109,bin3,cost,3312.63
p36109,bin3,cap,20000
p36111,bin1,cost,107.66
p36111,bin1,cap,1000
p36111,bin2,cost,331.26
p36111,bin2,cap,2000
p36111,bin3,cost,3312.63
p36111,bin3,cap,20000
p36113,bin1,cost,107.66
p36113,bin1,cap,1000
p36113,bin2,cost,331.26
p36113,bin2,cap,2000
p36113,bin3,cost,3312.63
p36113,bin3,cap,20000
p36115,bin1,cost,107.66
p36115,bin1,cap,1000
p36115,bin2,cost,331.26
p36115,bin2,cap,2000
p36115,bin3,cost,3312.63
p36115,bin3,cap,20000
p36117,bin1,cost,107.66
p36117,bin1,cap,1000
p36117,bin2,cost,331.26
p36117,bin2,cap,2000
p36117,bin3,cost,3312.63
p36117,bin3,cap,20000
p36119,bin1,cost,107.66
p36119,bin1,cap,1000
p36119,bin2,cost,331.26
p36119,bin2,cap,2000
p36119,bin3,cost,3312.63
p36119,bin3,cap,20000
p36121,bin1,cost,107.66
p36121,bin1,cap,1000
p36121,bin2,cost,331.26
p36121,bin2,cap,2000
p36121,bin3,cost,3312.63
p36121,bin3,cap,20000
p36123,bin1,cost,107.66
p36123,bin1,cap,1000
p36123,bin2,cost,331.26
p36123,bin2,cap,2000
p36123,bin3,cost,3312.63
p36123,bin3,cap,20000
p36059,bin1,cost,107.66
p36059,bin1,cap,1000
p36059,bin2,cost,331.26
p36059,bin2,cap,2000
p36059,bin3,cost,3312.63
p36059,bin3,cap,20000
p36103,bin1,cost,107.66
p36103,bin1,cap,1000
p36103,bin2,cost,331.26
p36103,bin2,cap,2000
p36103,bin3,cost,3312.63
p36103,bin3,cap,20000
p50001,bin1,cost,107.66
p50001,bin1,cap,1000
p50001,bin2,cost,331.26
p50001,bin2,cap,2000
p50001,bin3,cost,3312.63
p50001,bin3,cap,20000
p50003,bin1,cost,107.66
p50003,bin1,cap,1000
p50003,bin2,cost,331.26
p50003,bin2,cap,2000
p50003,bin3,cost,3312.63
p50003,bin3,cap,20000
p50005,bin1,cost,107.66
p50005,bin1,cap,1000
p50005,bin2,cost,331.26
p50005,bin2,cap,2000
p50005,bin3,cost,3312.63
p50005,bin3,cap,20000
p50007,bin1,cost,107.66
p50007,bin1,cap,1000
p50007,bin2,cost,331.26
p50007,bin2,cap,2000
p50007,bin3,cost,3312.63
p50007,bin3,cap,20000
p50009,bin1,cost,107.66
p50009,bin1,cap,1000
p50009,bin2,cost,331.26
p50009,bin2,cap,2000
p50009,bin3,cost,3312.63
p50009,bin3,cap,20000
p50011,bin1,cost,107.66
p50011,bin1,cap,1000
p50011,bin2,cost,331.26
p50011,bin2,cap,2000
p50011,bin3,cost,3312.63
p50011,bin3,cap,20000
p50013,bin1,cost,107.66
p50013,bin1,cap,1000
p50013,bin2,cost,331.26
p50013,bin2,cap,2000
p50013,bin3,cost,3312.63
p50013,bin3,cap,20000
p50015,bin1,cost,107.66
p50015,bin1,cap,1000
p50015,bin2,cost,331.26
p50015,bin2,cap,2000
p50015,bin3,cost,3312.63
p50015,bin3,cap,20000
p50017,bin1,cost,107.66
p50017,bin1,cap,1000
p50017,bin2,cost,331.26
p50017,bin2,cap,2000
p50017,bin3,cost,3312.63
p50017,bin3,cap,20000
p50019,bin1,cost,107.66
p50019,bin1,cap,1000
p50019,bin2,cost,331.26
p50019,bin2,cap,2000
p50019,bin3,cost,3312.63
p50019,bin3,cap,20000
p50021,bin1,cost,107.66
p50021,bin1,cap,1000
p50021,bin2,cost,331.26
p50021,bin2,cap,2000
p50021,bin3,cost,3312.63
p50021,bin3,cap,20000
p50023,bin1,cost,107.66
p50023,bin1,cap,1000
p50023,bin2,cost,331.26
p50023,bin2,cap,2000
p50023,bin3,cost,3312.63
p50023,bin3,cap,20000
p50025,bin1,cost,107.66
p50025,bin1,cap,1000
p50025,bin2,cost,331.26
p50025,bin2,cap,2000
p50025,bin3,cost,3312.63
p50025,bin3,cap,20000
p50027,bin1,cost,107.66
p50027,bin1,cap,1000
p50027,bin2,cost,331.26
p50027,bin2,cap,2000
p50027,bin3,cost,3312.63
p50027,bin3,cap,20000
p33001,bin1,cost,107.66
p33001,bin1,cap,1000
p33001,bin2,cost,331.26
p33001,bin2,cap,2000
p33001,bin3,cost,3312.63
p33001,bin3,cap,20000
p33003,bin1,cost,107.66
p33003,bin1,cap,1000
p33003,bin2,cost,331.26
p33003,bin2,cap,2000
p33003,bin3,cost,3312.63
p33003,bin3,cap,20000
p33005,bin1,cost,107.66
p33005,bin1,cap,1000
p33005,bin2,cost,331.26
p33005,bin2,cap,2000
p33005,bin3,cost,3312.63
p33005,bin3,cap,20000
p33007,bin1,cost,107.66
p33007,bin1,cap,1000
p33007,bin2,cost,331.26
p33007,bin2,cap,2000
p33007,bin3,cost,3312.63
p33007,bin3,cap,20000
p33009,bin1,cost,107.66
p33009,bin1,cap,1000
p33009,bin2,cost,331.26
p33009,bin2,cap,2000
p33009,bin3,cost,3312.63
p33009,bin3,cap,20000
p33011,bin1,cost,107.66
p33011,bin1,cap,1000
p33011,bin2,cost,331.26
p33011,bin2,cap,2000
p33011,bin3,cost,3312.63
p33011,bin3,cap,20000
p33013,bin1,cost,107.66
p33013,bin1,cap,1000
p33013,bin2,cost,331.26
p33013,bin2,cap,2000
p33013,bin3,cost,3312.63
p33013,bin3,cap,20000
p33015,bin1,cost,107.66
p33015,bin1,cap,1000
p33015,bin2,cost,331.26
p33015,bin2,cap,2000
p33015,bin3,cost,3312.63
p33015,bin3,cap,20000
p33017,bin1,cost,107.66
p33017,bin1,cap,1000
p33017,bin2,cost,331.26
p33017,bin2,cap,2000
p33017,bin3,cost,3312.63
p33017,bin3,cap,20000
p33019,bin1,cost,107.66
p33019,bin1,cap,1000
p33019,bin2,cost,331.26
p33019,bin2,cap,2000
p33019,bin3,cost,3312.63
p33019,bin3,cap,20000
p25001,bin1,cost,107.66
p25001,bin1,cap,1000
p25001,bin2,cost,331.26
p25001,bin2,cap,2000
p25001,bin3,cost,3312.63
p25001,bin3,cap,20000
p25003,bin1,cost,107.66
p25003,bin1,cap,1000
p25003,bin2,cost,331.26
p25003,bin2,cap,2000
p25003,bin3,cost,3312.63
p25003,bin3,cap,20000
p25005,bin1,cost,107.66
p25005,bin1,cap,1000
p25005,bin2,cost,331.26
p25005,bin2,cap,2000
p25005,bin3,cost,3312.63
p25005,bin3,cap,20000
p25007,bin1,cost,107.66
p25007,bin1,cap,1000
p25007,bin2,cost,331.26
p25007,bin2,cap,2000
p25007,bin3,cost,3312.63
p25007,bin3,cap,20000
p25009,bin1,cost,107.66
p25009,bin1,cap,1000
p25009,bin2,cost,331.26
p25009,bin2,cap,2000
p25009,bin3,cost,3312.63
p25009,bin3,cap,20000
p25011,bin1,cost,107.66
p25011,bin1,cap,1000
p25011,bin2,cost,331.26
p25011,bin2,cap,2000
p25011,bin3,cost,3312.63
p25011,bin3,cap,20000
p25013,bin1,cost,107.66
p25013,bin1,cap,1000
p25013,bin2,cost,331.26
p25013,bin2,cap,2000
p25013,bin3,cost,3312.63
p25013,bin3,cap,20000
p25015,bin1,cost,107.66
p25015,bin1,cap,1000
p25015,bin2,cost,331.26
p25015,bin2,cap,2000
p25015,bin3,cost,3312.63
p25015,bin3,cap,20000
p25017,bin1,cost,107.66
p25017,bin1,cap,1000
p25017,bin2,cost,331.26
p25017,bin2,cap,2000
p25017,bin3,cost,3312.63
p25017,bin3,cap,20000
p25019,bin1,cost,107.66
p25019,bin1,cap,1000
p25019,bin2,cost,331.26
p25019,bin2,cap,2000
p25019,bin3,cost,3312.63
p25019,bin3,cap,20000
p25021,bin1,cost,107.66
p25021,bin1,cap,1000
p25021,bin2,cost,331.26
p25021,bin2,cap,2000
p25021,bin3,cost,3312.63
p25021,bin3,cap,20000
p25023,bin1,cost,107.66
p25023,bin1,cap,1000
p25023,bin2,cost,331.26
p25023,bin2,cap,2000
p25023,bin3,cost,3312.63
p25023,bin3,cap,20000
p25025,bin1,cost,107.66
p25025,bin1,cap,1000
p25025,bin2,cost,331.26
p25025,bin2,cap,2000
p25025,bin3,cost,3312.63
p25025,bin3,cap,20000
p25027,bin1,cost,107.66
p25027,bin1,cap,1000
p25027,bin2,cost,331.26
p25027,bin2,cap,2000
p25027,bin3,cost,3312.63
p25027,bin3,cap,20000
p09110,bin1,cost,107.66
p09110,bin1,cap,1000
p09110,bin2,cost,331.26
p09110,bin2,cap,2000
p09110,bin3,cost,3312.63
p09110,bin3,cap,20000
p09120,bin1,cost,107.66
p09120,bin1,cap,1000
p09120,bin2,cost,331.26
p09120,bin2,cap,2000
p09120,bin3,cost,3312.63
p09120,bin3,cap,20000
p09130,bin1,cost,107.66
p09130,bin1,cap,1000
p09130,bin2,cost,331.26
p09130,bin2,cap,2000
p09130,bin3,cost,3312.63
p09130,bin3,cap,20000
p09140,bin1,cost,107.66
p09140,bin1,cap,1000
p09140,bin2,cost,331.26
p09140,bin2,cap,2000
p09140,bin3,cost,3312.63
p09140,bin3,cap,20000
p09150,bin1,cost,107.66
p09150,bin1,cap,1000
p09150,bin2,cost,331.26
p09150,bin2,cap,2000
p09150,bin3,cost,3312.63
p09150,bin3,cap,20000
p09160,bin1,cost,107.66
p09160,bin1,cap,1000
p09160,bin2,cost,331.26
p09160,bin2,cap,2000
p09160,bin3,cost,3312.63
p09160,bin3,cap,20000
p09170,bin1,cost,107.66
p09170,bin1,cap,1000
p09170,bin2,cost,331.26
p09170,bin2,cap,2000
p09170,bin3,cost,3312.63
p09170,bin3,cap,20000
p09180,bin1,cost,107.66
p09180,bin1,cap,1000
p09180,bin2,cost,331.26
p09180,bin2,cap,2000
p09180,bin3,cost,3312.63
p09180,bin3,cap,20000
p09190,bin1,cost,107.66
p09190,bin1,cap,1000
p09190,bin2,cost,331.26
p09190,bin2,cap,2000
p09190,bin3,cost,3312.63
p09190,bin3,cap,20000
p44001,bin1,cost,107.66
p44001,bin1,cap,1000
p44001,bin2,cost,331.26
p44001,bin2,cap,2000
p44001,bin3,cost,3312.63
p44001,bin3,cap,20000
p44003,bin1,cost,107.66
p44003,bin1,cap,1000
p44003,bin2,cost,331.26
p44003,bin2,cap,2000
p44003,bin3,cost,3312.63
p44003,bin3,cap,20000
p44005,bin1,cost,107.66
p44005,bin1,cap,1000
p44005,bin2,cost,331.26
p44005,bin2,cap,2000
p44005,bin3,cost,3312.63
p44005,bin3,cap,20000
p44007,bin1,cost,107.66
p44007,bin1,cap,1000
p44007,bin2,cost,331.26
p44007,bin2,cap,2000
p44007,bin3,cost,3312.63
p44007,bin3,cap,20000
p44009,bin1,cost,107.66
p44009,bin1,cap,1000
p44009,bin2,cost,331.26
p44009,bin2,cap,2000
p44009,bin3,cost,3312.63
p44009,bin3,cap,20000
p23001,bin1,cost,107.66
p23001,bin1,cap,1000
p23001,bin2,cost,331.26
p23001,bin2,cap,2000
p23001,bin3,cost,3312.63
p23001,bin3,cap,20000
p23003,bin1,cost,107.66
p23003,bin1,cap,1000
p23003,bin2,cost,331.26
p23003,bin2,cap,2000
p23003,bin3,cost,3312.63
p23003,bin3,cap,20000
p23005,bin1,cost,107.66
p23005,bin1,cap,1000
p23005,bin2,cost,331.26
p23005,bin2,cap,2000
p23005,bin3,cost,3312.63
p23005,bin3,cap,20000
p23007,bin1,cost,107.66
p23007,bin1,cap,1000
p23007,bin2,cost,331.26
p23007,bin2,cap,2000
p23007,bin3,cost,3312.63
p23007,bin3,cap,20000
p23009,bin1,cost,107.66
p23009,bin1,cap,1000
p23009,bin2,cost,331.26
p23009,bin2,cap,2000
p23009,bin3,cost,3312.63
p23009,bin3,cap,20000
p23011,bin1,cost,107.66
p23011,bin1,cap,1000
p23011,bin2,cost,331.26
p23011,bin2,cap,2000
p23011,bin3,cost,3312.63
p23011,bin3,cap,20000
p23013,bin1,cost,107.66
p23013,bin1,cap,1000
p23013,bin2,cost,331.26
p23013,bin2,cap,2000
p23013,bin3,cost,3312.63
p23013,bin3,cap,20000
p23015,bin1,cost,107.66
p23015,bin1,cap,1000
p23015,bin2,cost,331.26
p23015,bin2,cap,2000
p23015,bin3,cost,3312.63
p23015,bin3,cap,20000
p23017,bin1,cost,107.66
p23017,bin1,cap,1000
p23017,bin2,cost,331.26
p23017,bin2,cap,2000
p23017,bin3,cost,3312.63
p23017,bin3,cap,20000
p23019,bin1,cost,107.66
p23019,bin1,cap,1000
p23019,bin2,cost,331.26
p23019,bin2,cap,2000
p23019,bin3,cost,3312.63
p23019,bin3,cap,20000
p23021,bin1,cost,107.66
p23021,bin1,cap,1000
p23021,bin2,cost,331.26
p23021,bin2,cap,2000
p23021,bin3,cost,3312.63
p23021,bin3,cap,20000
p23023,bin1,cost,107.66
p23023,bin1,cap,1000
p23023,bin2,cost,331.26
p23023,bin2,cap,2000
p23023,bin3,cost,3312.63
p23023,bin3,cap,20000
p23025,bin1,cost,107.66
p23025,bin1,cap,1000
p23025,bin2,cost,331.26
p23025,bin2,cap,2000
p23025,bin3,cost,3312.63
p23025,bin3,cap,20000
p23027,bin1,cost,107.66
p23027,bin1,cap,1000
p23027,bin2,cost,331.26
p23027,bin2,cap,2000
p23027,bin3,cost,3312.63
p23027,bin3,cap,20000
p23029,bin1,cost,107.66
p23029,bin1,cap,1000
p23029,bin2,cost,331.26
p23029,bin2,cap,2000
p23029,bin3,cost,3312.63
p23029,bin3,cap,20000
p23031,bin1,cost,107.66
p23031,bin1,cap,1000
p23031,bin2,cost,331.26
p23031,bin2,cap,2000
p23031,bin3,cost,3312.63
p23031,bin3,cap,20000
