tech,sc_point_gid,region,class,capacity,capital_adder_per_mw,cost_total_trans_usd_per_mw,supply_curve_cost_per_mw,cf,latitude,longitude,poi_bus,poi_name,poi_kv,poi_distance_km,mapping_method,class_method,source_country,cost_dollar_year,cost_basis,source_capex_usd_per_kw,source_opex_usd_per_kw_year,source_fixed_charge_rate,source_lcoe_usd_per_mwh,source_total_lcoe_usd_per_mwh,cost_source,pr100_exclusions_applied,pr100_exclusions_config,additional_geographic_screen
upv,4,pr352,5,10.402,0.0,47481.703,47481.703,0.20263673,18.505,-67.152,352,MORA230,230.0,12.948410217065327,pr100_connection_then_electrical_rollup,equal_capacity_cf_proxy_pending_reeds_kmeans,Puerto Rico,2021,real_2021_usd,525.82074,10.470557,0.0515,24.971834328972346,26.349396556503308,"PR100 2022 ATB moderate fixed-tilt PV, converted to 2021 real USD",,,
upv,6,pr352,5,169.519,0.0,28521.424,28521.424,0.2009692,18.506,-67.097,352,MORA230,230.0,7.777882165630365,pr100_connection_then_electrical_rollup,equal_capacity_cf_proxy_pending_reeds_kmeans,Puerto Rico,2021,real_2021_usd,525.82074,10.470556,0.051500008,21.34775066505785,22.182094007701348,"PR100 2022 ATB moderate fixed-tilt PV, converted to 2021 real USD",,,
upv,7,pr352,5,118.58700000000002,0.0,20778.594,20778.594,0.20069443,18.506,-67.07,352,MORA230,230.0,5.666387941353878,pr100_connection_then_electrical_rollup,equal_capacity_cf_proxy_pending_reeds_kmeans,Puerto Rico,2021,real_2021_usd,525.82074,10.470556,0.051500008,21.377024261524475,21.98569712185368,"PR100 2022 ATB moderate fixed-tilt PV, converted to 2021 real USD",,,
upv,8,pr352,5,152.852,0.0,16392.2,16392.2,0.20065916,18.506,-67.043,352,MORA230,230.0,4.470204559831215,pr100_connection_then_electrical_rollup,equal_capacity_cf_proxy_pending_reeds_kmeans,Puerto Rico,2021,real_2021_usd,525.82074,10.470557,0.051500008,21.381215375300364,21.861480828171647,"PR100 2022 ATB moderate fixed-tilt PV, converted to 2021 real USD",,,
upv,9,pr352,5,8.862000000000002,0.0,18182.252,18182.252,0.20004168,18.506,-67.015,352,MORA230,230.0,4.958357786577271,pr100_connection_then_electrical_rollup,equal_capacity_cf_proxy_pending_reeds_kmeans,Puerto Rico,2021,real_2021_usd,525.8207,10.470558,0.051499996,25.72848610009744,26.262841627579103,"PR100 2022 ATB moderate fixed-tilt PV, converted to 2021 real USD",,,
upv,10,pr352,5,52.115,0.0,24758.83,24758.83,0.20037039,18.506,-66.988,352,MORA230,230.0,6.751811265417121,pr100_connection_then_electrical_rollup,equal_capacity_cf_proxy_pending_reeds_kmeans,Puerto Rico,2021,real_2021_usd,525.82074,10.470557,0.051500004,22.84002051677944,23.566460410114217,"PR100 2022 ATB moderate fixed-tilt PV, converted to 2021 real USD",,,
upv,80,pr352,5,129.52100000000002,0.0,45089.273,45089.273,0.20066413,18.479,-67.152,352,MORA230,230.0,12.29598691338667,pr100_connection_then_electrical_rollup,equal_capacity_cf_proxy_pending_reeds_kmeans,Puerto Rico,2021,real_2021_usd,525.82074,10.470556,0.051500008,21.37681970854085,22.697831297031676,"PR100 2022 ATB moderate fixed-tilt PV, converted to 2021 real USD",,,
upv,81,pr352,5,131.565,0.0,34405.02,34405.02,0.20194614,18.48,-67.124,352,MORA230,230.0,9.382357465643505,pr100_connection_then_electrical_rollup,equal_capacity_cf_proxy_pending_reeds_kmeans,Puerto Rico,2021,real_2021_usd,525.82074,10.470556,0.051500008,21.238296293562065,22.239884907218503,"PR100 2022 ATB moderate fixed-tilt PV, converted to 2021 real USD",,,
upv,82,pr352,5,227.836,0.0,24149.908,24149.908,0.20041934,18.48,-67.097,352,MORA230,230.0,6.585756042113596,pr100_connection_then_electrical_rollup,equal_capacity_cf_proxy_pending_reeds_kmeans,Puerto Rico,2021,real_2021_usd,525.8207,10.470556,0.051500004,21.41012193177365,22.118522595478627,"PR100 2022 ATB moderate fixed-tilt PV, converted to 2021 real USD",,,
upv,83,pr352,5,175.52500000000003,0.0,14192.927,14192.927,0.20081943,18.48,-67.07,352,MORA230,230.0,3.8704560057721444,pr100_connection_then_electrical_rollup,equal_capacity_cf_proxy_pending_reeds_kmeans,Puerto Rico,2021,real_2021_usd,525.82074,10.470556,0.051500008,21.364727576917574,21.78022597676989,"PR100 2022 ATB moderate fixed-tilt PV, converted to 2021 real USD",,,
upv,84,pr352,5,73.066,0.0,6194.256,6194.256,0.20040143,18.48,-67.043,352,MORA230,230.0,1.6891931007388452,pr100_connection_then_electrical_rollup,equal_capacity_cf_proxy_pending_reeds_kmeans,Puerto Rico,2021,real_2021_usd,525.82074,10.470557,0.051500008,22.213007479832,22.39472276193743,"PR100 2022 ATB moderate fixed-tilt PV, converted to 2021 real USD",,,
upv,85,pr352,4,113.351,0.0,10013.379,10013.379,0.19909337,18.48,-67.015,352,MORA230,230.0,2.730680007812609,pr100_connection_then_electrical_rollup,equal_capacity_cf_proxy_pending_reeds_kmeans,Puerto Rico,2021,real_2021_usd,525.8208,10.470556,0.051500008,21.55154940584245,21.847232834477715,"PR100 2022 ATB moderate fixed-tilt PV, converted to 2021 real USD",,,
upv,86,pr352,4,112.021,0.0,19563.096,19563.096,0.19924378,18.48,-66.988,352,MORA230,230.0,5.334918120507379,pr100_connection_then_electrical_rollup,equal_capacity_cf_proxy_pending_reeds_kmeans,Puerto Rico,2021,real_2021_usd,525.8208,10.470556,0.051500008,21.53759760297856,22.11483696682601,"PR100 2022 ATB moderate fixed-tilt PV, converted to 2021 real USD",,,
upv,87,pr352,4,13.888000000000002,0.0,29729.957,29729.957,0.19768068,18.48,-66.961,352,MORA230,230.0,8.107453322300604,pr100_connection_then_electrical_rollup,equal_capacity_cf_proxy_pending_reeds_kmeans,Puerto Rico,2021,real_2021_usd,525.82074,10.470556,0.051500004,25.40627610158205,26.290440806361364,"PR100 2022 ATB moderate fixed-tilt PV, converted to 2021 real USD",,,
upv,88,pr352,5,105.063,0.0,40046.656,40046.656,0.19987041,18.48,-66.934,352,MORA230,230.0,10.920849492233735,pr100_connection_then_electrical_rollup,equal_capacity_cf_proxy_pending_reeds_kmeans,Puerto Rico,2021,real_2021_usd,525.82074,10.470557,0.051500008,21.46384469787296,22.64177850631202,"PR100 2022 ATB moderate fixed-tilt PV, converted to 2021 real USD",,,
upv,89,pr352,4,55.069,0.0,50806.195,50806.195,0.1994479,18.48,-66.906,352,MORA230,230.0,13.855010269778642,pr100_connection_then_electrical_rollup,equal_capacity_cf_proxy_pending_reeds_kmeans,Puerto Rico,2021,real_2021_usd,525.8208,10.470556,0.051500004,22.855398929045474,24.352979943770386,"PR100 2022 ATB moderate fixed-tilt PV, converted to 2021 real USD",,,
upv,90,pr335,4,95.956,0.0,40092.426,40092.426,0.19872612,18.48,-66.879,335,HATILLO115,115.0,10.933331483253786,pr100_connection_then_electrical_rollup,equal_capacity_cf_proxy_pending_reeds_kmeans,Puerto Rico,2021,real_2021_usd,525.82074,10.470556,0.051500004,21.71389813366405,22.899968678702766,"PR100 2022 ATB moderate fixed-tilt PV, converted to 2021 real USD",,,
upv,91,pr335,4,17.248,0.0,31128.342,31128.342,0.19817322,18.48,-66.852,335,HATILLO115,115.0,8.488797233286604,pr100_connection_then_electrical_rollup,equal_capacity_cf_proxy_pending_reeds_kmeans,Puerto Rico,2021,real_2021_usd,525.82074,10.470557,0.0515,25.13841418865504,26.06186580931517,"PR100 2022 ATB moderate fixed-tilt PV, converted to 2021 real USD",,,
upv,92,pr335,4,33.264,0.0,23193.727,23193.727,0.19972928,18.48,-66.824,335,HATILLO115,115.0,6.325002708199322,pr100_connection_then_electrical_rollup,equal_capacity_cf_proxy_pending_reeds_kmeans,Puerto Rico,2021,real_2021_usd,525.8207,10.470557,0.0515,23.97882148608186,24.66152466199972,"PR100 2022 ATB moderate fixed-tilt PV, converted to 2021 real USD",,,
upv,93,pr335,5,39.802,0.0,18577.3,18577.3,0.19996195,18.48,-66.797,335,HATILLO115,115.0,5.066088545311295,pr100_connection_then_electrical_rollup,equal_capacity_cf_proxy_pending_reeds_kmeans,Puerto Rico,2021,real_2021_usd,525.8208,10.470557,0.051499996,23.55876183129624,24.104945090872796,"PR100 2022 ATB moderate fixed-tilt PV, converted to 2021 real USD",,,
upv,98,pr440,5,59.227,0.0,14711.667,14711.667,0.20073964,18.481,-66.661,440,CAMBGP230,230.0,4.011917974512132,pr100_connection_then_electrical_rollup,equal_capacity_cf_proxy_pending_reeds_kmeans,Puerto Rico,2021,real_2021_usd,525.82074,10.470556,0.051500008,22.581623819613608,23.0124795607077,"PR100 2022 ATB moderate fixed-tilt PV, converted to 2021 real USD",,,
upv,99,pr440,4,172.669,0.0,24825.111,24825.111,0.199824,18.481,-66.634,440,CAMBGP230,230.0,6.769886207050146,pr100_connection_then_electrical_rollup,equal_capacity_cf_proxy_pending_reeds_kmeans,Puerto Rico,2021,real_2021_usd,525.82074,10.470556,0.051500008,21.467092972850345,22.197469314837694,"PR100 2022 ATB moderate fixed-tilt PV, converted to 2021 real USD",,,
upv,100,pr440,4,42.616,0.0,35523.992,35523.992,0.1995668,18.481,-66.606,440,CAMBGP230,230.0,9.687504840930114,pr100_connection_then_electrical_rollup,equal_capacity_cf_proxy_pending_reeds_kmeans,Puerto Rico,2021,real_2021_usd,525.82074,10.470558,0.051499996,23.434045279359363,24.48053892277772,"PR100 2022 ATB moderate fixed-tilt PV, converted to 2021 real USD",,,
upv,101,pr343,4,9.191,0.0,19378.215,19378.215,0.19954796,18.481,-66.579,343,ABBOTT115,115.0,5.284500659602105,pr100_connection_then_electrical_rollup,equal_capacity_cf_proxy_pending_reeds_kmeans,Puerto Rico,2021,real_2021_usd,525.8208,10.470557,0.051500004,25.67519753025317,26.24611010341433,"PR100 2022 ATB moderate fixed-tilt PV, converted to 2021 real USD",,,
upv,102,pr343,5,21.574,0.0,20073.678,20073.678,0.19992852,18.481,-66.552,343,ABBOTT115,115.0,5.474155291854562,pr100_connection_then_electrical_rollup,equal_capacity_cf_proxy_pending_reeds_kmeans,Puerto Rico,2021,real_2021_usd,525.82074,10.470557,0.051500004,24.650371375303003,25.2406476560239,"PR100 2022 ATB moderate fixed-tilt PV, converted to 2021 real USD",,,
upv,104,pr196,4,12.432,0.0,25135.21,25135.21,0.19752784,18.481,-66.497,196,MANATI230,230.0,6.854451573365814,pr100_connection_then_electrical_rollup,equal_capacity_cf_proxy_pending_reeds_kmeans,Puerto Rico,2021,real_2021_usd,525.82074,10.470557,0.051500004,25.50363932735144,26.251735353271563,"PR100 2022 ATB moderate fixed-tilt PV, converted to 2021 real USD",,,
upv,106,pr196,5,14.035,0.0,20122.756,20122.756,0.2011842,18.481,-66.443,196,MANATI230,230.0,5.48753885114278,pr100_connection_then_electrical_rollup,equal_capacity_cf_proxy_pending_reeds_kmeans,Puerto Rico,2021,real_2021_usd,525.82074,10.470557,0.051500004,24.94322458606849,25.531250816215305,"PR100 2022 ATB moderate fixed-tilt PV, converted to 2021 real USD",,,
upv,107,pr196,5,6.188000000000001,0.0,25135.158,25135.158,0.2011842,18.481,-66.415,196,MANATI230,230.0,6.854437249972794,pr100_connection_then_electrical_rollup,equal_capacity_cf_proxy_pending_reeds_kmeans,Puerto Rico,2021,real_2021_usd,525.82074,10.470557,0.0515,26.51445051584328,27.24894897816441,"PR100 2022 ATB moderate fixed-tilt PV, converted to 2021 real USD",,,
upv,108,pr41,5,17.808,0.0,14318.423,14318.423,0.20101622,18.481,-66.388,41,VEGABAJA115,115.0,3.9046791333566873,pr100_connection_then_electrical_rollup,equal_capacity_cf_proxy_pending_reeds_kmeans,Puerto Rico,2021,real_2021_usd,525.82074,10.470557,0.051499996,24.738999062149684,25.157761018916663,"PR100 2022 ATB moderate fixed-tilt PV, converted to 2021 real USD",,,
upv,110,pr41,4,37.408,0.0,26432.605,26432.605,0.1990452,18.481,-66.334,41,VEGABAJA115,115.0,7.208255048601995,pr100_connection_then_electrical_rollup,equal_capacity_cf_proxy_pending_reeds_kmeans,Puerto Rico,2021,real_2021_usd,525.8208,10.470557,0.0515,23.811739758069702,24.59245271208012,"PR100 2022 ATB moderate fixed-tilt PV, converted to 2021 real USD",,,
upv,111,pr93,4,53.431,0.0,30115.648,30115.648,0.19863304,18.481,-66.306,93,DORADO115,115.0,8.212632283134651,pr100_connection_then_electrical_rollup,equal_capacity_cf_proxy_pending_reeds_kmeans,Puerto Rico,2021,real_2021_usd,525.8208,10.470556,0.051500008,22.99844424565911,23.889785202820093,"PR100 2022 ATB moderate fixed-tilt PV, converted to 2021 real USD",,,
upv,112,pr93,4,9.541,0.0,26212.582,26212.582,0.1991312,18.481,-66.279,93,DORADO115,115.0,7.1482540248298125,pr100_connection_then_electrical_rollup,equal_capacity_cf_proxy_pending_reeds_kmeans,Puerto Rico,2021,real_2021_usd,525.8208,10.470558,0.051500004,25.60708976299398,26.38096976143258,"PR100 2022 ATB moderate fixed-tilt PV, converted to 2021 real USD",,,
upv,156,pr32,3,6.055000000000001,0.0,19777.045,19777.045,0.19142877,18.453,-67.152,32,AGUADILLA115,115.0,5.393262714255764,pr100_connection_then_electrical_rollup,equal_capacity_cf_proxy_pending_reeds_kmeans,Puerto Rico,2021,real_2021_usd,525.82074,10.470556,0.0515,27.90899088239066,28.516366449777315,"PR100 2022 ATB moderate fixed-tilt PV, converted to 2021 real USD",,,
upv,157,pr352,3,46.396,0.0,34357.504,34357.504,0.19535384,18.453,-67.124,352,MORA230,230.0,9.369400008944096,pr100_connection_then_electrical_rollup,equal_capacity_cf_proxy_pending_reeds_kmeans,Puerto Rico,2021,real_2021_usd,525.82074,10.470557,0.051500008,23.70660171852116,24.740559454103785,"PR100 2022 ATB moderate fixed-tilt PV, converted to 2021 real USD",,,
upv,158,pr352,3,53.865,0.0,23993.725,23993.725,0.1941583,18.454,-67.097,352,MORA230,230.0,6.543164407986427,pr100_connection_then_electrical_rollup,equal_capacity_cf_proxy_pending_reeds_kmeans,Puerto Rico,2021,real_2021_usd,525.82074,10.470557,0.051500004,23.51641557864011,24.242930956132938,"PR100 2022 ATB moderate fixed-tilt PV, converted to 2021 real USD",,,
upv,159,pr352,3,35.889,0.0,13923.464,13923.464,0.19340725,18.454,-67.07,352,MORA230,230.0,3.7969725698791916,pr100_connection_then_electrical_rollup,equal_capacity_cf_proxy_pending_reeds_kmeans,Puerto Rico,2021,real_2021_usd,525.82074,10.470557,0.0515,24.59845065774813,25.021681860044264,"PR100 2022 ATB moderate fixed-tilt PV, converted to 2021 real USD",,,
upv,160,pr352,3,69.47500000000001,0.0,5378.491,5378.491,0.19306168,18.454,-67.042,352,MORA230,230.0,1.4667316008310398,pr100_connection_then_electrical_rollup,equal_capacity_cf_proxy_pending_reeds_kmeans,Puerto Rico,2021,real_2021_usd,525.82074,10.470556,0.051500008,23.167007579759737,23.33079009042305,"PR100 2022 ATB moderate fixed-tilt PV, converted to 2021 real USD",,,
upv,161,pr352,3,49.035,0.0,9626.829,9626.829,0.19267298,18.454,-67.015,352,MORA230,230.0,2.625266603143011,pr100_connection_then_electrical_rollup,equal_capacity_cf_proxy_pending_reeds_kmeans,Puerto Rico,2021,real_2021_usd,525.82074,10.470558,0.051500004,23.878451430207583,24.17219311293419,"PR100 2022 ATB moderate fixed-tilt PV, converted to 2021 real USD",,,
upv,162,pr352,3,72.611,0.0,19369.166,19369.166,0.19332108,18.454,-66.988,352,MORA230,230.0,5.282032901867795,pr100_connection_then_electrical_rollup,equal_capacity_cf_proxy_pending_reeds_kmeans,Puerto Rico,2021,real_2021_usd,525.82074,10.470556,0.051500004,23.043930235284623,23.63295671707319,"PR100 2022 ATB moderate fixed-tilt PV, converted to 2021 real USD",,,
upv,163,pr352,3,25.641,0.0,29603.963,29603.963,0.19379997,18.454,-66.961,352,MORA230,230.0,8.073094212491513,pr100_connection_then_electrical_rollup,equal_capacity_cf_proxy_pending_reeds_kmeans,Puerto Rico,2021,real_2021_usd,525.8208,10.470557,0.051500008,25.188024426824352,26.086071866626853,"PR100 2022 ATB moderate fixed-tilt PV, converted to 2021 real USD",,,
upv,164,pr352,3,113.813,0.0,40338.965,40338.965,0.19384117,18.454,-66.933,352,MORA230,230.0,11.000563492030786,pr100_connection_then_electrical_rollup,equal_capacity_cf_proxy_pending_reeds_kmeans,Puerto Rico,2021,real_2021_usd,525.8208,10.470556,0.051500008,22.13887796075006,23.362315692106066,"PR100 2022 ATB moderate fixed-tilt PV, converted to 2021 real USD",,,
upv,165,pr352,3,132.90200000000002,0.0,50735.06,50735.06,0.19494765,18.454,-66.906,352,MORA230,230.0,13.835610396907217,pr100_connection_then_electrical_rollup,equal_capacity_cf_proxy_pending_reeds_kmeans,Puerto Rico,2021,real_2021_usd,525.82074,10.470556,0.051500008,22.01428186505916,23.54428836799333,"PR100 2022 ATB moderate fixed-tilt PV, converted to 2021 real USD",,,
upv,166,pr335,3,103.187,0.0,36551.57,36551.57,0.19463803,18.454,-66.879,335,HATILLO115,115.0,9.967728624914297,pr100_connection_then_electrical_rollup,equal_capacity_cf_proxy_pending_reeds_kmeans,Puerto Rico,2021,real_2021_usd,525.82074,10.470556,0.051500004,22.04872369734644,23.15275519835514,"PR100 2022 ATB moderate fixed-tilt PV, converted to 2021 real USD",,,
upv,167,pr335,3,59.472,0.0,26410.092,26410.092,0.19453761,18.454,-66.852,335,HATILLO115,115.0,7.2021154674838765,pr100_connection_then_electrical_rollup,equal_capacity_cf_proxy_pending_reeds_kmeans,Puerto Rico,2021,real_2021_usd,525.82074,10.470556,0.051500008,23.30507309033627,24.10319542645069,"PR100 2022 ATB moderate fixed-tilt PV, converted to 2021 real USD",,,
upv,168,pr335,3,51.74400000000001,0.0,16321.881,16321.881,0.19532354,18.454,-66.824,335,HATILLO115,115.0,4.451028552305141,pr100_connection_then_electrical_rollup,equal_capacity_cf_proxy_pending_reeds_kmeans,Puerto Rico,2021,real_2021_usd,525.8208,10.470557,0.051500008,23.44635904614907,23.937627331816607,"PR100 2022 ATB moderate fixed-tilt PV, converted to 2021 real USD",,,
upv,169,pr335,3,58.695,0.0,8575.659,8575.659,0.19594766,18.454,-66.797,335,HATILLO115,115.0,2.338609339013656,pr100_connection_then_electrical_rollup,equal_capacity_cf_proxy_pending_reeds_kmeans,Puerto Rico,2021,real_2021_usd,525.82074,10.470556,0.051500008,23.15831735785825,23.415611891795887,"PR100 2022 ATB moderate fixed-tilt PV, converted to 2021 real USD",,,
upv,170,pr335,3,19.845,0.0,9972.954,9972.954,0.1960186,18.454,-66.77,335,HATILLO115,115.0,2.7196560597204558,pr100_connection_then_electrical_rollup,equal_capacity_cf_proxy_pending_reeds_kmeans,Puerto Rico,2021,real_2021_usd,525.82074,10.470558,0.0515,25.253051323038463,25.55216043510685,"PR100 2022 ATB moderate fixed-tilt PV, converted to 2021 real USD",,,
upv,175,pr440,4,67.662,0.0,25008.473,25008.473,0.19652526,18.455,-66.634,440,CAMBGP230,230.0,6.819889467128707,pr100_connection_then_electrical_rollup,equal_capacity_cf_proxy_pending_reeds_kmeans,Puerto Rico,2021,real_2021_usd,525.82074,10.470556,0.051500008,22.81879814290652,23.56691929207797,"PR100 2022 ATB moderate fixed-tilt PV, converted to 2021 real USD",,,
upv,176,pr167,4,66.395,0.0,13590.708,13590.708,0.19659065,18.455,-66.606,167,UPJOHN115,115.0,3.706229079217999,pr100_connection_then_electrical_rollup,equal_capacity_cf_proxy_pending_reeds_kmeans,Puerto Rico,2021,real_2021_usd,525.82074,10.470556,0.051500004,22.849492529469227,23.25591932874837,"PR100 2022 ATB moderate fixed-tilt PV, converted to 2021 real USD",,,
upv,177,pr343,4,26.593,0.0,9291.374,9291.374,0.19670135,18.455,-66.579,343,ABBOTT115,115.0,2.53378699190893,pr100_connection_then_electrical_rollup,equal_capacity_cf_proxy_pending_reeds_kmeans,Puerto Rico,2021,real_2021_usd,525.8208,10.470556,0.051500008,24.756712735819622,25.034412640260705,"PR100 2022 ATB moderate fixed-tilt PV, converted to 2021 real USD",,,
upv,178,pr343,4,8.568000000000001,0.0,10666.342,10666.342,0.19659238,18.455,-66.552,343,ABBOTT115,115.0,2.9087451878031194,pr100_connection_then_electrical_rollup,equal_capacity_cf_proxy_pending_reeds_kmeans,Puerto Rico,2021,real_2021_usd,525.82074,10.470557,0.051499996,26.29219572723915,26.611167262219777,"PR100 2022 ATB moderate fixed-tilt PV, converted to 2021 real USD",,,
upv,179,pr196,4,11.214,0.0,27813.623,27813.623,0.19656235,18.455,-66.524,196,MANATI230,230.0,7.58486305889794,pr100_connection_then_electrical_rollup,equal_capacity_cf_proxy_pending_reeds_kmeans,Puerto Rico,2021,real_2021_usd,525.8208,10.470557,0.051500004,25.71044965596917,26.542329035090997,"PR100 2022 ATB moderate fixed-tilt PV, converted to 2021 real USD",,,
upv,180,pr196,4,23.219,0.0,18220.352,18220.352,0.19755346,18.455,-66.497,196,MANATI230,230.0,4.9687476440562435,pr100_connection_then_electrical_rollup,equal_capacity_cf_proxy_pending_reeds_kmeans,Puerto Rico,2021,real_2021_usd,525.8208,10.470557,0.051500004,24.85383537399667,25.396054989536136,"PR100 2022 ATB moderate fixed-tilt PV, converted to 2021 real USD",,,
upv,181,pr196,4,28.693,0.0,10447.341,10447.341,0.19760661,18.455,-66.47,196,MANATI230,230.0,2.8490229211200586,pr100_connection_then_electrical_rollup,equal_capacity_cf_proxy_pending_reeds_kmeans,Puerto Rico,2021,real_2021_usd,525.8207,10.470557,0.051500008,24.51704850404223,24.82786738736011,"PR100 2022 ATB moderate fixed-tilt PV, converted to 2021 real USD",,,
upv,183,pr196,4,7.007000000000001,0.0,18220.324,18220.324,0.19702654,18.455,-66.415,196,MANATI230,230.0,4.968739930924775,pr100_connection_then_electrical_rollup,equal_capacity_cf_proxy_pending_reeds_kmeans,Puerto Rico,2021,real_2021_usd,525.8208,10.470557,0.051500008,26.78975706160653,27.333425954526074,"PR100 2022 ATB moderate fixed-tilt PV, converted to 2021 real USD",,,
upv,186,pr41,4,15.96,0.0,22566.584,22566.584,0.19707206,18.455,-66.334,41,VEGABAJA115,115.0,6.1539788459243185,pr100_connection_then_electrical_rollup,equal_capacity_cf_proxy_pending_reeds_kmeans,Puerto Rico,2021,real_2021_usd,525.82074,10.470557,0.0515,25.35776688581865,26.030966549045072,"PR100 2022 ATB moderate fixed-tilt PV, converted to 2021 real USD",,,
upv,187,pr93,5,44.702000000000005,0.0,21827.855,21827.855,0.20004319,18.455,-66.306,93,DORADO115,115.0,5.952524967715201,pr100_connection_then_electrical_rollup,equal_capacity_cf_proxy_pending_reeds_kmeans,Puerto Rico,2021,real_2021_usd,525.8208,10.470558,0.051500004,23.256674490600457,23.898165253754843,"PR100 2022 ATB moderate fixed-tilt PV, converted to 2021 real USD",,,
upv,188,pr93,5,8.022,0.0,16017.805,16017.805,0.2000432,18.455,-66.279,93,DORADO115,115.0,4.368105872459858,pr100_connection_then_electrical_rollup,equal_capacity_cf_proxy_pending_reeds_kmeans,Puerto Rico,2021,real_2021_usd,525.82074,10.470557,0.051499996,26.02473978052348,26.49548109763205,"PR100 2022 ATB moderate fixed-tilt PV, converted to 2021 real USD",,,
upv,200,pr120,4,7.875,0.0,26451.639,26451.639,0.19970816,18.454,-65.952,120,SLLANA230,230.0,7.213445633175501,pr100_connection_then_electrical_rollup,equal_capacity_cf_proxy_pending_reeds_kmeans,Puerto Rico,2021,real_2021_usd,525.8208,10.470557,0.0515,26.12004622673989,26.898727798189213,"PR100 2022 ATB moderate fixed-tilt PV, converted to 2021 real USD",,,
upv,232,pr32,3,5.054,0.0,9279.33,9279.33,0.1933466,18.427,-67.151,32,AGUADILLA115,115.0,2.5305026699275577,pr100_connection_then_electrical_rollup,equal_capacity_cf_proxy_pending_reeds_kmeans,Puerto Rico,2021,real_2021_usd,525.82074,10.470557,0.051500004,27.99443953356002,28.27659158095287,"PR100 2022 ATB moderate fixed-tilt PV, converted to 2021 real USD",,,
upv,233,pr32,3,65.541,0.0,14805.775,14805.775,0.19425148,18.427,-67.124,32,AGUADILLA115,115.0,4.0375816658145265,pr100_connection_then_electrical_rollup,equal_capacity_cf_proxy_pending_reeds_kmeans,Puerto Rico,2021,real_2021_usd,525.82074,10.470556,0.051500004,23.1417860793329,23.589880921962276,"PR100 2022 ATB moderate fixed-tilt PV, converted to 2021 real USD",,,
upv,234,pr352,3,6.37,0.0,28123.143,28123.143,0.1941583,18.428,-67.097,352,MORA230,230.0,7.669269643793548,pr100_connection_then_electrical_rollup,equal_capacity_cf_proxy_pending_reeds_kmeans,Puerto Rico,2021,real_2021_usd,525.82074,10.470557,0.051500008,27.41142323630596,28.262974890605943,"PR100 2022 ATB moderate fixed-tilt PV, converted to 2021 real USD",,,
upv,237,pr352,3,7.903,0.0,17544.668,17544.668,0.19267297,18.428,-67.015,352,MORA230,230.0,4.78448617424914,pr100_connection_then_electrical_rollup,equal_capacity_cf_proxy_pending_reeds_kmeans,Puerto Rico,2021,real_2021_usd,525.82074,10.470558,0.051499993,27.06468794057431,27.60002522503013,"PR100 2022 ATB moderate fixed-tilt PV, converted to 2021 real USD",,,
upv,240,pr352,3,20.734,0.0,42925.516,42925.516,0.1925078,18.428,-66.933,352,MORA230,230.0,11.705923379011509,pr100_connection_then_electrical_rollup,equal_capacity_cf_proxy_pending_reeds_kmeans,Puerto Rico,2021,real_2021_usd,525.82074,10.470557,0.0515,25.666218132936503,26.977120398944905,"PR100 2022 ATB moderate fixed-tilt PV, converted to 2021 real USD",,,
upv,241,pr352,3,49.084,0.0,52816.234,52816.234,0.19294849,18.428,-66.906,352,MORA230,230.0,14.403153639851789,pr100_connection_then_electrical_rollup,equal_capacity_cf_proxy_pending_reeds_kmeans,Puerto Rico,2021,real_2021_usd,525.82074,10.470557,0.051500008,23.852947100864107,25.462218092595155,"PR100 2022 ATB moderate fixed-tilt PV, converted to 2021 real USD",,,
upv,242,pr335,3,38.626000000000005,0.0,35879.87,35879.87,0.19298108,18.428,-66.879,335,HATILLO115,115.0,9.784554416106268,pr100_connection_then_electrical_rollup,equal_capacity_cf_proxy_pending_reeds_kmeans,Puerto Rico,2021,real_2021_usd,525.82074,10.470558,0.0515,24.49750357402308,25.59055164663605,"PR100 2022 ATB moderate fixed-tilt PV, converted to 2021 real USD",,,
upv,243,pr335,2,21.861,0.0,25470.488,25470.488,0.19062635,18.428,-66.852,335,HATILLO115,115.0,6.945882458718743,pr100_connection_then_electrical_rollup,equal_capacity_cf_proxy_pending_reeds_kmeans,Puerto Rico,2021,real_2021_usd,525.82074,10.470557,0.051500008,25.856609692003182,26.642130053093247,"PR100 2022 ATB moderate fixed-tilt PV, converted to 2021 real USD",,,
upv,244,pr335,3,13.286,0.0,14751.011,14751.011,0.19136123,18.428,-66.824,335,HATILLO115,115.0,4.02264730597122,pr100_connection_then_electrical_rollup,equal_capacity_cf_proxy_pending_reeds_kmeans,Puerto Rico,2021,real_2021_usd,525.82074,10.470557,0.051500004,26.29253273698788,26.74571296535443,"PR100 2022 ATB moderate fixed-tilt PV, converted to 2021 real USD",,,
upv,245,pr335,2,34.755,0.0,4970.074,4970.074,0.19024424,18.428,-66.797,335,HATILLO115,115.0,1.35535493146714,pr100_connection_then_electrical_rollup,equal_capacity_cf_proxy_pending_reeds_kmeans,Puerto Rico,2021,real_2021_usd,525.82074,10.470558,0.051499996,25.097010589234863,25.25059759393306,"PR100 2022 ATB moderate fixed-tilt PV, converted to 2021 real USD",,,
upv,246,pr335,3,45.717,0.0,7115.003,7115.003,0.19234161,18.428,-66.77,335,HATILLO115,115.0,1.940283739174565,pr100_connection_then_electrical_rollup,equal_capacity_cf_proxy_pending_reeds_kmeans,Puerto Rico,2021,real_2021_usd,525.8208,10.470557,0.051500004,24.14221261500303,24.35968541383178,"PR100 2022 ATB moderate fixed-tilt PV, converted to 2021 real USD",,,
upv,247,pr440,2,17.465,0.0,24435.338,24435.338,0.18657087,18.428,-66.743,440,CAMBGP230,230.0,6.663593622611571,pr100_connection_then_electrical_rollup,equal_capacity_cf_proxy_pending_reeds_kmeans,Puerto Rico,2021,real_2021_usd,525.82074,10.470557,0.051499996,26.68658465099964,27.456561455112595,"PR100 2022 ATB moderate fixed-tilt PV, converted to 2021 real USD",,,
upv,250,pr440,3,36.708,0.0,21385.096,21385.096,0.19359472,18.429,-66.661,440,CAMBGP230,230.0,5.8317832944941355,pr100_connection_then_electrical_rollup,equal_capacity_cf_proxy_pending_reeds_kmeans,Puerto Rico,2021,real_2021_usd,525.8208,10.470557,0.0515,24.53965739755538,25.18907013165516,"PR100 2022 ATB moderate fixed-tilt PV, converted to 2021 real USD",,,
upv,251,pr440,2,105.861,0.0,29602.525,29602.525,0.19045983,18.429,-66.633,440,CAMBGP230,230.0,8.07270211900878,pr100_connection_then_electrical_rollup,equal_capacity_cf_proxy_pending_reeds_kmeans,Puerto Rico,2021,real_2021_usd,525.82074,10.470556,0.051500008,22.53908353072327,23.45283583412091,"PR100 2022 ATB moderate fixed-tilt PV, converted to 2021 real USD",,,
upv,252,pr167,3,30.128,0.0,6208.9946,6208.9946,0.19198473,18.429,-66.606,167,UPJOHN115,115.0,1.6932123955647946,pr100_connection_then_electrical_rollup,equal_capacity_cf_proxy_pending_reeds_kmeans,Puerto Rico,2021,real_2021_usd,525.82074,10.470558,0.0515,25.157286270427623,25.347419360766157,"PR100 2022 ATB moderate fixed-tilt PV, converted to 2021 real USD",,,
upv,257,pr196,2,33.201,0.0,5661.386,5661.386,0.18885249,18.429,-66.47,196,MANATI230,230.0,1.5438779435823948,pr100_connection_then_electrical_rollup,equal_capacity_cf_proxy_pending_reeds_kmeans,Puerto Rico,2021,real_2021_usd,525.82074,10.470557,0.0515,25.37313894126598,25.549378423182556,"PR100 2022 ATB moderate fixed-tilt PV, converted to 2021 real USD",,,
upv,259,pr196,2,44.961,0.0,15966.164,15966.164,0.18913068,18.429,-66.415,196,MANATI230,230.0,4.354023458667606,pr100_connection_then_electrical_rollup,equal_capacity_cf_proxy_pending_reeds_kmeans,Puerto Rico,2021,real_2021_usd,525.82074,10.470557,0.051500008,24.59018503233756,25.08648211795127,"PR100 2022 ATB moderate fixed-tilt PV, converted to 2021 real USD",,,
upv,260,pr41,2,50.246,0.0,6981.34,6981.34,0.18947731,18.429,-66.388,41,VEGABAJA115,115.0,1.9038334976499425,pr100_connection_then_electrical_rollup,equal_capacity_cf_proxy_pending_reeds_kmeans,Puerto Rico,2021,real_2021_usd,525.8208,10.470556,0.051500008,24.2183587134664,24.43497180031781,"PR100 2022 ATB moderate fixed-tilt PV, converted to 2021 real USD",,,
upv,262,pr41,3,86.751,0.0,23292.748,23292.748,0.19518115,18.429,-66.334,41,VEGABAJA115,115.0,6.352005962861518,pr100_connection_then_electrical_rollup,equal_capacity_cf_proxy_pending_reeds_kmeans,Puerto Rico,2021,real_2021_usd,525.82074,10.470556,0.051500004,22.398878562642874,23.10047275331505,"PR100 2022 ATB moderate fixed-tilt PV, converted to 2021 real USD",,,
upv,263,pr93,3,123.508,0.0,16391.842,16391.842,0.1952187,18.429,-66.306,93,DORADO115,115.0,4.470107037999233,pr100_connection_then_electrical_rollup,equal_capacity_cf_proxy_pending_reeds_kmeans,Puerto Rico,2021,real_2021_usd,525.82074,10.470556,0.051500008,21.98734754046009,22.48098654705941,"PR100 2022 ATB moderate fixed-tilt PV, converted to 2021 real USD",,,
upv,264,pr93,3,30.338,0.0,6983.8906,6983.8906,0.19255985,18.429,-66.279,93,DORADO115,115.0,1.9045290258927579,pr100_connection_then_electrical_rollup,equal_capacity_cf_proxy_pending_reeds_kmeans,Puerto Rico,2021,real_2021_usd,525.8208,10.470558,0.051499996,25.06323399071142,25.27645737303037,"PR100 2022 ATB moderate fixed-tilt PV, converted to 2021 real USD",,,
upv,275,pr120,3,8.176,0.0,13416.494,13416.494,0.19575962,18.428,-65.979,120,SLLANA230,230.0,3.6587203589869763,pr100_connection_then_electrical_rollup,equal_capacity_cf_proxy_pending_reeds_kmeans,Puerto Rico,2021,real_2021_usd,525.82074,10.470557,0.051499996,26.56954016050944,26.97246038206688,"PR100 2022 ATB moderate fixed-tilt PV, converted to 2021 real USD",,,
upv,278,pr120,5,7.021,0.0,35193.617,35193.617,0.20122813,18.428,-65.897,120,SLLANA230,230.0,9.597410990258037,pr100_connection_then_electrical_rollup,equal_capacity_cf_proxy_pending_reeds_kmeans,Puerto Rico,2021,real_2021_usd,525.8208,10.470557,0.051500004,26.22030502038139,27.248506783110965,"PR100 2022 ATB moderate fixed-tilt PV, converted to 2021 real USD",,,
upv,279,pr82,5,5.215,0.0,26423.25,26423.25,0.20265327,18.428,-65.87,82,CANOVANAS115,115.0,7.20570380318507,pr100_connection_then_electrical_rollup,equal_capacity_cf_proxy_pending_reeds_kmeans,Puerto Rico,2021,real_2021_usd,525.82074,10.470557,0.0515,26.666828528490264,27.433370142934155,"PR100 2022 ATB moderate fixed-tilt PV, converted to 2021 real USD",,,
upv,312,pr352,2,21.021,0.0,26113.549,26113.549,0.18768865,18.402,-67.042,352,MORA230,230.0,7.121247053184315,pr100_connection_then_electrical_rollup,equal_capacity_cf_proxy_pending_reeds_kmeans,Puerto Rico,2021,real_2021_usd,525.82074,10.470558,0.051500004,26.29056422619307,27.10852224273437,"PR100 2022 ATB moderate fixed-tilt PV, converted to 2021 real USD",,,
upv,313,pr352,2,6.027000000000001,0.0,27307.205,27307.205,0.18692945,18.402,-67.015,352,MORA230,230.0,7.446760975429774,pr100_connection_then_electrical_rollup,equal_capacity_cf_proxy_pending_reeds_kmeans,Puerto Rico,2021,real_2021_usd,525.8208,10.470558,0.051500004,28.59864552766276,29.45746650032762,"PR100 2022 ATB moderate fixed-tilt PV, converted to 2021 real USD",,,
upv,322,pr335,2,14.595,0.0,14983.919,14983.919,0.1869451,18.402,-66.77,335,HATILLO115,115.0,4.086162053412547,pr100_connection_then_electrical_rollup,equal_capacity_cf_proxy_pending_reeds_kmeans,Puerto Rico,2021,real_2021_usd,525.82074,10.470556,0.051500004,26.81691536162038,27.28812530358738,"PR100 2022 ATB moderate fixed-tilt PV, converted to 2021 real USD",,,
upv,323,pr440,2,22.484,0.0,32349.863,32349.863,0.18657088,18.402,-66.742,440,CAMBGP230,230.0,8.821909706408762,pr100_connection_then_electrical_rollup,equal_capacity_cf_proxy_pending_reeds_kmeans,Puerto Rico,2021,real_2021_usd,525.8208,10.470557,0.051500004,26.365026521496084,27.38439619398732,"PR100 2022 ATB moderate fixed-tilt PV, converted to 2021 real USD",,,
upv,326,pr1110,2,23.597,0.0,27262.965,27262.965,0.18834226,18.403,-66.661,1110,DBOCASFASE1,230.0,7.434696829707401,pr100_connection_then_electrical_rollup,equal_capacity_cf_proxy_pending_reeds_kmeans,Puerto Rico,2021,real_2021_usd,525.82074,10.470558,0.0515,26.04724291302169,26.898240717981945,"PR100 2022 ATB moderate fixed-tilt PV, converted to 2021 real USD",,,
upv,327,pr1110,2,22.68,0.0,30051.037,30051.037,0.18841426,18.403,-66.633,1110,DBOCASFASE1,230.0,8.195012637886453,pr100_connection_then_electrical_rollup,equal_capacity_cf_proxy_pending_reeds_kmeans,Puerto Rico,2021,real_2021_usd,525.82074,10.470558,0.051500004,26.095864369040328,27.033531776629463,"PR100 2022 ATB moderate fixed-tilt PV, converted to 2021 real USD",,,
upv,328,pr167,2,24.948,0.0,10729.76,10729.76,0.18829565,18.403,-66.606,167,UPJOHN115,115.0,2.9260394826696303,pr100_connection_then_electrical_rollup,equal_capacity_cf_proxy_pending_reeds_kmeans,Puerto Rico,2021,real_2021_usd,525.82074,10.470556,0.051500008,25.968716912588185,26.30372311282961,"PR100 2022 ATB moderate fixed-tilt PV, converted to 2021 real USD",,,
upv,329,pr167,2,5.698,0.0,9965.312,9965.312,0.18839327,18.403,-66.579,167,UPJOHN115,115.0,2.7175720473351133,pr100_connection_then_electrical_rollup,equal_capacity_cf_proxy_pending_reeds_kmeans,Puerto Rico,2021,real_2021_usd,525.8208,10.470558,0.051500008,28.50852771349712,28.819504974312743,"PR100 2022 ATB moderate fixed-tilt PV, converted to 2021 real USD",,,
upv,330,pr102,2,9.429,0.0,12588.119,12588.119,0.18837573,18.403,-66.552,102,BARCLONET115,115.0,3.432819756595877,pr100_connection_then_electrical_rollup,equal_capacity_cf_proxy_pending_reeds_kmeans,Puerto Rico,2021,real_2021_usd,525.82074,10.470558,0.0515,27.118763416761546,27.511624515321085,"PR100 2022 ATB moderate fixed-tilt PV, converted to 2021 real USD",,,
upv,333,pr196,2,5.348000000000001,0.0,13329.937,13329.937,0.18885252,18.403,-66.47,196,MANATI230,230.0,3.635115707968134,pr100_connection_then_electrical_rollup,equal_capacity_cf_proxy_pending_reeds_kmeans,Puerto Rico,2021,real_2021_usd,525.82074,10.470557,0.0515,28.573957779987865,28.988919885330123,"PR100 2022 ATB moderate fixed-tilt PV, converted to 2021 real USD",,,
upv,335,pr196,2,5.635,0.0,20014.691,20014.691,0.18907271,18.403,-66.415,196,MANATI230,230.0,5.458069484536062,pr100_connection_then_electrical_rollup,equal_capacity_cf_proxy_pending_reeds_kmeans,Puerto Rico,2021,real_2021_usd,525.82074,10.470557,0.051500004,28.431479064328744,29.053812544408355,"PR100 2022 ATB moderate fixed-tilt PV, converted to 2021 real USD",,,
upv,338,pr93,2,10.374,0.0,27256.807,27256.807,0.18971907,18.403,-66.334,93,DORADO115,115.0,7.43301724954455,pr100_connection_then_electrical_rollup,equal_capacity_cf_proxy_pending_reeds_kmeans,Puerto Rico,2021,real_2021_usd,525.82074,10.470557,0.0515,26.69035677024729,27.534987975726622,"PR100 2022 ATB moderate fixed-tilt PV, converted to 2021 real USD",,,
upv,339,pr93,3,22.554,0.0,16842.238,16842.238,0.19132705,18.403,-66.306,93,DORADO115,115.0,4.592931358743682,pr100_connection_then_electrical_rollup,equal_capacity_cf_proxy_pending_reeds_kmeans,Puerto Rico,2021,real_2021_usd,525.82074,10.470557,0.051500004,25.703054793844675,26.220574082564376,"PR100 2022 ATB moderate fixed-tilt PV, converted to 2021 real USD",,,
upv,340,pr93,3,37.03,0.0,7981.886,7981.886,0.19144613,18.403,-66.279,93,DORADO115,115.0,2.1766856511650676,pr100_connection_then_electrical_rollup,equal_capacity_cf_proxy_pending_reeds_kmeans,Puerto Rico,2021,real_2021_usd,525.8208,10.470557,0.0515,24.782328004150266,25.02743858669966,"PR100 2022 ATB moderate fixed-tilt PV, converted to 2021 real USD",,,
upv,341,pr93,2,9.422,0.0,7913.6895,7913.6895,0.19056092,18.403,-66.252,93,DORADO115,115.0,2.1580881383523574,pr100_connection_then_electrical_rollup,equal_capacity_cf_proxy_pending_reeds_kmeans,Puerto Rico,2021,real_2021_usd,525.82074,10.470558,0.0515,26.807331052204724,27.051476297425506,"PR100 2022 ATB moderate fixed-tilt PV, converted to 2021 real USD",,,
upv,358,pr211,5,19.866,0.0,16960.674,16960.674,0.20093954,18.402,-65.789,211,PALMER115,115.0,4.6252295266012,pr100_connection_then_electrical_rollup,equal_capacity_cf_proxy_pending_reeds_kmeans,Puerto Rico,2021,real_2021_usd,525.82074,10.470557,0.0515,24.629168995054112,25.125396503756185,"PR100 2022 ATB moderate fixed-tilt PV, converted to 2021 real USD",,,
upv,359,pr211,4,10.36,0.0,15913.599,15913.599,0.19930927,18.402,-65.761,211,PALMER115,115.0,4.339688681388008,pr100_connection_then_electrical_rollup,equal_capacity_cf_proxy_pending_reeds_kmeans,Puerto Rico,2021,real_2021_usd,525.82074,10.470557,0.0515,25.40670581357545,25.87610684286257,"PR100 2022 ATB moderate fixed-tilt PV, converted to 2021 real USD",,,
upv,380,pr32,3,8.127,0.0,42791.28,42791.28,0.19298765,18.375,-67.26,32,AGUADILLA115,115.0,11.669317965757866,pr100_connection_then_electrical_rollup,equal_capacity_cf_proxy_pending_reeds_kmeans,Puerto Rico,2021,real_2021_usd,525.82074,10.470557,0.051499996,26.92532595823705,28.22887955963555,"PR100 2022 ATB moderate fixed-tilt PV, converted to 2021 real USD",,,
upv,382,pr32,2,5.166,0.0,23425.295,23425.295,0.18961339,18.375,-67.206,32,AGUADILLA115,115.0,6.388151819331743,pr100_connection_then_electrical_rollup,equal_capacity_cf_proxy_pending_reeds_kmeans,Puerto Rico,2021,real_2021_usd,525.82074,10.470557,0.0515,28.50370742967513,29.23001269922092,"PR100 2022 ATB moderate fixed-tilt PV, converted to 2021 real USD",,,
upv,383,pr32,2,26.593,0.0,15118.352,15118.352,0.18650602,18.375,-67.178,32,AGUADILLA115,115.0,4.122822112985851,pr100_connection_then_electrical_rollup,equal_capacity_cf_proxy_pending_reeds_kmeans,Puerto Rico,2021,real_2021_usd,525.8208,10.470556,0.051500008,26.097472699034657,26.574029532712903,"PR100 2022 ATB moderate fixed-tilt PV, converted to 2021 real USD",,,
upv,384,pr32,1,16.583,0.0,11949.522,11949.522,0.18611585,18.375,-67.151,32,AGUADILLA115,115.0,3.2586724513014125,pr100_connection_then_electrical_rollup,equal_capacity_cf_proxy_pending_reeds_kmeans,Puerto Rico,2021,real_2021_usd,525.8207,10.470557,0.051499996,26.7944245944457,27.17188404319446,"PR100 2022 ATB moderate fixed-tilt PV, converted to 2021 real USD",,,
upv,385,pr32,1,9.408,0.0,16611.293,16611.293,0.18548484,18.375,-67.124,32,AGUADILLA115,115.0,4.529951809590672,pr100_connection_then_electrical_rollup,equal_capacity_cf_proxy_pending_reeds_kmeans,Puerto Rico,2021,real_2021_usd,525.8208,10.470558,0.051500004,27.533292524130456,28.05979222713343,"PR100 2022 ATB moderate fixed-tilt PV, converted to 2021 real USD",,,
upv,386,pr32,1,21.532000000000004,0.0,24869.697,24869.697,0.18495034,18.376,-67.097,32,AGUADILLA115,115.0,6.7820449120843955,pr100_connection_then_electrical_rollup,equal_capacity_cf_proxy_pending_reeds_kmeans,Puerto Rico,2021,real_2021_usd,525.8208,10.470557,0.0515,26.6423206885604,27.43285094059423,"PR100 2022 ATB moderate fixed-tilt PV, converted to 2021 real USD",,,
upv,387,pr352,1,19.544,0.0,38698.395,38698.395,0.18527451,18.376,-67.069,352,MORA230,230.0,10.553174567808261,pr100_connection_then_electrical_rollup,equal_capacity_cf_proxy_pending_reeds_kmeans,Puerto Rico,2021,real_2021_usd,525.82074,10.470557,0.051500004,26.724471309587244,27.95242048054395,"PR100 2022 ATB moderate fixed-tilt PV, converted to 2021 real USD",,,
upv,388,pr352,1,32.739,0.0,36640.17,36640.17,0.18554683,18.376,-67.042,352,MORA230,230.0,9.991890643452233,pr100_connection_then_electrical_rollup,equal_capacity_cf_proxy_pending_reeds_kmeans,Puerto Rico,2021,real_2021_usd,525.82074,10.470557,0.051499996,25.83624171025417,26.997174535069764,"PR100 2022 ATB moderate fixed-tilt PV, converted to 2021 real USD",,,
upv,389,pr35,1,18.305,0.0,17548.207,17548.207,0.18622816,18.376,-67.015,35,SSEBASTIA115,115.0,4.7854517178299485,pr100_connection_then_electrical_rollup,equal_capacity_cf_proxy_pending_reeds_kmeans,Puerto Rico,2021,real_2021_usd,525.82074,10.470557,0.051500008,26.66877376429563,27.2227492181359,"PR100 2022 ATB moderate fixed-tilt PV, converted to 2021 real USD",,,
upv,390,pr35,2,39.494,0.0,14267.89,14267.89,0.18696274,18.376,-66.988,35,SSEBASTIA115,115.0,3.890898686285989,pr100_connection_then_electrical_rollup,equal_capacity_cf_proxy_pending_reeds_kmeans,Puerto Rico,2021,real_2021_usd,525.82074,10.470557,0.051499996,25.210224983590177,25.65887512156045,"PR100 2022 ATB moderate fixed-tilt PV, converted to 2021 real USD",,,
upv,391,pr35,2,11.683000000000002,0.0,18073.527,18073.527,0.18699281,18.376,-66.96,35,SSEBASTIA115,115.0,4.9287077528350185,pr100_connection_then_electrical_rollup,equal_capacity_cf_proxy_pending_reeds_kmeans,Puerto Rico,2021,real_2021_usd,525.8208,10.470558,0.051500004,26.98751183162694,27.55573789046652,"PR100 2022 ATB moderate fixed-tilt PV, converted to 2021 real USD",,,
upv,395,pr335,1,32.27,0.0,34640.79,34640.79,0.18629178,18.376,-66.851,335,HATILLO115,115.0,9.446652277412538,pr100_connection_then_electrical_rollup,equal_capacity_cf_proxy_pending_reeds_kmeans,Puerto Rico,2021,real_2021_usd,525.82074,10.470557,0.051499996,25.77371265587269,26.86690655692064,"PR100 2022 ATB moderate fixed-tilt PV, converted to 2021 real USD",,,
upv,396,pr335,1,34.678,0.0,28074.168,28074.168,0.18490867,18.376,-66.824,335,HATILLO115,115.0,7.655914460722123,pr100_connection_then_electrical_rollup,equal_capacity_cf_proxy_pending_reeds_kmeans,Puerto Rico,2021,real_2021_usd,525.8207,10.470557,0.0515,25.81043246214146,26.70302398423807,"PR100 2022 ATB moderate fixed-tilt PV, converted to 2021 real USD",,,
upv,398,pr335,1,8.190000000000001,0.0,24922.695,24922.695,0.18361947,18.376,-66.77,335,HATILLO115,115.0,6.796497839602605,pr100_connection_then_electrical_rollup,equal_capacity_cf_proxy_pending_reeds_kmeans,Puerto Rico,2021,real_2021_usd,525.82074,10.470558,0.051499996,28.29335179205356,29.091308625417295,"PR100 2022 ATB moderate fixed-tilt PV, converted to 2021 real USD",,,
upv,404,pr1110,1,10.36,0.0,28594.906,28594.906,0.18385917,18.377,-66.606,1110,DBOCASFASE1,230.0,7.797921222980648,pr100_connection_then_electrical_rollup,equal_capacity_cf_proxy_pending_reeds_kmeans,Puerto Rico,2021,real_2021_usd,525.82074,10.470557,0.0515,27.543699203550982,28.45803666057809,"PR100 2022 ATB moderate fixed-tilt PV, converted to 2021 real USD",,,
upv,409,pr196,1,22.281,0.0,23367.754,23367.754,0.18639883,18.377,-66.47,196,MANATI230,230.0,6.372460111411725,pr100_connection_then_electrical_rollup,equal_capacity_cf_proxy_pending_reeds_kmeans,Puerto Rico,2021,real_2021_usd,525.82074,10.470558,0.0515,26.40784774715539,27.144863741677295,"PR100 2022 ATB moderate fixed-tilt PV, converted to 2021 real USD",,,
upv,410,pr196,2,20.594,0.0,23280.871,23280.871,0.18703537,18.377,-66.443,196,MANATI230,230.0,6.348767173346515,pr100_connection_then_electrical_rollup,equal_capacity_cf_proxy_pending_reeds_kmeans,Puerto Rico,2021,real_2021_usd,525.82074,10.470557,0.0515,26.42353115929428,27.15530789675401,"PR100 2022 ATB moderate fixed-tilt PV, converted to 2021 real USD",,,
upv,412,pr196,1,26.103,0.0,34796.54,34796.54,0.18632014,18.377,-66.388,196,MANATI230,230.0,9.489125874975153,pr100_connection_then_electrical_rollup,equal_capacity_cf_proxy_pending_reeds_kmeans,Puerto Rico,2021,real_2021_usd,525.8208,10.470557,0.051500008,26.17236348346377,27.27030539392938,"PR100 2022 ATB moderate fixed-tilt PV, converted to 2021 real USD",,,
upv,413,pr83,1,13.916,0.0,19439.795,19439.795,0.18632013,18.377,-66.361,83,COROZAL115,115.0,5.301293423942389,pr100_connection_then_electrical_rollup,equal_capacity_cf_proxy_pending_reeds_kmeans,Puerto Rico,2021,real_2021_usd,525.82074,10.470555,0.051500008,26.954328516131827,27.56771614522227,"PR100 2022 ATB moderate fixed-tilt PV, converted to 2021 real USD",,,
upv,415,pr400,1,23.079,0.0,15671.25,15671.25,0.18520473,18.377,-66.306,400,MONTEREY,115.0,4.273599381986918,pr100_connection_then_electrical_rollup,equal_capacity_cf_proxy_pending_reeds_kmeans,Puerto Rico,2021,real_2021_usd,525.82074,10.470558,0.051500004,26.52182893711999,27.01928496699609,"PR100 2022 ATB moderate fixed-tilt PV, converted to 2021 real USD",,,
upv,416,pr93,1,26.313,0.0,17360.145,17360.145,0.18471265,18.377,-66.279,93,DORADO115,115.0,4.734166313153316,pr100_connection_then_electrical_rollup,equal_capacity_cf_proxy_pending_reeds_kmeans,Puerto Rico,2021,real_2021_usd,525.82074,10.470557,0.051500008,26.38388154300202,26.936416565672623,"PR100 2022 ATB moderate fixed-tilt PV, converted to 2021 real USD",,,
upv,417,pr310,1,15.043,0.0,14704.149,14704.149,0.18316077,18.377,-66.252,310,BOPINAS115,115.0,4.009868102766028,pr100_connection_then_electrical_rollup,equal_capacity_cf_proxy_pending_reeds_kmeans,Puerto Rico,2021,real_2021_usd,525.8208,10.470557,0.0515,27.342472452389305,27.81443828133436,"PR100 2022 ATB moderate fixed-tilt PV, converted to 2021 real USD",,,
upv,418,pr310,1,17.815,0.0,12439.145,12439.145,0.18287946,18.377,-66.225,310,BOPINAS115,115.0,3.3921941315898243,pr100_connection_then_electrical_rollup,equal_capacity_cf_proxy_pending_reeds_kmeans,Puerto Rico,2021,real_2021_usd,525.82074,10.470557,0.051499996,27.19940317520892,27.59928228998204,"PR100 2022 ATB moderate fixed-tilt PV, converted to 2021 real USD",,,
upv,419,pr99,1,9.884000000000002,0.0,23464.977,23464.977,0.18287948,18.377,-66.197,99,BAYAMON230,230.0,6.398973213664465,pr100_connection_then_electrical_rollup,equal_capacity_cf_proxy_pending_reeds_kmeans,Puerto Rico,2021,real_2021_usd,525.82074,10.470558,0.0515,27.75473219160428,28.50905678624446,"PR100 2022 ATB moderate fixed-tilt PV, converted to 2021 real USD",,,
upv,429,pr956,3,7.749,0.0,22185.35,22185.35,0.19235538,18.376,-65.925,956,CACAO230,230.0,6.050015023053919,pr100_connection_then_electrical_rollup,equal_capacity_cf_proxy_pending_reeds_kmeans,Puerto Rico,2021,real_2021_usd,525.8208,10.470558,0.0515,27.1731034137224,27.851158647592037,"PR100 2022 ATB moderate fixed-tilt PV, converted to 2021 real USD",,,
upv,430,pr82,3,24.374,0.0,4477.2373,4477.2373,0.19235536,18.376,-65.898,82,CANOVANAS115,115.0,1.220956753908375,pr100_connection_then_electrical_rollup,equal_capacity_cf_proxy_pending_reeds_kmeans,Puerto Rico,2021,real_2021_usd,525.82074,10.470557,0.051500004,25.457050802501183,25.593889508105644,"PR100 2022 ATB moderate fixed-tilt PV, converted to 2021 real USD",,,
upv,431,pr82,3,75.019,0.0,15312.93,15312.93,0.19399005,18.376,-65.87,82,CANOVANAS115,115.0,4.175884424903306,pr100_connection_then_electrical_rollup,equal_capacity_cf_proxy_pending_reeds_kmeans,Puerto Rico,2021,real_2021_usd,525.82074,10.470556,0.051500004,22.89450773596861,23.358576108426124,"PR100 2022 ATB moderate fixed-tilt PV, converted to 2021 real USD",,,
upv,432,pr956,3,39.641000000000005,0.0,42978.594,42978.594,0.19505635,18.376,-65.843,956,CACAO230,230.0,11.720398558613685,pr100_connection_then_electrical_rollup,equal_capacity_cf_proxy_pending_reeds_kmeans,Puerto Rico,2021,real_2021_usd,525.82074,10.470558,0.0515,24.174153251553467,25.46952734744624,"PR100 2022 ATB moderate fixed-tilt PV, converted to 2021 real USD",,,
upv,433,pr211,3,65.14200000000001,0.0,18146.762,18146.762,0.1958535,18.376,-65.816,211,PALMER115,115.0,4.948679493886258,pr100_connection_then_electrical_rollup,equal_capacity_cf_proxy_pending_reeds_kmeans,Puerto Rico,2021,real_2021_usd,525.82074,10.470556,0.051500008,22.98280702037153,23.52752401124035,"PR100 2022 ATB moderate fixed-tilt PV, converted to 2021 real USD",,,
upv,434,pr211,4,21.266,0.0,8549.008,8549.008,0.19687955,18.376,-65.789,211,PALMER115,115.0,2.331341402437462,pr100_connection_then_electrical_rollup,equal_capacity_cf_proxy_pending_reeds_kmeans,Puerto Rico,2021,real_2021_usd,525.82074,10.470558,0.0515,25.06449620810013,25.31977704902492,"PR100 2022 ATB moderate fixed-tilt PV, converted to 2021 real USD",,,
upv,435,pr211,4,86.072,0.0,5903.6064,5903.6064,0.19749705,18.375,-65.761,211,PALMER115,115.0,1.6099321163385476,pr100_connection_then_electrical_rollup,equal_capacity_cf_proxy_pending_reeds_kmeans,Puerto Rico,2021,real_2021_usd,525.82074,10.470556,0.051500008,22.154337768347165,22.33007343532889,"PR100 2022 ATB moderate fixed-tilt PV, converted to 2021 real USD",,,
upv,436,pr211,4,26.306,0.0,14989.245,14989.245,0.19788833,18.375,-65.734,211,PALMER115,115.0,4.087614416524469,pr100_connection_then_electrical_rollup,equal_capacity_cf_proxy_pending_reeds_kmeans,Puerto Rico,2021,real_2021_usd,525.8208,10.470556,0.051500004,24.632685259881004,25.077995509319503,"PR100 2022 ATB moderate fixed-tilt PV, converted to 2021 real USD",,,
upv,456,pr232,3,33.908,0.0,63133.21,63133.21,0.19228673,18.349,-67.26,232,MAYATC230,230.0,17.216626525725296,pr100_connection_then_electrical_rollup,equal_capacity_cf_proxy_pending_reeds_kmeans,Puerto Rico,2021,real_2021_usd,525.8207,10.470556,0.051499996,24.85580488156772,26.78604654454833,"PR100 2022 ATB moderate fixed-tilt PV, converted to 2021 real USD",,,
upv,457,pr231,2,16.506,0.0,37317.22,37317.22,0.19002727,18.349,-67.233,231,AASCO115,115.0,10.176523323647062,pr100_connection_then_electrical_rollup,equal_capacity_cf_proxy_pending_reeds_kmeans,Puerto Rico,2021,real_2021_usd,525.82074,10.470557,0.051499996,26.24650287115564,27.40100959875818,"PR100 2022 ATB moderate fixed-tilt PV, converted to 2021 real USD",,,
upv,458,pr231,2,9.604,0.0,29145.986,29145.986,0.18924262,18.349,-67.206,231,AASCO115,115.0,7.948202816051922,pr100_connection_then_electrical_rollup,equal_capacity_cf_proxy_pending_reeds_kmeans,Puerto Rico,2021,real_2021_usd,525.8208,10.470558,0.051500004,26.91159661232564,27.817043399146428,"PR100 2022 ATB moderate fixed-tilt PV, converted to 2021 real USD",,,
upv,459,pr231,1,6.839,0.0,22752.848,22752.848,0.18650599,18.349,-67.178,231,AASCO115,115.0,6.204773621081016,pr100_connection_then_electrical_rollup,equal_capacity_cf_proxy_pending_reeds_kmeans,Puerto Rico,2021,real_2021_usd,525.82074,10.470557,0.051500008,28.351251929296257,29.06846150532277,"PR100 2022 ATB moderate fixed-tilt PV, converted to 2021 real USD",,,
upv,460,pr231,1,21.021,0.0,20515.484,20515.484,0.1841639,18.349,-67.151,231,AASCO115,115.0,5.594637606743621,pr100_connection_then_electrical_rollup,equal_capacity_cf_proxy_pending_reeds_kmeans,Puerto Rico,2021,real_2021_usd,525.82074,10.470558,0.051500004,26.79236431216301,27.447272486529883,"PR100 2022 ATB moderate fixed-tilt PV, converted to 2021 real USD",,,
upv,461,pr231,1,6.258000000000001,0.0,23305.809,23305.809,0.18464786,18.349,-67.124,231,AASCO115,115.0,6.355567478245153,pr100_connection_then_electrical_rollup,equal_capacity_cf_proxy_pending_reeds_kmeans,Puerto Rico,2021,real_2021_usd,525.82074,10.470557,0.0515,28.85677425666869,29.59880691622877,"PR100 2022 ATB moderate fixed-tilt PV, converted to 2021 real USD",,,
upv,462,pr231,1,9.366,0.0,30022.111,30022.111,0.18495034,18.35,-67.097,231,AASCO115,115.0,8.187124510185749,pr100_connection_then_electrical_rollup,equal_capacity_cf_proxy_pending_reeds_kmeans,Puerto Rico,2021,real_2021_usd,525.82074,10.470558,0.0515,27.628051402827264,28.58236088029308,"PR100 2022 ATB moderate fixed-tilt PV, converted to 2021 real USD",,,
upv,463,pr352,1,32.452,0.0,48794.44,48794.44,0.18453096,18.35,-67.069,352,MORA230,230.0,13.306398100390778,pr100_connection_then_electrical_rollup,equal_capacity_cf_proxy_pending_reeds_kmeans,Puerto Rico,2021,real_2021_usd,525.82074,10.470557,0.051499996,25.99850136438013,27.55304976120141,"PR100 2022 ATB moderate fixed-tilt PV, converted to 2021 real USD",,,
upv,464,pr35,1,7.994000000000001,0.0,21015.215,21015.215,0.18143962,18.35,-67.042,35,SSEBASTIA115,115.0,5.730915315159828,pr100_connection_then_electrical_rollup,equal_capacity_cf_proxy_pending_reeds_kmeans,Puerto Rico,2021,real_2021_usd,525.82074,10.470558,0.051499996,28.694380561465973,29.375314266375188,"PR100 2022 ATB moderate fixed-tilt PV, converted to 2021 real USD",,,
upv,465,pr35,1,8.687,0.0,10873.294,10873.294,0.18286203,18.35,-67.015,35,SSEBASTIA115,115.0,2.965181629685437,pr100_connection_then_electrical_rollup,equal_capacity_cf_proxy_pending_reeds_kmeans,Puerto Rico,2021,real_2021_usd,525.8207,10.470557,0.0515,28.20775404358448,28.55732930623521,"PR100 2022 ATB moderate fixed-tilt PV, converted to 2021 real USD",,,
upv,466,pr35,1,23.058000000000003,0.0,3721.014,3721.014,0.18499087,18.35,-66.988,35,SSEBASTIA115,115.0,1.0147322181004805,pr100_connection_then_electrical_rollup,equal_capacity_cf_proxy_pending_reeds_kmeans,Puerto Rico,2021,real_2021_usd,525.8208,10.470557,0.051500008,26.54385710712521,26.66211063988028,"PR100 2022 ATB moderate fixed-tilt PV, converted to 2021 real USD",,,
upv,467,pr35,1,47.782,0.0,11702.307,11702.307,0.18547796,18.35,-66.96,35,SSEBASTIA115,115.0,3.191255954581239,pr100_connection_then_electrical_rollup,equal_capacity_cf_proxy_pending_reeds_kmeans,Puerto Rico,2021,real_2021_usd,525.82074,10.470558,0.051500008,24.882875390663592,25.25379711044589,"PR100 2022 ATB moderate fixed-tilt PV, converted to 2021 real USD",,,
upv,470,pr35,1,13.993000000000002,0.0,42654.273,42654.273,0.18459997,18.35,-66.879,35,SSEBASTIA115,115.0,11.631954802459207,pr100_connection_then_electrical_rollup,equal_capacity_cf_proxy_pending_reeds_kmeans,Puerto Rico,2021,real_2021_usd,525.8208,10.470556,0.051500004,27.19467233084428,28.553092254801875,"PR100 2022 ATB moderate fixed-tilt PV, converted to 2021 real USD",,,
upv,471,pr335,1,10.423,0.0,42654.633,42654.633,0.18625766,18.35,-66.851,335,HATILLO115,115.0,11.632053546592102,pr100_connection_then_electrical_rollup,equal_capacity_cf_proxy_pending_reeds_kmeans,Puerto Rico,2021,real_2021_usd,525.82074,10.470557,0.0515,27.18035224517304,28.52669362691801,"PR100 2022 ATB moderate fixed-tilt PV, converted to 2021 real USD",,,
upv,472,pr335,1,32.655,0.0,37517.086,37517.086,0.18425615,18.35,-66.824,335,HATILLO115,115.0,10.231027822554267,pr100_connection_then_electrical_rollup,equal_capacity_cf_proxy_pending_reeds_kmeans,Puerto Rico,2021,real_2021_usd,525.82074,10.470557,0.0515,26.033692881896403,27.2307371705704,"PR100 2022 ATB moderate fixed-tilt PV, converted to 2021 real USD",,,
upv,473,pr902,1,78.673,0.0,30367.46,30367.46,0.18181354,18.35,-66.797,902,RADARARECIBO,115.0,8.28130228214473,pr100_connection_then_electrical_rollup,equal_capacity_cf_proxy_pending_reeds_kmeans,Puerto Rico,2021,real_2021_usd,525.82074,10.470556,0.051500008,24.303014022322447,25.284954966713983,"PR100 2022 ATB moderate fixed-tilt PV, converted to 2021 real USD",,,
upv,474,pr902,1,7.196,0.0,20253.182,20253.182,0.18355474,18.35,-66.77,902,RADARARECIBO,115.0,5.5231066841121335,pr100_connection_then_electrical_rollup,equal_capacity_cf_proxy_pending_reeds_kmeans,Puerto Rico,2021,real_2021_usd,525.82074,10.470557,0.051500008,28.684138995024234,29.332819373750507,"PR100 2022 ATB moderate fixed-tilt PV, converted to 2021 real USD",,,
upv,485,pr177,2,15.624,0.0,9633.252,9633.252,0.18722634,18.351,-66.47,177,CIALES115,115.0,2.62701816556486,pr100_connection_then_electrical_rollup,equal_capacity_cf_proxy_pending_reeds_kmeans,Puerto Rico,2021,real_2021_usd,525.8208,10.470558,0.0515,26.713497138248567,27.01598580324339,"PR100 2022 ATB moderate fixed-tilt PV, converted to 2021 real USD",,,
upv,486,pr177,1,9.968,0.0,15277.844,15277.844,0.18608393,18.351,-66.443,177,CIALES115,115.0,4.166316298502604,pr100_connection_then_electrical_rollup,equal_capacity_cf_proxy_pending_reeds_kmeans,Puerto Rico,2021,real_2021_usd,525.82074,10.470558,0.0515,27.25365350606677,27.736330190855,"PR100 2022 ATB moderate fixed-tilt PV, converted to 2021 real USD",,,
upv,487,pr555,1,10.486,0.0,11897.221,11897.221,0.18504377,18.351,-66.415,555,MOROVIS,115.0,3.2444095985867585,pr100_connection_then_electrical_rollup,equal_capacity_cf_proxy_pending_reeds_kmeans,Puerto Rico,2021,real_2021_usd,525.82074,10.470557,0.051500004,27.36456098633806,27.74254563357092,"PR100 2022 ATB moderate fixed-tilt PV, converted to 2021 real USD",,,
upv,488,pr555,1,6.888,0.0,13581.597,13581.597,0.18425028,18.351,-66.388,555,MOROVIS,115.0,3.7037441993611115,pr100_connection_then_electrical_rollup,equal_capacity_cf_proxy_pending_reeds_kmeans,Puerto Rico,2021,real_2021_usd,525.82074,10.470556,0.051500008,28.699314232326053,29.13267119999994,"PR100 2022 ATB moderate fixed-tilt PV, converted to 2021 real USD",,,
upv,491,pr400,1,9.044,0.0,5124.0063,5124.0063,0.18325877,18.351,-66.306,400,MONTEREY,115.0,1.3973326855935924,pr100_connection_then_electrical_rollup,equal_capacity_cf_proxy_pending_reeds_kmeans,Puerto Rico,2021,real_2021_usd,525.82074,10.470558,0.051499996,28.02680822132647,28.19118785436222,"PR100 2022 ATB moderate fixed-tilt PV, converted to 2021 real USD",,,
upv,492,pr400,1,47.418,0.0,11386.208,11386.208,0.18420815,18.351,-66.279,400,MONTEREY,115.0,3.1050547718727497,pr100_connection_then_electrical_rollup,equal_capacity_cf_proxy_pending_reeds_kmeans,Puerto Rico,2021,real_2021_usd,525.8208,10.470558,0.051500004,25.087644141287782,25.45103449373241,"PR100 2022 ATB moderate fixed-tilt PV, converted to 2021 real USD",,,
upv,494,pr310,1,12.502,0.0,2839.4773,2839.4773,0.18287948,18.351,-66.225,310,BOPINAS115,115.0,0.7743344286588199,pr100_connection_then_electrical_rollup,equal_capacity_cf_proxy_pending_reeds_kmeans,Puerto Rico,2021,real_2021_usd,525.82074,10.470556,0.051500004,27.546632063396604,27.637912253741774,"PR100 2022 ATB moderate fixed-tilt PV, converted to 2021 real USD",,,
upv,497,pr99,1,14.469,0.0,19903.207,19903.207,0.1808112,18.35,-66.143,99,BAYAMON230,230.0,5.427667556976382,pr100_connection_then_electrical_rollup,equal_capacity_cf_proxy_pending_reeds_kmeans,Puerto Rico,2021,real_2021_usd,525.82074,10.470556,0.051500008,27.734372149544548,28.381516023132143,"PR100 2022 ATB moderate fixed-tilt PV, converted to 2021 real USD",,,
upv,499,pr99,1,6.51,0.0,28589.742,28589.742,0.18200722,18.35,-66.088,99,BAYAMON230,230.0,7.796513260596192,pr100_connection_then_electrical_rollup,equal_capacity_cf_proxy_pending_reeds_kmeans,Puerto Rico,2021,real_2021_usd,525.82074,10.470556,0.051500004,29.18985390924374,30.11332805304655,"PR100 2022 ATB moderate fixed-tilt PV, converted to 2021 real USD",,,
upv,500,pr280,1,8.722,0.0,3014.1238,3014.1238,0.18255089,18.35,-66.061,280,VILLABETINA,115.0,0.8219610782846647,pr100_connection_then_electrical_rollup,equal_capacity_cf_proxy_pending_reeds_kmeans,Puerto Rico,2021,real_2021_usd,525.82074,10.470557,0.0515,28.250646242635483,28.347715172538727,"PR100 2022 ATB moderate fixed-tilt PV, converted to 2021 real USD",,,
upv,503,pr120,1,10.521,0.0,18281.002,18281.002,0.18536103,18.35,-65.979,120,SLLANA230,230.0,4.985286904429217,pr100_connection_then_electrical_rollup,equal_capacity_cf_proxy_pending_reeds_kmeans,Puerto Rico,2021,real_2021_usd,525.82074,10.470557,0.0515,27.30793812463737,27.88774677735096,"PR100 2022 ATB moderate fixed-tilt PV, converted to 2021 real USD",,,
upv,504,pr956,2,54.537,0.0,12061.639,12061.639,0.18796945,18.35,-65.952,956,CACAO230,230.0,3.2892469411629564,pr100_connection_then_electrical_rollup,equal_capacity_cf_proxy_pending_reeds_kmeans,Puerto Rico,2021,real_2021_usd,525.82074,10.470557,0.051500008,24.279507274466507,24.656751114141095,"PR100 2022 ATB moderate fixed-tilt PV, converted to 2021 real USD",,,
upv,505,pr956,2,61.915000000000006,0.0,12228.667,12228.667,0.18850876,18.35,-65.925,956,CACAO230,230.0,3.3347961325921402,pr100_connection_then_electrical_rollup,equal_capacity_cf_proxy_pending_reeds_kmeans,Puerto Rico,2021,real_2021_usd,525.82074,10.470556,0.051500004,23.978271842027205,24.35964552120956,"PR100 2022 ATB moderate fixed-tilt PV, converted to 2021 real USD",,,
upv,506,pr956,2,36.337,0.0,19304.088,19304.088,0.19022794,18.35,-65.898,956,CACAO230,230.0,5.264285521371074,pr100_connection_then_electrical_rollup,equal_capacity_cf_proxy_pending_reeds_kmeans,Puerto Rico,2021,real_2021_usd,525.8208,10.470557,0.051500004,24.99562195158862,25.59221488171521,"PR100 2022 ATB moderate fixed-tilt PV, converted to 2021 real USD",,,
upv,507,pr956,3,38.696000000000005,0.0,28903.088,28903.088,0.19222671,18.35,-65.87,956,CACAO230,230.0,7.881963418058375,pr100_connection_then_electrical_rollup,equal_capacity_cf_proxy_pending_reeds_kmeans,Puerto Rico,2021,real_2021_usd,525.82074,10.470557,0.051500004,24.590174747009115,25.474136827574156,"PR100 2022 ATB moderate fixed-tilt PV, converted to 2021 real USD",,,
upv,508,pr956,3,35.273,0.0,38790.586,38790.586,0.1950231,18.35,-65.843,956,CACAO230,230.0,10.578315281602082,pr100_connection_then_electrical_rollup,equal_capacity_cf_proxy_pending_reeds_kmeans,Puerto Rico,2021,real_2021_usd,525.8207,10.470558,0.051499996,24.44965574276203,25.61900276628073,"PR100 2022 ATB moderate fixed-tilt PV, converted to 2021 real USD",,,
upv,509,pr211,3,42.973,0.0,18370.953,18370.953,0.19585352,18.35,-65.816,211,PALMER115,115.0,5.009817041594004,pr100_connection_then_electrical_rollup,equal_capacity_cf_proxy_pending_reeds_kmeans,Puerto Rico,2021,real_2021_usd,525.82074,10.470558,0.0515,23.87409133426595,24.42553788033482,"PR100 2022 ATB moderate fixed-tilt PV, converted to 2021 real USD",,,
upv,510,pr211,4,8.190000000000001,0.0,9012.978,9012.978,0.19719075,18.35,-65.789,211,PALMER115,115.0,2.457867378377286,pr100_connection_then_electrical_rollup,equal_capacity_cf_proxy_pending_reeds_kmeans,Puerto Rico,2021,real_2021_usd,525.82074,10.470558,0.051499996,26.35202244368955,26.62073308477906,"PR100 2022 ATB moderate fixed-tilt PV, converted to 2021 real USD",,,
upv,511,pr211,4,16.331,0.0,7180.632,7180.632,0.19788831,18.349,-65.761,211,PALMER115,115.0,1.9581809594135093,pr100_connection_then_electrical_rollup,equal_capacity_cf_proxy_pending_reeds_kmeans,Puerto Rico,2021,real_2021_usd,525.82074,10.470557,0.051499996,25.23537626851379,25.448703185667007,"PR100 2022 ATB moderate fixed-tilt PV, converted to 2021 real USD",,,
upv,512,pr211,4,24.08,0.0,15537.504,15537.504,0.19739786,18.349,-65.734,211,PALMER115,115.0,4.237126470109798,pr100_connection_then_electrical_rollup,equal_capacity_cf_proxy_pending_reeds_kmeans,Puerto Rico,2021,real_2021_usd,525.82074,10.470558,0.0515,24.834978727493265,25.29772394287684,"PR100 2022 ATB moderate fixed-tilt PV, converted to 2021 real USD",,,
upv,513,pr18,3,28.532,0.0,24993.941,24993.941,0.19359612,18.349,-65.707,18,FAJARDO115,115.0,6.815926534185656,pr100_connection_then_electrical_rollup,equal_capacity_cf_proxy_pending_reeds_kmeans,Puerto Rico,2021,real_2021_usd,525.8208,10.470555,0.051500008,25.06824509556663,25.82724412957948,"PR100 2022 ATB moderate fixed-tilt PV, converted to 2021 real USD",,,
upv,514,pr18,5,10.36,0.0,15407.646,15407.646,0.20041199,18.349,-65.68,18,FAJARDO115,115.0,4.201713912080215,pr100_connection_then_electrical_rollup,equal_capacity_cf_proxy_pending_reeds_kmeans,Puerto Rico,2021,real_2021_usd,525.82074,10.470557,0.0515,25.28703599347851,25.739012350269817,"PR100 2022 ATB moderate fixed-tilt PV, converted to 2021 real USD",,,
upv,515,pr18,5,7.973,0.0,8192.282,8192.282,0.20057948,18.349,-65.652,18,FAJARDO115,115.0,2.234061118719938,pr100_connection_then_electrical_rollup,equal_capacity_cf_proxy_pending_reeds_kmeans,Puerto Rico,2021,real_2021_usd,525.8208,10.470557,0.051499996,25.96958213906192,26.20969837084416,"PR100 2022 ATB moderate fixed-tilt PV, converted to 2021 real USD",,,
upv,516,pr18,5,24.192,0.0,11225.586,11225.586,0.20067398,18.349,-65.625,18,FAJARDO115,115.0,3.0612528628038924,pr100_connection_then_electrical_rollup,equal_capacity_cf_proxy_pending_reeds_kmeans,Puerto Rico,2021,real_2021_usd,525.82074,10.470557,0.051500004,24.40089749432113,24.729765085765617,"PR100 2022 ATB moderate fixed-tilt PV, converted to 2021 real USD",,,
upv,533,pr232,2,49.161,0.0,48272.844,48272.844,0.18831179,18.323,-67.233,232,MAYATC230,230.0,13.164157187083024,pr100_connection_then_electrical_rollup,equal_capacity_cf_proxy_pending_reeds_kmeans,Puerto Rico,2021,real_2021_usd,525.82074,10.470556,0.051500008,24.41103302174024,25.918085951851783,"PR100 2022 ATB moderate fixed-tilt PV, converted to 2021 real USD",,,
upv,534,pr231,2,7.014000000000001,0.0,22980.713,22980.713,0.18747737,18.323,-67.206,231,AASCO115,115.0,6.26691276014091,pr100_connection_then_electrical_rollup,equal_capacity_cf_proxy_pending_reeds_kmeans,Puerto Rico,2021,real_2021_usd,525.82074,10.470557,0.051500004,28.136126203200668,28.85676521232066,"PR100 2022 ATB moderate fixed-tilt PV, converted to 2021 real USD",,,
upv,535,pr231,1,9.072,0.0,14009.529,14009.529,0.18513656,18.323,-67.178,231,AASCO115,115.0,3.8204429360962275,pr100_connection_then_electrical_rollup,equal_capacity_cf_proxy_pending_reeds_kmeans,Puerto Rico,2021,real_2021_usd,525.8208,10.470557,0.051500004,27.7110655558972,28.155936961137787,"PR100 2022 ATB moderate fixed-tilt PV, converted to 2021 real USD",,,
upv,536,pr231,1,14.28,0.0,9972.22,9972.22,0.18201953,18.323,-67.151,231,AASCO115,115.0,2.719455935258704,pr100_connection_then_electrical_rollup,equal_capacity_cf_proxy_pending_reeds_kmeans,Puerto Rico,2021,real_2021_usd,525.82074,10.470555,0.051500008,27.546106778066896,27.868196591849767,"PR100 2022 ATB moderate fixed-tilt PV, converted to 2021 real USD",,,
upv,541,pr35,1,35.644,0.0,12298.064,12298.064,0.18207985,18.324,-67.015,35,SSEBASTIA115,115.0,3.353721159506651,pr100_connection_then_electrical_rollup,equal_capacity_cf_proxy_pending_reeds_kmeans,Puerto Rico,2021,real_2021_usd,525.82074,10.470557,0.051499996,26.137204269772425,26.534284272465808,"PR100 2022 ATB moderate fixed-tilt PV, converted to 2021 real USD",,,
upv,542,pr35,1,6.643,0.0,6844.283,6844.283,0.1827512,18.324,-66.988,35,SSEBASTIA115,115.0,1.8664576824932089,pr100_connection_then_electrical_rollup,equal_capacity_cf_proxy_pending_reeds_kmeans,Puerto Rico,2021,real_2021_usd,525.82074,10.470557,0.051500004,29.00975154486946,29.229927994422816,"PR100 2022 ATB moderate fixed-tilt PV, converted to 2021 real USD",,,
upv,546,pr35,1,19.096,0.0,43042.477,43042.477,0.18369584,18.324,-66.879,35,SSEBASTIA115,115.0,11.737818902202182,pr100_connection_then_electrical_rollup,equal_capacity_cf_proxy_pending_reeds_kmeans,Puerto Rico,2021,real_2021_usd,525.82074,10.470558,0.0515,26.99572309198885,28.37325302551832,"PR100 2022 ATB moderate fixed-tilt PV, converted to 2021 real USD",,,
upv,547,pr902,1,5.425,0.0,50801.824,50801.824,0.18369791,18.324,-66.851,902,RADARARECIBO,115.0,13.853817921883941,pr100_connection_then_electrical_rollup,equal_capacity_cf_proxy_pending_reeds_kmeans,Puerto Rico,2021,real_2021_usd,525.82074,10.470558,0.051499996,29.33799668523776,30.9638382225055,"PR100 2022 ATB moderate fixed-tilt PV, converted to 2021 real USD",,,
upv,562,pr177,1,7.343000000000001,0.0,11996.318,11996.318,0.18289144,18.325,-66.443,177,CIALES115,115.0,3.2714339836037483,pr100_connection_then_electrical_rollup,equal_capacity_cf_proxy_pending_reeds_kmeans,Puerto Rico,2021,real_2021_usd,525.8208,10.470557,0.051500008,28.73579146339504,29.121409861945832,"PR100 2022 ATB moderate fixed-tilt PV, converted to 2021 real USD",,,
upv,563,pr555,1,9.212,0.0,3310.36,3310.36,0.18356964,18.325,-66.415,555,MOROVIS,115.0,0.9027456334576521,pr100_connection_then_electrical_rollup,equal_capacity_cf_proxy_pending_reeds_kmeans,Puerto Rico,2021,real_2021_usd,525.82074,10.470557,0.0515,27.91663146508411,28.022648955682268,"PR100 2022 ATB moderate fixed-tilt PV, converted to 2021 real USD",,,
upv,564,pr555,1,25.081,0.0,7340.3525,7340.3525,0.18409665,18.325,-66.388,555,MOROVIS,115.0,2.001737265974594,pr100_connection_then_electrical_rollup,equal_capacity_cf_proxy_pending_reeds_kmeans,Puerto Rico,2021,real_2021_usd,525.82074,10.470556,0.0515,26.55499910280598,26.789408041943023,"PR100 2022 ATB moderate fixed-tilt PV, converted to 2021 real USD",,,
upv,567,pr400,1,9.464,0.0,5445.066,5445.066,0.18270555,18.325,-66.306,400,MONTEREY,115.0,1.4848866712750712,pr100_connection_then_electrical_rollup,equal_capacity_cf_proxy_pending_reeds_kmeans,Puerto Rico,2021,real_2021_usd,525.8208,10.470558,0.051500004,27.94987895514156,28.125087196415414,"PR100 2022 ATB moderate fixed-tilt PV, converted to 2021 real USD",,,
upv,568,pr400,1,18.487,0.0,11534.909,11534.909,0.18222661,18.325,-66.279,400,MONTEREY,115.0,3.145606096423179,pr100_connection_then_electrical_rollup,equal_capacity_cf_proxy_pending_reeds_kmeans,Puerto Rico,2021,real_2021_usd,525.8208,10.470557,0.051499996,27.259898396666195,27.632037688974915,"PR100 2022 ATB moderate fixed-tilt PV, converted to 2021 real USD",,,
upv,573,pr99,1,12.698,0.0,30450.797,30450.797,0.18090376,18.324,-66.143,99,BAYAMON230,230.0,8.304028419939796,pr100_connection_then_electrical_rollup,equal_capacity_cf_proxy_pending_reeds_kmeans,Puerto Rico,2021,real_2021_usd,525.82074,10.470556,0.051500008,27.8373762071494,28.82696370207965,"PR100 2022 ATB moderate fixed-tilt PV, converted to 2021 real USD",,,
upv,578,pr281,1,7.385000000000001,0.0,7511.07,7511.07,0.18501449,18.324,-66.007,281,QUEBNEGRITO,115.0,2.0482925258479874,pr100_connection_then_electrical_rollup,equal_capacity_cf_proxy_pending_reeds_kmeans,Puerto Rico,2021,real_2021_usd,525.82074,10.470557,0.051500004,28.38585533349704,28.62452607509084,"PR100 2022 ATB moderate fixed-tilt PV, converted to 2021 real USD",,,
upv,579,pr956,1,22.792,0.0,15510.8,15510.8,0.18536103,18.324,-65.979,956,CACAO230,230.0,4.229844130145215,pr100_connection_then_electrical_rollup,equal_capacity_cf_proxy_pending_reeds_kmeans,Puerto Rico,2021,real_2021_usd,525.8208,10.470557,0.0515,26.51664410639928,27.008591760669983,"PR100 2022 ATB moderate fixed-tilt PV, converted to 2021 real USD",,,
upv,580,pr956,1,19.285,0.0,5055.6016,5055.6016,0.18612696,18.324,-65.952,956,CACAO230,230.0,1.3786785833477642,pr100_connection_then_electrical_rollup,equal_capacity_cf_proxy_pending_reeds_kmeans,Puerto Rico,2021,real_2021_usd,525.8208,10.470558,0.051500004,26.634503724654888,26.794189673135023,"PR100 2022 ATB moderate fixed-tilt PV, converted to 2021 real USD",,,
upv,581,pr956,1,10.857,0.0,5442.079,5442.079,0.18643987,18.324,-65.925,956,CACAO230,230.0,1.48407213645408,pr100_connection_then_electrical_rollup,equal_capacity_cf_proxy_pending_reeds_kmeans,Puerto Rico,2021,real_2021_usd,525.82074,10.470557,0.051500004,27.13064522392408,27.302249916332865,"PR100 2022 ATB moderate fixed-tilt PV, converted to 2021 real USD",,,
upv,582,pr956,2,54.334,0.0,15898.31,15898.31,0.18753712,18.324,-65.898,956,CACAO230,230.0,4.335519315856203,pr100_connection_then_electrical_rollup,equal_capacity_cf_proxy_pending_reeds_kmeans,Puerto Rico,2021,real_2021_usd,525.82074,10.470556,0.051500004,24.343138129073072,24.8415252695958,"PR100 2022 ATB moderate fixed-tilt PV, converted to 2021 real USD",,,
upv,583,pr956,2,5.8100000000000005,0.0,26362.459,26362.459,0.1892761,18.324,-65.871,956,CACAO230,230.0,7.18912561725485,pr100_connection_then_electrical_rollup,equal_capacity_cf_proxy_pending_reeds_kmeans,Puerto Rico,2021,real_2021_usd,525.8208,10.470557,0.051500004,28.34225180719008,29.161080886270103,"PR100 2022 ATB moderate fixed-tilt PV, converted to 2021 real USD",,,
upv,590,pr18,4,23.485000000000003,0.0,13549.464,13549.464,0.19685245,18.323,-65.68,18,FAJARDO115,115.0,3.6949815914191113,pr100_connection_then_electrical_rollup,equal_capacity_cf_proxy_pending_reeds_kmeans,Puerto Rico,2021,real_2021_usd,525.8208,10.470558,0.0515,24.96156602188977,25.3662205397852,"PR100 2022 ATB moderate fixed-tilt PV, converted to 2021 real USD",,,
upv,604,pr102,5,35.623000000000005,0.0,6852.651,6852.651,0.2061576,18.321,-65.298,264,CULEBRA,38.0,1.8687396072678322,pr100_connection_then_electrical_rollup,equal_capacity_cf_proxy_pending_reeds_kmeans,Puerto Rico,2021,real_2021_usd,525.82074,10.470557,0.0515,23.08654006548523,23.28195708763481,"PR100 2022 ATB moderate fixed-tilt PV, converted to 2021 real USD",,,
upv,605,pr102,5,10.164,0.0,13889.812,13889.812,0.20522693,18.321,-65.271,264,CULEBRA,38.0,3.7877954773413522,pr100_connection_then_electrical_rollup,equal_capacity_cf_proxy_pending_reeds_kmeans,Puerto Rico,2021,real_2021_usd,525.82074,10.470558,0.0515,24.673235982863336,25.07112792255052,"PR100 2022 ATB moderate fixed-tilt PV, converted to 2021 real USD",,,
upv,610,pr232,1,51.142,0.0,33148.914,33148.914,0.18516856,18.297,-67.205,232,MAYATC230,230.0,9.039813509909834,pr100_connection_then_electrical_rollup,equal_capacity_cf_proxy_pending_reeds_kmeans,Puerto Rico,2021,real_2021_usd,525.8208,10.470557,0.051500004,24.737849854761794,25.79030883391125,"PR100 2022 ATB moderate fixed-tilt PV, converted to 2021 real USD",,,
upv,611,pr232,1,27.02,0.0,27157.623,27157.623,0.18619226,18.297,-67.178,232,MAYATC230,230.0,7.405969795315041,pr100_connection_then_electrical_rollup,equal_capacity_cf_proxy_pending_reeds_kmeans,Puerto Rico,2021,real_2021_usd,525.8208,10.470557,0.051500008,26.109555439219093,26.96705369448951,"PR100 2022 ATB moderate fixed-tilt PV, converted to 2021 real USD",,,
upv,618,pr35,1,6.356000000000001,0.0,17404.182,17404.182,0.18117015,18.298,-66.987,35,SSEBASTIA115,115.0,4.746175342539416,pr100_connection_then_electrical_rollup,equal_capacity_cf_proxy_pending_reeds_kmeans,Puerto Rico,2021,real_2021_usd,525.82074,10.470557,0.051500004,29.37147162789334,29.93623964299153,"PR100 2022 ATB moderate fixed-tilt PV, converted to 2021 real USD",,,
upv,619,pr35,1,13.216,0.0,20632.51,20632.51,0.18156876,18.298,-66.96,35,SSEBASTIA115,115.0,5.626550365939511,pr100_connection_then_electrical_rollup,equal_capacity_cf_proxy_pending_reeds_kmeans,Puerto Rico,2021,real_2021_usd,525.8208,10.470556,0.051500004,27.68902295424844,28.357080756691687,"PR100 2022 ATB moderate fixed-tilt PV, converted to 2021 real USD",,,
upv,655,pr956,1,7.714,0.0,18857.08,18857.08,0.1843074,18.298,-65.98,956,CACAO230,230.0,5.142385079599672,pr100_connection_then_electrical_rollup,equal_capacity_cf_proxy_pending_reeds_kmeans,Puerto Rico,2021,real_2021_usd,525.8208,10.470558,0.0515,28.370248368528163,28.97174722565979,"PR100 2022 ATB moderate fixed-tilt PV, converted to 2021 real USD",,,
upv,656,pr956,1,20.790000000000003,0.0,11329.518,11329.518,0.18496817,18.298,-65.952,956,CACAO230,230.0,3.0895952954456702,pr100_connection_then_electrical_rollup,equal_capacity_cf_proxy_pending_reeds_kmeans,Puerto Rico,2021,real_2021_usd,525.8207,10.470557,0.0515,26.7059223281546,27.06601769992381,"PR100 2022 ATB moderate fixed-tilt PV, converted to 2021 real USD",,,
upv,657,pr956,1,37.597,0.0,11507.178,11507.178,0.18618575,18.298,-65.925,956,CACAO230,230.0,3.138043759281515,pr100_connection_then_electrical_rollup,equal_capacity_cf_proxy_pending_reeds_kmeans,Puerto Rico,2021,real_2021_usd,525.8208,10.470558,0.0515,25.44827242914423,25.81162269934056,"PR100 2022 ATB moderate fixed-tilt PV, converted to 2021 real USD",,,
upv,658,pr956,1,33.446,0.0,18857.037,18857.037,0.18638784,18.298,-65.898,956,CACAO230,230.0,5.142373527719975,pr100_connection_then_electrical_rollup,equal_capacity_cf_proxy_pending_reeds_kmeans,Puerto Rico,2021,real_2021_usd,525.82074,10.470557,0.051499996,25.68643734513802,26.281220956901585,"PR100 2022 ATB moderate fixed-tilt PV, converted to 2021 real USD",,,
upv,666,pr18,2,20.832,0.0,18775.084,18775.084,0.18910308,18.297,-65.68,18,FAJARDO115,115.0,5.120024826841908,pr100_connection_then_electrical_rollup,equal_capacity_cf_proxy_pending_reeds_kmeans,Puerto Rico,2021,real_2021_usd,525.82074,10.470557,0.051500004,26.23847470001439,26.82217027585455,"PR100 2022 ATB moderate fixed-tilt PV, converted to 2021 real USD",,,
upv,687,pr232,1,6.468000000000001,0.0,18301.598,18301.598,0.18619226,18.271,-67.178,232,MAYATC230,230.0,4.990903411572737,pr100_connection_then_electrical_rollup,equal_capacity_cf_proxy_pending_reeds_kmeans,Puerto Rico,2021,real_2021_usd,525.8208,10.470557,0.051500008,28.534123980654723,29.1119944571167,"PR100 2022 ATB moderate fixed-tilt PV, converted to 2021 real USD",,,
upv,689,pr232,1,12.481000000000002,0.0,16431.201,16431.201,0.18424952,18.271,-67.124,232,MAYATC230,230.0,4.48084046640193,pr100_connection_then_electrical_rollup,equal_capacity_cf_proxy_pending_reeds_kmeans,Puerto Rico,2021,real_2021_usd,525.82074,10.470557,0.051500004,27.328363323280016,27.85264667157661,"PR100 2022 ATB moderate fixed-tilt PV, converted to 2021 real USD",,,
upv,690,pr232,1,11.445,0.0,24115.908,24115.908,0.17974208,18.271,-67.096,232,MAYATC230,230.0,6.5764841240147485,pr100_connection_then_electrical_rollup,equal_capacity_cf_proxy_pending_reeds_kmeans,Puerto Rico,2021,real_2021_usd,525.8208,10.470557,0.051500004,28.081802790336425,28.870584751166515,"PR100 2022 ATB moderate fixed-tilt PV, converted to 2021 real USD",,,
upv,730,pr956,1,35.553000000000004,0.0,33518.62,33518.62,0.18306367,18.272,-66.007,956,CACAO230,230.0,9.140633705350075,pr100_connection_then_electrical_rollup,equal_capacity_cf_proxy_pending_reeds_kmeans,Puerto Rico,2021,real_2021_usd,525.82074,10.470557,0.051499996,26.011417633661228,27.087850877538248,"PR100 2022 ATB moderate fixed-tilt PV, converted to 2021 real USD",,,
upv,731,pr956,1,14.756,0.0,26098.72,26098.72,0.18362024,18.272,-65.98,956,CACAO230,230.0,7.117203711711694,pr100_connection_then_electrical_rollup,equal_capacity_cf_proxy_pending_reeds_kmeans,Puerto Rico,2021,real_2021_usd,525.8208,10.470556,0.051500004,27.290948565894634,28.12655502587221,"PR100 2022 ATB moderate fixed-tilt PV, converted to 2021 real USD",,,
upv,743,pr101,4,30.562000000000005,0.0,16734.268,16734.268,0.19662374,18.271,-65.653,101,DAGUAO115,115.0,4.563487577936771,pr100_connection_then_electrical_rollup,equal_capacity_cf_proxy_pending_reeds_kmeans,Puerto Rico,2021,real_2021_usd,525.8208,10.470557,0.0515,24.5456389526158,25.045988911228743,"PR100 2022 ATB moderate fixed-tilt PV, converted to 2021 real USD",,,
upv,744,pr101,4,17.745,0.0,22435.713,22435.713,0.19778599,18.271,-65.626,101,DAGUAO115,115.0,6.118289859062016,pr100_connection_then_electrical_rollup,equal_capacity_cf_proxy_pending_reeds_kmeans,Puerto Rico,2021,real_2021_usd,525.82074,10.470557,0.051499996,25.15741114649777,25.82429080304173,"PR100 2022 ATB moderate fixed-tilt PV, converted to 2021 real USD",,,
upv,764,pr232,1,79.49900000000001,0.0,3598.5215,3598.5215,0.18500876,18.245,-67.151,232,MAYATC230,230.0,0.9813281805043907,pr100_connection_then_electrical_rollup,equal_capacity_cf_proxy_pending_reeds_kmeans,Puerto Rico,2021,real_2021_usd,525.82074,10.470556,0.051500004,23.83944748263712,23.95379715412898,"PR100 2022 ATB moderate fixed-tilt PV, converted to 2021 real USD",,,
upv,765,pr232,1,7.448,0.0,9857.793,9857.793,0.18061933,18.245,-67.123,232,MAYATC230,230.0,2.688251160099191,pr100_connection_then_electrical_rollup,equal_capacity_cf_proxy_pending_reeds_kmeans,Puerto Rico,2021,real_2021_usd,525.8208,10.470557,0.0515,29.03247470138555,29.35333692036527,"PR100 2022 ATB moderate fixed-tilt PV, converted to 2021 real USD",,,
upv,780,pr1110,1,21.945,0.0,41173.695,41173.695,0.18047157,18.246,-66.715,1110,DBOCASFASE1,230.0,11.228196282584275,pr100_connection_then_electrical_rollup,equal_capacity_cf_proxy_pending_reeds_kmeans,Puerto Rico,2021,real_2021_usd,525.8208,10.470558,0.051500004,27.28044661483375,28.621710322909017,"PR100 2022 ATB moderate fixed-tilt PV, converted to 2021 real USD",,,
upv,791,pr555,1,13.797,0.0,30911.828,30911.828,0.18155454,18.247,-66.415,555,MOROVIS,115.0,8.429753431533042,pr100_connection_then_electrical_rollup,equal_capacity_cf_proxy_pending_reeds_kmeans,Puerto Rico,2021,real_2021_usd,525.8208,10.470556,0.051500008,27.67614205383526,28.677111192934436,"PR100 2022 ATB moderate fixed-tilt PV, converted to 2021 real USD",,,
upv,796,pr353,1,8.736,0.0,28193.465,28193.465,0.18228383,18.247,-66.279,353,BARRANQT115,115.0,7.688446996912756,pr100_connection_then_electrical_rollup,equal_capacity_cf_proxy_pending_reeds_kmeans,Puerto Rico,2021,real_2021_usd,525.82074,10.470557,0.051499996,28.307956256586788,29.21724841981568,"PR100 2022 ATB moderate fixed-tilt PV, converted to 2021 real USD",,,
upv,804,pr451,1,21.973000000000003,0.0,17456.012,17456.012,0.18215382,18.246,-66.061,451,AGUBUENAS230,230.0,4.760309663955135,pr100_connection_then_electrical_rollup,equal_capacity_cf_proxy_pending_reeds_kmeans,Puerto Rico,2021,real_2021_usd,525.8208,10.470557,0.051500004,27.037200962679428,27.60059191967605,"PR100 2022 ATB moderate fixed-tilt PV, converted to 2021 real USD",,,
upv,806,pr21,1,5.635,0.0,11829.205,11829.205,0.18397482,18.246,-66.007,21,CAGUAS115,115.0,3.225861517573948,pr100_connection_then_electrical_rollup,equal_capacity_cf_proxy_pending_reeds_kmeans,Puerto Rico,2021,real_2021_usd,525.82074,10.470557,0.051500004,29.21509185174893,29.593099234731277,"PR100 2022 ATB moderate fixed-tilt PV, converted to 2021 real USD",,,
upv,807,pr956,1,5.922000000000001,0.0,35063.023,35063.023,0.18594977,18.246,-65.98,956,CACAO230,230.0,9.56179689980607,pr100_connection_then_electrical_rollup,equal_capacity_cf_proxy_pending_reeds_kmeans,Puerto Rico,2021,real_2021_usd,525.8208,10.470557,0.0515,28.79330517731752,29.90185915415227,"PR100 2022 ATB moderate fixed-tilt PV, converted to 2021 real USD",,,
upv,808,pr956,1,20.167,0.0,31656.21,31656.21,0.18594322,18.246,-65.952,956,CACAO230,230.0,8.63274880054707,pr100_connection_then_electrical_rollup,equal_capacity_cf_proxy_pending_reeds_kmeans,Puerto Rico,2021,real_2021_usd,525.82074,10.470557,0.051500004,26.599985205358,27.60086453960551,"PR100 2022 ATB moderate fixed-tilt PV, converted to 2021 real USD",,,
upv,809,pr1206,1,24.353,0.0,8554.591,8554.591,0.18592227,18.246,-65.925,1206,AMGEN_115,115.0,2.3328638468594147,pr100_connection_then_electrical_rollup,equal_capacity_cf_proxy_pending_reeds_kmeans,Puerto Rico,2021,real_2021_usd,525.82074,10.470556,0.051500004,26.33619536157564,26.606697657508708,"PR100 2022 ATB moderate fixed-tilt PV, converted to 2021 real USD",,,
upv,811,pr1206,1,5.9430000000000005,0.0,18318.117,18318.117,0.18583041,18.246,-65.871,1206,AMGEN_115,115.0,4.99540866743749,pr100_connection_then_electrical_rollup,equal_capacity_cf_proxy_pending_reeds_kmeans,Puerto Rico,2021,real_2021_usd,525.82074,10.470558,0.051500004,28.81611732658746,29.395635661361062,"PR100 2022 ATB moderate fixed-tilt PV, converted to 2021 real USD",,,
upv,812,pr16,2,15.176000000000002,0.0,22902.443,22902.443,0.18714307,18.246,-65.844,16,RBLANCO115,115.0,6.245568439468742,pr100_connection_then_electrical_rollup,equal_capacity_cf_proxy_pending_reeds_kmeans,Puerto Rico,2021,real_2021_usd,525.8208,10.470557,0.051499996,26.76616886478268,27.485636380186588,"PR100 2022 ATB moderate fixed-tilt PV, converted to 2021 real USD",,,
upv,817,pr101,1,39.13,0.0,16385.803,16385.803,0.1817049,18.245,-65.707,101,DAGUAO115,115.0,4.4684600979047016,pr100_connection_then_electrical_rollup,equal_capacity_cf_proxy_pending_reeds_kmeans,Puerto Rico,2021,real_2021_usd,525.82074,10.470557,0.0515,26.04187542978268,26.572032067502604,"PR100 2022 ATB moderate fixed-tilt PV, converted to 2021 real USD",,,
upv,818,pr101,1,16.632,0.0,7297.8716,7297.8716,0.18176153,18.245,-65.68,101,DAGUAO115,115.0,1.990152600012142,pr100_connection_then_electrical_rollup,equal_capacity_cf_proxy_pending_reeds_kmeans,Puerto Rico,2021,real_2021_usd,525.8207,10.470557,0.0515,27.517472180080446,27.753518578125377,"PR100 2022 ATB moderate fixed-tilt PV, converted to 2021 real USD",,,
upv,819,pr101,4,7.623000000000001,0.0,7571.006,7571.006,0.19644123,18.245,-65.653,101,DAGUAO115,115.0,2.064637153547481,pr100_connection_then_electrical_rollup,equal_capacity_cf_proxy_pending_reeds_kmeans,Puerto Rico,2021,real_2021_usd,525.82074,10.470558,0.051499996,26.672047982949124,26.898629279542327,"PR100 2022 ATB moderate fixed-tilt PV, converted to 2021 real USD",,,
upv,820,pr101,4,37.492,0.0,16753.451,16753.451,0.19923234,18.245,-65.626,101,DAGUAO115,115.0,4.568718991316244,pr100_connection_then_electrical_rollup,equal_capacity_cf_proxy_pending_reeds_kmeans,Puerto Rico,2021,real_2021_usd,525.82074,10.470557,0.051500004,23.790723559658893,24.28508839434485,"PR100 2022 ATB moderate fixed-tilt PV, converted to 2021 real USD",,,
upv,821,pr101,4,7.777,0.0,27275.244,27275.244,0.19903095,18.245,-65.598,101,DAGUAO115,115.0,7.438045422246377,pr100_connection_then_electrical_rollup,equal_capacity_cf_proxy_pending_reeds_kmeans,Puerto Rico,2021,real_2021_usd,525.82074,10.470558,0.051499996,26.244396303815748,27.05005508689068,"PR100 2022 ATB moderate fixed-tilt PV, converted to 2021 real USD",,,
upv,842,pr232,1,6.818,0.0,21086.332,21086.332,0.17772198,18.219,-67.096,232,MAYATC230,230.0,5.750309621344321,pr100_connection_then_electrical_rollup,equal_capacity_cf_proxy_pending_reeds_kmeans,Puerto Rico,2021,real_2021_usd,525.8208,10.470557,0.051500004,29.75260258391917,30.450132757081956,"PR100 2022 ATB moderate fixed-tilt PV, converted to 2021 real USD",,,
upv,854,pr1110,1,7.385000000000001,0.0,61738.473,61738.473,0.18272118,18.22,-66.769,1110,DBOCASFASE1,230.0,16.836276718603077,pr100_connection_then_electrical_rollup,equal_capacity_cf_proxy_pending_reeds_kmeans,Puerto Rico,2021,real_2021_usd,525.82074,10.470557,0.051500004,28.739402453823946,30.725817976951397,"PR100 2022 ATB moderate fixed-tilt PV, converted to 2021 real USD",,,
upv,875,pr275,1,16.065,0.0,9856.374,9856.374,0.18470287,18.22,-66.198,275,COMERIO115,115.0,2.687864225399011,pr100_connection_then_electrical_rollup,equal_capacity_cf_proxy_pending_reeds_kmeans,Puerto Rico,2021,real_2021_usd,525.82074,10.470557,0.051499996,27.07159466669471,27.38531788570356,"PR100 2022 ATB moderate fixed-tilt PV, converted to 2021 real USD",,,
upv,882,pr21,1,12.859,0.0,13977.928,13977.928,0.18558392,18.22,-66.007,21,CAGUAS115,115.0,3.8118250416509034,pr100_connection_then_electrical_rollup,equal_capacity_cf_proxy_pending_reeds_kmeans,Puerto Rico,2021,real_2021_usd,525.82074,10.470557,0.051500008,27.129164690786983,27.57196261023321,"PR100 2022 ATB moderate fixed-tilt PV, converted to 2021 real USD",,,
upv,883,pr21,2,49.336,0.0,23377.547,23377.547,0.18832254,18.22,-65.98,21,CAGUAS115,115.0,6.37513067216891,pr100_connection_then_electrical_rollup,equal_capacity_cf_proxy_pending_reeds_kmeans,Puerto Rico,2021,real_2021_usd,525.82074,10.470557,0.051500008,24.419692923425945,25.149486066373992,"PR100 2022 ATB moderate fixed-tilt PV, converted to 2021 real USD",,,
upv,884,pr234,2,36.904,0.0,14823.102,14823.102,0.18930317,18.22,-65.953,234,JUNCOS115,115.0,4.042306736325634,pr100_connection_then_electrical_rollup,equal_capacity_cf_proxy_pending_reeds_kmeans,Puerto Rico,2021,real_2021_usd,525.82074,10.470558,0.0515,25.076040069390707,25.536386000226035,"PR100 2022 ATB moderate fixed-tilt PV, converted to 2021 real USD",,,
upv,885,pr234,2,33.901,0.0,4637.4243,4637.4243,0.18935552,18.22,-65.925,234,JUNCOS115,115.0,1.2646402881324588,pr100_connection_then_electrical_rollup,equal_capacity_cf_proxy_pending_reeds_kmeans,Puerto Rico,2021,real_2021_usd,525.8208,10.470556,0.051499996,25.25866150927412,25.4026414458169,"PR100 2022 ATB moderate fixed-tilt PV, converted to 2021 real USD",,,
upv,886,pr1206,2,66.703,0.0,6991.4473,6991.4473,0.19064379,18.22,-65.898,1206,AMGEN_115,115.0,1.9065897882563705,pr100_connection_then_electrical_rollup,equal_capacity_cf_proxy_pending_reeds_kmeans,Puerto Rico,2021,real_2021_usd,525.82074,10.470556,0.051500008,23.55965760150947,23.77525700388812,"PR100 2022 ATB moderate fixed-tilt PV, converted to 2021 real USD",,,
upv,887,pr1206,2,13.587000000000002,0.0,17022.12,17022.12,0.19036117,18.22,-65.871,1206,AMGEN_115,115.0,4.641985682071834,pr100_connection_then_electrical_rollup,equal_capacity_cf_proxy_pending_reeds_kmeans,Puerto Rico,2021,real_2021_usd,525.8208,10.470557,0.051500004,26.409081042152177,26.93478154865861,"PR100 2022 ATB moderate fixed-tilt PV, converted to 2021 real USD",,,
upv,888,pr16,2,10.521,0.0,24701.096,24701.096,0.1872809,18.22,-65.844,16,RBLANCO115,115.0,6.736066684565626,pr100_connection_then_electrical_rollup,equal_capacity_cf_proxy_pending_reeds_kmeans,Puerto Rico,2021,real_2021_usd,525.82074,10.470557,0.0515,27.04816467805611,27.823564789564735,"PR100 2022 ATB moderate fixed-tilt PV, converted to 2021 real USD",,,
upv,889,pr16,2,5.159,0.0,15209.419,15209.419,0.18862815,18.22,-65.816,16,RBLANCO115,115.0,4.1476565786695225,pr100_connection_then_electrical_rollup,equal_capacity_cf_proxy_pending_reeds_kmeans,Puerto Rico,2021,real_2021_usd,525.82074,10.470557,0.051499996,28.68351169059243,29.157545427124784,"PR100 2022 ATB moderate fixed-tilt PV, converted to 2021 real USD",,,
upv,891,pr16,1,6.097,0.0,13211.787,13211.787,0.1749477,18.219,-65.762,16,RBLANCO115,115.0,3.6028959878116376,pr100_connection_then_electrical_rollup,equal_capacity_cf_proxy_pending_reeds_kmeans,Puerto Rico,2021,real_2021_usd,525.82074,10.470557,0.051500004,30.704747434795667,31.14872033026282,"PR100 2022 ATB moderate fixed-tilt PV, converted to 2021 real USD",,,
upv,893,pr2001,3,51.555,0.0,9873.246,9873.246,0.19386612,18.219,-65.707,2001,PCC,115.0,2.692465284512418,pr100_connection_then_electrical_rollup,equal_capacity_cf_proxy_pending_reeds_kmeans,Puerto Rico,2021,real_2021_usd,525.8208,10.470556,0.051500008,23.647918882172405,23.94732533871552,"PR100 2022 ATB moderate fixed-tilt PV, converted to 2021 real USD",,,
upv,894,pr2001,4,53.97,0.0,5992.372,5992.372,0.19658902,18.219,-65.68,2001,PCC,115.0,1.6341388508536736,pr100_connection_then_electrical_rollup,equal_capacity_cf_proxy_pending_reeds_kmeans,Puerto Rico,2021,real_2021_usd,525.82074,10.470556,0.051500008,23.24377101324346,23.422972915743465,"PR100 2022 ATB moderate fixed-tilt PV, converted to 2021 real USD",,,
upv,895,pr101,3,7.497,0.0,7571.2793,7571.2793,0.19580016,18.219,-65.653,101,DAGUAO115,115.0,2.0647118058849507,pr100_connection_then_electrical_rollup,equal_capacity_cf_proxy_pending_reeds_kmeans,Puerto Rico,2021,real_2021_usd,525.8208,10.470557,0.0515,26.805548690492408,27.03288005777256,"PR100 2022 ATB moderate fixed-tilt PV, converted to 2021 real USD",,,
upv,897,pr101,4,14.679,0.0,26896.75,26896.75,0.1989075,18.219,-65.599,101,DAGUAO115,115.0,7.334828808529987,pr100_connection_then_electrical_rollup,equal_capacity_cf_proxy_pending_reeds_kmeans,Puerto Rico,2021,real_2021_usd,525.8208,10.470557,0.051500008,25.195868937637417,25.99084081925049,"PR100 2022 ATB moderate fixed-tilt PV, converted to 2021 real USD",,,
upv,936,pr266,1,13.426,0.0,9699.392,9699.392,0.1785011,18.194,-66.606,266,JAYUYA,115.0,2.6450548412833133,pr100_connection_then_electrical_rollup,equal_capacity_cf_proxy_pending_reeds_kmeans,Puerto Rico,2021,real_2021_usd,525.8208,10.470556,0.051500008,28.16057073348292,28.48002355475508,"PR100 2022 ATB moderate fixed-tilt PV, converted to 2021 real USD",,,
upv,947,pr353,1,8.911,0.0,5078.272,5078.272,0.18150508,18.194,-66.307,353,BARRANQT115,115.0,1.384860862087731,pr100_connection_then_electrical_rollup,equal_capacity_cf_proxy_pending_reeds_kmeans,Puerto Rico,2021,real_2021_usd,525.82074,10.470557,0.051499996,28.36168874371378,28.52617525646141,"PR100 2022 ATB moderate fixed-tilt PV, converted to 2021 real USD",,,
upv,954,pr451,2,6.811000000000001,0.0,21858.102,21858.102,0.18650815,18.194,-66.116,451,AGUBUENAS230,230.0,5.960773545606081,pr100_connection_then_electrical_rollup,equal_capacity_cf_proxy_pending_reeds_kmeans,Puerto Rico,2021,real_2021_usd,525.8208,10.470556,0.051500004,28.38986044294741,29.078858123387253,"PR100 2022 ATB moderate fixed-tilt PV, converted to 2021 real USD",,,
upv,956,pr451,1,11.543,0.0,27458.748,27458.748,0.18608561,18.194,-66.062,451,AGUBUENAS230,230.0,7.488087324729379,pr100_connection_then_electrical_rollup,equal_capacity_cf_proxy_pending_reeds_kmeans,Puerto Rico,2021,real_2021_usd,525.82074,10.470557,0.051500004,27.14227547626321,28.00977861237576,"PR100 2022 ATB moderate fixed-tilt PV, converted to 2021 real USD",,,
upv,957,pr451,1,10.087,0.0,35250.652,35250.652,0.18608662,18.194,-66.034,451,AGUBUENAS230,230.0,9.612964122739363,pr100_connection_then_electrical_rollup,equal_capacity_cf_proxy_pending_reeds_kmeans,Puerto Rico,2021,real_2021_usd,525.82074,10.470557,0.0515,27.235720242381102,28.349386669107915,"PR100 2022 ATB moderate fixed-tilt PV, converted to 2021 real USD",,,
upv,959,pr234,2,26.026,0.0,28369.436,28369.436,0.18837886,18.194,-65.98,234,JUNCOS115,115.0,7.73643453620763,pr100_connection_then_electrical_rollup,equal_capacity_cf_proxy_pending_reeds_kmeans,Puerto Rico,2021,real_2021_usd,525.8208,10.470557,0.051500004,25.89181558149606,26.77717913094556,"PR100 2022 ATB moderate fixed-tilt PV, converted to 2021 real USD",,,
upv,960,pr234,2,8.575000000000001,0.0,19754.203,19754.203,0.18963404,18.194,-65.953,234,JUNCOS115,115.0,5.3870335791551724,pr100_connection_then_electrical_rollup,equal_capacity_cf_proxy_pending_reeds_kmeans,Puerto Rico,2021,real_2021_usd,525.82074,10.470557,0.051499996,27.25610564965447,27.86852140307957,"PR100 2022 ATB moderate fixed-tilt PV, converted to 2021 real USD",,,
upv,961,pr234,2,12.348,0.0,13855.706,13855.706,0.1899024,18.194,-65.925,234,JUNCOS115,115.0,3.7784947558818494,pr100_connection_then_electrical_rollup,equal_capacity_cf_proxy_pending_reeds_kmeans,Puerto Rico,2021,real_2021_usd,525.82074,10.470557,0.051500004,26.5416799474239,26.970624663293677,"PR100 2022 ATB moderate fixed-tilt PV, converted to 2021 real USD",,,
upv,962,pr234,2,35.73500000000001,0.0,14974.697,14974.697,0.19070008,18.194,-65.898,234,JUNCOS115,115.0,4.083647180150693,pr100_connection_then_electrical_rollup,equal_capacity_cf_proxy_pending_reeds_kmeans,Puerto Rico,2021,real_2021_usd,525.82074,10.470557,0.051499993,24.97051016438105,25.4321574575138,"PR100 2022 ATB moderate fixed-tilt PV, converted to 2021 real USD",,,
upv,963,pr233,3,37.492,0.0,39928.137,39928.137,0.19101734,18.194,-65.871,233,YABUCOA230,230.0,10.888529466540813,pr100_connection_then_electrical_rollup,equal_capacity_cf_proxy_pending_reeds_kmeans,Puerto Rico,2021,real_2021_usd,525.82074,10.470557,0.051500004,24.81998170014697,26.04886142916332,"PR100 2022 ATB moderate fixed-tilt PV, converted to 2021 real USD",,,
upv,964,pr233,2,10.598,0.0,36469.46,36469.46,0.18876134,18.194,-65.844,233,YABUCOA230,230.0,9.94533702285343,pr100_connection_then_electrical_rollup,equal_capacity_cf_proxy_pending_reeds_kmeans,Puerto Rico,2021,real_2021_usd,525.82074,10.470557,0.051500004,26.821670996529345,27.957516902349795,"PR100 2022 ATB moderate fixed-tilt PV, converted to 2021 real USD",,,
upv,968,pr2002,2,7.224,0.0,16211.127,16211.127,0.18959944,18.193,-65.735,2002,SSHV,115.0,4.420825425257998,pr100_connection_then_electrical_rollup,equal_capacity_cf_proxy_pending_reeds_kmeans,Puerto Rico,2021,real_2021_usd,525.82074,10.470556,0.051500008,27.78912903751577,28.291794775016523,"PR100 2022 ATB moderate fixed-tilt PV, converted to 2021 real USD",,,
upv,992,pr232,1,21.427000000000003,0.0,28434.818,28434.818,0.18296166,18.167,-67.15,232,MAYATC230,230.0,7.754264586170341,pr100_connection_then_electrical_rollup,equal_capacity_cf_proxy_pending_reeds_kmeans,Puerto Rico,2021,real_2021_usd,525.82074,10.470557,0.051500004,26.93535575144885,27.84903445441056,"PR100 2022 ATB moderate fixed-tilt PV, converted to 2021 real USD",,,
upv,1007,pr96,1,11.221,0.0,67130.66,67130.66,0.18017282,18.168,-66.742,96,COSTASUR230,230.0,18.30674183804579,pr100_connection_then_electrical_rollup,equal_capacity_cf_proxy_pending_reeds_kmeans,Puerto Rico,2021,real_2021_usd,525.82074,10.470558,0.051500004,28.04170555328023,30.23216256741168,"PR100 2022 ATB moderate fixed-tilt PV, converted to 2021 real USD",,,
upv,1024,pr353,1,7.266,0.0,17704.967,17704.967,0.18230207,18.168,-66.279,353,BARRANQT115,115.0,4.82820027054267,pr100_connection_then_electrical_rollup,equal_capacity_cf_proxy_pending_reeds_kmeans,Puerto Rico,2021,real_2021_usd,525.8207,10.470556,0.051500008,28.86875894642018,29.43972020049871,"PR100 2022 ATB moderate fixed-tilt PV, converted to 2021 real USD",,,
upv,1028,pr10,2,6.090000000000001,0.0,19321.703,19321.703,0.18804763,18.168,-66.17,10,CAYEY115,115.0,5.269089283697875,pr100_connection_then_electrical_rollup,equal_capacity_cf_proxy_pending_reeds_kmeans,Puerto Rico,2021,real_2021_usd,525.82074,10.470557,0.0515,28.426981900335992,29.03104270038514,"PR100 2022 ATB moderate fixed-tilt PV, converted to 2021 real USD",,,
upv,1030,pr451,2,6.328,0.0,32297.637,32297.637,0.18752694,18.168,-66.116,451,AGUBUENAS230,230.0,8.807667690652249,pr100_connection_then_electrical_rollup,equal_capacity_cf_proxy_pending_reeds_kmeans,Puerto Rico,2021,real_2021_usd,525.8208,10.470557,0.051500008,28.41813724751105,29.430672586567667,"PR100 2022 ATB moderate fixed-tilt PV, converted to 2021 real USD",,,
upv,1032,pr451,2,9.884000000000002,0.0,36323.336,36323.336,0.18664888,18.168,-66.062,451,AGUBUENAS230,230.0,9.905488923709255,pr100_connection_then_electrical_rollup,equal_capacity_cf_proxy_pending_reeds_kmeans,Puerto Rico,2021,real_2021_usd,525.82074,10.470558,0.0515,27.20275392406128,28.34685257795862,"PR100 2022 ATB moderate fixed-tilt PV, converted to 2021 real USD",,,
upv,1035,pr234,2,39.928,0.0,34613.67,34613.67,0.18917033,18.168,-65.98,234,JUNCOS115,115.0,9.439257831733146,pr100_connection_then_electrical_rollup,equal_capacity_cf_proxy_pending_reeds_kmeans,Puerto Rico,2021,real_2021_usd,525.82074,10.470558,0.051499996,24.90533392991076,25.98105030513103,"PR100 2022 ATB moderate fixed-tilt PV, converted to 2021 real USD",,,
upv,1036,pr234,2,27.72,0.0,27990.152,27990.152,0.19059364,18.168,-65.953,234,JUNCOS115,115.0,7.633002821604575,pr100_connection_then_electrical_rollup,equal_capacity_cf_proxy_pending_reeds_kmeans,Puerto Rico,2021,real_2021_usd,525.82074,10.470557,0.051500004,25.486703369132307,26.350079357740764,"PR100 2022 ATB moderate fixed-tilt PV, converted to 2021 real USD",,,
upv,1037,pr234,3,8.47,0.0,24190.314,24190.314,0.1912186,18.168,-65.925,234,JUNCOS115,115.0,6.596775319845384,pr100_connection_then_electrical_rollup,equal_capacity_cf_proxy_pending_reeds_kmeans,Puerto Rico,2021,real_2021_usd,525.82074,10.470557,0.051499996,27.071824538375804,27.815553144593174,"PR100 2022 ATB moderate fixed-tilt PV, converted to 2021 real USD",,,
upv,1038,pr233,3,29.484,0.0,37890.363,37890.363,0.19109069,18.168,-65.898,233,YABUCOA230,230.0,10.332821294893247,pr100_connection_then_electrical_rollup,equal_capacity_cf_proxy_pending_reeds_kmeans,Puerto Rico,2021,real_2021_usd,525.8208,10.470556,0.051500004,25.30490329108773,26.470618263973417,"PR100 2022 ATB moderate fixed-tilt PV, converted to 2021 real USD",,,
upv,1039,pr233,2,16.499000000000002,0.0,30852.15,30852.15,0.19081956,18.168,-65.871,233,YABUCOA230,230.0,8.413478995872609,pr100_connection_then_electrical_rollup,equal_capacity_cf_proxy_pending_reeds_kmeans,Puerto Rico,2021,real_2021_usd,525.82074,10.470557,0.051499996,26.1574815191492,27.10801117624853,"PR100 2022 ATB moderate fixed-tilt PV, converted to 2021 real USD",,,
upv,1040,pr233,2,13.419,0.0,26221.773,26221.773,0.19070402,18.168,-65.844,233,YABUCOA230,230.0,7.150760222645688,pr100_connection_then_electrical_rollup,equal_capacity_cf_proxy_pending_reeds_kmeans,Puerto Rico,2021,real_2021_usd,525.82074,10.470557,0.051500004,26.36813757754265,27.176498578783225,"PR100 2022 ATB moderate fixed-tilt PV, converted to 2021 real USD",,,
upv,1067,pr116,1,38.416,0.0,16660.537,16660.537,0.18518496,18.141,-67.177,116,ACACIAS115,115.0,4.543380909145578,pr100_connection_then_electrical_rollup,equal_capacity_cf_proxy_pending_reeds_kmeans,Puerto Rico,2021,real_2021_usd,525.8208,10.470558,0.051499996,25.51579998840596,26.04471561461129,"PR100 2022 ATB moderate fixed-tilt PV, converted to 2021 real USD",,,
upv,1068,pr116,1,22.043,0.0,7370.3184,7370.3184,0.18408681,18.141,-67.15,116,ACACIAS115,115.0,2.0099090525489296,pr100_connection_then_electrical_rollup,equal_capacity_cf_proxy_pending_reeds_kmeans,Puerto Rico,2021,real_2021_usd,525.8208,10.470558,0.051500008,26.73023917312934,26.965617632694254,"PR100 2022 ATB moderate fixed-tilt PV, converted to 2021 real USD",,,
upv,1069,pr116,1,6.958,0.0,7115.1807,7115.1807,0.179226,18.141,-67.123,116,ACACIAS115,115.0,1.940332227742852,pr100_connection_then_electrical_rollup,equal_capacity_cf_proxy_pending_reeds_kmeans,Puerto Rico,2021,real_2021_usd,525.82074,10.470555,0.0515,29.45111267444472,29.684505783594435,"PR100 2022 ATB moderate fixed-tilt PV, converted to 2021 real USD",,,
upv,1070,pr116,1,8.505,0.0,16324.401,16324.401,0.17922603,18.141,-67.096,116,ACACIAS115,115.0,4.451715885011341,pr100_connection_then_electrical_rollup,equal_capacity_cf_proxy_pending_reeds_kmeans,Puerto Rico,2021,real_2021_usd,525.82074,10.470557,0.051499996,28.844725925836773,29.38020104897548,"PR100 2022 ATB moderate fixed-tilt PV, converted to 2021 real USD",,,
upv,1099,pr353,1,31.374,0.0,19635.87,19635.87,0.18598308,18.142,-66.307,353,BARRANQT115,115.0,5.35476374073999,pr100_connection_then_electrical_rollup,equal_capacity_cf_proxy_pending_reeds_kmeans,Puerto Rico,2021,real_2021_usd,525.82074,10.470557,0.0515,25.88305273699149,26.50374997557972,"PR100 2022 ATB moderate fixed-tilt PV, converted to 2021 real USD",,,
upv,1100,pr353,1,20.489,0.0,24591.572,24591.572,0.18474898,18.142,-66.279,353,BARRANQT115,115.0,6.706199225696095,pr100_connection_then_electrical_rollup,equal_capacity_cf_proxy_pending_reeds_kmeans,Puerto Rico,2021,real_2021_usd,525.82074,10.470557,0.051500004,26.7619212206638,27.544462687008743,"PR100 2022 ATB moderate fixed-tilt PV, converted to 2021 real USD",,,
upv,1102,pr10,1,16.625,0.0,22690.879,22690.879,0.18458432,18.142,-66.225,10,CAYEY115,115.0,6.187874515595184,pr100_connection_then_electrical_rollup,equal_capacity_cf_proxy_pending_reeds_kmeans,Puerto Rico,2021,real_2021_usd,525.82074,10.470557,0.051499996,27.0429351665466,27.765637832554788,"PR100 2022 ATB moderate fixed-tilt PV, converted to 2021 real USD",,,
upv,1104,pr10,2,8.589,0.0,8774.411,8774.411,0.18825804,18.142,-66.17,10,CAYEY115,115.0,2.392809764694769,pr100_connection_then_electrical_rollup,equal_capacity_cf_proxy_pending_reeds_kmeans,Puerto Rico,2021,real_2021_usd,525.8207,10.470556,0.0515,27.460343704077744,27.734354433122363,"PR100 2022 ATB moderate fixed-tilt PV, converted to 2021 real USD",,,
upv,1105,pr10,2,15.813,0.0,13980.001,13980.001,0.18942247,18.142,-66.143,10,CAYEY115,115.0,3.812390435648547,pr100_connection_then_electrical_rollup,equal_capacity_cf_proxy_pending_reeds_kmeans,Puerto Rico,2021,real_2021_usd,525.82074,10.470558,0.051499996,26.39685764866087,26.830746826578757,"PR100 2022 ATB moderate fixed-tilt PV, converted to 2021 real USD",,,
upv,1106,pr10,3,21.049000000000003,0.0,23096.639,23096.639,0.19133598,18.142,-66.116,10,CAYEY115,115.0,6.2985261652318965,pr100_connection_then_electrical_rollup,equal_capacity_cf_proxy_pending_reeds_kmeans,Puerto Rico,2021,real_2021_usd,525.82074,10.470557,0.0515,25.810169313706968,26.5198373935113,"PR100 2022 ATB moderate fixed-tilt PV, converted to 2021 real USD",,,
upv,1107,pr451,3,11.606,0.0,43123.707,43123.707,0.19123743,18.142,-66.089,451,AGUBUENAS230,230.0,11.759971068999077,pr100_connection_then_electrical_rollup,equal_capacity_cf_proxy_pending_reeds_kmeans,Puerto Rico,2021,real_2021_usd,525.82074,10.470557,0.051500004,26.41425919590118,27.739962378537086,"PR100 2022 ATB moderate fixed-tilt PV, converted to 2021 real USD",,,
upv,1108,pr451,2,5.215,0.0,45907.527,45907.527,0.18653837,18.142,-66.062,451,AGUBUENAS230,230.0,12.51912780714018,pr100_connection_then_electrical_rollup,equal_capacity_cf_proxy_pending_reeds_kmeans,Puerto Rico,2021,real_2021_usd,525.82074,10.470557,0.0515,28.98465066982059,30.43148507254837,"PR100 2022 ATB moderate fixed-tilt PV, converted to 2021 real USD",,,
upv,1111,pr234,1,23.569,0.0,42592.277,42592.277,0.1863772,18.142,-65.98,234,JUNCOS115,115.0,11.615049023454878,pr100_connection_then_electrical_rollup,equal_capacity_cf_proxy_pending_reeds_kmeans,Puerto Rico,2021,real_2021_usd,525.82074,10.470557,0.051500004,26.33905819489358,27.68256906536703,"PR100 2022 ATB moderate fixed-tilt PV, converted to 2021 real USD",,,
upv,1112,pr233,3,31.22,0.0,51778.492,51778.492,0.1909292,18.142,-65.953,233,YABUCOA230,230.0,14.120158773625494,pr100_connection_then_electrical_rollup,equal_capacity_cf_proxy_pending_reeds_kmeans,Puerto Rico,2021,real_2021_usd,525.82074,10.470558,0.051499996,25.22289686276437,26.817233988799245,"PR100 2022 ATB moderate fixed-tilt PV, converted to 2021 real USD",,,
upv,1115,pr233,2,7.140000000000001,0.0,23068.83,23068.83,0.19084713,18.142,-65.871,233,YABUCOA230,230.0,6.290942621752753,pr100_connection_then_electrical_rollup,equal_capacity_cf_proxy_pending_reeds_kmeans,Puerto Rico,2021,real_2021_usd,525.82074,10.470555,0.051500008,27.61639892290116,28.32702817097589,"PR100 2022 ATB moderate fixed-tilt PV, converted to 2021 real USD",,,
upv,1116,pr233,3,17.150000000000002,0.0,16366.364,16366.364,0.19101645,18.142,-65.844,233,YABUCOA230,230.0,4.463159260494075,pr100_connection_then_electrical_rollup,equal_capacity_cf_proxy_pending_reeds_kmeans,Puerto Rico,2021,real_2021_usd,525.82074,10.470556,0.051499996,26.102472994593988,26.606187612761108,"PR100 2022 ATB moderate fixed-tilt PV, converted to 2021 real USD",,,
upv,1118,pr233,4,8.372000000000002,0.0,19924.338,19924.338,0.1961762,18.141,-65.789,233,YABUCOA230,230.0,5.433430084025114,pr100_connection_then_electrical_rollup,equal_capacity_cf_proxy_pending_reeds_kmeans,Puerto Rico,2021,real_2021_usd,525.82074,10.470558,0.051499996,26.42337577875397,27.02046701912072,"PR100 2022 ATB moderate fixed-tilt PV, converted to 2021 real USD",,,
upv,1128,pr101,5,13.706,0.0,7266.25,7266.25,0.20147344,18.14,-65.517,581,NAVY VIEQUES,38.0,1.981529381823695,pr100_connection_then_electrical_rollup,equal_capacity_cf_proxy_pending_reeds_kmeans,Puerto Rico,2021,real_2021_usd,525.82074,10.470557,0.051500008,24.927150053954666,25.139179250191276,"PR100 2022 ATB moderate fixed-tilt PV, converted to 2021 real USD",,,
upv,1129,pr101,5,69.006,0.0,13926.474,13926.474,0.20172249,18.14,-65.49,581,NAVY VIEQUES,38.0,3.7977932763525435,pr100_connection_then_electrical_rollup,equal_capacity_cf_proxy_pending_reeds_kmeans,Puerto Rico,2021,real_2021_usd,525.82074,10.470557,0.051500008,22.183975806723268,22.58984861441628,"PR100 2022 ATB moderate fixed-tilt PV, converted to 2021 real USD",,,
upv,1130,pr101,5,6.58,0.0,23551.236,23551.236,0.20379165,18.14,-65.463,581,NAVY VIEQUES,38.0,6.42249652699474,pr100_connection_then_electrical_rollup,equal_capacity_cf_proxy_pending_reeds_kmeans,Puerto Rico,2021,real_2021_usd,525.8208,10.470557,0.051500008,26.0417516253038,26.721159299487876,"PR100 2022 ATB moderate fixed-tilt PV, converted to 2021 real USD",,,
upv,1131,pr101,5,6.195,0.0,33688.883,33688.883,0.20662849,18.14,-65.436,581,NAVY VIEQUES,38.0,9.18706527729324,pr100_connection_then_electrical_rollup,equal_capacity_cf_proxy_pending_reeds_kmeans,Puerto Rico,2021,real_2021_usd,525.82074,10.470557,0.051500004,25.819999914602995,26.778516248733222,"PR100 2022 ATB moderate fixed-tilt PV, converted to 2021 real USD",,,
upv,1143,pr116,2,44.506,0.0,16835.867,16835.867,0.18728529,18.115,-67.177,116,ACACIAS115,115.0,4.591194403850055,pr100_connection_then_electrical_rollup,equal_capacity_cf_proxy_pending_reeds_kmeans,Puerto Rico,2021,real_2021_usd,525.8208,10.470557,0.0515,24.841138578507987,25.36962636633447,"PR100 2022 ATB moderate fixed-tilt PV, converted to 2021 real USD",,,
upv,1144,pr116,1,68.32700000000001,0.0,7756.373,7756.373,0.18367308,18.115,-67.15,116,ACACIAS115,115.0,2.115187369387402,pr100_connection_then_electrical_rollup,equal_capacity_cf_proxy_pending_reeds_kmeans,Puerto Rico,2021,real_2021_usd,525.82074,10.470556,0.051500008,24.37576465560084,24.624030118644622,"PR100 2022 ATB moderate fixed-tilt PV, converted to 2021 real USD",,,
upv,1147,pr116,1,11.746,0.0,26605.225,26605.225,0.17896257,18.115,-67.069,116,ACACIAS115,115.0,7.255328966186873,pr100_connection_then_electrical_rollup,equal_capacity_cf_proxy_pending_reeds_kmeans,Puerto Rico,2021,real_2021_usd,525.82074,10.470557,0.051500004,28.19438639931754,29.068379178888552,"PR100 2022 ATB moderate fixed-tilt PV, converted to 2021 real USD",,,
upv,1148,pr169,1,34.209,0.0,20699.434,20699.434,0.18043244,18.116,-67.041,169,SGERMANTC115,115.0,5.644800976309706,pr100_connection_then_electrical_rollup,equal_capacity_cf_proxy_pending_reeds_kmeans,Puerto Rico,2021,real_2021_usd,525.8207,10.470557,0.051499996,26.47536411621593,27.149809801239545,"PR100 2022 ATB moderate fixed-tilt PV, converted to 2021 real USD",,,
upv,1167,pr1079,1,9.436,0.0,6834.2305,6834.2305,0.17002316,18.116,-66.524,1079,CERRITNEGRO,115.0,1.8637162875892506,pr100_connection_then_electrical_rollup,equal_capacity_cf_proxy_pending_reeds_kmeans,Puerto Rico,2021,real_2021_usd,525.82074,10.470558,0.051500004,30.09242114796608,30.32873253453284,"PR100 2022 ATB moderate fixed-tilt PV, converted to 2021 real USD",,,
upv,1168,pr213,1,9.884000000000002,0.0,7373.6016,7373.6016,0.16653189,18.116,-66.497,213,TORONEGRO115,115.0,2.0108045019733503,pr100_connection_then_electrical_rollup,equal_capacity_cf_proxy_pending_reeds_kmeans,Puerto Rico,2021,real_2021_usd,525.82074,10.470558,0.0515,30.525635323322582,30.785942041114374,"PR100 2022 ATB moderate fixed-tilt PV, converted to 2021 real USD",,,
upv,1173,pr353,1,10.43,0.0,33814.68,33814.68,0.18435055,18.116,-66.361,353,BARRANQT115,115.0,9.22137020656554,pr100_connection_then_electrical_rollup,equal_capacity_cf_proxy_pending_reeds_kmeans,Puerto Rico,2021,real_2021_usd,525.82074,10.470557,0.0515,27.46084134053826,28.539201851395585,"PR100 2022 ATB moderate fixed-tilt PV, converted to 2021 real USD",,,
upv,1174,pr353,1,10.906,0.0,30194.781,30194.781,0.18422589,18.116,-66.334,353,BARRANQT115,115.0,8.2342123776083,pr100_connection_then_electrical_rollup,equal_capacity_cf_proxy_pending_reeds_kmeans,Puerto Rico,2021,real_2021_usd,525.82074,10.470558,0.051500004,27.45171348087032,28.415285880367005,"PR100 2022 ATB moderate fixed-tilt PV, converted to 2021 real USD",,,
upv,1175,pr353,1,39.2,0.0,29992.15,29992.15,0.1859831,18.116,-66.307,353,BARRANQT115,115.0,8.17895438100804,pr100_connection_then_electrical_rollup,equal_capacity_cf_proxy_pending_reeds_kmeans,Puerto Rico,2021,real_2021_usd,525.82074,10.470557,0.051500004,25.37994940584862,26.32801248471115,"PR100 2022 ATB moderate fixed-tilt PV, converted to 2021 real USD",,,
upv,1176,pr353,1,13.643,0.0,33447.562,33447.562,0.18641981,18.116,-66.279,353,BARRANQT115,115.0,9.121256054108585,pr100_connection_then_electrical_rollup,equal_capacity_cf_proxy_pending_reeds_kmeans,Puerto Rico,2021,real_2021_usd,525.8208,10.470557,0.051500008,26.963709295439337,28.01852242797623,"PR100 2022 ATB moderate fixed-tilt PV, converted to 2021 real USD",,,
upv,1177,pr10,2,12.145,0.0,31460.703,31460.703,0.18651079,18.116,-66.252,10,CAYEY115,115.0,8.579433345500739,pr100_connection_then_electrical_rollup,equal_capacity_cf_proxy_pending_reeds_kmeans,Puerto Rico,2021,real_2021_usd,525.82074,10.470558,0.051500004,27.047424749776667,28.03909567853902,"PR100 2022 ATB moderate fixed-tilt PV, converted to 2021 real USD",,,
upv,1187,pr233,1,5.222,0.0,60293.535,60293.535,0.1863772,18.116,-65.98,233,YABUCOA230,230.0,16.442237360336474,pr100_connection_then_electrical_rollup,equal_capacity_cf_proxy_pending_reeds_kmeans,Puerto Rico,2021,real_2021_usd,525.82074,10.470557,0.0515,29.01318207062246,30.9150531390422,"PR100 2022 ATB moderate fixed-tilt PV, converted to 2021 real USD",,,
upv,1192,pr233,3,10.115000000000002,0.0,8417.222,8417.222,0.19101647,18.116,-65.844,233,YABUCOA230,230.0,2.295403007891317,pr100_connection_then_electrical_rollup,equal_capacity_cf_proxy_pending_reeds_kmeans,Puerto Rico,2021,real_2021_usd,525.82074,10.470557,0.051500004,26.542991178221857,26.802051597695804,"PR100 2022 ATB moderate fixed-tilt PV, converted to 2021 real USD",,,
upv,1193,pr233,3,31.192,0.0,4794.089,4794.089,0.19205135,18.115,-65.817,233,YABUCOA230,230.0,1.3073631438687658,pr100_connection_then_electrical_rollup,equal_capacity_cf_proxy_pending_reeds_kmeans,Puerto Rico,2021,real_2021_usd,525.8208,10.470557,0.0515,25.09399147884656,25.24074612238024,"PR100 2022 ATB moderate fixed-tilt PV, converted to 2021 real USD",,,
upv,1203,pr101,3,10.57,0.0,9982.0,9982.0,0.19541243,18.114,-65.545,581,NAVY VIEQUES,38.0,2.722122864376888,pr100_connection_then_electrical_rollup,equal_capacity_cf_proxy_pending_reeds_kmeans,Puerto Rico,2021,real_2021_usd,525.82074,10.470557,0.0515,25.88551778735157,26.18582689356929,"PR100 2022 ATB moderate fixed-tilt PV, converted to 2021 real USD",,,
upv,1204,pr101,4,57.96000000000001,0.0,3753.552,3753.552,0.19771132,18.114,-65.517,581,NAVY VIEQUES,38.0,1.0236054800718932,pr100_connection_then_electrical_rollup,equal_capacity_cf_proxy_pending_reeds_kmeans,Puerto Rico,2021,real_2021_usd,525.82074,10.470556,0.051500008,22.969041571257844,23.080654373322147,"PR100 2022 ATB moderate fixed-tilt PV, converted to 2021 real USD",,,
upv,1205,pr101,5,166.607,0.0,12460.265,12460.265,0.20168555,18.114,-65.49,581,NAVY VIEQUES,38.0,3.3979534990446854,pr100_connection_then_electrical_rollup,equal_capacity_cf_proxy_pending_reeds_kmeans,Puerto Rico,2021,real_2021_usd,525.82074,10.470556,0.051500008,21.274694956385613,21.63790311449393,"PR100 2022 ATB moderate fixed-tilt PV, converted to 2021 real USD",,,
upv,1206,pr101,5,60.354000000000006,0.0,22716.207,22716.207,0.2035298,18.114,-65.463,581,NAVY VIEQUES,38.0,6.194781570804936,pr100_connection_then_electrical_rollup,equal_capacity_cf_proxy_pending_reeds_kmeans,Puerto Rico,2021,real_2021_usd,525.82074,10.470557,0.051500008,22.244332380466467,22.90049415771791,"PR100 2022 ATB moderate fixed-tilt PV, converted to 2021 real USD",,,
upv,1219,pr116,2,108.059,0.0,22628.146,22628.146,0.18771364,18.089,-67.177,116,ACACIAS115,115.0,6.170766806756477,pr100_connection_then_electrical_rollup,equal_capacity_cf_proxy_pending_reeds_kmeans,Puerto Rico,2021,real_2021_usd,525.82074,10.470557,0.051500008,22.84338633006148,23.552076244075963,"PR100 2022 ATB moderate fixed-tilt PV, converted to 2021 real USD",,,
upv,1220,pr116,1,21.805,0.0,16991.607,16991.607,0.18620518,18.089,-67.15,116,ACACIAS115,115.0,4.633664932412283,pr100_connection_then_electrical_rollup,equal_capacity_cf_proxy_pending_reeds_kmeans,Puerto Rico,2021,real_2021_usd,525.8208,10.470557,0.051500004,26.444113406157182,26.9805839040409,"PR100 2022 ATB moderate fixed-tilt PV, converted to 2021 real USD",,,
upv,1221,pr116,1,77.41300000000001,0.0,16882.469,16882.469,0.18310727,18.089,-67.123,116,ACACIAS115,115.0,4.603902350145897,pr100_connection_then_electrical_rollup,equal_capacity_cf_proxy_pending_reeds_kmeans,Puerto Rico,2021,real_2021_usd,525.82074,10.470556,0.051500008,24.154535656724025,24.69657834583621,"PR100 2022 ATB moderate fixed-tilt PV, converted to 2021 real USD",,,
upv,1222,pr116,1,36.281,0.0,22381.734,22381.734,0.18327834,18.089,-67.096,116,ACACIAS115,115.0,6.103569561362676,pr100_connection_then_electrical_rollup,equal_capacity_cf_proxy_pending_reeds_kmeans,Puerto Rico,2021,real_2021_usd,525.82074,10.470557,0.0515,25.920682665870867,26.638618631860137,"PR100 2022 ATB moderate fixed-tilt PV, converted to 2021 real USD",,,
upv,1223,pr169,1,5.180000000000001,0.0,23532.93,23532.93,0.18192844,18.089,-67.068,169,SGERMANTC115,115.0,6.4175040534065255,pr100_connection_then_electrical_rollup,equal_capacity_cf_proxy_pending_reeds_kmeans,Puerto Rico,2021,real_2021_usd,525.82074,10.470557,0.0515,29.703397593928383,30.463861385038232,"PR100 2022 ATB moderate fixed-tilt PV, converted to 2021 real USD",,,
upv,1225,pr169,1,21.035,0.0,6334.8667,6334.8667,0.18109746,18.09,-67.014,169,SGERMANTC115,115.0,1.727538110148373,pr100_connection_then_electrical_rollup,equal_capacity_cf_proxy_pending_reeds_kmeans,Puerto Rico,2021,real_2021_usd,525.82074,10.470557,0.051500004,27.24693104060352,27.45258081895963,"PR100 2022 ATB moderate fixed-tilt PV, converted to 2021 real USD",,,
upv,1226,pr169,1,9.821,0.0,10509.818,10509.818,0.1801998,18.09,-66.987,169,SGERMANTC115,115.0,2.866060614489898,pr100_connection_then_electrical_rollup,equal_capacity_cf_proxy_pending_reeds_kmeans,Puerto Rico,2021,real_2021_usd,525.82074,10.470557,0.0515,28.19293025602258,28.53581175564877,"PR100 2022 ATB moderate fixed-tilt PV, converted to 2021 real USD",,,
upv,1227,pr169,1,17.017,0.0,20011.71,20011.71,0.18017828,18.09,-66.96,169,SGERMANTC115,115.0,5.45725705559923,pr100_connection_then_electrical_rollup,equal_capacity_cf_proxy_pending_reeds_kmeans,Puerto Rico,2021,real_2021_usd,525.82074,10.470557,0.051499996,27.6632841522149,28.316241663789757,"PR100 2022 ATB moderate fixed-tilt PV, converted to 2021 real USD",,,
upv,1231,pr96,1,7.763,0.0,51343.973,51343.973,0.17908394,18.09,-66.851,96,COSTASUR230,230.0,14.001664056306588,pr100_connection_then_electrical_rollup,equal_capacity_cf_proxy_pending_reeds_kmeans,Puerto Rico,2021,real_2021_usd,525.8208,10.470558,0.051499996,29.17706329662344,30.86259122107366,"PR100 2022 ATB moderate fixed-tilt PV, converted to 2021 real USD",,,
upv,1233,pr96,1,18.536,0.0,38720.26,38720.26,0.17590004,18.09,-66.796,96,COSTASUR230,230.0,10.559137270616114,pr100_connection_then_electrical_rollup,equal_capacity_cf_proxy_pending_reeds_kmeans,Puerto Rico,2021,real_2021_usd,525.8208,10.470557,0.051499996,28.229729648455752,29.523852406819625,"PR100 2022 ATB moderate fixed-tilt PV, converted to 2021 real USD",,,
upv,1241,pr1802,1,10.024,0.0,13452.936,13452.936,0.17555524,18.09,-66.579,1802,WINDMAR,115.0,3.6686579105454435,pr100_connection_then_electrical_rollup,equal_capacity_cf_proxy_pending_reeds_kmeans,Puerto Rico,2021,real_2021_usd,525.82074,10.470557,0.0515,28.871287667040207,29.321799686207683,"PR100 2022 ATB moderate fixed-tilt PV, converted to 2021 real USD",,,
upv,1242,pr313,1,6.713,0.0,12212.343,12212.343,0.17555912,18.09,-66.551,313,JDIAZTC,115.0,3.3303444784631173,pr100_connection_then_electrical_rollup,equal_capacity_cf_proxy_pending_reeds_kmeans,Puerto Rico,2021,real_2021_usd,525.8208,10.470556,0.051500004,30.18866228100777,30.597620296064648,"PR100 2022 ATB moderate fixed-tilt PV, converted to 2021 real USD",,,
upv,1247,pr296,1,6.727,0.0,32739.285,32739.285,0.18325351,18.09,-66.415,296,SISABEL115,115.0,8.928106429746535,pr100_connection_then_electrical_rollup,equal_capacity_cf_proxy_pending_reeds_kmeans,Puerto Rico,2021,real_2021_usd,525.82074,10.470557,0.051500008,28.9045817899448,29.95489790342588,"PR100 2022 ATB moderate fixed-tilt PV, converted to 2021 real USD",,,
upv,1248,pr296,1,12.215000000000002,0.0,28508.973,28508.973,0.1824517,18.09,-66.388,296,SISABEL115,115.0,7.774487042268318,pr100_connection_then_electrical_rollup,equal_capacity_cf_proxy_pending_reeds_kmeans,Puerto Rico,2021,real_2021_usd,525.82074,10.470557,0.051500004,27.62590600723645,28.54452783270473,"PR100 2022 ATB moderate fixed-tilt PV, converted to 2021 real USD",,,
upv,1249,pr296,1,40.894000000000005,0.0,27810.367,27810.367,0.18398353,18.09,-66.361,296,SISABEL115,115.0,7.583974824144007,pr100_connection_then_electrical_rollup,equal_capacity_cf_proxy_pending_reeds_kmeans,Puerto Rico,2021,real_2021_usd,525.82074,10.470557,0.0515,25.53648759545985,26.425137894928618,"PR100 2022 ATB moderate fixed-tilt PV, converted to 2021 real USD",,,
upv,1250,pr296,1,6.251,0.0,30884.066,30884.066,0.1848416,18.09,-66.334,296,SISABEL115,115.0,8.422182648540238,pr100_connection_then_electrical_rollup,equal_capacity_cf_proxy_pending_reeds_kmeans,Puerto Rico,2021,real_2021_usd,525.82074,10.470556,0.051500004,28.841249095715256,29.823534930006502,"PR100 2022 ATB moderate fixed-tilt PV, converted to 2021 real USD",,,
upv,1251,pr296,2,10.556,0.0,36796.586,36796.586,0.18683529,18.09,-66.307,296,SISABEL115,115.0,10.034545718017693,pr100_connection_then_electrical_rollup,equal_capacity_cf_proxy_pending_reeds_kmeans,Puerto Rico,2021,real_2021_usd,525.8207,10.470557,0.0515,27.08882764255515,28.246676141287608,"PR100 2022 ATB moderate fixed-tilt PV, converted to 2021 real USD",,,
upv,1266,pr233,1,28.392,0.0,29068.645,29068.645,0.18547416,18.09,-65.898,233,YABUCOA230,230.0,7.927111066139636,pr100_connection_then_electrical_rollup,equal_capacity_cf_proxy_pending_reeds_kmeans,Puerto Rico,2021,real_2021_usd,525.82074,10.470557,0.051500004,26.174137755358466,27.095529847008603,"PR100 2022 ATB moderate fixed-tilt PV, converted to 2021 real USD",,,
upv,1267,pr233,3,76.86,0.0,18998.594,18998.594,0.19515157,18.09,-65.871,233,YABUCOA230,230.0,5.1809766961917365,pr100_connection_then_electrical_rollup,equal_capacity_cf_proxy_pending_reeds_kmeans,Puerto Rico,2021,real_2021_usd,525.82074,10.470556,0.051500008,22.71374701366254,23.286084929463,"PR100 2022 ATB moderate fixed-tilt PV, converted to 2021 real USD",,,
upv,1268,pr233,4,48.923,0.0,9826.255,9826.255,0.1966716,18.09,-65.844,233,YABUCOA230,230.0,2.679650852509942,pr100_connection_then_electrical_rollup,equal_capacity_cf_proxy_pending_reeds_kmeans,Puerto Rico,2021,real_2021_usd,525.82074,10.470557,0.051500004,23.41767992238899,23.711410726982088,"PR100 2022 ATB moderate fixed-tilt PV, converted to 2021 real USD",,,
upv,1269,pr233,5,54.992,0.0,7566.26,7566.26,0.20017745,18.089,-65.817,233,YABUCOA230,230.0,2.063343000435792,pr100_connection_then_electrical_rollup,equal_capacity_cf_proxy_pending_reeds_kmeans,Puerto Rico,2021,real_2021_usd,525.8208,10.470556,0.051500008,22.77811394709565,23.000326825268125,"PR100 2022 ATB moderate fixed-tilt PV, converted to 2021 real USD",,,
upv,1280,pr101,5,35.427,0.0,14038.602,14038.602,0.2012814,18.088,-65.518,581,NAVY VIEQUES,38.0,3.828371063961538,pr100_connection_then_electrical_rollup,equal_capacity_cf_proxy_pending_reeds_kmeans,Puerto Rico,2021,real_2021_usd,525.8207,10.470557,0.051499996,23.676005901862805,24.086043163035846,"PR100 2022 ATB moderate fixed-tilt PV, converted to 2021 real USD",,,
upv,1294,pr116,3,53.284,0.0,37501.16,37501.16,0.19196182,18.063,-67.204,116,ACACIAS115,115.0,10.226685250434118,pr100_connection_then_electrical_rollup,equal_capacity_cf_proxy_pending_reeds_kmeans,Puerto Rico,2021,real_2021_usd,525.8208,10.470556,0.051500008,23.79028101361344,24.938786184933832,"PR100 2022 ATB moderate fixed-tilt PV, converted to 2021 real USD",,,
upv,1295,pr116,3,67.62,0.0,31037.59,31037.59,0.19118157,18.063,-67.177,116,ACACIAS115,115.0,8.46404879231357,pr100_connection_then_electrical_rollup,equal_capacity_cf_proxy_pending_reeds_kmeans,Puerto Rico,2021,real_2021_usd,525.82074,10.470557,0.051500004,23.4415808952566,24.396013129974637,"PR100 2022 ATB moderate fixed-tilt PV, converted to 2021 real USD",,,
upv,1296,pr116,1,56.658,0.0,27202.586,27202.586,0.18632613,18.063,-67.15,116,ACACIAS115,115.0,7.418231243256507,pr100_connection_then_electrical_rollup,equal_capacity_cf_proxy_pending_reeds_kmeans,Puerto Rico,2021,real_2021_usd,525.82074,10.470556,0.051500008,24.41197393267984,25.270274829189997,"PR100 2022 ATB moderate fixed-tilt PV, converted to 2021 real USD",,,
upv,1297,pr116,2,37.142,0.0,27134.541,27134.541,0.18990834,18.063,-67.123,116,ACACIAS115,115.0,7.399674993104102,pr100_connection_then_electrical_rollup,equal_capacity_cf_proxy_pending_reeds_kmeans,Puerto Rico,2021,real_2021_usd,525.82074,10.470557,0.051499996,24.96428214078866,25.80428653124594,"PR100 2022 ATB moderate fixed-tilt PV, converted to 2021 real USD",,,
upv,1298,pr116,2,11.291,0.0,30858.383,30858.383,0.18757655,18.063,-67.096,116,ACACIAS115,115.0,8.415178406411872,pr100_connection_then_electrical_rollup,equal_capacity_cf_proxy_pending_reeds_kmeans,Puerto Rico,2021,real_2021_usd,525.82074,10.470559,0.051500004,26.92373246286031,27.890891129353346,"PR100 2022 ATB moderate fixed-tilt PV, converted to 2021 real USD",,,
upv,1299,pr169,2,21.847,0.0,23370.033,23370.033,0.18827541,18.063,-67.068,169,SGERMANTC115,115.0,6.373082153755297,pr100_connection_then_electrical_rollup,equal_capacity_cf_proxy_pending_reeds_kmeans,Puerto Rico,2021,real_2021_usd,525.8208,10.470557,0.051500008,26.151952000584533,26.88169320528353,"PR100 2022 ATB moderate fixed-tilt PV, converted to 2021 real USD",,,
upv,1300,pr169,2,73.227,0.0,13306.131,13306.131,0.18838961,18.063,-67.041,169,SGERMANTC115,115.0,3.628623882172617,pr100_connection_then_electrical_rollup,equal_capacity_cf_proxy_pending_reeds_kmeans,Puerto Rico,2021,real_2021_usd,525.82074,10.470556,0.051500008,23.617073596188447,24.032312437945777,"PR100 2022 ATB moderate fixed-tilt PV, converted to 2021 real USD",,,
upv,1301,pr169,1,36.715,0.0,4883.382,4883.382,0.1862955,18.064,-67.014,169,SGERMANTC115,115.0,1.331713652741002,pr100_connection_then_electrical_rollup,equal_capacity_cf_proxy_pending_reeds_kmeans,Puerto Rico,2021,real_2021_usd,525.8208,10.470557,0.0515,25.49073860654597,25.644845282592453,"PR100 2022 ATB moderate fixed-tilt PV, converted to 2021 real USD",,,
upv,1302,pr169,2,62.09,0.0,9704.833,9704.833,0.18943697,18.064,-66.987,169,SGERMANTC115,115.0,2.64653850537679,pr100_connection_then_electrical_rollup,equal_capacity_cf_proxy_pending_reeds_kmeans,Puerto Rico,2021,real_2021_usd,525.82074,10.470556,0.051500008,23.838641900643296,24.13982211753732,"PR100 2022 ATB moderate fixed-tilt PV, converted to 2021 real USD",,,
upv,1303,pr169,2,29.666,0.0,19602.027,19602.027,0.18833998,18.064,-66.96,169,SGERMANTC115,115.0,5.345534751811967,pr100_connection_then_electrical_rollup,equal_capacity_cf_proxy_pending_reeds_kmeans,Puerto Rico,2021,real_2021_usd,525.8208,10.470556,0.051500004,25.661008810189376,26.27288223019407,"PR100 2022 ATB moderate fixed-tilt PV, converted to 2021 real USD",,,
upv,1304,pr169,2,17.304,0.0,30283.898,30283.898,0.1865888,18.064,-66.932,169,SGERMANTC115,115.0,8.258514781701862,pr100_connection_then_electrical_rollup,equal_capacity_cf_proxy_pending_reeds_kmeans,Puerto Rico,2021,real_2021_usd,525.8207,10.470558,0.0515,26.7090962023162,27.66327402991245,"PR100 2022 ATB moderate fixed-tilt PV, converted to 2021 real USD",,,
upv,1307,pr96,2,40.691,0.0,44755.71,44755.71,0.18685672,18.064,-66.851,96,COSTASUR230,230.0,12.20502378889735,pr100_connection_then_electrical_rollup,equal_capacity_cf_proxy_pending_reeds_kmeans,Puerto Rico,2021,real_2021_usd,525.82074,10.470557,0.0515,25.166476858300385,26.574607263955613,"PR100 2022 ATB moderate fixed-tilt PV, converted to 2021 real USD",,,
upv,1308,pr96,1,8.134,0.0,36481.215,36481.215,0.18590158,18.064,-66.824,96,COSTASUR230,230.0,9.94854231387411,pr100_connection_then_electrical_rollup,equal_capacity_cf_proxy_pending_reeds_kmeans,Puerto Rico,2021,real_2021_usd,525.82074,10.470557,0.051499996,27.96883870184734,29.122529266061097,"PR100 2022 ATB moderate fixed-tilt PV, converted to 2021 real USD",,,
upv,1309,pr96,1,22.652,0.0,29427.201,29427.201,0.17931853,18.064,-66.796,96,COSTASUR230,230.0,8.024890696959547,pr100_connection_then_electrical_rollup,equal_capacity_cf_proxy_pending_reeds_kmeans,Puerto Rico,2021,real_2021_usd,525.82074,10.470558,0.051500008,27.434980406540905,28.399757335337902,"PR100 2022 ATB moderate fixed-tilt PV, converted to 2021 real USD",,,
upv,1310,pr96,1,34.027,0.0,25328.357,25328.357,0.18080427,18.064,-66.769,96,COSTASUR230,230.0,6.907123276972281,pr100_connection_then_electrical_rollup,equal_capacity_cf_proxy_pending_reeds_kmeans,Puerto Rico,2021,real_2021_usd,525.82074,10.470556,0.0515,26.454030656519105,27.27760244964238,"PR100 2022 ATB moderate fixed-tilt PV, converted to 2021 real USD",,,
upv,1312,pr96,1,12.215000000000002,0.0,29190.494,29190.494,0.18308707,18.064,-66.715,96,COSTASUR230,230.0,7.960339845278682,pr100_connection_then_electrical_rollup,equal_capacity_cf_proxy_pending_reeds_kmeans,Puerto Rico,2021,real_2021_usd,525.82074,10.470557,0.051500004,27.581438107650605,28.518755959136747,"PR100 2022 ATB moderate fixed-tilt PV, converted to 2021 real USD",,,
upv,1314,pr363,1,23.604,0.0,31641.16,31641.16,0.18356457,18.064,-66.66,363,PONCETC230,230.0,8.62864453802022,pr100_connection_then_electrical_rollup,equal_capacity_cf_proxy_pending_reeds_kmeans,Puerto Rico,2021,real_2021_usd,525.82074,10.470557,0.0515,26.744084425843628,27.75745121661291,"PR100 2022 ATB moderate fixed-tilt PV, converted to 2021 real USD",,,
upv,1317,pr1802,1,17.325000000000003,0.0,2974.1167,2974.1167,0.18441594,18.064,-66.579,1802,WINDMAR,115.0,0.811051050680741,pr100_connection_then_electrical_rollup,equal_capacity_cf_proxy_pending_reeds_kmeans,Puerto Rico,2021,real_2021_usd,525.8207,10.470557,0.051499996,27.0094210813234,27.104232940871068,"PR100 2022 ATB moderate fixed-tilt PV, converted to 2021 real USD",,,
upv,1318,pr313,1,19.943,0.0,1663.7877,1663.7877,0.18537639,18.064,-66.551,313,JDIAZTC,115.0,0.45372016793582587,pr100_connection_then_electrical_rollup,equal_capacity_cf_proxy_pending_reeds_kmeans,Puerto Rico,2021,real_2021_usd,525.82074,10.470558,0.0515,26.69593320097419,26.748698282081783,"PR100 2022 ATB moderate fixed-tilt PV, converted to 2021 real USD",,,
upv,1319,pr1078,1,13.069,0.0,10733.038,10733.038,0.18600714,18.064,-66.524,1078,CERRIJDIAZT,115.0,2.9269333645977382,pr100_connection_then_electrical_rollup,equal_capacity_cf_proxy_pending_reeds_kmeans,Puerto Rico,2021,real_2021_usd,525.82074,10.470558,0.051500008,27.04059289679106,27.37982440310904,"PR100 2022 ATB moderate fixed-tilt PV, converted to 2021 real USD",,,
upv,1320,pr1079,1,34.006,0.0,17125.555,17125.555,0.18410794,18.064,-66.497,1079,CERRITNEGRO,115.0,4.670192993924294,pr100_connection_then_electrical_rollup,equal_capacity_cf_proxy_pending_reeds_kmeans,Puerto Rico,2021,real_2021_usd,525.8207,10.470557,0.0515,25.969955476290647,26.51681433303508,"PR100 2022 ATB moderate fixed-tilt PV, converted to 2021 real USD",,,
upv,1321,pr1079,1,10.738,0.0,24461.549,24461.549,0.18620199,18.064,-66.47,1079,CERRITNEGRO,115.0,6.670741444639321,pr100_connection_then_electrical_rollup,equal_capacity_cf_proxy_pending_reeds_kmeans,Puerto Rico,2021,real_2021_usd,525.82074,10.470558,0.0515,27.16475666580234,27.937086408842436,"PR100 2022 ATB moderate fixed-tilt PV, converted to 2021 real USD",,,
upv,1323,pr296,2,31.668000000000003,0.0,24507.814,24507.814,0.18886058,18.064,-66.415,296,SISABEL115,115.0,6.683358525427458,pr100_connection_then_electrical_rollup,equal_capacity_cf_proxy_pending_reeds_kmeans,Puerto Rico,2021,real_2021_usd,525.82074,10.470558,0.0515,25.459247690168844,26.222145546961656,"PR100 2022 ATB moderate fixed-tilt PV, converted to 2021 real USD",,,
upv,1324,pr296,2,42.847,0.0,18479.584,18479.584,0.18746023,18.064,-66.388,296,SISABEL115,115.0,5.0394411505706085,pr100_connection_then_electrical_rollup,equal_capacity_cf_proxy_pending_reeds_kmeans,Puerto Rico,2021,real_2021_usd,525.8208,10.470557,0.0515,24.939836364526613,25.51938001858756,"PR100 2022 ATB moderate fixed-tilt PV, converted to 2021 real USD",,,
upv,1325,pr296,2,33.572,0.0,17382.287,17382.287,0.19061293,18.064,-66.361,296,SISABEL115,115.0,4.7402047886843315,pr100_connection_then_electrical_rollup,equal_capacity_cf_proxy_pending_reeds_kmeans,Puerto Rico,2021,real_2021_usd,525.82074,10.470556,0.051499996,25.10061364235577,25.63672831578688,"PR100 2022 ATB moderate fixed-tilt PV, converted to 2021 real USD",,,
upv,1326,pr296,2,6.853,0.0,21967.695,21967.695,0.18689662,18.064,-66.334,296,SISABEL115,115.0,5.9906597483563235,pr100_connection_then_electrical_rollup,equal_capacity_cf_proxy_pending_reeds_kmeans,Puerto Rico,2021,real_2021_usd,525.82074,10.470557,0.051500008,28.302918085377303,28.993931009397425,"PR100 2022 ATB moderate fixed-tilt PV, converted to 2021 real USD",,,
upv,1327,pr296,2,9.709,0.0,29711.986,29711.986,0.18907261,18.064,-66.307,296,SISABEL115,115.0,8.102552385260186,pr100_connection_then_electrical_rollup,equal_capacity_cf_proxy_pending_reeds_kmeans,Puerto Rico,2021,real_2021_usd,525.82074,10.470558,0.051499996,26.908999060080376,27.832859153229663,"PR100 2022 ATB moderate fixed-tilt PV, converted to 2021 real USD",,,
upv,1329,pr106,2,7.63,0.0,46189.094,46189.094,0.18892159,18.064,-66.252,106,AGUIRRE230,230.0,12.595912038669615,pr100_connection_then_electrical_rollup,equal_capacity_cf_proxy_pending_reeds_kmeans,Puerto Rico,2021,real_2021_usd,525.82074,10.470558,0.0515,27.709842278573305,29.147187083347173,"PR100 2022 ATB moderate fixed-tilt PV, converted to 2021 real USD",,,
upv,1336,pr334,1,16.016000000000002,0.0,37208.066,37208.066,0.18321413,18.064,-66.062,334,MAUNABOTAP,115.0,10.146756909515904,pr100_connection_then_electrical_rollup,equal_capacity_cf_proxy_pending_reeds_kmeans,Puerto Rico,2021,real_2021_usd,525.82074,10.470557,0.051499996,27.30329479295076,28.49723139819124,"PR100 2022 ATB moderate fixed-tilt PV, converted to 2021 real USD",,,
upv,1343,pr233,3,10.913,0.0,24686.113,24686.113,0.19521545,18.064,-65.871,233,YABUCOA230,230.0,6.731981213230973,pr100_connection_then_electrical_rollup,equal_capacity_cf_proxy_pending_reeds_kmeans,Puerto Rico,2021,real_2021_usd,525.82074,10.470557,0.051500004,25.923688808644933,26.66712150219398,"PR100 2022 ATB moderate fixed-tilt PV, converted to 2021 real USD",,,
upv,1346,pr233,3,12.733,0.0,22116.92,22116.92,0.19508426,18.063,-65.79,233,YABUCOA230,230.0,6.031354180450216,pr100_connection_then_electrical_rollup,equal_capacity_cf_proxy_pending_reeds_kmeans,Puerto Rico,2021,real_2021_usd,525.8208,10.470558,0.051500008,25.80991835193998,26.4764266067294,"PR100 2022 ATB moderate fixed-tilt PV, converted to 2021 real USD",,,
upv,1371,pr116,3,67.34700000000001,0.0,40464.09,40464.09,0.192008,18.037,-67.177,116,ACACIAS115,115.0,11.034685216808828,pr100_connection_then_electrical_rollup,equal_capacity_cf_proxy_pending_reeds_kmeans,Puerto Rico,2021,real_2021_usd,525.82074,10.470557,0.051500008,23.34712742223198,24.586076842650456,"PR100 2022 ATB moderate fixed-tilt PV, converted to 2021 real USD",,,
upv,1372,pr116,2,63.252,0.0,37602.637,37602.637,0.19088161,18.037,-67.15,116,ACACIAS115,115.0,10.254358326047724,pr100_connection_then_electrical_rollup,equal_capacity_cf_proxy_pending_reeds_kmeans,Puerto Rico,2021,real_2021_usd,525.82074,10.470556,0.051500008,23.61539474563024,24.77352478644978,"PR100 2022 ATB moderate fixed-tilt PV, converted to 2021 real USD",,,
upv,1373,pr116,2,78.316,0.0,37553.438,37553.438,0.1905233,18.037,-67.123,116,ACACIAS115,115.0,10.240941260930262,pr100_connection_then_electrical_rollup,equal_capacity_cf_proxy_pending_reeds_kmeans,Puerto Rico,2021,real_2021_usd,525.82074,10.470556,0.051500008,23.18822438750776,24.347014375935444,"PR100 2022 ATB moderate fixed-tilt PV, converted to 2021 real USD",,,
upv,1374,pr169,2,58.373000000000005,0.0,36744.316,36744.316,0.18862374,18.037,-67.095,169,SGERMANTC115,115.0,10.020290835908714,pr100_connection_then_electrical_rollup,equal_capacity_cf_proxy_pending_reeds_kmeans,Puerto Rico,2021,real_2021_usd,525.82074,10.470556,0.051500008,24.05461570686339,25.199856842154645,"PR100 2022 ATB moderate fixed-tilt PV, converted to 2021 real USD",,,
upv,1375,pr169,2,50.589,0.0,27590.414,27590.414,0.18832798,18.037,-67.068,169,SGERMANTC115,115.0,7.523993143831906,pr100_connection_then_electrical_rollup,equal_capacity_cf_proxy_pending_reeds_kmeans,Puerto Rico,2021,real_2021_usd,525.8208,10.470557,0.051500008,24.33998559479941,25.201269848749984,"PR100 2022 ATB moderate fixed-tilt PV, converted to 2021 real USD",,,
upv,1376,pr169,2,13.069,0.0,19800.781,19800.781,0.1889987,18.037,-67.041,169,SGERMANTC115,115.0,5.3997354098886925,pr100_connection_then_electrical_rollup,equal_capacity_cf_proxy_pending_reeds_kmeans,Puerto Rico,2021,real_2021_usd,525.82074,10.470558,0.051500008,26.61202690628502,27.227950203927936,"PR100 2022 ATB moderate fixed-tilt PV, converted to 2021 real USD",,,
upv,1378,pr169,2,15.967,0.0,17338.521,17338.521,0.18943867,18.038,-66.987,169,SGERMANTC115,115.0,4.728269481088433,pr100_connection_then_electrical_rollup,equal_capacity_cf_proxy_pending_reeds_kmeans,Puerto Rico,2021,real_2021_usd,525.82074,10.470556,0.0515,26.366259086540826,26.904338700999663,"PR100 2022 ATB moderate fixed-tilt PV, converted to 2021 real USD",,,
upv,1379,pr169,2,12.705000000000002,0.0,24610.729,24610.729,0.18979366,18.038,-66.959,169,SGERMANTC115,115.0,6.711423490572601,pr100_connection_then_electrical_rollup,equal_capacity_cf_proxy_pending_reeds_kmeans,Puerto Rico,2021,real_2021_usd,525.82074,10.470558,0.051500008,26.52477783946064,27.287112893854363,"PR100 2022 ATB moderate fixed-tilt PV, converted to 2021 real USD",,,
upv,1380,pr23,2,15.176000000000002,0.0,32130.055,32130.055,0.1901398,18.038,-66.932,23,GUANICA115,115.0,8.761967306698114,pr100_connection_then_electrical_rollup,equal_capacity_cf_proxy_pending_reeds_kmeans,Puerto Rico,2021,real_2021_usd,525.8208,10.470557,0.051499996,26.32344137780139,27.31688121309888,"PR100 2022 ATB moderate fixed-tilt PV, converted to 2021 real USD",,,
upv,1382,pr23,2,47.733,0.0,30205.113,30205.113,0.18891676,18.038,-66.878,23,GUANICA115,115.0,8.23702974222037,pr100_connection_then_electrical_rollup,equal_capacity_cf_proxy_pending_reeds_kmeans,Puerto Rico,2021,real_2021_usd,525.82074,10.470558,0.051500004,24.43853552509245,25.378503611558955,"PR100 2022 ATB moderate fixed-tilt PV, converted to 2021 real USD",,,
upv,1383,pr96,2,19.453000000000003,0.0,39908.113,39908.113,0.1885345,18.038,-66.851,96,COSTASUR230,230.0,10.883068425811437,pr100_connection_then_electrical_rollup,equal_capacity_cf_proxy_pending_reeds_kmeans,Puerto Rico,2021,real_2021_usd,525.8208,10.470557,0.0515,26.27878345918881,27.52322208667547,"PR100 2022 ATB moderate fixed-tilt PV, converted to 2021 real USD",,,
upv,1384,pr96,2,38.367,0.0,29994.756,29994.756,0.18716387,18.038,-66.823,96,COSTASUR230,230.0,8.179664823551954,pr100_connection_then_electrical_rollup,equal_capacity_cf_proxy_pending_reeds_kmeans,Puerto Rico,2021,real_2021_usd,525.82074,10.470557,0.051499996,25.27667520835747,26.21883909322636,"PR100 2022 ATB moderate fixed-tilt PV, converted to 2021 real USD",,,
upv,1385,pr96,1,8.855,0.0,21339.531,21339.531,0.18508138,18.038,-66.796,96,COSTASUR230,230.0,5.819357688273029,pr100_connection_then_electrical_rollup,equal_capacity_cf_proxy_pending_reeds_kmeans,Puerto Rico,2021,real_2021_usd,525.82074,10.470558,0.051499993,27.82272349727117,28.5005604819985,"PR100 2022 ATB moderate fixed-tilt PV, converted to 2021 real USD",,,
upv,1386,pr96,1,9.457,0.0,15195.654,15195.654,0.18216932,18.038,-66.769,96,COSTASUR230,230.0,4.143903026965522,pr100_connection_then_electrical_rollup,equal_capacity_cf_proxy_pending_reeds_kmeans,Puerto Rico,2021,real_2021_usd,525.8208,10.470558,0.0515,28.03960396085997,28.530000364808703,"PR100 2022 ATB moderate fixed-tilt PV, converted to 2021 real USD",,,
upv,1387,pr96,1,5.362,0.0,15042.682,15042.682,0.18592988,18.038,-66.742,96,COSTASUR230,230.0,4.102186690069315,pr100_connection_then_electrical_rollup,equal_capacity_cf_proxy_pending_reeds_kmeans,Puerto Rico,2021,real_2021_usd,525.82074,10.470558,0.051499996,29.05459502269488,29.53023593883416,"PR100 2022 ATB moderate fixed-tilt PV, converted to 2021 real USD",,,
upv,1389,pr96,2,9.492,0.0,29948.15,29948.15,0.18790169,18.038,-66.687,96,COSTASUR230,230.0,8.166955399214284,pr100_connection_then_electrical_rollup,equal_capacity_cf_proxy_pending_reeds_kmeans,Puerto Rico,2021,real_2021_usd,525.8208,10.470557,0.0515,27.192253261783744,28.129259393057115,"PR100 2022 ATB moderate fixed-tilt PV, converted to 2021 real USD",,,
upv,1390,pr363,1,8.183,0.0,23935.77,23935.77,0.18557933,18.038,-66.66,363,PONCETC230,230.0,6.527360199043821,pr100_connection_then_electrical_rollup,equal_capacity_cf_proxy_pending_reeds_kmeans,Puerto Rico,2021,real_2021_usd,525.82074,10.470558,0.0515,28.0028409517577,28.761105790144097,"PR100 2022 ATB moderate fixed-tilt PV, converted to 2021 real USD",,,
upv,1391,pr363,1,6.279,0.0,17088.264,17088.264,0.18432607,18.038,-66.633,363,PONCETC230,230.0,4.6600234123487185,pr100_connection_then_electrical_rollup,equal_capacity_cf_proxy_pending_reeds_kmeans,Puerto Rico,2021,real_2021_usd,525.8208,10.470557,0.051500004,28.91801099293874,29.463033331421887,"PR100 2022 ATB moderate fixed-tilt PV, converted to 2021 real USD",,,
upv,1392,pr363,1,12.355,0.0,15196.741,15196.741,0.18430041,18.038,-66.606,363,PONCETC230,230.0,4.144199468256233,pr100_connection_then_electrical_rollup,equal_capacity_cf_proxy_pending_reeds_kmeans,Puerto Rico,2021,real_2021_usd,525.82074,10.470557,0.051500004,27.34971447407659,27.8344750646131,"PR100 2022 ATB moderate fixed-tilt PV, converted to 2021 real USD",,,
upv,1395,pr1078,1,7.966000000000001,0.0,13819.461,13819.461,0.1852226,18.038,-66.524,1078,CERRIJDIAZT,115.0,3.7686106259782,pr100_connection_then_electrical_rollup,equal_capacity_cf_proxy_pending_reeds_kmeans,Puerto Rico,2021,real_2021_usd,525.82074,10.470557,0.0515,28.1251500079224,28.56378192681539,"PR100 2022 ATB moderate fixed-tilt PV, converted to 2021 real USD",,,
upv,1396,pr1078,1,38.423,0.0,22871.484,22871.484,0.18616673,18.038,-66.497,1078,CERRIJDIAZT,115.0,6.237125825830301,pr100_connection_then_electrical_rollup,equal_capacity_cf_proxy_pending_reeds_kmeans,Puerto Rico,2021,real_2021_usd,525.8208,10.470557,0.051499996,25.39787982406263,26.120142899702497,"PR100 2022 ATB moderate fixed-tilt PV, converted to 2021 real USD",,,
upv,1397,pr1079,2,115.024,0.0,31829.025,31829.025,0.18790397,18.038,-66.47,1079,CERRITNEGRO,115.0,8.67987586448936,pr100_connection_then_electrical_rollup,equal_capacity_cf_proxy_pending_reeds_kmeans,Puerto Rico,2021,real_2021_usd,525.82074,10.470556,0.051500008,22.83816700002752,23.834009167857317,"PR100 2022 ATB moderate fixed-tilt PV, converted to 2021 real USD",,,
upv,1398,pr1800,2,75.11,0.0,27693.387,27693.387,0.18813942,18.038,-66.443,1800,PATTERN,115.0,7.552073854618382,pr100_connection_then_electrical_rollup,equal_capacity_cf_proxy_pending_reeds_kmeans,Puerto Rico,2021,real_2021_usd,525.82074,10.470556,0.051500004,23.597642298267417,24.463007464863207,"PR100 2022 ATB moderate fixed-tilt PV, converted to 2021 real USD",,,
upv,1399,pr296,2,19.166,0.0,18764.83,18764.83,0.19058707,18.038,-66.415,296,SISABEL115,115.0,5.1172286619941945,pr100_connection_then_electrical_rollup,equal_capacity_cf_proxy_pending_reeds_kmeans,Puerto Rico,2021,real_2021_usd,525.82074,10.470557,0.051499996,26.01456173727584,26.59339611730868,"PR100 2022 ATB moderate fixed-tilt PV, converted to 2021 real USD",,,
upv,1401,pr296,3,87.066,0.0,7320.178,7320.178,0.19199903,18.038,-66.361,296,SISABEL115,115.0,1.9962356956611127,pr100_connection_then_electrical_rollup,equal_capacity_cf_proxy_pending_reeds_kmeans,Puerto Rico,2021,real_2021_usd,525.82074,10.470556,0.051500004,22.75070159674785,22.97484487993021,"PR100 2022 ATB moderate fixed-tilt PV, converted to 2021 real USD",,,
upv,1402,pr296,3,29.309,0.0,15298.603,15298.603,0.19411886,18.038,-66.334,296,SISABEL115,115.0,4.171977296641569,pr100_connection_then_electrical_rollup,equal_capacity_cf_proxy_pending_reeds_kmeans,Puerto Rico,2021,real_2021_usd,525.82074,10.470557,0.051500008,24.92018212367845,25.38350864881532,"PR100 2022 ATB moderate fixed-tilt PV, converted to 2021 real USD",,,
upv,1404,pr106,2,48.14600000000001,0.0,39595.668,39595.668,0.19075468,18.038,-66.279,106,AGUIRRE230,230.0,10.797863558472413,pr100_connection_then_electrical_rollup,equal_capacity_cf_proxy_pending_reeds_kmeans,Puerto Rico,2021,real_2021_usd,525.82074,10.470557,0.051500008,24.18482408442308,25.4051493149499,"PR100 2022 ATB moderate fixed-tilt PV, converted to 2021 real USD",,,
upv,1405,pr106,2,131.782,0.0,35854.195,35854.195,0.18990816,18.038,-66.252,106,AGUIRRE230,230.0,9.777552414460372,pr100_connection_then_electrical_rollup,equal_capacity_cf_proxy_pending_reeds_kmeans,Puerto Rico,2021,real_2021_usd,525.82074,10.470556,0.051500008,22.60112564170867,23.711065593632128,"PR100 2022 ATB moderate fixed-tilt PV, converted to 2021 real USD",,,
upv,1406,pr106,3,71.862,0.0,34973.395,34973.395,0.19332686,18.038,-66.225,106,AGUIRRE230,230.0,9.537354748939334,pr100_connection_then_electrical_rollup,equal_capacity_cf_proxy_pending_reeds_kmeans,Puerto Rico,2021,real_2021_usd,525.82074,10.470556,0.05150001,23.073710842483937,24.137238280813246,"PR100 2022 ATB moderate fixed-tilt PV, converted to 2021 real USD",,,
upv,1408,pr321,3,15.96,0.0,37692.215,37692.215,0.19265188,18.038,-66.171,321,AES230,230.0,10.278785632972387,pr100_connection_then_electrical_rollup,equal_capacity_cf_proxy_pending_reeds_kmeans,Puerto Rico,2021,real_2021_usd,525.82074,10.470557,0.0515,25.95169897724551,27.101920594915065,"PR100 2022 ATB moderate fixed-tilt PV, converted to 2021 real USD",,,
upv,1417,pr184,1,20.349,0.0,13655.245,13655.245,0.18481496,18.038,-65.926,184,MAUNABO115,115.0,3.7238285326899154,pr100_connection_then_electrical_rollup,equal_capacity_cf_proxy_pending_reeds_kmeans,Puerto Rico,2021,real_2021_usd,525.8208,10.470557,0.051500004,26.80034948159218,27.234725156410978,"PR100 2022 ATB moderate fixed-tilt PV, converted to 2021 real USD",,,
upv,1419,pr1025,4,7.896000000000001,0.0,8094.0137,8094.0137,0.19917232,18.038,-65.871,1025,JMARTINSEC,115.0,2.207263131460026,pr100_connection_then_electrical_rollup,equal_capacity_cf_proxy_pending_reeds_kmeans,Puerto Rico,2021,real_2021_usd,525.82074,10.470557,0.051499996,26.187865820745458,26.426777882207293,"PR100 2022 ATB moderate fixed-tilt PV, converted to 2021 real USD",,,
upv,1420,pr1025,4,48.692,0.0,3256.624,3256.624,0.19873527,18.038,-65.844,1025,JMARTINSEC,115.0,0.8880916785539124,pr100_connection_then_electrical_rollup,equal_capacity_cf_proxy_pending_reeds_kmeans,Puerto Rico,2021,real_2021_usd,525.82074,10.470557,0.0515,23.174567962587407,23.270905558664207,"PR100 2022 ATB moderate fixed-tilt PV, converted to 2021 real USD",,,
upv,1458,pr23,4,28.385,0.0,20171.172,20171.172,0.19811173,18.012,-66.878,23,GUANICA115,115.0,5.500742206650324,pr100_connection_then_electrical_rollup,equal_capacity_cf_proxy_pending_reeds_kmeans,Puerto Rico,2021,real_2021_usd,525.8208,10.470556,0.051500004,24.46701513004297,25.06559766895033,"PR100 2022 ATB moderate fixed-tilt PV, converted to 2021 real USD",,,
upv,1459,pr96,4,10.185,0.0,37482.72,37482.72,0.19813402,18.012,-66.851,96,COSTASUR230,230.0,10.221655728418204,pr100_connection_then_electrical_rollup,equal_capacity_cf_proxy_pending_reeds_kmeans,Puerto Rico,2021,real_2021_usd,525.82074,10.470557,0.0515,25.56195789523544,26.674138069651782,"PR100 2022 ATB moderate fixed-tilt PV, converted to 2021 real USD",,,
upv,1461,pr96,4,6.405,0.0,16355.549,16355.549,0.19830056,18.012,-66.796,96,COSTASUR230,230.0,4.460209746108121,pr100_connection_then_electrical_rollup,equal_capacity_cf_proxy_pending_reeds_kmeans,Puerto Rico,2021,real_2021_usd,525.82074,10.470558,0.051500008,26.82667062858528,27.311561845673257,"PR100 2022 ATB moderate fixed-tilt PV, converted to 2021 real USD",,,
upv,1464,pr96,5,7.938,0.0,15925.604,15925.604,0.2003448,18.012,-66.715,96,COSTASUR230,230.0,4.342962273829788,pr100_connection_then_electrical_rollup,equal_capacity_cf_proxy_pending_reeds_kmeans,Puerto Rico,2021,real_2021_usd,525.82074,10.470557,0.051499993,26.017549440964554,26.484876519709545,"PR100 2022 ATB moderate fixed-tilt PV, converted to 2021 real USD",,,
upv,1465,pr96,5,11.277,0.0,26628.664,26628.664,0.20287602,18.012,-66.687,96,COSTASUR230,230.0,7.261720600556987,pr100_connection_then_electrical_rollup,equal_capacity_cf_proxy_pending_reeds_kmeans,Puerto Rico,2021,real_2021_usd,525.82074,10.470559,0.051500004,24.898441596114125,25.6700941397904,"PR100 2022 ATB moderate fixed-tilt PV, converted to 2021 real USD",,,
upv,1466,pr363,4,44.247,0.0,19167.475,19167.475,0.19929782,18.012,-66.66,363,PONCETC230,230.0,5.227031108861402,pr100_connection_then_electrical_rollup,equal_capacity_cf_proxy_pending_reeds_kmeans,Puerto Rico,2021,real_2021_usd,525.8208,10.470557,0.0515,23.367403502221848,23.93281608583978,"PR100 2022 ATB moderate fixed-tilt PV, converted to 2021 real USD",,,
upv,1471,pr363,4,6.195,0.0,34464.246,34464.246,0.19781923,18.012,-66.524,363,PONCETC230,230.0,9.398508738733465,pr100_connection_then_electrical_rollup,equal_capacity_cf_proxy_pending_reeds_kmeans,Puerto Rico,2021,real_2021_usd,525.82074,10.470557,0.051500004,26.96079452790587,27.985038467288327,"PR100 2022 ATB moderate fixed-tilt PV, converted to 2021 real USD",,,
upv,1472,pr363,4,87.325,0.0,44881.617,44881.617,0.19781923,18.012,-66.497,363,PONCETC230,230.0,12.239358922105367,pr100_connection_then_electrical_rollup,equal_capacity_cf_proxy_pending_reeds_kmeans,Puerto Rico,2021,real_2021_usd,525.82074,10.470557,0.051500004,22.066010933584263,23.3998490367843,"PR100 2022 ATB moderate fixed-tilt PV, converted to 2021 real USD",,,
upv,1473,pr1800,4,32.893,0.0,30079.303,30079.303,0.19875643,18.012,-66.47,1800,PATTERN,115.0,8.20272066023864,pr100_connection_then_electrical_rollup,equal_capacity_cf_proxy_pending_reeds_kmeans,Puerto Rico,2021,real_2021_usd,525.8207,10.470557,0.051499996,24.11360248042643,25.00331500550374,"PR100 2022 ATB moderate fixed-tilt PV, converted to 2021 real USD",,,
upv,1474,pr1800,5,6.118,0.0,20650.58,20650.58,0.20062898,18.012,-66.443,1800,PATTERN,115.0,5.63147848784504,pr100_connection_then_electrical_rollup,equal_capacity_cf_proxy_pending_reeds_kmeans,Puerto Rico,2021,real_2021_usd,525.82074,10.470558,0.0515,26.609956795423493,27.215077087555407,"PR100 2022 ATB moderate fixed-tilt PV, converted to 2021 real USD",,,
upv,1475,pr1800,5,18.522,0.0,12754.553,12754.553,0.20062897,18.012,-66.415,1800,PATTERN,115.0,3.478206888428006,pr100_connection_then_electrical_rollup,equal_capacity_cf_proxy_pending_reeds_kmeans,Puerto Rico,2021,real_2021_usd,525.82074,10.470557,0.0515,24.7427941685476,25.11653860262796,"PR100 2022 ATB moderate fixed-tilt PV, converted to 2021 real USD",,,
upv,1476,pr296,4,56.798,0.0,8191.591,8191.591,0.19841062,18.012,-66.388,296,SISABEL115,115.0,2.233872631644995,pr100_connection_then_electrical_rollup,equal_capacity_cf_proxy_pending_reeds_kmeans,Puerto Rico,2021,real_2021_usd,525.82074,10.470556,0.051500004,22.92149075925428,23.16421125165417,"PR100 2022 ATB moderate fixed-tilt PV, converted to 2021 real USD",,,
upv,1477,pr296,4,92.33,0.0,5266.7676,5266.7676,0.19796625,18.012,-66.361,296,SISABEL115,115.0,1.436264126454997,pr100_connection_then_electrical_rollup,equal_capacity_cf_proxy_pending_reeds_kmeans,Puerto Rico,2021,real_2021_usd,525.82074,10.470556,0.051500004,21.90029731951717,22.05670429285344,"PR100 2022 ATB moderate fixed-tilt PV, converted to 2021 real USD",,,
upv,1478,pr296,4,38.066,0.0,14430.094,14430.094,0.19923958,18.012,-66.334,296,SISABEL115,115.0,3.9351322164301483,pr100_connection_then_electrical_rollup,equal_capacity_cf_proxy_pending_reeds_kmeans,Puerto Rico,2021,real_2021_usd,525.8208,10.470558,0.0515,23.745145546986222,24.1709367315008,"PR100 2022 ATB moderate fixed-tilt PV, converted to 2021 real USD",,,
upv,1479,pr106,4,258.86,0.0,38311.426,38311.426,0.19780576,18.012,-66.307,106,AGUIRRE230,230.0,10.447646851368951,pr100_connection_then_electrical_rollup,equal_capacity_cf_proxy_pending_reeds_kmeans,Puerto Rico,2021,real_2021_usd,525.82074,10.470556,0.051500008,21.68716315841084,22.825819080346303,"PR100 2022 ATB moderate fixed-tilt PV, converted to 2021 real USD",,,
upv,1480,pr106,4,373.051,0.0,30702.82,30702.82,0.19685872,18.012,-66.279,106,AGUIRRE230,230.0,8.372756269503094,pr100_connection_then_electrical_rollup,equal_capacity_cf_proxy_pending_reeds_kmeans,Puerto Rico,2021,real_2021_usd,525.82074,10.470556,0.05150001,21.79183176982678,22.70874179579523,"PR100 2022 ATB moderate fixed-tilt PV, converted to 2021 real USD",,,
upv,1481,pr106,3,64.015,0.0,25696.84,25696.84,0.19601658,18.012,-66.252,106,AGUIRRE230,230.0,7.007609403465537,pr100_connection_then_electrical_rollup,equal_capacity_cf_proxy_pending_reeds_kmeans,Puerto Rico,2021,real_2021_usd,525.82074,10.470556,0.051500008,22.98190162246423,23.75260989100034,"PR100 2022 ATB moderate fixed-tilt PV, converted to 2021 real USD",,,
upv,1482,pr106,4,87.08,0.0,24452.662,24452.662,0.19835988,18.012,-66.225,106,AGUIRRE230,230.0,6.668318289779951,pr100_connection_then_electrical_rollup,equal_capacity_cf_proxy_pending_reeds_kmeans,Puerto Rico,2021,real_2021_usd,525.82074,10.470557,0.051500004,22.01833338076804,22.743062055227284,"PR100 2022 ATB moderate fixed-tilt PV, converted to 2021 real USD",,,
upv,1483,pr106,4,35.686,0.0,27485.95,27485.95,0.1987557,18.012,-66.198,106,AGUIRRE230,230.0,7.495504961408396,pr100_connection_then_electrical_rollup,equal_capacity_cf_proxy_pending_reeds_kmeans,Puerto Rico,2021,real_2021_usd,525.82074,10.470557,0.0515,23.95429420406825,24.767301166604565,"PR100 2022 ATB moderate fixed-tilt PV, converted to 2021 real USD",,,
upv,1486,pr321,3,13.804,0.0,29246.646,29246.646,0.19452283,18.012,-66.116,321,AES230,230.0,7.9756529480433045,pr100_connection_then_electrical_rollup,equal_capacity_cf_proxy_pending_reeds_kmeans,Puerto Rico,2021,real_2021_usd,525.82074,10.470556,0.051500008,25.84604508287402,26.72995623335336,"PR100 2022 ATB moderate fixed-tilt PV, converted to 2021 real USD",,,
upv,1487,pr321,3,9.079,0.0,35184.34,35184.34,0.19445267,18.012,-66.089,321,AES230,230.0,9.594880894075843,pr100_connection_then_electrical_rollup,equal_capacity_cf_proxy_pending_reeds_kmeans,Puerto Rico,2021,real_2021_usd,525.8208,10.470557,0.0515,26.42281154269433,27.4865592223494,"PR100 2022 ATB moderate fixed-tilt PV, converted to 2021 real USD",,,
upv,1488,pr321,3,18.102,0.0,42900.52,42900.52,0.1946783,18.012,-66.062,321,AES230,230.0,11.699106975595779,pr100_connection_then_electrical_rollup,equal_capacity_cf_proxy_pending_reeds_kmeans,Puerto Rico,2021,real_2021_usd,525.82074,10.470557,0.0515,25.551313987773675,26.846845914446597,"PR100 2022 ATB moderate fixed-tilt PV, converted to 2021 real USD",,,
upv,1489,pr334,3,33.831,0.0,19365.482,19365.482,0.19415036,18.012,-66.035,334,MAUNABOTAP,115.0,5.2810283953388755,pr100_connection_then_electrical_rollup,equal_capacity_cf_proxy_pending_reeds_kmeans,Puerto Rico,2021,real_2021_usd,525.82074,10.470557,0.051499996,24.653401579413927,25.239800598550268,"PR100 2022 ATB moderate fixed-tilt PV, converted to 2021 real USD",,,
upv,1493,pr184,2,6.342,0.0,8386.723,8386.723,0.19050458,18.012,-65.926,184,MAUNABO115,115.0,2.287085714565456,pr100_connection_then_electrical_rollup,equal_capacity_cf_proxy_pending_reeds_kmeans,Puerto Rico,2021,real_2021_usd,525.8208,10.470556,0.051500004,27.979970999243697,28.238786328628027,"PR100 2022 ATB moderate fixed-tilt PV, converted to 2021 real USD",,,
upv,1495,pr184,4,9.751,0.0,12588.102,12588.102,0.19907144,18.012,-65.872,184,MAUNABO115,115.0,3.4328151340759185,pr100_connection_then_electrical_rollup,equal_capacity_cf_proxy_pending_reeds_kmeans,Puerto Rico,2021,real_2021_usd,525.82074,10.470557,0.0515,25.582792460911104,25.95454539401643,"PR100 2022 ATB moderate fixed-tilt PV, converted to 2021 real USD",,,
upv,1496,pr1025,4,5.096,0.0,13153.088,13153.088,0.19907142,18.011,-65.844,1025,JMARTINSEC,115.0,3.586888750501294,pr100_connection_then_electrical_rollup,equal_capacity_cf_proxy_pending_reeds_kmeans,Puerto Rico,2021,real_2021_usd,525.82074,10.470557,0.0515,27.228966696599706,27.61740489847509,"PR100 2022 ATB moderate fixed-tilt PV, converted to 2021 real USD",,,
upv,1531,pr23,5,64.74300000000001,0.0,25181.072,25181.072,0.20353134,17.986,-66.959,23,GUANICA115,115.0,6.866958006817135,pr100_connection_then_electrical_rollup,equal_capacity_cf_proxy_pending_reeds_kmeans,Puerto Rico,2021,real_2021_usd,525.82074,10.470556,0.051500004,22.109965997963577,22.837320349669763,"PR100 2022 ATB moderate fixed-tilt PV, converted to 2021 real USD",,,
upv,1532,pr23,5,60.508,0.0,15625.06,15625.06,0.20360476,17.986,-66.932,23,GUANICA115,115.0,4.261003164709803,pr100_connection_then_electrical_rollup,equal_capacity_cf_proxy_pending_reeds_kmeans,Puerto Rico,2021,real_2021_usd,525.82074,10.470556,0.051500008,22.225989282214712,22.67715580713853,"PR100 2022 ATB moderate fixed-tilt PV, converted to 2021 real USD",,,
upv,1540,pr319,4,6.4190000000000005,0.0,16524.568,16524.568,0.19919254,17.986,-66.715,319,ECOELECT230,230.0,4.506302210994982,pr100_connection_then_electrical_rollup,equal_capacity_cf_proxy_pending_reeds_kmeans,Puerto Rico,2021,real_2021_usd,525.8208,10.470557,0.051500004,26.70285757760328,27.190565905396877,"PR100 2022 ATB moderate fixed-tilt PV, converted to 2021 real USD",,,
upv,1551,pr1800,5,8.204,0.0,6698.8296,6698.8296,0.20426129,17.986,-66.415,1800,PATTERN,115.0,1.8267920326899079,pr100_connection_then_electrical_rollup,equal_capacity_cf_proxy_pending_reeds_kmeans,Puerto Rico,2021,real_2021_usd,525.82074,10.470557,0.051499996,25.41757899166654,25.610382961634865,"PR100 2022 ATB moderate fixed-tilt PV, converted to 2021 real USD",,,
upv,1555,pr106,4,32.375,0.0,32640.504,32640.504,0.19790666,17.986,-66.307,106,AGUIRRE230,230.0,8.901168539382274,pr100_connection_then_electrical_rollup,equal_capacity_cf_proxy_pending_reeds_kmeans,Puerto Rico,2021,real_2021_usd,525.82074,10.470557,0.051499996,24.24996583883904,25.21958138713703,"PR100 2022 ATB moderate fixed-tilt PV, converted to 2021 real USD",,,
upv,1556,pr106,4,27.454,0.0,23242.684,23242.684,0.19780442,17.986,-66.279,106,AGUIRRE230,230.0,6.33835313515704,pr100_connection_then_electrical_rollup,equal_capacity_cf_proxy_pending_reeds_kmeans,Puerto Rico,2021,real_2021_usd,525.82074,10.470556,0.051500008,24.559580228730628,25.25038191350557,"PR100 2022 ATB moderate fixed-tilt PV, converted to 2021 real USD",,,
upv,1557,pr106,4,18.599,0.0,16057.542,16057.542,0.19921641,17.986,-66.252,106,AGUIRRE230,230.0,4.378942408761173,pr100_connection_then_electrical_rollup,equal_capacity_cf_proxy_pending_reeds_kmeans,Puerto Rico,2021,real_2021_usd,525.82074,10.470557,0.051499996,24.923923948654927,25.397791634411305,"PR100 2022 ATB moderate fixed-tilt PV, converted to 2021 real USD",,,
upv,1558,pr106,5,68.089,0.0,13979.985,13979.985,0.20147419,17.986,-66.225,106,AGUIRRE230,230.0,3.8123860691615015,pr100_connection_then_electrical_rollup,equal_capacity_cf_proxy_pending_reeds_kmeans,Puerto Rico,2021,real_2021_usd,525.82074,10.470556,0.051500004,22.24315605308459,22.651090534469965,"PR100 2022 ATB moderate fixed-tilt PV, converted to 2021 real USD",,,
upv,1559,pr106,5,64.001,0.0,18788.494,18788.494,0.20213316,17.986,-66.198,106,AGUIRRE230,230.0,5.123681865421157,pr100_connection_then_electrical_rollup,equal_capacity_cf_proxy_pending_reeds_kmeans,Puerto Rico,2021,real_2021_usd,525.82074,10.470556,0.051500008,22.29352722193718,22.83998614164422,"PR100 2022 ATB moderate fixed-tilt PV, converted to 2021 real USD",,,
upv,1560,pr321,5,126.336,0.0,17743.203,17743.203,0.20144314,17.986,-66.171,321,AES230,230.0,4.8386275496135385,pr100_connection_then_electrical_rollup,equal_capacity_cf_proxy_pending_reeds_kmeans,Puerto Rico,2021,real_2021_usd,525.82074,10.470556,0.051500008,21.30468624141114,21.822510826707923,"PR100 2022 ATB moderate fixed-tilt PV, converted to 2021 real USD",,,
upv,1561,pr321,5,72.688,0.0,15790.697,15790.697,0.2029757,17.986,-66.144,321,AES230,230.0,4.306173036902027,pr100_connection_then_electrical_rollup,equal_capacity_cf_proxy_pending_reeds_kmeans,Puerto Rico,2021,real_2021_usd,525.82074,10.470556,0.051500008,21.94463610223877,22.40199840965387,"PR100 2022 ATB moderate fixed-tilt PV, converted to 2021 real USD",,,
upv,1562,pr321,5,26.46,0.0,20341.97,20341.97,0.20012185,17.986,-66.116,321,AES230,230.0,5.547319551211817,pr100_connection_then_electrical_rollup,equal_capacity_cf_proxy_pending_reeds_kmeans,Puerto Rico,2021,real_2021_usd,525.82074,10.470556,0.051500004,24.35830033568437,24.95588799638115,"PR100 2022 ATB moderate fixed-tilt PV, converted to 2021 real USD",,,
upv,1563,pr321,4,44.716,0.0,28220.98,28220.98,0.19713624,17.986,-66.089,321,AES230,230.0,7.695950581854852,pr100_connection_then_electrical_rollup,equal_capacity_cf_proxy_pending_reeds_kmeans,Puerto Rico,2021,real_2021_usd,525.8208,10.470557,0.051500008,23.625926848109582,24.467532710133614,"PR100 2022 ATB moderate fixed-tilt PV, converted to 2021 real USD",,,
upv,1568,pr334,3,11.802,0.0,15646.2,15646.2,0.195761,17.986,-65.953,334,MAUNABOTAP,115.0,4.266768228691456,pr100_connection_then_electrical_rollup,equal_capacity_cf_proxy_pending_reeds_kmeans,Puerto Rico,2021,real_2021_usd,525.82074,10.470557,0.0515,25.799648620161705,26.269527390700414,"PR100 2022 ATB moderate fixed-tilt PV, converted to 2021 real USD",,,
upv,1569,pr184,3,14.826,0.0,13301.131,13301.131,0.19576101,17.986,-65.926,184,MAUNABO115,115.0,3.627260461821359,pr100_connection_then_electrical_rollup,equal_capacity_cf_proxy_pending_reeds_kmeans,Puerto Rico,2021,real_2021_usd,525.82074,10.470557,0.0515,25.61485642130937,26.01430924208429,"PR100 2022 ATB moderate fixed-tilt PV, converted to 2021 real USD",,,
upv,1620,pr363,5,11.396,0.0,16802.889,16802.889,0.20152123,17.96,-66.606,363,PONCETC230,230.0,4.582200687653548,pr100_connection_then_electrical_rollup,equal_capacity_cf_proxy_pending_reeds_kmeans,Puerto Rico,2021,real_2021_usd,525.8208,10.470558,0.051500008,25.055561164601784,25.54575321254967,"PR100 2022 ATB moderate fixed-tilt PV, converted to 2021 real USD",,,
upv,1628,pr1800,5,11.865,0.0,10926.789,10926.789,0.203945,17.96,-66.388,1800,PATTERN,115.0,2.9797699886483158,pr100_connection_then_electrical_rollup,equal_capacity_cf_proxy_pending_reeds_kmeans,Puerto Rico,2021,real_2021_usd,525.82074,10.470558,0.051500004,24.72974871899332,25.04472844607851,"PR100 2022 ATB moderate fixed-tilt PV, converted to 2021 real USD",,,
upv,1632,pr106,5,8.757000000000001,0.0,19369.508,19369.508,0.20236841,17.96,-66.28,106,AGUIRRE230,230.0,5.282125781907007,pr100_connection_then_electrical_rollup,equal_capacity_cf_proxy_pending_reeds_kmeans,Puerto Rico,2021,real_2021_usd,525.82074,10.470558,0.0515,25.471865425048787,26.03456811768112,"PR100 2022 ATB moderate fixed-tilt PV, converted to 2021 real USD",,,
upv,1633,pr106,5,17.465,0.0,8835.898,8835.898,0.2027052,17.96,-66.252,106,AGUIRRE230,230.0,2.409577409226458,pr100_connection_then_electrical_rollup,equal_capacity_cf_proxy_pending_reeds_kmeans,Puerto Rico,2021,real_2021_usd,525.82074,10.470557,0.051499996,24.55738072324676,24.81364551708922,"PR100 2022 ATB moderate fixed-tilt PV, converted to 2021 real USD",,,
upv,1634,pr106,5,46.193000000000005,0.0,3957.0989,3957.0989,0.20296995,17.96,-66.225,106,AGUIRRE230,230.0,1.079113384090128,pr100_connection_then_electrical_rollup,equal_capacity_cf_proxy_pending_reeds_kmeans,Puerto Rico,2021,real_2021_usd,525.82074,10.470556,0.051500008,22.83302472447845,22.947641522663,"PR100 2022 ATB moderate fixed-tilt PV, converted to 2021 real USD",,,
upv,1637,pr321,5,30.128,0.0,5519.3086,5519.3086,0.20298149,17.96,-66.144,321,AES230,230.0,1.5051328998702114,pr100_connection_then_electrical_rollup,equal_capacity_cf_proxy_pending_reeds_kmeans,Puerto Rico,2021,real_2021_usd,525.82074,10.470558,0.0515,23.782161661462343,23.94201854855336,"PR100 2022 ATB moderate fixed-tilt PV, converted to 2021 real USD",,,
upv,1639,pr321,5,23.128,0.0,24033.732,24033.732,0.20132825,17.96,-66.089,321,AES230,230.0,6.554075000850692,pr100_connection_then_electrical_rollup,equal_capacity_cf_proxy_pending_reeds_kmeans,Puerto Rico,2021,real_2021_usd,525.82074,10.470556,0.051500008,24.39340580314276,25.095215901471747,"PR100 2022 ATB moderate fixed-tilt PV, converted to 2021 real USD",,,
