r,BATTERY|PVB,COAL|BIO,COMBINED_CYCLE|NG_FUEL_CELL,COMBUSTION_TURBINE|CONSUME|LFILL|OGS|H2_FUEL_CELL,NUCLEAR,CSP,GEO
p01001,0.0113,-0.0237,-0.0236,-0.0204,-0.0033,-0.0128,0
p01003,0.0004,-0.0451,-0.0333,-0.0317,-0.0175,-0.0162,0
p01005,0.0086,-0.0331,-0.0294,-0.0245,-0.0073,-0.0164,0
p01007,0.0137,-0.0222,-0.0227,-0.0202,-0.0021,-0.012,0
p01009,0.0133,-0.0229,-0.0246,-0.0232,-0.0041,-0.0154,0
p01011,0.0108,-0.0277,-0.0263,-0.0222,-0.0043,-0.0144,0
p01013,0.0077,-0.0337,-0.0288,-0.0251,-0.0087,-0.0151,0
p01015,0.0159,-0.0115,-0.0177,-0.0159,0.0032,-0.0106,0
p01017,0.0162,-0.0081,-0.0153,-0.0131,0.0059,-0.0087,0
p01019,0.0161,-0.011,-0.0175,-0.016,0.0033,-0.0107,0
p01021,0.0129,-0.0214,-0.0224,-0.0197,-0.0018,-0.0121,0
p01023,0.0076,-0.035,-0.0285,-0.0265,-0.0098,-0.0138,0
p01025,0.0057,-0.0373,-0.0298,-0.0275,-0.0115,-0.0146,0
p01027,0.0157,-0.0105,-0.0169,-0.0148,0.0044,-0.0096,0
p01029,0.0175,-0.0026,-0.0126,-0.0109,0.0083,-0.0073,0
p01031,0.0062,-0.0394,-0.0325,-0.0274,-0.0111,-0.0178,0
p01033,0.0192,-0.0165,-0.0195,-0.0169,0.002,-0.011,0
p01035,0.0055,-0.0374,-0.0303,-0.0271,-0.0113,-0.0154,0
p01037,0.0141,-0.0176,-0.0206,-0.018,0.0005,-0.0115,0
p01039,0.0057,-0.0395,-0.0321,-0.0278,-0.0117,-0.0172,0
p01041,0.0086,-0.0341,-0.0293,-0.0253,-0.008,-0.0159,0
p01043,0.013,-0.0248,-0.0259,-0.0247,-0.0055,-0.0164,0
p01045,0.005,-0.0421,-0.0341,-0.0283,-0.0125,-0.0191,0
p01047,0.0101,-0.0284,-0.0257,-0.0227,-0.0057,-0.0135,0
p01049,0.0137,-0.0189,-0.0223,-0.0208,-0.0019,-0.0139,0
p01051,0.0132,-0.0204,-0.0221,-0.0189,-0.0008,-0.0122,0
p01053,0.0039,-0.0401,-0.0316,-0.0286,-0.0133,-0.0161,0
p01055,0.0143,-0.0179,-0.0217,-0.0202,-0.0012,-0.0135,0
p01057,0.0154,-0.0224,-0.0231,-0.0209,-0.002,-0.013,0
p01059,0.019,-0.0162,-0.0196,-0.017,0.0021,-0.0108,0
p01061,0.0034,-0.0452,-0.0356,-0.0299,-0.0145,-0.02,0
p01063,0.0133,-0.0253,-0.0241,-0.0214,-0.0034,-0.0121,0
p01065,0.0129,-0.0252,-0.0239,-0.0214,-0.0036,-0.0123,0
p01067,0.0047,-0.0425,-0.0345,-0.0284,-0.0127,-0.0196,0
p01069,0.0004,-0.051,-0.0391,-0.0321,-0.0179,-0.0226,0
p01071,0.0131,-0.0234,-0.025,-0.0239,-0.0046,-0.016,0
p01073,0.0146,-0.0208,-0.0226,-0.0207,-0.0017,-0.0133,0
p01075,0.0162,-0.0225,-0.023,-0.02,-0.0014,-0.0123,0
p01077,0.0189,-0.0175,-0.0201,-0.0177,0.0015,-0.0115,0
p01079,0.0148,-0.0231,-0.0246,-0.0232,-0.0039,-0.0154,0
p01081,0.0148,-0.0137,-0.0185,-0.0155,0.0031,-0.0104,0
p01083,0.0125,-0.0264,-0.0271,-0.0263,-0.0065,-0.0177,0
p01085,0.0103,-0.0284,-0.0262,-0.0228,-0.0055,-0.0139,0
p01087,0.013,-0.0205,-0.0223,-0.0188,-0.0005,-0.0124,0
p01089,0.0106,-0.029,-0.0292,-0.029,-0.0091,-0.0193,0
p01091,0.0097,-0.0306,-0.0265,-0.024,-0.0069,-0.0134,0
p01093,0.0176,-0.019,-0.0211,-0.0188,0.0003,-0.0119,0
p01095,0.0118,-0.026,-0.027,-0.0262,-0.0066,-0.0175,0
p01097,-0.0027,-0.0494,-0.0352,-0.0342,-0.0211,-0.0171,0
p01099,0.0056,-0.037,-0.0299,-0.0272,-0.0112,-0.015,0
p01101,0.0117,-0.0264,-0.0252,-0.0216,-0.0037,-0.0137,0
p01103,0.0119,-0.0272,-0.0278,-0.0272,-0.0073,-0.0181,0
p01105,0.0124,-0.0249,-0.0239,-0.0213,-0.0036,-0.0125,0
p01107,0.0148,-0.0236,-0.0233,-0.0207,-0.0023,-0.012,0
p01109,0.0086,-0.0337,-0.0295,-0.0248,-0.0078,-0.0162,0
p01111,0.0172,-0.0032,-0.0127,-0.0109,0.008,-0.0073,0
p01113,0.0125,-0.0212,-0.0227,-0.0186,-0.001,-0.0125,0
p01115,0.0141,-0.0178,-0.0211,-0.0197,-0.0008,-0.0128,0
p01117,0.0143,-0.0189,-0.0213,-0.0193,-0.0007,-0.0121,0
p01119,0.0119,-0.0279,-0.0252,-0.0227,-0.005,-0.0124,0
p01121,0.0143,-0.0143,-0.0187,-0.0169,0.0015,-0.0109,0
p01123,0.0152,-0.0141,-0.0186,-0.016,0.0028,-0.0105,0
p01125,0.0145,-0.0224,-0.023,-0.0208,-0.002,-0.0126,0
p01127,0.0147,-0.0225,-0.0238,-0.0219,-0.0027,-0.0141,0
p01129,0.0027,-0.042,-0.0317,-0.0302,-0.0152,-0.0153,0
p01131,0.0082,-0.0327,-0.0278,-0.0249,-0.0083,-0.0141,0
p01133,0.0145,-0.0238,-0.0248,-0.0231,-0.0037,-0.015,0
p04001,0.022,0.0572,0.0275,0.0253,0.0337,0.0199,0.0218
p04003,0.0154,0.0629,0.0322,0.0297,0.0336,0.0225,0.0242
p04005,0.0307,0.0929,0.0538,0.0492,0.0525,0.0353,0.0464
p04007,0.0033,0.0484,0.0224,0.0212,0.0229,0.0171,0.0135
p04009,0.0111,0.0554,0.0269,0.025,0.0288,0.0196,0.0187
p04011,0.0167,0.0568,0.0272,0.0252,0.0316,0.0197,0.0196
p04012,0.0286,0.1107,0.0659,0.0603,0.0593,0.0416,0.0547
p04013,-0.0023,0.0452,0.0204,0.0194,0.0195,0.0159,0.0103
p04015,0.054,0.1492,0.0936,0.0853,0.0855,0.0589,0.0833
p04017,0.0201,0.0634,0.0327,0.03,0.0357,0.023,0.0264
p04019,0.0088,0.0645,0.0335,0.0311,0.0319,0.0232,0.0236
p04021,-0.0018,0.0433,0.0191,0.0181,0.0188,0.0151,0.0094
p04023,0.0153,0.0728,0.0391,0.0361,0.038,0.0263,0.0297
p04025,0.0163,0.0787,0.0437,0.0404,0.0409,0.0294,0.0339
p04027,0.0255,0.1072,0.0634,0.0581,0.0566,0.0398,0.0517
p05001,0.028,-0.0236,-0.0249,-0.0168,0.0024,-0.0081,0
p05003,0.0222,-0.0268,-0.0262,-0.0198,-0.0013,-0.01,0
p05005,0.0278,0.0082,-0.0035,0.0009,0.0154,0.0027,0
p05007,0.0161,0.0068,-0.0036,-0.0022,0.0088,0.0015,0
p05009,0.0241,0.0052,-0.005,-0.0014,0.0124,0.002,0
p05011,0.0246,-0.0272,-0.027,-0.0195,-0.0008,-0.01,0
p05013,0.0248,-0.028,-0.0272,-0.0198,-0.0011,-0.01,0
p05015,0.0212,0.0077,-0.0034,-0.0005,0.0118,0.0025,0
p05017,0.0225,-0.0251,-0.0247,-0.0189,-0.0002,-0.0095,0
p05019,0.025,-0.0254,-0.0261,-0.0183,-0.0004,-0.0091,0
p05021,0.0353,0.0293,0.0112,0.0144,0.0285,0.0099,0
p05023,0.029,-0.0175,-0.0211,-0.0132,0.005,-0.0059,0
p05025,0.0272,-0.0276,-0.0277,-0.019,0,-0.01,0
p05027,0.0181,-0.0318,-0.0296,-0.0235,-0.0061,-0.0121,0
p05029,0.029,-0.0241,-0.0257,-0.0169,0.0022,-0.008,0
p05031,0.0319,0.0094,-0.0024,0.0024,0.0186,0.0029,0
p05033,0.0169,-0.0101,-0.0152,-0.0114,0.0019,-0.0043,0
p05035,0.0294,-0.0022,-0.0099,-0.0047,0.0127,-0.0016,0
p05037,0.0296,-0.0077,-0.0137,-0.0077,0.0102,-0.0027,0
p05039,0.027,-0.028,-0.0282,-0.0194,-0.0004,-0.01,0
p05041,0.0257,-0.0238,-0.0247,-0.0175,0.0015,-0.0085,0
p05043,0.0248,-0.0262,-0.0262,-0.019,-0.0001,-0.0094,0
p05045,0.0296,-0.0267,-0.0275,-0.0182,0.0013,-0.009,0
p05047,0.0206,-0.0115,-0.0162,-0.0115,0.0033,-0.0045,0
p05049,0.0301,0.0144,0.0008,0.0048,0.0194,0.005,0
p05051,0.0275,-0.0254,-0.0266,-0.0179,0.0009,-0.0089,0
p05053,0.0292,-0.0285,-0.0287,-0.0192,0.0004,-0.0097,0
p05055,0.034,0.0212,0.0054,0.0095,0.0243,0.0069,0
p05057,0.0203,-0.0244,-0.0247,-0.0186,-0.002,-0.009,0
p05059,0.0275,-0.0267,-0.0273,-0.0187,0.0004,-0.0091,0
p05061,0.0194,-0.0232,-0.0237,-0.0182,-0.0021,-0.0085,0
p05063,0.0292,-0.0069,-0.0138,-0.0073,0.0098,-0.0025,0
p05065,0.0293,0.0015,-0.0079,-0.0025,0.0133,0.0005,0
p05067,0.0295,-0.0061,-0.0131,-0.0066,0.0105,-0.0022,0
p05069,0.0288,-0.0273,-0.0279,-0.0187,0.0007,-0.0093,0
p05071,0.024,-0.0122,-0.0171,-0.0113,0.0046,-0.0045,0
p05073,0.0156,-0.0322,-0.0295,-0.0239,-0.0074,-0.0122,0
p05075,0.0313,0.0092,-0.0027,0.0023,0.0176,0.003,0
p05077,0.0288,-0.0145,-0.0185,-0.0118,0.007,-0.0052,0
p05079,0.0272,-0.0267,-0.027,-0.0189,0.0003,-0.009,0
p05081,0.0163,-0.0248,-0.0246,-0.0194,-0.0041,-0.0092,0
p05083,0.0229,-0.0176,-0.0204,-0.0143,0.0019,-0.0065,0
p05085,0.0298,-0.0282,-0.0285,-0.019,0.0006,-0.0095,0
p05087,0.0206,-0.0004,-0.0087,-0.0054,0.0081,-0.0006,0
p05089,0.0264,0.0055,-0.0048,-0.0005,0.0137,0.0017,0
p05091,0.0156,-0.029,-0.0271,-0.0219,-0.0062,-0.0112,0
p05093,0.0324,0.0125,-0.0001,0.0042,0.0204,0.0034,0
p05095,0.0285,-0.0207,-0.023,-0.0152,0.0038,-0.007,0
p05097,0.0243,-0.0226,-0.024,-0.0168,0.0006,-0.0078,0
p05099,0.0213,-0.0268,-0.0264,-0.0197,-0.0025,-0.0099,0
p05101,0.0243,-0.0046,-0.0117,-0.007,0.0083,-0.0017,0
p05103,0.0234,-0.0282,-0.028,-0.0206,-0.0023,-0.0104,0
p05105,0.0286,-0.026,-0.0268,-0.018,0.0011,-0.0088,0
p05107,0.028,-0.0176,-0.021,-0.0139,0.0052,-0.0065,0
p05109,0.0223,-0.0236,-0.0245,-0.018,-0.0009,-0.0082,0
p05111,0.0301,-0.0002,-0.0087,-0.003,0.0137,-0.0004,0
p05113,0.0189,-0.021,-0.0225,-0.017,-0.0015,-0.0079,0
p05115,0.0271,-0.0177,-0.0211,-0.0137,0.0041,-0.0061,0
p05117,0.029,-0.0247,-0.0259,-0.0171,0.0022,-0.0082,0
p05119,0.03,-0.0295,-0.0297,-0.0198,0.0001,-0.01,0
p05121,0.0339,0.0233,0.0068,0.0105,0.025,0.0079,0
p05123,0.0292,-0.0111,-0.0161,-0.0097,0.0086,-0.0039,0
p05125,0.0296,-0.028,-0.0285,-0.0189,0.0007,-0.0093,0
p05127,0.0213,-0.0179,-0.0207,-0.0148,0.001,-0.0067,0
p05129,0.027,-0.006,-0.0131,-0.0072,0.0089,-0.0022,0
p05131,0.0181,-0.0149,-0.0182,-0.0139,0.0005,-0.0057,0
p05133,0.0173,-0.0233,-0.0237,-0.0185,-0.0032,-0.0089,0
p05135,0.0308,0.0103,-0.0018,0.0028,0.018,0.0036,0
p05137,0.0286,-0.0071,-0.0137,-0.0074,0.0094,-0.0024,0
p05139,0.021,-0.0305,-0.0286,-0.022,-0.0038,-0.0112,0
p05141,0.0284,-0.0174,-0.021,-0.0133,0.0046,-0.0059,0
p05143,0.0168,-0.0017,-0.0094,-0.0067,0.0056,-0.0015,0
p05145,0.029,-0.0222,-0.0245,-0.0158,0.003,-0.0075,0
p05147,0.0289,-0.0171,-0.0204,-0.0128,0.0056,-0.0057,0
p05149,0.0259,-0.0218,-0.0237,-0.0161,0.0016,-0.0076,0
p06001,0.0967,0.3577,0.2614,0.2373,0.1888,0.1392,0.2092
p06003,0.0778,0.2878,0.1869,0.1707,0.1544,0.1067,0.1624
p06005,0.0787,0.2968,0.1912,0.1741,0.1585,0.1094,0.1669
p06007,0.0814,0.2999,0.1982,0.1794,0.1601,0.1121,0.1712
p06009,0.0765,0.2924,0.1863,0.1713,0.1563,0.1072,0.1624
p06011,0.0838,0.3105,0.2073,0.1874,0.1653,0.1165,0.178
p06013,0.0952,0.3519,0.2541,0.2305,0.186,0.1362,0.2055
p06015,0.0717,0.2397,0.1627,0.1498,0.1306,0.0916,0.1388
p06017,0.0794,0.2966,0.1919,0.1741,0.1584,0.1098,0.1677
p06019,0.0757,0.2702,0.1753,0.1613,0.1457,0.1008,0.1535
p06021,0.0833,0.3058,0.2055,0.1861,0.1632,0.115,0.1755
p06023,0.079,0.2779,0.1897,0.1734,0.1495,0.1058,0.1607
p06025,0.0557,0.1847,0.1185,0.1075,0.1008,0.0696,0.1029
p06027,0.072,0.2268,0.1467,0.1342,0.1254,0.0866,0.131
p06029,0.0729,0.2442,0.1552,0.1434,0.1329,0.0915,0.1423
p06031,0.0741,0.2576,0.1658,0.153,0.1393,0.0965,0.1485
p06033,0.0864,0.3182,0.218,0.1973,0.1693,0.1206,0.1835
p06035,0.0738,0.2591,0.1714,0.1565,0.1401,0.0975,0.1485
p06037,0.0857,0.2625,0.1735,0.1553,0.1453,0.0976,0.1548
p06039,0.076,0.28,0.1808,0.1666,0.1505,0.1037,0.1573
p06041,0.1039,0.3793,0.2864,0.2591,0.1997,0.1499,0.2254
p06043,0.0757,0.2843,0.1819,0.1682,0.1525,0.1047,0.1583
p06045,0.0859,0.3131,0.2162,0.1962,0.1668,0.1193,0.1811
p06047,0.0754,0.2894,0.1844,0.1712,0.1548,0.1059,0.1597
p06049,0.067,0.2236,0.1489,0.1367,0.1221,0.0847,0.1289
p06051,0.0759,0.2698,0.1753,0.1606,0.1457,0.1006,0.153
p06053,0.0806,0.293,0.1966,0.1803,0.1568,0.1104,0.1677
p06055,0.0902,0.3337,0.2329,0.2103,0.1769,0.1273,0.1936
p06057,0.0803,0.2971,0.1938,0.1755,0.1587,0.1104,0.1688
p06059,0.0867,0.2634,0.1748,0.1559,0.1459,0.0978,0.1555
p06061,0.0801,0.2978,0.1931,0.1746,0.1591,0.1103,0.169
p06063,0.0792,0.2879,0.1902,0.1728,0.1543,0.1077,0.1645
p06065,0.0668,0.2101,0.1365,0.1233,0.116,0.0792,0.1204
p06067,0.0802,0.3015,0.1926,0.1731,0.1608,0.1109,0.1707
p06069,0.0795,0.2951,0.1955,0.1798,0.1577,0.1102,0.1668
p06071,0.0696,0.2082,0.135,0.1224,0.1163,0.0798,0.1205
p06073,0.074,0.2329,0.1526,0.1375,0.1284,0.0872,0.1349
p06075,0.1095,0.3985,0.3085,0.2785,0.2095,0.1595,0.239
p06077,0.0766,0.296,0.1889,0.1743,0.158,0.1082,0.1637
p06079,0.0756,0.2614,0.17,0.1563,0.1414,0.0982,0.1511
p06081,0.1039,0.3801,0.2873,0.2601,0.1999,0.1501,0.2257
p06083,0.0767,0.254,0.1647,0.1506,0.1384,0.0952,0.1478
p06085,0.0872,0.3267,0.2265,0.2074,0.1735,0.1242,0.187
p06087,0.0904,0.3345,0.2364,0.2158,0.1775,0.1285,0.1935
p06089,0.0775,0.2743,0.1844,0.1684,0.1476,0.1039,0.158
p06091,0.0796,0.2921,0.1916,0.1741,0.1562,0.1088,0.1663
p06093,0.0714,0.242,0.1632,0.15,0.1314,0.0921,0.1398
p06095,0.0878,0.3264,0.2234,0.2016,0.1733,0.1234,0.1881
p06097,0.0937,0.3441,0.2468,0.2234,0.1821,0.133,0.2011
p06099,0.073,0.2869,0.1787,0.167,0.1536,0.1037,0.156
p06101,0.0813,0.3039,0.1971,0.1773,0.1621,0.1126,0.173
p06103,0.0812,0.2948,0.1977,0.1795,0.1577,0.111,0.1692
p06105,0.0792,0.2808,0.1906,0.1739,0.1508,0.1066,0.162
p06107,0.0729,0.2482,0.1588,0.1466,0.1348,0.0932,0.1436
p06109,0.0761,0.2867,0.1836,0.1691,0.1536,0.1054,0.1597
p06111,0.0802,0.2556,0.1665,0.1509,0.1403,0.0954,0.15
p06113,0.0822,0.307,0.1999,0.1797,0.1636,0.1138,0.1749
p06115,0.0811,0.3022,0.1971,0.1778,0.1613,0.1122,0.1718
p08001,-0.0095,-0.018,-0.0184,-0.0184,-0.0178,-0.0084,0
p08003,0.0035,0.0014,-0.0085,-0.0085,-0.0003,-0.0015,0
p08005,-0.0094,-0.0183,-0.0187,-0.0187,-0.0183,-0.0088,0
p08007,0.0135,0.0204,0.0027,0.0022,0.0132,0.0055,0.0046
p08009,-0.001,-0.0049,-0.0117,-0.0123,-0.0058,-0.0038,0
p08011,-0.0032,-0.0071,-0.0125,-0.0129,-0.0081,-0.0042,0
p08013,-0.0094,-0.0177,-0.0181,-0.0181,-0.0177,-0.0082,0
p08014,-0.0094,-0.0177,-0.0181,-0.0181,-0.0177,-0.0082,0
p08015,-0.0037,-0.0081,-0.0127,-0.0129,-0.0093,-0.0044,0.0013
p08017,-0.0054,-0.0096,-0.0134,-0.0138,-0.0103,-0.0049,0
p08019,-0.0093,-0.0183,-0.0187,-0.0187,-0.018,-0.0087,0
p08021,0.011,0.0138,-0.0018,-0.002,0.0087,0.0028,0.0024
p08023,0.0057,0.0041,-0.0073,-0.0073,0.0018,-0.0007,0
p08025,-0.0045,-0.012,-0.0155,-0.0155,-0.0112,-0.006,0
p08027,-0.0024,-0.0075,-0.013,-0.013,-0.008,-0.0045,0
p08029,0.0057,0.0064,-0.0034,-0.004,0.0035,0.002,0.0056
p08031,-0.01,-0.02,-0.02,-0.02,-0.02,-0.01,0
p08033,0.0134,0.0219,0.0052,0.0045,0.0145,0.0073,0.0088
p08035,-0.0094,-0.0187,-0.0192,-0.0192,-0.0185,-0.0092,0
p08037,-0.0044,-0.0089,-0.0125,-0.0128,-0.0097,-0.0041,0.0017
p08039,-0.0084,-0.0169,-0.0178,-0.0178,-0.0166,-0.0079,0
p08041,-0.0072,-0.0155,-0.0172,-0.0172,-0.0152,-0.0076,0
p08043,-0.0048,-0.0113,-0.0149,-0.0149,-0.0114,-0.0058,0
p08045,0.004,0.0021,-0.0058,-0.0063,0.0009,0.0006,0.0047
p08047,-0.01,-0.019,-0.019,-0.019,-0.019,-0.009,0
p08049,-0.0079,-0.0142,-0.0155,-0.0155,-0.0142,-0.0061,0.0002
p08051,0.0015,0.0008,-0.0072,-0.0075,-0.0019,-0.0006,0.0036
p08053,0.0085,0.0126,-0.0009,-0.0014,0.0073,0.0033,0.0049
p08055,0.0004,-0.0037,-0.0112,-0.0112,-0.0046,-0.0032,0
p08057,-0.0075,-0.0115,-0.0132,-0.0132,-0.0113,-0.0037,0
p08059,-0.0099,-0.0194,-0.0196,-0.0196,-0.0194,-0.0096,0
p08061,-0.0044,-0.0089,-0.0134,-0.0137,-0.0096,-0.0048,0
p08063,-0.0063,-0.0103,-0.0135,-0.014,-0.0111,-0.0048,0
p08065,-0.0049,-0.0096,-0.0131,-0.0133,-0.0107,-0.0047,0.0017
p08067,0.014,0.0224,0.0045,0.0039,0.0147,0.0067,0.0064
p08069,-0.0091,-0.0123,-0.0129,-0.0129,-0.0122,-0.0032,0
p08071,0.0018,-0.0022,-0.0106,-0.0108,-0.0032,-0.0029,0
p08073,-0.0066,-0.0136,-0.016,-0.0161,-0.0134,-0.0065,0
p08075,-0.0087,-0.0098,-0.0118,-0.0119,-0.0108,-0.0029,0
p08077,0.0087,0.0097,-0.0015,-0.0021,0.0071,0.0035,0.0068
p08079,0.0088,0.0131,-0.0008,-0.0013,0.0075,0.0034,0.0045
p08081,0.0052,0.0002,-0.0068,-0.0072,0.0018,0.0005,0.0043
p08083,0.0172,0.0322,0.0117,0.0104,0.0206,0.011,0.0125
p08085,0.0097,0.0136,0.0006,0,0.009,0.0045,0.0073
p08087,-0.0089,-0.0142,-0.0153,-0.0153,-0.0142,-0.0053,0
p08089,-0.0023,-0.0085,-0.0139,-0.014,-0.0085,-0.005,0
p08091,0.0082,0.012,-0.0009,-0.0014,0.007,0.0035,0.006
p08093,-0.0076,-0.0157,-0.0172,-0.0172,-0.0156,-0.0076,0.0001
p08095,-0.0087,-0.0091,-0.0117,-0.012,-0.0108,-0.0029,0
p08097,-0.0021,-0.0053,-0.0105,-0.0107,-0.0067,-0.0027,0.0025
p08099,-0.0029,-0.007,-0.0125,-0.013,-0.0076,-0.004,0
p08101,-0.0035,-0.0105,-0.0148,-0.0148,-0.0102,-0.0055,0
p08103,0.0059,0.003,-0.0052,-0.0056,0.0029,0.0013,0.0049
p08105,0.0074,0.0101,-0.003,-0.0033,0.0053,0.002,0.0031
p08107,-0.0041,-0.008,-0.0114,-0.0115,-0.0079,-0.0027,0.0014
p08109,0.0017,0.0002,-0.0082,-0.0084,-0.0023,-0.0014,0.002
p08111,0.0102,0.016,0.001,0.0003,0.0097,0.0047,0.006
p08113,0.0119,0.0184,0.0031,0.0024,0.012,0.006,0.008
p08115,-0.0091,-0.0085,-0.0108,-0.0116,-0.0102,-0.0027,0
p08117,-0.0074,-0.0144,-0.0159,-0.0159,-0.0148,-0.0065,0.0005
p08119,-0.0077,-0.0161,-0.0176,-0.0176,-0.0158,-0.0078,0
p08121,-0.008,-0.0132,-0.0148,-0.015,-0.0132,-0.0053,0
p08123,-0.0093,-0.0129,-0.0136,-0.0136,-0.013,-0.0038,0
p08125,-0.0071,-0.01,-0.013,-0.0133,-0.0108,-0.0042,0
p09110,0.0501,0.2027,0.1319,0.1128,0.1023,0.0719,0
p09120,0.0685,0.3203,0.2118,0.1908,0.1613,0.1213,0
p09130,0.0525,0.2192,0.143,0.1241,0.1112,0.0793,0
p09140,0.0565,0.2428,0.1593,0.1395,0.1223,0.0889,0
p09150,0.0478,0.1924,0.1243,0.1093,0.1018,0.0708,0
p09160,0.0536,0.2261,0.1479,0.1284,0.1141,0.0821,0
p09170,0.0577,0.2517,0.1653,0.1455,0.1269,0.0928,0
p09180,0.05,0.2071,0.1344,0.118,0.1076,0.0758,0
p09190,0.0703,0.3318,0.2195,0.1978,0.1665,0.1261,0
p10001,0.0125,0.1656,0.1162,0.1064,0.0698,0.0675,0
p10003,0.029,0.19,0.1324,0.1201,0.0884,0.0751,0
p10005,0.0193,0.1547,0.1068,0.0968,0.0696,0.0609,0
p11001,0.01,0.039,0.028,0.019,0.019,0.009,0
p12001,0.0043,-0.0494,-0.0393,-0.0309,-0.0165,-0.0214,0
p12003,0.0072,-0.048,-0.0385,-0.0305,-0.0142,-0.0215,0
p12005,-0.0008,-0.0538,-0.0406,-0.0334,-0.0197,-0.0232,0
p12007,0.0065,-0.0482,-0.0387,-0.0305,-0.0148,-0.0212,0
p12009,0.0061,-0.0461,-0.0379,-0.029,-0.0149,-0.0195,0
p12011,0.0068,-0.0444,-0.0366,-0.0283,-0.0138,-0.019,0
p12013,-0.0047,-0.0608,-0.0449,-0.036,-0.0241,-0.0261,0
p12015,0.0023,-0.048,-0.0389,-0.0298,-0.0178,-0.02,0
p12017,0.0017,-0.0493,-0.0396,-0.0301,-0.0185,-0.0202,0
p12019,0.009,-0.0461,-0.0378,-0.0296,-0.0129,-0.0205,0
p12021,0.005,-0.0456,-0.0373,-0.029,-0.0153,-0.019,0
p12023,0.0039,-0.0509,-0.0401,-0.0318,-0.0168,-0.0224,0
p12027,0.0018,-0.0487,-0.039,-0.03,-0.0182,-0.02,0
p12029,-0.0003,-0.0547,-0.0419,-0.0332,-0.0204,-0.0237,0
p12031,0.0123,-0.0442,-0.037,-0.029,-0.0105,-0.0201,0
p12033,0.0021,-0.0428,-0.0327,-0.0302,-0.0154,-0.016,0
p12035,0.0088,-0.0454,-0.0377,-0.029,-0.013,-0.02,0
p12037,-0.0058,-0.0624,-0.0459,-0.0369,-0.0254,-0.0269,0
p12039,-0.0085,-0.0673,-0.0485,-0.039,-0.0284,-0.029,0
p12041,0.0015,-0.0525,-0.041,-0.0323,-0.0185,-0.0228,0
p12043,0.0038,-0.0469,-0.0381,-0.029,-0.0165,-0.0196,0
p12045,-0.0033,-0.0585,-0.0433,-0.0352,-0.0227,-0.0252,0
p12047,0.0011,-0.0541,-0.0416,-0.0331,-0.019,-0.0239,0
p12049,0.0012,-0.049,-0.0395,-0.03,-0.0189,-0.02,0
p12051,0.0045,-0.0463,-0.0377,-0.029,-0.0158,-0.019,0
p12053,0.001,-0.0497,-0.04,-0.03,-0.019,-0.02,0
p12055,0.0028,-0.0479,-0.0388,-0.0295,-0.0176,-0.02,0
p12057,0,-0.05,-0.04,-0.03,-0.02,-0.02,0
p12059,0.0021,-0.0479,-0.0374,-0.0309,-0.0161,-0.021,0
p12061,0.0056,-0.0461,-0.0378,-0.029,-0.0153,-0.0192,0
p12063,-0.0029,-0.0575,-0.0429,-0.0348,-0.0221,-0.0251,0
p12065,-0.0087,-0.0678,-0.0488,-0.0392,-0.0285,-0.0292,0
p12067,-0.002,-0.058,-0.0437,-0.0348,-0.022,-0.0252,0
p12069,0.0033,-0.0482,-0.0388,-0.0299,-0.0172,-0.02,0
p12071,0.0032,-0.0472,-0.0382,-0.029,-0.0169,-0.0197,0
p12073,-0.0098,-0.0696,-0.0498,-0.0399,-0.0298,-0.0299,0
p12075,0.002,-0.0508,-0.04,-0.0313,-0.0182,-0.0216,0
p12077,-0.0071,-0.0649,-0.0471,-0.0379,-0.0267,-0.028,0
p12079,-0.0048,-0.0619,-0.0456,-0.0366,-0.0248,-0.0268,0
p12081,0.0005,-0.0498,-0.0399,-0.03,-0.0195,-0.02,0
p12083,0.0039,-0.0483,-0.0389,-0.03,-0.0167,-0.0203,0
p12085,0.0063,-0.0452,-0.0372,-0.0289,-0.0146,-0.019,0
p12086,0.0073,-0.0435,-0.0361,-0.028,-0.0132,-0.019,0
p12087,0.0067,-0.0437,-0.0361,-0.0281,-0.0134,-0.0187,0
p12089,0.0135,-0.0436,-0.0368,-0.0289,-0.0098,-0.0201,0
p12091,0.0042,-0.0431,-0.0337,-0.0296,-0.0138,-0.0178,0
p12093,0.0042,-0.0468,-0.0381,-0.029,-0.0163,-0.0196,0
p12095,0.0036,-0.0478,-0.0387,-0.0296,-0.0169,-0.02,0
p12097,0.0034,-0.0477,-0.0386,-0.0294,-0.017,-0.02,0
p12099,0.0063,-0.0449,-0.037,-0.0287,-0.0143,-0.019,0
p12101,0.0003,-0.05,-0.04,-0.03,-0.0198,-0.02,0
p12103,0,-0.05,-0.04,-0.03,-0.02,-0.02,0
p12105,0.0014,-0.0491,-0.0395,-0.03,-0.0188,-0.02,0
p12107,0.0074,-0.0467,-0.0381,-0.0296,-0.0142,-0.0203,0
p12109,0.0113,-0.0446,-0.0371,-0.029,-0.0114,-0.02,0
p12111,0.006,-0.0455,-0.0375,-0.029,-0.0148,-0.019,0
p12113,0.003,-0.042,-0.0325,-0.0294,-0.0143,-0.0165,0
p12115,0.0012,-0.049,-0.0393,-0.03,-0.0188,-0.02,0
p12117,0.005,-0.0472,-0.0382,-0.029,-0.0158,-0.02,0
p12119,0.0018,-0.049,-0.0393,-0.03,-0.0185,-0.02,0
p12121,-0.0001,-0.0555,-0.0423,-0.0337,-0.0203,-0.0242,0
p12123,-0.0054,-0.0627,-0.0461,-0.0368,-0.0253,-0.027,0
p12125,0.0052,-0.0493,-0.0395,-0.0308,-0.0157,-0.0218,0
p12127,0.0071,-0.046,-0.0378,-0.029,-0.0142,-0.02,0
p12129,-0.0088,-0.068,-0.0489,-0.0392,-0.0288,-0.0292,0
p12131,0.003,-0.0461,-0.036,-0.0305,-0.0153,-0.0197,0
p12133,0.0001,-0.0523,-0.0398,-0.0328,-0.0188,-0.0228,0
p13001,0.0208,-0.0348,-0.0319,-0.0245,-0.0024,-0.0174,0
p13003,0.0077,-0.0454,-0.0369,-0.0291,-0.0126,-0.021,0
p13005,0.0162,-0.0385,-0.0337,-0.0262,-0.006,-0.0185,0
p13007,-0.0018,-0.0546,-0.0416,-0.0334,-0.0206,-0.0242,0
p13009,0.0193,-0.0063,-0.015,-0.0115,0.0082,-0.0082,0
p13011,0.0183,0.0025,-0.0095,-0.007,0.011,-0.005,0
p13013,0.02,0.0107,-0.0052,-0.004,0.0153,-0.003,0
p13015,0.0191,0.008,-0.0066,-0.0053,0.014,-0.0037,0
p13017,0.0106,-0.0376,-0.0326,-0.0256,-0.0082,-0.0186,0
p13019,0.0042,-0.0488,-0.0387,-0.0307,-0.0157,-0.0221,0
p13021,0.0174,-0.0072,-0.0154,-0.0122,0.0072,-0.0084,0
p13023,0.0164,-0.0208,-0.023,-0.018,0.001,-0.0128,0
p13025,0.0173,-0.0406,-0.0353,-0.0276,-0.0067,-0.0193,0
p13027,-0.0047,-0.0616,-0.0455,-0.0364,-0.0247,-0.0269,0
p13029,0.0377,-0.0333,-0.0329,-0.0248,0.006,-0.017,0
p13031,0.0343,-0.0299,-0.0303,-0.0229,0.0058,-0.0159,0
p13033,0.0293,-0.0227,-0.0257,-0.0189,0.006,-0.0134,0
p13035,0.0193,0.0113,-0.0045,-0.0035,0.0158,-0.0025,0
p13037,0.0012,-0.0485,-0.038,-0.0307,-0.0167,-0.0222,0
p13039,0.0183,-0.0409,-0.0357,-0.028,-0.0064,-0.0194,0
p13043,0.0283,-0.0278,-0.0287,-0.0217,0.0037,-0.0152,0
p13045,0.0187,0.0093,-0.006,-0.0051,0.0146,-0.0034,0
p13047,0.0163,-0.008,-0.0147,-0.0127,0.0053,-0.0087,0
p13049,0.0126,-0.0444,-0.0368,-0.0287,-0.0103,-0.0203,0
p13051,0.0434,-0.0345,-0.034,-0.0256,0.0085,-0.0176,0
p13053,0.0128,-0.019,-0.0214,-0.0176,-0.0004,-0.0122,0
p13055,0.0168,-0.0092,-0.0162,-0.0144,0.0048,-0.0098,0
p13057,0.0195,0.0123,-0.0042,-0.0034,0.0164,-0.0022,0
p13059,0.019,0.0045,-0.0085,-0.0065,0.0125,-0.0045,0
p13061,0.005,-0.0415,-0.0342,-0.0277,-0.0122,-0.0195,0
p13063,0.02,0.0187,-0.0007,-0.0007,0.0193,-0.0003,0
p13065,0.0065,-0.0486,-0.0386,-0.0306,-0.0146,-0.0219,0
p13067,0.02,0.0175,-0.0012,-0.001,0.0188,-0.0007,0
p13069,0.0107,-0.0413,-0.0348,-0.0273,-0.0097,-0.0195,0
p13071,-0.0021,-0.0566,-0.0428,-0.0342,-0.0213,-0.025,0
p13073,0.0227,-0.0142,-0.0193,-0.014,0.006,-0.0098,0
p13075,0.0002,-0.0543,-0.0413,-0.033,-0.0193,-0.0242,0
p13077,0.0191,0.012,-0.0044,-0.0037,0.0162,-0.0023,0
p13079,0.0168,-0.0076,-0.0155,-0.012,0.0066,-0.0085,0
p13081,0.0093,-0.0343,-0.0302,-0.0242,-0.0077,-0.0175,0
p13083,0.0155,-0.016,-0.0195,-0.0175,0.001,-0.012,0
p13085,0.019,0.0073,-0.0067,-0.0053,0.0137,-0.004,0
p13087,-0.0069,-0.0641,-0.0469,-0.0376,-0.0265,-0.028,0
p13089,0.02,0.019,-0.0005,-0.0005,0.0195,-0.0002,0
p13091,0.0149,-0.0282,-0.0273,-0.0216,-0.0027,-0.0152,0
p13093,0.0122,-0.0262,-0.0259,-0.0207,-0.0031,-0.0147,0
p13095,0.0018,-0.0486,-0.0382,-0.0306,-0.017,-0.022,0
p13097,0.02,0.0163,-0.002,-0.0017,0.018,-0.0012,0
p13099,0.0001,-0.0517,-0.0397,-0.0323,-0.0185,-0.0231,0
p13101,0.0026,-0.0524,-0.0407,-0.0325,-0.0177,-0.0232,0
p13103,0.0426,-0.0324,-0.033,-0.0248,0.0088,-0.0169,0
p13105,0.0181,-0.0053,-0.014,-0.0099,0.0074,-0.0071,0
p13107,0.0254,-0.0242,-0.0262,-0.0198,0.0038,-0.0139,0
p13109,0.0305,-0.031,-0.0307,-0.023,0.0035,-0.016,0
p13111,0.019,0.0004,-0.0099,-0.0077,0.0103,-0.0053,0
p13113,0.02,0.0163,-0.0023,-0.0017,0.018,-0.0013,0
p13115,0.0177,-0.0016,-0.0118,-0.0106,0.0088,-0.0072,0
p13117,0.0196,0.0122,-0.0042,-0.0032,0.0162,-0.0022,0
p13119,0.018,-0.001,-0.0112,-0.0082,0.0096,-0.0058,0
p13121,0.02,0.0183,-0.0009,-0.0007,0.0193,-0.0005,0
p13123,0.019,0.0018,-0.0096,-0.0075,0.011,-0.005,0
p13125,0.0223,-0.0127,-0.019,-0.014,0.0067,-0.01,0
p13127,0.0236,-0.0386,-0.0349,-0.027,-0.0029,-0.0189,0
p13129,0.0185,0.0005,-0.0105,-0.0086,0.0105,-0.006,0
p13131,-0.0077,-0.0661,-0.0477,-0.0384,-0.0277,-0.0284,0
p13133,0.0193,0.0011,-0.0107,-0.0081,0.011,-0.0054,0
p13135,0.02,0.0158,-0.0022,-0.0017,0.0179,-0.0012,0
p13137,0.019,0.0022,-0.0093,-0.0067,0.0108,-0.0047,0
p13139,0.0191,0.0079,-0.0069,-0.0053,0.014,-0.0037,0
p13141,0.0201,-0.0063,-0.0149,-0.0111,0.0084,-0.008,0
p13143,0.0186,0.0054,-0.0082,-0.0066,0.0126,-0.0046,0
p13145,0.016,-0.0076,-0.0154,-0.0125,0.0063,-0.0087,0
p13147,0.0175,-0.0047,-0.0135,-0.0095,0.0075,-0.007,0
p13149,0.0181,0.0047,-0.0083,-0.0071,0.0121,-0.0049,0
p13151,0.02,0.016,-0.002,-0.0016,0.018,-0.0012,0
p13153,0.0153,-0.0177,-0.0213,-0.0167,0.0019,-0.012,0
p13155,0.0081,-0.0416,-0.0347,-0.0273,-0.011,-0.0199,0
p13157,0.019,0.0061,-0.0076,-0.0057,0.0133,-0.004,0
p13159,0.0194,0.0068,-0.0074,-0.0057,0.0137,-0.004,0
p13161,0.0164,-0.0359,-0.0319,-0.0249,-0.0047,-0.0176,0
p13163,0.0243,-0.0182,-0.0224,-0.0168,0.0054,-0.0118,0
p13165,0.0304,-0.0254,-0.0273,-0.0204,0.0054,-0.0143,0
p13167,0.0223,-0.0202,-0.0233,-0.0177,0.0038,-0.0125,0
p13169,0.0187,-0.002,-0.0125,-0.0096,0.0098,-0.007,0
p13171,0.0185,0.0065,-0.0075,-0.006,0.0135,-0.0042,0
p13173,0.003,-0.0517,-0.04,-0.0317,-0.017,-0.0233,0
p13175,0.0189,-0.0223,-0.0244,-0.0187,0.0015,-0.0132,0
p13177,0.0052,-0.0412,-0.034,-0.0274,-0.0124,-0.0198,0
p13179,0.0341,-0.0336,-0.0327,-0.0247,0.0042,-0.0172,0
p13181,0.0204,-0.0114,-0.0178,-0.0128,0.0062,-0.0092,0
p13183,0.0286,-0.0336,-0.0322,-0.0245,0.0019,-0.0171,0
p13185,-0.0009,-0.0562,-0.0427,-0.0341,-0.0207,-0.0248,0
p13187,0.019,0.0047,-0.0078,-0.0058,0.0123,-0.0042,0
p13189,0.022,-0.0122,-0.0184,-0.0134,0.0068,-0.0096,0
p13191,0.0311,-0.0356,-0.0337,-0.0257,0.0019,-0.0178,0
p13193,0.0132,-0.0202,-0.0225,-0.018,0,-0.0128,0
p13195,0.0184,0.0004,-0.0108,-0.0078,0.0102,-0.0054,0
p13197,0.0127,-0.0197,-0.0221,-0.0179,-0.0006,-0.0124,0
p13199,0.018,0.0036,-0.0091,-0.0074,0.0118,-0.0051,0
p13201,-0.004,-0.0584,-0.0438,-0.035,-0.023,-0.0258,0
p13205,-0.0032,-0.0575,-0.0431,-0.0348,-0.0222,-0.0255,0
p13207,0.0184,0.0023,-0.01,-0.0077,0.0114,-0.0056,0
p13209,0.0203,-0.029,-0.0285,-0.0217,-0.0005,-0.0155,0
p13211,0.0194,0.0073,-0.0071,-0.0051,0.0141,-0.0039,0
p13213,0.0186,-0.0018,-0.0114,-0.0092,0.009,-0.0062,0
p13215,0.0145,-0.013,-0.0182,-0.015,0.0033,-0.0102,0
p13217,0.02,0.0136,-0.0036,-0.0028,0.0168,-0.0022,0
p13219,0.0193,0.006,-0.0077,-0.006,0.0135,-0.0042,0
p13221,0.019,-0.0012,-0.0118,-0.0089,0.0098,-0.006,0
p13223,0.0193,0.013,-0.004,-0.0033,0.0167,-0.0021,0
p13225,0.0153,-0.0147,-0.019,-0.015,0.0033,-0.0107,0
p13227,0.019,0.007,-0.0068,-0.0054,0.0136,-0.0036,0
p13229,0.0166,-0.0401,-0.0346,-0.027,-0.0067,-0.019,0
p13231,0.0187,0.0083,-0.0067,-0.0055,0.014,-0.0035,0
p13233,0.0183,0.0033,-0.0092,-0.008,0.0113,-0.0057,0
p13235,0.014,-0.0254,-0.0256,-0.02,-0.0016,-0.0142,0
p13237,0.019,0.0015,-0.0103,-0.0078,0.0115,-0.0055,0
p13239,0.0075,-0.0352,-0.0307,-0.0252,-0.0085,-0.0175,0
p13241,0.0179,-0.0013,-0.0109,-0.0077,0.0087,-0.0051,0
p13243,0.0054,-0.0396,-0.0331,-0.0267,-0.0115,-0.019,0
p13245,0.0257,-0.0174,-0.022,-0.0159,0.006,-0.0113,0
p13247,0.02,0.0173,-0.0017,-0.001,0.0187,-0.001,0
p13249,0.0123,-0.0217,-0.0233,-0.0187,-0.0013,-0.0133,0
p13251,0.0374,-0.0291,-0.0303,-0.0225,0.0075,-0.0156,0
p13253,-0.005,-0.0612,-0.0452,-0.0362,-0.0245,-0.0265,0
p13255,0.0192,0.013,-0.0038,-0.003,0.0164,-0.0022,0
p13257,0.0177,-0.0017,-0.0113,-0.008,0.009,-0.0057,0
p13259,0.0093,-0.0289,-0.0271,-0.0219,-0.0055,-0.0153,0
p13261,0.0093,-0.031,-0.0285,-0.0227,-0.006,-0.0161,0
p13263,0.0159,-0.0066,-0.0151,-0.012,0.0068,-0.0085,0
p13265,0.02,-0.0047,-0.0137,-0.0105,0.0088,-0.0075,0
p13267,0.0266,-0.0309,-0.0303,-0.023,0.0016,-0.0163,0
p13269,0.015,-0.0127,-0.0181,-0.0146,0.0039,-0.0101,0
p13271,0.0147,-0.0339,-0.0309,-0.0239,-0.005,-0.0171,0
p13273,0.005,-0.0404,-0.0336,-0.027,-0.0117,-0.0196,0
p13275,-0.0068,-0.0642,-0.0469,-0.0376,-0.0263,-0.028,0
p13277,0.0038,-0.0477,-0.0377,-0.03,-0.0153,-0.022,0
p13279,0.0233,-0.0293,-0.0291,-0.0221,0.0009,-0.0156,0
p13281,0.0187,0,-0.0102,-0.0075,0.0095,-0.005,0
p13283,0.022,-0.0246,-0.0262,-0.02,0.0018,-0.0142,0
p13285,0.0176,0.0005,-0.0108,-0.0089,0.0102,-0.0061,0
p13287,0.0068,-0.0405,-0.034,-0.027,-0.011,-0.0195,0
p13289,0.0175,-0.0138,-0.019,-0.0147,0.0045,-0.0105,0
p13291,0.019,0.002,-0.0092,-0.0068,0.0108,-0.0048,0
p13293,0.0173,-0.0007,-0.0117,-0.0091,0.0099,-0.0066,0
p13295,0.016,-0.0106,-0.0165,-0.0146,0.0035,-0.0099,0
p13297,0.02,0.0125,-0.0042,-0.0032,0.0162,-0.0023,0
p13299,0.0113,-0.0443,-0.0365,-0.0286,-0.0107,-0.0203,0
p13301,0.021,-0.0092,-0.0164,-0.0124,0.0076,-0.0084,0
p13303,0.0213,-0.0147,-0.0201,-0.0152,0.0057,-0.0108,0
p13305,0.0227,-0.0365,-0.0334,-0.026,-0.0026,-0.0181,0
p13307,0.0085,-0.0315,-0.029,-0.023,-0.007,-0.0165,0
p13309,0.0183,-0.0297,-0.0285,-0.0222,-0.0015,-0.0157,0
p13311,0.019,0.0034,-0.0086,-0.0064,0.0112,-0.0044,0
p13313,0.0167,-0.0047,-0.0129,-0.0109,0.0069,-0.0073,0
p13315,0.0111,-0.0334,-0.0301,-0.0239,-0.0063,-0.017,0
p13317,0.0195,-0.0066,-0.0149,-0.0106,0.0078,-0.0076,0
p13319,0.0192,-0.0126,-0.0189,-0.0143,0.0055,-0.0102,0
p13321,0.0035,-0.0462,-0.037,-0.0295,-0.0148,-0.0212,0
p16001,0.0203,0.0314,0.011,0.011,0.0207,0.0105,0.0206
p16003,0.0271,0.0562,0.03,0.0275,0.0346,0.0199,0.0337
p16005,0.0203,0.012,-0.0006,-0.0013,0.0169,0.0043,0.009
p16007,0.0214,0.0078,-0.0033,-0.004,0.0165,0.0029,0.0063
p16009,0.0304,0.0719,0.0421,0.0328,0.0412,0.0218,0.0331
p16011,0.0174,0.0152,0.0019,0.0009,0.0157,0.0052,0.0114
p16013,0.0231,0.0346,0.0148,0.0136,0.025,0.0122,0.0223
p16015,0.0214,0.0352,0.0139,0.0134,0.0229,0.0119,0.0227
p16017,0.0305,0.0724,0.0427,0.0338,0.0416,0.0223,0.0341
p16019,0.015,0.0123,0.0002,-0.0008,0.0135,0.0042,0.0102
p16021,0.0303,0.0724,0.0436,0.0356,0.0419,0.0233,0.0361
p16023,0.0177,0.0231,0.0076,0.0066,0.0183,0.008,0.0161
p16025,0.024,0.041,0.0185,0.0173,0.0271,0.0144,0.0258
p16027,0.021,0.0331,0.0123,0.0121,0.0219,0.0113,0.0217
p16029,0.0185,0.0106,-0.0012,-0.0021,0.0153,0.0038,0.0086
p16031,0.0257,0.03,0.011,0.0094,0.026,0.0107,0.0188
p16033,0.0126,0.0158,0.0029,0.002,0.0133,0.0049,0.0128
p16035,0.027,0.0628,0.0366,0.0304,0.0371,0.0206,0.0335
p16037,0.0218,0.0379,0.0174,0.016,0.0253,0.0133,0.0243
p16039,0.0223,0.0372,0.0153,0.0147,0.0244,0.0128,0.0238
p16041,0.0233,0.008,-0.0035,-0.0042,0.0177,0.003,0.006
p16043,0.0086,0.0084,-0.0019,-0.0028,0.0085,0.0021,0.0082
p16045,0.0215,0.0354,0.0139,0.0136,0.0229,0.0121,0.0228
p16047,0.0252,0.0435,0.0202,0.0188,0.029,0.0154,0.0272
p16049,0.0258,0.0572,0.0323,0.0281,0.0347,0.0196,0.0331
p16051,0.0144,0.0155,0.0025,0.0017,0.014,0.0049,0.0122
p16053,0.0262,0.0422,0.0191,0.0175,0.03,0.0152,0.0259
p16055,0.03,0.071,0.0411,0.0316,0.041,0.021,0.0319
p16057,0.0312,0.0743,0.044,0.0358,0.043,0.0236,0.0363
p16059,0.0192,0.0351,0.0168,0.0149,0.0234,0.0122,0.023
p16061,0.0316,0.0747,0.0444,0.038,0.044,0.0252,0.0399
p16063,0.0248,0.0392,0.0174,0.0158,0.0278,0.014,0.0245
p16065,0.0129,0.0123,0.0004,-0.0004,0.0123,0.004,0.0105
p16067,0.023,0.0278,0.01,0.0089,0.023,0.0096,0.0182
p16069,0.0321,0.0766,0.0459,0.0388,0.0446,0.0255,0.0398
p16071,0.0232,0.0107,-0.0017,-0.0025,0.0184,0.0039,0.0077
p16073,0.0266,0.0519,0.0255,0.0239,0.0329,0.0184,0.0317
p16075,0.022,0.037,0.015,0.0145,0.0238,0.0128,0.0235
p16077,0.0206,0.0154,0.0016,0.0007,0.0178,0.0054,0.011
p16079,0.0287,0.0678,0.0396,0.0319,0.0394,0.0213,0.0335
p16081,0.0091,0.0063,-0.0037,-0.0044,0.0079,0.001,0.0061
p16083,0.0287,0.0508,0.0246,0.0227,0.0348,0.018,0.0305
p16085,0.0245,0.0477,0.0237,0.0218,0.0299,0.0167,0.0293
p16087,0.0248,0.0475,0.0232,0.0217,0.0299,0.0166,0.0293
p17001,0.0314,0.0866,0.0465,0.0442,0.0482,0.0282,0
p17003,0.04,0.0468,0.0222,0.0246,0.038,0.0156,0
p17005,0.0593,0.1223,0.0695,0.069,0.0778,0.0433,0
p17007,0.0367,0.1865,0.1145,0.1043,0.0938,0.0673,0
p17009,0.0353,0.0939,0.0513,0.0489,0.0531,0.031,0
p17011,0.0222,0.101,0.0555,0.0517,0.0489,0.0319,0
p17013,0.0577,0.1227,0.0693,0.0688,0.0768,0.0433,0
p17015,0.0164,0.0814,0.0431,0.04,0.0376,0.0244,0
p17017,0.0367,0.0989,0.0547,0.0519,0.056,0.0329,0
p17019,0.0323,0.1009,0.0571,0.0529,0.0555,0.034,0
p17021,0.0447,0.1043,0.0583,0.0566,0.0627,0.0357,0
p17023,0.0294,0.0607,0.0317,0.0304,0.0377,0.0197,0
p17025,0.0406,0.0789,0.0426,0.0423,0.0505,0.0266,0
p17027,0.0596,0.1212,0.0688,0.0684,0.0772,0.0427,0
p17029,0.0333,0.0779,0.0425,0.0405,0.0469,0.026,0
p17031,0.066,0.3293,0.2066,0.1879,0.1693,0.122,0
p17033,0.0293,0.0543,0.0277,0.0269,0.0349,0.0171,0
p17035,0.0347,0.0757,0.041,0.0398,0.0468,0.0252,0
p17037,0.0421,0.2075,0.1273,0.1159,0.1055,0.0747,0
p17039,0.0335,0.1059,0.0595,0.0558,0.058,0.0356,0
p17041,0.0331,0.0843,0.0467,0.0443,0.0493,0.0283,0
p17043,0.0631,0.3154,0.1976,0.1797,0.1621,0.1169,0
p17045,0.029,0.0661,0.0355,0.0335,0.0396,0.0216,0
p17047,0.034,0.0575,0.0298,0.0298,0.039,0.0187,0
p17049,0.0404,0.0852,0.0467,0.0458,0.053,0.029,0
p17051,0.0489,0.1035,0.0578,0.0569,0.0649,0.0361,0
p17053,0.0358,0.1369,0.0805,0.0741,0.0727,0.0478,0
p17055,0.0462,0.0831,0.0451,0.0456,0.0554,0.0287,0
p17057,0.026,0.0858,0.0454,0.0431,0.0449,0.0267,0
p17059,0.0353,0.0505,0.0253,0.0265,0.0373,0.0167,0
p17061,0.0564,0.1207,0.0685,0.0675,0.0755,0.0425,0
p17063,0.0458,0.2172,0.1335,0.1216,0.1116,0.0785,0
p17065,0.0407,0.0709,0.0377,0.0379,0.0476,0.0239,0
p17067,0.0233,0.0754,0.039,0.0368,0.0391,0.0229,0
p17069,0.0345,0.0353,0.0155,0.018,0.0307,0.0115,0
p17071,0.0163,0.0657,0.032,0.0303,0.0309,0.018,0
p17073,0.0131,0.0619,0.0285,0.0275,0.027,0.0154,0
p17075,0.0386,0.1588,0.0954,0.0873,0.0836,0.0566,0
p17077,0.0496,0.0812,0.0435,0.0447,0.0563,0.0281,0
p17079,0.0344,0.0691,0.0368,0.0359,0.0436,0.0228,0
p17081,0.0495,0.0948,0.0523,0.0522,0.0616,0.0328,0
p17083,0.0641,0.1311,0.0747,0.0743,0.0834,0.0467,0
p17085,0.0154,0.0784,0.0416,0.0383,0.0358,0.0239,0
p17087,0.0389,0.0464,0.0216,0.0244,0.037,0.0153,0
p17089,0.052,0.2586,0.1609,0.1462,0.1323,0.0949,0
p17091,0.0492,0.2312,0.1428,0.1301,0.1195,0.0844,0
p17093,0.0505,0.2472,0.1532,0.1393,0.1265,0.0903,0
p17095,0.0167,0.0709,0.035,0.0333,0.033,0.0197,0
p17097,0.0559,0.2822,0.1768,0.1606,0.1447,0.1043,0
p17099,0.036,0.1656,0.099,0.0907,0.0842,0.0582,0
p17101,0.03,0.0504,0.0253,0.0248,0.0338,0.016,0
p17103,0.028,0.1351,0.079,0.0726,0.0669,0.0461,0
p17105,0.0367,0.1545,0.0917,0.0842,0.0804,0.0542,0
p17107,0.0342,0.1023,0.0568,0.0537,0.0564,0.0339,0
p17109,0.0238,0.0782,0.0402,0.0381,0.0402,0.0236,0
p17111,0.0458,0.2319,0.1441,0.131,0.1182,0.0847,0
p17113,0.0327,0.1173,0.0669,0.062,0.0625,0.0397,0
p17115,0.0371,0.0994,0.0552,0.0526,0.0569,0.0335,0
p17117,0.0583,0.1234,0.0702,0.0692,0.0775,0.0435,0
p17119,0.0669,0.135,0.077,0.0769,0.0865,0.0482,0
p17121,0.049,0.0983,0.0546,0.0543,0.0628,0.0342,0
p17123,0.0264,0.1115,0.0628,0.0584,0.0558,0.0366,0
p17125,0.0317,0.0969,0.0533,0.0504,0.0527,0.0313,0
p17127,0.0357,0.0318,0.0128,0.0163,0.03,0.0103,0
p17129,0.0363,0.1016,0.0564,0.0537,0.0573,0.0341,0
p17131,0.0115,0.0548,0.0237,0.023,0.0231,0.0124,0
p17133,0.0669,0.134,0.0764,0.0764,0.086,0.048,0
p17135,0.055,0.1168,0.066,0.0652,0.0731,0.041,0
p17137,0.044,0.1072,0.06,0.0581,0.0635,0.0366,0
p17139,0.0365,0.0904,0.0501,0.048,0.0535,0.0306,0
p17141,0.0273,0.1369,0.0807,0.074,0.0676,0.0469,0
p17143,0.0233,0.0905,0.0486,0.0456,0.0453,0.0282,0
p17145,0.0553,0.1043,0.058,0.0584,0.0683,0.0366,0
p17147,0.0335,0.1005,0.0564,0.053,0.0561,0.0338,0
p17149,0.0431,0.1041,0.0579,0.056,0.0618,0.0355,0
p17151,0.0352,0.0335,0.014,0.0168,0.0302,0.0107,0
p17153,0.039,0.0443,0.02,0.023,0.0363,0.0143,0
p17155,0.0275,0.1218,0.0693,0.064,0.0608,0.0405,0
p17157,0.0607,0.117,0.0659,0.0663,0.0763,0.0417,0
p17159,0.0342,0.0628,0.033,0.0322,0.0412,0.0208,0
p17161,0.0107,0.0524,0.0218,0.0214,0.0214,0.0111,0
p17163,0.0675,0.1354,0.0772,0.0772,0.0869,0.0484,0
p17165,0.0382,0.0553,0.0278,0.0292,0.0402,0.0183,0
p17167,0.0425,0.1071,0.0601,0.0576,0.0626,0.0367,0
p17169,0.0306,0.0884,0.0474,0.0451,0.0484,0.0283,0
p17171,0.0464,0.1092,0.0612,0.0594,0.0654,0.0374,0
p17173,0.0414,0.0936,0.0516,0.0502,0.0567,0.0317,0
p17175,0.019,0.0823,0.0428,0.0403,0.0393,0.0243,0
p17177,0.021,0.108,0.0622,0.057,0.052,0.0362,0
p17179,0.0293,0.1012,0.0558,0.0525,0.0532,0.0328,0
p17181,0.0433,0.0598,0.03,0.0321,0.0445,0.0201,0
p17183,0.0302,0.0899,0.0509,0.0472,0.0504,0.0305,0
p17185,0.0314,0.0512,0.0256,0.0256,0.0348,0.0162,0
p17187,0.0164,0.0669,0.0324,0.0308,0.0312,0.0182,0
p17189,0.0593,0.1191,0.0676,0.0671,0.0764,0.0423,0
p17191,0.0399,0.0728,0.0389,0.0387,0.0479,0.0244,0
p17193,0.0351,0.0554,0.028,0.0287,0.0386,0.0183,0
p17195,0.0151,0.073,0.0366,0.0345,0.0329,0.0203,0
p17197,0.0568,0.2791,0.1741,0.1584,0.1436,0.1028,0
p17199,0.0422,0.0594,0.0298,0.0316,0.0437,0.0199,0
p17201,0.0284,0.146,0.0877,0.0801,0.072,0.0513,0
p17203,0.0298,0.1175,0.0672,0.062,0.0604,0.0395,0
p18001,0.016,0.0545,0.0305,0.0271,0.0306,0.0176,0
p18003,0.0177,0.0725,0.0435,0.0388,0.0395,0.0249,0
p18005,0.0166,0.0146,0.0027,0.0026,0.0119,0.0023,0
p18007,0.0335,0.123,0.0728,0.0668,0.0664,0.0429,0
p18009,0.0165,0.0418,0.0213,0.019,0.0243,0.0125,0
p18011,0.0205,0.0215,0.0075,0.0071,0.0158,0.0045,0
p18013,0.0187,0.0167,0.0043,0.0041,0.0134,0.0031,0
p18015,0.0266,0.0788,0.0448,0.0406,0.0442,0.0262,0
p18017,0.0268,0.0861,0.0496,0.0451,0.0477,0.029,0
p18019,0.019,0.0102,0,0,0.01,0,0
p18021,0.0234,0.0369,0.0171,0.0161,0.0243,0.0108,0
p18023,0.0226,0.043,0.0214,0.0195,0.0263,0.0125,0
p18025,0.0202,0.0145,0.0032,0.0032,0.0132,0.0022,0
p18027,0.0237,0.0314,0.0134,0.0131,0.0227,0.0084,0
p18029,-0.0038,-0.0104,-0.0134,-0.0138,-0.0042,-0.0068,0
p18031,0.012,0.0103,0.0003,0,0.009,0.0008,0
p18033,0.0179,0.0826,0.0509,0.0453,0.0446,0.0286,0
p18035,0.017,0.031,0.0144,0.0129,0.0199,0.0088,0
p18037,0.0222,0.0219,0.0078,0.0079,0.0177,0.0052,0
p18039,0.0253,0.1211,0.0739,0.0667,0.0638,0.0429,0
p18041,0.0076,0.0076,-0.0012,-0.002,0.007,0.0004,0
p18043,0.02,0.01,0,0,0.01,0,0
p18045,0.026,0.0639,0.0349,0.0318,0.037,0.0205,0
p18047,0.001,-0.0027,-0.0082,-0.0085,0.0006,-0.0036,0
p18049,0.0275,0.1168,0.0705,0.0637,0.0618,0.0412,0
p18051,0.0291,0.0416,0.0196,0.0199,0.0297,0.0127,0
p18053,0.0184,0.0464,0.0241,0.0216,0.0273,0.0141,0
p18055,0.0224,0.0306,0.0131,0.0126,0.0213,0.0083,0
p18057,0.0199,0.019,0.0059,0.0053,0.0141,0.0034,0
p18059,0.0192,0.0144,0.003,0.0024,0.012,0.0018,0
p18061,0.02,0.0114,0.001,0.001,0.0111,0.0008,0
p18063,0.02,0.0157,0.0036,0.0034,0.0129,0.0024,0
p18065,0.016,0.0205,0.0069,0.0061,0.0144,0.0045,0
p18067,0.0224,0.0498,0.026,0.0234,0.0296,0.0152,0
p18069,0.0198,0.0658,0.0372,0.0337,0.0368,0.0217,0
p18071,0.0173,0.0152,0.0031,0.003,0.0123,0.0024,0
p18073,0.0406,0.1775,0.1086,0.0988,0.093,0.0638,0
p18075,0.0146,0.0392,0.0198,0.0174,0.023,0.0116,0
p18077,0.0127,0.0087,-0.001,-0.001,0.0082,0.0002,0
p18079,0.0139,0.0114,0.0011,0.0009,0.0101,0.0013,0
p18081,0.0195,0.0127,0.002,0.0018,0.0115,0.0013,0
p18083,0.0267,0.04,0.0186,0.0184,0.0276,0.012,0
p18085,0.0244,0.1056,0.0636,0.0573,0.056,0.0368,0
p18087,0.02,0.0974,0.0593,0.0533,0.0521,0.0339,0
p18089,0.0587,0.2907,0.1818,0.1653,0.1496,0.1074,0
p18091,0.0451,0.222,0.1382,0.1254,0.1148,0.0813,0
p18093,0.0197,0.0199,0.0062,0.006,0.0154,0.0044,0
p18095,0.019,0.0263,0.0109,0.01,0.0179,0.0066,0
p18097,0.02,0.0113,0.0006,0.0006,0.0105,0.0005,0
p18099,0.0303,0.1391,0.085,0.077,0.0728,0.0496,0
p18101,0.0216,0.0256,0.0099,0.0095,0.0191,0.0066,0
p18103,0.0244,0.076,0.0433,0.0391,0.0423,0.0251,0
p18105,0.0199,0.0218,0.0074,0.007,0.0161,0.0048,0
p18107,0.0224,0.0397,0.0191,0.0177,0.025,0.0114,0
p18109,0.0201,0.0171,0.0046,0.0042,0.0137,0.0028,0
p18111,0.0431,0.1897,0.1161,0.1059,0.0994,0.0685,0
p18113,0.0208,0.0944,0.0573,0.0513,0.0507,0.0329,0
p18115,-0.002,-0.008,-0.012,-0.012,-0.0025,-0.006,0
p18117,0.0202,0.0174,0.0048,0.0047,0.0144,0.0033,0
p18119,0.0214,0.0279,0.0113,0.0109,0.0197,0.007,0
p18121,0.0241,0.0439,0.0216,0.0204,0.0275,0.0133,0
p18123,0.0217,0.017,0.0045,0.0052,0.0153,0.0035,0
p18125,0.0249,0.0314,0.0133,0.0134,0.023,0.0088,0
p18127,0.0524,0.259,0.1619,0.1471,0.1336,0.0953,0
p18129,0.0319,0.0447,0.0214,0.0223,0.0329,0.0143,0
p18131,0.0353,0.1494,0.091,0.0826,0.0791,0.0532,0
p18133,0.0215,0.0266,0.0104,0.0098,0.0187,0.0063,0
p18135,0.0128,0.0258,0.0111,0.0096,0.0164,0.007,0
p18137,0.0055,0.0022,-0.0051,-0.0055,0.0039,-0.0019,0
p18139,0.0138,0.0126,0.0019,0.0014,0.0104,0.0016,0
p18141,0.0341,0.1674,0.1034,0.0936,0.0871,0.0609,0
p18143,0.017,0.0113,0.001,0.001,0.0103,0.001,0
p18145,0.0178,0.0133,0.0021,0.0018,0.0113,0.0016,0
p18147,0.0239,0.0225,0.0081,0.0087,0.0193,0.0059,0
p18149,0.0377,0.1768,0.1092,0.0987,0.0918,0.0638,0
p18151,0.0175,0.0848,0.0525,0.047,0.046,0.0295,0
p18153,0.0256,0.0435,0.0211,0.0205,0.0286,0.0131,0
p18155,0.0044,-0.0004,-0.0068,-0.0068,0.0022,-0.003,0
p18157,0.0268,0.0758,0.0426,0.039,0.0427,0.0251,0
p18159,0.0208,0.0353,0.0165,0.015,0.0225,0.0098,0
p18161,0.0033,0.003,-0.0043,-0.005,0.004,-0.0017,0
p18163,0.0292,0.0378,0.0174,0.018,0.0286,0.0116,0
p18165,0.0265,0.0607,0.0322,0.0302,0.0362,0.0193,0
p18167,0.0254,0.0471,0.0233,0.022,0.0298,0.0145,0
p18169,0.0219,0.0719,0.0411,0.037,0.0398,0.024,0
p18171,0.0292,0.0904,0.0516,0.0472,0.05,0.0308,0
p18173,0.0261,0.0294,0.0124,0.013,0.023,0.0084,0
p18175,0.019,0.0127,0.0017,0.0017,0.0116,0.0014,0
p18177,0.0094,0.0143,0.003,0.0021,0.0104,0.0026,0
p18179,0.0174,0.0563,0.0314,0.0281,0.0319,0.018,0
p18181,0.0314,0.1144,0.0678,0.062,0.062,0.0398,0
p18183,0.0209,0.0854,0.0511,0.0459,0.046,0.0294,0
p19001,0.0068,0.0251,0.0067,0.0043,0.0099,0.005,0
p19003,0.0058,0.02,0.0032,0.001,0.0073,0.0031,0
p19005,0.0074,0.0473,0.023,0.02,0.0187,0.014,0
p19007,0.0142,0.0547,0.0271,0.024,0.0267,0.0167,0
p19009,0.0047,0.0144,-0.0016,-0.0031,0.0036,0.0004,0
p19011,0.0038,0.0113,-0.0049,-0.0056,0.0011,-0.0017,0
p19013,0,-0.0086,-0.019,-0.019,-0.0091,-0.0093,0
p19015,0.0069,0.0306,0.0105,0.0083,0.0116,0.007,0
p19017,0.0011,-0.003,-0.0149,-0.0151,-0.0064,-0.0071,0
p19019,0.0023,0.0043,-0.0097,-0.0101,-0.0026,-0.0045,0
p19021,0.0042,0.0273,0.0101,0.0077,0.0088,0.0066,0
p19023,0.0018,0.0021,-0.011,-0.0115,-0.0039,-0.005,0
p19025,0.0066,0.0294,0.0103,0.0081,0.0109,0.007,0
p19027,0.0058,0.0222,0.0043,0.0023,0.0076,0.0037,0
p19029,0.0043,0.0132,-0.0023,-0.004,0.0032,0,0
p19031,0.0108,0.0513,0.0219,0.0209,0.0213,0.0119,0
p19033,0.0053,0.0294,0.0106,0.0081,0.0097,0.007,0
p19035,0.0023,0.0198,0.0048,0.0026,0.0049,0.0033,0
p19037,0.003,0.0133,-0.0022,-0.0037,0.0017,-0.0001,0
p19039,0.0102,0.0401,0.0176,0.0146,0.0187,0.0113,0
p19041,0.004,0.0388,0.0193,0.0159,0.0139,0.0118,0
p19043,0.0066,0.0337,0.0119,0.0098,0.0123,0.0076,0
p19045,0.0115,0.0565,0.0251,0.0242,0.0239,0.0135,0
p19047,0.0041,0.0129,-0.0025,-0.0041,0.0026,-0.0002,0
p19049,0.0078,0.0304,0.0099,0.0078,0.0123,0.0069,0
p19051,0.0158,0.0585,0.0293,0.0265,0.0287,0.0175,0
p19053,0.0112,0.0458,0.0223,0.0187,0.022,0.014,0
p19055,0.0066,0.0304,0.0088,0.0071,0.0108,0.0056,0
p19057,0.0152,0.0621,0.0296,0.028,0.0288,0.0166,0
p19059,0.0047,0.0481,0.0272,0.023,0.018,0.016,0
p19061,0.0108,0.0539,0.0249,0.0227,0.0228,0.0145,0
p19063,0.006,0.0541,0.0313,0.027,0.0211,0.0182,0
p19065,0.003,0.0116,-0.0038,-0.005,0.0011,-0.0012,0
p19067,0.0037,0.0172,0.0011,-0.0004,0.0039,0.0018,0
p19069,0.0039,0.0164,0.0002,-0.0012,0.0034,0.0013,0
p19071,0.0019,0.001,-0.011,-0.0117,-0.0034,-0.0047,0
p19073,0.0069,0.0278,0.0084,0.0063,0.0105,0.0059,0
p19075,0.0016,0,-0.0125,-0.0129,-0.0047,-0.0057,0
p19077,0.0065,0.0242,0.0055,0.0035,0.0088,0.0045,0
p19079,0.0057,0.0263,0.0077,0.0056,0.009,0.0054,0
p19081,0.0066,0.0402,0.019,0.016,0.0152,0.0117,0
p19083,0.0039,0.0139,-0.0019,-0.0033,0.0024,0,0
p19085,0.001,-0.0035,-0.015,-0.0153,-0.0065,-0.0071,0
p19087,0.015,0.0603,0.0287,0.0269,0.0282,0.0161,0
p19089,0.0044,0.0324,0.0131,0.0106,0.0108,0.0082,0
p19091,0.007,0.0398,0.0184,0.0153,0.0156,0.0114,0
p19093,0.0039,0.0153,0.0001,-0.0014,0.0034,0.0013,0
p19095,0.0079,0.0334,0.0109,0.0092,0.0128,0.007,0
p19097,0.0125,0.061,0.0291,0.0274,0.0265,0.0164,0
p19099,0.0071,0.0291,0.0087,0.0068,0.0108,0.006,0
p19101,0.014,0.0572,0.0273,0.025,0.0263,0.016,0
p19103,0.0096,0.0441,0.0175,0.0162,0.0181,0.0103,0
p19105,0.0096,0.0462,0.0191,0.0176,0.0188,0.0109,0
p19107,0.0109,0.0465,0.0202,0.0182,0.0204,0.0122,0
p19109,0.0075,0.0514,0.0283,0.0244,0.0206,0.0169,0
p19111,0.0192,0.0689,0.0348,0.0326,0.0341,0.0204,0
p19113,0.0067,0.0278,0.0068,0.0055,0.0095,0.0045,0
p19115,0.0125,0.057,0.0258,0.0243,0.0248,0.0142,0
p19117,0.0114,0.0449,0.0203,0.0176,0.0209,0.0128,0
p19119,0.0015,0.03,0.0138,0.011,0.0093,0.0087,0
p19121,0.0086,0.033,0.0124,0.0098,0.0142,0.0082,0
p19123,0.01,0.0418,0.0175,0.0152,0.0179,0.011,0
p19125,0.0097,0.0389,0.0159,0.0134,0.0169,0.01,0
p19127,0.0041,0.0143,-0.0021,-0.0032,0.0029,0,0
p19129,0.0008,-0.0054,-0.0164,-0.0166,-0.0073,-0.0078,0
p19131,0.0054,0.0363,0.0164,0.0136,0.0128,0.0101,0
p19133,0.0019,0.0032,-0.0091,-0.0101,-0.0027,-0.0038,0
p19135,0.0127,0.0484,0.0224,0.0197,0.0228,0.0138,0
p19137,0.003,0.0063,-0.0073,-0.0087,-0.0007,-0.0028,0
p19139,0.0111,0.0536,0.0232,0.0222,0.0224,0.0123,0
p19141,0.0021,0.0276,0.0114,0.0089,0.0082,0.007,0
p19143,0.002,0.0368,0.0196,0.0161,0.0123,0.0117,0
p19145,0.0034,0.0097,-0.0038,-0.0054,0.0017,-0.0009,0
p19147,0.0071,0.0474,0.0253,0.0213,0.0188,0.015,0
p19149,0.0011,0.0165,0.0023,0.0004,0.0034,0.0025,0
p19151,0.0067,0.0383,0.0177,0.0145,0.0146,0.0108,0
p19153,0.0078,0.0321,0.0112,0.0091,0.0127,0.0074,0
p19155,0.0012,-0.004,-0.0152,-0.0158,-0.0064,-0.0075,0
p19157,0.007,0.0276,0.0071,0.0054,0.0099,0.005,0
p19159,0.0093,0.0379,0.017,0.0136,0.0178,0.0113,0
p19161,0.0055,0.0236,0.0062,0.0039,0.0079,0.0046,0
p19163,0.0103,0.0513,0.021,0.0209,0.0206,0.0105,0
p19165,0.0028,0.0051,-0.0085,-0.0095,-0.0014,-0.0034,0
p19167,0.0016,0.0237,0.0083,0.0059,0.0065,0.0056,0
p19169,0.0058,0.025,0.0062,0.0043,0.0085,0.0045,0
p19171,0.003,0.0059,-0.0083,-0.0093,-0.0016,-0.0035,0
p19173,0.0068,0.0264,0.0083,0.0058,0.0112,0.0062,0
p19175,0.0083,0.0324,0.0124,0.0096,0.0144,0.0083,0
p19177,0.0168,0.0613,0.0303,0.0278,0.0298,0.018,0
p19179,0.013,0.0534,0.0256,0.023,0.0246,0.0153,0
p19181,0.0095,0.0369,0.0146,0.0121,0.016,0.0095,0
p19183,0.0119,0.0536,0.0242,0.0225,0.0233,0.0138,0
p19185,0.0128,0.0506,0.0251,0.0216,0.0247,0.0156,0
p19187,0.0068,0.0339,0.0136,0.0109,0.0129,0.0087,0
p19189,0.0077,0.0533,0.0302,0.026,0.0211,0.0178,0
p19191,0.0049,0.0343,0.0141,0.0113,0.0118,0.0087,0
p19193,0.0014,0.0096,-0.0037,-0.005,0.0003,-0.0009,0
p19195,0.0068,0.0465,0.0247,0.0209,0.0181,0.0148,0
p19197,0.0059,0.0309,0.0114,0.0091,0.0111,0.0075,0
p20001,0.0083,0.0283,0.0132,0.0095,0.0153,0.0093,0
p20003,0.0087,0.0374,0.0212,0.016,0.0208,0.0139,0
p20005,0.0093,0.0519,0.0334,0.0263,0.0289,0.0206,0
p20007,-0.0005,-0.0132,-0.0194,-0.0195,-0.0104,-0.009,0
p20009,-0.0005,-0.0072,-0.015,-0.0158,-0.0075,-0.0065,0
p20011,0.0102,0.0348,0.0188,0.0143,0.0198,0.0126,0
p20013,0.0074,0.038,0.0211,0.0158,0.0198,0.0135,0
p20015,0.0007,-0.007,-0.0171,-0.0175,-0.0078,-0.0083,0
p20017,0.003,0.0035,-0.0081,-0.0094,-0.0009,-0.0029,0
p20019,0.0025,-0.0037,-0.0129,-0.0136,-0.0044,-0.0055,0
p20021,0.01,0.0179,0.0047,0.0029,0.0107,0.005,0
p20023,-0.0057,-0.0082,-0.012,-0.013,-0.0092,-0.004,0
p20025,-0.0002,-0.0126,-0.0178,-0.0181,-0.0094,-0.0077,0
p20027,0.0044,0.0127,-0.0003,-0.0025,0.0046,0.0014,0
p20029,0.0019,0.0062,-0.0049,-0.0069,0,-0.0012,0
p20031,0.0069,0.0262,0.0115,0.0078,0.0137,0.0083,0
p20033,-0.0009,-0.0139,-0.019,-0.0194,-0.0102,-0.0087,0
p20035,0.0009,-0.0082,-0.0173,-0.0175,-0.008,-0.0081,0
p20037,0.01,0.0258,0.0111,0.0081,0.015,0.0084,0
p20039,-0.0046,-0.0065,-0.0117,-0.0127,-0.008,-0.004,0
p20041,0.0039,0.0073,-0.0048,-0.0063,0.0018,-0.0011,0
p20043,0.0089,0.0494,0.0311,0.0246,0.0271,0.0194,0
p20045,0.0097,0.0566,0.0378,0.0302,0.0322,0.0232,0
p20047,-0.0001,-0.0091,-0.0162,-0.0167,-0.008,-0.007,0
p20049,0.0028,-0.0015,-0.0116,-0.0124,-0.0036,-0.0051,0
p20051,-0.0024,-0.006,-0.0129,-0.0142,-0.0073,-0.0053,0
p20053,0.0003,-0.0046,-0.0134,-0.0143,-0.0058,-0.006,0
p20055,-0.0021,-0.0074,-0.0134,-0.0142,-0.0079,-0.005,0
p20057,-0.0005,-0.0101,-0.0161,-0.0168,-0.0082,-0.0068,0
p20059,0.0094,0.0494,0.0316,0.0248,0.028,0.0196,0
p20061,0.0051,0.0145,0.0013,-0.0012,0.0063,0.0025,0
p20063,-0.0029,-0.0058,-0.012,-0.013,-0.007,-0.0041,0
p20065,-0.0033,-0.0059,-0.0122,-0.0133,-0.0074,-0.0048,0
p20067,-0.002,-0.0077,-0.0134,-0.0142,-0.0077,-0.005,0
p20069,-0.002,-0.0085,-0.0144,-0.0153,-0.008,-0.0059,0
p20071,-0.0037,-0.0075,-0.013,-0.013,-0.0082,-0.004,0
p20073,0.0032,0.0031,-0.008,-0.0095,-0.0009,-0.0029,0
p20075,-0.0028,-0.007,-0.013,-0.0132,-0.0077,-0.0045,0
p20077,0,-0.0116,-0.0192,-0.0194,-0.0099,-0.009,0
p20079,0.0005,-0.0082,-0.0182,-0.0185,-0.0086,-0.0089,0
p20081,-0.002,-0.0082,-0.0141,-0.0149,-0.008,-0.0054,0
p20083,-0.002,-0.0076,-0.0143,-0.0151,-0.0079,-0.0059,0
p20085,0.0083,0.0409,0.0236,0.0181,0.0222,0.0154,0
p20087,0.0095,0.0557,0.0371,0.0292,0.0313,0.0227,0
p20089,-0.0009,0.0001,-0.0087,-0.0104,-0.0036,-0.003,0
p20091,0.01,0.0666,0.047,0.0377,0.038,0.0284,0
p20093,-0.0026,-0.0071,-0.013,-0.014,-0.008,-0.005,0
p20095,0.0001,-0.0094,-0.0182,-0.0185,-0.0088,-0.0087,0
p20097,0,-0.0112,-0.0175,-0.018,-0.0091,-0.0079,0
p20099,0.0074,0.0109,-0.0006,-0.0022,0.006,0.0019,0
p20101,-0.0022,-0.0066,-0.013,-0.0139,-0.007,-0.005,0
p20103,0.01,0.0645,0.045,0.0361,0.0368,0.0271,0
p20105,0.0009,0,-0.0096,-0.0111,-0.0033,-0.0036,0
p20107,0.0102,0.0468,0.0288,0.0231,0.0267,0.0182,0
p20109,-0.0036,-0.0068,-0.012,-0.013,-0.0078,-0.004,0
p20111,0.0055,0.0174,0.0041,0.001,0.0081,0.004,0
p20113,0.0012,-0.0048,-0.0149,-0.0152,-0.0061,-0.0067,0
p20115,0.002,-0.002,-0.0129,-0.0137,-0.0044,-0.0056,0
p20117,0.0056,0.0217,0.0069,0.0038,0.0095,0.0054,0
p20119,-0.0003,-0.0113,-0.0164,-0.017,-0.0085,-0.0069,0
p20121,0.01,0.0582,0.0393,0.0313,0.0331,0.0239,0
p20123,-0.0008,-0.0005,-0.0094,-0.0109,-0.0039,-0.0035,0
p20125,0.0048,0.0033,-0.0067,-0.0081,0.0006,-0.002,0
p20127,0.0045,0.0111,-0.0016,-0.0036,0.004,0.0008,0
p20129,-0.0011,-0.0067,-0.013,-0.0137,-0.0067,-0.0047,0
p20131,0.0064,0.029,0.0132,0.0091,0.0142,0.009,0
p20133,0.0077,0.0186,0.0053,0.0028,0.0099,0.0051,0
p20135,-0.002,-0.0064,-0.0132,-0.0142,-0.007,-0.0052,0
p20137,-0.0038,-0.0055,-0.0117,-0.0129,-0.0073,-0.004,0
p20139,0.0081,0.0376,0.0214,0.0161,0.0204,0.0138,0
p20141,-0.0017,-0.0031,-0.011,-0.0124,-0.0055,-0.0042,0
p20143,0.0025,0.0056,-0.0057,-0.0075,0.0001,-0.0016,0
p20145,-0.0007,-0.0082,-0.0154,-0.0159,-0.0078,-0.0067,0
p20147,-0.0029,-0.004,-0.011,-0.0122,-0.0062,-0.004,0
p20149,0.0068,0.0269,0.0118,0.0079,0.0139,0.0084,0
p20151,0.0004,-0.0097,-0.0172,-0.0178,-0.0085,-0.0079,0
p20153,-0.0046,-0.0064,-0.0116,-0.0122,-0.0078,-0.0039,0
p20155,0.0007,-0.0081,-0.0174,-0.0178,-0.0082,-0.0083,0
p20157,0.0013,0.0053,-0.0055,-0.0075,-0.0006,-0.0016,0
p20159,0.0001,-0.0074,-0.0161,-0.0167,-0.0077,-0.0075,0
p20161,0.006,0.018,0.0043,0.0015,0.0085,0.0041,0
p20163,-0.0025,-0.0047,-0.0116,-0.0129,-0.0066,-0.0045,0
p20165,-0.0017,-0.0069,-0.0139,-0.0149,-0.0076,-0.0059,0
p20167,-0.0016,-0.0047,-0.0126,-0.0136,-0.0064,-0.0052,0
p20169,0.0023,0.0008,-0.0097,-0.0107,-0.0024,-0.0038,0
p20171,-0.003,-0.007,-0.013,-0.0136,-0.0075,-0.0049,0
p20173,0,-0.0099,-0.0197,-0.0198,-0.01,-0.01,0
p20175,-0.0015,-0.0097,-0.0152,-0.0158,-0.008,-0.0062,0
p20177,0.0083,0.042,0.0249,0.0193,0.0229,0.0158,0
p20179,-0.0032,-0.0055,-0.0114,-0.0124,-0.007,-0.0041,0
p20181,-0.0052,-0.008,-0.0124,-0.013,-0.0091,-0.004,0
p20183,-0.002,-0.0025,-0.0101,-0.0116,-0.0052,-0.0039,0
p20185,0.0001,-0.0089,-0.0166,-0.0173,-0.0084,-0.0077,0
p20187,-0.002,-0.0069,-0.013,-0.0135,-0.007,-0.0047,0
p20189,-0.0017,-0.0081,-0.014,-0.0147,-0.0076,-0.0052,0
p20191,0,-0.0104,-0.0192,-0.0192,-0.0097,-0.0092,0
p20193,-0.004,-0.0064,-0.0119,-0.0128,-0.0076,-0.004,0
p20195,-0.0022,-0.0054,-0.0122,-0.0132,-0.0067,-0.0047,0
p20197,0.0068,0.0268,0.0119,0.0079,0.0138,0.0086,0
p20199,-0.0044,-0.0078,-0.0126,-0.013,-0.0087,-0.004,0
p20201,0.0045,0.0151,0.0014,-0.001,0.0057,0.0023,0
p20203,-0.0032,-0.007,-0.0129,-0.0131,-0.008,-0.0043,0
p20205,0.0052,0.0091,-0.0026,-0.0044,0.0036,0.0004,0
p20207,0.0059,0.0159,0.003,0.0002,0.0076,0.0034,0
p20209,0.01,0.0693,0.0493,0.0393,0.0393,0.0293,0
p21001,0.0194,0.0001,-0.0062,-0.0039,0.0092,-0.0022,0
p21003,0.0311,-0.0031,-0.0073,-0.001,0.0159,-0.0007,0
p21005,0.0148,0.0045,-0.0035,-0.0032,0.007,-0.0012,0
p21007,0.0363,0.0338,0.014,0.0172,0.0312,0.0107,0
p21009,0.0256,0.0013,-0.0051,-0.001,0.0136,-0.0005,0
p21011,0.0041,-0.0034,-0.0084,-0.0077,0.0009,-0.0033,0
p21013,0.01,-0.0033,-0.0094,-0.007,0.0034,-0.0037,0
p21015,-0.0068,-0.0155,-0.0167,-0.0168,-0.0073,-0.0082,0
p21017,0.0047,-0.0052,-0.0102,-0.0092,-0.0002,-0.0043,0
p21019,0.002,0.0107,0.0023,0.0027,0.0063,0.0043,0
p21021,0.014,0.0008,-0.006,-0.0052,0.006,-0.0022,0
p21023,-0.003,-0.0075,-0.0115,-0.0117,-0.0025,-0.005,0
p21025,0.0061,-0.0005,-0.0065,-0.0051,0.0024,-0.0017,0
p21027,0.0215,0.0132,0.0021,0.0031,0.014,0.0022,0
p21029,0.0198,0.0106,0.0004,0.0004,0.0106,0.0004,0
p21031,0.0273,0.0034,-0.0037,0.0004,0.0153,0.0004,0
p21033,0.0319,0.0117,0.0009,0.0053,0.021,0.0034,0
p21035,0.0321,0.0076,-0.0019,0.003,0.0199,0.0021,0
p21037,-0.008,-0.0173,-0.018,-0.018,-0.008,-0.009,0
p21039,0.035,0.027,0.0095,0.0135,0.028,0.0085,0
p21041,0.0095,0.005,-0.003,-0.003,0.006,-0.0015,0
p21043,0.003,0.0055,-0.0016,-0.0011,0.0044,0.0016,0
p21045,0.0155,-0.0003,-0.0067,-0.005,0.0067,-0.0026,0
p21047,0.0323,0.0016,-0.0048,0.0012,0.0181,0.0007,0
p21049,0.0068,-0.0034,-0.0086,-0.0076,0.0016,-0.0036,0
p21051,0.009,-0.0028,-0.0084,-0.0063,0.003,-0.003,0
p21053,0.02,-0.004,-0.009,-0.005,0.0083,-0.003,0
p21055,0.0339,0.0299,0.0124,0.0153,0.0287,0.0099,0
p21057,0.021,-0.004,-0.0088,-0.005,0.0092,-0.003,0
p21059,0.026,0.0224,0.0081,0.0095,0.021,0.0065,0
p21061,0.0248,0.0036,-0.0034,-0.0002,0.0138,0,0
p21063,0.0034,0.006,-0.0012,-0.001,0.0046,0.0018,0
p21065,0.0076,-0.0022,-0.008,-0.007,0.0022,-0.003,0
p21067,0.0087,-0.0027,-0.0083,-0.0073,0.0023,-0.0037,0
p21069,0.0024,-0.0019,-0.0073,-0.0069,0.0011,-0.0027,0
p21071,0.0043,0.0047,-0.003,-0.0017,0.004,0.0007,0
p21073,0.0118,0.003,-0.005,-0.0045,0.0055,-0.002,0
p21075,0.0343,0.0218,0.0063,0.01,0.0258,0.0067,0
p21077,-0.001,-0.007,-0.0115,-0.0115,-0.002,-0.0055,0
p21079,0.0112,-0.0014,-0.0074,-0.006,0.004,-0.003,0
p21081,-0.0006,-0.006,-0.0106,-0.0108,-0.0012,-0.005,0
p21083,0.0335,0.0172,0.0038,0.0078,0.0238,0.0052,0
p21085,0.0226,0.0064,-0.0022,0.0002,0.0127,0.0003,0
p21087,0.0206,0.0048,-0.0034,-0.001,0.0112,-0.0002,0
p21089,0.0022,0.0068,-0.0002,-0.0002,0.0048,0.0024,0
p21091,0.0233,0.0187,0.0057,0.0063,0.0173,0.0043,0
p21093,0.0201,0.0084,-0.001,-0.0001,0.0109,0.0002,0
p21095,0.0076,-0.0022,-0.0086,-0.0064,0.0025,-0.0031,0
p21097,0.0024,-0.0064,-0.0104,-0.0102,-0.0006,-0.0048,0
p21099,0.0217,0.005,-0.0029,-0.001,0.0119,0,0
p21101,0.0297,0.0336,0.0148,0.0162,0.0273,0.0103,0
p21103,0.0136,0.0069,-0.0021,-0.0021,0.0074,-0.0006,0
p21105,0.0342,0.0202,0.0055,0.0095,0.0252,0.0062,0
p21107,0.0306,0.0148,0.0032,0.0068,0.0215,0.0044,0
p21109,0.0094,-0.0024,-0.008,-0.0064,0.003,-0.003,0
p21111,0.0199,0.01,0,0,0.01,0,0
p21113,0.0103,-0.0015,-0.0075,-0.0065,0.0035,-0.003,0
p21115,0.0036,0.0056,-0.002,-0.0011,0.0043,0.0016,0
p21117,-0.0077,-0.0167,-0.0177,-0.0177,-0.0077,-0.009,0
p21119,0.0057,0.0026,-0.0047,-0.0031,0.004,-0.0004,0
p21121,0.0104,-0.003,-0.009,-0.007,0.0037,-0.0034,0
p21123,0.0195,0.0067,-0.002,-0.001,0.0105,0,0
p21125,0.0115,-0.0025,-0.0082,-0.0062,0.0043,-0.003,0
p21127,0.0027,0.0101,0.0018,0.0021,0.0061,0.0038,0
p21129,0.0072,-0.002,-0.0078,-0.0062,0.0022,-0.0026,0
p21131,0.0079,-0.001,-0.0074,-0.0052,0.0031,-0.0022,0
p21133,0.0057,0.0021,-0.0053,-0.0034,0.0034,-0.0007,0
p21135,0.0021,0.0009,-0.0051,-0.0048,0.0023,-0.001,0
p21137,0.0133,-0.0003,-0.0067,-0.0053,0.0057,-0.0028,0
p21139,0.0332,0.0222,0.0072,0.0107,0.0253,0.0068,0
p21141,0.0326,-0.0022,-0.0065,0.0001,0.0173,0.0001,0
p21143,0.0322,0.012,0.0012,0.0054,0.0212,0.0036,0
p21145,0.0348,0.0265,0.0098,0.013,0.0275,0.0083,0
p21147,0.0158,-0.0028,-0.0086,-0.0059,0.0067,-0.003,0
p21149,0.0282,0.0212,0.007,0.0092,0.022,0.006,0
p21151,0.0091,-0.0022,-0.008,-0.007,0.0029,-0.003,0
p21153,0.0046,0.0022,-0.0046,-0.0034,0.0034,-0.0004,0
p21155,0.0177,0.0048,-0.0037,-0.0023,0.009,-0.001,0
p21157,0.033,0.014,0.002,0.0064,0.0224,0.0042,0
p21159,0.0026,0.0082,0.0002,0.0012,0.005,0.0032,0
p21161,-0.0003,-0.0062,-0.0102,-0.0098,-0.0015,-0.0043,0
p21163,0.0204,0.0127,0.0017,0.0021,0.0123,0.0016,0
p21165,0.0047,-0.002,-0.0073,-0.0063,0.002,-0.0023,0
p21167,0.0133,0.0013,-0.0055,-0.005,0.0058,-0.0022,0
p21169,0.023,0.0022,-0.0046,-0.0014,0.0126,-0.0008,0
p21171,0.0268,-0.0018,-0.0069,-0.0023,0.0138,-0.0012,0
p21173,0.0055,-0.0035,-0.0087,-0.0077,0.001,-0.0035,0
p21175,0.0043,0.0004,-0.006,-0.005,0.0023,-0.0011,0
p21177,0.0286,0.0054,-0.0025,0.0018,0.017,0.0014,0
p21179,0.0187,0.0076,-0.0015,-0.001,0.0098,0,0
p21181,0.0023,-0.005,-0.0093,-0.009,-0.0003,-0.0043,0
p21183,0.0254,0.0088,-0.0004,0.0022,0.0155,0.0016,0
p21185,0.018,0.0097,0,0,0.0097,0,0
p21187,0.0053,-0.0004,-0.0069,-0.0069,0.0024,-0.003,0
p21189,0.0078,-0.002,-0.008,-0.006,0.0027,-0.003,0
p21191,-0.0028,-0.0085,-0.0122,-0.0123,-0.0032,-0.0055,0
p21193,0.0069,0.0007,-0.0063,-0.0046,0.0034,-0.0014,0
p21195,0.0035,0.0058,-0.0023,-0.0009,0.0041,0.0015,0
p21197,0.0063,-0.0027,-0.008,-0.007,0.002,-0.003,0
p21199,0.0146,-0.0015,-0.0075,-0.005,0.0063,-0.003,0
p21201,0.0003,-0.007,-0.011,-0.0107,-0.0017,-0.005,0
p21203,0.0113,-0.0022,-0.0079,-0.0059,0.004,-0.003,0
p21205,0.0038,0.0014,-0.0048,-0.0042,0.003,-0.0008,0
p21207,0.0178,-0.0023,-0.0078,-0.005,0.0077,-0.003,0
p21209,0.0068,-0.0025,-0.0083,-0.0078,0.0022,-0.0037,0
p21211,0.017,0.0087,-0.0008,-0.0007,0.0093,-0.0002,0
p21213,0.0335,-0.0045,-0.0075,-0.001,0.0173,0,0
p21215,0.018,0.0087,-0.0007,-0.0007,0.0093,-0.0002,0
p21217,0.0185,0.0043,-0.0037,-0.0022,0.0098,-0.001,0
p21219,0.0327,-0.0011,-0.0059,0.0003,0.0179,0.0003,0
p21221,0.0323,0.0043,-0.0035,0.0022,0.019,0.0014,0
p21223,0.014,0.008,-0.0013,-0.0013,0.0087,-0.0003,0
p21225,0.0323,0.0391,0.0181,0.0196,0.0313,0.0127,0
p21227,0.0288,-0.0001,-0.0058,-0.0005,0.0155,0,0
p21229,0.017,0.0057,-0.0027,-0.0023,0.0087,-0.001,0
p21231,0.0174,-0.003,-0.0085,-0.0054,0.0074,-0.003,0
p21233,0.0312,0.0285,0.0117,0.0142,0.0268,0.009,0
p21235,0.0131,-0.0031,-0.0089,-0.0063,0.0051,-0.0036,0
p21237,0.0057,-0.0013,-0.007,-0.0058,0.002,-0.002,0
p21239,0.0113,0.0003,-0.0067,-0.0057,0.0043,-0.0027,0
p22001,0.0104,-0.0415,-0.0339,-0.03,-0.0109,-0.0157,0
p22003,0.0078,-0.0496,-0.0389,-0.034,-0.0166,-0.0192,0
p22005,0.0221,-0.0133,-0.017,-0.0163,0.0093,-0.005,0
p22007,0.0213,-0.0149,-0.018,-0.017,0.0082,-0.0057,0
p22009,0.0125,-0.0364,-0.0307,-0.0273,-0.0077,-0.0139,0
p22011,0.0044,-0.0589,-0.0447,-0.0389,-0.0232,-0.0232,0
p22013,0.0127,-0.0413,-0.0347,-0.0293,-0.0121,-0.0159,0
p22015,0.0117,-0.0395,-0.0335,-0.0283,-0.0121,-0.0153,0
p22017,0.0097,-0.0404,-0.0339,-0.029,-0.0137,-0.0158,0
p22019,0.0024,-0.0636,-0.0476,-0.0415,-0.0263,-0.0252,0
p22021,0.0147,-0.0348,-0.0302,-0.0257,-0.0071,-0.0134,0
p22023,0.0032,-0.0611,-0.0461,-0.0402,-0.0245,-0.0241,0
p22025,0.0133,-0.0355,-0.0304,-0.0266,-0.0075,-0.0135,0
p22027,0.0156,-0.0381,-0.0332,-0.0272,-0.0096,-0.0146,0
p22029,0.0133,-0.0341,-0.0293,-0.0261,-0.0063,-0.0127,0
p22031,0.0083,-0.0478,-0.0382,-0.0329,-0.0171,-0.0188,0
p22033,0.0184,-0.0208,-0.0213,-0.0199,0.0037,-0.0079,0
p22035,0.0172,-0.0311,-0.0283,-0.0233,-0.0044,-0.0117,0
p22037,0.0167,-0.0236,-0.0229,-0.0214,0.0011,-0.0087,0
p22039,0.0107,-0.0419,-0.034,-0.0299,-0.0112,-0.0159,0
p22041,0.0146,-0.0336,-0.0294,-0.0254,-0.0062,-0.013,0
p22043,0.0113,-0.0415,-0.0343,-0.0298,-0.0116,-0.0161,0
p22045,0.015,-0.0286,-0.0262,-0.024,-0.0023,-0.0109,0
p22047,0.0189,-0.0205,-0.0213,-0.0198,0.0039,-0.0078,0
p22049,0.0153,-0.0357,-0.0309,-0.0259,-0.008,-0.0136,0
p22051,0.0274,-0.0043,-0.0122,-0.0122,0.0166,-0.0014,0
p22053,0.0074,-0.0502,-0.0392,-0.0345,-0.017,-0.0197,0
p22055,0.013,-0.0342,-0.0294,-0.027,-0.0062,-0.013,0
p22057,0.0242,-0.0095,-0.0151,-0.0146,0.0123,-0.0034,0
p22059,0.0127,-0.0378,-0.0317,-0.0276,-0.0091,-0.0144,0
p22061,0.0166,-0.0348,-0.0308,-0.0252,-0.0074,-0.0133,0
p22063,0.0213,-0.0147,-0.0179,-0.0172,0.0081,-0.0052,0
p22065,0.0153,-0.0325,-0.0288,-0.0249,-0.0058,-0.0125,0
p22067,0.0201,-0.0276,-0.0262,-0.0207,-0.0024,-0.0103,0
p22069,0.0096,-0.046,-0.0372,-0.0322,-0.0152,-0.018,0
p22071,0.027,-0.0048,-0.0124,-0.0122,0.016,-0.0014,0
p22073,0.0179,-0.0299,-0.0273,-0.0222,-0.004,-0.0112,0
p22075,0.0187,-0.0176,-0.0191,-0.0186,0.0054,-0.0062,0
p22077,0.0153,-0.0287,-0.026,-0.0237,-0.0022,-0.0108,0
p22079,0.0103,-0.0434,-0.0351,-0.0307,-0.0125,-0.0167,0
p22081,0.0104,-0.0453,-0.037,-0.0316,-0.0149,-0.0176,0
p22083,0.0163,-0.0326,-0.0289,-0.0244,-0.0057,-0.0125,0
p22085,0.0071,-0.0522,-0.0409,-0.0354,-0.0194,-0.0205,0
p22087,0.0199,-0.0153,-0.018,-0.0177,0.0075,-0.0054,0
p22089,0.0281,-0.0026,-0.0114,-0.0114,0.0178,-0.001,0
p22091,0.0175,-0.0219,-0.0215,-0.0205,0.0024,-0.008,0
p22093,0.0243,-0.01,-0.0155,-0.0145,0.012,-0.0035,0
p22095,0.026,-0.0062,-0.0131,-0.013,0.015,-0.0022,0
p22097,0.0131,-0.0347,-0.0297,-0.0266,-0.0064,-0.0132,0
p22099,0.0159,-0.0259,-0.0246,-0.0226,-0.0003,-0.0097,0
p22101,0.0176,-0.0229,-0.0226,-0.0211,0.0022,-0.0087,0
p22103,0.0198,-0.0158,-0.018,-0.0178,0.007,-0.0055,0
p22105,0.0193,-0.0174,-0.0192,-0.0186,0.0056,-0.0063,0
p22107,0.0143,-0.0326,-0.0284,-0.025,-0.0059,-0.0124,0
p22109,0.0213,-0.0151,-0.0183,-0.0174,0.0079,-0.0056,0
p22111,0.0198,-0.0297,-0.0276,-0.0218,-0.0037,-0.0112,0
p22113,0.0105,-0.0394,-0.0328,-0.0295,-0.01,-0.0154,0
p22115,0.0067,-0.0524,-0.0409,-0.0357,-0.0192,-0.0205,0
p22117,0.013,-0.0271,-0.024,-0.0231,-0.0022,-0.0095,0
p22119,0.0139,-0.0392,-0.0338,-0.028,-0.0111,-0.0152,0
p22121,0.0177,-0.0223,-0.0223,-0.0207,0.002,-0.0083,0
p22123,0.0184,-0.0301,-0.0274,-0.0226,-0.0039,-0.0114,0
p22125,0.0158,-0.0267,-0.0248,-0.0227,-0.0012,-0.0102,0
p22127,0.0129,-0.0387,-0.0327,-0.0279,-0.0102,-0.0149,0
p23001,0.0205,0.0621,0.0323,0.0291,0.0376,0.022,0
p23003,0.0454,0.137,0.0829,0.0741,0.079,0.05,0
p23005,0.0146,0.0441,0.0196,0.0183,0.0277,0.0152,0
p23007,0.0384,0.1051,0.0608,0.0544,0.0634,0.0379,0
p23009,0.0373,0.1212,0.0733,0.0656,0.069,0.0444,0
p23011,0.0274,0.0831,0.0467,0.0419,0.0492,0.0298,0
p23013,0.0285,0.0929,0.0538,0.0482,0.0535,0.0337,0
p23015,0.0236,0.0755,0.0417,0.0378,0.0444,0.0272,0
p23017,0.0334,0.0908,0.0511,0.0457,0.0551,0.0325,0
p23019,0.0398,0.1223,0.0733,0.0655,0.0705,0.0446,0
p23021,0.0421,0.1244,0.0743,0.0664,0.0725,0.0453,0
p23023,0.0178,0.056,0.0281,0.0258,0.034,0.0199,0
p23025,0.0411,0.1166,0.0686,0.0615,0.069,0.0423,0
p23027,0.0321,0.1005,0.0588,0.0525,0.0582,0.0364,0
p23029,0.0415,0.1358,0.0831,0.0743,0.0767,0.0499,0
p23031,0.0244,0.0754,0.042,0.0367,0.0444,0.0269,0
p24001,0.0119,0.057,0.0359,0.0304,0.0274,0.0186,0
p24003,0.0115,0.0465,0.0269,0.0234,0.025,0.0145,0
p24005,0.0123,0.049,0.0257,0.0235,0.0275,0.017,0
p24009,0.0134,0.059,0.0386,0.0331,0.0289,0.0184,0
p24011,0.0153,0.1324,0.0909,0.0823,0.0589,0.0519,0
p24013,0.0139,0.0587,0.0348,0.0308,0.0309,0.0197,0
p24015,0.0231,0.1442,0.0979,0.0887,0.0681,0.0559,0
p24017,0.011,0.0376,0.0239,0.0199,0.0185,0.0085,0
p24019,0.0165,0.0994,0.0668,0.0595,0.0467,0.0364,0
p24021,0.0139,0.0595,0.0376,0.0322,0.0303,0.0193,0
p24023,0.0108,0.0535,0.0331,0.0283,0.0256,0.0175,0
p24025,0.0169,0.0865,0.0545,0.0491,0.0438,0.0323,0
p24027,0.0114,0.0426,0.024,0.0204,0.0232,0.013,0
p24029,0.0147,0.105,0.0691,0.0629,0.049,0.0404,0
p24031,0.0109,0.0409,0.0266,0.0208,0.021,0.0105,0
p24033,0.0105,0.0351,0.0226,0.0179,0.0175,0.0075,0
p24035,0.0145,0.1101,0.0739,0.067,0.0503,0.0425,0
p24037,0.0146,0.069,0.0454,0.0397,0.0334,0.0226,0
p24039,0.0193,0.1137,0.0764,0.0688,0.0538,0.0422,0
p24041,0.0141,0.0873,0.0579,0.0516,0.0411,0.0316,0
p24043,0.0136,0.0626,0.0401,0.0348,0.0311,0.0205,0
p24045,0.0194,0.1296,0.0883,0.0796,0.0603,0.0495,0
p24047,0.0224,0.1412,0.0961,0.0866,0.0662,0.054,0
p24510,0.01,0.03,0.01,0.01,0.02,0.01,0
p25001,0.0511,0.2009,0.1314,0.1173,0.1076,0.0753,0
p25003,0.0531,0.211,0.1366,0.1197,0.1095,0.0772,0
p25005,0.0455,0.1817,0.1165,0.1047,0.0995,0.0682,0
p25007,0.0497,0.1993,0.1295,0.1158,0.1068,0.0747,0
p25009,0.0549,0.2095,0.1399,0.1242,0.1113,0.0785,0
p25011,0.0502,0.1837,0.1178,0.1029,0.0984,0.0674,0
p25013,0.0513,0.2048,0.133,0.1149,0.1052,0.0738,0
p25015,0.0513,0.1984,0.1284,0.112,0.1039,0.0723,0
p25017,0.0561,0.217,0.1453,0.1291,0.1151,0.0815,0
p25019,0.051,0.201,0.131,0.117,0.108,0.075,0
p25021,0.0595,0.2414,0.163,0.1461,0.1271,0.0913,0
p25023,0.055,0.2205,0.1467,0.1314,0.1172,0.0829,0
p25025,0.069,0.284,0.195,0.1755,0.147,0.1075,0
p25027,0.0488,0.1835,0.1188,0.1046,0.099,0.068,0
p26001,0.0123,0.0841,0.0547,0.0482,0.0431,0.0302,0
p26003,0.0063,0.0937,0.0638,0.0561,0.041,0.0363,0
p26005,0.007,0.0446,0.0233,0.021,0.0266,0.0135,0
p26007,0.0122,0.0856,0.0558,0.0491,0.0433,0.031,0
p26009,0.008,0.0865,0.0573,0.0506,0.0407,0.0323,0
p26011,0.0121,0.0798,0.0519,0.0456,0.0418,0.0281,0
p26013,0.0059,0.095,0.065,0.057,0.0405,0.037,0
p26015,0.0053,0.0358,0.0179,0.0161,0.0223,0.0101,0
p26017,0.012,0.0763,0.0497,0.0438,0.0409,0.0268,0
p26019,0.005,0.0867,0.0587,0.0514,0.0386,0.0334,0
p26021,0.0345,0.1752,0.1083,0.0983,0.0912,0.0635,0
p26023,0.0161,0.0823,0.0505,0.0452,0.0446,0.0283,0
p26025,0.0122,0.0674,0.0407,0.0362,0.0375,0.0226,0
p26027,0.0243,0.1225,0.0747,0.0677,0.0647,0.0436,0
p26029,0.0085,0.0881,0.0585,0.0516,0.0414,0.0331,0
p26031,0.0104,0.0911,0.0604,0.0534,0.0438,0.0339,0
p26033,0.0108,0.0947,0.0631,0.0556,0.0448,0.0356,0
p26035,0.0084,0.0642,0.0395,0.035,0.0338,0.0221,0
p26037,0.0089,0.0548,0.0328,0.0292,0.0312,0.0177,0
p26039,0.0094,0.0792,0.051,0.045,0.0393,0.0288,0
p26041,0.0034,0.093,0.0648,0.0567,0.0392,0.0369,0
p26043,0.0024,0.0939,0.0661,0.0578,0.0385,0.0377,0
p26045,0.0088,0.0527,0.031,0.0275,0.0304,0.017,0
p26047,0.0089,0.0899,0.0597,0.0527,0.042,0.0338,0
p26049,0.0155,0.0885,0.0608,0.0534,0.0482,0.0315,0
p26051,0.0101,0.0704,0.0446,0.0394,0.0374,0.0247,0
p26053,0.006,0.095,0.0651,0.0571,0.04,0.0371,0
p26055,0.0073,0.0836,0.0552,0.0487,0.0393,0.0313,0
p26057,0.0086,0.0553,0.0333,0.0295,0.0311,0.0184,0
p26059,0.0155,0.0808,0.0519,0.0459,0.0441,0.0282,0
p26061,0.0066,0.095,0.0651,0.0572,0.0408,0.037,0
p26063,0.0143,0.0866,0.0581,0.051,0.046,0.0312,0
p26065,0.0128,0.0728,0.0473,0.0418,0.0404,0.025,0
p26067,0.0038,0.0297,0.0143,0.0127,0.0193,0.0079,0
p26069,0.0127,0.0834,0.0545,0.0479,0.0434,0.0298,0
p26071,0.0039,0.0946,0.066,0.0579,0.0394,0.0376,0
p26073,0.0078,0.0556,0.0332,0.0295,0.0308,0.0185,0
p26075,0.0148,0.0813,0.0536,0.0472,0.0445,0.0285,0
p26077,0.0112,0.0635,0.0367,0.0328,0.0355,0.0209,0
p26079,0.0085,0.0805,0.0523,0.0462,0.0391,0.0294,0
p26081,0.0011,0.0156,0.0039,0.0036,0.0126,0.0023,0
p26083,0.0075,0.0959,0.0645,0.0572,0.0418,0.0367,0
p26085,0.0065,0.065,0.0402,0.0356,0.0329,0.0229,0
p26087,0.0169,0.096,0.0672,0.0591,0.0522,0.0346,0
p26089,0.0058,0.0885,0.06,0.0527,0.0397,0.0341,0
p26091,0.0166,0.0884,0.0598,0.0527,0.0483,0.0315,0
p26093,0.0164,0.091,0.0629,0.0554,0.0497,0.0326,0
p26095,0.0084,0.093,0.0624,0.055,0.0422,0.0352,0
p26097,0.0087,0.0921,0.0617,0.0544,0.0425,0.0348,0
p26099,0.0192,0.1059,0.0764,0.0668,0.0578,0.0385,0
p26101,0.0058,0.0822,0.0546,0.0481,0.0378,0.0311,0
p26103,0.0051,0.0942,0.065,0.057,0.0402,0.037,0
p26105,0.0059,0.0772,0.0502,0.0442,0.0365,0.0288,0
p26107,0.0057,0.0462,0.0262,0.0229,0.0261,0.0145,0
p26109,-0.0005,0.093,0.0669,0.0581,0.0366,0.0382,0
p26111,0.0103,0.0666,0.0418,0.037,0.0361,0.0227,0
p26113,0.0081,0.0721,0.0458,0.0403,0.0361,0.0259,0
p26115,0.0185,0.1004,0.0712,0.0625,0.0547,0.0363,0
p26117,0.0047,0.0361,0.0188,0.0166,0.0221,0.0104,0
p26119,0.0108,0.0847,0.0554,0.0488,0.0422,0.031,0
p26121,0.0054,0.044,0.0238,0.0211,0.0251,0.0137,0
p26123,0.0045,0.0413,0.0223,0.0198,0.0237,0.0127,0
p26125,0.0186,0.1027,0.0734,0.0643,0.0558,0.0372,0
p26127,0.0069,0.0643,0.0391,0.0346,0.0332,0.0223,0
p26129,0.0112,0.0788,0.0507,0.0448,0.0408,0.0282,0
p26131,0.0062,0.095,0.0652,0.0573,0.0403,0.037,0
p26133,0.0073,0.0623,0.0381,0.0336,0.0322,0.0215,0
p26135,0.011,0.0822,0.0531,0.047,0.0416,0.0296,0
p26137,0.0095,0.086,0.0566,0.05,0.0418,0.0316,0
p26139,0.0026,0.025,0.0102,0.009,0.0171,0.0059,0
p26141,0.0115,0.0881,0.0576,0.0508,0.0436,0.0322,0
p26143,0.0094,0.0733,0.0465,0.041,0.0375,0.026,0
p26145,0.0124,0.0748,0.0487,0.0431,0.0407,0.0259,0
p26147,0.0181,0.101,0.0716,0.0627,0.0549,0.0366,0
p26149,0.0179,0.0921,0.0558,0.05,0.0494,0.0319,0
p26151,0.0161,0.0929,0.0638,0.056,0.0499,0.0335,0
p26153,0.0063,0.0929,0.0633,0.0556,0.0409,0.036,0
p26155,0.0131,0.0751,0.0493,0.0434,0.0414,0.0261,0
p26157,0.0147,0.0868,0.0587,0.0517,0.0468,0.0312,0
p26159,0.0174,0.0939,0.0559,0.0505,0.0507,0.0325,0
p26161,0.0178,0.0967,0.0679,0.0595,0.0529,0.0349,0
p26163,0.0198,0.1083,0.0785,0.0686,0.0591,0.0394,0
p26165,0.0071,0.0747,0.0481,0.0425,0.0363,0.0273,0
p27001,0.0076,0.0958,0.0668,0.0593,0.0396,0.0376,0
p27003,0.01,0.1166,0.0868,0.077,0.0487,0.0482,0
p27005,0.003,0.0742,0.0484,0.0432,0.029,0.0276,0
p27007,0.0033,0.076,0.0493,0.044,0.0299,0.0283,0
p27009,0.0088,0.104,0.075,0.0668,0.043,0.0419,0
p27011,0.0007,0.0576,0.0372,0.0328,0.0209,0.0211,0
p27013,0.0077,0.0818,0.0554,0.0488,0.0332,0.0313,0
p27015,0.0076,0.083,0.0566,0.0497,0.0339,0.032,0
p27017,0.008,0.0965,0.0674,0.0595,0.04,0.0379,0
p27019,0.0095,0.1125,0.0828,0.0737,0.0465,0.0462,0
p27021,0.0057,0.0865,0.0586,0.0521,0.0349,0.0332,0
p27023,0.0034,0.0697,0.0474,0.0416,0.0268,0.0268,0
p27025,0.0095,0.1134,0.0837,0.0744,0.0473,0.0466,0
p27027,-0.0013,0.0558,0.0352,0.0314,0.0197,0.0201,0
p27029,0.0029,0.0742,0.048,0.0429,0.029,0.0275,0
p27031,0.007,0.0926,0.0621,0.0551,0.0393,0.0354,0
p27033,0.0039,0.0589,0.0377,0.0325,0.0222,0.0215,0
p27035,0.0071,0.0934,0.065,0.0577,0.0383,0.0367,0
p27037,0.01,0.1163,0.0864,0.0766,0.0484,0.0481,0
p27039,0.0081,0.0856,0.0589,0.0519,0.0352,0.0332,0
p27041,0.0031,0.0722,0.0492,0.0434,0.0278,0.0278,0
p27043,0.0072,0.0673,0.0426,0.037,0.0268,0.0245,0
p27045,0.0065,0.057,0.0334,0.0288,0.0226,0.0195,0
p27047,0.0078,0.067,0.0421,0.0369,0.0271,0.0243,0
p27049,0.0091,0.1051,0.0763,0.0675,0.0437,0.0426,0
p27051,0.0011,0.0621,0.041,0.0363,0.023,0.0231,0
p27053,0.01,0.1172,0.0873,0.0777,0.0488,0.0485,0
p27055,0.0076,0.0618,0.0356,0.0313,0.0251,0.0208,0
p27057,0.0044,0.0805,0.0535,0.0476,0.032,0.0305,0
p27059,0.0091,0.1119,0.0821,0.0729,0.0463,0.0459,0
p27061,0.0063,0.0868,0.0582,0.0518,0.0355,0.0329,0
p27063,0.0043,0.0538,0.0325,0.028,0.0203,0.0188,0
p27065,0.009,0.1052,0.076,0.0674,0.0437,0.0424,0
p27067,0.0055,0.0829,0.0584,0.0516,0.0329,0.0328,0
p27069,-0.0023,0.0545,0.0332,0.0298,0.019,0.0189,0
p27071,0.005,0.0814,0.0533,0.0474,0.033,0.0303,0
p27073,0.0016,0.0587,0.0383,0.0334,0.0218,0.0219,0
p27075,0.007,0.0901,0.0603,0.0534,0.0375,0.0342,0
p27077,0.0027,0.0734,0.0469,0.0419,0.0288,0.0269,0
p27079,0.0089,0.1023,0.0736,0.0652,0.0422,0.041,0
p27081,0.0015,0.0509,0.0315,0.027,0.0184,0.0184,0
p27083,0.0025,0.0567,0.0366,0.0318,0.0211,0.0209,0
p27085,0.009,0.1044,0.0754,0.0669,0.0433,0.0421,0
p27087,0.0022,0.0711,0.0456,0.0408,0.0274,0.0261,0
p27089,-0.0006,0.061,0.0378,0.0339,0.0224,0.0216,0
p27091,0.0065,0.0642,0.04,0.0348,0.0255,0.0229,0
p27093,0.0086,0.1004,0.0717,0.0635,0.0415,0.0403,0
p27095,0.0087,0.1049,0.0756,0.0671,0.0434,0.0422,0
p27097,0.0074,0.0964,0.068,0.0603,0.0394,0.0382,0
p27099,0.0065,0.0607,0.0371,0.0322,0.0239,0.0214,0
p27101,0.0022,0.0494,0.0303,0.026,0.0181,0.0175,0
p27103,0.0083,0.0935,0.0657,0.058,0.0385,0.0369,0
p27105,0.002,0.0428,0.0248,0.0207,0.0148,0.0143,0
p27107,-0.0005,0.0606,0.038,0.034,0.0222,0.0216,0
p27109,0.0077,0.0793,0.0528,0.0463,0.0324,0.0301,0
p27111,0.0025,0.0707,0.0469,0.0415,0.0272,0.0266,0
p27113,0.001,0.0671,0.042,0.0379,0.0255,0.0241,0
p27115,0.0084,0.1026,0.0733,0.0651,0.0425,0.041,0
p27117,0.0011,0.0448,0.0265,0.0226,0.0156,0.0155,0
p27119,-0.0005,0.0614,0.0381,0.0342,0.0224,0.0219,0
p27121,0.0032,0.0721,0.0496,0.0435,0.0279,0.0279,0
p27123,0.01,0.1195,0.0895,0.0795,0.05,0.05,0
p27125,0.001,0.0671,0.0423,0.0377,0.0254,0.0241,0
p27127,0.0041,0.0672,0.0453,0.0395,0.026,0.0256,0
p27129,0.0064,0.0842,0.0587,0.0517,0.0339,0.033,0
p27131,0.009,0.1051,0.0763,0.0676,0.0435,0.0427,0
p27133,0.0014,0.0386,0.0212,0.018,0.0131,0.0126,0
p27135,0.0011,0.0678,0.0424,0.038,0.0259,0.0244,0
p27137,0.0068,0.0892,0.0599,0.0532,0.037,0.0339,0
p27139,0.0098,0.1136,0.0842,0.0746,0.0474,0.0466,0
p27141,0.0091,0.1107,0.0814,0.0722,0.0461,0.0454,0
p27143,0.0087,0.101,0.0724,0.0641,0.0418,0.0404,0
p27145,0.0074,0.0954,0.0676,0.0599,0.039,0.038,0
p27147,0.0083,0.0878,0.061,0.0538,0.036,0.034,0
p27149,0.0018,0.0633,0.0421,0.037,0.0235,0.0242,0
p27151,0.003,0.0688,0.0466,0.0411,0.0263,0.0264,0
p27153,0.0061,0.0884,0.0608,0.0542,0.0358,0.0345,0
p27155,0,0.0565,0.0364,0.0321,0.0203,0.0209,0
p27157,0.0086,0.0932,0.0652,0.0576,0.0385,0.0368,0
p27159,0.0052,0.0838,0.0567,0.0504,0.0335,0.0322,0
p27161,0.0081,0.0869,0.06,0.0529,0.0354,0.0339,0
p27163,0.01,0.1187,0.0887,0.0788,0.0494,0.0494,0
p27165,0.0071,0.0747,0.0491,0.0431,0.0302,0.0279,0
p27167,-0.0009,0.0557,0.0356,0.0316,0.0199,0.0203,0
p27169,0.0078,0.0755,0.0487,0.0427,0.0309,0.028,0
p27171,0.0092,0.1102,0.081,0.0717,0.0456,0.0451,0
p27173,0.0026,0.0612,0.0403,0.0351,0.023,0.023,0
p28001,0.014,-0.0312,-0.0273,-0.0246,-0.0046,-0.0119,0
p28003,0.0247,-0.0085,-0.0138,-0.0102,0.0085,-0.006,0
p28005,0.0148,-0.0269,-0.0245,-0.0226,-0.0017,-0.0099,0
p28007,0.0184,-0.0204,-0.0209,-0.0173,0.0011,-0.009,0
p28009,0.0264,-0.006,-0.0124,-0.0081,0.0103,-0.0043,0
p28011,0.0254,-0.0199,-0.0221,-0.0157,0.0034,-0.0077,0
p28013,0.0235,-0.0109,-0.0155,-0.0118,0.0067,-0.006,0
p28015,0.0216,-0.0168,-0.0192,-0.0149,0.0038,-0.0076,0
p28017,0.0221,-0.0115,-0.016,-0.0127,0.006,-0.0069,0
p28019,0.0192,-0.018,-0.0196,-0.0161,0.0024,-0.0086,0
p28021,0.0139,-0.032,-0.028,-0.025,-0.0052,-0.012,0
p28023,0.0076,-0.0363,-0.0294,-0.0274,-0.0103,-0.014,0
p28025,0.019,-0.0179,-0.0198,-0.0165,0.0022,-0.0096,0
p28027,0.0274,-0.015,-0.0189,-0.0129,0.0061,-0.0061,0
p28029,0.0123,-0.0322,-0.0277,-0.025,-0.0059,-0.012,0
p28031,0.0073,-0.0369,-0.0293,-0.0278,-0.0102,-0.0134,0
p28033,0.0284,-0.0072,-0.0134,-0.0081,0.0104,-0.0037,0
p28035,0.0023,-0.043,-0.0321,-0.0311,-0.0157,-0.015,0
p28037,0.0138,-0.0301,-0.0265,-0.024,-0.0037,-0.0113,0
p28039,-0.0044,-0.0524,-0.0366,-0.0359,-0.0236,-0.0177,0
p28041,-0.0004,-0.0465,-0.0337,-0.0327,-0.0187,-0.0163,0
p28043,0.0237,-0.0122,-0.0162,-0.0121,0.0063,-0.006,0
p28045,0.0058,-0.0366,-0.0286,-0.0281,-0.0104,-0.0125,0
p28047,-0.0069,-0.0553,-0.0377,-0.0376,-0.026,-0.0185,0
p28049,0.0134,-0.0327,-0.028,-0.0249,-0.006,-0.0127,0
p28051,0.0193,-0.0217,-0.0221,-0.0179,0.0007,-0.0091,0
p28053,0.0212,-0.021,-0.0219,-0.0172,0.0016,-0.0084,0
p28055,0.0184,-0.0271,-0.0256,-0.0208,-0.0019,-0.0107,0
p28057,0.0213,-0.0123,-0.0167,-0.0138,0.0049,-0.0084,0
p28059,-0.008,-0.0571,-0.0386,-0.0384,-0.0276,-0.0191,0
p28061,0.0082,-0.0361,-0.0293,-0.0271,-0.0099,-0.0139,0
p28063,0.0138,-0.0316,-0.0275,-0.0247,-0.005,-0.012,0
p28065,0.0091,-0.0348,-0.0282,-0.0266,-0.0081,-0.0127,0
p28067,0.0053,-0.0394,-0.0305,-0.029,-0.0126,-0.0144,0
p28069,0.0135,-0.0259,-0.024,-0.0212,-0.0034,-0.0114,0
p28071,0.0252,-0.0089,-0.0145,-0.0103,0.0084,-0.0052,0
p28073,0.0047,-0.0394,-0.0301,-0.0292,-0.0126,-0.0137,0
p28075,0.0104,-0.0318,-0.0273,-0.0247,-0.0073,-0.0132,0
p28077,0.011,-0.0322,-0.0272,-0.0254,-0.0063,-0.0118,0
p28079,0.0145,-0.0278,-0.0253,-0.0219,-0.0037,-0.0115,0
p28081,0.0225,-0.011,-0.0155,-0.0125,0.0063,-0.0073,0
p28083,0.0232,-0.0182,-0.0204,-0.0153,0.0035,-0.0076,0
p28085,0.0125,-0.0305,-0.0265,-0.0245,-0.0046,-0.0115,0
p28087,0.0159,-0.0235,-0.0231,-0.02,-0.0017,-0.012,0
p28089,0.0137,-0.0321,-0.028,-0.0243,-0.0059,-0.013,0
p28091,0.0088,-0.0342,-0.0278,-0.0266,-0.008,-0.0122,0
p28093,0.0267,-0.0064,-0.0126,-0.0083,0.0101,-0.0043,0
p28095,0.0194,-0.0167,-0.0192,-0.0164,0.0025,-0.0096,0
p28097,0.0209,-0.0171,-0.0191,-0.0152,0.0035,-0.008,0
p28099,0.015,-0.0238,-0.0227,-0.0198,-0.0017,-0.0102,0
p28101,0.0106,-0.0337,-0.0282,-0.0256,-0.0077,-0.0133,0
p28103,0.0152,-0.0237,-0.0231,-0.0201,-0.0018,-0.0114,0
p28105,0.0187,-0.0177,-0.0197,-0.0163,0.0021,-0.009,0
p28107,0.0263,-0.0099,-0.0152,-0.0104,0.0083,-0.005,0
p28109,0.0057,-0.0374,-0.0291,-0.0285,-0.0111,-0.0128,0
p28111,0.0002,-0.0459,-0.0333,-0.0327,-0.0181,-0.0159,0
p28113,0.0137,-0.0273,-0.0247,-0.0232,-0.0023,-0.01,0
p28115,0.0234,-0.0102,-0.015,-0.0116,0.0071,-0.0062,0
p28117,0.0232,-0.0107,-0.0153,-0.012,0.0067,-0.0072,0
p28119,0.0267,-0.0124,-0.017,-0.0114,0.0073,-0.0054,0
p28121,0.0119,-0.0332,-0.028,-0.0252,-0.0069,-0.013,0
p28123,0.0115,-0.0334,-0.028,-0.0253,-0.0072,-0.013,0
p28125,0.0202,-0.0234,-0.0234,-0.0187,0.0001,-0.0094,0
p28127,0.0104,-0.0338,-0.0282,-0.0259,-0.0076,-0.0128,0
p28129,0.0092,-0.035,-0.0288,-0.0264,-0.0087,-0.0131,0
p28131,-0.0046,-0.0521,-0.0363,-0.0362,-0.0235,-0.0176,0
p28133,0.0238,-0.0197,-0.0213,-0.0158,0.003,-0.0078,0
p28135,0.0256,-0.0128,-0.0171,-0.0121,0.0067,-0.0059,0
p28137,0.0275,-0.0085,-0.0142,-0.0092,0.0093,-0.0041,0
p28139,0.0252,-0.0076,-0.0131,-0.0095,0.009,-0.0052,0
p28141,0.0226,-0.0119,-0.016,-0.0129,0.006,-0.008,0
p28143,0.0282,-0.0112,-0.0164,-0.0103,0.0083,-0.0048,0
p28145,0.0243,-0.0089,-0.0142,-0.0106,0.008,-0.0059,0
p28147,0.0117,-0.0299,-0.0257,-0.0244,-0.0043,-0.0107,0
p28149,0.0145,-0.0329,-0.0283,-0.0247,-0.0058,-0.013,0
p28151,0.0232,-0.0216,-0.0226,-0.0172,0.0018,-0.0083,0
p28153,0.0045,-0.0404,-0.0311,-0.0295,-0.0136,-0.0149,0
p28155,0.0204,-0.0166,-0.019,-0.015,0.0036,-0.008,0
p28157,0.0148,-0.0287,-0.0257,-0.0235,-0.0026,-0.0109,0
p28159,0.0174,-0.0198,-0.0204,-0.0173,0.001,-0.009,0
p28161,0.0247,-0.0111,-0.0158,-0.0113,0.0072,-0.0058,0
p28163,0.0159,-0.0303,-0.027,-0.023,-0.0041,-0.0123,0
p29001,0.0184,0.0661,0.0356,0.0317,0.0344,0.0216,0
p29003,0.0087,0.047,0.0289,0.0227,0.0254,0.018,0
p29005,0.0044,0.0161,0.0018,-0.0006,0.0058,0.0023,0
p29007,0.037,0.0924,0.0518,0.0491,0.0547,0.032,0
p29009,0.0182,0.0166,0.0035,0.0042,0.0144,0.0053,0
p29011,0.0124,0.0312,0.015,0.0121,0.0187,0.011,0
p29013,0.0114,0.0515,0.0328,0.0261,0.0296,0.0204,0
p29015,0.0173,0.0521,0.0302,0.0259,0.031,0.0193,0
p29017,0.0469,0.0737,0.0392,0.0405,0.0519,0.0257,0
p29019,0.0301,0.0807,0.0457,0.0423,0.0473,0.0283,0
p29021,0.0099,0.0577,0.0386,0.0308,0.0323,0.0236,0
p29023,0.0391,0.0448,0.0209,0.0235,0.0365,0.0153,0
p29025,0.0108,0.0574,0.0374,0.03,0.0323,0.0227,0
p29027,0.0392,0.0927,0.0521,0.0498,0.0561,0.0324,0
p29029,0.0239,0.0547,0.0294,0.027,0.0339,0.0194,0
p29031,0.0465,0.0716,0.0378,0.0394,0.0511,0.025,0
p29033,0.0138,0.0608,0.0384,0.0317,0.0343,0.0236,0
p29035,0.0401,0.052,0.0255,0.0278,0.0401,0.0181,0
p29037,0.0105,0.0622,0.0425,0.0341,0.0355,0.0258,0
p29039,0.0149,0.0393,0.021,0.0176,0.0237,0.014,0
p29041,0.0191,0.0663,0.0387,0.0337,0.0373,0.024,0
p29043,0.022,0.0273,0.0107,0.0112,0.0213,0.0094,0
p29045,0.0212,0.0722,0.0377,0.035,0.037,0.0224,0
p29047,0.01,0.068,0.0482,0.0384,0.0388,0.0288,0
p29049,0.01,0.0618,0.042,0.0337,0.035,0.0257,0
p29051,0.0323,0.0759,0.0423,0.0398,0.0463,0.0269,0
p29053,0.023,0.0682,0.0397,0.0353,0.0398,0.0249,0
p29055,0.0502,0.0938,0.0519,0.0522,0.0618,0.0333,0
p29057,0.0151,0.0327,0.0154,0.0131,0.0204,0.0113,0
p29059,0.0212,0.0454,0.0234,0.0212,0.0287,0.016,0
p29061,0.0115,0.0575,0.035,0.0288,0.0309,0.0215,0
p29063,0.0098,0.0538,0.0345,0.0275,0.0295,0.021,0
p29065,0.0438,0.076,0.0411,0.0417,0.0517,0.027,0
p29067,0.0274,0.0311,0.0125,0.0141,0.0251,0.0109,0
p29069,0.035,0.0253,0.0086,0.012,0.0268,0.0084,0
p29071,0.0577,0.1131,0.0638,0.0636,0.0731,0.0402,0
p29073,0.0497,0.099,0.0555,0.0548,0.0636,0.0351,0
p29075,0.0093,0.0453,0.0257,0.0203,0.0236,0.016,0
p29077,0.0194,0.0328,0.0147,0.0138,0.0224,0.0114,0
p29079,0.0133,0.0579,0.0333,0.028,0.0304,0.0202,0
p29081,0.0112,0.0502,0.0274,0.0227,0.0257,0.0171,0
p29083,0.0134,0.0539,0.0337,0.0277,0.0312,0.0211,0
p29085,0.0175,0.0467,0.0257,0.0223,0.0283,0.017,0
p29087,0.007,0.0339,0.0172,0.0127,0.0171,0.0113,0
p29089,0.0239,0.0728,0.0419,0.0376,0.042,0.0261,0
p29091,0.0317,0.0313,0.0122,0.0147,0.0276,0.0109,0
p29093,0.0499,0.0857,0.0469,0.0477,0.0584,0.0304,0
p29095,0.01,0.0682,0.0482,0.0386,0.0389,0.0291,0
p29097,0.0127,0.0242,0.0094,0.0074,0.0154,0.0079,0
p29099,0.0652,0.1304,0.0743,0.0743,0.0839,0.0466,0
p29101,0.0121,0.0596,0.0394,0.0318,0.0342,0.0242,0
p29103,0.0221,0.0702,0.0369,0.0337,0.0375,0.0224,0
p29105,0.0272,0.0518,0.0267,0.0257,0.034,0.0182,0
p29107,0.0115,0.0613,0.041,0.0333,0.0349,0.0251,0
p29109,0.016,0.026,0.01,0.0091,0.0171,0.0086,0
p29111,0.0259,0.0777,0.0415,0.0386,0.0421,0.025,0
p29113,0.0564,0.1208,0.0688,0.0674,0.0755,0.0427,0
p29115,0.0169,0.0646,0.0373,0.0322,0.0351,0.0228,0
p29117,0.0141,0.0615,0.0375,0.0315,0.034,0.0229,0
p29119,0.0141,0.0115,0.0001,0.0002,0.0101,0.0031,0
p29121,0.0216,0.0696,0.0383,0.0345,0.0382,0.0234,0
p29123,0.05,0.0857,0.0466,0.0476,0.0584,0.03,0
p29125,0.0386,0.0762,0.0414,0.0406,0.0492,0.0268,0
p29127,0.0313,0.0858,0.0467,0.0441,0.0484,0.0283,0
p29129,0.0127,0.0528,0.0282,0.0238,0.0269,0.0173,0
p29131,0.0291,0.0633,0.0341,0.0324,0.0398,0.0223,0
p29133,0.0364,0.0343,0.0146,0.0176,0.0316,0.0113,0
p29135,0.026,0.0688,0.0389,0.0353,0.0413,0.0248,0
p29137,0.0304,0.0843,0.0467,0.0436,0.0482,0.0285,0
p29139,0.0485,0.1085,0.0613,0.0596,0.0668,0.038,0
p29141,0.0214,0.0567,0.0318,0.0283,0.0342,0.0205,0
p29143,0.0354,0.0307,0.0122,0.0154,0.0296,0.0103,0
p29145,0.0129,0.0176,0.0043,0.0034,0.0123,0.0052,0
p29147,0.0068,0.0294,0.013,0.0092,0.014,0.0088,0
p29149,0.0351,0.036,0.015,0.0178,0.0309,0.0124,0
p29151,0.0401,0.083,0.0455,0.0444,0.0524,0.0289,0
p29153,0.0276,0.0215,0.006,0.0087,0.0212,0.0073,0
p29155,0.0339,0.0219,0.0066,0.01,0.0252,0.0069,0
p29157,0.0536,0.0944,0.0519,0.0527,0.0637,0.033,0
p29159,0.0161,0.0558,0.0339,0.0285,0.0327,0.0213,0
p29161,0.0415,0.0779,0.0423,0.0422,0.0512,0.0275,0
p29163,0.0466,0.1079,0.0606,0.0586,0.0654,0.0374,0
p29165,0.01,0.0661,0.0462,0.037,0.0376,0.0279,0
p29167,0.0178,0.041,0.021,0.0184,0.0254,0.0146,0
p29169,0.0342,0.0637,0.0338,0.0332,0.0423,0.0225,0
p29171,0.0151,0.0578,0.0303,0.0264,0.0291,0.0185,0
p29173,0.0375,0.0949,0.0528,0.0501,0.0555,0.0325,0
p29175,0.0248,0.0738,0.0416,0.0378,0.0421,0.0257,0
p29177,0.0106,0.0627,0.0428,0.0342,0.0356,0.0257,0
p29179,0.0454,0.0731,0.039,0.0402,0.0511,0.0258,0
p29181,0.0372,0.0392,0.0173,0.0202,0.0334,0.0135,0
p29183,0.065,0.1322,0.0754,0.0752,0.0845,0.0471,0
p29185,0.0143,0.0472,0.0279,0.0231,0.0278,0.0177,0
p29186,0.0595,0.1127,0.0634,0.0637,0.0739,0.0399,0
p29187,0.0563,0.1044,0.0583,0.0588,0.069,0.0369,0
p29189,0.0683,0.1371,0.0783,0.0783,0.088,0.049,0
p29195,0.0168,0.0618,0.0376,0.0321,0.0356,0.0233,0
p29197,0.0173,0.063,0.0328,0.0295,0.032,0.02,0
p29199,0.0194,0.0675,0.0353,0.0323,0.0345,0.0212,0
p29201,0.04,0.0484,0.0235,0.0259,0.0389,0.0168,0
p29203,0.0393,0.0572,0.029,0.0304,0.0418,0.0199,0
p29205,0.0263,0.0774,0.042,0.0389,0.0431,0.0258,0
p29207,0.0398,0.0478,0.0231,0.0253,0.0382,0.0163,0
p29209,0.021,0.0191,0.0049,0.006,0.0168,0.0065,0
p29211,0.0156,0.0612,0.0339,0.0292,0.0319,0.0206,0
p29213,0.0238,0.0189,0.0043,0.0065,0.0182,0.0065,0
p29215,0.0343,0.0526,0.0263,0.0271,0.0374,0.0185,0
p29217,0.0121,0.0401,0.0228,0.0183,0.0234,0.0149,0
p29219,0.0571,0.1189,0.0675,0.0666,0.0752,0.0423,0
p29221,0.0568,0.1091,0.0614,0.0616,0.0712,0.0389,0
p29223,0.0439,0.0646,0.0336,0.035,0.0469,0.0226,0
p29225,0.0248,0.0381,0.0179,0.0178,0.0272,0.0135,0
p29227,0.0092,0.0402,0.0195,0.0153,0.0197,0.0125,0
p29229,0.0284,0.0428,0.0203,0.0208,0.0307,0.0152,0
p29510,0.0683,0.1371,0.0783,0.0783,0.088,0.049,0
p30001,0.0138,0.0247,0.01,0.0083,0.0172,0.0082,0.0181
p30003,-0.0052,0.0001,-0.0059,-0.0064,-0.0015,-0.0004,0.0028
p30005,-0.0037,-0.0021,-0.0076,-0.0084,-0.0009,-0.0027,0.005
p30007,-0.0031,-0.0052,-0.0098,-0.0105,-0.0015,-0.004,0.0053
p30009,-0.0018,-0.0004,-0.0068,-0.0075,0.0001,-0.0012,0.0039
p30011,-0.0134,0.0014,-0.0037,-0.0039,-0.0045,0.0015,0.0001
p30013,-0.0092,-0.0181,-0.0187,-0.0187,-0.0088,-0.0092,0.0007
p30015,-0.0076,-0.0142,-0.0158,-0.0162,-0.0068,-0.0076,0.002
p30017,-0.0091,0.0033,-0.0034,-0.0036,-0.0021,0.001,0.0016
p30019,-0.0059,0.0114,0.0017,0.0009,0.0021,0.0026,0.003
p30021,-0.0086,0.0119,0.0025,0.002,0.0011,0.0032,0.001
p30023,0.0092,0.0191,0.0068,0.0049,0.0131,0.0055,0.0164
p30025,-0.0113,0.0091,0.0011,0.0007,-0.0011,0.0031,0
p30027,-0.006,-0.0092,-0.0127,-0.0133,-0.0047,-0.0056,0.0023
p30029,0.0141,0.0348,0.0181,0.0142,0.0211,0.0106,0.0222
p30031,0,-0.0011,-0.0076,-0.0085,0.001,-0.0022,0.0052
p30033,-0.0055,0.0017,-0.005,-0.0056,-0.0009,-0.0007,0.003
p30035,0.0061,0.017,0.0059,0.0037,0.011,0.0043,0.0151
p30037,-0.0045,-0.0058,-0.0104,-0.0111,-0.0028,-0.004,0.003
p30039,0.0098,0.0214,0.0085,0.0062,0.0143,0.0063,0.0174
p30041,-0.0039,-0.0045,-0.009,-0.0098,-0.0016,-0.0037,0.0055
p30043,0.0024,0.0051,-0.0027,-0.0038,0.005,0.0003,0.0105
p30045,-0.0076,-0.0142,-0.0161,-0.0163,-0.0069,-0.0076,0.0017
p30047,0.0138,0.0333,0.017,0.0132,0.0205,0.0101,0.0215
p30049,-0.0035,-0.0056,-0.01,-0.0108,-0.0017,-0.0043,0.0059
p30051,-0.0044,-0.0064,-0.0105,-0.0112,-0.0024,-0.0046,0.0053
p30053,0.0256,0.0612,0.0361,0.0295,0.0358,0.0197,0.032
p30055,-0.0065,0.0072,-0.0011,-0.0017,0.0004,0.0014,0.0026
p30057,0.0069,0.0112,0.0008,-0.0004,0.009,0.0028,0.0117
p30059,-0.0063,-0.0118,-0.0143,-0.0149,-0.0054,-0.0066,0.0025
p30061,0.0225,0.0519,0.0294,0.024,0.031,0.0167,0.0286
p30063,0.0122,0.028,0.0132,0.0101,0.0177,0.0084,0.0198
p30065,-0.0047,-0.0031,-0.0085,-0.0091,-0.0022,-0.0027,0.003
p30067,-0.0008,-0.002,-0.0082,-0.009,0.0002,-0.0024,0.0044
p30069,-0.005,-0.0037,-0.009,-0.0095,-0.0024,-0.0031,0.003
p30071,-0.0047,-0.0012,-0.0073,-0.008,-0.0014,-0.0023,0.0032
p30073,-0.0031,-0.0039,-0.0088,-0.0097,-0.0009,-0.0038,0.0066
p30075,-0.0109,-0.0013,-0.0061,-0.0062,-0.0045,0.0002,0.0012
p30077,0.0028,0.0075,-0.0008,-0.0023,0.0061,0.0009,0.0115
p30079,-0.0083,0.0071,-0.001,-0.0014,-0.0003,0.0018,0.0016
p30081,0.0168,0.0353,0.0179,0.0149,0.0224,0.0116,0.0232
p30083,-0.0084,0.0164,0.0057,0.005,0.0027,0.0046,0.0007
p30085,-0.007,0.014,0.0037,0.0029,0.0024,0.0035,0.002
p30087,-0.0065,0.0015,-0.0049,-0.0053,-0.0015,-0.0001,0.0025
p30089,0.0237,0.0557,0.0319,0.0257,0.0329,0.0176,0.0296
p30091,-0.0076,0.0187,0.0073,0.0062,0.0036,0.0051,0.0018
p30093,0.008,0.0162,0.0049,0.0032,0.0116,0.0046,0.0151
p30095,-0.0023,-0.0023,-0.0082,-0.0089,-0.0007,-0.0023,0.0038
p30097,-0.0027,-0.0041,-0.0094,-0.0101,-0.0015,-0.0033,0.0036
p30099,-0.0056,-0.0098,-0.0129,-0.0135,-0.0042,-0.0061,0.0041
p30101,-0.0021,-0.0013,-0.007,-0.0079,0.0005,-0.0027,0.0076
p30103,-0.0055,0.0006,-0.0055,-0.0062,-0.001,-0.0005,0.003
p30105,-0.005,0.0043,-0.0034,-0.004,0.0002,0,0.003
p30107,-0.0054,-0.0089,-0.0127,-0.0131,-0.0042,-0.0054,0.0026
p30109,-0.0102,0.0143,0.0042,0.0039,0.001,0.0041,0
p30111,-0.004,-0.0012,-0.0072,-0.0077,-0.0011,-0.0016,0.003
p31001,-0.0018,-0.0019,-0.01,-0.0116,-0.0049,-0.004,0
p31003,-0.0012,0.0101,-0.0016,-0.0032,0.0003,0.0008,0
p31005,-0.0096,-0.006,-0.0097,-0.0097,-0.0087,-0.0019,0
p31007,-0.0093,-0.0098,-0.011,-0.011,-0.01,-0.0014,0
p31009,-0.0065,-0.0002,-0.0071,-0.008,-0.0052,-0.0016,0
p31011,-0.0007,0.0071,-0.0043,-0.0057,-0.001,-0.0007,0
p31013,-0.0112,-0.007,-0.0091,-0.0094,-0.0086,-0.001,0
p31015,-0.0039,0.0144,0.0033,0.0018,0.0018,0.0039,0
p31017,-0.007,0.0054,-0.0024,-0.0036,-0.0027,0.0014,0
p31019,-0.0031,-0.0035,-0.011,-0.012,-0.006,-0.004,0
p31021,0.0012,-0.0009,-0.0126,-0.0132,-0.005,-0.0057,0
p31023,0.001,-0.0004,-0.0116,-0.0126,-0.0047,-0.0053,0
p31025,0.0008,-0.0063,-0.0169,-0.0171,-0.0076,-0.0083,0
p31027,0.0003,0.0144,0.0007,-0.0011,0.0023,0.0015,0
p31029,-0.0083,-0.0078,-0.0111,-0.0118,-0.0098,-0.003,0
p31031,-0.0103,0.0025,-0.0031,-0.004,-0.0045,0.0016,0
p31033,-0.009,-0.0088,-0.0108,-0.011,-0.0098,-0.002,0
p31035,-0.001,-0.0009,-0.0099,-0.0113,-0.0042,-0.0039,0
p31037,0.0008,0.0005,-0.0108,-0.0117,-0.0043,-0.0046,0
p31039,0.0009,0.0018,-0.01,-0.0109,-0.0038,-0.0043,0
p31041,-0.0051,0.0001,-0.0081,-0.0089,-0.0049,-0.002,0
p31043,0.001,0.0093,-0.0037,-0.0052,0,-0.001,0
p31045,-0.0137,-0.0072,-0.0093,-0.0093,-0.0084,-0.0006,0
p31047,-0.0047,-0.0048,-0.0107,-0.0117,-0.007,-0.0038,0
p31049,-0.0099,-0.0086,-0.011,-0.011,-0.0101,-0.0026,0
p31051,0.001,0.0118,-0.0016,-0.0031,0.0011,0.0003,0
p31053,0.0008,-0.0031,-0.0145,-0.0147,-0.0062,-0.0068,0
p31055,0,-0.009,-0.019,-0.0193,-0.0097,-0.0097,0
p31057,-0.0065,-0.0081,-0.0119,-0.0126,-0.0093,-0.0037,0
p31059,0.0003,0.0032,-0.0076,-0.0092,-0.0022,-0.0027,0
p31061,-0.0022,-0.0027,-0.01,-0.0117,-0.0053,-0.004,0
p31063,-0.0057,-0.0053,-0.0107,-0.0117,-0.0077,-0.0034,0
p31065,-0.0041,-0.0055,-0.0113,-0.0125,-0.0072,-0.004,0
p31067,0.0039,0.0121,-0.0015,-0.0035,0.0034,0.0006,0
p31069,-0.0098,-0.0067,-0.0095,-0.0099,-0.0088,-0.0014,0
p31071,-0.0042,0.001,-0.008,-0.0089,-0.004,-0.002,0
p31073,-0.0042,-0.0053,-0.011,-0.012,-0.007,-0.004,0
p31075,-0.01,-0.0032,-0.0075,-0.0078,-0.0072,-0.0003,0
p31077,-0.0015,0.0058,-0.0043,-0.0061,-0.002,-0.0005,0
p31079,-0.0018,-0.0011,-0.0097,-0.0111,-0.0046,-0.0035,0
p31081,-0.0005,0.0008,-0.009,-0.0102,-0.0037,-0.0031,0
p31083,-0.0031,-0.0037,-0.011,-0.012,-0.006,-0.004,0
p31085,-0.0072,-0.0059,-0.0103,-0.0111,-0.0085,-0.003,0
p31087,-0.0062,-0.0064,-0.011,-0.0116,-0.0083,-0.003,0
p31089,-0.0031,0.0114,0.0005,-0.0012,0.0008,0.0023,0
p31091,-0.0092,-0.0031,-0.008,-0.0087,-0.007,-0.001,0
p31093,-0.0011,0.0057,-0.0047,-0.0063,-0.002,-0.0007,0
p31095,0.0038,0.0127,-0.0007,-0.0027,0.0036,0.0009,0
p31097,0.0032,0.0087,-0.0047,-0.0062,0.0012,-0.0012,0
p31099,-0.0026,-0.0028,-0.0102,-0.012,-0.0054,-0.004,0
p31101,-0.009,-0.0069,-0.0103,-0.0109,-0.0092,-0.0024,0
p31103,-0.0069,0.0109,0.002,0.0005,-0.0002,0.0037,0
p31105,-0.0091,-0.0101,-0.0112,-0.0112,-0.0104,-0.0017,0
p31107,-0.001,0.0145,0.0019,-0.0001,0.0022,0.0024,0
p31109,0.0019,0.0005,-0.0113,-0.0122,-0.0038,-0.0051,0
p31111,-0.0072,-0.0041,-0.0092,-0.01,-0.0074,-0.0024,0
p31113,-0.0071,-0.0013,-0.008,-0.0089,-0.006,-0.002,0
p31115,-0.0053,0.0007,-0.0072,-0.0082,-0.005,-0.002,0
p31117,-0.0083,-0.0033,-0.0083,-0.0091,-0.0071,-0.0018,0
p31119,0,0.0073,-0.0051,-0.0064,-0.001,-0.0015,0
p31121,-0.0003,0.0043,-0.0064,-0.0078,-0.0022,-0.0019,0
p31123,-0.0097,-0.0078,-0.01,-0.0101,-0.0091,-0.0013,0
p31125,-0.0004,0.0058,-0.0056,-0.007,-0.0014,-0.0016,0
p31127,0.0035,0.011,-0.0027,-0.0042,0.0025,0,0
p31129,-0.001,0.0001,-0.0089,-0.0106,-0.0036,-0.003,0
p31131,0.0018,0.0015,-0.0108,-0.0116,-0.0032,-0.0047,0
p31133,0.0046,0.0168,0.0026,-0.0002,0.0062,0.0028,0
p31135,-0.0086,-0.0073,-0.0107,-0.0112,-0.0095,-0.003,0
p31137,-0.0033,-0.004,-0.011,-0.012,-0.0062,-0.004,0
p31139,0,0.0113,-0.0017,-0.0035,0.0009,0.0001,0
p31141,0.0005,0.0043,-0.0073,-0.0086,-0.0022,-0.0027,0
p31143,0.001,0.0039,-0.0079,-0.0089,-0.0023,-0.003,0
p31145,-0.0053,-0.0067,-0.0118,-0.0128,-0.0084,-0.0039,0
p31147,0.0055,0.0231,0.0078,0.0045,0.0101,0.0057,0
p31149,-0.0059,0.0052,-0.0033,-0.0045,-0.0029,0.0004,0
p31151,0.0027,0.0075,-0.0051,-0.0067,0.0005,-0.0015,0
p31153,0,-0.009,-0.0192,-0.0195,-0.0095,-0.0097,0
p31155,0.0009,-0.0049,-0.0158,-0.016,-0.0071,-0.0075,0
p31157,-0.01,-0.0091,-0.0109,-0.0109,-0.0099,-0.0011,0
p31159,0.0012,0.0009,-0.0103,-0.0117,-0.0038,-0.0046,0
p31161,-0.0124,-0.0038,-0.0071,-0.0074,-0.0074,0.0003,0
p31163,-0.0024,0.0038,-0.0057,-0.0073,-0.0029,-0.0009,0
p31165,-0.0122,-0.0089,-0.0103,-0.0103,-0.0093,-0.0011,0
p31167,0.001,0.0047,-0.0075,-0.0085,-0.0022,-0.003,0
p31169,0.0009,0.0036,-0.007,-0.0088,-0.0017,-0.0022,0
p31171,-0.0079,-0.0015,-0.0078,-0.0081,-0.006,-0.0011,0
p31173,0.001,0.0048,-0.0075,-0.0087,-0.0022,-0.0031,0
p31175,-0.0033,0.0023,-0.007,-0.0082,-0.0035,-0.0016,0
p31177,0.0004,-0.007,-0.0177,-0.0177,-0.0084,-0.0087,0
p31179,0.0009,0.0081,-0.0047,-0.006,-0.0007,-0.0015,0
p31181,-0.0016,-0.0013,-0.0097,-0.011,-0.0044,-0.0032,0
p31183,-0.0018,0.0091,-0.0018,-0.0035,-0.0003,0.0008,0
p31185,0.0009,0.0044,-0.0071,-0.0085,-0.0019,-0.0025,0
p32001,0.0713,0.2429,0.1586,0.1446,0.1325,0.0911,0.1389
p32003,0.0684,0.1722,0.1111,0.1011,0.1004,0.07,0.1006
p32005,0.0775,0.2834,0.1848,0.1684,0.1521,0.1056,0.1605
p32007,0.0414,0.0948,0.0559,0.051,0.0592,0.0354,0.0551
p32009,0.0728,0.2395,0.1557,0.1425,0.1314,0.0906,0.1374
p32011,0.0587,0.1707,0.109,0.0995,0.0975,0.0646,0.0987
p32013,0.053,0.1592,0.1017,0.0934,0.0896,0.0598,0.092
p32015,0.0627,0.195,0.1257,0.1148,0.109,0.0736,0.1123
p32017,0.0631,0.1705,0.1086,0.0989,0.0984,0.0671,0.0983
p32019,0.0761,0.2727,0.1781,0.1625,0.1471,0.1018,0.1549
p32021,0.0745,0.2584,0.1685,0.154,0.1402,0.0968,0.1473
p32023,0.0685,0.2063,0.1336,0.1219,0.1157,0.0792,0.119
p32027,0.0652,0.2148,0.1398,0.1279,0.1182,0.0808,0.1233
p32029,0.0764,0.2744,0.1796,0.1634,0.1474,0.1024,0.1562
p32031,0.0689,0.2357,0.1546,0.1413,0.1282,0.0885,0.135
p32033,0.0537,0.1384,0.0859,0.0782,0.0828,0.0527,0.0798
p32510,0.0775,0.2835,0.1853,0.1685,0.152,0.1058,0.161
p33001,0.0358,0.0984,0.0572,0.0483,0.0588,0.0352,0
p33003,0.0325,0.091,0.0519,0.0452,0.0547,0.0327,0
p33005,0.0441,0.1401,0.087,0.0746,0.0787,0.0509,0
p33007,0.0443,0.1069,0.0609,0.0547,0.067,0.0383,0
p33009,0.0446,0.1094,0.0631,0.0555,0.0679,0.0391,0
p33011,0.0361,0.0974,0.0569,0.0458,0.0581,0.0346,0
p33013,0.0353,0.0903,0.0516,0.0416,0.0549,0.0318,0
p33015,0.0367,0.1041,0.0623,0.0511,0.061,0.0373,0
p33017,0.034,0.0964,0.0566,0.0474,0.057,0.0346,0
p33019,0.0433,0.1201,0.0718,0.0616,0.0708,0.0433,0
p34001,0.0415,0.2327,0.1609,0.1459,0.1121,0.0911,0
p34003,0.0858,0.4292,0.2864,0.2622,0.2146,0.1668,0
p34005,0.0558,0.2766,0.1927,0.1744,0.137,0.1082,0
p34007,0.0543,0.2653,0.1873,0.1688,0.1315,0.104,0
p34009,0.0268,0.1898,0.1314,0.1194,0.0872,0.075,0
p34011,0.0253,0.1914,0.1338,0.1215,0.087,0.0763,0
p34013,0.0695,0.3465,0.2375,0.216,0.173,0.1365,0
p34015,0.051,0.2554,0.1804,0.1629,0.126,0.1001,0
p34017,0.069,0.345,0.237,0.215,0.172,0.136,0
p34019,0.0627,0.3139,0.2128,0.1929,0.1558,0.1218,0
p34021,0.0636,0.3162,0.2164,0.1962,0.1574,0.123,0
p34023,0.0768,0.3837,0.2582,0.2357,0.1913,0.1493,0
p34025,0.0774,0.3875,0.2597,0.2372,0.1931,0.1504,0
p34027,0.0721,0.3609,0.2437,0.2218,0.1799,0.1407,0
p34029,0.0595,0.3037,0.2067,0.1878,0.1501,0.1181,0
p34031,0.0758,0.3785,0.254,0.2318,0.1888,0.147,0
p34033,0.0348,0.2104,0.1474,0.1334,0.0995,0.083,0
p34035,0.0712,0.3558,0.2404,0.2188,0.1772,0.1386,0
p34037,0.0612,0.3084,0.2061,0.1863,0.1529,0.1186,0
p34039,0.0767,0.3823,0.2583,0.236,0.191,0.1497,0
p34041,0.0579,0.2923,0.1963,0.1773,0.1447,0.1126,0
p35001,0.0298,0.0399,0.01,0.01,0.0299,0.01,0
p35003,0.0225,0.0491,0.0202,0.0188,0.0305,0.0157,0.0131
p35005,0.0149,0.018,-0.0003,-0.0002,0.0126,0.0035,0.0031
p35006,0.0262,0.0428,0.0141,0.0135,0.0293,0.0123,0.0063
p35007,0.0096,0.0097,-0.0048,-0.0048,0.0065,0.0009,0.0001
p35009,0.0092,0.0068,-0.0064,-0.0064,0.005,-0.0003,0
p35011,0.0175,0.0211,0.0009,0.0008,0.0154,0.0043,0.0013
p35013,0.0182,0.035,0.0113,0.0103,0.0222,0.0106,0.0086
p35015,0.0118,0.0116,-0.0036,-0.0033,0.0082,0.0015,0.0041
p35017,0.0201,0.0535,0.0244,0.0225,0.0313,0.018,0.0179
p35019,0.0213,0.0285,0.0049,0.0047,0.0207,0.0069,0.0018
p35021,0.0103,0.0115,-0.0037,-0.004,0.0076,0.0014,0
p35023,0.0199,0.0618,0.0308,0.0283,0.0348,0.0216,0.0241
p35025,0.0078,-0.0015,-0.0118,-0.0108,0.0008,-0.0034,0
p35027,0.0218,0.0307,0.0064,0.0062,0.0218,0.0078,0.0029
p35028,0.0265,0.0355,0.0085,0.008,0.0265,0.009,0.001
p35029,0.0192,0.0464,0.0198,0.0181,0.0277,0.0154,0.0154
p35031,0.0252,0.0445,0.0162,0.0152,0.0296,0.0135,0.0096
p35033,0.0177,0.0225,0.0018,0.0018,0.0162,0.0049,0.0012
p35035,0.0168,0.0253,0.0044,0.0042,0.017,0.0064,0.005
p35037,0.0106,0.0116,-0.0037,-0.004,0.0078,0.0012,0
p35039,0.0203,0.0283,0.0056,0.0053,0.02,0.0073,0.0031
p35041,0.0094,0.0071,-0.0063,-0.0062,0.0054,-0.0004,0
p35043,0.0274,0.0371,0.0092,0.009,0.0275,0.0095,0.0011
p35045,0.0217,0.0399,0.0148,0.0136,0.0258,0.0126,0.0117
p35047,0.0202,0.0263,0.0038,0.0036,0.019,0.0062,0.0012
p35049,0.0273,0.0367,0.0087,0.0087,0.0272,0.0093,0.0009
p35051,0.0213,0.0386,0.0128,0.0119,0.0252,0.0114,0.0078
p35053,0.0254,0.0372,0.0099,0.0095,0.0266,0.0099,0.0028
p35055,0.016,0.0206,0.0012,0.001,0.0143,0.0046,0.0018
p35057,0.0272,0.0368,0.0088,0.0087,0.0272,0.0093,0.001
p35059,0.005,0.0034,-0.0078,-0.0082,0.001,-0.0013,0
p35061,0.0291,0.0392,0.01,0.01,0.0292,0.01,0.0004
p36001,0.0489,0.1885,0.1201,0.1055,0.0991,0.0694,0
p36003,0.0296,0.1404,0.0915,0.08,0.0696,0.0518,0
p36005,0.096,0.478,0.316,0.29,0.239,0.185,0
p36007,0.0286,0.1379,0.0882,0.0757,0.0674,0.0498,0
p36009,0.0235,0.1121,0.0741,0.0637,0.056,0.0406,0
p36011,0.0236,0.0952,0.06,0.0495,0.0481,0.0356,0
p36013,0.0204,0.0968,0.0646,0.0553,0.0491,0.0348,0
p36015,0.0286,0.142,0.092,0.0794,0.0693,0.0526,0
p36017,0.0302,0.1292,0.0824,0.0704,0.0649,0.0476,0
p36019,0.0724,0.094,0.045,0.0433,0.0771,0.0319,0
p36021,0.0523,0.2275,0.1485,0.1306,0.1152,0.084,0
p36023,0.0259,0.1084,0.0688,0.0577,0.0544,0.0401,0
p36025,0.0394,0.1809,0.117,0.1026,0.0904,0.0668,0
p36027,0.0597,0.2741,0.1806,0.161,0.1377,0.1028,0
p36029,0.0285,0.1334,0.088,0.0765,0.0673,0.0494,0
p36031,0.0664,0.0982,0.0497,0.0464,0.0753,0.0336,0
p36033,0.0616,0.0991,0.0517,0.0476,0.0728,0.0342,0
p36035,0.045,0.1523,0.0951,0.0833,0.0831,0.0559,0
p36037,0.0337,0.1407,0.0908,0.0793,0.0724,0.0526,0
p36039,0.0498,0.2191,0.1425,0.1258,0.1112,0.0815,0
p36041,0.0484,0.1233,0.0735,0.0646,0.0738,0.0442,0
p36043,0.0408,0.1344,0.0834,0.0724,0.0733,0.0494,0
p36045,0.0378,0.1253,0.0778,0.0672,0.068,0.0462,0
p36047,0.1067,0.5333,0.3497,0.322,0.2667,0.2053,0
p36049,0.0378,0.1239,0.0768,0.0663,0.0676,0.0456,0
p36051,0.0314,0.1364,0.0879,0.0762,0.0691,0.0508,0
p36053,0.0249,0.0995,0.0627,0.0521,0.0504,0.0372,0
p36055,0.0325,0.1325,0.0849,0.0734,0.068,0.0494,0
p36057,0.0444,0.1618,0.1016,0.0891,0.0862,0.0594,0
p36059,0.091,0.4538,0.2999,0.2751,0.227,0.1751,0
p36061,0.096,0.478,0.316,0.29,0.239,0.185,0
p36063,0.035,0.1466,0.0952,0.0838,0.0762,0.0548,0
p36065,0.0293,0.1096,0.0688,0.0579,0.0568,0.0408,0
p36067,0.021,0.0839,0.0525,0.0424,0.0421,0.0313,0
p36069,0.0302,0.1246,0.0794,0.0682,0.0635,0.0462,0
p36071,0.0651,0.3224,0.2146,0.1942,0.1604,0.1236,0
p36073,0.034,0.1391,0.0897,0.0784,0.0721,0.0519,0
p36075,0.0249,0.0965,0.0606,0.05,0.0493,0.036,0
p36077,0.0375,0.1535,0.0979,0.085,0.0786,0.0566,0
p36079,0.0685,0.3253,0.2158,0.1945,0.1632,0.1237,0
p36081,0.1028,0.5135,0.3373,0.3103,0.257,0.198,0
p36083,0.0527,0.1919,0.1225,0.1078,0.1025,0.0705,0
p36085,0.1067,0.5333,0.3497,0.322,0.2667,0.2053,0
p36087,0.079,0.3925,0.262,0.239,0.196,0.152,0
p36089,0.0487,0.1065,0.0609,0.0537,0.0678,0.0378,0
p36091,0.0465,0.1384,0.0858,0.0747,0.0787,0.0501,0
p36093,0.047,0.1698,0.107,0.094,0.0908,0.062,0
p36095,0.0454,0.1808,0.115,0.1012,0.094,0.0666,0
p36097,0.0289,0.1294,0.0831,0.0713,0.0644,0.0479,0
p36099,0.0263,0.1088,0.0689,0.0578,0.0548,0.0405,0
p36101,0.0289,0.1398,0.0909,0.0789,0.0688,0.0518,0
p36103,0.0675,0.3145,0.2078,0.1873,0.1588,0.1195,0
p36105,0.0439,0.2206,0.1448,0.1285,0.1085,0.0824,0
p36107,0.0273,0.1355,0.0873,0.0749,0.0659,0.0494,0
p36109,0.0278,0.1204,0.0769,0.0654,0.0603,0.0446,0
p36111,0.0532,0.251,0.1652,0.1473,0.1255,0.0943,0
p36113,0.0513,0.1112,0.0635,0.0561,0.0713,0.0391,0
p36115,0.0494,0.1257,0.0747,0.0655,0.0757,0.0447,0
p36117,0.0273,0.1098,0.0695,0.0585,0.056,0.0407,0
p36119,0.0806,0.3963,0.2632,0.2399,0.1984,0.1528,0
p36121,0.0307,0.1413,0.0923,0.0803,0.071,0.0525,0
p36123,0.0293,0.1233,0.0787,0.0673,0.0623,0.0457,0
p37001,0.0061,-0.0014,-0.0092,-0.0063,-0.0004,-0.0043,0
p37003,0.0034,-0.014,-0.0168,-0.01,-0.0058,-0.0082,0
p37005,0.004,-0.007,-0.0133,-0.01,-0.003,-0.006,0
p37007,0.0058,-0.0168,-0.0185,-0.0102,-0.0055,-0.0092,0
p37009,0.0051,-0.0076,-0.0134,-0.0093,-0.0024,-0.0059,0
p37011,0.007,-0.0095,-0.0145,-0.009,-0.0015,-0.0065,0
p37013,0.0159,0.0349,0.0187,0.0181,0.0201,0.0102,0
p37015,0.0143,0.0419,0.0241,0.022,0.0219,0.0128,0
p37017,0.0207,-0.0107,-0.016,-0.0108,0.005,-0.0081,0
p37019,0.0296,-0.0142,-0.019,-0.0133,0.0085,-0.0096,0
p37021,0.0114,-0.0089,-0.0142,-0.009,0.0012,-0.0066,0
p37023,0.0054,-0.0142,-0.0172,-0.0105,-0.0047,-0.0083,0
p37025,0.001,-0.019,-0.0198,-0.01,-0.0092,-0.01,0
p37027,0.0052,-0.0132,-0.0164,-0.01,-0.0042,-0.0078,0
p37029,0.0148,0.0737,0.048,0.0427,0.0352,0.0255,0
p37031,0.0187,0.0264,0.0122,0.0127,0.0184,0.0069,0
p37033,0.0048,0.001,-0.0082,-0.007,-0.0006,-0.0039,0
p37035,0.0024,-0.0171,-0.0189,-0.0104,-0.0077,-0.0092,0
p37037,0.0078,-0.0035,-0.0103,-0.0062,0.0003,-0.0049,0
p37039,0.0165,-0.001,-0.0102,-0.008,0.0081,-0.005,0
p37041,0.0158,0.0513,0.031,0.0288,0.0265,0.0168,0
p37043,0.0183,-0.001,-0.0107,-0.008,0.009,-0.005,0
p37045,0.0041,-0.017,-0.0187,-0.0103,-0.0065,-0.0093,0
p37047,0.0268,-0.0142,-0.0189,-0.0131,0.0068,-0.0096,0
p37049,0.0148,0.0157,0.0044,0.0056,0.0121,0.0027,0
p37051,0.0146,-0.0084,-0.014,-0.0092,0.0023,-0.0069,0
p37053,0.016,0.0797,0.0521,0.0468,0.038,0.0282,0
p37055,0.0171,0.0583,0.0365,0.0331,0.0301,0.0196,0
p37057,0.0042,-0.0126,-0.0163,-0.01,-0.0051,-0.0081,0
p37059,0.0032,-0.0134,-0.0168,-0.01,-0.006,-0.0082,0
p37061,0.0166,0.0053,-0.0035,-0.0007,0.0089,-0.0013,0
p37063,0.0074,0.0044,-0.0049,-0.0027,0.0024,-0.0021,0
p37065,0.0106,0.0184,0.0067,0.0068,0.0108,0.0037,0
p37067,0.0041,-0.0092,-0.0147,-0.01,-0.0041,-0.0071,0
p37069,0.0087,0.0121,0.0012,0.0021,0.0068,0.0011,0
p37071,0.0007,-0.0194,-0.02,-0.01,-0.0094,-0.01,0
p37073,0.011,0.0569,0.0356,0.0319,0.0263,0.0191,0
p37075,0.014,-0.0025,-0.0107,-0.008,0.0062,-0.005,0
p37077,0.007,0.0085,-0.0021,-0.0011,0.004,-0.0006,0
p37079,0.0125,0.014,0.003,0.0043,0.01,0.0018,0
p37081,0.0051,-0.0064,-0.0132,-0.0095,-0.0028,-0.0065,0
p37083,0.0093,0.0216,0.0088,0.0083,0.0112,0.0047,0
p37085,0.0111,-0.0021,-0.0089,-0.0049,0.0028,-0.0042,0
p37087,0.012,-0.0057,-0.0122,-0.0085,0.003,-0.0055,0
p37089,0.012,-0.0101,-0.0151,-0.0094,0.001,-0.007,0
p37091,0.0101,0.0523,0.032,0.0284,0.0239,0.017,0
p37093,0.0131,-0.0114,-0.0159,-0.0101,0.0003,-0.008,0
p37095,0.0177,0.0489,0.0293,0.0274,0.0266,0.0159,0
p37097,0.0024,-0.0157,-0.0178,-0.01,-0.0071,-0.0088,0
p37099,0.0159,-0.0053,-0.0126,-0.0086,0.0054,-0.006,0
p37101,0.0114,0.0069,-0.0025,-0.0001,0.0063,-0.0007,0
p37103,0.0158,0.0119,0.0018,0.0035,0.011,0.0013,0
p37105,0.0094,-0.007,-0.0126,-0.008,-0.0002,-0.0064,0
p37107,0.0141,0.0112,0.0008,0.0029,0.0098,0.0011,0
p37109,0.002,-0.0187,-0.0195,-0.01,-0.0085,-0.0098,0
p37111,0.008,-0.0118,-0.016,-0.0098,-0.0019,-0.0074,0
p37113,0.0173,-0.0032,-0.0118,-0.008,0.0071,-0.0058,0
p37115,0.0074,-0.0061,-0.0121,-0.008,0.0004,-0.0054,0
p37117,0.0137,0.0325,0.0171,0.0161,0.0178,0.0092,0
p37119,0.0001,-0.0199,-0.02,-0.01,-0.0099,-0.01,0
p37121,0.0074,-0.0086,-0.014,-0.0088,-0.001,-0.006,0
p37123,0.0058,-0.0143,-0.0171,-0.01,-0.0046,-0.0086,0
p37125,0.0087,-0.0112,-0.0154,-0.0097,-0.0018,-0.0077,0
p37127,0.0098,0.014,0.0028,0.0038,0.0085,0.0018,0
p37129,0.0248,-0.004,-0.0112,-0.0068,0.0097,-0.005,0
p37131,0.0093,0.0457,0.0268,0.0241,0.0207,0.0143,0
p37133,0.0179,0.0085,-0.0012,0.0013,0.011,-0.0001,0
p37135,0.0064,0.002,-0.0067,-0.0044,0.0016,-0.0031,0
p37137,0.017,0.0301,0.0151,0.015,0.0188,0.0084,0
p37139,0.0153,0.059,0.037,0.0338,0.0293,0.0198,0
p37141,0.0206,0.0014,-0.0067,-0.003,0.0097,-0.0029,0
p37143,0.0157,0.0548,0.034,0.0308,0.028,0.0182,0
p37145,0.0054,0.0047,-0.0054,-0.0043,0.0011,-0.0023,0
p37147,0.0122,0.0176,0.0061,0.0065,0.0114,0.0032,0
p37149,0.01,-0.0125,-0.0165,-0.01,-0.0012,-0.008,0
p37151,0.0058,-0.011,-0.0153,-0.0098,-0.0037,-0.0076,0
p37153,0.0092,-0.0143,-0.0173,-0.0102,-0.0028,-0.0087,0
p37155,0.0193,-0.0132,-0.0176,-0.0115,0.0032,-0.0088,0
p37157,0.0036,-0.0028,-0.0114,-0.0097,-0.003,-0.0055,0
p37159,0.0023,-0.0167,-0.0184,-0.01,-0.0076,-0.0092,0
p37161,0.0079,-0.0139,-0.0172,-0.01,-0.0029,-0.0083,0
p37163,0.0155,0.0015,-0.0064,-0.0027,0.0067,-0.0028,0
p37165,0.0133,-0.0133,-0.0173,-0.0108,-0.0003,-0.0087,0
p37167,0.0029,-0.017,-0.0186,-0.01,-0.0071,-0.0091,0
p37169,0.0037,-0.0071,-0.0143,-0.0118,-0.0043,-0.007,0
p37171,0.0031,-0.0078,-0.0142,-0.0111,-0.0045,-0.0069,0
p37173,0.0127,-0.0035,-0.0111,-0.008,0.0045,-0.0051,0
p37175,0.0145,-0.0072,-0.0137,-0.009,0.0036,-0.0067,0
p37177,0.0168,0.0548,0.0335,0.031,0.0283,0.018,0
p37179,0.0022,-0.0191,-0.0197,-0.01,-0.0084,-0.01,0
p37181,0.0076,0.0116,0.0008,0.0014,0.006,0.0006,0
p37183,0.0092,0.0055,-0.0036,-0.0013,0.0046,-0.0014,0
p37185,0.008,0.016,0.0041,0.0041,0.0081,0.0025,0
p37187,0.0164,0.0501,0.03,0.028,0.0264,0.0161,0
p37189,0.0063,-0.0096,-0.0143,-0.0093,-0.0023,-0.0064,0
p37191,0.0131,0.0089,-0.0009,0.0012,0.0083,0.0001,0
p37193,0.004,-0.0101,-0.015,-0.01,-0.0042,-0.0072,0
p37195,0.0111,0.0126,0.002,0.0033,0.0087,0.0013,0
p37197,0.0038,-0.0108,-0.0155,-0.0105,-0.005,-0.0077,0
p37199,0.0084,-0.0084,-0.0138,-0.0086,-0.0002,-0.0064,0
p38001,-0.0117,0.0216,0.0088,0.0086,0.0028,0.006,0
p38003,-0.0066,0.04,0.022,0.0205,0.0113,0.0125,0
p38005,-0.0089,0.036,0.0187,0.0178,0.009,0.0101,0
p38007,-0.0102,0.0211,0.0085,0.0082,0.0033,0.006,0
p38009,-0.009,0.0305,0.0147,0.0141,0.0067,0.0086,0
p38011,-0.0119,0.0128,0.0035,0.0033,-0.0001,0.0042,0
p38013,-0.0097,0.0242,0.0105,0.01,0.0043,0.0065,0
p38015,-0.01,0.0392,0.0195,0.0195,0.0099,0.01,0
p38017,-0.0044,0.0455,0.0271,0.0244,0.0142,0.0154,0
p38019,-0.0073,0.0368,0.0203,0.0186,0.01,0.0117,0
p38021,-0.007,0.0371,0.0197,0.0185,0.01,0.0113,0
p38023,-0.0085,0.0223,0.0096,0.0086,0.0043,0.0062,0.001
p38025,-0.0101,0.0285,0.0131,0.0128,0.0056,0.0075,0
p38027,-0.0085,0.0375,0.0196,0.0186,0.0094,0.011,0
p38029,-0.01,0.0365,0.018,0.0179,0.0087,0.0094,0
p38031,-0.0084,0.0378,0.0198,0.0188,0.0096,0.0107,0
p38033,-0.0103,0.017,0.006,0.0057,0.002,0.0049,0
p38035,-0.0055,0.0428,0.0247,0.0225,0.0127,0.0141,0
p38037,-0.0102,0.0341,0.0165,0.0163,0.0077,0.0087,0
p38039,-0.0072,0.0397,0.0219,0.0203,0.0109,0.0123,0
p38041,-0.011,0.0266,0.0119,0.0117,0.0048,0.0071,0
p38043,-0.01,0.0375,0.0186,0.0184,0.009,0.0099,0
p38045,-0.0074,0.0381,0.0205,0.0193,0.0104,0.0115,0
p38047,-0.0094,0.0361,0.0179,0.0175,0.0088,0.0094,0
p38049,-0.0094,0.0328,0.0159,0.0154,0.0074,0.0087,0
p38051,-0.009,0.0344,0.017,0.0165,0.008,0.009,0
p38053,-0.0098,0.0222,0.0091,0.0087,0.0038,0.006,0
p38055,-0.01,0.0351,0.0171,0.0169,0.0082,0.009,0
p38057,-0.01,0.0349,0.0169,0.0168,0.0081,0.0089,0
p38059,-0.01,0.0381,0.0188,0.0188,0.0093,0.0097,0
p38061,-0.01,0.0274,0.0125,0.012,0.0053,0.0073,0
p38063,-0.0068,0.0401,0.0221,0.0206,0.011,0.0124,0
p38065,-0.01,0.0379,0.0188,0.0188,0.0094,0.0097,0
p38067,-0.0054,0.042,0.0242,0.0221,0.0124,0.014,0
p38069,-0.009,0.035,0.0177,0.017,0.0087,0.0098,0
p38071,-0.008,0.0367,0.0198,0.0184,0.0095,0.0112,0
p38073,-0.0052,0.042,0.024,0.0222,0.0124,0.0139,0
p38075,-0.0091,0.0278,0.0127,0.0123,0.0056,0.0074,0
p38077,-0.0022,0.051,0.0316,0.0283,0.0174,0.0181,0
p38079,-0.0088,0.034,0.0178,0.0167,0.0083,0.01,0
p38081,-0.0047,0.0425,0.0244,0.0223,0.0127,0.0142,0
p38083,-0.01,0.0367,0.0181,0.0179,0.0088,0.0094,0
p38085,-0.0102,0.0342,0.0166,0.0165,0.0077,0.0089,0
p38087,-0.011,0.0164,0.0057,0.0054,0.0015,0.0049,0
p38089,-0.0106,0.0275,0.0125,0.0121,0.0053,0.0072,0
p38091,-0.0058,0.042,0.024,0.0219,0.0123,0.0137,0
p38093,-0.0086,0.0378,0.0196,0.0188,0.0097,0.0107,0
p38095,-0.0081,0.035,0.0187,0.0173,0.009,0.0107,0
p38097,-0.0045,0.0453,0.0267,0.0243,0.0141,0.0154,0
p38099,-0.0059,0.0417,0.0237,0.0218,0.012,0.0137,0
p38101,-0.01,0.0311,0.0148,0.0144,0.0068,0.0081,0
p38103,-0.0093,0.0366,0.0186,0.0179,0.0089,0.0097,0
p38105,-0.0092,0.0227,0.0096,0.0089,0.0042,0.0062,0.0008
p39001,0.0003,-0.0017,-0.0069,-0.0069,0.0007,-0.0024,0
p39003,0.0132,0.055,0.0327,0.0288,0.0305,0.0185,0
p39005,0.0126,0.0603,0.038,0.0334,0.033,0.0209,0
p39007,0.0115,0.0636,0.0421,0.0356,0.0341,0.022,0
p39009,0.0027,0.0161,0.0066,0.0056,0.0087,0.0054,0
p39011,0.0116,0.0436,0.0243,0.0211,0.0249,0.0139,0
p39013,0.0052,0.0255,0.0132,0.0111,0.0135,0.0077,0
p39015,-0.0025,-0.0062,-0.0103,-0.0107,-0.0018,-0.0045,0
p39017,-0.0047,-0.0109,-0.0139,-0.014,-0.0045,-0.0065,0
p39019,0.0073,0.0338,0.0198,0.0166,0.0181,0.0105,0
p39021,0.0072,0.0267,0.0122,0.0101,0.0154,0.0077,0
p39023,0.0042,0.0171,0.0058,0.0042,0.0104,0.0041,0
p39025,-0.0065,-0.0137,-0.0156,-0.0156,-0.0063,-0.0076,0
p39027,-0.0023,-0.0019,-0.0075,-0.008,0,-0.003,0
p39029,0.0073,0.0392,0.0235,0.0195,0.0205,0.0123,0
p39031,0.0064,0.028,0.0156,0.0128,0.0158,0.0087,0
p39033,0.0129,0.0596,0.0374,0.0326,0.0331,0.0205,0
p39035,0.0135,0.0693,0.0468,0.0407,0.0381,0.0243,0
p39037,0.0095,0.0229,0.0094,0.0078,0.0146,0.0061,0
p39039,0.0163,0.0755,0.0473,0.0421,0.0411,0.0265,0
p39041,0.0085,0.0377,0.0208,0.018,0.0212,0.0122,0
p39043,0.0163,0.0826,0.0562,0.0496,0.0454,0.0293,0
p39045,0.0049,0.022,0.0099,0.0083,0.0125,0.0067,0
p39047,0.0018,0.0108,0.0015,0.0002,0.0069,0.0019,0
p39049,0.0064,0.0283,0.0136,0.0116,0.0161,0.0087,0
p39051,0.0161,0.0833,0.0551,0.0486,0.0454,0.0294,0
p39053,0.0011,0.0143,0.0053,0.0053,0.0074,0.006,0
p39055,0.0114,0.0614,0.0413,0.0352,0.0337,0.0214,0
p39057,0.001,0.0067,-0.0019,-0.0029,0.0046,0,0
p39059,0.0054,0.0243,0.0127,0.0106,0.0131,0.0073,0
p39061,-0.0089,-0.0184,-0.0189,-0.0189,-0.0089,-0.0096,0
p39063,0.0141,0.0643,0.0406,0.0357,0.0356,0.0222,0
p39065,0.012,0.0503,0.0296,0.0258,0.0281,0.0165,0
p39067,0.006,0.0284,0.0154,0.013,0.0151,0.0086,0
p39069,0.0157,0.0768,0.0499,0.0439,0.0419,0.0271,0
p39071,-0.0007,0,-0.0062,-0.0066,0.0012,-0.0021,0
p39073,0.0029,0.0138,0.0047,0.0036,0.0079,0.004,0
p39075,0.0074,0.0333,0.0199,0.0167,0.0188,0.0106,0
p39077,0.0146,0.0713,0.0469,0.0411,0.0392,0.025,0
p39079,0.0019,0.0101,0.0019,0.0017,0.0059,0.003,0
p39081,0.0058,0.0337,0.0192,0.0158,0.0173,0.0102,0
p39083,0.0094,0.0428,0.0246,0.0214,0.0235,0.0144,0
p39085,0.0127,0.069,0.0472,0.0402,0.0375,0.024,0
p39087,0.0019,0.0116,0.0033,0.0034,0.0067,0.0048,0
p39089,0.0063,0.0283,0.0146,0.0124,0.0157,0.0088,0
p39091,0.0098,0.0377,0.0203,0.0174,0.0214,0.0118,0
p39093,0.0153,0.0769,0.0514,0.045,0.042,0.0269,0
p39095,0.0172,0.0911,0.0628,0.0551,0.0497,0.0327,0
p39097,0.0055,0.023,0.01,0.008,0.0134,0.0065,0
p39099,0.0084,0.0451,0.0282,0.0238,0.0239,0.0145,0
p39101,0.0111,0.0481,0.0287,0.0249,0.0266,0.016,0
p39103,0.0114,0.0557,0.0364,0.0313,0.0309,0.0189,0
p39105,0.0019,0.0163,0.0066,0.0059,0.0084,0.0061,0
p39107,0.0133,0.0422,0.0226,0.0199,0.0244,0.0132,0
p39109,0.0065,0.0198,0.0074,0.0058,0.0124,0.005,0
p39111,0.0042,0.022,0.0107,0.0088,0.0117,0.0069,0
p39113,0.0016,0.0044,-0.0033,-0.0042,0.0041,-0.0009,0
p39115,0.0037,0.0184,0.0083,0.0069,0.0097,0.0059,0
p39117,0.0107,0.0484,0.0289,0.025,0.0266,0.0163,0
p39119,0.0051,0.0218,0.0109,0.009,0.012,0.0065,0
p39121,0.0043,0.0213,0.0101,0.0086,0.011,0.0064,0
p39123,0.0171,0.0916,0.0639,0.0563,0.05,0.033,0
p39125,0.0155,0.069,0.0427,0.0377,0.0377,0.0237,0
p39127,0.0038,0.0173,0.0074,0.006,0.0098,0.005,0
p39129,0.0043,0.0202,0.0081,0.0064,0.0115,0.0058,0
p39131,0.0015,0.0032,-0.0035,-0.0034,0.0031,-0.0004,0
p39133,0.0091,0.0491,0.0319,0.0274,0.0271,0.0161,0
p39135,0.0022,0.0034,-0.0039,-0.0047,0.0039,-0.0012,0
p39137,0.0144,0.066,0.0412,0.0364,0.036,0.0227,0
p39139,0.0121,0.0571,0.0356,0.0312,0.0316,0.0194,0
p39141,0.0024,0.0111,0.0018,0.001,0.0067,0.0027,0
p39143,0.0163,0.083,0.0565,0.0496,0.0455,0.0295,0
p39145,0.0018,0.0047,-0.0023,-0.0017,0.0035,0.0008,0
p39147,0.0149,0.0718,0.047,0.0413,0.0396,0.0251,0
p39149,0.0096,0.0323,0.0163,0.0138,0.019,0.0098,0
p39151,0.0078,0.0395,0.0246,0.0208,0.0218,0.0127,0
p39153,0.0096,0.0484,0.0316,0.0273,0.0268,0.0161,0
p39155,0.0104,0.0568,0.037,0.0315,0.0302,0.0192,0
p39157,0.0065,0.0312,0.018,0.015,0.0168,0.0096,0
p39159,0.0088,0.0369,0.0199,0.017,0.021,0.0118,0
p39161,0.0148,0.0591,0.0351,0.0311,0.0327,0.0199,0
p39163,0.002,0.0124,0.0037,0.0029,0.0067,0.0036,0
p39165,-0.0046,-0.0091,-0.0125,-0.0127,-0.0036,-0.0057,0
p39167,0.0031,0.0186,0.0084,0.0072,0.0099,0.0064,0
p39169,0.0094,0.044,0.0275,0.0236,0.0246,0.0146,0
p39171,0.0162,0.0802,0.0512,0.0452,0.0437,0.0283,0
p39173,0.0158,0.0809,0.0542,0.0477,0.0441,0.0288,0
p39175,0.013,0.0587,0.0366,0.0319,0.0327,0.0201,0
p40001,0.0131,-0.0062,-0.0122,-0.0102,0.0016,-0.0033,0
p40003,-0.0018,-0.0194,-0.0225,-0.0232,-0.0132,-0.0108,0
p40005,0.0028,-0.0293,-0.0271,-0.0254,-0.0138,-0.0123,0
p40007,-0.0003,-0.0135,-0.018,-0.0183,-0.0095,-0.0077,0
p40009,-0.0028,-0.0298,-0.0281,-0.0276,-0.0177,-0.0134,0
p40011,-0.0065,-0.0389,-0.0335,-0.0335,-0.0236,-0.0165,0
p40013,0.0026,-0.0315,-0.0283,-0.0264,-0.0149,-0.013,0
p40015,-0.0074,-0.043,-0.0359,-0.0357,-0.0257,-0.0177,0
p40017,-0.009,-0.0471,-0.0382,-0.0381,-0.0281,-0.0191,0
p40019,-0.0031,-0.0367,-0.0319,-0.0312,-0.0206,-0.0154,0
p40021,0.0094,-0.0094,-0.0143,-0.0131,-0.0021,-0.005,0
p40023,0.0066,-0.0279,-0.0261,-0.0234,-0.0109,-0.0114,0
p40025,0.0007,-0.0037,-0.0113,-0.012,-0.0044,-0.0035,0
p40027,-0.0094,-0.0481,-0.0389,-0.0389,-0.0289,-0.0195,0
p40029,-0.0004,-0.0327,-0.0294,-0.0284,-0.0174,-0.0137,0
p40031,-0.006,-0.0402,-0.0342,-0.0338,-0.0237,-0.0168,0
p40033,-0.0046,-0.0382,-0.0329,-0.0323,-0.0221,-0.0161,0
p40035,0.0074,0.0046,-0.0054,-0.0061,0.0029,-0.0005,0
p40037,-0.0027,-0.0296,-0.0276,-0.0274,-0.0175,-0.0131,0
p40039,-0.005,-0.0349,-0.0311,-0.0309,-0.0211,-0.0152,0
p40041,0.0106,0.0038,-0.0056,-0.0057,0.0044,-0.0002,0
p40043,-0.0043,-0.031,-0.0288,-0.0288,-0.0191,-0.0137,0
p40045,-0.0018,-0.0208,-0.0225,-0.0228,-0.0135,-0.0103,0
p40047,-0.0043,-0.0304,-0.0287,-0.0288,-0.019,-0.0141,0
p40049,-0.0063,-0.042,-0.0352,-0.0349,-0.0245,-0.0173,0
p40051,-0.008,-0.0452,-0.037,-0.0369,-0.0269,-0.0183,0
p40053,-0.0014,-0.0176,-0.0219,-0.0222,-0.0126,-0.0105,0
p40055,-0.0031,-0.0316,-0.0288,-0.0286,-0.0185,-0.0139,0
p40057,-0.002,-0.029,-0.0275,-0.027,-0.0165,-0.013,0
p40059,-0.0011,-0.0164,-0.0201,-0.0204,-0.0114,-0.0091,0
p40061,0.009,-0.018,-0.0201,-0.0177,-0.0058,-0.0079,0
p40063,-0.002,-0.0338,-0.0299,-0.0292,-0.0187,-0.0142,0
p40065,-0.003,-0.0327,-0.0294,-0.0291,-0.0189,-0.0143,0
p40067,-0.0028,-0.0359,-0.0314,-0.0306,-0.0201,-0.0151,0
p40069,-0.0011,-0.0342,-0.0302,-0.0292,-0.0184,-0.0143,0
p40071,-0.0005,-0.015,-0.0205,-0.0208,-0.0111,-0.0098,0
p40073,-0.0077,-0.043,-0.0359,-0.0359,-0.026,-0.0177,0
p40075,-0.0049,-0.0367,-0.0321,-0.0317,-0.0217,-0.0157,0
p40077,0.0085,-0.0207,-0.0219,-0.0196,-0.0073,-0.009,0
p40079,0.0141,-0.018,-0.0201,-0.0166,-0.0028,-0.0073,0
p40081,-0.0076,-0.0431,-0.0359,-0.0357,-0.0259,-0.0177,0
p40083,-0.0082,-0.0445,-0.0366,-0.0366,-0.0268,-0.0182,0
p40085,-0.001,-0.0346,-0.0304,-0.0293,-0.0184,-0.0145,0
p40087,-0.0088,-0.0471,-0.038,-0.038,-0.028,-0.019,0
p40089,0.013,-0.0238,-0.0237,-0.0197,-0.0057,-0.0094,0
p40091,0.0032,-0.0238,-0.0237,-0.0227,-0.0116,-0.0104,0
p40093,-0.0038,-0.0282,-0.0273,-0.0274,-0.0178,-0.0131,0
p40095,0.0001,-0.0332,-0.0295,-0.0283,-0.0172,-0.014,0
p40097,0.007,-0.0045,-0.0112,-0.0111,-0.0014,-0.0037,0
p40099,-0.004,-0.0386,-0.0327,-0.0323,-0.0216,-0.0159,0
p40101,0.0061,-0.0174,-0.0195,-0.0181,-0.0071,-0.0079,0
p40103,-0.0036,-0.0287,-0.0277,-0.0279,-0.0181,-0.0133,0
p40105,0.0051,-0.0005,-0.0092,-0.0099,-0.0008,-0.003,0
p40107,-0.0035,-0.0344,-0.0304,-0.0299,-0.0197,-0.0145,0
p40109,-0.0098,-0.0493,-0.0396,-0.0395,-0.0296,-0.0198,0
p40111,0.0003,-0.0249,-0.0244,-0.0239,-0.0138,-0.0112,0
p40113,0.0009,-0.0131,-0.0182,-0.0185,-0.009,-0.0082,0
p40115,0.01,0.011,-0.0006,-0.0014,0.0071,0.0023,0
p40117,-0.0022,-0.0252,-0.0254,-0.0254,-0.0156,-0.0119,0
p40119,-0.0055,-0.0363,-0.0317,-0.0317,-0.0219,-0.0156,0
p40121,0.0032,-0.0264,-0.0254,-0.0239,-0.0125,-0.0113,0
p40123,-0.0037,-0.0376,-0.0322,-0.0318,-0.0212,-0.0156,0
p40125,-0.0077,-0.0446,-0.0367,-0.0366,-0.0265,-0.0182,0
p40127,0.0079,-0.0247,-0.0241,-0.0217,-0.0092,-0.0101,0
p40129,-0.0027,-0.0258,-0.0255,-0.0256,-0.0159,-0.012,0
p40131,0.0046,-0.0078,-0.0136,-0.0137,-0.0043,-0.0053,0
p40133,-0.0052,-0.0395,-0.0336,-0.0334,-0.023,-0.0163,0
p40135,0.0124,-0.0135,-0.0172,-0.0144,-0.0021,-0.006,0
p40137,-0.0051,-0.0393,-0.0335,-0.0332,-0.0229,-0.0164,0
p40139,-0.0001,-0.0085,-0.0145,-0.015,-0.007,-0.0055,0
p40141,-0.0039,-0.0355,-0.0314,-0.0307,-0.0205,-0.0152,0
p40143,0.0016,-0.0179,-0.0201,-0.0201,-0.0101,-0.0089,0
p40145,0.0044,-0.0137,-0.0174,-0.0169,-0.0068,-0.0072,0
p40147,0.0035,-0.0058,-0.0127,-0.0135,-0.0042,-0.005,0
p40149,-0.0052,-0.0367,-0.0321,-0.032,-0.022,-0.0158,0
p40151,-0.002,-0.0195,-0.0222,-0.0227,-0.0133,-0.0104,0
p40153,-0.0024,-0.0221,-0.0236,-0.0238,-0.0144,-0.011,0
p41001,0.0314,0.07,0.0403,0.0374,0.0423,0.0255,0.0415
p41003,0.0601,0.1586,0.1073,0.1046,0.0931,0.0632,0.0948
p41005,0.06,0.1517,0.1018,0.1008,0.0902,0.0607,0.0908
p41007,0.062,0.1593,0.1093,0.1068,0.0939,0.0643,0.096
p41009,0.0611,0.1545,0.1046,0.1032,0.0918,0.0619,0.0927
p41011,0.0649,0.1935,0.1315,0.1236,0.1087,0.0754,0.1134
p41013,0.0534,0.1435,0.0957,0.0907,0.083,0.0559,0.0846
p41015,0.0681,0.2161,0.1466,0.1364,0.1194,0.0833,0.1258
p41017,0.0573,0.1557,0.1046,0.0995,0.09,0.061,0.0918
p41019,0.0631,0.1839,0.1246,0.1175,0.1041,0.0717,0.108
p41021,0.0527,0.1341,0.09,0.0858,0.0788,0.0527,0.0794
p41023,0.0406,0.0999,0.0626,0.0587,0.0591,0.0378,0.0586
p41025,0.0445,0.12,0.0764,0.0709,0.0691,0.0453,0.0702
p41027,0.06,0.1529,0.1035,0.1016,0.0907,0.0611,0.0916
p41029,0.0666,0.2113,0.1426,0.1324,0.1166,0.0811,0.1227
p41031,0.0572,0.1509,0.1019,0.0982,0.088,0.0596,0.0898
p41033,0.068,0.2171,0.1469,0.1364,0.1197,0.0834,0.1262
p41035,0.0624,0.1903,0.1278,0.1189,0.1063,0.0732,0.1108
p41037,0.0561,0.1648,0.1093,0.1015,0.093,0.063,0.0959
p41039,0.0607,0.1646,0.1115,0.1069,0.0954,0.0649,0.0975
p41041,0.0609,0.16,0.1085,0.1056,0.0936,0.0638,0.0955
p41043,0.0597,0.156,0.1054,0.1028,0.0917,0.0621,0.0932
p41045,0.0309,0.0697,0.039,0.0364,0.0419,0.0254,0.0418
p41047,0.06,0.1528,0.1027,0.1014,0.0909,0.061,0.0915
p41049,0.0479,0.1208,0.0799,0.0751,0.0708,0.0467,0.0708
p41051,0.06,0.1506,0.1007,0.1004,0.0902,0.0603,0.0903
p41053,0.0601,0.155,0.1046,0.1029,0.0918,0.0619,0.0929
p41055,0.0569,0.1481,0.1007,0.0968,0.0867,0.0587,0.0881
p41057,0.061,0.1557,0.1055,0.1038,0.0923,0.0625,0.0934
p41059,0.0416,0.1028,0.066,0.0607,0.0604,0.0385,0.0589
p41061,0.0363,0.0865,0.0533,0.0486,0.0513,0.0318,0.0497
p41063,0.0329,0.0765,0.0456,0.0408,0.0454,0.0272,0.043
p41065,0.0584,0.1513,0.1025,0.0996,0.0889,0.0603,0.0903
p41067,0.0601,0.1514,0.1014,0.101,0.0905,0.0605,0.0908
p41069,0.05,0.1298,0.0859,0.0815,0.0757,0.0505,0.0765
p41071,0.0601,0.1526,0.1025,0.1018,0.0911,0.0611,0.0915
p42001,0.0188,0.0904,0.0581,0.0518,0.0452,0.0324,0
p42003,0.0078,0.0431,0.0257,0.0217,0.0211,0.0135,0
p42005,0.0152,0.0715,0.0467,0.04,0.0361,0.0245,0
p42007,0.007,0.0373,0.0217,0.0179,0.0192,0.0112,0
p42009,0.0131,0.0646,0.0414,0.0357,0.0313,0.0217,0
p42011,0.0397,0.2034,0.1385,0.1243,0.1,0.0778,0
p42013,0.0179,0.09,0.0595,0.0518,0.044,0.032,0
p42015,0.0256,0.1362,0.0874,0.0753,0.0652,0.0489,0
p42017,0.0554,0.2732,0.1891,0.1708,0.1355,0.1062,0
p42019,0.0118,0.0548,0.034,0.0286,0.0279,0.0178,0
p42021,0.0144,0.0743,0.0481,0.0416,0.0359,0.0258,0
p42023,0.021,0.1079,0.0716,0.062,0.052,0.0391,0
p42025,0.031,0.1663,0.1091,0.0959,0.0801,0.0607,0
p42027,0.0207,0.1062,0.0705,0.0614,0.0516,0.0386,0
p42029,0.0431,0.2192,0.1525,0.1375,0.1078,0.0854,0
p42031,0.0162,0.0754,0.0495,0.0424,0.0385,0.0264,0
p42033,0.0196,0.1,0.0662,0.0575,0.0484,0.0361,0
p42035,0.021,0.1096,0.0725,0.0626,0.0529,0.0398,0
p42037,0.0271,0.1477,0.0961,0.0838,0.0707,0.0535,0
p42039,0.0148,0.0719,0.0475,0.0404,0.0372,0.0249,0
p42041,0.0229,0.1143,0.075,0.0668,0.0566,0.0416,0
p42043,0.028,0.1446,0.0961,0.0859,0.071,0.0538,0
p42045,0.0548,0.264,0.187,0.1685,0.1313,0.1035,0
p42047,0.019,0.0965,0.0639,0.0551,0.047,0.0345,0
p42049,0.015,0.0737,0.0487,0.0414,0.0383,0.0256,0
p42051,0.0099,0.0524,0.0321,0.0277,0.0249,0.0173,0
p42053,0.0175,0.085,0.0561,0.048,0.0425,0.0298,0
p42055,0.019,0.0918,0.06,0.0528,0.0456,0.0324,0
p42057,0.0155,0.0751,0.0486,0.0424,0.0369,0.0258,0
p42059,0.0054,0.0344,0.0195,0.0168,0.0165,0.011,0
p42061,0.0209,0.1057,0.0699,0.0615,0.0518,0.0382,0
p42063,0.0145,0.0755,0.049,0.0425,0.0364,0.0265,0
p42065,0.0171,0.0858,0.0568,0.0487,0.0423,0.0303,0
p42067,0.0264,0.1349,0.0893,0.0793,0.066,0.0495,0
p42069,0.012,0.0801,0.047,0.0366,0.0351,0.0243,0
p42071,0.0299,0.1558,0.1051,0.0946,0.0765,0.0594,0
p42073,0.0092,0.0466,0.0288,0.0238,0.0244,0.0148,0
p42075,0.0312,0.1603,0.1073,0.0963,0.0785,0.0602,0
p42077,0.0427,0.2185,0.1477,0.1325,0.1073,0.0835,0
p42079,0.0194,0.1129,0.0707,0.0592,0.0525,0.0384,0
p42081,0.0274,0.1435,0.0938,0.0818,0.0695,0.0524,0
p42083,0.0218,0.1059,0.0701,0.0605,0.0524,0.0383,0
p42085,0.0119,0.0597,0.0386,0.0326,0.0311,0.0202,0
p42087,0.0211,0.1076,0.0713,0.0624,0.0524,0.039,0
p42089,0.0316,0.1695,0.1099,0.0961,0.0815,0.0616,0
p42091,0.0532,0.2589,0.1813,0.1634,0.1284,0.1011,0
p42093,0.0287,0.1553,0.102,0.0893,0.0753,0.0573,0
p42095,0.0476,0.2434,0.1635,0.1468,0.1195,0.0926,0
p42097,0.0299,0.1572,0.104,0.0921,0.0762,0.0582,0
p42099,0.0258,0.1324,0.0876,0.078,0.0651,0.0488,0
p42101,0.0593,0.2783,0.1983,0.1787,0.1393,0.1093,0
p42103,0.0366,0.1921,0.1253,0.1104,0.0932,0.0707,0
p42105,0.0285,0.1368,0.0894,0.078,0.0674,0.0502,0
p42107,0.0325,0.1713,0.1141,0.1012,0.0832,0.0637,0
p42109,0.0277,0.1445,0.0958,0.0848,0.0705,0.0532,0
p42111,0.012,0.0607,0.0384,0.0331,0.0291,0.0204,0
p42113,0.0233,0.1284,0.0821,0.0701,0.0608,0.0454,0
p42115,0.0216,0.12,0.0753,0.0636,0.0562,0.0413,0
p42117,0.0286,0.1466,0.0957,0.0835,0.0713,0.0542,0
p42119,0.0225,0.1195,0.079,0.069,0.0577,0.0437,0
p42121,0.0165,0.0778,0.0514,0.0439,0.0397,0.0272,0
p42123,0.0182,0.0883,0.0586,0.0501,0.0443,0.0313,0
p42125,0.0062,0.0341,0.0192,0.0158,0.0169,0.0101,0
p42127,0.0226,0.1263,0.0796,0.0672,0.0593,0.0436,0
p42129,0.0102,0.0556,0.0346,0.0298,0.0266,0.0185,0
p42131,0.0155,0.0944,0.0573,0.0465,0.0429,0.0305,0
p42133,0.0209,0.1038,0.0672,0.0603,0.0519,0.0381,0
p44001,0.045,0.181,0.116,0.1038,0.099,0.068,0
p44003,0.0428,0.1715,0.1085,0.097,0.0945,0.064,0
p44005,0.045,0.181,0.116,0.1038,0.099,0.068,0
p44007,0.0428,0.1709,0.1083,0.0971,0.0947,0.0639,0
p44009,0.0464,0.1895,0.1217,0.1083,0.1018,0.0706,0
p45001,0.0171,-0.0109,-0.017,-0.0117,0.0041,-0.0087,0
p45003,0.029,-0.0215,-0.0245,-0.0175,0.006,-0.0124,0
p45005,0.0411,-0.0297,-0.031,-0.0231,0.0091,-0.0157,0
p45007,0.0162,-0.0089,-0.0155,-0.0106,0.0044,-0.0078,0
p45009,0.045,-0.0307,-0.0319,-0.0234,0.0106,-0.0162,0
p45011,0.0363,-0.0256,-0.0278,-0.0201,0.0081,-0.0141,0
p45013,0.0573,-0.0365,-0.0367,-0.0274,0.0148,-0.0185,0
p45015,0.0637,-0.0379,-0.038,-0.0284,0.0174,-0.0191,0
p45017,0.0383,-0.0275,-0.0292,-0.0207,0.0083,-0.0145,0
p45019,0.0675,-0.0392,-0.0392,-0.0294,0.019,-0.0198,0
p45021,0.0054,-0.017,-0.0187,-0.0102,-0.0059,-0.0091,0
p45023,0.006,-0.0191,-0.0202,-0.0113,-0.0063,-0.01,0
p45025,0.0103,-0.0174,-0.0196,-0.0116,-0.0033,-0.0098,0
p45027,0.0461,-0.0309,-0.0319,-0.0232,0.0109,-0.0161,0
p45029,0.0601,-0.0366,-0.037,-0.0277,0.0161,-0.0185,0
p45031,0.0205,-0.0198,-0.022,-0.0143,0.0013,-0.0111,0
p45033,0.0223,-0.0161,-0.0197,-0.013,0.0039,-0.01,0
p45035,0.0624,-0.0374,-0.0376,-0.0282,0.0169,-0.0189,0
p45037,0.0225,-0.0168,-0.021,-0.0148,0.0044,-0.0107,0
p45039,0.0125,-0.0198,-0.0215,-0.0132,-0.0029,-0.0107,0
p45041,0.0329,-0.0238,-0.0258,-0.018,0.0065,-0.0131,0
p45043,0.0529,-0.032,-0.0331,-0.0244,0.0139,-0.0166,0
p45045,0.0131,-0.0107,-0.0159,-0.0101,0.0014,-0.0078,0
p45047,0.0177,-0.0146,-0.0192,-0.013,0.0028,-0.0095,0
p45049,0.0485,-0.033,-0.0337,-0.0254,0.0116,-0.0171,0
p45051,0.0362,-0.0223,-0.0252,-0.018,0.0088,-0.0127,0
p45053,0.0498,-0.0344,-0.0346,-0.026,0.0118,-0.0177,0
p45055,0.0153,-0.0208,-0.0224,-0.0142,-0.0019,-0.0113,0
p45057,0.0054,-0.019,-0.0202,-0.011,-0.0065,-0.0101,0
p45059,0.0138,-0.0152,-0.0192,-0.0122,-0.0001,-0.0095,0
p45061,0.0236,-0.0229,-0.0247,-0.0167,0.0019,-0.0124,0
p45063,0.0251,-0.0219,-0.0242,-0.0167,0.0035,-0.0122,0
p45065,0.0197,-0.0121,-0.0183,-0.0126,0.0051,-0.0094,0
p45067,0.032,-0.0217,-0.0245,-0.0172,0.0068,-0.0124,0
p45069,0.0164,-0.0155,-0.0187,-0.0117,0.0005,-0.0094,0
p45071,0.0151,-0.0181,-0.0208,-0.0134,-0.0005,-0.0104,0
p45073,0.0172,-0.0035,-0.0122,-0.0085,0.0073,-0.006,0
p45075,0.0466,-0.031,-0.032,-0.0235,0.0111,-0.0161,0
p45077,0.0157,-0.0068,-0.0138,-0.009,0.0046,-0.0067,0
p45079,0.0241,-0.0227,-0.0246,-0.0166,0.0023,-0.0123,0
p45081,0.0209,-0.0184,-0.0217,-0.0147,0.0029,-0.011,0
p45083,0.01,-0.0142,-0.0176,-0.0104,-0.0019,-0.0086,0
p45085,0.0332,-0.0261,-0.0276,-0.0194,0.0059,-0.0139,0
p45087,0.0089,-0.0172,-0.0196,-0.0116,-0.0037,-0.0096,0
p45089,0.0492,-0.031,-0.0322,-0.0235,0.0124,-0.0162,0
p45091,0.0025,-0.0189,-0.0198,-0.0101,-0.0082,-0.01,0
p46003,-0.0041,0.0211,0.0086,0.0066,0.0046,0.0066,0
p46005,-0.0039,0.0295,0.0149,0.0128,0.0084,0.0097,0
p46007,-0.014,-0.0006,-0.0046,-0.0051,-0.006,0.0015,0
p46009,-0.0014,0.0171,0.0044,0.0025,0.0034,0.0038,0
p46011,0.0004,0.0454,0.0273,0.0235,0.0158,0.0159,0
p46013,-0.0056,0.0355,0.0189,0.0172,0.0102,0.0112,0
p46015,-0.0064,0.0177,0.0068,0.0051,0.0026,0.0058,0
p46017,-0.0069,0.0193,0.008,0.0064,0.0033,0.0064,0
p46019,-0.0172,-0.0043,-0.0068,-0.0069,-0.0075,0.0009,0
p46021,-0.0097,0.0316,0.0153,0.0147,0.007,0.0087,0
p46023,-0.0038,0.0167,0.0051,0.0031,0.0027,0.0047,0
p46025,-0.0028,0.036,0.0198,0.0172,0.0113,0.0121,0
p46027,0.0007,0.0189,0.0045,0.0025,0.0043,0.0036,0
p46029,-0.0014,0.0449,0.0269,0.0235,0.0153,0.0158,0
p46031,-0.011,0.0264,0.0118,0.0116,0.0047,0.0072,0
p46033,-0.0187,-0.0089,-0.0096,-0.0096,-0.0096,0,0
p46035,-0.0025,0.0248,0.0108,0.0088,0.0067,0.0077,0
p46037,-0.003,0.0412,0.0237,0.021,0.0133,0.014,0
p46039,0.0003,0.0501,0.0311,0.027,0.0177,0.0179,0
p46041,-0.0113,0.0193,0.0077,0.0072,0.0021,0.0059,0
p46043,-0.0033,0.0189,0.0067,0.0047,0.004,0.0054,0
p46045,-0.0081,0.03,0.0149,0.0138,0.0072,0.0091,0
p46047,-0.0167,-0.0088,-0.01,-0.01,-0.009,-0.0004,0
p46049,-0.0076,0.0268,0.0132,0.0117,0.006,0.0085,0
p46051,-0.0001,0.0522,0.0329,0.0288,0.0186,0.0189,0
p46053,-0.0058,0.0144,0.0041,0.0025,0.0015,0.0045,0
p46055,-0.015,0.0018,-0.0031,-0.0034,-0.005,0.0021,0
p46057,-0.0009,0.042,0.0245,0.0212,0.0142,0.0146,0
p46059,-0.0069,0.0231,0.0107,0.0091,0.0049,0.0076,0
p46061,-0.0018,0.0265,0.0122,0.0098,0.0075,0.0082,0
p46063,-0.014,0.0051,-0.0011,-0.0014,-0.0033,0.0027,0
p46065,-0.0097,0.0162,0.0061,0.0051,0.0014,0.0057,0
p46067,-0.0012,0.0227,0.0086,0.0062,0.0058,0.0061,0
p46069,-0.0082,0.0207,0.0091,0.0077,0.0035,0.0068,0
p46071,-0.0152,-0.0019,-0.0055,-0.0057,-0.0068,0.0011,0
p46073,-0.0047,0.024,0.011,0.009,0.0058,0.0078,0
p46075,-0.0119,0.0081,0.001,0.0002,-0.0021,0.0036,0
p46077,-0.0015,0.0352,0.0191,0.0164,0.0113,0.0117,0
p46079,-0.0003,0.0339,0.0178,0.015,0.0112,0.011,0
p46081,-0.0189,-0.0086,-0.0091,-0.0092,-0.0093,0,0
p46083,0.001,0.0248,0.0095,0.0071,0.0071,0.0063,0
p46085,-0.0088,0.0141,0.0046,0.0034,0.0007,0.0051,0
p46087,-0.0005,0.0287,0.0133,0.0108,0.0085,0.0085,0
p46089,-0.0081,0.0328,0.0165,0.0157,0.0081,0.0094,0
p46091,-0.0039,0.0425,0.0249,0.0223,0.0132,0.0145,0
p46093,-0.0182,-0.0056,-0.0075,-0.0075,-0.0082,0.0007,0
p46095,-0.0116,0.0054,-0.001,-0.0017,-0.0033,0.0027,0
p46097,-0.0015,0.0308,0.0156,0.0129,0.0093,0.0098,0
p46099,0.0008,0.0316,0.0153,0.0125,0.0099,0.0094,0
p46101,0.0008,0.0409,0.0233,0.0198,0.014,0.0138,0
p46102,-0.0168,-0.0059,-0.0078,-0.008,-0.0083,0.0004,0
p46103,-0.0188,-0.0079,-0.0089,-0.0089,-0.0091,0.0002,0
p46105,-0.0139,0.0101,0.0019,0.0018,-0.0018,0.0038,0
p46107,-0.0094,0.0235,0.0107,0.0097,0.0042,0.0073,0
p46109,-0.0014,0.0508,0.0316,0.028,0.0177,0.0182,0
p46111,-0.0026,0.0283,0.0137,0.0115,0.0082,0.009,0
p46115,-0.0047,0.0325,0.0169,0.015,0.0093,0.0106,0
p46117,-0.0119,0.011,0.0029,0.002,-0.0009,0.0044,0
p46119,-0.0099,0.0189,0.0077,0.0066,0.0024,0.0062,0
p46121,-0.0109,0.0048,-0.0015,-0.0025,-0.0036,0.0022,0
p46123,-0.0082,0.0116,0.0028,0.0015,-0.0001,0.0042,0
p46125,0.0003,0.025,0.0097,0.0075,0.0071,0.0064,0
p46127,0.001,0.0169,0.0027,0.0009,0.0034,0.0026,0
p46129,-0.0095,0.0279,0.0132,0.0125,0.0058,0.008,0
p46135,0,0.0202,0.0059,0.0034,0.0048,0.0044,0
p46137,-0.014,0.0083,0.0008,0.0006,-0.0025,0.0034,0
p47001,0.0143,-0.005,-0.011,-0.008,0.0051,-0.005,0
p47003,0.0255,-0.0139,-0.0161,-0.0112,0.0076,-0.0075,0
p47005,0.0314,-0.002,-0.0077,-0.0017,0.016,-0.0013,0
p47007,0.0201,-0.0087,-0.0133,-0.0097,0.0067,-0.0064,0
p47009,0.0136,-0.004,-0.011,-0.008,0.0051,-0.005,0
p47011,0.017,-0.006,-0.013,-0.0105,0.0062,-0.007,0
p47013,0.013,-0.0044,-0.0102,-0.0072,0.0048,-0.004,0
p47015,0.0298,-0.0098,-0.0124,-0.006,0.0126,-0.0038,0
p47017,0.0305,0.0009,-0.0065,-0.0015,0.0161,-0.0008,0
p47019,0.0061,-0.0066,-0.0121,-0.0081,-0.0006,-0.0051,0
p47021,0.0384,-0.0088,-0.01,-0.0008,0.019,0,0
p47023,0.0274,-0.003,-0.0096,-0.0054,0.0126,-0.0034,0
p47025,0.0108,-0.004,-0.01,-0.007,0.0036,-0.004,0
p47027,0.0242,-0.006,-0.01,-0.005,0.0106,-0.003,0
p47029,0.0094,-0.005,-0.0111,-0.008,0.0022,-0.005,0
p47031,0.0227,-0.0147,-0.017,-0.0128,0.0057,-0.0087,0
p47033,0.0306,0.0068,-0.0034,0.0008,0.0178,0.0006,0
p47035,0.0201,-0.0068,-0.0115,-0.0078,0.0078,-0.0051,0
p47037,0.0394,-0.01,-0.01,-0.0001,0.0198,0,0
p47039,0.0282,-0.0057,-0.0108,-0.006,0.0123,-0.004,0
p47041,0.0277,-0.0098,-0.0123,-0.0063,0.0115,-0.004,0
p47043,0.0361,-0.0079,-0.0097,-0.0013,0.0178,-0.001,0
p47045,0.0323,0.0138,0.0009,0.0052,0.0214,0.0036,0
p47047,0.0282,-0.0022,-0.0096,-0.0051,0.0126,-0.0026,0
p47049,0.0195,-0.0051,-0.0101,-0.0064,0.008,-0.004,0
p47051,0.0162,-0.0206,-0.0224,-0.0206,-0.0014,-0.0138,0
p47053,0.0308,0.007,-0.0031,0.0013,0.0182,0.001,0
p47055,0.0186,-0.0202,-0.0217,-0.0192,0.0003,-0.0127,0
p47057,0.0104,-0.004,-0.0101,-0.0076,0.0033,-0.0041,0
p47059,0.0077,-0.005,-0.0112,-0.0078,0.0012,-0.0048,0
p47061,0.0197,-0.0146,-0.0174,-0.0141,0.0039,-0.0094,0
p47063,0.0095,-0.004,-0.011,-0.008,0.0025,-0.0045,0
p47065,0.0178,-0.0093,-0.0148,-0.0124,0.0049,-0.0082,0
p47067,0.0085,-0.0037,-0.01,-0.007,0.0023,-0.004,0
p47069,0.0272,-0.0036,-0.0103,-0.0061,0.0116,-0.0035,0
p47071,0.0248,-0.0089,-0.0136,-0.0098,0.0084,-0.0064,0
p47073,0.0075,-0.0039,-0.01,-0.007,0.0015,-0.004,0
p47075,0.0295,0.0029,-0.0061,-0.0016,0.0155,-0.0007,0
p47077,0.0287,-0.0028,-0.009,-0.0042,0.0137,-0.0027,0
p47079,0.0318,0.0033,-0.0044,0.0008,0.0181,0.0007,0
p47081,0.0327,-0.0085,-0.011,-0.0041,0.0149,-0.0026,0
p47083,0.0335,-0.0037,-0.008,-0.001,0.0173,-0.001,0
p47085,0.0326,-0.0049,-0.0089,-0.0024,0.0162,-0.0014,0
p47087,0.0266,-0.0078,-0.0108,-0.005,0.0116,-0.003,0
p47089,0.0104,-0.004,-0.011,-0.008,0.0033,-0.005,0
p47091,0.0063,-0.0065,-0.0125,-0.0087,-0.0008,-0.0052,0
p47093,0.0131,-0.0044,-0.011,-0.008,0.0047,-0.005,0
p47095,0.0338,0.0214,0.0064,0.01,0.0252,0.0068,0
p47097,0.0316,0.0106,-0.0012,0.003,0.0196,0.0024,0
p47099,0.0216,-0.0161,-0.0186,-0.0152,0.0039,-0.0101,0
p47101,0.028,-0.0108,-0.0138,-0.0085,0.0105,-0.0057,0
p47103,0.0148,-0.024,-0.0251,-0.0238,-0.004,-0.0157,0
p47105,0.0152,-0.005,-0.0112,-0.0082,0.0058,-0.005,0
p47107,0.0166,-0.0052,-0.0121,-0.0094,0.0063,-0.006,0
p47109,0.026,-0.0063,-0.0119,-0.0079,0.01,-0.0049,0
p47111,0.0312,-0.0045,-0.0082,-0.0018,0.0158,-0.001,0
p47113,0.0287,0.0007,-0.0072,-0.0027,0.0147,-0.0016,0
p47115,0.0169,-0.0152,-0.0189,-0.0165,0.0019,-0.011,0
p47117,0.0256,-0.015,-0.0169,-0.012,0.0074,-0.0079,0
p47119,0.031,-0.0112,-0.0133,-0.0066,0.0127,-0.0045,0
p47121,0.0172,-0.0066,-0.0126,-0.0096,0.006,-0.0062,0
p47123,0.0154,-0.0039,-0.0112,-0.0084,0.0062,-0.0053,0
p47125,0.0354,-0.0055,-0.0084,-0.0007,0.018,-0.0002,0
p47127,0.0197,-0.018,-0.0203,-0.017,0.002,-0.0113,0
p47129,0.0175,-0.0052,-0.0106,-0.0074,0.0069,-0.0045,0
p47131,0.0329,0.0155,0.0022,0.0063,0.0225,0.0043,0
p47133,0.0226,-0.0065,-0.0105,-0.0061,0.0094,-0.0039,0
p47135,0.029,-0.007,-0.0112,-0.0059,0.0126,-0.0039,0
p47137,0.0203,-0.0047,-0.0095,-0.0057,0.0088,-0.0032,0
p47139,0.0164,-0.0027,-0.0112,-0.009,0.0073,-0.0059,0
p47141,0.0246,-0.008,-0.0115,-0.0065,0.0101,-0.0041,0
p47143,0.0184,-0.0071,-0.0126,-0.0093,0.0066,-0.0061,0
p47145,0.0164,-0.006,-0.0117,-0.0084,0.006,-0.0051,0
p47147,0.0371,-0.0077,-0.0092,-0.0003,0.0186,0,0
p47149,0.0341,-0.01,-0.0113,-0.0035,0.0157,-0.0024,0
p47151,0.0163,-0.0043,-0.0098,-0.0067,0.0063,-0.0042,0
p47153,0.0193,-0.0112,-0.0153,-0.0122,0.0052,-0.0082,0
p47155,0.0117,-0.004,-0.011,-0.008,0.0038,-0.005,0
p47157,0.0289,-0.003,-0.0104,-0.0055,0.0125,-0.0022,0
p47159,0.0317,-0.0067,-0.0095,-0.0028,0.0152,-0.0018,0
p47161,0.0332,-0.0006,-0.0061,0.0001,0.018,0.0001,0
p47163,0.0054,-0.0044,-0.0106,-0.0074,-0.0002,-0.0041,0
p47165,0.0364,-0.0076,-0.0093,-0.0008,0.018,-0.0005,0
p47167,0.0299,0.0037,-0.0059,-0.0011,0.0157,0,0
p47169,0.034,-0.007,-0.009,-0.002,0.017,-0.001,0
p47171,0.006,-0.0062,-0.012,-0.008,-0.0005,-0.005,0
p47173,0.0123,-0.004,-0.0102,-0.0077,0.004,-0.0042,0
p47175,0.0218,-0.01,-0.0138,-0.0094,0.0076,-0.0064,0
p47177,0.0244,-0.0118,-0.0145,-0.0096,0.0083,-0.0063,0
p47179,0.0063,-0.0053,-0.0113,-0.008,0,-0.0048,0
p47181,0.0243,-0.0116,-0.0154,-0.0111,0.0076,-0.0073,0
p47183,0.0317,0.0084,-0.0017,0.0026,0.0195,0.0019,0
p47185,0.0231,-0.0089,-0.0124,-0.0079,0.0089,-0.0051,0
p47187,0.037,-0.0099,-0.0105,-0.0017,0.0179,-0.0014,0
p47189,0.0359,-0.0086,-0.0101,-0.0016,0.0178,-0.0009,0
p48001,0.0007,-0.059,-0.045,-0.0393,-0.0265,-0.0235,0
p48003,0.0051,-0.0127,-0.0186,-0.0168,-0.0056,-0.0074,0
p48005,-0.0008,-0.0684,-0.0505,-0.0441,-0.0309,-0.0273,0
p48007,-0.0026,-0.0745,-0.0549,-0.0477,-0.0349,-0.03,0
p48009,-0.0016,-0.0344,-0.0305,-0.0292,-0.0187,-0.015,0
p48011,0.0019,-0.0164,-0.0195,-0.019,-0.0092,-0.0083,0
p48013,-0.0004,-0.0603,-0.0456,-0.0399,-0.0275,-0.0241,0
p48015,-0.0082,-0.0931,-0.0656,-0.0563,-0.046,-0.0371,0
p48017,0.0061,0.0002,-0.01,-0.0099,0.0006,-0.0026,0
p48019,0.0011,-0.0514,-0.0404,-0.0356,-0.023,-0.0209,0
p48021,-0.0038,-0.0748,-0.0545,-0.0472,-0.0356,-0.0299,0
p48023,-0.0012,-0.032,-0.0292,-0.0279,-0.0176,-0.014,0
p48025,-0.0018,-0.0672,-0.0498,-0.0434,-0.0311,-0.0269,0
p48027,-0.0014,-0.0625,-0.0472,-0.0412,-0.0291,-0.0251,0
p48029,-0.0006,-0.06,-0.0457,-0.0399,-0.0276,-0.0242,0
p48031,-0.0005,-0.0586,-0.0448,-0.0392,-0.0269,-0.0236,0
p48033,0.0035,-0.0188,-0.0211,-0.0197,-0.009,-0.0092,0
p48035,0.0007,-0.0491,-0.039,-0.0349,-0.0226,-0.02,0
p48037,0.0143,-0.0268,-0.0255,-0.0208,-0.0061,-0.0104,0
p48039,-0.0088,-0.0958,-0.0674,-0.058,-0.0474,-0.0383,0
p48041,-0.0059,-0.0838,-0.0601,-0.052,-0.0408,-0.0336,0
p48043,0.005,-0.0173,-0.0212,-0.0187,-0.0072,-0.009,0.0003
p48045,0.0019,-0.0181,-0.0205,-0.0199,-0.0097,-0.0087,0
p48047,0.0011,-0.0552,-0.0426,-0.0374,-0.0244,-0.0222,0
p48049,0.002,-0.0413,-0.0344,-0.0312,-0.0187,-0.0172,0
p48051,-0.0058,-0.0826,-0.0594,-0.0513,-0.04,-0.0331,0
p48053,-0.0004,-0.0574,-0.0439,-0.0387,-0.0265,-0.0232,0
p48055,-0.0032,-0.0716,-0.0527,-0.0458,-0.0342,-0.0287,0
p48057,-0.0046,-0.081,-0.0584,-0.0506,-0.0388,-0.0325,0
p48059,0.002,-0.0344,-0.0304,-0.0279,-0.016,-0.0148,0
p48061,0.001,-0.0594,-0.0456,-0.0398,-0.0259,-0.024,0
p48063,0.0093,-0.0327,-0.029,-0.0247,-0.0113,-0.013,0
p48065,0.0023,-0.0108,-0.0163,-0.0166,-0.007,-0.0065,0
p48067,0.0126,-0.0302,-0.0274,-0.0228,-0.0081,-0.0117,0
p48069,0.0045,-0.007,-0.0141,-0.0139,-0.0034,-0.0049,0
p48071,-0.0082,-0.0941,-0.0666,-0.0573,-0.0465,-0.0377,0
p48073,0.0012,-0.0587,-0.0448,-0.0391,-0.026,-0.0235,0
p48075,-0.0009,-0.0261,-0.0257,-0.0249,-0.0149,-0.0119,0
p48077,-0.0021,-0.0357,-0.0313,-0.0303,-0.0194,-0.015,0
p48079,0.006,-0.0004,-0.0103,-0.0102,0.0004,-0.0029,0
p48081,0.004,-0.0286,-0.027,-0.0248,-0.0126,-0.0128,0
p48083,0.0022,-0.0378,-0.0323,-0.0293,-0.0169,-0.0159,0
p48085,0.0036,-0.0347,-0.0299,-0.0273,-0.0153,-0.0142,0
p48087,-0.0011,-0.0254,-0.0252,-0.0246,-0.0147,-0.0116,0
p48089,-0.0072,-0.0894,-0.0636,-0.0548,-0.0439,-0.0358,0
p48091,-0.0013,-0.0627,-0.0471,-0.0412,-0.0291,-0.0253,0
p48093,0.0013,-0.0429,-0.0353,-0.0319,-0.0196,-0.0177,0
p48095,0.003,-0.0363,-0.0316,-0.0285,-0.0161,-0.0154,0
p48097,0.0008,-0.0336,-0.0298,-0.028,-0.0168,-0.0139,0
p48099,-0.0001,-0.0546,-0.0423,-0.0374,-0.0251,-0.0219,0
p48101,0,-0.0258,-0.0252,-0.0244,-0.0142,-0.0116,0
p48103,0.0042,-0.0163,-0.0205,-0.0184,-0.0075,-0.0086,0
p48105,0.0038,-0.0277,-0.0274,-0.0244,-0.0123,-0.0129,0
p48107,0.003,-0.018,-0.0206,-0.0196,-0.0091,-0.0088,0
p48109,0.0102,0.0106,-0.0036,-0.0032,0.007,0.0015,0.0061
p48111,0.0025,-0.0014,-0.0102,-0.0109,-0.0024,-0.0029,0
p48113,0.0032,-0.0381,-0.0319,-0.0288,-0.0167,-0.0154,0
p48115,0.0044,-0.0147,-0.0193,-0.0177,-0.0068,-0.008,0
p48117,0.0052,-0.0011,-0.0108,-0.0109,-0.0007,-0.0032,0
p48119,0.007,-0.0312,-0.0278,-0.0246,-0.0118,-0.0126,0
p48121,0.0017,-0.0358,-0.0308,-0.0287,-0.0168,-0.0146,0
p48123,-0.0039,-0.0755,-0.0549,-0.0476,-0.0359,-0.0302,0
p48125,0.0015,-0.0223,-0.023,-0.022,-0.0117,-0.0104,0
p48127,0.002,-0.0484,-0.039,-0.0345,-0.0213,-0.02,0
p48129,0.0004,-0.0209,-0.0221,-0.0217,-0.0119,-0.0098,0
p48131,0.0008,-0.0564,-0.0432,-0.0379,-0.0251,-0.0227,0
p48133,0.0016,-0.0386,-0.0328,-0.0301,-0.0179,-0.0161,0
p48135,0.0044,-0.0156,-0.0202,-0.0181,-0.0072,-0.0084,0
p48137,0.003,-0.0412,-0.0346,-0.0308,-0.0178,-0.0173,0
p48139,0.0026,-0.0438,-0.0354,-0.0314,-0.0192,-0.0177,0
p48141,0.0133,0.0227,0.0036,0.0035,0.014,0.006,0.0068
p48143,0.001,-0.0425,-0.035,-0.0319,-0.0196,-0.0175,0
p48145,-0.0016,-0.0645,-0.0483,-0.0423,-0.0303,-0.0259,0
p48147,0.0045,-0.0316,-0.0282,-0.0257,-0.0136,-0.0129,0
p48149,-0.0057,-0.0824,-0.0593,-0.0511,-0.0399,-0.033,0
p48151,0.0021,-0.0269,-0.0259,-0.0242,-0.0132,-0.0121,0
p48153,0.0026,-0.0179,-0.0204,-0.0196,-0.0093,-0.0087,0
p48155,-0.0009,-0.0291,-0.0276,-0.0266,-0.0161,-0.0131,0
p48157,-0.0094,-0.0976,-0.0686,-0.0587,-0.0486,-0.0391,0
p48159,0.0087,-0.0319,-0.0281,-0.0244,-0.0111,-0.0126,0
p48161,0.0003,-0.0591,-0.0449,-0.0391,-0.0268,-0.0236,0
p48163,0.0008,-0.0541,-0.0418,-0.0368,-0.0241,-0.0218,0
p48165,0.0055,-0.0113,-0.0178,-0.0161,-0.0049,-0.0069,0
p48167,-0.0087,-0.0957,-0.0674,-0.0579,-0.0473,-0.0383,0
p48169,0.0033,-0.0191,-0.0212,-0.0201,-0.0095,-0.0093,0
p48171,0.0008,-0.0519,-0.0407,-0.0359,-0.0235,-0.0211,0
p48173,0.0034,-0.0193,-0.0216,-0.0197,-0.009,-0.0096,0
p48175,-0.0031,-0.0723,-0.0529,-0.046,-0.034,-0.0289,0
p48177,-0.0036,-0.0742,-0.0542,-0.0472,-0.0352,-0.0297,0
p48179,0.0005,-0.0154,-0.0191,-0.0191,-0.0097,-0.008,0
p48181,0.0021,-0.0334,-0.0293,-0.0274,-0.0157,-0.0138,0
p48183,0.006,-0.0452,-0.0365,-0.0318,-0.0177,-0.018,0
p48185,-0.007,-0.0883,-0.0629,-0.0543,-0.0433,-0.0354,0
p48187,-0.0021,-0.0674,-0.0501,-0.0435,-0.0315,-0.027,0
p48189,0.0041,-0.0134,-0.0179,-0.0171,-0.0065,-0.0073,0
p48191,0.0003,-0.022,-0.0229,-0.0224,-0.0124,-0.0104,0
p48193,0.0009,-0.0485,-0.0386,-0.0346,-0.0221,-0.0197,0
p48195,0.0015,-0.0099,-0.0156,-0.0159,-0.0071,-0.0061,0
p48197,-0.0015,-0.0297,-0.0278,-0.0271,-0.0168,-0.0134,0
p48199,-0.0052,-0.0852,-0.061,-0.0526,-0.0407,-0.0339,0
p48201,-0.0098,-0.0991,-0.0694,-0.0596,-0.0494,-0.0397,0
p48203,0.0077,-0.0429,-0.0353,-0.0306,-0.0159,-0.0169,0
p48205,0.0043,0.0005,-0.0095,-0.01,-0.0007,-0.0025,0
p48207,0.0004,-0.0297,-0.0277,-0.0264,-0.0156,-0.0132,0
p48209,-0.0017,-0.0648,-0.0485,-0.0423,-0.0302,-0.0262,0
p48211,-0.0007,-0.0188,-0.0211,-0.0213,-0.0119,-0.0094,0
p48213,0.0038,-0.0468,-0.0371,-0.0325,-0.0198,-0.0188,0
p48215,0.0013,-0.057,-0.0441,-0.0386,-0.0248,-0.0231,0
p48217,0.0008,-0.0506,-0.0398,-0.0354,-0.023,-0.0204,0
p48219,0.0044,-0.0068,-0.0143,-0.0137,-0.0034,-0.0052,0
p48221,0.001,-0.0425,-0.035,-0.032,-0.0198,-0.0173,0
p48223,0.0071,-0.0331,-0.029,-0.0255,-0.0126,-0.0133,0
p48225,-0.0026,-0.0725,-0.053,-0.0461,-0.0339,-0.0288,0
p48227,0.0033,-0.0187,-0.0212,-0.0196,-0.0089,-0.0094,0
p48229,0.0117,0.0165,0.0001,0.0002,0.0105,0.0037,0.0065
p48231,0.0053,-0.0343,-0.0296,-0.0266,-0.0141,-0.0139,0
p48233,0.0019,-0.0104,-0.016,-0.0161,-0.007,-0.0063,0
p48235,0.0039,-0.0271,-0.0263,-0.0237,-0.012,-0.0123,0
p48237,-0.0001,-0.0358,-0.0313,-0.0296,-0.0179,-0.0153,0
p48239,-0.0063,-0.0854,-0.061,-0.0526,-0.0414,-0.0341,0
p48241,-0.0002,-0.0714,-0.0526,-0.0455,-0.0319,-0.0284,0
p48243,0.007,-0.0011,-0.0108,-0.0096,0.0005,-0.0028,0.0034
p48245,-0.0054,-0.0849,-0.0608,-0.0524,-0.0405,-0.0339,0
p48247,0.0019,-0.0525,-0.0408,-0.036,-0.0228,-0.0212,0
p48249,0,-0.0597,-0.0453,-0.0396,-0.0269,-0.024,0
p48251,0.001,-0.0448,-0.0364,-0.0329,-0.0205,-0.0182,0
p48253,0.0023,-0.0296,-0.0276,-0.0257,-0.0142,-0.0131,0
p48255,-0.0022,-0.0684,-0.0505,-0.0441,-0.0319,-0.0275,0
p48257,0.0041,-0.0404,-0.0333,-0.0295,-0.0173,-0.0162,0
p48259,0.0001,-0.0565,-0.0433,-0.0381,-0.0257,-0.0228,0
p48261,0.0004,-0.0623,-0.0474,-0.0414,-0.0278,-0.0252,0
p48263,0.0018,-0.023,-0.0235,-0.0222,-0.0119,-0.0106,0
p48265,0.0016,-0.0488,-0.0388,-0.0344,-0.0217,-0.02,0
p48267,0.0025,-0.0434,-0.0355,-0.0317,-0.019,-0.0178,0
p48269,0.0006,-0.0258,-0.0253,-0.0242,-0.014,-0.0116,0
p48271,0.0025,-0.0432,-0.0361,-0.0319,-0.0188,-0.0181,0
p48273,-0.0002,-0.0629,-0.0475,-0.0417,-0.0284,-0.0255,0
p48275,-0.0002,-0.0291,-0.0274,-0.0264,-0.0158,-0.0132,0
p48277,0.0071,-0.0293,-0.0268,-0.0239,-0.0112,-0.0118,0
p48279,0.0045,-0.0058,-0.0133,-0.0131,-0.0028,-0.0047,0
p48281,0.0004,-0.0527,-0.0411,-0.0366,-0.0241,-0.0214,0
p48283,0.0012,-0.0537,-0.0416,-0.0367,-0.0238,-0.0217,0
p48285,-0.0056,-0.0824,-0.0592,-0.0513,-0.0398,-0.033,0
p48287,-0.0048,-0.0789,-0.0571,-0.0494,-0.0378,-0.0315,0
p48289,-0.003,-0.0726,-0.0531,-0.0463,-0.0343,-0.029,0
p48291,-0.0082,-0.0941,-0.0664,-0.057,-0.0464,-0.0376,0
p48293,0.0001,-0.0593,-0.0448,-0.0391,-0.0271,-0.0237,0
p48295,-0.0006,-0.0165,-0.0198,-0.02,-0.0109,-0.0086,0
p48297,-0.0009,-0.0631,-0.0473,-0.0413,-0.0289,-0.0254,0
p48299,0.0006,-0.0522,-0.0409,-0.0361,-0.0238,-0.0212,0
p48301,0.0067,-0.0065,-0.015,-0.0133,-0.0019,-0.0052,0
p48303,0.0045,-0.0136,-0.0181,-0.0171,-0.0063,-0.0074,0
p48305,0.0043,-0.0156,-0.0193,-0.0182,-0.0073,-0.0081,0
p48307,0.0021,-0.0427,-0.0352,-0.0316,-0.0189,-0.0176,0
p48309,-0.0004,-0.0573,-0.044,-0.0386,-0.0265,-0.0231,0
p48311,0,-0.0588,-0.0447,-0.0392,-0.0265,-0.0237,0
p48313,-0.005,-0.0807,-0.058,-0.0502,-0.039,-0.0322,0
p48315,0.01,-0.0372,-0.0319,-0.0271,-0.0122,-0.0145,0
p48317,0.0044,-0.0151,-0.0192,-0.0176,-0.0068,-0.0081,0
p48319,0.0017,-0.0467,-0.0376,-0.0336,-0.0209,-0.0192,0
p48321,-0.0072,-0.0899,-0.0639,-0.055,-0.0439,-0.0359,0
p48323,0.0021,-0.0447,-0.0373,-0.0328,-0.0195,-0.0187,0
p48325,0.0008,-0.0534,-0.0416,-0.0366,-0.024,-0.0218,0
p48327,0.0028,-0.0406,-0.0339,-0.0304,-0.0177,-0.0169,0
p48329,0.0044,-0.0155,-0.0194,-0.0177,-0.0069,-0.0083,0
p48331,-0.0032,-0.0722,-0.0527,-0.0461,-0.0344,-0.0289,0
p48333,0.0011,-0.0467,-0.0376,-0.0336,-0.0211,-0.0191,0
p48335,0.0027,-0.024,-0.0241,-0.0223,-0.0114,-0.0112,0
p48337,-0.0006,-0.0348,-0.0308,-0.0294,-0.0182,-0.0146,0
p48339,-0.0086,-0.095,-0.0668,-0.0575,-0.0469,-0.038,0
p48341,0.0034,-0.0066,-0.0138,-0.0141,-0.0044,-0.0048,0
p48343,0.011,-0.0305,-0.0275,-0.0235,-0.009,-0.012,0
p48345,0.001,-0.022,-0.0228,-0.0219,-0.0118,-0.0103,0
p48347,0.0014,-0.0604,-0.0458,-0.0399,-0.0265,-0.024,0
p48349,0.0024,-0.049,-0.0385,-0.0338,-0.0214,-0.0197,0
p48351,0.0016,-0.0659,-0.0492,-0.0426,-0.0284,-0.0261,0
p48353,0.0036,-0.0276,-0.0264,-0.0244,-0.0124,-0.0124,0
p48355,-0.0009,-0.0653,-0.0489,-0.0426,-0.0298,-0.0262,0
p48357,0.0004,-0.0132,-0.0177,-0.0179,-0.0088,-0.0074,0
p48359,0.0049,0.0005,-0.0097,-0.0102,-0.0003,-0.0025,0
p48361,-0.003,-0.0781,-0.0567,-0.0489,-0.0363,-0.0311,0
p48363,0.0008,-0.0386,-0.0327,-0.0303,-0.0182,-0.0161,0
p48365,0.0057,-0.0488,-0.0386,-0.0337,-0.0193,-0.0192,0
p48367,0.0009,-0.0401,-0.0336,-0.031,-0.019,-0.0165,0
p48369,0.0059,0,-0.01,-0.0101,0.0005,-0.0026,0
p48371,0.0042,-0.017,-0.0209,-0.0186,-0.0077,-0.0089,0
p48373,-0.005,-0.0822,-0.0591,-0.051,-0.0393,-0.033,0
p48375,0.0033,-0.0076,-0.0145,-0.0146,-0.0048,-0.0053,0
p48377,0.0085,0.0013,-0.009,-0.0078,0.002,-0.0018,0.0063
p48379,0.006,-0.0364,-0.031,-0.0272,-0.0146,-0.0146,0
p48381,0.0031,-0.0111,-0.0165,-0.0162,-0.0062,-0.0065,0
p48383,0.0032,-0.0209,-0.0224,-0.0203,-0.0097,-0.0101,0
p48385,0.0024,-0.0454,-0.0368,-0.0327,-0.0198,-0.0187,0
p48387,0.0105,-0.0275,-0.0258,-0.0221,-0.0086,-0.0109,0
p48389,0.0061,-0.0075,-0.0154,-0.0137,-0.0026,-0.0055,0.0002
p48391,-0.0031,-0.0738,-0.0542,-0.0471,-0.0347,-0.0296,0
p48393,0.0006,-0.0143,-0.0184,-0.0186,-0.0092,-0.0076,0
p48395,-0.0038,-0.0745,-0.0544,-0.0473,-0.0356,-0.0298,0
p48397,0.004,-0.037,-0.031,-0.028,-0.016,-0.015,0
p48399,0.003,-0.0326,-0.0295,-0.0268,-0.0147,-0.0142,0
p48401,0.0037,-0.0524,-0.0408,-0.0358,-0.0218,-0.0209,0
p48403,0.0041,-0.0594,-0.0453,-0.0394,-0.0241,-0.0236,0
p48405,0.0024,-0.061,-0.0459,-0.0402,-0.0262,-0.0242,0
p48407,-0.0071,-0.0897,-0.0636,-0.0548,-0.0438,-0.0358,0
p48409,-0.0016,-0.0679,-0.0504,-0.0439,-0.0312,-0.0272,0
p48411,0.0013,-0.0474,-0.038,-0.0338,-0.0214,-0.0194,0
p48413,0.0038,-0.0332,-0.0298,-0.0268,-0.0143,-0.0145,0
p48415,0.0023,-0.0235,-0.0237,-0.0222,-0.0117,-0.0107,0
p48417,0.0017,-0.0323,-0.0292,-0.0273,-0.0155,-0.014,0
p48419,0.0044,-0.0538,-0.0418,-0.0363,-0.0219,-0.0213,0
p48421,0.0014,-0.0062,-0.0131,-0.0139,-0.0051,-0.0047,0
p48423,0.0052,-0.0446,-0.0361,-0.0314,-0.0181,-0.0179,0
p48425,0.001,-0.0445,-0.0362,-0.0327,-0.0205,-0.0182,0
p48427,0.0024,-0.05,-0.0394,-0.0348,-0.0214,-0.0202,0
p48429,0.0011,-0.0355,-0.0311,-0.0289,-0.0171,-0.0152,0
p48431,0.0033,-0.0236,-0.024,-0.022,-0.0111,-0.0111,0
p48433,0.001,-0.0267,-0.0259,-0.0244,-0.014,-0.0122,0
p48435,0.0035,-0.0361,-0.0317,-0.0282,-0.0156,-0.0156,0
p48437,0.0036,-0.0135,-0.0179,-0.0173,-0.0069,-0.0073,0
p48439,0.0016,-0.0402,-0.0335,-0.0307,-0.0186,-0.0164,0
p48441,0.0028,-0.0312,-0.0286,-0.0263,-0.0144,-0.0137,0
p48443,0.0048,-0.025,-0.026,-0.023,-0.0105,-0.0119,0
p48445,0.0049,-0.0125,-0.0186,-0.0169,-0.0057,-0.0074,0
p48447,0.0003,-0.0321,-0.0292,-0.0276,-0.0164,-0.014,0
p48449,0.0104,-0.0301,-0.0272,-0.0232,-0.0096,-0.0119,0
p48451,0.004,-0.0314,-0.0287,-0.0259,-0.0138,-0.0138,0
p48453,-0.002,-0.0662,-0.0493,-0.0431,-0.0311,-0.0265,0
p48455,-0.0036,-0.077,-0.0558,-0.0483,-0.0365,-0.0308,0
p48457,-0.0026,-0.0771,-0.0559,-0.0485,-0.0357,-0.0306,0
p48459,0.0087,-0.0359,-0.0306,-0.0262,-0.0126,-0.0141,0
p48461,0.0043,-0.0164,-0.0198,-0.018,-0.0072,-0.0085,0
p48463,0.0023,-0.0473,-0.0378,-0.0336,-0.0206,-0.0193,0
p48465,0.0034,-0.0346,-0.0315,-0.0278,-0.0151,-0.0153,0
p48467,0.005,-0.0406,-0.0334,-0.0294,-0.0167,-0.0163,0
p48469,-0.0046,-0.0791,-0.0573,-0.0496,-0.0378,-0.0317,0
p48471,-0.0064,-0.0866,-0.0619,-0.0533,-0.0421,-0.0345,0
p48473,-0.0089,-0.0955,-0.0671,-0.0578,-0.0473,-0.0382,0
p48475,0.0051,-0.0124,-0.0183,-0.0164,-0.0053,-0.0072,0
p48477,-0.0073,-0.0892,-0.0633,-0.0546,-0.0438,-0.0357,0
p48479,0.0018,-0.0506,-0.04,-0.0352,-0.0221,-0.0206,0
p48481,-0.0079,-0.0922,-0.0652,-0.0561,-0.0454,-0.0369,0
p48483,-0.001,-0.0214,-0.0227,-0.0227,-0.0131,-0.0102,0
p48485,-0.003,-0.035,-0.0309,-0.0301,-0.0197,-0.015,0
p48487,-0.0023,-0.0325,-0.0295,-0.0286,-0.0185,-0.0142,0
p48489,0.0006,-0.0609,-0.0465,-0.0405,-0.0268,-0.0246,0
p48491,-0.0021,-0.066,-0.0492,-0.043,-0.031,-0.0265,0
p48493,-0.0016,-0.0654,-0.0491,-0.0424,-0.0301,-0.0263,0
p48495,0.0056,-0.0109,-0.0175,-0.0157,-0.0045,-0.0067,0
p48497,0.0003,-0.0373,-0.0321,-0.0303,-0.0184,-0.0156,0
p48499,0.0072,-0.0364,-0.031,-0.027,-0.0137,-0.0146,0
p48501,0.0064,-0.0074,-0.0153,-0.0142,-0.0027,-0.0054,0
p48503,0.0004,-0.0341,-0.0304,-0.0286,-0.0171,-0.0146,0
p48505,0.0021,-0.0497,-0.0394,-0.0346,-0.0215,-0.0202,0
p48507,0.0022,-0.0478,-0.0383,-0.0338,-0.0209,-0.0197,0
p49001,0.0463,0.1074,0.0638,0.058,0.0666,0.0414,0.0605
p49003,0.0281,0.0178,0.0025,0.0015,0.0244,0.0065,0.0111
p49005,0.0262,0.0048,-0.0062,-0.0065,0.0187,0.0018,0.0036
p49007,0.0229,0.0116,-0.0013,-0.0019,0.0185,0.0045,0.0068
p49009,0.0168,0.0048,-0.005,-0.0052,0.0123,0.002,0.0049
p49011,0.0297,0.0009,-0.0093,-0.0094,0.0201,0.0002,0.0006
p49013,0.0238,0.0067,-0.0047,-0.0051,0.0176,0.0026,0.0044
p49015,0.0237,0.025,0.0078,0.0066,0.0233,0.0096,0.0136
p49017,0.0327,0.0691,0.0379,0.0343,0.044,0.0265,0.0374
p49019,0.016,0.0166,0.0026,0.0017,0.0149,0.0063,0.0092
p49021,0.0506,0.1265,0.077,0.0703,0.0756,0.0491,0.0711
p49023,0.0323,0.0341,0.0134,0.0117,0.0328,0.0131,0.0195
p49025,0.0387,0.0954,0.056,0.0509,0.0571,0.0368,0.0517
p49027,0.0382,0.0695,0.0376,0.0341,0.0486,0.0266,0.0393
p49029,0.0292,0.001,-0.0093,-0.0093,0.0198,0.0003,0.0007
p49031,0.0324,0.0587,0.0306,0.0279,0.0403,0.0226,0.0322
p49033,0.0257,0.0042,-0.0066,-0.0069,0.0182,0.0015,0.0033
p49035,0.03,0.0001,-0.01,-0.01,0.02,0,0
p49037,0.0225,0.0454,0.0213,0.0191,0.029,0.0167,0.0222
p49039,0.0281,0.0216,0.0051,0.0041,0.0253,0.0083,0.0121
p49041,0.0291,0.0403,0.018,0.0161,0.032,0.0156,0.0222
p49043,0.0272,0.0025,-0.0079,-0.0081,0.0187,0.001,0.0019
p49045,0.0316,0.0236,0.0062,0.005,0.0289,0.009,0.0139
p49047,0.0165,0.0082,-0.0029,-0.0033,0.0127,0.0032,0.006
p49049,0.0286,0.0048,-0.0065,-0.0066,0.0205,0.0019,0.0028
p49051,0.0279,0.0036,-0.0073,-0.0074,0.0198,0.0014,0.0022
p49053,0.057,0.1503,0.0938,0.0855,0.0877,0.059,0.0848
p49055,0.0262,0.0432,0.02,0.018,0.031,0.0165,0.023
p49057,0.0288,0.0018,-0.0085,-0.0088,0.0198,0.0009,0.0012
p50001,0.0688,0.0973,0.0483,0.0456,0.0763,0.0331,0
p50003,0.0506,0.159,0.0988,0.0868,0.0893,0.0578,0
p50005,0.0575,0.1036,0.0557,0.0508,0.0727,0.0363,0
p50007,0.0785,0.0908,0.0409,0.0405,0.0795,0.0304,0
p50009,0.0514,0.1069,0.0594,0.0538,0.0707,0.0379,0
p50011,0.0716,0.094,0.0453,0.0436,0.0769,0.0319,0
p50013,0.076,0.0923,0.0427,0.0418,0.0788,0.031,0
p50015,0.0709,0.0942,0.0456,0.0437,0.0765,0.0319,0
p50017,0.0558,0.1104,0.0612,0.0551,0.0742,0.0389,0
p50019,0.0603,0.0976,0.0506,0.0469,0.0719,0.0336,0
p50021,0.0534,0.1167,0.0667,0.0593,0.0749,0.0412,0
p50023,0.0676,0.0959,0.0476,0.0449,0.0752,0.0328,0
p50025,0.0484,0.156,0.0971,0.0849,0.0871,0.0569,0
p50027,0.0515,0.124,0.0725,0.064,0.077,0.0445,0
p51001,0.0215,0.1225,0.0823,0.0738,0.0583,0.0456,0
p51003,0.0085,0.0364,0.0204,0.0171,0.0167,0.0099,0
p51005,0.001,-0.0011,-0.0112,-0.0117,-0.0044,-0.0052,0
p51007,0.0086,0.0393,0.022,0.019,0.0179,0.0113,0
p51009,0.0038,0.0123,-0.0008,-0.0018,0.0027,0.0001,0
p51011,0.0049,0.0183,0.0043,0.003,0.0063,0.0026,0
p51013,0.01,0.03,0.019,0.015,0.015,0.005,0
p51015,0.0064,0.028,0.013,0.0108,0.0119,0.0069,0
p51017,0.0026,0.01,-0.0017,-0.0024,0.0021,-0.0002,0
p51019,0.0009,-0.0037,-0.0144,-0.0146,-0.0063,-0.0071,0
p51021,0.0011,-0.0001,-0.009,-0.0081,-0.0023,-0.0036,0
p51023,0.0004,-0.0065,-0.0166,-0.0169,-0.0077,-0.0083,0
p51025,0.0083,0.0386,0.0215,0.019,0.0173,0.0114,0
p51027,0.0032,0.0041,-0.004,-0.0022,0.0028,0.0003,0
p51029,0.0069,0.0293,0.0141,0.0116,0.0124,0.0073,0
p51031,0.0029,0.0071,-0.005,-0.0057,-0.0001,-0.0022,0
p51033,0.0112,0.0483,0.0307,0.0262,0.0233,0.014,0
p51035,0.0023,-0.0057,-0.0134,-0.0121,-0.0046,-0.0064,0
p51036,0.011,0.0548,0.0348,0.0304,0.0258,0.0178,0
p51037,0.0051,0.0188,0.0053,0.0042,0.0068,0.0032,0
p51041,0.0101,0.0471,0.0288,0.025,0.0221,0.0144,0
p51043,0.011,0.0465,0.0295,0.0245,0.023,0.0135,0
p51045,0,-0.0063,-0.0165,-0.0165,-0.0078,-0.0078,0
p51047,0.011,0.0436,0.0276,0.0229,0.0211,0.012,0
p51049,0.0082,0.036,0.0197,0.0167,0.0162,0.0098,0
p51051,0.0044,0.0021,-0.005,-0.0034,0.0027,-0.0007,0
p51053,0.0095,0.0453,0.0269,0.0235,0.0207,0.0139,0
p51057,0.014,0.0643,0.0423,0.0367,0.0313,0.0208,0
p51059,0.01,0.031,0.0196,0.0159,0.0155,0.0055,0
p51061,0.011,0.0416,0.0263,0.0218,0.0205,0.011,0
p51063,0.001,-0.0073,-0.0167,-0.0161,-0.007,-0.0081,0
p51065,0.0088,0.0388,0.0222,0.019,0.0177,0.011,0
p51067,0.0006,-0.0075,-0.0174,-0.0173,-0.0082,-0.0087,0
p51069,0.0112,0.0496,0.0313,0.0266,0.0244,0.015,0
p51071,0.001,-0.003,-0.0123,-0.012,-0.0048,-0.0057,0
p51073,0.0188,0.0968,0.064,0.0568,0.0463,0.0345,0
p51075,0.0098,0.0433,0.0258,0.0223,0.0202,0.0127,0
p51077,0.003,-0.0044,-0.0117,-0.0091,-0.0027,-0.0052,0
p51079,0.0097,0.0407,0.0243,0.0207,0.019,0.0117,0
p51081,0.0093,0.0443,0.0263,0.0231,0.0201,0.0139,0
p51083,0.0045,0.0075,-0.0036,-0.0037,0.0015,-0.0014,0
p51085,0.0108,0.0478,0.03,0.026,0.0227,0.0143,0
p51087,0.011,0.0498,0.0313,0.0273,0.0235,0.0155,0
p51089,0.002,-0.005,-0.0147,-0.0138,-0.0055,-0.007,0
p51091,0.0053,0.024,0.01,0.0082,0.0098,0.006,0
p51093,0.012,0.0613,0.0393,0.0347,0.0287,0.0206,0
p51095,0.0125,0.062,0.04,0.0353,0.0293,0.0205,0
p51097,0.0158,0.0767,0.0503,0.0443,0.037,0.0262,0
p51099,0.0118,0.0458,0.0295,0.0248,0.0225,0.0125,0
p51101,0.0128,0.06,0.0392,0.034,0.0288,0.0194,0
p51103,0.018,0.092,0.0608,0.054,0.0442,0.0322,0
p51105,0.0076,-0.0027,-0.0093,-0.0067,0.0022,-0.0034,0
p51107,0.0113,0.043,0.0275,0.0225,0.0214,0.0114,0
p51109,0.0101,0.0435,0.0267,0.0227,0.0207,0.0125,0
p51111,0.0071,0.0318,0.0159,0.0139,0.0136,0.0084,0
p51113,0.0104,0.0444,0.0274,0.0228,0.0212,0.0128,0
p51115,0.0195,0.1035,0.0685,0.061,0.0495,0.037,0
p51117,0.0066,0.0208,0.0074,0.0066,0.0088,0.004,0
p51119,0.018,0.0928,0.0613,0.0543,0.0448,0.0328,0
p51121,0.0003,-0.0068,-0.0166,-0.0161,-0.0074,-0.008,0
p51125,0.0059,0.025,0.01,0.0083,0.0099,0.0052,0
p51127,0.0118,0.0574,0.037,0.0322,0.0272,0.019,0
p51131,0.0216,0.116,0.0775,0.0694,0.0559,0.0427,0
p51133,0.017,0.0884,0.0586,0.0519,0.0426,0.0309,0
p51135,0.0082,0.037,0.02,0.0176,0.0164,0.0104,0
p51137,0.0107,0.0438,0.0272,0.0228,0.0212,0.0125,0
p51139,0.0103,0.0449,0.0274,0.0231,0.0214,0.0131,0
p51141,0.0018,-0.0069,-0.0152,-0.014,-0.0059,-0.0074,0
p51143,0.0026,-0.0011,-0.0114,-0.011,-0.0037,-0.0054,0
p51145,0.0094,0.0432,0.0256,0.022,0.0198,0.0128,0
p51147,0.0065,0.0282,0.0128,0.0108,0.0115,0.0068,0
p51149,0.0108,0.0526,0.033,0.029,0.0248,0.017,0
p51153,0.0109,0.036,0.0231,0.0187,0.018,0.0081,0
p51155,0.0012,-0.0044,-0.0136,-0.0128,-0.0054,-0.0066,0
p51157,0.011,0.0452,0.0282,0.0236,0.022,0.013,0
p51159,0.016,0.0763,0.05,0.044,0.037,0.0255,0
p51161,0,-0.0096,-0.0196,-0.0196,-0.0096,-0.0096,0
p51163,0.0029,0.0085,-0.0038,-0.0045,0.0008,-0.0014,0
p51165,0.0089,0.0401,0.0232,0.0198,0.0186,0.0116,0
p51167,0.0039,0.0001,-0.0074,-0.0051,0.001,-0.002,0
p51169,0.0056,-0.0025,-0.0091,-0.0066,0.001,-0.0033,0
p51171,0.0107,0.0475,0.0294,0.0247,0.0227,0.0142,0
p51173,0.0023,-0.0001,-0.0079,-0.0061,-0.0009,-0.0029,0
p51175,0.0104,0.0523,0.0322,0.0286,0.024,0.0169,0
p51177,0.011,0.0444,0.0283,0.0235,0.0215,0.0124,0
p51179,0.011,0.0397,0.0253,0.0207,0.0193,0.0099,0
p51181,0.0113,0.0578,0.0365,0.0325,0.027,0.019,0
p51183,0.0104,0.0511,0.0316,0.028,0.0238,0.0166,0
p51185,0.0018,0.0021,-0.0059,-0.0048,0.0002,-0.0017,0
p51187,0.011,0.0462,0.0292,0.0246,0.0226,0.0134,0
p51191,0.0045,-0.003,-0.0097,-0.0069,-0.0002,-0.0035,0
p51193,0.0138,0.0633,0.0413,0.0358,0.0307,0.02,0
p51195,0.0053,0,-0.0071,-0.0051,0.0021,-0.0017,0
p51197,0.0015,-0.0021,-0.0104,-0.0093,-0.0032,-0.0047,0
p51199,0.017,0.0875,0.0575,0.0515,0.042,0.031,0
p51510,0.01,0.031,0.0196,0.0159,0.0155,0.0055,0
p51520,0.0045,-0.003,-0.0097,-0.0069,-0.0002,-0.0035,0
p51530,0.0029,0.0085,-0.0038,-0.0045,0.0008,-0.0014,0
p51540,0.0085,0.0364,0.0204,0.0171,0.0167,0.0099,0
p51550,0.0141,0.0741,0.0486,0.0436,0.035,0.0261,0
p51570,0.0101,0.0471,0.0288,0.025,0.0221,0.0144,0
p51580,0.001,-0.0011,-0.0112,-0.0117,-0.0044,-0.0052,0
p51590,0.004,0,-0.01,-0.009,-0.002,-0.005,0
p51595,0.0093,0.0443,0.0263,0.0231,0.0201,0.0139,0
p51600,0.01,0.031,0.0196,0.0159,0.0155,0.0055,0
p51610,0.01,0.031,0.0196,0.0159,0.0155,0.0055,0
p51620,0.0104,0.0523,0.0322,0.0286,0.024,0.0169,0
p51630,0.011,0.0397,0.0253,0.0207,0.0193,0.0099,0
p51640,0.0023,-0.0057,-0.0134,-0.0121,-0.0046,-0.0064,0
p51650,0.015,0.079,0.052,0.046,0.037,0.028,0
p51660,0.0089,0.0401,0.0232,0.0198,0.0186,0.0116,0
p51670,0.0101,0.0471,0.0288,0.025,0.0221,0.0144,0
p51678,0.0029,0.0085,-0.0038,-0.0045,0.0008,-0.0014,0
p51680,0.0029,0.0071,-0.005,-0.0057,-0.0001,-0.0022,0
p51683,0.0109,0.036,0.0231,0.0187,0.018,0.0081,0
p51685,0.0109,0.036,0.0231,0.0187,0.018,0.0081,0
p51690,0.002,-0.005,-0.0147,-0.0138,-0.0055,-0.007,0
p51700,0.0143,0.0747,0.049,0.0437,0.0353,0.0263,0
p51710,0.015,0.0797,0.0527,0.047,0.0377,0.0283,0
p51720,0.0053,0,-0.0071,-0.0051,0.0021,-0.0017,0
p51730,0.01,0.05,0.031,0.027,0.023,0.016,0
p51735,0.02,0.107,0.071,0.063,0.051,0.039,0
p51740,0.015,0.078,0.051,0.046,0.037,0.027,0
p51750,0.0012,-0.0044,-0.0136,-0.0128,-0.0054,-0.0066,0
p51760,0.011,0.049,0.031,0.027,0.023,0.015,0
p51770,0,-0.0096,-0.0196,-0.0196,-0.0096,-0.0096,0
p51775,0,-0.0096,-0.0196,-0.0196,-0.0096,-0.0096,0
p51790,0.0064,0.028,0.013,0.0108,0.0119,0.0069,0
p51800,0.0118,0.0609,0.0388,0.0346,0.0286,0.0205,0
p51810,0.018,0.0945,0.0623,0.056,0.045,0.034,0
p51820,0.0064,0.028,0.013,0.0108,0.0119,0.0069,0
p51830,0.0125,0.062,0.04,0.0353,0.0293,0.0205,0
p51840,0.0112,0.0496,0.0313,0.0266,0.0244,0.015,0
p53001,0.0365,0.0889,0.0556,0.0471,0.0514,0.0302,0.0454
p53003,0.0336,0.0803,0.0488,0.0419,0.0471,0.0274,0.0426
p53005,0.048,0.1213,0.0813,0.0751,0.0708,0.0467,0.07
p53007,0.0634,0.1642,0.1196,0.1113,0.0944,0.0675,0.0987
p53009,0.0721,0.1903,0.141,0.1326,0.109,0.0798,0.1164
p53011,0.0602,0.1513,0.1015,0.1008,0.0904,0.0605,0.0908
p53013,0.0359,0.087,0.0539,0.0469,0.0508,0.0302,0.0463
p53015,0.0622,0.1587,0.109,0.1067,0.0938,0.0641,0.0956
p53017,0.0491,0.1243,0.0853,0.0773,0.0718,0.0477,0.0707
p53019,0.0368,0.0902,0.0568,0.0482,0.0519,0.0308,0.0463
p53021,0.042,0.1041,0.0679,0.0607,0.0606,0.038,0.0576
p53023,0.034,0.0814,0.0496,0.0418,0.0473,0.0272,0.0416
p53025,0.0459,0.1153,0.0775,0.0697,0.0667,0.0433,0.0646
p53027,0.0707,0.1859,0.1363,0.1289,0.107,0.0776,0.1134
p53029,0.077,0.2021,0.1526,0.1431,0.1153,0.0862,0.1247
p53031,0.0742,0.1954,0.1459,0.1371,0.112,0.0825,0.1199
p53033,0.0772,0.2022,0.1529,0.1434,0.1157,0.0861,0.1247
p53035,0.0792,0.2079,0.1581,0.1482,0.119,0.0891,0.1285
p53037,0.0636,0.1644,0.1192,0.1115,0.0948,0.0675,0.099
p53039,0.0578,0.1481,0.1016,0.0975,0.0868,0.0592,0.0884
p53041,0.0671,0.1743,0.125,0.1195,0.1012,0.072,0.1059
p53043,0.0339,0.0813,0.0494,0.0402,0.0467,0.026,0.0392
p53045,0.0757,0.1989,0.1492,0.1403,0.114,0.0843,0.1225
p53047,0.0497,0.1265,0.0875,0.0793,0.0728,0.0489,0.0724
p53049,0.0658,0.1713,0.1216,0.1166,0.0997,0.0703,0.1038
p53051,0.0318,0.0758,0.0453,0.0365,0.0437,0.0238,0.0364
p53053,0.0748,0.1957,0.1464,0.1377,0.1123,0.0827,0.1203
p53055,0.073,0.1927,0.1438,0.135,0.1103,0.081,0.1183
p53057,0.0713,0.1864,0.1389,0.1299,0.1069,0.0783,0.1141
p53059,0.0617,0.1575,0.1081,0.1056,0.093,0.0636,0.0948
p53061,0.0749,0.196,0.1475,0.1382,0.1123,0.0831,0.1204
p53063,0.0301,0.0708,0.0407,0.0308,0.0405,0.0204,0.0308
p53065,0.0328,0.0783,0.0472,0.0381,0.0449,0.0248,0.0375
p53067,0.0729,0.1905,0.1409,0.1332,0.1097,0.08,0.1168
p53069,0.0636,0.1634,0.1138,0.1104,0.0958,0.0666,0.0986
p53071,0.0393,0.0968,0.0618,0.055,0.0565,0.035,0.0532
p53073,0.0674,0.1759,0.1298,0.1212,0.101,0.0732,0.107
p53075,0.0324,0.0771,0.0459,0.0371,0.0445,0.0243,0.0369
p53077,0.0597,0.1535,0.1083,0.1023,0.0892,0.0621,0.092
p54001,0.0061,0.0354,0.0197,0.0169,0.0166,0.0114,0
p54003,0.0123,0.0546,0.0347,0.0294,0.027,0.0171,0
p54005,0.0002,0.0168,0.0073,0.0073,0.0083,0.0077,0
p54007,0.0012,0.015,0.005,0.0047,0.0069,0.0054,0
p54009,0.006,0.032,0.018,0.0147,0.0163,0.0097,0
p54011,0.001,0.016,0.0068,0.0068,0.0082,0.0072,0
p54013,0.0013,0.0163,0.0067,0.0063,0.0082,0.0068,0
p54015,0.0006,0.0164,0.0066,0.0066,0.008,0.0073,0
p54017,0.0028,0.0222,0.0105,0.0092,0.0107,0.0075,0
p54019,0.0008,0.0129,0.0032,0.0034,0.0056,0.0048,0
p54021,0.0015,0.0162,0.0062,0.0057,0.0077,0.0058,0
p54023,0.0096,0.0476,0.0288,0.0244,0.0224,0.015,0
p54025,0.001,0.0054,-0.0047,-0.0049,0.0001,-0.001,0
p54027,0.0114,0.0526,0.0332,0.0282,0.0255,0.0166,0
p54029,0.006,0.035,0.02,0.016,0.018,0.01,0
p54031,0.0103,0.0485,0.0297,0.0252,0.0231,0.0149,0
p54033,0.0037,0.0272,0.0141,0.0121,0.0127,0.0089,0
p54035,0.0008,0.0179,0.0081,0.0078,0.0089,0.008,0
p54037,0.0118,0.049,0.0314,0.0262,0.0244,0.0146,0
p54039,0,0.0192,0.0093,0.0093,0.0096,0.0094,0
p54041,0.0023,0.0197,0.0084,0.0074,0.0089,0.0063,0
p54043,0.0004,0.0168,0.0073,0.0075,0.0084,0.008,0
p54045,0.001,0.014,0.0048,0.005,0.0068,0.0059,0
p54047,0.0015,0.0062,-0.0024,-0.0016,0.0024,0.0009,0
p54049,0.0045,0.0305,0.0165,0.0142,0.0143,0.01,0
p54051,0.0048,0.0328,0.0188,0.0158,0.0158,0.011,0
p54053,0.001,0.0169,0.0073,0.0073,0.0085,0.0075,0
p54055,0.001,0.0034,-0.0054,-0.0053,0,-0.0012,0
p54057,0.0111,0.0534,0.0331,0.0285,0.0256,0.0173,0
p54059,0.0018,0.0104,0.0018,0.0024,0.0053,0.0039,0
p54061,0.0066,0.0386,0.0224,0.0194,0.0183,0.0126,0
p54063,0.0009,-0.002,-0.0117,-0.0118,-0.0043,-0.0052,0
p54065,0.012,0.056,0.0355,0.0305,0.0275,0.018,0
p54067,0.0008,0.0128,0.0032,0.0031,0.0058,0.0047,0
p54069,0.005,0.03,0.016,0.013,0.015,0.009,0
p54071,0.0079,0.0365,0.0201,0.0173,0.0167,0.0109,0
p54073,0.003,0.0193,0.0083,0.0073,0.01,0.0063,0
p54075,0.0022,0.0129,0.0017,0.0008,0.0042,0.0021,0
p54077,0.0094,0.0487,0.0295,0.0255,0.0229,0.0162,0
p54079,0,0.0183,0.0083,0.0083,0.0092,0.0088,0
p54081,0.0009,0.0109,0.0015,0.0016,0.0043,0.0037,0
p54083,0.0041,0.0239,0.0109,0.0093,0.0104,0.0068,0
p54085,0.0024,0.0184,0.008,0.007,0.0092,0.0067,0
p54087,0.0005,0.0175,0.0077,0.0077,0.0086,0.008,0
p54089,0.001,0.0035,-0.006,-0.0058,-0.0003,-0.0015,0
p54091,0.0058,0.0345,0.0195,0.0168,0.016,0.0113,0
p54093,0.0086,0.0437,0.0257,0.0219,0.0204,0.014,0
p54095,0.0035,0.0223,0.0105,0.009,0.011,0.0068,0
p54097,0.0026,0.0199,0.0083,0.0071,0.0089,0.0059,0
p54099,0.0016,0.0128,0.0039,0.0043,0.0068,0.0055,0
p54101,0.0015,0.0151,0.0044,0.0038,0.0062,0.0044,0
p54103,0.004,0.0297,0.0163,0.014,0.0144,0.0099,0
p54105,0.0018,0.018,0.008,0.007,0.009,0.007,0
p54107,0.0023,0.0177,0.0077,0.007,0.009,0.0066,0
p54109,0.001,0.0101,0.001,0.0014,0.0042,0.0031,0
p55001,0.0067,0.0953,0.0633,0.0559,0.0404,0.0364,0
p55003,0.007,0.0957,0.0657,0.058,0.0403,0.0372,0
p55005,0.0086,0.1042,0.0748,0.0662,0.0432,0.0419,0
p55007,0.0069,0.0938,0.0641,0.0567,0.039,0.0364,0
p55009,-0.0095,0.0902,0.07,0.06,0.0303,0.04,0
p55011,0.0083,0.0903,0.0619,0.0547,0.0375,0.0351,0
p55013,0.0087,0.1049,0.0754,0.0668,0.0436,0.0422,0
p55015,-0.0051,0.0941,0.0703,0.0606,0.0349,0.04,0
p55017,0.0082,0.0971,0.0675,0.0597,0.0406,0.0382,0
p55019,0.0066,0.0908,0.0613,0.0539,0.0378,0.035,0
p55021,0.0118,0.1076,0.0695,0.0619,0.0484,0.0402,0
p55023,0.0098,0.0613,0.0329,0.0291,0.026,0.0195,0
p55025,0.018,0.1145,0.0704,0.0635,0.0539,0.041,0
p55027,0.0128,0.1195,0.0782,0.0695,0.0543,0.0453,0
p55029,-0.0033,0.0918,0.0675,0.0585,0.0348,0.0386,0
p55031,0.0076,0.0966,0.067,0.0595,0.0401,0.0378,0
p55033,0.009,0.1035,0.0742,0.0657,0.0432,0.0416,0
p55035,0.0081,0.0935,0.0638,0.0565,0.0389,0.0364,0
p55037,0.0017,0.094,0.0666,0.058,0.0379,0.038,0
p55039,0.0038,0.1047,0.0727,0.0637,0.0437,0.0419,0
p55041,0.0011,0.0941,0.0669,0.0583,0.0376,0.0381,0
p55043,0.0114,0.064,0.0334,0.03,0.0278,0.0197,0
p55045,0.0205,0.1124,0.0665,0.0603,0.0535,0.0388,0
p55047,0.0056,0.1033,0.0704,0.0619,0.0434,0.0404,0
p55049,0.0149,0.0893,0.0523,0.0471,0.041,0.0304,0
p55051,0.0065,0.0953,0.0654,0.0579,0.04,0.037,0
p55053,0.0083,0.0871,0.0572,0.0506,0.0367,0.0327,0
p55055,0.0219,0.1422,0.0895,0.0804,0.0686,0.052,0
p55057,0.0078,0.0881,0.0566,0.0501,0.0374,0.0326,0
p55059,0.045,0.2325,0.1453,0.132,0.1185,0.0855,0
p55061,-0.0079,0.0909,0.0696,0.0598,0.0319,0.0397,0
p55063,0.0092,0.0782,0.0487,0.043,0.0331,0.0281,0
p55065,0.0157,0.0857,0.0478,0.0437,0.0395,0.0278,0
p55067,-0.0002,0.0938,0.0674,0.0588,0.0367,0.0386,0
p55069,0.0034,0.0947,0.0661,0.0578,0.0386,0.0375,0
p55071,-0.0051,0.0934,0.0696,0.0602,0.0342,0.0398,0
p55073,0.0025,0.0943,0.066,0.0578,0.0378,0.0377,0
p55075,-0.0028,0.0926,0.0679,0.0588,0.0351,0.0388,0
p55077,0.0066,0.1006,0.0675,0.0596,0.0429,0.0388,0
p55078,-0.0041,0.0926,0.0686,0.0593,0.0341,0.0391,0
p55079,0.0275,0.1667,0.1055,0.0952,0.0827,0.0618,0
p55081,0.0088,0.0825,0.0519,0.0459,0.035,0.0301,0
p55083,-0.006,0.0918,0.069,0.0596,0.0329,0.0396,0
p55085,0.0036,0.0949,0.0663,0.058,0.0388,0.0376,0
p55087,-0.0077,0.0916,0.0699,0.06,0.0319,0.04,0
p55089,0.0145,0.1265,0.0828,0.0738,0.059,0.048,0
p55091,0.009,0.101,0.072,0.0637,0.0417,0.0403,0
p55093,0.0095,0.1106,0.081,0.0721,0.046,0.0452,0
p55095,0.0091,0.1105,0.0808,0.0719,0.0459,0.0451,0
p55097,0.0019,0.0951,0.0669,0.0584,0.0382,0.0382,0
p55099,0.006,0.0954,0.0659,0.058,0.0398,0.0371,0
p55101,0.0366,0.2015,0.1265,0.1145,0.1016,0.0741,0
p55103,0.011,0.0797,0.0469,0.0418,0.0348,0.0275,0
p55105,0.0265,0.1451,0.0887,0.0806,0.0712,0.0519,0
p55107,0.0077,0.098,0.0683,0.0603,0.0408,0.0387,0
p55109,0.0096,0.1133,0.0836,0.0743,0.0473,0.0466,0
p55111,0.0128,0.0951,0.0586,0.0526,0.0427,0.0341,0
p55113,0.0074,0.0972,0.0675,0.0597,0.0405,0.0382,0
p55115,-0.0052,0.0925,0.069,0.0595,0.0337,0.0395,0
p55117,0.0039,0.1048,0.0726,0.0637,0.0441,0.0419,0
p55119,0.0063,0.0949,0.0652,0.0575,0.0394,0.0371,0
p55121,0.0083,0.086,0.0571,0.0505,0.0361,0.0326,0
p55123,0.0097,0.0729,0.0431,0.0382,0.0313,0.0251,0
p55125,0.0049,0.095,0.0655,0.0576,0.0395,0.0375,0
p55127,0.0338,0.1863,0.1162,0.1051,0.0929,0.0679,0
p55129,0.0081,0.1003,0.0708,0.0627,0.0417,0.0398,0
p55131,0.0138,0.125,0.0818,0.0732,0.0578,0.0475,0
p55133,0.0244,0.1559,0.0988,0.089,0.0761,0.0577,0
p55135,-0.0033,0.0938,0.0687,0.0597,0.0352,0.0393,0
p55137,0.0024,0.0973,0.068,0.0593,0.0395,0.039,0
p55139,-0.0021,0.0965,0.07,0.0607,0.0367,0.04,0
p55141,0.0052,0.0926,0.0629,0.0552,0.0381,0.036,0
p56001,-0.009,-0.0098,-0.011,-0.011,-0.0097,-0.0013,0
p56003,-0.0032,-0.0003,-0.006,-0.007,-0.0009,0,0.0029
p56005,-0.0123,-0.0055,-0.0085,-0.0085,-0.0069,-0.0005,0.0006
p56007,-0.0051,-0.0074,-0.0104,-0.0104,-0.0066,-0.0016,0.0006
p56009,-0.0106,-0.0077,-0.0099,-0.0099,-0.0081,-0.001,0.0002
p56011,-0.0159,-0.0054,-0.0077,-0.0077,-0.0075,0.0004,0
p56013,0.0012,-0.0014,-0.0075,-0.0078,0.0005,-0.0004,0.0024
p56015,-0.0105,-0.0095,-0.011,-0.011,-0.01,-0.001,0
p56017,-0.0007,-0.0005,-0.0065,-0.007,0.0001,0,0.0031
p56019,-0.0083,-0.004,-0.008,-0.0081,-0.005,-0.0006,0.0014
p56021,-0.01,-0.01,-0.0102,-0.0102,-0.01,-0.0004,0
p56023,0.0189,0.0068,-0.0038,-0.0044,0.0144,0.0026,0.0062
p56025,-0.0063,-0.0057,-0.0093,-0.0093,-0.0054,-0.001,0.001
p56027,-0.0137,-0.0086,-0.0101,-0.0101,-0.009,-0.001,0
p56029,0.0012,0.0014,-0.0058,-0.0066,0.0021,-0.0003,0.0044
p56031,-0.01,-0.0095,-0.0107,-0.0107,-0.0097,-0.001,0
p56033,-0.0071,-0.0012,-0.0062,-0.0067,-0.0029,-0.0001,0.0022
p56035,0.0101,0.0035,-0.0052,-0.0057,0.0077,0.0012,0.0049
p56037,0.0087,0.001,-0.0067,-0.007,0.0053,0.0008,0.0037
p56039,0.0065,0.004,-0.0046,-0.0054,0.0059,0.0007,0.0054
p56041,0.024,0.004,-0.0065,-0.0068,0.017,0.0017,0.0033
p56043,-0.0037,-0.0014,-0.0068,-0.0072,-0.0018,0,0.0025
p56045,-0.0161,-0.0076,-0.0093,-0.0093,-0.0086,-0.0002,0