asset_uuid,asset_type,asset_name,bus_number,region,available,status,capacity_mw,active_power_mw,fuel,prime_mover,reeds_tech_candidate,tech_mapping_confidence
4b79194d-382a-476f-b737-a82055a1a687,StandardLoad,load_1172~1,1172,pr8,False,True,1.6399999999999997,1.6399999999999997,,,load,high
ac3b22c4-1a62-4a64-9410-86673f0890cd,StandardLoad,Fajardo_load_613~1_demand_proj~new,613,pr18,True,True,2.7599555726666667,2.114202726,,,load,high
c08e3c3f-6dcf-478b-ba74-01942d47f097,StandardLoad,load_934~1,934,pr378,False,True,0.154,0.154,,,load,high
ee4f5804-d80e-4809-a0bb-6cbc66bfaad2,StandardLoad,load_426~1,426,pr14,False,True,0.063,0.063,,,load,high
d70ff427-0666-415c-ba8f-123335010a09,StandardLoad,Aguadilla_load_527~1_demand_proj~new,527,pr32,True,True,3.218285664375,2.51482391125,,,load,high
e6909bad-bc19-422f-8b68-fa0f3bb8863f,StandardLoad,load_356~1,356,pr85,False,True,28.441,28.441,,,load,high
f13db415-0372-4fb3-bffd-00e63b5b6d98,StandardLoad,Ponce_load_630~SL_demand_proj~new,630,pr313,True,True,2.7466712411764704,2.162378388235294,,,load,high
b6bb5027-94a6-492f-8402-62dfd04f93a6,StandardLoad,Vega Baja_load_1162~1_demand_proj~new,1162,pr41,True,True,4.177719204000001,3.421581247000001,,,load,high
36853e7c-0817-46f3-a340-cb70172f7059,StandardLoad,Toa Baja_load_934~1_demand_proj~new,934,pr378,True,True,3.129731799411765,2.522868304117647,,,load,high
18ca8a44-2e19-4927-9e9c-efcb014f772a,StandardLoad,Ponce_load_609~1_demand_proj~new,609,pr3,True,True,2.7466712411764704,2.162378388235294,,,load,high
10af7b60-a4d3-4a6f-8bae-e295d5f62b6d,StandardLoad,load_592~1,592,pr102,False,True,0.43099999999999994,0.43099999999999994,,,load,high
288e5de2-8edb-4502-96e7-76467674d1a7,StandardLoad,load_298~1,298,pr32,False,True,0.341,0.341,,,load,high
24a760e0-0fc4-4481-ae3f-b266e953fab2,StandardLoad,Peñuelas_load_489~1_demand_proj~new,489,pr489,True,True,1.6820572242857144,1.3528431705714283,,,load,high
e18638ea-5032-4ee7-95ec-fd48b2ca3c45,StandardLoad,load_813~1,813,pr88,False,True,6.175,6.175,,,load,high
7b932479-74ad-4a00-b807-9125e1a01a11,StandardLoad,San Juan_load_445~1_demand_proj~new,445,pr84,True,True,4.2455050137096775,3.1162709637096775,,,load,high
08be4698-6e13-40e7-bf54-c42161ba43bc,StandardLoad,load_90~1,90,pr378,False,True,5.15,5.15,,,load,high
2f713af3-fc9d-48f4-bc65-4cc5d9abc49b,StandardLoad,load_302~1,302,pr8,False,True,2.21,2.21,,,load,high
3d6781be-5774-4dc3-a16f-a514194bb122,StandardLoad,Bayamón_load_166~1_demand_proj~new,166,pr45,True,True,3.8089114333333334,2.9982147755555553,,,load,high
8d75b9cd-cdf7-4095-b0a8-601e27d40806,StandardLoad,Barceloneta_load_447~1_demand_proj~new,447,pr102,True,True,2.86514471,2.1817538754545454,,,load,high
7ab9ea45-1e03-4c28-a863-2f482d87f087,StandardLoad,load_1149~1,1149,pr296,False,True,0.22999999999999998,0.22999999999999998,,,load,high
28de21e0-c80d-4aba-a327-89d44eeb59aa,StandardLoad,load_397~1,397,pr84,False,True,2.646,2.646,,,load,high
e30d401e-66f5-497a-b0a7-81bbd551e2cb,StandardLoad,load_462~1,462,,False,True,0.397,0.397,,,load,high
289fd0ec-25b3-47a7-ba16-91ec8f47dd6e,StandardLoad,San Juan_load_905~1_demand_proj~new,905,pr50,True,True,4.2455050137096775,3.1162709637096775,,,load,high
8f6acb82-f75b-4b24-ae94-ea14aeafef35,StandardLoad,load_388~1,388,,False,True,0.168,0.168,,,load,high
f9a5ff68-4a07-49ff-9b72-95cebc98b02c,StandardLoad,Maunabo_load_285~1_demand_proj~new,285,pr14,True,True,2.342614167,1.84962662,,,load,high
3d6e3155-8923-4522-a75c-dfbabaad8d05,StandardLoad,load_411~1,411,pr100,False,True,0.42300000000000004,0.42300000000000004,,,load,high
c293a4e6-07cc-4806-ad7a-4ac771040eef,StandardLoad,San Juan_load_138~1_demand_proj~new,138,pr632,True,True,4.2455050137096775,3.1162709637096775,,,load,high
ac091281-64a0-417c-8ef1-ebd2b45dfb26,StandardLoad,load_515~1,515,pr116,False,True,0.07,0.07,,,load,high
e01b02b5-d8c5-420f-ba28-86b9d48c8e6e,StandardLoad,Aguada_load_1082~1_demand_proj~new,1082,pr32,True,True,3.8263004080000003,3.018286924,,,load,high
0b3c5cc4-c240-4cf5-a8e5-101005535122,StandardLoad,Ponce_load_1080~1_demand_proj~new,1080,pr313,True,True,2.7466712411764704,2.162378388235294,,,load,high
ae16c517-e0fe-4db8-964c-740112f7a244,StandardLoad,San Juan_load_392~1_demand_proj~new,392,pr392,True,True,4.2455050137096775,3.1162709637096775,,,load,high
b6824db7-5dff-4a31-98b4-049fe092ccb6,StandardLoad,load_230~1,230,pr2,False,True,5.77,5.77,,,load,high
a141760d-28ad-48d6-8956-a1084543f123,StandardLoad,load_667~1,667,pr335,False,True,0.272,0.272,,,load,high
bfffbb9e-bbff-4578-96e6-b0dc6d64a1e1,StandardLoad,load_367~1,367,pr29,False,True,1.86,1.86,,,load,high
0d70334b-3ad6-4e6c-9292-d2d843f00d1f,StandardLoad,Juana Díaz_load_694~1_demand_proj~new,694,pr313,True,True,3.2169329574999996,2.6340751308333332,,,load,high
ad82dbbb-4dae-4855-a028-c0bcf06d906d,StandardLoad,San Juan_load_158~1_demand_proj~new,158,pr84,True,True,4.2455050137096775,3.1162709637096775,,,load,high
8cfe09c3-ce0f-4977-b14b-22062bccf48d,StandardLoad,load_283~1,283,pr8,False,True,0.202,0.202,,,load,high
5cde50b2-9f95-4679-acbb-30d9045d8398,StandardLoad,load_129~1,129,pr32,False,True,4.899,4.899,,,load,high
b22f2219-9fd9-4ca9-90df-67cf02cd7f90,StandardLoad,load_149~SL,149,pr149,False,True,50.0,50.0,,,load,high
78f2ff3a-c143-4c51-b62b-5cc316a38c65,StandardLoad,load_700~1,700,pr313,False,True,0.602,0.602,,,load,high
2f06cf94-d419-4304-97fb-b912a33dba84,StandardLoad,load_1035~1,1035,pr169,False,True,1.151,1.151,,,load,high
79a3ea54-325e-4b73-8c66-4656d8f7b906,StandardLoad,load_949~1,949,pr87,False,True,0.336,0.336,,,load,high
b2cf016e-b95f-4568-bf6d-43451227e619,StandardLoad,Arroyo_load_338~1_demand_proj~new,338,pr8,True,True,5.414969575,4.4051515165,,,load,high
4b7e84f6-d95d-49b9-9410-11158d7af078,StandardLoad,Humacao_load_774~1_demand_proj~new,774,pr14,True,True,2.659779135769231,2.0889401965384615,,,load,high
d3142ee4-9188-4b66-ae2f-997129120295,StandardLoad,load_975~1,975,pr93,False,True,0.2,0.2,,,load,high
5ab16643-2ccf-4214-935e-891f3ab30d3b,StandardLoad,load_723~1,723,pr87,False,True,2.201,2.201,,,load,high
5f5b50cd-9a4a-4a86-85ed-9f65ee00ec50,StandardLoad,load_1121~1,1121,pr38,False,True,2.144,2.144,,,load,high
dddc881b-1e23-4036-b371-b15a55c5289f,StandardLoad,San Juan_load_946~1_demand_proj~new,946,pr87,True,True,4.2455050137096775,3.1162709637096775,,,load,high
53ce9480-f873-458d-9335-c2373186587f,StandardLoad,load_981~1,981,pr50,False,True,1.483,1.483,,,load,high
c5451a7c-fc9d-4dd5-8ad5-5408b36b5185,StandardLoad,Cayey_load_250~1_demand_proj~new,250,pr10,True,True,2.6816598480000002,2.0256521513333334,,,load,high
61d16bb5-fd25-467a-8670-71e40ac89b84,StandardLoad,load_756~1,756,pr8,False,True,1.268,1.268,,,load,high
e6c48ef3-e7d7-4caa-9be2-e56e5e552a53,StandardLoad,load_591~1,591,pr102,False,True,1.7819999999999998,1.7819999999999998,,,load,high
bd4d6473-8b83-4c28-9185-823e66347c0f,StandardLoad,load_908~1,908,pr87,False,True,0.255,0.255,,,load,high
aed673d5-bafc-4884-8b4c-35ef0609cb1e,StandardLoad,San Juan_load_1196~1_demand_proj~new,1196,pr84,True,True,4.2455050137096775,3.1162709637096775,,,load,high
da65cdbc-a372-4e89-8664-1f594f2f3237,StandardLoad,load_496~1,496,pr14,False,True,0.241,0.241,,,load,high
581f7608-c9f5-4597-87e8-a8ab6a1e93ef,StandardLoad,Vega Baja_load_41~1_demand_proj~new,41,pr41,True,True,4.177719204000001,3.421581247000001,,,load,high
4814250d-9985-4336-9f98-6ff1f26ee8db,StandardLoad,San Juan_load_58~1_demand_proj~new,58,pr392,True,True,4.2455050137096775,3.1162709637096775,,,load,high
0ed728c7-6289-4445-9170-8185ab8b01af,StandardLoad,load_1196~1,1196,pr84,False,True,0.776,0.776,,,load,high
60fc93c5-4327-446b-8208-eeafec110c45,StandardLoad,load_259~1,259,pr50,False,True,26.595999999999997,26.595999999999997,,,load,high
f5fa6bbe-90c0-4dde-b9d1-5db527cdf250,StandardLoad,load_905~1,905,pr50,False,True,0.95,0.95,,,load,high
be226f14-16cf-4e5c-ba3b-b6fbce3d5f24,StandardLoad,load_1047~1,1047,pr87,False,True,2.873,2.873,,,load,high
38adcba9-c8cf-485b-b906-30eb56016c5f,StandardLoad,Guayama_load_337~1_demand_proj~new,337,pr8,True,True,1.84132789,1.4528092990909092,,,load,high
d2b7c1c4-bb7f-496a-a9eb-4a18a292a2f1,StandardLoad,Trujillo Alto_load_175~1_demand_proj~new,175,pr175,True,True,5.96920140125,4.72877376,,,load,high
b6ff1d8f-1f1d-4981-a6fa-dae43d2cddea,StandardLoad,load_64~1,64,pr63,False,True,0.645,0.645,,,load,high
fd9bc650-1562-479d-b252-d31c80b9f149,StandardLoad,San Juan_load_529~1_demand_proj~new,529,pr86,True,True,4.2455050137096775,3.1162709637096775,,,load,high
56b0bc7d-3c67-4097-85f8-5bbc8ce4bb4b,StandardLoad,Barceloneta_load_343~1_demand_proj~new,343,pr343,True,True,2.86514471,2.1817538754545454,,,load,high
f2e40db3-1d25-4438-b10d-864771a842ab,StandardLoad,load_493~1,493,pr93,False,True,6.726,6.726,,,load,high
2d4c714f-ff8a-4827-a333-66ecd506ed71,StandardLoad,Ponce_load_474~1_demand_proj~new,474,pr3,True,True,2.7466712411764704,2.162378388235294,,,load,high
4a571b35-c7bb-4d32-b13f-278470a187d4,StandardLoad,Isabela_load_352~SL_demand_proj~new,352,pr352,True,True,2.96060590125,2.345122895,,,load,high
c0532598-bdc2-47fa-8f2d-3c4700b84d1f,StandardLoad,Mayagüez_load_677~1_demand_proj~new,677,pr231,True,True,3.375525496521739,2.61418767,,,load,high
c81fb9b3-47f7-461b-b3ab-98b0ef85aa8e,StandardLoad,load_366~1,366,pr3,False,True,0.477,0.477,,,load,high
82aed9a5-abd5-41d1-b5b5-bf1e68dcc77b,StandardLoad,load_759~1,759,pr10,False,True,0.399,0.399,,,load,high
a2a1bd06-ce8d-4d96-be1c-1ee68b6202c0,StandardLoad,Guayanilla_load_225~1_demand_proj~new,225,pr2,True,True,2.387760682,1.8710107328000003,,,load,high
b8f66334-6e8c-477d-8dd2-882664607a2c,StandardLoad,load_664~1,664,pr84,False,True,0.533,0.533,,,load,high
3a5e39aa-ed6d-4945-8ce7-1f7aa611459a,StandardLoad,load_295~1,295,pr18,False,True,4.181,4.181,,,load,high
2f143a7f-28ac-44c6-a0bc-b5db3b58ed7b,StandardLoad,load_279~1,279,pr3,False,True,2.882,2.882,,,load,high
ed0c68fe-c05f-43ec-a434-6357ef221456,StandardLoad,load_177~1,177,pr177,False,True,4.949,4.949,,,load,high
c36d5eaf-3586-4c1b-bb62-c04f9a39e304,StandardLoad,Las Piedras_load_425~1_demand_proj~new,425,pr234,True,True,2.2091729293333335,1.7617399426666667,,,load,high
3b3fd9ba-1a4c-4f70-a627-69c4c52a3fd9,StandardLoad,load_113~1,113,pr116,False,True,2.864,2.864,,,load,high
845f1f23-f40a-406f-add5-2f5bd39adf52,StandardLoad,Bayamón_load_913~1_demand_proj~new,913,pr45,True,True,3.8089114333333334,2.9982147755555553,,,load,high
4cba80b4-32c7-4b50-ac12-a2b2aa0324d5,StandardLoad,Caguas_load_922~1_demand_proj~new,922,pr21,True,True,5.0412909,3.99177401173913,,,load,high
40799b5a-432b-4aef-958d-e69637593623,StandardLoad,Guaynabo_load_1029~1_demand_proj~new,1029,pr87,True,True,4.96737684137931,3.925511120689655,,,load,high
4b576074-2b5d-4084-a690-371789aa35d4,StandardLoad,Mayagüez_load_112~1_demand_proj~new,112,pr116,True,True,3.375525496521739,2.61418767,,,load,high
d7bd3de0-9ab6-40b2-9154-9da8c06aeae8,StandardLoad,Rincón_load_293~1_demand_proj~new,293,pr231,True,True,1.7192154733333334,1.3609363643333332,,,load,high
54a95c9a-fd28-429e-ab05-f7fe210dbb3a,StandardLoad,load_224~1,224,pr21,False,True,-3.077,-3.077,,,load,high
1344ba8a-cc22-47cd-b649-6c66d431da2c,StandardLoad,Fajardo_load_717~1_demand_proj~new,717,pr18,True,True,2.7599555726666667,2.114202726,,,load,high
534349c9-5c24-4e23-a5f7-dec169ab0121,StandardLoad,load_963~1,963,pr82,False,True,0.009,0.009,,,load,high
facb0859-9691-4642-82f9-65219d48d4b4,StandardLoad,Río Grande_load_211~1_demand_proj~new,211,pr211,True,True,3.8016742533333328,2.998522042222222,,,load,high
5f1ece12-99a7-4671-8c2e-10c9c037145b,StandardLoad,load_505~1,505,pr116,False,True,0.317,0.317,,,load,high
2846ce90-a003-4ffa-a8dc-c1117c15de52,StandardLoad,load_560~1,560,pr211,False,True,0.061,0.061,,,load,high
101d647c-650a-4351-81d3-6a01738459c6,StandardLoad,load_749~1,749,pr21,False,True,0.048,0.048,,,load,high
ad42217e-42ac-469a-b72d-b53f6bf6194d,StandardLoad,load_1038~1,1038,pr335,False,True,0.874,0.874,,,load,high
48ba012a-b3f6-4f5a-87e1-869c62fd8ffb,StandardLoad,load_608~1,608,pr3,False,True,0.647,0.647,,,load,high
12a31584-2671-4dcc-ba60-e18bc0258d60,StandardLoad,Santa Isabel_load_652~1_demand_proj~new,652,pr296,True,True,1.7713124090909094,1.4194876254545457,,,load,high
9d37145c-8add-45f2-babc-efb657687cc3,StandardLoad,load_697~1,697,pr16,False,True,0.461,0.461,,,load,high
c4afdfb8-84d9-4b39-ac23-a1fbe953a691,StandardLoad,load_722~1,722,pr87,False,True,0.07,0.07,,,load,high
52ba82d1-b698-4940-b21c-f3128284c41c,StandardLoad,San Juan_load_242~1_demand_proj~new,242,pr87,True,True,4.2455050137096775,3.1162709637096775,,,load,high
bc76f358-b4df-43e7-9a19-e7043c855669,StandardLoad,Aguadilla_load_611~1_demand_proj~new,611,pr100,True,True,3.218285664375,2.51482391125,,,load,high
051fb853-faf2-4e3f-b8b9-4fc698982876,StandardLoad,load_393~1,393,pr35,False,True,8.968,8.968,,,load,high
f48a88a1-6f48-45d2-8a59-c1b9d9edf39d,StandardLoad,Fajardo_load_1085~1_demand_proj~new,1085,pr18,True,True,2.7599555726666667,2.114202726,,,load,high
eaa56160-a860-4196-b31c-b839dede163f,StandardLoad,load_44~1,44,pr45,False,True,8.768,8.768,,,load,high
1017fbb0-68d6-4cbe-bc35-4efbba4db5ff,StandardLoad,Hatillo_load_1100~1_demand_proj~new,1100,pr335,True,True,2.7178737566666666,2.1420876699999996,,,load,high
b7a3f7c9-d001-40e2-913f-283bf11f535a,StandardLoad,load_655~1,655,pr21,False,True,5.386,5.386,,,load,high
e13bbb34-4320-4a27-ac1f-8e8d857904eb,StandardLoad,load_474~1,474,pr3,False,True,0.05099999999999999,0.05099999999999999,,,load,high
95228156-11c0-413f-a11a-7744b8e218c6,StandardLoad,Salinas_load_807~1_demand_proj~new,807,pr106,True,True,0.871347092,0.6882953135000001,,,load,high
ad1c7408-c38f-426b-b839-2d1b20fa196e,StandardLoad,Mayagüez_load_70~1_demand_proj~new,70,pr29,True,True,3.375525496521739,2.61418767,,,load,high
dc2395ad-8b68-42f5-bd19-aef35525cb5e,StandardLoad,load_901~1,901,pr87,False,True,0.394,0.394,,,load,high
005b9eb2-ae87-4be7-8347-7d0008de3292,StandardLoad,load_95~1,95,pr93,False,True,8.989,8.989,,,load,high
1630c856-eac3-4ef6-8a2c-b3dd710e8101,StandardLoad,San Lorenzo_load_194~1_demand_proj~new,194,pr234,True,True,2.55329710875,2.0573470075,,,load,high
8c8095d1-3bc7-4f49-8acf-7dc68b8849a1,StandardLoad,Manatí_load_1139~1_demand_proj~new,1139,pr153,True,True,3.2691944917647056,2.4881356388235294,,,load,high
9618c2e2-6bad-4ea7-9db9-25ed5664d69c,StandardLoad,Guayama_load_640~1_demand_proj~new,640,pr8,True,True,1.84132789,1.4528092990909092,,,load,high
7c4746d0-5369-490c-a335-b94771445012,StandardLoad,Vega Alta_load_776~1_demand_proj~new,776,pr41,True,True,2.92560168375,2.3293106,,,load,high
ab1758dc-30b0-4a35-99d9-c6341e50c96f,StandardLoad,San Juan_load_1205~1_demand_proj~new,1205,pr84,True,True,4.2455050137096775,3.1162709637096775,,,load,high
503431bf-586c-427c-9423-c6625b30b3aa,StandardLoad,Bayamón_load_735~1_demand_proj~new,735,pr45,True,True,3.8089114333333334,2.9982147755555553,,,load,high
891e6f7a-1ca2-4312-8fb3-75b9365f2641,StandardLoad,Cayey_load_931~1_demand_proj~new,931,pr10,True,True,2.6816598480000002,2.0256521513333334,,,load,high
a314473d-6825-404d-bed5-beb09a718328,StandardLoad,load_716~1,716,pr153,False,True,0.23799999999999996,0.23799999999999996,,,load,high
164d88ae-464d-4238-87c2-f2efb17cccbe,StandardLoad,Yabucoa_load_185~1_demand_proj~new,185,pr185,True,True,2.4504860216666664,1.9522838349999998,,,load,high
f79f9457-cf1b-4058-b447-2971912ed4ea,StandardLoad,Loíza_SANFERMIN   -97032_demand_proj~new,97032,pr82,True,True,1.636761164333333,1.3077864011666667,,,load,high
e280ba9d-436b-4ae9-a8ae-b2e39172b939,StandardLoad,Maricao_load_77~1_demand_proj~new,77,pr29,True,True,1.4097160649999998,1.0677946063333332,,,load,high
9c380232-cfc7-4c0b-80e6-d0bdc5275ba2,StandardLoad,Caguas_load_499~1_demand_proj~new,499,pr21,True,True,5.0412909,3.99177401173913,,,load,high
60cd031f-7529-4746-8f5c-3494deb96e02,StandardLoad,load_586~1,586,pr40,False,True,0.044,0.044,,,load,high
b215697c-c946-41cd-87af-385f0ce1d3a5,StandardLoad,load_823~1,823,pr106,False,True,0.2,0.2,,,load,high
95b222c2-9540-400b-8b60-47b46c2a93bf,StandardLoad,load_42~1,42,pr41,False,True,6.045,6.045,,,load,high
fc9fe120-9487-4f2c-b97b-0cb9be9bb552,StandardLoad,Villalba_load_543~1_demand_proj~new,543,pr213,True,True,1.8591589557142856,1.4980665314285713,,,load,high
25a27b9f-1184-47bc-9b2b-ba5d5d13ea89,StandardLoad,Lares_load_393~1_demand_proj~new,393,pr35,True,True,3.9137988066666662,3.078772357,,,load,high
7de392c2-0e3c-46c8-90f2-c1f4ab27fe30,StandardLoad,load_79~1,79,pr87,False,True,1.122,1.122,,,load,high
b73b004d-1e56-4ebb-9d2b-b0b1417d78b5,StandardLoad,Carolina_load_173~1_demand_proj~new,173,pr85,True,True,5.546111667741935,4.38885534516129,,,load,high
8b70faf1-a9d3-4525-8c95-308948406d75,StandardLoad,load_22~1,22,pr21,False,True,3.7350000000000003,3.7350000000000003,,,load,high
5c17b946-67d0-41fa-bb15-a42fa95a638e,StandardLoad,Toa Baja_load_933~1_demand_proj~new,933,pr378,True,True,3.129731799411765,2.522868304117647,,,load,high
adb0151c-511d-452f-93a3-a088e9cdb6e3,StandardLoad,Carolina_load_682~1_demand_proj~new,682,pr85,True,True,5.546111667741935,4.38885534516129,,,load,high
fc59c9fe-e2ae-4774-b970-6fcc524bfbf3,StandardLoad,load_604~1,604,pr378,False,True,0.514,0.514,,,load,high
f05ad83c-a79c-4323-b19b-5b5245d0385b,StandardLoad,load_933~1,933,pr378,False,True,0.231,0.231,,,load,high
eabe1ca5-25b4-4ccb-9153-7a6996b2488d,StandardLoad,load_674~1,674,pr231,False,True,0.9990000000000001,0.9990000000000001,,,load,high
c0cb2ab9-c5a0-4947-8441-3866e1ff049f,StandardLoad,load_1188~1,1188,pr86,False,True,0.174,0.174,,,load,high
97cf90c4-9e41-4b29-9c69-c9140bbbc39e,StandardLoad,San Lorenzo_load_537~1_demand_proj~new,537,pr234,True,True,2.55329710875,2.0573470075,,,load,high
183d9d5d-337e-4557-9a4f-1ebcbee79e8e,StandardLoad,San Juan_load_53~1_demand_proj~new,53,pr84,True,True,4.2455050137096775,3.1162709637096775,,,load,high
2146dc30-382b-4698-b18e-c527e534141b,StandardLoad,load_787~1,787,pr234,False,True,0.545,0.545,,,load,high
46181e77-0bf7-4c95-82f9-0c7b177fc8df,StandardLoad,San Sebastián_load_35~1_demand_proj~new,35,pr35,True,True,5.0714426425,3.98891388,,,load,high
43613066-4c28-4319-8b73-cc80923906df,StandardLoad,Guaynabo_load_416~1_demand_proj~new,416,pr45,True,True,4.96737684137931,3.925511120689655,,,load,high
865ec644-be1d-48ce-9ce6-376d46a14a60,StandardLoad,load_199~1,199,pr21,False,True,5.123,5.123,,,load,high
c89b7acb-34e9-46bb-9128-098277ff6816,StandardLoad,load_920~1,920,pr50,False,True,0.243,0.243,,,load,high
f1da95e6-754e-4d4c-b7e4-903e4735331b,StandardLoad,load_136~1,136,pr84,False,True,19.739,19.739,,,load,high
865198ca-8184-4511-ab20-a2b7b2124f7b,StandardLoad,Fajardo_load_777~1_demand_proj~new,777,pr18,True,True,2.7599555726666667,2.114202726,,,load,high
1d0e8734-6456-4fc7-9f0d-ec51d18c643d,StandardLoad,Utuado_load_1045~1_demand_proj~new,1045,pr38,True,True,2.2832144149999998,1.7922246216666666,,,load,high
e8b7d78f-87b3-4868-b47f-48058fc092f5,StandardLoad,San Lorenzo_load_936~1_demand_proj~new,936,pr234,True,True,2.55329710875,2.0573470075,,,load,high
a72ac27e-5a3c-440b-b181-6669ac134ee8,StandardLoad,Dorado_load_92~1_demand_proj~new,92,pr93,True,True,3.944152446666666,3.2089917466666664,,,load,high
be0e8ba9-3189-4fc0-b6ac-3c0acb00a00b,StandardLoad,load_601~1,601,pr93,False,True,0.385,0.385,,,load,high
ca3cc2b8-d9f0-40d7-b566-a1135b73e40b,StandardLoad,Juana Díaz_load_678~1_demand_proj~new,678,pr313,True,True,3.2169329574999996,2.6340751308333332,,,load,high
d51ff733-773d-40b8-ad52-9e509bdf7e2d,StandardLoad,Ponce_load_924~1_demand_proj~new,924,pr3,True,True,2.7466712411764704,2.162378388235294,,,load,high
52204272-8368-47db-92fe-3db79485923e,StandardLoad,load_698~1,698,pr16,False,True,0.052,0.052,,,load,high
4b2a989d-2c95-4fc3-9235-eb5b3dd369fd,StandardLoad,Guaynabo_load_920~1_demand_proj~new,920,pr50,True,True,4.96737684137931,3.925511120689655,,,load,high
36dd976f-31ab-4194-b430-0012de17e540,StandardLoad,load_742~1,742,pr87,False,True,0.44,0.44,,,load,high
2159370b-33c9-4376-a066-0383365046eb,StandardLoad,load_266~1,266,pr266,False,True,7.661999999999999,7.661999999999999,,,load,high
70546412-a528-4c9f-a671-3cb88a922d49,StandardLoad,load_1169~1,1169,pr38,False,True,0.148,0.148,,,load,high
876f31b6-6018-4898-83c3-57a717a33f68,StandardLoad,load_498~1,498,pr45,False,True,1.019,1.019,,,load,high
19749bec-3a19-494b-85bd-d4b7264b1e68,StandardLoad,San Sebastián_load_679~1_demand_proj~new,679,pr35,True,True,5.0714426425,3.98891388,,,load,high
e0a72528-e688-430a-b30b-1e479f3413cb,StandardLoad,Cidra_load_431~1_demand_proj~new,431,pr10,True,True,2.06491981,1.6755519446153846,,,load,high
ec19211b-0b1d-4ab8-b52c-dc4f330b8b16,StandardLoad,San Germán_load_427~1_demand_proj~new,427,pr169,True,True,1.4123277133333334,1.1206812213333333,,,load,high
a3299851-46a8-448e-92a5-72862a3ac308,StandardLoad,load_143~1,143,pr169,False,True,4.746,4.746,,,load,high
93c3c67e-01fc-473f-8c7e-a96155973a64,StandardLoad,Humacao_load_763~1_demand_proj~new,763,pr14,True,True,2.659779135769231,2.0889401965384615,,,load,high
038f03ff-03db-4df5-8809-3e7223638fd0,StandardLoad,load_200~1,200,pr21,False,True,6.225,6.225,,,load,high
a373dc7c-5339-4a32-8842-7fd7ff9ee480,StandardLoad,load_777~1,777,pr18,False,True,0.292,0.292,,,load,high
afb6f888-3f44-438c-b38b-854f7aed17cc,StandardLoad,load_643~1,643,pr18,False,True,1.9009999999999998,1.9009999999999998,,,load,high
07e3c9bf-668c-4dd6-bfaf-33a87e584023,StandardLoad,Añasco_load_516~1_demand_proj~new,516,pr231,True,True,6.634143719999999,5.298361623333333,,,load,high
aff11b6c-7a30-42e5-b161-b6ce5a3683ec,StandardLoad,Manatí_load_452~1_demand_proj~new,452,pr452,True,True,3.2691944917647056,2.4881356388235294,,,load,high
c1cabf1b-e6f7-47d2-afe3-75f6aab4b44a,StandardLoad,Vega Baja_load_606~1_demand_proj~new,606,pr41,True,True,4.177719204000001,3.421581247000001,,,load,high
5b5a9f29-6549-4c23-9b88-b08d9976d79c,StandardLoad,load_1083~1,1083,pr32,False,True,0.4699999999999999,0.4699999999999999,,,load,high
dcdc8c0c-f0fa-40df-9544-2a5302c9a73b,StandardLoad,load_417~1,417,pr234,False,True,5.131,5.131,,,load,high
f1404b51-3c0a-4a54-aeb7-340980d13caf,StandardLoad,load_73~1,73,pr29,False,True,1.469,1.469,,,load,high
2fdc7165-662d-4596-9c90-9e9e1595d4cc,StandardLoad,Barceloneta_load_292~1_demand_proj~new,292,pr102,True,True,2.86514471,2.1817538754545454,,,load,high
3a08da11-b818-4b30-897c-26b33561825e,StandardLoad,load_352~SL,352,pr352,False,True,40.0,40.0,,,load,high
f58b583d-22ea-4a9d-8e91-f8d83ad7ea84,StandardLoad,San Juan_load_523~1_demand_proj~new,523,pr85,True,True,4.2455050137096775,3.1162709637096775,,,load,high
e0d025cb-e4d5-4f1e-b5f4-b11eacdac897,StandardLoad,Juana Díaz_load_631~1_demand_proj~new,631,pr313,True,True,3.2169329574999996,2.6340751308333332,,,load,high
da86d4a4-ca28-4c08-932e-908b366bdef2,StandardLoad,Ponce_load_4~SL_demand_proj~new,4,pr3,True,True,2.7466712411764704,2.162378388235294,,,load,high
05a76c23-c8f2-4dab-8850-749113b63b2e,StandardLoad,load_254~1,254,pr101,False,True,1.9,1.9,,,load,high
32b5776d-0d07-4b7d-940a-2d721985160f,StandardLoad,load_234~1,234,pr234,False,True,9.219,9.219,,,load,high
e7fbecb9-bed7-428b-985c-1b06e5cd6a6b,StandardLoad,Trujillo Alto_load_982~1_demand_proj~new,982,pr85,True,True,5.96920140125,4.72877376,,,load,high
2dad770d-0cbd-455c-9002-1586691e7881,StandardLoad,Vega Baja_load_753~1_demand_proj~new,753,pr41,True,True,4.177719204000001,3.421581247000001,,,load,high
944297d9-940e-4de5-8423-c48fea19b9f3,StandardLoad,load_618~1,618,pr87,False,True,1.355,1.355,,,load,high
04b2af04-6320-41fb-9822-54229ac84ead,StandardLoad,load_806~1,806,pr96,False,True,17.0,17.0,,,load,high
7142c4bd-3bb5-44ab-ae7a-98dca18c4c36,StandardLoad,load_185~1,185,pr185,False,True,1.31,1.31,,,load,high
d98d7c89-f980-426b-8000-a6b36c1da203,StandardLoad,Hatillo_load_554~1_demand_proj~new,554,pr335,True,True,2.7178737566666666,2.1420876699999996,,,load,high
f6502f5e-1a48-46aa-9f6c-cbde76427bb2,StandardLoad,load_614~1,614,pr18,False,True,0.686,0.686,,,load,high
a6e97f31-14bb-4e78-becb-28e114b7ea6e,StandardLoad,load_510~1,510,pr29,False,True,1.6920000000000002,1.6920000000000002,,,load,high
a768e965-eef9-40e3-a078-4d415fdbf939,StandardLoad,load_966~1,966,pr234,False,True,0.22599999999999998,0.22599999999999998,,,load,high
89ebed4d-63ff-47aa-8a4f-9bae18332113,StandardLoad,load_225~1,225,pr2,False,True,4.8,4.8,,,load,high
f3278efc-50b2-44ac-b445-1efbfa06513d,StandardLoad,load_15~1,15,pr14,False,True,7.844999999999999,7.844999999999999,,,load,high
7320d943-3b8e-4905-9853-0c8e7fcb6471,StandardLoad,Vega Alta_load_594~1_demand_proj~new,594,pr93,True,True,2.92560168375,2.3293106,,,load,high
58a85a99-388b-4ecf-91e7-b00e9d438214,StandardLoad,load_280~1,280,pr280,False,True,23.108,23.108,,,load,high
27c182d1-6624-4345-848b-158d068ea4ac,StandardLoad,Bayamón_load_1114~1_demand_proj~new,1114,pr378,True,True,3.8089114333333334,2.9982147755555553,,,load,high
321faa55-71de-4a9d-bd86-521da8441d43,StandardLoad,San Juan_load_161~1_demand_proj~new,161,pr84,True,True,4.2455050137096775,3.1162709637096775,,,load,high
ec7fc22b-7fe7-4021-aa1e-28cee01bfacd,StandardLoad,San Juan_load_140~1_demand_proj~new,140,pr87,True,True,4.2455050137096775,3.1162709637096775,,,load,high
367423f5-0e9f-4378-b68c-1a6c975dc4d9,StandardLoad,load_61~1,61,pr86,False,True,17.726,17.726,,,load,high
e910992a-8167-478f-a392-17646f8d3934,StandardLoad,load_992~1,992,pr93,False,True,0.334,0.334,,,load,high
09b436e4-9fdc-4a20-bd4a-11300cf7077e,StandardLoad,load_194~1,194,pr234,False,True,7.37,7.37,,,load,high
3f22c86c-41f6-43b9-85d9-60ad1f2e10c2,StandardLoad,load_392~1,392,pr392,False,True,21.8,21.8,,,load,high
756c5240-54cc-4db9-ba06-247a6819a94b,StandardLoad,load_565~1,565,pr84,False,True,1.204,1.204,,,load,high
74921f97-c353-4055-8848-c088d8acd300,StandardLoad,Barranquitas_load_1184~1_demand_proj~new,1184,pr353,True,True,5.974772315,4.711209889,,,load,high
7b230a87-2ea7-4cfc-aa6c-51bbf55afba7,StandardLoad,Ponce_load_466~SL_demand_proj~new,466,pr103,True,True,2.7466712411764704,2.162378388235294,,,load,high
20bf098f-e69d-4c59-8c8e-104f668d0ef5,StandardLoad,load_917~1,917,pr45,False,True,0.004,0.004,,,load,high
77856695-71fd-499f-b6cc-189c57b00125,StandardLoad,Mayagüez_load_68~1_demand_proj~new,68,pr29,True,True,3.375525496521739,2.61418767,,,load,high
fa103757-69bc-48c3-aed7-513e0a45b6ae,StandardLoad,Guayama_load_283~1_demand_proj~new,283,pr8,True,True,1.84132789,1.4528092990909092,,,load,high
c9367228-ec04-4887-8aa2-bda385534681,StandardLoad,load_980~1,980,pr10,False,True,0.43,0.43,,,load,high
306a011a-9930-4949-8d09-7693c7118bb5,StandardLoad,Cabo Rojo_load_672~1_demand_proj~new,672,pr116,True,True,2.990703023,2.384224996,,,load,high
8a855c5d-ed78-4436-8b6a-50c38d096ee1,StandardLoad,load_70~1,70,pr29,False,True,14.417,14.417,,,load,high
19c86355-25e3-4bb7-aadc-69c6f6f12703,StandardLoad,load_553~1,553,pr84,False,True,1.261,1.261,,,load,high
8fcb6f98-4d45-47c7-9f95-b15355e7d345,StandardLoad,load_1150~1,1150,pr29,False,True,0.27,0.27,,,load,high
1a7a5eef-2538-469b-958d-bb3824b4026f,StandardLoad,load_405~1,405,pr153,False,True,0.009,0.009,,,load,high
13695c8e-4b03-4a44-88fa-a0bf356c0b9e,StandardLoad,load_516~1,516,pr231,False,True,3.865,3.865,,,load,high
2dcc2983-d3c1-4d71-a869-79196a61712e,StandardLoad,load_936~1,936,pr234,False,True,0.42,0.42,,,load,high
0cc1c9f6-3ced-420b-9988-53b7a3997ba1,StandardLoad,San Juan_load_217~1_demand_proj~new,217,pr84,True,True,4.2455050137096775,3.1162709637096775,,,load,high
ecc0ab0d-855d-415f-835c-05ae42f0a589,StandardLoad,Naguabo_load_596~1_demand_proj~new,596,pr16,True,True,2.128323861428571,1.6920299114285715,,,load,high
50156f6b-e928-4c5f-8db3-b35c5526805f,StandardLoad,load_499~1,499,pr21,False,True,4.051,4.051,,,load,high
82865184-3389-4a4a-bcd0-a9343cd2e4e7,StandardLoad,load_271~1,271,pr271,False,True,0.11,0.11,,,load,high
20458c38-802b-48c0-90f9-695f53adf6cc,StandardLoad,Aguada_load_1015~1_demand_proj~new,1015,pr32,True,True,3.8263004080000003,3.018286924,,,load,high
7e6738ec-41bd-4f18-b50e-4ebf697d6870,StandardLoad,load_413~1,413,pr16,False,True,0.64,0.64,,,load,high
e815cc5f-bf86-4388-8f63-287aabea0912,StandardLoad,Cidra_load_978~1_demand_proj~new,978,pr10,True,True,2.06491981,1.6755519446153846,,,load,high
f930d052-2b2e-4185-9f8e-b3e51a67a450,StandardLoad,load_286~1,286,pr8,False,True,3.2029999999999994,3.2029999999999994,,,load,high
d43f1a2d-3681-4dce-84f2-33e8245edb45,StandardLoad,load_250~1,250,pr10,False,True,6.147,6.147,,,load,high
b710841c-5c80-4d9f-b961-d273b14421d8,StandardLoad,load_264~1,264,pr102,False,True,4.311,4.311,,,load,high
8275ef5e-2eb8-42a2-ab53-5990175940ee,StandardLoad,load_1184~1,1184,pr353,False,True,4.5,4.5,,,load,high
84c64b46-7953-4d5c-a2e3-1200efef7e9f,StandardLoad,load_157~1,157,pr87,False,True,1.931,1.931,,,load,high
7c098303-e4bc-46bd-97ac-cfd71cd6055a,StandardLoad,Corozal_load_83~1_demand_proj~new,83,pr83,True,True,7.620873845000001,6.06266971,,,load,high
66cf0a0c-2f9e-4028-a90a-0d5760971ebb,StandardLoad,Maricao_load_510~1_demand_proj~new,510,pr29,True,True,1.4097160649999998,1.0677946063333332,,,load,high
15918873-a4af-41cd-aaee-050d8a3dcf46,StandardLoad,load_257~1,257,pr86,False,True,6.718,6.718,,,load,high
38ff8a56-8f6d-417a-9ea5-9b3a08914063,StandardLoad,San Juan_load_123~1_demand_proj~new,123,pr84,True,True,4.2455050137096775,3.1162709637096775,,,load,high
c7b1c10d-9dd4-455e-befc-b5177d52aca7,StandardLoad,Rincón_load_1037~1_demand_proj~new,1037,pr231,True,True,1.7192154733333334,1.3609363643333332,,,load,high
b7de8d02-13b4-47af-83a6-e311381ab139,StandardLoad,Naguabo_load_413~1_demand_proj~new,413,pr16,True,True,2.128323861428571,1.6920299114285715,,,load,high
603ed4f9-ed53-46ca-8596-23dfb69b9f3d,StandardLoad,load_694~SL,694,pr313,False,True,8.0,8.0,,,load,high
9dc5462f-fb82-4342-b8a7-d2ba2d25c738,StandardLoad,load_1022~1,1022,pr14,False,True,0.147,0.147,,,load,high
e9bdad77-a22b-4353-a673-cc3345d7f0e8,StandardLoad,load_201~1,201,pr21,False,True,6.477000000000001,6.477000000000001,,,load,high
936f20a2-bd04-4e73-b5a2-637482fb20f3,StandardLoad,Ponce_load_197~1_demand_proj~new,197,pr313,True,True,2.7466712411764704,2.162378388235294,,,load,high
597c33be-f166-4e4f-abc8-c7348e284e43,StandardLoad,Bayamón_load_734~1_demand_proj~new,734,pr45,True,True,3.8089114333333334,2.9982147755555553,,,load,high
1eaa1142-5966-47fa-8c8e-c70176d9eb3e,StandardLoad,load_736~1,736,pr45,False,True,0.274,0.274,,,load,high
0e69f02d-6a02-42cd-95c0-8f0621935610,StandardLoad,Peñuelas_load_1175~1_demand_proj~new,1175,pr2,True,True,1.6820572242857144,1.3528431705714283,,,load,high
7558556b-8d16-424e-a95a-107baab00c2c,StandardLoad,Humacao_load_768~1_demand_proj~new,768,pr14,True,True,2.659779135769231,2.0889401965384615,,,load,high
67383991-82ff-449a-8ce0-a45d3302a799,StandardLoad,Toa Baja_load_599~1_demand_proj~new,599,pr93,True,True,3.129731799411765,2.522868304117647,,,load,high
686d8844-1596-4945-92df-3151f6227e2e,StandardLoad,Juncos_load_234~1_demand_proj~new,234,pr234,True,True,5.828623982857143,4.609125252857143,,,load,high
51b4af18-7525-4d22-a9ec-3bf8fc78e87e,StandardLoad,load_551~1,551,pr85,False,True,0.087,0.087,,,load,high
9a8991df-b2eb-4ede-928a-c46709bdbf1d,StandardLoad,San Sebastián_load_34~1_demand_proj~new,34,pr35,True,True,5.0714426425,3.98891388,,,load,high
465f46b0-6371-4701-afb9-c4e4e86e9544,StandardLoad,Sabana Grande_load_317~1_demand_proj~new,317,pr169,True,True,2.466167444,1.9868205144000002,,,load,high
cf953f4b-3ed6-4bf5-95a2-2acbf01ec37a,StandardLoad,load_974~1,974,pr29,False,True,1.844,1.844,,,load,high
0af255ab-797e-428a-928c-d7c261b7f944,StandardLoad,Barceloneta_load_1092~1_demand_proj~new,1092,pr102,True,True,2.86514471,2.1817538754545454,,,load,high
c9d9ba7e-f168-40b7-a119-2b815766fdad,StandardLoad,load_1094~1,1094,pr378,False,True,0.154,0.154,,,load,high
3d99a474-20f8-451a-b768-4b4d4fa74652,StandardLoad,load_597~1,597,pr296,False,True,0.765,0.765,,,load,high
62ba3452-7d16-4c38-a028-0080f916d14d,StandardLoad,Humacao_load_764~1_demand_proj~new,764,pr14,True,True,2.659779135769231,2.0889401965384615,,,load,high
04ef4f4f-bb10-40a8-aa37-6e5c097e74c7,StandardLoad,load_1099~1,1099,pr2,False,True,0.738,0.738,,,load,high
04c8d966-9345-4aed-827d-987bb2995fd6,StandardLoad,San Juan_load_664~1_demand_proj~new,664,pr84,True,True,4.2455050137096775,3.1162709637096775,,,load,high
e594f27b-6274-4d94-9582-f14e12a09ed4,StandardLoad,load_805~1,805,pr96,False,True,15.8,15.8,,,load,high
294952b0-d488-402b-8871-06ea896bf96f,StandardLoad,Cidra_load_261~1_demand_proj~new,261,pr10,True,True,2.06491981,1.6755519446153846,,,load,high
42fce507-8a17-4954-b59e-2987789df8ef,StandardLoad,load_1080~1,1080,pr313,False,True,0.522,0.522,,,load,high
5d501541-11fe-46b7-bfac-42fdfeedc7a7,StandardLoad,San Juan_load_622~1_demand_proj~new,622,pr87,True,True,4.2455050137096775,3.1162709637096775,,,load,high
b6ebea7f-b3e6-443a-95ee-10976bfe20b7,StandardLoad,load_973~1,973,pr29,False,True,0.308,0.308,,,load,high
4589e9cf-ed41-4ddf-bd50-36a151463c46,StandardLoad,Bayamón_load_43~1_demand_proj~new,43,pr45,True,True,3.8089114333333334,2.9982147755555553,,,load,high
bd607de0-b782-4824-9900-76247dcb2f68,StandardLoad,load_708~1,708,pr378,False,True,0.265,0.265,,,load,high
4e17f1cd-6820-4e9c-aeac-106906db0acb,StandardLoad,load_712~1,712,pr3,False,True,0.9769999999999999,0.9769999999999999,,,load,high
e2c19d7a-b892-4c2d-ba37-51ea9d131ae8,StandardLoad,load_523~1,523,pr85,False,True,0.046,0.046,,,load,high
35d7765f-1b2f-420d-b1f5-23a4f7d90869,StandardLoad,Orocovis_load_1207~1_demand_proj~new,1207,pr353,True,True,4.4237536025,3.4836646065000005,,,load,high
323a8106-b4a5-4fcf-a617-307d08f010f5,StandardLoad,load_649~1,649,pr41,False,True,0.693,0.693,,,load,high
360b0827-4b0c-4194-bb59-c96b6b5d3131,StandardLoad,load_946~1,946,pr87,False,True,0.035,0.035,,,load,high
92b3d6f2-0426-4618-9786-fd3a86dcc2bd,StandardLoad,Vega Alta_load_991~1_demand_proj~new,991,pr93,True,True,2.92560168375,2.3293106,,,load,high
88894f47-103e-4338-949c-425b148ba566,StandardLoad,load_242~1,242,pr87,False,True,8.882,8.882,,,load,high
af893807-f498-4ee0-aa06-8bab914c60ae,StandardLoad,load_953~1,953,pr63,False,True,0.197,0.197,,,load,high
74a6337a-2fbd-425a-a9ee-b78bb787d5c8,StandardLoad,Guayama_load_756~1_demand_proj~new,756,pr8,True,True,1.84132789,1.4528092990909092,,,load,high
dd92aba7-db34-4aaf-a9ec-1429223f226c,StandardLoad,San Juan_load_144~1_demand_proj~new,144,pr87,True,True,4.2455050137096775,3.1162709637096775,,,load,high
0e613b4b-ff95-416c-8526-40c84124ca12,StandardLoad,load_160~1,160,pr50,False,True,2.734,2.734,,,load,high
1861dd92-12b8-4d44-a21b-5d70b5058a31,StandardLoad,load_182~1,182,pr82,False,True,10.259,10.259,,,load,high
e1a9e7a1-900d-4446-97eb-7b9da9acdeaa,StandardLoad,load_906~1,906,pr87,False,True,0.475,0.475,,,load,high
78581301-46b2-4704-b538-7c1f6ca41e48,StandardLoad,load_312~1,312,pr87,False,True,1.541,1.541,,,load,high
c65b34a7-ffca-4958-9dc2-b6fd895db9de,StandardLoad,load_1095~1,1095,pr21,False,True,0.283,0.283,,,load,high
b385e1a2-b4f5-4c76-8da1-495cdeda232c,StandardLoad,load_699~1,699,pr40,False,True,0.43099999999999994,0.43099999999999994,,,load,high
7e03baa6-e71c-4377-99ff-605aba612edb,StandardLoad,Fajardo_load_643~1_demand_proj~new,643,pr18,True,True,2.7599555726666667,2.114202726,,,load,high
c734ae15-bb8e-4e77-a003-15ceb3465642,StandardLoad,Cataño_load_710~1_demand_proj~new,710,pr87,True,True,2.6828104554545456,2.0192525872727276,,,load,high
635c10db-6af9-4a4d-b3ad-e6deaefc525d,StandardLoad,Ponce_load_162~1_demand_proj~new,162,pr3,True,True,2.7466712411764704,2.162378388235294,,,load,high
e4ec5140-ac5d-4e3a-858f-0e7401b9d77b,StandardLoad,load_172~1,172,pr45,False,True,0.462,0.462,,,load,high
a78bbe9a-0edc-4b37-8cea-2bb4039ffcff,StandardLoad,load_690~1,690,pr85,False,True,0.596,0.596,,,load,high
e499f39c-85fe-46d0-965b-24db47d2a1be,StandardLoad,Ponce_load_198~1_demand_proj~new,198,pr3,True,True,2.7466712411764704,2.162378388235294,,,load,high
bb409bc2-3222-499c-ad1d-f8a4177204af,StandardLoad,load_638~1,638,pr2,False,True,2.396,2.396,,,load,high
ad5a3adb-e715-4cd1-b170-19d94312f559,StandardLoad,Las Marías_LAS MARIAS  -369_demand_proj~new,369,pr35,True,True,3.000266765,2.368793421,,,load,high
fd37491f-e400-4f27-b690-a04ad03fbfa4,StandardLoad,load_911~1,911,pr296,False,True,1.378,1.378,,,load,high
1f186389-8314-4385-8a1c-d452ed4bfa24,StandardLoad,Ponce_load_732~1_demand_proj~new,732,pr3,True,True,2.7466712411764704,2.162378388235294,,,load,high
901c9986-b43b-4f9a-858d-07dd63a77de0,StandardLoad,Manatí_load_448~1_demand_proj~new,448,pr153,True,True,3.2691944917647056,2.4881356388235294,,,load,high
dc73a8fe-f461-4bc8-92d6-bbf93bfb7702,StandardLoad,load_119~1,119,pr169,False,True,2.684,2.684,,,load,high
27b4843d-bdcc-42fd-915c-3708da6d4076,StandardLoad,Gurabo_load_988~1_demand_proj~new,988,pr21,True,True,4.26697858,3.4889008025,,,load,high
dd3da88d-f8ad-4f85-ae06-e33aab7c2309,StandardLoad,load_1032~1,1032,pr234,False,True,0.094,0.094,,,load,high
4fb51020-a48c-4c5a-b44c-bd408d07613c,StandardLoad,load_235~1,235,pr169,False,True,3.37,3.37,,,load,high
59f80814-923b-45f6-a9b5-341c4a9b55ba,StandardLoad,Aguadilla_load_762~1_demand_proj~new,762,pr32,True,True,3.218285664375,2.51482391125,,,load,high
f29ec677-2ba6-464e-9227-7bd8a8a40c88,StandardLoad,San Juan_load_1041~1_demand_proj~new,1041,pr632,True,True,4.2455050137096775,3.1162709637096775,,,load,high
07adb4d0-6c53-46a3-81d1-691f440094ce,StandardLoad,Ponce_load_662~1_demand_proj~new,662,pr3,True,True,2.7466712411764704,2.162378388235294,,,load,high
0a685d4d-2647-4811-bf12-75ac82ce435d,StandardLoad,Ponce_load_279~1_demand_proj~new,279,pr3,True,True,2.7466712411764704,2.162378388235294,,,load,high
e08b3bef-cc20-41ff-8a4a-d03dfb228f0e,StandardLoad,Arecibo_load_167~1_demand_proj~new,167,pr167,True,True,2.4877650953125,1.973074855,,,load,high
736834a4-753f-4d19-abe5-b369141339d3,StandardLoad,load_238~1,238,pr16,False,True,6.880999999999999,6.880999999999999,,,load,high
efe5c3d0-76d3-46ce-9d19-a167ec3339c5,StandardLoad,Toa Alta_load_975~1_demand_proj~new,975,pr93,True,True,10.5362312975,8.3736135675,,,load,high
051e8c30-dd5d-4fd6-95b7-f40e3c1a6a20,StandardLoad,Ponce_load_394~1_demand_proj~new,394,pr3,True,True,2.7466712411764704,2.162378388235294,,,load,high
d10fbc89-18fa-41fd-92de-1bf1c28d68d6,StandardLoad,load_754~1,754,pr84,False,True,0.73,0.73,,,load,high
e8765246-e267-468e-a815-af8a1e238447,StandardLoad,Canóvanas_load_47~1_demand_proj~new,47,pr82,True,True,2.5950749772727275,2.0609296972727273,,,load,high
bd3d5af5-4f51-45be-a65b-6c8e2c452ec9,StandardLoad,Mayagüez_load_73~1_demand_proj~new,73,pr29,True,True,3.375525496521739,2.61418767,,,load,high
4a6a0862-49ed-4bfe-a74f-1adc261320e6,StandardLoad,load_600~1,600,pr10,False,True,0.755,0.755,,,load,high
cd5a4d35-39ac-4606-994c-297a8b4849f1,StandardLoad,Dorado_load_748~1_demand_proj~new,748,pr93,True,True,3.944152446666666,3.2089917466666664,,,load,high
9cd2c2de-54c3-4ae7-9716-c72d5515a67d,StandardLoad,Cayey_load_758~1_demand_proj~new,758,pr10,True,True,2.6816598480000002,2.0256521513333334,,,load,high
96d69e4f-87d3-4429-a557-a192bc5bf21f,StandardLoad,Vieques_load_1024~1_demand_proj~new,1024,pr101,True,True,1.8465265226666667,1.4743213123333332,,,load,high
6171859d-fc4d-4a80-a349-6ec1653514cc,StandardLoad,Cabo Rojo_load_484~1_demand_proj~new,484,pr116,True,True,2.990703023,2.384224996,,,load,high
b9007396-f74d-417c-a7a4-144d092922e4,StandardLoad,Canóvanas_load_347~1_demand_proj~new,347,pr82,True,True,2.5950749772727275,2.0609296972727273,,,load,high
f28e6ddf-1535-4812-ac72-d0a4754ae50f,StandardLoad,load_1138~1,1138,pr102,False,True,0.409,0.409,,,load,high
5ec115be-da9c-4dc4-81d0-0b4508274656,StandardLoad,load_765~1,765,pr41,False,True,0.574,0.574,,,load,high
3f69e52d-ee00-4319-96c0-3c6683508847,StandardLoad,Mayagüez_load_973~1_demand_proj~new,973,pr29,True,True,3.375525496521739,2.61418767,,,load,high
75e49ad1-76d8-443a-9e3e-0dd2162b8dae,StandardLoad,load_1024~1,1024,pr101,False,True,0.394,0.394,,,load,high
aaee6e3e-da40-4026-af32-7c037e5dc003,StandardLoad,Canóvanas_load_958~1_demand_proj~new,958,pr82,True,True,2.5950749772727275,2.0609296972727273,,,load,high
9041218d-8902-496f-9ad5-133a035043d0,StandardLoad,load_948~1,948,pr87,False,True,1.355,1.355,,,load,high
56205a1d-c8a5-4b16-af57-35564396f7e7,StandardLoad,Ceiba_load_616~1_demand_proj~new,616,pr101,True,True,1.4401926262,1.1455104348,,,load,high
c2e0c137-e1ae-43e7-8dd4-9c95aa2ec9e5,StandardLoad,load_641~1,641,pr8,False,True,2.055,2.055,,,load,high
f09d0a67-501d-4a93-882a-3c99e244319a,StandardLoad,Carolina_load_1203~1_demand_proj~new,1203,pr85,True,True,5.546111667741935,4.38885534516129,,,load,high
a05eb009-8b35-4701-9544-03ff132c5c59,StandardLoad,load_1009~1,1009,pr10,False,True,0.4050000000000001,0.4050000000000001,,,load,high
cd374a67-fdf2-4475-9540-c36fc6d2b074,StandardLoad,San Juan_load_915~1_demand_proj~new,915,pr21,True,True,4.2455050137096775,3.1162709637096775,,,load,high
99778bdc-d67b-4ed3-8fc2-8ce4098ea00c,StandardLoad,load_503~1,503,pr29,False,True,0.305,0.305,,,load,high
4a77bbfa-f26c-4ce3-b298-30e7dec5e6af,StandardLoad,Bayamón_load_172~1_demand_proj~new,172,pr45,True,True,3.8089114333333334,2.9982147755555553,,,load,high
bf7755b8-f334-43ce-b184-da63976d9a56,StandardLoad,load_622~1,622,pr87,False,True,1.135,1.135,,,load,high
942e24d7-7a9e-4522-861c-3ae02bcb5b4b,StandardLoad,load_550~1,550,pr85,False,True,0.737,0.737,,,load,high
67355c2c-4a72-4ffa-ade6-09f8c42f6ecd,StandardLoad,load_706~1,706,pr378,False,True,0.171,0.171,,,load,high
9e38b975-766c-4c75-9c84-464d3d61e939,StandardLoad,load_689~1,689,pr85,False,True,0.043,0.043,,,load,high
1a43cf24-7bcc-4cce-9939-89ad6ccd44df,StandardLoad,load_1157~1,1157,pr8,False,True,1.814,1.814,,,load,high
d7a50932-c61d-4609-b614-96c5020589dd,StandardLoad,load_611~1,611,pr100,False,True,0.11299999999999999,0.11299999999999999,,,load,high
74fa691b-7904-49fc-98f3-1b4b76bf3e2e,StandardLoad,Fajardo_load_295~SL_demand_proj~new,295,pr18,True,True,2.7599555726666667,2.114202726,,,load,high
a674be95-8211-41a4-b3d6-f57333ba2ca7,StandardLoad,Arecibo_load_1137~1_demand_proj~new,1137,pr40,True,True,2.4877650953125,1.973074855,,,load,high
5ad860de-34a2-4306-8688-08086c2127c7,StandardLoad,load_28~1,28,pr29,False,True,0.42,0.42,,,load,high
b170d55e-7d2f-4517-bcf1-7412f1ed8f3d,StandardLoad,Canóvanas_load_364~1_demand_proj~new,364,pr82,True,True,2.5950749772727275,2.0609296972727273,,,load,high
7d048db5-dc56-4a3e-b208-7459155a097d,StandardLoad,Vega Baja_load_1151~1_demand_proj~new,1151,pr41,True,True,4.177719204000001,3.421581247000001,,,load,high
a6a87bf3-cb48-4fe6-b4d2-282c4870b79d,StandardLoad,Culebra_load_254~1_demand_proj~new,254,pr101,True,True,2.401565196,1.9053611669999997,,,load,high
1eba096e-ab2b-45fc-95dc-e4fa76da144c,StandardLoad,San Juan_load_666~1_demand_proj~new,666,pr50,True,True,4.2455050137096775,3.1162709637096775,,,load,high
eb91cf5c-eee2-4bab-b6e7-a9849ecca98e,StandardLoad,San Juan_load_977~1_demand_proj~new,977,pr84,True,True,4.2455050137096775,3.1162709637096775,,,load,high
5bbaad01-2a2c-4660-b59f-27c2c735d79e,StandardLoad,load_909~1,909,pr87,False,True,0.45199999999999996,0.45199999999999996,,,load,high
dae344f7-6815-490f-942e-a1add96c4216,StandardLoad,Mayagüez_load_673~1_demand_proj~new,673,pr116,True,True,3.375525496521739,2.61418767,,,load,high
2d22ecba-d3c0-4328-a8ed-b327b788ad71,StandardLoad,load_291~1,291,pr102,False,True,0.009,0.009,,,load,high
6d6ce7a6-b3fb-4db9-a565-89eb55b9b36b,StandardLoad,Humacao_load_375~1_demand_proj~new,375,pr14,True,True,2.659779135769231,2.0889401965384615,,,load,high
ef53b7ab-8335-4875-a466-5f34fa90f2a2,StandardLoad,Barceloneta_load_791~1_demand_proj~new,791,pr102,True,True,2.86514471,2.1817538754545454,,,load,high
c903b63d-880f-4725-8a0c-0af6da9becf8,StandardLoad,load_668~1,668,pr116,False,True,0.9399999999999998,0.9399999999999998,,,load,high
e1018e56-3f68-44b3-acbc-e9257fcd8e87,StandardLoad,load_158~1,158,pr84,False,True,0.78,0.78,,,load,high
cba00688-445f-4b0b-845b-3d2095f930fd,StandardLoad,load_241~1,241,pr87,False,True,8.607,8.607,,,load,high
33a53c44-b2d0-4537-b979-bd96ae790087,StandardLoad,load_1007~1,1007,pr87,False,True,0.348,0.348,,,load,high
8f8c5730-4e8a-47e3-8971-84f66553ef83,StandardLoad,load_692~1,692,pr313,False,True,4.06,4.06,,,load,high
4843e190-7a95-4dd0-b9bb-bfdc5ec19f82,StandardLoad,load_59~1,59,pr392,False,True,6.936000000000001,6.936000000000001,,,load,high
b2b5e8cc-4c8e-4166-99ac-d2f0da4ece6d,StandardLoad,load_790~1,790,pr45,False,True,0.368,0.368,,,load,high
7243c8a4-aa4f-46d8-9481-1e5a6fb579bd,StandardLoad,San Juan_load_900~1_demand_proj~new,900,pr87,True,True,4.2455050137096775,3.1162709637096775,,,load,high
2ef7efb3-b740-4116-a1a8-4552f56ab2bd,StandardLoad,load_776~1,776,pr41,False,True,0.017,0.017,,,load,high
0b497180-c382-48f0-9e19-dc41e96c2793,StandardLoad,Fajardo_load_779~1_demand_proj~new,779,pr18,True,True,2.7599555726666667,2.114202726,,,load,high
0b5f610b-0c95-4612-86a0-24368cb24001,StandardLoad,Bayamón_load_740~1_demand_proj~new,740,pr45,True,True,3.8089114333333334,2.9982147755555553,,,load,high
e5eafc49-91e1-4296-bd8b-ee80eefb301f,StandardLoad,load_595~1,595,pr93,False,True,0.377,0.377,,,load,high
97fc7c9e-51bf-4da4-91b2-2e45b53695c6,StandardLoad,load_740~1,740,pr45,False,True,1.01,1.01,,,load,high
32ad3948-c0f1-4efc-9821-b4afca51e9a5,StandardLoad,San Juan_load_501~1_demand_proj~new,501,pr50,True,True,4.2455050137096775,3.1162709637096775,,,load,high
8df18679-f351-4235-a8ab-32b6361adf41,StandardLoad,load_732~1,732,pr3,False,True,1.6920000000000002,1.6920000000000002,,,load,high
ba5e1d72-95e9-42b4-85d3-ac529b9991e4,StandardLoad,load_487~1,487,pr2,False,True,0.656,0.656,,,load,high
81b414ad-246e-4fd0-ad3f-590161c2e533,StandardLoad,Juana Díaz_load_81~1_demand_proj~new,81,pr313,True,True,3.2169329574999996,2.6340751308333332,,,load,high
c8cc559b-d204-4cc8-a0ea-91d669aec61d,StandardLoad,Arecibo_load_36~1_demand_proj~new,36,pr335,True,True,2.4877650953125,1.973074855,,,load,high
30499028-a29d-4c97-a481-6ee63fef913a,StandardLoad,load_82~SL,82,pr82,False,True,18.0,18.0,,,load,high
8ef4084a-0846-4c73-acd6-b23a2d77e755,StandardLoad,San Juan_load_909~1_demand_proj~new,909,pr87,True,True,4.2455050137096775,3.1162709637096775,,,load,high
9ee64626-7ef7-47df-b0a1-bfa39b9885c2,StandardLoad,San Juan_load_727~1_demand_proj~new,727,pr50,True,True,4.2455050137096775,3.1162709637096775,,,load,high
150d65d9-b95e-4336-b233-1ee4b712731e,StandardLoad,Guayanilla_load_488~1_demand_proj~new,488,pr2,True,True,2.387760682,1.8710107328000003,,,load,high
63ecbc9f-de21-46b0-9467-64f399a52444,StandardLoad,load_931~1,931,pr10,False,True,0.136,0.136,,,load,high
68f859ee-0b57-4b2c-a388-ca60a6c84123,StandardLoad,load_656~1,656,pr21,False,True,0.231,0.231,,,load,high
c5fcaf7e-860c-4faf-a9e9-3241c69e9a15,StandardLoad,Guayanilla_load_805~1_demand_proj~new,805,pr96,True,True,2.387760682,1.8710107328000003,,,load,high
654e8830-efef-47a8-8755-da1ebb6675a3,StandardLoad,Manatí_load_404~1_demand_proj~new,404,pr153,True,True,3.2691944917647056,2.4881356388235294,,,load,high
4defd776-8a83-4f10-b7b0-125fe648ba30,StandardLoad,Lares_load_1115~1_demand_proj~new,1115,pr38,True,True,3.9137988066666662,3.078772357,,,load,high
634a7471-4526-48dc-a715-615e7faa1bcb,StandardLoad,load_229~1,229,pr40,False,True,7.709,7.709,,,load,high
65f11d6a-9380-4533-9d87-886640515930,StandardLoad,load_1098~1,1098,pr335,False,True,0.613,0.613,,,load,high
6c2ae87b-eec2-46d5-a20a-b51ea2653f5c,StandardLoad,San Juan_load_154~1_demand_proj~new,154,pr87,True,True,4.2455050137096775,3.1162709637096775,,,load,high
14309ddc-c068-4f39-8875-edc81c30e334,StandardLoad,Caguas_load_309~1_demand_proj~new,309,pr21,True,True,5.0412909,3.99177401173913,,,load,high
19668f25-e8f0-4908-a357-3d08e89e1583,StandardLoad,load_900~1,900,pr87,False,True,0.718,0.718,,,load,high
aa071cdc-e0a4-4474-bdb5-0d7e92bbc275,StandardLoad,load_665~1,665,pr21,False,True,1.783,1.783,,,load,high
e27df196-3955-43c0-bef0-4a5f8dd21a83,StandardLoad,San Juan_load_542~1_demand_proj~new,542,pr84,True,True,4.2455050137096775,3.1162709637096775,,,load,high
d31b51cc-cfb5-4d0a-9d9d-9da62aa0a2f6,StandardLoad,load_453~1,453,pr21,False,True,0.409,0.409,,,load,high
678730fb-1e81-4f3a-bd3d-537bc65cb42e,StandardLoad,Humacao_load_15~1_demand_proj~new,15,pr14,True,True,2.659779135769231,2.0889401965384615,,,load,high
8e13d0e8-ad9a-42f1-a141-6b07679216b7,StandardLoad,Humacao_load_1022~1_demand_proj~new,1022,pr14,True,True,2.659779135769231,2.0889401965384615,,,load,high
89d137e8-95ee-440d-a662-199ba89acdfa,StandardLoad,load_69~1,69,pr50,False,True,8.454,8.454,,,load,high
fd627a37-15d6-4a2c-93ba-46cf26f01198,StandardLoad,load_910~1,910,pr234,False,True,0.252,0.252,,,load,high
b7052ce9-f8dc-42e3-bcd7-d4fcd3711212,StandardLoad,load_442~1,442,pr442,False,True,8.92,8.92,,,load,high
338f08e3-5039-40a0-b9cc-5f77b04e52ae,StandardLoad,Caguas_load_22~1_demand_proj~new,22,pr21,True,True,5.0412909,3.99177401173913,,,load,high
0728bbb7-1a4f-4c48-a878-6d7ab00d2c70,StandardLoad,Coamo_load_597~1_demand_proj~new,597,pr296,True,True,4.86615,3.8736385625,,,load,high
887ae76d-3991-4d90-aaa8-2dc30310346c,StandardLoad,Vega Alta_load_89~1_demand_proj~new,89,pr41,True,True,2.92560168375,2.3293106,,,load,high
54d9487b-7c90-4572-b67f-850f794ed7ef,StandardLoad,Utuado_load_1127~1_demand_proj~new,1127,pr38,True,True,2.2832144149999998,1.7922246216666666,,,load,high
1ce43256-0b84-42f1-b037-d0f38656a9d7,StandardLoad,load_770~1,770,pr3,False,True,0.8630000000000001,0.8630000000000001,,,load,high
fdf3b0fb-6cd4-4532-98ef-7345b06e742d,StandardLoad,load_632~1,632,pr632,False,True,17.2,17.2,,,load,high
210b3f09-5742-40e8-bf89-bf662956cccd,StandardLoad,Mayagüez_load_428~1_demand_proj~new,428,pr428,True,True,3.375525496521739,2.61418767,,,load,high
ee04b52f-4257-40d7-846a-3ad36d0ec977,StandardLoad,Moca_load_150~1_demand_proj~new,150,pr32,True,True,3.310628844,2.6365172500000003,,,load,high
96729fee-674e-4c86-bf92-934429150168,StandardLoad,load_394~1,394,pr3,False,True,0.045,0.045,,,load,high
6f098371-210e-4e45-b4dd-062b81e93734,StandardLoad,Carolina_load_1008~1_demand_proj~new,1008,pr82,True,True,5.546111667741935,4.38885534516129,,,load,high
9fc49666-ec7b-4c02-8e07-8c1d3e001829,StandardLoad,load_1034~1,1034,pr14,False,True,0.025,0.025,,,load,high
f0a34cbf-ffc5-4aaa-b6e3-759a6bf4125a,StandardLoad,load_545~1,545,pr545,False,True,28.023999999999997,28.023999999999997,,,load,high
a73f799e-7595-4811-b958-ad8cc1158990,StandardLoad,Isabela_load_433~1_demand_proj~new,433,pr100,True,True,2.96060590125,2.345122895,,,load,high
c766c52e-b241-4e8b-83b0-f23a7de06fe0,StandardLoad,load_815~1,815,pr88,False,True,6.2,6.2,,,load,high
aaced4d0-27f1-4b0a-80a4-0daa90ded9ca,StandardLoad,load_14~1,14,pr14,False,True,21.672,21.672,,,load,high
d090df7d-60fb-41ed-82cc-106afed337b5,StandardLoad,load_995~1,995,pr2,False,True,0.329,0.329,,,load,high
5a324d6e-251a-4990-b94e-15d52b7ecb50,StandardLoad,Cayey_load_483~1_demand_proj~new,483,pr10,True,True,2.6816598480000002,2.0256521513333334,,,load,high
5a09ba9f-1817-4b89-abe0-34dd5f5e8125,StandardLoad,load_684~1,684,pr85,False,True,0.709,0.709,,,load,high
67903ab6-3d72-408d-837b-1e336b5d05d8,StandardLoad,Río Grande_load_937~1_demand_proj~new,937,pr82,True,True,3.8016742533333328,2.998522042222222,,,load,high
f364de2c-ec50-42c6-8246-c4f408c88558,StandardLoad,load_707~1,707,pr378,False,True,0.017,0.017,,,load,high
28ac4b45-fbd8-4aa8-8b22-bd14546f014a,StandardLoad,Cidra_load_926~1_demand_proj~new,926,pr10,True,True,2.06491981,1.6755519446153846,,,load,high
f75b1e12-16b6-46b3-87b7-354498cdf710,StandardLoad,Toa Baja_load_932~1_demand_proj~new,932,pr378,True,True,3.129731799411765,2.522868304117647,,,load,high
3cd05808-7d1a-4b0c-9905-d5a18981ad55,StandardLoad,Carolina_load_1135~SL_demand_proj~new,1135,pr85,True,True,5.546111667741935,4.38885534516129,,,load,high
90855f47-e478-4adb-ae67-dabfc10d6045,StandardLoad,load_978~1,978,pr10,False,True,0.052,0.052,,,load,high
ad1fb72e-ba62-4c73-b4ae-78fce24f91c3,StandardLoad,Carolina_load_691~1_demand_proj~new,691,pr85,True,True,5.546111667741935,4.38885534516129,,,load,high
f4e4f074-ee30-4a82-9613-b30d61393c6a,StandardLoad,load_1205~1,1205,pr84,False,True,2.676,2.676,,,load,high
779a4223-d376-41ab-9d7a-e0f85a13117b,StandardLoad,Río Grande_load_556~1_demand_proj~new,556,pr82,True,True,3.8016742533333328,2.998522042222222,,,load,high
25a67993-cc45-4f70-8a91-13e2ecb6bd15,StandardLoad,load_825~1,825,pr106,False,True,0.215,0.215,,,load,high
864ec1e2-2442-4f76-90b0-10653b2e74bf,StandardLoad,load_832~1,832,pr106,False,True,0.2,0.2,,,load,high
f820d87c-674f-44dc-85ec-01cdfffe7c0f,StandardLoad,load_598~1,598,pr14,False,True,1.332,1.332,,,load,high
7e295258-3fb2-4d30-8e00-c39db40e663d,StandardLoad,Comerío_load_359~1_demand_proj~new,359,pr275,True,True,1.8073782984999998,1.4356669175,,,load,high
d75c8e3d-db1e-4fcf-8bf8-6942597551a9,StandardLoad,Bayamón_load_45~SL_demand_proj~new,45,pr45,True,True,3.8089114333333334,2.9982147755555553,,,load,high
ad99368f-9681-4564-bcba-e9386cd8e5ee,StandardLoad,Bayamón_load_546~1_demand_proj~new,546,pr378,True,True,3.8089114333333334,2.9982147755555553,,,load,high
efb0c954-0302-4610-86c9-c96199e5c421,StandardLoad,Ponce_load_730~1_demand_proj~new,730,pr3,True,True,2.7466712411764704,2.162378388235294,,,load,high
f3ff6bd2-c012-45a8-90c0-02fce29b2e7f,StandardLoad,Fajardo_load_1084~1_demand_proj~new,1084,pr18,True,True,2.7599555726666667,2.114202726,,,load,high
74c49479-db63-445a-b303-f865c9d04aa6,StandardLoad,load_804~1,804,pr2,False,True,3.4099999999999997,3.4099999999999997,,,load,high
87e928ed-b83b-4d17-99a6-39d421390f74,StandardLoad,Salinas_load_302~1_demand_proj~new,302,pr8,True,True,0.871347092,0.6882953135000001,,,load,high
1deab27e-c5bb-4ebd-b6c9-ed4d23c9f0dc,StandardLoad,Sabana Grande_load_216~1_demand_proj~new,216,pr169,True,True,2.466167444,1.9868205144000002,,,load,high
94285057-5055-4b53-bc0c-6d3809c9d281,StandardLoad,load_425~1,425,pr234,False,True,2.423,2.423,,,load,high
541ec368-c967-49ed-a160-fa176179d1fa,StandardLoad,load_261~1,261,pr10,False,True,2.161,2.161,,,load,high
4ce71f5a-6e97-4a47-bd34-5b7c135be8ca,StandardLoad,load_429~1,429,pr234,False,True,6.837999999999999,6.837999999999999,,,load,high
98de0304-441d-4b87-b356-fc719a3854fb,StandardLoad,load_341~1,341,pr87,False,True,4.626,4.626,,,load,high
2c179707-378c-45d2-9336-90ae8908d660,StandardLoad,load_477~1,477,pr10,False,True,3.4610000000000003,3.4610000000000003,,,load,high
2843e55b-f914-4ff0-ab4c-0f3f5ca820a6,StandardLoad,Ponce_load_638~1_demand_proj~new,638,pr2,True,True,2.7466712411764704,2.162378388235294,,,load,high
ccc07603-a43e-43ec-8fb1-91de8305340a,StandardLoad,Peñuelas_load_319~SL_demand_proj~new,319,pr319,True,True,1.6820572242857144,1.3528431705714283,,,load,high
2adccc25-e36f-4716-8eb3-c378fb8cb601,StandardLoad,Sabana Grande_load_584~1_demand_proj~new,584,pr169,True,True,2.466167444,1.9868205144000002,,,load,high
9c25a4f5-62a5-4cb4-8008-86c583317a90,StandardLoad,Mayagüez_load_72~1_demand_proj~new,72,pr29,True,True,3.375525496521739,2.61418767,,,load,high
d7a70e1b-5c50-4d3a-8405-4557f2423acc,StandardLoad,load_430~1,430,pr3,False,True,0.061,0.061,,,load,high
04cfc5c5-edde-4b16-9590-fdc9a52fadcf,StandardLoad,load_178~1,178,pr82,False,True,5.348,5.348,,,load,high
4ca76ab7-aa1a-441d-8324-0182543c3d6e,StandardLoad,load_643~SL,643,pr18,False,True,2.4,2.4,,,load,high
ede1f218-299b-43d4-a8b5-c08e79b2e6ef,StandardLoad,load_915~1,915,pr21,False,True,0.301,0.301,,,load,high
97077eab-f0db-4629-8c6f-2a597d20be48,StandardLoad,San Juan_load_1031~1_demand_proj~new,1031,pr87,True,True,4.2455050137096775,3.1162709637096775,,,load,high
537c4aa9-e05c-4e95-83a2-1f3b8a6463ee,StandardLoad,load_67~1,67,pr50,False,True,6.815,6.815,,,load,high
bcbd0dc0-b911-493b-981b-1194fc5d0edd,StandardLoad,Ponce_load_661~1_demand_proj~new,661,pr3,True,True,2.7466712411764704,2.162378388235294,,,load,high
80525c83-03ec-47e8-92fa-b05889106c8f,StandardLoad,load_983~1,983,pr234,False,True,0.084,0.084,,,load,high
5844333b-750d-47d4-a1ac-c83a8ca742b5,StandardLoad,San Juan_load_280~1_demand_proj~new,280,pr280,True,True,4.2455050137096775,3.1162709637096775,,,load,high
241ff176-c195-4fe3-aee6-753d9fc87b2b,StandardLoad,load_470~1,470,pr21,False,True,2.664,2.664,,,load,high
eddd1bef-9b09-4461-876c-c56611e2b013,StandardLoad,load_108~1,108,pr87,False,True,0.484,0.484,,,load,high
56c33554-f743-452e-a480-1976cdd667c6,StandardLoad,Adjuntas_load_376~1_demand_proj~new,376,pr169,True,True,3.219226009,2.5365407885,,,load,high
c0bd418f-00a5-45ed-b971-beca91af85ea,StandardLoad,load_97101~1,97101,pr100,False,True,0.13,0.13,,,load,high
8a6b25e7-3fcf-4dde-a15b-5921acfb8c2a,StandardLoad,Arecibo_load_586~1_demand_proj~new,586,pr40,True,True,2.4877650953125,1.973074855,,,load,high
aece1b9d-3c42-45c8-a08d-6c2030e53b97,StandardLoad,load_251~1,251,pr10,False,True,0.21,0.21,,,load,high
64f99479-cc67-4fbf-97e5-e31d255a2007,StandardLoad,San Juan_load_568~1_demand_proj~new,568,pr84,True,True,4.2455050137096775,3.1162709637096775,,,load,high
1f5df26f-b7b2-494a-8188-a9d1b2630e5a,StandardLoad,Peñuelas_load_322~1_demand_proj~new,322,pr2,True,True,1.6820572242857144,1.3528431705714283,,,load,high
085bfcf7-0670-4d33-aca6-809a315058f8,StandardLoad,San Juan_load_1101~1_demand_proj~new,1101,pr84,True,True,4.2455050137096775,3.1162709637096775,,,load,high
ac67b3c8-6cf7-40bf-bcf4-986cb383278c,StandardLoad,Ponce_load_576~1_demand_proj~new,576,pr313,True,True,2.7466712411764704,2.162378388235294,,,load,high
0dfb46eb-f0b4-45e4-b494-76962568dea4,StandardLoad,load_145~1,145,pr14,False,True,0.954,0.954,,,load,high
9a1b3d64-80ca-41d0-8aa8-543153bdced5,StandardLoad,load_211~SL,211,pr211,False,True,15.0,15.0,,,load,high
6e8ed49b-d1c5-44da-ac4d-1c99882a646c,StandardLoad,load_163~1,163,pr378,False,True,-4.618,-4.618,,,load,high
22095bba-1104-4836-a8f1-45166e45794f,StandardLoad,load_162~1,162,pr3,False,True,2.544,2.544,,,load,high
631f76cf-b32b-4002-a548-3c4e1fb56e1b,StandardLoad,load_607~1,607,pr87,False,True,2.534,2.534,,,load,high
3d0b4d3a-4485-436b-acfd-330ba916e720,StandardLoad,Cayey_load_11~1_demand_proj~new,11,pr10,True,True,2.6816598480000002,2.0256521513333334,,,load,high
e395228f-2ff9-4f61-8f99-6d425c248032,StandardLoad,load_1137~1,1137,pr40,False,True,1.407,1.407,,,load,high
ac36f3b3-a13f-4229-9840-d3d2179a101c,StandardLoad,load_630~SL,630,pr313,False,True,2.66,2.66,,,load,high
9252469d-c0b4-43d0-9572-bc0977f6fe8e,StandardLoad,load_964~1,964,pr82,False,True,0.979,0.979,,,load,high
f4362319-65a9-4651-8025-c22956135ec4,StandardLoad,load_66~1,66,pr87,False,True,10.831,10.831,,,load,high
7ad55805-2d3d-4df6-8953-c9eed54ac941,StandardLoad,Arecibo_load_386~1_demand_proj~new,386,pr335,True,True,2.4877650953125,1.973074855,,,load,high
7b9cf7e0-b227-408e-b524-b096c288347c,StandardLoad,Carolina_load_566~1_demand_proj~new,566,pr85,True,True,5.546111667741935,4.38885534516129,,,load,high
7fefcdc7-1d80-4bab-a1fc-1ea8e67509f3,StandardLoad,Humacao_load_145~1_demand_proj~new,145,pr14,True,True,2.659779135769231,2.0889401965384615,,,load,high
8b77cc67-2b4e-451a-9aa1-141c8cebc8d8,StandardLoad,Carolina_load_583~1_demand_proj~new,583,pr583,True,True,5.546111667741935,4.38885534516129,,,load,high
423cce40-6791-43ec-a6bb-9cd53862ddf0,StandardLoad,load_923~1,923,pr21,False,True,0.86,0.86,,,load,high
a842a558-4823-466b-a851-402e80cf4d52,StandardLoad,Bayamón_load_788~1_demand_proj~new,788,pr45,True,True,3.8089114333333334,2.9982147755555553,,,load,high
7eb01bf3-4682-428a-ade7-6b14c91bd2cd,StandardLoad,Caguas_load_751~1_demand_proj~new,751,pr21,True,True,5.0412909,3.99177401173913,,,load,high
21c946b8-8279-454c-a09a-ba945a6d2a84,StandardLoad,load_404~1,404,pr153,False,True,9.84,9.84,,,load,high
25908f33-7294-4f9d-933b-8c90f1622496,StandardLoad,load_705~1,705,pr93,False,True,0.003,0.003,,,load,high
670b4362-03ab-4657-9e0c-9717e8927e24,StandardLoad,load_285~1,285,pr14,False,True,4.439,4.439,,,load,high
e61ab3f0-d48f-4614-bf25-f7317d62b458,StandardLoad,load_957~1,957,pr169,False,True,0.22300000000000003,0.22300000000000003,,,load,high
787c27a7-4cbe-42b0-84b1-64685e92fc6e,StandardLoad,Mayagüez_load_507~1_demand_proj~new,507,pr29,True,True,3.375525496521739,2.61418767,,,load,high
806b3627-d8a8-472d-b7c5-486c5eb60468,StandardLoad,load_685~1,685,pr85,False,True,0.506,0.506,,,load,high
59ec4006-042e-4414-8cd3-8d29175ea5f6,StandardLoad,load_1037~1,1037,pr231,False,True,0.2,0.2,,,load,high
4a502b5b-c6bb-46f2-918b-dd5e9ce763d1,StandardLoad,load_131~1,131,pr86,False,True,2.226,2.226,,,load,high
23e69588-73f5-48f9-ad76-ea44d9eb741c,StandardLoad,Gurabo_load_658~1_demand_proj~new,658,pr234,True,True,4.26697858,3.4889008025,,,load,high
b9a55639-27ec-4475-bf63-13b1e723405f,StandardLoad,Ceiba_load_616~SL_demand_proj~new,616,pr101,True,True,1.4401926262,1.1455104348,,,load,high
5560994e-3007-4367-ad3f-2a5fcdb344cb,StandardLoad,Cabo Rojo_load_119~1_demand_proj~new,119,pr169,True,True,2.990703023,2.384224996,,,load,high
5805e4de-8bff-499e-a1d1-275a56588b6b,StandardLoad,Las Piedras_load_797~1_demand_proj~new,797,pr234,True,True,2.2091729293333335,1.7617399426666667,,,load,high
97acb7bd-b3a1-4520-ae95-d16c4bc73e88,StandardLoad,Ponce_load_272~1_demand_proj~new,272,pr3,True,True,2.7466712411764704,2.162378388235294,,,load,high
6af12a49-fd14-4ba8-9e59-660f44bce816,StandardLoad,load_588~1,588,pr335,False,True,0.556,0.556,,,load,high
7414dea3-5752-4cd8-9cf6-8606e6408fcd,StandardLoad,Aguadilla_load_409~1_demand_proj~new,409,pr32,True,True,3.218285664375,2.51482391125,,,load,high
39b5626d-9ebe-456a-afb0-d1c2ae80b748,StandardLoad,San Juan_load_205~1_demand_proj~new,205,pr392,True,True,4.2455050137096775,3.1162709637096775,,,load,high
527ea17c-3827-4566-8a13-74b55f241727,StandardLoad,Lajas_load_235~1_demand_proj~new,235,pr169,True,True,4.459024323333333,3.528523586666666,,,load,high
5f3b9079-7f98-4711-87ab-2de3968e27ac,StandardLoad,load_6~1,6,pr213,False,True,3.0,3.0,,,load,high
f67ca47b-8d0b-4ad0-aafc-86e07f8b98f5,StandardLoad,Aguadilla_load_562~1_demand_proj~new,562,pr100,True,True,3.218285664375,2.51482391125,,,load,high
447c5bc2-cd51-4767-a628-332c047f90ae,StandardLoad,Aguas Buenas_load_149~SL_demand_proj~new,149,pr149,True,True,5.264656705,4.1745952915,,,load,high
7079d4c7-9200-4f1a-9967-c684a7f2ddb1,StandardLoad,Yabucoa_load_437~1_demand_proj~new,437,pr14,True,True,2.4504860216666664,1.9522838349999998,,,load,high
e74e5ba3-9b62-4f8d-be79-0bb83e1974e4,StandardLoad,load_795~1,795,pr103,False,True,0.044,0.044,,,load,high
e854ad18-e2d5-4e52-918e-b5137d0e67cc,StandardLoad,Guaynabo_load_653~1_demand_proj~new,653,pr45,True,True,4.96737684137931,3.925511120689655,,,load,high
e98c389d-06b9-4ddc-97c0-b4fb531a7265,StandardLoad,load_1012~1,1012,pr14,False,True,1.238,1.238,,,load,high
79a0fada-bcb4-420f-894f-66f07fd3279e,StandardLoad,load_512~1,512,pr38,False,True,0.613,0.613,,,load,high
e4a78566-9108-49b8-8b65-590b027ecf1c,StandardLoad,load_1081~1,1081,pr85,False,True,1.395,1.395,,,load,high
17d3b411-edeb-48db-984a-a3b6f41dd13a,StandardLoad,load_575~1,575,pr21,False,True,0.042,0.042,,,load,high
d6000a20-700a-4849-8d43-9c9f4ef3c438,StandardLoad,Bayamón_load_443~SL_demand_proj~new,443,pr45,True,True,3.8089114333333334,2.9982147755555553,,,load,high
13f8e8e4-2ecf-4ea7-b270-7939a7020200,StandardLoad,Dorado_load_237~SL_demand_proj~new,237,pr93,True,True,3.944152446666666,3.2089917466666664,,,load,high
9020a955-35ae-4d20-99ac-52d93cfa92a3,StandardLoad,Aguadilla_load_384~1_demand_proj~new,384,pr100,True,True,3.218285664375,2.51482391125,,,load,high
6d2993ff-b425-4dad-a3cb-a1df54eaea74,StandardLoad,Trujillo Alto_load_525~1_demand_proj~new,525,pr85,True,True,5.96920140125,4.72877376,,,load,high
d3b18f92-2286-4295-a551-42d22243637e,StandardLoad,Quebradillas_load_1171~1_demand_proj~new,1171,pr100,True,True,3.8434417299999994,3.044479213,,,load,high
0bace1a3-914f-420f-96dc-d7b20d956ef2,StandardLoad,load_511~1,511,pr87,False,True,0.95,0.95,,,load,high
6cff7f87-8997-40fe-b8bc-7673373aec66,StandardLoad,load_1113~1,1113,pr87,False,True,1.031,1.031,,,load,high
3cb39adb-0359-4cc2-b4b0-26b7cb7dd092,StandardLoad,load_567~1,567,pr85,False,True,2.85,2.85,,,load,high
2cc3b675-0c89-4c8b-b1d9-cf164bab32e2,StandardLoad,load_562~1,562,pr100,False,True,2.126,2.126,,,load,high
58c90e22-ff01-4780-b5ab-c30d14e56edd,StandardLoad,load_629~1,629,pr313,False,True,0.295,0.295,,,load,high
72a21d21-a5f9-4716-bbb9-93efa884ff52,StandardLoad,load_112~1,112,pr116,False,True,1.494,1.494,,,load,high
5b25f855-129c-4255-bcaa-42303097838f,StandardLoad,Caguas_load_655~1_demand_proj~new,655,pr21,True,True,5.0412909,3.99177401173913,,,load,high
ce210468-1a06-4251-b3fc-a7e59388f734,StandardLoad,San Lorenzo_load_1145~1_demand_proj~new,1145,pr234,True,True,2.55329710875,2.0573470075,,,load,high
605251b3-26ed-4a8f-a047-fedd6e1be182,StandardLoad,San Juan_load_1167~1_demand_proj~new,1167,pr21,True,True,4.2455050137096775,3.1162709637096775,,,load,high
0a2b6dbd-c5d1-4c17-a2d7-268f583a0484,StandardLoad,load_509~1,509,pr116,False,True,0.247,0.247,,,load,high
bcfa7b75-94b9-43cb-8e83-818838078e2c,StandardLoad,Humacao_load_1012~1_demand_proj~new,1012,pr14,True,True,2.659779135769231,2.0889401965384615,,,load,high
64ba9312-9e72-4f71-80d4-4f8e6af6a159,StandardLoad,Caguas_load_1095~1_demand_proj~new,1095,pr21,True,True,5.0412909,3.99177401173913,,,load,high
e746ca63-1d07-4523-89a4-5311fa4fc4cb,StandardLoad,Barceloneta_load_626~1_demand_proj~new,626,pr102,True,True,2.86514471,2.1817538754545454,,,load,high
a503eedc-bbac-451c-b744-6ad5c7c61319,StandardLoad,Guánica_load_497~1_demand_proj~new,497,pr2,True,True,5.39499724,4.272411096,,,load,high
392d594d-a880-460b-a346-0eb8c210e7a4,StandardLoad,Santa Isabel_load_7~1_demand_proj~new,7,pr296,True,True,1.7713124090909094,1.4194876254545457,,,load,high
2f4b6052-dab2-4559-bec1-2b9318f1b8fd,StandardLoad,load_676~1,676,pr231,False,True,2.0,2.0,,,load,high
95ac9782-b514-433f-8881-400f556d0602,StandardLoad,Manatí_load_1013~1_demand_proj~new,1013,pr102,True,True,3.2691944917647056,2.4881356388235294,,,load,high
4bb67ca9-b481-4032-9571-8f9389e05dc3,StandardLoad,Coamo_load_1004~SL_demand_proj~new,1004,pr296,True,True,4.86615,3.8736385625,,,load,high
4b50360a-32bf-4232-87b8-b0b1f0b1c511,StandardLoad,load_81~1,81,pr313,False,True,2.86,2.86,,,load,high
f46d2fa3-c03f-479f-b209-6c082dfddadb,StandardLoad,load_1023~1,1023,pr234,False,True,2.412,2.412,,,load,high
c5810952-36aa-44aa-9ceb-7a9f53682243,StandardLoad,Cabo Rojo_load_419~1_demand_proj~new,419,pr169,True,True,2.990703023,2.384224996,,,load,high
efc2b298-007a-48e5-b91f-6aa5d6521806,StandardLoad,load_525~1,525,pr85,False,True,1.2,1.2,,,load,high
0f2d5d9a-a0d3-4041-86cf-7c69664348f1,StandardLoad,load_1087~1,1087,pr21,False,True,0.178,0.178,,,load,high
d6a88953-8fb5-4900-8e82-a1bcadbbc4bb,StandardLoad,Bayamón_load_111~1_demand_proj~new,111,pr111,True,True,3.8089114333333334,2.9982147755555553,,,load,high
720f7db7-c1e8-4861-a22c-2affc1a7863e,StandardLoad,load_1127~1,1127,pr38,False,True,4.084,4.084,,,load,high
c88403ae-b7e2-44ec-98e8-89fbb76bd8f3,StandardLoad,San Juan_load_908~1_demand_proj~new,908,pr87,True,True,4.2455050137096775,3.1162709637096775,,,load,high
36847aaf-19a6-43c0-adb9-1442bc82244c,StandardLoad,load_725~1,725,pr87,False,True,0.22,0.22,,,load,high
01a247a0-2914-4295-bada-9c51299adb05,StandardLoad,load_724~1,724,pr87,False,True,0.765,0.765,,,load,high
91b8c3a8-a2e0-4e9e-a7a0-a53a38279665,StandardLoad,Las Piedras_load_1032~1_demand_proj~new,1032,pr234,True,True,2.2091729293333335,1.7617399426666667,,,load,high
3ef16b31-c4fa-4751-b429-e2a54952f434,StandardLoad,load_1019~1,1019,pr378,False,True,0.616,0.616,,,load,high
8b78d7c2-0ed0-4a23-8bc5-062854b494ad,StandardLoad,Trujillo Alto_load_521~1_demand_proj~new,521,pr85,True,True,5.96920140125,4.72877376,,,load,high
1af24268-98f6-4503-94b0-78c9b725ffc2,StandardLoad,Las Piedras_load_785~1_demand_proj~new,785,pr234,True,True,2.2091729293333335,1.7617399426666667,,,load,high
42186fbc-7364-4656-a8a9-f99e127f00cf,StandardLoad,Ceiba_load_615~1_demand_proj~new,615,pr101,True,True,1.4401926262,1.1455104348,,,load,high
b4e5a8a8-fb29-45e9-bee9-e2f5947aef1b,StandardLoad,Hatillo_load_1044~1_demand_proj~new,1044,pr335,True,True,2.7178737566666666,2.1420876699999996,,,load,high
0d93e614-ac84-4f45-a9e6-91d3f9e45a47,StandardLoad,load_626~1,626,pr102,False,True,7.15,7.15,,,load,high
b1cd2433-d673-48b9-9559-d7d333ae16e9,StandardLoad,Barceloneta_load_291~1_demand_proj~new,291,pr102,True,True,2.86514471,2.1817538754545454,,,load,high
cbfb7bc9-a073-47fb-be05-ad744c56719e,StandardLoad,Bayamón_load_781~1_demand_proj~new,781,pr45,True,True,3.8089114333333334,2.9982147755555553,,,load,high
da761f79-b610-44e7-8e67-948831935422,StandardLoad,load_198~1,198,pr3,False,True,6.173,6.173,,,load,high
90858ee9-0a1e-4f95-95b8-0d6a4614bae1,StandardLoad,Salinas_load_833~1_demand_proj~new,833,pr106,True,True,0.871347092,0.6882953135000001,,,load,high
ec92a84d-1550-49f6-9cc4-183711cfa3f1,StandardLoad,Dorado_load_95~1_demand_proj~new,95,pr93,True,True,3.944152446666666,3.2089917466666664,,,load,high
e88a92cd-1d79-4080-8fd3-72e5ea27261e,StandardLoad,Caguas_load_960~1_demand_proj~new,960,pr21,True,True,5.0412909,3.99177401173913,,,load,high
a62bcb38-a53f-4d07-bf0d-0b003ae1f8e3,StandardLoad,Aguadilla_load_410~1_demand_proj~new,410,pr32,True,True,3.218285664375,2.51482391125,,,load,high
55aaf6e6-808f-4119-aa1e-6f5d73561858,StandardLoad,Cidra_load_251~1_demand_proj~new,251,pr10,True,True,2.06491981,1.6755519446153846,,,load,high
ba9ea3eb-ab0d-4246-aad1-0f00c8061c7e,StandardLoad,load_179~SL,179,pr211,False,True,20.0,20.0,,,load,high
36a23ebc-519b-4c2b-9684-1dfbe5ed1e95,StandardLoad,load_94~SL,94,pr8,False,True,4.0,4.0,,,load,high
f8f97ecc-449d-4f48-9822-ce9281e25ea6,StandardLoad,load_534~1,534,pr32,False,True,1.6500000000000001,1.6500000000000001,,,load,high
8d3b6db9-d187-4ce8-8041-6fa506bec1df,StandardLoad,San Juan_load_257~1_demand_proj~new,257,pr86,True,True,4.2455050137096775,3.1162709637096775,,,load,high
23e961e2-79b9-4a2e-9027-fef558592c6b,StandardLoad,Las Piedras_load_223~1_demand_proj~new,223,pr234,True,True,2.2091729293333335,1.7617399426666667,,,load,high
c6e21211-597a-42fb-9eb8-583cd4f46f14,StandardLoad,Carolina_load_356~1_demand_proj~new,356,pr85,True,True,5.546111667741935,4.38885534516129,,,load,high
df588037-f4cf-43c5-aebd-8e5ddd846efa,StandardLoad,Yabucoa_load_220~1_demand_proj~new,220,pr14,True,True,2.4504860216666664,1.9522838349999998,,,load,high
8d6ecd7c-72de-4f66-a7e9-2088ed01e903,StandardLoad,Arecibo_load_880~1_demand_proj~new,880,pr440,True,True,2.4877650953125,1.973074855,,,load,high
94152a41-bb59-4691-b250-7580cc884323,StandardLoad,Fajardo_load_295~1_demand_proj~new,295,pr18,True,True,2.7599555726666667,2.114202726,,,load,high
6c7ffe62-556f-42a9-94d8-78ba33a4a04c,StandardLoad,load_719~1,719,pr18,False,True,0.697,0.697,,,load,high
848a9292-3b82-4dd3-880f-7781850bbaaa,StandardLoad,Humacao_load_5~1_demand_proj~new,5,pr5,True,True,2.659779135769231,2.0889401965384615,,,load,high
4f1b10a0-ed9a-465f-abbb-67d0b4991cf2,StandardLoad,Mayagüez_load_515~1_demand_proj~new,515,pr116,True,True,3.375525496521739,2.61418767,,,load,high
e9a0bcd5-d6f6-4480-b4e0-9293e228e322,StandardLoad,load_750~1,750,pr21,False,True,0.052,0.052,,,load,high
6acf7585-9b22-4fa7-add8-2f24d7c6c58c,StandardLoad,load_414~1,414,pr296,False,True,4.35,4.35,,,load,high
3f3f58ee-294b-4b6c-b33a-da59329a8cba,StandardLoad,Juncos_load_1206~1_demand_proj~new,1206,pr1206,True,True,5.828623982857143,4.609125252857143,,,load,high
dff7f3c9-7429-4b64-adb2-e36daf09e1d0,StandardLoad,load_91~1,91,pr153,False,True,4.609,4.609,,,load,high
ec7d7e28-1e2c-4a88-b1d6-16c1752aef1d,StandardLoad,load_971~1,971,pr234,False,True,1.552,1.552,,,load,high
73bcadc9-3830-408e-848d-1dc7ba09f6a1,StandardLoad,Cayey_load_761~1_demand_proj~new,761,pr10,True,True,2.6816598480000002,2.0256521513333334,,,load,high
e2afe369-20f8-405e-9348-74c9dc6d3713,StandardLoad,Bayamón_load_917~1_demand_proj~new,917,pr45,True,True,3.8089114333333334,2.9982147755555553,,,load,high
69eab4df-1e7e-4b2e-ad92-79e607a9b0a6,StandardLoad,load_197~1,197,pr313,False,True,3.9060000000000006,3.9060000000000006,,,load,high
a5ddb08e-cd0f-455b-acdb-c1bdea7edf2a,StandardLoad,Cataño_load_953~1_demand_proj~new,953,pr63,True,True,2.6828104554545456,2.0192525872727276,,,load,high
d2f1fe05-7907-4648-986e-b9a7a079973b,StandardLoad,San Juan_load_755~1_demand_proj~new,755,pr84,True,True,4.2455050137096775,3.1162709637096775,,,load,high
c649f1ba-88ea-4ee6-a5d3-85716f0bc683,StandardLoad,Añasco_load_674~1_demand_proj~new,674,pr231,True,True,6.634143719999999,5.298361623333333,,,load,high
a5ba94f6-e7f3-425a-b67e-162fda960146,StandardLoad,load_34~1,34,pr35,False,True,7.284,7.284,,,load,high
e8d4da6d-355c-4331-9ea4-ac9891e709d0,StandardLoad,Guaynabo_load_726~1_demand_proj~new,726,pr87,True,True,4.96737684137931,3.925511120689655,,,load,high
454f8395-6d7d-4379-b72f-454b0634cfe5,StandardLoad,Las Piedras_load_320~1_demand_proj~new,320,pr234,True,True,2.2091729293333335,1.7617399426666667,,,load,high
926f5863-abd8-4d2e-917a-5c35bfeb39d1,StandardLoad,Juncos_load_20~1_demand_proj~new,20,pr234,True,True,5.828623982857143,4.609125252857143,,,load,high
f524e63c-5d6f-4edf-92a3-2e9a1fd2d050,StandardLoad,San Juan_load_312~1_demand_proj~new,312,pr87,True,True,4.2455050137096775,3.1162709637096775,,,load,high
a96070ff-8a0a-4bc3-9f7b-d7361f46402b,StandardLoad,load_292~1,292,pr102,False,True,0.079,0.079,,,load,high
c8804a51-e8b8-481b-9af3-ae36f55d9c3f,StandardLoad,load_1051~1,1051,pr392,False,True,0.4050000000000001,0.4050000000000001,,,load,high
e5f233a4-3253-4429-97ea-a0a6284c0597,StandardLoad,load_977~1,977,pr84,False,True,0.139,0.139,,,load,high
0938ea1b-7c1b-47bd-9267-512c9e2d95ac,StandardLoad,Humacao_load_702~1_demand_proj~new,702,pr14,True,True,2.659779135769231,2.0889401965384615,,,load,high
adfc4e70-4f02-4caf-b1cb-78c9bc6d4e6f,StandardLoad,San Germán_load_1035~1_demand_proj~new,1035,pr169,True,True,1.4123277133333334,1.1206812213333333,,,load,high
1771192f-f970-498e-a431-02aa6bfbb6dc,StandardLoad,load_1085~1,1085,pr18,False,True,0.844,0.844,,,load,high
49111bf2-63f1-426c-819e-723905cbc49a,StandardLoad,load_454~1,454,pr21,False,True,1.205,1.205,,,load,high
d89d5840-6bbb-4541-87b8-5c6d444024cb,StandardLoad,Cataño_load_46~1_demand_proj~new,46,pr45,True,True,2.6828104554545456,2.0192525872727276,,,load,high
dfeb4213-cdd9-487e-a537-6d07728388fb,StandardLoad,load_1013~1,1013,pr102,False,True,0.602,0.602,,,load,high
88f95a82-07fa-4137-9d32-a4c109fda803,StandardLoad,Cataño_load_728~1_demand_proj~new,728,pr45,True,True,2.6828104554545456,2.0192525872727276,,,load,high
1d909ca7-d318-4398-8537-5357ee7d912e,StandardLoad,load_1026~1,1026,pr8,False,True,0.623,0.623,,,load,high
d391b301-63cb-40b3-8ec7-0a4394892ac6,StandardLoad,Ponce_load_323~1_demand_proj~new,323,pr103,True,True,2.7466712411764704,2.162378388235294,,,load,high
e12c5591-7a72-4b11-b776-37f110883d77,StandardLoad,Fajardo_load_355~1_demand_proj~new,355,pr18,True,True,2.7599555726666667,2.114202726,,,load,high
ea6265d2-9a80-4a50-b582-1d0ff3d90057,StandardLoad,load_648~1,648,pr169,False,True,0.503,0.503,,,load,high
7a25df5d-e5e5-4f9f-9d94-fec59f50986f,StandardLoad,load_599~1,599,pr93,False,True,0.077,0.077,,,load,high
cb8aa82e-032d-4d82-a67b-3705a19c43f0,StandardLoad,load_316~SL,316,pr169,False,True,3.0,3.0,,,load,high
6aca127d-429c-45dd-a375-5fa4676cf010,StandardLoad,Guayama_load_1147~1_demand_proj~new,1147,pr8,True,True,1.84132789,1.4528092990909092,,,load,high
4637365b-866c-4602-aede-246b5462f0cd,StandardLoad,Salinas_load_1172~1_demand_proj~new,1172,pr8,True,True,0.871347092,0.6882953135000001,,,load,high
dcede396-01aa-48d3-9cc7-96ba348621eb,StandardLoad,load_271~SL,271,pr271,False,True,0.11,0.11,,,load,high
63b481cc-557b-4ef3-8b0d-af936dbc5178,StandardLoad,San Juan_load_147~1_demand_proj~new,147,pr86,True,True,4.2455050137096775,3.1162709637096775,,,load,high
7cfb258f-b6a8-4792-85f7-9766931df32f,StandardLoad,San Juan_load_947~1_demand_proj~new,947,pr87,True,True,4.2455050137096775,3.1162709637096775,,,load,high
a2a1dd90-17b2-489a-852a-4e8e60180563,StandardLoad,load_98~1,98,pr14,False,True,21.512,21.512,,,load,high
0be97d94-c6c0-4d89-89e7-d56d19218b4c,StandardLoad,load_54~1,54,pr87,False,True,8.061,8.061,,,load,high
5034dd37-8d74-41a7-ad8c-e804f5e26d5a,StandardLoad,Villalba_load_329~1_demand_proj~new,329,pr213,True,True,1.8591589557142856,1.4980665314285713,,,load,high
426a8f11-0e35-4a82-b409-2229fffbfe4f,StandardLoad,load_445~1,445,pr84,False,True,1.309,1.309,,,load,high
6c935b15-f978-4476-999c-57e413e93c08,StandardLoad,load_412~SL,412,pr296,False,True,11.0,11.0,,,load,high
89e47ad7-2798-4777-9486-9c89cefc7ec9,StandardLoad,load_673~1,673,pr116,False,True,0.035,0.035,,,load,high
66cdfb5f-9685-491d-9805-836d02af5831,StandardLoad,Ponce_load_461~1_demand_proj~new,461,pr3,True,True,2.7466712411764704,2.162378388235294,,,load,high
3de48b7f-392d-4e50-9a4e-dd17192edff9,StandardLoad,San Juan_load_459~1_demand_proj~new,459,pr87,True,True,4.2455050137096775,3.1162709637096775,,,load,high
f30b4d90-20af-4152-bf63-ade7b2cfc924,StandardLoad,load_761~1,761,pr10,False,True,1.468,1.468,,,load,high
edadc4bb-826b-46a4-8b77-d2a42c7d0ee6,StandardLoad,load_623~1,623,pr100,False,True,0.068,0.068,,,load,high
85d843d0-a75b-49b7-a5b2-86bb3f750ed2,StandardLoad,load_1199~1,1199,pr3,False,True,0.443,0.443,,,load,high
77e1ed3e-fb7c-47ae-8ec7-cfeff7f9945f,StandardLoad,Mayagüez_load_676~1_demand_proj~new,676,pr231,True,True,3.375525496521739,2.61418767,,,load,high
45ac5a79-dcc5-447e-9ee1-db5983feab49,StandardLoad,Bayamón_load_738~1_demand_proj~new,738,pr45,True,True,3.8089114333333334,2.9982147755555553,,,load,high
685dcc6f-8939-434d-943b-60bee54a3441,StandardLoad,Maricao_load_648~1_demand_proj~new,648,pr169,True,True,1.4097160649999998,1.0677946063333332,,,load,high
e35f016c-97d0-4e15-b8a5-36e676261795,StandardLoad,load_237~SL,237,pr93,False,True,4.6,4.6,,,load,high
3ee2399b-fb60-4dd8-85c8-ebf774823427,StandardLoad,Lajas_load_143~1_demand_proj~new,143,pr169,True,True,4.459024323333333,3.528523586666666,,,load,high
2aae2445-2e61-4857-b47a-bc0076bf7550,StandardLoad,load_927~1,927,pr14,False,True,0.04,0.04,,,load,high
440eaa2c-80e9-4be0-9998-dd87322c1fc5,StandardLoad,load_314~1,314,pr169,False,True,3.198,3.198,,,load,high
49d2f411-b6ca-4727-8bc7-87b7551a0c2f,StandardLoad,load_386~1,386,pr335,False,True,7.261000000000001,7.261000000000001,,,load,high
d9fe1a3f-fb1d-4831-9e63-e6a04580f847,StandardLoad,load_1089~1,1089,pr8,False,True,0.008,0.008,,,load,high
d91aa482-5901-43e3-a18e-6fa42bc66267,StandardLoad,San Juan_load_500~1_demand_proj~new,500,pr392,True,True,4.2455050137096775,3.1162709637096775,,,load,high
5355d0c4-52f6-4f17-a109-a7e73fc19c42,StandardLoad,Fajardo_load_19~1_demand_proj~new,19,pr18,True,True,2.7599555726666667,2.114202726,,,load,high
ef062dd8-f1b7-4ecd-9269-bef4101e345c,StandardLoad,Santa Isabel_load_911~1_demand_proj~new,911,pr296,True,True,1.7713124090909094,1.4194876254545457,,,load,high
22cd1ebe-9959-47f0-b8fb-7077cbb810ae,StandardLoad,Arecibo_load_1138~1_demand_proj~new,1138,pr102,True,True,2.4877650953125,1.973074855,,,load,high
4b71da09-64d1-43c3-ade4-ee9f820a2ae9,StandardLoad,Coamo_load_1009~1_demand_proj~new,1009,pr10,True,True,4.86615,3.8736385625,,,load,high
3df9085d-6f91-4491-873b-463737ab7c31,StandardLoad,load_752~1,752,pr84,False,True,0.29,0.29,,,load,high
d13c675e-5671-4707-a381-abd4f924cbf9,StandardLoad,load_220~1,220,pr14,False,True,6.109,6.109,,,load,high
d5e5a6ee-b3ac-4098-9edf-7f74289ef03d,StandardLoad,Ponce_load_968~1_demand_proj~new,968,pr3,True,True,2.7466712411764704,2.162378388235294,,,load,high
4cf78160-0076-4ade-91ad-cc0ce8ff3601,StandardLoad,Toa Baja_load_819~1_demand_proj~new,819,pr63,True,True,3.129731799411765,2.522868304117647,,,load,high
bc4778d4-71b4-407d-b6ba-10c99282c478,StandardLoad,Toa Baja_load_704~1_demand_proj~new,704,pr93,True,True,3.129731799411765,2.522868304117647,,,load,high
13dd0468-54b5-411c-be03-d37756f51955,StandardLoad,load_786~1,786,pr234,False,True,0.49300000000000005,0.49300000000000005,,,load,high
ab922c3f-b319-4804-a8ea-346bf7b5b217,StandardLoad,Las Piedras_load_784~1_demand_proj~new,784,pr234,True,True,2.2091729293333335,1.7617399426666667,,,load,high
ea3b4ce9-cc39-4c3d-aedb-8e1c8aecd17f,StandardLoad,load_49~1,49,pr50,False,True,17.291,17.291,,,load,high
b05f6326-d191-48be-ab6c-9ed944717f97,StandardLoad,load_495~1,495,pr84,False,True,0.51,0.51,,,load,high
b2ea5881-db0d-44c6-82fb-9ddb229230e1,StandardLoad,Carolina_load_136~1_demand_proj~new,136,pr84,True,True,5.546111667741935,4.38885534516129,,,load,high
2acc3302-ac81-4d5c-955c-ee1c89a0ed25,StandardLoad,Guaynabo_load_479~1_demand_proj~new,479,pr50,True,True,4.96737684137931,3.925511120689655,,,load,high
ffea91b2-0322-4dd2-a7f3-0a3f5d965dbe,StandardLoad,load_507~1,507,pr29,False,True,0.576,0.576,,,load,high
e5218c5f-1acd-4fd4-bdc7-38a7c4959fe0,StandardLoad,Guayama_load_871~SL_demand_proj~new,871,pr321,True,True,1.84132789,1.4528092990909092,,,load,high
630dff35-e09b-4f01-bb5d-71853f3de4a9,StandardLoad,Bayamón_load_733~1_demand_proj~new,733,pr45,True,True,3.8089114333333334,2.9982147755555553,,,load,high
680f9059-e7a4-4fd1-89cd-95a8eef0fa15,StandardLoad,load_46~1,46,pr45,False,True,14.398,14.398,,,load,high
729887a0-0340-42d7-9a51-17b562c824fe,StandardLoad,Humacao_load_473~1_demand_proj~new,473,pr14,True,True,2.659779135769231,2.0889401965384615,,,load,high
11e83349-17ca-4bac-9d47-490236ab79c1,StandardLoad,Manatí_load_651~1_demand_proj~new,651,pr153,True,True,3.2691944917647056,2.4881356388235294,,,load,high
0f56423b-cadc-4b67-817c-7d27d441e900,StandardLoad,Ponce_load_1011~1_demand_proj~new,1011,pr103,True,True,2.7466712411764704,2.162378388235294,,,load,high
6385d2ef-5497-4429-ac62-c58c54ef1f2c,StandardLoad,Juana Díaz_load_694~SL_demand_proj~new,694,pr313,True,True,3.2169329574999996,2.6340751308333332,,,load,high
82a5934c-4972-4900-8ce2-d3d1380d5551,StandardLoad,load_140~1,140,pr87,False,True,3.0,3.0,,,load,high
4b79c70a-19fa-4d20-957b-8e927df694ec,StandardLoad,load_51~1,51,pr84,False,True,7.384,7.384,,,load,high
a8e310fc-37b6-4111-8259-c0c41495d27a,StandardLoad,load_972~1,972,,False,True,0.856,0.856,,,load,high
5debb929-2b4f-48ea-a0f3-bdea0bd25c88,StandardLoad,San Juan_load_918~1_demand_proj~new,918,pr21,True,True,4.2455050137096775,3.1162709637096775,,,load,high
4ad6f841-2cd1-441c-8615-450fa5c8c6c6,StandardLoad,Gurabo_load_429~1_demand_proj~new,429,pr234,True,True,4.26697858,3.4889008025,,,load,high
a18dbfb7-9ae3-4f40-b6e4-422b9478075b,StandardLoad,load_522~1,522,pr85,False,True,3.7060000000000004,3.7060000000000004,,,load,high
32f0d939-6dea-4315-8493-2af964ce2727,StandardLoad,San Juan_load_1042~1_demand_proj~new,1042,pr392,True,True,4.2455050137096775,3.1162709637096775,,,load,high
c0406d75-1a57-4e7e-b8ef-9eacd008d962,StandardLoad,Ceiba_load_614~1_demand_proj~new,614,pr18,True,True,1.4401926262,1.1455104348,,,load,high
6147ac23-5463-48a4-95de-507e6cf051a4,StandardLoad,Cidra_load_476~1_demand_proj~new,476,pr10,True,True,2.06491981,1.6755519446153846,,,load,high
0131c794-9181-4a13-9871-1aaa2519c680,StandardLoad,load_56~1,56,pr101,False,True,4.202,4.202,,,load,high
b5e2c57b-f2da-44cb-88c0-563c3f390e75,StandardLoad,load_982~1,982,pr85,False,True,0.232,0.232,,,load,high
2eb9b119-2c13-4f8c-be3b-dab22c19d2a1,StandardLoad,load_1030~1,1030,pr93,False,True,0.22300000000000003,0.22300000000000003,,,load,high
8baa6535-49d9-4052-82f1-8ce75240fc22,StandardLoad,Villalba_load_1146~1_demand_proj~new,1146,pr213,True,True,1.8591589557142856,1.4980665314285713,,,load,high
fecbb1e4-4ad5-4f0a-9a4c-c376b8d9e90f,StandardLoad,Las Piedras_load_782~1_demand_proj~new,782,pr234,True,True,2.2091729293333335,1.7617399426666667,,,load,high
043059fb-8c7e-4c0e-a67f-2a927629c3be,StandardLoad,Patillas_load_961~1_demand_proj~new,961,pr8,True,True,2.9877980920000002,2.3657667669999998,,,load,high
3b244561-1b6c-4165-a9cf-e1a0e760d0a5,StandardLoad,Aguadilla_load_1005~1_demand_proj~new,1005,pr32,True,True,3.218285664375,2.51482391125,,,load,high
950d6b22-d5a8-43b4-abd5-9f2edee5d371,StandardLoad,Barceloneta_load_627~1_demand_proj~new,627,pr102,True,True,2.86514471,2.1817538754545454,,,load,high
46ca22ea-ab5b-459d-8670-27f7e00c1261,StandardLoad,Vega Alta_load_765~1_demand_proj~new,765,pr41,True,True,2.92560168375,2.3293106,,,load,high
01493c96-e175-47b7-8aa4-bb1a2983069f,StandardLoad,load_780~1,780,pr45,False,True,0.033,0.033,,,load,high
344d0337-a5b3-4897-b9dd-7dbe17b35a7b,StandardLoad,load_671~1,671,pr87,False,True,0.9039999999999999,0.9039999999999999,,,load,high
16a843e6-be1c-44b5-aca9-5106dec49776,StandardLoad,Juana Díaz_load_938~1_demand_proj~new,938,pr313,True,True,3.2169329574999996,2.6340751308333332,,,load,high
54bc984c-8c76-4940-b8e7-64dac6052e9f,StandardLoad,load_256~1,256,pr16,False,True,0.024,0.024,,,load,high
0623fe47-f513-43cd-b94f-cd8730d2f2ba,StandardLoad,Río Grande_load_211~SL_demand_proj~new,211,pr211,True,True,3.8016742533333328,2.998522042222222,,,load,high
a6e30407-f6e8-442f-b94c-9f50dd0c4deb,StandardLoad,San Juan_load_125~1_demand_proj~new,125,pr50,True,True,4.2455050137096775,3.1162709637096775,,,load,high
e59ba767-137f-48e6-8772-433d83d2eb7f,StandardLoad,Mayagüez_load_509~1_demand_proj~new,509,pr116,True,True,3.375525496521739,2.61418767,,,load,high
9b423cef-3484-40ea-aa31-4bb4482550eb,StandardLoad,load_628~1,628,pr231,False,True,2.0,2.0,,,load,high
894d9b82-6562-48b7-a5bf-43c0afcaad12,StandardLoad,Ponce_load_792~1_demand_proj~new,792,pr103,True,True,2.7466712411764704,2.162378388235294,,,load,high
3547d37f-360d-4ebb-949c-c4d5957775d1,StandardLoad,Gurabo_load_575~1_demand_proj~new,575,pr21,True,True,4.26697858,3.4889008025,,,load,high
efeffb93-e234-4d87-a190-d41f7f3604f1,StandardLoad,load_548~1,548,pr632,False,True,0.626,0.626,,,load,high
3e04c4ea-0f83-4757-899b-c17053b533fc,StandardLoad,load_171~1,171,pr86,False,True,1.128,1.128,,,load,high
5918ea2a-20f8-4397-b0ba-dd9f18da02cf,StandardLoad,Guaynabo_load_721~1_demand_proj~new,721,pr87,True,True,4.96737684137931,3.925511120689655,,,load,high
4f45eb9f-b86a-4dcd-96c0-28259415c193,StandardLoad,Juncos_load_1023~1_demand_proj~new,1023,pr234,True,True,5.828623982857143,4.609125252857143,,,load,high
307df592-0f82-40e9-b6c5-81e0f9926b89,StandardLoad,load_537~1,537,pr234,False,True,0.199,0.199,,,load,high
ab85327d-8380-40dc-987a-871cae7a0566,StandardLoad,Luquillo_load_560~1_demand_proj~new,560,pr211,True,True,6.20697185,4.9347881395,,,load,high
643887f0-a6cf-4834-8049-ded0e5a675be,StandardLoad,load_1144~1,1144,pr45,False,True,0.522,0.522,,,load,high
8856f6fe-8c4f-4425-82cf-3987fdb54a37,StandardLoad,Trujillo Alto_load_480~1_demand_proj~new,480,pr480,True,True,5.96920140125,4.72877376,,,load,high
201f1075-ae20-4f11-8932-0c8fa6cc3f0f,StandardLoad,Ponce_load_630~1_demand_proj~new,630,pr313,True,True,2.7466712411764704,2.162378388235294,,,load,high
c7030977-4051-4bf1-bf83-3faea704cf7e,StandardLoad,Mayagüez_load_974~1_demand_proj~new,974,pr29,True,True,3.375525496521739,2.61418767,,,load,high
e67655c2-6b61-4b37-a484-6fa1022f7920,StandardLoad,load_555~1,555,pr555,False,True,8.213,8.213,,,load,high
e66b15fe-e369-4a99-901a-3286a4e3105d,StandardLoad,load_517~1,517,pr32,False,True,0.482,0.482,,,load,high
c4862ace-0735-4355-b70b-3d92c1da2713,StandardLoad,Salinas_load_821~1_demand_proj~new,821,pr106,True,True,0.871347092,0.6882953135000001,,,load,high
3897a3cd-02bf-4283-a3ca-717ce32e4ddb,StandardLoad,San Juan_load_904~1_demand_proj~new,904,pr50,True,True,4.2455050137096775,3.1162709637096775,,,load,high
a13b5450-1456-4dd1-b7f9-c91d95b966ac,StandardLoad,Aibonito_load_695~1_demand_proj~new,695,pr10,True,True,2.8548459483333333,2.2668580916666663,,,load,high
26bbfa25-bc5e-4a4c-95cf-956552d89361,StandardLoad,load_720~1,720,pr87,False,True,5.213,5.213,,,load,high
8725e793-0e4d-4eab-960d-1ec8ac87181a,StandardLoad,load_244~1,244,pr21,False,True,25.323,25.323,,,load,high
755aaa24-45d8-4eab-b6fa-c4fd78035921,StandardLoad,Cabo Rojo_load_113~1_demand_proj~new,113,pr116,True,True,2.990703023,2.384224996,,,load,high
5d5e665e-0ca1-49fe-b253-27aab6d4353e,StandardLoad,load_1006~1,1006,pr84,False,True,1.529,1.529,,,load,high
89eb80da-cb32-4114-b6f5-a04d37628548,StandardLoad,load_269~1,269,pr41,False,True,2.688,2.688,,,load,high
fb59fbd4-0817-4c21-9e74-321e03a4c229,StandardLoad,Arecibo_load_39~1_demand_proj~new,39,pr40,True,True,2.4877650953125,1.973074855,,,load,high
801069c6-d114-4a2d-8a16-85a6b1745882,StandardLoad,Arecibo_load_439~1_demand_proj~new,439,pr40,True,True,2.4877650953125,1.973074855,,,load,high
2c9f4ae1-2ab5-4f1e-96da-a02148c6e690,StandardLoad,load_497~1,497,pr2,False,True,0.068,0.068,,,load,high
00983187-1ca2-462f-b6b2-ba19721c6876,StandardLoad,Caguas_load_923~1_demand_proj~new,923,pr21,True,True,5.0412909,3.99177401173913,,,load,high
a5e3dc7c-c9c4-45e3-86d7-6818adf6b2fd,StandardLoad,load_412~1,412,pr296,False,True,0.4050000000000001,0.4050000000000001,,,load,high
1d61682f-5fe2-4239-b5bd-da5ade88e6d4,StandardLoad,Guayama_load_435~1_demand_proj~new,435,pr8,True,True,1.84132789,1.4528092990909092,,,load,high
bbdc006e-2df3-4073-99d0-d89a74004845,StandardLoad,load_976~1,976,pr32,False,True,0.018,0.018,,,load,high
9e8d7b9b-6a1a-4673-addf-cdc3a05119a3,StandardLoad,load_351~1,351,pr14,False,True,1.531,1.531,,,load,high
443f2406-9209-427a-bda5-3abfada8dbe4,StandardLoad,load_253~1,253,pr10,False,True,6.102,6.102,,,load,high
879ae75e-00b9-4125-a2d2-6cf38ba41ccb,StandardLoad,Isabela_load_1112~1_demand_proj~new,1112,pr100,True,True,2.96060590125,2.345122895,,,load,high
ab52413c-85be-4824-9ebc-3270863bcb0f,StandardLoad,load_937~1,937,pr82,False,True,0.011,0.011,,,load,high
e2d81c82-b018-4bdc-b8c9-8c5251f5910f,StandardLoad,load_31~1,31,pr32,False,True,8.517,8.517,,,load,high
4629d0ea-2173-40f5-9203-753ca59a44f2,StandardLoad,load_584~1,584,pr169,False,True,1.186,1.186,,,load,high
3f02b925-7c0e-4531-812a-cf48b7126d87,StandardLoad,Isabela_load_986~1_demand_proj~new,986,pr100,True,True,2.96060590125,2.345122895,,,load,high
2d27dfe4-fa55-4529-848f-1b3f20c8da8e,StandardLoad,Aibonito_load_210~1_demand_proj~new,210,pr10,True,True,2.8548459483333333,2.2668580916666663,,,load,high
918786d7-a2da-401e-8cc4-54d5db8f5cf8,StandardLoad,Ciales_load_177~1_demand_proj~new,177,pr177,True,True,7.5727502,5.958463473,,,load,high
9c58a02d-e10d-46b7-b0ff-7b144b72071b,StandardLoad,load_616~SL,616,pr101,False,True,9.064,9.064,,,load,high
7496d9d6-767e-4d2f-b933-cac77a3ad723,StandardLoad,load_880~1,880,pr440,False,True,0.902,0.902,,,load,high
e2ff9fb5-7a38-4e94-8cbb-5d7e5dc3f9ee,StandardLoad,load_293~1,293,pr231,False,True,2.86,2.86,,,load,high
9db25e21-324d-4e6a-99ba-f062d2b31b7f,StandardLoad,load_448~1,448,pr153,False,True,1.112,1.112,,,load,high
8fc42153-d924-42f4-9242-6652c3ca1839,StandardLoad,San Germán_load_314~1_demand_proj~new,314,pr169,True,True,1.4123277133333334,1.1206812213333333,,,load,high
456e5b7a-8af8-4c60-9c5f-3fcadff174a8,StandardLoad,Las Piedras_load_966~1_demand_proj~new,966,pr234,True,True,2.2091729293333335,1.7617399426666667,,,load,high
c9695dc5-4b35-46d0-b808-737f9e134e2d,StandardLoad,load_63~SL,63,pr63,False,True,36.51,36.51,,,load,high
c0394474-bb26-48d2-a2c4-18e511f96778,StandardLoad,Ponce_load_374~1_demand_proj~new,374,pr3,True,True,2.7466712411764704,2.162378388235294,,,load,high
5ef6f18a-9fb8-4d12-8411-15b946cf98b5,StandardLoad,Florida_load_264~1_demand_proj~new,264,pr102,True,True,5.502233523,4.3654194,,,load,high
a9525ee9-9f1d-4ba4-ad3b-4a90263ad840,StandardLoad,Guayama_load_189~1_demand_proj~new,189,pr8,True,True,1.84132789,1.4528092990909092,,,load,high
1cec6c55-bb6d-47ea-84ed-54922eff4277,StandardLoad,load_1125~1,1125,pr8,False,True,1.717,1.717,,,load,high
ac545024-49a2-403e-bc65-cd6a3ccc269a,StandardLoad,load_965~1,965,pr8,False,True,0.175,0.175,,,load,high
77e7f0cc-a7eb-4ba3-99b5-a1ad4066db49,StandardLoad,Gurabo_load_929~1_demand_proj~new,929,pr234,True,True,4.26697858,3.4889008025,,,load,high
e7afff2b-3caa-49b7-a46b-77daedd8cfd8,StandardLoad,load_89~1,89,pr41,False,True,12.976,12.976,,,load,high
f9b8dc2a-7edc-4ed1-ba82-066f52fc794b,StandardLoad,Guayama_load_287~1_demand_proj~new,287,pr8,True,True,1.84132789,1.4528092990909092,,,load,high
07c6caf8-c3dc-4b85-8207-cf7cba1c47b4,StandardLoad,load_529~1,529,pr86,False,True,1.054,1.054,,,load,high
1debb0c2-e0cb-4d80-9a28-876146fba11f,StandardLoad,load_164~1,164,pr45,False,True,7.0809999999999995,7.0809999999999995,,,load,high
a9cdb482-43c5-411b-aff3-a9657e5f4308,StandardLoad,load_364~1,364,pr82,False,True,0.23599999999999996,0.23599999999999996,,,load,high
638ceabc-9ebc-4fb3-8b5f-6352e5df1879,StandardLoad,load_871~SL,871,pr321,False,True,26.0,26.0,,,load,high
db30793f-1632-4b72-af73-be518fd7358d,StandardLoad,Cayey_load_760~1_demand_proj~new,760,pr10,True,True,2.6816598480000002,2.0256521513333334,,,load,high
5e5a9efd-79b5-4dec-896e-d9576ce09ff2,StandardLoad,San Juan_load_663~1_demand_proj~new,663,pr84,True,True,4.2455050137096775,3.1162709637096775,,,load,high
05c3f9ef-99fd-4493-892a-68db3e332417,StandardLoad,load_437~1,437,pr14,False,True,0.149,0.149,,,load,high
f8f7e836-f96f-4c14-bdc3-30fbd6d6e33c,StandardLoad,Dorado_load_595~1_demand_proj~new,595,pr93,True,True,3.944152446666666,3.2089917466666664,,,load,high
0d6ad762-cdd5-4dfd-9122-a765527bef71,StandardLoad,Cayey_load_930~1_demand_proj~new,930,pr10,True,True,2.6816598480000002,2.0256521513333334,,,load,high
637b7541-4718-4396-8365-6e14510ae387,StandardLoad,Hatillo_load_539~1_demand_proj~new,539,pr335,True,True,2.7178737566666666,2.1420876699999996,,,load,high
c8ecea66-6643-4bbc-84f0-e60d86cb4b76,StandardLoad,Guayama_load_94~1_demand_proj~new,94,pr8,True,True,1.84132789,1.4528092990909092,,,load,high
e3310ccc-b6af-4ab1-8fec-554f6cffce16,StandardLoad,load_639~1,639,pr313,False,True,0.432,0.432,,,load,high
851bdda5-a0c0-457d-986f-bcecac6df2e9,StandardLoad,load_104~1,104,pr103,False,True,5.764,5.764,,,load,high
1d58996f-61a6-46fa-ac29-c8e0974eaad5,StandardLoad,Caguas_load_199~1_demand_proj~new,199,pr21,True,True,5.0412909,3.99177401173913,,,load,high
da0401fb-c15d-4b48-8d7e-5b5b66fb0ac4,StandardLoad,Ponce_load_700~1_demand_proj~new,700,pr313,True,True,2.7466712411764704,2.162378388235294,,,load,high
8f542b66-8bfb-474c-9356-53c5cb954eff,StandardLoad,load_677~1,677,pr231,False,True,0.045,0.045,,,load,high
f6cac6d9-a3a6-4b67-97b1-27e5a510bee6,StandardLoad,Salinas_load_822~1_demand_proj~new,822,pr106,True,True,0.871347092,0.6882953135000001,,,load,high
08ad3cdc-128f-4dea-a9f8-d36ba93f7e65,StandardLoad,load_27~1,27,pr169,False,True,7.771,7.771,,,load,high
c822e66e-0225-4b83-8791-603b6eda5bdb,StandardLoad,load_881~1,881,pr440,False,True,0.6,0.6,,,load,high
cace8aef-0c86-437f-8c45-aad7aa88ec49,StandardLoad,load_168~1,168,pr63,False,True,0.068,0.068,,,load,high
b786f28e-332c-47eb-b542-98aebf8c9c09,StandardLoad,Carolina_load_137~1_demand_proj~new,137,pr84,True,True,5.546111667741935,4.38885534516129,,,load,high
12e9ab5a-98c9-48ce-9c5e-3673e12aa211,StandardLoad,load_476~1,476,pr10,False,True,0.734,0.734,,,load,high
64356511-c4db-4e8a-a829-c8d78b7ef7cf,StandardLoad,Río Grande_load_178~1_demand_proj~new,178,pr82,True,True,3.8016742533333328,2.998522042222222,,,load,high
391643ad-8585-466b-86b9-494440745291,StandardLoad,load_741~1,741,pr82,False,True,1.102,1.102,,,load,high
1a4a17b5-b303-4f2e-8370-e911ca21d2a6,StandardLoad,load_53~1,53,pr84,False,True,4.659,4.659,,,load,high
ff99ffc6-817e-4620-bc1a-fc3dfef90f22,StandardLoad,San Juan_load_970~1_demand_proj~new,970,pr50,True,True,4.2455050137096775,3.1162709637096775,,,load,high
c2f668f3-e739-432a-b8b7-4ed75a3122db,StandardLoad,Camuy_load_494~1_demand_proj~new,494,pr335,True,True,5.363729436666667,4.24313777,,,load,high
120e5fce-4652-4559-8d51-08140d210b03,StandardLoad,Ponce_load_795~1_demand_proj~new,795,pr103,True,True,2.7466712411764704,2.162378388235294,,,load,high
10d2f660-9b8d-4ee5-9a99-c05014eac627,StandardLoad,Aguada_load_118~1_demand_proj~new,118,pr32,True,True,3.8263004080000003,3.018286924,,,load,high
e8e5e5d1-39e3-44e1-a5ed-571b1708e031,StandardLoad,Arecibo_load_881~1_demand_proj~new,881,pr440,True,True,2.4877650953125,1.973074855,,,load,high
9a44d2f0-f2c8-4e12-a4e6-96ebe935fc3d,StandardLoad,Carolina_load_182~1_demand_proj~new,182,pr82,True,True,5.546111667741935,4.38885534516129,,,load,high
6c326361-be83-4d36-a566-09b05bf966fa,StandardLoad,San Juan_load_907~1_demand_proj~new,907,pr87,True,True,4.2455050137096775,3.1162709637096775,,,load,high
4f9aaa61-0357-47d7-8277-ac658f033c4b,StandardLoad,Hatillo_load_381~1_demand_proj~new,381,pr335,True,True,2.7178737566666666,2.1420876699999996,,,load,high
28bcc27f-3794-47a9-8c48-7c011eee9c26,StandardLoad,Naguabo_load_698~1_demand_proj~new,698,pr16,True,True,2.128323861428571,1.6920299114285715,,,load,high
d15baec2-8a8e-49aa-bbb8-dbb1be484173,StandardLoad,Arecibo_load_989~1_demand_proj~new,989,pr40,True,True,2.4877650953125,1.973074855,,,load,high
2b069a65-0761-426e-afa4-1bbdc5cb0471,StandardLoad,Santa Isabel_load_412~SL_demand_proj~new,412,pr296,True,True,1.7713124090909094,1.4194876254545457,,,load,high
cf7cc0f4-38f1-4258-9aef-264620ef8ea0,StandardLoad,San Juan_load_134~1_demand_proj~new,134,pr392,True,True,4.2455050137096775,3.1162709637096775,,,load,high
523052d5-b08d-435b-8673-b02466f2a649,StandardLoad,San Juan_load_951~1_demand_proj~new,951,pr87,True,True,4.2455050137096775,3.1162709637096775,,,load,high
cf75c233-ef95-4e3a-9cde-4f48ed532e94,StandardLoad,load_552~1,552,pr335,False,True,8.806,8.806,,,load,high
fc661e87-6176-4337-a949-ad01482eef13,StandardLoad,San Juan_load_1021~1_demand_proj~new,1021,pr87,True,True,4.2455050137096775,3.1162709637096775,,,load,high
5451d04c-8996-4663-8371-2adb8ec6d132,StandardLoad,load_501~1,501,pr50,False,True,7.472000000000001,7.472000000000001,,,load,high
21f6487e-db6b-44c4-bae0-cb8fcee2cfb6,StandardLoad,Isabela_load_987~1_demand_proj~new,987,pr100,True,True,2.96060590125,2.345122895,,,load,high
501eb84f-d09b-4239-92d7-cbc080d6e6a8,StandardLoad,load_1120~1,1120,pr86,False,True,9.698,9.698,,,load,high
99d7ff9a-3cab-451b-91b0-c3ba820473ab,StandardLoad,load_524~1,524,pr85,False,True,0.776,0.776,,,load,high
300b2f96-e874-4012-932b-3d64d929aada,StandardLoad,load_658~1,658,pr234,False,True,5.612,5.612,,,load,high
14fcc12c-34b8-41a8-a173-20e20e51def5,StandardLoad,load_902~1,902,pr902,False,True,1.01,1.01,,,load,high
09eb5c0c-3fc8-4e16-9f06-3e4d62ddd9d6,StandardLoad,Toa Alta_load_493~1_demand_proj~new,493,pr93,True,True,10.5362312975,8.3736135675,,,load,high
cb450e6b-fa20-46f5-b4a4-1dd467dd60e0,StandardLoad,load_228~1,228,pr335,False,True,6.697,6.697,,,load,high
2feb6dd7-d838-430c-890e-45b9d637a32b,StandardLoad,load_387~1,387,pr100,False,True,5.322,5.322,,,load,high
4aa20a27-2b55-442e-84cf-ec0d3566a580,StandardLoad,Cayey_load_650~1_demand_proj~new,650,pr10,True,True,2.6816598480000002,2.0256521513333334,,,load,high
c3462cc8-2876-4897-86c2-3bf29cf6e601,StandardLoad,load_747~1,747,pr93,False,True,1.079,1.079,,,load,high
f587acb3-6e7d-4caf-990a-4a399bcb2d12,StandardLoad,load_485~1,485,pr10,False,True,0.11499999999999999,0.11499999999999999,,,load,high
cb2f80d9-12e7-4df0-93b2-ee76f7718dde,StandardLoad,San Germán_load_703~1_demand_proj~new,703,pr169,True,True,1.4123277133333334,1.1206812213333333,,,load,high
9483b6e2-0bb8-4192-b643-c49fbb2c6105,StandardLoad,Humacao_load_496~1_demand_proj~new,496,pr14,True,True,2.659779135769231,2.0889401965384615,,,load,high
1fd710a9-97d7-493b-b986-fb1e3f23dbdf,StandardLoad,Aguada_load_517~1_demand_proj~new,517,pr32,True,True,3.8263004080000003,3.018286924,,,load,high
61c1bd7b-a21b-4fd4-a5e4-f4a0b7b2e76e,StandardLoad,load_693~1,693,pr313,False,True,0.397,0.397,,,load,high
351f9ad4-5dee-446a-a0ff-878ffc7379b6,StandardLoad,load_378~1,378,pr378,False,True,15.52,15.52,,,load,high
245856b3-fd74-456d-a8e9-2d5a1936d814,StandardLoad,Juana Díaz_load_193~1_demand_proj~new,193,pr313,True,True,3.2169329574999996,2.6340751308333332,,,load,high
80039cad-84d4-490c-952b-8808b09b6b51,StandardLoad,Vega Baja_load_269~1_demand_proj~new,269,pr41,True,True,4.177719204000001,3.421581247000001,,,load,high
f6044abc-8829-4875-920f-aab7e147585f,StandardLoad,load_173~1,173,pr85,False,True,1.405,1.405,,,load,high
6144e619-9fc1-4470-b98f-ab01df4c7b6c,StandardLoad,load_1162~1,1162,pr41,False,True,0.05099999999999999,0.05099999999999999,,,load,high
4a9bae60-a86a-412c-883d-ccaeb221cb1b,StandardLoad,Manatí_load_793~1_demand_proj~new,793,pr153,True,True,3.2691944917647056,2.4881356388235294,,,load,high
6b3b91af-2604-4722-a181-cf499b78c339,StandardLoad,load_147~1,147,pr86,False,True,0.246,0.246,,,load,high
a6e11dd0-6b8a-425a-b319-4d9a207c5537,StandardLoad,load_343~1,343,pr343,False,True,1.083,1.083,,,load,high
6312b8fa-2429-442f-b7e6-8d08d27b50d9,StandardLoad,load_35~1,35,pr35,False,True,7.492999999999999,7.492999999999999,,,load,high
d0edfa9d-e9af-4c99-9568-424341b78e5c,StandardLoad,Loíza_PV_MV       -97033_demand_proj~new,97033,pr82,True,True,1.636761164333333,1.3077864011666667,,,load,high
38e28e3a-9730-42df-b894-2d850c1c28ec,StandardLoad,load_1097~1,1097,pr45,False,True,0.008,0.008,,,load,high
f92a8e2e-fbdc-4d2f-b32f-42d699e171d4,StandardLoad,Arecibo_load_588~1_demand_proj~new,588,pr335,True,True,2.4877650953125,1.973074855,,,load,high
9c9ba662-7fe1-4e9c-98bc-fbf130395bde,StandardLoad,San Juan_load_540~1_demand_proj~new,540,pr87,True,True,4.2455050137096775,3.1162709637096775,,,load,high
c4a15375-668b-4744-8e5a-75cac2b8474e,StandardLoad,load_753~1,753,pr41,False,True,1.241,1.241,,,load,high
efd885ab-1798-4337-85fb-4483779d4341,StandardLoad,Mayagüez_load_677~SL_demand_proj~new,677,pr231,True,True,3.375525496521739,2.61418767,,,load,high
e28d0da4-0356-4717-8ffe-cc6cb063f580,StandardLoad,Guaynabo_load_545~1_demand_proj~new,545,pr545,True,True,4.96737684137931,3.925511120689655,,,load,high
534b114e-bb29-4eb4-8428-7cf97f0cafd7,StandardLoad,San Juan_load_813~1_demand_proj~new,813,pr88,True,True,4.2455050137096775,3.1162709637096775,,,load,high
304b70ba-eb6e-4664-b065-317213bda6f6,StandardLoad,load_94~1,94,pr8,False,True,11.524,11.524,,,load,high
2bfcc740-8994-49b1-b8cd-1b4882ebf915,StandardLoad,load_663~1,663,pr84,False,True,0.018,0.018,,,load,high
5e5f01b9-f1c9-40d5-ba45-15905f0ad622,StandardLoad,Salinas_load_826~1_demand_proj~new,826,pr106,True,True,0.871347092,0.6882953135000001,,,load,high
4c640065-3952-4708-90eb-21d8b941a4ee,StandardLoad,load_36~1,36,pr335,False,True,4.756,4.756,,,load,high
9bf650b1-ee63-449c-8471-67cd34439199,StandardLoad,load_490~1,490,pr45,False,True,0.9250000000000002,0.9250000000000002,,,load,high
6d32d18f-46e4-47ec-a9eb-3cb9b6c183fb,StandardLoad,Mayagüez_load_28~1_demand_proj~new,28,pr29,True,True,3.375525496521739,2.61418767,,,load,high
e8dd2857-d33e-471b-ae01-bfaa9e216567,StandardLoad,load_1175~1,1175,pr2,False,True,0.017,0.017,,,load,high
d5014780-8242-4948-9704-f8c9214a2993,StandardLoad,load_635~1,635,pr169,False,True,0.341,0.341,,,load,high
4a2595ee-ed55-42fe-9061-21a2efba11f4,StandardLoad,load_309~1,309,pr21,False,True,2.509,2.509,,,load,high
5d6c5b9c-0457-4d06-9440-72405a0358ea,StandardLoad,Loíza_MERCEDES    -282_demand_proj~new,282,pr82,True,True,1.636761164333333,1.3077864011666667,,,load,high
4492c775-58bb-4a5a-b161-fe773e5c84d4,StandardLoad,load_521~1,521,pr85,False,True,0.95,0.95,,,load,high
eacf360b-dfdd-4c77-b821-ffaa5d2ca129,StandardLoad,Moca_load_534~1_demand_proj~new,534,pr32,True,True,3.310628844,2.6365172500000003,,,load,high
4ae9dea8-81c6-47b1-a22c-73c829e4eef6,StandardLoad,Peñuelas_load_637~1_demand_proj~new,637,pr2,True,True,1.6820572242857144,1.3528431705714283,,,load,high
4b3253c3-1ea9-469e-a81d-dc72e0cf47a7,StandardLoad,load_189~1,189,pr8,False,True,2.903,2.903,,,load,high
916a1d14-6414-4059-accc-628d14601087,StandardLoad,Dorado_load_248~1_demand_proj~new,248,pr93,True,True,3.944152446666666,3.2089917466666664,,,load,high
03c620ba-8e90-498f-9d11-14e894a6ccca,StandardLoad,Salinas_load_824~1_demand_proj~new,824,pr106,True,True,0.871347092,0.6882953135000001,,,load,high
e9da7aee-4a2d-483f-bc71-5ebae1ad46bd,StandardLoad,San Juan_load_1051~1_demand_proj~new,1051,pr392,True,True,4.2455050137096775,3.1162709637096775,,,load,high
7b11bb0a-51e3-4fbb-85db-d9c5715a0407,StandardLoad,Santa Isabel_load_412~1_demand_proj~new,412,pr296,True,True,1.7713124090909094,1.4194876254545457,,,load,high
28ef5715-84d0-497b-82af-fe5c79c619da,StandardLoad,load_764~1,764,pr14,False,True,0.252,0.252,,,load,high
03535239-9dd5-4894-8b7b-d8528c0b1988,StandardLoad,load_1207~1,1207,pr353,False,True,4.978,4.978,,,load,high
d479d7e6-a2d7-4802-b2f1-3dd6c68c18c4,StandardLoad,load_209~1,209,pr101,False,True,2.35,2.35,,,load,high
f1d256b8-67e8-407d-be8a-f25f2632a11a,StandardLoad,load_165~1,165,pr378,False,True,3.154,3.154,,,load,high
1cd0051e-c065-4210-8342-7461f8a926c6,StandardLoad,load_97371~99,97371,pr313,False,True,-2.1,-2.1,,,load,high
94ff17f0-8ea4-43bd-8df4-af8666b8f3da,StandardLoad,San Juan_load_945~1_demand_proj~new,945,pr87,True,True,4.2455050137096775,3.1162709637096775,,,load,high
56208fa6-3a74-49c4-928e-f7002082caae,StandardLoad,San Juan_load_544~1_demand_proj~new,544,pr84,True,True,4.2455050137096775,3.1162709637096775,,,load,high
faa62279-acae-448a-8077-984c4c5084ca,StandardLoad,load_359~1,359,pr275,False,True,4.826,4.826,,,load,high
64733e25-0dc0-44b4-83ba-d3cfabc4befc,StandardLoad,load_382~1,382,pr35,False,True,2.027,2.027,,,load,high
7adf7fcc-f54b-4d1e-940e-d089b06c1e10,StandardLoad,load_1050~1,1050,pr87,False,True,1.402,1.402,,,load,high
d258b4d5-2209-474a-8c0f-64a8631e263c,StandardLoad,load_589~SL,589,pr40,False,True,30.0,30.0,,,load,high
ae5712f2-aab7-41f9-81f9-787ad17fa713,StandardLoad,Guaynabo_load_1040~1_demand_proj~new,1040,pr1040,True,True,4.96737684137931,3.925511120689655,,,load,high
c7259167-ced1-4887-bec0-a11c4255ba8d,StandardLoad,Humacao_load_98~1_demand_proj~new,98,pr14,True,True,2.659779135769231,2.0889401965384615,,,load,high
fd337925-d7e3-478d-838c-9fc68f2592db,StandardLoad,Mayagüez_load_367~1_demand_proj~new,367,pr29,True,True,3.375525496521739,2.61418767,,,load,high
d53c2c3e-51b5-4626-a382-7de9e41acbc0,StandardLoad,load_1036~1,1036,pr231,False,True,0.027,0.027,,,load,high
15712323-bace-4e34-94e6-5039b2ca5b67,StandardLoad,Santa Isabel_load_296~1_demand_proj~new,296,pr296,True,True,1.7713124090909094,1.4194876254545457,,,load,high
a5b8532b-e893-4ce8-a2f7-bf572d0ab4b2,StandardLoad,load_272~1,272,pr3,False,True,0.297,0.297,,,load,high
69fd10c9-d83d-4f38-a6fe-8db4d7d8abec,StandardLoad,load_281~1,281,pr281,False,True,3.9510000000000005,3.9510000000000005,,,load,high
941b3cba-71f2-4411-b78d-7985636339e6,StandardLoad,Juana Díaz_load_693~1_demand_proj~new,693,pr313,True,True,3.2169329574999996,2.6340751308333332,,,load,high
eba7db0a-6b48-4be3-94ef-6804891a4420,StandardLoad,load_1135~SL,1135,pr85,False,True,10.0,10.0,,,load,high
ed47e419-481b-4d84-ab32-3c47a393a0a7,StandardLoad,load_778~1,778,pr41,False,True,0.188,0.188,,,load,high
b7a84fc1-590d-403a-91bd-7c36a2f3d65e,StandardLoad,Toa Baja_load_992~1_demand_proj~new,992,pr93,True,True,3.129731799411765,2.522868304117647,,,load,high
78dae771-5375-4b90-8655-5974f31a65d6,StandardLoad,San Juan_load_901~1_demand_proj~new,901,pr87,True,True,4.2455050137096775,3.1162709637096775,,,load,high
c86c4788-6f5b-4483-a70a-f007d13a69ad,StandardLoad,Comerío_load_773~1_demand_proj~new,773,pr275,True,True,1.8073782984999998,1.4356669175,,,load,high
535249fa-b47e-4ea9-be0a-c89fb1513645,StandardLoad,Carolina_load_743~1_demand_proj~new,743,pr82,True,True,5.546111667741935,4.38885534516129,,,load,high
3a8e5de0-4de3-4390-9be2-d044748ab1d2,StandardLoad,Guayama_load_8~SL_demand_proj~new,8,pr8,True,True,1.84132789,1.4528092990909092,,,load,high
426402e7-77cc-47ba-b913-195d87cc6351,StandardLoad,load_198~SL,198,pr3,False,True,18.0,18.0,,,load,high
1b456cf5-130d-4cfe-814c-4273c641c767,StandardLoad,San Juan_load_532~1_demand_proj~new,532,pr86,True,True,4.2455050137096775,3.1162709637096775,,,load,high
ded8aea3-a8b1-4c98-881a-dbd501350bba,StandardLoad,Canóvanas_load_1173~1_demand_proj~new,1173,pr82,True,True,2.5950749772727275,2.0609296972727273,,,load,high
cb04a0c5-7057-42bd-9a4e-e822b0ca6e39,StandardLoad,Trujillo Alto_load_520~1_demand_proj~new,520,pr85,True,True,5.96920140125,4.72877376,,,load,high
e4ff4637-b76c-4609-846d-56edfbc7cc26,StandardLoad,Cabo Rojo_load_518~1_demand_proj~new,518,pr116,True,True,2.990703023,2.384224996,,,load,high
10030f14-797a-464c-b0eb-b0d0d3204a47,StandardLoad,San Juan_load_59~1_demand_proj~new,59,pr392,True,True,4.2455050137096775,3.1162709637096775,,,load,high
05bbe326-6086-4da4-99f6-dadd02ce01d7,StandardLoad,load_450~1,450,pr296,False,True,3.182,3.182,,,load,high
d113d018-faba-44b7-9f56-db4173ee52b7,StandardLoad,load_538~1,538,pr87,False,True,2.05,2.05,,,load,high
ddfa9b17-b5c8-4712-88b7-096e83d85978,StandardLoad,load_1167~1,1167,pr21,False,True,1.077,1.077,,,load,high
f19d2af8-e6d0-4d88-b67d-4f2eec720343,StandardLoad,load_346~1,346,pr8,False,True,3.116,3.116,,,load,high
34adb12f-4b3c-466d-bd31-6c3723537698,StandardLoad,load_767~1,767,pr14,False,True,10.604,10.604,,,load,high
64ef0940-0416-4b9b-abbf-521e1fd4b14d,StandardLoad,Bayamón_load_1019~1_demand_proj~new,1019,pr378,True,True,3.8089114333333334,2.9982147755555553,,,load,high
53ccb455-ba44-4b96-9294-3cffb59887ca,StandardLoad,Naguabo_load_697~1_demand_proj~new,697,pr16,True,True,2.128323861428571,1.6920299114285715,,,load,high
4383e391-4168-4a02-92c0-05e7ac1883ca,StandardLoad,Canóvanas_load_418~1_demand_proj~new,418,pr82,True,True,2.5950749772727275,2.0609296972727273,,,load,high
6eb2c7ee-516d-49a8-9042-7ac3e3fe949d,StandardLoad,Manatí_load_745~1_demand_proj~new,745,pr153,True,True,3.2691944917647056,2.4881356388235294,,,load,high
97a59185-ba3f-4def-8883-3eb1d815c512,StandardLoad,Dorado_load_1174~1_demand_proj~new,1174,pr93,True,True,3.944152446666666,3.2089917466666664,,,load,high
40d6124d-e665-4cb4-9cec-007a8f63a636,StandardLoad,Aguada_load_1083~1_demand_proj~new,1083,pr32,True,True,3.8263004080000003,3.018286924,,,load,high
6821e6c3-3f30-44a9-9ac8-a6d489a5aef9,StandardLoad,load_544~1,544,pr84,False,True,0.753,0.753,,,load,high
e307764e-28bd-49fb-8320-a0c7b94bf8a4,StandardLoad,load_797~1,797,pr234,False,True,0.9329999999999999,0.9329999999999999,,,load,high
199465e0-9a0c-4d3f-b1dc-06ffa6d6a5cb,StandardLoad,load_952~1,952,pr63,False,True,0.89,0.89,,,load,high
76adad7a-42fb-41cd-932f-5ae1cfd3d660,StandardLoad,Bayamón_load_780~1_demand_proj~new,780,pr45,True,True,3.8089114333333334,2.9982147755555553,,,load,high
849696c5-deb3-48c2-b44a-43ff508da0be,StandardLoad,load_702~1,702,pr14,False,True,1.038,1.038,,,load,high
4395dde1-d8f0-4f0b-bff8-ce641031dad8,StandardLoad,San Juan_load_567~1_demand_proj~new,567,pr85,True,True,4.2455050137096775,3.1162709637096775,,,load,high
03c303d5-9803-4d6f-94f1-7f408f89a19b,StandardLoad,Dorado_load_245~1_demand_proj~new,245,pr93,True,True,3.944152446666666,3.2089917466666664,,,load,high
e98c6bb9-e11e-4573-9084-7efc128b4547,StandardLoad,Guayanilla_load_804~1_demand_proj~new,804,pr2,True,True,2.387760682,1.8710107328000003,,,load,high
2e7965da-52b1-4ed4-aa19-667d2c53ba55,StandardLoad,Arecibo_load_297~1_demand_proj~new,297,pr102,True,True,2.4877650953125,1.973074855,,,load,high
fb414541-7794-4da2-a4d5-e32f9ad253cc,StandardLoad,load_207~1,207,pr21,False,True,6.354,6.354,,,load,high
78151c83-281e-49ea-bbb1-912acabd6a0f,StandardLoad,load_993~1,993,pr2,False,True,6.12,6.12,,,load,high
16056a08-e564-42a2-bc66-260fb29bb686,StandardLoad,Manatí_load_903~1_demand_proj~new,903,pr153,True,True,3.2691944917647056,2.4881356388235294,,,load,high
88c6ec9e-e7c0-4c4f-b0b7-f19c5b077369,StandardLoad,Caguas_load_453~1_demand_proj~new,453,pr21,True,True,5.0412909,3.99177401173913,,,load,high
d1aa0ed0-47bf-4aa3-bdc0-e11c56b2eeb8,StandardLoad,load_376~1,376,pr169,False,True,0.971,0.971,,,load,high
0d5badbf-9513-4f3f-a0b1-0ba6ca7ff109,StandardLoad,San Juan_load_66~1_demand_proj~new,66,pr87,True,True,4.2455050137096775,3.1162709637096775,,,load,high
cbe87735-fad4-4941-a779-567026ab0155,StandardLoad,Barceloneta_load_436~1_demand_proj~new,436,pr102,True,True,2.86514471,2.1817538754545454,,,load,high
dd8e1c56-a49b-4c22-b195-bad40423ac30,StandardLoad,Mayagüez_load_328~1_demand_proj~new,328,pr29,True,True,3.375525496521739,2.61418767,,,load,high
085a9b2b-d0a1-4520-b20c-2809cdcc0004,StandardLoad,load_18~1,18,pr18,False,True,0.8,0.8,,,load,high
057598de-246b-49fa-b8de-39be9ab542f3,StandardLoad,load_37~1,37,pr38,False,True,0.744,0.744,,,load,high
3efd5034-c0fb-4737-b832-a85eebf9f4b7,StandardLoad,Bayamón_load_707~1_demand_proj~new,707,pr378,True,True,3.8089114333333334,2.9982147755555553,,,load,high
9c632c3c-be76-4077-8ce2-dd057bef8022,StandardLoad,Guaynabo_load_659~1_demand_proj~new,659,pr87,True,True,4.96737684137931,3.925511120689655,,,load,high
e324affd-05b9-4a73-8a6f-80e0276a05ca,StandardLoad,San Juan_load_241~1_demand_proj~new,241,pr87,True,True,4.2455050137096775,3.1162709637096775,,,load,high
60211569-0c56-4a00-bd84-6a482683e6f4,StandardLoad,load_1189~1,1189,pr87,False,True,0.765,0.765,,,load,high
e228921e-b80d-46fb-af11-c98186ebe545,StandardLoad,load_569~1,569,pr50,False,True,1.6680000000000001,1.6680000000000001,,,load,high
52f2847f-809b-448d-943d-2f313996e74e,StandardLoad,Ponce_load_104~1_demand_proj~new,104,pr103,True,True,2.7466712411764704,2.162378388235294,,,load,high
70f0a313-d945-4d48-87f2-57c817c5cd75,StandardLoad,load_1173~1,1173,pr82,False,True,0.652,0.652,,,load,high
fd7fef1d-9cd0-4be8-b597-44ab7e7417f5,StandardLoad,load_882~1,882,pr440,False,True,0.6,0.6,,,load,high
36dcac18-85aa-4ac5-9b4c-788628ff8ae3,StandardLoad,Río Grande_load_731~1_demand_proj~new,731,pr211,True,True,3.8016742533333328,2.998522042222222,,,load,high
e261e1c4-31f4-4d32-b79e-58acca09a6b8,StandardLoad,load_653~1,653,pr45,False,True,0.73,0.73,,,load,high
d4594b86-e9a4-4be4-8c5d-1dbda3bfcb7a,StandardLoad,load_657~1,657,pr213,False,True,1.476,1.476,,,load,high
2dfef829-7aaf-4a88-bff3-692697586261,StandardLoad,Guaynabo_load_921~1_demand_proj~new,921,pr50,True,True,4.96737684137931,3.925511120689655,,,load,high
2a17817a-4d1d-4515-b0ec-ad100c9d6bd2,StandardLoad,Toa Baja_load_263~1_demand_proj~new,263,pr93,True,True,3.129731799411765,2.522868304117647,,,load,high
db4999c2-77fa-4743-8900-1ba8d0e4804d,StandardLoad,load_574~1,574,pr21,False,True,1.416,1.416,,,load,high
6dcc5b2a-4f52-457c-868d-ee1cb6b22b18,StandardLoad,load_772~1,772,pr275,False,True,0.004,0.004,,,load,high
bbf17537-e4aa-4cc9-9d68-ef07a76b4b80,StandardLoad,load_1075~1,1075,pr84,False,True,3.7830000000000004,3.7830000000000004,,,load,high
4d36362e-da5e-431d-9aee-58d87b2a5c44,StandardLoad,load_907~1,907,pr87,False,True,0.348,0.348,,,load,high
85b3d025-09ea-4217-866c-a7e7c6767794,StandardLoad,load_792~1,792,pr103,False,True,0.068,0.068,,,load,high
1f9b3c31-eb68-4b61-a2de-a0fec14753db,StandardLoad,Arecibo_load_389~1_demand_proj~new,389,pr40,True,True,2.4877650953125,1.973074855,,,load,high
d04ae8f3-af6b-4ea8-9b73-acb5275f5bea,StandardLoad,load_546~1,546,pr378,False,True,0.22300000000000003,0.22300000000000003,,,load,high
c47aabd8-3dc4-44b3-a530-e11d56342fc9,StandardLoad,load_932~1,932,pr378,False,True,0.188,0.188,,,load,high
00069d69-29ca-4c49-b598-6507c515b263,StandardLoad,load_527~1,527,pr32,False,True,0.247,0.247,,,load,high
6e3770b3-b9d9-477b-a899-ac6eba736699,StandardLoad,load_463~1,463,pr3,False,True,2.528,2.528,,,load,high
32eb6cf5-5a95-40c9-8a20-e53675b195ff,StandardLoad,load_731~1,731,pr211,False,True,1.519,1.519,,,load,high
81830bc5-99f9-4e0e-8a2e-c0bf419bd2c4,StandardLoad,load_436~1,436,pr102,False,True,6.81,6.81,,,load,high
2dbab3df-9a20-4184-a3dd-379931165e50,StandardLoad,load_701~1,701,pr14,False,True,0.9119999999999999,0.9119999999999999,,,load,high
93405447-6e11-4b5c-b968-58544079cc13,StandardLoad,load_962~1,962,pr82,False,True,0.23599999999999996,0.23599999999999996,,,load,high
17457eec-abeb-4f1f-b1a7-c6537d3e5b26,StandardLoad,San Juan_load_52~1_demand_proj~new,52,pr87,True,True,4.2455050137096775,3.1162709637096775,,,load,high
2f680c9a-e988-4340-aec2-ff5b72c56258,StandardLoad,San Lorenzo_load_910~1_demand_proj~new,910,pr234,True,True,2.55329710875,2.0573470075,,,load,high
22c00f49-df81-46fe-8019-bbf6a008689a,StandardLoad,load_734~1,734,pr45,False,True,0.146,0.146,,,load,high
75976742-50c7-499a-a12e-f9d9cef83443,StandardLoad,Arecibo_load_941~1_demand_proj~new,941,pr335,True,True,2.4877650953125,1.973074855,,,load,high
f03138e0-698c-4796-8e4a-a4361182a683,StandardLoad,Mayagüez_load_508~1_demand_proj~new,508,pr29,True,True,3.375525496521739,2.61418767,,,load,high
6a06154f-36ef-4aa2-9e6a-6c19a5a4fcda,StandardLoad,load_484~1,484,pr116,False,True,0.2,0.2,,,load,high
fef0db26-7b8a-40a4-9724-86b50082aabb,StandardLoad,Manatí_load_716~1_demand_proj~new,716,pr153,True,True,3.2691944917647056,2.4881356388235294,,,load,high
299457ea-1eb3-4dff-8b3a-3c0f9e630529,StandardLoad,Patillas_load_965~1_demand_proj~new,965,pr8,True,True,2.9877980920000002,2.3657667669999998,,,load,high
89da9e85-b164-4aae-ad07-0de05a0d4838,StandardLoad,Aguadilla_load_528~1_demand_proj~new,528,pr32,True,True,3.218285664375,2.51482391125,,,load,high
5169c388-472d-4883-af88-700a181e72e6,StandardLoad,load_968~1,968,pr3,False,True,2.555,2.555,,,load,high
d82ee641-605b-4970-88b0-1e094d5ea0ff,StandardLoad,Las Piedras_load_284~1_demand_proj~new,284,pr234,True,True,2.2091729293333335,1.7617399426666667,,,load,high
d1f034ed-0914-40c9-a9dd-cddc821f578f,StandardLoad,load_190~1,190,pr190,False,True,48.501,48.501,,,load,high
34056808-03dd-4d1e-8903-fb4d8db99987,StandardLoad,load_20~1,20,pr234,False,True,6.297999999999999,6.297999999999999,,,load,high
a330e519-900a-4e76-84c7-cc9fe338ba72,StandardLoad,load_826~1,826,pr106,False,True,0.197,0.197,,,load,high
39a787ee-b2db-4cb2-b29d-a9e2188ffab4,StandardLoad,load_680~1,680,pr35,False,True,0.22300000000000003,0.22300000000000003,,,load,high
12a737db-afdc-4843-b237-ec1f6cd7435f,StandardLoad,load_696~1,696,pr10,False,True,0.514,0.514,,,load,high
0b07d013-f642-4444-80b7-a45d3b84e60c,StandardLoad,Carolina_load_1075~1_demand_proj~new,1075,pr84,True,True,5.546111667741935,4.38885534516129,,,load,high
058d2a6e-99b4-4e9a-9616-c7b539fc2127,StandardLoad,Carolina_load_565~1_demand_proj~new,565,pr84,True,True,5.546111667741935,4.38885534516129,,,load,high
4819b9e1-1c8c-4020-a2a9-b8a18738e8b1,StandardLoad,load_114~1,114,pr3,False,True,2.936,2.936,,,load,high
3f4c2435-4f83-497b-8d5e-6b66531d0d18,StandardLoad,Vega Baja_load_605~1_demand_proj~new,605,pr41,True,True,4.177719204000001,3.421581247000001,,,load,high
b7f61773-faa8-4485-947d-d71a7cae52c6,StandardLoad,Bayamón_load_271~SL_demand_proj~new,271,pr271,True,True,3.8089114333333334,2.9982147755555553,,,load,high
9c9d9948-6288-4b48-9884-1108a6f428a5,StandardLoad,load_435~1,435,pr8,False,True,0.372,0.372,,,load,high
10264b19-9a08-4164-9440-13fd2483b2c1,StandardLoad,Juana Díaz_load_639~1_demand_proj~new,639,pr313,True,True,3.2169329574999996,2.6340751308333332,,,load,high
1a74bfeb-f4f7-42ab-a7d4-d6c3a5392f76,StandardLoad,San Juan_load_76~1_demand_proj~new,76,pr87,True,True,4.2455050137096775,3.1162709637096775,,,load,high
a2c0b95e-f82b-47fb-ae90-efe30e1f5f53,StandardLoad,San Juan_load_131~1_demand_proj~new,131,pr86,True,True,4.2455050137096775,3.1162709637096775,,,load,high
f14fc64d-abbe-4cd9-a5bf-68bb88ca79db,StandardLoad,Quebradillas_load_97111~1_demand_proj~new,97111,pr100,True,True,3.8434417299999994,3.044479213,,,load,high
cf652fa9-26da-4231-933e-ee5b768e0f3f,StandardLoad,Santa Isabel_load_1116~1_demand_proj~new,1116,pr296,True,True,1.7713124090909094,1.4194876254545457,,,load,high
4515c9be-04b0-4bf4-a960-1e97551672c2,StandardLoad,load_223~1,223,pr234,False,True,7.71,7.71,,,load,high
3e2fb769-c882-4b49-a6aa-e44c8724a53c,StandardLoad,Ponce_load_105~1_demand_proj~new,105,pr313,True,True,2.7466712411764704,2.162378388235294,,,load,high
4b2325f7-1a01-421f-9dd0-385e4d2f850f,StandardLoad,load_210~1,210,pr10,False,True,5.463,5.463,,,load,high
3857695a-5b17-4d94-92f6-b928d4e4ce6b,StandardLoad,Barceloneta_load_739~1_demand_proj~new,739,pr102,True,True,2.86514471,2.1817538754545454,,,load,high
bcecb11e-ced7-4a47-b754-b1e13eccea86,StandardLoad,load_23~1,23,pr23,False,True,6.583,6.583,,,load,high
518fac5b-4998-4f8b-8272-1215ce787976,StandardLoad,Bayamón_load_164~1_demand_proj~new,164,pr45,True,True,3.8089114333333334,2.9982147755555553,,,load,high
bed8aeef-ffab-429f-96dc-a8339dac1b47,StandardLoad,load_616~1,616,pr101,False,True,0.42699999999999994,0.42699999999999994,,,load,high
313dfa00-76e4-4890-b7cc-3fb7c86827ad,StandardLoad,San Germán_load_316~1_demand_proj~new,316,pr169,True,True,1.4123277133333334,1.1206812213333333,,,load,high
e4f1f7be-680c-4d76-bdff-bb83410895fe,StandardLoad,load_93~1,93,pr93,False,True,9.214,9.214,,,load,high
8b42864b-6da5-4bb4-8cd2-ee74c879bffe,StandardLoad,load_771~1,771,pr103,False,True,0.329,0.329,,,load,high
0b9699e5-487a-4c90-8546-a85ac5458bcf,StandardLoad,Fajardo_load_643~SL_demand_proj~new,643,pr18,True,True,2.7599555726666667,2.114202726,,,load,high
6b4b9383-da22-426a-b19a-367caa85bec0,StandardLoad,load_1088~1,1088,pr10,False,True,0.042,0.042,,,load,high
02a16c83-e077-42d6-b8da-243bd1602cb0,StandardLoad,load_730~1,730,pr3,False,True,0.307,0.307,,,load,high
6a6c3dfd-53e1-409c-ac93-568256bd5909,StandardLoad,Manatí_load_442~1_demand_proj~new,442,pr442,True,True,3.2691944917647056,2.4881356388235294,,,load,high
7260d08f-91b0-4eb7-b0a6-559ccf43f6d7,StandardLoad,Toa Baja_load_1030~1_demand_proj~new,1030,pr93,True,True,3.129731799411765,2.522868304117647,,,load,high
89e33bb4-5f5b-4af9-99a2-07756633a659,StandardLoad,load_781~1,781,pr45,False,True,0.18,0.18,,,load,high
44001c4e-2260-4ab1-8495-a61f0f4a2989,StandardLoad,load_41~1,41,pr41,False,True,8.461,8.461,,,load,high
0bb44d20-7223-471f-9987-b617c4db73d9,StandardLoad,load_561~1,561,pr100,False,True,-0.077,-0.077,,,load,high
b86a3d02-6e65-427e-9e37-605423844041,StandardLoad,Cataño_load_457~1_demand_proj~new,457,pr63,True,True,2.6828104554545456,2.0192525872727276,,,load,high
b61a9a3e-1f75-4180-9745-3e89748195f6,StandardLoad,load_958~1,958,pr82,False,True,1.136,1.136,,,load,high
e14445ba-6b89-453b-bdfc-70c4e6c797ed,StandardLoad,Cidra_load_477~1_demand_proj~new,477,pr10,True,True,2.06491981,1.6755519446153846,,,load,high
7f1f32d1-3bcd-472c-86f2-a7e4d1515eb3,StandardLoad,Carolina_load_524~1_demand_proj~new,524,pr85,True,True,5.546111667741935,4.38885534516129,,,load,high
83cd9636-cf6f-4e9e-a89d-2047db81aeb9,StandardLoad,Arecibo_load_902~1_demand_proj~new,902,pr902,True,True,2.4877650953125,1.973074855,,,load,high
96aab19c-6b4c-41c8-9aaf-d064920a485b,StandardLoad,San Juan_load_1188~1_demand_proj~new,1188,pr86,True,True,4.2455050137096775,3.1162709637096775,,,load,high
eff17c84-ee1a-4e26-ad87-54c6b2d7416e,StandardLoad,Ponce_load_608~1_demand_proj~new,608,pr3,True,True,2.7466712411764704,2.162378388235294,,,load,high
7076a202-2539-45ad-bb94-18a518f9ac3a,StandardLoad,Manatí_load_1090~1_demand_proj~new,1090,pr153,True,True,3.2691944917647056,2.4881356388235294,,,load,high
98a7a8da-fbe9-4994-bc39-118878b6f25e,StandardLoad,Hatillo_load_552~1_demand_proj~new,552,pr335,True,True,2.7178737566666666,2.1420876699999996,,,load,high
7002f307-0eed-4710-a05d-6dd51a83f311,StandardLoad,load_943~1,943,pr21,False,True,12.7,12.7,,,load,high
d46937e1-9699-411b-98d7-9ccfeff8e60b,StandardLoad,Maunabo_load_1034~1_demand_proj~new,1034,pr14,True,True,2.342614167,1.84962662,,,load,high
440110ed-e6fc-4bd8-92cf-684fe992d97c,StandardLoad,Yabucoa_load_1025~1_demand_proj~new,1025,pr1025,True,True,2.4504860216666664,1.9522838349999998,,,load,high
3a8c3a9a-504e-4bd1-b833-6c287afeb1db,StandardLoad,load_1011~1,1011,pr103,False,True,1.363,1.363,,,load,high
dcdcf258-c5dd-4b15-8533-6dba5cc50725,StandardLoad,load_617~1,617,pr14,False,True,0.178,0.178,,,load,high
f0eba452-3721-4f6e-b0ab-22c8d25dd4af,StandardLoad,Guánica_load_23~1_demand_proj~new,23,pr23,True,True,5.39499724,4.272411096,,,load,high
11ddf713-5c2b-4cef-9a66-9d9621ef1d25,StandardLoad,San Juan_load_469~1_demand_proj~new,469,pr50,True,True,4.2455050137096775,3.1162709637096775,,,load,high
93c63cc6-67b1-4fcf-a4ff-ca2239893db1,StandardLoad,Utuado_load_255~1_demand_proj~new,255,pr38,True,True,2.2832144149999998,1.7922246216666666,,,load,high
cfafad98-b4f5-4576-b093-774c87d38362,StandardLoad,Mayagüez_load_503~1_demand_proj~new,503,pr29,True,True,3.375525496521739,2.61418767,,,load,high
93e8f3ae-ff13-438a-809c-24534ad969a3,StandardLoad,load_913~1,913,pr45,False,True,0.007000000000000001,0.007000000000000001,,,load,high
3e826315-6cd8-4a99-954a-9421c33c1360,StandardLoad,Cidra_load_221~1_demand_proj~new,221,pr10,True,True,2.06491981,1.6755519446153846,,,load,high
2d0cf491-63e7-4912-9a8d-4183263e7788,StandardLoad,load_991~1,991,pr93,False,True,0.265,0.265,,,load,high
de3d133d-79fc-40b8-8a25-b99a0053abc0,StandardLoad,Manatí_load_405~1_demand_proj~new,405,pr153,True,True,3.2691944917647056,2.4881356388235294,,,load,high
55bc5e06-23dd-41b6-bf7e-259333d60f6d,StandardLoad,Isabela_load_382~1_demand_proj~new,382,pr35,True,True,2.96060590125,2.345122895,,,load,high
678dddf9-9d6c-4549-b102-6d46e6b504d9,StandardLoad,load_105~1,105,pr313,False,True,19.821,19.821,,,load,high
13d2233e-59d9-45b8-b79b-a780d375acba,StandardLoad,Bayamón_load_1018~1_demand_proj~new,1018,pr63,True,True,3.8089114333333334,2.9982147755555553,,,load,high
4a1ed9b7-65cb-4acb-bf4a-a7e3ba401d5b,StandardLoad,Aibonito_load_1088~1_demand_proj~new,1088,pr10,True,True,2.8548459483333333,2.2668580916666663,,,load,high
3b45189b-acab-4ba7-9f08-328c9f484c5e,StandardLoad,load_45~SL,45,pr45,False,True,40.0,40.0,,,load,high
1b8f39a1-f6b6-4567-8cec-f1d17b612118,StandardLoad,Guaynabo_load_723~1_demand_proj~new,723,pr87,True,True,4.96737684137931,3.925511120689655,,,load,high
a2827f0a-f1d5-4ff8-af6c-7290183c3c0a,StandardLoad,Caguas_load_200~1_demand_proj~new,200,pr21,True,True,5.0412909,3.99177401173913,,,load,high
9815d389-7fb7-4619-af78-2520a2d2d595,StandardLoad,Arecibo_load_589~SL_demand_proj~new,589,pr40,True,True,2.4877650953125,1.973074855,,,load,high
fa0a1b9e-843b-4d1e-9fe8-aa79789d7c08,StandardLoad,load_206~2,206,pr116,False,True,-3.853,-3.853,,,load,high
f2a56250-e408-4824-9a65-8a2259c634ba,StandardLoad,load_526~1,526,pr32,False,True,2.362,2.362,,,load,high
fb11adb8-10b8-43b4-b1a6-a98278587a56,StandardLoad,Manatí_load_91~1_demand_proj~new,91,pr153,True,True,3.2691944917647056,2.4881356388235294,,,load,high
83cab6c3-5898-4e16-b76a-01108f3b25f0,StandardLoad,Lares_load_482~1_demand_proj~new,482,pr35,True,True,3.9137988066666662,3.078772357,,,load,high
6d27b98c-cc7c-401d-aa83-02c2aacab137,StandardLoad,load_500~1,500,pr392,False,True,0.139,0.139,,,load,high
5a3b904c-db1e-4df8-9e26-58ba3ca06899,StandardLoad,Cabo Rojo_load_669~1_demand_proj~new,669,pr116,True,True,2.990703023,2.384224996,,,load,high
3049b0f3-5d54-4d59-b4fd-5cbbad2395ae,StandardLoad,load_150~1,150,pr32,False,True,3.5699999999999994,3.5699999999999994,,,load,high
675b535f-e313-42c9-b69f-c426017cc5c5,StandardLoad,San Juan_load_814~1_demand_proj~new,814,pr88,True,True,4.2455050137096775,3.1162709637096775,,,load,high
3aacb675-ba4e-4a7d-91da-3320102be013,StandardLoad,Ponce_load_3~1_demand_proj~new,3,pr3,True,True,2.7466712411764704,2.162378388235294,,,load,high
f5691b57-3770-4f81-8f31-af6994848fc5,StandardLoad,load_180~1,180,pr211,False,True,4.934,4.934,,,load,high
c6eb4f54-a1d1-4aa6-88ff-0d1c88ce59e1,StandardLoad,Toa Baja_load_603~1_demand_proj~new,603,pr93,True,True,3.129731799411765,2.522868304117647,,,load,high
d7728874-0a82-41d8-81a6-197314a4f2f5,StandardLoad,load_650~1,650,pr10,False,True,0.86,0.86,,,load,high
d291f2ec-81d4-42ea-91fd-16a0bd2a1f3c,StandardLoad,Río Grande_load_179~SL_demand_proj~new,179,pr211,True,True,3.8016742533333328,2.998522042222222,,,load,high
53598708-3f3c-421e-bdc8-c301450f096d,StandardLoad,Bayamón_load_706~1_demand_proj~new,706,pr378,True,True,3.8089114333333334,2.9982147755555553,,,load,high
8cc5ed73-3d18-4802-a8c8-7a58c0df5b31,StandardLoad,Caguas_load_656~1_demand_proj~new,656,pr21,True,True,5.0412909,3.99177401173913,,,load,high
92b2b3bb-e209-4805-bbaa-495d35454440,StandardLoad,load_443~SL,443,pr45,False,True,1.0,1.0,,,load,high
c736f094-5b03-418b-84e4-4c81570a6187,StandardLoad,Cidra_load_475~1_demand_proj~new,475,pr10,True,True,2.06491981,1.6755519446153846,,,load,high
b8bbda56-d2d8-4e52-a3a4-d8004da2955f,StandardLoad,load_782~1,782,pr234,False,True,0.016,0.016,,,load,high
c7eb7de8-ff04-43f7-84ec-6db4b9512e19,StandardLoad,load_547~1,547,pr378,False,True,0.013,0.013,,,load,high
659c8210-338b-4ad7-b888-1245fc007920,StandardLoad,load_349~1,349,pr213,False,True,0.45399999999999996,0.45399999999999996,,,load,high
eac2b558-8a1b-40bb-816a-5ff3b3023593,StandardLoad,San Juan_load_1047~1_demand_proj~new,1047,pr87,True,True,4.2455050137096775,3.1162709637096775,,,load,high
29058a99-e5a7-4d04-9be6-a3c82fb9c955,StandardLoad,Ponce_load_466~1_demand_proj~new,466,pr103,True,True,2.7466712411764704,2.162378388235294,,,load,high
fd4c2549-1292-42c8-9aee-38f546d4c260,StandardLoad,load_520~1,520,pr85,False,True,1.83,1.83,,,load,high
15b46066-006a-4c5d-8bbe-7259c5250ae3,StandardLoad,load_221~1,221,pr10,False,True,8.447,8.447,,,load,high
f343d19d-aeb6-40a9-9888-c915e7c03015,StandardLoad,Yauco_load_993~1_demand_proj~new,993,pr2,True,True,4.774315564,3.7927031980000003,,,load,high
83eb85ca-9499-45bf-8344-dc24693a6a1c,StandardLoad,Las Piedras_load_786~1_demand_proj~new,786,pr234,True,True,2.2091729293333335,1.7617399426666667,,,load,high
8bf8a7af-3245-4181-949d-2d7970fddf6a,StandardLoad,load_606~1,606,pr41,False,True,0.283,0.283,,,load,high
6e82083a-7e73-4cd9-8b30-45af257d0a2a,StandardLoad,load_401~1,401,pr32,False,True,0.95,0.95,,,load,high
e93438a5-926d-4e0d-a511-8107896d4f97,StandardLoad,Guaynabo_load_126~1_demand_proj~new,126,pr87,True,True,4.96737684137931,3.925511120689655,,,load,high
0dd95f69-6a04-4506-bbf7-d7919cef59cd,StandardLoad,load_955~1,955,pr63,False,True,0.882,0.882,,,load,high
54977fec-09d3-4c13-a085-5c48e4bb9145,StandardLoad,Añasco_load_675~1_demand_proj~new,675,pr231,True,True,6.634143719999999,5.298361623333333,,,load,high
e49ba090-a4e4-45d5-b88d-cd385b1de3e4,StandardLoad,Guaynabo_load_725~1_demand_proj~new,725,pr87,True,True,4.96737684137931,3.925511120689655,,,load,high
7a23fda0-6379-4e22-8ce0-dfa57d7886cb,StandardLoad,load_758~1,758,pr10,False,True,0.11499999999999999,0.11499999999999999,,,load,high
541c7779-314f-4bd4-9ed3-5027e98c81c8,StandardLoad,load_151~1,151,pr8,False,True,2.94,2.94,,,load,high
4a0e8fb6-d772-43ce-a3d8-c24df17db019,StandardLoad,Aguadilla_load_129~1_demand_proj~new,129,pr32,True,True,3.218285664375,2.51482391125,,,load,high
aed28575-3035-470b-be86-7cb96bc64d57,StandardLoad,San Juan_load_1120~1_demand_proj~new,1120,pr86,True,True,4.2455050137096775,3.1162709637096775,,,load,high
f8396695-a902-4a2c-91bb-354b98d924c8,StandardLoad,load_715~1,715,pr10,False,True,0.9649999999999999,0.9649999999999999,,,load,high
0f9f060a-bb19-4b75-a061-ec87ea77eae9,StandardLoad,load_399~1,399,pr10,False,True,1.217,1.217,,,load,high
7e7b0cdb-76c5-4265-9d5c-4b07901fb3fc,StandardLoad,load_1042~1,1042,pr392,False,True,0.672,0.672,,,load,high
dc47d89d-fa66-4396-8bd1-acf6ccd6e341,StandardLoad,Guayama_load_1026~1_demand_proj~new,1026,pr8,True,True,1.84132789,1.4528092990909092,,,load,high
80301b85-e6e9-44da-a34a-9d911cd9f541,StandardLoad,Trujillo Alto_load_522~1_demand_proj~new,522,pr85,True,True,5.96920140125,4.72877376,,,load,high
4b632482-6273-4d03-a88a-4ea53bfa1e0f,StandardLoad,load_733~1,733,pr45,False,True,0.41900000000000004,0.41900000000000004,,,load,high
0721d41d-06ce-4458-8b80-da81897bedca,StandardLoad,Juncos_load_983~1_demand_proj~new,983,pr234,True,True,5.828623982857143,4.609125252857143,,,load,high
103cdf4a-b5e5-4d5e-8510-7fe123881c16,StandardLoad,Bayamón_load_708~1_demand_proj~new,708,pr378,True,True,3.8089114333333334,2.9982147755555553,,,load,high
50598813-dc73-403f-ab36-c122e4fa80eb,StandardLoad,load_4~SL,4,pr3,False,True,22.0,22.0,,,load,high
9076856d-7a37-4e9a-a994-7d5940b33547,StandardLoad,Salinas_load_825~1_demand_proj~new,825,pr106,True,True,0.871347092,0.6882953135000001,,,load,high
63f5d395-ef82-4912-ba13-9f7d16c4abd0,StandardLoad,Ponce_load_713~1_demand_proj~new,713,pr3,True,True,2.7466712411764704,2.162378388235294,,,load,high
656e82a2-b0fd-4ee0-bcc8-443f1bb0c925,StandardLoad,load_348~1,348,pr21,False,True,2.066,2.066,,,load,high
cffdd7cc-98b9-4ad9-89a2-b887e44af71a,StandardLoad,load_556~1,556,pr82,False,True,10.323,10.323,,,load,high
7bd495b0-d9f6-43ac-8298-1e2a694a723d,StandardLoad,load_1031~1,1031,pr87,False,True,0.649,0.649,,,load,high
96076773-3552-492a-85ae-b08e355acbbe,StandardLoad,Salinas_load_624~1_demand_proj~new,624,pr296,True,True,0.871347092,0.6882953135000001,,,load,high
78704ae8-5602-4403-8e2a-9a114fabf987,StandardLoad,Caguas_load_348~1_demand_proj~new,348,pr21,True,True,5.0412909,3.99177401173913,,,load,high
2d07d2eb-a837-49cc-8f06-56a938f8eaac,StandardLoad,load_819~1,819,pr63,False,True,9.3,9.3,,,load,high
61e8c907-11b5-49d3-9b34-eb80a14c47b8,StandardLoad,load_968~SL,968,pr3,False,True,-1.8000000000000003,-1.8000000000000003,,,load,high
3b032bfe-2976-43ad-9856-5c8d36ac03a0,StandardLoad,load_115~1,115,pr116,False,True,3.011,3.011,,,load,high
9f8d11cf-76c3-45bc-94b2-7cb316a25b8f,StandardLoad,load_1005~1,1005,pr32,False,True,0.811,0.811,,,load,high
a34ce729-6470-405d-a0a1-3ad77a49abf3,StandardLoad,load_1008~1,1008,pr82,False,True,0.104,0.104,,,load,high
123a4da6-5876-40d5-8bfb-75d723c5d3f8,StandardLoad,load_433~1,433,pr100,False,True,0.522,0.522,,,load,high
0b60bccd-c4f8-44be-b10b-7dd582b6cf4d,StandardLoad,load_125~1,125,pr50,False,True,4.409,4.409,,,load,high
c715db9d-d978-4121-977c-ad8bcacec7e5,StandardLoad,Ponce_load_1199~1_demand_proj~new,1199,pr3,True,True,2.7466712411764704,2.162378388235294,,,load,high
05124040-28fb-412a-8b39-aefa3f75d598,StandardLoad,load_573~1,573,pr100,False,True,0.044,0.044,,,load,high
cf687625-f4da-4602-8666-561e342ddbd1,StandardLoad,Aibonito_load_582~1_demand_proj~new,582,pr10,True,True,2.8548459483333333,2.2668580916666663,,,load,high
a93db284-db43-40a2-bb70-66213e865782,StandardLoad,load_921~1,921,pr50,False,True,0.162,0.162,,,load,high
4f1e83bb-306b-46f3-98f1-6db9ba2e4c7b,StandardLoad,load_803~1,803,pr2,False,True,2.93,2.93,,,load,high
5bd5844d-6892-4afc-82cf-10547eefa767,StandardLoad,load_775~1,775,pr41,False,True,0.043,0.043,,,load,high
c5f07c88-89fb-407c-8797-c06710bd5e3e,StandardLoad,load_620~1,620,pr103,False,True,16.77,16.77,,,load,high
c7d0fec8-af4a-4fb0-9692-fa3ab03751da,StandardLoad,Guaynabo_load_57~1_demand_proj~new,57,pr87,True,True,4.96737684137931,3.925511120689655,,,load,high
8485a583-c3cf-4fea-818f-8d6b453d5534,StandardLoad,Ponce_load_712~1_demand_proj~new,712,pr3,True,True,2.7466712411764704,2.162378388235294,,,load,high
e179dd49-4d12-4414-8e12-9f7298c496b1,StandardLoad,Arecibo_load_502~1_demand_proj~new,502,pr335,True,True,2.4877650953125,1.973074855,,,load,high
6fdebeff-cda0-4db6-a010-88a924cd83a1,StandardLoad,Patillas_load_422~1_demand_proj~new,422,pr8,True,True,2.9877980920000002,2.3657667669999998,,,load,high
24f109d5-051f-469f-b459-f3fa1178e58f,StandardLoad,load_431~1,431,pr10,False,True,1.0,1.0,,,load,high
9973b921-4e2c-4fd3-856e-165cab0f51c1,StandardLoad,Cabo Rojo_load_115~1_demand_proj~new,115,pr116,True,True,2.990703023,2.384224996,,,load,high
85a7a914-8214-4d69-8b7c-733debdefe80,StandardLoad,Ponce_load_692~1_demand_proj~new,692,pr313,True,True,2.7466712411764704,2.162378388235294,,,load,high
22ff4916-b7d7-4498-bf12-f39e0b8fadb0,StandardLoad,load_316~1,316,pr169,False,True,0.22300000000000003,0.22300000000000003,,,load,high
3eaafb02-3917-467b-a5da-3217e3db2a61,StandardLoad,load_193~1,193,pr313,False,True,8.824,8.824,,,load,high
0fba37c2-d5a2-4b54-be47-8dae5f0d7e60,StandardLoad,load_681~1,681,pr85,False,True,0.349,0.349,,,load,high
b2111b4d-0451-4c72-b1ce-e7e45fb3fd82,StandardLoad,load_925~1,925,pr3,False,True,1.443,1.443,,,load,high
f971e0e8-ddf3-48b6-ab4e-b1773907f448,StandardLoad,load_284~1,284,pr234,False,True,0.154,0.154,,,load,high
c98a0be0-ea5f-4517-ac2c-bd21206d9807,StandardLoad,load_951~1,951,pr87,False,True,3.2549999999999994,3.2549999999999994,,,load,high
d4b92ab6-bb86-46cd-aa7b-d048371b0006,StandardLoad,Bayamón_load_1144~1_demand_proj~new,1144,pr45,True,True,3.8089114333333334,2.9982147755555553,,,load,high
9f03a6ec-48c3-4b32-9f02-3d8c3cb7dad0,StandardLoad,Dorado_load_93~1_demand_proj~new,93,pr93,True,True,3.944152446666666,3.2089917466666664,,,load,high
628bf54a-fe98-42b6-815e-a8c1e833c9d8,StandardLoad,San Juan_load_799~1_demand_proj~new,799,pr87,True,True,4.2455050137096775,3.1162709637096775,,,load,high
7c690ecf-920e-4648-8018-1fa645424e56,StandardLoad,San Juan_load_752~1_demand_proj~new,752,pr84,True,True,4.2455050137096775,3.1162709637096775,,,load,high
c5228ab7-2efb-4da8-a0cc-b7d5a894f3f9,StandardLoad,Toa Baja_load_705~1_demand_proj~new,705,pr93,True,True,3.129731799411765,2.522868304117647,,,load,high
54e1f727-e529-4ab3-9441-9058d751f696,StandardLoad,load_246~1,246,pr296,False,True,7.054,7.054,,,load,high
14da3917-2a92-43c2-8c67-a5e934cb8899,StandardLoad,load_796~1,796,pr3,False,True,0.602,0.602,,,load,high
3053586d-7204-44e7-b2fe-624f0f3b676d,StandardLoad,Villalba_load_159~1_demand_proj~new,159,pr213,True,True,1.8591589557142856,1.4980665314285713,,,load,high
6a5427b2-9318-489b-a31f-de96172d0703,StandardLoad,load_762~1,762,pr32,False,True,0.009,0.009,,,load,high
77e8c029-4942-45c4-b582-e5578c26310a,StandardLoad,Salinas_load_346~1_demand_proj~new,346,pr8,True,True,0.871347092,0.6882953135000001,,,load,high
ce2a598b-b8f6-46ca-b1ab-a23691e25248,StandardLoad,load_961~1,961,pr8,False,True,7.863,7.863,,,load,high
89bdd56b-d6b8-47f9-93e5-cee651f15f4c,StandardLoad,load_208~1,208,pr296,False,True,6.763,6.763,,,load,high
a816ba01-f1d4-478d-bf7d-bce9d3352a71,StandardLoad,load_428~1,428,pr428,False,True,14.06,14.06,,,load,high
c0daafe5-8df0-407e-bf19-2d6bb278d2c2,StandardLoad,load_970~1,970,pr50,False,True,0.614,0.614,,,load,high
cfafad81-5ae9-4edc-912c-9f4134da0da4,StandardLoad,San Juan_load_156~1_demand_proj~new,156,pr87,True,True,4.2455050137096775,3.1162709637096775,,,load,high
1368a75d-b50a-4f5c-b687-90734e81f5be,StandardLoad,load_549~1,549,pr85,False,True,0.11799999999999998,0.11799999999999998,,,load,high
315e114f-fc3a-45e8-951b-e2dae552b329,StandardLoad,load_466~SL,466,pr103,False,True,0.25,0.25,,,load,high
6778e33c-589b-4451-92aa-8d3f0feccf53,StandardLoad,load_1139~1,1139,pr153,False,True,0.193,0.193,,,load,high
70e5759e-9f66-4ee6-a534-2199a2b6972d,StandardLoad,San Lorenzo_load_572~1_demand_proj~new,572,pr234,True,True,2.55329710875,2.0573470075,,,load,high
1fc51b75-bc9e-4087-be6b-28c8ad074b6c,StandardLoad,load_159~1,159,pr213,False,True,1.49,1.49,,,load,high
4aaac6f3-e697-4d94-9782-f3f0492c66a4,StandardLoad,load_947~1,947,pr87,False,True,0.394,0.394,,,load,high
1ba169fc-a3b2-4484-be04-105e809a2606,StandardLoad,Cataño_load_64~1_demand_proj~new,64,pr63,True,True,2.6828104554545456,2.0192525872727276,,,load,high
4996832a-c540-444b-9a62-1ace777d2f7b,StandardLoad,load_323~1,323,pr103,False,True,1.033,1.033,,,load,high
c8598d08-96bf-4261-a0b7-401cc5729025,StandardLoad,Guayama_load_967~1_demand_proj~new,967,pr8,True,True,1.84132789,1.4528092990909092,,,load,high
50ad93bc-2351-499d-8b39-0b874640100c,StandardLoad,load_92~1,92,pr93,False,True,15.356,15.356,,,load,high
a5e50c43-e6bd-423e-b840-39f9ef0d717e,StandardLoad,load_773~1,773,pr275,False,True,0.126,0.126,,,load,high
ed88333a-7b32-41a2-b1c1-c0746c621af2,StandardLoad,load_473~1,473,pr14,False,True,1.5629999999999997,1.5629999999999997,,,load,high
9407fc9b-f354-4c86-8ede-bb01e4a1515b,StandardLoad,load_710~1,710,pr87,False,True,0.003,0.003,,,load,high
0cd49661-9453-4047-900f-6e8551e6cde8,StandardLoad,Carolina_load_690~1_demand_proj~new,690,pr85,True,True,5.546111667741935,4.38885534516129,,,load,high
26e4efee-c54b-4297-8336-e415606a6d64,StandardLoad,Aguadilla_load_794~1_demand_proj~new,794,pr32,True,True,3.218285664375,2.51482391125,,,load,high
22ab1aeb-59da-45fa-a58c-2fe46e7fb2b0,StandardLoad,Fajardo_load_18~1_demand_proj~new,18,pr18,True,True,2.7599555726666667,2.114202726,,,load,high
f045f233-5c3c-4be7-9012-dbc433151e52,StandardLoad,load_443~1,443,pr45,False,True,0.214,0.214,,,load,high
6366557b-504c-4773-bb39-c24bb831cc26,StandardLoad,San Juan_load_157~1_demand_proj~new,157,pr87,True,True,4.2455050137096775,3.1162709637096775,,,load,high
10bb0826-a16a-49e2-a85e-830f33da52e5,StandardLoad,Caguas_load_1087~1_demand_proj~new,1087,pr21,True,True,5.0412909,3.99177401173913,,,load,high
201f0d43-8f0f-48c4-b599-1814c7489bef,StandardLoad,Dorado_load_95~SL_demand_proj~new,95,pr93,True,True,3.944152446666666,3.2089917466666664,,,load,high
b7640ce7-45c7-4828-9fe1-0f7dced07d37,StandardLoad,Carolina_load_741~1_demand_proj~new,741,pr82,True,True,5.546111667741935,4.38885534516129,,,load,high
93cf68ca-8bb9-4974-9f82-e18e1dfd660e,StandardLoad,load_491~1,491,pr378,False,True,0.402,0.402,,,load,high
319a9dac-4ef9-46f3-9157-23c3670bb2d7,StandardLoad,load_1177~1,1177,pr313,False,True,0.545,0.545,,,load,high
d266316f-1aca-4c6d-abc6-2e57c2fa753d,StandardLoad,Salinas_load_625~1_demand_proj~new,625,pr8,True,True,0.871347092,0.6882953135000001,,,load,high
130559a4-015c-4acf-a1be-a170890e7bf0,StandardLoad,Yabucoa_load_585~1_demand_proj~new,585,pr14,True,True,2.4504860216666664,1.9522838349999998,,,load,high
b2b2d360-5c66-446d-af35-87c0689d0f4f,StandardLoad,Guaynabo_load_514~1_demand_proj~new,514,pr87,True,True,4.96737684137931,3.925511120689655,,,load,high
38bf4d47-a891-4acc-8840-6c9bd0daad44,StandardLoad,load_926~1,926,pr10,False,True,0.073,0.073,,,load,high
d5c56a88-9265-476d-bce6-09cc7bd0dec1,StandardLoad,Moca_load_533~1_demand_proj~new,533,pr32,True,True,3.310628844,2.6365172500000003,,,load,high
a745d069-3a14-4a95-bbf6-0a84bd6a74ac,StandardLoad,Canóvanas_load_962~1_demand_proj~new,962,pr82,True,True,2.5950749772727275,2.0609296972727273,,,load,high
f5efd4fb-e17b-46e5-b4f2-eccc3143df7e,StandardLoad,load_68~1,68,pr29,False,True,4.0,4.0,,,load,high
8253804f-1d83-4cc0-b0dc-9f28618d744d,StandardLoad,Dorado_load_1166~1_demand_proj~new,1166,pr93,True,True,3.944152446666666,3.2089917466666664,,,load,high
14d75ed6-3f35-45f6-b61d-4eda7fcc2702,StandardLoad,load_19~1,19,pr18,False,True,5.075,5.075,,,load,high
cb130a5b-b6f9-4477-9709-d2c2c0ebe274,StandardLoad,Naguabo_load_256~1_demand_proj~new,256,pr16,True,True,2.128323861428571,1.6920299114285715,,,load,high
d91b1e22-ed57-4a59-86d5-2271d169f6e2,StandardLoad,load_530~1,530,pr392,False,True,1.517,1.517,,,load,high
95a176d9-b952-49ca-8a36-ea22bfc19f8d,StandardLoad,load_821~1,821,pr106,False,True,0.2,0.2,,,load,high
9e758856-7705-4a4d-82f9-bc1f906cbdf6,StandardLoad,Carolina_load_681~1_demand_proj~new,681,pr85,True,True,5.546111667741935,4.38885534516129,,,load,high
61367efe-11dd-4b94-823f-6e772e0d8e18,StandardLoad,load_13~1,13,pr45,False,True,4.358,4.358,,,load,high
d17e59e2-85e9-4f90-b124-287c68ab0e15,StandardLoad,Santa Isabel_load_414~1_demand_proj~new,414,pr296,True,True,1.7713124090909094,1.4194876254545457,,,load,high
27d6b5c5-7890-4e7e-aa06-1e9e9108c90c,StandardLoad,load_1041~1,1041,pr632,False,True,1.83,1.83,,,load,high
782233a0-f51c-4e78-8331-1d546b3265a8,StandardLoad,San Juan_load_155~1_demand_proj~new,155,pr87,True,True,4.2455050137096775,3.1162709637096775,,,load,high
d6b047a1-39a6-4c84-8e69-5587b24df618,StandardLoad,Santa Isabel_load_1136~1_demand_proj~new,1136,pr296,True,True,1.7713124090909094,1.4194876254545457,,,load,high
d3df7a1b-d0cd-4d1a-a339-e1feb427c013,StandardLoad,Camuy_load_610~1_demand_proj~new,610,pr100,True,True,5.363729436666667,4.24313777,,,load,high
67eec94e-b548-4ee7-a463-8b296a566d8a,StandardLoad,Santa Isabel_load_1149~1_demand_proj~new,1149,pr296,True,True,1.7713124090909094,1.4194876254545457,,,load,high
e505baa7-e1f2-4048-95fe-7eb7a65499db,StandardLoad,load_389~1,389,pr40,False,True,6.782000000000001,6.782000000000001,,,load,high
11fac7b2-293c-481a-991d-dc5b47712d63,StandardLoad,load_1101~1,1101,pr84,False,True,1.228,1.228,,,load,high
47669269-b4be-4e4f-b4c1-18006f9cce7c,StandardLoad,Las Piedras_load_345~1_demand_proj~new,345,pr234,True,True,2.2091729293333335,1.7617399426666667,,,load,high
a02ed7ed-1c17-4b08-a884-0f4c47fac53e,StandardLoad,load_318~1,318,pr87,False,True,1.031,1.031,,,load,high
b0b3c6b0-1d11-4dd0-8444-ce4e0c016b5b,StandardLoad,San Juan_load_511~1_demand_proj~new,511,pr87,True,True,4.2455050137096775,3.1162709637096775,,,load,high
021f0879-60ac-40f5-a881-565b8000b0d8,StandardLoad,San Germán_load_709~1_demand_proj~new,709,pr169,True,True,1.4123277133333334,1.1206812213333333,,,load,high
a0589242-98e4-489f-821d-11d1236fa3a5,StandardLoad,Carolina_load_685~1_demand_proj~new,685,pr85,True,True,5.546111667741935,4.38885534516129,,,load,high
bfacb3ee-373b-4fd5-998f-906c6cb8b506,StandardLoad,load_76~1,76,pr87,False,True,0.142,0.142,,,load,high
0de333c5-77b7-4366-a815-e786c88e60fd,StandardLoad,load_111~1,111,pr111,False,True,16.195,16.195,,,load,high
a2f0805b-db3f-4c1e-854f-fc655c89e60d,StandardLoad,San Juan_load_553~1_demand_proj~new,553,pr84,True,True,4.2455050137096775,3.1162709637096775,,,load,high
a11c9825-9afe-4ae3-bd10-f93dc75c55b2,StandardLoad,load_954~1,954,pr63,False,True,0.522,0.522,,,load,high
4c8200dc-d128-4fcd-9a7a-4560e35bb7c1,StandardLoad,load_695~1,695,pr10,False,True,1.363,1.363,,,load,high
0d2a9fb0-ec87-4d54-932c-4e30d43887ae,StandardLoad,Caguas_load_244~1_demand_proj~new,244,pr21,True,True,5.0412909,3.99177401173913,,,load,high
2453fa0f-3dbe-4ede-ad8a-56b1582d9bac,StandardLoad,Guayama_load_1010~1_demand_proj~new,1010,pr8,True,True,1.84132789,1.4528092990909092,,,load,high
257e1455-31da-490c-acdb-aed9b5a6bc7b,StandardLoad,load_7~1,7,pr296,False,True,6.106,6.106,,,load,high
f167459d-00c3-404c-97e7-1c0ecfb114bb,StandardLoad,load_410~1,410,pr32,False,True,0.658,0.658,,,load,high
32dad5d6-1089-4af8-9753-9c7f9aa517df,StandardLoad,Cidra_load_485~1_demand_proj~new,485,pr10,True,True,2.06491981,1.6755519446153846,,,load,high
4110763b-ddff-47d3-8cae-6b9ba079b558,StandardLoad,San Juan_load_906~1_demand_proj~new,906,pr87,True,True,4.2455050137096775,3.1162709637096775,,,load,high
98dc810f-caff-421b-a80d-edd021504b01,StandardLoad,load_1115~1,1115,pr38,False,True,0.106,0.106,,,load,high
16888e7d-fc5b-436d-9555-00859e1d49a1,StandardLoad,load_1171~1,1171,pr100,False,True,0.704,0.704,,,load,high
4b44cd85-792d-44e9-b020-1e4775b9a997,StandardLoad,load_329~1,329,pr213,False,True,0.25,0.25,,,load,high
e9b11932-249a-420a-b371-a5d5b152f927,StandardLoad,load_726~1,726,pr87,False,True,1.054,1.054,,,load,high
b0566aab-81aa-477c-88cf-9fb6c6ea0d6d,StandardLoad,load_542~1,542,pr84,False,True,8.428,8.428,,,load,high
5b3694b2-c5b3-4564-b298-6ad9035352dc,StandardLoad,load_144~1,144,pr87,False,True,1.01,1.01,,,load,high
7b817f05-80bf-4939-92f8-2f8b758b03a2,StandardLoad,load_929~1,929,pr234,False,True,0.619,0.619,,,load,high
19b7beea-7b87-47b0-805b-aa5f65a17f58,StandardLoad,load_423~1,423,pr10,False,True,4.77,4.77,,,load,high
e15c5e01-3c86-47fe-b20a-10d12257ef4d,StandardLoad,load_459~1,459,pr87,False,True,0.475,0.475,,,load,high
0e49f595-9994-455e-b1e9-9ede23df0d5c,StandardLoad,Bayamón_load_90~1_demand_proj~new,90,pr378,True,True,3.8089114333333334,2.9982147755555553,,,load,high
856d3c1c-460b-478e-a69a-54e63fda9e05,StandardLoad,Las Piedras_load_417~1_demand_proj~new,417,pr234,True,True,2.2091729293333335,1.7617399426666667,,,load,high
c09941cc-94d4-41f2-9dec-90cb03c20ffe,StandardLoad,Guaynabo_load_65~1_demand_proj~new,65,pr87,True,True,4.96737684137931,3.925511120689655,,,load,high
541e7461-73cf-44d4-8fe0-9f7b9c3b02e4,StandardLoad,San Juan_load_341~1_demand_proj~new,341,pr87,True,True,4.2455050137096775,3.1162709637096775,,,load,high
43dbf5c8-01f2-4868-b0f5-68d5996a0d9b,StandardLoad,San Juan_load_1006~1_demand_proj~new,1006,pr84,True,True,4.2455050137096775,3.1162709637096775,,,load,high
d5b5e4f2-1d85-4a46-bf61-d0cbb2742f64,StandardLoad,San Juan_load_51~1_demand_proj~new,51,pr84,True,True,4.2455050137096775,3.1162709637096775,,,load,high
05daf188-25f1-41fa-8d34-13eb24500db5,StandardLoad,Juana Díaz_load_687~1_demand_proj~new,687,pr313,True,True,3.2169329574999996,2.6340751308333332,,,load,high
87c180f2-6d47-42f5-95d7-d65f7feba171,StandardLoad,load_669~1,669,pr116,False,True,0.023,0.023,,,load,high
ccb21fde-6c13-40db-aac0-13a43636ce09,StandardLoad,load_152~1,152,pr45,False,True,5.693,5.693,,,load,high
70ac69aa-fb7e-4d36-b821-c4987b84df12,StandardLoad,Ponce_load_796~1_demand_proj~new,796,pr3,True,True,2.7466712411764704,2.162378388235294,,,load,high
76b21082-dc92-4484-b130-a7470c3905aa,StandardLoad,load_941~1,941,pr335,False,True,0.11299999999999999,0.11299999999999999,,,load,high
5abe95bb-ff00-423a-8961-286af86ac9b3,StandardLoad,Bayamón_load_190~1_demand_proj~new,190,pr190,True,True,3.8089114333333334,2.9982147755555553,,,load,high
dc6be7b5-b419-4560-994d-1cc33359fbc5,StandardLoad,load_677~SL,677,pr231,False,True,4.0,4.0,,,load,high
fd9edd08-6cb7-43f8-bc8e-c683b1bf3864,StandardLoad,load_794~1,794,pr32,False,True,0.552,0.552,,,load,high
96a1684c-7dbd-4252-847e-8d2a5c81adf3,StandardLoad,load_188~1,188,pr85,False,True,4.577,4.577,,,load,high
3780f38e-a416-4d28-94f2-7b561b649ff5,StandardLoad,Carolina_load_689~1_demand_proj~new,689,pr85,True,True,5.546111667741935,4.38885534516129,,,load,high
32ba526d-06d4-4ccf-947b-0b40e7311223,StandardLoad,Caguas_load_654~1_demand_proj~new,654,pr21,True,True,5.0412909,3.99177401173913,,,load,high
0fddf206-9405-4cac-90a6-79b762742548,StandardLoad,load_938~1,938,pr313,False,True,0.744,0.744,,,load,high
8eaee642-44fe-44e8-8b03-03d89baaebf6,StandardLoad,load_138~1,138,pr632,False,True,14.261,14.261,,,load,high
77087cce-0846-4ff8-9bf1-88889dddd989,StandardLoad,Utuado_load_1121~1_demand_proj~new,1121,pr38,True,True,2.2832144149999998,1.7922246216666666,,,load,high
4c0f8f0a-6418-428b-b367-4f60bd725937,StandardLoad,Guayama_load_151~1_demand_proj~new,151,pr8,True,True,1.84132789,1.4528092990909092,,,load,high
35c91247-3700-45c1-b27a-8a89d8431c70,StandardLoad,load_358~1,358,,False,True,11.022,11.022,,,load,high
3e9d0f29-264b-4e88-8d78-2bd701de58d3,StandardLoad,load_1010~1,1010,pr8,False,True,0.295,0.295,,,load,high
cbbe08f1-e362-43c5-9fea-b3d44fb80bb3,StandardLoad,Bayamón_load_44~1_demand_proj~new,44,pr45,True,True,3.8089114333333334,2.9982147755555553,,,load,high
b04d7b7f-ad38-4571-a2b1-32e7a065be3a,StandardLoad,Rincón_load_1036~1_demand_proj~new,1036,pr231,True,True,1.7192154733333334,1.3609363643333332,,,load,high
f88a12cc-affb-419b-bef3-b4dfc54645f2,StandardLoad,Canóvanas_load_82~SL_demand_proj~new,82,pr82,True,True,2.5950749772727275,2.0609296972727273,,,load,high
e79fb6bb-6449-4a10-86ce-2fb4eef8381e,StandardLoad,Loíza_SAN FERMIN  -1817_demand_proj~new,1817,pr82,True,True,1.636761164333333,1.3077864011666667,,,load,high
215cb228-b701-4269-9b47-5d3f954fc563,StandardLoad,load_558~1,558,pr82,False,True,0.967,0.967,,,load,high
354e8a4c-9e82-4a00-bd66-9f97d6e99deb,StandardLoad,load_83~1,83,pr83,False,True,5.48,5.48,,,load,high
f68c2420-88ba-4e67-a559-4395e90bfe3e,StandardLoad,Bayamón_load_446~1_demand_proj~new,446,pr45,True,True,3.8089114333333334,2.9982147755555553,,,load,high
b19a4127-ade5-41e5-ba32-c110639f7d92,StandardLoad,Guaynabo_load_569~1_demand_proj~new,569,pr50,True,True,4.96737684137931,3.925511120689655,,,load,high
c88a5399-8270-4b24-9d8e-d53dff5ecee1,StandardLoad,load_1040~1,1040,pr1040,False,True,10.5,10.5,,,load,high
3b79dab1-257a-4601-8a9f-0bc04912c5a1,StandardLoad,load_1029~1,1029,pr87,False,True,0.359,0.359,,,load,high
5ac39c01-7ca6-445e-8b8b-4dcbd2dbc048,StandardLoad,load_58~1,58,pr392,False,True,9.248,9.248,,,load,high
10173b8a-2eff-4b7d-bea5-15d35703d23e,StandardLoad,load_743~1,743,pr82,False,True,0.529,0.529,,,load,high
2ce7c2e9-5153-4782-8d48-e3b3c24cccf8,StandardLoad,load_987~1,987,pr100,False,True,0.43099999999999994,0.43099999999999994,,,load,high
ec02bf89-ed8e-4a8c-a0a8-eda12a6cd9e5,StandardLoad,Las Piedras_load_307~1_demand_proj~new,307,pr234,True,True,2.2091729293333335,1.7617399426666667,,,load,high
7ff49b10-cfb0-49a5-9b56-82b1f7ce6a68,StandardLoad,load_508~1,508,pr29,False,True,12.267,12.267,,,load,high
6b6859b4-be6d-400f-90f5-b05488f8c849,StandardLoad,San Juan_load_318~1_demand_proj~new,318,pr87,True,True,4.2455050137096775,3.1162709637096775,,,load,high
ce439d2b-4967-4678-b2ef-a661ff36b999,StandardLoad,load_422~1,422,pr8,False,True,0.042,0.042,,,load,high
e36c1f0c-456b-4276-b1e9-4556bc0a7dbb,StandardLoad,load_687~1,687,pr313,False,True,0.026,0.026,,,load,high
92553195-48ec-4b76-b9da-81b99add4a4f,StandardLoad,Naguabo_load_238~1_demand_proj~new,238,pr16,True,True,2.128323861428571,1.6920299114285715,,,load,high
ad523a4f-95ae-4809-be3c-7a4f64f757ac,StandardLoad,Salinas_load_823~1_demand_proj~new,823,pr106,True,True,0.871347092,0.6882953135000001,,,load,high
9d242473-02b2-4acc-8f53-c028278ef6ac,StandardLoad,load_465~1,465,pr63,False,True,1.652,1.652,,,load,high
4adb3345-f04e-413f-a15d-415985298063,StandardLoad,load_766~1,766,pr14,False,True,0.089,0.089,,,load,high
19cc0e82-4ea0-453c-8623-b1af85e5f423,StandardLoad,load_1018~1,1018,pr63,False,True,0.625,0.625,,,load,high
3b24b3b9-08b7-4f9e-9236-c70fde9417b6,StandardLoad,Orocovis_load_304~1_demand_proj~new,304,pr213,True,True,4.4237536025,3.4836646065000005,,,load,high
499b3497-4a05-4ae1-9be6-ef59a08c3d5b,StandardLoad,Comerío_load_772~1_demand_proj~new,772,pr275,True,True,1.8073782984999998,1.4356669175,,,load,high
655a4b39-f9f1-47f7-820b-bcca1765110d,StandardLoad,load_810~1,810,pr106,False,True,20.563,20.563,,,load,high
24338965-2e0e-4020-8499-21de16064ab5,StandardLoad,load_1195~1,1195,pr169,False,True,0.341,0.341,,,load,high
5b9127a4-f76a-42c8-a8f1-d78dc80bb953,StandardLoad,Trujillo Alto_load_281~1_demand_proj~new,281,pr281,True,True,5.96920140125,4.72877376,,,load,high
f64edd50-dd18-4b63-b916-33c1b791e355,StandardLoad,load_227~1,227,pr40,False,True,-3.644,-3.644,,,load,high
10eba2eb-66ff-4749-ab58-5620837d7422,StandardLoad,Canóvanas_load_963~1_demand_proj~new,963,pr82,True,True,2.5950749772727275,2.0609296972727273,,,load,high
61904e90-5659-4cdd-9b90-89b63b341cdf,StandardLoad,load_1151~1,1151,pr41,False,True,0.214,0.214,,,load,high
264fc649-ecd0-486b-8059-f593e6c661be,StandardLoad,Aguadilla_load_411~1_demand_proj~new,411,pr100,True,True,3.218285664375,2.51482391125,,,load,high
126829c0-b69e-405b-839b-9878fe059436,StandardLoad,load_587~1,587,pr40,False,True,0.026,0.026,,,load,high
6a2f9d43-dd66-4a38-908b-ddcda0080f47,StandardLoad,Arecibo_load_1098~1_demand_proj~new,1098,pr335,True,True,2.4877650953125,1.973074855,,,load,high
cb7447a4-82e4-447f-b54f-6b67ebae0b66,StandardLoad,load_322~1,322,pr2,False,True,6.47,6.47,,,load,high
f31a5791-b904-4fcd-90c8-bfb975ad72eb,StandardLoad,load_930~1,930,pr10,False,True,0.008,0.008,,,load,high
2cbb3a01-5b0a-417b-9d4d-8d5f01d76421,StandardLoad,Ponce_load_430~1_demand_proj~new,430,pr3,True,True,2.7466712411764704,2.162378388235294,,,load,high
1819bafb-173f-4c4f-bf60-1cf5b3279308,StandardLoad,load_960~1,960,pr21,False,True,0.399,0.399,,,load,high
d9399e48-e7b2-4859-a8ee-b30a31d442ed,StandardLoad,load_206~1,206,pr116,False,True,18.467,18.467,,,load,high
08561028-1608-4fb9-b38a-0d1900be5af7,StandardLoad,load_427~SL,427,pr169,False,True,1.7000000000000002,1.7000000000000002,,,load,high
3bfc5000-98cc-480a-a86b-8043c2614c46,StandardLoad,load_169~1,169,pr169,False,True,4.846,4.846,,,load,high
a24ed014-b28f-4fd9-a5e0-404cd34566ad,StandardLoad,Moca_load_97101~1_demand_proj~new,97101,pr100,True,True,3.310628844,2.6365172500000003,,,load,high
1a568f81-47b4-410f-8582-f47f19061239,StandardLoad,load_784~1,784,pr234,False,True,0.136,0.136,,,load,high
bf0879fc-ba5d-4c55-976a-de6e05365478,StandardLoad,Aguas Buenas_load_207~1_demand_proj~new,207,pr21,True,True,5.264656705,4.1745952915,,,load,high
002a6e80-590d-4d33-afaf-7cb42b36dbf4,StandardLoad,load_545~SL,545,pr545,False,True,28.023999999999997,28.023999999999997,,,load,high
4bf53ced-8072-4a5a-ba39-6fd4471f6b2c,StandardLoad,load_709~1,709,pr169,False,True,0.341,0.341,,,load,high
bbfcfbc6-3048-4191-9738-1dbcec519ab8,StandardLoad,San Juan_load_259~1_demand_proj~new,259,pr50,True,True,4.2455050137096775,3.1162709637096775,,,load,high
5dfff36c-1cf2-4da5-aaec-d941d5408a2d,StandardLoad,load_25~1,25,pr2,False,True,1.566,1.566,,,load,high
2ca349d3-bea0-4e23-b4d3-5695aeb6f214,StandardLoad,Hatillo_load_1038~1_demand_proj~new,1038,pr335,True,True,2.7178737566666666,2.1420876699999996,,,load,high
5898484c-42c2-4b5e-aeed-1898a851216d,StandardLoad,load_807~1,807,pr106,False,True,2.19,2.19,,,load,high
044f689a-9be7-4f98-8579-aae32b227a28,StandardLoad,load_662~1,662,pr3,False,True,0.123,0.123,,,load,high
0a51a970-871b-4ec6-842f-733db69430c5,StandardLoad,load_793~1,793,pr153,False,True,0.216,0.216,,,load,high
09a06cb7-35fb-4a28-ac3b-24099b29b020,StandardLoad,Humacao_load_927~1_demand_proj~new,927,pr14,True,True,2.659779135769231,2.0889401965384615,,,load,high
a03be392-0373-4521-8467-b0e4b27a36f7,StandardLoad,load_65~1,65,pr87,False,True,9.775,9.775,,,load,high
8a32d6c4-2b1b-4e97-9b55-1fc736254530,StandardLoad,load_603~1,603,pr93,False,True,1.764,1.764,,,load,high
cfc06120-c106-45e1-b231-cd729a1a8f01,StandardLoad,Humacao_load_1086~1_demand_proj~new,1086,pr14,True,True,2.659779135769231,2.0889401965384615,,,load,high
3737e618-be6e-45c4-ae7a-238e98b89ef2,StandardLoad,load_55~1,55,pr84,False,True,-2.728,-2.728,,,load,high
94b8be8c-6678-41a1-bc35-9489d6b15935,StandardLoad,load_627~1,627,pr102,False,True,5.226,5.226,,,load,high
02231232-aa79-49f1-8262-a9a53c7d0cb7,StandardLoad,San Juan_load_160~1_demand_proj~new,160,pr50,True,True,4.2455050137096775,3.1162709637096775,,,load,high
c476ce04-bd82-43ff-aa5a-5707b8127ea1,StandardLoad,Toa Baja_load_492~1_demand_proj~new,492,pr492,True,True,3.129731799411765,2.522868304117647,,,load,high
6ac9020c-eede-44fd-ac13-1fc6099e7267,StandardLoad,San Juan_load_135~1_demand_proj~new,135,pr392,True,True,4.2455050137096775,3.1162709637096775,,,load,high
7351d8c4-3314-4793-9630-59f861f9dccb,StandardLoad,Arecibo_load_228~1_demand_proj~new,228,pr335,True,True,2.4877650953125,1.973074855,,,load,high
d3accd0e-8644-4cfc-9cf9-131bd9236993,StandardLoad,Guaynabo_load_1007~1_demand_proj~new,1007,pr87,True,True,4.96737684137931,3.925511120689655,,,load,high
c2f8188e-b58b-417f-b5ff-574869a9562b,StandardLoad,Loíza_ACB 3149    -1131_demand_proj~new,1131,pr82,True,True,1.636761164333333,1.3077864011666667,,,load,high
dd9558e4-b1df-4edd-bc37-6b6cde48b4be,StandardLoad,Vieques_load_581~1_demand_proj~new,581,pr101,True,True,1.8465265226666667,1.4743213123333332,,,load,high
854bbb4b-0dc8-4e5d-a38c-a0a50c2ca32d,StandardLoad,Humacao_load_233~SL_demand_proj~new,233,pr233,True,True,2.659779135769231,2.0889401965384615,,,load,high
37c21abf-cc01-4dd5-95eb-4841145c66ed,StandardLoad,Juncos_load_971~1_demand_proj~new,971,pr234,True,True,5.828623982857143,4.609125252857143,,,load,high
ac3b4a9a-dd04-476c-a296-773b5e2127d0,StandardLoad,load_1114~1,1114,pr378,False,True,0.411,0.411,,,load,high
e54b1c26-8fd1-4128-baa6-5f62c6f13aa4,StandardLoad,load_745~1,745,pr153,False,True,0.443,0.443,,,load,high
80a2e50b-2579-46b3-9e49-3afc21d7c409,StandardLoad,Salinas_load_1157~1_demand_proj~new,1157,pr8,True,True,0.871347092,0.6882953135000001,,,load,high
39095d69-c47c-4e37-ae3c-0abb5685af0f,StandardLoad,load_167~1,167,pr167,False,True,1.8370000000000002,1.8370000000000002,,,load,high
51ead888-745f-4a22-a44a-a4db68370c03,StandardLoad,Cidra_load_600~1_demand_proj~new,600,pr10,True,True,2.06491981,1.6755519446153846,,,load,high
c76698d8-87d8-459f-b4fb-304191ec750f,StandardLoad,Carolina_load_744~1_demand_proj~new,744,pr82,True,True,5.546111667741935,4.38885534516129,,,load,high
c19edf8c-6816-4b8e-9dc8-8f2ced490365,StandardLoad,load_1145~1,1145,pr234,False,True,0.168,0.168,,,load,high
a5ba2cee-1548-4924-b0b2-9f4c0a369ae1,StandardLoad,Utuado_load_512~1_demand_proj~new,512,pr38,True,True,2.2832144149999998,1.7922246216666666,,,load,high
b92ca100-2209-4b52-a069-74cbcc506df2,StandardLoad,load_1147~1,1147,pr8,False,True,0.864,0.864,,,load,high
c4b6a341-4b31-448e-881c-bc3d77be755b,StandardLoad,Yauco_load_230~1_demand_proj~new,230,pr2,True,True,4.774315564,3.7927031980000003,,,load,high
763ff615-a4ac-4317-ad91-57b96072a1db,StandardLoad,Toa Baja_load_602~1_demand_proj~new,602,pr93,True,True,3.129731799411765,2.522868304117647,,,load,high
acc23a39-49c4-4b0f-850c-41e2231aab54,StandardLoad,Guaynabo_load_671~1_demand_proj~new,671,pr87,True,True,4.96737684137931,3.925511120689655,,,load,high
6c6fd2d3-5b0c-4e0f-9060-804e45001282,StandardLoad,San Juan_load_141~1_demand_proj~new,141,pr87,True,True,4.2455050137096775,3.1162709637096775,,,load,high
23a69136-9a50-46ae-be21-62aa6304d4b8,StandardLoad,load_554~1,554,pr335,False,True,1.021,1.021,,,load,high
4b751a9d-1b17-456c-877e-9cf492912867,StandardLoad,Cidra_load_979~1_demand_proj~new,979,pr10,True,True,2.06491981,1.6755519446153846,,,load,high
7ee94788-399f-4914-99e1-67fb7d0482dd,StandardLoad,San Juan_load_454~1_demand_proj~new,454,pr21,True,True,4.2455050137096775,3.1162709637096775,,,load,high
38c72d6a-3d02-4848-aed8-285a5469bd67,StandardLoad,Cataño_load_969~1_demand_proj~new,969,pr63,True,True,2.6828104554545456,2.0192525872727276,,,load,high
5ecddf5d-979d-4576-b1ae-5792af1432a6,StandardLoad,load_1046~1,1046,pr93,False,True,0.026,0.026,,,load,high
a2f58585-9f3d-4d45-95f9-c0c8cd1ac4c8,StandardLoad,Arecibo_load_506~1_demand_proj~new,506,pr335,True,True,2.4877650953125,1.973074855,,,load,high
2fbafbf9-8489-428f-83dc-967c7806930b,StandardLoad,load_216~1,216,pr169,False,True,6.956999999999999,6.956999999999999,,,load,high
e4c354e5-9dbc-4282-a8e4-377112612d3f,StandardLoad,Peñuelas_load_487~1_demand_proj~new,487,pr2,True,True,1.6820572242857144,1.3528431705714283,,,load,high
0c334047-6862-47b4-9e5a-94d171493fbb,StandardLoad,Aguadilla_load_387~1_demand_proj~new,387,pr100,True,True,3.218285664375,2.51482391125,,,load,high
0c6322fc-4146-4ab5-ad5c-a89c71e62623,StandardLoad,load_619~1,619,pr45,False,True,0.91,0.91,,,load,high
3a03eed8-d5d2-44ed-bbcc-366c45cd385b,StandardLoad,Salinas_load_1089~1_demand_proj~new,1089,pr8,True,True,0.871347092,0.6882953135000001,,,load,high
f377fbe4-f988-4742-a3ce-ab375cc03f16,StandardLoad,load_374~1,374,pr3,False,True,9.367,9.367,,,load,high
c426b20c-1492-40bb-b691-c30a43b5d23d,StandardLoad,load_191~1,191,pr50,False,True,5.404,5.404,,,load,high
b76cb19b-2dbc-49af-b4c9-1f4709c4ef56,StandardLoad,load_808~1,808,pr106,False,True,10.27,10.27,,,load,high
32f2bf5a-6a36-40d6-ad97-41a245354f90,StandardLoad,Arecibo_load_667~1_demand_proj~new,667,pr335,True,True,2.4877650953125,1.973074855,,,load,high
be876fd0-3d9c-4ce4-b0aa-5fdc12c2b750,StandardLoad,San Juan_load_618~1_demand_proj~new,618,pr87,True,True,4.2455050137096775,3.1162709637096775,,,load,high
087496e5-c51a-44a8-8143-9c4c9ce2d6b9,StandardLoad,Quebradillas_load_333~1_demand_proj~new,333,pr100,True,True,3.8434417299999994,3.044479213,,,load,high
1170c419-c7bd-4ba3-afd3-dc160e53c64a,StandardLoad,load_989~1,989,pr40,False,True,0.20399999999999996,0.20399999999999996,,,load,high
00f3e89b-f85c-44e8-8b6a-9eae4fdb6c37,StandardLoad,Hatillo_load_1168~1_demand_proj~new,1168,pr335,True,True,2.7178737566666666,2.1420876699999996,,,load,high
2c719a13-5d40-4da7-ba8a-f17eef17f891,StandardLoad,load_735~1,735,pr45,False,True,0.034,0.034,,,load,high
dcca3c29-154f-4dda-9003-705fd69a6d6f,StandardLoad,load_1021~1,1021,pr87,False,True,0.313,0.313,,,load,high
bb365413-325c-427a-9da6-ce0fd642c934,StandardLoad,Carolina_load_187~1_demand_proj~new,187,pr84,True,True,5.546111667741935,4.38885534516129,,,load,high
d262d2da-8575-4f81-b54c-1a82627c8c1e,StandardLoad,Ponce_load_464~1_demand_proj~new,464,pr103,True,True,2.7466712411764704,2.162378388235294,,,load,high
e5414515-2063-4f15-a6b0-1fba60bde9ae,StandardLoad,Cataño_load_168~1_demand_proj~new,168,pr63,True,True,2.6828104554545456,2.0192525872727276,,,load,high
47e68a72-4770-401b-a814-9a45f3c2f697,StandardLoad,load_528~1,528,pr32,False,True,0.106,0.106,,,load,high
03e3244f-b4ad-4cfe-a78e-24f9373716aa,StandardLoad,load_52~1,52,pr87,False,True,13.915,13.915,,,load,high
6dea6fcf-3e47-4d56-9d6e-500433a8e8c8,StandardLoad,San Juan_load_949~1_demand_proj~new,949,pr87,True,True,4.2455050137096775,3.1162709637096775,,,load,high
dac3ce31-4a55-4d3d-a929-464cd8ff478e,StandardLoad,load_446~1,446,pr45,False,True,0.077,0.077,,,load,high
9672abf8-c064-47fd-b200-f884fc70187c,StandardLoad,Arecibo_load_587~1_demand_proj~new,587,pr40,True,True,2.4877650953125,1.973074855,,,load,high
2709437d-c191-4b39-bf38-0696204aa84d,StandardLoad,Carolina_load_564~1_demand_proj~new,564,pr84,True,True,5.546111667741935,4.38885534516129,,,load,high
f90b10a3-ee8b-4a4c-9830-a9fc7eaff5e9,StandardLoad,load_483~1,483,pr10,False,True,1.332,1.332,,,load,high
685da402-7402-4ddf-b154-6f0d8eec016a,StandardLoad,load_514~1,514,pr87,False,True,1.992,1.992,,,load,high
adab621e-ea6f-45ca-87e5-c6037a5c955b,StandardLoad,San Juan_load_742~1_demand_proj~new,742,pr87,True,True,4.2455050137096775,3.1162709637096775,,,load,high
348c77ba-2d3e-422e-a88f-8fe4d0e6c0eb,StandardLoad,load_1203~1,1203,pr85,False,True,0.169,0.169,,,load,high
b943d842-66f6-4dcf-b6a7-743344134bb9,StandardLoad,Sabana Grande_load_995~1_demand_proj~new,995,pr2,True,True,2.466167444,1.9868205144000002,,,load,high
6898e38d-95ed-4970-9d42-996bbac0cd69,StandardLoad,Mayagüez_load_71~1_demand_proj~new,71,pr29,True,True,3.375525496521739,2.61418767,,,load,high
e31099e8-18d4-4c9d-9989-cce2aa5b46ab,StandardLoad,Carolina_load_549~1_demand_proj~new,549,pr85,True,True,5.546111667741935,4.38885534516129,,,load,high
79aa093b-6fd6-4a3e-828c-891e4155acda,StandardLoad,load_609~1,609,pr3,False,True,0.006,0.006,,,load,high
834b0e43-0367-474a-ad65-ab1df2759f21,StandardLoad,Barceloneta_load_592~1_demand_proj~new,592,pr102,True,True,2.86514471,2.1817538754545454,,,load,high
c96f31c9-a800-4d36-abff-cee96693ab65,StandardLoad,load_418~1,418,pr82,False,True,0.394,0.394,,,load,high
167ecba4-bbf5-42a0-95ab-2dfc353ed89f,StandardLoad,San Juan_load_670~1_demand_proj~new,670,pr87,True,True,4.2455050137096775,3.1162709637096775,,,load,high
d108bd3d-9c77-4089-be5d-161b13852e7c,StandardLoad,load_135~1,135,pr392,False,True,5.329,5.329,,,load,high
77e490c6-db80-4380-a8f0-a9a3ed1f02d1,StandardLoad,Vega Baja_load_778~1_demand_proj~new,778,pr41,True,True,4.177719204000001,3.421581247000001,,,load,high
d0e95bc9-a49f-4177-9c4a-ded44de78e8c,StandardLoad,load_714~1,714,pr169,False,True,1.245,1.245,,,load,high
2f6b56ef-ed14-40b9-b136-5ed5eec285ac,StandardLoad,load_594~1,594,pr93,False,True,0.471,0.471,,,load,high
ef1585c3-bdbd-4a58-9cbf-938615682e8f,StandardLoad,load_739~1,739,pr102,False,True,1.021,1.021,,,load,high
95de8f56-ca39-49a9-902b-5b06f94c4991,StandardLoad,load_1146~1,1146,pr213,False,True,0.136,0.136,,,load,high
d751eb4c-e72c-4354-b1a5-5c8b664b86bc,StandardLoad,Arecibo_load_591~1_demand_proj~new,591,pr102,True,True,2.4877650953125,1.973074855,,,load,high
290af2a9-f343-450e-9b82-6280209a05a7,StandardLoad,Bayamón_load_790~1_demand_proj~new,790,pr45,True,True,3.8089114333333334,2.9982147755555553,,,load,high
76712828-bce1-485e-97e3-5c769eafd0f6,StandardLoad,Salinas_load_808~1_demand_proj~new,808,pr106,True,True,0.871347092,0.6882953135000001,,,load,high
d6919581-1d18-418a-b04a-35dacbeacd47,StandardLoad,load_4~1,4,pr3,False,True,0.266,0.266,,,load,high
4de23639-87d1-440b-89fc-76e85f55c1be,StandardLoad,Naguabo_load_17~1_demand_proj~new,17,pr16,True,True,2.128323861428571,1.6920299114285715,,,load,high
7ed463b6-dc56-4a52-8e4d-fd966828d98b,StandardLoad,load_409~1,409,pr32,False,True,8.251,8.251,,,load,high
98efbc93-4f19-4fbc-9716-8e41c50a14a1,StandardLoad,load_479~1,479,pr50,False,True,0.822,0.822,,,load,high
619c6d55-9d76-47ae-b05f-7fa5211dc368,StandardLoad,Yauco_load_1099~1_demand_proj~new,1099,pr2,True,True,4.774315564,3.7927031980000003,,,load,high
bb4705ff-ee96-4ce3-bc6f-40dc24319625,StandardLoad,load_903~1,903,pr153,False,True,1.317,1.317,,,load,high
a86be320-cb04-44cb-b10d-e4d161455ad4,StandardLoad,load_571~1,571,pr234,False,True,6.165,6.165,,,load,high
a7a85cc8-d0f8-4bac-a494-dfa37405ae4f,StandardLoad,Bayamón_load_378~1_demand_proj~new,378,pr378,True,True,3.8089114333333334,2.9982147755555553,,,load,high
8037dc28-3cac-4a0d-83b1-c24dcbb11d06,StandardLoad,Salinas_load_208~1_demand_proj~new,208,pr296,True,True,0.871347092,0.6882953135000001,,,load,high
2cc053d2-0f07-44c8-9b59-677c0c75791a,StandardLoad,San Juan_load_88~SL_demand_proj~new,88,pr88,True,True,4.2455050137096775,3.1162709637096775,,,load,high
4eff067b-7734-4695-86d8-90298bcb4025,StandardLoad,load_187~1,187,pr84,False,True,16.945,16.945,,,load,high
8aa99880-3146-458b-85ec-c24a08289729,StandardLoad,load_670~1,670,pr87,False,True,0.036,0.036,,,load,high
74a0f565-4579-4b70-b814-5bbc40940023,StandardLoad,Yabucoa_load_617~1_demand_proj~new,617,pr14,True,True,2.4504860216666664,1.9522838349999998,,,load,high
06702954-06be-4d2e-b0f9-7e25bcda25b2,StandardLoad,Arecibo_load_229~1_demand_proj~new,229,pr40,True,True,2.4877650953125,1.973074855,,,load,high
c264d0c0-538f-40b9-a092-2803aaa29233,StandardLoad,Rincón_load_628~1_demand_proj~new,628,pr231,True,True,1.7192154733333334,1.3609363643333332,,,load,high
b5f8fbe7-16d5-4318-953f-d727927bf01d,StandardLoad,load_912~1,912,pr153,False,True,1.532,1.532,,,load,high
29d39293-4f7d-4f5b-8504-3e2946ca1e02,StandardLoad,Villalba_load_657~1_demand_proj~new,657,pr213,True,True,1.8591589557142856,1.4980665314285713,,,load,high
15853dd8-ca12-4fbb-942d-2506672bd7fe,StandardLoad,load_416~1,416,pr45,False,True,0.741,0.741,,,load,high
dd088d4d-d19f-400b-ade6-c0768436c1c2,StandardLoad,load_296~1,296,pr296,False,True,9.3,9.3,,,load,high
f1ddbcc8-5f8b-4123-af62-794d72f447f5,StandardLoad,load_123~1,123,pr84,False,True,0.703,0.703,,,load,high
58fe828c-4116-4e27-b05f-282a9813954d,StandardLoad,Salinas_load_809~1_demand_proj~new,809,pr106,True,True,0.871347092,0.6882953135000001,,,load,high
2cd90244-8c7a-4ad1-8420-0923b626b8ba,StandardLoad,Manatí_load_912~1_demand_proj~new,912,pr153,True,True,3.2691944917647056,2.4881356388235294,,,load,high
d6133025-ceed-4dd9-9636-5f8eb0153640,StandardLoad,load_986~1,986,pr100,False,True,0.009,0.009,,,load,high
8629e547-5e48-412e-b6d5-01c7d5619fcc,StandardLoad,Humacao_load_14~1_demand_proj~new,14,pr14,True,True,2.659779135769231,2.0889401965384615,,,load,high
970dcbb0-d320-4ba5-b47f-0f661e8959ba,StandardLoad,load_738~1,738,pr45,False,True,0.265,0.265,,,load,high
84c3c030-5ede-4a62-8d49-41f8b581d9b8,StandardLoad,Fajardo_load_719~1_demand_proj~new,719,pr18,True,True,2.7599555726666667,2.114202726,,,load,high
50514301-6924-4a8b-8791-25d3945d4a73,StandardLoad,San Juan_load_1187~1_demand_proj~new,1187,pr86,True,True,4.2455050137096775,3.1162709637096775,,,load,high
be77dad4-c488-459f-a11f-1476f697f00b,StandardLoad,load_678~1,678,pr313,False,True,1.317,1.317,,,load,high
5ca466f1-52e1-4159-a4ad-fbffa1d6829f,StandardLoad,Vega Alta_load_649~1_demand_proj~new,649,pr41,True,True,2.92560168375,2.3293106,,,load,high
9eba5ec6-24e1-4d6f-9b56-790a21e8c73c,StandardLoad,load_77~1,77,pr29,False,True,1.08,1.08,,,load,high
54a05188-4c39-4cbf-a563-39819e9615d1,StandardLoad,load_447~1,447,pr102,False,True,2.19,2.19,,,load,high
83db9337-10a3-4328-b50a-441c78a1a1bb,StandardLoad,load_419~1,419,pr169,False,True,5.342,5.342,,,load,high
bfa9d028-4e8f-4959-acba-a9fb0cdb7e2d,StandardLoad,load_566~1,566,pr85,False,True,0.8659999999999999,0.8659999999999999,,,load,high
ea079b09-5f88-4ae0-90fb-dd30deab7bf3,StandardLoad,Humacao_load_766~1_demand_proj~new,766,pr14,True,True,2.659779135769231,2.0889401965384615,,,load,high
5c1f9194-19e5-43cb-b6ad-a7ccfd0071db,StandardLoad,load_541~1,541,pr335,False,True,0.49899999999999994,0.49899999999999994,,,load,high
f6f593bc-1fff-4278-bbc7-4cab7c299faf,StandardLoad,load_310~1,310,pr310,False,True,7.85,7.85,,,load,high
42b65312-b149-41f5-81e4-1be5527cda20,StandardLoad,Ponce_load_366~1_demand_proj~new,366,pr3,True,True,2.7466712411764704,2.162378388235294,,,load,high
a73547c5-c505-448a-ad1b-a9c2c13fa1eb,StandardLoad,San Juan_load_632~1_demand_proj~new,632,pr632,True,True,4.2455050137096775,3.1162709637096775,,,load,high
851d70c3-3f76-464e-85e0-e13dbc67ab73,StandardLoad,load_396~1,396,pr313,False,True,0.091,0.091,,,load,high
990b6a5a-1982-44ab-a70e-39b8eec56d05,StandardLoad,Ponce_load_629~1_demand_proj~new,629,pr313,True,True,2.7466712411764704,2.162378388235294,,,load,high
cda89b42-034b-4c65-b745-fbe1de1bb8dc,StandardLoad,load_338~1,338,pr8,False,True,6.552,6.552,,,load,high
4efad911-a280-4509-89f7-ed024b1fb4be,StandardLoad,load_311~1,311,pr100,False,True,5.07,5.07,,,load,high
b3a2444b-eb8a-48bf-89b3-1851f304f69f,StandardLoad,load_1074~1,1074,pr84,False,True,0.9450000000000001,0.9450000000000001,,,load,high
85570144-585f-45c5-b4e5-32b165501870,StandardLoad,load_532~SL,532,pr86,False,True,1.6,1.6,,,load,high
685f54cb-4e70-4994-82bd-0b946da6116a,StandardLoad,Vega Baja_load_342~1_demand_proj~new,342,pr41,True,True,4.177719204000001,3.421581247000001,,,load,high
5caff2a7-c033-4c80-a83f-eb7c90e4f8ae,StandardLoad,load_137~1,137,pr84,False,True,4.807,4.807,,,load,high
e48ab737-b6b0-4327-944c-9535c0b12c66,StandardLoad,Bayamón_load_165~1_demand_proj~new,165,pr378,True,True,3.8089114333333334,2.9982147755555553,,,load,high
18451f24-7e0f-4955-a3a5-85f95bd8ea30,StandardLoad,load_615~1,615,pr101,False,True,0.315,0.315,,,load,high
02531da5-787f-422e-b6cb-3f01238c8867,StandardLoad,load_744~1,744,pr82,False,True,0.18,0.18,,,load,high
ccfba863-92f3-450c-9e25-acfe4c3966d3,StandardLoad,Arecibo_load_331~1_demand_proj~new,331,pr335,True,True,2.4877650953125,1.973074855,,,load,high
53180f50-9739-4b88-8d56-ed58d2ab6534,StandardLoad,load_576~1,576,pr313,False,True,3.784,3.784,,,load,high
3514f604-a933-4077-ad77-50bec400c436,StandardLoad,load_728~1,728,pr45,False,True,0.672,0.672,,,load,high
9956efb4-c1b9-48e7-8d9a-2b9e1c7eff88,StandardLoad,San Germán_load_27~1_demand_proj~new,27,pr169,True,True,1.4123277133333334,1.1206812213333333,,,load,high
4cade05a-6908-4f8f-9e2a-89fdcb511cff,StandardLoad,load_9~1,9,pr8,False,True,0.775,0.775,,,load,high
efb4b284-22a8-47fc-afd8-3d9005434a1f,StandardLoad,Guaynabo_load_722~1_demand_proj~new,722,pr87,True,True,4.96737684137931,3.925511120689655,,,load,high
54d2801b-9b47-4d1d-aa3f-4d3d3bd797ce,StandardLoad,Toa Alta_load_310~1_demand_proj~new,310,pr310,True,True,10.5362312975,8.3736135675,,,load,high
dac41b63-a384-4b54-a5af-1e1c4e237fb5,StandardLoad,Dorado_load_747~1_demand_proj~new,747,pr93,True,True,3.944152446666666,3.2089917466666664,,,load,high
992bd2c7-21ed-4091-87c0-20fd20630549,StandardLoad,Río Grande_load_468~1_demand_proj~new,468,pr211,True,True,3.8016742533333328,2.998522042222222,,,load,high
ce02a79c-0a9a-4dd1-b5d9-7e2ac0170910,StandardLoad,load_666~1,666,pr50,False,True,0.027,0.027,,,load,high
515f9b29-8a45-4634-97a0-e80092a6a712,StandardLoad,load_468~1,468,pr211,False,True,0.011,0.011,,,load,high
d6fab466-7e8c-4763-9a42-0c882a01b552,StandardLoad,Gurabo_load_943~1_demand_proj~new,943,pr21,True,True,4.26697858,3.4889008025,,,load,high
947ac5e7-61e6-494a-a8c8-769325f4a808,StandardLoad,load_248~1,248,pr93,False,True,1.678,1.678,,,load,high
4eccc391-ec78-4efa-bba0-ff80d6f5a346,StandardLoad,load_922~1,922,pr21,False,True,2.15,2.15,,,load,high
c861c1c4-05b0-409e-bca7-f5d52d3c7946,StandardLoad,load_590~1,590,pr40,False,True,2.644,2.644,,,load,high
dae83eaf-20b3-48ad-9c4e-7f48ee91abf4,StandardLoad,load_475~1,475,pr10,False,True,5.102,5.102,,,load,high
e2eecce8-f613-4755-a8cb-6af5460b7d1f,StandardLoad,Carolina_load_684~1_demand_proj~new,684,pr85,True,True,5.546111667741935,4.38885534516129,,,load,high
5582a46d-7122-4a70-a16b-7a3036f5dc1b,StandardLoad,Guayama_load_94~SL_demand_proj~new,94,pr8,True,True,1.84132789,1.4528092990909092,,,load,high
d07ab77f-cc91-4116-93f5-8c4b99244908,StandardLoad,load_729~1,729,pr87,False,True,0.104,0.104,,,load,high
e50c8648-6791-4788-b6c4-c1ced6ab15f7,StandardLoad,load_97045~1,97045,pr97047,False,True,0.076,0.076,,,load,high
733e71d7-41d8-4204-92a2-80b13e7d45ac,StandardLoad,San Juan_load_538~1_demand_proj~new,538,pr87,True,True,4.2455050137096775,3.1162709637096775,,,load,high
50ae68c1-6059-4c6b-b9f2-45f538545b68,StandardLoad,Moca_load_976~1_demand_proj~new,976,pr32,True,True,3.310628844,2.6365172500000003,,,load,high
f9f14a18-d78d-4311-a402-b05787be82aa,StandardLoad,Jayuya_load_266~1_demand_proj~new,266,pr266,True,True,8.875256907,7.077445032,,,load,high
b92edc75-d5a1-4fd7-ac13-52ff3f6fd22c,StandardLoad,Cayey_load_759~1_demand_proj~new,759,pr10,True,True,2.6816598480000002,2.0256521513333334,,,load,high
ca6254a7-6c65-42d1-bcf7-9c687fc1654e,StandardLoad,load_579~1,579,pr234,False,True,0.451,0.451,,,load,high
585e5732-7e23-46d0-ae40-0d3b3cdd8f65,StandardLoad,San Lorenzo_load_571~1_demand_proj~new,571,pr234,True,True,2.55329710875,2.0573470075,,,load,high
1913bb68-e6a1-4fbe-b6d9-ee97aabf98c6,StandardLoad,Canóvanas_load_203~1_demand_proj~new,203,pr82,True,True,2.5950749772727275,2.0609296972727273,,,load,high
ce7eb657-9eb9-49d1-9514-8ebbc38dffea,StandardLoad,Bayamón_load_604~1_demand_proj~new,604,pr378,True,True,3.8089114333333334,2.9982147755555553,,,load,high
8e726e8d-bc92-48e3-ab48-c35cda17e5fb,StandardLoad,Luquillo_load_180~1_demand_proj~new,180,pr211,True,True,6.20697185,4.9347881395,,,load,high
f55196fb-0bc4-4002-9620-138504223140,StandardLoad,load_536~1,536,pr234,False,True,2.171,2.171,,,load,high
79820782-9ff9-49df-a7c8-9a9c879e32fe,StandardLoad,load_969~1,969,pr63,False,True,0.772,0.772,,,load,high
24260f49-2aeb-4e7e-95f2-4228a4f0928e,StandardLoad,Fajardo_load_612~1_demand_proj~new,612,pr18,True,True,2.7599555726666667,2.114202726,,,load,high
4af16544-2a87-4adb-a50c-081551b24e4d,StandardLoad,load_17~1,17,pr16,False,True,1.35,1.35,,,load,high
f9aea2d1-6c17-491b-a8cc-f6a6d915a9c3,StandardLoad,load_637~1,637,pr2,False,True,0.056999999999999995,0.056999999999999995,,,load,high
97293b18-5222-438a-8674-264b555c842d,StandardLoad,Toa Baja_load_1094~1_demand_proj~new,1094,pr378,True,True,3.129731799411765,2.522868304117647,,,load,high
e7bd9d92-c05e-4f4c-9d7f-d9cf2d7ddffa,StandardLoad,Villalba_load_349~1_demand_proj~new,349,pr213,True,True,1.8591589557142856,1.4980665314285713,,,load,high
41ce2d60-cd32-4fd7-8d24-1915c550e2bf,StandardLoad,load_57~1,57,pr87,False,True,4.0,4.0,,,load,high
0c58e92b-763d-4380-803b-43bc8d0302fa,StandardLoad,load_769~1,769,pr14,False,True,0.024,0.024,,,load,high
f16f047d-baad-4d86-a86e-3e00b08c108e,StandardLoad,San Germán_load_635~1_demand_proj~new,635,pr169,True,True,1.4123277133333334,1.1206812213333333,,,load,high
17e394a1-3cb0-4e92-a15a-cdce630b4829,StandardLoad,load_543~1,543,pr213,False,True,0.241,0.241,,,load,high
87b7d842-b295-415c-8aa8-8d58be944f7b,StandardLoad,Caguas_load_750~1_demand_proj~new,750,pr21,True,True,5.0412909,3.99177401173913,,,load,high
3b257ca0-197b-4a3f-92bf-ac75a9fff4dd,StandardLoad,load_572~1,572,pr234,False,True,0.031,0.031,,,load,high
312f27f5-a98b-4745-90c7-d588c4723ad1,StandardLoad,load_11~1,11,pr10,False,True,5.974,5.974,,,load,high
b7f9fc88-873c-4591-a002-77eab8800089,StandardLoad,Ceiba_load_56~1_demand_proj~new,56,pr101,True,True,1.4401926262,1.1455104348,,,load,high
5c29de9f-4c8b-4eba-b4d0-5658e2946a08,StandardLoad,Santa Isabel_load_450~1_demand_proj~new,450,pr296,True,True,1.7713124090909094,1.4194876254545457,,,load,high
1ad11259-916b-4f7d-a303-3128dcbb91de,StandardLoad,load_1170~1,1170,pr632,False,True,1.309,1.309,,,load,high
71219ef3-b814-44cd-a09a-316eff8806e4,StandardLoad,load_694~1,694,pr313,False,True,10.186,10.186,,,load,high
d73f424c-dc8a-4396-ac1f-977ef773d412,StandardLoad,Ponce_load_463~1_demand_proj~new,463,pr3,True,True,2.7466712411764704,2.162378388235294,,,load,high
9f54e4ad-df1c-4852-a8fe-9462eec8b87e,StandardLoad,load_43~1,43,pr45,False,True,4.437,4.437,,,load,high
2aba83cf-046f-4366-8849-5d6da2ed0e56,StandardLoad,load_967~1,967,pr8,False,True,0.315,0.315,,,load,high
1f00f9a7-7ca1-49a8-aba1-ceab4cbd41f1,StandardLoad,load_688~1,688,pr21,False,True,0.325,0.325,,,load,high
cf960d5c-1a13-4005-9f28-a7a2c6959a42,StandardLoad,Utuado_load_1169~1_demand_proj~new,1169,pr38,True,True,2.2832144149999998,1.7922246216666666,,,load,high
3300fb76-7f1e-448c-95e1-1afdcd3a1c2c,StandardLoad,San Juan_load_754~1_demand_proj~new,754,pr84,True,True,4.2455050137096775,3.1162709637096775,,,load,high
a16ff148-4752-4e9a-a5f6-5c6e26544058,StandardLoad,Cabo Rojo_load_668~1_demand_proj~new,668,pr116,True,True,2.990703023,2.384224996,,,load,high
1cf5ca0d-70a8-4e34-b8ed-00e910f34b08,StandardLoad,load_97111~1,97111,pr100,False,True,0.13,0.13,,,load,high
4af0ceb5-d76c-4192-9781-2c192175c3b0,StandardLoad,Adjuntas_load_330~1_demand_proj~new,330,pr103,True,True,3.219226009,2.5365407885,,,load,high
7372590c-857b-4244-9e95-cc27170d0dbb,StandardLoad,Cataño_load_955~1_demand_proj~new,955,pr63,True,True,2.6828104554545456,2.0192525872727276,,,load,high
b1185d02-a2c1-45d0-b418-d3a5f38ffddb,StandardLoad,load_683~1,683,pr85,False,True,0.23599999999999996,0.23599999999999996,,,load,high
60dcbcd7-255d-4f75-9917-f4d188731134,StandardLoad,load_154~1,154,pr87,False,True,4.388,4.388,,,load,high
379cc3b6-340d-413d-bb21-315043d717d0,StandardLoad,Ponce_load_925~1_demand_proj~new,925,pr3,True,True,2.7466712411764704,2.162378388235294,,,load,high
de7c0b85-9b37-4114-a99e-3bf92bd84059,StandardLoad,Yauco_load_25~1_demand_proj~new,25,pr2,True,True,4.774315564,3.7927031980000003,,,load,high
84592f47-c2f7-42cc-8773-3efa4387a235,StandardLoad,load_439~1,439,pr40,False,True,0.272,0.272,,,load,high
fd06e67c-2afa-4698-8c9c-cb60a9c450f4,StandardLoad,Guayama_load_1123~1_demand_proj~new,1123,pr8,True,True,1.84132789,1.4528092990909092,,,load,high
b81b0dd2-44bd-471b-bf1b-a254d90451ee,StandardLoad,load_319~SL,319,pr319,False,True,18.51,18.51,,,load,high
0aa65729-0893-4ce1-beed-cbd01d8bd482,StandardLoad,load_582~1,582,pr10,False,True,2.045,2.045,,,load,high
51156867-032b-4134-be29-25ac5e7e7b60,StandardLoad,load_1118~1,1118,pr87,False,True,0.475,0.475,,,load,high
3d0fe90a-4bab-4077-8ca6-af88bebe1c1a,StandardLoad,load_613~1,613,pr18,False,True,1.957,1.957,,,load,high
a0bc655f-92a0-4cc0-871b-e4264e091c5e,StandardLoad,load_1015~1,1015,pr32,False,True,1.327,1.327,,,load,high
6c231a97-0fc5-4dec-b61a-dac20aeffbfc,StandardLoad,load_652~1,652,pr296,False,True,0.017,0.017,,,load,high
5d24148d-ebdd-4938-b1b9-2f4f4003f19b,StandardLoad,San Sebastián_load_680~1_demand_proj~new,680,pr35,True,True,5.0714426425,3.98891388,,,load,high
b2b18fac-faf0-4d3f-a7b7-1ae12834854d,StandardLoad,load_287~1,287,pr8,False,True,0.022,0.022,,,load,high
a5ec5a50-4494-4d5f-bd48-a179c789ec5b,StandardLoad,Juncos_load_579~1_demand_proj~new,579,pr234,True,True,5.828623982857143,4.609125252857143,,,load,high
2f1dfb04-c2a6-40bf-834b-6cb9dea63c91,StandardLoad,load_988~1,988,pr21,False,True,1.133,1.133,,,load,high
7ff61635-ff76-4daa-8713-bd021720fc03,StandardLoad,Vega Baja_load_42~1_demand_proj~new,42,pr41,True,True,4.177719204000001,3.421581247000001,,,load,high
697e3382-2993-4e1e-a99e-f19cc70de5c2,StandardLoad,load_444~1,444,pr153,False,True,2.781,2.781,,,load,high
4cfcb41d-05b9-4a13-9bf7-70f6200a6e7b,StandardLoad,load_449~1,449,pr50,False,True,0.382,0.382,,,load,high
19ec6376-43be-4d67-8e8c-a0b97757586d,StandardLoad,Guaynabo_load_67~1_demand_proj~new,67,pr50,True,True,4.96737684137931,3.925511120689655,,,load,high
4b3f6314-0f42-4715-afab-e037ccefb8f6,StandardLoad,Cayey_load_1014~1_demand_proj~new,1014,pr10,True,True,2.6816598480000002,2.0256521513333334,,,load,high
30cfcdaf-77d9-485a-b68a-270005568015,StandardLoad,Cayey_load_715~1_demand_proj~new,715,pr10,True,True,2.6816598480000002,2.0256521513333334,,,load,high
1c71e1e4-27fc-4c1f-9d45-efdfccf6fff0,StandardLoad,Guaynabo_load_191~1_demand_proj~new,191,pr50,True,True,4.96737684137931,3.925511120689655,,,load,high
d19fae39-af7d-4a53-9b77-0032338af9be,StandardLoad,load_255~1,255,pr38,False,True,2.446,2.446,,,load,high
1c11a173-be0c-4713-9f9f-5b4de2a48b75,StandardLoad,load_5~1,5,pr5,False,True,5.96,5.96,,,load,high
d1d9ce2a-d9bc-4ff0-a5b7-90e33e9870d5,StandardLoad,load_704~1,704,pr93,False,True,0.06,0.06,,,load,high
5d972568-47bf-4ed2-92f6-a70b846208ae,StandardLoad,load_640~1,640,pr8,False,True,0.273,0.273,,,load,high
12150651-776b-4f4f-a9a9-041874214209,StandardLoad,San Juan_load_171~1_demand_proj~new,171,pr86,True,True,4.2455050137096775,3.1162709637096775,,,load,high
0d15d74e-8740-4378-ae96-730c602c83e4,StandardLoad,Aibonito_load_423~1_demand_proj~new,423,pr10,True,True,2.8548459483333333,2.2668580916666663,,,load,high
eb7eb414-584e-43bf-acfd-b455711feffc,StandardLoad,Guaynabo_load_152~1_demand_proj~new,152,pr45,True,True,4.96737684137931,3.925511120689655,,,load,high
7dae0109-1927-467a-a87f-9434754c3d9b,StandardLoad,load_502~1,502,pr335,False,True,0.794,0.794,,,load,high
f92a8a11-0c49-4e5a-b9cc-fd9523ebc370,StandardLoad,Loíza_CUMMINS     -97036_demand_proj~new,97036,pr82,True,True,1.636761164333333,1.3077864011666667,,,load,high
dcee6b79-424e-445b-b36a-331715a8a017,StandardLoad,load_486~1,486,,False,True,0.853,0.853,,,load,high
99c23697-5613-43e0-a7cc-efec1f97fecf,StandardLoad,Cayey_load_399~1_demand_proj~new,399,pr10,True,True,2.6816598480000002,2.0256521513333334,,,load,high
30a79be7-1a50-4969-8a9e-dc856e5316db,StandardLoad,load_1136~1,1136,pr296,False,True,0.383,0.383,,,load,high
135e4dc8-c949-45da-b38a-688c2fbf73da,StandardLoad,Guaynabo_load_724~1_demand_proj~new,724,pr87,True,True,4.96737684137931,3.925511120689655,,,load,high
fedf404d-ba3d-4773-b563-c397a6e91675,StandardLoad,load_345~1,345,pr234,False,True,5.8,5.8,,,load,high
c2429b15-8c5c-4828-8214-fcd23c246c0d,StandardLoad,San Juan_load_530~1_demand_proj~new,530,pr392,True,True,4.2455050137096775,3.1162709637096775,,,load,high
f07087e2-dcd4-456b-96a7-42fdb3a0e3c2,StandardLoad,load_3~1,3,pr3,False,True,16.97,16.97,,,load,high
cfb05bc0-6efc-4c76-9668-2a06378ed560,StandardLoad,load_612~1,612,pr18,False,True,0.799,0.799,,,load,high
e0fa791d-754d-491c-9c5d-82de26aa415a,StandardLoad,Arecibo_load_589~1_demand_proj~new,589,pr40,True,True,2.4877650953125,1.973074855,,,load,high
1ed3ab66-7b4f-4ea7-96c2-250c741ee5f7,StandardLoad,load_357~1,357,,False,True,2.9,2.9,,,load,high
e60c9e6e-f49f-4003-88d8-fa24481c093c,StandardLoad,load_774~1,774,pr14,False,True,0.49300000000000005,0.49300000000000005,,,load,high
5e3889a9-03e2-48d9-8582-d004e56c906e,StandardLoad,load_469~1,469,pr50,False,True,0.568,0.568,,,load,high
52a0e1af-095e-4605-bab3-e098dbd8e615,StandardLoad,Bayamón_load_736~1_demand_proj~new,736,pr45,True,True,3.8089114333333334,2.9982147755555553,,,load,high
a92cb127-c404-4a49-b382-b9d9e61bf807,StandardLoad,Comerío_load_645~1_demand_proj~new,645,pr275,True,True,1.8073782984999998,1.4356669175,,,load,high
14351890-3a2a-4dd0-99d0-c1985dc6b153,StandardLoad,Humacao_load_767~1_demand_proj~new,767,pr14,True,True,2.659779135769231,2.0889401965384615,,,load,high
b95af20e-18bc-4987-bcf8-ddd6cc4f7595,StandardLoad,Vega Alta_load_642~1_demand_proj~new,642,pr41,True,True,2.92560168375,2.3293106,,,load,high
6b05019c-1da2-4cd9-993b-28dfb713cdcb,StandardLoad,Humacao_load_97045~1_demand_proj~new,97045,pr97047,True,True,2.659779135769231,2.0889401965384615,,,load,high
19088bb1-42d1-4eae-8086-e744cc9eb4c3,StandardLoad,Canóvanas_load_964~1_demand_proj~new,964,pr82,True,True,2.5950749772727275,2.0609296972727273,,,load,high
2628812a-d065-4783-b649-d46817c372f0,StandardLoad,Carolina_load_550~1_demand_proj~new,550,pr85,True,True,5.546111667741935,4.38885534516129,,,load,high
e8b27e0d-9733-4f3e-a1ec-6632bf506bc7,StandardLoad,Caguas_load_749~1_demand_proj~new,749,pr21,True,True,5.0412909,3.99177401173913,,,load,high
154d917c-a3e2-4893-9d23-c8d5a40a31c6,StandardLoad,San Juan_load_948~1_demand_proj~new,948,pr87,True,True,4.2455050137096775,3.1162709637096775,,,load,high
020e1bfe-8f7f-4a21-8928-0ad00bb4d146,StandardLoad,load_347~1,347,pr82,False,True,2.644,2.644,,,load,high
cc5fa66e-9a4e-4614-9fec-08dc129fd6cc,StandardLoad,Manatí_load_403~1_demand_proj~new,403,pr153,True,True,3.2691944917647056,2.4881356388235294,,,load,high
c960e557-eea7-4cc4-896b-6391803f0b3c,StandardLoad,Mayagüez_load_505~1_demand_proj~new,505,pr116,True,True,3.375525496521739,2.61418767,,,load,high
f963de1e-d47d-47c1-8360-9374f49b0e7c,StandardLoad,Cayey_load_547~1_demand_proj~new,547,pr378,True,True,2.6816598480000002,2.0256521513333334,,,load,high
ebb254f8-5489-48fa-8488-84802825d19e,StandardLoad,load_304~1,304,pr213,False,True,0.617,0.617,,,load,high
389e64d7-a7c3-45e7-8d68-9abd4cd2cd83,StandardLoad,San Juan_load_1050~1_demand_proj~new,1050,pr87,True,True,4.2455050137096775,3.1162709637096775,,,load,high
b7f3bf76-5551-449c-a102-b7d73b37a7fe,StandardLoad,Guayama_load_289~1_demand_proj~new,289,pr8,True,True,1.84132789,1.4528092990909092,,,load,high
594202b6-6afd-409a-afc0-8d8a6b3a40e4,StandardLoad,load_1004~SL,1004,pr296,False,True,0.01,0.01,,,load,high
16a1fd5c-15e5-4ef0-9075-85e2741b098e,StandardLoad,load_457~1,457,pr63,False,True,0.086,0.086,,,load,high
1f22d12d-1b73-4031-a8bb-3dbe62295b06,StandardLoad,load_564~1,564,pr84,False,True,0.034,0.034,,,load,high
8b8e44f3-6084-4631-bb1d-5a315f4df8af,StandardLoad,Naranjito_load_1097~1_demand_proj~new,1097,pr45,True,True,12.72578261,10.08202594,,,load,high
d4897a7b-1c7e-4c95-bbe9-132726c5ffbe,StandardLoad,San Germán_load_169~1_demand_proj~new,169,pr169,True,True,1.4123277133333334,1.1206812213333333,,,load,high
e308ba4f-7006-43eb-8411-67bea992432b,StandardLoad,Aguadilla_load_298~1_demand_proj~new,298,pr32,True,True,3.218285664375,2.51482391125,,,load,high
fb4c626c-433e-4623-a57d-db4914282868,StandardLoad,load_763~1,763,pr14,False,True,2.014,2.014,,,load,high
93a96e52-a9d6-4e8d-9ae0-4eae80c82cdf,StandardLoad,load_1123~1,1123,pr8,False,True,4.13,4.13,,,load,high
71133730-250d-4b0e-ba80-cf337aaa952b,StandardLoad,Bayamón_load_619~1_demand_proj~new,619,pr45,True,True,3.8089114333333334,2.9982147755555553,,,load,high
8cfa4479-6cd2-4bb8-8843-fc37db5bf89c,StandardLoad,load_596~1,596,pr16,False,True,0.126,0.126,,,load,high
e807d08a-77c6-4be8-9163-d5542cc7d483,StandardLoad,Cidra_load_980~1_demand_proj~new,980,pr10,True,True,2.06491981,1.6755519446153846,,,load,high
14c7d28f-c07d-40e6-8276-25f66f4219cd,StandardLoad,load_624~1,624,pr296,False,True,0.262,0.262,,,load,high
59f03e48-98f8-4309-a006-5c040d8bb009,StandardLoad,load_263~1,263,pr93,False,True,0.104,0.104,,,load,high
b63da8fd-1432-416f-9f29-f1579c201507,StandardLoad,San Juan_load_397~1_demand_proj~new,397,pr84,True,True,4.2455050137096775,3.1162709637096775,,,load,high
38791816-dd95-45f9-809c-2a9ee88fadc7,StandardLoad,Las Piedras_load_787~1_demand_proj~new,787,pr234,True,True,2.2091729293333335,1.7617399426666667,,,load,high
9fc03220-ea53-47b2-af41-95fe96b1fba4,StandardLoad,load_118~1,118,pr32,False,True,6.653,6.653,,,load,high
800e444f-0a6a-4b61-a401-27b4041c5b78,StandardLoad,Corozal_load_400~1_demand_proj~new,400,pr400,True,True,7.620873845000001,6.06266971,,,load,high
179618d9-a529-47ff-96d2-6c8daac8e4fb,StandardLoad,Barranquitas_load_215~1_demand_proj~new,215,pr353,True,True,5.974772315,4.711209889,,,load,high
689b199f-21c1-4a22-b90c-820ff1234963,StandardLoad,Peñuelas_load_806~1_demand_proj~new,806,pr96,True,True,1.6820572242857144,1.3528431705714283,,,load,high
c10e4be4-04e1-4573-83bc-c827aab7ca30,StandardLoad,load_331~1,331,pr335,False,True,0.272,0.272,,,load,high
c9070059-de00-4951-b1f8-eecb852a3838,StandardLoad,load_480~1,480,pr480,False,True,12.134,12.134,,,load,high
8fee99d1-3d3c-4465-962b-f8032126df59,StandardLoad,load_717~1,717,pr18,False,True,0.247,0.247,,,load,high
0d51605c-9157-48db-8dd8-294e566d90da,StandardLoad,San Juan_load_54~1_demand_proj~new,54,pr87,True,True,4.2455050137096775,3.1162709637096775,,,load,high
fca66ecc-074b-46f1-849e-aebb9313f489,StandardLoad,load_384~1,384,pr100,False,True,2.69,2.69,,,load,high
0be91a4f-2e21-402d-9905-0a59b84ce394,StandardLoad,load_610~1,610,pr100,False,True,1.237,1.237,,,load,high
6ae98fca-20b9-4526-9bad-04469900fc76,StandardLoad,load_583~1,583,pr583,False,True,15.75,15.75,,,load,high
f51ac80f-02ba-4ebb-b465-a266a8e476cc,StandardLoad,Yauco_load_226~1_demand_proj~new,226,pr2,True,True,4.774315564,3.7927031980000003,,,load,high
1d079874-9e3e-4037-840a-09ff43a4d8fc,StandardLoad,load_748~1,748,pr93,False,True,0.013,0.013,,,load,high
ef78a052-ff71-4383-bb1a-33dc7c732384,StandardLoad,San Germán_load_427~SL_demand_proj~new,427,pr169,True,True,1.4123277133333334,1.1206812213333333,,,load,high
66b545a9-d9f2-4ca5-a71e-dcffbe8673ba,StandardLoad,Juana Díaz_load_1177~1_demand_proj~new,1177,pr313,True,True,3.2169329574999996,2.6340751308333332,,,load,high
b61d4f8a-4800-49c4-b151-b6b99766505d,StandardLoad,Coamo_load_246~1_demand_proj~new,246,pr296,True,True,4.86615,3.8736385625,,,load,high
d258f30e-2151-4db9-a159-7473a1321bba,StandardLoad,Bayamón_load_952~1_demand_proj~new,952,pr63,True,True,3.8089114333333334,2.9982147755555553,,,load,high
49370f20-462e-40af-ab9a-5aec992e9d02,StandardLoad,San Germán_load_714~1_demand_proj~new,714,pr169,True,True,1.4123277133333334,1.1206812213333333,,,load,high
b36e05bb-71eb-4d17-845f-decf9d0f3319,StandardLoad,load_466~1,466,pr103,False,True,0.693,0.693,,,load,high
16e27e8c-68d1-4fb7-ad24-7a421aa556f5,StandardLoad,San Juan_load_1170~1_demand_proj~new,1170,pr632,True,True,4.2455050137096775,3.1162709637096775,,,load,high
a25204e6-2e38-4acf-b4fc-adf6f7b8dc78,StandardLoad,load_506~1,506,pr335,False,True,1.9290000000000003,1.9290000000000003,,,load,high
c8fb26cd-d121-4c96-9502-e40c45dda37b,StandardLoad,load_1100~1,1100,pr335,False,True,0.17,0.17,,,load,high
89f66455-5389-448b-8077-d6f6498a9b99,StandardLoad,load_295~SL,295,pr18,False,True,3.8,3.8,,,load,high
c60b141e-183b-4b89-9d7b-027d24b819dc,StandardLoad,load_492~1,492,pr492,False,True,11.823,11.823,,,load,high
0486d1ef-9c3a-4e79-9d2d-4e79f19ce3f8,StandardLoad,Aibonito_load_696~1_demand_proj~new,696,pr10,True,True,2.8548459483333333,2.2668580916666663,,,load,high
9136117c-96c9-408d-be4c-6e8b53bf0ab2,StandardLoad,load_217~1,217,pr84,False,True,10.772,10.772,,,load,high
e8da5e89-3ae3-4da5-8171-0ac96646ef28,StandardLoad,load_822~1,822,pr106,False,True,0.2,0.2,,,load,high
61965ac8-1ebb-42ba-9ba9-d3e2b80e759b,StandardLoad,load_134~1,134,pr392,False,True,0.065,0.065,,,load,high
4526bcec-8e21-46ba-9c8d-4204108737df,StandardLoad,load_482~1,482,pr35,False,True,0.188,0.188,,,load,high
c5847cf3-2e81-49d7-8563-e483c7c0f35e,StandardLoad,Salinas_load_832~1_demand_proj~new,832,pr106,True,True,0.871347092,0.6882953135000001,,,load,high
a081321e-f4ce-4846-9657-3ee2ad75f050,StandardLoad,Ponce_load_620~1_demand_proj~new,620,pr103,True,True,2.7466712411764704,2.162378388235294,,,load,high
a732863d-48f1-473f-9e58-e3dbb38c5998,StandardLoad,load_539~1,539,pr335,False,True,0.193,0.193,,,load,high
01da09fd-9552-4a18-a163-8834f701f7af,StandardLoad,load_672~1,672,pr116,False,True,0.009,0.009,,,load,high
e1bebbdb-cfdc-400d-9556-6b14a90fc487,StandardLoad,Bayamón_load_443~1_demand_proj~new,443,pr45,True,True,3.8089114333333334,2.9982147755555553,,,load,high
86aacfcc-c9d0-4cec-ae2a-560d9db64295,StandardLoad,Manatí_load_444~1_demand_proj~new,444,pr153,True,True,3.2691944917647056,2.4881356388235294,,,load,high
c16de4bb-89a9-4e59-ba6b-5a65ef3c3c68,StandardLoad,Ponce_load_770~1_demand_proj~new,770,pr3,True,True,2.7466712411764704,2.162378388235294,,,load,high
7f2a0cfe-2154-45dc-a705-ed460e29c1d6,StandardLoad,Ponce_load_771~1_demand_proj~new,771,pr103,True,True,2.7466712411764704,2.162378388235294,,,load,high
d5438bc1-07cc-4f3d-a589-49a10137b20e,StandardLoad,load_751~1,751,pr21,False,True,0.661,0.661,,,load,high
ee29b51d-656c-4dd4-9abe-9053c3120798,StandardLoad,Río Grande_load_558~1_demand_proj~new,558,pr82,True,True,3.8016742533333328,2.998522042222222,,,load,high
d5e5e266-fc8c-47d7-a34d-dfb67f68fa92,StandardLoad,Cabo Rojo_load_206~1_demand_proj~new,206,pr116,True,True,2.990703023,2.384224996,,,load,high
63bd38c4-2629-4627-a18d-6505c984fda0,StandardLoad,load_703~1,703,pr169,False,True,0.2,0.2,,,load,high
b44b7fcd-0347-4c96-813c-f2a59f757c5c,StandardLoad,Arecibo_load_1117~1_demand_proj~new,1117,pr40,True,True,2.4877650953125,1.973074855,,,load,high
a1d341d1-775d-451d-8e31-59e2b6047b80,StandardLoad,San Juan_load_188~1_demand_proj~new,188,pr85,True,True,4.2455050137096775,3.1162709637096775,,,load,high
20f831fc-1851-4fb7-ace8-0d80505d5993,StandardLoad,Arecibo_load_882~1_demand_proj~new,882,pr440,True,True,2.4877650953125,1.973074855,,,load,high
7679f732-3912-406d-9431-057473581572,StandardLoad,Arecibo_load_37~1_demand_proj~new,37,pr38,True,True,2.4877650953125,1.973074855,,,load,high
4a02d052-c22a-4353-bcf0-f161aa0f3fa8,StandardLoad,load_205~1,205,pr392,False,True,0.41700000000000004,0.41700000000000004,,,load,high
75f0b233-5584-49d2-acd5-fd2d6c3381ff,StandardLoad,San Juan_load_60~1_demand_proj~new,60,pr86,True,True,4.2455050137096775,3.1162709637096775,,,load,high
de32927d-27ec-4584-ad21-fc2995e8cc5a,StandardLoad,load_488~1,488,pr2,False,True,2.263,2.263,,,load,high
286e47dd-f7d9-4293-963f-278dac7392a6,StandardLoad,San Juan_load_69~1_demand_proj~new,69,pr50,True,True,4.2455050137096775,3.1162709637096775,,,load,high
f2a76195-9013-432f-9de8-458efa937beb,StandardLoad,Toa Baja_load_491~1_demand_proj~new,491,pr378,True,True,3.129731799411765,2.522868304117647,,,load,high
1fbffbd1-6e41-4332-8dff-3ce9ca20043c,StandardLoad,Bayamón_load_914~1_demand_proj~new,914,pr45,True,True,3.8089114333333334,2.9982147755555553,,,load,high
c749278e-e6b7-4df3-a973-011134c4b795,StandardLoad,San Juan_load_1118~1_demand_proj~new,1118,pr87,True,True,4.2455050137096775,3.1162709637096775,,,load,high
8a2ac515-c2dc-4991-bbf8-c6452e1c735b,StandardLoad,Bayamón_load_202~1_demand_proj~new,202,pr45,True,True,3.8089114333333334,2.9982147755555553,,,load,high
055129c4-ae41-4233-bda1-63ded636ff17,StandardLoad,load_237~1,237,pr93,False,True,-10.83,-10.83,,,load,high
b6ec69e6-4b4e-4030-ace8-e764a4b04487,StandardLoad,load_175~1,175,pr175,False,True,23.395,23.395,,,load,high
d637fdc6-d413-4155-80c4-f8ae96b5bbd2,StandardLoad,load_713~1,713,pr3,False,True,1.476,1.476,,,load,high
af02a0be-5b05-4972-9886-810ad3d006d7,StandardLoad,load_1090~1,1090,pr153,False,True,0.602,0.602,,,load,high
f3b10208-c188-49e4-ab16-604ebd241bee,StandardLoad,load_1166~1,1166,pr93,False,True,0.004,0.004,,,load,high
2c683858-fb34-40f9-b3a9-b9ab016c74e4,StandardLoad,Arecibo_load_699~1_demand_proj~new,699,pr40,True,True,2.4877650953125,1.973074855,,,load,high
75f67d0a-710a-4e51-b6c3-42ae52373feb,StandardLoad,San Lorenzo_load_536~1_demand_proj~new,536,pr234,True,True,2.55329710875,2.0573470075,,,load,high
59899a63-4860-43c5-9334-513e5ebd3e60,StandardLoad,load_337~1,337,pr8,False,True,2.813,2.813,,,load,high
1f2d8221-11b1-4a10-ac6f-08d1e01793f2,StandardLoad,load_60~1,60,pr86,False,True,2.222,2.222,,,load,high
56a61c74-4ca2-401a-a827-2ef48a052400,StandardLoad,Salinas_load_810~1_demand_proj~new,810,pr106,True,True,0.871347092,0.6882953135000001,,,load,high
23ea0db4-b9ce-41d3-b68e-4aa7e0268d53,StandardLoad,load_170~1,170,pr45,False,True,2.363,2.363,,,load,high
6edb93a9-4691-420c-b2b6-0d88a343a11f,StandardLoad,load_533~1,533,pr32,False,True,0.705,0.705,,,load,high
ada4758f-33bf-40db-8087-f5e8634d117f,StandardLoad,load_642~1,642,pr41,False,True,0.154,0.154,,,load,high
2520b50a-28fb-4b5d-914e-77e6a6149230,StandardLoad,load_39~1,39,pr40,False,True,3.9469999999999996,3.9469999999999996,,,load,high
7099ca55-59bc-4fd1-8277-ecab14ae80d3,StandardLoad,load_354~1,354,pr392,False,True,2.6,2.6,,,load,high
4bece89d-a1fb-46aa-a348-ef854a18e152,StandardLoad,load_532~1,532,pr86,False,True,1.7610000000000001,1.7610000000000001,,,load,high
07480ca6-670f-4dfc-b049-a882e0de1287,StandardLoad,San Juan_load_548~1_demand_proj~new,548,pr632,True,True,4.2455050137096775,3.1162709637096775,,,load,high
69517df4-5c42-4725-93bf-4c88722db6fa,StandardLoad,San Juan_load_981~1_demand_proj~new,981,pr50,True,True,4.2455050137096775,3.1162709637096775,,,load,high
2847e6c3-9a4e-4905-ae48-f66b7772711e,StandardLoad,load_126~1,126,pr87,False,True,0.07,0.07,,,load,high
7b61de6a-fc39-4a3d-9ccb-e2978fe16aa5,StandardLoad,Guayanilla_load_803~1_demand_proj~new,803,pr2,True,True,2.387760682,1.8710107328000003,,,load,high
f498f304-35a5-42f5-a61c-4733e5a85166,StandardLoad,load_245~1,245,pr93,False,True,19.95,19.95,,,load,high
3c11f2d8-3b2e-4755-9cca-ecde5afa6ce3,StandardLoad,load_1044~1,1044,pr335,False,True,0.84,0.84,,,load,high
7c8c48a3-f929-4939-a9c3-5726f21bd57c,StandardLoad,load_1112~1,1112,pr100,False,True,4.415,4.415,,,load,high
cce24f15-1142-4a2c-97ee-4b35cd7ad9dc,StandardLoad,Hormigueros_1200-71NO   -11302_demand_proj~new,11302,pr169,True,True,9.339761111,7.379420405,,,load,high
bdfccb1d-12b2-4f8e-bc7f-3f589e87a5f2,StandardLoad,load_88~SL,88,pr88,False,True,50.0,50.0,,,load,high
61414251-9644-46ce-9e1e-683aa78fb268,StandardLoad,load_233~SL,233,pr233,False,True,20.0,20.0,,,load,high
e7b3a2ad-efb9-4e22-8052-e809e7d11774,StandardLoad,load_1117~1,1117,pr40,False,True,0.034,0.034,,,load,high
2c22c0b5-c3f7-4758-8a19-4126a8f2fa50,StandardLoad,load_47~1,47,pr82,False,True,6.172,6.172,,,load,high
83b04e4e-342b-48a3-bf34-82270240184e,StandardLoad,load_156~1,156,pr87,False,True,5.513,5.513,,,load,high
7673fdb6-dfc5-485b-ae9d-8079f71a9255,StandardLoad,Isabela_load_311~1_demand_proj~new,311,pr100,True,True,2.96060590125,2.345122895,,,load,high
ecd74842-dcbd-46f4-9b0e-c2886084c8f0,StandardLoad,Bayamón_load_271~1_demand_proj~new,271,pr271,True,True,3.8089114333333334,2.9982147755555553,,,load,high
8f5df28a-a193-4ca5-b89a-e8c1b98373cc,StandardLoad,load_328~1,328,pr29,False,True,0.45799999999999996,0.45799999999999996,,,load,high
e24da692-a188-480c-9fa9-6041096bbd49,StandardLoad,Humacao_load_351~1_demand_proj~new,351,pr14,True,True,2.659779135769231,2.0889401965384615,,,load,high
336b9518-fbee-4408-8710-f97917640f86,StandardLoad,load_625~1,625,pr8,False,True,0.175,0.175,,,load,high
a7da6bed-8eb1-430a-b6f8-b7c89fbaa17c,StandardLoad,Caguas_load_688~1_demand_proj~new,688,pr21,True,True,5.0412909,3.99177401173913,,,load,high
01d092bd-2349-4692-bc99-41e4b57a3406,StandardLoad,Ponce_load_198~SL_demand_proj~new,198,pr3,True,True,2.7466712411764704,2.162378388235294,,,load,high
b77cb8ad-efc7-4e9f-b663-65202396fdef,StandardLoad,load_721~1,721,pr87,False,True,1.239,1.239,,,load,high
2cc0d45b-cf32-4727-8a82-e230586986f0,StandardLoad,load_381~1,381,pr335,False,True,4.39,4.39,,,load,high
044b7244-5c9f-4aae-a2d7-866c9b1dbb33,StandardLoad,Ponce_load_365~1_demand_proj~new,365,pr3,True,True,2.7466712411764704,2.162378388235294,,,load,high
8cb61bf5-0cc5-4890-954b-eaf918e17014,StandardLoad,San Germán_load_957~1_demand_proj~new,957,pr169,True,True,1.4123277133333334,1.1206812213333333,,,load,high
d7c33173-ef73-4341-8dda-e45f1bf0949a,StandardLoad,load_788~1,788,pr45,False,True,0.959,0.959,,,load,high
7547f372-cfd4-40f7-adbc-f3d710f028cf,StandardLoad,Camuy_load_623~1_demand_proj~new,623,pr100,True,True,5.363729436666667,4.24313777,,,load,high
877a3d9d-f4f2-44a2-a5ed-fe601846b982,StandardLoad,load_320~1,320,pr234,False,True,0.409,0.409,,,load,high
fa467558-9865-4b3b-a229-71638e0d959d,StandardLoad,load_1084~1,1084,pr18,False,True,3.75,3.75,,,load,high
2c61648a-0e6b-476b-9192-ec3f67140edf,StandardLoad,load_791~1,791,pr102,False,True,0.726,0.726,,,load,high
3c9c8cae-a683-4cef-be37-f473eb0b3c27,StandardLoad,load_1014~1,1014,pr10,False,True,0.461,0.461,,,load,high
a25c9005-7b4a-4ad0-9824-0c6242ca07f3,StandardLoad,load_202~1,202,pr45,False,True,14.634,14.634,,,load,high
9c1cba80-a0d2-4745-9218-7144e602b4df,StandardLoad,Caguas_load_665~1_demand_proj~new,665,pr21,True,True,5.0412909,3.99177401173913,,,load,high
520938e9-5fee-496a-9158-b25dfa506cbd,StandardLoad,load_72~1,72,pr29,False,True,1.339,1.339,,,load,high
50b24da6-812c-4ef6-81da-ae9861b9f32f,StandardLoad,load_166~1,166,pr45,False,True,2.886,2.886,,,load,high
802d6d38-4185-4936-bc63-890740c31d7a,StandardLoad,Carolina_load_1081~1_demand_proj~new,1081,pr85,True,True,5.546111667741935,4.38885534516129,,,load,high
d4f5b200-c160-49dc-85c2-eaaf3a4e75a9,StandardLoad,San Juan_load_354~1_demand_proj~new,354,pr392,True,True,4.2455050137096775,3.1162709637096775,,,load,high
4e63030c-0704-408c-8369-958bf6d6d3b7,StandardLoad,load_651~1,651,pr153,False,True,0.976,0.976,,,load,high
c944ddf7-70c3-423c-a0f1-00b71989d2e9,StandardLoad,load_155~1,155,pr87,False,True,1.321,1.321,,,load,high
c48bc5f3-528d-47cd-9237-4978ee2edcc0,StandardLoad,San Juan_load_532~SL_demand_proj~new,532,pr86,True,True,4.2455050137096775,3.1162709637096775,,,load,high
ddee8a63-2495-40d0-975c-b4491c38e566,StandardLoad,San Juan_load_1189~1_demand_proj~new,1189,pr87,True,True,4.2455050137096775,3.1162709637096775,,,load,high
756dea36-731b-4e28-bde2-499d3451a697,StandardLoad,Humacao_load_701~1_demand_proj~new,701,pr14,True,True,2.659779135769231,2.0889401965384615,,,load,high
282d7ccf-6ec0-4ba1-90fb-8df28b42ee8a,StandardLoad,load_368~1,368,pr29,False,True,-0.001,-0.001,,,load,high
f60e348a-4d19-42ac-b9f2-748ad429912d,StandardLoad,Vieques_load_209~1_demand_proj~new,209,pr101,True,True,1.8465265226666667,1.4743213123333332,,,load,high
0261cc5e-f7b3-4198-b4c3-1dc6bcecadcc,StandardLoad,load_679~1,679,pr35,False,True,3.4000000000000004,3.4000000000000004,,,load,high
796020ea-9823-421a-871f-cb07521d76aa,StandardLoad,load_211~1,211,pr211,False,True,13.0,13.0,,,load,high
d44f5e93-6911-4dfb-bba8-6e40ec75af13,StandardLoad,load_71~1,71,pr29,False,True,6.157,6.157,,,load,high
52ea5622-35d1-4571-a343-04f8a0aa3bbb,StandardLoad,load_918~1,918,pr21,False,True,0.348,0.348,,,load,high
e130a0fa-6f54-441a-9556-4c93b72067a9,StandardLoad,Hatillo_load_541~1_demand_proj~new,541,pr335,True,True,2.7178737566666666,2.1420876699999996,,,load,high
5543d627-b3a6-443a-9b5b-ea71cb84b235,StandardLoad,load_661~1,661,pr3,False,True,0.897,0.897,,,load,high
4ef74c98-2b42-405a-b389-9fd48e7b8e38,StandardLoad,Bayamón_load_490~1_demand_proj~new,490,pr45,True,True,3.8089114333333334,2.9982147755555553,,,load,high
4c67954b-f34c-4e52-a6bb-f01b7fb6b6da,StandardLoad,load_631~1,631,pr313,False,True,0.07,0.07,,,load,high
3b430016-3937-491c-8258-9adf348d7238,StandardLoad,load_342~1,342,pr41,False,True,6.027,6.027,,,load,high
b0894fba-0fe5-4885-a5f8-cf5ceed14d5c,StandardLoad,load_659~1,659,pr87,False,True,0.568,0.568,,,load,high
11d4bb2c-665a-4338-b856-0199f69d1c58,StandardLoad,Guaynabo_load_720~1_demand_proj~new,720,pr87,True,True,4.96737684137931,3.925511120689655,,,load,high
b64d96ec-18a3-45ac-a473-6413a2b79d5d,StandardLoad,Carolina_load_551~1_demand_proj~new,551,pr85,True,True,5.546111667741935,4.38885534516129,,,load,high
5c90b351-172d-4a91-b577-689a78552958,StandardLoad,Carolina_load_683~1_demand_proj~new,683,pr85,True,True,5.546111667741935,4.38885534516129,,,load,high
d865ccf3-a321-432c-ab96-a3ce21f90279,StandardLoad,load_824~1,824,pr106,False,True,0.189,0.189,,,load,high
fd595d71-3838-4aed-b127-c4d479fa0bb0,StandardLoad,Humacao_load_598~1_demand_proj~new,598,pr14,True,True,2.659779135769231,2.0889401965384615,,,load,high
666d417a-9560-4ecd-9124-d3cbfad4f4d3,StandardLoad,load_636~1,636,pr169,False,True,0.344,0.344,,,load,high
0ccd58ae-40eb-4104-8c91-5f63e65f6b72,StandardLoad,San Juan_load_815~1_demand_proj~new,815,pr88,True,True,4.2455050137096775,3.1162709637096775,,,load,high
48b098ee-252d-430d-badb-7b2a996aa91f,StandardLoad,load_799~1,799,pr87,False,True,0.232,0.232,,,load,high
95974d1c-c9ee-4fd0-a2e4-d5a1a495e6e8,StandardLoad,load_427~1,427,pr169,False,True,1.327,1.327,,,load,high
c96fb53b-99fc-453d-b0ee-db4b1bdd6e8d,StandardLoad,San Juan_load_495~1_demand_proj~new,495,pr84,True,True,4.2455050137096775,3.1162709637096775,,,load,high
4ba03a24-96ea-409a-a673-0d92e0893794,StandardLoad,load_1086~1,1086,pr14,False,True,0.168,0.168,,,load,high
908a7d4d-5ba1-4b85-9563-cd3505dee13f,StandardLoad,load_330~1,330,pr103,False,True,4.158,4.158,,,load,high
9aa69fc8-e29a-4287-8bf5-35dbff78104c,StandardLoad,load_568~1,568,pr84,False,True,0.07,0.07,,,load,high
bbd66771-a276-4329-8500-d6efc142f459,StandardLoad,Bayamón_load_498~1_demand_proj~new,498,pr45,True,True,3.8089114333333334,2.9982147755555553,,,load,high
4db37fac-35c6-4ddb-8ccd-d1ec78fa2792,StandardLoad,load_1025~1,1025,pr1025,False,True,5.4,5.4,,,load,high
69b3c67a-572d-4947-ad88-9cf5281995a3,StandardLoad,load_585~1,585,pr14,False,True,0.136,0.136,,,load,high
a24c3678-6dff-4515-8252-1ef97012a138,StandardLoad,load_461~1,461,pr3,False,True,0.9199999999999999,0.9199999999999999,,,load,high
859150d1-115f-4781-98aa-3bf36b652798,StandardLoad,load_1073~1,1073,pr29,False,True,0.301,0.301,,,load,high
3ab659c3-d8a2-46c3-878d-2490872f3f29,StandardLoad,load_215~1,215,pr353,False,True,8.29,8.29,,,load,high
cce2c8be-9eef-4c2b-91ef-e79da4d5beb2,StandardLoad,load_945~1,945,pr87,False,True,1.216,1.216,,,load,high
060e8c8b-6c8f-450e-a5e1-175fe0afee58,StandardLoad,load_833~1,833,pr106,False,True,0.208,0.208,,,load,high
a4ecc449-2069-4fb3-a45b-4698dc740ee7,StandardLoad,load_1187~1,1187,pr86,False,True,1.193,1.193,,,load,high
960f2206-bc39-4109-9e9c-16c63b4f698b,StandardLoad,Cayey_load_253~1_demand_proj~new,253,pr10,True,True,2.6816598480000002,2.0256521513333334,,,load,high
3e26deab-3d3f-423c-82eb-903514b77c7c,StandardLoad,Gurabo_load_195~1_demand_proj~new,195,pr234,True,True,4.26697858,3.4889008025,,,load,high
d5dfd3ab-9cd3-4f56-b82a-26cfc309cb97,StandardLoad,Isabela_load_573~1_demand_proj~new,573,pr100,True,True,2.96060590125,2.345122895,,,load,high
178e0b16-44ab-4f04-8278-ebcd58b6d5d4,StandardLoad,Ponce_load_114~1_demand_proj~new,114,pr3,True,True,2.7466712411764704,2.162378388235294,,,load,high
cbae6f44-0aa3-4261-805d-262d18fb5886,StandardLoad,Vega Alta_load_775~1_demand_proj~new,775,pr41,True,True,2.92560168375,2.3293106,,,load,high
e6084073-9035-44e7-b77c-94f7ac61d4e0,StandardLoad,Juana Díaz_load_396~1_demand_proj~new,396,pr313,True,True,3.2169329574999996,2.6340751308333332,,,load,high
0df59fbb-c463-42e3-914e-f831e72b3b5a,StandardLoad,Caguas_load_201~1_demand_proj~new,201,pr21,True,True,5.0412909,3.99177401173913,,,load,high
ba76ca6f-6c28-43f5-99c5-eee010c502ea,StandardLoad,Rincón_load_30~1_demand_proj~new,30,pr32,True,True,1.7192154733333334,1.3609363643333332,,,load,high
6627ebd5-1645-491f-b164-545bcb7c7a1a,StandardLoad,load_682~1,682,pr85,False,True,0.259,0.259,,,load,high
fad16c4a-2682-4ac0-9249-16af479b9546,StandardLoad,load_630~1,630,pr313,False,True,0.818,0.818,,,load,high
89384c5c-5dcd-4b1e-9fbf-460985963a4b,StandardLoad,Rincón_load_401~1_demand_proj~new,401,pr32,True,True,1.7192154733333334,1.3609363643333332,,,load,high
e8d82399-1c55-4b44-90e0-5856a025b8fd,StandardLoad,San Germán_load_1073~1_demand_proj~new,1073,pr29,True,True,1.4123277133333334,1.1206812213333333,,,load,high
c896a8e7-b4c3-49fa-b0f6-20fabfadcc64,StandardLoad,Toa Alta_load_1046~1_demand_proj~new,1046,pr93,True,True,10.5362312975,8.3736135675,,,load,high
222f5f7a-5de7-44f3-b787-fb991ed709e3,StandardLoad,load_1116~1,1116,pr296,False,True,0.042,0.042,,,load,high
5943dbfd-e6bb-47cb-b059-fb76cb43535b,StandardLoad,load_203~1,203,pr82,False,True,36.073,36.073,,,load,high
f5b9820b-6e32-4293-b7f4-421b68b12f5b,StandardLoad,load_141~1,141,pr87,False,True,11.145,11.145,,,load,high
a6a5038f-5f0d-4fe4-a12b-678a094c9ba9,StandardLoad,load_30~1,30,pr32,False,True,6.458,6.458,,,load,high
9a630d5e-d1d2-4002-91a3-62d887bf3656,StandardLoad,Guayama_load_9~1_demand_proj~new,9,pr8,True,True,1.84132789,1.4528092990909092,,,load,high
12b41145-867f-498a-ba3e-b02aa1d153cb,StandardLoad,Arroyo_load_641~1_demand_proj~new,641,pr8,True,True,5.414969575,4.4051515165,,,load,high
94d77c90-14da-4aed-bd3d-9c3d67a595b3,StandardLoad,load_904~1,904,pr50,False,True,0.649,0.649,,,load,high
dca34fe9-7460-4204-b3f5-22c1f3c5789d,StandardLoad,Arecibo_load_590~1_demand_proj~new,590,pr40,True,True,2.4877650953125,1.973074855,,,load,high
4be42d32-b605-4081-ba7c-ef7d8a45fd94,StandardLoad,load_727~1,727,pr50,False,True,7.251,7.251,,,load,high
5713e3d3-994e-44cd-acfd-fbf13395216b,StandardLoad,Lajas_load_1195~1_demand_proj~new,1195,pr169,True,True,4.459024323333333,3.528523586666666,,,load,high
9d18a153-786f-41b6-8b9f-bfcbb2fa8481,StandardLoad,Cataño_load_954~1_demand_proj~new,954,pr63,True,True,2.6828104554545456,2.0192525872727276,,,load,high
a6118c9c-4aaa-4bef-850a-cd1d35ae9ff6,StandardLoad,Caguas_load_470~1_demand_proj~new,470,pr21,True,True,5.0412909,3.99177401173913,,,load,high
f7adee74-b083-4287-b38d-30e20293a9e3,StandardLoad,San Juan_load_49~1_demand_proj~new,49,pr50,True,True,4.2455050137096775,3.1162709637096775,,,load,high
e711ee7f-9207-442a-a9c3-9eff1a5b3e91,StandardLoad,Ponce_load_4~1_demand_proj~new,4,pr3,True,True,2.7466712411764704,2.162378388235294,,,load,high
0e8a3a03-8da8-4e96-bed8-f9541a35cb5c,StandardLoad,Bayamón_load_170~1_demand_proj~new,170,pr45,True,True,3.8089114333333334,2.9982147755555553,,,load,high
9845e29d-cf10-499f-a577-0a2c6fc7c873,StandardLoad,Carolina_load_1074~1_demand_proj~new,1074,pr84,True,True,5.546111667741935,4.38885534516129,,,load,high
86efd654-f152-4725-9c1f-9d34bb262fdd,StandardLoad,load_602~1,602,pr93,False,True,0.959,0.959,,,load,high
a6afbf27-95f8-4896-bbbc-d24f82cf268c,StandardLoad,Humacao_load_769~1_demand_proj~new,769,pr14,True,True,2.659779135769231,2.0889401965384615,,,load,high
dbea380a-1062-48d9-ad76-f5c4b9ae81ba,StandardLoad,San Juan_load_127~1_demand_proj~new,127,pr127,True,True,4.2455050137096775,3.1162709637096775,,,load,high
91ca10d0-edc3-48f5-b278-bc3787059c5f,StandardLoad,Toa Baja_load_601~1_demand_proj~new,601,pr93,True,True,3.129731799411765,2.522868304117647,,,load,high
8f6f7d20-6ebb-4033-9c63-b7ebff6860d1,StandardLoad,load_1092~1,1092,pr102,False,True,0.9530000000000001,0.9530000000000001,,,load,high
fde773c4-5022-482c-a285-5f3a2cdb36bc,StandardLoad,Villalba_load_6~1_demand_proj~new,6,pr213,True,True,1.8591589557142856,1.4980665314285713,,,load,high
6f68e47b-6cbf-4fe2-86e9-752b88146df4,StandardLoad,load_317~SL,317,pr169,False,True,5.6,5.6,,,load,high
d3b1f86f-5751-4d82-bec1-15d99522965c,StandardLoad,load_979~1,979,pr10,False,True,2.475,2.475,,,load,high
5023bf64-0cb1-402f-b2b2-ad693f32821a,StandardLoad,load_814~1,814,pr88,False,True,4.951,4.951,,,load,high
c1f33dbe-4fb0-4944-a980-4fdbb4a5d516,StandardLoad,load_464~1,464,pr103,False,True,0.591,0.591,,,load,high
07023762-1dc7-4e8f-9383-01a513133ea3,StandardLoad,load_307~1,307,pr234,False,True,1.762,1.762,,,load,high
3871eef5-ce5a-4502-8a06-63394c14da7a,StandardLoad,San Juan_load_1113~1_demand_proj~new,1113,pr87,True,True,4.2455050137096775,3.1162709637096775,,,load,high
b51a6be8-a917-4933-8048-02060c01cd23,StandardLoad,load_375~1,375,pr14,False,True,3.124,3.124,,,load,high
27e69e8c-5f68-45ab-a26c-1e89f865522e,StandardLoad,load_605~1,605,pr41,False,True,1.01,1.01,,,load,high
4051879d-2efd-44cb-909c-0e38f0086125,StandardLoad,Guayama_load_757~1_demand_proj~new,757,pr8,True,True,1.84132789,1.4528092990909092,,,load,high
f73b65d3-d015-4923-b3ca-43f43f227f51,StandardLoad,Cataño_load_465~1_demand_proj~new,465,pr63,True,True,2.6828104554545456,2.0192525872727276,,,load,high
641b8b63-392a-48b9-86c5-dd2e090ab7f3,StandardLoad,San Germán_load_636~1_demand_proj~new,636,pr169,True,True,1.4123277133333334,1.1206812213333333,,,load,high
5188e776-5ca4-43ca-a2ef-21dda6db31e3,StandardLoad,load_317~1,317,pr169,False,True,0.045,0.045,,,load,high
5a1fca86-fab7-4892-8292-ceb71ae956b7,StandardLoad,load_489~1,489,pr489,False,True,0.16,0.16,,,load,high
6bc63ef2-f957-41f3-ae7a-b9241386034e,StandardLoad,load_809~1,809,pr106,False,True,18.5,18.5,,,load,high
328609ac-a37f-48f5-8c80-d2109e9fc1d3,StandardLoad,Aguadilla_load_526~1_demand_proj~new,526,pr32,True,True,3.218285664375,2.51482391125,,,load,high
a6ad894e-b143-40a2-838b-c15fdfecfd50,StandardLoad,load_540~1,540,pr87,False,True,0.139,0.139,,,load,high
0d4520c0-39e5-4244-8ba4-6c49086b4d8c,StandardLoad,load_333~1,333,pr100,False,True,9.471,9.471,,,load,high
fd1fd1cf-d0b7-4c8f-b6e8-baf5044416ef,StandardLoad,load_755~1,755,pr84,False,True,1.483,1.483,,,load,high
8ccb9db7-d988-467a-91fa-9010ebd8f33f,StandardLoad,load_452~1,452,pr452,False,True,2.542,2.542,,,load,high
7e75713b-b7ef-401f-8958-342288951798,StandardLoad,load_654~1,654,pr21,False,True,0.105,0.105,,,load,high
1e5c4cad-bf37-4e47-b725-1ced600a9ceb,StandardLoad,load_581~1,581,pr101,False,True,0.585,0.585,,,load,high
509712a2-3433-4ed5-8434-9edfb6829b26,StandardLoad,load_403~1,403,pr153,False,True,0.613,0.613,,,load,high
23e20d3c-500a-4d3d-bf4f-a6e271ee0a8a,StandardLoad,Guayama_load_286~1_demand_proj~new,286,pr8,True,True,1.84132789,1.4528092990909092,,,load,high
86f42c6f-82d8-4d35-b99e-36ba092953aa,StandardLoad,load_924~1,924,pr3,False,True,0.426,0.426,,,load,high
527f47e3-4ea0-4946-9a16-e46d65786bea,StandardLoad,load_1206~1,1206,pr1206,False,True,14.829999999999998,14.829999999999998,,,load,high
7d96cab5-f88a-4ee8-b30a-65c10550dd73,StandardLoad,Mayagüez_load_1150~1_demand_proj~new,1150,pr29,True,True,3.375525496521739,2.61418767,,,load,high
e43dc9b3-51c1-49c8-9d29-7dc82f490081,StandardLoad,load_161~1,161,pr84,False,True,19.728,19.728,,,load,high
0419c7bd-cfba-43d3-997a-82c067742f2d,StandardLoad,load_760~1,760,pr10,False,True,4.174,4.174,,,load,high
9f58cda9-55d0-4bec-9cae-643d51d734a6,StandardLoad,load_365~1,365,pr3,False,True,0.386,0.386,,,load,high
19e11b61-242e-41bf-b6b2-a38f74e95a52,StandardLoad,load_297~1,297,pr102,False,True,0.488,0.488,,,load,high
bb2a7bdf-5dc0-4d51-90dc-9b59599f82c0,StandardLoad,load_289~1,289,pr8,False,True,0.128,0.128,,,load,high
7902db33-5881-42b2-bfbf-cfa1a26b1466,StandardLoad,Guaynabo_load_607~1_demand_proj~new,607,pr87,True,True,4.96737684137931,3.925511120689655,,,load,high
e5796d12-aea3-46f5-ad3c-960d236222c3,StandardLoad,load_691~1,691,pr85,False,True,1.024,1.024,,,load,high
4b7d833e-3b42-4109-98cc-54aea5a2e750,StandardLoad,Guaynabo_load_545~SL_demand_proj~new,545,pr545,True,True,4.96737684137931,3.925511120689655,,,load,high
16027f21-5d4f-4547-bf22-e3c19e5873a8,StandardLoad,San Juan_load_449~1_demand_proj~new,449,pr50,True,True,4.2455050137096775,3.1162709637096775,,,load,high
c5b11c6e-8df9-47df-8cb1-3af12190c420,StandardLoad,San Juan_load_108~1_demand_proj~new,108,pr87,True,True,4.2455050137096775,3.1162709637096775,,,load,high
9f7eddae-0332-4554-a6ab-17570393896f,StandardLoad,San Juan_load_61~1_demand_proj~new,61,pr86,True,True,4.2455050137096775,3.1162709637096775,,,load,high
34cd5d58-1d7d-4edd-b2e5-a436bf948473,StandardLoad,Toa Baja_load_63~SL_demand_proj~new,63,pr63,True,True,3.129731799411765,2.522868304117647,,,load,high
14714f87-6a30-4fbc-a511-4e75e52091de,StandardLoad,San Germán_load_316~SL_demand_proj~new,316,pr169,True,True,1.4123277133333334,1.1206812213333333,,,load,high
023bcce6-a7bd-4ac0-97de-cfa2cc4b87eb,StandardLoad,Aguadilla_load_31~1_demand_proj~new,31,pr32,True,True,3.218285664375,2.51482391125,,,load,high
9c42e57e-fb45-48b9-8bed-63a1ee01338c,StandardLoad,load_127~1,127,pr127,False,True,25.588,25.588,,,load,high
feaa4f5c-2c5b-47aa-809e-b9286ace5c2e,StandardLoad,load_95~SL,95,pr93,False,True,3.5000000000000004,3.5000000000000004,,,load,high
26be9004-79e5-4a41-8aee-e2f63a9c66f5,StandardLoad,load_768~1,768,pr14,False,True,0.43,0.43,,,load,high
0d8f2994-08cc-44b3-b550-9977434330b2,StandardLoad,load_1174~1,1174,pr93,False,True,0.154,0.154,,,load,high
c8e7fd0a-c06d-4d34-8fcc-12cae4939f17,StandardLoad,Humacao_load_426~1_demand_proj~new,426,pr14,True,True,2.659779135769231,2.0889401965384615,,,load,high
2bd50993-269f-4fcd-9333-772273702c56,StandardLoad,load_195~1,195,pr234,False,True,5.687,5.687,,,load,high
2a87a7bc-6872-47f7-bb34-ce2e2053570d,StandardLoad,load_914~1,914,pr45,False,True,1.044,1.044,,,load,high
2059edf0-2f80-418b-ab35-d18c7516505e,StandardLoad,load_779~1,779,pr18,False,True,0.18,0.18,,,load,high
68a186c0-b18d-4653-a64b-afd05fa6a635,StandardLoad,Gurabo_load_574~1_demand_proj~new,574,pr21,True,True,4.26697858,3.4889008025,,,load,high
353cfca3-c53c-4096-aa80-ecf7f6ba2bb3,StandardLoad,load_561~SL,561,pr100,False,True,-0.077,-0.077,,,load,high
6a3a8e0a-ad20-40c6-bbc6-2d4fcea4b1bb,StandardLoad,load_400~1,400,pr400,False,True,9.081,9.081,,,load,high
9ff7dd1e-c62b-44e0-87d3-c4b66b3caedd,StandardLoad,Morovis_load_555~1_demand_proj~new,555,pr555,True,True,12.18585008,9.606932246,,,load,high
b4f17e3b-52ce-4eee-8403-2aa7bc8eb65c,StandardLoad,Guaynabo_load_729~1_demand_proj~new,729,pr87,True,True,4.96737684137931,3.925511120689655,,,load,high
2cf0b7bc-6eac-4c57-af2f-8d85864d00e6,StandardLoad,load_494~1,494,pr335,False,True,7.53,7.53,,,load,high
a85d3bda-bf06-4933-9232-a691a8dea177,StandardLoad,Guayama_load_1125~1_demand_proj~new,1125,pr8,True,True,1.84132789,1.4528092990909092,,,load,high
a7991d64-4ea4-499f-85ee-4e3facccd550,StandardLoad,load_1045~1,1045,pr38,False,True,0.079,0.079,,,load,high
46b8aaba-0256-4597-bbe6-97441e32e91b,StandardLoad,load_8~SL,8,pr8,False,True,13.0,13.0,,,load,high
56156490-5fde-4e92-8023-7e0dcb049fdb,StandardLoad,load_757~1,757,pr8,False,True,1.257,1.257,,,load,high
7c6f0f39-ebe2-4c58-a4f7-d7d19fc12d1d,StandardLoad,load_226~1,226,pr2,False,True,5.749,5.749,,,load,high
2a0de85b-fd87-435e-99b4-05f5873a0411,StandardLoad,load_1168~1,1168,pr335,False,True,0.306,0.306,,,load,high
4737ecf5-d76b-423e-858b-0fb39d43a06c,StandardLoad,load_785~1,785,pr234,False,True,0.273,0.273,,,load,high
1b195cb9-8dd6-4d40-b37a-c58b6019ee5d,StandardLoad,Sabana Grande_load_317~SL_demand_proj~new,317,pr169,True,True,2.466167444,1.9868205144000002,,,load,high
0b73b912-4090-490e-a330-e23248445686,StandardLoad,Bayamón_load_13~1_demand_proj~new,13,pr45,True,True,3.8089114333333334,2.9982147755555553,,,load,high
d38ec6aa-59b8-48bb-8fd2-4e9274dd379b,StandardLoad,load_645~1,645,pr275,False,True,0.49300000000000005,0.49300000000000005,,,load,high
969e0537-160a-4988-83fc-ecbf16404046,StandardLoad,load_355~1,355,pr18,False,True,2.677,2.677,,,load,high
01c8a23d-320f-4d2a-ba3f-14c3607efc44,StandardLoad,load_589~1,589,pr40,False,True,0.49899999999999994,0.49899999999999994,,,load,high
b5fdbb15-2619-401a-bf09-f5d6e96e3a43,StandardLoad,load_675~1,675,pr231,False,True,0.8,0.8,,,load,high
06194bb9-6d47-437f-bb4f-2c81cd262998,StandardLoad,load_1082~1,1082,pr32,False,True,0.063,0.063,,,load,high
23cb997a-1ef1-4a0c-9745-fc5741d72ca2,StandardLoad,San Juan_load_79~1_demand_proj~new,79,pr87,True,True,4.2455050137096775,3.1162709637096775,,,load,high
2103da90-448b-47a3-b180-a952866589b9,StandardLoad,load_518~1,518,pr116,False,True,0.258,0.258,,,load,high
42b82c0a-fce6-4260-8aa7-13dd6260f9fd,ThermalStandard,generator-871-1,871,pr321,True,True,260.00000000000006,227.0,COAL,ST,coaloldscr,medium
699ef921-6b51-440b-b8d6-03a8be72b46d,ThermalStandard,generator-880-1,880,pr440,False,False,82.5,50.0,DISTILLATE_FUEL_OIL,GT,o-g-s,low
01de8b22-8c36-4ff1-a6fb-f4548ebe0b03,ThermalStandard,generator-831-2,831,pr63,False,False,20.999999999999996,0.0,DISTILLATE_FUEL_OIL,GT,o-g-s,low
769afbf9-36ca-411d-ba81-82be32ca6616,ThermalStandard,generator-813-1,813,pr88,False,True,100.0,70.0,RESIDUAL_FUEL_OIL,ST,o-g-s,low
cf74863b-aa14-4ea9-bf55-e0eb0fd9314a,ThermalStandard,generator-818-1,818,pr63,False,False,85.0,40.0,RESIDUAL_FUEL_OIL,ST,o-g-s,low
53ab28b4-be02-43bd-a4aa-a19724777d40,ThermalStandard,generator-822-1,822,pr106,True,False,50.0,26.0,DISTILLATE_FUEL_OIL,CT,o-g-s,low
cb5c38de-9b1f-42bb-98ff-297f04aa6265,ThermalStandard,generator-97400-2,97400,pr378,True,False,1.6,0.96,OTHER_GAS,IC,o-g-s,low
1db4c121-7390-43d8-b655-7cec5e20dbae,ThermalStandard,Palo Seco Mobile Pack 3,818,pr63,True,True,27.0,27.0,DISTILLATE_FUEL_OIL,ST,o-g-s,low
af5f6809-d457-4673-ab86-34cf8756e66a,ThermalStandard,generator-857-1,857,pr88,True,True,142.3,135.0,DISTILLATE_FUEL_OIL,CT,o-g-s,low
7232b367-6436-43c0-926a-366d5e53e02f,ThermalStandard,generator-859-1,859,pr319,True,True,162.7,153.048,NATURAL_GAS,ST,o-g-s,low
6b0dd28f-124d-467f-87ec-bbdf3f2c0771,ThermalStandard,generator-97006-1,97006,,False,False,0.0,0.0,OTHER,OT,o-g-s,low
15af3f87-a269-4de1-8030-b0d2ef943d89,ThermalStandard,generator-97390-2,97390,pr18,True,False,1.6,0.96,OTHER_GAS,IC,o-g-s,low
a1480731-442c-4ec6-893a-2136cfc88a86,ThermalStandard,generator-97400-1,97400,pr378,True,False,0.8,0.48,OTHER_GAS,IC,o-g-s,low
fb5a3ccd-b908-4991-ba98-06a43a788110,ThermalStandard,generator-829-2,829,pr63,True,True,20.999999999999996,10.5,DISTILLATE_FUEL_OIL,GT,o-g-s,low
6764fb01-7366-499f-b226-7b41a6113c09,ThermalStandard,generator-97390-3,97390,pr18,True,True,1.6,0.4,OTHER_GAS,IC,o-g-s,low
51c29dd2-85d1-47e1-af15-ae7ae9753032,ThermalStandard,generator-852-1,852,pr8,True,False,20.999999999999996,0.0,DISTILLATE_FUEL_OIL,GT,o-g-s,low
76f1e104-3a36-4ce6-be7f-5ac8555ded06,ThermalStandard,generator-823-1,823,pr106,True,False,50.0,26.0,DISTILLATE_FUEL_OIL,CT,o-g-s,low
197b70ce-8dec-4f0c-82a3-a51ca4cd1c35,ThermalStandard,generator-803-1,803,pr2,False,False,85.0,0.0,RESIDUAL_FUEL_OIL,ST,o-g-s,low
440ad2d7-52be-4667-a6f9-048ec821b31d,ThermalStandard,Palo Seco Mobile Pack 1,818,pr63,True,True,27.0,27.0,DISTILLATE_FUEL_OIL,ST,o-g-s,low
751096b1-b22a-433d-ad93-a92fedc539f1,ThermalStandard,generator-811-1,811,pr88,True,True,57.7,38.0,DISTILLATE_FUEL_OIL,CA,o-g-s,low
09679b05-f148-46bc-9475-c1af8630dad7,ThermalStandard,generator-812-1,812,pr88,True,True,68.0,45.0,DISTILLATE_FUEL_OIL,CA,o-g-s,low
f7b06e9d-31f4-4c71-a942-3a80248e3513,ThermalStandard,generator-851-2,851,pr5,True,False,20.999999999999996,0.0,DISTILLATE_FUEL_OIL,GT,o-g-s,low
030bd628-b363-41f6-b0b4-6173b9fc3655,ThermalStandard,generator-819-1,819,pr63,False,True,216.0,145.89999999999998,RESIDUAL_FUEL_OIL,ST,o-g-s,low
c698f001-a2f6-4f8e-b78b-959515ca6f66,ThermalStandard,generator-816-1,816,pr88,False,False,100.0,0.0,RESIDUAL_FUEL_OIL,ST,o-g-s,low
8792ab74-ac45-4852-83de-daa9d673e1d9,ThermalStandard,generator-827-1,827,pr41,True,False,20.999999999999996,0.0,DISTILLATE_FUEL_OIL,GT,o-g-s,low
00f142b0-4a69-41ab-b117-486eabcb9acd,ThermalStandard,generator-825-1,825,pr106,True,False,50.0,26.0,DISTILLATE_FUEL_OIL,CT,o-g-s,low
48f62d3c-de42-4954-a659-e4f919d66a41,ThermalStandard,generator-828-2,828,pr101,True,False,20.999999999999996,0.0,DISTILLATE_FUEL_OIL,GT,o-g-s,low
d88b59b3-9bd2-43fc-99bc-898349cf6ec1,ThermalStandard,generator-851-1,851,pr5,True,True,20.999999999999996,10.5,DISTILLATE_FUEL_OIL,GT,o-g-s,low
b19f068d-04a4-4f19-bfb1-0c8b6c61b3ed,ThermalStandard,generator-833-1,833,pr106,False,True,50.0,50.00000000000001,DISTILLATE_FUEL_OIL,CT,o-g-s,low
85148577-8651-4b87-9c72-bcaa788ab004,ThermalStandard,generator-850-1,850,pr2,False,False,20.999999999999996,0.0,DISTILLATE_FUEL_OIL,GT,o-g-s,low
cf05e692-e6e5-41da-a77c-9475ee8410fd,ThermalStandard,generator-254-1,254,pr101,False,False,1.0,0.0,RESIDUAL_FUEL_OIL,IC,o-g-s,low
df416613-e1bc-44b3-abe7-b6b18ae34802,ThermalStandard,generator-801-1,801,pr2,False,False,50.00000000000001,0.0,OTHER,ST,o-g-s,low
650c86c8-2715-4717-b8a7-f2867b1443bc,ThermalStandard,generator-97037-1,97037,pr82,False,False,1.375,0.0,DISTILLATE_FUEL_OIL,IC,o-g-s,low
68286b03-e64f-419f-8323-ed3747ab945c,ThermalStandard,generator-836-1,836,pr29,True,True,50.0,47.6,DISTILLATE_FUEL_OIL,GT,o-g-s,low
4266a119-b470-463c-80dd-9228029341ce,ThermalStandard,generator-850-2,850,pr2,False,False,20.999999999999996,0.0,DISTILLATE_FUEL_OIL,GT,o-g-s,low
704a4b0e-7dfc-4f47-b81e-5c5ec5c10485,ThermalStandard,generator-810-1,810,pr106,True,False,450.0,155.0,RESIDUAL_FUEL_OIL,ST,o-g-s,low
df4b8c7c-4efb-4303-8543-962e182bc7c0,ThermalStandard,generator-830-1,830,pr63,True,True,20.999999999999996,10.5,DISTILLATE_FUEL_OIL,GT,o-g-s,low
529b437f-c4b8-464a-83ca-afebf598d1e3,ThermalStandard,generator-881-1,881,pr440,True,True,82.5,50.148,DISTILLATE_FUEL_OIL,GT,o-g-s,low
650104f5-5f41-4ed4-a0f8-4fc7d603c6eb,ThermalStandard,generator-862-1,862,pr107,True,False,20.999999999999996,10.5,DISTILLATE_FUEL_OIL,GT,o-g-s,low
171008f0-d532-4abb-87e4-a70ee8c2ef84,ThermalStandard,generator-1164-1,1164,pr101,False,False,1.0,0.0,RESIDUAL_FUEL_OIL,IC,o-g-s,low
68f94d6f-097d-437e-b893-fa1dc4755981,ThermalStandard,generator-872-1,872,pr321,True,False,260.00000000000006,210.00000000000003,COAL,ST,coaloldscr,medium
e9e106ae-e3ea-41b6-8b95-b6bb220a1cf1,ThermalStandard,generator-804-1,804,pr2,False,False,85.0,0.0,RESIDUAL_FUEL_OIL,ST,o-g-s,low
502fb4c2-85c9-418e-a05b-61e3edec0759,ThermalStandard,generator-806-1,806,pr96,True,True,410.0,299.4100000000001,NATURAL_GAS,ST,o-g-s,low
6661b925-d433-43bc-afe4-5e7b6049fe17,ThermalStandard,generator-837-1,837,pr29,True,True,60.5,50.0,DISTILLATE_FUEL_OIL,GT,o-g-s,low
3f4479eb-26a2-47bf-b410-e4cb9ee90855,ThermalStandard,generator-97400-3,97400,pr378,True,False,1.6,0.96,OTHER_GAS,IC,o-g-s,low
bdbda93e-1f4e-4319-a307-13b65a8d9eba,ThermalStandard,generator-817-1,817,pr63,False,False,85.0,40.0,RESIDUAL_FUEL_OIL,ST,o-g-s,low
5409a56d-7e09-49d4-af35-db89bdc2dafb,ThermalStandard,generator-802-1,802,pr2,False,False,50.00000000000001,0.0,OTHER,ST,o-g-s,low
d9553dc2-ede7-425a-840f-15eb363cfaed,ThermalStandard,generator-828-1,828,pr101,True,True,20.999999999999996,18.0,DISTILLATE_FUEL_OIL,GT,o-g-s,low
8595fd90-6aaa-452d-9abe-eeba92ddda2c,ThermalStandard,generator-839-1,839,pr29,True,True,60.5,50.0,DISTILLATE_FUEL_OIL,GT,o-g-s,low
519f28c7-0be3-4e20-b04d-cd9c2d60895a,ThermalStandard,generator-826-1,826,pr106,False,True,50.0,50.0,DISTILLATE_FUEL_OIL,CT,o-g-s,low
46876bef-903e-4d62-ab13-e369e50660e9,ThermalStandard,generator-97082-1,97082,pr313,False,False,0.0,0.0,OTHER,OT,o-g-s,low
901600aa-0fd5-424f-854f-f936db9ee696,ThermalStandard,generator-805-1,805,pr96,True,True,410.0,170.079,NATURAL_GAS,ST,o-g-s,low
e0eb429a-ab82-4980-a4be-45b6dba0c0af,ThermalStandard,generator-820-1,820,pr63,True,False,216.0,139.99999999999997,RESIDUAL_FUEL_OIL,ST,o-g-s,low
abff6ccf-9a21-4e34-a62c-94898b567951,ThermalStandard,generator-829-1,829,pr63,True,True,20.999999999999996,10.5,DISTILLATE_FUEL_OIL,GT,o-g-s,low
2aeb2706-0ba3-41b7-841b-b70c63e0db37,ThermalStandard,generator-815-1,815,pr88,False,True,100.0,81.14199999999998,RESIDUAL_FUEL_OIL,ST,o-g-s,low
1816a46b-70d4-493d-8e1e-1dc46ce56c75,ThermalStandard,generator-97390-1,97390,pr18,True,False,0.8,0.48,OTHER_GAS,IC,o-g-s,low
6c3be465-f247-4867-a6c4-cb4a8485e2b6,ThermalStandard,generator-832-1,832,pr106,False,False,50.0,26.0,DISTILLATE_FUEL_OIL,CT,o-g-s,low
2cc7523c-8692-4e7d-b5ac-e5348bb6f572,ThermalStandard,generator-852-2,852,pr8,True,True,20.999999999999996,20.48,DISTILLATE_FUEL_OIL,GT,o-g-s,low
0083d253-832d-4a48-a778-d79b1bc40103,ThermalStandard,generator-862-2,862,pr107,True,False,20.999999999999996,10.5,DISTILLATE_FUEL_OIL,GT,o-g-s,low
33cf268c-d7cf-4386-aebf-e13a0bcfc74e,ThermalStandard,generator-824-1,824,pr106,True,True,50.0,49.70099999999999,DISTILLATE_FUEL_OIL,CT,o-g-s,low
6f345e87-1b79-4ebc-b9e7-60c0de23b805,ThermalStandard,Palo Seco Mobile Pack 2,818,pr63,True,True,27.0,27.0,DISTILLATE_FUEL_OIL,ST,o-g-s,low
524520c0-84d6-4df8-827e-9435fc09b25e,ThermalStandard,generator-831-1,831,pr63,False,True,20.999999999999996,19.0,DISTILLATE_FUEL_OIL,GT,o-g-s,low
194a8ed4-a759-4407-b48e-9fbea6949f88,ThermalStandard,generator-830-2,830,pr63,True,False,20.999999999999996,0.0,DISTILLATE_FUEL_OIL,GT,o-g-s,low
c6fb04f5-d6f1-4eec-bbc6-4df7c4b115d5,ThermalStandard,generator-827-2,827,pr41,True,False,20.999999999999996,0.0,DISTILLATE_FUEL_OIL,GT,o-g-s,low
009dcb1e-5d0d-4a52-9487-ed1c1f3ac2ee,ThermalStandard,generator-838-1,838,pr29,True,True,60.5,25.7,DISTILLATE_FUEL_OIL,GT,o-g-s,low
59a099af-52cb-4b4e-b40d-1fc85ce9885b,ThermalStandard,generator-860-1,860,pr319,True,True,181.49999999999997,139.431,NATURAL_GAS,ST,o-g-s,low
cbb1b44e-cfde-4ead-86f3-298e166c8646,ThermalStandard,generator-808-1,808,pr106,False,False,96.0,96.0,DISTILLATE_FUEL_OIL,CA,o-g-s,low
ee5aec82-ea60-4479-8c32-3790126f02f2,ThermalStandard,generator-97039-1,97039,pr82,False,False,1.375,0.0,DISTILLATE_FUEL_OIL,IC,o-g-s,low
af7da546-0baa-438e-96f1-7d09fcc1fdd8,ThermalStandard,generator-809-1,809,pr106,True,True,450.0,268.665,RESIDUAL_FUEL_OIL,ST,o-g-s,low
8d0102ee-667e-4987-bae4-af1995729e34,ThermalStandard,generator-807-1,807,pr106,True,False,95.9,24.0,DISTILLATE_FUEL_OIL,CA,o-g-s,low
09715901-8811-40d6-9c17-85ebd12cf78c,ThermalStandard,generator-821-1,821,pr106,True,False,50.0,26.0,DISTILLATE_FUEL_OIL,CT,o-g-s,low
d76088cb-2877-4d8f-bd4d-a71e49f3ef95,ThermalStandard,generator-856-1,856,pr88,True,True,142.3,110.00000000000001,DISTILLATE_FUEL_OIL,CT,o-g-s,low
7a148b4b-d5d0-481d-89c7-a7d0836e434c,ThermalStandard,generator-814-1,814,pr88,False,False,100.0,0.0,RESIDUAL_FUEL_OIL,ST,o-g-s,low
563ffb7f-66e0-4d19-a821-6a271768720a,ThermalStandard,generator-97038-1,97038,pr82,False,False,1.375,0.0,DISTILLATE_FUEL_OIL,IC,o-g-s,low
4ad23632-da06-4ee7-9a47-31f4feaf953d,ThermalStandard,generator-882-1,882,pr440,True,True,82.5,75.0,DISTILLATE_FUEL_OIL,GT,o-g-s,low
4f83c4fc-5da4-4de3-954a-27806f17354e,ThermalStandard,generator-858-1,858,pr319,True,True,162.7,152.864,NATURAL_GAS,ST,o-g-s,low
a3ce9d41-a3ce-42c9-ad7f-9ab222ca4d37,RenewableFix,load_428~1-Distributed_PV~new,428,pr428,True,True,5.30817471,5.30817471,,PVe,dupv,medium
e5b989b9-5a63-4d69-b731-af7972f86e8a,RenewableFix,load_404~1-Distributed_PV~new,404,pr153,True,True,5.38727939183689,5.38727939183689,,PVe,dupv,medium
c5e57c45-ae1b-4667-af03-0afb60d46a13,RenewableFix,load_356~1-Distributed_PV~new,356,pr85,True,True,14.103322407957256,14.103322407957256,,PVe,dupv,medium
2dc76e7d-1c36-42be-b39f-0b4d7d97939b,RenewableFix,load_608~1-Distributed_PV~new,608,pr3,True,True,0.16564584036805963,0.16564584036805963,,PVe,dupv,medium
4fc40ac0-d9cf-4c10-8b96-88aa12c6b335,RenewableFix,load_417~1-Distributed_PV~new,417,pr234,True,True,3.0402325378641635,3.0402325378641635,,PVe,dupv,medium
7370f268-9e8d-495f-936a-8296d3947157,RenewableFix,load_790~1-Distributed_PV~new,790,pr45,True,True,0.14100765579330404,0.14100765579330404,,PVe,dupv,medium
c7d91d78-5982-45a3-86de-0c6bab404f0c,RenewableFix,load_98~1-Distributed_PV~new,98,pr14,True,True,5.21522959580224,5.21522959580224,,PVe,dupv,medium
6e5db813-da3b-4b05-92e8-86f9784430ed,RenewableFix,load_666~1-Distributed_PV~new,666,pr50,True,True,0.011377363444282636,0.011377363444282636,,PVe,dupv,medium
04bde909-2918-4aef-9035-2e1f86ce34e3,RenewableFix,load_977~1-Distributed_PV~new,977,pr84,True,True,0.05857235254649211,0.05857235254649211,,PVe,dupv,medium
c9a973a9-10bb-47e9-960b-c6bb12f4ba5d,RenewableFix,load_256~1-Distributed_PV~new,256,pr16,True,True,0.014220538083948537,0.014220538083948537,,PVe,dupv,medium
823af59c-52ea-40d3-83f0-6ac25896bbf5,RenewableFix,load_761~1-Distributed_PV~new,761,pr10,True,True,0.7174864110903166,0.7174864110903166,,PVe,dupv,medium
63712528-a84c-4532-aa8c-5a35ee7bcded,RenewableFix,load_283~1-Distributed_PV~new,283,pr8,True,True,0.04794808524916202,0.04794808524916202,,PVe,dupv,medium
2031f06c-1a2f-4782-b599-5de8401daa00,RenewableFix,load_418~1-Distributed_PV~new,418,pr82,True,True,0.12816448417025603,0.12816448417025603,,PVe,dupv,medium
a3bef3f0-3be2-434e-855c-b1ec2dd29831,RenewableFix,load_526~1-Distributed_PV~new,526,pr32,True,True,1.848995933781572,1.848995933781572,,PVe,dupv,medium
1c59d86c-706d-495f-88f7-d3c1bbecd08c,RenewableFix,load_662~1-Distributed_PV~new,662,pr3,True,True,0.03149063116734364,0.03149063116734364,,PVe,dupv,medium
ecb91135-6ecb-4148-9188-5440be97ce49,RenewableFix,load_910~1-Distributed_PV~new,910,pr234,True,True,0.1345727376646079,0.1345727376646079,,PVe,dupv,medium
860f3c5c-d7d7-4aba-9d0d-1b53f09a3c5e,RenewableFix,load_988~1-Distributed_PV~new,988,pr21,True,True,0.8027842155458259,0.8027842155458259,,PVe,dupv,medium
abfcadc5-2603-4ffb-a082-eaf7fd57f3dc,RenewableFix,load_230~1-Distributed_PV~new,230,pr2,True,True,3.6791311528827997,3.6791311528827997,,PVe,dupv,medium
1dc1069a-fe8f-4fcc-9119-b6307b2a0634,RenewableFix,load_79~1-Distributed_PV~new,79,pr87,True,True,0.4722342726581803,0.4722342726581803,,PVe,dupv,medium
14aed344-f6d1-4ce4-8a89-6a98eab41a7e,RenewableFix,load_606~1-Distributed_PV~new,606,pr41,True,True,0.214393506514437,0.214393506514437,,PVe,dupv,medium
3f0f448a-a46e-4ab0-a9c6-2ce453bb898d,RenewableFix,load_642~1-Distributed_PV~new,642,pr41,True,True,0.1166664311067961,0.1166664311067961,,PVe,dupv,medium
4eb2c4b4-e079-4b93-b727-d1531116a6d2,RenewableFix,load_469~1-Distributed_PV~new,469,pr50,True,True,0.23934601616120513,0.23934601616120513,,PVe,dupv,medium
c5820867-e41f-41f8-b641-038d48c31605,RenewableFix,load_209~1-Distributed_PV~new,209,pr101,True,True,2.2331035031541,2.2331035031541,,PVe,dupv,medium
999ae6fc-3a1a-4529-882b-6694e09a34e8,RenewableFix,load_19~1-Distributed_PV~new,19,pr18,True,True,2.7289973295934646,2.7289973295934646,,PVe,dupv,medium
4a5baf98-3b28-44c4-aede-fa5b68905eaf,RenewableFix,load_1207~1-Distributed_PV~new,1207,pr353,True,True,3.158874465484016,3.158874465484016,,PVe,dupv,medium
c59ade3e-4311-4b90-8e8c-55a3b74eb7c2,RenewableFix,load_609~1-Distributed_PV~new,609,pr3,True,True,0.0015361283496265188,0.0015361283496265188,,PVe,dupv,medium
8a859864-3d2a-4277-8a6c-36f4a70076e3,RenewableFix,load_1022~1-Distributed_PV~new,1022,pr14,True,True,0.03563772548265756,0.03563772548265756,,PVe,dupv,medium
e42039ce-e49f-45b8-8567-d732635e3411,RenewableFix,load_927~1-Distributed_PV~new,927,pr14,True,True,0.009697340267389812,0.009697340267389812,,PVe,dupv,medium
d691734c-3e52-4e5b-b60e-401d8e069b29,RenewableFix,load_229~1-Distributed_PV~new,229,pr40,True,True,2.7233331525028515,2.7233331525028515,,PVe,dupv,medium
609d349d-d248-4222-8c36-2f6f7ab9938a,RenewableFix,load_974~1-Distributed_PV~new,974,pr29,True,True,0.6977438134835704,0.6977438134835704,,PVe,dupv,medium
9125dbdb-d136-4814-b8c4-4187c4c956a6,RenewableFix,load_784~1-Distributed_PV~new,784,pr234,True,True,0.07262655683486777,0.07262655683486777,,PVe,dupv,medium
1d4bc0f9-5e62-4411-bd78-44ea21205408,RenewableFix,load_135~1-Distributed_PV~new,135,pr392,True,True,2.370247780493125,2.370247780493125,,PVe,dupv,medium
6759a1ad-905f-46e1-ae4c-a46cb6ed5f28,RenewableFix,load_496~1-Distributed_PV~new,496,pr14,True,True,0.14279790325964986,0.14279790325964986,,PVe,dupv,medium
c193725b-d6ce-4a07-ac41-ea29b46daa3b,RenewableFix,load_701~1-Distributed_PV~new,701,pr14,True,True,0.2210993580964877,0.2210993580964877,,PVe,dupv,medium
d6c505b7-ebce-4725-99a4-7715809e3724,RenewableFix,load_439~1-Distributed_PV~new,439,pr40,True,True,0.0960885481230738,0.0960885481230738,,PVe,dupv,medium
3f926a9c-3693-49e4-a718-41b363588c53,RenewableFix,load_354~1-Distributed_PV~new,354,pr392,True,True,1.156435396750258,1.156435396750258,,PVe,dupv,medium
8ea95452-a610-4538-abd5-edfc210949ae,RenewableFix,load_793~1-Distributed_PV~new,793,pr153,True,True,0.11825735250373663,0.11825735250373663,,PVe,dupv,medium
59d86de0-0eff-4f01-b944-5aa16a1475e2,RenewableFix,load_967~1-Distributed_PV~new,967,pr8,True,True,0.16921237658330626,0.16921237658330626,,PVe,dupv,medium
4081aefd-57a2-4da2-b1f1-a0a8394eb080,RenewableFix,load_1032~1-Distributed_PV~new,1032,pr234,True,True,0.05019776722409977,0.05019776722409977,,PVe,dupv,medium
88f70875-5a7b-4afc-bd1a-b023bda0b4fa,RenewableFix,load_194~1-Distributed_PV~new,194,pr234,True,True,3.935718557889525,3.935718557889525,,PVe,dupv,medium
13f546b0-e035-4b9a-95b0-6900183f7d1e,RenewableFix,load_1045~1-Distributed_PV~new,1045,pr38,True,True,0.0458225617489999,0.0458225617489999,,PVe,dupv,medium
08bef183-4102-4508-a70b-303b9de63739,RenewableFix,load_126~1-Distributed_PV~new,126,pr87,True,True,0.029462031271009468,0.029462031271009468,,PVe,dupv,medium
09254e5e-1cef-4313-9bb8-7b85880dc0bf,RenewableFix,load_677~SL-Distributed_PV~new,677,pr231,True,True,2.558993059258622,2.558993059258622,,PVe,dupv,medium
990f62ac-e880-414d-aac8-d36c0d0191f5,RenewableFix,load_932~1-Distributed_PV~new,932,pr378,True,True,0.0717055870436286,0.0717055870436286,,PVe,dupv,medium
30756935-44fa-4506-bbe3-7e5b94d43b1e,RenewableFix,load_237~SL-Distributed_PV~new,237,pr93,True,True,2.0176967133209907,2.0176967133209907,,PVe,dupv,medium
446d2929-89e9-4b2c-ac72-7623cecda9fb,RenewableFix,load_962~1-Distributed_PV~new,962,pr82,True,True,0.0767685742745696,0.0767685742745696,,PVe,dupv,medium
38b0fa10-58de-4fce-a447-6d048f7baf70,RenewableFix,load_217~1-Distributed_PV~new,217,pr84,True,True,4.46369684943719,4.46369684943719,,PVe,dupv,medium
fdcb7697-9d3a-4622-9ce7-46960c7ac2fd,RenewableFix,load_765~1-Distributed_PV~new,765,pr41,True,True,0.4348476068526036,0.4348476068526036,,PVe,dupv,medium
0fabd52d-026c-44c0-b665-43df25265a67,RenewableFix,load_708~1-Distributed_PV~new,708,pr378,True,True,0.10107436471575311,0.10107436471575311,,PVe,dupv,medium
305ece87-c8ff-4a3d-bd99-e83ff925633f,RenewableFix,load_929~1-Distributed_PV~new,929,pr234,True,True,0.33055763735869953,0.33055763735869953,,PVe,dupv,medium
33ecfd36-7a7f-4f38-9876-3d17f7952f5c,RenewableFix,load_921~1-Distributed_PV~new,921,pr50,True,True,0.0720382418477084,0.0720382418477084,,PVe,dupv,medium
ba84cfb9-cfc5-461a-82b0-4ff8507b4b27,RenewableFix,load_744~1-Distributed_PV~new,744,pr82,True,True,0.05855230241280732,0.05855230241280732,,PVe,dupv,medium
b2933dd2-3cb1-4014-a39d-f4eed2194550,RenewableFix,load_934~1-Distributed_PV~new,934,pr378,True,True,0.06754897692422447,0.06754897692422447,,PVe,dupv,medium
8ef71f0a-909c-4986-b196-54d93d443802,RenewableFix,load_445~1-Distributed_PV~new,445,pr84,True,True,0.551591435132073,0.551591435132073,,PVe,dupv,medium
43dd9b7e-f049-4652-8213-e1a9f0ce78a9,RenewableFix,load_1040~1-Distributed_PV~new,1040,pr1040,True,True,4.669145304944062,4.669145304944062,,PVe,dupv,medium
a95d39ed-9b09-4905-b568-bc05411f3101,RenewableFix,load_532~SL-Distributed_PV~new,532,pr86,True,True,0.6737489857070792,0.6737489857070792,,PVe,dupv,medium
d9b77238-a6dd-4ea2-8ba8-038449f9cdb3,RenewableFix,load_710~1-Distributed_PV~new,710,pr87,True,True,0.0012626584830432626,0.0012626584830432626,,PVe,dupv,medium
ecd53e49-ed80-4d16-a136-66fe2ba6a270,RenewableFix,load_134~1-Distributed_PV~new,134,pr392,True,True,0.02891088491875645,0.02891088491875645,,PVe,dupv,medium
3aa6c18d-4066-4577-ba55-5d930888f1b6,RenewableFix,load_319~SL-Distributed_PV~new,319,pr319,True,True,2.0398278100000002,2.0398278100000002,,PVe,dupv,medium
589d19d3-d196-4b02-a61e-bfb964fa1db8,RenewableFix,load_541~1-Distributed_PV~new,541,pr335,True,True,0.268169211455455,0.268169211455455,,PVe,dupv,medium
378b6d48-a7af-4c05-bfd4-c1e0844aec0a,RenewableFix,load_52~1-Distributed_PV~new,52,pr87,True,True,5.859510709598495,5.859510709598495,,PVe,dupv,medium
847fed48-29cb-4919-b36f-7053cd23c459,RenewableFix,load_547~1-Distributed_PV~new,547,pr378,True,True,0.005068182725867483,0.005068182725867483,,PVe,dupv,medium
f41ec278-8f0d-487e-855d-cdac43d2517f,RenewableFix,load_819~1-Distributed_PV~new,819,pr63,True,True,3.5635086926025217,3.5635086926025217,,PVe,dupv,medium
845964b5-b3e4-425c-bba1-58da806272c4,RenewableFix,load_1113~1-Distributed_PV~new,1113,pr87,True,True,0.4341470026299712,0.4341470026299712,,PVe,dupv,medium
60054b20-efc1-4e97-aec6-ab7c78a52bcd,RenewableFix,load_665~1-Distributed_PV~new,665,pr21,True,True,1.263340032054905,1.263340032054905,,PVe,dupv,medium
82af2be9-2560-4e52-8bf3-fd6c1953882c,RenewableFix,load_908~1-Distributed_PV~new,908,pr87,True,True,0.10737874458840217,0.10737874458840217,,PVe,dupv,medium
68404dcd-517c-413b-a02f-7a4aff17d039,RenewableFix,load_581~1-Distributed_PV~new,581,pr101,True,True,0.555900233763893,0.555900233763893,,PVe,dupv,medium
33a9b2ed-db52-4690-8143-54bf3a576906,RenewableFix,load_782~1-Distributed_PV~new,782,pr234,True,True,0.0038789361069559245,0.0038789361069559245,,PVe,dupv,medium
b9418665-481a-4ce4-aa00-01eeb543e09f,RenewableFix,load_618~1-Distributed_PV~new,618,pr87,True,True,0.5709750913704805,0.5709750913704805,,PVe,dupv,medium
891bf908-cbaf-4d2a-9e8f-2082c4768e70,RenewableFix,load_427~1-Distributed_PV~new,427,pr169,True,True,0.7692806975899761,0.7692806975899761,,PVe,dupv,medium
365b0e98-4ecb-44ad-9681-4a09424ca574,RenewableFix,load_803~1-Distributed_PV~new,803,pr2,True,True,0.7935890868932343,0.7935890868932343,,PVe,dupv,medium
20d0ac44-59ac-41d5-b594-1b5e40df9911,RenewableFix,load_918~1-Distributed_PV~new,918,pr21,True,True,0.15474881582100325,0.15474881582100325,,PVe,dupv,medium
fe3ef70b-6a49-4b7e-bff7-964ffc3ad2e7,RenewableFix,load_1144~1-Distributed_PV~new,1144,pr45,True,True,0.20350702945406363,0.20350702945406363,,PVe,dupv,medium
9a1b1acf-3224-446a-b6ed-9e5d476f79f4,RenewableFix,load_679~1-Distributed_PV~new,679,pr35,True,True,2.2876493923041266,2.2876493923041266,,PVe,dupv,medium
78feb204-7451-48d2-ab5a-d95a8920f065,RenewableFix,load_320~1-Distributed_PV~new,320,pr234,True,True,0.21841368930485966,0.21841368930485966,,PVe,dupv,medium
a76cd58b-2823-443d-b758-500b0388e0b9,RenewableFix,load_18~1-Distributed_PV~new,18,pr18,True,True,0.43018677116744275,0.43018677116744275,,PVe,dupv,medium
e48c41da-e408-41ca-aa78-ffda1f8cd5c3,RenewableFix,load_221~1-Distributed_PV~new,221,pr10,True,True,4.593610197131747,4.593610197131747,,PVe,dupv,medium
33bd22a3-4eb2-4d8f-9c87-bd3f3736a204,RenewableFix,load_882~1-Distributed_PV~new,882,pr440,True,True,0.22598167935299715,0.22598167935299715,,PVe,dupv,medium
09c63316-26f6-482d-97c8-1b76ccefbd32,RenewableFix,load_680~1-Distributed_PV~new,680,pr35,True,True,0.1500428866128883,0.1500428866128883,,PVe,dupv,medium
7f2c2eb4-343c-4e50-8274-e7a51b411ce2,RenewableFix,load_791~1-Distributed_PV~new,791,pr102,True,True,0.3128524346006015,0.3128524346006015,,PVe,dupv,medium
d75cf95f-f294-4e0e-a797-05ebe448c204,RenewableFix,load_338~1-Distributed_PV~new,338,pr8,True,True,3.5196174329327703,3.5196174329327703,,PVe,dupv,medium
80147344-2ab8-4a96-aa6f-7822c475ff1f,RenewableFix,load_1166~1-Distributed_PV~new,1166,pr93,True,True,0.001754518881148688,0.001754518881148688,,PVe,dupv,medium
aebe62c3-d19a-4e82-b979-64d01160d6c3,RenewableFix,load_728~1-Distributed_PV~new,728,pr45,True,True,0.2828355002016909,0.2828355002016909,,PVe,dupv,medium
f1cc71cc-28eb-4c6d-a632-97d937039f7d,RenewableFix,load_442~1-Distributed_PV~new,442,pr442,True,True,4.79267675,4.79267675,,PVe,dupv,medium
91d0b43f-c96f-4351-a131-e3ddb143f2fb,RenewableFix,load_937~1-Distributed_PV~new,937,pr82,True,True,0.0034707035658557723,0.0034707035658557723,,PVe,dupv,medium
68ed1414-36aa-4644-832c-a2014e4fa704,RenewableFix,load_235~1-Distributed_PV~new,235,pr169,True,True,1.9536367376625614,1.9536367376625614,,PVe,dupv,medium
c007874c-f072-41f6-b63d-10476e0bd830,RenewableFix,load_913~1-Distributed_PV~new,913,pr45,True,True,0.0038067090540928428,0.0038067090540928428,,PVe,dupv,medium
7fec4b64-2b87-4f37-a17b-3b6f421507c7,RenewableFix,load_203~1-Distributed_PV~new,203,pr82,True,True,11.734206694095546,11.734206694095546,,PVe,dupv,medium
803f67d0-ed1b-46bb-acfe-7a18ddb55653,RenewableFix,load_624~1-Distributed_PV~new,624,pr296,True,True,0.1262926542149124,0.1262926542149124,,PVe,dupv,medium
1cd42b4d-9bc1-4c29-b9a2-fc7f460324ee,RenewableFix,load_914~1-Distributed_PV~new,914,pr45,True,True,0.5677434646389896,0.5677434646389896,,PVe,dupv,medium
1954dad2-b2e8-483c-b939-121791d8d181,RenewableFix,load_1145~1-Distributed_PV~new,1145,pr234,True,True,0.08971515844307193,0.08971515844307193,,PVe,dupv,medium
f56be3ce-660c-45bc-8dbf-e5b7436d7b0e,RenewableFix,load_670~1-Distributed_PV~new,670,pr87,True,True,0.01515190179651915,0.01515190179651915,,PVe,dupv,medium
fd63afcb-4d62-46cb-92f9-2c7680677cff,RenewableFix,load_963~1-Distributed_PV~new,963,pr82,True,True,0.0029276151206403655,0.0029276151206403655,,PVe,dupv,medium
82f43a11-d551-4032-aae1-7c6b29880409,RenewableFix,load_246~1-Distributed_PV~new,246,pr296,True,True,3.4002610031755416,3.4002610031755416,,PVe,dupv,medium
2fcdcf1e-ed51-486d-bfb7-90a92667cbea,RenewableFix,load_154~1-Distributed_PV~new,154,pr87,True,True,1.8490322516115636,1.8490322516115636,,PVe,dupv,medium
c7d72268-689b-4105-8a13-9bf4c12a61c4,RenewableFix,load_980~1-Distributed_PV~new,980,pr10,True,True,0.23384069903713173,0.23384069903713173,,PVe,dupv,medium
6e8930b6-9637-47de-91a8-fc06e8f525ba,RenewableFix,load_337~1-Distributed_PV~new,337,pr8,True,True,0.66771269210838,0.66771269210838,,PVe,dupv,medium
9403ea5b-d0dc-4428-bb2b-d99fa4f9fae9,RenewableFix,load_15~1-Distributed_PV~new,15,pr14,True,True,4.648338386190677,4.648338386190677,,PVe,dupv,medium
6b602b8e-acb7-4ec3-a41b-eefbde8e2f6e,RenewableFix,load_205~1-Distributed_PV~new,205,pr392,True,True,0.18547444632494522,0.18547444632494522,,PVe,dupv,medium
b882fdfe-1c65-434c-80ef-d0cdd91c3d1c,RenewableFix,load_251~1-Distributed_PV~new,251,pr10,True,True,0.11420127162278526,0.11420127162278526,,PVe,dupv,medium
0e83b7ea-8222-41fc-a693-c715d773cef9,RenewableFix,load_348~1-Distributed_PV~new,348,pr21,True,True,1.463858949088858,1.463858949088858,,PVe,dupv,medium
fe87f36d-6d4a-46a2-8b63-5751823ba84c,RenewableFix,load_766~1-Distributed_PV~new,766,pr14,True,True,0.021576582094942332,0.021576582094942332,,PVe,dupv,medium
9e434690-d578-4de8-adc7-9110522778a6,RenewableFix,load_1184~1-Distributed_PV~new,1184,pr353,True,True,2.855551445294912,2.855551445294912,,PVe,dupv,medium
5b864305-98c5-4c07-b8c7-e5d7d00163dc,RenewableFix,load_410~1-Distributed_PV~new,410,pr32,True,True,0.5150886216885159,0.5150886216885159,,PVe,dupv,medium
f754aa05-50b0-401d-9493-21dc342a25b3,RenewableFix,load_271~SL-Distributed_PV~new,271,pr271,True,True,0.04202897,0.04202897,,PVe,dupv,medium
5638b43a-a29d-4acf-a022-a5bb68112b19,RenewableFix,load_697~1-Distributed_PV~new,697,pr16,True,True,0.27315283569584475,0.27315283569584475,,PVe,dupv,medium
93cc10a3-1095-4f4e-9c10-8ed6de61427f,RenewableFix,load_444~1-Distributed_PV~new,444,pr153,True,True,1.5225634134856092,1.5225634134856092,,PVe,dupv,medium
6646ebcb-5517-48c8-a959-83fdd7d44d50,RenewableFix,load_241~1-Distributed_PV~new,241,pr87,True,True,3.624348449695598,3.624348449695598,,PVe,dupv,medium
a6af1684-4feb-4437-a1b0-c3c8f6291e02,RenewableFix,load_1090~1-Distributed_PV~new,1090,pr153,True,True,0.3295876213298585,0.3295876213298585,,PVe,dupv,medium
1288b72f-2b51-45d4-b613-396ad00b3b05,RenewableFix,load_622~1-Distributed_PV~new,622,pr87,True,True,0.47794068669739803,0.47794068669739803,,PVe,dupv,medium
a1f6ea60-704a-421b-a4dd-3d2d02e6263f,RenewableFix,load_9~1-Distributed_PV~new,9,pr8,True,True,0.18395923796089386,0.18395923796089386,,PVe,dupv,medium
fcb95902-6bf7-4eb9-b241-3d6d51be42f8,RenewableFix,load_37~1-Distributed_PV~new,37,pr38,True,True,0.43154412583868274,0.43154412583868274,,PVe,dupv,medium
f9e9cee1-a8bf-4457-a946-b26db8511119,RenewableFix,load_291~1-Distributed_PV~new,291,pr102,True,True,0.003878335966123159,0.003878335966123159,,PVe,dupv,medium
013730dc-72bd-4b83-831c-7f9d02895d6f,RenewableFix,load_351~1-Distributed_PV~new,351,pr14,True,True,0.371165698734345,0.371165698734345,,PVe,dupv,medium
67dda517-e49d-41b8-b7f1-6b64edc29eb5,RenewableFix,load_423~1-Distributed_PV~new,423,pr10,True,True,2.3313420850822952,2.3313420850822952,,PVe,dupv,medium
cf315d40-cc8c-48a5-a611-5ff4493b6557,RenewableFix,load_160~1-Distributed_PV~new,160,pr50,True,True,1.1520633946914345,1.1520633946914345,,PVe,dupv,medium
2b521b0b-8538-4e1c-99bc-e1682df9f649,RenewableFix,load_346~1-Distributed_PV~new,346,pr8,True,True,0.7396348199821231,0.7396348199821231,,PVe,dupv,medium
f93edf95-cd49-4620-a2b0-3301a40b7f3a,RenewableFix,load_105~1-Distributed_PV~new,105,pr313,True,True,5.074600002991205,5.074600002991205,,PVe,dupv,medium
be187a1d-70e2-49f1-a14c-7df942089ba9,RenewableFix,load_250~1-Distributed_PV~new,250,pr10,True,True,3.0043521587003927,3.0043521587003927,,PVe,dupv,medium
d7eea886-730e-4152-90a0-7fd2c466edc0,RenewableFix,load_11~1-Distributed_PV~new,11,pr10,True,True,2.919798242407052,2.919798242407052,,PVe,dupv,medium
6a1ebdde-1e56-4873-8d68-46a298213ec0,RenewableFix,load_1189~1-Distributed_PV~new,1189,pr87,True,True,0.32235863092134137,0.32235863092134137,,PVe,dupv,medium
0974296e-c89d-4a17-bf35-5ff642cd72f0,RenewableFix,load_953~1-Distributed_PV~new,953,pr63,True,True,0.07548507660674159,0.07548507660674159,,PVe,dupv,medium
ba9afeab-8014-4fe4-8733-2bd697dadac9,RenewableFix,load_597~1-Distributed_PV~new,597,pr296,True,True,0.36875526898628996,0.36875526898628996,,PVe,dupv,medium
4723c121-9042-4a5f-af2c-44c24f926b8c,RenewableFix,load_506~1-Distributed_PV~new,506,pr335,True,True,1.0366701581113682,1.0366701581113682,,PVe,dupv,medium
be6060d3-c2b5-4d0e-bb57-02c589ebcb10,RenewableFix,load_821~1-Distributed_PV~new,821,pr106,True,True,0.022856879996988627,0.022856879996988627,,PVe,dupv,medium
cfb02c67-2fae-4dd1-a34e-b85a30141244,RenewableFix,load_796~1-Distributed_PV~new,796,pr3,True,True,0.162898320587792,0.162898320587792,,PVe,dupv,medium
cc3142b6-0c6a-4d25-80dd-79eff34fbabc,RenewableFix,load_678~1-Distributed_PV~new,678,pr313,True,True,0.7433679998963099,0.7433679998963099,,PVe,dupv,medium
588916e3-0323-4be5-b201-0b24a9be5006,RenewableFix,load_1167~1-Distributed_PV~new,1167,pr21,True,True,0.478920904135691,0.478920904135691,,PVe,dupv,medium
94193d25-9258-4c24-9a5d-c5c5a3db105a,RenewableFix,load_36~1-Distributed_PV~new,36,pr335,True,True,1.6801365252696285,1.6801365252696285,,PVe,dupv,medium
06e533ce-776c-4400-a438-317db928bcc0,RenewableFix,load_668~1-Distributed_PV~new,668,pr116,True,True,0.5449313155497946,0.5449313155497946,,PVe,dupv,medium
3839d579-4ad1-4c32-9366-89567877aa3c,RenewableFix,load_825~1-Distributed_PV~new,825,pr106,True,True,0.024571145996762772,0.024571145996762772,,PVe,dupv,medium
f7022ba1-8c35-4a11-852b-c6f2e71abee8,RenewableFix,load_981~1-Distributed_PV~new,981,pr50,True,True,0.6249122217730056,0.6249122217730056,,PVe,dupv,medium
cf9a60f7-3d4f-4e2c-9661-61f978c52b70,RenewableFix,load_447~1-Distributed_PV~new,447,pr102,True,True,0.9437284184233021,0.9437284184233021,,PVe,dupv,medium
024907e3-76bb-4704-9cb7-4117e7e17eaf,RenewableFix,load_195~1-Distributed_PV~new,195,pr234,True,True,4.029509120749437,4.029509120749437,,PVe,dupv,medium
b3de19ed-004f-40cc-9e99-06aeebe23ddd,RenewableFix,load_94~SL-Distributed_PV~new,94,pr8,True,True,0.9494670346368715,0.9494670346368715,,PVe,dupv,medium
844abc49-9d12-43c0-a5d1-1e32e33ec9b8,RenewableFix,load_263~1-Distributed_PV~new,263,pr93,True,True,0.045617490909865874,0.045617490909865874,,PVe,dupv,medium
223201c4-92e0-4019-8d2c-fdb2a2578ab8,RenewableFix,load_720~1-Distributed_PV~new,720,pr87,True,True,2.0323412730728614,2.0323412730728614,,PVe,dupv,medium
924fc7a1-a7f6-4101-8a35-84a1dc4597a2,RenewableFix,load_31~1-Distributed_PV~new,31,pr32,True,True,6.667188132098919,6.667188132098919,,PVe,dupv,medium
fb0eab13-99a7-4ce9-9465-728c7fb39161,RenewableFix,load_490~1-Distributed_PV~new,490,pr45,True,True,0.3544350043717562,0.3544350043717562,,PVe,dupv,medium
0ca840cf-0ae6-44d5-b90f-d66d33e2410b,RenewableFix,load_926~1-Distributed_PV~new,926,pr10,True,True,0.03969853727839678,0.03969853727839678,,PVe,dupv,medium
1c791be9-4411-490f-b3ea-4b9af903e04d,RenewableFix,load_562~1-Distributed_PV~new,562,pr100,True,True,1.160170025612521,1.160170025612521,,PVe,dupv,medium
8518e76d-44b4-419e-b3a9-d8b45bf55baf,RenewableFix,load_386~1-Distributed_PV~new,386,pr335,True,True,3.902157603964046,3.902157603964046,,PVe,dupv,medium
66688a85-6985-4c40-b677-7b5ac670baf1,RenewableFix,load_352~SL-Distributed_PV~new,352,pr352,True,True,8.47956071,8.47956071,,PVe,dupv,medium
856cea9e-1e72-4896-ae06-4dc4f2dcd68e,RenewableFix,load_47~1-Distributed_PV~new,47,pr82,True,True,2.007693391621371,2.007693391621371,,PVe,dupv,medium
cc6945b3-2154-4ee6-a219-c83da70478f0,RenewableFix,load_1006~1-Distributed_PV~new,1006,pr84,True,True,0.644295878011413,0.644295878011413,,PVe,dupv,medium
4646c8f5-3a8e-4b10-9582-c9674be4cb48,RenewableFix,load_82~SL-Distributed_PV~new,82,pr82,True,True,5.855230241280732,5.855230241280732,,PVe,dupv,medium
e1ea4ff9-d3ce-4e0b-aaa2-c3d61248019a,RenewableFix,load_1029~1-Distributed_PV~new,1029,pr87,True,True,0.15109813180417708,0.15109813180417708,,PVe,dupv,medium
3596cc7e-06a0-4907-b370-78a356d7c22d,RenewableFix,load_286~1-Distributed_PV~new,286,pr8,True,True,0.7602857279854749,0.7602857279854749,,PVe,dupv,medium
b4ee3340-b22d-4ae7-936f-d35f9a5952d9,RenewableFix,load_61~1-Distributed_PV~new,61,pr86,True,True,7.464296575402303,7.464296575402303,,PVe,dupv,medium
a2815a90-cd1e-4b21-a86f-8f3f800c42c2,RenewableFix,load_129~1-Distributed_PV~new,129,pr32,True,True,3.834983522267537,3.834983522267537,,PVe,dupv,medium
623ee28a-01a4-4ac3-b654-8aa59ce16c37,RenewableFix,load_1019~1-Distributed_PV~new,1019,pr378,True,True,0.23495022137699584,0.23495022137699584,,PVe,dupv,medium
ed02acf2-ec52-4ab2-8bc2-128240b415bd,RenewableFix,load_322~1-Distributed_PV~new,322,pr2,True,True,1.7523963795901794,1.7523963795901794,,PVe,dupv,medium
aff9d4b5-2352-4978-9818-6622508a85aa,RenewableFix,load_1174~1-Distributed_PV~new,1174,pr93,True,True,0.06754897692422447,0.06754897692422447,,PVe,dupv,medium
6e48c216-f866-4472-9a28-17872286aba0,RenewableFix,load_706~1-Distributed_PV~new,706,pr378,True,True,0.06522157119393879,0.06522157119393879,,PVe,dupv,medium
4476eb99-1250-4952-b201-c3247a68d95c,RenewableFix,load_1170~1-Distributed_PV~new,1170,pr632,True,True,0.5512108887681159,0.5512108887681159,,PVe,dupv,medium
be4fdfa5-f4e6-4421-93e9-2f932b202c15,RenewableFix,load_284~1-Distributed_PV~new,284,pr234,True,True,0.0822388952394826,0.0822388952394826,,PVe,dupv,medium
0dc4c53c-831d-4b87-8211-fdac64a4ed51,RenewableFix,load_1162~1-Distributed_PV~new,1162,pr41,True,True,0.03863628562627663,0.03863628562627663,,PVe,dupv,medium
4fe09f76-61e5-41cb-91ce-c81276732661,RenewableFix,load_178~1-Distributed_PV~new,178,pr82,True,True,1.6873929700178791,1.6873929700178791,,PVe,dupv,medium
2693de17-29e9-49a9-8951-250226c7e3fc,RenewableFix,load_156~1-Distributed_PV~new,156,pr87,True,True,2.321486348689652,2.321486348689652,,PVe,dupv,medium
2910e049-3dbf-4244-adf6-29dc78c996b7,RenewableFix,load_641~1-Distributed_PV~new,641,pr8,True,True,1.103909313900617,1.103909313900617,,PVe,dupv,medium
ae70e587-a0f4-42ef-9f08-6db1e17d02f4,RenewableFix,load_599~1-Distributed_PV~new,599,pr93,True,True,0.033774488462112236,0.033774488462112236,,PVe,dupv,medium
81d5dcee-0e00-453d-80d2-0bb77feb3a13,RenewableFix,load_619~1-Distributed_PV~new,619,pr45,True,True,0.354772790810724,0.354772790810724,,PVe,dupv,medium
ec2b2cd0-326f-464b-b2a2-0bd96a204539,RenewableFix,load_1146~1-Distributed_PV~new,1146,pr213,True,True,0.22473285964509393,0.22473285964509393,,PVe,dupv,medium
69ba3a90-abdc-465c-91b0-45952f81aad0,RenewableFix,load_482~1-Distributed_PV~new,482,pr35,True,True,0.126493554633287,0.126493554633287,,PVe,dupv,medium
6e78e219-0795-4815-b769-39c2a695861b,RenewableFix,load_579~1-Distributed_PV~new,579,pr234,True,True,0.24084247891562763,0.24084247891562763,,PVe,dupv,medium
2258cf80-0838-4bc5-a091-7bbf50e90f09,RenewableFix,load_505~1-Distributed_PV~new,505,pr116,True,True,0.1837693904566861,0.1837693904566861,,PVe,dupv,medium
4e11fb84-45bb-4183-b779-a4a94b0dda93,RenewableFix,load_111~1-Distributed_PV~new,111,pr111,True,True,6.187810450000001,6.187810450000001,,PVe,dupv,medium
0db0ec64-4f36-4671-9a95-f80ddf5a4cf8,RenewableFix,load_741~1-Distributed_PV~new,741,pr82,True,True,0.3584702069939648,0.3584702069939648,,PVe,dupv,medium
59a39cb8-2374-4f03-8cb2-675901ed8c50,RenewableFix,load_197~1-Distributed_PV~new,197,pr313,True,True,2.204704181924819,2.204704181924819,,PVe,dupv,medium
79e748c5-47c4-441e-9b73-37c9196b0033,RenewableFix,load_734~1-Distributed_PV~new,734,pr45,True,True,0.05691959061358868,0.05691959061358868,,PVe,dupv,medium
8183d953-3550-4ebc-934f-03245ee72d19,RenewableFix,load_757~1-Distributed_PV~new,757,pr8,True,True,0.2983700156346369,0.2983700156346369,,PVe,dupv,medium
41b8e681-dd6c-4d90-8931-5feda17a4b72,RenewableFix,load_63~SL-Distributed_PV~new,63,pr63,True,True,13.989645415797638,13.989645415797638,,PVe,dupv,medium
c287893d-7e35-4342-abf3-b32e257b213e,RenewableFix,load_515~1-Distributed_PV~new,515,pr116,True,True,0.04057999158349535,0.04057999158349535,,PVe,dupv,medium
ba2e8457-a8f3-4f43-ad99-52a4cb456a1d,RenewableFix,load_1075~1-Distributed_PV~new,1075,pr84,True,True,1.5675979559432687,1.5675979559432687,,PVe,dupv,medium
da1cf27c-6356-4170-9a0f-7ad71c1ee1c3,RenewableFix,load_330~1-Distributed_PV~new,330,pr103,True,True,1.1251349119668426,1.1251349119668426,,PVe,dupv,medium
61a433b8-93b1-43db-8714-79340395e580,RenewableFix,load_677~1-Distributed_PV~new,677,pr231,True,True,0.0287886719166595,0.0287886719166595,,PVe,dupv,medium
98df97d2-00aa-43f7-9d2c-54e746bc6cc2,RenewableFix,load_603~1-Distributed_PV~new,603,pr93,True,True,0.6728119975795791,0.6728119975795791,,PVe,dupv,medium
aa7a4c7e-a348-457c-8e35-0045b6d10e39,RenewableFix,load_378~1-Distributed_PV~new,378,pr378,True,True,5.919525058069766,5.919525058069766,,PVe,dupv,medium
065cae98-2b00-4a55-85d0-ff956f955fa7,RenewableFix,load_810~1-Distributed_PV~new,810,pr106,True,True,2.3500301168903857,2.3500301168903857,,PVe,dupv,medium
a1eecf24-c9b8-4a71-8a09-186f4bbd5d7b,RenewableFix,load_979~1-Distributed_PV~new,979,pr10,True,True,1.3459435584113977,1.3459435584113977,,PVe,dupv,medium
ec4c0628-8bb6-4505-a6cc-841ce1199e91,RenewableFix,load_81~1-Distributed_PV~new,81,pr313,True,True,0.7322211799886406,0.7322211799886406,,PVe,dupv,medium
4a88a31a-871a-4bbf-846c-dd56b4c0d508,RenewableFix,load_392~1-Distributed_PV~new,392,pr392,True,True,9.696266018906009,9.696266018906009,,PVe,dupv,medium
7a06901e-aaae-4bc2-95b5-c6685e1f1f93,RenewableFix,load_602~1-Distributed_PV~new,602,pr93,True,True,0.42064590175539784,0.42064590175539784,,PVe,dupv,medium
ad56f414-53c7-4a52-9037-4b673dc13827,RenewableFix,load_806~1-Distributed_PV~new,806,pr96,True,True,2.234505453353658,2.234505453353658,,PVe,dupv,medium
7768c8d0-55a0-4da2-b1cf-94cabd0b750d,RenewableFix,load_394~1-Distributed_PV~new,394,pr3,True,True,0.011520962622198889,0.011520962622198889,,PVe,dupv,medium
ce8c41ba-1d30-4a29-ac04-67a50d498277,RenewableFix,load_604~1-Distributed_PV~new,604,pr378,True,True,0.19604612627885695,0.19604612627885695,,PVe,dupv,medium
55db4a20-7dc3-4054-93e8-4ee686b81d15,RenewableFix,load_161~1-Distributed_PV~new,161,pr84,True,True,8.313060223289181,8.313060223289181,,PVe,dupv,medium
9713acc2-8f8e-4903-b322-26a65f044733,RenewableFix,load_1018~1-Distributed_PV~new,1018,pr63,True,True,0.2394831110619974,0.2394831110619974,,PVe,dupv,medium
0e171a9b-2ade-434d-813b-1bfd036e4b55,RenewableFix,load_643~SL-Distributed_PV~new,643,pr18,True,True,1.290560313502328,1.290560313502328,,PVe,dupv,medium
b819c082-4060-45ca-a02a-b135c8973b26,RenewableFix,load_316~SL-Distributed_PV~new,316,pr169,True,True,1.295379243856333,1.295379243856333,,PVe,dupv,medium
a4efd8ba-81bc-4305-b0b9-2543e45cf79f,RenewableFix,load_649~1-Distributed_PV~new,649,pr41,True,True,0.5249989399805823,0.5249989399805823,,PVe,dupv,medium
fb2e82ae-6f5d-4dd5-be56-489d18dc6828,RenewableFix,load_1195~1-Distributed_PV~new,1195,pr169,True,True,0.1976825304281702,0.1976825304281702,,PVe,dupv,medium
b90eca06-64b0-4bbf-a607-5a6d35ee3e15,RenewableFix,load_393~1-Distributed_PV~new,393,pr35,True,True,6.034011691230413,6.034011691230413,,PVe,dupv,medium
3443276f-3fe1-4784-946b-4c53491e5222,RenewableFix,load_551~1-Distributed_PV~new,551,pr85,True,True,0.04314155794424532,0.04314155794424532,,PVe,dupv,medium
5ce9fd14-4f5f-4612-b879-91dc1a4a1fc1,RenewableFix,load_302~1-Distributed_PV~new,302,pr8,True,True,0.5245805366368715,0.5245805366368715,,PVe,dupv,medium
4af8a765-dec8-4b3c-bff5-46bc64869d34,RenewableFix,load_976~1-Distributed_PV~new,976,pr32,True,True,0.014090570198166084,0.014090570198166084,,PVe,dupv,medium
31be2774-4cfc-4718-8419-00f03ccb75ca,RenewableFix,load_108~1-Distributed_PV~new,108,pr87,True,True,0.20380906815994773,0.20380906815994773,,PVe,dupv,medium
132de464-b82c-4386-ad81-ffdc1742e4ad,RenewableFix,load_253~1-Distributed_PV~new,253,pr10,True,True,2.9823583654448997,2.9823583654448997,,PVe,dupv,medium
0bf4606a-0909-42ab-a60d-63c1dce61b0b,RenewableFix,load_616~1-Distributed_PV~new,616,pr101,True,True,0.13359452552266315,0.13359452552266315,,PVe,dupv,medium
2f98d823-195d-4f43-9053-1fb5dc422dda,RenewableFix,load_254~1-Distributed_PV~new,254,pr101,True,True,0.98259453,0.98259453,,PVe,dupv,medium
d8fe9ec2-d862-432e-aec0-e32ada61e7cb,RenewableFix,load_582~1-Distributed_PV~new,582,pr10,True,True,0.9994957157218648,0.9994957157218648,,PVe,dupv,medium
0976d772-0884-40a7-ae1b-9c959319f0b6,RenewableFix,load_689~1-Distributed_PV~new,689,pr85,True,True,0.02132283898393734,0.02132283898393734,,PVe,dupv,medium
7f154b02-40fe-4154-a5b9-bd30ad6ed8d4,RenewableFix,load_903~1-Distributed_PV~new,903,pr153,True,True,0.7210413576269497,0.7210413576269497,,PVe,dupv,medium
1839d0df-f883-453f-b907-da3ad708dd54,RenewableFix,load_814~1-Distributed_PV~new,814,pr88,True,True,2.0838073831823976,2.0838073831823976,,PVe,dupv,medium
e9b437e7-36e2-4933-a1b2-7f0ae29193a0,RenewableFix,load_949~1-Distributed_PV~new,949,pr87,True,True,0.14141775010084545,0.14141775010084545,,PVe,dupv,medium
5fd0618a-edda-4239-a10c-3c2af696cf98,RenewableFix,load_695~1-Distributed_PV~new,695,pr10,True,True,0.6661675601608322,0.6661675601608322,,PVe,dupv,medium
3b4cc140-49bc-4472-a0a8-b85640abc086,RenewableFix,load_347~1-Distributed_PV~new,347,pr82,True,True,0.8600682643303476,0.8600682643303476,,PVe,dupv,medium
df6088d7-06bd-491b-8df8-dd0b5ac91150,RenewableFix,load_982~1-Distributed_PV~new,982,pr85,True,True,0.11504415451798755,0.11504415451798755,,PVe,dupv,medium
c909a35d-37ea-4089-96e5-436383c12741,RenewableFix,load_345~1-Distributed_PV~new,345,pr234,True,True,3.097309041487007,3.097309041487007,,PVe,dupv,medium
40ca30f5-100a-4fa9-b981-e6a6d1c06b01,RenewableFix,load_881~1-Distributed_PV~new,881,pr440,True,True,0.22598167935299715,0.22598167935299715,,PVe,dupv,medium
af0e4ce6-f2a6-4030-a513-d6848f446a62,RenewableFix,load_707~1-Distributed_PV~new,707,pr378,True,True,0.006484015849689821,0.006484015849689821,,PVe,dupv,medium
2aec8df1-75ea-4ae1-8e30-71bad564e967,RenewableFix,load_157~1-Distributed_PV~new,157,pr87,True,True,0.813130807059626,0.813130807059626,,PVe,dupv,medium
c689e3ac-7551-431d-abef-1229ea97a983,RenewableFix,load_658~1-Distributed_PV~new,658,pr234,True,True,2.996913507038808,2.996913507038808,,PVe,dupv,medium
6ed6ffd0-c177-4783-b7f1-ec81f7b1dfc1,RenewableFix,load_675~1-Distributed_PV~new,675,pr231,True,True,0.5117986118517245,0.5117986118517245,,PVe,dupv,medium
e428834a-5215-4c86-bd4c-83a4060703d4,RenewableFix,load_414~1-Distributed_PV~new,414,pr296,True,True,2.096843686392629,2.096843686392629,,PVe,dupv,medium
5895201f-6d82-4f7a-9283-ed8523bf9741,RenewableFix,load_459~1-Distributed_PV~new,459,pr87,True,True,0.20001923011565112,0.20001923011565112,,PVe,dupv,medium
4ed90a1a-3b98-458c-8757-dcd77bfdd317,RenewableFix,load_528~1-Distributed_PV~new,528,pr32,True,True,0.08297780227808918,0.08297780227808918,,PVe,dupv,medium
b91304c1-a306-4982-95e2-d49de5e0739b,RenewableFix,load_525~1-Distributed_PV~new,525,pr85,True,True,0.5056605975236728,0.5056605975236728,,PVe,dupv,medium
f86856ec-4446-4c95-8d05-c33e1b630347,RenewableFix,load_651~1-Distributed_PV~new,651,pr153,True,True,0.5343480372391063,0.5343480372391063,,PVe,dupv,medium
f5113c7f-aa2f-4098-a35b-71a9626e70f3,RenewableFix,load_448~1-Distributed_PV~new,448,pr153,True,True,0.6088063702970145,0.6088063702970145,,PVe,dupv,medium
751cee9c-647c-49c9-b862-ccb32e3be2f5,RenewableFix,load_261~1-Distributed_PV~new,261,pr10,True,True,1.0561908272249143,1.0561908272249143,,PVe,dupv,medium
6594982d-2f48-4e10-995e-153a423a8c19,RenewableFix,load_255~1-Distributed_PV~new,255,pr38,True,True,1.4187593169373895,1.4187593169373895,,PVe,dupv,medium
79a16698-c896-47fb-9f30-6f6c12b82d3f,RenewableFix,load_92~1-Distributed_PV~new,92,pr93,True,True,6.735597984729812,6.735597984729812,,PVe,dupv,medium
d826127f-51fb-4d43-b189-5298b03417fd,RenewableFix,load_1007~1-Distributed_PV~new,1007,pr87,True,True,0.14646838403301846,0.14646838403301846,,PVe,dupv,medium
4e220554-188b-4609-9efb-13f7693f4255,RenewableFix,load_381~1-Distributed_PV~new,381,pr335,True,True,2.3592441649087124,2.3592441649087124,,PVe,dupv,medium
d4c76227-55da-48ed-aefc-2cb98b68f906,RenewableFix,load_590~1-Distributed_PV~new,590,pr40,True,True,0.9340372104316438,0.9340372104316438,,PVe,dupv,medium
f7adac12-0674-4431-a009-345e36f7b30d,RenewableFix,load_191~1-Distributed_PV~new,191,pr50,True,True,2.277158224181606,2.277158224181606,,PVe,dupv,medium
00589803-2fa5-42a1-a88a-cfd8509adc28,RenewableFix,load_986~1-Distributed_PV~new,986,pr100,True,True,0.004911350061388846,0.004911350061388846,,PVe,dupv,medium
d1a5361a-f0ca-4e33-b030-c4dae7b2115a,RenewableFix,load_97111~1-Distributed_PV~new,97111,pr100,True,True,0.07094172310895001,0.07094172310895001,,PVe,dupv,medium
ffb1e556-89a1-4ff7-b3ad-110b18ac7a11,RenewableFix,load_1117~1-Distributed_PV~new,1117,pr40,True,True,0.012011068515384225,0.012011068515384225,,PVe,dupv,medium
589ed336-ee40-46f0-b4a9-e738b59a1954,RenewableFix,load_295~1-Distributed_PV~new,295,pr18,True,True,2.248263612813847,2.248263612813847,,PVe,dupv,medium
0de7e13a-25af-4de8-b82d-c657192c71d5,RenewableFix,load_413~1-Distributed_PV~new,413,pr16,True,True,0.37921434890529426,0.37921434890529426,,PVe,dupv,medium
4f6946f9-1672-4897-9f8a-634b12babf61,RenewableFix,load_169~1-Distributed_PV~new,169,pr169,True,True,2.092469271909263,2.092469271909263,,PVe,dupv,medium
6fc37146-f70c-4311-b207-92614adc22cf,RenewableFix,load_8~SL-Distributed_PV~new,8,pr8,True,True,3.0857678625698326,3.0857678625698326,,PVe,dupv,medium
af6557e3-801e-46c6-9c37-e4625fdadeda,RenewableFix,load_544~1-Distributed_PV~new,544,pr84,True,True,0.31730202494610465,0.31730202494610465,,PVe,dupv,medium
f15b9561-5b83-4855-9784-95a1123a27bc,RenewableFix,load_1116~1-Distributed_PV~new,1116,pr296,True,True,0.020245387316894355,0.020245387316894355,,PVe,dupv,medium
66d4bc06-1007-4c95-9552-cf6821f5ce31,RenewableFix,load_177~1-Distributed_PV~new,177,pr177,True,True,3.517973370000001,3.517973370000001,,PVe,dupv,medium
6b7040e0-f148-4d9d-8621-513583377e31,RenewableFix,load_585~1-Distributed_PV~new,585,pr14,True,True,0.07305677211215764,0.07305677211215764,,PVe,dupv,medium
70387768-d604-476e-956b-5818c2a94f92,RenewableFix,load_905~1-Distributed_PV~new,905,pr50,True,True,0.4003146397062409,0.4003146397062409,,PVe,dupv,medium
fa05e683-0c4f-4cf8-ab3f-d39cfff8309e,RenewableFix,load_396~1-Distributed_PV~new,396,pr313,True,True,0.05136407592297965,0.05136407592297965,,PVe,dupv,medium
52d1c3f9-2299-47f3-8d63-5ad2bfa0a4c0,RenewableFix,load_225~1-Distributed_PV~new,225,pr2,True,True,1.3000776850128068,1.3000776850128068,,PVe,dupv,medium
a776acd1-beb3-4c99-97f4-42da106069e5,RenewableFix,load_826~1-Distributed_PV~new,826,pr106,True,True,0.022514026797033803,0.022514026797033803,,PVe,dupv,medium
9210847e-03dd-4fed-a349-3a1060c24ccf,RenewableFix,load_450~1-Distributed_PV~new,450,pr296,True,True,0.7553010260536315,0.7553010260536315,,PVe,dupv,medium
63eca8da-2f42-497d-a86f-a8b3e97f9cf8,RenewableFix,load_211~SL-Distributed_PV~new,211,pr211,True,True,4.732777589803326,4.732777589803326,,PVe,dupv,medium
20add5b0-5740-436a-900f-ed7739b5727b,RenewableFix,load_323~1-Distributed_PV~new,323,pr103,True,True,0.2795248590817095,0.2795248590817095,,PVe,dupv,medium
70a00067-87b1-42c4-8043-6967f23347ce,RenewableFix,load_170~1-Distributed_PV~new,170,pr45,True,True,0.9212396754788359,0.9212396754788359,,PVe,dupv,medium
c10bb643-0d77-4114-9ccc-a2d2ac53dea0,RenewableFix,load_1123~1-Distributed_PV~new,1123,pr8,True,True,0.98032471326257,0.98032471326257,,PVe,dupv,medium
d2a20c97-8c0b-4130-92cb-298e63969786,RenewableFix,load_804~1-Distributed_PV~new,804,pr2,True,True,0.9235968553945147,0.9235968553945147,,PVe,dupv,medium
1f2add3f-1c25-4c16-a181-a6110a17ff5a,RenewableFix,load_165~1-Distributed_PV~new,165,pr378,True,True,1.2085275716632637,1.2085275716632637,,PVe,dupv,medium
4ba4df13-4b73-4b25-b6ab-d118ffebf365,RenewableFix,load_973~1-Distributed_PV~new,973,pr29,True,True,0.17855196296737952,0.17855196296737952,,PVe,dupv,medium
f0c170f6-c7e2-48ee-a169-92feabc260cd,RenewableFix,load_823~1-Distributed_PV~new,823,pr106,True,True,0.022856879996988627,0.022856879996988627,,PVe,dupv,medium
828d362e-3e99-426b-9954-348c035339a2,RenewableFix,load_507~1-Distributed_PV~new,507,pr29,True,True,0.21795034520961853,0.21795034520961853,,PVe,dupv,medium
e3f768a5-84e7-46d3-bc2c-ca9ae6940222,RenewableFix,load_596~1-Distributed_PV~new,596,pr16,True,True,0.07465782494072981,0.07465782494072981,,PVe,dupv,medium
e202f996-aa6b-408a-8abe-4de672395a4c,RenewableFix,load_1177~1-Distributed_PV~new,1177,pr313,True,True,0.30762001514311993,0.30762001514311993,,PVe,dupv,medium
6932cbd3-c05a-4efc-b688-80333ab11743,RenewableFix,load_1137~1-Distributed_PV~new,1137,pr40,True,True,0.49704627650428246,0.49704627650428246,,PVe,dupv,medium
44358063-2155-47b1-a717-dcab4fa34904,RenewableFix,load_429~1-Distributed_PV~new,429,pr234,True,True,3.65162055615313,3.65162055615313,,PVe,dupv,medium
03732bc6-a3a8-48a1-be5b-277f5d140f1c,RenewableFix,load_776~1-Distributed_PV~new,776,pr41,True,True,0.012878761875425545,0.012878761875425545,,PVe,dupv,medium
bebad814-463d-4eae-a9b4-bb643df40462,RenewableFix,load_549~1-Distributed_PV~new,549,pr85,True,True,0.05851383721173502,0.05851383721173502,,PVe,dupv,medium
e2166dc5-6bd7-4392-9140-ebe93b0bc0d5,RenewableFix,load_69~1-Distributed_PV~new,69,pr50,True,True,3.562378909554275,3.562378909554275,,PVe,dupv,medium
4bb962ff-f74f-42e4-ad13-ae0e4d2ce921,RenewableFix,load_1157~1-Distributed_PV~new,1157,pr8,True,True,0.43058330020782126,0.43058330020782126,,PVe,dupv,medium
4bc28529-dd52-4140-ba67-9e895df7b267,RenewableFix,load_539~1-Distributed_PV~new,539,pr335,True,True,0.10372075713607781,0.10372075713607781,,PVe,dupv,medium
de4b4104-911f-45a3-b1e7-70385c3ff9f8,RenewableFix,load_30~1-Distributed_PV~new,30,pr32,True,True,4.131494294173045,4.131494294173045,,PVe,dupv,medium
e3461d5d-82ca-45ad-a606-ff243243d20e,RenewableFix,load_723~1-Distributed_PV~new,723,pr87,True,True,0.9263704403927404,0.9263704403927404,,PVe,dupv,medium
ddefe91a-511a-4eff-acb9-937b71ab02d2,RenewableFix,load_484~1-Distributed_PV~new,484,pr116,True,True,0.115942833095701,0.115942833095701,,PVe,dupv,medium
fb3ec8ef-79eb-4b50-abf4-611a34bd76ab,RenewableFix,load_198~1-Distributed_PV~new,198,pr3,True,True,1.5804200503740833,1.5804200503740833,,PVe,dupv,medium
8c00566e-cb7c-4c93-8314-e3221f344cd0,RenewableFix,load_1112~1-Distributed_PV~new,1112,pr100,True,True,2.409290057892418,2.409290057892418,,PVe,dupv,medium
ba806c64-7100-429a-bebf-33d3039210f2,RenewableFix,load_1147~1-Distributed_PV~new,1147,pr8,True,True,0.20508487948156426,0.20508487948156426,,PVe,dupv,medium
0f9a6488-c9b2-4c25-ad24-528c73523dff,RenewableFix,load_479~1-Distributed_PV~new,479,pr50,True,True,0.3463775093037158,0.3463775093037158,,PVe,dupv,medium
03fdda19-c05f-4b65-820e-8a4ecb05c4a9,RenewableFix,load_573~1-Distributed_PV~new,573,pr100,True,True,0.024011044744567694,0.024011044744567694,,PVe,dupv,medium
57ed85af-3e70-44b0-a60c-43d488f6a821,RenewableFix,load_13~1-Distributed_PV~new,13,pr45,True,True,2.369948293962372,2.369948293962372,,PVe,dupv,medium
29653fcc-bee4-4693-a5c4-5138fca79de9,RenewableFix,load_591~1-Distributed_PV~new,591,pr102,True,True,0.7679105212923855,0.7679105212923855,,PVe,dupv,medium
889a3e2a-fc3d-4f75-a30b-d8bdcad2cd4d,RenewableFix,load_1044~1-Distributed_PV~new,1044,pr335,True,True,0.45142712950417285,0.45142712950417285,,PVe,dupv,medium
274848d7-25ea-4a2c-a6bd-aaa0d8872ada,RenewableFix,load_592~1-Distributed_PV~new,592,pr102,True,True,0.1857292001554535,0.1857292001554535,,PVe,dupv,medium
413eb442-a96a-437d-b72a-ca580a162171,RenewableFix,load_1118~1-Distributed_PV~new,1118,pr87,True,True,0.20001923011565112,0.20001923011565112,,PVe,dupv,medium
803976c7-a8b0-4ef4-8440-d6b3ca74234c,RenewableFix,load_28~1-Distributed_PV~new,28,pr29,True,True,0.1589221267153469,0.1589221267153469,,PVe,dupv,medium
f9abee11-e1a7-4ab8-8733-bce428a721e7,RenewableFix,load_1084~1-Distributed_PV~new,1084,pr18,True,True,1.1732540297657774,1.1732540297657774,,PVe,dupv,medium
bf39fad8-69da-4a60-8ada-1c892eb9f902,RenewableFix,load_104~1-Distributed_PV~new,104,pr103,True,True,1.5597108303455698,1.5597108303455698,,PVe,dupv,medium
bc92d821-cb24-4ab5-a72d-6b54336fa5df,RenewableFix,load_480~1-Distributed_PV~new,480,pr480,True,True,5.58098058,5.58098058,,PVe,dupv,medium
5e9f04f3-36b4-411f-bfb2-3f444fb4b0d1,RenewableFix,load_639~1-Distributed_PV~new,639,pr313,True,True,0.24383825053546385,0.24383825053546385,,PVe,dupv,medium
d7e4c1df-e6de-4a03-8df1-bfdbbb5ed518,RenewableFix,load_485~1-Distributed_PV~new,485,pr10,True,True,0.06253879160295384,0.06253879160295384,,PVe,dupv,medium
b8d0da85-8c6b-426f-9888-00c85954b14d,RenewableFix,load_1010~1-Distributed_PV~new,1010,pr8,True,True,0.0700231938044693,0.0700231938044693,,PVe,dupv,medium
e2a646e1-9b61-4dda-9f0a-03f49e2fec71,RenewableFix,load_930~1-Distributed_PV~new,930,pr10,True,True,0.003910007689865486,0.003910007689865486,,PVe,dupv,medium
dc19e544-964c-44d4-b7ba-83afcfaa032e,RenewableFix,load_91~1-Distributed_PV~new,91,pr153,True,True,2.523371007822788,2.523371007822788,,PVe,dupv,medium
9165c5b8-103c-4174-a0af-5f8820d7db8d,RenewableFix,load_799~1-Distributed_PV~new,799,pr87,True,True,0.09769360291964435,0.09769360291964435,,PVe,dupv,medium
0348ced9-e6a1-43b8-bf89-81e1555183df,RenewableFix,load_317~SL-Distributed_PV~new,317,pr169,True,True,2.4180412551984882,2.4180412551984882,,PVe,dupv,medium
a9ce73c0-89c7-4dca-b62b-715e535ce597,RenewableFix,load_127~1-Distributed_PV~new,127,pr127,True,True,10.77493065,10.77493065,,PVe,dupv,medium
98fa5247-84a6-4929-9b65-2076600d8e2f,RenewableFix,load_705~1-Distributed_PV~new,705,pr93,True,True,0.001144238091121733,0.001144238091121733,,PVe,dupv,medium
9bf35683-8bb9-4df6-8124-1fffbbc2d75a,RenewableFix,load_364~1-Distributed_PV~new,364,pr82,True,True,0.0767685742745696,0.0767685742745696,,PVe,dupv,medium
ba307662-924c-4f8f-af76-09f80d8d269b,RenewableFix,load_508~1-Distributed_PV~new,508,pr29,True,True,7.11135366792482,7.11135366792482,,PVe,dupv,medium
7021bc63-aca4-43bc-8019-2635a1a2d0c4,RenewableFix,load_696~1-Distributed_PV~new,696,pr10,True,True,0.2512179940738575,0.2512179940738575,,PVe,dupv,medium
97fb26c7-03db-4da7-9da6-75da055974c2,RenewableFix,load_676~1-Distributed_PV~new,676,pr231,True,True,1.279496529629311,1.279496529629311,,PVe,dupv,medium
3ebe40f0-5210-4eb8-a275-ec557ed84300,RenewableFix,load_1042~1-Distributed_PV~new,1042,pr392,True,True,0.29889407177545135,0.29889407177545135,,PVe,dupv,medium
c3041a40-3259-48ba-934c-f432bdf4fe18,RenewableFix,load_375~1-Distributed_PV~new,375,pr14,True,True,0.7573622748831442,0.7573622748831442,,PVe,dupv,medium
2d1a3568-0216-4538-a0b1-4e9699bd5f3c,RenewableFix,load_499~1-Distributed_PV~new,499,pr21,True,True,2.870325557966585,2.870325557966585,,PVe,dupv,medium
d809187f-a85c-45e0-a284-dcd8069e551c,RenewableFix,load_280~1-Distributed_PV~new,280,pr280,True,True,9.73061973,9.73061973,,PVe,dupv,medium
2eb86147-1e38-4441-8200-9d79ba607ac0,RenewableFix,load_433~1-Distributed_PV~new,433,pr100,True,True,0.2848583035605532,0.2848583035605532,,PVe,dupv,medium
39653d0e-76ec-4986-8248-589f9266d7e9,RenewableFix,load_732~1-Distributed_PV~new,732,pr3,True,True,0.4331881945946783,0.4331881945946783,,PVe,dupv,medium
93d482e7-28cf-40c9-954a-999be8e5541e,RenewableFix,load_461~1-Distributed_PV~new,461,pr3,True,True,0.23553968027606617,0.23553968027606617,,PVe,dupv,medium
f0df4957-a3bc-4c84-8c3e-fcc65f25bf57,RenewableFix,load_1196~1-Distributed_PV~new,1196,pr84,True,True,0.3215585550652858,0.3215585550652858,,PVe,dupv,medium
7aceacad-9d4d-45d6-a4d6-8e73af847ffa,RenewableFix,load_162~1-Distributed_PV~new,162,pr3,True,True,0.651318420241644,0.651318420241644,,PVe,dupv,medium
20b5d8bf-20de-4fc3-b80c-ddd52f50b84f,RenewableFix,load_510~1-Distributed_PV~new,510,pr29,True,True,1.138441991699583,1.138441991699583,,PVe,dupv,medium
5ca3399e-f28e-4137-b06b-e13e1cde606f,RenewableFix,load_699~1-Distributed_PV~new,699,pr40,True,True,0.15225795676854703,0.15225795676854703,,PVe,dupv,medium
6310dfe2-d0c6-44af-93b7-f86c6d04a061,RenewableFix,load_427~SL-Distributed_PV~new,427,pr169,True,True,0.9855140813134585,0.9855140813134585,,PVe,dupv,medium
ab8c38c2-79f6-45b1-896e-e6071393837a,RenewableFix,load_425~1-Distributed_PV~new,425,pr234,True,True,1.2939275530212102,1.2939275530212102,,PVe,dupv,medium
8f2e885f-a01d-47f3-87bb-6721e5b89122,RenewableFix,load_403~1-Distributed_PV~new,403,pr153,True,True,0.33560998650366,0.33560998650366,,PVe,dupv,medium
83164e22-8d5e-4925-b234-3d84067c81b6,RenewableFix,load_954~1-Distributed_PV~new,954,pr63,True,True,0.20001629435898025,0.20001629435898025,,PVe,dupv,medium
572bc731-42e5-4532-85a8-8644fe27a679,RenewableFix,load_725~1-Distributed_PV~new,725,pr87,True,True,0.09259495542317261,0.09259495542317261,,PVe,dupv,medium
2e5f5927-7660-4dcc-bf73-1629d98c27f6,RenewableFix,load_468~1-Distributed_PV~new,468,pr211,True,True,0.0034707035658557723,0.0034707035658557723,,PVe,dupv,medium
22428ec0-eb32-41b9-af70-c1dbfb9a6e4e,RenewableFix,load_93~1-Distributed_PV~new,93,pr93,True,True,4.041534242726002,4.041534242726002,,PVe,dupv,medium
294e634a-dde0-4ca7-a68b-3aa92aff4d0b,RenewableFix,load_266~1-Distributed_PV~new,266,pr266,True,True,3.0651899300000003,3.0651899300000003,,PVe,dupv,medium
05d06383-f7c9-438a-ab78-f345548cdcd2,RenewableFix,load_511~1-Distributed_PV~new,511,pr87,True,True,0.39984185296369984,0.39984185296369984,,PVe,dupv,medium
fb308d6b-3a06-4504-9599-885f0eba1fd1,RenewableFix,load_449~1-Distributed_PV~new,449,pr50,True,True,0.16096862354503585,0.16096862354503585,,PVe,dupv,medium
8cc89ca5-b4c2-4127-9b3e-1169f8d80ecc,RenewableFix,load_611~1-Distributed_PV~new,611,pr100,True,True,0.06166472854854886,0.06166472854854886,,PVe,dupv,medium
b94faeb6-25b8-4e09-8f1d-14905b82ae03,RenewableFix,load_760~1-Distributed_PV~new,760,pr10,True,True,2.0400465121873173,2.0400465121873173,,PVe,dupv,medium
b894a26f-3e6e-43ad-b135-2858dde4702a,RenewableFix,load_476~1-Distributed_PV~new,476,pr10,True,True,0.3991606351005923,0.3991606351005923,,PVe,dupv,medium
95f6fed9-9992-4f54-83f2-8e8f76deba95,RenewableFix,load_412~SL-Distributed_PV~new,412,pr296,True,True,5.302363344900901,5.302363344900901,,PVe,dupv,medium
7ab92ac0-58cb-40a2-b5d9-16bbfe53cc06,RenewableFix,load_387~1-Distributed_PV~new,387,pr100,True,True,2.9042450029679383,2.9042450029679383,,PVe,dupv,medium
18fb58e0-8bba-4d4b-8eef-35171f363be2,RenewableFix,load_952~1-Distributed_PV~new,952,pr63,True,True,0.3410239501522843,0.3410239501522843,,PVe,dupv,medium
046346a0-8fe0-4dfb-af69-dbe275acf59a,RenewableFix,load_113~1-Distributed_PV~new,113,pr116,True,True,1.6603013699304379,1.6603013699304379,,PVe,dupv,medium
170675f8-fca6-448f-a42c-a460fc3c9ec8,RenewableFix,load_1101~1-Distributed_PV~new,1101,pr84,True,True,0.5174593447992252,0.5174593447992252,,PVe,dupv,medium
4bcdeac4-01e3-4d49-936a-9ced44a204a1,RenewableFix,load_904~1-Distributed_PV~new,904,pr50,True,True,0.2734781064940531,0.2734781064940531,,PVe,dupv,medium
d6d80bcd-2842-463d-bd4c-24016da60abc,RenewableFix,load_572~1-Distributed_PV~new,572,pr234,True,True,0.0165545828079478,0.0165545828079478,,PVe,dupv,medium
a2bd132b-8c8f-4233-9b90-ae45c9f4fc5d,RenewableFix,load_125~1-Distributed_PV~new,125,pr50,True,True,1.8578813120682278,1.8578813120682278,,PVe,dupv,medium
f25d39af-0540-4692-b96c-886debf462ab,RenewableFix,load_412~1-Distributed_PV~new,412,pr296,True,True,0.19522337769862413,0.19522337769862413,,PVe,dupv,medium
476e456b-7b4e-48f3-8038-a7f893f44976,RenewableFix,load_422~1-Distributed_PV~new,422,pr8,True,True,0.022561650211107502,0.022561650211107502,,PVe,dupv,medium
10a7d326-dd8d-4057-b027-bd04b97115b5,RenewableFix,load_1135~SL-Distributed_PV~new,1135,pr85,True,True,4.9587997637063586,4.9587997637063586,,PVe,dupv,medium
2b5e655e-63f6-459e-9357-f1106fb788c6,RenewableFix,load_640~1-Distributed_PV~new,640,pr8,True,True,0.0648011251139665,0.0648011251139665,,PVe,dupv,medium
819a1434-cbf5-4cf2-9cb0-47817a4a9707,RenewableFix,load_199~1-Distributed_PV~new,199,pr21,True,True,3.629888381501559,3.629888381501559,,PVe,dupv,medium
74d0d1df-6113-41b5-85b4-d1ea27cfd292,RenewableFix,load_179~SL-Distributed_PV~new,179,pr211,True,True,6.310370119737769,6.310370119737769,,PVe,dupv,medium
10d86755-a6a4-4d72-9a18-8e7725ffdec5,RenewableFix,load_546~1-Distributed_PV~new,546,pr378,True,True,0.08693882675911148,0.08693882675911148,,PVe,dupv,medium
bf15129f-9381-4f52-919a-2b3205d1a1c0,RenewableFix,load_376~1-Distributed_PV~new,376,pr169,True,True,0.41927108192816637,0.41927108192816637,,PVe,dupv,medium
5a550ad7-367a-401e-ad4b-de552d16a889,RenewableFix,load_1014~1-Distributed_PV~new,1014,pr10,True,True,0.22531419312849862,0.22531419312849862,,PVe,dupv,medium
7fb40f3d-69cb-4f4c-9af6-4b64a17b0460,RenewableFix,load_155~1-Distributed_PV~new,155,pr87,True,True,0.5562640062795267,0.5562640062795267,,PVe,dupv,medium
d5939bee-97b2-49c3-9ad8-a35ada3409fa,RenewableFix,load_17~1-Distributed_PV~new,17,pr16,True,True,0.7999052672221052,0.7999052672221052,,PVe,dupv,medium
d6fd37c8-5b7a-44d9-989e-620fcc31703b,RenewableFix,load_807~1-Distributed_PV~new,807,pr106,True,True,0.2502828359670255,0.2502828359670255,,PVe,dupv,medium
ced03dda-15b1-4170-9483-f27e0a766672,RenewableFix,load_1081~1-Distributed_PV~new,1081,pr85,True,True,0.6917525670370372,0.6917525670370372,,PVe,dupv,medium
9013d8d6-0551-4219-9542-c751c7c4d6e5,RenewableFix,load_1098~1-Distributed_PV~new,1098,pr335,True,True,0.32943432188816424,0.32943432188816424,,PVe,dupv,medium
341551e9-f01d-47e2-ad76-a4df1e85bcf5,RenewableFix,load_694~SL-Distributed_PV~new,694,pr313,True,True,4.515523158064144,4.515523158064144,,PVe,dupv,medium
084faee4-df43-41d2-8a11-ace2c565582d,RenewableFix,load_1087~1-Distributed_PV~new,1087,pr21,True,True,0.07915312993143268,0.07915312993143268,,PVe,dupv,medium
7fec972d-93a0-4c48-9dbd-f2c71253a58e,RenewableFix,load_781~1-Distributed_PV~new,781,pr45,True,True,0.06897113598585525,0.06897113598585525,,PVe,dupv,medium
904eac47-8c44-4f1e-a301-27258e0a7f99,RenewableFix,load_1139~1-Distributed_PV~new,1139,pr153,True,True,0.10566513441306098,0.10566513441306098,,PVe,dupv,medium
fa4abf33-9be3-4787-be9b-10bf0e7a8059,RenewableFix,load_138~1-Distributed_PV~new,138,pr632,True,True,6.005208926449275,6.005208926449275,,PVe,dupv,medium
6d5f5637-4725-4cef-be16-8335a154335f,RenewableFix,load_1136~1-Distributed_PV~new,1136,pr296,True,True,0.09091146856648047,0.09091146856648047,,PVe,dupv,medium
b6b322d2-d597-48ad-a581-5e479fb93590,RenewableFix,load_524~1-Distributed_PV~new,524,pr85,True,True,0.38480286166361344,0.38480286166361344,,PVe,dupv,medium
71c46501-65a3-4fc5-b3b5-1297b15096d4,RenewableFix,load_1095~1-Distributed_PV~new,1095,pr21,True,True,0.200518917033953,0.200518917033953,,PVe,dupv,medium
34686c8d-e8d4-4d6c-bdb7-559a490d3b7c,RenewableFix,load_552~1-Distributed_PV~new,552,pr335,True,True,4.732461074302078,4.732461074302078,,PVe,dupv,medium
cce5b85f-14cd-4406-87c9-ecbfc278c90a,RenewableFix,load_149~SL-Distributed_PV~new,149,pr149,True,True,4.59345055,4.59345055,,PVe,dupv,medium
00d25249-6ed6-41ce-a8db-3c5ffbd61be0,RenewableFix,load_298~1-Distributed_PV~new,298,pr32,True,True,0.266938024309702,0.266938024309702,,PVe,dupv,medium
a9f11797-9e3b-4add-a57a-0d7b3032a849,RenewableFix,load_938~1-Distributed_PV~new,938,pr313,True,True,0.41994365369996556,0.41994365369996556,,PVe,dupv,medium
9eb1eb75-fccc-4834-adc9-c8d8023208ea,RenewableFix,load_598~1-Distributed_PV~new,598,pr14,True,True,0.32292143090408076,0.32292143090408076,,PVe,dupv,medium
ae3d0e9c-21b2-4e88-a649-0d3ea2d2eea8,RenewableFix,load_628~1-Distributed_PV~new,628,pr231,True,True,1.279496529629311,1.279496529629311,,PVe,dupv,medium
ba50900f-de13-49f9-b01e-0e82d301de44,RenewableFix,load_1150~1-Distributed_PV~new,1150,pr29,True,True,0.10216422431700871,0.10216422431700871,,PVe,dupv,medium
aa9ce652-d3a9-473b-8e0f-d252393c3f9c,RenewableFix,load_466~1-Distributed_PV~new,466,pr103,True,True,0.18752248532780705,0.18752248532780705,,PVe,dupv,medium
09d6f82c-41ad-4e22-9318-bd8a0afcf7d0,RenewableFix,load_536~1-Distributed_PV~new,536,pr234,True,True,1.5382564271403247,1.5382564271403247,,PVe,dupv,medium
1ec238cb-1684-48d8-a47c-198dd9d33698,RenewableFix,load_965~1-Distributed_PV~new,965,pr8,True,True,0.09400687587961458,0.09400687587961458,,PVe,dupv,medium
69cbac3d-b2e8-4b06-9a52-f21304e5d121,RenewableFix,load_475~1-Distributed_PV~new,475,pr10,True,True,2.7745470848545257,2.7745470848545257,,PVe,dupv,medium
794915f1-3505-42b1-9638-a95edcbcb024,RenewableFix,load_1114~1-Distributed_PV~new,1114,pr378,True,True,0.16023254617934893,0.16023254617934893,,PVe,dupv,medium
5c3aeeb8-5833-45e6-94e4-9a8aa24fe0df,RenewableFix,load_936~1-Distributed_PV~new,936,pr234,True,True,0.22428789610767985,0.22428789610767985,,PVe,dupv,medium
eb7be467-0e61-4cc3-8a37-83f2fadcc81a,RenewableFix,load_57~1-Distributed_PV~new,57,pr87,True,True,1.6835446440576833,1.6835446440576833,,PVe,dupv,medium
2cdfed03-7ca4-460d-95b2-4219eb3cf6d4,RenewableFix,load_384~1-Distributed_PV~new,384,pr100,True,True,1.4679479627928889,1.4679479627928889,,PVe,dupv,medium
90bfa19d-ca57-4969-a37f-907d83537d2b,RenewableFix,load_663~1-Distributed_PV~new,663,pr84,True,True,0.007584908962855091,0.007584908962855091,,PVe,dupv,medium
9c1b394c-4000-4342-a9db-db3a0e5dd9b6,RenewableFix,load_643~1-Distributed_PV~new,643,pr18,True,True,1.0222313149866356,1.0222313149866356,,PVe,dupv,medium
94b50f29-5b31-471e-a654-71fd717d3b11,RenewableFix,load_1023~1-Distributed_PV~new,1023,pr234,True,True,1.2880533462183898,1.2880533462183898,,PVe,dupv,medium
00a13e93-bde1-48b0-bebd-4d26daedf605,RenewableFix,load_1030~1-Distributed_PV~new,1030,pr93,True,True,0.08505503144004885,0.08505503144004885,,PVe,dupv,medium
66681cbd-768f-405f-a441-0b77a949b97b,RenewableFix,load_792~1-Distributed_PV~new,792,pr103,True,True,0.01840047475078049,0.01840047475078049,,PVe,dupv,medium
a4448e0e-4f74-4e67-a562-613abca19e57,RenewableFix,load_226~1-Distributed_PV~new,226,pr2,True,True,1.5571138773205468,1.5571138773205468,,PVe,dupv,medium
91e64051-907e-4b7e-b68f-ae2e1b7df873,RenewableFix,load_503~1-Distributed_PV~new,503,pr29,True,True,0.17681282047094402,0.17681282047094402,,PVe,dupv,medium
07c74a5c-4669-4d4a-b18f-3a15ec54d019,RenewableFix,load_906~1-Distributed_PV~new,906,pr87,True,True,0.20001923011565112,0.20001923011565112,,PVe,dupv,medium
27153907-a615-46db-8a07-b39d4a74c73d,RenewableFix,load_1089~1-Distributed_PV~new,1089,pr8,True,True,0.0018989340692737433,0.0018989340692737433,,PVe,dupv,medium
dba7df2c-e053-481a-a58c-c71239fb9402,RenewableFix,load_44~1-Distributed_PV~new,44,pr45,True,True,3.418294318492778,3.418294318492778,,PVe,dupv,medium
37a792a6-657f-4e5f-8eca-a4e3f23211c6,RenewableFix,load_631~1-Distributed_PV~new,631,pr313,True,True,0.039510827633061275,0.039510827633061275,,PVe,dupv,medium
213d4da0-2900-4ba4-9dc1-3329541d3d3e,RenewableFix,load_1151~1-Distributed_PV~new,1151,pr41,True,True,0.16212088478476863,0.16212088478476863,,PVe,dupv,medium
31d2bb6c-03d3-4acf-a4a7-ddd2ca366498,RenewableFix,load_1205~1-Distributed_PV~new,1205,pr84,True,True,1.1088797594777127,1.1088797594777127,,PVe,dupv,medium
8cfeddfd-7da6-4430-9c12-1c5c1620a7ca,RenewableFix,load_774~1-Distributed_PV~new,774,pr14,True,True,0.11951971879557943,0.11951971879557943,,PVe,dupv,medium
c3d2e361-6f05-429a-b5ca-6b3d74c454b0,RenewableFix,load_1013~1-Distributed_PV~new,1013,pr102,True,True,0.3295876213298585,0.3295876213298585,,PVe,dupv,medium
b651b49b-cd7c-4352-99b0-0c61fd0649e9,RenewableFix,load_45~SL-Distributed_PV~new,45,pr45,True,True,15.594408387284568,15.594408387284568,,PVe,dupv,medium
0b4842f4-7729-45ab-b06a-81831c8c9139,RenewableFix,load_722~1-Distributed_PV~new,722,pr87,True,True,0.027290214677748,0.027290214677748,,PVe,dupv,medium
3bd2aa15-460f-4ffe-a1a5-94c044dce5a0,RenewableFix,load_244~1-Distributed_PV~new,244,pr21,True,True,17.942546063783713,17.942546063783713,,PVe,dupv,medium
78030aa1-e83b-4a17-b86b-9132eaa2ff3d,RenewableFix,load_941~1-Distributed_PV~new,941,pr335,True,True,0.06554366427388594,0.06554366427388594,,PVe,dupv,medium
477b20bf-89af-415f-8528-dcd5c975928a,RenewableFix,load_374~1-Distributed_PV~new,374,pr3,True,True,2.3981523751586007,2.3981523751586007,,PVe,dupv,medium
80401740-e6b5-4d5a-b608-1e4245959cee,RenewableFix,load_657~1-Distributed_PV~new,657,pr213,True,True,2.439012506148225,2.439012506148225,,PVe,dupv,medium
d7c4603f-2979-4d22-818a-4660df8c6545,RenewableFix,load_426~1-Distributed_PV~new,426,pr14,True,True,0.015273310921138953,0.015273310921138953,,PVe,dupv,medium
afa33505-4ff0-4cdb-91ad-e25ad1902535,RenewableFix,load_1038~1-Distributed_PV~new,1038,pr335,True,True,0.4696991799841036,0.4696991799841036,,PVe,dupv,medium
dd747d67-7c95-4438-82ce-2d3681abbaee,RenewableFix,load_989~1-Distributed_PV~new,989,pr40,True,True,0.07206641109230531,0.07206641109230531,,PVe,dupv,medium
c5bc9005-24d9-4bb4-b571-b4a7186d4f65,RenewableFix,load_957~1-Distributed_PV~new,957,pr169,True,True,0.0962898571266541,0.0962898571266541,,PVe,dupv,medium
c79841c9-00c1-4ef5-86ed-37abcf92de28,RenewableFix,load_1035~1-Distributed_PV~new,1035,pr169,True,True,0.4969938365595464,0.4969938365595464,,PVe,dupv,medium
7208f606-c71d-4756-bd3b-6661fcec79bd,RenewableFix,load_257~1-Distributed_PV~new,257,pr86,True,True,2.8289035537375984,2.8289035537375984,,PVe,dupv,medium
ceaefab0-adf9-4716-bda5-2bd67829c3f1,RenewableFix,load_588~1-Distributed_PV~new,588,pr335,True,True,0.29880176667180963,0.29880176667180963,,PVe,dupv,medium
6ce6f6c1-58a6-479f-a568-f12311e60ba3,RenewableFix,load_637~1-Distributed_PV~new,637,pr2,True,True,0.015438422509527082,0.015438422509527082,,PVe,dupv,medium
aa0b90bf-a500-4f06-8d4c-51f0bb3bcd55,RenewableFix,load_68~1-Distributed_PV~new,68,pr29,True,True,1.513544063955684,1.513544063955684,,PVe,dupv,medium
5c1f769c-5816-4c34-bf91-f00f5f36ea98,RenewableFix,load_992~1-Distributed_PV~new,992,pr93,True,True,0.14650232657591541,0.14650232657591541,,PVe,dupv,medium
71b028db-188a-4434-8468-21f2a07d3e13,RenewableFix,load_223~1-Distributed_PV~new,223,pr234,True,True,4.117284949976694,4.117284949976694,,PVe,dupv,medium
fd9394a5-b6e4-4f07-8d4c-d23819fcb1b2,RenewableFix,load_349~1-Distributed_PV~new,349,pr213,True,True,0.7502111638152399,0.7502111638152399,,PVe,dupv,medium
29764554-9c1f-4705-b067-6e6fcc034504,RenewableFix,load_1026~1-Distributed_PV~new,1026,pr8,True,True,0.14787949064469277,0.14787949064469277,,PVe,dupv,medium
41184ad1-8913-4f5e-8c05-b66eb3a4d80d,RenewableFix,load_656~1-Distributed_PV~new,656,pr21,True,True,0.10272119670876939,0.10272119670876939,,PVe,dupv,medium
4c02d0ea-9716-4f9f-8c93-e4ce74be722d,RenewableFix,load_779~1-Distributed_PV~new,779,pr18,True,True,0.09679202351267459,0.09679202351267459,,PVe,dupv,medium
c1fa90cb-f306-4e1f-afd3-0208cdc00b13,RenewableFix,load_56~1-Distributed_PV~new,56,pr101,True,True,1.3146702488202122,1.3146702488202122,,PVe,dupv,medium
e7b7560d-e2af-4e41-8d3d-b34591deda37,RenewableFix,load_777~1-Distributed_PV~new,777,pr18,True,True,0.15701817147611655,0.15701817147611655,,PVe,dupv,medium
d7b735fe-7e56-42fa-a989-64c2ec0be069,RenewableFix,load_491~1-Distributed_PV~new,491,pr378,True,True,0.17632914755544313,0.17632914755544313,,PVe,dupv,medium
2b8f8ff3-7eb5-441a-9944-9bec25212a7f,RenewableFix,load_452~1-Distributed_PV~new,452,pr452,True,True,1.3658054099999999,1.3658054099999999,,PVe,dupv,medium
6a60c40e-b15e-4e76-8d1b-993391121035,RenewableFix,load_1100~1-Distributed_PV~new,1100,pr335,True,True,0.09136025239965403,0.09136025239965403,,PVe,dupv,medium
b78900ef-3d06-4c8d-99bf-fa8668b54586,RenewableFix,load_717~1-Distributed_PV~new,717,pr18,True,True,0.1328201655979479,0.1328201655979479,,PVe,dupv,medium
0e7710ab-5c0a-46cd-a606-b2b68dce0e96,RenewableFix,load_620~1-Distributed_PV~new,620,pr103,True,True,4.537881787802776,4.537881787802776,,PVe,dupv,medium
23154279-ec36-4fe1-99c9-e556a85a351f,RenewableFix,load_137~1-Distributed_PV~new,137,pr84,True,True,1.9919226471634397,1.9919226471634397,,PVe,dupv,medium
36a483d0-37fb-4785-8560-d25a92cc18a8,RenewableFix,load_1082~1-Distributed_PV~new,1082,pr32,True,True,0.049316995693581306,0.049316995693581306,,PVe,dupv,medium
458dbe88-d9ad-47b8-b591-dbcb6b6c62d0,RenewableFix,load_3~1-Distributed_PV~new,3,pr3,True,True,4.3446830155270035,4.3446830155270035,,PVe,dupv,medium
ef954fb1-5fc0-4a46-beb9-604001211b57,RenewableFix,load_558~1-Distributed_PV~new,558,pr82,True,True,0.3051063952893211,0.3051063952893211,,PVe,dupv,medium
9ac2b6de-2c6c-4336-aecd-61fb5d4a4e1d,RenewableFix,load_95~1-Distributed_PV~new,95,pr93,True,True,3.942842555661389,3.942842555661389,,PVe,dupv,medium
694ea909-5e2c-4b9a-9807-2bcd9d62344e,RenewableFix,load_430~1-Distributed_PV~new,430,pr3,True,True,0.015617304887869608,0.015617304887869608,,PVe,dupv,medium
d1649429-02ec-4c8f-8393-c13fe17c1902,RenewableFix,load_788~1-Distributed_PV~new,788,pr45,True,True,0.3674628856135288,0.3674628856135288,,PVe,dupv,medium
ff3fdaa6-899e-494d-92e6-55e07ff85faf,RenewableFix,load_39~1-Distributed_PV~new,39,pr40,True,True,1.394343747947692,1.394343747947692,,PVe,dupv,medium
760a7016-681f-4cbd-aca5-b7d0e6c91244,RenewableFix,load_119~1-Distributed_PV~new,119,pr169,True,True,1.5559528201443074,1.5559528201443074,,PVe,dupv,medium
c3581b53-dd07-487b-be86-be11e5658f13,RenewableFix,load_739~1-Distributed_PV~new,739,pr102,True,True,0.43997566904574953,0.43997566904574953,,PVe,dupv,medium
c9334265-baf7-424d-8a7e-f6495e34eb38,RenewableFix,load_589~SL-Distributed_PV~new,589,pr40,True,True,10.598001631221372,10.598001631221372,,PVe,dupv,medium
0716b040-b266-41d1-a691-4cde13726e39,RenewableFix,load_355~1-Distributed_PV~new,355,pr18,True,True,1.439512483019055,1.439512483019055,,PVe,dupv,medium
b4be9c35-ddd5-4645-9d59-a6fde8597ac8,RenewableFix,load_1086~1-Distributed_PV~new,1086,pr14,True,True,0.040728829123037213,0.040728829123037213,,PVe,dupv,medium
5388f78a-7afb-447b-9d4e-2bc4af4c7de2,RenewableFix,load_131~1-Distributed_PV~new,131,pr86,True,True,0.9373532763649739,0.9373532763649739,,PVe,dupv,medium
c8214203-8af1-4cde-bfcd-7b5167a40df8,RenewableFix,load_521~1-Distributed_PV~new,521,pr85,True,True,0.4710859775521041,0.4710859775521041,,PVe,dupv,medium
11f1fdf6-8f3b-4dec-90b3-c219c5b156da,RenewableFix,load_533~1-Distributed_PV~new,533,pr32,True,True,0.5518806660948384,0.5518806660948384,,PVe,dupv,medium
0a87ffe3-437c-4204-a504-555481ddbff5,RenewableFix,load_742~1-Distributed_PV~new,742,pr87,True,True,0.18528097105449792,0.18528097105449792,,PVe,dupv,medium
3b7d33b4-fae5-4a1e-934a-83a66aa49b03,RenewableFix,load_565~1-Distributed_PV~new,565,pr84,True,True,0.5970394915502457,0.5970394915502457,,PVe,dupv,medium
11623ffd-a451-4f89-bc71-4d7ea69129dc,RenewableFix,load_287~1-Distributed_PV~new,287,pr8,True,True,0.005222068690502794,0.005222068690502794,,PVe,dupv,medium
2cd3edd2-5629-4280-b205-e802b1f186fd,RenewableFix,load_1046~1-Distributed_PV~new,1046,pr93,True,True,0.011404372727466468,0.011404372727466468,,PVe,dupv,medium
99d35889-4451-42aa-9b87-c0ec543ce82c,RenewableFix,load_70~1-Distributed_PV~new,70,pr29,True,True,5.455191192512275,5.455191192512275,,PVe,dupv,medium
0d1cf652-b597-4f7e-82a6-83a1b7e6e7e9,RenewableFix,load_187~1-Distributed_PV~new,187,pr84,True,True,8.402686199600426,8.402686199600426,,PVe,dupv,medium
ed52c96d-4093-4340-a4aa-5676bb417238,RenewableFix,load_925~1-Distributed_PV~new,925,pr3,True,True,0.3694388680851778,0.3694388680851778,,PVe,dupv,medium
b91828b0-b812-4326-ba05-65f05faf1b9a,RenewableFix,load_502~1-Distributed_PV~new,502,pr335,True,True,0.4267061200313253,0.4267061200313253,,PVe,dupv,medium
42dedb10-8693-41cd-8eda-8f4785829acb,RenewableFix,load_457~1-Distributed_PV~new,457,pr63,True,True,0.036196209847240195,0.036196209847240195,,PVe,dupv,medium
afb7f171-f153-4ab0-a0f9-ba22730fbb2e,RenewableFix,load_674~1-Distributed_PV~new,674,pr231,True,True,0.6391085165498409,0.6391085165498409,,PVe,dupv,medium
96de1db3-4731-4748-a26a-0503c2b603ad,RenewableFix,load_667~1-Distributed_PV~new,667,pr335,True,True,0.14617640383944647,0.14617640383944647,,PVe,dupv,medium
88d9800c-488c-4462-aa2e-0df22db549f9,RenewableFix,load_1047~1-Distributed_PV~new,1047,pr87,True,True,1.2098005223626649,1.2098005223626649,,PVe,dupv,medium
2153eb24-a2ec-4025-9595-311acf1d9a4f,RenewableFix,load_1031~1-Distributed_PV~new,1031,pr87,True,True,0.27315511849835916,0.27315511849835916,,PVe,dupv,medium
169faddb-6634-47e1-bf98-bb8794fd4250,RenewableFix,load_945~1-Distributed_PV~new,945,pr87,True,True,0.5117975717935358,0.5117975717935358,,PVe,dupv,medium
1536b109-4a0e-47a3-9fc9-e2a9c958078c,RenewableFix,load_571~1-Distributed_PV~new,571,pr234,True,True,3.292225903580586,3.292225903580586,,PVe,dupv,medium
1bf27b88-873f-41c9-a6e1-7c9d59ee605e,RenewableFix,load_673~1-Distributed_PV~new,673,pr116,True,True,0.020289995791747676,0.020289995791747676,,PVe,dupv,medium
de73a96c-90bc-4f29-8656-1cccb16e3203,RenewableFix,load_152~1-Distributed_PV~new,152,pr45,True,True,2.2194741737202763,2.2194741737202763,,PVe,dupv,medium
80b36024-6239-4c9c-b89f-d7d281d73f20,RenewableFix,load_768~1-Distributed_PV~new,768,pr14,True,True,0.10424640787444046,0.10424640787444046,,PVe,dupv,medium
109b72e4-0e9a-4cee-9250-26f8fe08076f,RenewableFix,load_180~1-Distributed_PV~new,180,pr211,True,True,1.5567683085393076,1.5567683085393076,,PVe,dupv,medium
39300b46-ffb2-477b-95e9-db34c39993e4,RenewableFix,load_583~1-Distributed_PV~new,583,pr583,True,True,7.93396382,7.93396382,,PVe,dupv,medium
22424961-6256-4e32-b28d-3df9f55b40de,RenewableFix,load_83~1-Distributed_PV~new,83,pr83,True,True,2.84027511,2.84027511,,PVe,dupv,medium
d892c1ba-1f11-4f93-9dcf-5284d3d107bd,RenewableFix,load_401~1-Distributed_PV~new,401,pr32,True,True,0.7436689826809878,0.7436689826809878,,PVe,dupv,medium
1735c74e-7583-4e56-8fec-8b84a7e9ce92,RenewableFix,load_902~1-Distributed_PV~new,902,pr902,True,True,0.38040249,0.38040249,,PVe,dupv,medium
89d6a9e2-ab37-463a-be75-c034d3f7cc3f,RenewableFix,load_529~1-Distributed_PV~new,529,pr86,True,True,0.4438321443345384,0.4438321443345384,,PVe,dupv,medium
6d99e309-90d0-4798-ba49-8b3e405d2e6a,RenewableFix,load_172~1-Distributed_PV~new,172,pr45,True,True,0.18011541687313676,0.18011541687313676,,PVe,dupv,medium
6b90c996-ee62-4702-9a04-3f2b0ceb32e0,RenewableFix,load_281~1-Distributed_PV~new,281,pr281,True,True,1.81724528,1.81724528,,PVe,dupv,medium
ac9f0762-93f6-402b-b783-5f6f0fc532b9,RenewableFix,load_1015~1-Distributed_PV~new,1015,pr32,True,True,1.038788147387022,1.038788147387022,,PVe,dupv,medium
658dd23d-2b1a-49ce-ad59-cc36819edfd8,RenewableFix,load_1073~1-Distributed_PV~new,1073,pr29,True,True,0.11389419081266525,0.11389419081266525,,PVe,dupv,medium
37559964-eb0e-4771-8b02-70a0ce744a5d,RenewableFix,load_698~1-Distributed_PV~new,698,pr16,True,True,0.030811165848555158,0.030811165848555158,,PVe,dupv,medium
b54f332c-79ea-49b6-a48e-62eb95d15060,RenewableFix,load_724~1-Distributed_PV~new,724,pr87,True,True,0.32197791317603197,0.32197791317603197,,PVe,dupv,medium
e48c8c8e-96d1-4bb1-95ef-6fcb0f39efe5,RenewableFix,load_736~1-Distributed_PV~new,736,pr45,True,True,0.10682169745289931,0.10682169745289931,,PVe,dupv,medium
7957998a-4a76-4f8e-a914-b78a87963e92,RenewableFix,load_909~1-Distributed_PV~new,909,pr87,True,True,0.19033408844689328,0.19033408844689328,,PVe,dupv,medium
8f2bb387-9608-42c0-897a-292d8ddfdf6a,RenewableFix,load_304~1-Distributed_PV~new,304,pr213,True,True,1.0195601058898747,1.0195601058898747,,PVe,dupv,medium
fa062c25-3daf-4268-b8be-10fb3f048c9a,RenewableFix,load_166~1-Distributed_PV~new,166,pr45,True,True,1.105837213639879,1.105837213639879,,PVe,dupv,medium
9260efb0-f9e7-4c82-874d-153920697012,RenewableFix,load_473~1-Distributed_PV~new,473,pr14,True,True,0.37892357094825685,0.37892357094825685,,PVe,dupv,medium
77f85bc2-5cf7-497f-8af5-48e337b1f6c3,RenewableFix,load_871~SL-Distributed_PV~new,871,pr321,True,True,6.95052104,6.95052104,,PVe,dupv,medium
aab6a7e6-54a1-4dc8-8555-5d7502775486,RenewableFix,load_498~1-Distributed_PV~new,498,pr45,True,True,0.3972675536660743,0.3972675536660743,,PVe,dupv,medium
0afe9baa-f80f-4146-915e-f46392035e0f,RenewableFix,load_615~1-Distributed_PV~new,615,pr101,True,True,0.09855333850032531,0.09855333850032531,,PVe,dupv,medium
1e18e119-448d-45b3-a8b9-27ce6dd5e0d5,RenewableFix,load_67~1-Distributed_PV~new,67,pr50,True,True,2.871730810103192,2.871730810103192,,PVe,dupv,medium
5e18f97b-6e32-4184-980d-7b3ede4397f8,RenewableFix,load_443~SL-Distributed_PV~new,443,pr45,True,True,0.3831729776991958,0.3831729776991958,,PVe,dupv,medium
c0f3abdc-90cc-4bed-bcae-9dadfdc8ebbb,RenewableFix,load_279~1-Distributed_PV~new,279,pr3,True,True,0.7378536506039379,0.7378536506039379,,PVe,dupv,medium
741bdb41-35b9-4a4a-9479-ca5c4d260570,RenewableFix,load_566~1-Distributed_PV~new,566,pr85,True,True,0.42943205953697067,0.42943205953697067,,PVe,dupv,medium
cab698e1-0a3d-4600-bcdb-1ead5170fc8a,RenewableFix,load_293~1-Distributed_PV~new,293,pr231,True,True,1.829680037369915,1.829680037369915,,PVe,dupv,medium
4fa5c1dd-b6d8-4b96-b4a8-6cbf6cd00ed5,RenewableFix,load_715~1-Distributed_PV~new,715,pr10,True,True,0.47164467759002415,0.47164467759002415,,PVe,dupv,medium
4a4db909-3bd6-4242-8d85-8221d2dc3071,RenewableFix,load_775~1-Distributed_PV~new,775,pr41,True,True,0.03257569180254696,0.03257569180254696,,PVe,dupv,medium
2f4e5bf6-5b0f-44c2-a2bc-50185e33fdef,RenewableFix,load_520~1-Distributed_PV~new,520,pr85,True,True,0.7711324112236009,0.7711324112236009,,PVe,dupv,medium
c31628d9-0543-40cd-b296-f741d93a3ea6,RenewableFix,load_20~1-Distributed_PV~new,20,pr234,True,True,3.3632504040146842,3.3632504040146842,,PVe,dupv,medium
dc5eb17b-a1d4-4ae9-b8af-68c4010a938b,RenewableFix,load_1169~1-Distributed_PV~new,1169,pr38,True,True,0.0858447992259745,0.0858447992259745,,PVe,dupv,medium
246cb7a1-c9ab-4f54-8e80-6c3524514c21,RenewableFix,load_617~1-Distributed_PV~new,617,pr14,True,True,0.043153164189884664,0.043153164189884664,,PVe,dupv,medium
2f149cb8-8090-4b4d-ae2d-7573023ba355,RenewableFix,load_568~1-Distributed_PV~new,568,pr84,True,True,0.029006570688878887,0.029006570688878887,,PVe,dupv,medium
458dc74e-4ffe-413b-8c0f-9b91755ea36a,RenewableFix,load_594~1-Distributed_PV~new,594,pr93,True,True,0.20659459825525797,0.20659459825525797,,PVe,dupv,medium
45a131f4-9b93-4bad-b8a4-2f0462c970d1,RenewableFix,load_365~1-Distributed_PV~new,365,pr3,True,True,0.09882425715930604,0.09882425715930604,,PVe,dupv,medium
e085b8ad-18d1-4d77-aed5-83c970eb532c,RenewableFix,load_600~1-Distributed_PV~new,600,pr10,True,True,0.3690069757310553,0.3690069757310553,,PVe,dupv,medium
f3a49bb8-ae6a-47c9-8542-732873389852,RenewableFix,load_60~1-Distributed_PV~new,60,pr86,True,True,0.9356689039007062,0.9356689039007062,,PVe,dupv,medium
a4968a17-8224-4a8f-9373-57280f6f64ec,RenewableFix,load_771~1-Distributed_PV~new,771,pr103,True,True,0.0890258263677468,0.0890258263677468,,PVe,dupv,medium
371840fc-46a1-407a-b84d-d65c077171ea,RenewableFix,load_1099~1-Distributed_PV~new,1099,pr2,True,True,0.19988694407071902,0.19988694407071902,,PVe,dupv,medium
8f2741ca-2f81-422b-bd45-146be7ed34d6,RenewableFix,load_683~1-Distributed_PV~new,683,pr85,True,True,0.11702767442347004,0.11702767442347004,,PVe,dupv,medium
66be74d3-67bf-48cb-83cb-f2a3d39aa7e0,RenewableFix,load_158~1-Distributed_PV~new,158,pr84,True,True,0.3232160733903647,0.3232160733903647,,PVe,dupv,medium
084a18d1-3081-4d92-b6f4-a489bc2dc518,RenewableFix,load_242~1-Distributed_PV~new,242,pr87,True,True,3.7401490566046594,3.7401490566046594,,PVe,dupv,medium
4fd137c5-6f27-4d85-81f3-f1b9d1888a06,RenewableFix,load_516~1-Distributed_PV~new,516,pr231,True,True,2.472627043508644,2.472627043508644,,PVe,dupv,medium
c92eaef8-8a26-4e39-87ce-c5ac3c68de83,RenewableFix,load_167~1-Distributed_PV~new,167,pr167,True,True,0.69188057,0.69188057,,PVe,dupv,medium
f6583944-bed7-49c7-a580-8eb222a6174a,RenewableFix,load_764~1-Distributed_PV~new,764,pr14,True,True,0.06109324368455581,0.06109324368455581,,PVe,dupv,medium
d10dab00-50a7-4b94-b213-f65c9ccbd939,RenewableFix,load_730~1-Distributed_PV~new,730,pr3,True,True,0.07859856722255688,0.07859856722255688,,PVe,dupv,medium
ebe56add-05b9-41e1-89e5-43ae341e15a7,RenewableFix,load_41~1-Distributed_PV~new,41,pr41,True,True,6.409835542822091,6.409835542822091,,PVe,dupv,medium
6bdf4a05-ae51-4c20-ab38-64be26513df6,RenewableFix,load_785~1-Distributed_PV~new,785,pr234,True,True,0.14578713246999192,0.14578713246999192,,PVe,dupv,medium
a774c692-6c59-48e1-a810-21f1339d0f5e,RenewableFix,load_635~1-Distributed_PV~new,635,pr169,True,True,0.14724144071833653,0.14724144071833653,,PVe,dupv,medium
a5a7c45f-50d2-43ed-a7d2-e4eca129cf1e,RenewableFix,load_464~1-Distributed_PV~new,464,pr103,True,True,0.1599217732016363,0.1599217732016363,,PVe,dupv,medium
9a506625-7c63-4155-bf80-8bc60edb6edd,RenewableFix,load_748~1-Distributed_PV~new,748,pr93,True,True,0.005702186363733234,0.005702186363733234,,PVe,dupv,medium
f764e6e7-bff4-4cac-a796-629c626dd6d0,RenewableFix,load_740~1-Distributed_PV~new,740,pr45,True,True,0.3937588117789353,0.3937588117789353,,PVe,dupv,medium
96b0cf6f-5e6c-4feb-95fd-151b9eef67a9,RenewableFix,load_1175~1-Distributed_PV~new,1175,pr2,True,True,0.004604441801087025,0.004604441801087025,,PVe,dupv,medium
0f861e20-5281-4d2d-8574-8c68e2e81e96,RenewableFix,load_497~1-Distributed_PV~new,497,pr2,True,True,0.04335891133380078,0.04335891133380078,,PVe,dupv,medium
650e6181-533a-457c-bd2b-369d37d17299,RenewableFix,load_65~1-Distributed_PV~new,65,pr87,True,True,3.8108835496426665,3.8108835496426665,,PVe,dupv,medium
de162386-8654-4f55-8181-865a95032318,RenewableFix,load_333~1-Distributed_PV~new,333,pr100,True,True,5.168377381268197,5.168377381268197,,PVe,dupv,medium
e2d894f3-f89e-4922-b0f2-417815203ed8,RenewableFix,load_931~1-Distributed_PV~new,931,pr10,True,True,0.06647013072771325,0.06647013072771325,,PVe,dupv,medium
bc021f89-20a2-4e3c-aafb-e2b5a924e375,RenewableFix,load_987~1-Distributed_PV~new,987,pr100,True,True,0.23519909738428812,0.23519909738428812,,PVe,dupv,medium
73c2584e-b9ee-4c65-9b06-6b21f855f8f3,RenewableFix,load_289~1-Distributed_PV~new,289,pr8,True,True,0.030382945108379893,0.030382945108379893,,PVe,dupv,medium
07997228-f299-4cd5-972d-e6876ccf72a6,RenewableFix,load_693~1-Distributed_PV~new,693,pr313,True,True,0.22408283671893325,0.22408283671893325,,PVe,dupv,medium
66f324e1-718f-4994-8636-a1bf99e63db3,RenewableFix,load_700~1-Distributed_PV~new,700,pr313,True,True,0.3397931176443269,0.3397931176443269,,PVe,dupv,medium
f2381452-5d48-4782-8805-62c117012bb9,RenewableFix,load_1127~1-Distributed_PV~new,1127,pr38,True,True,2.3688524326951343,2.3688524326951343,,PVe,dupv,medium
6878db09-b2a2-483c-9f1f-8e297ca33918,RenewableFix,load_501~1-Distributed_PV~new,501,pr50,True,True,3.148579987247403,3.148579987247403,,PVe,dupv,medium
506d6d9b-bf28-4e9e-b92d-220bf590d1c8,RenewableFix,load_59~1-Distributed_PV~new,59,pr392,True,True,3.085013812253765,3.085013812253765,,PVe,dupv,medium
dbeff181-e105-43c7-b58a-2d1b76109d76,RenewableFix,load_35~1-Distributed_PV~new,35,pr35,True,True,5.041575557804357,5.041575557804357,,PVe,dupv,medium
5ec7545f-7cd4-4641-a00b-5abdb69ae7c4,RenewableFix,load_824~1-Distributed_PV~new,824,pr106,True,True,0.021599751597154253,0.021599751597154253,,PVe,dupv,medium
d01062fc-c03e-4bc7-9887-de11f8e47626,RenewableFix,load_6~1-Distributed_PV~new,6,pr213,True,True,4.957342492171191,4.957342492171191,,PVe,dupv,medium
18e62f04-8fcc-422a-a576-4189873edda5,RenewableFix,load_630~SL-Distributed_PV~new,630,pr313,True,True,1.5014114500563283,1.5014114500563283,,PVe,dupv,medium
8447c713-a403-4533-8704-fdbeec3da2e2,RenewableFix,load_22~1-Distributed_PV~new,22,pr21,True,True,2.646424576402171,2.646424576402171,,PVe,dupv,medium
f188faf6-2555-453c-badc-08f2e44e5907,RenewableFix,load_188~1-Distributed_PV~new,188,pr85,True,True,2.2696426518484003,2.2696426518484003,,PVe,dupv,medium
9c9665c2-4285-4959-acdd-cba25eea6760,RenewableFix,load_477~1-Distributed_PV~new,477,pr10,True,True,1.8821457194593325,1.8821457194593325,,PVe,dupv,medium
ec9a7d20-d8c4-40a7-b661-58e14f031759,RenewableFix,load_151~1-Distributed_PV~new,151,pr8,True,True,0.6978582704581008,0.6978582704581008,,PVe,dupv,medium
5bc39dff-2348-45c6-818e-e3108a93d21a,RenewableFix,load_397~1-Distributed_PV~new,397,pr84,True,True,1.0964483720396216,1.0964483720396216,,PVe,dupv,medium
aac6e195-227e-48ae-ba8e-3c22ad246150,RenewableFix,load_652~1-Distributed_PV~new,652,pr296,True,True,0.008194561533028668,0.008194561533028668,,PVe,dupv,medium
e4da4156-23b2-43bb-857a-51cfe64fa976,RenewableFix,load_584~1-Distributed_PV~new,584,pr169,True,True,0.512106594404537,0.512106594404537,,PVe,dupv,medium
f311e186-be72-4d50-962a-50381b51bb59,RenewableFix,load_94~1-Distributed_PV~new,94,pr8,True,True,2.7354145267888272,2.7354145267888272,,PVe,dupv,medium
65249d34-56d4-44f6-9949-5fb1bb3acf39,RenewableFix,load_443~1-Distributed_PV~new,443,pr45,True,True,0.08199901722762792,0.08199901722762792,,PVe,dupv,medium
3a7f8fcb-b8ec-4df4-920f-33f78ca53bfa,RenewableFix,load_832~1-Distributed_PV~new,832,pr106,True,True,0.022856879996988627,0.022856879996988627,,PVe,dupv,medium
d21025bf-b128-4106-9289-b2c56ff6a582,RenewableFix,load_494~1-Distributed_PV~new,494,pr335,True,True,4.046721768055263,4.046721768055263,,PVe,dupv,medium
e449a685-ae30-4196-930a-c5f14d23aaea,RenewableFix,load_58~1-Distributed_PV~new,58,pr392,True,True,4.113351749671687,4.113351749671687,,PVe,dupv,medium
d14487ac-29f8-46b2-9756-de49873471b2,RenewableFix,load_141~1-Distributed_PV~new,141,pr87,True,True,4.69077626450572,4.69077626450572,,PVe,dupv,medium
a061acbe-1367-4c62-9108-dea0ff1eafe8,RenewableFix,load_1041~1-Distributed_PV~new,1041,pr632,True,True,0.7706004024024719,0.7706004024024719,,PVe,dupv,medium
05c350bc-3173-437d-b597-32bcdad16135,RenewableFix,load_1168~1-Distributed_PV~new,1168,pr335,True,True,0.16444845431937724,0.16444845431937724,,PVe,dupv,medium
1fd041fc-51c4-4acb-9ad4-ed272b42eb09,RenewableFix,load_759~1-Distributed_PV~new,759,pr10,True,True,0.19501163353204115,0.19501163353204115,,PVe,dupv,medium
0a936e74-e884-42ef-87c5-590a7bf6ab06,RenewableFix,load_607~1-Distributed_PV~new,607,pr87,True,True,1.0665255320105425,1.0665255320105425,,PVe,dupv,medium
4a037127-0cda-48b8-8894-a256d8845a76,RenewableFix,load_400~1-Distributed_PV~new,400,pr400,True,True,4.70666757,4.70666757,,PVe,dupv,medium
b993611f-2aba-46e7-9b51-d2cc8a5395b3,RenewableFix,load_1092~1-Distributed_PV~new,1092,pr102,True,True,0.41067268619059677,0.41067268619059677,,PVe,dupv,medium
c13d7631-7007-4c62-a583-5c2e0931786f,RenewableFix,load_54~1-Distributed_PV~new,54,pr87,True,True,3.3944316083416077,3.3944316083416077,,PVe,dupv,medium
5503d4a6-5905-47ed-aadb-1e818d511c61,RenewableFix,load_34~1-Distributed_PV~new,34,pr35,True,True,4.900952403983311,4.900952403983311,,PVe,dupv,medium
653b0098-06ae-494e-ad87-3203586749fb,RenewableFix,load_543~1-Distributed_PV~new,543,pr213,True,True,0.3982398468710855,0.3982398468710855,,PVe,dupv,medium
8a51ff82-c423-4c66-a2ec-e326537a8b1b,RenewableFix,load_911~1-Distributed_PV~new,911,pr296,True,True,0.6642415172066766,0.6642415172066766,,PVe,dupv,medium
6f3ae67c-7e6c-4043-bd0b-dc77911bd47d,RenewableFix,load_527~1-Distributed_PV~new,527,pr32,True,True,0.19335393549705684,0.19335393549705684,,PVe,dupv,medium
d9bf8038-b0f6-405b-bac7-d006d6e1d101,RenewableFix,load_995~1-Distributed_PV~new,995,pr2,True,True,0.1420599237429112,0.1420599237429112,,PVe,dupv,medium
45003622-b5d2-4b19-92e3-d13272337478,RenewableFix,load_630~1-Distributed_PV~new,630,pr313,True,True,0.46171224291205887,0.46171224291205887,,PVe,dupv,medium
44c42736-2fa7-4652-a4d1-e034baa3742e,RenewableFix,load_318~1-Distributed_PV~new,318,pr87,True,True,0.4341470026299712,0.4341470026299712,,PVe,dupv,medium
85105ce3-e25b-4e48-893a-c917ead2f184,RenewableFix,load_1034~1-Distributed_PV~new,1034,pr14,True,True,0.013429553697087801,0.013429553697087801,,PVe,dupv,medium
46f90c75-1538-4fc9-ac3d-f516a43e6569,RenewableFix,load_1024~1-Distributed_PV~new,1024,pr101,True,True,0.37440118308200665,0.37440118308200665,,PVe,dupv,medium
cf5c8098-d4df-43b3-8cea-fd6a0509127a,RenewableFix,load_269~1-Distributed_PV~new,269,pr41,True,True,2.0363595247731685,2.0363595247731685,,PVe,dupv,medium
b77f1303-ffe3-4e91-bd6f-2460aaaf3cb2,RenewableFix,load_317~1-Distributed_PV~new,317,pr169,True,True,0.019430688657844992,0.019430688657844992,,PVe,dupv,medium
11fd9531-3926-4acc-b64a-1624730ddafd,RenewableFix,load_51~1-Distributed_PV~new,51,pr84,True,True,3.0597788280954523,3.0597788280954523,,PVe,dupv,medium
2b9de21e-2be6-4a7a-a2a9-0678939c8b45,RenewableFix,load_1203~1-Distributed_PV~new,1203,pr85,True,True,0.08380371600663747,0.08380371600663747,,PVe,dupv,medium
4eee2d0d-3c46-42bc-8d2a-c817169e2f57,RenewableFix,load_703~1-Distributed_PV~new,703,pr169,True,True,0.08635861625708888,0.08635861625708888,,PVe,dupv,medium
ec03dadf-d679-414d-8509-b3a0c3f8fbb6,RenewableFix,load_943~1-Distributed_PV~new,943,pr21,True,True,8.998552107177394,8.998552107177394,,PVe,dupv,medium
ef007475-2391-4ee2-81a9-c17aaaefc2a2,RenewableFix,load_328~1-Distributed_PV~new,328,pr29,True,True,0.17330079532292583,0.17330079532292583,,PVe,dupv,medium
b1bb64a5-2411-48cc-bff7-4e0321860b53,RenewableFix,load_173~1-Distributed_PV~new,173,pr85,True,True,0.6967113668007434,0.6967113668007434,,PVe,dupv,medium
d9007166-d15b-4722-b61f-02626fa4976f,RenewableFix,load_140~1-Distributed_PV~new,140,pr87,True,True,1.2632793480988493,1.2632793480988493,,PVe,dupv,medium
f99b6213-754c-4a7c-ab5e-68aacd31e891,RenewableFix,load_716~1-Distributed_PV~new,716,pr153,True,True,0.1303020828513394,0.1303020828513394,,PVe,dupv,medium
bd23c44e-6b1c-4dcd-99fb-622534f52851,RenewableFix,load_961~1-Distributed_PV~new,961,pr8,True,True,4.223863228808055,4.223863228808055,,PVe,dupv,medium
dc864051-a49c-45a6-9521-795e10af0919,RenewableFix,load_822~1-Distributed_PV~new,822,pr106,True,True,0.022856879996988627,0.022856879996988627,,PVe,dupv,medium
92ac5eac-76b6-4e54-a439-e3bf7996f5b7,RenewableFix,load_923~1-Distributed_PV~new,923,pr21,True,True,0.6093507726120125,0.6093507726120125,,PVe,dupv,medium
39ef9b4f-6bfd-4f24-8c04-c7ec2dacce89,RenewableFix,load_90~1-Distributed_PV~new,90,pr378,True,True,2.007780079862888,2.007780079862888,,PVe,dupv,medium
44b29711-a2b1-4270-9f44-a7a67d60a436,RenewableFix,load_1187~1-Distributed_PV~new,1187,pr86,True,True,0.502364087467841,0.502364087467841,,PVe,dupv,medium
fdf897b5-d6db-4e45-96d1-5726f1982b09,RenewableFix,load_115~1-Distributed_PV~new,115,pr116,True,True,1.7455193522557786,1.7455193522557786,,PVe,dupv,medium
9a42bb43-3037-4836-95c4-607756c1d810,RenewableFix,load_1085~1-Distributed_PV~new,1085,pr18,True,True,0.4538470435816519,0.4538470435816519,,PVe,dupv,medium
e2ebaef0-5a41-43ee-9101-0447f36314ef,RenewableFix,load_171~1-Distributed_PV~new,171,pr86,True,True,0.47499303492349076,0.47499303492349076,,PVe,dupv,medium
0f84fc6c-e0a9-4233-b957-67532e081702,RenewableFix,load_947~1-Distributed_PV~new,947,pr87,True,True,0.16582914743968186,0.16582914743968186,,PVe,dupv,medium
856bdbd6-127b-4151-b484-f00ed5e37b6e,RenewableFix,load_285~1-Distributed_PV~new,285,pr14,True,True,2.38455155445491,2.38455155445491,,PVe,dupv,medium
29ddea27-97dd-4b2b-984c-ea0628a9be97,RenewableFix,load_772~1-Distributed_PV~new,772,pr275,True,True,0.002175262316624481,0.002175262316624481,,PVe,dupv,medium
e75325f1-b6c9-45dd-8bb1-d6d051551319,RenewableFix,load_144~1-Distributed_PV~new,144,pr87,True,True,0.4250950226245651,0.4250950226245651,,PVe,dupv,medium
5fc5a332-1a2b-4173-bd14-80246069d862,RenewableFix,load_912~1-Distributed_PV~new,912,pr153,True,True,0.8387512223876136,0.8387512223876136,,PVe,dupv,medium
aab4388d-ff7a-4bd4-b5ed-2e0a3e8ba06f,RenewableFix,load_691~1-Distributed_PV~new,691,pr85,True,True,0.5077810958035311,0.5077810958035311,,PVe,dupv,medium
36342e52-5f3c-4c95-829a-dfcb8588ee1b,RenewableFix,load_233~SL-Distributed_PV~new,233,pr233,True,True,4.82025333,4.82025333,,PVe,dupv,medium
2a770b43-2afb-43ac-8846-f80234e85b1a,RenewableFix,load_23~1-Distributed_PV~new,23,pr23,True,True,4.19752519574133,4.19752519574133,,PVe,dupv,medium
05c86d68-e705-4656-97ec-4ba6b1da40f1,RenewableFix,load_454~1-Distributed_PV~new,454,pr21,True,True,0.5358400088054853,0.5358400088054853,,PVe,dupv,medium
4453cd7e-7b94-4593-8221-4891fff598f4,RenewableFix,load_538~1-Distributed_PV~new,538,pr87,True,True,0.8638368541029409,0.8638368541029409,,PVe,dupv,medium
79ebd1c7-2fbf-43d3-9f92-5f32ff15a7e9,RenewableFix,load_1009~1-Distributed_PV~new,1009,pr10,True,True,0.19794413929944027,0.19794413929944027,,PVe,dupv,medium
35f7bf95-3bc4-4c5e-b5f8-ede5ca6e28fd,RenewableFix,load_917~1-Distributed_PV~new,917,pr45,True,True,0.002175262316624481,0.002175262316624481,,PVe,dupv,medium
6373627c-d041-47d1-af82-557063b67569,RenewableFix,load_669~1-Distributed_PV~new,669,pr116,True,True,0.013333425806005614,0.013333425806005614,,PVe,dupv,medium
61cc5b11-d80e-416d-bce6-68e0d942b0c0,RenewableFix,load_770~1-Distributed_PV~new,770,pr3,True,True,0.22094646095461434,0.22094646095461434,,PVe,dupv,medium
59b38ad2-bfae-4558-b3f8-c57576ccc386,RenewableFix,load_900~1-Distributed_PV~new,900,pr87,True,True,0.3023448573116579,0.3023448573116579,,PVe,dupv,medium
07ba5a18-0606-45ef-933b-1e3e698d258b,RenewableFix,load_745~1-Distributed_PV~new,745,pr153,True,True,0.24253707018127466,0.24253707018127466,,PVe,dupv,medium
afa2027a-137f-436b-97f0-02f43d5bd72d,RenewableFix,load_73~1-Distributed_PV~new,73,pr29,True,True,0.5558490574877252,0.5558490574877252,,PVe,dupv,medium
20fcffd7-a6e0-4cc9-a1f1-8cf3aaabb936,RenewableFix,load_210~1-Distributed_PV~new,210,pr10,True,True,2.670046501216894,2.670046501216894,,PVe,dupv,medium
7e3ebf13-95ad-4cee-82e9-e91d2fa462f2,RenewableFix,load_193~1-Distributed_PV~new,193,pr313,True,True,4.980622043344753,4.980622043344753,,PVe,dupv,medium
90dbd918-f275-48a3-baca-2f97824a24e1,RenewableFix,load_787~1-Distributed_PV~new,787,pr234,True,True,0.2910402461397274,0.2910402461397274,,PVe,dupv,medium
48ff00ca-6536-46b0-ac20-027ef13c4f00,RenewableFix,load_970~1-Distributed_PV~new,970,pr50,True,True,0.2587296723996126,0.2587296723996126,,PVe,dupv,medium
5f1ccb6b-78c2-44d2-a44b-eb1b471dfe56,RenewableFix,load_512~1-Distributed_PV~new,512,pr38,True,True,0.35555987787515114,0.35555987787515114,,PVe,dupv,medium
2b4e34a1-42f4-4da3-a473-d58f43fbdbae,RenewableFix,load_366~1-Distributed_PV~new,366,pr3,True,True,0.12212220379530823,0.12212220379530823,,PVe,dupv,medium
a23e5b6d-0f71-4819-88fd-30a80e2ffb12,RenewableFix,load_495~1-Distributed_PV~new,495,pr84,True,True,0.21490575394756092,0.21490575394756092,,PVe,dupv,medium
6594f0cd-fa64-488a-91b8-34eb5414be2f,RenewableFix,load_66~1-Distributed_PV~new,66,pr87,True,True,4.564008276482417,4.564008276482417,,PVe,dupv,medium
51227f3f-9497-43e2-835d-013f554d922f,RenewableFix,load_714~1-Distributed_PV~new,714,pr169,True,True,0.5375823862003782,0.5375823862003782,,PVe,dupv,medium
fded30f0-8d0d-4708-97c9-f265fec2a9d5,RenewableFix,load_767~1-Distributed_PV~new,767,pr14,True,True,2.570764904885039,2.570764904885039,,PVe,dupv,medium
31359eb1-d9c5-4a95-b98d-4df141717603,RenewableFix,load_907~1-Distributed_PV~new,907,pr87,True,True,0.1465404043794665,0.1465404043794665,,PVe,dupv,medium
806ffea1-781a-4982-a8e0-e70dd6f5cdce,RenewableFix,load_465~1-Distributed_PV~new,465,pr63,True,True,0.6330017591590714,0.6330017591590714,,PVe,dupv,medium
563f0ae2-8788-4908-83c5-7b6d9738a82e,RenewableFix,load_805~1-Distributed_PV~new,805,pr96,True,True,2.076775656646342,2.076775656646342,,PVe,dupv,medium
ae350b35-dcc7-42f9-ae5e-ba6056ae669d,RenewableFix,load_97101~1-Distributed_PV~new,97101,pr100,True,True,0.07094172310895001,0.07094172310895001,,PVe,dupv,medium
7cfc62f1-045b-46e7-b796-1b204344ec2b,RenewableFix,load_645~1-Distributed_PV~new,645,pr275,True,True,0.2681010805239673,0.2681010805239673,,PVe,dupv,medium
725ae4c8-0216-4a2e-b3e5-487398106ac0,RenewableFix,load_216~1-Distributed_PV~new,216,pr169,True,True,3.003984466502836,3.003984466502836,,PVe,dupv,medium
f9a0ab9a-97c7-4feb-afef-79695f9d39a1,RenewableFix,load_314~1-Distributed_PV~new,314,pr169,True,True,1.380874273950851,1.380874273950851,,PVe,dupv,medium
06393ae0-fd6d-4328-b7e6-2b285cfeeb9a,RenewableFix,load_750~1-Distributed_PV~new,750,pr21,True,True,0.02312338627210393,0.02312338627210393,,PVe,dupv,medium
09a53fa5-57f4-474c-b249-e1c770825cae,RenewableFix,load_692~1-Distributed_PV~new,692,pr313,True,True,2.291628002717554,2.291628002717554,,PVe,dupv,medium
ca6e321b-23e2-4856-88c4-5e8050151f4a,RenewableFix,load_466~SL-Distributed_PV~new,466,pr103,True,True,0.06764880423081063,0.06764880423081063,,PVe,dupv,medium
ec17eda5-ec05-4ef3-8b46-965826ee2ccf,RenewableFix,load_808~1-Distributed_PV~new,808,pr106,True,True,1.173700787845366,1.173700787845366,,PVe,dupv,medium
b8323763-85f0-4cf6-b281-92373e7a3df8,RenewableFix,load_659~1-Distributed_PV~new,659,pr87,True,True,0.23906333945619104,0.23906333945619104,,PVe,dupv,medium
8c678803-8ee7-461c-b657-ee606859c91b,RenewableFix,load_382~1-Distributed_PV~new,382,pr35,True,True,1.3638427406471954,1.3638427406471954,,PVe,dupv,medium
2ba15c11-bf92-4aa3-893b-7b15d3936d90,RenewableFix,load_259~1-Distributed_PV~new,259,pr50,True,True,11.207124376449666,11.207124376449666,,PVe,dupv,medium
f07a8aed-c111-42b8-b51d-c64d1c152cdd,RenewableFix,load_754~1-Distributed_PV~new,754,pr84,True,True,0.30249709432687966,0.30249709432687966,,PVe,dupv,medium
74bb430e-09ad-471e-8647-ec2c094ae088,RenewableFix,load_589~1-Distributed_PV~new,589,pr40,True,True,0.17628009379931547,0.17628009379931547,,PVe,dupv,medium
033ac3ac-faac-4d60-861c-5fce5052a901,RenewableFix,load_310~1-Distributed_PV~new,310,pr310,True,True,10.892981540000001,10.892981540000001,,PVe,dupv,medium
9d7bb6cd-8c21-4ba7-b4f4-868ff28c90e5,RenewableFix,load_215~1-Distributed_PV~new,215,pr353,True,True,5.260560329221072,5.260560329221072,,PVe,dupv,medium
1c74bb46-112c-4f07-8dad-e503d092c762,RenewableFix,load_359~1-Distributed_PV~new,359,pr275,True,True,2.624453985007436,2.624453985007436,,PVe,dupv,medium
befd617d-ef7c-4c9e-8453-44e413351af8,RenewableFix,load_27~1-Distributed_PV~new,27,pr169,True,True,4.504958779933462,4.504958779933462,,PVe,dupv,medium
925add97-eec1-4764-8157-31504e6a0e65,RenewableFix,load_453~1-Distributed_PV~new,453,pr21,True,True,0.289795890695713,0.289795890695713,,PVe,dupv,medium
771c9b6f-ffe3-4e01-951b-bfc470c87717,RenewableFix,load_654~1-Distributed_PV~new,654,pr21,True,True,0.07439747805146665,0.07439747805146665,,PVe,dupv,medium
11b4dd66-183b-4dce-b8e8-55acc0f9b07f,RenewableFix,load_769~1-Distributed_PV~new,769,pr14,True,True,0.005818404160433888,0.005818404160433888,,PVe,dupv,medium
116ce77b-4be7-4bca-95ce-15301a1c17f5,RenewableFix,load_1173~1-Distributed_PV~new,1173,pr82,True,True,0.2120894509619465,0.2120894509619465,,PVe,dupv,medium
655b274e-551f-474d-8de7-cffeb13449f0,RenewableFix,load_1149~1-Distributed_PV~new,1149,pr296,True,True,0.1108675972115643,0.1108675972115643,,PVe,dupv,medium
7d3b1caf-512e-42fb-88b8-ed5c2af3ecc9,RenewableFix,load_650~1-Distributed_PV~new,650,pr10,True,True,0.4203258266605397,0.4203258266605397,,PVe,dupv,medium
4516cfa3-585b-4bd8-a0d0-985a633082e7,RenewableFix,load_185~1-Distributed_PV~new,185,pr185,True,True,0.68903311,0.68903311,,PVe,dupv,medium
876082a1-fd5d-48ae-875d-35cd6190fec9,RenewableFix,load_1036~1-Distributed_PV~new,1036,pr231,True,True,0.017273203149995697,0.017273203149995697,,PVe,dupv,medium
bd72bf2f-9113-4cc4-92e5-0e5150a1118f,RenewableFix,load_500~1-Distributed_PV~new,500,pr392,True,True,0.06182481544164841,0.06182481544164841,,PVe,dupv,medium
2e7534c5-2791-4c9b-b7b3-081c9d7f5b63,RenewableFix,load_966~1-Distributed_PV~new,966,pr234,True,True,0.12068824885794201,0.12068824885794201,,PVe,dupv,medium
acfe57be-466d-42d1-9fe0-8e7dee2f94ce,RenewableFix,load_331~1-Distributed_PV~new,331,pr335,True,True,0.15776882019908828,0.15776882019908828,,PVe,dupv,medium
b4345960-5e19-42e9-af2c-1645742881a8,RenewableFix,load_7~1-Distributed_PV~new,7,pr296,True,True,2.9432936894513553,2.9432936894513553,,PVe,dupv,medium
d3262984-6347-4116-9995-5f19bf0fba86,RenewableFix,load_1004~SL-Distributed_PV~new,1004,pr296,True,True,0.004820330313546274,0.004820330313546274,,PVe,dupv,medium
8e4a5c28-1042-4936-b294-98386f799bee,RenewableFix,load_71~1-Distributed_PV~new,71,pr29,True,True,2.3297227004437873,2.3297227004437873,,PVe,dupv,medium
8ab30487-a697-485d-b7e0-984ba0c392b3,RenewableFix,load_733~1-Distributed_PV~new,733,pr45,True,True,0.1633514278568059,0.1633514278568059,,PVe,dupv,medium
09fb34e2-1fa4-4760-b73c-3d4f9d1f9726,RenewableFix,load_960~1-Distributed_PV~new,960,pr21,True,True,0.28271041659557333,0.28271041659557333,,PVe,dupv,medium
e58f15a8-d448-404a-93f8-ee22c6e89f44,RenewableFix,load_175~1-Distributed_PV~new,175,pr175,True,True,10.760428610000002,10.760428610000002,,PVe,dupv,medium
86823bed-36fa-4f80-9f92-fb445aa32d3f,RenewableFix,load_206~1-Distributed_PV~new,206,pr116,True,True,10.70558149389155,10.70558149389155,,PVe,dupv,medium
7f656fb0-a2b3-4638-9784-52fac09df723,RenewableFix,load_307~1-Distributed_PV~new,307,pr234,True,True,0.9409411260517425,0.9409411260517425,,PVe,dupv,medium
c638cb8c-7ed6-4829-9c06-4bfa8025921f,RenewableFix,load_795~1-Distributed_PV~new,795,pr103,True,True,0.01190618954462267,0.01190618954462267,,PVe,dupv,medium
46a7c06d-8182-4087-935f-536021b4aec5,RenewableFix,load_564~1-Distributed_PV~new,564,pr84,True,True,0.014088905763169743,0.014088905763169743,,PVe,dupv,medium
1c05bccd-6e9b-4c0d-b0fa-90b7280404c2,RenewableFix,load_586~1-Distributed_PV~new,586,pr40,True,True,0.015543735725791345,0.015543735725791345,,PVe,dupv,medium
ca532abc-9315-4ad5-89bb-b7b189b7a8c9,RenewableFix,load_147~1-Distributed_PV~new,147,pr86,True,True,0.10358890655246343,0.10358890655246343,,PVe,dupv,medium
8e26812b-2979-4284-972e-d4ea5d32d474,RenewableFix,load_202~1-Distributed_PV~new,202,pr45,True,True,5.70521430848806,5.70521430848806,,PVe,dupv,medium
15b084d2-94f4-4aff-9c4d-b31e0f60cd4e,RenewableFix,load_550~1-Distributed_PV~new,550,pr85,True,True,0.3654635425851586,0.3654635425851586,,PVe,dupv,medium
88ba3f40-35a4-474d-a44f-b2b22e9b1cf8,RenewableFix,load_727~1-Distributed_PV~new,727,pr50,True,True,3.055454160536793,3.055454160536793,,PVe,dupv,medium
f042299b-ef47-4512-93b6-f25c3deceb94,RenewableFix,load_114~1-Distributed_PV~new,114,pr3,True,True,0.79446755688664,0.79446755688664,,PVe,dupv,medium
48c34de2-921e-4a06-8ae1-c42dd9101b71,RenewableFix,load_625~1-Distributed_PV~new,625,pr8,True,True,0.041539182765363135,0.041539182765363135,,PVe,dupv,medium
6ca752b3-e50d-4c0d-861e-1b000a06ad4f,RenewableFix,load_182~1-Distributed_PV~new,182,pr82,True,True,3.337155946961057,3.337155946961057,,PVe,dupv,medium
c228ca1a-78c8-48c1-aaa0-56d935089db4,RenewableFix,load_118~1-Distributed_PV~new,118,pr32,True,True,5.208031307133276,5.208031307133276,,PVe,dupv,medium
42d6550f-fb66-4d55-bc7b-146e73e8fe2a,RenewableFix,load_681~1-Distributed_PV~new,681,pr85,True,True,0.17306211175335193,0.17306211175335193,,PVe,dupv,medium
efa7c8a0-6d87-43b1-8948-f18abc17adfb,RenewableFix,load_1083~1-Distributed_PV~new,1083,pr32,True,True,0.36792044406322555,0.36792044406322555,,PVe,dupv,medium
1e7ed845-fd03-409f-ad1a-8dfbb2291cc0,RenewableFix,load_601~1-Distributed_PV~new,601,pr93,True,True,0.1688724423105612,0.1688724423105612,,PVe,dupv,medium
f6f81167-75d8-4ad6-afba-f4796b9c0c1d,RenewableFix,load_208~1-Distributed_PV~new,208,pr296,True,True,1.6053113888122905,1.6053113888122905,,PVe,dupv,medium
aafc271d-2976-44e3-96d2-d7df8c82b392,RenewableFix,load_470~1-Distributed_PV~new,470,pr21,True,True,1.8875703002772113,1.8875703002772113,,PVe,dupv,medium
7be7a738-8cb9-4f75-9a08-f4dc9e400b19,RenewableFix,load_969~1-Distributed_PV~new,969,pr63,True,True,0.2958095387837792,0.2958095387837792,,PVe,dupv,medium
874e2dd8-e921-473d-a554-8127bb86872d,RenewableFix,load_964~1-Distributed_PV~new,964,pr82,True,True,0.3184594670118798,0.3184594670118798,,PVe,dupv,medium
70f90382-21b7-439a-99c2-6755633c4d84,RenewableFix,load_207~1-Distributed_PV~new,207,pr21,True,True,3.4554041899579886,3.4554041899579886,,PVe,dupv,medium
23ef8b45-ef6e-45a3-990c-f12ce415176c,RenewableFix,load_756~1-Distributed_PV~new,756,pr8,True,True,0.30098104997988834,0.30098104997988834,,PVe,dupv,medium
ad1ea65e-75e0-4c01-906c-5c7b4f26c6ee,RenewableFix,load_951~1-Distributed_PV~new,951,pr87,True,True,1.3706580926872511,1.3706580926872511,,PVe,dupv,medium
0ad1ee31-e972-409a-9361-48967c3a125b,RenewableFix,load_704~1-Distributed_PV~new,704,pr93,True,True,0.026317783217230314,0.026317783217230314,,PVe,dupv,medium
36e7aa67-449f-49ff-8610-003864b47a13,RenewableFix,load_721~1-Distributed_PV~new,721,pr87,True,True,0.48303679979613956,0.48303679979613956,,PVe,dupv,medium
82f01d38-38b2-4a03-8633-11b1cb35d375,RenewableFix,load_5~1-Distributed_PV~new,5,pr5,True,True,1.43643549,1.43643549,,PVe,dupv,medium
bfcdc0b0-0741-4af6-b204-bed28dbb39e0,RenewableFix,load_159~1-Distributed_PV~new,159,pr213,True,True,2.462146771111691,2.462146771111691,,PVe,dupv,medium
e42ed71f-24c1-477d-bc5f-6180d7bc4d94,RenewableFix,load_758~1-Distributed_PV~new,758,pr10,True,True,0.05620636054181636,0.05620636054181636,,PVe,dupv,medium
f1787c85-58b0-4912-bfd0-0f6823fc2f4b,RenewableFix,load_616~SL-Distributed_PV~new,616,pr101,True,True,2.8358332068792014,2.8358332068792014,,PVe,dupv,medium
9784e8d0-91fa-48a8-aca7-ef8a013abf56,RenewableFix,load_389~1-Distributed_PV~new,389,pr40,True,True,2.395854902098112,2.395854902098112,,PVe,dupv,medium
2a732ad7-0096-418f-8a3d-32a904eddf40,RenewableFix,load_53~1-Distributed_PV~new,53,pr84,True,True,1.9305944691355243,1.9305944691355243,,PVe,dupv,medium
49e99f65-60db-4d2f-9d64-43dde932c12c,RenewableFix,load_574~1-Distributed_PV~new,574,pr21,True,True,1.0033031325797788,1.0033031325797788,,PVe,dupv,medium
0cd1b697-6eff-4192-8c29-b0e2412208b9,RenewableFix,load_762~1-Distributed_PV~new,762,pr32,True,True,0.007045285099083042,0.007045285099083042,,PVe,dupv,medium
34e1c86b-a7bb-449f-9718-85758721194e,RenewableFix,load_1021~1-Distributed_PV~new,1021,pr87,True,True,0.13180214531831327,0.13180214531831327,,PVe,dupv,medium
e34ec21e-fea9-4b2a-bbd4-376e2b823309,RenewableFix,load_1094~1-Distributed_PV~new,1094,pr378,True,True,0.05873755534424896,0.05873755534424896,,PVe,dupv,medium
ae9ddf1b-00e2-4bdd-aa25-e418f8a2f828,RenewableFix,load_569~1-Distributed_PV~new,569,pr50,True,True,0.7417270827282568,0.7417270827282568,,PVe,dupv,medium
d246a8b2-eb5b-41a7-aaa0-72009443fa74,RenewableFix,load_763~1-Distributed_PV~new,763,pr14,True,True,0.488261082463077,0.488261082463077,,PVe,dupv,medium
dda1979d-ecc4-43c8-833e-c2d642e7dbfc,RenewableFix,load_145~1-Distributed_PV~new,145,pr14,True,True,0.5652663888369542,0.5652663888369542,,PVe,dupv,medium
ceea5e3e-9a4a-46d5-a768-e3daaa270d0a,RenewableFix,load_575~1-Distributed_PV~new,575,pr21,True,True,0.029758991220586662,0.029758991220586662,,PVe,dupv,medium
c25e15f0-a06e-4843-bdac-be3d9e6c6db9,RenewableFix,load_690~1-Distributed_PV~new,690,pr85,True,True,0.29554446591689904,0.29554446591689904,,PVe,dupv,medium
232c941a-257d-4904-8bfe-c3dbe6cb675b,RenewableFix,load_367~1-Distributed_PV~new,367,pr29,True,True,0.7037979897393932,0.7037979897393932,,PVe,dupv,medium
595970b5-4dc8-4275-9428-cdb4484fa546,RenewableFix,load_76~1-Distributed_PV~new,76,pr87,True,True,0.05983650404030128,0.05983650404030128,,PVe,dupv,medium
686d5583-f16c-47d4-aba0-1d75154c3332,RenewableFix,load_752~1-Distributed_PV~new,752,pr84,True,True,0.12220131106822092,0.12220131106822092,,PVe,dupv,medium
6972d916-fbbf-4c2e-bdef-bfaaa00b7ce8,RenewableFix,load_150~1-Distributed_PV~new,150,pr32,True,True,2.7946297559696065,2.7946297559696065,,PVe,dupv,medium
9a57968d-b892-46ac-a464-64185bc500de,RenewableFix,load_474~1-Distributed_PV~new,474,pr3,True,True,0.013057090971825405,0.013057090971825405,,PVe,dupv,medium
a31f65fb-6605-49c0-9811-617c4c523e5a,RenewableFix,load_25~1-Distributed_PV~new,25,pr2,True,True,0.6761879652930058,0.6761879652930058,,PVe,dupv,medium
7e1ffebd-47f8-4556-85cd-1373a801bff9,RenewableFix,load_409~1-Distributed_PV~new,409,pr32,True,True,6.458960816948242,6.458960816948242,,PVe,dupv,medium
efcd1a8b-74d4-4dc2-b75f-3bb27259f6a1,RenewableFix,load_419~1-Distributed_PV~new,419,pr169,True,True,3.096833071986173,3.096833071986173,,PVe,dupv,medium
aaf71bd2-48f2-4276-8451-85d346e08441,RenewableFix,load_672~1-Distributed_PV~new,672,pr116,True,True,0.005217427489306543,0.005217427489306543,,PVe,dupv,medium
22b49414-c96e-4d0f-b6ec-b1319a9bb5bd,RenewableFix,load_922~1-Distributed_PV~new,922,pr21,True,True,1.5233769315300314,1.5233769315300314,,PVe,dupv,medium
a426c479-cf98-426a-b05c-d2f643a7607b,RenewableFix,load_248~1-Distributed_PV~new,248,pr93,True,True,0.7360206706418744,0.7360206706418744,,PVe,dupv,medium
45a0bb13-c94e-407b-b02f-89e9dd08de0c,RenewableFix,load_201~1-Distributed_PV~new,201,pr21,True,True,4.589261574660473,4.589261574660473,,PVe,dupv,medium
fdc43d54-61ae-48b6-b9d5-706898f63c46,RenewableFix,load_664~1-Distributed_PV~new,664,pr84,True,True,0.2245975820667647,0.2245975820667647,,PVe,dupv,medium
c6daafd8-aee1-4566-903f-611f1d7d153a,RenewableFix,load_1172~1-Distributed_PV~new,1172,pr8,True,True,0.3892814842011173,0.3892814842011173,,PVe,dupv,medium
e1aada8f-0c31-49e8-b755-60c23d4e9642,RenewableFix,load_813~1-Distributed_PV~new,813,pr88,True,True,2.5989720442640487,2.5989720442640487,,PVe,dupv,medium
24ecf8d3-d5ee-44d9-9898-2732f3aad853,RenewableFix,load_1005~1-Distributed_PV~new,1005,pr32,True,True,0.6348584683729276,0.6348584683729276,,PVe,dupv,medium
c04cccff-7aee-4cbb-9d28-f366a51b323d,RenewableFix,load_1025~1-Distributed_PV~new,1025,pr1025,True,True,2.84028914,2.84028914,,PVe,dupv,medium
f8846ecb-07e0-449c-8d68-603188a97d44,RenewableFix,load_523~1-Distributed_PV~new,523,pr85,True,True,0.01938365623840746,0.01938365623840746,,PVe,dupv,medium
21d725e3-4aca-4b11-8e7d-8383b0ad0148,RenewableFix,load_833~1-Distributed_PV~new,833,pr106,True,True,0.023771155196868173,0.023771155196868173,,PVe,dupv,medium
eaa6fdf4-0c07-438d-8a79-923c71c49571,RenewableFix,load_123~1-Distributed_PV~new,123,pr84,True,True,0.29130884563259785,0.29130884563259785,,PVe,dupv,medium
1953d880-7e1a-4c3c-bdbd-a58b0b228361,RenewableFix,load_671~1-Distributed_PV~new,671,pr87,True,True,0.3524336295526312,0.3524336295526312,,PVe,dupv,medium
3b28de9b-c2ba-49e4-ab3b-c5eb96955595,RenewableFix,load_522~1-Distributed_PV~new,522,pr85,True,True,1.8377311924295767,1.8377311924295767,,PVe,dupv,medium
4ba14001-36f6-4e5a-b80e-a6b2c23323c2,RenewableFix,load_684~1-Distributed_PV~new,684,pr85,True,True,0.35157890324678087,0.35157890324678087,,PVe,dupv,medium
1a32d01c-aec0-4827-8ae8-03d6ac6a7a62,RenewableFix,load_955~1-Distributed_PV~new,955,pr63,True,True,0.3379585663306907,0.3379585663306907,,PVe,dupv,medium
543dfef4-f702-48ac-8ad9-923c4276a184,RenewableFix,load_343~1-Distributed_PV~new,343,pr343,True,True,0.43635964000000005,0.43635964000000005,,PVe,dupv,medium
3657490b-a4b2-480e-948d-20efd00067eb,RenewableFix,load_4~SL-Distributed_PV~new,4,pr3,True,True,5.632470615297235,5.632470615297235,,PVe,dupv,medium
b5115ce7-ac47-47a4-bd16-699ab7fa1221,RenewableFix,load_548~1-Distributed_PV~new,548,pr632,True,True,0.26360429057971013,0.26360429057971013,,PVe,dupv,medium
826d120b-62b7-446a-b0d4-aa2e3b2ac10e,RenewableFix,load_220~1-Distributed_PV~new,220,pr14,True,True,3.2816457414203746,3.2816457414203746,,PVe,dupv,medium
277094d0-67a9-4b56-a163-71a971ee9f5f,RenewableFix,load_920~1-Distributed_PV~new,920,pr50,True,True,0.1080573627715626,0.1080573627715626,,PVe,dupv,medium
66d3a417-f248-40f0-bda5-757db9198305,RenewableFix,load_43~1-Distributed_PV~new,43,pr45,True,True,1.700138502051332,1.700138502051332,,PVe,dupv,medium
8c0459a3-1787-4cd6-aaa3-23058df3fc5b,RenewableFix,load_595~1-Distributed_PV~new,595,pr93,True,True,0.16536340454826381,0.16536340454826381,,PVe,dupv,medium
663a550d-7d95-431d-9bce-746b7942211f,RenewableFix,load_780~1-Distributed_PV~new,780,pr45,True,True,0.012865386919509772,0.012865386919509772,,PVe,dupv,medium
40db9a7a-fadd-4118-92e7-f6d988c18dbf,RenewableFix,load_636~1-Distributed_PV~new,636,pr169,True,True,0.1485368199621928,0.1485368199621928,,PVe,dupv,medium
6e8782e5-c3c0-41d1-9b0f-070c549d69b9,RenewableFix,load_493~1-Distributed_PV~new,493,pr93,True,True,2.9502234986515186,2.9502234986515186,,PVe,dupv,medium
4414b63a-24e3-4985-8981-0b510491afef,RenewableFix,load_264~1-Distributed_PV~new,264,pr102,True,True,1.8577229277729934,1.8577229277729934,,PVe,dupv,medium
4991d5e8-9260-4496-a710-08ec55055229,RenewableFix,load_234~1-Distributed_PV~new,234,pr234,True,True,4.923119319563572,4.923119319563572,,PVe,dupv,medium
9d1050cf-116c-4066-b8de-60cd4122c10d,RenewableFix,load_1037~1-Distributed_PV~new,1037,pr231,True,True,0.12794965296293112,0.12794965296293112,,PVe,dupv,medium
bd57286d-0f36-41b4-bf50-a207ff44f287,RenewableFix,load_537~1-Distributed_PV~new,537,pr234,True,True,0.10626974125101972,0.10626974125101972,,PVe,dupv,medium
7d8a56c8-78fe-4439-8199-b073b1a8fc9b,RenewableFix,load_655~1-Distributed_PV~new,655,pr21,True,True,3.8162363503352323,3.8162363503352323,,PVe,dupv,medium
6d93d487-9cca-43c5-a0ac-9437cc7384f0,RenewableFix,load_189~1-Distributed_PV~new,189,pr8,True,True,0.6890757003877096,0.6890757003877096,,PVe,dupv,medium
017397d2-e826-4712-a5e7-29752b2ce205,RenewableFix,load_743~1-Distributed_PV~new,743,pr82,True,True,0.17207871097986152,0.17207871097986152,,PVe,dupv,medium
648a133d-c371-4d8c-b427-7e7974d23cc8,RenewableFix,load_72~1-Distributed_PV~new,72,pr29,True,True,0.7762372675757181,0.7762372675757181,,PVe,dupv,medium
379c2a11-92fb-429d-a21e-167c09b222ba,RenewableFix,load_632~1-Distributed_PV~new,632,pr632,True,True,7.242801594202898,7.242801594202898,,PVe,dupv,medium
725e68c9-b299-4c5c-978c-80267478c5f7,RenewableFix,load_97045~1-Distributed_PV~new,97045,pr97047,True,True,0.018316960000000004,0.018316960000000004,,PVe,dupv,medium
a7fc7e78-6be2-4d45-a71d-219d1b8ee2f8,RenewableFix,load_1050~1-Distributed_PV~new,1050,pr87,True,True,0.5903725486781954,0.5903725486781954,,PVe,dupv,medium
6a8516b4-5839-4a60-be43-cb0f3c2d3c69,RenewableFix,load_623~1-Distributed_PV~new,623,pr100,True,True,0.037107978241604625,0.037107978241604625,,PVe,dupv,medium
e483a033-e5db-4e30-b63e-214cfde3c76b,RenewableFix,load_1074~1-Distributed_PV~new,1074,pr84,True,True,0.39158870429986486,0.39158870429986486,,PVe,dupv,medium
018d32d5-1bae-4d85-9c4e-48ce32bbcb2c,RenewableFix,load_773~1-Distributed_PV~new,773,pr275,True,True,0.06852076297367116,0.06852076297367116,,PVe,dupv,medium
34784196-f533-4b1e-a805-ca510b46fd54,RenewableFix,load_514~1-Distributed_PV~new,514,pr87,True,True,0.8384052327407264,0.8384052327407264,,PVe,dupv,medium
83a38a10-5a86-4f33-8948-f98cbfb6f9b5,RenewableFix,load_542~1-Distributed_PV~new,542,pr84,True,True,3.492391110941017,3.492391110941017,,PVe,dupv,medium
10138aa6-6fc5-4d2a-bef3-304dd5186184,RenewableFix,load_735~1-Distributed_PV~new,735,pr45,True,True,0.013255247129191884,0.013255247129191884,,PVe,dupv,medium
84c559ee-df4e-4b3a-9f33-07f5bee79745,RenewableFix,load_1008~1-Distributed_PV~new,1008,pr82,True,True,0.03383021917184423,0.03383021917184423,,PVe,dupv,medium
1ad2241c-b2ac-4f0c-9cb1-63f49da14d1c,RenewableFix,load_794~1-Distributed_PV~new,794,pr32,True,True,0.4321108194104267,0.4321108194104267,,PVe,dupv,medium
308f5773-ac9d-4751-87e0-aaaa789c8345,RenewableFix,load_1206~1-Distributed_PV~new,1206,pr1206,True,True,9.18578573,9.18578573,,PVe,dupv,medium
ab33dd16-d6eb-44ab-af84-bb7e453545ac,RenewableFix,load_489~1-Distributed_PV~new,489,pr489,True,True,0.01763222,0.01763222,,PVe,dupv,medium
82c046ae-4a5e-4748-89ae-0a6907d0df54,RenewableFix,load_880~1-Distributed_PV~new,880,pr440,True,True,0.3397257912940057,0.3397257912940057,,PVe,dupv,medium
135ac611-920a-4f04-9669-d697f1a946a8,RenewableFix,load_576~1-Distributed_PV~new,576,pr313,True,True,0.9687849458311246,0.9687849458311246,,PVe,dupv,medium
c0772e6d-8802-41b3-a070-30d7cda5c857,RenewableFix,load_198~SL-Distributed_PV~new,198,pr3,True,True,4.608385048879557,4.608385048879557,,PVe,dupv,medium
621ef6b6-8f4b-4c14-b24b-d044f62dcd1d,RenewableFix,load_1011~1-Distributed_PV~new,1011,pr103,True,True,0.36882128066637954,0.36882128066637954,,PVe,dupv,medium
63d389ae-1c2e-4536-8073-937db63d2d62,RenewableFix,load_1088~1-Distributed_PV~new,1088,pr10,True,True,0.020527540371793804,0.020527540371793804,,PVe,dupv,medium
e232f7be-ca17-4f96-8ac6-267ed9d003d9,RenewableFix,load_534~1-Distributed_PV~new,534,pr32,True,True,1.2916356014985582,1.2916356014985582,,PVe,dupv,medium
20146a74-a0db-4b2d-b5e9-5afb6f379213,RenewableFix,load_329~1-Distributed_PV~new,329,pr213,True,True,0.41311187434759905,0.41311187434759905,,PVe,dupv,medium
668a7461-65e2-46c7-818c-1e3ba3014d0e,RenewableFix,load_653~1-Distributed_PV~new,653,pr45,True,True,0.30761019682690094,0.30761019682690094,,PVe,dupv,medium
0a94e803-145b-4950-8516-16b404a104ea,RenewableFix,load_612~1-Distributed_PV~new,612,pr18,True,True,0.4296490377034834,0.4296490377034834,,PVe,dupv,medium
eddca991-faf9-4685-9c39-5bde6e10969d,RenewableFix,load_4~1-Distributed_PV~new,4,pr3,True,True,0.06810169016677567,0.06810169016677567,,PVe,dupv,medium
2387bd97-c07b-43fe-b839-5f39b57448c8,RenewableFix,load_211~1-Distributed_PV~new,211,pr211,True,True,4.101740577829549,4.101740577829549,,PVe,dupv,medium
b4f46e4d-834f-46ba-b5de-29467eb9f787,RenewableFix,load_435~1-Distributed_PV~new,435,pr8,True,True,0.08830043422122909,0.08830043422122909,,PVe,dupv,medium
c87ea2af-3cf1-4a3a-bd51-fcfba4000afb,RenewableFix,load_64~1-Distributed_PV~new,64,pr63,True,True,0.24714657061598133,0.24714657061598133,,PVe,dupv,medium
44b357d2-13d4-4691-ba4b-3a331c16d487,RenewableFix,load_14~1-Distributed_PV~new,14,pr14,True,True,5.254018956871801,5.254018956871801,,PVe,dupv,medium
50e9884b-8432-49af-95e6-2cc235cbdcb9,RenewableFix,load_272~1-Distributed_PV~new,272,pr3,True,True,0.07603835330651268,0.07603835330651268,,PVe,dupv,medium
d2599394-88a4-4fc0-b98e-3f2a92cf7990,RenewableFix,load_1125~1-Distributed_PV~new,1125,pr8,True,True,0.40755872461787723,0.40755872461787723,,PVe,dupv,medium
43a4c565-caf7-4dfc-b970-385ae3ff802d,RenewableFix,load_1199~1-Distributed_PV~new,1199,pr3,True,True,0.11341747648075798,0.11341747648075798,,PVe,dupv,medium
03f8d0dc-bb0d-4bc0-a3d1-01afb14c85a6,RenewableFix,load_463~1-Distributed_PV~new,463,pr3,True,True,0.6847075807734117,0.6847075807734117,,PVe,dupv,medium
7a93698c-1ee0-4941-9f6f-9dfeb37ff22e,RenewableFix,load_682~1-Distributed_PV~new,682,pr85,True,True,0.1284329138799947,0.1284329138799947,,PVe,dupv,medium
1e7e1697-d3a7-45be-9a2d-f31813ab64e0,RenewableFix,load_518~1-Distributed_PV~new,518,pr116,True,True,0.14956625469345428,0.14956625469345428,,PVe,dupv,medium
bb244502-3968-4647-8a89-c5ac05ae132a,RenewableFix,load_915~1-Distributed_PV~new,915,pr21,True,True,0.13384883207506315,0.13384883207506315,,PVe,dupv,medium
0da12ea4-19da-419d-944e-ed5288d075ae,RenewableFix,load_509~1-Distributed_PV~new,509,pr116,True,True,0.1431893988731907,0.1431893988731907,,PVe,dupv,medium
4a156bc9-878e-41ec-a36a-7ddd06e2f6f4,RenewableFix,load_975~1-Distributed_PV~new,975,pr93,True,True,0.08772594405743439,0.08772594405743439,,PVe,dupv,medium
43562e3f-82e7-4e8c-9f1f-8e10b56e46c2,RenewableFix,load_1138~1-Distributed_PV~new,1138,pr102,True,True,0.17624882334937467,0.17624882334937467,,PVe,dupv,medium
6578f1e7-2ba9-4f4f-9f66-0977879c5d57,RenewableFix,load_753~1-Distributed_PV~new,753,pr41,True,True,0.9401496169060647,0.9401496169060647,,PVe,dupv,medium
7f5e06dc-4919-4f96-8430-7708ec1cb9dc,RenewableFix,load_136~1-Distributed_PV~new,136,pr84,True,True,8.779568575558978,8.779568575558978,,PVe,dupv,medium
1a893de3-340e-4621-b3a6-3fdbe275f205,RenewableFix,load_687~1-Distributed_PV~new,687,pr313,True,True,0.014675450263708471,0.014675450263708471,,PVe,dupv,medium
7a80105c-1bc0-42b8-a809-8db623b8180f,RenewableFix,load_661~1-Distributed_PV~new,661,pr3,True,True,0.22965118826916453,0.22965118826916453,,PVe,dupv,medium
c17df017-114a-45ed-b2ab-55e554e45ab7,RenewableFix,load_702~1-Distributed_PV~new,702,pr14,True,True,0.25164597993876564,0.25164597993876564,,PVe,dupv,medium
dbaa2c57-0b9f-4e32-958b-027e6ed24dfc,RenewableFix,load_1171~1-Distributed_PV~new,1171,pr100,True,True,0.3841767159130831,0.3841767159130831,,PVe,dupv,medium
30717318-a29d-431c-89a4-1ebc8bfc0620,RenewableFix,load_342~1-Distributed_PV~new,342,pr41,True,True,4.565899871952339,4.565899871952339,,PVe,dupv,medium
a5077d0e-bbe3-43e4-877e-bbcf91472e24,RenewableFix,load_786~1-Distributed_PV~new,786,pr234,True,True,0.26327126852639565,0.26327126852639565,,PVe,dupv,medium
70fbe54e-8552-47ee-84a6-d7ce01a44706,RenewableFix,load_483~1-Distributed_PV~new,483,pr10,True,True,0.6510162803626034,0.6510162803626034,,PVe,dupv,medium
1dd22f02-326a-4f23-811d-7587502200e3,RenewableFix,load_399~1-Distributed_PV~new,399,pr10,True,True,0.5948099198207871,0.5948099198207871,,PVe,dupv,medium
56d90821-c82f-4d1d-8dda-c6e6bd47b3f0,RenewableFix,load_95~SL-Distributed_PV~new,95,pr93,True,True,1.535204021005102,1.535204021005102,,PVe,dupv,medium
a0c65d42-2e30-4ce6-9f38-e90ae529da63,RenewableFix,load_610~1-Distributed_PV~new,610,pr100,True,True,0.6750377806597783,0.6750377806597783,,PVe,dupv,medium
0ffaf357-d520-42db-a371-fc414bf3a706,RenewableFix,load_143~1-Distributed_PV~new,143,pr169,True,True,2.7513234293609843,2.7513234293609843,,PVe,dupv,medium
5f3bb6cd-1782-40de-86f8-0435f3a56762,RenewableFix,load_946~1-Distributed_PV~new,946,pr87,True,True,0.014731015635504734,0.014731015635504734,,PVe,dupv,medium
b110cc91-56b4-4236-ac4c-7f576b9117b7,RenewableFix,load_901~1-Distributed_PV~new,901,pr87,True,True,0.16591068771698222,0.16591068771698222,,PVe,dupv,medium
99891d61-cabc-48aa-9e10-05b79af377f9,RenewableFix,load_532~1-Distributed_PV~new,532,pr86,True,True,0.741544977393854,0.741544977393854,,PVe,dupv,medium
695e3d22-ac2c-4cef-a9b5-e204088099f0,RenewableFix,load_545~1-Distributed_PV~new,545,pr545,True,True,11.65395045,11.65395045,,PVe,dupv,medium
f682dfe7-698e-4a80-83bc-7a6d70e5e6f6,RenewableFix,load_1080~1-Distributed_PV~new,1080,pr313,True,True,0.29463788606368546,0.29463788606368546,,PVe,dupv,medium
18737a37-d047-4024-9b5b-041598acc4c7,RenewableFix,load_431~1-Distributed_PV~new,431,pr10,True,True,0.48875096123318573,0.48875096123318573,,PVe,dupv,medium
5cd70301-3c1b-41e6-85f3-b2b31c3e8716,RenewableFix,load_1188~1-Distributed_PV~new,1188,pr86,True,True,0.07327020219564485,0.07327020219564485,,PVe,dupv,medium
ba982847-28e8-4ba0-824f-c23315bccf87,RenewableFix,load_311~1-Distributed_PV~new,311,pr100,True,True,2.7667272012490507,2.7667272012490507,,PVe,dupv,medium
387edb50-3df7-4781-a098-c5fcbec40ad7,RenewableFix,load_168~1-Distributed_PV~new,168,pr63,True,True,0.026055762483545318,0.026055762483545318,,PVe,dupv,medium
a8efd87d-3994-4b3a-bcd0-78a769d133ea,RenewableFix,load_190~1-Distributed_PV~new,190,pr190,True,True,18.53133649,18.53133649,,PVe,dupv,medium
d9536989-0729-49df-b726-986bf257fe95,RenewableFix,load_983~1-Distributed_PV~new,983,pr234,True,True,0.044857579221535965,0.044857579221535965,,PVe,dupv,medium
6a00ac2f-4b68-4a0a-9b42-f8bc55b46ea2,RenewableFix,load_719~1-Distributed_PV~new,719,pr18,True,True,0.21991639867286122,0.21991639867286122,,PVe,dupv,medium
0e29c803-89dd-4df6-87b1-ca39f5d1c293,RenewableFix,load_437~1-Distributed_PV~new,437,pr14,True,True,0.03612259249602705,0.03612259249602705,,PVe,dupv,medium
ec2ec259-a40d-49d5-8eeb-4160e1d0c2b4,RenewableFix,load_228~1-Distributed_PV~new,228,pr335,True,True,3.5990565312969585,3.5990565312969585,,PVe,dupv,medium
dc551cb7-e9d4-414a-a080-a48dc5051b26,RenewableFix,load_809~1-Distributed_PV~new,809,pr106,True,True,2.114261399721448,2.114261399721448,,PVe,dupv,medium
38e6ddbb-f72b-48e2-a97f-62dc27be0a12,RenewableFix,load_694~1-Distributed_PV~new,694,pr313,True,True,5.749389861005174,5.749389861005174,,PVe,dupv,medium
3bc89c80-b584-440a-bc0c-3b0561127d8e,RenewableFix,load_924~1-Distributed_PV~new,924,pr3,True,True,0.10906511282348284,0.10906511282348284,,PVe,dupv,medium
4b171610-a5cc-4aa6-a167-b4307956a458,RenewableFix,load_648~1-Distributed_PV~new,648,pr169,True,True,0.2171919198865785,0.2171919198865785,,PVe,dupv,medium
708fb620-e737-45b1-b0f8-4f8702dbd0e4,RenewableFix,load_112~1-Distributed_PV~new,112,pr116,True,True,0.8660929632248863,0.8660929632248863,,PVe,dupv,medium
150fab54-fb82-46d6-b391-38cc8dedbb68,RenewableFix,load_556~1-Distributed_PV~new,556,pr82,True,True,3.2570975373026494,3.2570975373026494,,PVe,dupv,medium
ef1b3d97-6e6a-4c20-91e7-843a4c6b29c2,RenewableFix,load_629~1-Distributed_PV~new,629,pr313,True,True,0.16650991645361535,0.16650991645361535,,PVe,dupv,medium
95eb3efe-85f1-45cb-a497-31eb9b144b3a,RenewableFix,load_688~1-Distributed_PV~new,688,pr21,True,True,0.23027790825453967,0.23027790825453967,,PVe,dupv,medium
8d98b4a9-7de3-4d7a-bd49-cfb8c5ab0b64,RenewableFix,load_436~1-Distributed_PV~new,436,pr102,True,True,2.934607547699857,2.934607547699857,,PVe,dupv,medium
80e437a4-0fac-4fb7-9955-91166e925f81,RenewableFix,load_245~1-Distributed_PV~new,245,pr93,True,True,8.750662919729079,8.750662919729079,,PVe,dupv,medium
93b5a920-c71d-4eba-b63c-c12f8c60800e,RenewableFix,load_567~1-Distributed_PV~new,567,pr85,True,True,1.1809818066186402,1.1809818066186402,,PVe,dupv,medium
8c083858-ea7c-4e2b-b176-16a42c41f8d7,RenewableFix,load_1051~1-Distributed_PV~new,1051,pr392,True,True,0.1801370521860979,0.1801370521860979,,PVe,dupv,medium
fb2a391b-abe0-44d7-9779-e6fc02ed5436,RenewableFix,load_540~1-Distributed_PV~new,540,pr87,True,True,0.05853194312858002,0.05853194312858002,,PVe,dupv,medium
6c65fd46-fb51-40e9-a480-8f1cd901d1c5,RenewableFix,load_587~1-Distributed_PV~new,587,pr40,True,True,0.013972744484652968,0.013972744484652968,,PVe,dupv,medium
32b5e269-4511-4504-9f74-9664ecb53c63,RenewableFix,load_958~1-Distributed_PV~new,958,pr82,True,True,0.3695300863386062,0.3695300863386062,,PVe,dupv,medium
95a7cd5f-1dc8-4cca-851e-b3247164858b,RenewableFix,load_405~1-Distributed_PV~new,405,pr153,True,True,0.004927389687655693,0.004927389687655693,,PVe,dupv,medium
ee481620-a09b-450a-b5d3-b3375a54268f,RenewableFix,load_731~1-Distributed_PV~new,731,pr211,True,True,0.47927261059408355,0.47927261059408355,,PVe,dupv,medium
ec2874be-635d-429e-8eea-c4985a9a2baa,RenewableFix,load_1121~1-Distributed_PV~new,1121,pr38,True,True,1.2435895239222254,1.2435895239222254,,PVe,dupv,medium
adc7d225-81ea-48b7-b775-5b081918ac9c,RenewableFix,load_933~1-Distributed_PV~new,933,pr378,True,True,0.08810633301637345,0.08810633301637345,,PVe,dupv,medium
dcae6a85-6a30-46e4-aad7-9222e4c7c085,RenewableFix,load_749~1-Distributed_PV~new,749,pr21,True,True,0.03401027568067047,0.03401027568067047,,PVe,dupv,medium
2e09e761-b4b9-4d9f-b09f-1fc92f6dae14,RenewableFix,load_553~1-Distributed_PV~new,553,pr84,True,True,0.5225326519810896,0.5225326519810896,,PVe,dupv,medium
ca45b3d2-11b5-4ccf-aa3c-ea892c178a06,RenewableFix,load_751~1-Distributed_PV~new,751,pr21,True,True,0.29393381395885965,0.29393381395885965,,PVe,dupv,medium
942340db-5302-49d8-9d91-1fe81653d07c,RenewableFix,load_416~1-Distributed_PV~new,416,pr45,True,True,0.31224541897086794,0.31224541897086794,,PVe,dupv,medium
8deab41d-cfb4-48ec-9508-0ef2311142f3,RenewableFix,load_993~1-Distributed_PV~new,993,pr2,True,True,3.902302020042069,3.902302020042069,,PVe,dupv,medium
5f2c5f13-f77b-4eee-9f44-be665c100b20,RenewableFix,load_560~1-Distributed_PV~new,560,pr211,True,True,0.019246628865200194,0.019246628865200194,,PVe,dupv,medium
22705e3d-765f-47a0-8e42-c075e57feeac,RenewableFix,load_89~1-Distributed_PV~new,89,pr41,True,True,9.830283182089524,9.830283182089524,,PVe,dupv,medium
5d81aea2-c498-4611-8069-9f4ab2b74b3c,RenewableFix,load_605~1-Distributed_PV~new,605,pr41,True,True,0.5529626205035832,0.5529626205035832,,PVe,dupv,medium
8dd2a194-7bf7-415a-942d-f1a36ed83b9b,RenewableFix,load_755~1-Distributed_PV~new,755,pr84,True,True,0.6249122217730056,0.6249122217730056,,PVe,dupv,medium
90a419e3-76fd-4ade-a35c-eff515dbecf8,RenewableFix,load_411~1-Distributed_PV~new,411,pr100,True,True,0.23083345288527582,0.23083345288527582,,PVe,dupv,medium
1e2db519-8ffe-4272-9e70-d5315ee8b0bf,RenewableFix,load_626~1-Distributed_PV~new,626,pr102,True,True,3.081122461975621,3.081122461975621,,PVe,dupv,medium
71ba7904-3ab0-4b85-9a63-560a8783f163,RenewableFix,load_1120~1-Distributed_PV~new,1120,pr86,True,True,4.083761039617033,4.083761039617033,,PVe,dupv,medium
9975725e-5295-45b3-a385-bd61e79b5a78,RenewableFix,load_991~1-Distributed_PV~new,991,pr93,True,True,0.11623687587610057,0.11623687587610057,,PVe,dupv,medium
b4ca8015-51c2-41bb-976c-642c0635b885,RenewableFix,load_309~1-Distributed_PV~new,309,pr21,True,True,1.7777454517250457,1.7777454517250457,,PVe,dupv,medium
069e79f0-2526-4096-b5f8-bebdd4923312,RenewableFix,load_446~1-Distributed_PV~new,446,pr45,True,True,0.030019236145522793,0.030019236145522793,,PVe,dupv,medium
b90c9053-bd0d-4693-acf1-a47d8d2a686a,RenewableFix,load_738~1-Distributed_PV~new,738,pr45,True,True,0.10331295556576028,0.10331295556576028,,PVe,dupv,medium
b7e6273d-469e-48ba-9fe5-82aa4635d349,RenewableFix,load_968~1-Distributed_PV~new,968,pr3,True,True,0.6913707792388846,0.6913707792388846,,PVe,dupv,medium
79457605-d5fd-42a1-8f08-0495f1dac4c8,RenewableFix,load_815~1-Distributed_PV~new,815,pr88,True,True,2.6094941982894095,2.6094941982894095,,PVe,dupv,medium
4f8415d3-8b17-4f4c-9bd3-dd72cd76a7ab,RenewableFix,load_1097~1-Distributed_PV~new,1097,pr45,True,True,0.004350524633248962,0.004350524633248962,,PVe,dupv,medium
758da298-386c-413c-9fff-0a15f51d67b6,RenewableFix,load_296~1-Distributed_PV~new,296,pr296,True,True,4.482907191598036,4.482907191598036,,PVe,dupv,medium
8faa7b4d-0951-4c2a-a0bb-0f0d58ce16c8,RenewableFix,load_77~1-Distributed_PV~new,77,pr29,True,True,0.7266651010848403,0.7266651010848403,,PVe,dupv,medium
3fcd37a9-333d-4717-928d-c0ac579069a2,RenewableFix,load_726~1-Distributed_PV~new,726,pr87,True,True,0.4436140137091996,0.4436140137091996,,PVe,dupv,medium
a0b91c2b-d5ef-4c54-baa2-5765082feeb9,RenewableFix,load_614~1-Distributed_PV~new,614,pr18,True,True,0.21462727051181957,0.21462727051181957,,PVe,dupv,medium
65b30935-f9de-47b2-ae98-2abaf5b0dc1c,RenewableFix,load_295~SL-Distributed_PV~new,295,pr18,True,True,2.0433871630453524,2.0433871630453524,,PVe,dupv,medium
0275b84e-8471-4e49-8ffb-6f6ba5d643c1,RenewableFix,load_729~1-Distributed_PV~new,729,pr87,True,True,0.04377216074549977,0.04377216074549977,,PVe,dupv,medium
a694be44-547e-4df5-ab31-961109d2c68c,RenewableFix,load_42~1-Distributed_PV~new,42,pr41,True,True,4.57953620805573,4.57953620805573,,PVe,dupv,medium
f6c7fe71-15d3-4bba-84b8-e3bee8e6a5f7,RenewableFix,load_554~1-Distributed_PV~new,554,pr335,True,True,0.548698927647334,0.548698927647334,,PVe,dupv,medium
15ea3462-1891-42e3-9e8d-0eab768c4d13,RenewableFix,load_613~1-Distributed_PV~new,613,pr18,True,True,0.6174697162163405,0.6174697162163405,,PVe,dupv,medium
2db0d12c-4694-4910-9c79-9ad51a4241d5,RenewableFix,load_341~1-Distributed_PV~new,341,pr87,True,True,1.947976754768426,1.947976754768426,,PVe,dupv,medium
b86769b3-6ce4-4723-81be-5244dcb867ae,RenewableFix,load_316~1-Distributed_PV~new,316,pr169,True,True,0.0962898571266541,0.0962898571266541,,PVe,dupv,medium
ca9f07d0-4a05-43c2-b476-eed7e1cfcf72,RenewableFix,load_948~1-Distributed_PV~new,948,pr87,True,True,0.5703007481745404,0.5703007481745404,,PVe,dupv,medium
ff340749-de1c-488b-b8f4-037168a0d1df,RenewableFix,load_1115~1-Distributed_PV~new,1115,pr38,True,True,0.06148343728346822,0.06148343728346822,,PVe,dupv,medium
98e369ed-477f-41ca-83e7-6edfe55c258c,RenewableFix,load_238~1-Distributed_PV~new,238,pr16,True,True,4.077146773152077,4.077146773152077,,PVe,dupv,medium
86ef2efc-ee87-4ce2-b2d3-b5055c40e98c,RenewableFix,load_517~1-Distributed_PV~new,517,pr32,True,True,0.37731415752866965,0.37731415752866965,,PVe,dupv,medium
e08dab98-7b44-4450-a374-0c2c50bfd490,RenewableFix,load_713~1-Distributed_PV~new,713,pr3,True,True,0.37788757400812356,0.37788757400812356,,PVe,dupv,medium
828d2b5b-bdd0-47c8-9c03-8a7ba0ffdfde,RenewableFix,load_709~1-Distributed_PV~new,709,pr169,True,True,0.14724144071833653,0.14724144071833653,,PVe,dupv,medium
fe315765-90f2-4f55-8d3a-edc932e400f5,RenewableFix,load_164~1-Distributed_PV~new,164,pr45,True,True,2.7132478550880057,2.7132478550880057,,PVe,dupv,medium
11fed619-b0b0-4eea-8a03-e7136da0904a,RenewableFix,load_46~1-Distributed_PV~new,46,pr45,True,True,5.516924532913021,5.516924532913021,,PVe,dupv,medium
8f5e3411-9c0e-4cad-88e9-e1f64d4dedec,RenewableFix,load_88~SL-Distributed_PV~new,88,pr88,True,True,21.044308050721042,21.044308050721042,,PVe,dupv,medium
8653b511-4ea5-4fdd-a961-214780d4718b,RenewableFix,load_1012~1-Distributed_PV~new,1012,pr14,True,True,0.3001326812757147,0.3001326812757147,,PVe,dupv,medium
07d44637-b2af-470d-94b5-f3b5fc876def,RenewableFix,load_555~1-Distributed_PV~new,555,pr555,True,True,6.29362172,6.29362172,,PVe,dupv,medium
9ccf515c-5c5f-458d-b1ec-4ebb524e368e,RenewableFix,load_530~1-Distributed_PV~new,530,pr392,True,True,0.674735575719285,0.674735575719285,,PVe,dupv,medium
5be4c238-a987-4a46-ab91-4d65416faafe,RenewableFix,load_971~1-Distributed_PV~new,971,pr234,True,True,0.8287971779979025,0.8287971779979025,,PVe,dupv,medium
3ce7a030-987b-498e-9d5d-c38eebc4b9b4,RenewableFix,load_312~1-Distributed_PV~new,312,pr87,True,True,0.6489044918067757,0.6489044918067757,,PVe,dupv,medium
34db3909-20c3-4d94-8598-51fd8c3c8294,RenewableFix,load_627~1-Distributed_PV~new,627,pr102,True,True,2.2520204176621816,2.2520204176621816,,PVe,dupv,medium
11b87597-5474-4138-a7e9-292dd37078ea,RenewableFix,load_545~SL-Distributed_PV~new,545,pr545,True,True,11.65395045,11.65395045,,PVe,dupv,medium
6a2c6d7e-5d7d-4943-8ec7-86493d6b5161,RenewableFix,load_488~1-Distributed_PV~new,488,pr2,True,True,0.6129324585799962,0.6129324585799962,,PVe,dupv,medium
2cab5fd8-6cb6-4e73-88e8-c6db51fdd19d,RenewableFix,load_685~1-Distributed_PV~new,685,pr85,True,True,0.25091526804354175,0.25091526804354175,,PVe,dupv,medium
a1bb06e0-bcc5-446f-ab2f-76950e221888,RenewableFix,load_271~1-Distributed_PV~new,271,pr271,True,True,0.04202897,0.04202897,,PVe,dupv,medium
797e6b9f-00be-4bc3-980e-52127503043b,RenewableFix,load_487~1-Distributed_PV~new,487,pr2,True,True,0.17767728361841698,0.17767728361841698,,PVe,dupv,medium
bc05ef92-5c66-4249-bf47-903c8a3067f2,RenewableFix,load_297~1-Distributed_PV~new,297,pr102,True,True,0.21029199460756684,0.21029199460756684,,PVe,dupv,medium
903264fb-1e0f-43de-92eb-21333d56a70c,RenewableFix,load_292~1-Distributed_PV~new,292,pr102,True,True,0.03404317125819217,0.03404317125819217,,PVe,dupv,medium
b6519feb-d297-4b53-aba0-c52717436649,RenewableFix,load_492~1-Distributed_PV~new,492,pr492,True,True,4.4566741599999995,4.4566741599999995,,PVe,dupv,medium
88674bd3-1a71-4040-8766-f0b80149edcd,RenewableFix,load_978~1-Distributed_PV~new,978,pr10,True,True,0.028278410116118258,0.028278410116118258,,PVe,dupv,medium
9ee250fa-5f96-4507-8450-361bcd8d2ede,RenewableFix,load_712~1-Distributed_PV~new,712,pr3,True,True,0.25013289959751817,0.25013289959751817,,PVe,dupv,medium
794f4a59-6e56-4bb9-bc63-973915c5b15b,RenewableFix,load_638~1-Distributed_PV~new,638,pr2,True,True,0.6489554444355595,0.6489554444355595,,PVe,dupv,medium
c2e05911-f6d0-41c5-81f9-c7ae8813b42b,RenewableFix,load_200~1-Distributed_PV~new,200,pr21,True,True,4.410707627336952,4.410707627336952,,PVe,dupv,medium
711a3ce7-41e7-4d2d-9896-31bc2836acb1,RenewableFix,load_797~1-Distributed_PV~new,797,pr234,True,True,0.49823954063920306,0.49823954063920306,,PVe,dupv,medium
0127e00b-a26c-4659-aaec-d0fabe99a3c3,RenewableFix,load_747~1-Distributed_PV~new,747,pr93,True,True,0.47328146818985845,0.47328146818985845,,PVe,dupv,medium
b7a492b1-5683-4b07-8aa5-4fb504736413,RenewableFix,load_49~1-Distributed_PV~new,49,pr50,True,True,7.286147826484855,7.286147826484855,,PVe,dupv,medium
6953596a-a60c-431f-b36e-a4f49d633e7f,RenewableFix,load_778~1-Distributed_PV~new,778,pr41,True,True,0.14242395485764717,0.14242395485764717,,PVe,dupv,medium
b8a0e35c-15f5-48bd-b2de-6d1b9f4ee6bb,RenewableDispatch,Utility_PV_ReV_Grid_99 Utility_Scale_PV_ReV-Limited_Land_Use~new,966131,pr40,True,True,231.89602,231.89602,,PVe,upv,medium
46b804bf-4c1d-46cb-a3ff-1bf8515f876a,RenewableDispatch,Utility_PV_ReV_Grid_1531 Utility_Scale_PV_ReV-Limited_Land_Use~new,935204,pr2,True,True,94.81036533293984,94.81036533293984,,PVe,upv,medium
a3ba4f4c-a15e-4828-82fa-9cdd6feeaefa,RenewableDispatch,Utility_PV_ReV_Grid_1472 Utility_Scale_PV_ReV-Limited_Land_Use~new,901378,pr313,True,True,87.325,87.325,,PVe,upv,medium
e7e0d9f0-f703-4691-a6ec-201dc9cd203e,RenewableDispatch,generator-97064-1,97064,pr97064,False,True,20.0,20.0,,PVe,upv,medium
039c74bd-e293-4556-b99a-bd2f13d74109,RenewableDispatch,Utility_PV_ReV_Grid_82 Utility_Scale_PV_ReV-Limited_Land_Use~new,998467,pr100,True,True,376.923103309376,376.923103309376,,PVe,upv,medium
c5dd4007-889f-4c52-b070-8df26a98e8a1,RenewableDispatch,Utility_PV_ReV_Grid_1479 Utility_Scale_PV_ReV-Limited_Land_Use~new,924977,pr296,True,True,383.76276791107773,383.76276791107773,,PVe,upv,medium
307452b0-8989-4307-a219-ca6dcac155c7,RenewableDispatch,generator-97014-1,97014,pr97014,True,True,56.99999999999999,56.99999999999999,,PVe,upv,medium
6fdf8085-237c-4c57-af6e-9227aa901dd8,RenewableDispatch,generator-97144-1,97144,pr97144,False,True,30.0,30.0,,PVe,upv,medium
d59ed2e7-cf43-4d0f-91b8-186621e30e13,RenewableDispatch,AMGEN_115 Tranche_1_Solar-Planned_RE~new,1206,pr1206,True,True,100.0,100.0,,PVe,upv,medium
7343e57d-00f7-4a8e-b305-b8741d6d0852,RenewableDispatch,Utility_Onshore_ReV_Grid_138 Utility_Scale_Onshore_Wind_ReV-Limited_Land_Use~new,927629,pr169,True,True,12.887399,12.887399,,WT,wind-ons,medium
f109168a-9264-4333-be19-c04118e192c4,RenewableDispatch,UPJOHN115 Tranche_1_Solar-Planned_RE~new,167,pr167,True,True,38.7,38.7,,PVe,upv,medium
e48a0578-bcfe-4fa3-8358-bd947e622013,RenewableDispatch,AES230 Tranche_1_Solar-Planned_RE~new,321,pr321,True,True,80.0,80.0,,PVe,upv,medium
cb5600fb-8526-4515-9b20-e40f0106d994,RenewableDispatch,generator-97361-1,97361,pr93,False,True,20.0,20.0,,PVe,upv,medium
babd3cc5-7660-4762-b8ab-42209a15d185,RenewableDispatch,generator-97084-1,97084,pr313,True,True,10.2,8.772,,PVe,upv,medium
0a680433-077d-45af-aaff-3876fa0ff5a7,RenewableDispatch,COSTASUR115 Tranche_1_Solar-Planned_RE~new,2,pr2,True,True,68.0,68.0,,PVe,upv,medium
cf5ebeb4-8c61-4594-9f17-f134daecc8b8,RenewableDispatch,generator-97254-1,97254,pr8,True,True,20.0,17.199999999999996,,PVe,upv,medium
8b65a04b-0b46-4e36-a72a-4259e901f65e,RenewableDispatch,Utility_Onshore_ReV_Grid_119 Utility_Scale_Onshore_Wind_ReV-Limited_Land_Use~new,903454,pr353,True,True,11.070771253405212,11.070771253405212,,WT,wind-ons,medium
05e0f65f-cf03-4ff9-bc84-ce574b62a6f2,RenewableDispatch,generator-97054-1,97054,pr102,False,True,20.0,20.0,,PVe,upv,medium
a2711128-2e35-4251-91ec-01764f0fee63,RenewableDispatch,generator-97104-1,97104,,False,True,24.48,20.45,,PVe,upv,medium
373635f4-79af-42ff-8236-3de1189427a7,RenewableDispatch,Utility_PV_ReV_Grid_1267 Utility_Scale_PV_ReV-Limited_Land_Use~new,912284,pr14,True,True,76.86,76.86,,PVe,upv,medium
cd9a86fc-737e-4454-baf9-f25088d47f50,RenewableDispatch,generator-97114-1,97114,pr100,False,True,24.48,20.42,,PVe,upv,medium
af179c27-2e3b-452c-a814-82f0903b46d4,RenewableDispatch,Utility_PV_ReV_Grid_1559 Utility_Scale_PV_ReV-Limited_Land_Use~new,904330,pr8,True,True,87.76287590334759,87.76287590334759,,PVe,upv,medium
189f1a02-53f9-4dd6-9fdd-2f6a633eb5b9,RenewableDispatch,generator-97094-1,97094,pr97094,False,True,25.0,25.0,,PVe,upv,medium
cad1ea52-9291-4d90-8ebe-729ba1365b83,RenewableDispatch,SGERMANTC115 Tranche_1_Solar-Planned_RE~new,169,pr169,True,True,50.0,50.0,,PVe,upv,medium
9f830f86-0945-4e4b-a442-3c5251f8863e,RenewableDispatch,generator-97024-1,97024,pr97021,True,True,44.99999999999999,38.699999999999996,,PVe,upv,medium
1d3e82f4-ec6a-4a55-9218-d5988e6e1066,RenewableDispatch,Utility_Onshore_ReV_Grid_168 Utility_Scale_Onshore_Wind_ReV-Limited_Land_Use~new,950462,pr2,True,True,15.911399,15.911399,,WT,wind-ons,medium
4eb0967b-5364-4722-a9ee-5727dfde6996,RenewableDispatch,JMARTINSEC Tranche_1_Solar-Planned_RE~new,1025,pr1025,True,True,100.0,100.0,,PVe,upv,medium
67aac586-725e-41e7-9c61-4f0a4231d8ed,RenewableDispatch,generator-97134-1,97134,pr97134,False,True,20.0,20.0,,PVe,upv,medium
b7e1f382-cb77-43aa-8861-3f11dd3fb6fb,RenewableDispatch,generator-97034-1,97034,pr82,True,True,19.72,16.959,,PVe,upv,medium
15a9ba2a-2698-4851-9482-add6bfd879e5,RenewableDispatch,generator-97044-1,97044,pr97047,True,True,40.00000000000001,34.3,,PVe,upv,medium
7a513d22-5928-47be-bd5f-00f3714fce99,RenewableDispatch,Utility_Onshore_ReV_Grid_203 Utility_Scale_Onshore_Wind_ReV-Limited_Land_Use~new,974975,pr8,True,True,31.34027034159859,31.34027034159859,,WT,wind-ons,medium
e1055fe1-6ee6-41e0-b9f3-1a42161ab1e5,RenewableDispatch,Utility_PV_ReV_Grid_1480 Utility_Scale_PV_ReV-Limited_Land_Use~new,981972,pr8,True,True,92.9236947125953,92.9236947125953,,PVe,upv,medium
76f5953b-acc9-48dc-96e8-2c8a8371155c,RenewableDispatch,generator-7784-1,7784,pr2002,True,True,27.0,3.9999999999999996,,WT,wind-ons,medium
744ed284-5de2-49e5-9df3-06da0e619647,RenewableDispatch,Utility_PV_ReV_Grid_81 Utility_Scale_PV_ReV-Limited_Land_Use~new,903115,pr100,True,True,217.1315294349569,217.1315294349569,,PVe,upv,medium
b689b109-c7de-42f3-9f94-0589c9c8c17a,RenewableDispatch,generator-97004-1,97004,pr8,True,True,10.0,8.6,,PVe,upv,medium
3ded3af8-4699-4959-965e-5a8c886d61dd,RenewableDispatch,CAMBGP230 Tranche_1_Solar-Planned_RE~new,440,pr440,True,True,20.0,20.0,,PVe,upv,medium
a7c3391d-09e0-4009-9288-070862e809dc,RenewableDispatch,generator-97047-1,97047,pr97047,False,True,40.0,40.0,,PVe,upv,medium
05926fc6-e16f-4244-810c-7d00333c7049,RenewableDispatch,Utility_PV_ReV_Grid_1205 Utility_Scale_PV_ReV-Limited_Land_Use~new,957519,pr101,True,True,41.40713643039924,41.40713643039924,,PVe,upv,medium
aa112a47-fc6b-461e-b1f2-c95faf68d155,RenewableDispatch,generator-7774-1,7774,pr7200,True,True,75.89999999999999,11.999999999999998,,WT,wind-ons,medium
94b6e5a7-d4fc-4b69-b2bf-999f07de7bc2,RenewableDispatch,CIRO Tranche_1_Solar-Planned_RE~new,97014,pr97014,True,True,188.0,188.0,,PVe,upv,medium
336c7d38-894a-442a-9768-4a7cc6146ea9,RenewableDispatch,15 Xzerta-Tec,40504,pr335,True,True,60.0,60.0,,PVe,upv,medium
70a5a929-4024-4b62-aced-8599b1730260,RenewableDispatch,Utility_PV_ReV_Grid_263 Utility_Scale_PV_ReV-Limited_Land_Use~new,906692,pr93,True,True,123.508,123.508,,PVe,upv,medium
458ba4d6-3de9-4bfe-9ac0-ed071a9a7d0a,RenewableDispatch,SUNOIL Tranche_1_Solar-Planned_RE~new,185,pr185,True,True,35.0,35.0,,PVe,upv,medium
72fa3080-805e-4f3f-a48a-74838556467c,RenewableDispatch,generator-97371-1,97371,pr313,True,True,2.1,2.1,,PVe,upv,medium
59f444d8-6b93-43f3-9902-5d0e07a7ab74,RenewableDispatch,Utility_PV_ReV_Grid_86 Utility_Scale_PV_ReV-Limited_Land_Use~new,969006,pr100,True,True,186.00112179716155,186.00112179716155,,PVe,upv,medium
0ca4ab96-3e58-4b8d-8d0f-482748f68c72,RenewableDispatch,generator-97154-1,97154,pr8,False,True,17.8,17.8,,PVe,upv,medium
99d41019-31c1-42b6-856e-4373a3293154,RenewableDispatch,JOBOS115 Tranche_1_Solar-Planned_RE~new,8,pr8,True,True,32.1,32.1,,PVe,upv,medium
e62fdd48-fb4e-4fed-8c6b-952d23fa3357,RenewableDispatch,Utility_PV_ReV_Grid_1560 Utility_Scale_PV_ReV-Limited_Land_Use~new,931756,pr8,True,True,199.024,199.024,,PVe,upv,medium
fecdffd6-27d3-4017-98da-e50b5254fc94,RenewableDispatch,generator-97204-1,97204,pr102,False,True,20.0,20.0,,PVe,upv,medium
0c8b840a-cf23-48a7-b599-80d9c685eee4,RenewableDispatch,generator-97074-1,97074,,False,True,33.50000000000001,33.50000000000001,,PVe,upv,medium
8c615b1e-87c8-4b3f-b3e4-4ae453de4e04,HydroDispatch,generator-6-1,6,pr213,False,True,9.4,4.447,,HY,hydED,high
2b8c5d5d-6872-4f17-88af-c053bae6c507,HydroDispatch,generator-288-1,288,,False,True,7.0,2.0,,HY,hydED,high
2758650c-3374-4b9b-9c85-120fe9c7504d,HydroDispatch,generator-25-1,25,pr2,False,True,8.0,1.7500000000000002,,HY,hydED,high
4854e541-f224-4c75-b489-395df75ddd99,HydroDispatch,generator-1109-1,1109,pr213,False,True,2.0000000000000004,0.0,,HY,hydED,high
d58fc23f-dc4b-4097-bcaf-5a44aaedccc7,HydroDispatch,generator-258-1,258,pr38,False,True,4.0,4.0,,HY,hydED,high
3523e21e-5d0c-4a1e-b514-e1cf1cd6b41d,HydroDispatch,generator-37-1,37,pr38,False,True,14.999999999999998,11.291,,HY,hydED,high
63b7ef4e-9859-47cd-8b30-da5a1999568a,HydroDispatch,generator-290-1,290,pr290,False,True,18.0,0.0,,HY,hydED,high
e42d11e7-f8ce-4cdd-8ce5-55749183dfe4,HydroDispatch,generator-17-1,17,pr16,False,True,5.000000000000001,0.0,,HY,hydED,high
cbee1d7e-8a9c-4f96-9491-efe43c1d7719,HydroDispatch,generator-26-1,26,pr169,True,True,20.0,0.0,,HY,hydED,high
81af728c-f206-4775-922c-92dea64874b1,HydroDispatch,generator-303-1,303,,False,True,5.000000000000001,4.0,,HY,hydED,high
01b765db-8ef9-492f-9f4f-3ea555647edf,GenericBattery,generator-97049-1,97049,pr97047,False,True,18.6,0.0,,BA,battery_4,medium
b0b008dc-4d07-49fa-8591-3d87c25e5711,GenericBattery,generator-97105-1,97105,,False,True,6.0,0.0,,BA,battery_4,medium
11f50f1f-0130-4a43-901f-f4627a47b2bc,GenericBattery,generator-344-1,344,pr85,False,True,20.0,0.0,,BA,battery_4,medium
9ad65b68-584d-40b4-8101-a39094b464f7,GenericBattery,generator-97025-1,97025,pr97021,False,True,5.0,0.0,,BA,battery_4,medium
8f639616-2d4d-40c1-8a5b-980254a1b7b6,GenericBattery,MAYAGUEZVIC UtilityScale_Battery_Storage_4Hr-capex~new,204,pr204,True,True,49.24864540931974,49.24864540931974,,BA,battery_4,medium
f48169a0-b094-4c98-b792-6997aefe150e,GenericBattery,generator-97085-1,97085,pr313,False,True,4.5,0.0,,BA,battery_4,medium
7ddedec6-c8c3-4a2e-b52c-43fa5e994b80,GenericBattery,MAYAGUEZVIC UtilityScale_Battery_Storage_10Hr-capex~new,204,pr204,True,True,94.05991600072137,94.05991600072137,,BA,battery_4,medium
90f340dd-d128-438b-810f-c6ed6b2633dd,GenericBattery,BAYAMON230 UtilityScale_Battery_Storage_4Hr-capex~new,99,pr99,True,True,444.60315541826037,444.60315541826037,,BA,battery_4,medium
b69f50ad-6abc-4cd2-960e-d387c1a4bb4a,GenericBattery,generator-97005-1,97005,pr8,False,True,4.8,0.0,,BA,battery_4,medium
e5fce763-7907-41b2-af3c-2b45ea7662a7,GenericBattery,generator-97115-1,97115,pr100,False,True,9.562,0.0,,BA,battery_4,medium
ecc09fc1-5f42-40d0-b159-bed18b645a7d,GenericBattery,generator-97035-1,97035,pr82,False,True,2.0,0.0,,BA,battery_4,medium
b492aae2-8853-470f-87bd-3db1fdaba941,GenericBattery,BAYAMON230 UtilityScale_Battery_Storage_10Hr-capex~new,99,pr99,True,True,302.6031063562865,302.6031063562865,,BA,battery_4,medium
e6c8c81c-dd13-4993-b959-1d1306113da0,GenericBattery,CAMBGP230 UtilityScale_Battery_Storage_4Hr-capex~new,440,pr440,True,True,246.14819917241985,246.14819917241985,,BA,battery_4,medium
