branch_uuid,branch_type,branch_name,from_bus,to_bus,from_kv,to_kv,r_pu,x_pu,rate_input_pu,rate_mw_assuming_system_base,suspect_unlimited_rating,from_region,to_region,is_region_boundary
4564b5be-16bc-4379-8525-415f457a1bf0,Line,INABON      -692_HOSP SANCRIS-700~1,692,700,38.0,38.0,0.0006,0.0025,0.48,48.0,False,pr313,pr313,False
d7265087-72d3-40cc-86db-2e36875347fc,Line,0133        -34602_0131        -34603~1,34602,34603,38.0,38.0,0.071949,0.100976,0.2,20.0,False,pr8,pr8,False
801f45fb-e251-465c-b078-5a434306f09c,Line,BARTOLO     -647_INDIERA     -648~1,647,648,38.0,38.0,0.042,0.0494,0.204,20.4,False,pr169,pr169,False
95987e2d-0eb1-44d8-adc5-2c0fcfe4bae3,Line,BAY VIEW    -64_BACARDI 1877-465~1,64,465,38.0,38.0,0.002819,0.018723,0.76,76.0,False,pr63,pr63,False
dbc9098c-23ff-447d-a678-3c0d911c4dee,Line,CAPARRA SEC -65_TRIPLE S    -671~1,65,671,38.0,38.0,0.0067,0.020826,0.4,40.0,False,pr87,pr87,False
92e4dd12-7bcc-4832-9f67-d415a624e6d6,Line,VILLAMIL    -130_10600-15NO  -13001~1,130,13001,38.0,38.0,0.00138,0.00184,0.4,40.0,False,pr86,pr86,False
d9a2a602-0db2-48ae-b986-ba3d89628b20,Line,FLEXIBLEPACK-913_UPR BAYAMON -914~1,913,914,38.0,38.0,0.00298,0.00931,0.4,40.0,False,pr45,pr45,False
d7ec73e2-fc55-483c-aaf5-778727cfa7a4,Line,CERAMCO     -785_OWENS LP    -786~1,785,786,38.0,38.0,0.022757,0.025725,0.2,20.0,False,pr234,pr234,False
4aef770e-2eff-475a-aaa8-2a06446060b2,Line,TAFT        -133_MUSEOARTE PR-205~1,133,205,38.0,38.0,0.020768,0.025392,0.2,20.0,False,pr392,pr392,False
dfd77aac-3cd9-42df-886b-6c3d4306a30a,Line,BAIROA      -201_FERRERO     -654~1,201,654,38.0,38.0,0.022523,0.07469,0.48,48.0,False,pr21,pr21,False
508dd668-34c6-4377-accf-de6a3ed89778,Line,CDTSVILLALBA-329_CANARICO    -678~1,329,678,38.0,38.0,0.233322,0.28527,0.2,20.0,False,pr213,pr313,True
0807f691-f372-4bbb-97c1-80077e1e0a07,Line,AAA 3382    -572_ESC.VOC.SL  -1145~1,572,1145,38.0,38.0,0.007162,0.008756,0.19699999999999998,19.7,False,pr234,pr234,False
b4718667-f846-4fb4-ad45-a5c577811fe4,Line,VIRGENCITA  -263_AAA 9476    -601~1,263,601,38.0,38.0,0.005985,0.019846,0.48,48.0,False,pr93,pr93,False
9da71886-d25a-4bff-b190-b6a8c036b65d,Line,MOCA GIS    -1068_HEW PACKARD2-10682~1,1068,10682,38.0,38.0,0.0,0.001,1210.002566077499,121000.2566077499,True,pr100,pr100,False
aa99cfe8-f11f-452e-b72e-3784a06baf22,Line,AWNING      -573_USAF        -611~1,573,611,38.0,38.0,0.007136,0.031936,0.59,59.0,False,pr100,pr100,False
7cdc385a-3b08-4c5f-8496-b7662c0ea580,Line,COLISEO SEC -1048_HATOREYTCB2 -1154~1,1048,1154,38.0,38.0,0.0025,0.0033,0.81,81.0,False,pr87,pr87,False
97f248f0-dc80-4478-bfc8-03a5a9c5eff3,Line,DOMINGUITO  -386_TAP DOMGUITO-1106~1,386,1106,38.0,38.0,0.00205,0.013617,0.76,76.0,False,pr335,pr335,False
facf4565-7556-49fd-bc55-82b613768cf5,Line,CAONILLAS 2 -258_2400-2411NO -25801~1,258,25801,38.0,38.0,0.057,0.075,0.2,20.0,False,pr38,pr38,False
1b8d2b3b-ad24-435a-93a8-ff1bb966f612,Line,VASALLO     -630_HOSP SANCRIS-700~1,630,700,38.0,38.0,0.0006,0.0025,0.48,48.0,False,pr313,pr313,False
4661aa1e-e53d-4e92-8656-8b0504195966,Line,CRUV        -155_ESCUELA VOC -157~1,155,157,38.0,38.0,0.00129,0.00427,0.48,48.0,False,pr87,pr87,False
7bd6600f-f073-4f23-add8-bfbcd09262ae,Line,BPPR        -906_CEE         -907~1,906,907,38.0,38.0,0.005255,0.006425,0.2,20.0,False,pr87,pr87,False
2fd8bdd8-4732-4422-80ca-a2d56be39a4c,Line,BAYAMON SECT-43_HOMEDEP BAY -443~1,43,443,38.0,38.0,0.000861,0.002675,0.4,40.0,False,pr45,pr45,False
6b91be46-4812-4291-8d56-bef59ac13372,Line,MERCEDITA   -365_200-71NO    -36502~1,365,36502,38.0,38.0,0.039371,0.130562,0.48,48.0,False,pr3,pr3,False
9f1f745a-66de-4d3a-857d-b32d1648e2fd,Line,MAYAGUEZ    -28_5645        -2803~1,28,2803,38.0,38.0,0.032935,0.109215,0.48,48.0,False,pr29,pr29,False
61003288-5ec9-4f95-ace1-103d343bd2c0,Line,"Utility_PV_ReV_Grid_1472,CERRIJDIAZT~new",81,901378,38.0,38.0,0.0,0.1,0.87325,87.325,False,pr313,pr313,False
0cf67fee-a3b0-409a-a60a-7cbabc664753,Line,HERMA DAVILA-165_10700-11    -54701~1,165,54701,38.0,38.0,0.009266,0.03073,0.48,48.0,False,pr378,pr378,False
093434a1-cf60-4cea-909e-1116c9ae99ff,Line,VEGA BAJA   -42_VEGA ALTA   -89~1,42,89,38.0,38.0,0.0768,0.1517,0.76,76.0,False,pr41,pr41,False
9e8a69ae-6a36-4310-813a-898c399a8425,Line,MARTIN PEÑA -59_HATO REY TC -109~1,59,109,38.0,38.0,0.01761,0.06051,0.48,48.0,False,pr392,pr87,True
c2211dd1-f5e0-4427-8449-2b0557b5d57a,Line,LAS LOMAS   -76_10100-19    -118901~1,76,118901,38.0,38.0,7e-06,1.1e-05,0.4,40.0,False,pr87,pr87,False
05d79193-b0e8-4be6-8f45-dd434bc6ff1a,Line,S.GERMANTC38-300_1299NO      -63501~1,300,63501,38.0,38.0,0.001368,0.004537,0.48,48.0,False,pr169,pr169,False
a687f3ee-86ed-4260-bab1-2e9d457b25bb,Line,MIRAMAR     -171_PRISMA      -1041~1,171,1041,38.0,38.0,0.060082,0.06685,0.198,19.8,False,pr86,pr632,True
5043023c-4694-4774-a791-f79a498e746f,Line,EMS MAYAGUEZ-672_PROPPER     -673~1,672,673,38.0,38.0,0.01239,0.01388,0.204,20.4,False,pr116,pr116,False
e79d089c-78b7-469c-b8a0-24d7481bb52c,Line,C MEDICO SEC-69_TAP CMEDICO -142~1,69,142,38.0,38.0,0.002409,0.009005,0.4,40.0,False,pr50,pr50,False
b095e4e9-dac4-4035-958f-555159632bfd,Line,ETHICON     -536_LANCO SLOREN-910~1,536,910,38.0,38.0,0.009728,0.011893,0.19699999999999998,19.7,False,pr234,pr234,False
6102df8f-1b81-4e3a-9445-047a97fca8b3,Line,CAPUCHINOS  -55_ACB 1089    -339~1,55,339,38.0,38.0,0.001158,0.003841,0.48,48.0,False,pr84,pr84,False
ccdda33f-5a86-47c9-a241-66258d9ecf40,Line,RISER L-7900-940_WALMART JDIA-1080~1,940,1080,38.0,38.0,0.0007,0.004704,0.76,76.0,False,pr313,pr313,False
e1640cf2-aaa3-4d10-a03b-86582f9a0d64,Line,VILLA DL REY-224_ACB 621     -1067~1,224,1067,38.0,38.0,0.007852,0.05215,0.76,76.0,False,pr21,pr21,False
3aecb876-ea27-4944-b870-2c1870602272,Line,MIRAMAR     -171_ISLA GRANDE -186~1,171,186,38.0,38.0,0.0039,0.0088,0.361,36.1,False,pr86,pr86,False
4edb94e8-031c-4c92-b835-8f4bb18c84f8,Line,ICI PAINTS  -743_MOVA CAROLNA-744~1,743,744,38.0,38.0,0.001461,0.009704,0.76,76.0,False,pr82,pr82,False
d80acf01-948b-489d-9ef9-1952e18638bd,Line,DR. CENTER  -448_DAVIS&GECK  -793~1,448,793,38.0,38.0,0.0074,0.024541,0.48,48.0,False,pr153,pr153,False
8750ce5f-4447-4094-a94c-8316663653ef,Line,UTUADO      -1127_2400-2411NO -25801~1,1127,25801,38.0,38.0,0.057,0.075,0.2,20.0,False,pr38,pr38,False
09e1220b-6013-4a2f-8993-99b3f160239c,Line,TAPSERRALLES-732_ROVIRA      -1199~1,732,1199,38.0,38.0,0.087971,0.099445,0.2,20.0,False,pr3,pr3,False
fe48ba50-2ff8-4284-9df2-9f415ab5ac92,Line,AGUADILLA DH-129_SENS AGUADI -527~1,129,527,38.0,38.0,0.02185,0.03343,0.408,40.8,False,pr32,pr32,False
4dc0e411-67ac-4454-8666-d7b4c36a9c2c,Line,MARTINPEÑAB2-1155_AUTO DE CAR2-11551~1,1155,11551,38.0,38.0,0.0,0.001,1210.002566077499,121000.2566077499,True,pr392,pr392,False
456e5c97-004f-4909-a8f0-7311cb623705,Line,QUINTANA NO -950_AUXILIOMUTUO-951~1,950,951,38.0,38.0,0.00386,0.01281,0.48,48.0,False,pr87,pr87,False
afbd17fc-4b96-4d4a-9198-d702ff41a83c,Line,NAVY VIEQUES-581_PUNTA ARENA -1033~1,581,1033,38.0,38.0,0.169529,0.22258,0.22399999999999998,22.4,False,pr101,pr101,False
84faf40a-f7e7-4936-874f-8ccc3984cac3,Line,JOBOS 38    -94_REYNOLDS    -287~1,94,287,38.0,38.0,0.0124,0.0205,0.19699999999999998,19.7,False,pr8,pr8,False
0c6bc237-ddb1-4cef-b7c8-3dc8fe0deb3f,Line,RAMEY 2     -385_UPR AGUDILLA-794~1,385,794,38.0,38.0,0.00632,0.009669,0.408,40.8,False,pr32,pr32,False
c7889ba2-9e76-4161-ae4b-b8b194d4e447,Line,EL NUEVO DIA-723_MATO SANTOS -724~1,723,724,38.0,38.0,0.00186,0.00582,0.4,40.0,False,pr87,pr87,False
2f5e4c00-6c53-4b6d-8608-00461d9c157c,Line,NARANJO     -327_PROD.CANTERA-639~1,327,639,38.0,38.0,0.040484,0.049498,0.2,20.0,False,pr313,pr313,False
1c471914-c168-47f6-a638-9f3c16812a3e,Line,CORANGE     -323_KMART PONCE -1011~1,323,1011,38.0,38.0,0.006031,0.02,0.48,48.0,False,pr103,pr103,False
c3cd0565-d41d-4f8f-b0b6-98d0697a5c64,Line,ELI LILLY-W -182_TAP BARRAZAS-1130~1,182,1130,38.0,38.0,0.003697,0.015904,0.76,76.0,False,pr82,pr85,True
87f100d6-efed-4843-93e6-0db74d6a84e7,Line,PLAYTEX     -772_CDT COMERIO -773~1,772,773,38.0,38.0,0.005776,0.007062,0.204,20.4,False,pr275,pr275,False
419462ec-55f9-4644-8323-fd3be1b7ff2c,Line,CATAÑO SEC  -46_CARIB PETROL-790~1,46,790,38.0,38.0,0.0088,0.0329,0.48,48.0,False,pr45,pr45,False
beae6d70-a7ae-48fb-874b-0b648a5ae948,Line,PLAYTEX     -746_EMERSON     -748~1,746,748,38.0,38.0,0.013137,0.01201,0.4,40.0,False,pr93,pr93,False
ee70ddf0-0ece-405c-99f6-a365d4cf6ef7,Line,VIEQUES SEC -1039_CULEBRAT.OFF-1181~1,1039,1181,38.0,38.0,0.321825,0.223878,0.19,19.0,False,pr101,pr101,False
644f6fb2-a0c8-4f88-bc2a-ed5ae2793d85,Line,TOA  ALTA   -493_9400-01C    -9202~1,493,9202,38.0,38.0,0.081158,0.099228,0.2,20.0,False,pr93,pr93,False
85fa76d2-163a-4f5f-be19-f670f6fa3b59,Line,VETERANO    -693_CBA JDIAZ   -1177~1,693,1177,38.0,38.0,0.008839,0.010807,0.2,20.0,False,pr313,pr313,False
2cc768b4-1bc3-4db7-b20d-168091a0a4b5,Line,ACB 5611    -390_BAXTER      -1082~1,390,1082,38.0,38.0,0.003555,0.004019,0.2,20.0,False,pr32,pr32,False
3f93a921-a4ad-49d2-bfe1-72452da6ff99,Line,HATO TEJAS  -90_10700-05A   -101902~2,90,101902,38.0,38.0,1.1e-05,7.5e-05,0.76,76.0,False,pr378,pr378,False
dfbfc4cd-dfd9-422b-a76d-ef00d86096bf,Line,DR. CENTER  -448_XTRA MANATI -716~1,448,716,38.0,38.0,0.001171,0.003884,0.48,48.0,False,pr153,pr153,False
f2224369-96d4-4720-8bb7-761635f95502,Line,FUETAGUAVIVA-564_AEROPUERTO  -1075~1,564,1075,38.0,38.0,0.008705,0.030048,0.4,40.0,False,pr84,pr84,False
cc82b35e-fc0b-4de0-b50d-064fb174dd76,Line,CAMUY WWTP  -623_QUEBTAP     -1016~1,623,1016,38.0,38.0,0.026287,0.087376,0.48,48.0,False,pr100,pr100,False
08dec6a6-e433-4069-9ce8-72f138a653f4,Line,ESPLAS      -426_REEDCO      -763~1,426,763,38.0,38.0,0.001609,0.005335,0.48,48.0,False,pr14,pr14,False
c8218a6b-a59a-4217-8ded-4c6289687f9c,Line,UIA FAJARDO -718_TAP W LAMBER-1134~1,718,1134,38.0,38.0,0.001553,0.005151,0.48,48.0,False,pr18,pr18,False
33610a6b-c3be-4834-84a3-52db5ddeb684,Line,BARCELONETA -97_AIR MASTER  -791~1,97,791,38.0,38.0,0.01415,0.04691,0.48,48.0,False,pr102,pr102,False
5a791972-e237-40e3-a195-b7e8645ce528,Line,AAASEGIOCUEV-521_SAINT JUST  -522~1,521,522,38.0,38.0,0.029812,0.03645,0.204,20.4,False,pr85,pr85,False
c60c51dc-b1fd-40b4-a658-c56608446db5,Line,TAP DOMGUITO-1106_2100-37NO   -50401~1,1106,50401,38.0,38.0,0.021491,0.142738,0.76,76.0,False,pr335,pr335,False
490e4dc7-6295-4381-b25f-4f85a4d1d492,Line,XTRA 7875   -680_2000-19NO   -3405~1,680,3405,38.0,38.0,0.008919,0.029577,0.48,48.0,False,pr35,pr35,False
ed6d2076-ecdc-4dee-9a7a-091b5f10217e,Line,TAP S.JOSÉ  -1128_AAA 8174    -1169~1,1128,1169,38.0,38.0,0.015812,0.02069,0.198,19.8,False,pr38,pr38,False
47543936-9b12-4f4c-8f01-e77db08dce75,Line,HAMILTON    -450_TAPHAMILTON -1152~1,450,1152,38.0,38.0,0.015572,0.017603,0.2,20.0,False,pr296,pr296,False
30805a02-44b5-4af8-867a-ca6006c4bf42,Line,AAA 2774    -413_3047NO1     -41301~1,413,41301,38.0,38.0,0.049134,0.060074,0.2,20.0,False,pr16,pr16,False
41de321a-0011-4be5-92f9-982c632df996,Line,CAGUAX      -199_UNIV. TURABO-574~1,199,574,38.0,38.0,0.01119,0.03686,0.48,48.0,False,pr21,pr21,False
42261d5a-ccd3-4760-9ec2-aa26153b8a3c,Line,PUERTATIERRA-132_COVADONGA   -138~1,132,138,38.0,38.0,0.0055,0.007,0.223,22.3,False,pr632,pr632,False
ff212a77-10e4-40ac-a9b4-1f214d6569d8,Line,MC NEILL    -248_EMERSON     -748~1,248,748,38.0,38.0,0.002059,0.006829,0.48,48.0,False,pr93,pr93,False
e1237905-cab4-46fc-9e45-9433e79dc74d,Line,ACME FT     -975_PHARMA SEAL -1046~1,975,1046,38.0,38.0,0.005255,0.006425,0.204,20.4,False,pr93,pr93,False
2f16d489-af8c-435c-b654-ceccf9f6bbb6,Line,YAUCO 1     -26_INDIERA     -648~1,26,648,38.0,38.0,0.0841,0.0989,0.204,20.4,False,pr169,pr169,False
8338eee7-0d5c-4db2-9e47-24c9267551d9,Line,GRANDE      -982_ACB 3199    -1193~1,982,1193,38.0,38.0,0.059076,0.072228,0.2,20.0,False,pr85,pr85,False
dcddf309-1336-472f-8972-4e34745dc29a,Line,BEST BUY    -799_KMART       -900~1,799,900,38.0,38.0,0.017657,0.021589,0.2,20.0,False,pr87,pr87,False
1747f4f1-afbb-43d7-b6f8-8f908d5b5d0f,Line,SYNTEX      -351_POLICIA HUM -1086~1,351,1086,38.0,38.0,0.008044,0.026675,0.48,48.0,False,pr14,pr14,False
50150e11-2e1b-4f38-a5ba-7bc747229779,Line,MARTIN PEÑA -59_AUTO DE CAR1-5911~1,59,5911,38.0,38.0,0.0,0.001,1210.002566077499,121000.2566077499,True,pr392,pr392,False
cb9e25b1-d429-48d2-9b2a-d6409744a0c5,Line,BETTER ROADS-682_HOSP CAROLNA-1081~1,682,1081,38.0,38.0,0.006587,0.021845,0.79,79.0,False,pr85,pr85,False
fad19523-20f2-4d87-8ca6-55ee33fd3372,Line,PALO SECO   -62_HOMEDEP BAY -443~1,62,443,38.0,38.0,0.062743,0.195015,0.4,40.0,False,pr63,pr45,True
3cb3ddf9-a83e-406b-b096-51e988c4fff8,Line,CUTLER HAMER-590_ADS         -1117~1,590,1117,38.0,38.0,0.002239,0.007426,0.48,48.0,False,pr40,pr40,False
8ceecd39-0574-4cc5-aff5-0af9161c2b67,Line,MERCK       -591_TAP ACB2285C-1153~1,591,1153,38.0,38.0,0.020463,0.067861,0.48,48.0,False,pr102,pr102,False
c223bdf2-3079-4355-8cbd-53d800f11983,Line,BALDRICH    -54_AUXILIOMUTUO-951~1,54,951,38.0,38.0,0.00386,0.01281,0.48,48.0,False,pr87,pr87,False
f9254739-f62f-48c4-8806-e579dc2ce66b,Line,S.ISABEL SEC-7_TAPHAMILTON -1152~1,7,1152,38.0,38.0,0.001452,0.001641,0.2,20.0,False,pr296,pr296,False
cd3847e8-faa2-49e5-bd4b-a8d5c636294d,Line,SPRINT      -706_ROOMS TO GO -1094~1,706,1094,38.0,38.0,0.052134,0.063741,0.2,20.0,False,pr378,pr378,False
34f68ea5-b8d2-4290-bec8-fc3e8c610aa8,Line,DERCOM      -784_3500-05B    -34502~1,784,34502,38.0,38.0,0.003153,0.003564,0.2,20.0,False,pr234,pr234,False
f491f562-2c9e-4490-b544-e16066322a2b,Line,STEELPROCSOR-446_UNIONCARBIDE-780~1,446,780,38.0,38.0,0.001019,0.003167,0.4,40.0,False,pr45,pr45,False
3720142a-5ac3-427a-adda-eca9b7206e9c,Line,MERCK       -591_UNE         -592~1,591,592,38.0,38.0,0.019524,0.064746,0.48,48.0,False,pr102,pr102,False
9d55b26b-39e1-431c-818b-4f7ae971013a,Line,HORIZON     -1813_HORIZON_HV  -97001~1,1813,97001,38.0,38.0,0.0,0.0001,12100.025660774989,1210002.566077499,True,pr8,pr8,False
e0a9361a-5837-4202-96fc-1e4c0e215a10,Line,LAS MESAS NO-370_MARICAO NO  -371~1,370,371,38.0,38.0,0.266954,0.32639,0.2,20.0,False,pr29,pr29,False
ccad853b-b920-4e5c-bf36-94fe187ad137,Line,TREN LOMAS  -618_16400-19    -61801~1,618,61801,38.0,38.0,0.000832,0.001802,0.408,40.8,False,pr87,pr87,False
0d21d52c-a930-4dcd-8276-9f254003a125,Line,ASDA ARECIBO-589_2200-07D    -3903~1,589,3903,38.0,38.0,0.025483,0.084506,0.48,48.0,False,pr40,pr40,False
c9dd4ee2-62f4-47f0-90b0-3f6f1d9551e2,Line,HATILLO     -174_HATILLO NO  -274~NO,174,274,38.0,38.0,0.0,0.001,1210.002566077499,121000.2566077499,True,pr335,pr335,False
bd5a71fb-550d-4156-9650-33d213cf0e6a,Line,BACARDI 1   -946_INTER SHIP  -949~1,946,949,38.0,38.0,0.012233,0.014957,0.2,20.0,False,pr87,pr87,False
6dc9fc8a-1c9a-4097-994d-46d19de535d3,Line,TAP 3145    -124_3100-07NO   -98201~1,124,98201,38.0,38.0,0.016432,0.02009,0.2,20.0,False,pr85,pr85,False
3bc58243-0686-4454-80fb-c75f3735049b,Line,BACARDI 1877-465_BACARDI 1876-969~1,465,969,38.0,38.0,0.00186,0.00582,0.4,40.0,False,pr63,pr63,False
058111b4-3c88-4624-833c-9432c83f50d1,Line,SAN GERMAN  -27_UIA S.GERMAN-427~1,27,427,38.0,38.0,0.00042,0.000514,0.2,20.0,False,pr169,pr169,False
97287634-df77-4e97-a60b-2616ce3bb6a7,Line,MARINA PTO  -614_PTO DEL REY -1084~1,614,1084,38.0,38.0,0.011704,0.038815,0.48,48.0,False,pr18,pr18,False
4d842951-66ea-4f89-b9e1-b4309680bc37,Line,HORIZON     -1813_200-41C     -108901~1,1813,108901,38.0,38.0,0.009898,0.032826,0.48,48.0,False,pr8,pr8,False
ab76cbc1-ffa5-4bd8-b8a6-7ab8fc0e73ac,Line,ISABELA PBLO-561_13700-09NO  -56302~1,561,56302,38.0,38.0,0.000216,0.000717,0.48,48.0,False,pr100,pr100,False
39d95284-2ff3-400e-9390-ecf8bb249124,Line,IMPRENTA    -721_AYERST WYETH-722~1,721,722,38.0,38.0,0.000299,0.001989,0.76,76.0,False,pr87,pr87,False
508a8734-fa85-4544-a726-65fc9a943478,Line,SAN LORENZO -194_ACB9301     -1190~1,194,1190,38.0,38.0,0.022358,0.027336,0.19699999999999998,19.7,False,pr234,pr234,False
295dd04a-bea3-4522-b4bc-cad56d826cbb,Line,CIDRA SECC. -221_JENSEN      -251~1,221,251,38.0,38.0,0.009374,0.031088,0.48,48.0,False,pr10,pr10,False
a7049c5f-59e3-4000-9d71-ebad149443c5,Line,H TEJAS TC  -379_PANAME GRAIN-708~1,379,708,38.0,38.0,0.004824,0.03204,0.76,76.0,False,pr378,pr378,False
dcdd709b-0305-42bb-bfe8-ef691130a031,Line,SAN DANIEL  -552_PLAZA NORTE -554~1,552,554,38.0,38.0,0.01242,0.028665,0.316,31.6,False,pr335,pr335,False
9147c764-25c3-4ca9-a9ce-fedbe08738f6,Line,MOCA GIS    -1068_PRIDCO2     -10681~1,1068,10681,38.0,38.0,0.0,0.001,1210.002566077499,121000.2566077499,True,pr100,pr100,False
57e17049-e3a8-4b76-b5b9-48be4f48b442,Line,RAMALLO     -454_V. SUAREZ   -1167~1,454,1167,38.0,38.0,0.002188,0.007256,0.48,48.0,False,pr21,pr21,False
fefc98d2-6e9f-456b-8a3d-fe76ee4e6256,Line,PALMER      -179_RGRAND STATE-468~1,179,468,38.0,38.0,0.0063,0.0503,0.48,48.0,False,pr211,pr211,False
8e83da0f-310e-4b0f-b543-6601a1e9b224,Line,BEST BUY    -799_TAP L7500   -1119~1,799,1119,38.0,38.0,0.008131,0.009941,0.2,20.0,False,pr87,pr87,False
1888796d-291c-48aa-bc78-2fbfca14aa1f,Line,MANATI TC   -148_ORTHO PHARMA-444~1,148,444,38.0,38.0,0.006435,0.02134,0.48,48.0,False,pr153,pr153,False
04d0c120-c958-4cb5-8895-9d43c64fca07,Line,SWITCHGEAR  -97082_V ALEGRE MV -97083~1,97082,97083,13.2,13.2,0.0,5.7e-05,21228.115194342085,2122811.5194342085,True,pr313,pr313,False
2aa01b85-5b56-49af-89f5-29fbcbcf59cd,Line,QUEBRA PB NO-1064_COLISEO RAY -1171~1,1064,1171,38.0,38.0,0.009966,0.033051,0.48,48.0,False,pr100,pr100,False
be004970-a4d4-4b1d-ade5-8d8eea938aac,Line,GCB 3760    -660_XTRA 4079   -1010~1,660,1010,38.0,38.0,0.01899,0.06298,0.48,48.0,False,pr8,pr8,False
57a012b2-2312-4c0f-b062-2ded1abc1fa4,Line,GUARAGUAO   -13_ESC JOSE ARC-1097~1,13,1097,38.0,38.0,0.09009,0.29876,0.2,20.0,False,pr45,pr45,False
99c98fdc-adab-4eec-83be-36352f015819,Line,MOCA GIS    -1068_HEW PACKARD1-10683~1,1068,10683,38.0,38.0,0.0,0.001,1210.002566077499,121000.2566077499,True,pr100,pr100,False
3f930e17-4113-4dec-8bcf-ba42e861fbbe,Line,COMSAT      -250_15C         -101401~1,250,101401,38.0,38.0,0.001116,0.003703,0.48,48.0,False,pr10,pr10,False
5a82f86c-5b0b-4092-a0cf-db981f10f4ed,Line,AAA 1171    -500_DEPTO FAMILI-1042~1,500,1042,38.0,38.0,0.005627,0.037372,0.76,76.0,False,pr392,pr392,False
c641349b-ef72-4114-b3b8-8ae1e92b452f,Line,JUANA DIAZ  -193_CANARICO    -678~1,193,678,38.0,38.0,0.001034,0.001264,0.2,20.0,False,pr313,pr313,False
8a7443c0-ad48-41d1-98de-b02d83c8ac98,Line,AGUILITA    -458_0135A       -45802~1,458,45802,38.0,38.0,0.084886,0.0987,0.2,20.0,False,pr3,pr313,True
dbb82ed7-5dfa-4cfe-a363-8e55b24900d8,Line,VENEZUELA   -51_FONDOSECUPEY-754~1,51,754,38.0,38.0,0.00492,0.01633,0.79,79.0,False,pr84,pr84,False
cf9c0c3d-ced4-4aa0-9876-322aabf2f1fd,Line,0237A       -8101_0235A       -36501~1,8101,36501,38.0,38.0,0.135189,0.15282,0.2,20.0,False,pr3,pr3,False
ef32b056-b503-4560-97dd-04a2b0ccd97d,Line,PONCE 38    -4_1800-NO     -60801~1,4,60801,38.0,38.0,8.6e-05,0.000286,0.48,48.0,False,pr3,pr3,False
80ce3ca5-9618-4dda-be08-b5bc082053d7,Line,AGUADILLA DH-129_TBONE NO    -1071~1,129,1071,38.0,38.0,0.06363,0.070195,0.2,20.0,False,pr32,pr32,False
55dcd9fa-d12b-4e59-9965-e15d9de9289c,Line,TALLABOA    -324_PENITENCIARI-638~1,324,638,38.0,38.0,0.029915,0.099207,0.48,48.0,False,pr2,pr2,False
a58928f1-f955-47f8-9dd2-8bd561517f1c,Line,MOCA_SW     -97101_BATTERY_MV  -98003~1,97101,98003,13.8,13.8,0.00062,0.00071,1283.6823658271328,128368.23658271327,True,pr100,pr100,False
9e99923b-235d-4496-9777-5bc11b25262c,Line,MITA        -455_POLITECNICA -1113~1,455,1113,38.0,38.0,0.033272,0.03702,0.2,20.0,False,pr87,pr87,False
94965f83-a2b4-4e3d-8823-6752073a543e,Line,L3000 B     -997_ESC CLARA   -1096~1,997,1096,38.0,38.0,0.053391,0.06527,0.2,20.0,False,pr234,pr234,False
39f5afa7-9a10-433c-80c6-fa6a7816f39d,Line,J DIAZ TC   -325_MERCEDES PON-1020~1,325,1020,38.0,38.0,0.009588,0.063679,0.76,76.0,False,pr313,pr313,False
365a34c2-9f67-43c9-bc80-e09a5d462f21,Line,GOLF 1      -1003_SANJUANMEAT -1004~1,1003,1004,38.0,38.0,0.016615,0.087915,0.48,48.0,False,pr296,pr296,False
0e320fd0-564c-435e-aa66-e902f3d44188,Line,AIBONITO    -210_H.MENONITA  -696~1,210,696,38.0,38.0,0.005453,0.006164,0.2,20.0,False,pr10,pr10,False
92dfbdbb-acc3-4b69-b7b8-b9df49d5b6d5,Line,S.GERMANTC38-300_GE SGM      -316~1,300,316,38.0,38.0,0.02894,0.09602,0.48,48.0,False,pr169,pr169,False
852ec663-c68c-4805-8d7d-9c5f7dd14e9f,Line,BOQUERON    -119_LAJAS       -143~1,119,143,38.0,38.0,0.1094,0.3006,0.19699999999999998,19.7,False,pr169,pr169,False
e3c4c33b-1550-4c7a-b5a5-d35249240af8,Line,FAJARDO 2   -295_PALL FAJARDO-613~1,295,613,38.0,38.0,0.010721,0.035552,0.48,48.0,False,pr18,pr18,False
724c8e9d-489b-4e5d-98b9-3a483806c1cc,Line,BERWIND 38  -123_MALL OF S.J.-1205~1,123,1205,38.0,38.0,0.0001,0.001,0.48,48.0,False,pr84,pr84,False
fac403b0-81f5-42f3-852a-578d9efb104e,Line,COMERIO     -12_ESC JOSE ARC-1097~1,12,1097,38.0,38.0,0.13032,0.15934,0.2,20.0,False,pr275,pr45,True
5e918037-ab30-4ece-acc8-38546fa7640a,Line,NATIONAL    -963_EL COMANDANT-964~1,963,964,38.0,38.0,0.002141,0.014218,0.76,76.0,False,pr82,pr82,False
7a500de8-e1c6-44e3-871f-13893e95bc40,Line,CENTRJUVENIL-733_TAP9600     -1178~1,733,1178,38.0,38.0,0.000125,0.000466,0.4,40.0,False,pr45,pr45,False
490159b5-4a38-4a4c-bbb1-2209e89638f2,Line,XTRA ARECIBO-587_6900-07BNO  -22801~1,587,22801,38.0,38.0,0.017625,0.058451,0.48,48.0,False,pr40,pr335,True
968f63ae-bc98-4ec3-abae-c2c5d347ea47,Line,"Utility_PV_ReV_Grid_1559,AGUIRRE115~new",1813,904330,38.0,38.0,0.0,0.1,0.64001,64.00099999999999,False,pr8,pr8,False
0885e9ee-11f3-44fb-96e9-35178b693c95,Line,AAA 8091    -439_16309NO     -43901~1,439,43901,38.0,38.0,0.012953,0.042953,0.48,48.0,False,pr40,pr40,False
4b3b09d6-c906-496f-a2b2-93a7c6e8a3a9,Line,EZEM CARIBE -537_ACB 9323    -1202~1,537,1202,38.0,38.0,0.021053,0.069816,0.19699999999999998,19.7,False,pr234,pr234,False
69481552-57aa-4af6-a64a-696956c07d3e,Line,CAR.GUERRERO-411_ISABELA PLT3-562~1,411,562,38.0,38.0,0.029878,0.03653,0.2,20.0,False,pr100,pr100,False
92223bc2-7988-495c-898a-5fdb6a124c9f,Line,FAJARDO     -19_3171NO      -61201~1,19,61201,38.0,38.0,0.005005,0.016596,0.48,48.0,False,pr18,pr18,False
3cad8a18-4ab7-4451-960e-e6f844fb6c53,Line,MORA 38     -181_XTRA ISABELA-433~1,181,433,38.0,38.0,0.0001,0.001,0.48,48.0,False,pr100,pr100,False
9b253a1e-195b-46b5-bbe2-1432660d7a2b,Line,ILLUMINA_MV -97253_ILUMINA_LV  -98001~1,97253,98001,13.2,13.2,0.05839,0.0422,16.79549862342804,1679.5498623428039,False,pr8,pr8,False
656f1688-9946-4469-8f29-844a818141ef,Line,A.BUENAS SEC-207_COMERIO 38  -276~1,207,276,38.0,38.0,0.34956,0.4825,0.204,20.4,False,pr21,pr275,True
ef9a64c6-113d-4d81-bd5a-39a109da9049,Line,SAN JOSE    -1121_2400-75NO   -112801~1,1121,112801,38.0,38.0,0.022134,0.027062,0.2,20.0,False,pr38,pr38,False
55da4727-6148-4d0d-8d7b-6d0f2b0a1ba3,Line,ROYAL       -1047_POLITECNICA -1113~1,1047,1113,38.0,38.0,0.008181,0.009103,0.2,20.0,False,pr87,pr87,False
7926b2dc-e090-4ad8-8bd0-75e13ae67041,Line,LOS ANGELES -137_15300-95B   -13701~1,137,13701,38.0,38.0,0.0123,0.0321,0.763,76.3,False,pr84,pr84,False
a19c824d-b11c-479e-85f9-f922e647e43e,Line,SJUAN CEMENT-95_SANTA ANA   -395~1,95,395,38.0,38.0,0.020968,0.03208,0.4,40.0,False,pr93,pr93,False
b2580111-0b60-4a2c-ba8f-9096f15d9738,Line,PAPRI       -1089_0231        -108902~1,1089,108902,38.0,38.0,0.009809,0.025688,0.48,48.0,False,pr8,pr8,False
df227a88-759f-4030-befd-4abeb7cab762,Line,NAGUABO     -238_BECKMAN     -697~1,238,697,38.0,38.0,0.016438,0.020097,0.2,20.0,False,pr16,pr16,False
cd8f075c-940f-4947-8cf3-afe645b4a1b7,Line,PEPSI COLA  -603_SUPER ACU TB-1030~1,603,1030,38.0,38.0,0.0026,0.003179,0.204,20.4,False,pr93,pr93,False
cbced6cd-e0d9-4345-88d6-90c8a8861667,Line,BLOQ.CARMELO-933_FAMOSA      -934~1,933,934,38.0,38.0,0.001416,0.004695,0.48,48.0,False,pr378,pr378,False
f2cc2232-f882-42f5-a330-404f8c7452c5,Line,AGUADILLA   -31_AAA 7291    -1015~1,31,1015,38.0,38.0,0.010167,0.033717,0.48,48.0,False,pr32,pr32,False
77348d77-722d-41b6-911a-8cccd5b29958,Line,LAS CRUCES  -261_SABANERA    -475~1,261,475,38.0,38.0,0.035135,0.116516,0.48,48.0,False,pr10,pr10,False
18d6fb9f-9bec-4167-b909-f4dc7160e77f,Line,CAGUAS      -22_MOVA CAGUAS -688~1,22,688,38.0,38.0,0.004028,0.013359,0.48,48.0,False,pr21,pr21,False
0e888e46-9e72-4569-879a-cabaa9a55be1,Line,MICROSOFT   -473_12600-71NO  -47301~1,473,47301,38.0,38.0,0.00172,0.005704,0.48,48.0,False,pr14,pr14,False
65065291-19e8-4c10-8c76-2c0c92b7fa7c,Line,BREÑAS      -237_PROMED      -1174~1,237,1174,38.0,38.0,0.054182,0.124533,0.4,40.0,False,pr93,pr93,False
0b4e6bbd-ac63-475d-beba-69171b80999c,Line,WILLIAMS    -575_ACAD POLICIA-988~1,575,988,38.0,38.0,0.00257,0.00854,0.48,48.0,False,pr21,pr21,False
f9a3b7cb-0e47-4a2f-899c-cf257409e22a,Line,CAMBALACHE  -39_2300-09NO   -38901~1,39,38901,38.0,38.0,0.0002587,0.0008579,0.48,48.0,False,pr40,pr40,False
253aa093-4e4a-4db8-99de-b5d788fd0bf9,Line,MARTIN PEÑA -59_MARTINPEÑAB2-1155~1,59,1155,38.0,38.0,0.0,0.0001,1.6440000000000001,164.4,False,pr392,pr392,False
49c5ca1c-6ef3-4ceb-a39c-f5e26a60629d,Line,CRUZ AZUL   -449_UIA RPIEDRAS-905~1,449,905,38.0,38.0,0.007502,0.024878,0.48,48.0,False,pr50,pr50,False
5361f553-c887-44e8-8e6f-cbae6d82e4de,Line,SAN GERMAN  -27_1200-71NO   -11302~1,27,11302,38.0,38.0,0.01402,0.014905,0.2,20.0,False,pr169,pr169,False
29301c60-e3f3-4044-bc56-51da5d546eb0,Line,STEELPROCSOR-446_DANOSA      -736~1,446,736,38.0,38.0,0.000631,0.002091,0.48,48.0,False,pr45,pr45,False
444f486d-c970-49fe-b546-7549275c602e,Line,NORTH_COAS~3-97111_NORTH_COAS~1-97112~1,97111,97112,13.8,13.8,0.00082,0.00048,1273.4752713070754,127347.52713070755,True,pr100,pr100,False
ebe76662-b7bd-4779-a7e3-214549e3cbd4,Line,VOC MAY     -507_INDIA       -974~1,507,974,38.0,38.0,0.0045,0.01494,0.48,48.0,False,pr29,pr29,False
c648216d-3265-4db2-b595-756622ac5a9a,Line,BRANDERI    -337_WALMARTGUAY -640~1,337,640,38.0,38.0,0.004631,0.015356,0.48,48.0,False,pr8,pr8,False
0cb59b84-dc6d-432b-8639-62e37115f234,Line,MATO SANTOS -724_3900-29C    -72401~1,724,72401,38.0,38.0,0.000999,0.006633,0.76,76.0,False,pr87,pr87,False
2a77b0fa-6ee7-4aca-aba2-dd14a42b5079,Line,USERA       -414_AAA USERAS  -1149~1,414,1149,38.0,38.0,0.006039,0.020027,0.48,48.0,False,pr296,pr296,False
a21a6e29-e642-4595-b06b-f6e75c04c015,Line,OLAY        -758_UNICOM      -759~1,758,759,38.0,38.0,0.007387,0.024497,0.48,48.0,False,pr10,pr10,False
4f6ac6bc-d4d2-46b9-aff0-65e58b07e36d,Line,VERDE MAR   -375_ESPLAS      -426~1,375,426,38.0,38.0,0.032175,0.1067,0.48,48.0,False,pr14,pr14,False
4e3699c1-98d9-4437-8b1a-95dcf70c65e6,Line,WARN LAMBERT-643_COMAR       -777~1,643,777,38.0,38.0,0.005139,0.007109,0.2,20.0,False,pr18,pr18,False
0857e7fa-14ff-4582-a043-d1cd68678ba4,Line,PALL FAJARDO-613_WALMART FAJ -719~1,613,719,38.0,38.0,0.00529,0.017542,0.48,48.0,False,pr18,pr18,False
f2496e50-b90c-490f-92f2-4ef3814e4835,Line,SAN GERMAN  -27_SGERMAN PBLO-314~1,27,314,38.0,38.0,0.01287,0.04268,0.48,48.0,False,pr169,pr169,False
1ec28109-968d-45d6-a517-77f33fae4495,Line,AAA 4077    -435_ACB 3707    -783~1,435,783,38.0,38.0,0.001001,0.003321,0.48,48.0,False,pr8,pr8,False
3d425024-4259-46a2-9ac7-29e8067e912d,Line,CAPA MOCA   -534_ESC.VOC MOCA-679~1,534,679,38.0,38.0,0.034492,0.114382,0.48,48.0,False,pr32,pr35,True
39465898-db25-4551-b858-9c48e811abb7,Line,MADERAS     -491_FAMOSA      -934~1,491,934,38.0,38.0,0.001544,0.005122,0.48,48.0,False,pr378,pr378,False
a6d8fcb0-a65e-4cff-a4db-f046ff2f1bca,Line,"Utility_PV_ReV_Grid_1205,VIEQUES~new",581,957519,38.0,38.0,0.0,0.1,1.66607,166.607,False,pr101,pr101,False
387e0c1d-e4f4-4ff7-a368-4492279e792e,Line,BARCELONETA -97_BRISTOL     -292~1,97,292,38.0,38.0,0.02085,0.06914,0.48,48.0,False,pr102,pr102,False
8b787346-bc7f-496c-a5b0-9b15306cdf14,Line,AÑASCO TC   -301_9200-15NO   -67401~1,301,67401,38.0,38.0,0.0487,0.1609,0.204,20.4,False,pr231,pr231,False
b9c00523-b98d-49bc-96d9-c776901c97c6,Line,"Utility_PV_ReV_Grid_1480,CIRO~new",1172,981972,38.0,38.0,0.0,0.1,3.73051,373.05100000000004,False,pr8,pr8,False
369bee84-1385-473a-830d-92908cda7fcf,Line,CARCEL JUV  -625_HORIZON     -1813~1,625,1813,38.0,38.0,0.001224,0.004058,0.48,48.0,False,pr8,pr8,False
8cb2f848-8947-4f57-81a6-c933de4882d4,Line,SALINASRURAL-302_0233        -30201~1,302,30201,38.0,38.0,0.058249,0.074689,0.2,20.0,False,pr8,pr8,False
770dd3b1-ed18-4b0e-8b84-f41cd184030f,Line,MANATI TC   -148_SCHERING NO -1142~1,148,1142,38.0,38.0,0.01982,0.065727,0.48,48.0,False,pr153,pr153,False
769d9ea4-5c62-4815-918d-ff33f25da0f3,Line,CORCO       -487_OLEFIN1     -48706~1,487,48706,38.0,38.0,0.0,0.001,1210.002566077499,121000.2566077499,True,pr2,pr2,False
bec0ae1e-1580-4500-87af-b76a55cc7dab,Line,83C         -37201_27C         -37202~1,37201,37202,38.0,38.0,0.003923,0.025207,0.76,76.0,False,pr103,pr103,False
956d18a8-f593-4eae-914b-6de24eaee7e4,Line,AAA 6171    -674_9200-15NO   -67401~1,674,67401,38.0,38.0,0.02417,0.029555,0.2,20.0,False,pr231,pr231,False
d4b7db42-1cf3-413a-956c-fc16c3859e43,Line,YAUCO 1     -26_1535NO      -21601~1,26,21601,38.0,38.0,0.0,0.001,1210.002566077499,121000.2566077499,True,pr169,pr169,False
1a283758-2974-4719-b092-e4bea1c4e21c,Line,CARCEL FEDER-726_3900-29C    -72401~1,726,72401,38.0,38.0,0.000999,0.006633,0.76,76.0,False,pr87,pr87,False
88e2bc8a-a3f3-4a95-a5a6-f216ddfe26b3,Line,COMERIO     -12_COMERIO 38  -276~1,12,276,38.0,38.0,0.15908,0.2496,0.204,20.4,False,pr275,pr275,False
961c458c-8e4e-46b7-a370-3cf81c5b93c9,Line,ISABELA PLT3-562_ISLAZUL PROV-1112~1,562,1112,38.0,38.0,0.110145,0.134668,0.2,20.0,False,pr100,pr100,False
cc1b59c5-0a02-4607-be19-346feef09632,Line,BAYAMON TC  -44_COSTCO      -1144~1,44,1144,38.0,38.0,0.002308,0.007173,0.4,40.0,False,pr45,pr45,False
b5f34df0-8d6a-464f-a763-4e9e9bbdf15b,Line,GE VEGA ALTA-593_AAA MONT    -991~1,593,991,38.0,38.0,0.02049,0.03217,0.4,40.0,False,pr93,pr93,False
f10756c3-caff-46fc-9c32-09ef35e682ae,Line,SAN GERMAN  -27_1605NO      -2701~1,27,2701,38.0,38.0,0.00563,0.01867,0.48,48.0,False,pr169,pr169,False
697eaea4-7ea9-465e-96a4-e1fb3ebb2a60,Line,AGUADILLA DH-129_COMPLEJO DEP-1005~1,129,1005,38.0,38.0,0.00392,0.028075,0.76,76.0,False,pr32,pr32,False
76973b5c-4e9e-4507-b7e2-5d9f811eb5d3,Line,HUMACAO TC  -98_5300-71NO   -35101~1,98,35101,38.0,38.0,6.4e-05,0.000213,0.48,48.0,False,pr14,pr14,False
2cea76f9-0396-4e4b-b9a5-e6cd629d6f50,Line,SWITCHGEAR  -97082_V ALEGRE MV -97086~1,97082,97086,13.2,13.2,0.0,5.7e-05,21228.115194342085,2122811.5194342085,True,pr313,pr313,False
332ee2a0-4196-44e2-a5d0-ebf9969ed9df,Line,FOAMPACK    -915_CESARCASTILL-918~1,915,918,38.0,38.0,0.001544,0.005122,0.48,48.0,False,pr21,pr21,False
f8fef677-c602-4375-9cc6-c8786dabdac6,Line,CARCEL GUAYA-1026_TAP IPR     -1124~1,1026,1124,38.0,38.0,0.002909,0.009648,0.48,48.0,False,pr8,pr8,False
61d92740-25be-4e35-81c7-4e443f979839,Line,PASTILLO    -81_VETERANO    -693~1,81,693,38.0,38.0,0.01652,0.10974,0.763,76.3,False,pr313,pr313,False
2fd19116-9e38-4a50-ad83-30d2b570d8c4,Line,TAP UPR     -332_1055        -54201~1,332,54201,38.0,38.0,0.000728,0.002275,0.401,40.1,False,pr84,pr84,False
c5325779-0c2c-4521-82b1-ed6a6447cbfe,Line,BREÑAS      -237_CERROMAR    -595~1,237,595,38.0,38.0,0.0,0.0001,12100.025660774989,1210002.566077499,True,pr93,pr93,False
ae5a14a1-8b39-49c6-90ee-8abc9ff7ee86,Line,BUENA VISTA -198_HANES PONCE -430~1,198,430,38.0,38.0,0.0151,0.0375,0.42,42.0,False,pr3,pr3,False
633b1ae1-bcfe-4c60-b4ac-a72273431dc4,Line,VIADUCTO    -60_MIRAMAR     -171~1,60,171,38.0,38.0,0.013,0.027,0.361,36.1,False,pr86,pr86,False
8c49b4c7-8908-4924-ad24-15f26c114ebf,Line,ACB 1089    -339_MALL OF S.J.-1205~1,339,1205,38.0,38.0,0.0001,0.001,0.48,48.0,False,pr84,pr84,False
b3e2404b-1596-4d94-9457-24ad83367aa3,Line,VENEZUELA   -51_CAPUCHINOS  -55~1,51,55,38.0,38.0,0.02503,0.03476,0.395,39.5,False,pr84,pr84,False
df0f51f1-63b0-437f-9702-9d1a3381453b,Line,UPR PONCE   -608_PLAZADCARIBE-713~1,608,713,38.0,38.0,0.00193,0.0064,0.48,48.0,False,pr3,pr3,False
8989f426-e620-48f9-9f3d-75205558f81e,Line,OROCOVIS SUB-1207_TAP OROCOVIS-1208~1,1207,1208,38.0,38.0,0.078316,0.259714,0.48,48.0,False,pr353,pr353,False
ae0bd02b-9cfc-419f-ba9b-077d5f24a1a9,Line,MARTIN PEÑA -59_TREN 1461   -1051~1,59,1051,38.0,38.0,0.000158,0.00059,0.382,38.2,False,pr392,pr392,False
74414eb9-8895-404f-8487-bdfdc656cd56,Line,ALPLA       -757_TAP_10900   -1500~1,757,1500,38.0,38.0,0.016056,0.053246,0.48,48.0,False,pr8,pr8,False
02352e33-a85e-4345-b111-fabd9a584edb,Line,CAYEY RURAL2-253_WESTINGHOUSE-930~1,253,930,38.0,38.0,0.007228,0.023971,0.48,48.0,False,pr10,pr10,False
f4084539-ee6b-4632-a573-731290db88e9,Line,DOS BOCAS   -37_2300-11NO   -33101~1,37,33101,38.0,38.0,0.00388,0.004387,0.2,20.0,False,pr38,pr38,False
5c7b80f9-2fbe-43c9-879a-5d2d9d47e6fd,Line,QUINTANA    -341_EDUC. UNIV. -540~1,341,540,38.0,38.0,0.03468,0.04308,0.2,20.0,False,pr87,pr87,False
b0f3776b-5f95-4a3e-a3cc-0ba0d4906523,Line,MANATI SEC  -91_AVENTIS     -405~1,91,405,38.0,38.0,0.003668,0.012164,0.48,48.0,False,pr153,pr153,False
c0d8d3a4-a45c-4e9c-9846-296781cbb790,Line,ALUMINIO    -766_MICROSOFT   -769~1,766,769,38.0,38.0,0.002574,0.008536,0.48,48.0,False,pr14,pr14,False
976ee376-3f87-41a0-8e6b-2e5bf07ba9da,Line,UNE         -592_2200-19     -59201~1,592,59201,38.0,38.0,0.010193,0.033803,0.48,48.0,False,pr102,pr102,False
086683e6-e75b-41d7-8c0c-56300a2b1889,Line,XTRA MANATI -716_AMERICAN UNI-1139~1,716,1139,38.0,38.0,0.002136,0.007085,0.48,48.0,False,pr153,pr153,False
7db0ee3b-1d8f-4507-9489-84a76c3402c8,Line,LAS PIEDRAS -223_SCHERING    -425~1,223,425,38.0,38.0,0.006435,0.02134,0.48,48.0,False,pr234,pr234,False
908c31d7-7490-4f9c-b345-e8db83ba3be9,Line,LEON SECT   -73_1625NO      -50701~1,73,50701,38.0,38.0,0.006095,0.02021,0.48,48.0,False,pr29,pr29,False
8d0ad4cf-26c2-4968-9e61-91af7252f76a,Line,CDT ARECIBO -667_COLISEO AREC-1098~1,667,1098,38.0,38.0,0.000705,0.000862,0.2,20.0,False,pr335,pr335,False
af6b2483-6205-463c-a4ac-47a75409c14e,Line,SJSP 38     -78_ESSO OIL    -725~1,78,725,38.0,38.0,0.01087,0.033784,0.4,40.0,False,pr87,pr87,False
f92a50a2-89d8-4364-a655-753cffb0144f,Line,MORA SUB    -311_13700-07    -56301~1,311,56301,38.0,38.0,0.000144,0.000478,0.48,48.0,False,pr100,pr100,False
dcdcf0b3-2c27-495d-a47a-487844e736c1,Line,BREÑAS      -237_TERRAZA     -594~1,237,594,38.0,38.0,0.03782,0.05936,0.4,40.0,False,pr93,pr93,False
0ea09617-6e22-4cf3-9e66-b0d39ca8db76,Line,MCKINLEY    -71_4 HERMANOS  -72~1,71,72,38.0,38.0,0.0129,0.0427,0.48,48.0,False,pr29,pr29,False
bfc0211b-d557-4b39-a2f2-c18b4423f99a,Line,KMART JUNCOS-983_L3000 A     -996~1,983,996,38.0,38.0,0.045782,0.055975,0.2,20.0,False,pr234,pr234,False
5b98ec13-b6fa-4b07-ab35-6c7751892c66,Line,JUNCOS      -20_ACB9301     -1190~1,20,1190,38.0,38.0,0.024551,0.163063,0.19699999999999998,19.7,False,pr234,pr234,False
d1bd39b8-13a6-4a5f-9bef-c1220beea49b,Line,AMELIA SEC  -57_TAP 8200    -146~1,57,146,38.0,38.0,0.004467,0.013884,0.4,40.0,False,pr87,pr87,False
6aae2435-819d-496c-b954-748f53d1d6f8,Line,BAYAMON TC  -44_GOYA        -170~1,44,170,38.0,38.0,0.016474,0.05463,0.48,48.0,False,pr45,pr45,False
bf447e77-af36-4c07-b903-a51808f01fa8,Line,TORO NEGRO  -6_MEDTRON 5971-349~1,6,349,38.0,38.0,0.037374,0.045695,0.2,20.0,False,pr213,pr213,False
9faf0af8-c704-475a-b7bc-5ecb01e075a4,Line,C DETENCION -1138_TAP ACB2285C-1153~1,1138,1153,38.0,38.0,0.12013,0.20633,0.3,30.0,False,pr102,pr102,False
b530cf8c-ec4c-4d34-96d6-0dba12e86322,Line,AGUADA NO   -415_AAA 7291    -1015~1,415,1015,38.0,38.0,0.128682,0.167575,0.2,20.0,False,pr32,pr32,False
0ec48614-013f-419f-bc7d-657ef3c3212a,Line,UPR CAYEY   -650_65A         -65001~1,650,65001,38.0,38.0,0.011638,0.038596,0.48,48.0,False,pr10,pr10,False
5c4b9735-062c-46ae-9d54-2d77db0498e7,Line,YAUCO PBLO 2-230_01A         -2502~1,230,2502,38.0,38.0,0.02491,0.03811,0.408,40.8,False,pr2,pr2,False
2317855b-bef8-40fe-9b60-3a256fd2d970,Line,CLOROX      -656_FOAMPACK    -915~1,656,915,38.0,38.0,0.009588,0.031797,0.48,48.0,False,pr21,pr21,False
2aaffd5e-b14c-40ea-81b1-5f0d5ce2fed8,Line,UIA PONCE   -661_ESSILOR     -662~1,661,662,38.0,38.0,0.004063,0.013472,0.48,48.0,False,pr3,pr3,False
6e0d6153-e0ee-4d6e-acda-c198cc64ace4,Line,MC NEILL    -248_PROMED      -1174~1,248,1174,38.0,38.0,0.000734,0.002433,0.48,48.0,False,pr93,pr93,False
cf5e3246-bd54-4ff2-b121-002eea698fb3,Line,KMART JUNCOS-983_AMGEN NO    -1001~1,983,1001,38.0,38.0,0.013894,0.046075,0.48,48.0,False,pr234,pr234,False
9b799078-b326-4d54-8fa6-825b07b5ee7e,Line,BRISTOL     -515_EMS MAYAGUEZ-672~1,515,672,38.0,38.0,0.0223,0.02499,0.204,20.4,False,pr116,pr116,False
92c33508-f431-4bd7-8422-a6ce62caf479,Line,MARICAO     -77_BAXTER MAYAG-510~1,77,510,38.0,38.0,0.05007,0.0566,0.204,20.4,False,pr29,pr29,False
f3a50ddc-39c7-4bad-9eeb-31ff5321c0b3,Line,SABANA LLANA-48_XTRA 1693   -681~1,48,681,38.0,38.0,0.007985,0.026479,0.79,79.0,False,pr85,pr85,False
07b4850b-e53b-407c-be8c-65b9f23e9f77,Line,BAXTER CAROL-524_ACB 3699    -1194~1,524,1194,38.0,38.0,0.010159,0.056833,0.48,48.0,False,pr85,pr85,False
d9b2ff1c-b0ee-4569-9b7f-7d75c37ef519,Line,FORTEX      -737_NEVADA      -738~1,737,738,38.0,38.0,0.021878,0.033222,0.23600000000000002,23.6,False,pr45,pr45,False
01e05a09-1e93-4dcb-a01c-49778855e7bb,Line,BELZ FACTORY-364_AAA 2479    -962~1,364,962,38.0,38.0,0.024419,0.027604,0.204,20.4,False,pr82,pr82,False
f7482dee-9e06-4f9b-9c30-b9d8d65dac23,Line,NEVADA      -738_AAA SUPER   -740~1,738,740,38.0,38.0,0.002574,0.008536,0.48,48.0,False,pr45,pr45,False
45e99d28-7271-4028-a970-9adf4a6e86dd,Line,DAGUAO 38   -56_PUNTA LIMA  -239~1,56,239,38.0,38.0,0.124672,0.22817,0.2,20.0,False,pr101,pr101,False
548605db-9997-48ba-ba97-71426d0d9d26,Line,XTRA HATILLO-539_SAN DANIEL  -552~1,539,552,38.0,38.0,0.015693,0.036218,0.316,31.6,False,pr335,pr335,False
a7fcc50f-ab09-476e-9a37-e0387388d2de,Line,YAHUECAS    -376_BARTOLO     -647~1,376,647,38.0,38.0,0.1001,0.1092,0.19699999999999998,19.7,False,pr169,pr169,False
da0e5289-abe7-49ca-be69-aa98f20a44a4,Line,ARECIBO DH  -36_UPR ARECIBO -502~1,36,502,38.0,38.0,0.013699,0.045429,0.48,48.0,False,pr335,pr335,False
26e034f0-ba65-4dbe-ad18-e75f870fcb1f,Line,GOYA        -170_TAP9600     -1178~1,170,1178,38.0,38.0,0.002317,0.007682,0.48,48.0,False,pr45,pr45,False
b678ecb8-e859-4c34-a93a-ae75a9a6218a,Line,TORO NEGRO  -6_AAA TOA VACA-543~1,6,543,38.0,38.0,0.031101,0.038026,0.504,50.4,False,pr213,pr213,False
c518fd9d-7762-4d9a-bde0-e61f3c6d8422,Line,SSLV        -2003_PUNTALIMA_MV-7783~1,2003,7783,34.5,34.5,0.02372,0.01057,46.59500125079489,4659.5001250794885,False,pr2002,pr2002,False
108abd04-f102-4633-b33b-eaff1b5de1c3,Line,GIBSON      -560_WALMART FAJ -719~1,560,719,38.0,38.0,0.046203,0.153221,0.48,48.0,False,pr211,pr18,True
df7397c1-d704-486a-ac01-4396a1b2e800,Line,TAPIA       -135_VILLAMAR    -136~1,135,136,38.0,38.0,0.0159,0.034,0.395,39.5,False,pr392,pr84,True
89e5cdc9-fa6a-4c29-8371-729becc8bb8b,Line,CANAS TAP   -372_WMART PONCE -770~1,372,770,38.0,38.0,0.002514,0.008337,0.48,48.0,False,pr3,pr3,False
214db885-2b97-475b-9b3c-e4ccceff4064,Line,WALMART STA -412_AAA USERAS  -1149~1,412,1149,38.0,38.0,0.0016,0.005305,0.48,48.0,False,pr296,pr296,False
6d7756c5-963e-4cd2-b083-7ac118ba0416,Line,SGERMAN PBLO-314_GE SANGERMAN-635~1,314,635,38.0,38.0,0.00159,0.00528,0.48,48.0,False,pr169,pr169,False
97cc6892-b43e-4a5f-b739-e398bf1dc1aa,Line,XTRACABOROJO-518_C HAMMER    -668~1,518,668,38.0,38.0,0.0155,0.01752,0.19699999999999998,19.7,False,pr116,pr116,False
05dc35b5-3c20-4298-ad9c-57a3d92c5160,Line,CAGUAS      -22_HOMEDEP CAG -453~1,22,453,38.0,38.0,0.006259,0.006962,0.2,20.0,False,pr21,pr21,False
b984e59b-c282-4b63-a7ac-05f7ef425c54,Line,AAA 3278    -577_JUNCOS PROV -578~1,577,578,38.0,38.0,0.01745,0.05701,0.48,48.0,False,pr234,pr234,False
223c849f-7ef2-4d63-ba65-090e07761f68,Line,CITIBANK    -904_MONACILLOSB2-1156~1,904,1156,38.0,38.0,0.00386,0.0128,0.48,48.0,False,pr50,pr50,False
1e544b2c-5e41-4f93-9465-2bbcd1cd47f0,Line,AAA 2476    -958_SAN FERMIN  -1817~1,958,1817,38.0,38.0,0.00253,0.016807,0.763,76.3,False,pr82,pr82,False
5b0c935b-4b70-4f57-89b0-f76462ed00a9,Line,S.ISABEL TC -247_4800-556    -1002~1,247,1002,38.0,38.0,0.005259,0.017441,0.48,48.0,False,pr296,pr296,False
631ec505-75a2-4de3-b0b0-40197329d975,Line,L3000 D     -999_L3000 E     -1000~1,999,1000,38.0,38.0,0.019107,0.023361,0.2,20.0,False,pr234,pr234,False
9441bca6-46e9-4f03-bf25-425889af6263,Line,INTEL       -284_MCNEILL     -345~1,284,345,38.0,38.0,0.009562,0.017201,0.2,20.0,False,pr234,pr234,False
9d43fb04-9689-4691-804e-0b5e6ae85537,Line,RJ NIDO     -932_HVGSU-POI   -97401~1,932,97401,38.0,38.0,0.0,0.0001,12100.025660774989,1210002.566077499,True,pr378,pr378,False
10749fcc-a356-46fe-94fe-d9807a600de9,Line,AAA 6091    -676_ELI LILLYMAY-677~1,676,677,38.0,38.0,0.01596,0.05291,0.48,48.0,False,pr231,pr231,False
1d7e59da-ff1b-4160-88b9-c65f4566962b,Line,CENTRJUVENIL-733_AAA 8964    -1043~1,733,1043,38.0,38.0,0.002806,0.009304,0.48,48.0,False,pr45,pr45,False
7ea81127-8f86-406f-b61a-2402b9842cc8,Line,NYPRO       -483_WESTINGHOUSE-930~1,483,930,38.0,38.0,0.000816,0.002706,0.48,48.0,False,pr10,pr10,False
4f60fa49-ee54-4662-873b-aece8e214fbd,Line,ACB 3753    -621_ACB 3707    -783~1,621,783,38.0,38.0,0.004497,0.014912,0.48,48.0,False,pr8,pr8,False
ead8a109-d6ca-4e81-96f0-1a138548133e,Line,TAP12600    -383_SAMS HUMACAO-774~1,383,774,38.0,38.0,0.000519,0.001941,0.4,40.0,False,pr14,pr14,False
57183887-94d9-4f31-a8aa-69c6292a6900,Line,SANTURCE    -61_10600-15NO  -13001~1,61,13001,38.0,38.0,0.00138,0.00184,0.4,40.0,False,pr86,pr86,False
b796ab9c-e2dd-49bd-89a2-761bc2e688aa,Line,SABANERA    -475_MILLIPORE   -478~1,475,478,38.0,38.0,0.006371,0.021127,0.48,48.0,False,pr10,pr10,False
d69d42ed-e11e-4656-8e1f-e0676bc68862,Line,ESC VOC     -768_XTRA HUMACAO-1012~1,768,1012,38.0,38.0,0.01544,0.051216,0.48,48.0,False,pr14,pr14,False
0fed7898-053a-4110-9c7c-4c89cce5b87b,Line,GUAYAMA     -189_ACB 0177    -798~1,189,798,38.0,38.0,0.00031,0.001028,0.48,48.0,False,pr8,pr8,False
5e35f54e-70c6-46d0-a1de-e227a2e55b86,Line,PEPSI COLA  -603_ASTRO METAL -705~1,603,705,38.0,38.0,0.005423,0.006631,0.2,20.0,False,pr93,pr93,False
1decd36a-c4cd-4a23-8f3d-4a6945ccb553,Line,AÑASCO      -117_BAXTERAÑASCO-516~1,117,516,38.0,38.0,0.02522,0.03084,0.2,20.0,False,pr231,pr231,False
fc0d87a6-da99-4acb-9ffa-c65e9c559c27,Line,PALO SECO   -62_9700-01NO   -46501~1,62,46501,38.0,38.0,2.7e-05,0.000177,0.76,76.0,False,pr63,pr63,False
b12bfb00-4566-4e13-81a8-d3c1734b1a93,Line,ESC SAL BOUS-396_CANARICO    -678~1,396,678,38.0,38.0,0.04346,0.05911,0.2,20.0,False,pr313,pr313,False
7f171ead-c1a5-4921-b052-b45b69aa107c,Line,MIRADOR AZUL-228_13600-05    -50201~1,228,50201,38.0,38.0,0.008154,0.02704,0.48,48.0,False,pr335,pr335,False
28f05a3a-66a0-4d78-ae0f-dc355fa3ccaa,Line,LAS MONJAS  -140_MITA        -455~1,140,455,38.0,38.0,0.020028,0.022284,0.198,19.8,False,pr87,pr87,False
1b7b7fd1-d1dc-4a39-9411-d16299870a76,Line,VENEZUELA   -51_BOTANICO    -495~1,51,495,38.0,38.0,0.00553,0.0166,0.79,79.0,False,pr84,pr84,False
da1fc4d9-80d0-4397-b7ed-94974ed6d759,Line,ESC URB YAUC-1099_19NO        -2501~1,1099,2501,38.0,38.0,0.053916,0.08249,0.4,40.0,False,pr2,pr2,False
fcf16bf1-2178-4d23-9a93-df66d7b2c3ea,Line,SCHERING    -425_LIFE SAVERS -966~1,425,966,38.0,38.0,0.00161,0.00533,0.48,48.0,False,pr234,pr234,False
27ce9929-51e8-4d3a-be9c-9e391ff5bd88,Line,STORAGE TEK -464_ALUWEST     -792~1,464,792,38.0,38.0,0.001561,0.005178,0.48,48.0,False,pr103,pr103,False
32c989a9-472b-4a35-94f3-5519366233b2,Line,MERCEDES    -282_IPR CAN     -347~1,282,347,38.0,38.0,0.03333,0.110541,0.48,48.0,False,pr82,pr82,False
b8d2e81b-6a52-4d39-bce3-9a55d8618ec0,Line,CADILLAC    -172_COSTCO      -1144~1,172,1144,38.0,38.0,0.016851,0.053009,0.4,40.0,False,pr45,pr45,False
154f8d86-5601-462b-a61f-59145840360e,Line,CANAS 38    -104_01C         -77102~1,104,77102,38.0,38.0,0.005603,0.018581,0.48,48.0,False,pr103,pr103,False
2e90b134-b453-41b0-b95f-b89f277262fa,Line,SABANA LLANA-48_TAP CAROLINA-1135~1,48,1135,38.0,38.0,0.001,0.001,0.7,70.0,False,pr85,pr85,False
4c2a03d1-dede-4754-a526-0317e7fdef23,Line,HATO REY TC -109_HATOREYTCB2 -1154~1,109,1154,38.0,38.0,0.0,0.0001,0.79,79.0,False,pr87,pr87,False
017119ef-6320-4395-a15b-7f424f8d1c21,Line,WARNER VBAJA-342_OWENS V.ALTA-642~1,342,642,38.0,38.0,0.004841,0.048501,0.48,48.0,False,pr41,pr41,False
2415bb85-da01-429e-9790-dd42c08883df,Line,TAP UPR     -332_FIRST BANK  -1196~1,332,1196,38.0,38.0,0.00633,0.018789,0.48,48.0,False,pr84,pr84,False
e105e3ae-2898-42a2-8300-4f89c9018b79,Line,CREMATORIO  -79_AAA 1572    -948~1,79,948,38.0,38.0,0.000236,0.000782,0.48,48.0,False,pr87,pr87,False
ea042398-3ec4-4709-a337-bec22d4e2496,Line,MIRADOR AZUL-228_6900-07BNO  -22801~1,228,22801,38.0,38.0,0.017625,0.058451,0.48,48.0,False,pr335,pr335,False
b0be6467-9440-4d8b-9da8-611a1933cde2,Line,HATO REY GIS-52_SANFERNANDO -141~1,52,141,38.0,38.0,0.008726,0.024584,0.8,80.0,False,pr87,pr87,False
0cbe5748-3477-48d2-9d26-cb88949704d7,Line,PONCE 38    -4_HANES PONCE -646~1,4,646,38.0,38.0,0.006117,0.020284,0.48,48.0,False,pr3,pr3,False
e63e2994-9d62-4233-856b-a13955ed51b0,Line,VILLASCASTRO-499_SUB VEREDAS -943~1,499,943,38.0,38.0,0.00154,0.0978,0.763,76.3,False,pr21,pr21,False
f3b73531-0dd6-4412-bcdf-133b2d1726f0,Line,BAXTER      -1082_DIGITAL     -1083~1,1082,1083,38.0,38.0,0.003321,0.004061,0.2,20.0,False,pr32,pr32,False
326f0311-08c7-4e65-97b3-775dfc084bff,Line,CEE         -907_TROPICAIR   -908~1,907,908,38.0,38.0,0.005255,0.006425,0.2,20.0,False,pr87,pr87,False
5529776f-4a6d-419a-b464-84e09f4fee0a,Line,16400-19    -61801_10100-19    -118901~NC,61801,118901,38.0,38.0,0.0,0.001,1210.002566077499,121000.2566077499,True,pr87,pr87,False
eab96995-31d7-48f1-93de-f1b29d940522,Line,ESSILOR     -662_CHECK POINT -730~1,662,730,38.0,38.0,0.010658,0.012048,0.19699999999999998,19.7,False,pr3,pr3,False
7f06107b-89dc-4f59-940f-afb030fee12f,Line,SJSP 38     -78_4400-03     -11001~1,78,11001,38.0,38.0,1.5e-05,4.6e-05,0.4,40.0,False,pr87,pr87,False
18460b8b-ab43-4020-91b1-39cedf2bf4da,Line,CORCO       -487_OXO CHEM2   -48707~1,487,48707,38.0,38.0,0.0,0.001,1210.002566077499,121000.2566077499,True,pr2,pr2,False
ffb9789a-e822-4645-bf66-f9f15e664daf,Line,GOB GUAYNABO-920_AAA GUAYNABO-921~1,920,921,38.0,38.0,0.013513,0.044814,0.48,48.0,False,pr50,pr50,False
28d5bd0d-956b-448c-a51e-d55b40206f06,Line,JUNCOS      -20_JANSSEN     -429~1,20,429,38.0,38.0,0.0001,0.001,0.48,48.0,False,pr234,pr234,False
ec0f7e24-4cb7-4ec9-9514-e69165acbd21,Line,POWER PACK  -652_C FRESCO    -911~1,652,911,38.0,38.0,0.006719,0.022282,0.48,48.0,False,pr296,pr296,False
5d676710-70a8-41e9-a305-780dd4ba71d0,Line,PASTILLO    -81_0137A       -46201~1,81,46201,38.0,38.0,0.0,0.001,1210.002566077499,121000.2566077499,True,pr313,pr313,False
a691fc53-21bc-46c3-9e28-e6c3000b7cb7,Line,0233        -30201_0245A       -115201~1,30201,115201,38.0,38.0,0.122471,0.138444,0.2,20.0,False,pr8,pr8,False
79fd1f68-67f8-4e72-a93e-58ed20a36d54,Line,GANDARA     -158_TAP UPR     -332~1,158,332,38.0,38.0,0.0064,0.019,0.48,48.0,False,pr84,pr84,False
c3dc9a8b-7421-4493-83bd-3d2cfa8b5f3c,Line,QUEBRADILLAS-33_QUEBTAP     -1016~1,33,1016,38.0,38.0,0.010514,0.034948,0.48,48.0,False,pr100,pr100,False
b2fab515-f51a-4ef0-9076-e933bc49e122,Line,CRUV        -155_QUINTANA NO -950~1,155,950,38.0,38.0,0.00386,0.01279,0.48,48.0,False,pr87,pr87,False
3b1b126f-090c-453b-81ad-5f73e44e8887,Line,ORTHO PHARMA-444_WALMART MAN -1090~1,444,1090,38.0,38.0,0.001287,0.004268,0.48,48.0,False,pr153,pr153,False
a50af2a1-e101-4cec-af8f-3224d4e4f7f5,Line,YAUCO 2     -25_19NO        -2501~1,25,2501,38.0,38.0,0.002838,0.004342,0.4,40.0,False,pr2,pr2,False
a2076466-d4bf-43ef-b3d8-79aef6163082,Line,TAP H.PRODUC-1122_H. PRODUCTS -1123~1,1122,1123,38.0,38.0,0.003552,0.01178,0.48,48.0,False,pr8,pr8,False
0ef11d40-7416-4f7b-9db6-f64544c2c796,Line,CORCO       -487_OFF SITE UTI-48701~1,487,48701,38.0,38.0,0.01652,0.10974,0.763,76.3,False,pr2,pr2,False
d691543c-ee75-4264-9cfe-39f618d1c99e,Line,GE SANGERMAN-635_1299NO      -63501~1,635,63501,38.0,38.0,0.025982,0.086203,0.48,48.0,False,pr169,pr169,False
002da1e0-5a35-4bc6-960b-25a80786ec62,Line,BOQUERON    -119_CABOROJOPRO -519~1,119,519,38.0,38.0,0.2363,0.2846,0.19699999999999998,19.7,False,pr169,pr116,True
0137f251-1d74-4ac9-9d15-e862bd18d82f,Line,CLEMENTE    -685_TAP NYPRO   -1129~1,685,1129,38.0,38.0,0.003181,0.01963,0.76,76.0,False,pr85,pr85,False
d70f41ea-10a4-4551-80dd-7e060e0abb56,Line,AVON MOCA   -535_ESC.VOC MOCA-679~1,535,679,38.0,38.0,0.008108,0.026888,0.48,48.0,False,pr35,pr35,False
bc01442a-d159-465d-ab98-8347fd88d7dd,Line,COMERIO NO  -361_TAP ABANICO -1183~1,361,1183,38.0,38.0,0.071301,0.236451,0.48,48.0,False,pr275,pr353,True
656986af-08ae-4dad-9063-55011e2588d4,Line,GUAYNABO    -67_ESTDEPORTIVO-916~1,67,916,38.0,38.0,0.00431,0.0109,0.4,40.0,False,pr50,pr45,True
00fa6426-ad05-4fac-ab76-6c6d0ae3ac25,Line,RPIEDRAHEIGT-125_MONACILLOSB2-1156~1,125,1156,38.0,38.0,0.038591,0.047183,0.2,20.0,False,pr50,pr50,False
ecdff5de-1099-4192-8d18-7dda3283d42c,Line,BAYAMON TC  -44_JUAN DOMINGO-152~1,44,152,38.0,38.0,0.0245,0.0604,0.408,40.8,False,pr45,pr45,False
9a3a0f2c-5cfd-4b32-87ab-865e3f6b3d4c,Line,KMART PONCE -1011_87B         -77101~1,1011,77101,38.0,38.0,0.004183,0.013873,0.48,48.0,False,pr103,pr103,False
30edf1cb-2019-4f9d-b1e8-1650ab978105,Line,S.GERMANTC38-300_1535NO      -21601~1,300,21601,38.0,38.0,0.0,0.001,1210.002566077499,121000.2566077499,True,pr169,pr169,False
44d43e2d-a9b1-454f-b71f-8515d1f8c8fe,Line,FERRERO     -654_REMA        -749~1,654,749,38.0,38.0,0.002632,0.008728,0.48,48.0,False,pr21,pr21,False
40ecd085-1324-442a-984d-bf7db13e8619,Line,STRIKER     -641_KEEP DRY    -967~1,641,967,38.0,38.0,0.033333,0.036772,0.21,21.0,False,pr8,pr8,False
eff32156-a34d-4d4d-9c68-223746d1c019,Line,FOOTWEAR    -985_KENT METERS -986~1,985,986,38.0,38.0,0.00161,0.00533,0.48,48.0,False,pr100,pr100,False
24e27dad-7cc7-44b2-add7-58628143e3b1,Line,ATLANTICPIPE-631_17900-01C   -63101~1,631,63101,38.0,38.0,0.018844,0.02304,0.2,20.0,False,pr313,pr313,False
69393110-ae12-4dac-8341-0f89be877d97,Line,GURABO      -195_PDS GURABO  -658~1,195,658,38.0,38.0,0.01285,0.04264,0.48,48.0,False,pr234,pr234,False
f81414fc-796d-4fd0-a02c-63da1631a5d8,Line,ISABELA TO  -563_13700-09NO  -56302~1,563,56302,38.0,38.0,0.021405,0.070985,0.48,48.0,False,pr100,pr100,False
e00c842f-05c4-4806-98bb-d742d724c00a,Line,XTRA 5878   -687_CBA JDIAZ   -1177~1,687,1177,38.0,38.0,0.011338,0.013863,0.2,20.0,False,pr313,pr313,False
e855ed3e-416d-46ef-89da-39932973f5c6,Line,S.ISABEL TC -247_4800-0071NO -54301~1,247,54301,38.0,38.0,0.00135,0.004478,0.48,48.0,False,pr296,pr296,False
31911e3d-69bf-4c42-8a99-774e8ea206e6,Line,XTRA 6477   -703_BAXTER SGERM-714~1,703,714,38.0,38.0,0.00161,0.00533,0.48,48.0,False,pr169,pr169,False
d4361596-9de4-4440-98d9-6724732a0f15,Line,BFOODARECIBO-586_6900-21NO   -3902~1,586,3902,38.0,38.0,0.021316,0.07069,0.48,48.0,False,pr40,pr40,False
2681b17a-f77b-4187-b059-7205bce67226,Line,RAMEY 3     -406_2800-19NO   -40601~1,406,40601,38.0,38.0,6.2e-05,9.5e-05,0.408,40.8,False,pr32,pr32,False
0bf3f0a2-415b-4498-ac88-fa26330a0a61,Line,MANATI NO   -391_SAFETY KLEEN-1013~1,391,1013,38.0,38.0,0.014238,0.047216,0.48,48.0,False,pr153,pr102,True
c1039cc6-6c8c-45a5-8950-3d4c89ca0d1f,Line,MAYAGUEZ    -28_11 DE AGOSTO-70~1,28,70,38.0,38.0,0.007007,0.070208,0.6579999999999999,65.8,False,pr29,pr29,False
c9f7c525-1daa-4bca-a4f0-8db76abbb109,Line,ACACIAS 38  -113_07B         -11501~1,113,11501,38.0,38.0,0.085119,0.09622,0.2,20.0,False,pr116,pr116,False
8d379b18-ecb4-4316-917a-e1d735cfb235,Line,VIEQUES     -209_MARTINEAU   -1024~1,209,1024,38.0,38.0,0.076623,0.100601,0.22399999999999998,22.4,False,pr101,pr101,False
6b3e8b08-28ec-47fc-a913-7c9080cb36b4,Line,COMETA_SW   -97045_BATTERY_MV  -97048~1,97045,97048,34.5,34.5,0.00176,0.00103,593.3595524418567,59335.95524418567,True,pr97047,pr97047,False
59dedd62-a2a8-431a-8b3d-6ec3a1469b09,Line,AAA CARRAIZO-520_NCARRAIZO   -525~1,520,525,38.0,38.0,0.0,0.0001,0.2,20.0,False,pr85,pr85,False
474d2ab8-0be1-42b9-bd16-a928119ff098,Line,"Utility_PV_ReV_Grid_1560,JOBOS115~new",1125,931756,38.0,38.0,0.0,0.1,1.2633599999999998,126.33599999999998,False,pr8,pr8,False
fce689ff-86da-4104-9085-ae5054327e86,Line,THOMAS&BETTS-269_2200-37NO   -26901~1,269,26901,38.0,38.0,0.0125,0.01408,0.19,19.0,False,pr41,pr41,False
b8c3c8d8-6ed6-409a-a239-730ce470b709,Line,"Utility_PV_ReV_Grid_86,MORA115~new",561,969006,38.0,38.0,0.0,0.1,1.1202100000000002,112.02100000000002,False,pr100,pr100,False
36a63804-8e4c-46ed-83f9-8698b01c8853,Line,LAS CRUCES  -261_TECH CIDRA  -600~1,261,600,38.0,38.0,0.012561,0.041656,0.48,48.0,False,pr10,pr10,False
2d7883ea-f474-475b-ac95-8a140ac91e40,Line,ACB 1703    -984_AAA 6574    -995~1,984,995,38.0,38.0,0.153446,0.18761,0.2,20.0,False,pr2,pr2,False
de2e3968-9639-4b21-89b4-981946e166b9,Line,TAP9600     -1178_ACB9623     -1179~1,1178,1179,38.0,38.0,0.005882,0.019505,0.48,48.0,False,pr45,pr45,False
5f015e62-080a-485f-bdb0-266be76f9785,Line,AMELIA SEC  -57_RECNATURALES-457~1,57,457,38.0,38.0,0.02446,0.07323,0.401,40.1,False,pr87,pr63,True
ad18575d-48a2-4e98-a4b4-a9e0c63c03e0,Line,AAASEGIOCUEV-521_3600-27NO   -52301~1,521,52301,38.0,38.0,0.017414,0.021292,0.204,20.4,False,pr85,pr85,False
f5f9ab79-415f-48be-a3c1-78d9ff470bd6,Line,KRAFT       -751_SERVIMETAL  -1087~1,751,1087,38.0,38.0,0.004402,0.014597,0.48,48.0,False,pr21,pr21,False
47843a86-de06-45d9-90ad-842a93c2778c,Line,ETHICON     -536_ACB 9323    -1202~1,536,1202,38.0,38.0,0.007316,0.008945,0.19699999999999998,19.7,False,pr234,pr234,False
c1ce60e0-0833-49b0-8420-9649afbf86c0,Line,ALUMINIO    -766_SQUIBB      -767~1,766,767,38.0,38.0,0.002574,0.008536,0.48,48.0,False,pr14,pr14,False
9b6fd90b-729f-4bc2-a9c7-b60e37d7ab6e,Line,J DIAZ TC   -325_17900-01C   -63101~1,325,63101,38.0,38.0,0.018844,0.02304,0.2,20.0,False,pr313,pr313,False
606b9a2c-ce06-46db-82b6-d873ed57cb24,Line,CORTELCO    -663_GM GROUP    -664~1,663,664,38.0,38.0,0.0089,0.0267,0.79,79.0,False,pr84,pr84,False
9e15d234-7b68-4275-9dce-e068ee7c39ec,Line,SANTA MARIA -279_500-77NO    -27902~1,279,27902,38.0,38.0,6e-05,0.0002,0.48,48.0,False,pr3,pr3,False
2f193078-1bd4-4db0-9e85-5ac0bb0f20e5,Line,CORCO       -487_STYROCHEM2  -48703~1,487,48703,38.0,38.0,0.01652,0.10974,0.763,76.3,False,pr2,pr2,False
80539e5f-bd7e-44bc-a30e-4d434806b79a,Line,BRISTOL     -292_14100-13    -44702~1,292,44702,38.0,38.0,8e-05,0.000265,0.48,48.0,False,pr102,pr102,False
0c671c3d-8757-480c-a3e6-d78c3359d241,Line,VENEZUELA   -51_JARDINESMETR-397~1,51,397,38.0,38.0,0.0063,0.0205,0.48,48.0,False,pr84,pr84,False
3d0285df-cb20-4537-bffb-f77286be1f5b,Line,MAGNOLIATAP -121_MAGNOLIA    -164~1,121,164,38.0,38.0,0.008553,0.028318,0.48,48.0,False,pr45,pr45,False
cec4c528-79dc-46c6-8467-8019d3e6c7aa,Line,AAA 1572    -948_SAMS_1581   -1031~1,948,1031,38.0,38.0,0.003034,0.010061,0.48,48.0,False,pr87,pr87,False
1b277270-69be-454c-ac72-c3eadf9e8e46,Line,NAVY VIEQUES-581_MARTINEAU   -1024~1,581,1024,38.0,38.0,0.145679,0.191265,0.22399999999999998,22.4,False,pr101,pr101,False
520caa76-e0a7-4e07-8067-761ee0965662,Line,CANAS TAP   -372_AAA 5085    -796~1,372,796,38.0,38.0,0.00563,0.018447,0.48,48.0,False,pr3,pr3,False
8ddb866d-f132-4bdc-a872-1326889c722b,Line,TEVA        -756_TAP_10900   -1500~1,756,1500,38.0,38.0,0.005651,0.018739,0.48,48.0,False,pr8,pr8,False
ff7c5441-e513-4cdf-bd04-32fd38f5c0bf,Line,AAA HUMACAO -764_SQUIBB      -767~1,764,767,38.0,38.0,0.001609,0.005335,0.48,48.0,False,pr14,pr14,False
93c9f098-fda3-4b3b-8577-121964251019,Line,AAA 1473    -1021_COLISEO SEC -1048~1,1021,1048,38.0,38.0,0.000415,0.001553,0.4,40.0,False,pr87,pr87,False
f0b191bf-7444-48af-ae77-ce9d475a87c9,Line,YAUCO 2     -25_01A         -2502~1,25,2502,38.0,38.0,0.02491,0.03811,0.408,40.8,False,pr2,pr2,False
6fd84bfc-156b-42c1-bc6c-8a377ac819dc,Line,UPR RPIEDRAS-542_1055        -54201~1,542,54201,38.0,38.0,0.006672,0.018725,0.401,40.1,False,pr84,pr84,False
110253e3-7f96-49a4-a702-3790a1fca5bf,Line,XTRA COLOBOS-741_ICI PAINTS  -743~1,741,743,38.0,38.0,0.005273,0.035024,0.76,76.0,False,pr82,pr82,False
19154c6e-f34b-4380-ad64-6cf2b115d7e6,Line,EZEM CARIBE -537_KONI SLORENZ-936~1,537,936,38.0,38.0,0.001105,0.003663,0.19699999999999998,19.7,False,pr234,pr234,False
b8abf67a-1116-4d71-899f-28f5cd2fadb9,Line,MARVEL      -469_FONDOSE RPIE-970~1,469,970,38.0,38.0,0.00186,0.00582,0.401,40.1,False,pr50,pr50,False
297adf7e-0526-4f22-950d-28dea45ce09e,Line,"Utility_PV_ReV_Grid_1267,SUNOIL~new",438,912284,38.0,38.0,0.0,0.1,0.7686000000000001,76.86,False,pr14,pr14,False
3f086915-f27d-41aa-ab91-5eb0511af87d,Line,HOMEDEP CAG -453_13B         -45301~1,453,45301,38.0,38.0,0.280642,0.312173,0.2,20.0,False,pr21,pr21,False
57cdc7ec-feed-4b6f-a074-91c64998d769,Line,ALUWEST     -792_MASSO       -795~1,792,795,38.0,38.0,0.005226,0.006389,0.2,20.0,False,pr103,pr103,False
7221ce24-8376-4b55-a681-94b888cd55f7,Line,TAP 3145    -124_3100-73C    -12401~1,124,12401,38.0,38.0,0.141983,0.173595,0.2,20.0,False,pr85,pr50,True
abde91aa-cc87-45af-aa65-a4406fb1e733,Line,SAN DEMETRIO-460_AAA V.BAJA  -1151~1,460,1151,38.0,38.0,0.01287,0.04268,0.48,48.0,False,pr41,pr41,False
91abac87-94e4-4159-9601-5d34505608fe,Line,AIR MASTER  -791_15400-21C   -79101~1,791,79101,38.0,38.0,0.00837,0.02776,0.48,48.0,False,pr102,pr102,False
4748f589-b67c-4b62-bf2c-31cc55d8dd9d,Line,MICROSOFT   -473_ESC VOC     -768~1,473,768,38.0,38.0,0.001737,0.005762,0.48,48.0,False,pr14,pr14,False
9e04286a-6761-4de2-b16d-692e3fdb4561,Line,STARKIST    -328_US FILTER   -789~1,328,789,38.0,38.0,0.00526,0.00642,0.2,20.0,False,pr29,pr29,False
2cd95773-ffc5-43ab-9471-eab5898244b4,Line,MANATI URB  -404_AVENTIS     -405~1,404,405,38.0,38.0,0.001506,0.004994,0.48,48.0,False,pr153,pr153,False
548f9bc4-c17d-45d1-839a-aeaf295d7abf,Line,PRTC BAYAMON-514_SANJUAN STAR-670~1,514,670,38.0,38.0,0.002978,0.009256,0.4,40.0,False,pr87,pr87,False
970b0ee3-f5c2-4e0b-8d37-afc676c255e4,Line,HANES CAMUY -610_CAMUY WWTP  -623~1,610,623,38.0,38.0,0.014721,0.04893,0.48,48.0,False,pr100,pr100,False
200193df-4155-4584-80ba-50b7c1f26778,Line,PUERTATIERRA-132_PARQ/RECREOS-147~1,132,147,38.0,38.0,0.0109,0.0141,0.223,22.3,False,pr632,pr86,True
2debc874-d0df-4a10-8d96-10feaf66f339,Line,AÑASCO TC   -301_ELI LILLYMAY-677~1,301,677,38.0,38.0,0.00569,0.01886,0.48,48.0,False,pr231,pr231,False
dc66e6de-2284-483f-b102-dceba1c58891,Line,COVADONGA   -138_ISLA GDE GIS-633~2,138,633,38.0,38.0,0.0039,0.0434,0.65,65.0,False,pr632,pr632,False
9152eb9d-9d5f-45ac-b0f9-c46a50589a40,Line,DROGUCENTRAL-704_SUPER ACU TB-1030~1,704,1030,38.0,38.0,0.0026,0.003179,0.204,20.4,False,pr93,pr93,False
1dcd32e5-3113-4b23-9e42-29066f431da9,Line,CDT CAROLINA-684_TAP NYPRO   -1129~1,684,1129,38.0,38.0,0.004985,0.00887,0.2,20.0,False,pr85,pr85,False
28c4842a-c93d-4b91-8a83-df4725e31d5d,Line,4800-556    -1002_GOLF 1      -1003~1,1002,1003,38.0,38.0,0.004816,0.031984,0.76,76.0,False,pr296,pr296,False
87355ebd-b4f6-47db-8c38-2afa96a7357e,Line,HATO REY GIS-52_BPPR SECT.  -354~1,52,354,38.0,38.0,0.00171,0.006392,0.4,40.0,False,pr87,pr392,True
b7d3adbf-6d62-4960-b93a-4c291f8bbbb3,Line,TORO NEGRO  -6_MEDTRON 5973-657~1,6,657,38.0,38.0,0.05171,0.06322,0.2,20.0,False,pr213,pr213,False
86e8f8f6-f1d8-4814-8b09-1006fb0b0934,Line,GUARAGUAO   -13_FORTEX      -737~1,13,737,38.0,38.0,0.001051,0.001608,0.4,40.0,False,pr45,pr45,False
22960387-bddd-426b-b296-048831ed4650,Line,COSTCO      -922_AAA CAGUAS  -923~1,922,923,38.0,38.0,0.00161,0.00533,0.79,79.0,False,pr21,pr21,False
6f2cfb93-40f8-4f9e-95af-99ad1d6ad8c6,Line,BALDRICH    -54_QUINTANA    -341~1,54,341,38.0,38.0,0.0479,0.0586,0.204,20.4,False,pr87,pr87,False
073df01b-1406-42d1-bd06-a9b7b9902ed9,Line,AAA V.BAJA  -1151_ULTRA PIER  -1162~1,1151,1162,38.0,38.0,0.00042,0.0001,0.19,19.0,False,pr41,pr41,False
f0be0a95-2ffb-4df5-9ba9-b38c28f1615d,Line,"Utility_PV_ReV_Grid_1531,GUANICA115~new",24,935204,38.0,38.0,0.0,0.1,0.64742996,64.74299599999999,False,pr2,pr2,False
0c7ed8fe-ddf3-4f8d-8812-51f42e1ca829,Line,INTEL       -284_BARD IMPLANT-320~1,284,320,38.0,38.0,0.003169,0.010508,0.48,48.0,False,pr234,pr234,False
b58fd0d5-708c-42f0-a697-03986b4ea125,Line,YAUCO 2     -25_SABANAGRANDE-216~1,25,216,38.0,38.0,0.248121,0.294128,0.2,20.0,False,pr2,pr169,True
140a20f5-e069-43b5-b4c4-b85268b4279b,Line,DORADO 38   -92_9400-01B    -9201~1,92,9201,38.0,38.0,0.012162,0.040333,0.48,48.0,False,pr93,pr93,False
6b1a3210-54f3-4160-9cd3-97cccd9dc00e,Line,CIDRA SECC. -221_ACB 3807    -928~1,221,928,38.0,38.0,0.003608,0.011963,0.48,48.0,False,pr10,pr10,False
5ff68b83-7b87-4488-a3e8-87a5d4c1ba95,Line,PLAYTEX     -291_ACB 2295    -1093~1,291,1093,38.0,38.0,0.066003,0.080698,0.2,20.0,False,pr102,pr102,False
733dbee4-7b4d-481e-98ac-278a6e310e97,Line,MAUNABO     -219_SUB MAUNABO -285~1,219,285,38.0,38.0,0.0001,0.001,0.19699999999999998,19.7,False,pr14,pr14,False
152f8700-4d94-451b-94bd-55b0698b2906,Line,CAPARRA SEC -65_4300-09     -6501~1,65,6501,38.0,38.0,0.000188,0.000624,0.401,40.1,False,pr87,pr87,False
7468c2c0-ebcd-4760-9c79-425ed3bf47f3,Line,SAN ANTON   -188_HDEP CAROLIN-567~1,188,567,38.0,38.0,0.044359,0.069063,0.2,20.0,False,pr85,pr85,False
3f8098fc-df22-47b6-a28d-0cc168917324,Line,ESSO OIL    -725_MERCADEO    -1029~1,725,1029,38.0,38.0,0.003298,0.010718,0.401,40.1,False,pr87,pr87,False
3c7aeab0-b834-4954-9a14-321bb7a7482e,Line,C HAMMER    -668_LIFESCAN    -669~1,668,669,38.0,38.0,0.00625,0.00706,0.19699999999999998,19.7,False,pr116,pr116,False
fec604e0-595f-4c71-8490-1bea493935c8,Line,COSTA SUR   -1_GUAYANILLA  -225~1,1,225,38.0,38.0,0.025748,0.080776,0.408,40.8,False,pr2,pr2,False
a0c59486-0722-49d1-be75-e7a1d432e76c,Line,CAYEY       -11_AAA CIDRA   -431~1,11,431,38.0,38.0,0.030322,0.100554,0.48,48.0,False,pr10,pr10,False
e3c03ddb-afb4-43bf-a653-4dbbb4f3f886,Line,CORCO       -487_OXO CHEM1   -48705~1,487,48705,38.0,38.0,0.0,0.001,1210.002566077499,121000.2566077499,True,pr2,pr2,False
1ce4ec74-c1dd-41bb-bd8a-5150f2c88c69,Line,SABANA LLANA-48_BAXTER CAROL-524~1,48,524,38.0,38.0,0.005231,0.017348,0.48,48.0,False,pr85,pr85,False
add9d9c5-5d9f-474c-8062-c0a3ac99f470,Line,PUNTA LIMA  -239_PUNTA ARENA -1033~1,239,1033,38.0,38.0,0.257157,0.178892,0.19,19.0,False,pr101,pr101,False
663b9dd1-f9d9-48f5-9267-e9130aa99619,Line,CAPARRA SEC -65_3500-09     -6502~1,65,6502,38.0,38.0,0.000131,0.000509,0.38,38.0,False,pr87,pr87,False
ef2c2928-a4aa-4e27-b5f2-26913613ce40,Line,TEVA        -756_AES_SOLAR   -1501~1,756,1501,38.0,38.0,9.8e-05,0.000326,0.48,48.0,False,pr8,pr8,False
1f1131d3-890f-4061-9212-c6e26d05a551,Line,YAUCO PLAZA -993_ACB 8321    -994~1,993,994,38.0,38.0,0.01416,0.04695,0.48,48.0,False,pr2,pr2,False
ff639bde-963b-407e-8d1b-8a4c55b340d1,Line,PANAM SHOE  -270_CAMUY       -494~1,270,494,38.0,38.0,0.013801,0.045872,0.48,48.0,False,pr335,pr335,False
2f1cfcb6-c959-43d2-9eeb-30a7ac39af10,Line,CORCO       -487_HERCOR3     -48709~1,487,48709,38.0,38.0,0.0,0.001,1210.002566077499,121000.2566077499,True,pr2,pr2,False
af36e843-3436-4361-a8ce-3f3232eb34ee,Line,INST MEDICOS-606_2200-37B    -60601~1,606,60601,38.0,38.0,0.003217,0.01067,0.48,48.0,False,pr41,pr41,False
bd631a92-d5f7-48d6-92c7-4e7b3be029be,Line,GENERALGASES-168_INNOVA      -953~1,168,953,38.0,38.0,0.00841,0.01287,0.4,40.0,False,pr63,pr63,False
f526d278-a63c-4743-93ab-7cbde23fb55c,Line,ACB 1089    -339_FALU        -553~1,339,553,38.0,38.0,0.036937,0.122492,0.48,48.0,False,pr84,pr84,False
3fa7a7fd-2c05-4888-bfd7-b627c2186d7c,Line,ACB 3751    -80_ESC URBANA  -1034~1,80,1034,38.0,38.0,0.431682,0.476218,0.198,19.8,False,pr8,pr14,True
38c987c5-5cf5-48bf-a0d9-b024bedad4c8,Line,RAMEY 3     -406_RAMEY 1     -408~1,406,408,38.0,38.0,0.05602,0.0857,0.408,40.8,False,pr32,pr32,False
b2d87c81-fb76-4b7a-9922-b52aaef0db49,Line,GUARAGUAO   -13_FLEXIBLEPACK-913~1,13,913,38.0,38.0,0.00074,0.00187,0.4,40.0,False,pr45,pr45,False
70bee447-3716-4dcb-953c-40adb1279398,Line,OJO DE AGUA -526_COMPLEJO DEP-1005~1,526,1005,38.0,38.0,0.002373,0.0169,0.76,76.0,False,pr32,pr32,False
8df9f933-799a-4934-9d71-9901f423eed3,Line,ACB 649     -1066_49D         -106601~1,1066,106601,38.0,38.0,0.00196,0.013018,0.76,76.0,False,pr21,pr21,False
44d57e8e-2ef9-49c5-a5c9-a26f6b46f910,Line,LA RAMBLA   -105_HOSP. PONCE -576~1,105,576,38.0,38.0,0.001104,0.004447,0.8,80.0,False,pr313,pr313,False
b9f6aa57-5694-47ca-a699-632998d45d7b,Line,SPRINT      -706_PANAME GRAIN-708~1,706,708,38.0,38.0,0.004824,0.03204,0.76,76.0,False,pr378,pr378,False
b39c51b8-fd13-427c-8364-0ea307a79b26,Line,VIEQUES     -209_VIEQUES SEC -1039~1,209,1039,38.0,38.0,0.080843,0.106141,0.22399999999999998,22.4,False,pr101,pr101,False
c3c28c4e-cfc4-4256-b03d-c17fc572908b,Line,4 HERMANOS  -72_CATOLICA    -503~1,72,503,38.0,38.0,0.0,1e-05,0.48,48.0,False,pr29,pr29,False
a1093388-a440-4374-bbde-f6c7415b2c97,Line,JOBOS 38    -94_ACB 3707    -783~1,94,783,38.0,38.0,0.001592,0.001947,0.504,50.4,False,pr8,pr8,False
6275740f-2572-43df-b713-c06e915f2d95,Line,BERRIOS     -485_0875B       -97801~1,485,97801,38.0,38.0,0.00342,0.011342,0.48,48.0,False,pr10,pr10,False
3931c98b-71f6-4b79-a443-f49f6274030d,Line,HOSP UNIVERS-727_8900-27NO   -72701~1,727,72701,38.0,38.0,0.001594,0.005277,0.48,48.0,False,pr50,pr50,False
c60c9300-3a0c-4510-bfe8-6811d44ee985,Line,GUARAGUAO   -13_LOMAS VERDES-166~1,13,166,38.0,38.0,0.048096,0.056772,0.2,20.0,False,pr45,pr45,False
41e35d37-706a-4369-b3b6-f5de342bffd4,Line,T BONE      -409_2800-67NO   -40901~1,409,40901,38.0,38.0,5.5e-05,8.3e-05,0.408,40.8,False,pr32,pr32,False
3ff6c8eb-9e38-4f6d-972b-3ff0b2a94f66,Line,WALMART_1163-1187_DOCTORS_HOSP-1188~1,1187,1188,38.0,38.0,0.003391,0.011247,0.48,48.0,False,pr86,pr86,False
84277217-80d6-4e04-bc7f-37217fc222a8,Line,MONACILLO 38-49_MARVEL      -469~1,49,469,38.0,38.0,0.01446,0.04339,0.79,79.0,False,pr50,pr50,False
baa22134-4f61-4ee2-bce7-206e7900b006,Line,WMART PONCE -770_19NO        -27901~1,770,27901,38.0,38.0,0.010546,0.034974,0.48,48.0,False,pr3,pr3,False
ac57a978-1d5c-40b8-9cb6-ee92af5d2b9e,Line,AIBONITO 2  -423_TO RICO     -695~1,423,695,38.0,38.0,0.002698,0.00305,0.2,20.0,False,pr10,pr10,False
0e09dfca-3e00-47d6-8998-c63f997ea465,Line,PFIZER      -436_14000-19NO  -43601~1,436,43601,38.0,38.0,0.006445,0.007286,0.2,20.0,False,pr102,pr102,False
20857a91-d692-4837-931c-5685f509c90e,Line,INS LABS    -978_COKE CIDRA  -979~1,978,979,38.0,38.0,0.00696,0.023083,0.48,48.0,False,pr10,pr10,False
8d9fb2fb-1de8-4f60-b97f-d3cc53285c7c,Line,MARICAO NO  -371_BAXTER MAYAG-510~1,371,510,38.0,38.0,0.0,0.001,1210.002566077499,121000.2566077499,True,pr29,pr29,False
082075ab-9136-411d-8825-d5f5ddb19b9e,Line,BAXT AIBONIT-582_H.MENONITA  -696~1,582,696,38.0,38.0,0.012364,0.013977,0.2,20.0,False,pr10,pr10,False
30fcbea9-01bf-4972-a602-93d16321a5de,Line,LUQUILLO    -180_GIBSON      -560~1,180,560,38.0,38.0,0.006215,0.020612,0.48,48.0,False,pr211,pr211,False
46752ba9-57b5-48ae-bdee-5d611e29336e,Line,CDTS PONCE  -629_RISER L-7900-940~1,629,940,38.0,38.0,0.001496,0.006029,0.8,80.0,False,pr313,pr313,False
0fa9f15f-98b6-4f24-b3e7-fe060fbb9a19,Line,DORADO 38   -92_VIRGENCITA  -263~1,92,263,38.0,38.0,0.010476,0.034742,0.48,48.0,False,pr93,pr93,False
af95d2b2-5058-4d4c-8ba6-b0434aef2638,Line,AVON MOCA   -535_XTRA 7875   -680~1,535,680,38.0,38.0,0.002574,0.008536,0.48,48.0,False,pr35,pr35,False
0571c445-c3ea-4784-a117-7f0248c40255,Line,PRAICO      -459_HATOREYTCB2 -1154~1,459,1154,38.0,38.0,0.00166,0.005506,0.48,48.0,False,pr87,pr87,False
eb7bd175-2b0d-4fa4-85bf-0eabc98d5657,Line,SUBPARGUERA -235_AAA 6660    -1195~1,235,1195,38.0,38.0,0.001,0.001,0.48,48.0,False,pr169,pr169,False
c8c39d4f-f03f-4d63-b90d-6cc00f04d292,Line,UMET        -445_FONDOSECUPEY-754~1,445,754,38.0,38.0,0.00492,0.01633,0.79,79.0,False,pr84,pr84,False
69133b9a-fc5e-42c1-8036-e0cf44dc078f,Line,AGUAYO      -599_DORADO PB NO-1049~1,599,1049,38.0,38.0,0.011816,0.082276,0.76,76.0,False,pr93,pr93,False
33e0efc6-3f45-4c65-9a30-20e5220a27af,Line,HUMACAO SEC -15_12500-09B   -59801~1,15,59801,38.0,38.0,0.000149,0.000495,0.48,48.0,False,pr14,pr14,False
8cfe372e-b8f0-4db8-a7ae-0227370bb219,Line,CEIBA BAJA  -384_CAR.GUERRERO-411~1,384,411,38.0,38.0,0.064742,0.079156,0.2,20.0,False,pr100,pr100,False
c0fd136b-e842-48b8-ae85-1c740e0c5113,Line,BAXTER      -286_TAP BAXTER  -1126~1,286,1126,38.0,38.0,0.001566,0.005194,0.48,48.0,False,pr8,pr8,False
24f198bb-300a-47ab-80fb-e8bd0225330f,Line,11 DE AGOSTO-70_LAS MESAS   -367~1,70,367,38.0,38.0,0.1484,0.1814,0.2,20.0,False,pr29,pr29,False
e620645b-95a4-4173-8a2c-a36f956a2564,Line,CORCO       -487_CARIBEISO   -48710~1,487,48710,38.0,38.0,0.0,0.001,1210.002566077499,121000.2566077499,True,pr2,pr2,False
8cb7fd82-67c8-4855-bc66-460451cf2496,Line,MAYAGUEZ    -28_VOC MAY     -507~1,28,507,38.0,38.0,0.02475,0.08207,0.48,48.0,False,pr29,pr29,False
ca67a25b-730a-4000-970f-c15fc4e323f4,Line,TAPSDEMETRIO-268_AGREGADO    -605~1,268,605,38.0,38.0,0.0148,0.049082,0.48,48.0,False,pr41,pr41,False
dfa37685-9126-42a5-a293-014c1f42ac59,Line,HUMACAO SEC -15_RYDERHUMACAO-145~1,15,145,38.0,38.0,0.0,0.0001,12100.025660774989,1210002.566077499,True,pr14,pr14,False
3bf7844b-d521-45e2-826e-0ca0bd083118,Line,QUEBRADILLAS-33_XTRA ISABELA-433~1,33,433,38.0,38.0,0.06435,0.2134,0.48,48.0,False,pr100,pr100,False
29ed793b-24bd-44c4-b1c8-e686adbc923b,Line,CAGUANA     -255_UPR UTUADO  -512~1,255,512,38.0,38.0,0.02503,0.0283,0.19699999999999998,19.7,False,pr38,pr38,False
9015e682-4d30-4c6c-8a22-01c811d1021f,Line,MAUNABO     -219_ESC URBANA  -1034~1,219,1034,38.0,38.0,0.009089,0.010027,0.198,19.8,False,pr14,pr14,False
7eb474d8-1318-402e-b158-7283c35c6729,Line,AAA 2770    -256_AAA 2774    -413~1,256,413,38.0,38.0,0.111669,0.136531,0.2,20.0,False,pr16,pr16,False
02482f3d-7550-48c3-ae11-eb0ac643fe75,Line,TORO NEGRO  -6_OROCOVIS NO -350~1,6,350,38.0,38.0,0.301544,0.368681,0.2,20.0,False,pr213,pr353,True
7f0abeb9-3783-4b4e-8d71-897eb7c08895,Line,DANOSA      -736_ACB9623     -1179~1,736,1179,38.0,38.0,0.001391,0.004614,0.48,48.0,False,pr45,pr45,False
442fbdc0-88ad-4185-8cc1-11be3459cfc7,Line,CMED MAYAG  -508_GRANDE MAYAG-509~1,508,509,38.0,38.0,0.01287,0.04268,0.48,48.0,False,pr29,pr116,True
35aebd4f-2eb7-462d-8377-cf936d1541a5,Line,CAYEY       -11_CAYEY RURAL2-253~1,11,253,38.0,38.0,0.025981,0.086158,0.48,48.0,False,pr10,pr10,False
9ce9d3c2-2da9-4f8a-b533-226229709775,Line,BREÑAS      -237_SOLARBLUE   -97361~1,237,97361,38.0,38.0,0.0,0.001,1210.002566077499,121000.2566077499,True,pr93,pr93,False
8ff9bc13-16a9-44bc-b968-5c1d7a7b4302,Line,ALPLA NO    -1192_200-15NO    -9401~1,1192,9401,38.0,38.0,0.012556,0.04164,0.48,48.0,False,pr8,pr8,False
0e5dabb7-e355-4c7e-b5c0-d4fa1f09078d,Line,TAP MAGAS   -424_MEDTRON 5973-657~1,424,657,38.0,38.0,0.117292,0.143406,0.2,20.0,False,pr313,pr213,True
854ab5cd-3d21-46b8-aac3-c5e473f269b7,Line,CULEBRA     -254_CULEBRAT.OFF-1181~1,254,1181,38.0,38.0,0.028379,0.037874,0.22399999999999998,22.4,False,pr101,pr101,False
a50e6b43-093c-4c10-bdad-1df00889baa4,Line,PACKAGING   -659_MATO SANTOS -724~1,659,724,38.0,38.0,0.000686,0.004555,0.76,76.0,False,pr87,pr87,False
7497cf3d-671e-45d5-997f-f332325004b6,Line,FAJARDO     -19_TAP W LAMBER-1134~1,19,1134,38.0,38.0,0.000155,0.000515,0.48,48.0,False,pr18,pr18,False
10a297b3-ffa7-480b-96a7-f35782b3b12a,Line,RIO GRANDE  -178_AAA 2373    -558~1,178,558,38.0,38.0,0.010202,0.033832,0.48,48.0,False,pr82,pr82,False
6f5c0f84-8d8c-403a-bcf0-b052fe65d136,Line,LANCO SLOREN-910_ESC.VOC.SL  -1145~1,910,1145,38.0,38.0,0.010112,0.012363,0.19699999999999998,19.7,False,pr234,pr234,False
f22884ab-17bf-475b-aa81-cedaf497df8c,Line,BUENA VISTA -198_4600-NO     -19801~1,198,19801,38.0,38.0,0.025443,0.093258,0.79,79.0,False,pr3,pr3,False
3a3c6c0d-3e39-4340-a9de-ef4c6b5bf18d,Line,ASTRO METAL -705_ROOMS TO GO -1094~1,705,1094,38.0,38.0,0.046664,0.057054,0.2,20.0,False,pr93,pr378,True
d01c2185-f63d-4989-bec4-40c58155c6b6,Line,AAA 1689    -690_MUSEO_NIÑO  -1203~1,690,1203,38.0,38.0,0.023352,0.026397,0.198,19.8,False,pr85,pr85,False
2d93c374-07bd-4e00-aadf-5c10f1a34e77,Line,MARINA PTO  -614_AIRPORT     -615~1,614,615,38.0,38.0,0.032638,0.108236,0.48,48.0,False,pr18,pr101,True
934932f9-1090-4482-afe2-45ba2795f601,Line,GUANICA PBLO-212_YAUCO PLAZA -993~1,212,993,38.0,38.0,0.02186,0.02673,0.204,20.4,False,pr2,pr2,False
4ee16252-6686-4750-912d-fba9ddbfb11b,Line,G.BENITEZ   -200_ACB 9323    -1202~1,200,1202,38.0,38.0,0.197248,0.241165,0.19699999999999998,19.7,False,pr21,pr234,True
9f996da2-e6c4-4ad3-b71c-42712b43bbaa,Line,VISTAMAR    -187_XTRA 1674   -565~1,187,565,38.0,38.0,0.001522,0.005047,0.48,48.0,False,pr84,pr84,False
5a64651f-a73f-4948-830c-4b2af802c29e,Line,NORTH_COAS~1-97112_MV_18       -97113~1,97112,97113,13.8,13.8,0.0013,0.00149,611.916775031754,61191.6775031754,True,pr100,pr100,False
9492cde9-866f-4d72-bd54-b74d15497fe6,Line,QUEBRADA PUE-333_GLAMURET    -472~1,333,472,38.0,38.0,0.0296,0.03619,0.2,20.0,False,pr100,pr100,False
a3383cd4-808c-4ea8-90df-f73e02b17500,Line,UPR ARECIBO -502_13600-05    -50201~1,502,50201,38.0,38.0,0.008154,0.02704,0.48,48.0,False,pr335,pr335,False
c6aeb90d-f225-46ff-840f-1dbd5ff4ce9f,Line,J DIAZ TC   -325_TAP MAGAS   -424~1,325,424,38.0,38.0,0.182714,0.223395,0.2,20.0,False,pr313,pr313,False
ba5953f5-f5bb-4a08-b77d-f76cf11f50eb,Line,ACB 2331    -504_SKW         -941~1,504,941,38.0,38.0,0.046717,0.080239,0.303,30.3,False,pr335,pr335,False
e797d05f-39fc-4366-80aa-2f7a820f9b82,Line,DORADO 38   -92_RI 7800     -1065~1,92,1065,38.0,38.0,0.000166,0.000621,0.4,40.0,False,pr93,pr93,False
dae03bae-d2a5-435f-b7d1-61f4a33278b9,Line,CAMBALACHE  -39_2200-21NO   -3904~1,39,3904,38.0,38.0,0.11565,0.151125,0.2,20.0,False,pr40,pr40,False
3a2d18ec-4b7d-4135-8e3f-ccbfbfff4133,Line,BAYAMON TC  -44_13300-01CNO -49001~1,44,49001,38.0,38.0,0.0322,0.1147,0.48,48.0,False,pr45,pr378,True
a387f484-46e2-4b9c-92d6-327e9a51f458,Line,COMMONWELTH -326_XTRA ISABELA-433~1,326,433,38.0,38.0,0.02703,0.08963,0.48,48.0,False,pr100,pr100,False
6d8a04d2-3977-4b5e-af5c-67e6778a99f3,Line,JOBOS 38    -94_GUAYAMA     -189~1,94,189,38.0,38.0,0.0375,0.12435,0.48,48.0,False,pr8,pr8,False
d326f2c2-ff29-427f-9fbc-c3b54facc653,Line,JARDINESMETR-397_TREN URBANO -977~1,397,977,38.0,38.0,0.006821,0.02262,0.48,48.0,False,pr84,pr84,False
e0713349-94f8-464f-a32d-21e6ec7d9d90,Line,VIADUCTO    -60_WALMART_1163-1187~1,60,1187,38.0,38.0,0.002038,0.013537,0.76,76.0,False,pr86,pr86,False
3e39c9ea-1dbc-4ae3-886f-d4ad38a03c44,Line,DORADO 38   -92_13200-59NO  -49101~1,92,49101,38.0,38.0,0.00027,0.00136,0.48,48.0,False,pr93,pr93,False
56ab24fe-42f1-443b-9457-33027636b73e,Line,H.MENONITA  -696_ESC LLANOS  -1088~1,696,1088,38.0,38.0,0.162627,0.183837,0.2,20.0,False,pr10,pr10,False
7372b303-b888-4e4b-983f-3e8bebf00546,Line,CORCO       -487_STYROCHEM1  -48702~1,487,48702,38.0,38.0,0.01652,0.10974,0.763,76.3,False,pr2,pr2,False
0622bba1-9d30-4c95-bed4-7522921831a6,Line,CANOVANAS TC-122_EL COMANDANT-964~1,122,964,38.0,38.0,0.000314,0.002083,0.76,76.0,False,pr82,pr82,False
de13d65e-2810-4b60-a464-9515f31425a3,Line,BAIROA      -201_CONTINENTAL -421~1,201,421,38.0,38.0,0.01227,0.040689,0.48,48.0,False,pr21,pr21,False
12594cfe-6a51-4ae8-ac1c-145c416bfbd6,Line,ARECIBO PBLO-227_XTRA ARECIBO-587~1,227,587,38.0,38.0,0.011158,0.037004,0.48,48.0,False,pr40,pr40,False
2c085dbb-7790-4e7b-9f48-3739d7f535c7,Line,PONCE PLAYA -272_PTO AMERICAS-394~1,272,394,38.0,38.0,0.009192,0.030474,0.48,48.0,False,pr3,pr3,False
1a122b86-edc4-4579-a35d-34eb016558cb,Line,THOMAS&BETTS-269_ULTRA PIER  -1162~1,269,1162,38.0,38.0,0.012395,0.014009,0.19,19.0,False,pr41,pr41,False
bdfebfd4-fb90-49fb-9e8f-ab733565e8dd,Line,L3000 A     -996_L3000 B     -997~1,996,997,38.0,38.0,0.005688,0.00643,0.2,20.0,False,pr234,pr234,False
a8e0da44-3383-4aca-aad6-ff0a153ac8f9,Line,HOLIDAY     -463_PENITENCIARI-638~1,463,638,38.0,38.0,0.025532,0.08467,0.48,48.0,False,pr3,pr2,True
87fcb896-e686-4153-b143-f710c875389d,Line,JOBOS 38    -94_BAXTER NO   -1070~1,94,1070,38.0,38.0,0.010837,0.035937,0.48,48.0,False,pr8,pr8,False
9ae62433-baa6-4819-9372-da3bd48a9963,Line,COLGATE     -471_MEDTRONI JUN-1023~1,471,1023,38.0,38.0,0.00134,0.004445,0.48,48.0,False,pr234,pr234,False
42e4c5b8-16f0-48a4-8ca2-ef54f2c08964,Line,RIO CAÑAS   -655_WALMART CAG -1095~1,655,1095,38.0,38.0,0.008147,0.027016,0.48,48.0,False,pr21,pr21,False
80cf404e-7841-4f92-8667-1a390c27aa08,Line,MOCA GIS    -1068_MOCA_HV     -97100~1,1068,97100,38.0,38.0,0.0005,0.00109,1009.0013520659875,100900.13520659874,True,pr100,pr100,False
8d39d03c-7b2e-434c-9e56-6caab616da2f,Line,YABUCOA PBLO-220_GOB YABUCOA -585~1,220,585,38.0,38.0,0.002102,0.00257,0.2,20.0,False,pr14,pr14,False
634b48de-d5d3-4b21-8c23-d4170571784f,Line,BELLAS ARTES-529_MINILLAS    -1120~1,529,1120,38.0,38.0,0.002035,0.006748,0.48,48.0,False,pr86,pr86,False
8beb22ad-f898-4944-9f70-124dc6e94caf,Line,HUMACAO TC  -98_FARMACEUTICA-927~1,98,927,38.0,38.0,0.00193,0.006402,0.48,48.0,False,pr14,pr14,False
fea2fac0-547a-4228-8ec2-2c6db5ba2ce7,Line,CAYEY       -11_65A         -65001~1,11,65001,38.0,38.0,0.000613,0.002031,0.48,48.0,False,pr10,pr10,False
731fe559-41b9-48d6-83c8-5b8c627a2e01,Line,PUEBLITO RIO-417_L3000 E     -1000~1,417,1000,38.0,38.0,0.022425,0.074366,0.48,48.0,False,pr234,pr234,False
eaed3ec0-976e-4bf1-8c10-86968a9a56de,Line,CUTLERHAMMER-307_CHESE BPOUND-797~1,307,797,38.0,38.0,0.002071,0.006867,0.48,48.0,False,pr234,pr234,False
4f978f79-e75b-4416-9f4c-a3df2f7d6341,Line,RGRAND STATE-468_TAPPARADISUS-1132~1,468,1132,38.0,38.0,0.007075,0.04699,0.76,76.0,False,pr211,pr211,False
9ef8f190-2183-401f-a86b-d9d9b70cda31,Line,MADERAS     -491_13200-59NO  -49101~1,491,49101,38.0,38.0,0.055425,0.183803,0.48,48.0,False,pr378,pr93,True
2a503f09-49d6-4196-a2df-40186c8d998f,Line,AAA STA ROSA-416_OMAR K CARIB-917~1,416,917,38.0,38.0,0.01331,0.03362,0.4,40.0,False,pr45,pr45,False
71295656-05fe-47d3-b9da-c370c2ff1a9f,Line,S.ISABEL SEC-7_HAC CAROLINA-624~1,7,624,38.0,38.0,0.175057,0.258763,0.2,20.0,False,pr296,pr296,False
f17a37ef-8869-4703-9cb4-9f1cdd35f49e,Line,XTRA 1693   -681_HOSP CAROLNA-1081~1,681,1081,38.0,38.0,0.001217,0.004036,0.79,79.0,False,pr85,pr85,False
7b155186-5253-4027-94f3-bfd8aa350ef1,Line,OMJ S.GERMAN-636_BAXTER SGERM-714~1,636,714,38.0,38.0,0.00161,0.00533,0.48,48.0,False,pr169,pr169,False
8ef2379b-ba0c-4c4c-9418-d31b386561e4,Line,SJSP 38     -78_5900-29     -94401~1,78,94401,38.0,38.0,1e-05,3.4e-05,0.48,48.0,False,pr87,pr87,False
1cec490d-5032-4417-a624-d1417fb77a55,Line,OLAY        -758_BACARDI     -760~1,758,760,38.0,38.0,0.000734,0.002433,0.48,48.0,False,pr10,pr10,False
aeb0b505-5960-4dda-bd56-44bf069380c7,Line,ACB 3753    -621_GCB 3760    -660~1,621,660,38.0,38.0,0.032667,0.108339,0.48,48.0,False,pr8,pr8,False
05c7107c-6d90-424f-a673-3f804dd6e885,Line,CANOVANAS TC-122_XTRA COLOBOS-741~1,122,741,38.0,38.0,0.009791,0.034115,0.76,76.0,False,pr82,pr82,False
ccfdfe69-b90d-450b-a02f-b2edac2887cc,Line,CHARCO HONDO-331_2300-11NO   -33101~1,331,33101,38.0,38.0,0.38416,0.434263,0.2,20.0,False,pr335,pr38,True
02589794-919a-40c6-a758-7c002111a623,Line,UPR CAYEY   -650_CONSOL CIGAR-715~1,650,715,38.0,38.0,0.007182,0.023815,0.48,48.0,False,pr10,pr10,False
4fcb770e-2d55-4edf-8006-10be2be6266e,Line,CORANGE     -323_ALUWEST     -792~1,323,792,38.0,38.0,0.004799,0.015915,0.48,48.0,False,pr103,pr103,False
d1e87c69-146f-49df-8939-faf64d05299d,Line,SUBSTN      -7100_PATTERN_MV  -7773~1,7100,7773,34.5,34.5,0.00668,0.01162,90.27688150012854,9027.688150012855,True,pr7200,pr7200,False
d06c9cf4-7c49-4973-b060-184ee5711b48,Line,MCKINLEY    -71_1257NO      -2801~1,71,2801,38.0,38.0,0.02812,0.09329,0.48,48.0,False,pr29,pr29,False
6d9652ce-306d-43ce-934b-c1cba9a1314f,Line,PONCE 38    -4_500-77NO    -27902~1,4,27902,38.0,38.0,1e-06,2e-06,0.48,48.0,False,pr3,pr3,False
77dae82e-fdd2-4b62-8211-592e813cc5c0,Line,ALTRIOGRANDE-556_SEC PLASTIC -937~1,556,937,38.0,38.0,0.009131,0.030281,0.48,48.0,False,pr82,pr82,False
d7bd07be-de9a-4d4d-897a-08b71d94564c,Line,QUEBTAP     -1016_COLISEO RAY -1171~1,1016,1171,38.0,38.0,0.009376,0.031093,0.48,48.0,False,pr100,pr100,False
638667c8-edcf-4750-adbb-2595726dab69,Line,J DIAZ TC   -325_18000-01C   -69201~1,325,69201,38.0,38.0,0.0006,0.0025,0.48,48.0,False,pr313,pr313,False
787eb9ab-6424-4307-9dce-a8654d73366d,Line,CENTRAL ROIG-438_REYNOLDS    -617~1,438,617,38.0,38.0,0.102157,0.124902,0.2,20.0,False,pr14,pr14,False
7a24b875-60c5-4a0e-9521-51bd3c0d31f9,Line,ATALAYA     -293_AÑASCO TC   -301~1,293,301,38.0,38.0,0.043758,0.145112,0.48,48.0,False,pr231,pr231,False
446a7162-c740-40bf-85e3-86d5f7276c60,Line,BOQUERON    -119_COMBATE     -419~1,119,419,38.0,38.0,0.1493,0.2567,0.302,30.2,False,pr169,pr169,False
d51e4291-214e-420e-b541-42fddf3895c7,Line,SEBORUCO    -134_USC         -530~1,134,530,38.0,38.0,0.0044,0.0237,0.763,76.3,False,pr392,pr392,False
55218b84-1a29-46b6-9dd5-64fd5d1bd70b,Line,HOGARJUVENIL-496_TAP 9905A   -531~1,496,531,38.0,38.0,0.128747,0.157412,0.2,20.0,False,pr14,pr14,False
b71b6f2b-c3f3-4365-981e-96ab59e70e0a,Line,CAMBALACHE  -39_6900-21NO   -3902~1,39,3902,38.0,38.0,0.000215,0.000714,0.48,48.0,False,pr40,pr40,False
9a7ba965-a57f-4be1-891b-dd65d03d1c32,Line,GUAYNABO    -67_METS PAVILON-479~1,67,479,38.0,38.0,0.01354,0.03873,0.48,48.0,False,pr50,pr50,False
307bd40c-f261-49ab-9342-d48e4b4e1a74,Line,INABON      -692_18000-01C   -69201~1,692,69201,38.0,38.0,0.0006,0.0025,0.48,48.0,False,pr313,pr313,False
070476c6-0ecb-424a-860b-250c4285f7ca,Line,GE BAY      -139_CADILLAC    -172~1,139,172,38.0,38.0,0.00161,0.00533,0.48,48.0,False,pr45,pr45,False
9dd92012-def2-46b7-81a1-eed71c400f3c,Line,JOBOS 38    -94_200-15NO    -9401~1,94,9401,38.0,38.0,0.012556,0.04164,0.48,48.0,False,pr8,pr8,False
30247a06-6bfd-4fce-898d-f291d9147a8b,Line,VIADUCTO    -60_PARQ/RECREOS-147~1,60,147,38.0,38.0,0.0252,0.0324,0.223,22.3,False,pr86,pr86,False
51e57484-49a3-481d-912a-7946fe968e1d,Line,STRUCT STEEL-734_INS WIRE    -735~1,734,735,38.0,38.0,0.000446,0.00148,0.48,48.0,False,pr45,pr45,False
b1472ac4-9ddc-4059-a011-c43a00ca70b4,Line,TAP NYPRO   -1129_TAP CAROLINA-1135~1,1129,1135,38.0,38.0,0.000569,0.003781,0.763,76.3,False,pr85,pr85,False
7932e882-69b2-4257-b9c0-f02c2f4517c9,Line,S.GERMANTC38-300_LOCTITE     -584~1,300,584,38.0,38.0,0.001001,0.001132,0.2,20.0,False,pr169,pr169,False
7578a6a5-f75d-4a29-a9f5-48c3caeed191,Line,SAFETY KLEEN-1013_ACB 2295    -1093~1,1013,1093,38.0,38.0,0.027671,0.091762,0.48,48.0,False,pr102,pr102,False
e3a6bb05-2b1e-40b6-ba96-3a1cef2334e0,Line,HOSP_METROPO-1189_10100-19    -118901~1,1189,118901,38.0,38.0,0.000713,0.00109,0.4,40.0,False,pr87,pr87,False
af205a9b-e33a-42c3-b734-890ba9a50c71,Line,HARTZEL     -782_POLICIA HUM -1086~1,782,1086,38.0,38.0,0.058366,0.193554,0.48,48.0,False,pr234,pr14,True
a37031af-4e32-4578-a674-96954e3b0aed,Line,CEIBA BAJA  -384_USAF        -611~1,384,611,38.0,38.0,0.021408,0.095808,0.59,59.0,False,pr100,pr100,False
d0ad84ac-77d6-44b5-9214-1118c8e03c1d,Line,JUNCOS      -20_COLISEO FRAN-1032~1,20,1032,38.0,38.0,0.048265,0.160059,0.48,48.0,False,pr234,pr234,False
504cbbe1-fd30-4c06-9def-f8d7df40e972,Line,H TEJAS TC  -379_RJ NIDO     -932~1,379,932,38.0,38.0,0.001416,0.004695,0.48,48.0,False,pr378,pr378,False
b6715484-033d-465f-b4c7-4efa548c9bf1,Line,TAP CMEDICO -142_COOP SEGMULT-1006~1,142,1006,38.0,38.0,0.011454,0.037985,0.48,48.0,False,pr50,pr84,True
b39df8a7-d94d-4b4e-884b-c49e1bd07c47,Line,YAROTEK_MV  -97022_YAROTEK_MV  -97023~1,97022,97023,13.2,13.2,0.0,0.0001,12100.025660774989,1210002.566077499,True,pr97021,pr97021,False
4bb70650-fc00-4be7-b6dc-b64eb17c6b4d,Line,MORA 38     -181_MORA SUB    -311~1,181,311,38.0,38.0,0.002445,0.008109,0.48,48.0,False,pr100,pr100,False
82025a98-7e66-48b2-85e1-5c47b3ac9635,Line,HUMACAO SEC -15_9900-09C    -53101~1,15,53101,38.0,38.0,0.007078,0.023474,0.48,48.0,False,pr14,pr14,False
db4be6f2-3277-4d57-a789-3842c1085d82,Line,3500-07C    -34501_3500-05B    -34502~1,34501,34502,38.0,38.0,0.000166,0.000188,0.2,20.0,False,pr234,pr234,False
ff233512-d5d2-4603-bb1f-668e1c4ef9e6,Line,ASDA ARECIBO-589_BELLAS ARTES-699~1,589,699,38.0,38.0,0.00162,0.00534,0.48,48.0,False,pr40,pr40,False
3624d0be-8b86-40b2-857e-3b3627c38a3d,Line,NO COAMO    -260_PICU COAMO  -1009~1,260,1009,38.0,38.0,0.076538,0.253818,0.48,48.0,False,pr10,pr10,False
79495d25-f4ad-43f8-ac2f-221983adb3a8,Line,BERWIND 38  -123_15300-95B   -13701~1,123,13701,38.0,38.0,0.000164,0.000552,0.79,79.0,False,pr84,pr84,False
8245f96e-b9fb-4908-beb4-318dcd4d70e0,Line,V. SUAREZ   -1167_B PASTOR TC -1182~1,1167,1182,38.0,38.0,0.012973,0.043021,0.48,48.0,False,pr21,pr21,False
74e5e7d5-3fa5-49ff-adee-a797544de3ce,Line,MARTIN PEÑA -59_6700-09NO   -53001~1,59,53001,38.0,38.0,3.2e-05,0.000206,0.76,76.0,False,pr392,pr392,False
6316189c-3d62-4a01-9355-1f315dc0a6ee,Line,CAMUY       -494_AAA 7778    -1168~1,494,1168,38.0,38.0,0.01156,0.038224,0.48,48.0,False,pr335,pr335,False
2e98b772-7732-4608-ba38-e3c8ae0dd013,Line,CAGUANA     -255_ESC.JOSEFINA-1115~1,255,1115,38.0,38.0,0.272882,0.30362,0.2,20.0,False,pr38,pr38,False
242caff5-b7ee-4765-a7fe-eaf49a001188,Line,HOSPMENONITA-399_UNICOM      -759~1,399,759,38.0,38.0,0.000597,0.001979,0.48,48.0,False,pr10,pr10,False
a84d5840-b46b-498b-878b-2c84999babf7,Line,PALMASDELMAR-437_REYNOLDS    -617~1,437,617,38.0,38.0,0.158911,0.194292,0.2,20.0,False,pr14,pr14,False
e40e6b97-1a8b-4ad5-b5db-85f55185c4a5,Line,MORA 38     -181_AWNING      -573~1,181,573,38.0,38.0,0.007136,0.031936,0.59,59.0,False,pr100,pr100,False
e652b6ea-4b89-409c-b5e7-b6ae32e6783e,Line,BARCELONETA -97_2200-19     -59201~1,97,59201,38.0,38.0,0.000103,0.000341,0.48,48.0,False,pr102,pr102,False
b187f438-371f-47ed-8993-37352145a60c,Line,BARCELONETA -97_RESUN       -97204~1,97,97204,38.0,38.0,0.0,0.001,1210.002566077499,121000.2566077499,True,pr102,pr102,False
f3bd6ebb-6dbe-4768-8871-c73a3f873332,Line,ELI LILLY-W -182_MOVA CAROLNA-744~1,182,744,38.0,38.0,0.001337,0.008879,0.76,76.0,False,pr82,pr82,False
3223fad7-176a-4178-a228-66d18644e087,Line,STRUCT STEEL-734_ACB9623     -1179~1,734,1179,38.0,38.0,0.003101,0.010284,0.48,48.0,False,pr45,pr45,False
6a29fd8e-c774-4602-9816-f9c3ee2b730a,Line,VOC MAY     -507_1625NO      -50701~1,507,50701,38.0,38.0,0.006095,0.02021,0.48,48.0,False,pr29,pr29,False
ee81ebc2-142d-46db-8680-2b7a098bd91b,Line,11 DE AGOSTO-70_LAS MESAS NO-370~1,70,370,38.0,38.0,0.175245,0.1981,0.2,20.0,False,pr29,pr29,False
beb7bf17-79cb-4eac-b8d3-bd1be43170e1,Line,AWNING      -573_CANTERA     -987~1,573,987,38.0,38.0,0.00161,0.00533,0.48,48.0,False,pr100,pr100,False
38addb16-3482-4249-9d26-da52ffbc9675,Line,STARKIST    -328_6125NO      -2802~1,328,2802,38.0,38.0,0.064106,0.048545,0.2,20.0,False,pr29,pr29,False
5ee0d4cb-001f-42b6-8084-6a78a3ebc19a,Line,COMERIO     -12_CDT COMERIO -773~1,12,773,38.0,38.0,0.138496,0.169331,0.204,20.4,False,pr275,pr275,False
5d4dbdc6-1613-4d6c-aada-ccc8d323e5be,Line,PRTC BAYAMON-514_TRIPLE S    -671~1,514,671,38.0,38.0,0.003723,0.01157,0.4,40.0,False,pr87,pr87,False
f9d4f9d9-8d69-4b80-a5a9-555774cf1065,Line,AGREGADO    -605_2200-81C    -60501~1,605,60501,38.0,38.0,0.015444,0.051216,0.48,48.0,False,pr41,pr153,True
fb395850-efbd-4525-be86-13d69fd86e90,Line,GE VEGA ALTA-649_SAMS VEGALTA-765~1,649,765,38.0,38.0,0.005612,0.008587,0.4,40.0,False,pr41,pr41,False
22268d8e-767d-4b64-b62e-000c0aef7254,Line,COLISEO SEC -1048_MARTINPEÑAB2-1155~1,1048,1155,38.0,38.0,0.0012,0.005,0.802,80.2,False,pr87,pr392,True
e3b7825c-d3b0-4126-9a86-45b043a12670,Line,MONACILLO 38-49_8900-39NO   -66601~1,49,66601,38.0,38.0,6e-05,0.000395,0.76,76.0,False,pr50,pr50,False
cdbc30a3-cc0c-4476-b64b-d76cdb60daca,Line,CANOVANA SEC-47_ACB 11101   -959~1,47,959,38.0,38.0,0.001079,0.007169,0.76,76.0,False,pr82,pr82,False
16fa5e59-da46-4476-b4f3-24bc75eec58e,Line,PONCE HILTON-366_TAP SABANETA-481~1,366,481,38.0,38.0,0.024516,0.081302,0.48,48.0,False,pr3,pr3,False
695c7ef2-ed58-4c01-be03-368d0d3e7759,Line,HOLSUM      -602_DROGUCENTRAL-704~1,602,704,38.0,38.0,0.010552,0.012901,0.2,20.0,False,pr93,pr93,False
8d4f8b36-d398-4977-b2d9-011620dff24e,Line,XTRA 1674   -565_IPR CAROLINA-689~1,565,689,38.0,38.0,0.006023,0.019975,0.48,48.0,False,pr84,pr85,True
3cc43011-1b16-4779-a205-528adc47750e,Line,BUCHANAN    -720_IMPRENTA    -721~1,720,721,38.0,38.0,0.004284,0.028451,0.76,76.0,False,pr87,pr87,False
901917cf-aa0b-4981-bafc-12ab987ece37,Line,PAMPANOS    -114_UNIVCATOLICA-968~1,114,968,38.0,38.0,0.013526,0.044855,0.48,48.0,False,pr3,pr3,False
40c9cbdc-be28-4b96-ac0c-2c742788aace,Line,ALPLA NO    -1192_HORIZON     -1813~1,1192,1813,38.0,38.0,0.047265,0.156741,0.48,48.0,False,pr8,pr8,False
d0a94f32-ba8c-4000-8c38-931648c6603a,Line,UTUADO      -1127_TAP S.JOSÉ  -1128~1,1127,1128,38.0,38.0,0.04,0.053,0.198,19.8,False,pr38,pr38,False
b3e07b72-9a87-478a-94c6-3a57029a9799,Line,AAA 5092    -771_87B         -77101~1,771,77101,38.0,38.0,0.004183,0.013873,0.48,48.0,False,pr103,pr103,False
8a6909d0-3898-4bbb-928c-e960eb15fb0d,Line,MONACILLOSB2-1156_3400-39     -47901~1,1156,47901,38.0,38.0,0.03362,0.096198,0.48,48.0,False,pr50,pr50,False
31058055-34df-4f21-b180-b6c820bcba1b,Line,STEELPROCSOR-446_CARIB PETROL-790~1,446,790,38.0,38.0,0.004765,0.01481,0.48,48.0,False,pr45,pr45,False
d1638a08-3d19-4f50-bdda-41e57b7ab0f1,Line,SYNTEX      -351_3500-77B    -35102~1,351,35102,38.0,38.0,0.006307,0.020915,0.48,48.0,False,pr14,pr14,False
bef1747d-462b-497b-8b2e-93e6737df507,Line,TAP 9905A   -531_9900-09C    -53101~1,531,53101,38.0,38.0,0.007078,0.023474,0.48,48.0,False,pr14,pr14,False
2b51a2ca-7aec-4eaa-961d-14bd97913365,Line,HORIZON_MV  -97002_-97007~1,97002,97007,22.9,22.9,0.0,0.0001,12100.025660774989,1210002.566077499,True,pr8,pr8,False
30f1a4ac-3145-4276-813c-cb73412f3b1b,Line,FAJARDO 2   -295_KMARTFAJARDO-717~1,295,717,38.0,38.0,0.027494,0.033616,0.204,20.4,False,pr18,pr18,False
4c26eab0-88b8-417d-b35b-2dceb9d99249,Line,MERCEDITA   -365_0235A       -36501~1,365,36501,38.0,38.0,0.135189,0.15282,0.2,20.0,False,pr3,pr3,False
c4ae4b08-802f-4829-8f11-1a3e8c3d2409,Line,BARCELO 8501-626_11500-29    -62601~1,626,62601,38.0,38.0,0.004001,0.013267,0.48,48.0,False,pr102,pr102,False
e2f63cec-d7e1-40aa-92ec-3a0da69824be,Line,ILA         -947_SAMS_1581   -1031~1,947,1031,38.0,38.0,0.000783,0.002597,0.48,48.0,False,pr87,pr87,False
a7c3339a-9155-4997-87c7-5fa15ace7cfb,Line,CONSOL CIGAR-645_PLAYTEX     -772~1,645,772,38.0,38.0,0.003536,0.004323,0.2,20.0,False,pr275,pr275,False
cbb681e6-db5e-4362-9b56-09b64c5b6662,Line,SCHERING    -403_DAVIS&GECK  -793~1,403,793,38.0,38.0,0.003282,0.010883,0.48,48.0,False,pr153,pr153,False
7a0e2127-de07-4534-9455-80ade6fdcbc9,Line,CROWLEY     -548_ISLA GDE GIS-633~1,548,633,38.0,38.0,0.054065,0.041141,0.151,15.1,False,pr632,pr632,False
0f5576eb-bd73-4bad-8463-db8ce46cc792,Line,LA MUDA     -191_JCPENNEY    -569~1,191,569,38.0,38.0,0.003102,0.010286,0.48,48.0,False,pr50,pr50,False
0c7549e4-3845-48aa-9305-7fa8e22bab00,Line,SANTA ANA   -395_GE VEGA ALTA-649~1,395,649,38.0,38.0,0.021545,0.032964,0.4,40.0,False,pr93,pr41,True
c74eb247-e789-476e-a1e9-e6526ab251fa,Line,PR CEMENT   -126_AYERST WYETH-722~1,126,722,38.0,38.0,0.002928,0.019445,0.76,76.0,False,pr87,pr87,False
26b9ae3f-1d9d-45c5-bda4-e9eddebf08de,Line,UPR PONCE   -608_1800-NO     -60801~1,608,60801,38.0,38.0,0.008534,0.028314,0.48,48.0,False,pr3,pr3,False
2a67b151-b743-4939-85a5-bfadd0ae5b56,Line,CANOVANA SEC-47_NATIONAL    -963~1,47,963,38.0,38.0,0.003262,0.021667,0.76,76.0,False,pr82,pr82,False
504a0ba6-56fb-4a82-a4ad-83753f0a8e2f,Line,LEON SECT   -73_ESC NUEVA   -1150~1,73,1150,38.0,38.0,0.000311,0.001164,0.4,40.0,False,pr29,pr29,False
ec959468-94f1-4cb8-a376-2400ec39fbf9,Line,BAIROA      -201_MATSUSHITA  -580~1,201,580,38.0,38.0,0.012008,0.03982,0.48,48.0,False,pr21,pr21,False
49f85be2-f5e6-48a7-bf14-b83dc4115e76,Line,HATILLO TC  -336_TAP DOMGUITO-1106~1,336,1106,38.0,38.0,0.009648,0.06408,0.76,76.0,False,pr335,pr335,False
367dc110-1710-4412-b1e9-fde2111e8ee0,Line,SANFERNANDO -141_PUERTO NUEVO-144~1,141,144,38.0,38.0,0.011,0.0356,0.48,48.0,False,pr87,pr87,False
0d0482ca-6cf1-4d86-aae4-9c229dc0f308,Line,FONALLEDAS  -161_COOP SEGMULT-1006~1,161,1006,38.0,38.0,0.002188,0.007256,0.48,48.0,False,pr84,pr84,False
60d1690b-1dae-4171-8ad2-33d8a7f7f55b,Line,BACARDI 1877-465_9700-01NO   -46501~1,465,46501,38.0,38.0,0.002645,0.017568,0.76,76.0,False,pr63,pr63,False
f88ad66b-9057-4385-8f98-16321cd3ee10,Line,GE VEGA ALTA-593_J MENDEZ    -990~1,593,990,38.0,38.0,0.00262,0.00411,0.4,40.0,False,pr93,pr93,False
a6c88b4c-d936-48ca-9f2d-9dec52c0ad44,Line,IPR CAROLINA-689_PRJC CAROLIN-691~1,689,691,38.0,38.0,0.004049,0.013426,0.48,48.0,False,pr85,pr85,False
58ff301e-c525-46ec-8d57-57c1faa9e08d,Line,G.BENITEZ   -200_VILLA DL REY-224~1,200,224,38.0,38.0,0.009968,0.066202,0.76,76.0,False,pr21,pr21,False
d1a8f363-4992-421d-9916-dc7c383d60ee,Line,PUEBLITO RIO-417_3047NO1     -41301~1,417,41301,38.0,38.0,0.049134,0.060074,0.2,20.0,False,pr234,pr16,True
15721890-9360-4ef6-8fdf-6365402b8151,Line,CHARCO HONDO-331_SKW         -941~1,331,941,38.0,38.0,0.09318,0.103676,0.2,20.0,False,pr335,pr335,False
34992df0-af77-4fdf-8092-3c2d34fd3097,Line,AAA STA ROSA-416_PRODGRAF    -653~1,416,653,38.0,38.0,0.02534,0.06402,0.4,40.0,False,pr45,pr45,False
6374f2eb-43a8-4942-8dec-1ef3ffc9d5f9,Line,CREMATORIO  -79_TAP 5900    -944~2,79,944,38.0,38.0,0.0,0.001,1210.002566077499,121000.2566077499,True,pr87,pr87,False
6e9ca33e-f575-40e3-a45c-22254e46a324,Line,FACTOR      -229_SUPERACU ARE-297~1,229,297,38.0,38.0,0.01287,0.04268,0.48,48.0,False,pr40,pr102,True
2abf0855-6869-4b3f-b6b5-7855d53e6a51,Line,SAN ANTON   -188_UPR CAROLINA-566~1,188,566,38.0,38.0,0.010544,0.034968,0.48,48.0,False,pr85,pr85,False
091d4c6c-1019-4025-b83a-ddb5b30970c2,Line,TOA VACA    -159_AAA TOA VACA-543~1,159,543,38.0,38.0,0.058982,0.072114,0.2,20.0,False,pr213,pr213,False
c0aaca2e-c200-4366-9e1f-e659ca9d5b65,Line,MCNEILL     -345_3500-07C    -34501~1,345,34501,38.0,38.0,0.003319,0.003752,0.2,20.0,False,pr234,pr234,False
1df71f9d-4b88-44c7-bfe5-1466119d89bd,Line,SIECOR      -557_SEC PLASTIC -937~1,557,937,38.0,38.0,0.023733,0.026828,0.19,19.0,False,pr82,pr82,False
24fe7cf8-e40f-48c8-bca1-38d44bad0430,Line,15400-07A   -44701_15400-21C   -79101~1,44701,79101,38.0,38.0,0.004185,0.01388,0.48,48.0,False,pr102,pr102,False
77224e7a-7fdd-4e77-a3b3-86510bad46a4,Line,HORIZON     -1813_0141        -34604~1,1813,34604,38.0,38.0,0.000876,0.002904,0.48,48.0,False,pr8,pr8,False
c0184c7b-d86e-4c6a-8bdf-458dee5c50e3,Line,"Utility_PV_ReV_Grid_1479,SISABEL115~new",34601,924977,38.0,38.0,0.0,0.1,2.5885998,258.85998,False,pr296,pr296,False
dc09613c-199f-47c6-b789-63c71e799efe,Line,AAA 6091    -676_5645        -2803~1,676,2803,38.0,38.0,0.032935,0.109215,0.48,48.0,False,pr231,pr29,True
973a325a-67b1-497f-ba95-2dba30de71c1,Line,BARRANQUITAS-215_ABANICO     -1184~2,215,1184,38.0,38.0,0.0063,0.0503,0.48,48.0,False,pr353,pr353,False
3b99f0f1-073e-47de-9b5f-f83472b9752d,Line,HAMILTON    -450_AAA 4478    -1136~1,450,1136,38.0,38.0,0.069898,0.079014,0.2,20.0,False,pr296,pr296,False
4b276e3d-e8cd-4413-89e2-5929edfb121f,Line,L3000 C     -998_L3000 D     -999~1,998,999,38.0,38.0,0.001707,0.005659,0.48,48.0,False,pr234,pr234,False
e6f526fc-6aae-42b1-a019-dd747cf69c2b,Line,LLORENTORRES-58_VILLAMAR    -136~1,58,136,38.0,38.0,0.005843,0.021845,0.4,40.0,False,pr392,pr84,True
b9ac4bea-bbda-4429-a0ec-589a6f6cb9c4,Line,SEARS       -752_POPULAR     -755~1,752,755,38.0,38.0,0.00206,0.00683,0.48,48.0,False,pr84,pr84,False
1dd5449d-2d31-430d-b057-cf4d84a22128,Line,CADILLAC    -172_AAA SUPER   -740~1,172,740,38.0,38.0,0.006435,0.02134,0.48,48.0,False,pr45,pr45,False
ccabe200-1ecc-45b8-bbd1-480602a72308,Line,PLAYTEX     -753_ULTRA PIER  -1162~1,753,1162,38.0,38.0,0.00042,0.000514,0.19,19.0,False,pr41,pr41,False
babee521-43d2-4138-8c81-86a2cba2c6b6,Line,SABANAGRANDE-216_KENDALL     -317~1,216,317,38.0,38.0,0.190021,0.232328,0.2,20.0,False,pr169,pr169,False
4aa0b962-9abc-4f03-a3c0-a4f44ed861fd,Line,LA RAMBLA   -105_CANTERA     -97371~1,105,97371,38.0,38.0,0.0,0.001,1210.002566077499,121000.2566077499,True,pr313,pr313,False
35452cbf-4002-4c46-86ce-05c3e7874e30,Line,DAGUAO 38   -56_ROOSEVEROADS-616~1,56,616,38.0,38.0,0.10014,0.1132,0.2,20.0,False,pr101,pr101,False
4dad30e2-0c43-4da8-bae2-990e30a5c369,Line,HATO TEJAS  -90_LAUSELL     -547~1,90,547,38.0,38.0,0.009266,0.03073,0.48,48.0,False,pr378,pr378,False
383fe387-3cea-49e5-98c4-69b8cafd9f33,Line,BAYAMON SECT-43_SAN PABLO   -498~1,43,498,38.0,38.0,0.014414,0.047802,0.408,40.8,False,pr45,pr45,False
137e8488-e010-43c0-979e-b69b8cb11c62,Line,COSTA SUR   -1_TEXACO      -488~1,1,488,38.0,38.0,0.0285,0.0872,0.48,48.0,False,pr2,pr2,False
d56cb9a3-b73e-46b7-a09e-21aa0d1b0a4e,Line,ACB 2213    -1092_2200-21C    -62602~1,1092,62602,38.0,38.0,0.006435,0.02134,0.48,48.0,False,pr102,pr102,False
c9e08b2a-6526-4dee-b330-e4c8dc4832c3,Line,HOSPT DAMAS -461_UNIVCATOLICA-968~1,461,968,38.0,38.0,0.001942,0.006441,0.48,48.0,False,pr3,pr3,False
8630e2ef-a0c0-46d2-be0c-c721585766a3,Line,CEIBA BAJA  -384_XTRA 7083   -762~1,384,762,38.0,38.0,0.027203,0.121753,0.59,59.0,False,pr100,pr32,True
c257cce9-0a86-4d9d-9d6a-80f54128cfcf,Line,PARQ/RECREOS-147_CARIB HILTON-532~1,147,532,38.0,38.0,0.00262,0.00564,0.395,39.5,False,pr86,pr86,False
55789e14-a319-48d5-9bc4-11d78e2ea170,Line,AGUIRRE 38KV-346_0141        -34604~1,346,34604,38.0,38.0,0.000876,0.002904,0.48,48.0,False,pr8,pr8,False
357eb671-10fe-43aa-84e6-cf9ef13eb438,Line,ACACIAS 38  -113_1200-71NO   -11302~1,113,11302,38.0,38.0,0.26638,0.283195,0.2,20.0,False,pr116,pr169,True
f3a1bc13-e792-410e-b32d-796a04df7ec7,Line,SEBORUCO    -134_TAPIA       -135~1,134,135,38.0,38.0,0.0113,0.0124,0.395,39.5,False,pr392,pr392,False
0e6d747b-5ea9-49f9-86af-79694e3ac712,Line,COACH       -482_1900-0019NO -3402~1,482,3402,38.0,38.0,0.156717,0.191609,0.2,20.0,False,pr35,pr35,False
67401ef0-1b26-40c7-8c6e-979a0c42f1f2,Line,PRO CARIBE  -637_IWM         -1175~1,637,1175,38.0,38.0,0.008629,0.013202,0.4,40.0,False,pr2,pr2,False
e9cdf6b4-ef6b-4e11-905e-5ff74ba71947,Line,YAUCO 2     -25_ACB 1703    -984~1,25,984,38.0,38.0,0.099214,0.151795,0.4,40.0,False,pr2,pr2,False
814510b5-cd90-479e-8550-b1e05bb428d3,Line,MOCA        -150_CAPA MOCA   -534~1,150,534,38.0,38.0,0.069498,0.230472,0.48,48.0,False,pr32,pr32,False
f5515051-4661-43ae-a90a-96934a4db7fa,Line,ACB 621     -1067_49D         -106601~1,1067,106601,38.0,38.0,0.00196,0.013018,0.76,76.0,False,pr21,pr21,False
8fdb596c-7a6c-4927-8737-f5d721106a4d,Line,SUPERACU ARE-297_TAP ACB2285C-1153~1,297,1153,38.0,38.0,0.00879,0.02915,0.48,48.0,False,pr102,pr102,False
d7e4004c-5a0d-4427-bda5-ef6c25a2cc1d,Line,YAUCO PLAZA -993_700-13C     -22501~1,993,22501,38.0,38.0,0.0,0.001,1210.002566077499,121000.2566077499,True,pr2,pr2,False
2c011d3b-deea-4102-a510-fa2472061215,Line,CENTRAL ROIG-438_GOB YABUCOA -585~1,438,585,38.0,38.0,0.044142,0.05397,0.2,20.0,False,pr14,pr14,False
01b2bbba-90c1-4369-b9cd-ef5f38f46278,Line,COMSAT      -250_85A         -76101~1,250,76101,38.0,38.0,0.002064,0.006846,0.48,48.0,False,pr10,pr10,False
e405d716-3b98-491e-a31e-63fd1e0dcd28,Line,GENERALGASES-168_JIBARITO    -954~1,168,954,38.0,38.0,0.00596,0.01862,0.4,40.0,False,pr63,pr63,False
ca900758-6ee9-425c-9deb-16e4b89e2fa4,Line,UNIV. TURABO-574_WILLIAMS    -575~1,574,575,38.0,38.0,0.0245,0.08073,0.48,48.0,False,pr21,pr21,False
6bc78370-b5e3-47dc-a5c5-272a1fe55cf4,Line,AAA SUPERACU-389_2300-09NO   -38901~1,389,38901,38.0,38.0,0.0256113,0.0849321,0.48,48.0,False,pr40,pr40,False
bc11307e-a5f2-496c-ab76-62ce46841e0a,Line,UPR HUMACAO -598_ORIENTAL    -1022~1,598,1022,38.0,38.0,0.001288,0.00427,0.48,48.0,False,pr14,pr14,False
61852c5c-1984-4421-94ae-92244b247f0d,Line,VILLA PRADES-53_PEPSIVILLAPR-568~1,53,568,38.0,38.0,0.005074,0.006204,0.2,20.0,False,pr84,pr84,False
b3ce7f21-c6fe-4e09-b9cd-4ad9884d7749,Line,VIADUCTO    -60_3200-09     -5901~1,60,5901,38.0,38.0,0.010017,0.057063,0.76,76.0,False,pr86,pr392,True
ed05c741-6de1-4209-a9d4-df977cce2c31,Line,AAA 2479    -962_0009NO      -4701~1,962,4701,38.0,38.0,0.018857,0.062535,0.48,48.0,False,pr82,pr82,False
09b32fda-569a-4437-aef0-b0748a6c6057,Line,LAUSELL     -547_10700-11    -54701~1,547,54701,38.0,38.0,0.000227,0.000543,0.408,40.8,False,pr378,pr378,False
1b464678-fd27-43fb-b20b-204eae656084,Line,ZONA LIBRE  -112_PROPPER     -673~1,112,673,38.0,38.0,0.01239,0.01388,0.204,20.4,False,pr116,pr116,False
23e6064c-1311-4ef9-a603-da4e1b0bf223,Line,VEGA ALTA   -89_SAMS VEGALTA-765~1,89,765,38.0,38.0,0.005305,0.008117,0.4,40.0,False,pr41,pr41,False
c6cdd263-5481-4184-acea-2b28ed318be0,Line,HAC CAROLINA-624_0145        -34601~1,624,34601,38.0,38.0,0.071949,0.100976,0.2,20.0,False,pr296,pr296,False
092fd2ac-ee7c-4489-80ac-0497d08cdfdd,Line,HUMACAO TC  -98_12600-71NO  -47301~1,98,47301,38.0,38.0,1.7e-05,5.8e-05,0.48,48.0,False,pr14,pr14,False
ed1a6fcf-39d8-4769-acaa-da3c514aa74c,Line,FELICIANO   -298_SENSORMATIC -533~1,298,533,38.0,38.0,0.006409,0.021255,0.48,48.0,False,pr32,pr32,False
8c474980-3b88-4c61-a24d-fb96e05ccc6f,Line,HATILLO NO  -274_PAJUIL      -381~1,274,381,38.0,38.0,0.023517,0.156195,0.76,76.0,False,pr335,pr335,False
06caa41f-0677-437a-8be5-78d07b427e5f,Line,BELLAS ARTES-529_DOCTORS_HOSP-1188~1,529,1188,38.0,38.0,0.003827,0.01269,0.48,48.0,False,pr86,pr86,False
bc5a6b00-6e25-4f69-9eb2-482f1c81d97c,Line,BARCELONETA -97_11500-29    -62601~1,97,62601,38.0,38.0,4e-05,0.000134,0.48,48.0,False,pr102,pr102,False
fc7309f1-5251-472a-bd5b-64ae8a94ee9a,Line,BAXTERAÑASCO-516_GE AÑASCO   -675~1,516,675,38.0,38.0,0.00526,0.00643,0.2,20.0,False,pr231,pr231,False
8f90bd46-1481-4db4-ba99-2c260a038da1,Line,CATAÑO SEC  -46_BUDWEISER   -788~1,46,788,38.0,38.0,0.005534,0.018352,0.48,48.0,False,pr45,pr45,False
1d3250cd-3e2a-4471-89ad-64000e75cbe5,Line,GUANICA NO  -340_ACB 1703    -984~1,340,984,38.0,38.0,0.08408,0.1028,0.2,20.0,False,pr2,pr2,False
4bbe4287-d465-41fa-823e-ae2d15c4f763,Line,BFOODARECIBO-586_AAA 8086    -989~1,586,989,38.0,38.0,0.00161,0.00533,0.48,48.0,False,pr40,pr40,False
43bbdd0c-7961-40ca-b3e9-5dd668e93d4c,Line,MIRADOR AZUL-228_HATILLO TC  -336~1,228,336,38.0,38.0,0.0063,0.0503,0.48,48.0,False,pr335,pr335,False
47542d46-6176-45d2-9c87-c8e99e358298,Line,TALLABOA    -324_PENUELAS TAP-1176~1,324,1176,38.0,38.0,0.005645,0.008637,0.4,40.0,False,pr2,pr2,False
82472d04-1180-499f-b9f9-8290c2deda29,Line,MOCA_SW     -97101_MV_5        -97102~1,97101,97102,13.8,13.8,0.0048,0.001,246.7851708379436,24678.517083794362,True,pr100,pr100,False
79451a04-6cbe-4dac-8b90-7e9d94233d5d,Line,PONCE DH    -197_HOSP. PONCE -576~1,197,576,38.0,38.0,0.000786,0.003165,0.8,80.0,False,pr313,pr313,False
d8ce09b5-fd12-4fbb-a423-c26deadc1902,Line,BARCELONETA -97_FLORIDA     -264~1,97,264,38.0,38.0,0.0924,0.02538,0.204,20.4,False,pr102,pr102,False
d57d848c-10a5-4760-8ff8-bd0923e4d14a,Line,HOSP.AREA NO-1141_SCHERING NO -1142~1,1141,1142,38.0,38.0,0.014221,0.047161,0.48,48.0,False,pr153,pr153,False
83d20797-e2b1-4f89-b399-8d56f96a96a4,Line,CACHETE SEC -66_3500-09     -6502~1,66,6502,38.0,38.0,0.012969,0.050391,0.38,38.0,False,pr87,pr87,False
31f11b9d-108e-42a9-bda7-10b7f7a6b05d,Line,BALDRICH    -54_PRAICO      -459~1,54,459,38.0,38.0,0.04005,0.125086,0.4,40.0,False,pr87,pr87,False
6c92eb49-a14d-4365-ad27-a8882cb4cfcf,Line,ACB 3751    -80_FILTERTEK   -965~1,80,965,38.0,38.0,0.051093,0.056364,0.19699999999999998,19.7,False,pr8,pr8,False
ff17ecae-2ecb-4dff-ae8a-c39d4ce2ffd7,Line,MAYAGUEZ    -28_COLEGIO     -68~1,28,68,38.0,38.0,0.00536,0.053704,0.6579999999999999,65.8,False,pr29,pr29,False
daeb0580-e76d-41a5-94c1-05c50f079b19,Line,VIADUCTO    -60_CORONA SEC  -74~2,60,74,38.0,38.0,0.001815,0.012055,0.76,76.0,False,pr86,pr392,True
94279def-0857-41c6-a125-a86794ece60a,Line,AAA TOA VACA-543_4800-0071NO -54301~1,543,54301,38.0,38.0,0.133695,0.443363,0.48,48.0,False,pr213,pr296,True
144e3ca0-e3a4-43e1-9146-4eba694e00aa,Line,PDS GURABO  -658_GTE GURABO  -929~1,658,929,38.0,38.0,0.00206,0.00683,0.48,48.0,False,pr234,pr234,False
cc2aa057-5ac1-4304-8a2a-12efd92833e3,Line,PRTC TOABAJA-728_INT TRADE   -1007~1,728,1007,38.0,38.0,0.022335,0.06942,0.4,40.0,False,pr45,pr87,True
9bcabc35-e0f7-4ddb-958b-3790a26f8742,Line,S.ISABEL TC -247_USERA       -414~1,247,414,38.0,38.0,0.005039,0.016711,0.48,48.0,False,pr296,pr296,False
ce03bde6-9062-4845-a823-c0bb23327081,Line,ACACIAS 38  -113_CABO ROJO NO-249~1,113,249,38.0,38.0,0.04376,0.14671,0.48,48.0,False,pr116,pr116,False
a2d55c76-10c0-4974-ba37-9e985ecdfdc3,Line,KONI SLORENZ-936_ACB9301     -1190~1,936,1190,38.0,38.0,0.002416,0.008011,0.19699999999999998,19.7,False,pr234,pr234,False
a1ff8bb0-07b4-4763-94a8-fcaea77a4170,Line,TAPSDEMETRIO-268_INST MEDICOS-606~1,268,606,38.0,38.0,0.006435,0.02134,0.48,48.0,False,pr41,pr41,False
aa22499d-456b-4638-a333-1bdc3c3a3cf8,Line,IPR CAN     -347_WMART CAN   -1173~1,347,1173,38.0,38.0,0.00242,0.016074,0.76,76.0,False,pr82,pr82,False
6bfe946a-43ea-4820-bfc7-cd4c11e0e81f,Line,CLEMENTE    -685_TAP BARRAZAS-1130~1,685,1130,38.0,38.0,0.000359,0.002384,0.76,76.0,False,pr85,pr85,False
a98f538e-a7f9-4183-910d-c5148a1b9ae2,Line,BAXT AIBONIT-582_TO RICO     -695~1,582,695,38.0,38.0,0.091928,0.103918,0.2,20.0,False,pr10,pr10,False
113cdf5e-3282-441c-862b-3b3f22dbe084,Line,AGUADILLA   -31_PITUSA      -528~1,31,528,38.0,38.0,0.002544,0.018246,0.76,76.0,False,pr32,pr32,False
599fe79a-c58d-4707-8786-b4252a1ba9f8,Line,COMAR       -777_STANRIC     -779~1,777,779,38.0,38.0,0.017729,0.029217,0.2,20.0,False,pr18,pr18,False
ffddc96c-b932-4498-afb1-229cc28f5680,Line,BARRANQUITAS-215_TAP OROCOVIS-1208~1,215,1208,38.0,38.0,0.047049,0.156025,0.48,48.0,False,pr353,pr353,False
1b326f99-41a1-4141-b8d3-4f8cdb0c1419,Line,AGUADILLA   -31_FELICIANO   -298~1,31,298,38.0,38.0,0.025637,0.085019,0.48,48.0,False,pr32,pr32,False
d6165500-ae89-48d6-8d2d-1bcb1abb1da2,Line,JUNCOS      -20_AAA 3278    -577~1,20,577,38.0,38.0,0.00821,0.02683,0.48,48.0,False,pr234,pr234,False
879cc891-e8c6-41a2-9f92-3ab8dff73be1,Line,TAP SABANETA-481_USSC        -925~1,481,925,38.0,38.0,0.008404,0.027871,0.48,48.0,False,pr3,pr3,False
d865d71c-3e52-441e-b666-8048010ea6d1,Line,MOLINOS     -607_EDEL CAR    -710~1,607,710,38.0,38.0,0.00526,0.00642,0.204,20.4,False,pr87,pr87,False
ac8573cd-482f-4b44-89b5-a5241b06b529,Line,REEDCO      -763_AAA HUMACAO -764~1,763,764,38.0,38.0,0.003217,0.01067,0.48,48.0,False,pr14,pr14,False
a250cac2-4264-4903-a8d8-481dd8affffc,Line,TAP12600    -383_XTRA HUMACAO-1012~1,383,1012,38.0,38.0,0.001609,0.005335,0.48,48.0,False,pr14,pr14,False
997976c3-82e4-45c8-92dd-e12416e5247c,Line,WALMART MAN -1090_2200-81C    -60501~1,1090,60501,38.0,38.0,0.015444,0.051216,0.48,48.0,False,pr153,pr153,False
a4a3686d-1ad9-4bbd-9a27-67bbfa1a844f,Line,CAGUAS      -22_ACB 649     -1066~1,22,1066,38.0,38.0,0.00221,0.010431,0.76,76.0,False,pr21,pr21,False
d1228f6c-7f8c-47d7-a05b-d35909fcdcbc,Line,LAS PIEDRAS -223_5300-2501   -78201~1,223,78201,38.0,38.0,9.9e-05,0.000329,0.48,48.0,False,pr234,pr234,False
d154c588-4618-4ff6-ae8a-c6185d49b6a1,Line,NYPRO       -551_TAP NYPRO   -1129~1,551,1129,38.0,38.0,0.002445,0.008109,0.48,48.0,False,pr85,pr85,False
8b898f94-7c1d-46fb-ae73-ef8a83ad1141,Line,XTRA 1798   -546_UNIV.CENTRAL-1114~1,546,1114,38.0,38.0,0.000373,0.001238,0.48,48.0,False,pr378,pr378,False
f2b9fd42-e033-4d3c-a5f6-91a34c8e6b5b,Line,10700-43C   -101901_10700-05A   -101902~2,101901,101902,38.0,38.0,0.001111,0.00738,0.76,76.0,False,pr378,pr378,False
9ddf4acb-3514-4cf9-9f81-0e103911fdf0,Line,CIEN MEDICAS-501_CORRECCION  -666~1,501,666,38.0,38.0,0.00214,0.01422,0.76,76.0,False,pr50,pr50,False
627583cb-5c70-43ae-a2aa-385b833813d5,Line,TAP 8200    -146_TEXACO      -729~1,146,729,38.0,38.0,0.000149,0.000463,0.4,40.0,False,pr87,pr87,False
f479e106-24a5-422d-8709-db90b7ebdc95,Line,VILLAMAR    -136_LMM GIS     -1074~1,136,1074,38.0,38.0,0.00304,0.012252,0.8,80.0,False,pr84,pr84,False
a3bb4c8d-0e42-4c85-aea5-44fbc7c0f3e7,Line,AGUADA      -118_NAVY AGUADA -517~1,118,517,38.0,38.0,0.022651,0.075117,0.48,48.0,False,pr32,pr32,False
967bed5b-c7a5-4f10-805a-1d557b6a67a0,Line,TREN URBANO -977_TRIBUNAL APE-1101~1,977,1101,38.0,38.0,0.001287,0.004275,0.48,48.0,False,pr84,pr84,False
71f7160d-f60f-47fe-9330-66abf6bd0f78,Line,MAYAGUEZ    -28_6125NO      -2802~1,28,2802,38.0,38.0,0.003374,0.002555,0.2,20.0,False,pr29,pr29,False
5f2270aa-9ed2-4713-87b5-ab2d65f29777,Line,ACB 11101   -959_WMART CAN   -1173~1,959,1173,38.0,38.0,0.004615,0.030652,0.76,76.0,False,pr82,pr82,False
f55ce9d0-4a36-4b21-baa5-6ba5c28ad2c8,Line,AAA CIDRA   -431_ACB 3807    -928~1,431,928,38.0,38.0,0.016956,0.056231,0.48,48.0,False,pr10,pr10,False
39b649a8-f1d6-46f4-a869-20d7bbc6603e,Line,0009NO1     -4702_3121DNO     -470201~1,4702,470201,38.0,38.0,0.002776,0.018437,0.76,76.0,False,pr82,pr82,False
cd78a890-296e-49bf-b0fa-8963b8b11510,Line,QUEBRADILLAS-33_GLAMURET    -472~1,33,472,38.0,38.0,0.0525,0.0642,0.204,20.4,False,pr100,pr100,False
05dd4a2a-04c0-425f-8a30-b480c168664a,Line,SJUAN CEMENT-95_JUNCO STEEL -1166~1,95,1166,38.0,38.0,0.016023,0.053137,0.48,48.0,False,pr93,pr93,False
22fd8a00-bb5a-4bdf-98d5-412a74ca8c59,Line,SAN GERARDO -160_SEARS       -752~1,160,752,38.0,38.0,0.0016,0.00529,0.79,79.0,False,pr50,pr84,True
44d8d71f-55ea-411e-a87f-9db1e5bc3f42,Line,VISTAMAR    -187_FUETAGUAVIVA-564~1,187,564,38.0,38.0,0.002683,0.008899,0.48,48.0,False,pr84,pr84,False
7c5257f3-eb4c-4a8e-97be-0e2d394d2f6e,Line,PR CONT     -1019_10700-43C   -101901~2,1019,101901,38.0,38.0,1.1e-05,7.5e-05,0.76,76.0,False,pr378,pr378,False
bb7da3c1-bd59-40c0-a938-993e6e24f5a6,Line,MAYAGUEZ    -28_1257NO      -2801~1,28,2801,38.0,38.0,0.00148,0.00491,0.48,48.0,False,pr29,pr29,False
a31adcf7-d378-4670-9c4f-e5fe28563337,Line,NOL10200-500-236_HOLIDAY     -463~1,236,463,38.0,38.0,0.00955,0.031672,0.48,48.0,False,pr3,pr3,False
7ac824d4-1630-45e0-8dbc-36c0db1616b0,Line,CANAS 38    -104_01B         -37203~1,104,37203,38.0,38.0,0.000218,0.0014,0.76,76.0,False,pr103,pr103,False
eaac520c-0fe6-46ae-ad2f-9c285ab1a7b5,Line,BT ROADS    -781_BUDWEISER   -788~1,781,788,38.0,38.0,0.001544,0.005122,0.48,48.0,False,pr45,pr45,False
e3652ecf-78fb-4be6-b96c-b6a20ce9c14a,Line,ACACIAS 38  -113_XTRA MAYAG  -505~1,113,505,38.0,38.0,0.04508,0.14951,0.48,48.0,False,pr116,pr116,False
20e6011b-8d9a-47b0-b095-54b38c272c0a,Line,COMERIO PBLO-359_COMERIO NO  -361~1,359,361,38.0,38.0,0.02976,0.036386,0.2,20.0,False,pr275,pr275,False
bd12bb2a-0651-4cbe-9acd-4fd3c4822312,Line,PALMER      -179_LUQUILLO    -180~1,179,180,38.0,38.0,0.050793,0.168441,0.48,48.0,False,pr211,pr211,False
c2c6eced-7c7c-43d7-84f4-2c2acaf1da92,Line,S.GERMAN PDS-315_CISCO       -711~1,315,711,38.0,38.0,0.01744,0.05783,0.48,48.0,False,pr169,pr169,False
5c38349c-4f18-4dee-8553-a6e345ade2bf,Line,SAN JOSE    -156_EDUC. UNIV. -540~1,156,540,38.0,38.0,0.02838,0.03525,0.2,20.0,False,pr87,pr87,False
178087c4-0c9e-4f1e-8dce-9416f872a17e,Line,VIADUCTO    -60_VILLAMIL    -130~1,60,130,38.0,38.0,0.0071,0.006,0.763,76.3,False,pr86,pr86,False
baf0e147-2776-418b-95cf-f0efaeb8b8ea,Line,WALMARTGUAY -640_ACB 0177    -798~1,640,798,38.0,38.0,0.019073,0.063252,0.48,48.0,False,pr8,pr8,False
b48893a6-9bad-4b90-9a2d-4501b950d94c,Line,RINCON      -30_PTA.DEL MAR -401~1,30,401,38.0,38.0,0.102143,0.115464,0.2,20.0,False,pr32,pr32,False
9bafe397-5aab-4e6f-a2e1-d8c700b3788a,Line,CACHETE SEC -66_LAS LOMAS   -76~1,66,76,38.0,38.0,0.01208,0.0392,0.48,48.0,False,pr87,pr87,False
7d40fedb-c7cc-4b3a-bde1-79b6311bf5e1,Line,BEST BUY    -799_UIA HATO REY-909~2,799,909,38.0,38.0,0.0,0.001,1210.002566077499,121000.2566077499,True,pr87,pr87,False
e255c6e0-598c-4cde-b27e-1879171b9bd5,Line,CHESE BPOUND-797_5300-2502   -79701~1,797,79701,38.0,38.0,0.003258,0.010803,0.48,48.0,False,pr234,pr234,False
c07e4e2b-c5d7-4048-8b6b-d0da2bb42f88,Line,SURGICAL    -1036_HOTEL RINCON-1037~1,1036,1037,38.0,38.0,0.019314,0.023774,0.2,20.0,False,pr231,pr231,False
0423bb19-b4ce-4de0-bcc8-be9b98c56aa0,Line,VILLA PRADES-53_FALU        -553~1,53,553,38.0,38.0,0.010553,0.034998,0.48,48.0,False,pr84,pr84,False
c80465ef-31da-42aa-9fdb-38d9a42c323e,Line,JUANA DIAZ  -193_TAP XTRA    -570~1,193,570,38.0,38.0,0.004582,0.0056,0.2,20.0,False,pr313,pr313,False
8a1d2390-a3ce-4f39-8eb9-2e2c73e7dc99,Line,ACB 6907    -432_UIA  ARECIBO-588~1,432,588,38.0,38.0,0.003295,0.010926,0.48,48.0,False,pr335,pr335,False
5a50cee1-a873-4958-8862-e1b7d347cb6c,Line,NARANJO     -327_CANARICO    -678~1,327,678,38.0,38.0,0.105289,0.128731,0.2,20.0,False,pr313,pr313,False
2572ce50-edbc-4fd9-9a23-4f08959fa015,Line,BETTER ROADS-523_3600-27NO   -52301~1,523,52301,38.0,38.0,0.017414,0.021292,0.204,20.4,False,pr85,pr85,False
d768bb50-af9d-4db6-9af2-87fedc8da67c,Line,L3000 C     -998_ESC CLARA   -1096~1,998,1096,38.0,38.0,0.030101,0.036802,0.2,20.0,False,pr234,pr234,False
f8376805-c72a-4cb1-ab9d-fc314d614ee1,Line,IWM         -1175_PENUELAS TAP-1176~1,1175,1176,38.0,38.0,0.006018,0.009207,0.4,40.0,False,pr2,pr2,False
bd956039-d857-4e14-b1b3-63127f43588b,Line,GE HUMACAO  -701_FARMACEUTICA-927~1,701,927,38.0,38.0,0.00296,0.00982,0.48,48.0,False,pr14,pr14,False
098bc84e-8816-4acf-93b1-064627c5b7bd,Line,PEPSI CIDRA -476_3831A       -47601~1,476,47601,38.0,38.0,0.000312,0.001035,0.48,48.0,False,pr10,pr10,False
470fa111-e6e7-4499-a9f4-df2f10e9814a,Line,SABANA LLANA-48_UPR CAROLINA-566~1,48,566,38.0,38.0,0.027623,0.049959,0.2,20.0,False,pr85,pr85,False
dc33b25b-65f2-4af2-96eb-9c938a7a8171,Line,AGUADILLA DH-129_XTRA 7083   -762~1,129,762,38.0,38.0,0.010257,0.045907,0.59,59.0,False,pr32,pr32,False
9c26cf71-88b1-4cee-b57b-038910f6ff6e,Line,CHECK POINT -474_ESSILOR     -662~1,474,662,38.0,38.0,0.001257,0.00417,0.48,48.0,False,pr3,pr3,False
f0643da6-8f51-437e-ad46-0aed1c48acd4,Line,XTRA 6477   -703_HOSP CONCEP -1035~1,703,1035,38.0,38.0,0.001609,0.005335,0.48,48.0,False,pr169,pr169,False
977887ba-2580-47ea-863e-77048468cb78,Line,VILLA PRADES-53_BERWIND 38  -123~1,53,123,38.0,38.0,0.0232,0.0768,0.763,76.3,False,pr84,pr84,False
1f3a77f9-afcf-4e53-a3af-b6a673d717b3,Line,GRANDE CAYEY-931_WALMART CAY -1014~1,931,1014,38.0,38.0,0.009331,0.030943,0.48,48.0,False,pr10,pr10,False
d1e7d778-5573-4eb6-9a1c-e7d03a352983,Line,BARCELONETA -97_BEETLE      -97054~1,97,97054,38.0,38.0,0.0,0.001,1210.002566077499,121000.2566077499,True,pr102,pr102,False
e757b5ce-e875-409f-ae70-b0192767d58d,Line,SAINT JUST  -522_ACB 3699    -1194~1,522,1194,38.0,38.0,0.064144,0.078426,0.2,20.0,False,pr85,pr85,False
64532058-b899-4c67-8076-f69af7eced63,Line,ACB 3751    -80_ARROYO      -338~1,80,338,38.0,38.0,0.188365,0.207798,0.2,20.0,False,pr8,pr8,False
eb722c24-b51b-4c01-a6cf-4e65aef3d328,Line,YAUCO PBLO 1-226_ESC URB YAUC-1099~1,226,1099,38.0,38.0,0.004204,0.006432,0.4,40.0,False,pr2,pr2,False
934b7596-fc43-4bff-b8bb-d3dea2b8e25d,Line,HUMACAO TC  -98_PALMASDELMAR-437~1,98,437,38.0,38.0,0.053811,0.065792,0.2,20.0,False,pr14,pr14,False
9169ecbc-4dfb-4bb8-b466-63b686576bb6,Line,HOSP.MAESTRO-544_TRIBUNAL APE-1101~1,544,1101,38.0,38.0,0.006523,0.021639,0.48,48.0,False,pr84,pr84,False
c1e10fe7-1bf9-433d-96ee-c6fd1e7b7657,Line,OWENS V.ALTA-642_TREELEVE    -776~1,642,776,38.0,38.0,0.00263,0.00402,0.4,40.0,False,pr41,pr41,False
52b43d65-ba90-4353-96e5-59a03c3db53e,Line,TAP S.JOSÉ  -1128_2400-75NO   -112801~1,1128,112801,38.0,38.0,0.022134,0.027062,0.2,20.0,False,pr38,pr38,False
2ec404c5-ad5d-4429-9f09-5082ab0d2ebf,Line,ISABELA TO  -563_FOOTWEAR    -985~1,563,985,38.0,38.0,0.00161,0.00533,0.48,48.0,False,pr100,pr100,False
72b79cc1-4175-44de-a79a-f458c29e3306,Line,MYLAN       -348_ACB 621     -1067~1,348,1067,38.0,38.0,0.001609,0.005335,0.48,48.0,False,pr21,pr21,False
11b31170-dfe7-4176-80b9-5c1be40537cf,Line,CMED MAYAG  -508_ESC NUEVA   -1150~1,508,1150,38.0,38.0,0.023938,0.079385,0.48,48.0,False,pr29,pr29,False
8c980653-a860-4a65-b34b-26ecb67fb3e0,Line,COAMO       -246_WESTINGHOUSE-597~1,246,597,38.0,38.0,0.000588,0.003905,0.76,76.0,False,pr296,pr296,False
25605d2d-360d-4ba6-84f3-46b494b15d4a,Line,CEIBA BAJA  -384_HEWLET PACKD-387~1,384,387,38.0,38.0,0.03476,0.12758,0.48,48.0,False,pr100,pr100,False
2fe3625c-d2eb-46d4-bac6-b03d3c8abcac,Line,JAJOME      -252_CAYEY RURAL2-253~1,252,253,38.0,38.0,0.141097,0.155654,0.2,20.0,False,pr10,pr10,False
41170fcf-23f5-4b6f-8e9d-8ed15ed1b999,Line,NORTH_COAST -97110_NORTH_COAS~2-97117~1,97110,97117,38.0,38.0,0.00238,0.00676,168.83610637208253,16883.610637208254,True,pr100,pr100,False
bb4a6c21-4061-42cd-88b6-7d90d5d40e76,Line,LA RAMBLA   -105_HANES PONCE -430~1,105,430,38.0,38.0,0.0151,0.0375,0.45,45.0,False,pr313,pr3,True
7791a612-fafd-4ad2-b4bc-702c2ef67af7,Line,5400-03NO   -103901_5400-95NO   -116401~1,103901,116401,38.0,38.0,0.001233,0.004611,0.4,40.0,False,pr101,pr101,False
7864b9e1-f811-4eb8-876d-227c724648c1,Line,GE SGM      -316_INSERTCO    -957~1,316,957,38.0,38.0,0.00161,0.00533,0.48,48.0,False,pr169,pr169,False
8f6b7685-d025-45e5-aedb-89f5c4c6023b,Line,AAA 9476    -601_MASTER PRODT-992~1,601,992,38.0,38.0,0.001609,0.005335,0.48,48.0,False,pr93,pr93,False
09ff384c-b067-4773-9469-0d7b33c7f32a,Line,SJSP 38     -78_TEXACO      -729~1,78,729,38.0,38.0,0.008785,0.027305,0.4,40.0,False,pr87,pr87,False
41a8da95-e0a0-4c4e-aeb5-f95d9cf7a951,Line,SAN GERMAN  -27_LAJAS       -143~1,27,143,38.0,38.0,0.0398,0.1093,0.19699999999999998,19.7,False,pr169,pr169,False
dec8ed4c-877a-431a-830a-3cc6816a1787,Line,AAA 6171    -674_GE AÑASCO   -675~1,674,675,38.0,38.0,0.00526,0.00643,0.2,20.0,False,pr231,pr231,False
15fdc4b3-c53b-4fe9-be6f-5b59aad393fa,Line,MAUNABO     -219_YABUCOA PBLO-220~1,219,220,38.0,38.0,0.368515,0.416576,0.2,20.0,False,pr14,pr14,False
9590e874-7ca1-4351-8b56-639cea6e7db5,Line,SAN LORENZO -194_AAA 3382    -572~1,194,572,38.0,38.0,0.001743,0.002131,0.19699999999999998,19.7,False,pr234,pr234,False
22d908b8-9a27-4d14-b75c-bab1fd109e51,Line,OCHOA       -497_ACB 8321    -994~1,497,994,38.0,38.0,0.01312,0.01604,0.204,20.4,False,pr2,pr2,False
89770627-a118-41cc-ae73-6cfd9799fd16,Line,MERCEDITA NO-128_100-75NO    -12801~1,128,12801,38.0,38.0,0.084412,0.175326,0.2,20.0,False,pr3,pr3,False
c6162c68-5268-473e-b26e-c0756fcfa8bf,Line,BORINQ DAIRY-410_2800-67NO   -40901~1,410,40901,38.0,38.0,0.005396,0.008266,0.408,40.8,False,pr32,pr32,False
0bfbbb24-c737-466a-baf0-9b4a52ece9d8,Line,PTO DEL REY -1084_AAA FAJARDO -1085~1,1084,1085,38.0,38.0,0.011762,0.039005,0.48,48.0,False,pr18,pr18,False
31d45ad5-6156-444f-854a-73b8065bd9f2,Line,SABANERA    -475_SKF CIDRA   -477~1,475,477,38.0,38.0,0.004333,0.014369,0.48,48.0,False,pr10,pr10,False
765c8c5d-f616-442a-b449-15988372624f,Line,PONCE 38    -4_200-71NO    -36502~1,4,36502,38.0,38.0,0.000398,0.001319,0.48,48.0,False,pr3,pr3,False
0b2c032b-291f-4885-bf34-917e961824e7,Line,SIERRA LINDA-163_MAGNOLIA    -164~1,163,164,38.0,38.0,0.0886,0.1002,0.19699999999999998,19.7,False,pr378,pr45,True
e277f986-901a-4332-8194-bf0e9ab3b501,Line,SEARLE      -470_COSTCO      -922~1,470,922,38.0,38.0,0.01448,0.04802,0.79,79.0,False,pr21,pr21,False
b3f3dbca-3a02-4420-b658-d5f93e810cac,Line,NORTH_COAS~3-97111_BATTERY_MV  -97116~1,97111,97116,13.8,13.8,0.00659,0.00387,158.32929472004295,15832.929472004294,True,pr100,pr100,False
7bab8285-99a6-412f-ac72-e2d3b678be5c,Line,AAA 3091    -960_05C         -96001~1,960,96001,38.0,38.0,0.000804,0.002668,0.48,48.0,False,pr21,pr21,False
c0776b85-d01b-4bbc-b43c-0197462ba3cc,Line,FLEXIBLEPACK-913_OMAR K CARIB-917~1,913,917,38.0,38.0,0.00074,0.00187,0.4,40.0,False,pr45,pr45,False
a0cb7e79-7146-46d5-b3c1-8a227b143379,Line,SANSEBASTIAN-34_1900-19NO   -3401~1,34,3401,38.0,38.0,0.016497,0.020169,0.2,20.0,False,pr35,pr35,False
928ec171-d2af-490c-a26c-9063105189ca,Line,CORONA SEC  -74_EGOZQUE SEC -75~1,74,75,38.0,38.0,0.0028,0.0187,0.76,76.0,False,pr392,pr392,False
2298c782-c752-4371-a7ec-33d0f219ef34,Line,RIO CAÑAS   -655_SAGER       -750~1,655,750,38.0,38.0,1.3e-05,4.3e-05,0.48,48.0,False,pr21,pr21,False
32313812-c1f1-421f-903c-e77a395c9fcd,Line,HATO REY GIS-52_HATO REY TC -109~1,52,109,38.0,38.0,0.003,0.004,0.8,80.0,False,pr87,pr87,False
eea2373f-a71b-4c3e-8dca-7bebf02bfa8c,Line,NAVIERAS    -511_SEALAND 1599-945~1,511,945,38.0,38.0,0.003299,0.010942,0.48,48.0,False,pr87,pr87,False
afcaf302-b4c7-47df-9ba5-399417880bee,Line,SKF CIDRA   -477_AAA 3684    -980~1,477,980,38.0,38.0,0.01251,0.041485,0.48,48.0,False,pr10,pr10,False
dbab6a3c-d1f5-4a3d-80d9-9a40cb8073df,Line,JIBARITO    -954_AAA 1883    -955~1,954,955,38.0,38.0,0.00939,0.02935,0.4,40.0,False,pr63,pr63,False
f33cc8e2-5f54-4e52-ad32-cb77c1c87eab,Line,C FRESCO    -911_PONCE CASH  -1116~1,911,1116,38.0,38.0,0.027604,0.09154,0.48,48.0,False,pr296,pr296,False
99597a27-375a-4135-9f62-e00ad83ef661,Line,RJ NIDO     -932_BLOQ.CARMELO-933~1,932,933,38.0,38.0,0.001544,0.005122,0.48,48.0,False,pr378,pr378,False
02a0ffcb-6c9e-4ee2-b473-f46f2dde8c82,Line,BOTANICO    -495_CORTELCO    -663~1,495,663,38.0,38.0,0.01237,0.0371,0.79,79.0,False,pr84,pr84,False
42324b76-c4f8-403f-82e1-72d4fafcd8c8,Line,DIVISORIA   -304_TORONEGRO2  -1109~1,304,1109,38.0,38.0,0.1485,0.170099,0.2,20.0,False,pr213,pr213,False
8078bf03-bd53-4386-8c7a-edf6c461c0b0,Line,RI 17200    -183_DORADO PBLO -245~1,183,245,38.0,38.0,0.018964,0.13128,0.763,76.3,False,pr93,pr93,False
a619c46a-0a72-4eb0-8c5d-780111c267ee,Line,PR AGREGATES-683_CENT.JUDCIAL-686~1,683,686,38.0,38.0,0.085081,0.103959,0.204,20.4,False,pr85,pr85,False
075d57e5-cf3d-44fc-b849-5a45785fe0a8,Line,YAUCO PBLO 2-230_YAUCO PLAZA -993~1,230,993,38.0,38.0,0.07396,0.15911,0.408,40.8,False,pr2,pr2,False
af0f1c40-e28a-4d4d-9695-7fbaeaf9ca49,Line,CHECK POINT -474_PRIMECOM    -924~1,474,924,38.0,38.0,0.0027,0.008953,0.48,48.0,False,pr3,pr3,False
7bc9ee8f-79a0-4e08-ae9d-ab20957a1f1b,Line,AMGEN       -420_MEDTRONI JUN-1023~1,420,1023,38.0,38.0,0.00134,0.004445,0.48,48.0,False,pr234,pr234,False
fdedb700-5ddb-434f-8a84-c55a20202c3f,Line,BACARDI     -760_BECKTON     -761~1,760,761,38.0,38.0,8.6e-05,0.000286,0.48,48.0,False,pr10,pr10,False
e83f59ed-7c90-4b6e-b421-b83cbb7c44d3,Line,SABANA LLANA-48_PRJC CAROLIN-691~1,48,691,38.0,38.0,0.020287,0.072544,0.48,48.0,False,pr85,pr85,False
9359c6a2-4f31-4315-a50b-b66282fc7438,Line,ACB 557     -373_PRO CARIBE  -637~1,373,637,38.0,38.0,0.010759,0.02365,0.4,40.0,False,pr2,pr2,False
8d217b36-2763-42bc-bf81-bea314c4aed7,Line,AAA 2476    -958_ACB 11101   -959~1,958,959,38.0,38.0,0.011583,0.076932,0.76,76.0,False,pr82,pr82,False
897d97b9-985a-44fc-b4c1-765158608a19,Line,BARRAZAS 2  -549_PR AGREGATES-683~1,549,683,38.0,38.0,0.124174,0.140368,0.2,20.0,False,pr85,pr85,False
6707edc2-54e7-48c0-b074-1dffd00e7598,Line,CORCO       -487_OFFSITE UTI2-48704~1,487,48704,38.0,38.0,0.01652,0.10974,0.763,76.3,False,pr2,pr2,False
62487c3e-f618-40d9-a11f-4fdff59b3f56,Line,HOGARJUVENIL-496_3047NO2     -49601~1,496,49601,38.0,38.0,0.247221,0.302263,0.2,20.0,False,pr14,pr16,True
efdf0939-7176-4757-b22e-a5def014014b,Line,MED REL     -702_ORIENTAL    -1022~1,702,1022,38.0,38.0,0.001672,0.005546,0.48,48.0,False,pr14,pr14,False
508d7f64-85e1-4491-a6fd-7604cb88caae,Line,COR PACK    -707_PANAME GRAIN-708~1,707,708,38.0,38.0,0.001507,0.010013,0.76,76.0,False,pr378,pr378,False
ada05b7d-48c2-4be6-884a-0a7874172c71,Line,SCHERING    -425_COLISEO FRAN-1032~1,425,1032,38.0,38.0,0.006432,0.021331,0.48,48.0,False,pr234,pr234,False
4b6edd1f-ce2b-4a0f-aa11-95edb9f0fc5d,Line,MONACILLO 38-49_3100-73C    -12401~1,49,12401,38.0,38.0,0.001434,0.001753,0.2,20.0,False,pr50,pr50,False
0ccb2727-5686-48f6-9447-9d0b9d57c044,Line,COSTCO      -604_SPRINT      -706~1,604,706,38.0,38.0,0.001507,0.010013,0.76,76.0,False,pr378,pr378,False
8faf9a37-4ed7-4244-b82c-0ed4f0101a60,Line,SANFERMIN   -97032_PV_MV       -97033~1,97032,97033,13.2,13.2,0.0,5.7e-05,21228.115194342085,2122811.5194342085,True,pr82,pr82,False
16dd9dff-04a0-487a-8e3f-816f15669ac1,Line,27C         -37202_01B         -37203~1,37202,37203,38.0,38.0,0.000218,0.0014,0.76,76.0,False,pr103,pr103,False
f49095cd-1ec4-43ca-a89c-8f8749b364fb,Line,BUENA VISTA -198_TAP SABANETA-481~1,198,481,38.0,38.0,4e-05,0.000133,0.48,48.0,False,pr3,pr3,False
a5e4393e-efbb-47fc-a0c8-93cc33680e62,Line,UPR HUMACAO -598_12500-09B   -59801~1,598,59801,38.0,38.0,0.014781,0.049015,0.48,48.0,False,pr14,pr14,False
e994821d-5c86-4a0d-89c0-32962da285f4,Line,HATO REY GIS-52_3 MONJITAS  -108~1,52,108,38.0,38.0,0.0022,0.0092,0.615,61.5,False,pr87,pr87,False
950be322-49ff-4245-a6e3-4f6c0b1beebc,Line,VEGA BAJA   -42_XTRA 9076   -778~1,42,778,38.0,38.0,0.002748,0.027529,0.48,48.0,False,pr41,pr41,False
4f6752d2-80bc-4334-8025-1d700de6fe0c,Line,DORADO 38   -92_RI 17200    -183~1,92,183,38.0,38.0,0.000826,0.003328,0.816,81.6,False,pr93,pr93,False
31461c3c-bfdd-456b-88fe-a5bc05ad4ef9,Line,UMET        -445_SEARS       -752~1,445,752,38.0,38.0,0.00317,0.0105,0.79,79.0,False,pr84,pr84,False
0b8cb6b7-8abd-4786-8722-f496b41f3112,Line,MANATI TC   -148_PROCT&GAMBLE-651~1,148,651,38.0,38.0,0.005483,0.018187,0.48,48.0,False,pr153,pr153,False
fb922a55-b8e3-448d-ab2d-2acd84814e98,Line,QUEBRADILLAS-33_NORTH_COAST -97110~1,33,97110,38.0,38.0,0.0,0.001,1210.002566077499,121000.2566077499,True,pr100,pr100,False
8728c1d6-426e-42c1-a0ff-361866513e62,Line,ARECIBO DH  -36_ACB 2331    -504~1,36,504,38.0,38.0,0.004074,0.025937,0.76,76.0,False,pr335,pr335,False
86f8b485-e59a-4d4b-b618-a2828cd45d82,Line,RIO GRANDE  -178_SEC PLASTIC -937~1,178,937,38.0,38.0,0.004526,0.015011,0.48,48.0,False,pr82,pr82,False
8bebbca8-ad08-4be4-8867-e1f1a6cb8042,Line,TAP 8200    -146_INT TRADE   -1007~1,146,1007,38.0,38.0,0.011884,0.037669,0.4,40.0,False,pr87,pr87,False
1a391286-d18e-4cde-a921-50cf643fc8ce,Line,HATILLO TC  -336_PAJUIL      -381~1,336,381,38.0,38.0,0.007236,0.04806,0.76,76.0,False,pr335,pr335,False
a8f8f30f-ac7e-42ba-b5d8-5c8d3de8d339,Line,BPPR SECT.  -354_MARTINPEÑAB2-1155~1,354,1155,38.0,38.0,0.001513,0.005656,0.4,40.0,False,pr392,pr392,False
aae4ba04-8ba7-43f1-af59-25acb9071b3e,Line,HOSPMENONITA-399_CONSOL CIGAR-715~1,399,715,38.0,38.0,0.001328,0.004405,0.48,48.0,False,pr10,pr10,False
6604abea-9614-48fa-b663-d97b94b69422,Line,PAPRI       -1089_200-41C     -108901~1,1089,108901,38.0,38.0,0.009898,0.032826,0.48,48.0,False,pr8,pr8,False
09759b9b-f1dc-461a-8f6b-43e8013c43ca,Line,JUAN DOMINGO-152_4300-09     -6501~1,152,6501,38.0,38.0,0.018612,0.061776,0.401,40.1,False,pr45,pr87,True
b23fec4c-2a0e-46b6-ab31-2b0dc3fa1796,Line,GUANICA     -24_ACB 8321    -994~1,24,994,38.0,38.0,0.00556,0.01844,0.48,48.0,False,pr2,pr2,False
a3691911-571d-4c40-8ddf-3311b2f7cbd7,Line,TAP PARAD NO-559_TAPPARADISUS-1132~2,559,1132,38.0,38.0,0.0,0.001,1210.002566077499,121000.2566077499,True,pr211,pr211,False
dea02f96-11c7-44ae-a1b0-36a563eadd29,Line,SJSP 38     -78_SANFERNANDO -141~1,78,141,38.0,38.0,0.006233,0.01482,0.8,80.0,False,pr87,pr87,False
f130988b-f977-4b81-a364-8134ca3b8cff,Line,TAP IPR     -1124_IPR         -1125~1,1124,1125,38.0,38.0,0.011716,0.038852,0.48,48.0,False,pr8,pr8,False
83995663-8e06-4cd6-b0da-afab5820cbf8,Line,PALO SECO   -62_AAA 1883    -955~1,62,955,38.0,38.0,0.01414,0.0442,0.4,40.0,False,pr63,pr63,False
80eed516-012f-4613-9941-49a4804f9adc,Line,SUIZA DAIRY -538_HOSP_METROPO-1189~1,538,1189,38.0,38.0,0.00867,0.014473,0.4,40.0,False,pr87,pr87,False
c51859df-b4f5-4eb6-90c6-0329e1c8a37b,Line,SEA LAND    -110_4400-03     -11001~1,110,11001,38.0,38.0,0.001474,0.004582,0.4,40.0,False,pr87,pr87,False
16c88b4f-78e3-456d-90a9-f59cb7ccad21,Line,AGUADA      -118_NO 15900    -273~1,118,273,38.0,38.0,0.005225,0.017328,0.48,48.0,False,pr32,pr32,False
bee9f4b9-f58b-41a8-8eae-e99173fe007a,Line,MANATI URBNO-1140_HOSP.AREA NO-1141~1,1140,1141,38.0,38.0,0.00157,0.005207,0.48,48.0,False,pr153,pr153,False
d5f38364-97d6-4900-9d65-d6a454dafa85,Line,VIADUCTO    -60_SANTURCE    -61~1,60,61,38.0,38.0,0.0059,0.0244,0.401,40.1,False,pr86,pr86,False
21dec59b-4790-4119-af95-c066792c078e,Line,CAMBALACHE  -39_2200-07D    -3903~1,39,3903,38.0,38.0,0.000257,0.000854,0.48,48.0,False,pr40,pr40,False
d6fc2531-b1d4-451f-8730-b5b7c2e2a010,Line,CAGUAS      -22_STO DOMINGO -309~1,22,309,38.0,38.0,0.0149,0.0485,0.48,48.0,False,pr21,pr21,False
d33e0cea-5f1b-434e-8115-fb3c1f5c88ff,Line,SEA LAND    -110_SANJUAN STAR-670~1,110,670,38.0,38.0,0.007445,0.02314,0.4,40.0,False,pr87,pr87,False
01f714bd-2ec7-4660-9337-815151b5022a,Line,JOBOS 38    -94_10800-29    -112301~1,94,112301,38.0,38.0,7.6e-05,0.000253,4580.419447436382,458041.9447436382,True,pr8,pr8,False
5d75161d-cd07-4fc4-b37f-16017579405b,Line,BAY VIEW    -64_RECNATURALES-457~1,64,457,38.0,38.0,0.01205,0.03607,0.401,40.1,False,pr63,pr63,False
3f5654df-d928-4bb3-a8ca-33b6eaf4c51f,Line,CISCO       -711_BAXTER SGERM-714~1,711,714,38.0,38.0,0.001609,0.005335,0.48,48.0,False,pr169,pr169,False
5dafc52f-c079-4cca-aa33-c398c5bbc2a4,Line,NOL10200-500-236_AAA 5085    -796~1,236,796,38.0,38.0,0.00955,0.031672,0.48,48.0,False,pr3,pr3,False
43efc51a-5422-41b7-a05a-e61c72fc1f7e,Line,ACB 621     -1067_05C         -96001~1,1067,96001,38.0,38.0,0.000804,0.002668,0.48,48.0,False,pr21,pr21,False
d979bcac-e5d1-492e-bd29-6e4c421f182f,Line,ACB 3807    -928_3831A       -47601~1,928,47601,38.0,38.0,0.00593,0.019665,0.48,48.0,False,pr10,pr10,False
5760d900-416b-44f9-abe6-0e4ec0fcc7cd,Line,LAJAS       -143_AAA 6660    -1195~1,143,1195,38.0,38.0,0.012672,0.041974,0.48,48.0,False,pr169,pr169,False
67c172a1-9a1c-4529-8c32-9015dd851c59,Line,3 MONJITAS  -108_PRIDCO      -742~1,108,742,38.0,38.0,0.00042,0.000514,0.2,20.0,False,pr87,pr87,False
94b4fcbe-c65b-4f92-b377-29c0288a3449,Line,TERRAZA     -594_AAA MONT    -991~1,594,991,38.0,38.0,0.00262,0.00411,0.4,40.0,False,pr93,pr93,False
c9a9525e-f74b-42b8-915f-f5ad91e2ef31,Line,SCHERING    -403_PCI MANATI  -745~1,403,745,38.0,38.0,0.001467,0.004866,0.48,48.0,False,pr153,pr153,False
23bbf9a2-5796-478b-9bec-335b7827c557,Line,STRIKER     -641_VOC. GUAYAMA-1147~1,641,1147,38.0,38.0,0.018409,0.061049,0.48,48.0,False,pr8,pr8,False
035f6ad2-d624-4e6c-a349-132ab2e2bacb,Line,BORINQ DAIRY-410_2800-19NO   -40601~1,410,40601,38.0,38.0,0.006158,0.009415,0.408,40.8,False,pr32,pr32,False
07784bbb-d0e1-4c5a-a479-60f4be208837,Line,VEGA BAJA   -42_2200-37B    -60601~1,42,60601,38.0,38.0,0.003217,0.01067,0.48,48.0,False,pr41,pr41,False
7df5c7e7-758c-4ee7-8140-064a3d8403de,Line,GTE GURABO  -929_TAP JANSEN  -1165~1,929,1165,38.0,38.0,0.00244,0.00811,0.48,48.0,False,pr234,pr234,False
42af5b93-be56-4a7d-9747-6fbf81b83003,Line,LAS LOMAS   -76_16400-19    -61801~1,76,61801,38.0,38.0,8e-06,1.8e-05,0.408,40.8,False,pr87,pr87,False
4bde67b1-d7d4-4517-8667-271bdb4daf3b,Line,"Utility_PV_ReV_Grid_263,DORADO115~new",991,906692,38.0,38.0,0.0,0.1,1.23508,123.508,False,pr93,pr93,False
6781db96-7332-48cf-a5d8-637af137c65a,Line,PONCE 38    -4_4600-NO     -19801~1,4,19801,38.0,38.0,0.000257,0.000942,0.79,79.0,False,pr3,pr3,False
f14e02d1-4483-4e27-88d3-f67e8631bd16,Line,PONCE HILTON-366_VILLADCARMEN-374~1,366,374,38.0,38.0,0.000201,0.000666,0.48,48.0,False,pr3,pr3,False
675b2aa7-8a19-458c-99e2-a9a674db85c1,Line,LLORENTORRES-58_AAA 1171    -500~1,58,500,38.0,38.0,9.1e-05,0.000601,0.76,76.0,False,pr392,pr392,False
b56f9ec4-e8f4-421a-b656-ada29e6906fd,Line,CAGUAX      -199_SEARLE      -470~1,199,470,38.0,38.0,0.002317,0.007682,0.79,79.0,False,pr21,pr21,False
17ff152e-cf06-4d6d-8181-7bb09344323d,Line,FAJARDO 2   -295_HOSP FAJARDO-612~1,295,612,38.0,38.0,0.005518,0.0183,0.48,48.0,False,pr18,pr18,False
a99df3ac-8195-47a2-ad7c-c51945ce6059,Line,AGUADILLA   -31_OJO DE AGUA -526~1,31,526,38.0,38.0,0.014289,0.10253,0.76,76.0,False,pr32,pr32,False
7a42275d-73b7-4836-b6af-2284d70f2d38,Line,GE ARECIBO  -506_2100-37NO   -50401~1,506,50401,38.0,38.0,0.015685,0.052014,0.48,48.0,False,pr335,pr335,False
0cbe23fc-95be-41bd-a2d7-3babd4dcd070,Line,T BONE      -409_SENS AGUADI -527~1,409,527,38.0,38.0,0.01052,0.0161,0.408,40.8,False,pr32,pr32,False
96512a17-12e5-4628-8524-862fff7f30d7,Line,SENSORMATIC -533_TENDER MILLS-976~1,533,976,38.0,38.0,0.001609,0.005335,0.48,48.0,False,pr32,pr32,False
8cfca812-0e28-458e-b1d5-2de00dd30726,Line,REYNOLDS    -287_GUAYAMA     -97154~1,287,97154,38.0,38.0,0.0,0.001,1210.002566077499,121000.2566077499,True,pr8,pr8,False
63a95d4c-a5f9-4e7b-beb2-7d4ed77581c6,Line,JOBOS 38    -94_TAP H.PRODUC-1122~1,94,1122,38.0,38.0,0.009273,0.026524,0.48,48.0,False,pr8,pr8,False
dd7c3764-2072-41ec-a2ad-281ddf5a20f4,Line,"Utility_Onshore_ReV_Grid_168,COSTASUR230~new",488,950462,38.0,38.0,0.0,0.1,0.15911399,15.911399000000001,False,pr2,pr2,False
0b085009-5727-413d-a7a3-c1caa6df543d,Line,SAGER       -750_SERVIMETAL  -1087~1,750,1087,38.0,38.0,1.3e-05,4.3e-05,0.48,48.0,False,pr21,pr21,False
aa057003-da8a-4015-b09c-2d4fddc742ee,Line,"Utility_Onshore_ReV_Grid_119,BARRANQT115~new",1208,903454,38.0,38.0,0.0,0.1,0.09917700000000002,9.917700000000002,False,pr353,pr353,False
bf734a8b-bb16-45dd-9322-02fc3efa4a16,Line,SABANA LLANA-48_ACB 3199    -1193~1,48,1193,38.0,38.0,0.015191,0.073495,0.48,48.0,False,pr85,pr85,False
036f0a67-0d1c-4773-af9d-440dad7919d9,Line,"Utility_Onshore_ReV_Grid_203,JOBOS115~new",1026,974975,38.0,38.0,0.0,0.1,0.23340599999999997,23.3406,False,pr8,pr8,False
a9bd1353-067d-4e5e-b475-d1fc5f1cd830,Line,13B         -45301_05A         -45302~1,45301,45302,38.0,38.0,0.000739,0.000822,0.2,20.0,False,pr21,pr21,False
d8c29a3e-e119-47d3-a518-009ff60e0049,Line,HARTZEL     -782_5300-2501   -78201~1,782,78201,38.0,38.0,0.009811,0.032535,0.48,48.0,False,pr234,pr234,False
46cc9cc0-5a2f-4c64-9f48-42d3d543470d,Line,WESTINGHOUSE-597_SANJUANMEAT -1004~1,597,1004,38.0,38.0,0.001777,0.011803,0.76,76.0,False,pr296,pr296,False
815cc3fc-b0b5-40ce-922d-a9921fe03b25,Line,GE HUMACAO  -701_MED REL     -702~1,701,702,38.0,38.0,0.001673,0.005548,0.48,48.0,False,pr14,pr14,False
7f5097de-0e59-4694-97ba-12c6d61f8c81,Line,C MEDICO SEC-69_MONACILLOSB2-1156~1,69,1156,38.0,38.0,0.0096,0.0621,0.763,76.3,False,pr50,pr50,False
f0f1cd95-2ce2-44f0-872f-5ffffdeb357d,Line,BARCELO 8501-626_2200-21C    -62602~1,626,62602,38.0,38.0,0.006435,0.02134,0.48,48.0,False,pr102,pr102,False
4ecfdd11-29b3-4f0f-a30f-f776e34d4e6a,Line,MIRADOR AZUL-228_UIA  ARECIBO-588~1,228,588,38.0,38.0,0.002368,0.007853,0.48,48.0,False,pr335,pr335,False
5ddfe295-14aa-4833-9519-697437f8f888,Line,ARECIBO DH  -36_AAA 8091    -439~1,36,439,38.0,38.0,0.018754,0.062193,0.48,48.0,False,pr335,pr40,True
0bff9889-1e3e-4510-bb0e-a5ff8a070e63,Line,HAC CAROLINA-624_PONCE CASH  -1116~SL,624,1116,38.0,38.0,0.0,0.0001,12100.025660774989,1210002.566077499,True,pr296,pr296,False
b7cc7b6b-44ae-4134-9be3-0488547d4c0a,Line,PONCE PLAYA -272_PLAZADCARIBE-713~1,272,713,38.0,38.0,0.01635,0.05421,0.48,48.0,False,pr3,pr3,False
d13efbed-82a2-4fa6-b365-e073feb4db8b,Line,LOS ANGELES -137_AEROPUERTO  -1075~1,137,1075,38.0,38.0,0.012457,0.042027,0.4,40.0,False,pr84,pr84,False
7eed0bc5-9b97-4c8c-a90a-c002e5a8dbd1,Line,MORA 38     -181_MOCA GIS    -1068~1,181,1068,38.0,38.0,0.0012,0.005,0.48,48.0,False,pr100,pr100,False
66c4a3ff-f20e-4016-aa3f-b6e4ee72291a,Line,SANFERMIN   -97032_CUMMINS     -97036~1,97032,97036,13.2,13.2,0.0,0.0001,12100.025660774989,1210002.566077499,True,pr82,pr82,False
88a53d65-999b-4546-9bb3-59b10098738d,Line,JUNCOS PROV -578_RIGIDPAK    -579~1,578,579,38.0,38.0,0.00998,0.0326,0.48,48.0,False,pr234,pr234,False
0cb599c4-9ecc-4430-b94a-b68f0428e568,Line,AAA 8571    -739_GEN INSTRUME-1091~1,739,1091,38.0,38.0,0.005255,0.006425,0.2,20.0,False,pr102,pr102,False
690296b2-7e8a-4db5-9c5d-bfe3397c7654,Line,HOSPT DAMAS -461_HANES PONCE -646~1,461,646,38.0,38.0,0.000891,0.002955,0.48,48.0,False,pr3,pr3,False
b2755be3-5abf-4e59-aa10-02aab9fed838,Line,CLOROX      -656_KRAFT       -751~1,656,751,38.0,38.0,0.005843,0.019377,0.48,48.0,False,pr21,pr21,False
2c73a905-a3b0-4388-9751-86043d371be7,Line,CATAÑO SEC  -46_BAY VIEW    -64~1,46,64,38.0,38.0,0.057,0.1903,0.401,40.1,False,pr45,pr63,True
003f309b-6ad5-4f61-b6b8-b9de622c8de3,Line,AIBONITO 2  -423_PICU COAMO  -1009~1,423,1009,38.0,38.0,0.009557,0.031694,0.48,48.0,False,pr10,pr10,False
c11054c4-5df5-482d-a119-ad3ee86c93d3,Line,VIEQUES EPP -1164_5400-95NO   -116401~1,1164,116401,38.0,38.0,0.001246,0.004658,0.4,40.0,False,pr101,pr101,False
9dabca25-99ea-46f4-9b21-3ed1372900f9,Line,MANATI NO   -391_MANATI URBNO-1140~1,391,1140,38.0,38.0,0.004981,0.016517,0.48,48.0,False,pr153,pr153,False
8306df62-0bf2-43af-9fc2-a55b40e1c6c1,Line,PRODGRAF    -653_ESTDEPORTIVO-916~1,653,916,38.0,38.0,0.00326,0.00822,0.4,40.0,False,pr45,pr45,False
4b48adea-9fa8-4162-87f4-c509d7c8cb4d,Line,PRIDCO      -742_TORRECHARDON-901~1,742,901,38.0,38.0,0.001261,0.001542,0.2,20.0,False,pr87,pr87,False
e779a152-ce04-4108-b3cb-e0f9cebf870b,Line,BACARDI 1   -946_ILA         -947~1,946,947,38.0,38.0,0.001593,0.005281,0.48,48.0,False,pr87,pr87,False
233320ea-7f51-471b-aa8c-c6fb40bc53b9,Line,ADJUNTAS    -330_PORTUGUES   -466~1,330,466,38.0,38.0,0.18526,0.41053,0.237,23.7,False,pr103,pr103,False
09a71109-eac3-448e-b67b-3359c497357a,Line,ZONA LIBRE  -112_GRANDE MAYAG-509~1,112,509,38.0,38.0,0.01287,0.04268,0.48,48.0,False,pr116,pr116,False
f496d012-ee8a-427c-a7c3-f2a3563f3ea2,Line,COSTA SUR   -1_ACB 557     -373~1,1,373,38.0,38.0,0.007728,0.03444,0.96,96.0,False,pr2,pr2,False
b52df52a-612d-4da7-84cd-c05f26386740,Line,JOBOS 38    -94_PHILLIPS    -283~1,94,283,38.0,38.0,0.0077,0.025,0.48,48.0,False,pr8,pr8,False
617e98c7-72d1-4ef9-bda6-a09fe94c4152,Line,COCO BEACH  -731_TAPPARADISUS-1132~1,731,1132,38.0,38.0,0.065228,0.153603,0.303,30.3,False,pr211,pr211,False
155e6c99-1d95-4797-b6e9-3eb020cd33bd,Line,H TEJAS TC  -379_PANAME GRAIN-708~2,379,708,38.0,38.0,0.017542,0.058173,0.48,48.0,False,pr378,pr378,False
61abb2e4-e5a2-4bf4-b6a6-d81bb72258c3,Line,OMJ S.GERMAN-636_WALLACE     -709~1,636,709,38.0,38.0,0.01287,0.04268,0.48,48.0,False,pr169,pr169,False
7e0cf09a-8e98-4a99-bfd9-b8e4e85ca496,Line,CARCEL GUAYA-1026_TAP H.PRODUC-1122~1,1026,1122,38.0,38.0,0.011835,0.039248,0.48,48.0,False,pr8,pr8,False
88f062b4-35b9-4639-a4d6-b7e48635944d,Line,LAS PIEDRAS -223_5300-2502   -79701~1,223,79701,38.0,38.0,3.3e-05,0.000109,0.48,48.0,False,pr234,pr234,False
5e1896b9-6cc7-4f21-8f2e-cd76e94606a5,Line,FAJARDO     -19_TAP CONQUIST-1133~1,19,1133,38.0,38.0,0.025528,0.043846,0.38,38.0,False,pr18,pr18,False
28d3db38-5a6e-4153-8bdf-909608129339,Line,DIVISORIA   -304_2900-39NO   -30401~1,304,30401,38.0,38.0,0.166487,0.188195,0.19699999999999998,19.7,False,pr213,pr213,False
e156c9cb-6cec-4384-b99f-a32528f457b3,Line,TAP MAGAS   -424_MAGAS       -938~1,424,938,38.0,38.0,0.093749,0.114622,0.2,20.0,False,pr313,pr313,False
18f9fcfb-b679-4ce8-9ce3-71344cf1524b,Line,ZIMMER      -162_UIA PONCE   -661~1,162,661,38.0,38.0,0.006009,0.019926,0.48,48.0,False,pr3,pr3,False
f49331ff-8e7f-47ab-b70b-3daaf6b511c0,Line,AES_SOLAR   -1501_ILUMINA_HV  -99000~1,1501,99000,38.0,38.0,0.00394,0.01333,87.04998114151854,8704.998114151855,True,pr8,pr8,False
a8969c48-a3d5-4c94-9248-27f190f5868e,Line,IPR CAROLINA-689_MUSEO_NIÑO  -1203~1,689,1203,38.0,38.0,0.058285,0.065887,0.198,19.8,False,pr85,pr85,False
24fbfb06-458f-4713-b9cf-6b177ebf7cb1,Line,ZONA LIBRE  -112_ACACIAS 38  -113~1,112,113,38.0,38.0,0.0335,0.111,0.48,48.0,False,pr116,pr116,False
ca6f13a3-069e-4e22-8402-5a6ec90d6728,Line,AGUAYO      -599_RI 7800     -1065~1,599,1065,38.0,38.0,0.013304,0.037843,0.4,40.0,False,pr93,pr93,False
5e33b421-3c73-4e8c-a3d0-73200328966f,Line,FEDE.ACOSTA -1118_TAP L7500   -1119~1,1118,1119,38.0,38.0,0.005143,0.006288,0.2,20.0,False,pr87,pr87,False
b77152a8-1a93-4272-beb3-09a88a5167b5,Line,BAYAMON TC  -44_TREN BTC    -619~1,44,619,38.0,38.0,0.0007,0.00152,0.408,40.8,False,pr45,pr45,False
bd2ff05b-6e68-42cf-b4a0-2c075d6a169e,Line,CAROLINA    -173_LEDERLE     -550~1,173,550,38.0,38.0,0.002112,0.014031,0.76,76.0,False,pr85,pr85,False
085d9797-af37-400a-b06a-3b1d501c9cf6,Line,JUNCO STEEL -1166_9400-01B    -9201~1,1166,9201,38.0,38.0,0.012162,0.040333,0.48,48.0,False,pr93,pr93,False
689cc879-5260-40be-9ab3-1201ee3d72b8,Line,PEPSI CIDRA -476_IVAX        -926~1,476,926,38.0,38.0,0.00696,0.007867,0.48,48.0,False,pr10,pr10,False
b0b3148e-7c7e-4fc2-b244-2190353fc04d,Line,JCPENNEY    -569_GOB GUAYNABO-920~1,569,920,38.0,38.0,0.000862,0.00286,0.48,48.0,False,pr50,pr50,False
d5a328c9-b83b-4597-8227-f4fb5585d0e4,Line,MERCEDES PON-1020_WALMART JDIA-1080~1,1020,1080,38.0,38.0,0.005526,0.037152,0.76,76.0,False,pr313,pr313,False
c10d64ba-abd9-4e2e-ac7c-53bbe4291080,Line,H. PRODUCTS -1123_10800-29    -112301~1,1123,112301,38.0,38.0,0.007558,0.025065,46.219084800459605,4621.9084800459605,False,pr8,pr8,False
11386cb1-7034-4c89-82eb-c46b4c59646d,Line,UIA S.GERMAN-427_0075NO      -11301~1,427,11301,38.0,38.0,0.269182,0.329114,0.2,20.0,False,pr169,pr116,True
50ae9767-1a2e-4c68-acd1-53bcc351a37f,Line,INS LABS    -978_0875B       -97801~1,978,97801,38.0,38.0,0.00342,0.011342,0.48,48.0,False,pr10,pr10,False
98445be6-5e7e-499c-8359-d385b9c3a605,Line,PR CRUSH    -919_B PASTOR TC -1182~1,919,1182,38.0,38.0,0.002471,0.008195,0.48,48.0,False,pr21,pr21,False
19a356d4-3f66-4c67-8d45-14a0c37caba3,Line,3 MONJITAS  -108_HATOREYTCB2 -1154~1,108,1154,38.0,38.0,0.0014,0.011,0.78,78.0,False,pr87,pr87,False
b507dd69-c3fa-45ed-8bb3-20165963369f,Line,ALUMINUM    -418_NATIONAL    -963~1,418,963,38.0,38.0,0.015334,0.033174,0.2,20.0,False,pr82,pr82,False
605e8675-4f36-4798-9801-c112487466da,Line,HOLSUM      -602_MASTER PRODT-992~1,602,992,38.0,38.0,0.011905,0.039479,0.48,48.0,False,pr93,pr93,False
a0805b8a-40a5-433b-b2dc-06f499d339ef,Line,MORA 38     -181_MOCA GIS    -1068~2,181,1068,38.0,38.0,0.0012,0.005,0.48,48.0,False,pr100,pr100,False
92b8ce90-0712-416a-a4d5-8bdc855ae503,Line,PATILLAS    -961_FILTERTEK   -965~1,961,965,38.0,38.0,0.017689,0.019514,0.19699999999999998,19.7,False,pr8,pr8,False
edfaf634-624a-412d-921c-bb5e9ae13754,Line,CROWLEY     -548_PRISMA      -1041~1,548,1041,38.0,38.0,0.00551,0.00613,0.198,19.8,False,pr632,pr632,False
ad44c870-bcc1-479f-abc3-d42cb15912a5,Line,BRANDERI NO -265_VOC. GUAYAMA-1147~1,265,1147,38.0,38.0,0.000631,0.002091,0.48,48.0,False,pr8,pr8,False
2831bd4a-d433-4325-8f10-869afde85b19,Line,CABO ROJO   -115_07B         -11501~1,115,11501,38.0,38.0,0.085119,0.09622,0.2,20.0,False,pr116,pr116,False
77774062-7cf5-4d77-8be3-db062d2faae8,Line,ISLA GDE GIS-633_HOTEL SHERA -1170~1,633,1170,38.0,38.0,0.0001,0.001,0.204,20.4,False,pr632,pr632,False
175e7f39-56ae-4803-b9d6-11a382b2f539,Line,3200-09     -5901_6700-09NO   -53001~NO,5901,53001,38.0,38.0,0.0,0.0001,12100.025660774989,1210002.566077499,True,pr392,pr392,False
20a10725-17ac-4cc8-8852-515364c1aceb,Line,ISLA GDE GIS-633_COMP HOTELS2-6331~1,633,6331,38.0,38.0,0.0,0.001,1210.002566077499,121000.2566077499,True,pr632,pr632,False
0ee04a55-f3a5-49b1-bb90-4af9c95dec84,Line,ZIMMER      -162_TAPSERRALLES-732~1,162,732,38.0,38.0,0.000915,0.003035,0.48,48.0,False,pr3,pr3,False
ace65e2f-6ce7-41d6-a28d-cefe5ebef064,Line,SANSEBASTIAN-34_2600-19NO   -3403~1,34,3403,38.0,38.0,0.0,0.001,0.19699999999999998,19.7,False,pr35,pr35,False
5e32108f-ee72-46aa-bbf3-cba3ea7403cd,Line,COR PACK    -707_PR CONT     -1019~1,707,1019,38.0,38.0,0.001134,0.007529,0.76,76.0,False,pr378,pr378,False
fbe6e809-eaa0-431d-ae8a-09ef9f770647,Line,VILLASCASTRO-499_C MEDICO TUR-665~1,499,665,38.0,38.0,0.01547,0.102751,0.763,76.3,False,pr21,pr21,False
9e866340-907c-41a9-bfa8-f9b84b08e80a,Line,AGUADA NO   -415_BAXTER      -1082~1,415,1082,38.0,38.0,0.010364,0.012456,0.2,20.0,False,pr32,pr32,False
891b28f5-f132-4219-a1f5-a3e7ea19f889,Line,QUEBRADILLAS-33_GUAJATACA   -382~1,33,382,38.0,38.0,0.2947,0.3861,0.19699999999999998,19.7,False,pr100,pr35,True
9669a2d1-c5e3-4a47-b3cb-46748446b10a,Line,BO. LAPAS   -1157_GUARDIA N   -1172~1,1157,1172,38.0,38.0,0.116497,0.149378,0.2,20.0,False,pr8,pr8,False
d42ce1fb-22df-4aad-9a84-04b6d716011b,Line,COVADONGA   -138_ISLA GRANDE -186~1,138,186,38.0,38.0,0.0039,0.0434,0.65,65.0,False,pr632,pr86,True
b3fec7e5-f67e-41f4-a289-01affca996a6,Line,AGUADILLA DH-129_PITUSA      -528~1,129,528,38.0,38.0,0.017848,0.12846,0.76,76.0,False,pr32,pr32,False
639bb849-59bb-4466-8ad0-999d1f8c6ce3,Line,COLGATE     -471_MICROPETE   -971~1,471,971,38.0,38.0,0.0046,0.01525,0.48,48.0,False,pr234,pr234,False
ea1ebc4d-3ef1-445a-abac-344a9934ef01,Line,VIADUCTO    -60_COVADONGA   -138~1,60,138,38.0,38.0,0.0247,0.0529,0.361,36.1,False,pr86,pr632,True
250d44b8-2173-40b9-996a-a3d4a0f659eb,Line,INSERTCO    -957_1605NO      -2701~1,957,2701,38.0,38.0,0.00563,0.01867,0.48,48.0,False,pr169,pr169,False
576d3d1c-aa96-45b1-8b68-7ce5e2113217,Line,CORRECCION  -666_8900-39NO   -66601~1,666,66601,38.0,38.0,0.0059,0.039115,0.76,76.0,False,pr50,pr50,False
1021dd5d-00de-4181-8bf5-c9ecadee411d,Line,MERCEDITA NO-128_AGUILITA    -458~1,128,458,38.0,38.0,0.060247,0.104838,0.2,20.0,False,pr3,pr3,False
4e125f7b-cb59-4e51-bc1c-02e83a8d9d64,Line,DOS BOCAS   -37_AAA 8174    -1169~1,37,1169,38.0,38.0,0.279188,0.36531,0.198,19.8,False,pr38,pr38,False
918c336a-d89c-444f-9cbe-2b387d04fe36,Line,DAVIS&GECK  -793_BASF        -912~1,793,912,38.0,38.0,0.002625,0.008707,0.48,48.0,False,pr153,pr153,False
9f9030a5-7dc7-4db0-8ee8-b533c6e203d1,Line,GUARDIA N   -1172_0231        -108902~1,1172,108902,38.0,38.0,0.009809,0.025688,0.48,48.0,False,pr8,pr8,False
8fe91872-d5b3-4c47-978f-472f7c784319,Line,CUTLERHAMMER-307_BARD IMPLANT-320~1,307,320,38.0,38.0,0.000975,0.003233,0.48,48.0,False,pr234,pr234,False
eecf676b-35db-4e3e-a9f5-e76f5f693354,Line,CATAÑO SEC  -46_ATLANTICPIPE-952~1,46,952,38.0,38.0,0.00631,0.00965,0.4,40.0,False,pr45,pr63,True
9cec13f3-6bf9-4a3e-bc88-6dc2a9f89d79,Line,A.BUENAS SEC-207_05A         -45302~1,207,45302,38.0,38.0,0.014032,0.015609,0.2,20.0,False,pr21,pr21,False
cbf763c3-6a56-43bc-8f0d-1aaa80400562,Line,AAA 2373    -558_TAPPARADISUS-1132~1,558,1132,38.0,38.0,0.009665,0.032053,0.48,48.0,False,pr82,pr211,True
1655c545-55d7-4015-8569-a642a0ded20b,Line,RAMALLO     -454_FOAMPACK    -915~1,454,915,38.0,38.0,0.003938,0.01306,0.48,48.0,False,pr21,pr21,False
d59d0e48-596a-43f6-a83e-8f7986abf840,Line,EMERSON     -748_DORADO PB NO-1049~1,748,1049,38.0,38.0,0.000643,0.002134,0.48,48.0,False,pr93,pr93,False
30c65d15-1edf-42b9-997b-5318845adfdc,Line,EL MUNDO    -318_FEDE.ACOSTA -1118~1,318,1118,38.0,38.0,0.006013,0.007352,0.2,20.0,False,pr87,pr87,False
ffa02ca9-ffa4-4def-aac4-e05b5a318277,Line,"Utility_PV_ReV_Grid_81,YAROTEK_HV~new",387,903115,38.0,38.0,0.0,0.1,1.3156500000000002,131.56500000000003,False,pr100,pr100,False
f0c14f09-fabe-4d08-88d4-ed62d5b072b6,Line,SABANAGRANDE-216_LOCTITE     -584~1,216,584,38.0,38.0,0.013519,0.015282,0.2,20.0,False,pr169,pr169,False
1b14cf3e-ea3b-44ed-a1f5-01655a6e2eef,Line,WARNER VBAJA-342_XTRA 9076   -778~1,342,778,38.0,38.0,0.002365,0.023691,0.48,48.0,False,pr41,pr41,False
07852ddd-6ff1-4dca-85c6-ed1be39bbb88,Line,TAP IPR     -1124_TAP_10900   -1500~1,1124,1500,38.0,38.0,0.009763,0.032375,0.48,48.0,False,pr8,pr8,False
4c395ecf-e75f-4e26-be0d-6daac8a35e25,Line,REMA        -749_WALMART CAG -1095~1,749,1095,38.0,38.0,0.002632,0.008728,0.48,48.0,False,pr21,pr21,False
fc617f84-235a-4583-a1a7-c5d8dbd8156c,Line,HOSP AREA   -903_AMERICAN UNI-1139~1,903,1139,38.0,38.0,0.003127,0.010371,0.48,48.0,False,pr153,pr153,False
eccc1b24-3b6d-4dc5-bc77-50e09af3a335,Line,NO12601A    -380_TAP12600    -383~1,380,383,38.0,38.0,0.01257,0.0417,0.48,48.0,False,pr14,pr14,False
9b45364c-35a5-4277-92c4-8daeda7e0d1e,Line,3MONJIT 1480-312_TORRECHARDON-901~1,312,901,38.0,38.0,0.004204,0.00514,0.2,20.0,False,pr87,pr87,False
c3be8076-28e1-48ab-a2be-83bdf9899690,Line,PEÑUELAS    -322_PENUELAS TAP-1176~1,322,1176,38.0,38.0,0.29085,0.221325,0.151,15.1,False,pr2,pr2,False
2660bfaf-1625-494f-a404-30a270ad5e8e,Line,GUAYANILLA  -225_700-13C     -22501~1,225,22501,38.0,38.0,0.02535,0.0489,0.408,40.8,False,pr2,pr2,False
e313b182-1a70-4cc3-b133-ce37b7750a36,Line,TII INDUSTRI-513_ACME FT     -975~1,513,975,38.0,38.0,0.005255,0.006425,0.2,20.0,False,pr93,pr93,False
a1f28474-12d8-4090-9d5c-c2f4efa55380,Line,PROCT&GAMBLE-651_PCI MANATI  -745~1,651,745,38.0,38.0,0.006988,0.023175,0.48,48.0,False,pr153,pr153,False
2d00ec36-aa1c-43c2-a7e2-4bebd52c7dd1,Line,TOA  ALTA   -493_TII INDUSTRI-513~1,493,513,38.0,38.0,0.02102,0.0257,0.2,20.0,False,pr93,pr93,False
a984a952-8f56-4e1c-abf8-37b5872f12f4,Line,CIDRA SECC. -221_COMERIO 38  -276~1,221,276,38.0,38.0,0.055804,0.185061,0.48,48.0,False,pr10,pr275,True
d0496716-21a9-4462-877c-f31cf6512a71,Line,MARICAO NO  -371_MONTE ESTADO-1073~1,371,1073,38.0,38.0,0.080112,0.09056,0.2,20.0,False,pr29,pr29,False
c50bb004-c019-472a-9d30-b422003769ee,Line,FONALLEDAS  -161_TREN URBANO -977~1,161,977,38.0,38.0,0.001287,0.004268,0.48,48.0,False,pr84,pr84,False
d0a5ed23-ad56-47a9-8ec1-fe87ac528602,Line,MASTER MIX  -541_SAMS HATILLO-1044~1,541,1044,38.0,38.0,0.01435,0.033119,0.316,31.6,False,pr335,pr335,False
d8b14aba-d980-4702-b44a-bc7dd384ec6c,Line,HATO REY GIS-52_TREN 1460   -1050~1,52,1050,38.0,38.0,0.0001,0.001,0.19699999999999998,19.7,False,pr87,pr87,False
c06b6123-0f2e-4709-8a39-36eba9dc9c4b,Line,AAA 2770    -256_9900-B1     -25601~1,256,25601,38.0,38.0,0.013266,0.01622,0.2,20.0,False,pr16,pr16,False
e6fa7f33-5958-437b-a24b-5fc76f72ee31,Line,OWENS LP    -786_TO RICOS    -787~1,786,787,38.0,38.0,0.00569,0.006432,0.2,20.0,False,pr234,pr234,False
fd7eaf8d-e447-4a3e-bf0c-4fdba1e4de61,Line,ESC LUIS MEL-1100_TAP DOMGUITO-1106~1,1100,1106,38.0,38.0,0.021879,0.072556,0.48,48.0,False,pr335,pr335,False
78a6db84-a112-4d94-b9b2-3de19a89aadc,Line,ASDA ARECIBO-589_CUTLER HAMER-590~1,589,590,38.0,38.0,0.020592,0.068288,0.48,48.0,False,pr40,pr40,False
4bf93809-e456-47d8-b3af-c64fbf6d3401,Line,SIERRA LINDA-163_UNIV.CENTRAL-1114~1,163,1114,38.0,38.0,0.003359,0.01114,0.48,48.0,False,pr378,pr378,False
8aec5275-8e00-402b-8e83-59d0b0523f5f,Line,SGERMAN PBLO-314_WALLACE     -709~1,314,709,38.0,38.0,0.00161,0.00533,0.48,48.0,False,pr169,pr169,False
3ef843cb-7e84-4f89-a3d5-037c6cdad114,Line,GE ARECIBO  -506_CDT ARECIBO -667~1,506,667,38.0,38.0,0.005214,0.006375,0.2,20.0,False,pr335,pr335,False
1825d334-dd7b-4b86-9a17-fb63aaad54cb,Line,XTRA 5878   -687_17900-53A   -68701~1,687,68701,38.0,38.0,0.020364,0.024898,0.2,20.0,False,pr313,pr313,False
6814fed3-c8e9-4239-8332-ddd1523e103c,Line,CITIBANK    -904_UIA RPIEDRAS-905~1,904,905,38.0,38.0,0.003246,0.010764,0.48,48.0,False,pr50,pr50,False
c387fb37-8188-4b1e-ace7-2ed94302b775,Line,J DIAZ TC   -325_TAP XTRA    -570~1,325,570,38.0,38.0,0.142734,0.174513,0.2,20.0,False,pr313,pr313,False
557eb537-18eb-4ecb-b99c-1a70dd2c4260,Line,NOL10200-500-236_NO25C       -23601~NO,236,23601,38.0,38.0,0.0,2e-05,60500.12830387494,6050012.830387494,True,pr3,pr3,False
2d3eef69-74cc-4f22-8ef8-7bc6bb470d7f,Line,YAUCO PBLO 1-226_700-13C     -22501~1,226,22501,38.0,38.0,0.02535,0.0489,0.408,40.8,False,pr2,pr2,False
56364b03-f975-44bd-9da9-2cba4ddd34d7,Line,PANAM SHOE  -270_HANES CAMUY -610~1,270,610,38.0,38.0,0.017481,0.058104,0.48,48.0,False,pr335,pr100,True
8474fb8c-790e-430d-95b3-7a2793ee1055,Line,EL MUNDO    -318_INDULAC     -622~1,318,622,38.0,38.0,0.004204,0.00514,0.2,20.0,False,pr87,pr87,False
6eff05a8-ac0b-4cb4-8ffc-9dea3a8e6dc7,Line,BECKTON     -761_85A         -76101~1,761,76101,38.0,38.0,0.002064,0.006846,0.48,48.0,False,pr10,pr10,False
761b01f1-6855-442d-af04-2c8b95988f52,Line,UPR PONCE   -608_FONDO SEGURO-712~1,608,712,38.0,38.0,0.00245,0.00811,0.48,48.0,False,pr3,pr3,False
c951452b-69af-4cd1-97d3-09252e3f5e0d,Line,CDTSVILLALBA-329_MEDTRON 5971-349~1,329,349,38.0,38.0,0.055039,0.067293,0.2,20.0,False,pr213,pr213,False
43463420-5b8a-447b-b0e1-33ced8683a11,Line,5300-71NO   -35101_3500-77B    -35102~1,35101,35102,38.0,38.0,6.4e-05,0.000211,0.48,48.0,False,pr14,pr14,False
1193d678-8e97-4566-a1fc-4aaa67344581,Line,DORADO 38   -92_9400-01C    -9202~1,92,9202,38.0,38.0,0.00082,0.001002,0.2,20.0,False,pr93,pr93,False
dab2cea1-a484-455f-a333-6760bf8d1c78,Line,HATILLO NO  -274_AAA 7778    -1168~1,274,1168,38.0,38.0,0.004722,0.015613,0.48,48.0,False,pr335,pr335,False
947c51b6-e6bc-462b-86f1-3ee5ee9184df,Line,ISABELA TO  -563_13700-07    -56301~1,563,56301,38.0,38.0,0.01427,0.047324,0.48,48.0,False,pr100,pr100,False
195e6143-a6f1-4149-a16f-58d5c9f91c88,Line,JUNCOS      -20_AMGEN NO    -1001~1,20,1001,38.0,38.0,0.00396,0.02564,0.76,76.0,False,pr234,pr234,False
b28b2250-d071-4dd7-a895-45906d8e404c,Line,OROCOVIS NO -350_TAP OROCOVIS-1208~1,350,1208,38.0,38.0,0.07998,0.097788,0.2,20.0,False,pr353,pr353,False
2e59c2d2-95f3-4265-b908-ac5077917dfa,Line,CAGUAS      -22_SEARLE      -470~1,22,470,38.0,38.0,0.01686,0.055911,0.79,79.0,False,pr21,pr21,False
f647e0f9-a98f-427b-8f09-b4feecf88c07,Line,UNIONCARBIDE-780_BT ROADS    -781~1,780,781,38.0,38.0,0.000321,0.000998,0.4,40.0,False,pr45,pr45,False
60d73449-a3d8-460d-a22e-41850c37bb39,Line,MATSUSHITA  -580_MOVA CAGUAS -688~1,580,688,38.0,38.0,0.006873,0.022791,0.48,48.0,False,pr21,pr21,False
f3db0d63-3a04-4e64-8412-810e3149df66,Line,ACB 5611    -390_PTA.DEL MAR -401~1,390,401,38.0,38.0,0.148022,0.169549,0.2,20.0,False,pr32,pr32,False
cebf5ac8-3d3e-4f26-96e5-49b6ea6bb3c6,Line,CANOVANA SEC-47_0009NO      -4701~1,47,4701,38.0,38.0,0.00019,0.000632,0.48,48.0,False,pr82,pr82,False
fba3fd41-6e42-4b56-a443-e6a77fa75243,Line,CENT.JUDCIAL-686_TAP BARRAZAS-1130~1,686,1130,38.0,38.0,0.000701,0.002432,0.4,40.0,False,pr85,pr85,False
5337af3e-94cf-4744-9f59-b457230f3547,Line,WALMART STA -412_POWER PACK  -652~1,412,652,38.0,38.0,0.001848,0.006128,0.48,48.0,False,pr296,pr296,False
49d1bfb5-1b12-4c96-a031-aac01f41981c,Line,HATO REY GIS-52_ROYAL       -1047~1,52,1047,38.0,38.0,0.002623,0.005863,0.198,19.8,False,pr87,pr87,False
1a37bfe7-937d-4a08-9b9f-e230e10ef918,Line,MARICAO     -77_LAS MARIAS  -369~1,77,369,38.0,38.0,0.25035,0.283,0.19,19.0,False,pr29,pr35,True
54a09e10-d80c-4123-851e-0f06d4669a8e,Line,CABO ROJO NO-249_CABOROJOPRO -519~1,249,519,38.0,38.0,0.05046,0.05676,0.2,20.0,False,pr116,pr116,False
9fd9ba6f-fdb5-4702-914e-2c2b7053aff0,Line,ACB 2213    -1092_ACB 2295    -1093~1,1092,1093,38.0,38.0,0.008469,0.028083,0.48,48.0,False,pr102,pr102,False
0e29f931-0e36-4bd2-bb67-f4ea4c9380c3,Line,G.BENITEZ   -200_C MEDICO TUR-665~1,200,665,38.0,38.0,0.002189,0.014537,0.763,76.3,False,pr21,pr21,False
409734ac-3379-4ba9-8a55-1e66e2575886,Line,GM GROUP    -664_MONACILLOSB2-1156~1,664,1156,38.0,38.0,0.0089,0.0267,0.79,79.0,False,pr84,pr50,True
0d0d8a69-bbd0-41dd-944b-dae78320c8b7,Line,BERRIOS     -485_AAA 3684    -980~1,485,980,38.0,38.0,0.01251,0.041485,0.48,48.0,False,pr10,pr10,False
4e6a2f1a-9c05-45bf-8653-112b25895d0c,Line,JENSEN      -251_COKE CIDRA  -979~1,251,979,38.0,38.0,0.00407,0.013495,0.48,48.0,False,pr10,pr10,False
d7f66132-fbac-4cbc-ae36-053b93e91dd4,Line,C.CONVENC CR-484_LIFESCAN    -669~1,484,669,38.0,38.0,0.00625,0.00706,0.19699999999999998,19.7,False,pr116,pr116,False
4dadcdc2-6123-4cd6-915e-7b29d003336f,Line,HATO REY GIS-52_BALDRICH    -54~1,52,54,38.0,38.0,0.01858,0.00852,0.8,80.0,False,pr87,pr87,False
77bf9c98-0af8-47d0-bba2-6969bedfd216,Line,"Utility_PV_ReV_Grid_99,CAMBGP230~new",590,966131,38.0,38.0,0.0,0.1,1.72669,172.669,False,pr40,pr40,False
471ec4a8-d51c-4873-abc1-00b1292f8fb0,Line,METS PAVILON-479_3400-39     -47901~1,479,47901,38.0,38.0,0.00034,0.000972,0.48,48.0,False,pr50,pr50,False
71f2e835-c5ac-4acb-9f33-3218a1c49900,Line,AGUADILLA   -31_NAVY AGUADA -517~1,31,517,38.0,38.0,0.027772,0.092099,0.48,48.0,False,pr32,pr32,False
a084c6c3-eee7-479f-a71e-2200213c2562,Line,0145        -34601_0133        -34602~1,34601,34602,38.0,38.0,0.071949,0.100976,0.2,20.0,False,pr296,pr8,True
db4591fb-d941-4bb1-bf1e-3558962e86c4,Line,REP.METROPOL-154_SUIZA DAIRY -538~1,154,538,38.0,38.0,0.001514,0.006102,0.8,80.0,False,pr87,pr87,False
4cafa030-e101-4378-957d-4bd4a0659f15,Line,PLAYTEX     -746_GUIDANT     -747~1,746,747,38.0,38.0,0.002628,0.00402,0.4,40.0,False,pr93,pr93,False
98d16aae-a8d2-45a0-8783-78d2cb497cb4,Line,0135A       -45802_0137A       -46201~1,45802,46201,38.0,38.0,0.03638,0.0423,0.2,20.0,False,pr313,pr313,False
acfdf317-7a64-4847-8ac5-0d2b4faa26ae,Line,LAS LOMAS   -76_MONACILLOSB2-1156~1,76,1156,38.0,38.0,0.042103,0.090862,0.2,20.0,False,pr87,pr50,True
ee3f8feb-0467-454c-bb9f-2d4644bd378c,Line,3MONJIT 1480-312_BEST BUY    -799~2,312,799,38.0,38.0,0.0,0.001,1210.002566077499,121000.2566077499,True,pr87,pr87,False
414030d4-da8a-487d-9d15-63e63c2f95f8,Line,MERCK SEC   -447_15400-07A   -44701~1,447,44701,38.0,38.0,0.004185,0.01388,0.48,48.0,False,pr102,pr102,False
6c14d458-f381-4a37-80de-bd5c1e7f9ccd,Line,AMELIA SEC  -57_7000-19NO   -60701~1,57,60701,38.0,38.0,0.000483,0.000591,0.204,20.4,False,pr87,pr87,False
111de656-8cf5-4cc2-91bd-c00b5155db8b,Line,DAGUAO 38   -56_AIRPORT     -615~1,56,615,38.0,38.0,0.026602,0.08822,0.48,48.0,False,pr101,pr101,False
695cb623-e280-4fc3-a64f-4b6894833137,Line,CANOVANAS TC-122_3121DNO     -470201~1,122,470201,38.0,38.0,0.002776,0.018437,0.76,76.0,False,pr82,pr82,False
027b29ce-fe33-4573-baeb-ef6bb04113c0,Line,ADS         -1117_GUIDANT ARE -1137~1,1117,1137,38.0,38.0,0.031572,0.038601,0.2,20.0,False,pr40,pr40,False
18b8a1e3-f0be-478d-aea5-11ef5d53f56d,Line,HATO TEJAS  -90_XTRA 1798   -546~1,90,546,38.0,38.0,0.018147,0.060179,0.48,48.0,False,pr378,pr378,False
770f9f81-c50f-4901-85f1-340f0ac914e7,Line,CAMBALACHE  -39_16309NO     -43901~1,39,43901,38.0,38.0,0.012953,0.042953,0.48,48.0,False,pr40,pr40,False
0106fe6d-cfbe-4962-b21e-4c6eb29ca723,Line,USC         -530_6700-09NO   -53001~1,530,53001,38.0,38.0,0.0031,0.02,0.763,76.3,False,pr392,pr392,False
26e23b84-36f0-4c94-b18c-89afce175048,Line,DERCOM      -784_CERAMCO     -785~1,784,785,38.0,38.0,0.008535,0.009648,0.2,20.0,False,pr234,pr234,False
ba42cdd9-165c-4c94-9765-f7ae9930a6b9,Line,SANSEBASTIAN-34_LAS MARIAS  -369~1,34,369,38.0,38.0,0.19969,0.24415,0.2,20.0,False,pr35,pr35,False
25e210cf-14a0-4b2d-9156-98a3dcffe7f4,Line,PALMER      -179_TAP PARAD NO-559~1,179,559,38.0,38.0,0.048134,0.159623,0.48,48.0,False,pr211,pr211,False
a2afacc8-cf79-4a96-a404-a83d640a652b,Line,OCULARSCIENC-694_CBA JDIAZ   -1177~1,694,1177,38.0,38.0,0.006994,0.008552,0.2,20.0,False,pr313,pr313,False
06868a70-000c-4dfe-aa6a-21860a6df3c1,Line,0131        -34603_0141        -34604~1,34603,34604,38.0,38.0,0.071949,0.100976,0.2,20.0,False,pr8,pr8,False
aa357f04-a84e-4998-9fcb-fb99313902d2,Line,CANOVANA SEC-47_0009NO1     -4702~1,47,4702,38.0,38.0,5.6e-05,0.000372,0.76,76.0,False,pr82,pr82,False
39a24f63-38cd-4415-babf-79d1b2c27313,Line,GUAJATACA   -382_2600-0019NO -3404~1,382,3404,38.0,38.0,0.2035,0.2665,0.19699999999999998,19.7,False,pr35,pr35,False
910562d7-09e8-4581-a569-ceece449ea5a,Line,JUNCOS      -20_AMGEN       -420~1,20,420,38.0,38.0,0.00399,0.02562,0.76,76.0,False,pr234,pr234,False
cf981557-40d2-479f-ac29-535fa45c4a4f,Line,CORCO       -487_OLEFIN2     -48708~1,487,48708,38.0,38.0,0.0,0.001,1210.002566077499,121000.2566077499,True,pr2,pr2,False
8e4c1584-56ac-4050-8538-f5ff139f4157,Line,ATALAYA     -293_COMPLEJODEPO-628~1,293,628,38.0,38.0,0.120521,0.243293,0.28,28.000000000000004,False,pr231,pr231,False
5e7168eb-f0e2-4efb-bcf8-ee2cd167deb0,Line,RINCON      -30_SURGICAL    -1036~1,30,1036,38.0,38.0,0.039292,0.04636,0.2,20.0,False,pr32,pr231,True
f1636084-38a7-4511-900b-7d5d4c760238,Line,VIEQUES SEC -1039_5400-03NO   -103901~1,1039,103901,38.0,38.0,1.2e-05,4.7e-05,0.4,40.0,False,pr101,pr101,False
de2bd073-e72d-4b2c-a095-45b30f98c923,Line,G.BENITEZ   -200_STO DOMINGO -309~1,200,309,38.0,38.0,0.0129,0.0404,0.48,48.0,False,pr21,pr21,False
84aa9efe-cd53-4873-bb46-72b345aa028b,Line,ALTRIOGRANDE-556_ACB 3149    -1131~1,556,1131,38.0,38.0,0.02574,0.08536,0.48,48.0,False,pr82,pr82,False
5961a669-c624-482e-8377-c41807f4f358,Line,3MONJIT 1480-312_INDULAC     -622~1,312,622,38.0,38.0,0.003784,0.004626,0.2,20.0,False,pr87,pr87,False
d283dbb8-a33f-49aa-b2bd-3225dbee7465,Line,LARES       -393_COACH       -482~1,393,482,38.0,38.0,0.082483,0.100847,0.2,20.0,False,pr35,pr35,False
b08bb503-28f9-451a-96d6-5d5b38b753b9,Line,EGOZQUE SEC -75_MUSEOARTE PR-205~1,75,205,38.0,38.0,0.013242,0.025782,0.2,20.0,False,pr392,pr392,False
4609b70e-ccca-4409-9dfc-7c4a9cc9f411,Line,VEGA ALTA   -89_OWENS V.ALTA-642~1,89,642,38.0,38.0,0.002457,0.024617,0.48,48.0,False,pr41,pr41,False
5ae1bc83-b643-4796-a1b3-6e3413dd451d,Line,BAYAMON SECT-43_10700-11    -54701~1,43,54701,38.0,38.0,0.022483,0.053747,0.408,40.8,False,pr45,pr378,True
83067ac0-1ac4-41f7-9328-b74f6fd6c534,Line,PONCE CEMENT-456_CEMEX PONCE -620~1,456,620,38.0,38.0,0.00643,0.02134,0.48,48.0,False,pr103,pr103,False
64a3f57a-9412-4fdd-bbbe-e6e3cfd04ddf,Line,TROPICAIR   -908_UIA HATO REY-909~1,908,909,38.0,38.0,0.005255,0.006425,0.2,20.0,False,pr87,pr87,False
b45d846a-fad2-4ea2-a00e-15df1b850249,Line,TAP 5900    -944_5900-29     -94401~1,944,94401,38.0,38.0,0.001023,0.003393,0.48,48.0,False,pr87,pr87,False
6cbe0848-9163-4249-8765-0e612cfe5068,Line,"Utility_Onshore_ReV_Grid_138,SOLANER~new",714,927629,38.0,38.0,0.0,0.1,0.12887399,12.887398999999998,False,pr169,pr169,False
9e3b28a5-9a90-44f0-a17c-4e4a65a5531b,Line,ARROYO      -338_KEEP DRY    -967~1,338,967,38.0,38.0,0.000918,0.001013,0.21,21.0,False,pr8,pr8,False
01dc9136-df42-44e0-bfc2-5059c939612c,Line,RIO BLANCO  -17_5400-B1     -23801~1,17,23801,38.0,38.0,0.001825,0.002722,0.2,20.0,False,pr16,pr16,False
2599cfa0-7694-4680-b057-921b767d1bb1,Line,BARCELO 8504-627_ACB 2213    -1092~1,627,1092,38.0,38.0,0.023332,0.077376,0.48,48.0,False,pr102,pr102,False
bddd73a5-f622-4367-bb41-c6e4bc2894f3,Line,CAYEY       -11_0019        -21001~1,11,21001,38.0,38.0,0.004026,0.014455,0.48,48.0,False,pr10,pr10,False
c476666c-8495-4976-ab8a-bb80033f14fc,Line,PONCE DH    -197_CDTS PONCE  -629~1,197,629,38.0,38.0,0.000168,0.000678,0.8,80.0,False,pr313,pr313,False
b861d1ef-9667-42ff-a30b-1b71c59ab9b2,Line,BAYAMON SECT-43_MAGNOLIATAP -121~2,43,121,38.0,38.0,0.0,0.001,1210.002566077499,121000.2566077499,True,pr45,pr45,False
a1fad331-017b-4079-9091-7217c4739c97,Line,SAN GERARDO -160_MARVEL      -469~1,160,469,38.0,38.0,0.00814,0.02441,0.79,79.0,False,pr50,pr50,False
859de1e1-da35-482f-b445-7d3a70aefbe9,Line,ACB115      -289_BAXTER NO   -1070~1,289,1070,38.0,38.0,0.002676,0.008873,0.48,48.0,False,pr8,pr8,False
d9e146be-c624-4e14-8b50-b29bad37ee31,Line,JOBOS 38    -94_PHILL PETR  -9402~1,94,9402,38.0,38.0,0.007722,0.025125,46.034167656282214,4603.416765628222,False,pr8,pr8,False
545c9399-6610-49b3-8dfb-8b585349a9bb,Line,AIBONITO    -210_0019        -21001~1,210,21001,38.0,38.0,0.076493,0.274654,0.48,48.0,False,pr10,pr10,False
fa492a7f-797c-43e6-89c1-80c5b092938c,Line,MOCA        -150_SENSORMATIC -533~1,150,533,38.0,38.0,0.005148,0.017072,0.48,48.0,False,pr32,pr32,False
e280406e-57cf-4ced-9ca7-9b853a471b25,Line,MERCK SEC   -447_14100-13    -44702~1,447,44702,38.0,38.0,0.0079,0.026195,0.48,48.0,False,pr102,pr102,False
11f35daf-be7c-404a-b8ed-fe228a55d717,Line,UPR UTUADO  -512_NATIONAL    -1045~1,512,1045,38.0,38.0,0.118165,0.131476,0.198,19.8,False,pr38,pr38,False
44a8d841-2541-47f6-9505-63766be0ac2e,Line,CAPARRA SEC -65_BUCHANAN    -720~1,65,720,38.0,38.0,0.004402,0.029236,0.4,40.0,False,pr87,pr87,False
da518ca4-c228-4342-baf0-f21c20651327,Line,RIO BLANCO  -17_9900-B1     -25601~1,17,25601,38.0,38.0,0.000134,0.000164,0.2,20.0,False,pr16,pr16,False
a4a0a4fb-f421-4b69-a31a-6ecd54ce221e,Line,HOMEDEP BAY -443_PLAZA DL SOL-490~1,443,490,38.0,38.0,0.020004,0.066338,0.48,48.0,False,pr45,pr45,False
77db7696-6ca2-4cec-9351-b2df7a173372,Line,HATO TEJAS  -90_13300-01CNO -49001~1,90,49001,38.0,38.0,0.000202,0.00067,0.48,48.0,False,pr378,pr378,False
7637a652-fb1f-4e06-ab27-14a72afa7c95,Line,ELI LILLY-W -182_CROWN CORK  -1008~1,182,1008,38.0,38.0,0.004124,0.007084,0.204,20.4,False,pr82,pr82,False
13ba58ac-d00f-4b8a-83d2-5112d3328224,Line,TAP 3145    -124_NCARRAIZO   -525~1,124,525,38.0,38.0,0.126773,0.154999,0.2,20.0,False,pr85,pr85,False
e6cd5182-1719-418a-ae3b-763fa0c7cb97,Line,ATLANTICPIPE-952_CARCEL BAY  -1018~1,952,1018,38.0,38.0,0.001861,0.005785,0.401,40.1,False,pr63,pr63,False
088bade6-157d-49f7-98b6-7363e990f930,Line,BARCELONETA -97_14000-19NO  -43601~1,97,43601,38.0,38.0,6.5e-05,7.4e-05,0.2,20.0,False,pr102,pr102,False
48f66577-5b29-40b1-856d-14330ef2332c,Line,BECKMAN     -697_RANSBURG    -698~1,697,698,38.0,38.0,0.010132,0.012387,0.2,20.0,False,pr16,pr16,False
4f159409-e70f-45c7-b28b-dd5a1b2de3d8,Line,LMM GIS     -1074_3600-95A    -13702~1,1074,13702,38.0,38.0,0.002105,0.008482,0.8,80.0,False,pr84,pr84,False
b1887852-7f5d-4543-9379-1c5d57f9e2d6,Line,LOS ANGELES -137_3600-95A    -13702~1,137,13702,38.0,38.0,2.1e-05,8.6e-05,0.8,80.0,False,pr84,pr84,False
354d926a-56cf-4ea8-9499-25c94f1beffc,Line,MOLINOS     -607_7000-19NO   -60701~1,607,60701,38.0,38.0,0.047866,0.058519,0.204,20.4,False,pr87,pr87,False
5cf6f82a-3dfb-4a98-8433-ecb327b7f575,Line,SANTA MARIA -279_19NO        -27901~1,279,27901,38.0,38.0,0.010546,0.034974,0.48,48.0,False,pr3,pr3,False
d0e94247-e258-4542-8691-c102bd4105e0,Line,PR CEMENT   -126_PACKAGING   -659~1,126,659,38.0,38.0,0.000597,0.003963,0.76,76.0,False,pr87,pr87,False
13ba1360-29f2-4eef-be9b-8f4fa3ee9074,Line,ACB115      -289_CARCEL JUV  -625~1,289,625,38.0,38.0,0.056529,0.187463,0.48,48.0,False,pr8,pr8,False
4080933c-05b4-4aa7-b1ed-04a66920fda4,Line,LA RAMBLA   -105_EL VIGIA    -176~1,105,176,38.0,38.0,0.05124,0.146122,0.48,48.0,False,pr313,pr313,False
de1ff317-9a24-40b6-b4d6-7dd4e2d90be1,Line,TAPHAMILTON -1152_0245A       -115201~1,1152,115201,38.0,38.0,0.137917,0.199296,0.2,20.0,False,pr296,pr8,True
9cf023de-d853-4b39-b565-cee2929f11d7,Line,VEGA BAJA   -42_2200-37NO   -26901~1,42,26901,38.0,38.0,0.0125,0.01408,0.19,19.0,False,pr41,pr41,False
ca5f8dc7-5672-47e4-9968-98f00863ced5,Line,BAYAMON SECT-43_LOMAS VERDES-166~1,43,166,38.0,38.0,0.0001,0.001,0.21,21.0,False,pr45,pr45,False
e451aad1-ab90-49ad-8fe7-4c89be44dbe5,Line,J DIAZ TC   -325_V ALEGRE_HV -97081~1,325,97081,38.0,38.0,0.0,0.0001,12100.025660774989,1210002.566077499,True,pr313,pr313,False
7b497464-df18-4e16-a414-9ddd4d4a848c,Line,COMERIO 38  -276_COMERIO NO  -361~1,276,361,38.0,38.0,0.026244,0.087031,0.48,48.0,False,pr275,pr275,False
f5a0ea88-9a6a-4e46-a966-3aba701ea3a2,Line,MICROSOFT   -769_SAMS HUMACAO-774~1,769,774,38.0,38.0,0.001609,0.005335,0.48,48.0,False,pr14,pr14,False
128024dd-52c0-401a-8e74-3a9776a02461,Line,RIGIDPAK    -579_TAP JANSEN  -1165~1,579,1165,38.0,38.0,0.015269,0.049895,0.48,48.0,False,pr234,pr234,False
b8fad13c-180b-4d72-b686-b263470bfde2,Line,SANSEBASTIAN-34_2000-19NO   -3405~1,34,3405,38.0,38.0,9e-05,0.000299,0.48,48.0,False,pr35,pr35,False
3b840a2c-e52a-42a8-a8fc-d9d4f97e542d,Line,C.CONVENC CR-484_CABOROJOPRO -519~1,484,519,38.0,38.0,0.020028,0.02264,0.2,20.0,False,pr116,pr116,False
61a53f12-b8a9-4811-9ec4-647cdc9d149d,Line,PR CRUSH    -919_GOB GUAYNABO-920~1,919,920,38.0,38.0,0.018662,0.061886,0.48,48.0,False,pr21,pr50,True
78e98adb-62fa-4f1e-9d96-e6825103b4b6,Line,CANAS 38    -104_PAMPANOS    -114~1,104,114,38.0,38.0,0.019637,0.065121,0.48,48.0,False,pr103,pr3,True
bb66ea35-14de-4fd0-9ba3-c9d9acaf561f,Line,CARITE      -9_ACB 0177    -798~1,9,798,38.0,38.0,0.199475,0.220055,0.2,20.0,False,pr8,pr8,False
942fdfbc-845e-4b76-99c2-e1ea2a000a32,Line,BRANDERI NO -265_XTRA 4079   -1010~1,265,1010,38.0,38.0,0.006461,0.021425,0.48,48.0,False,pr8,pr8,False
ec26cc3e-c1c0-403c-af0a-7cb05fee97dc,Line,2600-19NO   -3403_2600-0019NO -3404~1,3403,3404,38.0,38.0,0.0,0.001,0.19699999999999998,19.7,False,pr35,pr35,False
3934d026-0738-4c9b-8ace-59d090e1c1d9,Line,HOSP FAJARDO-612_3171NO      -61201~1,612,61201,38.0,38.0,0.005005,0.016596,0.48,48.0,False,pr18,pr18,False
0b2293fc-945f-4bba-99bd-8d5ce4d9d7ea,Line,YAHUECAS    -376_ADJUNTAS NO -377~1,376,377,38.0,38.0,0.1997,0.2348,0.19699999999999998,19.7,False,pr169,pr169,False
ff6c26bf-6fa4-4813-a4ce-2991a726ced4,Line,PLAYTEX     -291_GEN INSTRUME-1091~1,291,1091,38.0,38.0,0.005045,0.006168,0.2,20.0,False,pr102,pr102,False
a78ad0f7-7824-40c5-8c31-aa4ed66bea5d,Line,PONCE PLAYA -272_1833NO      -37401~1,272,37401,38.0,38.0,0.000702,0.002326,0.48,48.0,False,pr3,pr3,False
833843ac-5c63-47dd-8ab7-0ab2bc4e9c15,Line,COMSAT      -250_TECH CIDRA  -600~1,250,600,38.0,38.0,0.049163,0.163038,0.48,48.0,False,pr10,pr10,False
7c052ddf-038f-48bd-8f8f-2e2571f8a0d8,Line,LA MUDA     -191_CRUZ AZUL   -449~1,191,449,38.0,38.0,0.030502,0.101152,0.48,48.0,False,pr50,pr50,False
509c65d9-539f-4661-9fe7-66714e7050ee,Line,WALMART CAY -1014_15C         -101401~1,1014,101401,38.0,38.0,0.001116,0.003703,0.48,48.0,False,pr10,pr10,False
29f3c799-8de2-4453-972b-99487edcfa71,Line,3MONJIT 1480-312_BPPR        -906~1,312,906,38.0,38.0,0.005255,0.006425,0.2,20.0,False,pr87,pr87,False
33f516ea-d905-4a01-bbfa-90904589c884,Line,1900-19NO   -3401_1900-0019NO -3402~1,3401,3402,38.0,38.0,0.156717,0.191609,0.2,20.0,False,pr35,pr35,False
df61c534-555e-4340-a8cf-a61b181e711d,Line,MANATI URB  -404_HOSP AREA   -903~1,404,903,38.0,38.0,0.007169,0.023773,0.48,48.0,False,pr153,pr153,False
b7dc70d1-bd3f-484b-a4f7-30ea2bafb698,Line,VIADUCTO    -60_ISLA GDE GIS-633~2,60,633,38.0,38.0,0.0039,0.0158,0.8,80.0,False,pr86,pr632,True
f157d970-0efb-46f3-86b2-f6e20327e890,Line,HORIZON_MV  -97002_HORIZON_MV  -97003~1,97002,97003,22.9,22.9,0.0,0.0001,12100.025660774989,1210002.566077499,True,pr8,pr8,False
c63d5131-6588-4d58-b097-916a77a1d579,Line,ARECIBO PBLO-227_BFOODARECIBO-586~1,227,586,38.0,38.0,0.005071,0.016816,0.48,48.0,False,pr40,pr40,False
fc988f17-c0ea-4419-84c4-3b72146df059,Line,DOS MARINAS -644_STANRIC     -779~1,644,779,38.0,38.0,0.005179,0.006332,0.204,20.4,False,pr18,pr18,False
d3ce56bb-f0ea-4ff4-bb8d-0434e413d60d,Line,0233        -30201_0231        -108902~1,30201,108902,38.0,38.0,0.058249,0.074689,0.2,20.0,False,pr8,pr8,False
b3830604-976f-4fad-a7fa-f051b5f2aa79,Line,SALINAS     -208_0145        -34601~NO,208,34601,38.0,38.0,0.0,0.001,1210.002566077499,121000.2566077499,True,pr296,pr296,False
ded9344e-c6dd-473e-8188-b4d9006203d3,Line,CATOLICA    -503_CARBORUN    -973~1,503,973,38.0,38.0,0.00161,0.00533,0.48,48.0,False,pr29,pr29,False
f09f8325-2511-4c7e-900f-cb31231402ff,Line,EGOZQUE SEC -75_MARTINPEÑAB2-1155~1,75,1155,38.0,38.0,0.004596,0.027544,0.4,40.0,False,pr392,pr392,False
1102f8c2-dcc5-481e-bb5b-e8cdb2f9ed3a,Line,CANAS 38    -104_PORTUGUES   -466~1,104,466,38.0,38.0,0.30444,0.46087,0.237,23.7,False,pr103,pr103,False
55b9855a-1836-4bd5-a6d8-1701905b51c0,Line,COMETA_SW   -97045_PV_MV       -97046~1,97045,97046,34.5,34.5,0.0,0.0001,12100.025660774989,1210002.566077499,True,pr97047,pr97047,False
5e18149e-de5e-4b49-b060-a8db84af5eb4,Line,PTO NUEVO NO-308_KMART       -900~1,308,900,38.0,38.0,0.025224,0.03084,0.2,20.0,False,pr87,pr87,False
108a9e4a-5653-4876-bfd0-64534b0657bc,Line,ATLANTICPIPE-952_INNOVA      -953~1,952,953,38.0,38.0,0.01092,0.01671,0.4,40.0,False,pr63,pr63,False
8b4c714f-4a46-4c9f-bdf4-e08dedd04819,Line,BARRANQUITAS-215_TAP ABANICO -1183~1,215,1183,38.0,38.0,0.0063,0.0503,0.48,48.0,False,pr353,pr353,False
3363098d-f400-4412-a5a3-cc18c6763a0f,Line,RPIEDRAHEIGT-125_BETTER ROADS-523~1,125,523,38.0,38.0,0.068272,0.083473,0.2,20.0,False,pr50,pr85,True
6a829e59-fe06-4c8f-a888-6045a539b4c9,Line,HDEP CAROLIN-567_PEPSIVILLAPR-568~1,567,568,38.0,38.0,0.107347,0.121346,0.2,20.0,False,pr85,pr84,True
80022383-2251-42f1-9177-c248b7942cea,Line,COMPLEJODEPO-628_HOTEL RINCON-1037~1,628,1037,38.0,38.0,0.017895,0.039606,0.28,28.000000000000004,False,pr231,pr231,False
d0e0899b-68ec-45cb-8965-f0e617ba8080,Line,ACACIAS 38  -113_0075NO      -11301~1,113,11301,38.0,38.0,0.014167,0.017322,0.2,20.0,False,pr116,pr116,False
7ad2bf8f-66f6-4c08-9d58-746c2dcbc56e,Line,TAP 5900    -944_SEALAND 1599-945~1,944,945,38.0,38.0,0.004339,0.01439,0.48,48.0,False,pr87,pr87,False
85429a3a-c004-4732-95e3-e58ceeba4829,Line,BAYAMON TC  -44_SAN PABLO   -498~1,44,498,38.0,38.0,0.003764,0.017294,0.408,40.8,False,pr45,pr45,False
995ab003-3d27-466f-abd4-a54d35a91105,Line,RIO BLANCO  -17_3047NO2     -49601~1,17,49601,38.0,38.0,0.002497,0.003053,0.2,20.0,False,pr16,pr16,False
66424d13-d704-42f2-8f27-44e856a55a66,Line,VENEZUELA   -51_FIRST BANK  -1196~1,51,1196,38.0,38.0,6.4e-05,0.000211,0.48,48.0,False,pr84,pr84,False
e6695ebd-ab88-4809-92ec-4a5254193547,Line,ATLANTICPIPE-631_17900-53A   -68701~1,631,68701,38.0,38.0,0.020364,0.024898,0.2,20.0,False,pr313,pr313,False
6bb30a6d-aedf-415e-8f05-bd76d181eca2,Line,GE PATILLAS -422_PATILLAS    -961~1,422,961,38.0,38.0,0.00626,0.00708,0.19699999999999998,19.7,False,pr8,pr8,False
a77b33f8-696a-4192-bd0d-46c2c4db4f05,Line,BORINQUEN   -1038_SAMS HATILLO-1044~1,1038,1044,38.0,38.0,0.014749,0.034039,0.316,31.6,False,pr335,pr335,False
c1609fee-ae83-4af5-a24b-53e42a47348c,Line,CARCEL FEDER-726_MERCADEO    -1029~1,726,1029,38.0,38.0,0.000952,0.006322,0.76,76.0,False,pr87,pr87,False
d3c9885d-1e97-4e8d-90d8-81e57887a481,Line,C MEDICO SEC-69_CIEN MEDICAS-501~1,69,501,38.0,38.0,0.0009,0.00597,0.76,76.0,False,pr50,pr50,False
cb3b2eb4-8e95-4fe9-bf9c-ab6a5dabfa68,Line,XTRA HATILLO-539_MASTER MIX  -541~1,539,541,38.0,38.0,0.012105,0.027938,0.316,31.6,False,pr335,pr335,False
1f29e679-77ff-445c-8e71-d3168875e09b,Line,CONQUISTADOR-355_TAP CONQUIST-1133~1,355,1133,38.0,38.0,0.101232,0.123771,0.2,20.0,False,pr18,pr18,False
306eaf71-83b7-4912-98cf-176f12b07255,Line,CATAÑO SEC  -46_PRTC TOABAJA-728~1,46,728,38.0,38.0,0.001638,0.005091,0.4,40.0,False,pr45,pr45,False
e1156cb0-15ef-4086-aed4-6f16d49c23eb,Line,AAA 2479    -962_ACB 3149    -1131~1,962,1131,38.0,38.0,0.003467,0.011498,0.48,48.0,False,pr82,pr82,False
621d39c3-51b2-40d6-a29c-1311a53d0bee,Line,CDTSVILLALBA-329_VOC.VILLALBA-1146~1,329,1146,38.0,38.0,0.006049,0.02006,0.48,48.0,False,pr213,pr213,False
0a06cea5-257e-4b4d-9eea-5ee3b41bc374,Line,CAGUAX      -199_SUB VEREDAS -943~1,199,943,38.0,38.0,0.00154,0.0978,0.763,76.3,False,pr21,pr21,False
f440ba1d-c8a3-458b-840a-8990e67e8b67,Line,LEDERLE     -550_BETTER ROADS-682~1,550,682,38.0,38.0,0.003174,0.011197,0.76,76.0,False,pr85,pr85,False
4ef17d83-d6b2-4836-acb2-a46b8b737319,Line,SANLORENZO 2-571_KONI SLORENZ-936~1,571,936,38.0,38.0,0.001417,0.004698,0.19699999999999998,19.7,False,pr234,pr234,False
bbd46bf1-dce9-4e4e-b44a-227f799ffc67,Line,TAP BAXTER  -1126_TAP_10900   -1500~1,1126,1500,38.0,38.0,0.002441,0.008094,0.48,48.0,False,pr8,pr8,False
451adc62-2efb-4f82-b76f-b885cbd40d86,Line,DOS BOCAS   -37_UPR UTUADO  -512~1,37,512,38.0,38.0,0.10014,0.1132,0.19699999999999998,19.7,False,pr38,pr38,False
4586fd79-4f08-475c-a5cf-9ef4f9f76f93,Line,CANAS TAP   -372_83C         -37201~1,372,37201,38.0,38.0,0.004359,0.028008,0.76,76.0,False,pr3,pr103,True
f7c797f3-017a-4f02-9bc9-fcf25d758acd,Line,OWENS V.ALTA-642_MORRO CO    -775~1,642,775,38.0,38.0,0.00263,0.00402,0.4,40.0,False,pr41,pr41,False
61e577c1-77b9-48b3-b18f-ce98ec799a2a,Line,RJ NIDO     -932_NAVY TOABAJA-935~1,932,935,38.0,38.0,0.00386,0.0128,0.48,48.0,False,pr378,pr378,False
3bd71569-0af7-43a3-8fd7-97550a1ecd76,Line,TAP CMEDICO -142_8900-27NO   -72701~1,142,72701,38.0,38.0,1.6e-05,5.3e-05,0.48,48.0,False,pr50,pr50,False
9489b1db-6ce9-41b2-986a-767b98470359,Line,NAGUABO     -238_5400-B1     -23801~1,238,23801,38.0,38.0,0.180628,0.269472,0.2,20.0,False,pr16,pr16,False
114c782e-472d-4bf6-9e8d-81c9a1dda471,Line,PRIMECOM    -924_USSC        -925~1,924,925,38.0,38.0,0.0016,0.005305,0.48,48.0,False,pr3,pr3,False
1f64755c-6599-4f26-a1d3-79b878cda95e,Line,"Utility_PV_ReV_Grid_82,YAROTEK_HV~new",387,998467,38.0,38.0,0.0,0.1,2.27836,227.836,False,pr100,pr100,False
79a34de7-9deb-49e9-b873-d24adb52db0a,Line,GRANDE      -982_3100-07NO   -98201~1,982,98201,38.0,38.0,0.016432,0.02009,0.2,20.0,False,pr85,pr85,False
06c6e6c6-3f97-43aa-8df0-4a97c8e4b720,Line,DEPTO FAMILI-1042_MARTINPEÑAB2-1155~1,1042,1155,38.0,38.0,0.004629,0.03029,0.76,76.0,False,pr392,pr392,False
7ded42b7-f392-451f-8768-fe51c5847d45,Line,TBONE NO    -1071_RAMEY 3 NO  -1072~1,1071,1072,38.0,38.0,0.07575,0.083565,0.2,20.0,False,pr32,pr32,False
a1284213-30d3-411f-b9fb-70b809ed17ab,Line,UIA FAJARDO -718_AAA FAJARDO -1085~1,718,1085,38.0,38.0,0.022767,0.075501,0.48,48.0,False,pr18,pr18,False
f503fe63-b328-4046-b3f5-077d3762d1a6,Line,GUAYAMA-PDS -151_BRANDERI    -337~1,151,337,38.0,38.0,0.006435,0.02134,0.48,48.0,False,pr8,pr8,False
d142800d-bbb2-460e-9d7a-31d65f18a241,Line,DOS MARINAS -644_TAP CONQUIST-1133~1,644,1133,38.0,38.0,0.010445,0.011807,0.2,20.0,False,pr18,pr18,False
0e3c670e-3540-46dd-93e1-316ca5ceb4f6,Line,NYPRO       -483_GRANDE CAYEY-931~1,483,931,38.0,38.0,0.015812,0.052437,0.48,48.0,False,pr10,pr10,False
4fa8cb80-7028-46d6-9556-3e31bc364bdc,Line,CONDADO     -131_MINILLAS    -1120~1,131,1120,38.0,38.0,0.0019,0.0064,0.48,48.0,False,pr86,pr86,False
fd367c8d-851b-4de9-a799-a4d171a85562,Line,GURABO      -195_ACAD POLICIA-988~1,195,988,38.0,38.0,0.00386,0.0128,0.48,48.0,False,pr234,pr21,True
a51181df-ed95-4b2b-b10e-fe7756395602,Line,C MEDICO SEC-69_TREN CMEDICO-981~1,69,981,38.0,38.0,0.0033,0.00151,0.48,48.0,False,pr50,pr50,False
fd6787ce-3517-423b-b724-4219a3f27ba6,Line,YAUCO 2     -25_YAUCO 1     -26~2,25,26,38.0,38.0,0.2173,0.2849,0.204,20.4,False,pr2,pr169,True
17e6c706-32f0-4655-9d02-4895a813f6b1,Line,PTO AMERICAS-394_EMPACADORA  -609~1,394,609,38.0,38.0,0.006128,0.020316,0.48,48.0,False,pr3,pr3,False
a51f3981-7c95-48b5-a759-1f7ab2aa67b0,Line,COSTA SUR   -1_CORCO       -487~1,1,487,38.0,38.0,0.010983,0.068906,0.763,76.3,False,pr2,pr2,False
47bd3095-9ae2-4e94-bb42-10001cbc7f94,Line,RAMEY 1     -408_UPR AGUDILLA-794~1,408,794,38.0,38.0,0.01001,0.015315,0.408,40.8,False,pr32,pr32,False
9ebf3732-cde8-4af2-9c18-1c8e78d2cd80,Line,ALBERTO VO5 -596_BECKMAN     -697~1,596,697,38.0,38.0,0.010463,0.034699,0.48,48.0,False,pr16,pr16,False
fb80b32b-da3b-4c07-84f7-a6f40b15f253,Line,COLEGIO     -68_11 DE AGOSTO-70~1,68,70,38.0,38.0,0.003539,0.035459,0.6579999999999999,65.8,False,pr29,pr29,False
a8d5bcb8-9ef8-4933-8576-ee4cdf438bf9,Line,TORO NEGRO  -6_2900-39NO   -30401~1,6,30401,38.0,38.0,0.008762,0.009905,0.19699999999999998,19.7,False,pr213,pr213,False
5735951d-55cf-44c9-b38e-6f782646d919,Line,LAS MESAS   -367_BO LAS VEGAS-368~1,367,368,38.0,38.0,0.2544,0.3109,0.2,20.0,False,pr29,pr29,False
50231747-b379-4579-97bf-10afc471d7b9,Line,ABBOTT      -267_ABBOTT SY   -407~1,267,407,38.0,38.0,0.00175,0.01185,0.76,76.0,False,pr343,pr343,False
fc684be8-66d5-4ab3-9e1f-d581ccc7c70c,Line,AAA 5092    -771_01C         -77102~1,771,77102,38.0,38.0,0.005603,0.018581,0.48,48.0,False,pr103,pr103,False
f0ca740d-f2a3-487c-80e8-fb35493a3c66,Line,PONCE 38    -4_100-75NO    -12801~1,4,12801,38.0,38.0,0.000853,0.001771,0.2,20.0,False,pr3,pr3,False
686a7628-08af-4fa2-89a3-a7f09ea201ea,Line,ACB 6907    -432_XTRA HATILLO-539~1,432,539,38.0,38.0,0.020036,0.046241,0.316,31.6,False,pr335,pr335,False
f84019d5-cf2c-4dc7-bbdb-ac3a48f7d884,Line,CATOLICA    -503_XTRA MAYAG  -505~1,503,505,38.0,38.0,0.03471,0.1151,0.48,48.0,False,pr29,pr116,True
fe985708-b518-4852-b78e-6ad1b05181da,Line,FACTOR      -229_ADS         -1117~1,229,1117,38.0,38.0,0.014543,0.048228,0.48,48.0,False,pr40,pr40,False
9cd0cd54-b5ea-4136-b159-21770586b435,MonitoredLine,SGERMANTC115-169_SOLANER     -97094~1,169,97094,115.0,115.0,0.0,0.001,1210.002566077499,121000.2566077499,True,pr169,pr97094,True
b9534956-6c7f-4724-9ec0-fbb8a3a64039,MonitoredLine,COSTA SUR230-96_ECOELECT 230-319~1,96,319,230.0,230.0,0.00038,0.00226,7.17,717.0,False,pr96,pr319,True
6e5c75fc-bbcb-4a35-acaf-35d12d3677fb,MonitoredLine,J MARTIN SEC-1025_YABUCOA     -97134~1,1025,97134,115.0,115.0,0.0,0.001,1210.002566077499,121000.2566077499,True,pr1025,pr97134,True
9708f96d-fcc2-4ca7-85c0-d3a36dc8ebe5,MonitoredLine,MANATI 115  -153_ROCHE       -452~1,153,452,115.0,115.0,0.00098,0.00396,2.39,239.0,False,pr153,pr452,True
1cc43ce2-692a-47ec-861b-c8f42c4c0225,MonitoredLine,COROZAL 115 -83_MONTEREY    -400~1,83,400,115.0,115.0,0.01028,0.02337,0.915,91.5,False,pr83,pr400,True
b0ac6fbf-28d9-46af-afff-963fd78ff386,MonitoredLine,AGUIRRE 230 -106_AES 230     -321~1,106,321,230.0,230.0,0.00061,0.00749,7.385,738.5,False,pr106,pr321,True
12c7646c-5fee-458c-8930-a697f8512710,MonitoredLine,DOS BOCA 115-38_CAONILLAS 1 -290~1,38,290,115.0,115.0,0.01007,0.02079,0.732,73.2,False,pr38,pr290,True
5d2a1723-d53e-48fe-a9ae-3928c459cdd9,MonitoredLine,CANA 115    -190_BO PINAS 115-310~1,190,310,115.0,115.0,0.00834,0.01895,1.162,116.19999999999999,False,pr190,pr310,True
a4478f00-05a9-49d2-8522-34a5da4cc474,MonitoredLine,PONCE 115   -3_CERRI JDIAZT-1078~1,3,1078,115.0,115.0,0.007002,0.037158,1.8459999999999999,184.6,False,pr3,pr1078,True
3e001c24-41b6-4ab9-903a-ac785bf7f208,MonitoredLine,COSTA SUR230-96_DBOCAS FASE1-1110~1,96,1110,230.0,230.0,0.00452,0.035741,3.0,300.0,False,pr96,pr1110,True
75c64944-0540-45d1-91fd-29202bf9c7f0,MonitoredLine,TORONEGRO115-213_BARRANQT 115-353~1,213,353,115.0,115.0,0.018102,0.081221,1.452,145.2,False,pr213,pr353,True
91f3d5a0-2d73-42dd-b2f1-89111369608e,MonitoredLine,MONACILLO115-50_CACHETE13   -127~1,50,127,115.0,115.0,0.0021,0.0101,2.427,242.70000000000002,False,pr50,pr127,True
eba3e7d8-96bd-409a-897e-b82d91aad513,MonitoredLine,JAYUYA      -266_TEMP        -2222~SL,266,2222,115.0,115.0,0.069905,0.093235,0.59,59.0,False,pr266,pr2222,True
10078473-82ca-41cf-a54c-b5528a2c819d,MonitoredLine,JOBOS 115   -8_AGUIRRE 115 -107~2,8,107,115.0,115.0,0.00369,0.04987,3.693,369.3,False,pr8,pr107,True
b11862c8-bff2-401d-be16-aa201d38a253,MonitoredLine,AGUIRRE 115 -107_S.ISABEL 115-296~1,107,296,115.0,115.0,0.008614,0.079804,1.161,116.10000000000001,False,pr107,pr296,True
96233f80-a3f4-4297-a98f-2f2b2735f1c6,MonitoredLine,VIADUCTO 115-86_SJSP 115    -88~2,86,88,115.0,115.0,0.0053,0.01992,1.8459999999999999,184.6,False,pr86,pr88,True
3d15b996-f8a6-4db4-936e-f6627443230e,MonitoredLine,MAYAGUEZ 115-29_AÑASCO 115  -231~1,29,231,115.0,115.0,0.002728,0.020792,1.162,116.19999999999999,False,pr29,pr231,True
4cc12209-414c-4db3-a934-c07e27b56268,MonitoredLine,MONACILLO115-50_BUEN PASTOR -1040~1,50,1040,115.0,115.0,0.00595,0.025419,1.162,116.19999999999999,False,pr50,pr1040,True
6a743479-4226-4ac2-bdfe-d6feaf4f50ee,MonitoredLine,HATO REY 115-87_REACT HR-MPE-1102~1,87,1102,115.0,115.0,9e-05,0.00459,2.4,240.0,False,pr87,pr1102,True
cdaaf752-9db7-4d39-b03f-1d0c728f55fc,MonitoredLine,HATO TEJASTC-378_CANDE ARENAS-492~1,378,492,115.0,115.0,0.0037,0.0208,2.311,231.1,False,pr378,pr492,True
ae73d7bf-2f54-4ae2-9a21-70d1d48860d3,MonitoredLine,BAYAMON 115 -45_CANA 115    -190~1,45,190,115.0,115.0,0.01807,0.04106,1.162,116.19999999999999,False,pr45,pr190,True
d1a0ea90-8d50-4e52-9c26-e8a7dd4c86b2,MonitoredLine,SSEBASTIA115-35_RADARARECIBO-902~1,35,902,115.0,115.0,0.05912,0.124,0.91,91.0,False,pr35,pr902,True
5b385c58-955d-480c-8221-b6d7c30a0476,MonitoredLine,MONACILLO115-50_PALOSECO 115-63~1,50,63,115.0,115.0,0.00539,0.04125,2.865,286.5,False,pr50,pr63,True
6b9d6249-8c50-4f8e-aeba-b0eda71236ee,MonitoredLine,BERWIND 115 -84_M PENA GIS  -392~1,84,392,115.0,115.0,0.002878,0.020428,1.8459999999999999,184.6,False,pr84,pr392,True
8f29ae61-a94e-4496-92dc-50601da53d49,MonitoredLine,HUMACAO     -14_COMETA_HV   -97047~1,14,97047,115.0,115.0,0.0005,0.00109,1009.0013520659875,100900.13520659874,True,pr14,pr97047,True
5fa31dba-ecb3-40cf-82a4-37d7b9bd32af,MonitoredLine,BAYAMON 115 -45_PALOSECO 115-63~2,45,63,115.0,115.0,0.00222,0.01969,3.6919999999999997,369.2,False,pr45,pr63,True
26fd6544-9329-4e3d-aa56-1c1159abed94,MonitoredLine,A.BUENAS 115-149_SUB SAN JOSE-1027~1,149,1027,115.0,115.0,0.003375,0.01521,1.91,191.0,False,pr149,pr1027,True
148468a8-06c6-4862-ac83-fe3842335659,MonitoredLine,MORA 115    -100_YAROTEK_HV  -97021~1,100,97021,115.0,115.0,0.0,0.0001,12100.025660774989,1210002.566077499,True,pr100,pr97021,True
397f65e0-2580-4d32-80e8-6707bc1b83a9,MonitoredLine,HUMACAO     -14_JUNCOS 115  -234~1,14,234,115.0,115.0,0.01494,0.06561,1.162,116.19999999999999,False,pr14,pr234,True
8bb80cda-31f7-4652-a09e-0e147ce8f465,MonitoredLine,COMERIO 115 -275_BARRANQT 115-353~1,275,353,115.0,115.0,0.007758,0.034809,1.162,116.19999999999999,False,pr275,pr353,True
09935c28-0414-4655-9534-f0ba19713ea0,MonitoredLine,MAYAGUEZ 115-29_MAY TC 115  -277~1,29,277,115.0,115.0,0.00495,0.01989,1.162,116.19999999999999,False,pr29,pr277,True
78f0e6db-d55f-45f4-ae75-b9eb68a36714,MonitoredLine,JDIAZ TC    -313_CERRI JDIAZT-1078~1,313,1078,115.0,115.0,0.000822,0.006367,1.8459999999999999,184.6,False,pr313,pr1078,True
b54d2700-6a2f-47c5-9fbb-bf3fc13cca46,MonitoredLine,M PENA GIS  -392_REACT HR-MPE-1102~1,392,1102,115.0,115.0,0.00011,0.001199,2.4,240.0,False,pr392,pr1102,True
135ed174-c219-4c14-b78c-c7163c6ef689,MonitoredLine,YABUCOA 115 -5_HUMACAO TAP -294~1,5,294,115.0,115.0,0.001549,0.012138,2.311,231.1,False,pr5,pr294,True
e50b8c4b-a41f-4a79-990f-332cbd27ec04,MonitoredLine,CANOVANAS115-82_PALMER 115  -211~1,82,211,115.0,115.0,0.015064,0.55435,1.162,116.19999999999999,False,pr82,pr211,True
90284d43-a38d-4f2a-9074-8b34125748d1,MonitoredLine,POI         -7000_SIT1HV      -7200~1,7000,7200,115.0,115.0,0.004316,0.024939,47.80783415006242,4780.783415006242,False,pr7000,pr7200,True
34702c13-3a7f-45a7-8571-a7747a7c750b,MonitoredLine,CAMBALACH115-40_HATILLO 115 -335~1,40,335,115.0,115.0,0.0024,0.0313,4.6160000000000005,461.6000000000001,False,pr40,pr335,True
bc6df20d-7572-44d5-a2a1-bcc8dc297e9c,MonitoredLine,MAY TC 115  -277_ALTURAS MAY -428~1,277,428,115.0,115.0,0.00078,0.00284,2.392,239.2,False,pr277,pr428,True
40fb4d7b-a082-419e-9854-eda53ec325dd,MonitoredLine,COSTA SUR230-96_MANATI 230  -196~1,96,196,230.0,230.0,0.00582,0.05394,2.4,240.0,False,pr96,pr196,True
61b1b35b-d0cd-4b59-b68a-75d0c395d443,MonitoredLine,PONCE 115   -3_CANAS 115   -103~1,3,103,115.0,115.0,0.00229,0.01898,1.8459999999999999,184.6,False,pr3,pr103,True
496d3ee9-8370-4290-9aa2-1d839ed73bba,MonitoredLine,VIADUCTO 115-86_M PENA GIS  -392~1,86,392,115.0,115.0,0.000387,0.004227,1.91,191.0,False,pr86,pr392,True
a8257e22-04ec-434b-8314-e5fbe75e656d,MonitoredLine,S.LLANA 230 -120_AGUBUENAS230-451~1,120,451,230.0,230.0,0.00105,0.01438,9.24,924.0,False,pr120,pr451,True
c877aa44-94fc-4bb8-bcc9-b9e7722ec03a,MonitoredLine,PCC         -2001_INF_GEN     -3001~1,2001,3001,115.0,115.0,0.0,0.0001,12100.025660774989,1210002.566077499,True,pr2001,pr3001,True
91ffd040-6bfe-4ed3-bf74-076ffd34a4cc,MonitoredLine,GUANICA 115 -23_WINDMAR     -1802~1,23,1802,115.0,115.0,0.00648,0.02608,1.91,191.0,False,pr23,pr1802,True
dd6e11ab-6a0e-42f3-a25f-ecc90f8401cb,MonitoredLine,AGUADILLA115-32_MORA 115    -100~1,32,100,115.0,115.0,0.00557,0.04424,3.693,369.3,False,pr32,pr100,True
42867818-8c2a-49a6-82af-793105eec15c,MonitoredLine,YABUCOA 115 -5_SUN OIL     -185~1,5,185,115.0,115.0,0.00308,0.02751,1.8459999999999999,184.6,False,pr5,pr185,True
735f3267-e89c-4d7b-9fab-ecd408a7914a,MonitoredLine,HATO REY 115-87_M PENA GIS  -392~1,87,392,115.0,115.0,0.00088,0.0106,1.8459999999999999,184.6,False,pr87,pr392,True
15f6e940-5212-4092-985d-6e56ee142d88,MonitoredLine,R.BLANCO 115-16_DAGUAO 115  -101~1,16,101,115.0,115.0,0.0135,0.0515,1.162,116.19999999999999,False,pr16,pr101,True
00efcbf8-4bea-41ac-8b6c-eb43aae24bd4,MonitoredLine,PONCE 115   -3_PATTERN     -1800~1,3,1800,115.0,115.0,0.009773,0.090537,1.161,116.10000000000001,False,pr3,pr1800,True
1949dc29-d2be-47e2-806a-8ce4eb73096e,MonitoredLine,COSTA SUR115-2_UNIONCARBIDE-489~1,2,489,115.0,115.0,0.00078,0.00441,1.7930000000000001,179.3,False,pr2,pr489,True
6a7b5517-dedc-4706-a256-71240a49440f,MonitoredLine,MONACILLO115-50_CONQUISTADOR-175~1,50,175,115.0,115.0,0.009,0.037,1.452,145.2,False,pr50,pr175,True
482a2fe9-5471-4d6b-9db4-d3594d65c976,MonitoredLine,CAGUAS 115  -21_BUEN PASTOR -1040~1,21,1040,115.0,115.0,0.0084,0.035891,1.162,116.19999999999999,False,pr21,pr1040,True
e86fadeb-29b2-4c8c-9391-98eececb3ec4,MonitoredLine,BAYAMON 115 -45_R BAYAMON115-271~1,45,271,115.0,115.0,0.001841,0.011167,1.162,116.19999999999999,False,pr45,pr271,True
756f1646-84da-4e96-a6f7-670fdf844e57,MonitoredLine,FAJARDO 115 -18_PALMER 115  -211~1,18,211,115.0,115.0,0.01355,0.05656,1.16,115.99999999999999,False,pr18,pr211,True
92816984-2bb2-46b3-9096-907f52295b9f,MonitoredLine,AGUIRRE 115 -107_CIRO        -97014~1,107,97014,115.0,115.0,0.0,0.001,1210.002566077499,121000.2566077499,True,pr107,pr97014,True
f544d9d0-9aed-4e2e-b3aa-6ea3189f6295,MonitoredLine,S.LLANA 115 -85_ESCORIAL    -583~1,85,583,115.0,115.0,0.00069,0.00494,1.8459999999999999,184.6,False,pr85,pr583,True
1a148233-b5b0-4189-9388-46f7661929b4,MonitoredLine,A.BUENAS 115-149_COMERIO 115 -275~1,149,275,115.0,115.0,0.0112,0.05025,1.452,145.2,False,pr149,pr275,True
88643ace-502e-4370-a3e3-de7a091eea7c,MonitoredLine,COSTA SUR230-96_MAYA TC 230 -232~1,96,232,230.0,230.0,0.00611,0.05202,2.4,240.0,False,pr96,pr232,True
0dc67dd8-3e45-4b26-80a7-8fc434312829,MonitoredLine,JOBOS 115   -8_AGUIRRE 115 -107~1,8,107,115.0,115.0,0.00369,0.04819,3.693,369.3,False,pr8,pr107,True
c736d37c-80a8-414f-a1d5-e0eea9c31c1e,MonitoredLine,MAYAGUEZ-VIC-204_MORA 230    -352~1,204,352,230.0,230.0,0.000905,0.012568,3.693,369.3,False,pr204,pr352,True
d32bbdb2-b38f-4a67-bc1c-bb5cb75ab195,MonitoredLine,YABUCOA 115 -5_HUMACAO     -14~1,5,14,115.0,115.0,0.0016,0.01308,1.8459999999999999,184.6,False,pr5,pr14,True
4dc827b7-5593-4214-8170-a2906db98b25,MonitoredLine,AGUIRRE 230 -106_AGUBUENAS230-451~1,106,451,230.0,230.0,0.00218,0.0302,4.16,416.0,False,pr106,pr451,True
77731920-377c-49d0-9da6-a21e515096dd,MonitoredLine,CANOVANAS115-82_S.LLANA 115 -85~1,82,85,115.0,115.0,0.01073,0.0471,1.162,116.19999999999999,False,pr82,pr85,True
a64a7034-4765-44a6-9aa8-6a8d8f991e98,MonitoredLine,S.LLANA 115 -85_ENCANTADA   -480~1,85,480,115.0,115.0,0.00234,0.01003,1.162,116.19999999999999,False,pr85,pr480,True
1cb1dbe8-45e9-4320-b424-606e09101307,MonitoredLine,HUMACAO     -14_HUMACAO TAP -294~1,14,294,115.0,115.0,0.0001,0.0005,1.91,191.0,False,pr14,pr294,True
ab158eba-dbaf-4ea8-907e-b36360205c3d,MonitoredLine,MAYAGUEZ 115-29_ALTURAS MAY -428~1,29,428,115.0,115.0,0.00462,0.01681,1.91,191.0,False,pr29,pr428,True
702545e0-7778-4667-914c-28c1daf8520f,MonitoredLine,VEGA BAJA115-41_DORADO 115  -93~1,41,93,115.0,115.0,0.0139,0.056,1.91,191.0,False,pr41,pr93,True
4abc15d2-90bf-4428-829e-bce72acafc4a,MonitoredLine,VEGA BAJA115-41_VEGASERENA  -97064~1,41,97064,115.0,115.0,0.0,0.001,1210.002566077499,121000.2566077499,True,pr41,pr97064,True
9f85059e-f6f2-4033-9eb3-4a3e6a9cca21,MonitoredLine,BAYAMON 115 -45_MONACILLO115-50~1,45,50,115.0,115.0,0.01,0.04,1.45,145.0,False,pr45,pr50,True
1702800c-25eb-4690-9cec-ab3ee7dafdd5,MonitoredLine,JUNCOS 115  -234_AMGEN_115   -1206~2,234,1206,115.0,115.0,0.000318,0.001188,1.195,119.5,False,pr234,pr1206,True
a02a6220-7871-46c9-b114-d093d72f7a95,MonitoredLine,VIADUCTO 115-86_SJSP 115    -88~1,86,88,115.0,115.0,0.0053,0.01992,1.8459999999999999,184.6,False,pr86,pr88,True
0269b236-9583-4571-b951-d3266642e7ca,MonitoredLine,HATILLO 115 -335_HATILLO     -97144~1,335,97144,115.0,115.0,0.0,0.001,1210.002566077499,121000.2566077499,True,pr335,pr97144,True
bedc80b0-b182-4fc4-9b6a-6cf36d1a7327,MonitoredLine,JUNCOS 115  -234_QUEB NEGRITO-281~1,234,281,115.0,115.0,0.0154,0.0849,2.31,231.0,False,pr234,pr281,True
87a45e81-9286-4e49-9bf8-6cb9547f7c66,MonitoredLine,DOS BOCA 115-38_CAMBALACH115-40~1,38,40,115.0,115.0,0.01512,0.05746,1.162,116.19999999999999,False,pr38,pr40,True
3cb8a89a-dd28-4d0a-b48f-8bd972e40af5,MonitoredLine,YABUCOA 230 -233_CACAO 230   -956~1,233,956,230.0,230.0,0.005298,0.041902,3.693,369.3,False,pr233,pr956,True
1249d01b-98c1-4dc1-8ca6-d1df455d871e,MonitoredLine,DOS BOCA 115-38_JAYUYA      -266~1,38,266,115.0,115.0,0.06504,0.08675,0.478,47.8,False,pr38,pr266,True
d65db7a5-592f-4d8f-b07f-3826735f5eb2,MonitoredLine,SJSP 115    -88_CACHETE13   -127~1,88,127,115.0,115.0,0.0019,0.0094,2.427,242.70000000000002,False,pr88,pr127,True
08dbb37d-e914-4ea3-abfe-4cffc3a750d5,MonitoredLine,CANOVANAS115-82_S.LLANA 115 -85~2,82,85,115.0,115.0,0.01321,0.0567,1.162,116.19999999999999,False,pr82,pr85,True
abeb6de7-9b9b-4d8d-bd7f-7d807aa4525b,MonitoredLine,FAJARDO 115 -18_DAGUAO 115  -101~1,18,101,115.0,115.0,0.0145,0.0551,1.162,116.19999999999999,False,pr18,pr101,True
44c6a282-0b7f-4fa7-8248-54027be55116,MonitoredLine,BAYAMON 230 -99_AGUBUENAS230-451~1,99,451,230.0,230.0,0.00088,0.01222,9.24,924.0,False,pr99,pr451,True
51d33992-9a21-4904-b299-38bab01bf71e,MonitoredLine,JDIAZ TC    -313_CERRI TNEGRO-1079~1,313,1079,115.0,115.0,0.000746,0.005806,1.162,116.19999999999999,False,pr313,pr1079,True
14c0faf8-c6e6-4883-b5a9-2debea993971,MonitoredLine,PONCE TC 230-363_PON BYPASS  -1077~1,363,1077,230.0,230.0,0.000338,0.001365,4.781000000000001,478.1000000000001,False,pr363,pr1077,True
c1dd8b77-65be-431f-97e9-f72b7bd68741,MonitoredLine,CONQUISTADOR-175_ENCANTADA   -480~1,175,480,115.0,115.0,0.0001,0.001,1.452,145.2,False,pr175,pr480,True
59e5964b-23b3-44ba-9cf6-6f38be6f6f9d,MonitoredLine,H.CREA      -111_HATO TEJASTC-378~1,111,378,115.0,115.0,0.0009,0.0051,2.311,231.1,False,pr111,pr378,True
82444996-aa14-4e03-ad13-d682843d336c,MonitoredLine,JOBOS 115   -8_CAYEY 115   -10~1,8,10,115.0,115.0,0.01868,0.08594,1.8459999999999999,184.6,False,pr8,pr10,True
b0592bc6-00ae-42cb-a277-1aace2503e2b,MonitoredLine,CIALES 115  -177_MOROVIS     -555~1,177,555,115.0,115.0,0.012993,0.029524,0.915,91.5,False,pr177,pr555,True
69f5de6f-29f8-4990-a85b-9df316c7e38f,MonitoredLine,PALOSECO 115-63_SJSP 115    -88~1,63,88,115.0,115.0,0.0043,0.0345,1.8459999999999999,184.6,False,pr63,pr88,True
2e7d87c2-4192-40df-b479-2dd911ba37d7,MonitoredLine,COSTA SUR230-96_AGUIRRE 230 -106~1,96,106,230.0,230.0,0.00678,0.06281,4.154,415.4,False,pr96,pr106,True
74a4ffb6-31a9-4842-a6fe-4d46a5a8db45,MonitoredLine,ACACIAS 115 -116_SGERMANTC115-169~1,116,169,115.0,115.0,0.02142,0.08088,1.0979999999999999,109.79999999999998,False,pr116,pr169,True
4f4bbd8a-6197-4f7e-aeb9-aee9f507db97,MonitoredLine,BAYAMON 115 -45_SJSP 115    -88~1,45,88,115.0,115.0,0.004,0.0324,1.8459999999999999,184.6,False,pr45,pr88,True
40c77aa1-ee7a-4cac-b421-0a5006371e50,MonitoredLine,DOS BOCA 115-38_RADARARECIBO-902~1,38,902,115.0,115.0,0.01019,0.02137,0.91,91.0,False,pr38,pr902,True
3d41310c-65b5-4a9a-ad71-c31af492b7cb,MonitoredLine,COSTA SUR115-2_CANAS 115   -103~1,2,103,115.0,115.0,0.00657,0.0549,1.8459999999999999,184.6,False,pr2,pr103,True
c60a9058-660c-4888-a634-03f0cf6ea72f,MonitoredLine,SUN OIL     -185_J MARTIN SEC-1025~1,185,1025,115.0,115.0,0.00028,0.00249,1.8459999999999999,184.6,False,pr185,pr1025,True
eb5d75f6-692d-4f5e-8924-9072d8eaec52,MonitoredLine,MONACILLO115-50_GRANA       -545~1,50,545,115.0,115.0,0.004,0.0165,1.452,145.2,False,pr50,pr545,True
d23d0c9b-7e89-496b-b066-f255062b756a,MonitoredLine,MAYAGUEZ-VIC-204_MAYA TC 230 -232~1,204,232,230.0,230.0,0.002127,0.016431,3.693,369.3,False,pr204,pr232,True
749e3477-d48e-4908-84b4-26134d1d6368,MonitoredLine,BARCLONET115-102_ABBOTT 115  -343~1,102,343,115.0,115.0,0.0007,0.00283,1.162,116.19999999999999,False,pr102,pr343,True
15eaaf82-5cb8-467d-b1d6-d71be3133622,MonitoredLine,SSEBASTIA115-35_MAY TC 115  -277~1,35,277,115.0,115.0,0.01791,0.07201,1.162,116.19999999999999,False,pr35,pr277,True
0de4bfc4-9315-455e-aca0-f76a56b765a3,MonitoredLine,VEGA BAJA115-41_MANATI 115  -153~1,41,153,115.0,115.0,0.0062,0.0248,1.8459999999999999,184.6,False,pr41,pr153,True
8195927f-c5b6-4b7c-a483-af17a11ec1f5,MonitoredLine,PALOSECO 115-63_REACT BTC-PS-1104~1,63,1104,115.0,115.0,0.00107,0.01165,1.91,191.0,False,pr63,pr1104,True
429f4519-e4ff-41c1-bdbf-4081efc99a4c,MonitoredLine,MONACILLO115-50_A.BUENAS 115-149~1,50,149,115.0,115.0,0.0088,0.0497,3.585,358.5,False,pr50,pr149,True
da8ce9de-addc-43e2-a085-aab46a5a012e,MonitoredLine,CAMB GP 230 -440_DBOCAS FASE1-1110~1,440,1110,230.0,230.0,0.00188,0.015637,3.0,300.0,False,pr440,pr1110,True
2815125b-59c2-456a-8660-bb158d5fde6b,MonitoredLine,MONACILLO115-50_HATO REY 115-87~1,50,87,115.0,115.0,0.00112,0.01276,2.4,240.0,False,pr50,pr87,True
38ccd453-423c-49b4-8eb3-858e04ca6f53,MonitoredLine,MANATI 115  -153_DUPONT      -442~1,153,442,115.0,115.0,0.00422,0.0161,1.45,145.0,False,pr153,pr442,True
6fb103f6-1b96-4c7d-9ead-05f8ccd3a7b0,MonitoredLine,SJSP 115    -88_REACT PS-SJ -1103~1,88,1103,115.0,115.0,0.00096,0.01049,1.99,199.0,False,pr88,pr1103,True
157d872c-244d-40fb-a7b2-562f1e0d1c5b,MonitoredLine,BARCLONET115-102_UPJOHN115   -167~1,102,167,115.0,115.0,0.00185,0.00711,2.311,231.1,False,pr102,pr167,True
53a699cb-1a62-428b-ad91-05fa7633859e,MonitoredLine,DORADO 115  -93_CANDE ARENAS-492~1,93,492,115.0,115.0,0.0037,0.016,1.8459999999999999,184.6,False,pr93,pr492,True
9990728b-f7aa-44ca-82cf-2c7898e0f0fc,MonitoredLine,VIADUCTO 115-86_HATO REY 115-87~1,86,87,115.0,115.0,0.00157,0.01064,1.91,191.0,False,pr86,pr87,True
f360e886-9a75-4ef2-8b78-9c0e7c1225f0,MonitoredLine,R.BLANCO 115-16_HUMACAO TAP -294~1,16,294,115.0,115.0,0.014795,0.057393,2.31,231.0,False,pr16,pr294,True
9c0ef573-a1d0-4245-a90f-dcaf9d05f5e1,MonitoredLine,S.LLANA 230 -120_CACAO 230   -956~1,120,956,230.0,230.0,0.000579,0.004601,3.693,369.3,False,pr120,pr956,True
25a5fa12-570c-4b65-8e79-a1cc0ec3c4ff,MonitoredLine,PALOSECO 115-63_REACT PS-SJ -1103~1,63,1103,115.0,115.0,0.00059,0.02956,1.99,199.0,False,pr63,pr1103,True
76cbcac1-be77-4951-b2fa-c70e2a4ee9e8,MonitoredLine,PCC         -2001_SSHV        -2002~1,2001,2002,115.0,115.0,0.004674,0.018797,2.39,239.0,False,pr2001,pr2002,True
a7405a71-4c2e-42d6-aa79-414021b9324d,MonitoredLine,MAUNABO TAP -334_J MARTIN SEC-1025~1,334,1025,115.0,115.0,0.00322,0.02864,1.8459999999999999,184.6,False,pr334,pr1025,True
44fc54eb-d2b9-4298-9292-fbc960952898,MonitoredLine,YABUCOA 230 -233_AES 230     -321~1,233,321,230.0,230.0,0.002178,0.027619,7.385,738.5,False,pr233,pr321,True
a9c97ea9-fd2d-457f-b4eb-1afd46e19934,MonitoredLine,HATO REY 115-87_SJSP 115    -88~1,87,88,115.0,115.0,0.00311,0.02457,1.8459999999999999,184.6,False,pr87,pr88,True
3112ce4b-1afd-46cd-ad39-51ff4ad52a5c,MonitoredLine,MONACILLO115-50_REAC BTC-MTC-1105~1,50,1105,115.0,115.0,0.0009,0.0028,2.4,240.0,False,pr50,pr1105,True
3d518b04-0077-4c12-bfa6-f2f8e215cd81,MonitoredLine,BAYAMON 230 -99_MANATI 230  -196~1,99,196,230.0,230.0,0.00558,0.04828,3.693,369.3,False,pr99,pr196,True
2c428df1-2cf1-4c9d-8c20-f3ac7e95b4e8,MonitoredLine,BO PINAS 115-310_MONTEREY    -400~1,310,400,115.0,115.0,0.01015,0.02306,0.9159999999999999,91.6,False,pr310,pr400,True
fc896f37-7df1-4f47-b898-e195980ea639,MonitoredLine,XZERTA_HS_40504 to HATILLO 115_335 1,40504,335,115.0,115.0,0.001,0.01,60.0,6000.0,True,pr335,pr335,False
736dfa38-89c9-40b7-8a2d-4f7735402e07,MonitoredLine,CAMBALACH115-40_UPJOHN115   -167~1,40,167,115.0,115.0,0.0101,0.0389,2.311,231.1,False,pr40,pr167,True
fa23edbb-cc77-4d35-8d1d-3053ea72e3cf,MonitoredLine,CAMBALACH115-40_CAMB GP 115 -441~1,40,441,115.0,115.0,0.00049,0.00663,3.502,350.2,False,pr40,pr441,True
3b8bda2a-ded7-4fa7-b67f-1cf272e712b7,MonitoredLine,MORA 230    -352_CAMB GP 230 -440~1,352,440,230.0,230.0,0.00197,0.0276,3.693,369.3,False,pr352,pr440,True
64e4c9ac-9100-463a-b3ef-1da390a56218,MonitoredLine,VILLA BETINA-280_QUEB NEGRITO-281~1,280,281,115.0,115.0,0.01429,0.030348,1.452,145.2,False,pr280,pr281,True
4a862743-213d-4bef-9877-58714ebb8eed,MonitoredLine,MAYAGUEZ 115-29_ACACIAS 115 -116~1,29,116,115.0,115.0,0.0193,0.07652,1.162,116.19999999999999,False,pr29,pr116,True
a8f3e4a2-dd76-47f8-a2b7-0f50e06cd9ac,MonitoredLine,DAGUAO 115  -101_INF_HV      -3000~1,101,3000,115.0,115.0,0.0,0.0001,12100.025660774989,1210002.566077499,True,pr101,pr3000,True
8a330e89-adba-403e-a984-dcc6697eeb02,MonitoredLine,MONACILLO115-50_VILLA BETINA-280~1,50,280,115.0,115.0,0.009609,0.020406,1.3,130.0,False,pr50,pr280,True
b2290c56-d6ea-4b17-b0c1-0186dac61909,MonitoredLine,PATTERN     -1800_POI         -7000~1,1800,7000,115.0,115.0,0.0,0.0001,12100.025660774989,1210002.566077499,True,pr1800,pr7000,True
58dd8770-d368-4be9-a98c-44e21c021961,MonitoredLine,COROZAL 115 -83_MOROVIS     -555~1,83,555,115.0,115.0,0.009658,0.021946,0.915,91.5,False,pr83,pr555,True
78945961-ca75-4d2d-a25d-b0ec3b9a40ef,MonitoredLine,GUANICA 115 -23_SGERMANTC115-169~1,23,169,115.0,115.0,0.02001,0.07557,1.0979999999999999,109.79999999999998,False,pr23,pr169,True
2a4f008a-0704-4e84-8224-57ca925e8f88,MonitoredLine,AGUIRRE 230 -106_AGUBUENAS230-451~2,106,451,230.0,230.0,0.00217,0.02978,4.16,416.0,False,pr106,pr451,True
a697bcb3-37c3-451f-b7b4-204c9e4c8c72,MonitoredLine,CAGUAS 115  -21_SUB SAN JOSE-1027~1,21,1027,115.0,115.0,0.003375,0.01521,1.91,191.0,False,pr21,pr1027,True
ef8d57ae-8e65-44aa-970e-f1c3f8e60565,MonitoredLine,CAYEY 115   -10_CAGUAS 115  -21~1,10,21,115.0,115.0,0.01661,0.06176,1.162,116.19999999999999,False,pr10,pr21,True
9a68036f-e000-4f03-bb94-8e91a6e0eb9d,MonitoredLine,MAUNABO115  -184_MAUNABO TAP -334~1,184,334,115.0,115.0,0.0,0.0001,2.31,231.0,False,pr184,pr334,True
8b944c66-064c-45ca-a75b-fe6bc428f7b7,MonitoredLine,AGUADILLA115-32_AÑASCO 115  -231~1,32,231,115.0,115.0,0.006787,0.051737,1.162,116.19999999999999,False,pr32,pr231,True
9f51d55c-54e3-43b9-8fde-2a1a2acfd5e0,MonitoredLine,BERWIND 115 -84_ESCORIAL    -583~1,84,583,115.0,115.0,0.00088,0.00635,1.8459999999999999,184.6,False,pr84,pr583,True
ca4e8741-c9e6-4563-92fc-715c804a19c0,MonitoredLine,BAYAMON 115 -45_REACT BTC-PS-1104~1,45,1104,115.0,115.0,0.00035,0.01772,1.91,191.0,False,pr45,pr1104,True
b39360de-707e-4c3b-a620-01ede846e5e0,MonitoredLine,TORONEGRO115-213_CERRI TNEGRO-1079~1,213,1079,115.0,115.0,0.009917,0.03926,1.162,116.19999999999999,False,pr213,pr1079,True
78163a57-d54a-465d-a9d3-7ec82b19ca5c,MonitoredLine,JOBOS 115   -8_MAUNABO TAP -334~1,8,334,115.0,115.0,0.01198,0.10662,1.8459999999999999,184.6,False,pr8,pr334,True
e236a66b-21d7-412b-859c-7b1453443421,MonitoredLine,DOS BOCA 115-38_CIALES 115  -177~1,38,177,115.0,115.0,0.04269,0.097018,0.732,73.2,False,pr38,pr177,True
767d80b7-34b3-4609-bf52-058ecf3ea6c0,MonitoredLine,JUNCOS 115  -234_AMGEN_115   -1206~1,234,1206,115.0,115.0,0.000318,0.001188,1.195,119.5,False,pr234,pr1206,True
45181f46-fbb1-4afa-bf7b-5d71815f5c09,MonitoredLine,HATO REY 115-87_SJSP 115    -88~2,87,88,115.0,115.0,0.00358,0.02826,1.8459999999999999,184.6,False,pr87,pr88,True
2614530a-575f-4cee-a339-15fbd4bf958c,MonitoredLine,COSTA SUR230-96_PON BYPASS  -1077~1,96,1077,230.0,230.0,0.001724,0.013632,4.62,462.0,False,pr96,pr1077,True
e37eedd2-351f-4a6a-a52d-94c5ca660af3,MonitoredLine,BAYAMON 115 -45_REAC BTC-MTC-1105~1,45,1105,115.0,115.0,0.0002,0.01,2.4,240.0,False,pr45,pr1105,True
948870cc-d82f-46ff-999e-da624bd561d6,MonitoredLine,TORONEGRO115-213_TEMP        -2222~SL,213,2222,115.0,115.0,0.0,0.0001,12100.025660774989,1210002.566077499,True,pr213,pr2222,True
a8529f43-218a-4038-9858-973846062dea,MonitoredLine,COSTA SUR115-2_PONCE 115   -3~1,2,3,115.0,115.0,0.00701,0.05046,2.311,231.1,False,pr2,pr3,True
fdbe0843-77fd-4a4d-8897-88cc4fa6e82b,MonitoredLine,DORADO 115  -93_BO PINAS 115-310~1,93,310,115.0,115.0,0.005089,0.039807,1.8459999999999999,184.6,False,pr93,pr310,True
8ab35110-c650-45be-b8d8-41889b43f87b,MonitoredLine,INF_HV      -3000_INF_GEN     -3001~1,3000,3001,115.0,115.0,0.0,0.0001,12100.025660774989,1210002.566077499,True,pr3000,pr3001,True
3bef6fc8-d756-4210-9ebd-a8d5b5583bce,MonitoredLine,R BAYAMON115-271_GRANA       -545~1,271,545,115.0,115.0,0.0018,0.0075,1.452,145.2,False,pr271,pr545,True
0d2bdfda-b31f-48fd-bd2d-2ed6e8e22e28,MonitoredLine,BAYAMON 115 -45_H.CREA      -111~1,45,111,115.0,115.0,0.0042,0.017,1.8459999999999999,184.6,False,pr45,pr111,True
91b77862-e45e-407f-abb0-6863cbce4cf8,MonitoredLine,BARCLONET115-102_ROCHE       -452~1,102,452,115.0,115.0,0.01112,0.04484,1.8459999999999999,184.6,False,pr102,pr452,True
a6df16f4-72f1-4720-8b55-8a82a001dde2,MonitoredLine,COSTA SUR115-2_WINDMAR     -1802~1,2,1802,115.0,115.0,0.00972,0.03912,1.91,191.0,False,pr2,pr1802,True
efba4272-5151-4bf5-9433-72e704c74efb,MonitoredLine,R.BLANCO 115-16_JUNCOS 115  -234~1,16,234,115.0,115.0,0.00723,0.056811,1.31,131.0,False,pr16,pr234,True
f3676f39-c114-45f4-93bd-da575dbccb63,MonitoredLine,S.ISABEL 115-296_PATTERN     -1800~1,296,1800,115.0,115.0,0.001805,0.016718,1.161,116.10000000000001,False,pr296,pr1800,True
22ed5218-fa91-4321-a613-2496a384e3b7,MonitoredLine,BAYAMON 115 -45_PALOSECO 115-63~1,45,63,115.0,115.0,0.00222,0.01969,2.866,286.6,False,pr45,pr63,True
30ad3154-2857-4e6e-b025-ef117fef783e,MonitoredLine,VIADUCTO 115-86_ISLA GDE 115-632~1,86,632,115.0,115.0,0.00032,0.00348,1.79,179.0,False,pr86,pr632,True
0116b1b7-5db2-4b44-b5c9-c7155630d764,MonitoredLine,MANATI 230  -196_CAMB GP 230 -440~1,196,440,230.0,230.0,0.003569,0.029197,3.693,369.3,False,pr196,pr440,True
0ebe5932-dde4-4309-ba62-924c79d89303,Transformer2W,PONCE TC 3W -1063_starbus_3_363_1063_1-1000003~1,1063,1000003,12.1,1.0,0.00258,0.115765,0.8,80.0,False,pr3,pr3,False
ca85b3a3-85fe-472d-bbab-b6bf5fe92606,Transformer2W,SSLV        -2003_SSHV        -2002~1,2003,2002,34.5,115.0,0.00608,0.15643,0.42,42.0,False,pr2002,pr2002,False
2a983c21-fedf-459c-8101-ced135ee549c,Transformer2W,A BUENAS 3W2-1061_starbus_149_451_1061_2-1000019~2,1061,1000019,12.13,1.0,0.0061200000000000004,0.27913,0.37,37.0,False,pr451,pr451,False
c1dd9990-caa6-41dc-876c-61ddd7f9cd18,Transformer2W,YAROTEK_MV  -97022_YAROTEK_ES  -97025~1,97022,97025,13.2,0.5,0.00616,0.06772,0.05,5.0,False,pr97021,pr97021,False
f6073b8d-305d-485c-9433-6c67533004d8,Transformer2W,YABUCOA 115 -5_starbus_5_233_218_1-1000005~1,5,1000005,115.0,1.0,0.00019050068587105626,-0.0004679047761772942,4.5,450.0,False,pr5,pr5,False
27ab90e6-d8b1-42a4-97be-e98c16174616,Transformer2W,CCGAS21     -824_AGUIRRE 230 -106~1,824,106,13.2,230.0,0.00649,0.22071,0.68,68.0,False,pr106,pr106,False
4aa69cff-09dd-4e8d-8f87-80ed6a7343d2,Transformer2W,SLLANA 3W1  -1053_starbus_85_120_1053_1-1000011~1,1053,1000011,15.2,1.0,0.001565,0.07028000000000001,0.1,10.0,False,pr85,pr85,False
d44afbe9-d5c0-4d4f-95e0-ae225a615b8a,Transformer2W,CUMMINS 3   -97037_CUMMINS     -97036~1,97037,97036,0.48,13.2,0.6222222222222222,3.9513085814920657,0.015,1.5,False,pr82,pr82,False
44925039-1385-4fd3-b18f-7228ba509210,Transformer2W,YABUCOA 115 -5_starbus_5_233_362_1-1000004~1,5,1000004,115.0,1.0,0.0010509849108367628,0.02568648682166491,4.5,450.0,False,pr5,pr233,True
6f850696-b8c0-430e-ba41-5cdc810bb703,Transformer2W,PONCE TC 230-363_starbus_3_363_1063_1-1000003~1,363,1000003,230.0,1.0,0.00013000000000000004,0.028275,4.5,450.0,False,pr363,pr3,True
9c5dc188-84ce-4261-aca0-e2d2b25ff639,Transformer2W,AGUBUENAS230-451_starbus_149_451_1060_1-1000018~1,451,1000018,230.0,1.0,-0.00102,-0.06268499999999999,3.0,300.0,False,pr451,pr451,False
f2eb4f58-56cf-4f6d-a353-5b3fef445f91,Transformer2W,CAGUAS 115  -21_starbus_21_22_244_2-1000006~2,21,1000006,115.0,1.0,0.0011999999999999997,0.004615000000000008,1.5,150.0,False,pr21,pr21,False
e76f1f3e-78fa-40aa-916d-8d8dab11a3a0,Transformer2W,MORA 3W     -1057_starbus_100_352_1057_1-1000015~1,1057,1000015,12.13,1.0,0.006464999999999999,0.27912000000000003,0.37,37.0,False,pr352,pr352,False
3baaf4c7-a779-4bda-b9aa-352cc9edaeb7,Transformer2W,BERWIND 38  -123_starbus_84_123_217_2-1000010~2,123,1000010,38.0,1.0,0.0022450000000000005,0.120695,1.0,100.0,False,pr84,pr84,False
f28a47b3-87be-4424-9609-66738be5cb3f,Transformer2W,YABUCOA 3W  -362_starbus_5_233_362_1-1000004~1,362,1000004,12.0,1.0,0.0027253113854595334,0.11833808888187383,0.1,10.0,False,pr233,pr233,False
409d37f4-e412-471b-a7a4-cb2a0d9846dd,Transformer2W,P.S.GAS1    -829_PALOSECO 115-63~1,829,63,13.2,115.0,0.0042,0.14,0.55,55.00000000000001,False,pr63,pr63,False
ee99c23f-249f-4b0d-b7e6-ddd77fc6e9d4,Transformer2W,BESS        -344_S.LLANA 115 -85~1,344,85,13.2,115.0,0.00718,0.22789,0.4,40.0,False,pr85,pr85,False
21619481-6ce6-49e8-88e3-f9fa333bad4f,Transformer2W,YABUCOA 230 -233_starbus_5_233_218_1-1000005~1,233,1000005,230.0,1.0,8.949931412894377e-05,0.026354909065659612,4.5,450.0,False,pr233,pr5,True
5115e02f-5706-46c0-b230-03457a749bff,Transformer2W,BERWIND 115 -84_starbus_84_123_217_2-1000010~2,84,1000010,115.0,1.0,0.0011949999999999999,0.004354999999999998,1.5,150.0,False,pr84,pr84,False
fa6165ad-fb59-4526-8385-592f76e75944,Transformer2W,AGUIRRE 3W1 -1058_starbus_107_106_1058_1-1000016~1,1058,1000016,15.0,1.0,0.002635,0.074185,1.0,100.0,False,pr107,pr107,False
553dc3a1-c473-4baa-ac44-3d383f27e396,Transformer2W,CCGAS14     -832_AGUIRRE 230 -106~1,832,106,13.8,230.0,0.00538,0.16547,0.68,68.0,False,pr106,pr106,False
73b5600f-c481-469d-a03d-558f988d5c47,Transformer2W,CAMBALACH 3W-1056_starbus_440_441_1056_1-1000024~1,1056,1000024,6.9,1.0,0.005185,0.23433500000000002,0.37,37.0,False,pr441,pr441,False
158a4a6f-3802-4946-b0a0-3f1c93079aaa,Transformer2W,AGUBUENAS230-451_starbus_149_451_1061_2-1000019~2,451,1000019,230.0,1.0,-0.00102,-0.06251999999999999,3.0,300.0,False,pr451,pr451,False
67f22446-b0ec-4787-95ca-6469a4375518,Transformer2W,S.LLANA 230 -120_starbus_85_120_1053_1-1000011~1,120,1000011,230.0,1.0,6.499999999999998e-05,0.02271,4.5,450.0,False,pr120,pr85,True
585c6b5e-e695-4dce-ab07-d18a369d4331,Transformer2W,AGUIRRGT    -862_AGUIRRE 115 -107~1,862,107,13.8,115.0,0.00977,0.2288,0.5,50.0,False,pr107,pr107,False
3a2e6f1a-d44e-493e-9be5-0c349704fc0f,Transformer2W,P.S.GAS3    -831_PALOSECO 115-63~1,831,63,13.2,115.0,0.0042,0.14,0.55,55.00000000000001,False,pr63,pr63,False
41ea4f06-fdd0-48a9-944f-9e1276467f96,Transformer2W,CUMMINS 1   -97039_CUMMINS     -97036~1,97039,97036,0.48,13.2,0.6222222222222222,3.9513085814920657,0.015,1.5,False,pr82,pr82,False
28e5e70b-c2bd-4e5e-b8fa-ef8b6322898d,Transformer2W,MAYAGUEZ3W-2-240_starbus_277_232_240_1-1000023~1,240,1000023,23.5,1.0,0.001225,0.04982,0.37,37.0,False,pr277,pr277,False
f0d6b019-d648-4e30-ab09-6f08668487af,Transformer2W,MANATI 3W   -262_starbus_153_196_262_2-1000020~2,262,1000020,15.0,1.0,0.0027800000000000004,0.077205,1.0,100.0,False,pr153,pr153,False
d99009be-f646-4d00-aac8-1c91a6a2673c,Transformer2W,COSTASUR 3W2-1055_starbus_2_96_1055_1-1000002~1,1055,1000002,15.13,1.0,0.00262,0.07420500000000001,1.0,100.0,False,pr2,pr2,False
72ae4ea2-be77-4bda-96b1-e249572b168b,Transformer2W,AERO MAY #2 -837_starbus_836_29_837_1-1000026~1,837,1000026,13.8,1.0,0.0026200000000000004,0.09674999999999997,0.75,75.0,False,pr29,pr29,False
ec1c3039-4478-41a7-8aa5-1e92d3f99b7b,Transformer2W,COSTASUR 3W1-1054_starbus_2_96_1054_1-1000001~1,1054,1000001,15.13,1.0,0.00262,0.073965,1.0,100.0,False,pr2,pr2,False
f4a007da-4ead-4ca4-9992-c552c9a8b3a8,Transformer2W,CAMB GP 115 -441_starbus_440_441_1056_1-1000024~1,441,1000024,115.0,1.0,0.00026500000000000015,-0.0028850000000000126,3.5,350.0,False,pr441,pr441,False
9fba0a70-e44c-4a6b-b44f-0aaa909258be,Transformer2W,P.SECO2     -818_starbus_63_62_818_1-1000009~1,818,1000009,13.8,1.0,-0.00013500000000000057,-0.0010799999999999976,1.2,120.0,False,pr63,pr63,False
d26701d8-7215-4927-8bc5-9dfd42b0ea32,Transformer2W,AGUIRRE 3W2 -1059_starbus_107_106_1059_1-1000017~1,1059,1000017,15.0,1.0,0.0029,0.081525,1.0,100.0,False,pr107,pr107,False
449e6e3f-ebb4-44e3-a90e-9bf245fab068,Transformer2W,AGUIRRE 230 -106_starbus_823_106_832_1-1000025~1,106,1000025,230.0,1.0,0.00020999500000000015,0.013890000000000013,1.5,150.0,False,pr106,pr106,False
deb9d556-c227-4023-b3f9-e36cb50460d7,Transformer2W,V ALEGRE MV -97083_V ALEGRE PV -97084~1,97083,97084,13.2,0.4,0.0,0.04,30.250064151937472,3025.006415193747,False,pr313,pr313,False
4033fa86-4e7a-4691-a20e-53f3ae4696aa,Transformer2W,YABUCOA 3W 2-218_starbus_5_233_218_1-1000005~1,218,1000005,15.2,1.0,0.001532503429355281,0.06618606246459856,0.1,10.0,False,pr5,pr5,False
42d29c66-e6b1-45cb-9a87-30654ff548f7,Transformer2W,ALTAIRNANO  -97035_SANFERMIN   -97032~1,97035,97032,0.48,13.2,0.46649999999999997,3.0899994336933134,0.025,2.5,False,pr82,pr82,False
f27af18d-ce7e-4cbd-b884-deb7d86860d7,Transformer2W,HORIZON_MV  -97002_HORIZON_ES  -97005~1,97002,97005,22.9,0.4,0.00616,0.06,0.06,6.0,False,pr8,pr8,False
13b70863-1f55-4c1f-8bd8-ebb67f4cf875,Transformer2W,AGUIRRE 230 -106_starbus_107_106_1059_1-1000017~1,106,1000017,230.0,1.0,-0.00010000000000000005,0.015305000000000003,5.44,544.0,False,pr106,pr107,True
2d1a6c32-4b27-456f-80eb-43611356e0c6,Transformer2W,CCGAS13     -823_AGUIRRE 230 -106~1,823,106,13.8,230.0,0.00538,0.16547,0.68,68.0,False,pr106,pr106,False
002bb08f-f2d5-4209-a309-58262c367bb9,Transformer2W,A BUENAS 3W1-1060_starbus_149_451_1060_1-1000018~1,1060,1000018,12.13,1.0,0.0061200000000000004,0.279295,0.37,37.0,False,pr451,pr451,False
ff483edd-f274-4a12-aa64-f5bcc595546c,Transformer2W,SJREPG2     -857_starbus_88_857_812_1-1000014~1,857,1000014,13.8,1.0,0.0008049999999999998,0.04775,2.15,215.0,False,pr88,pr88,False
47dcc3cf-0d62-46c8-b458-3ce634abd745,Transformer2W,SJREPST2    -812_starbus_88_857_812_1-1000014~1,812,1000014,13.8,1.0,0.002105,0.11081,0.85,85.0,False,pr88,pr88,False
e3fcd7a7-bff2-49a2-be72-6a661e5e3af9,Transformer2W,BAYAMON 3W  -243_starbus_45_99_243_1-1000007~1,243,1000007,15.0,1.0,0.0022299999999999998,0.061939999999999995,1.0,100.0,False,pr45,pr45,False
e06a9708-6a0c-4b14-85f3-91589e6e8c86,Transformer2W,CCGAS22     -825_AGUIRRE 230 -106~1,825,106,13.2,230.0,0.00649,0.22071,0.68,68.0,False,pr106,pr106,False
b2cf80cc-b608-4a41-85e2-6b84b5218e7f,Transformer2W,CCGAS23     -826_AGUIRRE 230 -106~1,826,106,13.2,230.0,0.00512,0.17401,0.68,68.0,False,pr106,pr106,False
1612e0d2-b9a2-444c-adeb-ed23e566c923,Transformer2W,AGUIRRE 230 -106_starbus_107_106_1058_1-1000016~1,106,1000016,230.0,1.0,7.500000000000001e-05,0.019524999999999997,5.44,544.0,False,pr106,pr107,True
bf388705-7b5b-4700-b251-d8ce4c922c3a,Transformer2W,CCGAS11     -821_AGUIRRE 230 -106~1,821,106,13.2,230.0,0.00644,0.21911,0.68,68.0,False,pr106,pr106,False
956aec66-61ea-4334-8cc8-76fa98adc40c,Transformer2W,AAA FAJARDO -1085_FAJRDO_MV   -97390~1,1085,97390,38.0,13.2,0.00228,0.07997,0.052000000000000005,5.2,False,pr18,pr18,False
a48f5758-140c-4f84-b0a4-dd0ba7091b85,Transformer2W,P.S.GAS2    -830_PALOSECO 115-63~1,830,63,13.2,115.0,0.0042,0.14,0.55,55.00000000000001,False,pr63,pr63,False
7b7f1297-81fd-4ab9-b3aa-86789e5ae227,Transformer2W,YABUCOA 230 -233_starbus_5_233_362_1-1000004~1,233,1000004,230.0,1.0,-0.0006482743484224966,0.0001622282019685846,4.5,450.0,False,pr233,pr233,False
55c04ee0-dcdf-4d87-8d6a-37bb9d5bb088,Transformer2W,CCGAS12     -822_AGUIRRE 230 -106~1,822,106,13.2,230.0,0.00644,0.21911,0.68,68.0,False,pr106,pr106,False
b238c668-7a3a-44e1-850c-3a7f7285af96,Transformer2W,V ALEGRE_HV -97081_SWITCHGEAR  -97082~1,97081,97082,38.0,13.2,0.093,0.7442116634399114,0.125,12.5,False,pr313,pr313,False
200be593-911c-4763-88f0-dc0ac680d635,Transformer2W,CCGAS24     -833_AGUIRRE 230 -106~1,833,106,13.2,230.0,0.00512,0.174,0.68,68.0,False,pr106,pr106,False
76353793-09a8-49fc-b113-b6847e12ce23,Transformer2W,AERO MAY #1 -836_starbus_836_29_837_1-1000026~1,836,1000026,13.8,1.0,0.00832,0.1666,1.5,150.0,False,pr29,pr29,False
4a45a365-2982-46cf-8c91-12e8c5391807,Transformer2W,MAYA TC 230 -232_starbus_277_232_240_1-1000023~1,232,1000023,230.0,1.0,0.0005849999999999999,0.04238,3.0,300.0,False,pr232,pr277,True
f4d77ebd-11ee-4fb3-aa34-eeadf632566d,Transformer2W,COSTA SUR230-96_starbus_2_96_1054_1-1000001~1,96,1000001,230.0,1.0,9.000000000000002e-05,0.019745,5.44,544.0,False,pr96,pr2,True
7670449a-20f7-4521-9d14-6705c42652b3,Transformer2W,BERWIND 13  -217_starbus_84_123_217_2-1000010~2,217,1000010,13.2,1.0,0.006985,0.270695,0.5,50.0,False,pr84,pr84,False
b7275095-fd4e-468c-b964-aa6c2daba049,Transformer2W,MANATI 230  -196_starbus_153_196_262_2-1000020~2,196,1000020,230.0,1.0,-8.999999999999997e-05,0.015755000000000005,5.47,547.0,False,pr196,pr153,True
e7062de9-c7f3-40af-b33c-41f06a695578,Transformer2W,YAROTEK_MV  -97023_YAROTEK_PV  -97024~1,97023,97024,13.2,0.02,0.00661,0.04956,0.647,64.7,False,pr97021,pr97021,False
7640b028-1a09-45d8-9b8c-316732224545,Transformer2W,CCGAS14     -832_starbus_823_106_832_1-1000025~1,832,1000025,13.8,1.0,0.004450005,0.17515999999999998,1.5,150.0,False,pr106,pr106,False
ceb232b4-bbd1-4cbf-a81d-d43872545dfe,Transformer2W,V ALEGRE MV -97086_V ALEGRE ES -97085~1,97086,97085,13.2,0.36,0.0,0.035,34.57150188792854,3457.150188792854,False,pr313,pr313,False
7fa179c1-f605-4447-b904-a52e59d705a9,Transformer2W,PONCE 115   -3_starbus_3_363_1063_1-1000003~1,3,1000003,115.0,1.0,0.00027000000000000006,-0.0005950000000000052,4.5,450.0,False,pr3,pr3,False
0a3524a8-e4d5-4106-88d8-f47bb5716903,Transformer2W,MANATI 13   -214_starbus_153_148_214_2-1000021~2,214,1000021,13.2,1.0,0.007005,0.271475,0.5,50.0,False,pr153,pr153,False
00031e5f-5888-40ee-b23d-4fd8ce4c55a2,Transformer2W,SJREPG1     -856_starbus_88_856_811_1-1000013~1,856,1000013,13.8,1.0,0.0008032396301376786,0.047754838594730065,2.15,215.0,False,pr88,pr88,False
aa1afa31-e8ac-4fad-9ff7-eea073986104,Transformer2W,C.S. GAS    -850_COSTA SUR115-2~1,850,2,13.8,115.0,0.00977,0.293,0.5,50.0,False,pr2,pr2,False
39369ce2-fca9-4016-a0b1-7f647da12b5b,Transformer2W,SJREPST1    -811_starbus_88_856_811_1-1000013~1,811,1000013,13.8,1.0,0.0021029887435647437,0.1108102952435947,0.85,85.0,False,pr88,pr88,False
a1df52fd-1fc9-4985-a545-9ed8641808e0,Transformer2W,SLLANA 3W2  -1052_starbus_85_120_1052_1-1000012~1,1052,1000012,15.0,1.0,0.00273,0.07672999999999999,1.0,100.0,False,pr85,pr85,False
1a6275a1-aa09-4c93-a8e7-d9ca5ca389c8,Transformer2W,CUMMINS 2   -97038_CUMMINS     -97036~1,97038,97036,0.48,13.2,0.6222222222222222,3.9513085814920657,0.015,1.5,False,pr82,pr82,False
d71188a5-543f-4897-84d5-14f4b4ba5154,Transformer2W,SAN FERMIN  -1817_SANFERMIN   -97032~1,1817,97032,38.0,13.2,0.019125,0.3995425313718177,0.252,25.2,False,pr82,pr82,False
ba629205-3324-4431-b5b1-fa242cbd25f9,Transformer2W,JOBOS GT    -852_JOBOS 38    -94~1,852,94,13.8,38.0,0.04378,0.65667,0.5,50.0,False,pr8,pr8,False
5e102332-9b42-423a-ab2e-7da3b60764f4,Transformer2W,PV_MV       -97033_SANFERMIN_PV-97034~1,97033,97034,13.2,0.4,0.0,0.04,30.250064151937472,3025.006415193747,False,pr82,pr82,False
d0ca05da-6036-486d-82e3-d586c1097281,Transformer2W,AES 1       -871_AES 230     -321~1,871,321,21.0,230.0,0.00105,0.04737,3.5,350.0,False,pr321,pr321,False
ae8ed879-cfa7-4abf-81be-81a1cfb141d3,Transformer2W,BAYAMON 230 -99_starbus_45_99_243_1-1000007~1,99,1000007,230.0,1.0,4.0000000000000024e-05,0.016530000000000003,5.44,544.0,False,pr99,pr45,True
f38a8e7d-c875-4343-879d-71764d98c915,Transformer2W,P.SECO1     -817_starbus_63_62_817_1-1000008~1,817,1000008,13.8,1.0,-0.00068,-0.00544,1.2,120.0,False,pr63,pr63,False
bca5cae4-df1d-40ea-99ab-ec67a86791fc,Transformer2W,COSTA SUR115-2_starbus_2_96_1054_1-1000001~1,2,1000001,115.0,1.0,0.00023999999999999998,-0.004174999999999998,5.44,544.0,False,pr2,pr2,False
336dc1a2-89d5-4f27-95d0-e3135cc15b9d,Transformer2W,PATTERN_MV  -7773_PATTERN_WT  -7774~1,7773,7774,34.5,0.7,0.00849,0.05909,0.858,85.8,False,pr7200,pr7200,False
7e7f9802-ee84-4789-a48f-1eac62f6c83b,Transformer2W,MAYA TC 230 -232_starbus_277_232_222_1-1000022~1,232,1000022,230.0,1.0,0.00038,0.036165,3.0,300.0,False,pr232,pr277,True
26cd7c6d-b420-48e9-bf0f-20e42822af51,Transformer2W,CCGAS13     -823_starbus_823_106_832_1-1000025~1,823,1000025,13.8,1.0,0.004329995,0.17517,1.5,150.0,False,pr106,pr106,False
7605a6b7-9c6a-4f8c-b905-0bd1f7c825c6,Transformer2W,MAYAGUEZ3W-1-222_starbus_277_232_222_1-1000022~1,222,1000022,12.0,1.0,0.00355,0.163795,3.0,300.0,False,pr277,pr277,False
a941e6db-a5e7-4952-9002-6245aa77e9d1,Transformer2W,MAYAGUEZ 115-29_starbus_836_29_837_1-1000026~1,29,1000026,115.0,1.0,-0.0007100000000000001,-0.02523999999999997,0.75,75.0,False,pr29,pr29,False
ede0d6fb-b552-4af0-b9de-0cc2981b3733,TapTransformer,MANATI 115  -153_starbus_153_196_262_2-1000020~2,153,1000020,115.0,1.0,0.0003699999999999999,-0.0001250000000000001,5.47,547.0,False,pr153,pr153,False
14c1fa5c-1049-4d74-b5b0-e409ffa65725,TapTransformer,SJSP 115    -88_starbus_88_856_811_1-1000013~1,88,1000013,115.0,1.0,8.6160045362592e-05,-0.008833789971154915,3.0,300.0,False,pr88,pr88,False
f6cdf65e-1046-4b2e-9e98-a1c092dbcd1a,TapTransformer,HORIZON_HV  -97001_HORIZON_MV  -97002~1,97001,97002,38.0,22.9,0.00228,0.065,0.15,15.0,False,pr8,pr8,False
57432ff9-9430-44fb-b173-cec23e56c6f6,TapTransformer,COSTA SUR115-2_starbus_2_96_1055_1-1000002~1,2,1000002,115.0,1.0,0.00023999999999999998,-0.004414999999999995,5.44,544.0,False,pr2,pr2,False
a8c947c5-cde2-42d7-bd88-06c580996ef9,TapTransformer,A.BUENAS 115-149_starbus_149_451_1061_2-1000019~2,149,1000019,115.0,1.0,0.0015999999999999999,0.11379,3.0,300.0,False,pr149,pr451,True
58586c6b-c922-4d9a-9405-cbfc6eea012e,TapTransformer,BATTERY_MV  -97048_FONROCHE_ES -97049~1,97048,97049,34.5,0.38,0.064,0.476,2.519352000475163,251.9352000475163,False,pr97047,pr97047,False
4b0deedf-f00d-455d-8336-81baea210a2f,TapTransformer,A.BUENAS 115-149_starbus_149_451_1060_1-1000018~1,149,1000018,115.0,1.0,0.0015999999999999999,0.113625,3.0,300.0,False,pr149,pr451,True
f8ff3e25-373d-4bf0-b496-46fa8d343bd1,TapTransformer,MOCA_HV     -97100_MOCA_SW     -97101~1,97100,97101,38.0,13.8,0.01912,0.38205,0.2,20.0,False,pr100,pr100,False
5e6a244d-2080-485c-b69b-527dd056b276,TapTransformer,HORIZON_MV  -97003_HORIZON_PV  -97004~1,97003,97004,22.9,0.35,0.00661,0.0575,0.13,13.0,False,pr8,pr8,False
9967de61-8ca1-43fc-9e18-35bb1203e53c,TapTransformer,SJSP 115    -88_starbus_88_857_812_1-1000014~1,88,1000014,115.0,1.0,8.5e-05,-0.008829999999999998,3.0,300.0,False,pr88,pr88,False
a3e07ff6-7a4f-4099-8c2a-55f6d12c0d37,TapTransformer,S.LLANA 115 -85_starbus_85_120_1053_1-1000011~1,85,1000011,115.0,1.0,0.000165,-0.004300000000000005,4.5,450.0,False,pr85,pr85,False
5d0f4989-a643-4c71-b42c-a384f0e41cc3,TapTransformer,AGUIRRE 115 -107_starbus_107_106_1058_1-1000016~1,107,1000016,115.0,1.0,0.00022499999999999994,-0.004394999999999996,5.44,544.0,False,pr107,pr107,False
f74b1859-8b93-4ada-a560-588965f7e35f,TapTransformer,BATTERY_MV  -97116_NORTHCOAS_ES-97115~1,97116,97115,13.8,0.37,0.22274,1.26075,0.9451115703725962,94.51115703725962,False,pr100,pr100,False
68130727-86c8-4481-8667-13108066f3b5,TapTransformer,BAYAMON 115 -45_starbus_45_99_243_1-1000007~1,45,1000007,115.0,1.0,0.00034999999999999994,0.0011099999999999999,5.44,544.0,False,pr45,pr45,False
2aa824fc-3bca-427c-880c-149c9e92de4d,TapTransformer,NORTH_COAS~2-97117_NORTH_COAS~3-97111~1,97117,97111,38.0,13.8,0.01748,0.34956,0.2,20.0,False,pr100,pr100,False
e7dfcb34-e867-4e53-a0fb-6fe9e3829e71,TapTransformer,AGUIRRE 115 -107_starbus_107_106_1059_1-1000017~1,107,1000017,115.0,1.0,0.00044000000000000007,0.00013499999999999623,5.44,544.0,False,pr107,pr107,False
5f7a03f9-bfbb-459b-b43b-27558f5c9250,TapTransformer,PALOSECO 115-63_starbus_63_62_817_1-1000008~1,63,1000008,115.0,1.0,0.01078,0.08626,1.2,120.0,False,pr63,pr63,False
37d46268-b653-4a65-930a-0a94faa1d9eb,TapTransformer,MORA 115    -100_starbus_100_352_1057_1-1000015~1,100,1000015,115.0,1.0,0.0027849999999999997,0.11377000000000001,3.0,300.0,False,pr100,pr352,True
21bf7ba3-3244-4519-8b71-9da0897611f5,TapTransformer,MORA 230    -352_starbus_100_352_1057_1-1000015~1,352,1000015,230.0,1.0,-0.002205,-0.0625,3.0,300.0,False,pr352,pr352,False
8dc806c4-9a3c-4b49-a082-07e4fab3cba2,TapTransformer,PV_MV       -97046_FONROCHE_PV -97044~1,97046,97044,34.5,0.4,0.0,0.04,30.250064151937472,3025.006415193747,False,pr97047,pr97047,False
dfdf2528-8a5f-41c6-badc-bf7040ae69d1,TapTransformer,MAY TC 115  -277_starbus_277_232_240_1-1000023~1,277,1000023,115.0,1.0,-0.00011499999999999998,-0.0028900000000000037,3.0,300.0,False,pr277,pr277,False
970b3426-3780-494c-8670-68bb26c660bf,TapTransformer,PALOSECO 115-63_starbus_63_62_818_1-1000009~1,63,1000009,115.0,1.0,0.010565000000000001,0.08451,1.2,120.0,False,pr63,pr63,False
86d38d18-397e-4f04-9a64-ecffce4fc51d,TapTransformer,COMETA_HV   -97047_COMETA_SW   -97045~1,97047,97045,115.0,34.5,0.00777,0.21235,0.3,30.0,False,pr97047,pr97047,False
a576012d-b997-46f3-ae2d-c183cb9e30a6,TapTransformer,HVGSU-POI   -97401_TOABAJA     -97400~2,97401,97400,38.0,4.16,0.11161199999999999,1.2951998924706565,0.05,5.0,False,pr378,pr378,False
38ad133f-fd5c-4ff0-b9bd-4f5e73e6658b,TapTransformer,MAY TC 115  -277_starbus_277_232_222_1-1000022~1,277,1000022,115.0,1.0,0.0003600000000000001,0.0022749999999999992,0.37,37.0,False,pr277,pr277,False
c7f6e81f-d85f-4d98-9762-8f160d19d3cc,TapTransformer,CAMB GP 230 -440_starbus_440_441_1056_1-1000024~1,440,1000024,230.0,1.0,0.00012499999999999968,0.035885000000000014,3.5,350.0,False,pr440,pr441,True
67eebb0e-3ee7-47ef-be82-38d369fc9593,TapTransformer,ILLUMINA_MV -97253_ILLUMINA_PV -97254~1,97253,97254,13.2,0.2,0.0154,0.05,0.235,23.5,False,pr8,pr8,False
43c6d084-f386-493f-84e4-9508fe8a7e83,TapTransformer,ILUMINA_HV  -99000_ILUMINA_LV  -98001~1,99000,98001,38.0,13.2,0.02175,0.37435,3.2268343102855894,322.68343102855897,False,pr8,pr8,False
94c358fa-7ac9-4bd3-ab8b-0b3c72bf891d,TapTransformer,PUNTALIMA_MV-7783_PUNTALIMA_WT-7784~1,7783,7784,34.5,0.7,0.0076,0.057,0.315,31.5,False,pr2002,pr2002,False
2e4e45f5-53d2-4e17-a256-236d782b9797,TapTransformer,SIT1HV      -7200_SUBSTN      -7100~1,7200,7100,115.0,34.5,0.003,0.08456,0.9,90.0,False,pr7200,pr7200,False
3f992281-9edb-4a74-8db4-fffb25ef5a32,TapTransformer,MV_18       -97113_NORTHCOAS_PV-97114~1,97113,97114,13.8,0.38,0.04841,0.27595,4.318906337212312,431.89063372123127,False,pr100,pr100,False
e12b6b8f-4790-4df2-907e-d1f8825d3046,TapTransformer,S.LLANA 115 -85_starbus_85_120_1052_1-1000012~1,85,1000012,115.0,1.0,0.00039999999999999996,-0.00012000000000000205,5.47,547.0,False,pr85,pr85,False
de21dc2f-9af5-4876-b9b1-88483292488e,TapTransformer,YAROTEK_HV  -97021_YAROTEK_MV  -97022~1,97021,97022,115.0,13.2,0.00228,0.07997,0.647,64.7,False,pr97021,pr97021,False
5db80539-2cb5-40f0-9077-afa45db8b939,TapTransformer,MANATI 115  -153_starbus_153_148_214_2-1000021~2,153,1000021,115.0,1.0,0.0011950000000000007,0.004835000000000006,1.0,100.0,False,pr153,pr153,False
df6268ac-0ee8-469e-928c-24831e9335f9,PhaseShiftingTransformer,AGUADILLA   -31_AGUADILLA115-32~1,31,32,38.0,115.0,0.00472,0.14159,1.0,100.0,False,pr32,pr32,False
8ba01acf-36d1-4685-9422-f8e25fc270bf,PhaseShiftingTransformer,C.S.6       -806_COSTA SUR230-96~1,806,96,23.0,230.0,0.00061986875,0.030772806249999996,5.44,544.0,False,pr96,pr96,False
3115f9bc-9d7b-4635-b09b-db260ed6a1f4,PhaseShiftingTransformer,ECOGT2      -859_ECOELECT 230-319~1,859,319,17.1,230.0,0.0010401187499999999,0.0620078875,2.05,204.99999999999997,False,pr319,pr319,False
687d4240-bccb-4d5e-850e-f310310f40b6,PhaseShiftingTransformer,JDIAZ TC    -313_J DIAZ TC   -325~1,313,325,115.0,38.0,0.00245,0.14015,1.0,100.0,False,pr313,pr313,False
2ab95f86-a52c-43bd-b563-fa1341b8051c,PhaseShiftingTransformer,VIADUCTO    -60_VIADUCTO 115-86~2,60,86,38.0,115.0,0.00502,0.14024,1.0,100.0,False,pr86,pr86,False
d113dbff-006c-44db-9f44-91c6a8e6e34c,PhaseShiftingTransformer,VIADUCTO    -60_VIADUCTO 115-86~1,60,86,38.0,115.0,0.00499,0.13924,1.0,100.0,False,pr86,pr86,False
165ebd6a-2396-4eac-b8b3-368392e98af3,PhaseShiftingTransformer,DAGUAOGT    -828_DAGUAO 115  -101~1,828,101,13.2,115.0,0.0127756,0.255554025,0.55,55.00000000000001,False,pr101,pr101,False
12cde0ef-42d9-4a91-b15f-9003adbd771d,PhaseShiftingTransformer,MONACILLOS13-259_MONACILLO115-50~1,259,50,13.2,115.0,0.0107,0.2675,0.44,44.0,False,pr50,pr50,False
ff5bee94-61d1-4b41-9057-7ab6a7612fe0,PhaseShiftingTransformer,AES 2       -872_AES 230     -321~1,872,321,21.0,230.0,0.00110500817658,0.049851654594852,3.5,350.0,False,pr321,pr321,False
761ce620-186c-4075-8672-b8ad2a049b47,PhaseShiftingTransformer,COMERIO 115 -275_COMERIO 38  -276~1,275,276,115.0,38.0,0.007545683734088999,0.24549510838836397,0.5,50.0,False,pr275,pr275,False
f1932a2c-21fc-49f2-a6e2-6216f80fc91a,PhaseShiftingTransformer,C.S.5       -805_COSTA SUR230-96~1,805,96,23.0,230.0,0.00053581875,0.026685874999999998,5.7,570.0,False,pr96,pr96,False
371a0500-fbb0-4bc4-bd6f-9a5af18bb377,PhaseShiftingTransformer,MORA 38     -181_MORA 115    -100~1,181,100,38.0,115.0,0.01209,0.27207,0.5,50.0,False,pr100,pr100,False
40b91138-bc58-4041-9b8c-3902c8672e16,PhaseShiftingTransformer,ACACIAS 13  -206_ACACIAS 115 -116~1,206,116,13.2,115.0,0.01626,0.57983,0.3,30.0,False,pr116,pr116,False
84c0bed4-057f-4b81-8dac-37d154f9105a,PhaseShiftingTransformer,BARRANQT 115-353_BARRANQUITAS-215~1,353,215,115.0,38.0,0.00604,0.22525,0.48,48.0,False,pr353,pr353,False
6beeb28a-17c4-44c2-88ca-b1e19626fca1,PhaseShiftingTransformer,CAMBGT1     -880_CAMB GP 230 -440~1,880,440,13.8,230.0,0.0034423688979359998,0.10534035610706399,1.0,100.0,False,pr440,pr440,False
1cf506eb-5773-4387-b62c-e35b5c374029,PhaseShiftingTransformer,S LLANA 13  -356_S.LLANA 115 -85~2,356,85,13.2,115.0,0.0107,0.2675,0.44,44.0,False,pr85,pr85,False
de7e30c8-a0cf-48b0-a547-1d2a30c3bc11,PhaseShiftingTransformer,BAYAMON 13.2-202_BAYAMON 115 -45~1,202,45,13.2,115.0,0.0107,0.2675,0.44,44.0,False,pr45,pr45,False
e8ae70a0-e20a-4184-9ab8-beef865dce6b,PhaseShiftingTransformer,HUMACAO TC  -98_HUMACAO     -14~1,98,14,38.0,115.0,0.002700288,0.12089548799999998,1.0,100.0,False,pr14,pr14,False
e634a1f9-1e25-475b-b467-b21e30802124,PhaseShiftingTransformer,ECOSTEAM    -860_ECOELECT 230-319~1,860,319,17.1,230.0,0.0009350562499999998,0.051312525,2.6,260.0,False,pr319,pr319,False
bf1e44e0-6a9d-403e-b946-9dfdd1bbe676,PhaseShiftingTransformer,CANOVANAS TC-122_CANOVANAS115-82~1,122,82,38.0,115.0,0.002358986328125,0.13494364648437498,1.0,100.0,False,pr82,pr82,False
ad6e535d-1cd3-4a91-956a-88be57b4447d,PhaseShiftingTransformer,R.BLANCO 115-16_RIO BLANCO  -17~1,16,17,115.0,38.0,0.01417,0.24292,0.4,40.0,False,pr16,pr16,False
545470d9-42fc-4b72-9da1-dad057017ddb,PhaseShiftingTransformer,ACACIAS 115 -116_ACACIAS 38  -113~1,116,113,115.0,38.0,0.003933281998000001,0.193229402944,1.12,112.00000000000001,False,pr116,pr116,False
8cb6ca98-ffc0-426c-9089-751ee59f5eae,PhaseShiftingTransformer,JOBOS 38    -94_JOBOS 115   -8~1,94,8,38.0,115.0,0.00403,0.14328,1.0,100.0,False,pr8,pr8,False
30a1fd07-acbd-4899-8c59-2be2d02d310a,PhaseShiftingTransformer,DAGUAO 38   -56_DAGUAO 115  -101~1,56,101,38.0,115.0,0.01189,0.2664,0.5,50.0,False,pr101,pr101,False
98c4d505-21aa-4c11-9b6e-b1372b7bb733,PhaseShiftingTransformer,PONCE 115   -3_PONCE 38    -4~2,3,4,115.0,38.0,0.0021424499999999997,0.08923304249999998,1.5,150.0,False,pr3,pr3,False
12072f23-2697-46a1-aca7-555360a9f350,PhaseShiftingTransformer,DOS BOCA 115-38_DOS BOCAS   -37~1,38,37,115.0,38.0,0.01563,0.30894,0.4,40.0,False,pr38,pr38,False
d671cb35-1959-4d6f-bb3c-48cfec81673a,PhaseShiftingTransformer,S.GERMANTC38-300_SGERMANTC115-169~1,300,169,38.0,115.0,0.00294,0.13115,1.12,112.00000000000001,False,pr169,pr169,False
cf781a68-2592-4caf-9fce-1dd8bdf656d8,PhaseShiftingTransformer,SANSEBASTIAN-34_SSEBASTIA115-35~1,34,35,38.0,115.0,0.012826281,0.288639063,0.5,50.0,False,pr35,pr35,False
6c7c8a71-c021-4aeb-a0f5-c014ae942bce,PhaseShiftingTransformer,HATO REY1420-242_HATO REY 115-87~1,242,87,13.2,115.0,0.01626,0.57984,0.44,44.0,False,pr87,pr87,False
6a36dce8-66f4-42ac-8cf2-bf917bc0da90,PhaseShiftingTransformer,TORO NEGRO  -6_TORONEGRO115-213~1,6,213,38.0,115.0,0.0050176000000000005,0.3032155750400001,0.4,40.0,False,pr213,pr213,False
591d0c52-e94f-428d-823e-96694d8e6253,PhaseShiftingTransformer,HATOREYTCB2 -1154_HATO REY 115-87~2,1154,87,38.0,115.0,0.00195,0.09131,1.5,150.0,False,pr87,pr87,False
ecb4eba7-cb26-419c-88ac-7d5ca8b692cd,PhaseShiftingTransformer,P.SECO3     -819_PALOSECO 115-63~1,819,63,20.0,115.0,0.0017213089684439999,0.072394282961289,2.69,269.0,False,pr63,pr63,False
3003f2ee-4483-4c91-a110-b684aafaa96c,PhaseShiftingTransformer,MANATI TC   -148_starbus_153_148_214_2-1000021~2,148,1000021,38.0,1.0,0.002254999999999999,0.121115,1.5,150.0,False,pr153,pr153,False
ca806a56-1062-4ad1-8263-402df0498fe9,PhaseShiftingTransformer,JUNCOS      -20_JUNCOS 115  -234~1,20,234,38.0,115.0,0.00297,0.1304,1.0,100.0,False,pr234,pr234,False
2c03a73a-6499-4943-8f52-c54bb4721a84,PhaseShiftingTransformer,MONACILLO115-50_MONACILLO 38-49~3,50,49,115.0,38.0,0.005672396445507001,0.14457568457385903,1.0,100.0,False,pr50,pr50,False
5276efb3-9776-4582-87fa-f56e4e908dfa,PhaseShiftingTransformer,VIADUCTO 13 -257_VIADUCTO 115-86~1,257,86,13.2,115.0,0.0107,0.2675,0.44,44.0,False,pr86,pr86,False
62581444-0815-423f-9b9d-e18f4d258584,PhaseShiftingTransformer,ISLA GDE GIS-633_ISLA GDE 115-632~1,633,632,38.0,115.0,0.00321,0.13346,1.0,100.0,False,pr632,pr632,False
2e8c4ac1-b4c5-4d4f-a241-8e4018a8ae78,PhaseShiftingTransformer,PALMER      -179_PALMER 115  -211~1,179,211,38.0,115.0,0.00817,0.28755,0.5,50.0,False,pr211,pr211,False
bee71e2a-d46d-4e2b-b45e-1ef9862b2861,PhaseShiftingTransformer,AGCCST2     -808_AGUIRRE 230 -106~2,808,106,13.2,230.0,0.0030429,0.12102142500000002,1.3,130.0,False,pr106,pr106,False
bab46580-544a-4ce7-8fba-b11afb9bf982,PhaseShiftingTransformer,HATILLO TC  -336_HATILLO 115 -335~1,336,335,38.0,115.0,0.00309,0.13263,1.0,100.0,False,pr335,pr335,False
3e956741-5789-447a-9153-6a74e2ed09a4,PhaseShiftingTransformer,AG.1        -809_AGUIRRE 230 -106~1,809,106,24.0,230.0,0.0005568312499999999,0.02833535625,5.54,554.0,False,pr106,pr106,False
81d08f7a-1f34-4236-bff4-db23df817c64,PhaseShiftingTransformer,ABBOTT SY   -407_ABBOTT 115  -343~1,407,343,38.0,115.0,0.01189,0.2664,0.5,50.0,False,pr343,pr343,False
c7f4448d-37a9-4d41-9de8-31e4f0142dea,PhaseShiftingTransformer,CAMBALACHE  -39_CAMBALACH115-40~1,39,40,38.0,115.0,0.00472,0.14159,1.0,100.0,False,pr40,pr40,False
fe616d2f-56d2-43c4-90d5-2b70c80f34cb,PhaseShiftingTransformer,MORA 38     -181_MORA 115    -100~2,181,100,38.0,115.0,0.0017088749999999999,0.098839125,1.5,150.0,False,pr100,pr100,False
02d9d1fa-e6a9-42d8-b4fc-36c5c2a90031,PhaseShiftingTransformer,COSTA SUR   -1_COSTA SUR115-2~1,1,2,38.0,115.0,0.00472,0.14159,1.0,100.0,False,pr2,pr2,False
4e25fa42-982d-49ce-b924-b93411d3335f,PhaseShiftingTransformer,HUMACAO TC  -98_HUMACAO     -14~2,98,14,38.0,115.0,0.002801664,0.121383936,1.0,100.0,False,pr14,pr14,False
f63410bc-3710-485d-8581-f5382b15b10d,PhaseShiftingTransformer,JOBOS 3     -402_JOBOS 115   -8~1,402,8,38.0,115.0,0.01159,0.2911,0.5,50.0,False,pr8,pr8,False
2be3f6d4-5439-4241-b121-da96500436c5,PhaseShiftingTransformer,SANJUAN7    -813_SJSP 115    -88~1,813,88,13.8,115.0,0.003281975,0.091294375,1.4,140.0,False,pr88,pr88,False
57b915b5-833c-4f49-a7e6-1a8070864990,PhaseShiftingTransformer,CAGUAS 115  -21_CAGUAS      -22~1,21,22,115.0,38.0,0.0034398000000000002,0.1443834,1.0,100.0,False,pr21,pr21,False
3fa48b9d-39a3-42db-bf1c-e42c4733c2d7,PhaseShiftingTransformer,JOBOS 38    -94_JOBOS 115   -8~2,94,8,38.0,115.0,0.002182126953125,0.12482656835937499,1.0,100.0,False,pr8,pr8,False
1a374800-765d-438d-a4ed-8ccb7884d4ce,PhaseShiftingTransformer,SANJUAN9    -815_SJSP 115    -88~1,815,88,13.8,115.0,0.0036055499999999995,0.09333983124999999,1.4,140.0,False,pr88,pr88,False
e29bb46b-e664-4a8e-8a0a-9963910ad55c,PhaseShiftingTransformer,COSTA SUR   -1_COSTA SUR115-2~2,1,2,38.0,115.0,0.00472,0.14159,1.0,100.0,False,pr2,pr2,False
6c805438-f104-4781-b6b6-fff9929294b9,PhaseShiftingTransformer,FAJARDO 115 -18_FAJARDO     -19~2,18,19,115.0,38.0,0.0067368218947519995,0.251434148742948,0.5,50.0,False,pr18,pr18,False
31fa8350-ea12-402d-bdc7-d3a4aef5708d,PhaseShiftingTransformer,PALOSECO 115-63_LEVITTOWN   -192~1,63,192,115.0,13.2,0.0107,0.2675,0.44,44.0,False,pr63,pr63,False
81cbc134-1ec6-469e-9aef-f817dd6be83d,PhaseShiftingTransformer,DORADO 115  -93_DORADO 38   -92~1,93,92,115.0,38.0,0.002513748999999999,0.13442375799999998,1.0,100.0,False,pr93,pr93,False
76beb809-3363-4017-b653-c5f52199349a,PhaseShiftingTransformer,AERO MAY #4 -839_MAYAGUEZ    -28~1,839,28,13.8,38.0,0.005148675,0.14323680000000003,0.833,83.3,False,pr29,pr29,False
4bca4223-24e8-44d6-affa-c9a827498e84,PhaseShiftingTransformer,HATO REY 115-87_HATO REY TC -109~1,87,109,115.0,38.0,0.005706354072034999,0.129517616986441,1.0,100.0,False,pr87,pr87,False
6b4eedce-b706-44c2-a608-4df2e639fc58,PhaseShiftingTransformer,AGCCST2     -808_AGUIRRE 230 -106~1,808,106,13.2,230.0,0.0034949250000000003,0.120734775,1.33,133.0,False,pr106,pr106,False
4fdcdba2-5039-4e25-b70d-8c4fddbb0e7f,PhaseShiftingTransformer,BARCELONETA -97_BARCLONET115-102~1,97,102,38.0,115.0,0.00802,0.28122,0.5,50.0,False,pr102,pr102,False
d3da983f-1e46-4735-a9c7-b8ab8813aa28,PhaseShiftingTransformer,SANJUAN8    -814_SJSP 115    -88~1,814,88,13.8,115.0,0.00327041875,0.09294691875,1.4,140.0,False,pr88,pr88,False
01d68caf-5855-4dc1-9f1b-c0fe3c53aed0,PhaseShiftingTransformer,P.SECO4     -820_PALOSECO 115-63~1,820,63,20.0,115.0,0.0017213089684439999,0.072394282961289,2.69,269.0,False,pr63,pr63,False
bd062ce7-09ab-4834-b6ae-346e858f7e7c,PhaseShiftingTransformer,SABANA LLANA-48_S.LLANA 115 -85~1,48,85,38.0,115.0,0.00256,0.14014,1.0,100.0,False,pr85,pr85,False
7cb4d5a0-026a-4d56-9f63-17f0e60f35b0,PhaseShiftingTransformer,BARCELONETA -97_BARCLONET115-102~2,97,102,38.0,115.0,0.00292,0.13038,1.0,100.0,False,pr102,pr102,False
776593ee-b8eb-49bc-81fd-9ae3af76192f,PhaseShiftingTransformer,CAMBGT2     -881_CAMB GP 230 -440~1,881,440,13.8,230.0,0.00348104720016,0.104537781335916,1.0,100.0,False,pr440,pr440,False
5b4b8c60-dd47-42dc-b386-50e81e15398c,PhaseShiftingTransformer,BAYAMON 115 -45_BAYAMON TC  -44~1,45,44,115.0,38.0,0.006393143211128001,0.15143252194713,0.8,80.0,False,pr45,pr45,False
31f8b598-0204-4448-a2e6-8bfb67d2e04b,PhaseShiftingTransformer,AÑASCO TC   -301_AÑASCO 115  -231~1,301,231,38.0,115.0,0.01192,0.28709,0.4,40.0,False,pr231,pr231,False
ff03af85-3c25-413c-89d4-20f01883ce7f,PhaseShiftingTransformer,PONCE CEMENT-456_CANAS 115   -103~1,456,103,38.0,115.0,0.00817,0.28755,0.5,50.0,False,pr103,pr103,False
28d0d1eb-1799-415b-bcc8-ec44d813080b,PhaseShiftingTransformer,AGUADILLA   -31_AGUADILLA115-32~2,31,32,38.0,115.0,0.00205,0.09287,1.5,150.0,False,pr32,pr32,False
768f65b5-fa9c-43b8-9c8b-df9466e06735,PhaseShiftingTransformer,YAB. GAS    -851_YABUCOA 115 -5~1,851,5,13.8,115.0,0.01173,0.2933,0.5,50.0,False,pr5,pr5,False
bbc08a56-c77d-48cf-9451-96581ef546f3,PhaseShiftingTransformer,VEGA BAJA   -42_VEGA BAJA115-41~1,42,41,38.0,115.0,0.00321,0.1368,1.0,100.0,False,pr41,pr41,False
e68aea7a-0307-44d2-9576-b06b1ea969ca,PhaseShiftingTransformer,ECOGT1      -858_ECOELECT 230-319~1,858,319,17.1,230.0,0.00101910625,0.0625121875,2.05,204.99999999999997,False,pr319,pr319,False
f93e1732-e918-4bdc-8bc2-d8e9bae0ed61,PhaseShiftingTransformer,BAYAMON 115 -45_BAYAMON TC  -44~2,45,44,115.0,38.0,0.005296710604354,0.156764447758048,1.0,100.0,False,pr45,pr45,False
11ca04c1-1d11-489c-870a-730c6a6793bb,PhaseShiftingTransformer,C.S.4       -804_COSTA SUR115-2~1,804,2,13.8,115.0,0.0032307000000000004,0.10650420000000002,1.2,120.0,False,pr2,pr2,False
4948ff03-3072-4fce-9c09-767755f57ee7,PhaseShiftingTransformer,S LLANA 13  -356_S.LLANA 115 -85~1,356,85,13.2,115.0,0.0107,0.2675,0.44,44.0,False,pr85,pr85,False
2aadcd31-e496-45f9-b1df-f43fb6071f82,PhaseShiftingTransformer,C.S.3       -803_COSTA SUR115-2~1,803,2,13.8,115.0,0.0036542000000000007,0.08705950000000001,1.2,120.0,False,pr2,pr2,False
149c9c89-0076-45ac-8fa7-28a79d71531b,PhaseShiftingTransformer,CANOVANAS 13-203_CANOVANAS115-82~2,203,82,13.2,115.0,0.0142,0.3622,0.44799999999999995,44.8,False,pr82,pr82,False
9558d97a-7536-43e4-bbad-c123f814eca3,PhaseShiftingTransformer,FAJARDO 115 -18_FAJARDO     -19~1,18,19,115.0,38.0,0.013983337551277997,0.29292986913085295,0.4,40.0,False,pr18,pr18,False
13ec9569-1b77-4e95-b3da-f02d1c23c738,PhaseShiftingTransformer,PALO SECO   -62_PALOSECO 115-63~1,62,63,38.0,115.0,0.00314,0.1373,1.0,100.0,False,pr63,pr63,False
4c28e04a-a151-45a0-9d6c-d8a260ac0be3,PhaseShiftingTransformer,CAYEY 115   -10_CAYEY       -11~1,10,11,115.0,38.0,0.003434696956,0.1439913601296,1.0,100.0,False,pr10,pr10,False
aace6cbf-5185-484b-80c4-64a7877d7819,PhaseShiftingTransformer,PONCE 115   -3_PONCE 38    -4~1,3,4,115.0,38.0,0.006339375,0.18841725,0.667,66.7,False,pr3,pr3,False
86b5553b-e916-44c6-9274-93c16d214a23,PhaseShiftingTransformer,H TEJAS TC  -379_HATO TEJASTC-378~1,379,378,38.0,115.0,0.00144,0.08962,1.5,150.0,False,pr378,pr378,False
8c9060a8-3cf0-41aa-9fe5-cc45c300fc47,PhaseShiftingTransformer,AG.2        -810_AGUIRRE 230 -106~1,810,106,23.0,230.0,0.000628425,0.03115665,5.7,570.0,False,pr106,pr106,False
a5ec6666-8ee7-4e07-aeb7-236f47a5a749,PhaseShiftingTransformer,MARTIN PEÑA -59_M PENA GIS  -392~1,59,392,38.0,115.0,0.002143275,0.096867625,1.3159999999999998,131.6,False,pr392,pr392,False
ed09b279-59b4-472b-aad7-7e8826ad6dec,PhaseShiftingTransformer,AERO MAY #3 -838_MAYAGUEZ 115-29~1,838,29,13.8,115.0,0.004751775,0.154272825,0.833,83.3,False,pr29,pr29,False
ec6c058f-8aab-4c96-a2a0-12d66551da2e,PhaseShiftingTransformer,CAGUAS 13   -244_starbus_21_22_244_2-1000006~2,244,1000006,13.2,1.0,0.00703,0.271525,0.5,50.0,False,pr21,pr21,False
6bd7c99f-92be-4f41-9479-60715d99832d,PhaseShiftingTransformer,MAYAGUEZ    -28_MAYAGUEZ 115-29~1,28,29,38.0,115.0,0.00321,0.13896,1.0,100.0,False,pr29,pr29,False
11bab4ae-22e8-4270-bfe2-99160c92ac8d,PhaseShiftingTransformer,AGCCST1     -807_AGUIRRE 230 -106~1,807,106,13.2,230.0,0.0034508250000000002,0.119191275,1.33,133.0,False,pr106,pr106,False
5b42044f-de62-45cb-8f12-99864c286553,PhaseShiftingTransformer,CANOVANAS 13-203_CANOVANAS115-82~1,203,82,13.2,115.0,0.0142,0.3622,0.44799999999999995,44.8,False,pr82,pr82,False
7c67e5a6-7494-486e-be20-2c5cb1ae47d8,PhaseShiftingTransformer,MARTINPEÑAB2-1155_M PENA GIS  -392~2,1155,392,38.0,115.0,0.00205,0.09209,1.3159999999999998,131.6,False,pr392,pr392,False
c651849b-42cc-4afa-9baf-0be4cd3751af,PhaseShiftingTransformer,MONACILLO115-50_MONACILLO 38-49~1,50,49,115.0,38.0,0.006770595312500001,0.16041682343750002,0.8,80.0,False,pr50,pr50,False
195289e8-577c-427b-82c3-e4f2699b6b94,PhaseShiftingTransformer,HATO REY1419-241_HATO REY 115-87~1,241,87,13.2,115.0,0.01494,0.46087,0.336,33.6,False,pr87,pr87,False
2e3fe9c8-5080-4ae0-a824-396c5f2a04b2,PhaseShiftingTransformer,V.BAJAGT    -827_VEGA BAJA   -42~1,827,42,13.2,38.0,0.0032,0.096,0.5,50.0,False,pr41,pr41,False
82dad315-79be-4346-918c-e4769199f70a,PhaseShiftingTransformer,S.ISABEL 115-296_S.ISABEL TC -247~1,296,247,115.0,38.0,0.00637729375,0.23770390624999999,0.5,50.0,False,pr296,pr296,False
e8cdf04a-a8a4-48d0-8e9a-d69c3a8044f7,PhaseShiftingTransformer,AGUADILLA   -31_AGUADILLA 13-299~1,31,299,38.0,13.2,0.0194,0.39784,0.28,28.000000000000004,False,pr32,pr32,False
cc43b91f-fc76-4ec2-be2b-1a724845a5e8,PhaseShiftingTransformer,C.S.1       -801_COSTA SUR   -1~1,801,1,13.8,38.0,0.0059535000000000005,0.16526475000000002,0.667,66.7,False,pr2,pr2,False
441753af-ea0c-41c5-832f-281f1a3c8ada,PhaseShiftingTransformer,PALO SECO   -62_starbus_63_62_817_1-1000008~1,62,1000008,38.0,1.0,0.01206,0.09647,1.2,120.0,False,pr63,pr63,False
4eaddd87-896a-4290-a4d5-b135a902e068,PhaseShiftingTransformer,CAYEY 115   -10_CAYEY       -11~2,10,11,115.0,38.0,0.0027415840000000005,0.15821411600000002,1.0,100.0,False,pr10,pr10,False
52c88adb-1f63-4730-a167-f0b2718f0b22,PhaseShiftingTransformer,CAGUAS      -22_starbus_21_22_244_2-1000006~2,22,1000006,38.0,1.0,0.0022900000000000004,0.12163500000000001,1.0,100.0,False,pr21,pr21,False
562629b9-04cd-4cba-9153-675fbf9e846e,PhaseShiftingTransformer,CANAS 115   -103_CANAS 38    -104~1,103,104,115.0,38.0,0.002714518562,0.1550931870648,1.0,100.0,False,pr103,pr103,False
763978d3-8e05-44ee-9358-6ac1bd003485,PhaseShiftingTransformer,C.S.2       -802_COSTA SUR   -1~1,802,1,13.8,38.0,0.005876325,0.16305975,0.667,66.7,False,pr2,pr2,False
1b389045-84da-494f-9094-8893ce952b5c,PhaseShiftingTransformer,CANOVANAS TC-122_CANOVANAS115-82~2,122,82,38.0,115.0,0.00198,0.09087,1.5,150.0,False,pr82,pr82,False
dcb16094-132d-45e7-952d-b9327afb1686,PhaseShiftingTransformer,S.JUAN10    -816_SJSP 115    -88~1,816,88,13.8,115.0,0.0026463812499999996,0.09255400624999999,1.4,140.0,False,pr88,pr88,False
4fd894ae-8e11-4b8c-93fd-5e0ec811ea80,PhaseShiftingTransformer,JUNCOS      -20_JUNCOS 115  -234~2,20,234,38.0,115.0,0.00152,0.08932,1.5,150.0,False,pr234,pr234,False
bff4e38d-9d13-468e-8ad3-5c02aed8f128,PhaseShiftingTransformer,CAMBGT3     -882_CAMB GP 230 -440~1,882,440,13.8,230.0,0.0035003863512719996,0.105175973322612,1.0,100.0,False,pr440,pr440,False
