case_name,x_Batt,x_Dem,x_Fuel,x_Pol,x_REcost,x_Siting,cap_CoalOldScr,cap_CoalOldScr_coal-CCS_mod,cap_Gas-CC_Gas-CC-CCS_mod,cap_Gas-CC_H2-CC,cap_H2-CC,cap_H2-CT,cap_battery_li,cap_coal-ccs_mod,cap_distpv,cap_electrolyzer,cap_gas-cc,cap_gas-cc-ccs_mod,cap_gas-ct,cap_hydED,cap_hydEND,cap_hydUD,cap_lfill-gas,cap_nuclear,cap_nuclear-smr,cap_o-g-s,cap_pumped-hydro,gen_CoalOldScr,gen_CoalOldScr_coal-CCS_mod,gen_Gas-CC_Gas-CC-CCS_mod,gen_Gas-CC_H2-CC,gen_Gas-CT_H2-CT,gen_H2-CC,gen_H2-CT,gen_battery_li,gen_coal-ccs_mod,gen_coal-igcc,gen_coal-new,gen_distpv,gen_gas-cc,gen_gas-cc-ccs_mod,gen_gas-ct,gen_hydED,gen_hydEND,gen_hydUD,gen_lfill-gas,gen_nuclear,gen_nuclear-smr,gen_o-g-s,gen_pumped-hydro,tran_AC_total,tran_total,cost_inv_h2_production,cost_inv_h2_storage,cost_inv_investment_capacity_costs,cost_inv_investment_refurbishment_capacity,cost_inv_investment_spurline_costs_rsc_technologies,cost_inv_itc_payments_negative,cost_inv_transmission_interzone_ac_investment,cost_inv_transmission_intrazone_investment,cost_op_co2_incentive_negative,cost_op_co2_transport_storage,cost_op_consume_fom,cost_op_fom_costs,cost_op_fuelcosts_objfn,cost_op_h2_storage,cost_op_h2_transport_intrareg,cost_op_ptc_payments_negative,cost_op_spurline_fom,cost_op_startcost,cost_op_transmission_fom,cost_op_transmission_intrazone_fom,cost_op_vom_costs,cost_total,runtime_seconds,cap_upv,cap_wind-ons,gen_upv,gen_wind-ofs,gen_wind-ons
test0_DemHi_FuelHi_REcostHi_SitingLim_BattHi_PolIRA,2,2,2,0,2,2,0.0,0.0,0.0,0.0,0.0,0.0,6656.234466,0.0,12994.628099,0.0,90987.868049,2993.511584,43356.116664,142.0,405.8,0.0,24.4,4980.0,0.0,1160.4,5.0,0.0,0.0,0.0,0.0,0.0,0.0,0.0,-95126.871127,0.0,0.0,0.0,30008120.2923,411535320.701324,22089169.876261,112505486.284945,299655.216,443341.2192,0.0,100884.403638,38031103.86808,0.0,1199897.066743,-1290.92025,34478.6,34478.6,0.0,0.0,0.0,1010883474.423761,0.0,0.0,0.0,0.0,0.0,90338586.093852,0.0,5109452196.497225,7844171823.982027,0.0,0.0,-185792913.565925,297282737.225088,168139689.403019,375947903.342,235296599.896612,1347309648.282638,16293029745.580296,3051.250599,81551.061563,50599.914218,179662195.093754,0.0,161921683.856102
test0_DemHi_FuelHi_REcostHi_SitingLim_BattHi_PolOBBBA,2,2,2,1,2,2,0.0,0.0,0.0,0.0,0.0,0.0,5602.558935,0.0,12994.628099,0.0,91776.241106,31102.220368,29017.162532,142.0,405.8,0.0,24.4,4980.0,0.0,1270.4,5.0,0.0,0.0,0.0,0.0,0.0,0.0,0.0,-74156.208245,0.0,0.0,0.0,30008120.2923,405418119.724652,193577391.571718,78893351.873036,299655.216,443341.2192,0.0,100884.403638,38061979.640945,0.0,1386103.097005,-1220.655,34478.6,34478.6,0.0,0.0,1493095403.565195,4647348053.883406,373234435.030064,0.0,0.0,0.0,0.0,791727758.969629,0.0,5105908255.419971,9362530461.961962,0.0,-0.0,0.0,180114570.2001,80655632.392678,375947903.342,187197662.725909,1690731330.416452,24288491467.907364,2669.430375,45678.425631000006,35476.821265,95171580.815174,0.0,113948581.018166
test0_DemHi_FuelHi_REcostHi_SitingLim_BattLo_PolIRA,0,2,2,0,2,2,0.0,0.0,0.0,0.0,0.0,0.0,18948.35869,0.0,12994.628099,0.0,92983.190173,4506.482818,23133.896041,142.0,405.8,0.0,24.4,4980.0,0.0,1160.4,5.0,0.0,0.0,0.0,0.0,0.0,0.0,0.0,-4556579.955687,0.0,0.0,0.0,30008120.2923,438462802.48367,33253408.817606,73120376.623744,299655.216,443341.2192,0.0,112207.647773,39195140.743258,0.0,1192339.096697,-1152.498,34478.6,34478.6,0.0,0.0,1642203486.074344,526631260.397103,469475742.676365,0.0,0.0,0.0,0.0,135997230.869768,0.0,5108464412.055023,7628325897.075325,0.0,-0.0,-216997521.906753,293242012.868586,79360009.36618,375947903.342,229332021.509823,1341516770.864005,17613499225.19177,2415.774068,86042.90522200002,46168.557172,195547289.378461,0.0,151103346.17163
test0_DemHi_FuelHi_REcostHi_SitingLim_BattLo_PolOBBBA,0,2,2,1,2,2,0.0,0.0,0.0,0.0,0.0,0.0,10082.427746,0.0,12994.628099,0.0,91248.457171,26323.311737,23701.790036,142.0,405.8,0.0,24.4,4980.0,0.0,1237.544536,5.0,0.0,0.0,0.0,0.0,0.0,0.0,0.0,-1907501.642396,0.0,0.0,0.0,30008120.2923,419742668.374395,187932651.815237,55651863.59807,299655.216,443341.2192,0.0,112207.647773,39194703.10423,0.0,1150954.325503,-1556.727,34478.6,34478.6,0.0,0.0,5188271493.359872,4746848666.907933,1321674897.289633,0.0,0.0,109144436.04912,0.0,768642258.469341,0.0,4955207802.808416,9077332384.221071,0.0,0.0,0.0,188821950.75027,87523803.453959,375947903.342,183046643.570411,1667687404.987912,28670149645.20993,2646.300478,53417.501521,32673.604955,119638299.384296,0.0,105012955.669988
test0_DemHi_FuelHi_REcostHi_SitingLim_BattMd_PolIRA,1,2,2,0,2,2,0.0,0.0,0.0,0.0,0.0,0.0,9056.679689,0.0,12994.628099,0.0,91554.547613,2264.020427,36334.097735,142.0,405.8,0.0,24.4,4980.0,0.0,1160.4,5.0,0.0,0.0,0.0,0.0,0.0,0.0,0.0,-1801120.247831,0.0,0.0,0.0,30008120.2923,424367072.893908,16706242.956621,102597664.170385,299655.216,443341.2192,0.0,100884.403638,38073340.07766,0.0,1172191.376531,-1152.498,34478.6,34478.6,0.0,0.0,0.0,1319114274.788494,0.0,0.0,0.0,0.0,0.0,68323906.063282,0.0,5078602657.678534,7750190949.845238,0.0,-0.0,-182946167.049518,292774830.909198,116607997.358587,375947903.342,232261918.645437,1347454517.051154,16398332788.632404,3032.319731,81812.14697,49720.877157999996,183928782.49920598,0.0,161997757.25401002
test0_DemHi_FuelHi_REcostHi_SitingLim_BattMd_PolOBBBA,1,2,2,1,2,2,0.0,0.0,0.0,0.0,0.0,0.0,7226.126995,0.0,12994.628099,0.0,90325.219612,27671.46526,26976.467259,142.0,405.8,0.0,24.4,4980.0,0.0,1270.4,5.0,0.0,0.0,0.0,0.0,0.0,0.0,0.0,-1202022.841265,0.0,0.0,0.0,30008120.2923,402422522.142008,193265430.565759,69545970.623055,299655.216,443341.2192,0.0,111342.102176,38868913.483807,0.0,1243210.890878,-1556.727,34478.6,34478.6,0.0,0.0,4604090977.957445,3113859761.313532,1196126940.349354,0.0,0.0,13491685.798355,0.0,790511446.83415,0.0,5013111045.114794,9155175584.324368,0.0,-0.0,0.0,189995979.536632,88699709.391502,375947903.342,184193028.068145,1651511110.350695,26376715172.380974,2679.215298,52062.158900999995,33164.431811,115480605.229013,0.0,106905638.330483
test0_DemHi_FuelHi_REcostHi_SitingOpen_BattHi_PolIRA,2,2,2,0,2,0,0.0,0.0,502.735267,0.0,0.0,0.0,8238.576697,0.0,12994.628099,0.0,91649.997296,8282.179739,38527.943115,142.0,405.8,0.0,24.4,4980.0,0.0,1160.4,5.0,0.0,0.0,264237.656232,0.0,0.0,0.0,0.0,-205854.603113,0.0,0.0,0.0,26050734.039,406569673.910331,61108746.950468,61869684.677831,299140.608,442785.0048,0.0,101131.532569,38094656.16744,0.0,1144024.923818,-1247.889,34478.6,34478.6,0.0,0.0,0.0,0.0,0.0,0.0,0.0,0.0,0.0,250944015.04791,0.0,5390251411.778747,7367500866.375302,0.0,-0.0,-1290514.018959,303753956.076571,222596269.278571,375947903.342,230012345.520199,1217171874.728557,15356888128.128897,2687.684762,70207.75638199999,60455.403302,146487584.164879,0.0,228046281.11242
test0_DemHi_FuelHi_REcostHi_SitingOpen_BattHi_PolOBBBA,2,2,2,1,2,0,0.0,0.0,7578.436144,0.0,0.0,0.0,6815.058446,0.0,12994.628099,0.0,95722.222092,16423.578758,28297.621528,142.0,405.8,0.0,24.4,4980.0,0.0,1270.4,5.0,0.0,0.0,54977264.489062,0.0,0.0,0.0,0.0,-87793.98822,0.0,0.0,-0.0,26050734.039,424885237.135381,65373355.342553,62624584.702339,299140.608,442785.0048,0.0,101131.532569,38086644.771792,0.0,1275564.653427,-1700.925,34478.6,34478.6,0.0,0.0,6775759695.144608,1036534722.03971,1190979860.730856,0.0,0.0,140102446.556311,-703212300.395221,483672386.364156,0.0,5373921564.740194,8345156057.173103,0.0,-0.0,0.0,225678166.920924,239373930.604739,375947903.342,207709896.473295,1467377119.62449,25159001449.319164,2800.025955,64093.440889000005,44283.336987,134846836.156479,0.0,160311274.45318002
test0_DemHi_FuelHi_REcostHi_SitingOpen_BattLo_PolIRA,0,2,2,0,2,0,0.0,0.0,0.0,0.0,0.0,0.0,14249.582878,0.0,12994.628099,0.0,89989.661106,9266.339704,25605.710066,142.0,405.8,0.0,24.4,4980.0,0.0,1160.4,5.0,0.0,0.0,0.0,0.0,0.0,0.0,0.0,-3381219.306256,0.0,0.0,0.0,26050734.039,423057995.570637,68508125.094017,41026716.813527,299140.608,442785.0048,0.0,111696.201888,38996119.73772,0.0,1103915.358469,-695.934,34478.6,34478.6,0.0,0.0,227211505.948382,118991907.468846,0.0,0.0,0.0,0.0,0.0,280179254.88388,0.0,5332578574.466721,7318317406.542624,0.0,-0.0,-1290514.018959,302493835.513206,111750246.172138,375947903.342,224068956.906697,1267495963.73037,15557745040.955902,2736.181223,70398.69089299999,59639.855734000004,150363791.230118,0.0,223712987.468818
test0_DemHi_FuelHi_REcostHi_SitingOpen_BattLo_PolOBBBA,0,2,2,1,2,0,0.0,0.0,7226.134549,0.0,0.0,0.0,14134.009867,0.0,12994.628099,0.0,88834.366495,17544.389068,21091.136369,142.0,405.8,0.0,24.4,4980.0,0.0,1270.4,5.0,0.0,0.0,52251344.476052,0.0,0.0,0.0,0.0,-3320202.876968,0.0,0.0,0.0,26050734.039,410482212.284976,115819391.596079,39439144.077013,299140.608,442785.0048,0.0,112207.905888,39114109.040242,0.0,1130551.025656,-2009.985,34478.6,34478.6,0.0,0.0,2171773229.778157,950440887.349136,304804856.119497,0.0,0.0,44894901.573121,-668345151.204428,679260750.308236,0.0,5241547214.66438,8456321389.456293,0.0,-0.0,0.0,217795561.85998,133558599.995835,375947903.342,202699137.904096,1468223434.786624,19578922715.932926,2795.665803,63693.014229,41452.454206,136009284.03108,0.0,150992692.048135
test0_DemHi_FuelHi_REcostHi_SitingOpen_BattMd_PolIRA,1,2,2,0,2,0,0.0,0.0,328.473633,0.0,0.0,0.0,8391.503734,0.0,12994.628099,0.0,90486.920711,8998.739664,32074.584889,142.0,405.8,0.0,24.4,4980.0,0.0,1160.4,5.0,0.0,0.0,172645.741671,0.0,0.0,0.0,0.0,-1819333.311128,0.0,0.0,0.0,26050734.039,415574537.135869,66529698.054898,50726032.481452,299140.608,442785.0048,0.0,109600.475514,38556028.300556,0.0,1124531.456824,-1243.041,34605.045656,34605.045656,0.0,0.0,0.0,16449036.389136,0.0,0.0,0.0,0.0,0.0,272757581.071723,0.0,5389115960.834177,7370241096.515475,0.0,0.0,-1290514.018959,302565311.828607,139292389.5803,377876884.927398,224270591.759075,1242509357.633762,15333787696.520697,2694.840477,69668.88104000001,59785.047179,147423796.106465,0.0,225050111.75484702
test0_DemHi_FuelHi_REcostHi_SitingOpen_BattMd_PolOBBBA,1,2,2,1,2,0,0.0,0.0,8467.996854,0.0,0.0,0.0,7864.357453,0.0,12994.628099,0.0,92483.91338,15465.636777,24786.78129,142.0,405.8,0.0,24.4,4980.0,0.0,1160.4,5.0,0.0,0.0,61860206.188561,0.0,0.0,0.0,0.0,-1804685.63385,0.0,0.0,0.0,26050734.039,411459458.952872,80269150.559494,60666545.625256,299140.608,442785.0048,0.0,109600.475514,38996119.73772,0.0,1180551.264274,-1456.38,34478.6,34478.6,0.0,0.0,4864066019.80975,1036534722.03971,821796597.942988,0.0,0.0,62138906.402464,-791251771.092314,571665269.627952,0.0,5307662893.578588,8429212453.665793,0.0,-0.0,0.0,219333925.740237,145569582.053233,375947903.342,202275811.97367,1495566750.655289,22740519065.73936,2736.269946,63575.8776,42606.350631,135100581.692148,0.0,154395508.515782
test0_DemHi_FuelHi_REcostHi_SitingRef_BattHi_PolIRA,2,2,2,0,2,1,0.0,0.0,1593.28656,0.0,0.0,0.0,9375.015287,0.0,12994.628099,0.0,83112.429113,6282.945588,47584.991246,142.0,405.8,0.0,24.4,4980.0,0.0,1160.4,5.0,0.0,0.0,8677846.045598,0.0,0.0,0.0,0.0,-290542.817221,0.0,0.0,0.0,26920965.006,383843753.813205,46389249.135164,88847735.675702,299450.736,442984.704,0.0,99190.809096,37881676.42455,0.0,1113704.602829,-1314.123,34478.6,34478.6,0.0,0.0,0.0,0.0,0.0,0.0,0.0,0.0,-110904912.488805,223885940.153222,0.0,5328266024.976494,7517962548.636051,0.0,-0.0,0.0,307891133.475857,229668399.12121,375947903.342,234973571.462893,1296817584.525196,15404508193.20412,2889.191474,77381.982011,57936.514574999994,171161114.766073,0.0,205660053.16917098
test0_DemHi_FuelHi_REcostHi_SitingRef_BattHi_PolOBBBA,2,2,2,1,2,1,0.0,0.0,9347.111723,0.0,0.0,0.0,7899.299753,0.0,12994.628099,0.0,90681.145439,16784.685512,33310.775808,142.0,405.8,0.0,24.4,4980.0,0.0,1270.4,5.0,0.0,0.0,68606800.888916,0.0,0.0,0.0,0.0,-118709.090567,0.0,0.0,0.0,26920965.006,401775144.180743,72238536.842631,89488267.790108,299450.736,442984.704,0.0,99174.643764,37860931.79604,0.0,1407723.039293,-1770.753,34478.6,34478.6,0.0,0.0,3884272044.061548,1416740850.890077,341398182.04849,0.0,0.0,0.0,-877641147.110285,565327211.506289,0.0,5333938563.057343,8826066394.62185,0.0,-0.0,0.0,213583116.848468,195561496.5845,375947903.342,205727106.058523,1610279852.7572,22091201574.666,2774.30799,63556.635051000005,39360.666031,136877361.15751502,0.0,133760423.992239
test0_DemHi_FuelHi_REcostHi_SitingRef_BattLo_PolIRA,0,2,2,0,2,1,0.0,0.0,0.0,0.0,0.0,0.0,16587.423025,0.0,12994.628099,0.0,90456.169168,7053.137203,25765.725035,142.0,405.8,0.0,24.4,4980.0,0.0,1160.4,5.0,0.0,0.0,0.0,0.0,0.0,0.0,0.0,-4418328.459505,0.0,0.0,0.0,26920965.006,431213057.448638,52124771.659767,44368989.134419,299450.736,442984.704,0.0,110311.351716,39040761.22992,0.0,1089788.409958,-550.2,34478.6,34478.6,0.0,0.0,504535626.049936,120046332.878406,112068319.972929,0.0,0.0,0.0,0.0,213175877.526699,0.0,5235998289.224203,7265623037.321494,0.0,0.0,0.0,300718733.77646,96299886.62297,375947903.342,225934652.393807,1263403981.885492,15713752640.994394,2761.21599,75109.683314,57027.69706499999,170113915.571885,0.0,209905503.576711
test0_DemHi_FuelHi_REcostHi_SitingRef_BattLo_PolOBBBA,0,2,2,1,2,1,0.0,0.0,0.0,0.0,0.0,0.0,12335.176373,0.0,12994.628099,0.0,88441.382747,25154.509309,25101.016765,142.0,405.8,0.0,24.4,4980.0,0.0,1242.83351,5.0,0.0,0.0,0.0,0.0,0.0,0.0,0.0,-2605665.184549,0.0,0.0,0.0,26920965.006,411788040.531125,181350931.774154,47410657.744637,299450.736,442984.704,0.0,110311.351716,39040761.22992,0.0,1195800.078492,-1435.095,34478.6,34478.6,0.0,0.0,5508751054.868196,1272329590.890861,1080375188.268267,0.0,0.0,91875941.864286,0.0,741702242.099588,0.0,5065798099.679803,8807471694.55276,0.0,-0.0,0.0,191670109.680521,75560888.132289,375947903.342,191041950.847093,1550155477.83253,24952680142.0582,2573.562203,54791.540151,38957.747365,124073578.966517,0.0,139978274.10877803
test0_DemHi_FuelHi_REcostHi_SitingRef_BattMd_PolIRA,1,2,2,0,2,1,0.0,0.0,0.0,0.0,0.0,0.0,10389.710252,0.0,12994.628099,0.0,88231.794852,6617.123113,34983.970283,142.0,405.8,0.0,24.4,4980.0,0.0,1160.4,5.0,0.0,0.0,0.0,-0.0,0.0,0.0,0.0,-2626163.917252,0.0,0.0,0.0,26920965.006,419261393.966348,48902498.476993,61928528.34436,299450.736,442984.704,0.0,108170.187756,38431091.645231,0.0,1090918.01516,-1469.841,34478.6,34478.6,0.0,0.0,0.0,0.0,0.0,0.0,0.0,0.0,0.0,199997672.778824,0.0,5235335923.55293,7372012114.790811,0.0,-0.0,0.0,299415226.015994,123183443.968145,375947903.342,227837985.262589,1304293567.754456,15138023837.465748,2753.127914,74107.035873,57172.496493,166212928.190538,0.0,210283049.837398
test0_DemHi_FuelHi_REcostHi_SitingRef_BattMd_PolOBBBA,1,2,2,1,2,1,0.0,0.0,0.0,0.0,0.0,0.0,9988.713204,0.0,12994.628099,0.0,89680.011006,27790.904505,24552.363433,142.0,405.8,0.0,24.4,4980.0,0.0,1270.4,5.0,0.0,0.0,0.0,0.0,0.0,0.0,0.0,-2297274.043393,0.0,0.0,0.0,26920965.006,410663389.354587,186777631.470778,47555153.644378,299450.736,442984.704,0.0,110311.351716,39040761.22992,0.0,1195507.639512,-1609.245,34478.6,34478.6,0.0,0.0,4972468620.341915,1532571698.945846,993498482.617668,0.0,0.0,0.0,0.0,763910005.219726,0.0,5177085259.25988,8839022646.125454,0.0,-0.0,0.0,187939865.567325,79880334.628659,375947903.342,189730811.709584,1551713607.010744,24663769234.7688,2578.702283,53007.897008,39138.111793000004,119291676.43945399,0.0,139968578.135114
test0_DemHi_FuelHi_REcostLo_SitingLim_BattHi_PolIRA,2,2,2,0,0,2,0.0,0.0,0.0,0.0,0.0,0.0,5946.607721,0.0,12994.628099,0.0,53128.500602,0.0,72922.880476,142.0,405.8,0.0,24.4,4980.0,0.0,1160.4,5.0,0.0,0.0,0.0,0.0,0.0,0.0,0.0,-735554.067653,0.0,0.0,0.0,30008120.2923,220066425.538205,0.0,85725055.158308,299655.216,443341.2192,0.0,91660.707426,36998185.804088,0.0,1059315.60325,-2432.9895,42220.809933,42220.809933,0.0,0.0,499145457.872908,712943767.036912,83263577.487814,0.0,0.0,0.0,0.0,0.0,0.0,5401647932.425263,4556965673.057398,0.0,0.0,-408771513.348105,464760184.307947,268679040.637285,451476123.995488,282610850.026364,856629735.644238,13169350829.143509,3596.059054,105424.800788,96159.90371400001,250140211.541728,0.0,335336429.90658
test0_DemHi_FuelHi_REcostLo_SitingLim_BattHi_PolOBBBA,2,2,2,1,0,2,0.0,0.0,0.0,0.0,0.0,0.0,6338.705476,0.0,12994.628099,0.0,79079.21642,3764.930163,47722.88583,142.0,405.8,0.0,24.4,4980.0,0.0,1158.9,5.0,0.0,0.0,0.0,0.0,0.0,-0.0,0.0,-324185.154196,0.0,0.0,0.0,30008120.2923,341038929.014256,27286055.118657,63345255.821368,299655.216,443341.2192,0.0,96903.527634,37239167.221535,0.0,1085132.115523,-2401.55625,34478.6,34478.6,0.0,0.0,6315501359.814793,70784040.3849,2030414997.932503,0.0,0.0,0.0,0.0,111592407.198039,0.0,4960377780.601985,6111517453.062856,0.0,-0.0,0.0,353082324.817715,228258854.838153,375947903.342,236496152.279938,999399928.956484,21793373203.229366,3222.864915,80251.921856,73888.231998,195855313.6079,0.0,262297654.40187198
test0_DemHi_FuelHi_REcostLo_SitingLim_BattLo_PolIRA,0,2,2,0,0,2,0.0,1157.37246,0.0,0.0,0.0,0.0,30496.086526,342.062539,12994.628099,0.0,63407.51064,0.0,46015.850281,142.0,405.8,0.0,24.4,4980.0,0.0,1270.4,5.0,0.0,608314.964816,0.0,0.0,0.0,0.0,0.0,-10672639.850967,179788.070602,0.0,0.0,30008120.2923,259624818.464225,0.0,39993391.369846,299655.216,443341.2192,0.0,102351.494081,37763117.953803,0.0,983195.037923,-2368.47,41453.698245,41453.698245,0.0,0.0,4363258195.811712,85681654.443338,1056689113.777792,0.0,0.0,0.0,0.0,11222944.419526,0.0,5664430885.276423,4229146059.591194,0.0,0.0,-476169726.670293,454864253.68857,149352150.774901,442789037.141399,282682746.188316,729955219.168523,16993902533.611404,2681.138192,126171.695478,82010.334444,310212288.862529,0.0,290536326.46061295
test0_DemHi_FuelHi_REcostLo_SitingLim_BattLo_PolOBBBA,0,2,2,1,0,2,0.0,0.0,0.0,0.0,0.0,0.0,12302.784505,0.0,12994.628099,0.0,87164.170741,788.403693,34954.930385,142.0,405.8,0.0,24.4,4980.0,0.0,1158.9,5.0,0.0,0.0,0.0,0.0,0.0,0.0,0.0,-3026144.000078,0.0,0.0,0.0,30008120.2923,381690249.803021,5817643.468484,47981674.213444,299655.216,443341.2192,0.0,96903.527634,37660645.7451,0.0,1050166.664127,-2388.90975,34478.6,34478.6,0.0,0.0,5938646606.236647,0.0,1694317528.390307,0.0,0.0,0.0,0.0,23792550.298859,0.0,4879050630.876935,6046364894.910046,0.0,0.0,0.0,332956915.352874,158202228.303624,375947903.342,234090417.570239,944582718.187333,20627952393.46886,3065.119821,81384.70628099999,70687.369721,200664027.64893898,0.0,256172373.193794
test0_DemHi_FuelHi_REcostLo_SitingLim_BattMd_PolIRA,1,2,2,0,0,2,0.0,0.0,0.0,0.0,0.0,0.0,9882.34457,0.0,12994.628099,0.0,51833.932874,0.0,67730.611624,142.0,405.8,0.0,24.4,4980.0,0.0,1160.4,5.0,0.0,0.0,0.0,0.0,0.0,0.0,0.0,-3206258.599481,0.0,0.0,0.0,30008120.2923,224025862.955289,0.0,83984827.565839,299655.216,443341.2192,0.0,94287.18327,37217625.399402,0.0,1042605.7133,-1927.062,41941.184485,41941.184485,0.0,0.0,728018261.696255,405104960.006783,87401071.514003,0.0,0.0,0.0,0.0,0.0,0.0,5411530702.808021,4593184120.325017,0.0,0.0,-453689718.194716,457602286.230644,106419533.719487,448656693.849189,280856135.689584,866643271.328555,12931727318.972822,3121.066154,108454.04625,93804.79982900001,257612884.23249403,0.0,327966189.748934
test0_DemHi_FuelHi_REcostLo_SitingLim_BattMd_PolOBBBA,1,2,2,1,0,2,0.0,0.0,0.0,0.0,0.0,0.0,6862.571938,0.0,12994.628099,0.0,81332.522639,1989.330542,43600.285763,142.0,405.8,0.0,24.4,4980.0,0.0,1160.4,5.0,0.0,0.0,0.0,0.0,0.0,0.0,0.0,-1282256.249907,0.0,0.0,0.0,30008120.2923,352679349.127347,14679301.896857,61697221.232331,299655.216,443341.2192,0.0,96903.527634,37611214.052607,0.0,1105974.817958,-2431.17,34478.6,34478.6,0.0,0.0,6287110559.564331,43309124.558949,1792438278.31038,0.0,0.0,0.0,0.0,60034278.591518,0.0,4912486355.661459,6052844261.15409,0.0,-0.0,0.0,343226925.978158,188813563.582219,375947903.342,234570237.308122,972556403.468894,21263337891.52012,3133.130816,80593.982434,73412.090027,196853445.330147,0.0,264796247.02355605
test0_DemHi_FuelHi_REcostLo_SitingOpen_BattHi_PolIRA,2,2,2,0,0,0,0.0,0.0,0.0,0.0,0.0,0.0,7344.137236,0.0,12994.628099,0.0,74695.439396,0.0,53880.933792,142.0,405.8,0.0,24.4,4980.0,0.0,1115.4,5.0,0.0,0.0,0.0,0.0,0.0,0.0,0.0,-582371.173797,0.0,0.0,0.0,26050734.039,286538194.030733,0.0,30755648.05878,299140.608,442785.0048,0.0,92826.723763,36922041.234111,0.0,875268.294771,-2842.071,46137.605043,46137.605043,0.0,0.0,0.0,0.0,0.0,0.0,6024248.173616,0.0,0.0,0.0,0.0,5463886104.371123,4341146131.04307,3826810.62118,-0.0,-117804675.880214,441846991.375224,543271834.757739,519407205.737333,285141796.393234,661860390.871319,12148606837.463623,3302.506756,102839.47614999999,92747.044663,232176158.85203302,0.0,359129502.189241
test0_DemHi_FuelHi_REcostLo_SitingOpen_BattHi_PolOBBBA,2,2,2,1,0,0,0.0,0.0,0.0,0.0,0.0,0.0,6111.485327,0.0,12994.628099,0.0,87861.480049,3047.383126,40322.22911,142.0,405.8,0.0,24.4,4980.0,0.0,1205.185036,5.0,0.0,0.0,0.0,0.0,0.0,0.0,0.0,-485373.838463,0.0,0.0,0.0,26050734.039,375349792.234688,22529986.063435,40852825.709194,299140.608,442785.0048,0.0,97050.07486,37695710.55294,0.0,1051310.039884,-1380.258,36108.847843,36108.847843,0.0,0.0,4638988544.545319,111907930.1715,1703253838.152967,0.0,0.0,0.0,0.0,92141402.193309,0.0,4912103821.889462,6070606778.788319,0.0,-0.0,0.0,334334455.757188,294615687.446487,389584144.027795,224346694.242939,959285134.619332,19731168431.834614,2550.325315,70626.835924,74364.32208,164388274.47661802,0.0,302412125.90867305
test0_DemHi_FuelHi_REcostLo_SitingOpen_BattLo_PolIRA,0,2,2,0,0,0,0.0,0.0,0.0,102.044155,635.510168,0.0,19857.296982,0.0,12994.628099,543.917225,75820.462614,0.0,40165.941194,142.0,405.8,0.0,24.4,4980.0,0.0,1270.4,5.0,0.0,0.0,0.0,53634.407929,0.0,334024.144179,0.0,-6417227.756647,0.0,0.0,0.0,26050734.039,289136593.12995,0.0,22970134.938167,299140.608,442785.0048,0.0,101778.184392,38191554.31122,0.0,1003623.669735,-2359.401,46785.244928,46785.244928,0.0,0.0,30838419.446196,0.0,0.0,0.0,0.0,0.0,0.0,0.0,9658104.275085,5529041424.78956,4248333073.006208,3594538.692079,6682620.620015,-124308998.060666,435455695.228812,204754357.086601,529429066.03591,282914066.093093,652294896.269377,11808687263.482271,2916.729251,104364.407701,89446.852222,236385667.063263,0.0,365602425.910941
test0_DemHi_FuelHi_REcostLo_SitingOpen_BattLo_PolOBBBA,0,2,2,1,0,0,0.0,0.0,0.0,0.0,0.0,0.0,9794.191933,0.0,12994.628099,0.0,89778.618219,2356.459562,33431.678038,142.0,405.8,0.0,24.4,4980.0,0.0,1160.4,5.0,0.0,0.0,0.0,0.0,0.0,0.0,0.0,-2649089.300298,0.0,0.0,0.0,26050734.039,386996201.13847,17421833.389955,28015809.928416,299140.608,442785.0048,0.0,103738.962943,37804680.092867,0.0,1034692.85744,-1662.009,35989.992570999995,35989.992570999995,0.0,0.0,4521344163.348803,12082417.17624,1746510600.742573,0.0,0.0,0.0,0.0,71250472.717067,0.0,4862003866.454495,5923812868.078218,0.0,-0.0,0.0,332104782.990242,257646093.443232,388589976.72784,223680866.855926,905943307.941621,19244969416.476257,2512.526067,73139.90127100001,71731.568073,171915932.96792302,0.0,303332356.83968
test0_DemHi_FuelHi_REcostLo_SitingOpen_BattMd_PolIRA,1,2,2,0,0,0,0.0,0.0,0.0,0.0,0.0,0.0,8923.312952,0.0,12994.628099,0.0,74061.267232,0.0,49521.437197,142.0,405.8,0.0,24.4,4980.0,0.0,1114.1,5.0,0.0,0.0,0.0,0.0,0.0,0.0,0.0,-2898150.942647,0.0,0.0,0.0,26050734.039,268144935.632086,0.0,26436377.312131,299140.608,442785.0048,0.0,101778.184392,37713294.637045,0.0,828595.912642,-2526.117,50798.047645,50798.047645,0.0,0.0,48592336.379893,0.0,0.0,0.0,1069743.722078,0.0,0.0,0.0,0.0,5492279288.175766,4033496565.704711,5526868.163614,0.0,-194579469.676675,449157170.030524,450539570.894527,583351296.467988,292163800.686932,584711728.61943,11746308899.168789,3162.285566,109508.148971,90279.611778,246290105.62181398,0.0,370424597.617081
test0_DemHi_FuelHi_REcostLo_SitingOpen_BattMd_PolOBBBA,1,2,2,1,0,0,0.0,0.0,0.0,0.0,0.0,0.0,7749.988586,0.0,12994.628099,0.0,87087.2682,2370.835301,37647.677561,142.0,405.8,0.0,24.4,4980.0,0.0,1115.4,5.0,0.0,0.0,0.0,0.0,0.0,0.0,0.0,-1973266.616639,0.0,0.0,0.0,26050734.039,376115349.355222,17528116.447029,33043916.741984,299140.608,442785.0048,0.0,97050.07486,37589655.061666,0.0,969311.191316,-1662.009,35755.918492,35755.918492,0.0,0.0,4682868182.12796,111907930.1715,1820632986.33338,0.0,0.0,0.0,0.0,71685140.980092,0.0,4899567273.007687,5884515416.651023,0.0,0.0,0.0,336827843.605102,281874847.995949,386632059.418523,224980801.831875,918264112.517107,19619756594.6402,2510.351865,73677.112063,73311.85878699999,173037143.059156,0.0,307622381.033675
test0_DemHi_FuelHi_REcostLo_SitingRef_BattHi_PolIRA,2,2,2,0,0,1,0.0,0.0,0.0,0.0,0.0,0.0,7646.852563,0.0,12994.628099,0.0,59087.660289,0.0,68449.578364,142.0,405.8,0.0,24.4,4980.0,0.0,1160.4,5.0,0.0,0.0,0.0,0.0,0.0,0.0,-0.0,-686250.23279,0.0,0.0,0.0,26920965.006,238907777.621437,0.0,67548535.213105,299450.736,442984.704,0.0,92267.25531,37162903.18572,0.0,1014091.092265,-2887.503,45499.297334,45499.297334,0.0,0.0,0.0,0.0,0.0,0.0,0.0,0.0,0.0,0.0,0.0,5471407502.372187,4454656608.4009,2908473.611506,-0.0,-193475339.824616,447206887.270736,567073730.964366,487108097.61329,289484626.111241,788586693.987646,12314957280.507254,3437.668294,113200.12685199999,91309.302484,264803605.255507,0.0,336485755.65189904
test0_DemHi_FuelHi_REcostLo_SitingRef_BattHi_PolOBBBA,2,2,2,1,0,1,0.0,0.0,0.0,0.0,0.0,0.0,7555.48175,0.0,12994.628099,0.0,77947.147713,5178.520185,47083.370543,142.0,405.8,0.0,24.4,4980.0,0.0,1160.4,5.0,0.0,0.0,0.0,0.0,0.0,0.0,0.0,-541355.458253,0.0,0.0,0.0,26920965.006,345863406.947035,38234878.79171,58483671.47219,299450.736,442984.704,0.0,96232.952994,37566472.99212,0.0,1059553.703373,-1493.991,34860.184483,34860.184483,0.0,0.0,3719504407.768214,111907930.1715,1533593932.27812,0.0,0.0,0.0,0.0,156370063.196668,0.0,4962456583.589067,6253685425.105968,0.0,-0.0,0.0,323983830.217703,342230388.930914,378530787.290006,230610296.324218,1054807332.712962,19067680977.585342,2733.503734,76109.260615,74583.183582,184865289.93329,0.0,278173901.86449105
test0_DemHi_FuelHi_REcostLo_SitingRef_BattLo_PolIRA,0,2,2,0,0,1,0.0,1188.381956,0.0,106.173295,1736.432006,8.364895,27518.385077,467.584856,12994.628099,585.171197,70636.998248,0.0,41026.564842,142.0,405.8,0.0,24.4,4980.0,0.0,1270.4,5.0,0.0,624613.55624,0.0,55804.683831,0.0,912668.662422,4396.588854,-9785177.101535,245762.60057,0.0,0.0,26920965.006,284695968.447879,0.0,26242178.548391,299450.736,442984.704,0.0,102210.702096,38065968.043034,0.0,987207.69436,-1911.375,43283.149313,43283.149313,0.0,0.0,3332041557.339978,111907930.1715,106214809.465064,0.0,0.0,0.0,0.0,12198183.582214,10390633.31914,5753575771.118919,4283335232.888068,2852022.935224,17010222.492927,-143412837.022433,439292797.277383,200302526.637099,469247962.453123,286033722.749076,704944161.464793,15585934696.872076,2944.007853,116328.95463700002,86807.151404,278465283.849005,0.0,327419696.149313
test0_DemHi_FuelHi_REcostLo_SitingRef_BattLo_PolOBBBA,0,2,2,1,0,1,0.0,0.0,0.0,0.0,0.0,0.0,13950.684053,0.0,12994.628099,0.0,76510.933082,5281.906179,39292.260431,142.0,405.8,0.0,24.4,4980.0,0.0,1160.4,5.0,0.0,0.0,0.0,0.0,0.0,0.0,0.0,-4141931.517425,0.0,0.0,0.0,26920965.006,346298565.613287,38079796.959249,41536238.413996,299450.736,442984.704,0.0,106044.982656,38253562.000225,0.0,1015235.016266,-1493.991,34585.007297,34585.007297,0.0,0.0,4709472216.359466,41123889.7866,1739070331.488274,0.0,0.0,23176367.388708,0.0,155735821.459572,0.0,4992307642.459824,5963757975.407902,0.0,-0.0,0.0,330285052.80841,201788365.889217,376420977.413394,229888638.385628,983763480.231468,19746790759.078465,2603.556305,79971.133913,76017.475538,197429207.087546,0.0,285601204.335655
test0_DemHi_FuelHi_REcostLo_SitingRef_BattMd_PolIRA,1,2,2,0,0,1,0.0,0.0,0.0,0.0,0.0,0.0,9367.084068,0.0,12994.628099,0.0,59126.135426,0.0,62122.072839,142.0,405.8,0.0,24.4,4980.0,0.0,1160.4,5.0,0.0,0.0,0.0,-0.0,0.0,0.0,0.0,-3050553.496434,0.0,0.0,0.0,26920965.006,250393646.294213,0.0,55985840.180742,299450.736,442984.704,0.0,94468.376256,37306565.094387,0.0,997976.753429,-2887.503,44686.60702,44686.60702,0.0,0.0,306443196.03189,70784040.3849,0.0,0.0,0.0,0.0,0.0,0.0,0.0,5468669249.384829,4393930416.270708,2893418.283733,-0.0,-160741561.372793,444683829.404163,466639785.622662,478353247.054548,285287827.849515,770478548.272346,12527421997.186502,3340.936029,114164.977788,90515.874844,268832755.512412,0.0,334652732.95795
test0_DemHi_FuelHi_REcostLo_SitingRef_BattMd_PolOBBBA,1,2,2,1,0,1,0.0,0.0,0.0,0.0,0.0,0.0,7717.240267,0.0,12994.628099,0.0,77998.824659,4879.933059,42692.36591,142.0,405.8,0.0,24.4,4980.0,0.0,1160.4,5.0,0.0,0.0,0.0,0.0,0.0,0.0,0.0,-2078825.23998,0.0,0.0,0.0,26920965.006,348821230.719438,36030302.547433,54058401.588081,299450.736,442984.704,0.0,96742.36653,37592621.903048,0.0,1068661.263993,-1493.991,34910.056537,34910.056537,0.0,0.0,4106230037.144133,111907930.1715,1710591409.700638,0.0,0.0,0.0,0.0,147353957.025197,0.0,4953045704.207888,6182204270.176734,0.0,-0.0,0.0,325391442.998311,272894122.51569,377866107.329542,226499587.263432,1037558814.009842,19451543382.542904,2681.830608,77118.475706,74409.164416,189635318.691273,0.0,278627300.476492
test0_DemHi_FuelHi_REcostMd_SitingLim_BattHi_PolIRA,2,2,2,0,1,2,0.0,0.0,0.0,0.0,0.0,0.0,5676.579205,0.0,12994.628099,0.0,60157.994786,2924.400946,66627.927029,142.0,405.8,0.0,24.4,4980.0,0.0,1160.4,5.0,0.0,0.0,0.0,0.0,0.0,0.0,0.0,-263201.082934,0.0,0.0,0.0,30008120.2923,292884469.293631,21579201.372068,121370364.154272,299655.216,443341.2192,0.0,94287.18327,37295207.1045,0.0,1167007.717269,-2095.098,34545.40027,34545.40027,0.0,0.0,0.0,263970735.13427,0.0,0.0,0.0,0.0,0.0,88252956.172977,0.0,5270760719.15401,6540881015.602763,0.0,0.0,-346168896.691376,374751468.827022,156841371.750189,376175648.17336,259720908.156969,1232005351.148922,14217191277.429106,3198.403953,95451.388307,70296.590692,219428232.23353198,0.0,233818200.92023504
test0_DemHi_FuelHi_REcostMd_SitingLim_BattHi_PolOBBBA,2,2,2,1,1,2,0.0,0.0,0.0,0.0,0.0,0.0,6130.266359,0.0,12994.628099,0.0,96231.339562,9054.309017,28598.748648,142.0,405.8,0.0,24.4,4980.0,0.0,1270.4,5.0,0.0,0.0,0.0,-0.0,0.0,0.0,0.0,-170386.049106,0.0,0.0,0.0,30008120.2923,417868666.979603,58537901.40056,63180188.395552,299655.216,443341.2192,0.0,100884.403638,38073340.07766,0.0,1436028.74143,-2075.39025,34478.6,34478.6,0.0,0.0,14317891262.858831,0.0,3975034914.8025,0.0,0.0,143521594.902626,0.0,239403801.729602,0.0,4988546401.455955,7415340669.158993,0.0,-0.0,0.0,274871899.172621,163299934.109599,375947903.342,207010762.14826,1250213124.500508,33351082268.181496,2893.821482,66167.730394,57760.610531,154520447.450492,0.0,193992595.35712
test0_DemHi_FuelHi_REcostMd_SitingLim_BattLo_PolIRA,0,2,2,0,1,2,0.0,0.0,0.0,0.0,0.0,0.0,29412.928378,0.0,12994.628099,0.0,73430.104414,4805.705925,36842.528733,142.0,405.8,0.0,24.4,4980.0,0.0,1270.4,5.0,0.0,0.0,0.0,0.0,0.0,0.0,0.0,-9131506.907656,0.0,0.0,0.0,30008120.2923,320685060.415054,34299854.9273,55330548.534271,299655.216,443341.2192,0.0,104245.895765,38430199.26162,0.0,1075679.626183,-1152.498,35128.495165,35128.495165,0.0,0.0,2906619877.630312,93985649.793882,930111046.767735,0.0,0.0,0.0,0.0,140276905.592843,0.0,5584936860.158863,5760303966.279655,0.0,-0.0,-310741425.688662,383079915.661117,116641117.317949,381383964.449659,260206744.506589,1007319625.96954,17254124248.439487,2681.077027,113908.211624,62316.423917,274638109.066427,0.0,212364266.90867501
test0_DemHi_FuelHi_REcostMd_SitingLim_BattLo_PolOBBBA,0,2,2,1,1,2,0.0,0.0,0.0,0.0,0.0,0.0,13474.088795,0.0,12994.628099,0.0,98405.072675,5529.016659,21811.722768,142.0,405.8,0.0,24.4,4980.0,0.0,1160.4,5.0,0.0,0.0,0.0,0.0,0.0,0.0,0.0,-3042140.804843,0.0,0.0,0.0,30008120.2923,443442332.930182,40552121.265679,56783427.427081,299655.216,443341.2192,0.0,102874.84164,38283589.79082,0.0,1753627.014038,-2765.4165,34478.6,34478.6,0.0,0.0,9879154982.617657,0.0,2974109606.592695,0.0,0.0,0.0,0.0,165846943.039036,0.0,4841295393.317099,7476155097.121673,0.0,0.0,0.0,262497092.497341,153891575.90625,375947903.342,208320106.400748,1230949508.453901,27568168209.2884,2577.054041,74100.574222,49773.965209,180489122.041685,0.0,169302960.21302903
test0_DemHi_FuelHi_REcostMd_SitingLim_BattMd_PolIRA,1,2,2,0,1,2,716.367753,1154.26638,0.0,0.0,0.0,0.0,10206.69295,711.975857,12994.628099,0.0,69558.501238,7335.347473,64049.782248,142.0,405.8,0.0,24.4,4980.0,0.0,1270.4,5.0,376522.891202,606682.409145,0.0,0.0,0.0,0.0,0.0,-2561076.378104,374214.510573,0.0,0.0,30008120.2923,303409378.447751,29619509.605687,88181057.920381,299655.216,443341.2192,0.0,94913.089632,37323512.373031,0.0,1169276.170582,-2095.098,34674.434316,34674.434316,0.0,0.0,5078620813.682606,2679102958.702828,0.0,0.0,0.0,5466323.420577,0.0,134476540.981773,0.0,5859008542.547998,6090019683.896026,0.0,0.0,-304804951.411759,372254803.155781,168444811.581237,377585963.392694,259633247.84865,1121545033.806163,21841353771.604576,3399.853758,99514.29649499999,70606.45256199999,230020939.083691,0.0,239065070.37406498
test0_DemHi_FuelHi_REcostMd_SitingLim_BattMd_PolOBBBA,1,2,2,1,1,2,0.0,0.0,0.0,0.0,0.0,0.0,6766.741207,0.0,12994.628099,0.0,96186.781816,6309.413398,27545.452717,142.0,405.8,0.0,24.4,4980.0,0.0,1270.4,5.0,0.0,0.0,0.0,0.0,0.0,0.0,0.0,-1116336.654591,0.0,0.0,0.0,30008120.2923,431763593.334692,45045426.016567,66974407.829853,299655.216,443341.2192,0.0,100884.403638,38073340.07766,0.0,1917028.253822,-2567.76675,34478.6,34478.6,0.0,0.0,10920481891.492086,0.0,2952997837.922568,0.0,0.0,106017882.309253,0.0,184223314.824751,0.0,4857124753.113958,7571916410.747704,0.0,0.0,0.0,258445267.786213,175332467.738023,375947903.342,207262473.139192,1274338342.301792,28884088544.717537,2888.4003,68362.126044,53272.617869,164375251.239534,0.0,180539745.927527
test0_DemHi_FuelHi_REcostMd_SitingOpen_BattHi_PolIRA,2,2,2,0,1,0,0.0,0.0,0.0,0.0,0.0,0.0,8236.675789,0.0,12994.628099,0.0,86797.311952,0.0,45053.475317,142.0,405.8,0.0,24.4,4980.0,0.0,1160.4,5.0,0.0,0.0,0.0,0.0,-0.0,0.0,0.0,-313496.646027,0.0,0.0,0.0,26050734.039,379117477.490152,0.0,49225546.975627,299140.608,442785.0048,0.0,97050.07486,37676285.931851,0.0,1045789.807086,-1332.162,37370.381045,37370.381045,0.0,0.0,0.0,0.0,0.0,0.0,0.0,0.0,0.0,0.0,0.0,5329455053.043018,5920851537.191085,54091.296235,-0.0,-43639904.428499,374280612.000742,442570885.080666,397986221.652612,252758259.178429,951262594.17966,13625579349.193949,2977.758347,89059.30517100001,71362.107533,194379054.85615802,0.0,282739472.40146995
test0_DemHi_FuelHi_REcostMd_SitingOpen_BattHi_PolOBBBA,2,2,2,1,1,0,0.0,0.0,0.0,0.0,0.0,0.0,7422.798393,0.0,12994.628099,0.0,93373.998849,10119.400032,32532.476095,142.0,405.8,0.0,24.4,4980.0,0.0,1229.688094,5.0,0.0,0.0,0.0,0.0,0.0,0.0,0.0,-201391.601927,0.0,0.0,0.0,26050734.039,404778531.226077,73664779.698967,41542479.913472,299140.608,442785.0048,0.0,101131.532569,38094656.16744,0.0,1142247.882636,-1247.889,34478.6,34478.6,0.0,0.0,6216944532.982999,126923967.11295,1368879563.068808,0.0,0.0,0.0,0.0,301268543.824796,0.0,5071336103.522981,7112305759.440871,0.0,0.0,0.0,279437182.783438,173938270.249928,375947903.342,211602746.906924,1153016235.304408,22391600808.540104,2510.030066,57422.641959,64100.613024,126830519.65643999,0.0,257348033.401455
test0_DemHi_FuelHi_REcostMd_SitingOpen_BattLo_PolIRA,0,2,2,0,1,0,0.0,0.0,0.0,0.0,0.0,0.0,18985.515731,0.0,12994.628099,0.0,83677.276591,0.0,37104.182858,142.0,405.8,0.0,24.4,4980.0,0.0,1160.4,5.0,0.0,0.0,0.0,0.0,0.0,0.0,0.0,-5284179.110749,0.0,0.0,0.0,26050734.039,378722054.804856,0.0,44580684.574775,299140.608,442785.0048,0.0,106652.420844,38415525.359816,0.0,1101366.385334,-1253.517,36957.828436,36957.828436,0.0,0.0,582061951.83055,126923967.11295,94720882.000174,0.0,0.0,0.0,0.0,0.0,0.0,5378151530.079234,5907013394.082872,71434.22809,-0.0,-43639904.428499,373118805.637326,191219899.724161,398184298.529425,248430620.196819,969862263.488808,14226119142.481909,2924.161349,92940.87117500001,69231.32456800001,210411232.61640698,0.0,276118117.664545
test0_DemHi_FuelHi_REcostMd_SitingOpen_BattLo_PolOBBBA,0,2,2,1,1,0,0.0,0.0,0.0,0.0,0.0,0.0,9348.209685,0.0,12994.628099,0.0,97603.608015,7759.552192,22618.013391,142.0,405.8,0.0,24.4,4980.0,0.0,1160.4,5.0,0.0,0.0,0.0,0.0,0.0,0.0,0.0,-2149068.842279,0.0,0.0,-0.0,26050734.039,425722578.862987,56486125.753675,32927560.75097,299140.608,442785.0048,0.0,112207.905888,39066186.720178,0.0,1076706.936778,-1795.32,34478.6,34478.6,0.0,0.0,5116081994.312484,825521.73732,1460203423.956482,0.0,0.0,0.0,0.0,231012607.675698,0.0,4970886961.716452,7018417627.356222,0.0,-0.0,0.0,279206520.167597,182519489.668898,375947903.342,208773713.104418,1095684561.394999,20939560324.43257,2395.67051,65121.364783,59527.46783,148587857.937867,0.0,241385409.90468496
test0_DemHi_FuelHi_REcostMd_SitingOpen_BattMd_PolIRA,1,2,2,0,1,0,0.0,0.0,0.0,0.0,0.0,0.0,8917.908066,0.0,12994.628099,0.0,86622.846095,0.0,39624.52009,142.0,405.8,0.0,24.4,4980.0,0.0,1160.4,5.0,0.0,0.0,0.0,0.0,0.0,0.0,0.0,-2125810.183906,0.0,0.0,0.0,26050734.039,386088221.191807,0.0,47214980.199144,299140.608,442785.0048,0.0,98183.477899,37816784.5608,0.0,1077499.866879,-1387.734,36601.058302000005,36601.058302000005,0.0,0.0,0.0,0.0,0.0,0.0,0.0,0.0,0.0,0.0,0.0,5295338134.914428,6002133289.904555,75230.446805,0.0,-43631276.070457,366722337.997837,328652616.768486,396571683.163026,247359920.395675,957655276.561423,13550877214.081778,2912.278846,89886.06932499999,68819.060558,199041546.492873,0.0,274877757.181564
test0_DemHi_FuelHi_REcostMd_SitingOpen_BattMd_PolOBBBA,1,2,2,1,1,0,0.0,0.0,0.0,0.0,0.0,0.0,8106.145164,0.0,12994.628099,0.0,96271.400755,7645.039533,25463.5711,142.0,405.8,0.0,24.4,4980.0,0.0,1160.4,5.0,0.0,0.0,0.0,0.0,0.0,0.0,0.0,-1628563.212184,0.0,0.0,0.0,26050734.039,420395950.475382,55652523.979429,36380250.431234,299140.608,442785.0048,0.0,112207.905888,39216190.17142,0.0,1141508.554834,-1940.013,34478.6,34478.6,0.0,0.0,5514268290.767502,825521.73732,1529483694.489996,0.0,0.0,0.0,0.0,227603407.326723,0.0,4993325529.898743,7007310567.879995,0.0,0.0,0.0,281278674.981189,185417467.753321,375947903.342,209459697.136566,1101193184.642402,21426113939.95576,2462.213104,63180.238602,60972.471222,144680062.904926,0.0,247372694.287679
test0_DemHi_FuelHi_REcostMd_SitingRef_BattHi_PolIRA,2,2,2,0,1,1,0.0,0.0,0.0,0.0,0.0,0.0,7287.553717,0.0,12994.628099,0.0,73308.582788,0.0,56875.790782,142.0,405.8,0.0,24.4,4980.0,0.0,1160.4,5.0,0.0,0.0,0.0,0.0,0.0,0.0,0.0,-430861.404416,0.0,0.0,0.0,26920965.006,344396625.006316,0.0,100201812.90485,299450.736,442984.704,0.0,97980.435816,37678664.34252,0.0,1146060.319002,-2097.945,34923.719871999994,34923.719871999994,0.0,0.0,0.0,0.0,0.0,0.0,0.0,0.0,0.0,0.0,0.0,5261974757.887034,6464926878.267395,0.0,-0.0,-3568800.407108,365304092.51856,343198800.969981,379635945.36627,251230595.654587,1141707835.511917,14204410105.768637,2999.801192,92428.908071,68953.212088,212723969.177558,0.0,247756972.42452902
test0_DemHi_FuelHi_REcostMd_SitingRef_BattHi_PolOBBBA,2,2,2,1,1,1,0.0,0.0,0.0,0.0,0.0,0.0,6847.383778,0.0,12994.628099,0.0,83742.247856,11586.622687,40102.72121,142.0,405.8,0.0,24.4,4980.0,0.0,1270.4,5.0,0.0,0.0,0.0,0.0,0.0,0.0,0.0,-266024.042683,0.0,0.0,0.0,26920965.006,368376693.840488,80819795.238917,77551566.079962,299450.736,442984.704,0.0,101316.014196,38067172.375389,0.0,1180462.048931,-1379.565,34478.6,34478.6,0.0,0.0,5079721028.11645,13703660.839512,1298381722.69933,0.0,0.0,19267692.200252,0.0,330530575.443888,0.0,5100259145.445528,7372820661.292812,0.0,0.0,0.0,273124366.349476,184509092.231274,375947903.342,213549844.491549,1297155423.274381,21558971115.72645,2637.389467,65750.192872,61421.85436,153702607.59396598,0.0,223796616.530131
test0_DemHi_FuelHi_REcostMd_SitingRef_BattLo_PolIRA,0,2,2,0,1,1,0.0,0.0,0.0,0.0,0.0,0.0,25406.89948,0.0,12994.628099,0.0,80188.139407,1974.196555,36915.851756,142.0,405.8,0.0,24.4,4980.0,0.0,1270.4,5.0,0.0,0.0,0.0,0.0,0.0,0.0,0.0,-8196141.217475,0.0,0.0,0.0,26920965.006,348345216.447718,10385353.969269,58572430.628447,299450.736,442984.704,0.0,108186.146616,38302975.89232,0.0,1133595.411767,-1236.255,36292.984345,36292.984345,0.0,0.0,2654023077.044174,126923967.11295,742088971.396394,0.0,692982914.023598,162925995.981956,0.0,42473220.991262,0.0,5514958757.151375,5838725923.664755,0.0,-0.0,-62820937.844399,377351590.891223,139419721.996468,391124357.483808,252699435.463827,1005011287.064207,17877888282.4216,2834.22548,104438.653562,65137.78040199999,248612161.90199,0.0,246470694.546027
test0_DemHi_FuelHi_REcostMd_SitingRef_BattLo_PolOBBBA,0,2,2,1,1,1,0.0,0.0,0.0,0.0,0.0,0.0,13004.519767,0.0,12994.628099,0.0,86328.637812,6567.887523,31539.600793,142.0,405.8,0.0,24.4,4980.0,0.0,1158.9,5.0,0.0,0.0,0.0,0.0,0.0,0.0,0.0,-3629889.255655,0.0,0.0,0.0,26920965.006,398809607.652538,48493078.018819,68877139.182617,299450.736,442984.704,0.0,107369.660946,38647373.343053,0.0,1131390.389479,-1619.6535,34478.6,34478.6,0.0,0.0,5834496058.181145,46641978.15858,1683268897.498086,0.0,0.0,0.0,0.0,198323256.514358,0.0,4943058621.450113,7259091326.277111,0.0,-0.0,0.0,277408035.871008,139398528.138251,375947903.342,210929904.6123,1252512414.469493,22221076924.512447,2453.597242,74673.20181299999,55727.48422099999,181532127.979307,0.0,209409328.608196
test0_DemHi_FuelHi_REcostMd_SitingRef_BattMd_PolIRA,1,2,2,0,1,1,0.0,0.0,0.0,0.0,0.0,0.0,7267.268634,0.0,12994.628099,0.0,73760.714141,0.0,52372.293733,142.0,405.8,0.0,24.4,4980.0,0.0,1160.4,5.0,0.0,0.0,0.0,0.0,0.0,0.0,0.0,-1856287.26236,0.0,0.0,0.0,26920965.006,344314780.950645,0.0,95366004.338172,299450.736,442984.704,0.0,97980.435816,37650840.863554,0.0,1129458.597586,-2163.387,34657.68767,34657.68767,0.0,0.0,147026445.784046,0.0,0.0,0.0,0.0,0.0,0.0,0.0,0.0,5265351713.996316,6350279402.869067,0.0,0.0,-34742047.2524,369097504.924183,255460534.139126,376974889.750483,249389644.669781,1127214159.651668,14106052248.53227,3180.986222,93248.19508599999,69116.812335,216841117.425065,0.0,250093948.653279
test0_DemHi_FuelHi_REcostMd_SitingRef_BattMd_PolOBBBA,1,2,2,1,1,1,0.0,0.0,0.0,0.0,0.0,0.0,7511.673886,0.0,12994.628099,0.0,87741.954933,9188.298526,32133.494086,142.0,405.8,0.0,24.4,4980.0,0.0,1160.4,5.0,0.0,0.0,0.0,0.0,0.0,-0.0,0.0,-1736766.758795,0.0,0.0,0.0,26920965.006,387491875.411966,66242854.457692,68754702.39986,299450.736,442984.704,0.0,108432.263496,38648304.798166,0.0,1139057.04858,-1838.061,34478.6,34478.6,0.0,0.0,5332830774.346564,13703660.839512,1562104867.457523,0.0,0.0,48000919.448597,0.0,270914925.461274,0.0,5029793153.65611,7271199604.300949,0.0,-0.0,0.0,274632516.929715,161841502.138949,375947903.342,210184254.912334,1242560652.10784,21793714734.94137,2547.02538,68016.610667,60136.327936,162268780.405834,0.0,220377524.084631
test0_DemHi_FuelLo_REcostHi_SitingLim_BattHi_PolIRA,2,2,0,0,2,2,1391.955429,0.0,0.0,0.0,0.0,0.0,5663.67714,3063.965017,12994.628099,0.0,61051.939941,0.0,61503.58229,142.0,405.8,0.0,24.4,4980.0,0.0,129.196832,5.0,4045750.469088,0.0,0.0,0.0,0.0,0.0,0.0,-1207201.710632,19122592.440824,0.0,0.0,30008120.2923,144148574.637762,0.0,32326282.851527,272922.864,443341.2192,0.0,98274.581759,37748578.578284,0.0,67905.855061,-2685.66075,53693.512395,53693.512395,0.0,0.0,15772036371.090857,42071573.841444,3730006573.356958,0.0,740670367.035988,112501140.470056,0.0,210681769.611086,0.0,7150089671.439844,8117826099.609355,0.0,-0.0,-981671684.768929,618906258.139522,772830870.89505,550545140.45698,322516254.129022,522316313.565782,37681326718.87301,3032.381621,130749.112451,129986.097333,293215567.541826,0.0,400530875.421358
test0_DemHi_FuelLo_REcostHi_SitingLim_BattHi_PolOBBBA,2,2,0,1,2,2,1771.259861,0.0,0.0,0.0,0.0,0.0,5512.001898,4506.245684,12994.628099,0.0,64009.944127,0.0,57455.544257,142.0,405.8,0.0,24.4,4980.0,0.0,110.09259,5.0,6148925.063494,0.0,0.0,0.0,0.0,0.0,0.0,-1184900.202187,28299961.917738,0.0,0.0,30008120.2923,148487785.45287,0.0,30198634.061393,272922.864,443341.2192,0.0,97648.675397,37320823.093964,0.0,57864.665106,-3056.47275,49641.373484,49641.373484,0.0,0.0,16477852913.435509,42071573.841444,4061826354.358588,0.0,657876286.633483,13882978.987738,0.0,312041991.240684,0.0,7111409982.476671,8299309777.406047,0.0,-0.0,0.0,598836784.417728,815598217.839174,522001605.285326,316056166.671425,604075484.919608,39832840117.51342,2737.495113,129443.10041600002,124147.669924,288777774.5050889,0.0,391506248.18325603
test0_DemHi_FuelLo_REcostHi_SitingLim_BattLo_PolIRA,0,2,0,0,2,2,735.313241,4483.937368,0.0,0.0,0.0,0.0,35918.455574,3695.265627,12994.628099,0.0,53239.486586,0.0,45491.353899,142.0,405.8,0.0,24.4,4980.0,0.0,1115.4,5.0,3388330.030379,2356757.480371,0.0,0.0,0.0,0.0,0.0,-11725874.663833,21446948.476141,0.0,0.0,30008120.2923,102416509.07745,0.0,23910255.609526,299655.216,443341.2192,0.0,102351.494081,37985785.78374,0.0,586254.24,-2368.47,55513.84874300001,55513.84874300001,0.0,0.0,17659778098.228535,0.0,4149865621.624025,0.0,1920635324.511863,993720727.520294,0.0,272341758.810207,0.0,7722282623.631912,6078264724.582102,0.0,-0.0,-1622529904.537543,654803737.582887,397372477.612965,563470934.679287,353182619.540166,454655598.601368,39597844342.38808,2457.311323,163324.38462800003,121279.663635,369575472.666894,0.0,381129667.22660995
test0_DemHi_FuelLo_REcostHi_SitingLim_BattLo_PolOBBBA,0,2,0,1,2,2,998.853735,4450.608176,0.0,0.0,0.0,0.0,34278.046157,4509.526763,12994.628099,0.0,57499.169872,0.0,41279.529034,142.0,405.8,0.0,24.4,4980.0,0.0,1070.703478,5.0,4599814.343685,2339239.657482,0.0,0.0,0.0,0.0,0.0,-11792397.235348,26172837.868809,0.0,0.0,30008120.2923,111039530.317801,0.0,21696520.460209,299655.216,443341.2192,0.0,102351.494081,37985785.78374,0.0,562761.747955,-2368.47,54443.058579,54443.058579,0.0,0.0,18047176115.34141,0.0,4475269625.658294,0.0,1781450116.183356,859081293.114682,0.0,324295558.947637,0.0,7598698035.696829,6358176887.870164,0.0,-0.0,0.0,634067815.297436,445050255.106776,553346333.742996,346062778.536695,505285756.400628,41927960571.89691,2541.489136,160964.237416,115044.148163,371135571.962707,0.0,366840065.301752
test0_DemHi_FuelLo_REcostHi_SitingLim_BattMd_PolIRA,1,2,0,0,2,2,1390.545885,0.0,0.0,0.0,0.0,0.0,11394.412309,3073.523313,12994.628099,0.0,59601.252183,0.0,55692.732399,142.0,405.8,0.0,24.4,4980.0,0.0,87.254827,5.0,4041653.59622,0.0,0.0,-0.0,0.0,0.0,0.0,-3874832.667725,19104464.878321,0.0,0.0,30008120.2923,135556428.88191,0.0,29272100.148735,272922.864,443341.2192,0.0,97800.981338,37586521.382808,0.0,45861.137089,-2506.083,54290.532075,54290.532075,0.0,0.0,16763979449.431349,0.0,3908442947.520875,0.0,638886678.834362,60113263.685558,0.0,210527438.353103,0.0,7226770139.698894,7590862310.933937,0.0,-0.0,-1112838479.26997,620991444.508226,665055891.396125,549272524.15883,325014751.82817,493025899.450045,37940104260.5295,2778.850214,139036.088743,127478.199725,310077027.53722304,0.0,398534525.799304
test0_DemHi_FuelLo_REcostHi_SitingLim_BattMd_PolOBBBA,1,2,0,1,2,2,1408.760891,0.0,0.0,0.0,0.0,0.0,9167.679485,4507.556612,12994.628099,0.0,64163.488069,0.0,52564.260436,142.0,405.8,0.0,24.4,4980.0,0.0,94.060269,5.0,6341166.297537,0.0,0.0,0.0,0.0,0.0,0.0,-3130824.017995,28201522.954695,0.0,0.0,30008120.2923,148311812.946263,0.0,27627775.285009,299655.216,443341.2192,0.0,103772.295344,38101622.634049,0.0,49438.077545,-2536.506,50275.670029,50275.670029,0.0,0.0,15029305491.553,0.0,3461663176.726733,0.0,637709566.763494,0.0,0.0,311044417.250958,0.0,7092485345.208003,8140368062.07478,0.0,0.0,0.0,594048097.456702,728490919.613355,523845122.601835,317001107.789716,591264741.078324,37427226048.116905,2663.601324,134523.692965,120371.36183800001,301864927.34126,0.0,382444705.949556
test0_DemHi_FuelLo_REcostHi_SitingOpen_BattHi_PolIRA,2,2,0,0,2,0,1131.762066,0.0,0.0,0.0,0.0,0.0,8353.478823,3874.446589,12994.628099,0.0,67143.683266,0.0,57664.172588,142.0,405.8,0.0,24.4,4980.0,0.0,104.046039,5.0,4647718.999807,0.0,0.0,-0.0,0.0,0.0,0.0,-903207.537068,21304651.928121,0.0,0.0,26050734.039,136812547.170114,0.0,30308289.112369,286324.824,442785.0048,0.0,93999.658135,37147360.463961,0.0,54686.598281,-1992.798,77760.868264,77760.868264,0.0,0.0,10169689138.3931,0.0,2400362936.891342,0.0,2966706635.655928,177423929.075187,0.0,235151673.01493,0.0,7092128196.265115,7702186701.823315,0.0,-0.0,-929149013.622787,571763129.499728,511302878.355807,911618281.617829,314870346.3753,519211692.769991,32643266526.11479,2928.495582,123132.56678800001,125086.95601200001,254027009.593215,0.0,466293024.81143403
test0_DemHi_FuelLo_REcostHi_SitingOpen_BattHi_PolOBBBA,2,2,0,1,2,0,1755.060674,0.0,0.0,0.0,0.0,0.0,9382.808995,5904.863148,12994.628099,0.0,80180.836406,0.0,43770.188523,142.0,405.8,0.0,24.4,4980.0,0.0,99.732815,5.0,7207370.776715,0.0,0.0,0.0,0.0,0.0,0.0,-1237802.147878,32469425.281758,0.0,0.0,26050734.039,155767261.900501,0.0,23005611.087903,286324.824,442785.0048,0.0,94854.213305,37222998.850645,0.0,52419.567607,-1992.798,64688.39706599999,64688.39706599999,0.0,0.0,19072485175.65387,0.0,4168229856.579898,0.0,7126661347.600423,1407780271.853311,0.0,357951382.399321,0.0,7111252866.765272,8170815094.974289,0.0,-0.0,0.0,542371322.12978,609300780.866512,741034021.582028,312142173.331942,615982333.349608,50236006627.08626,2579.876698,120528.65581600001,119184.08770999999,253894504.126878,0.0,438729833.835549
test0_DemHi_FuelLo_REcostHi_SitingOpen_BattLo_PolIRA,0,2,0,0,2,0,588.382395,4204.592924,0.0,0.0,0.0,0.0,29672.188586,3875.861746,12994.628099,0.0,61882.928477,0.0,43436.474366,142.0,405.8,0.0,24.4,4980.0,689.567057,1270.4,5.0,2419619.759165,2209934.040704,0.0,0.0,0.0,0.0,0.0,-8784324.791392,21312433.536928,0.0,0.0,26050734.039,98790939.673335,0.0,22830210.926731,299140.608,442785.0048,0.0,101778.184392,37459677.163161,5143225.876841,667722.24,-2359.401,75079.899445,75079.899445,0.0,0.0,15452974686.86516,1054425.40956,3249363833.108061,0.0,3232558304.52753,1216181804.350768,0.0,270414901.928415,0.0,7601462932.35181,5852045892.852854,0.0,-0.0,-1331915037.913498,609190117.95796,344684453.095137,885264775.919904,340713169.531651,450928768.409022,38174923028.39434,2713.025842,150931.62869,118907.96944799999,317242183.36870503,0.0,450949199.86297995
test0_DemHi_FuelLo_REcostHi_SitingOpen_BattLo_PolOBBBA,0,2,0,1,2,0,1275.891282,1732.504781,0.0,0.0,0.0,0.0,22515.645398,5924.985807,12994.628099,0.0,77065.794773,0.0,32770.787227,142.0,405.8,0.0,24.4,4980.0,0.0,1113.9,5.0,5250984.079351,910604.51294,0.0,-0.0,0.0,0.0,0.0,-6926036.655039,33570815.25337,0.0,0.0,26050734.039,137135479.867218,0.0,17224325.76642,299140.608,442785.0048,0.0,101778.184392,38191554.31122,0.0,585465.84,-2359.401,61912.433994,61912.433994,0.0,0.0,22172793081.231564,0.0,5045484842.239051,0.0,6582536777.108989,2122513482.85673,0.0,383988504.420962,0.0,7296281259.081873,7152464691.518277,0.0,-0.0,0.0,565326569.472892,482572212.08313,714427170.03046,325658319.14117,577171483.138378,53421218392.32346,2467.879581,142062.661872,111644.242294,303716444.017955,0.0,418020147.82155395
test0_DemHi_FuelLo_REcostHi_SitingOpen_BattMd_PolIRA,1,2,0,0,2,0,1339.248074,0.0,0.0,0.0,0.0,0.0,14865.99419,4051.734582,12994.628099,0.0,67364.880983,0.0,49023.162398,142.0,405.8,0.0,24.4,4980.0,0.0,113.930291,5.0,5504225.21169,0.0,0.0,0.0,0.0,0.0,0.0,-4967103.491385,22279516.047846,0.0,0.0,26050734.039,120442560.300371,0.0,25766574.156186,286324.824,442785.0048,0.0,95089.296309,37490118.29262,0.0,59881.761076,-1386.924,75314.200257,75314.200257,0.0,0.0,14212038217.940697,0.0,3223596689.432588,0.0,3149646166.010104,809847966.279122,0.0,245615122.751885,0.0,7300602517.127567,6810066174.626863,0.0,-0.0,-1020491384.913848,588153594.589653,425261160.964768,901785806.362216,322126606.213481,484035636.118797,37452284273.50388,2789.825855,136996.37432,121362.18527,286782850.71594,0.0,457130443.073305
test0_DemHi_FuelLo_REcostHi_SitingOpen_BattMd_PolOBBBA,1,2,0,1,2,0,1982.317056,0.0,0.0,0.0,0.0,0.0,11975.817011,5995.119768,12994.628099,0.0,79810.586567,0.0,38496.991839,142.0,405.8,0.0,24.4,4980.0,0.0,99.858799,5.0,8147198.212923,0.0,0.0,0.0,0.0,0.0,0.0,-3703039.685073,32965724.773433,0.0,0.0,26050734.039,145046115.818129,0.0,20234018.910762,299140.608,442785.0048,0.0,101778.184392,37471954.803747,0.0,52485.784786,-2414.973,64722.67930599999,64722.67930599999,0.0,0.0,22774010937.130943,0.0,5092741810.49845,0.0,7383247279.201311,1905799901.803544,0.0,363336545.374993,0.0,7211651958.154925,7605730733.525246,0.0,-0.0,0.0,551352198.382609,538474403.001062,749745057.756885,314072222.172774,593963132.154128,55084126179.15686,2522.779326,129624.001563,116105.50250300001,275583962.811824,0.0,431922413.664551
test0_DemHi_FuelLo_REcostHi_SitingRef_BattHi_PolIRA,2,2,0,0,2,1,1592.239364,0.0,0.0,0.0,0.0,0.0,8213.010706,3365.263412,12994.628099,0.0,62351.045188,0.0,60894.161558,142.0,405.8,0.0,24.4,4980.0,0.0,102.471501,5.0,5238841.683064,0.0,0.0,-0.0,0.0,-0.0,0.0,-1973876.662653,21206732.370692,0.0,0.0,26920965.006,148941532.447501,0.0,32005971.314824,287757.036,442984.704,0.0,98992.646346,37865763.742392,0.0,53859.020878,-1819.587,67408.999772,67408.999772,0.0,0.0,8823796319.550941,0.0,2048423867.12821,0.0,1858555876.201041,206818632.460099,0.0,233495246.732349,0.0,7096006985.497095,8336541666.678066,-0.0,0.0,-1055724789.182948,579638917.431206,686646686.736211,762383552.728278,315233257.589708,551614378.844457,30443430598.39471,2830.37619,126836.912633,123680.99272900002,282313515.920208,0.0,422869818.128105
test0_DemHi_FuelLo_REcostHi_SitingRef_BattHi_PolOBBBA,2,2,0,1,2,1,2338.973335,0.0,0.0,0.0,0.0,0.0,8777.569032,5818.183553,12994.628099,0.0,67959.441662,0.0,52356.401185,142.0,405.8,0.0,24.4,4980.0,0.0,1158.9,5.0,7690825.001662,0.0,0.0,0.0,0.0,0.0,0.0,-1594195.748469,38340843.176048,0.0,0.0,26920965.006,164561748.457561,0.0,27518524.462764,269545.536,442984.704,0.0,96835.891746,37657925.92152,0.0,609117.84,-1592.895,57126.548,57126.548,0.0,0.0,11150705447.470491,0.0,2400471042.363482,0.0,3309367907.168732,391051552.729431,0.0,422608073.752325,0.0,7107834314.298955,8994813950.235786,0.0,-0.0,0.0,552178334.13615,812528755.858242,586032637.862723,310582376.190071,721870469.102282,36760044861.16867,2680.711158,124116.957651,117961.96231399999,272891498.613441,0.0,398572953.994264
test0_DemHi_FuelLo_REcostHi_SitingRef_BattLo_PolIRA,0,2,0,0,2,1,589.906742,3405.984297,0.0,0.0,0.0,0.0,29682.282693,3482.788325,12994.628099,0.0,52585.508771,0.0,52193.941782,142.0,405.8,0.0,24.4,4980.0,0.0,1270.4,5.0,2577401.71296,1790185.346427,0.0,0.0,0.0,0.0,0.0,-9758869.654526,20631160.864546,0.0,0.0,26920965.006,95390242.129426,0.0,27433135.800774,287757.036,442984.704,0.0,98790.705516,37862242.993912,0.0,667722.24,-1948.635,66647.448702,66647.448702,0.0,0.0,14685215481.700697,42071573.841444,2627511343.877165,0.0,545075427.155043,995073192.816092,0.0,254691868.440952,0.0,7577128360.25688,5992215797.441885,0.0,-0.0,-1858924386.795768,638527758.997256,363355516.826795,755996383.701896,345054380.885355,456015570.721983,33419008269.86768,2810.593821,151259.090848,126538.221434,339521392.696851,0.0,433096047.5628511
test0_DemHi_FuelLo_REcostHi_SitingRef_BattLo_PolOBBBA,0,2,0,1,2,1,1282.793355,5625.697797,0.0,0.0,0.0,0.0,28724.137146,6061.126728,12994.628099,0.0,59028.660841,0.0,43008.902613,142.0,405.8,0.0,24.4,4980.0,0.0,1160.4,5.0,5608236.735524,2956866.762345,0.0,0.0,0.0,0.0,0.0,-9905923.79,36636713.1537,0.0,0.0,26920965.006,112793466.741798,0.0,22605479.213447,269545.536,442984.704,0.0,97974.219846,37772835.97392,0.0,609906.24,-2052.801,58211.65860899999,58211.65860899999,0.0,0.0,16813435890.286232,42071573.841444,2975968682.008147,0.0,3810711216.455296,1021574733.625065,0.0,448941410.427487,0.0,7703699398.577938,6664546916.283585,0.0,-0.0,0.0,603911959.723647,457225042.10548,616965151.36298,337704288.370822,618859677.618316,42115615940.68643,2629.513523,149034.663443,117134.064241,342559437.47558403,0.0,395501334.104593
test0_DemHi_FuelLo_REcostHi_SitingRef_BattMd_PolIRA,1,2,0,0,2,1,1555.595948,509.801444,0.0,0.0,0.0,0.0,15189.024759,3487.421591,12994.628099,0.0,57628.48989,0.0,57066.474833,142.0,405.8,0.0,24.4,4980.0,0.0,1249.136523,5.0,5352287.121355,267951.638796,0.0,0.0,0.0,0.0,0.0,-4863863.878309,22016710.85668,0.0,0.0,26920965.006,127063560.808944,0.0,29994139.172079,287757.036,442984.704,0.0,98221.541466,37521345.037512,0.0,656546.156415,-2249.127,66937.862875,66937.862875,0.0,0.0,9819230985.265926,0.0,2304624316.575552,0.0,2290160607.887566,349837728.681202,0.0,246460541.487531,0.0,7266406250.058872,7420695346.967517,0.0,0.0,-1385263223.258731,597755530.405692,558565431.657775,756900530.590682,324140787.31663,523662883.249676,31073177716.88589,2868.846065,136801.361349,124339.682906,301870481.011271,0.0,429074817.35940605
test0_DemHi_FuelLo_REcostHi_SitingRef_BattMd_PolOBBBA,1,2,0,1,2,1,1992.137321,521.862679,0.0,0.0,0.0,0.0,11881.647147,5950.0226,12994.628099,0.0,67526.449393,0.0,46827.055642,142.0,405.8,0.0,24.4,4980.0,0.0,1115.42033,5.0,7690104.055249,274291.02414,0.0,-0.0,-0.0,0.0,0.0,-4076207.216946,38379155.906915,0.0,0.0,26920965.006,148711198.713428,0.0,24612300.445343,269545.536,442984.704,0.0,97405.055796,37236180.848596,0.0,586264.925555,-2183.685,58746.456146,58746.456146,0.0,0.0,12534924457.859154,0.0,2721214966.4679,0.0,4293465954.14483,456271063.030162,0.0,427060290.355108,0.0,7209692864.589089,8184814560.200512,0.0,-0.0,0.0,563960709.737088,705522628.783736,607655601.003038,314489798.586587,688506354.576959,38707579249.33417,2656.980373,132503.885606,117032.314411,299453918.991603,0.0,393748494.4407251
test0_DemHi_FuelLo_REcostLo_SitingLim_BattHi_PolIRA,2,2,0,0,0,2,439.918097,2975.060469,0.0,0.0,0.0,4360.476806,7700.19932,2030.212053,12994.628099,2297.260439,39756.914569,0.0,69081.681114,142.0,405.8,0.0,24.4,4980.0,0.0,1270.4,383.585127,1269973.159909,1563691.782702,0.0,0.0,0.0,0.0,2291866.609298,-2433181.690225,1067079.454876,0.0,0.0,30008120.2923,56439590.5072,0.0,36309331.593699,253776.72,443341.2192,0.0,84216.94689,36155961.31878,0.0,667722.24,-235453.260765,59993.906452,59993.906452,0.0,3321455.624279,10244372286.933674,29041472.61036,2955456514.549606,0.0,2602614960.913222,193466466.03514,0.0,36443660.012077,40791465.794165,6580475279.147273,4691352087.720651,10307288.308573,55152734.748971,-2309895536.882978,716404958.184713,294443365.640697,624270086.213743,336422367.319548,274210703.976566,27378651616.85028,2855.827263,121017.361696,160226.796683,281449935.960597,0.0,526417617.77367
test0_DemHi_FuelLo_REcostLo_SitingLim_BattHi_PolOBBBA,2,2,0,1,0,2,794.867202,4510.115181,0.0,0.0,0.0,0.0,7434.173008,3545.491358,12994.628099,0.0,39493.649881,0.0,71777.70752,142.0,405.8,0.0,24.4,4980.0,0.0,1142.920402,5.0,2294654.432075,2370516.538993,0.0,0.0,0.0,0.0,0.0,-2318613.409502,1863510.257536,0.0,0.0,30008120.2923,56329387.935473,0.0,37726363.072364,253776.72,443341.2192,0.0,84216.94689,35848184.999519,0.0,600718.963521,-3130.332,58698.470432,58698.470432,0.0,0.0,11586038650.010536,0.0,3624057290.733341,0.0,2888700938.624092,318128904.525844,0.0,57077002.87378,0.0,6681092679.220301,4807467312.343975,0.0,0.0,0.0,706799385.532274,316018615.263615,623879468.695327,332389297.122746,279842150.635556,32221491695.581387,2942.446923,117152.311982,160404.63405900003,267937887.218493,0.0,529002027.1059299
test0_DemHi_FuelLo_REcostLo_SitingLim_BattLo_PolIRA,0,2,0,0,0,2,124.077191,3192.319251,0.0,0.0,0.0,3442.331953,29988.335746,1959.804915,12994.628099,1821.185959,42871.894629,0.0,52768.175066,142.0,405.8,0.0,24.4,4980.0,0.0,1270.4,5.0,571567.908039,1677882.998563,0.0,-0.0,0.0,0.0,1809289.674699,-8545044.410042,1030073.463263,0.0,0.0,30008120.2923,34519855.122563,0.0,27734952.814683,253776.72,443341.2192,0.0,90383.027183,36922573.90566,0.0,667722.24,-3014.96775,60335.407316,60335.407316,409903.401926,0.0,12105468634.453983,0.0,3092157644.265155,0.0,1039779590.235595,536210840.65595,0.0,37683155.223538,32338015.958631,6727531472.840883,3285572619.795275,6225783.140507,43539738.791028,-2727725036.505224,720426423.399974,151523112.753432,601936542.560536,355506541.457748,199897845.599182,26208482828.02812,2586.601086,142342.477577,152619.871544,329873831.343976,0.0,513295437.540263
test0_DemHi_FuelLo_REcostLo_SitingLim_BattLo_PolOBBBA,0,2,0,1,0,2,265.493919,5392.467417,0.0,0.0,0.0,0.0,28707.036901,3542.951232,12994.628099,0.0,42302.30252,0.0,54148.497159,142.0,405.8,0.0,24.4,4980.0,0.0,1160.4,5.0,772438.362167,2834280.874238,0.0,0.0,0.0,0.0,0.0,-8305384.684414,1862175.167698,0.0,0.0,30008120.2923,32723016.319822,0.0,28460450.106996,253776.72,443341.2192,0.0,95658.237395,37292894.57263,0.0,609906.24,-2623.308,60379.944101,60379.944101,0.0,0.0,12880261797.236471,0.0,3255367563.566738,0.0,1132029965.822296,643761006.049957,0.0,65014973.085744,0.0,6868699222.08829,3295680800.628636,0.0,-0.0,0.0,712274859.047138,166316159.452775,602505434.478904,351625817.25978,204285320.525592,30177822919.24232,2542.601458,137748.594255,154135.412801,328307671.643842,0.0,507693428.559609
test0_DemHi_FuelLo_REcostLo_SitingLim_BattMd_PolIRA,1,2,0,0,0,2,226.569265,2829.606755,0.0,0.0,0.0,3841.69456,23711.024755,2049.502031,12994.628099,1812.547431,39424.877408,0.0,57075.866727,142.0,405.8,0.0,24.4,4980.0,0.0,1270.4,5.0,1043042.199142,1487241.310425,0.0,-0.0,0.0,0.0,2019194.660932,-7548758.118444,3220917.717404,0.0,0.0,30008120.2923,24340207.951682,0.0,29999075.551638,253776.72,443341.2192,0.0,96284.143757,37006638.885941,0.0,667722.24,-2463.31875,62088.152414,62088.152414,0.0,96724116.873558,12235350076.506023,0.0,3026336748.931924,0.0,2589035658.229373,436710039.106387,0.0,58140807.884946,32184625.339537,6823226163.043896,3064015681.04427,9108852.572831,48591007.473605,-2788358209.429556,738526642.857108,114810909.217482,631786018.768464,351719341.1824,220351218.855124,27688259698.45737,2713.717072,134838.906981,160895.40100800002,314823874.63436705,0.0,533607127.30831
test0_DemHi_FuelLo_REcostLo_SitingLim_BattMd_PolOBBBA,1,2,0,1,0,2,445.085473,4531.883495,0.0,0.0,0.0,0.0,24406.639925,3545.491358,12994.628099,0.0,39411.9689,0.0,58750.175055,142.0,405.8,0.0,24.4,4980.0,0.0,1144.95514,5.0,1293651.164302,2381957.964823,0.0,0.0,0.0,0.0,0.0,-7528794.499656,1863510.257536,0.0,0.0,30008120.2923,30651465.070756,0.0,30879092.008894,253776.72,443341.2192,0.0,96284.143757,37575053.67654,0.0,601788.421686,-2972.7075,59547.659716,59547.659716,0.0,0.0,11054434049.415075,0.0,2803517276.378171,0.0,1793932225.556664,428186423.041342,0.0,57231775.451153,0.0,6904473438.897028,3372474771.988447,0.0,-0.0,0.0,723416808.210932,163287578.875899,613464501.27795,347018554.403055,213563921.392983,28475001324.888702,2664.999431,131717.723574,158122.738102,309716705.245713,0.0,525007699.47025704
test0_DemHi_FuelLo_REcostLo_SitingOpen_BattHi_PolIRA,2,2,0,0,0,0,440.631518,2116.17643,0.0,352.695714,4637.580284,14444.094833,7875.430689,2092.98666,12994.628099,9599.260848,45289.209647,0.0,52711.740581,142.0,405.8,0.0,24.4,4980.0,0.0,1270.4,5.0,1032138.864934,1112262.331831,0.0,185376.867108,0.0,2437512.197057,7591816.244177,-2033420.743771,2164432.852466,0.0,0.0,26050734.039,42374404.359379,0.0,27705290.849549,220374.912,442785.0048,0.0,84512.021539,36320885.82522,0.0,667722.24,-2225.691,89979.643622,89979.643622,0.0,93563544.548447,5440134095.587271,111907930.1715,1485828372.984659,0.0,3748132804.089822,102685997.808111,0.0,41929736.621405,170449947.196699,6797209040.930764,3609807275.094424,53104196.098352,228381789.418024,-1404559153.40824,670739766.498873,174822718.156728,1086902009.011424,363098594.989636,250034208.991509,23024172874.7894,2650.680156,126847.786934,158900.155522,276177349.788008,0.0,594521143.26158
test0_DemHi_FuelLo_REcostLo_SitingOpen_BattHi_PolOBBBA,2,2,0,1,0,0,1004.819429,4175.40338,0.0,0.0,0.0,0.0,8323.451047,4018.637415,12994.628099,0.0,54768.950657,0.0,58611.110831,142.0,405.8,0.0,24.4,4980.0,0.0,1270.4,5.0,1918551.086233,2194592.016692,0.0,0.0,0.0,0.0,0.0,-2183177.210445,4155817.62197,0.0,0.0,26050734.039,64251569.51424,0.0,30805999.852925,220374.912,442785.0048,0.0,84512.021539,36320885.82522,0.0,667722.24,-2499.966,78364.527803,78364.527803,0.0,0.0,10835707549.105837,0.0,2328505191.397011,0.0,6543012092.29187,816021369.74346,0.0,80835600.475025,0.0,6758954470.641297,4696280332.152071,0.0,-0.0,0.0,634435920.587361,284090726.066478,897594012.240473,335773970.097783,275034708.025872,34486245942.82454,2848.037867,119048.972536,158679.82307900002,255440315.976092,0.0,555390448.810846
test0_DemHi_FuelLo_REcostLo_SitingOpen_BattLo_PolIRA,0,2,0,0,0,0,319.406803,2365.779644,0.0,329.638076,6176.977584,7666.033797,28391.029472,2179.815347,12994.628099,6522.640391,45056.582674,0.0,48125.495397,142.0,405.8,0.0,24.4,4980.0,0.0,1270.4,5.0,864956.228438,1243453.781099,0.0,173257.77267,0.0,3246619.418395,4029267.363961,-8894605.148679,3153111.618121,0.0,0.0,26050734.039,28657835.68426,0.0,25294760.380608,220374.912,442785.0048,0.0,84512.021539,36320885.82522,0.0,667722.24,-1663.467,86728.41314599999,86728.41314599999,0.0,0.0,10223060126.149372,94912481.91456,2030101419.716057,0.0,3122191557.825894,0.0,0.0,54805157.548408,115819720.681247,6862742186.959337,2939746917.604291,42145225.276764,156716068.136794,-1454188010.28127,662684560.039351,112940370.513251,1049173851.686428,364071937.052132,216627215.117051,26593550785.939667,2632.501815,147941.09140099998,141317.727648,327314250.41511905,0.0,556827041.555943
test0_DemHi_FuelLo_REcostLo_SitingOpen_BattLo_PolOBBBA,0,2,0,1,0,0,522.666811,4028.652131,0.0,0.0,0.0,0.0,27186.869671,3908.968702,12994.628099,0.0,55341.283081,0.0,49360.506393,142.0,405.8,0.0,24.4,4980.0,0.0,1270.4,5.0,1353885.269657,2117459.559912,0.0,0.0,0.0,0.0,0.0,-8369366.134456,5708629.382833,0.0,0.0,26050734.039,48325154.737165,0.0,25943882.160346,220374.912,442785.0048,0.0,84512.021539,36320885.82522,0.0,667722.24,-1663.467,76056.16882,76056.16882,0.0,0.0,14011585893.653278,0.0,3208580167.639951,0.0,4806958909.607979,1242430173.118578,0.0,96255765.172321,0.0,6798137692.270653,3801645711.7074,0.0,-0.0,0.0,634081741.218593,183003422.646656,897026914.963276,346296316.047799,247546667.001568,36273549375.04805,2644.816044,138702.916767,141188.061016,305967541.920586,0.0,532166878.32873
test0_DemHi_FuelLo_REcostLo_SitingOpen_BattMd_PolIRA,1,2,0,0,0,0,317.560242,2087.285279,0.0,484.737512,5124.062347,10398.355145,19181.322773,2159.889098,12994.628099,8559.880791,44513.707722,0.0,49811.467978,142.0,405.8,0.0,24.4,4980.0,0.0,1270.4,5.0,822168.228768,1097077.142888,0.0,254778.036488,0.0,2693207.169384,5465375.464431,-6110757.500207,2722104.263847,0.0,0.0,26050734.039,30077485.396555,0.0,26180907.569268,220374.912,442785.0048,0.0,84512.021539,36320885.82522,0.0,667722.24,-2108.34,86744.794543,86744.794543,0.0,41226322.490269,8137608626.717688,106994899.0908,1689956204.66272,0.0,2743668914.175061,23481714.462424,0.0,47785337.854337,151994122.453606,6900216766.259523,3040551916.254992,44792662.64012,182748923.401931,-1516276365.308558,674371584.212852,115130714.33875,1050454784.328474,362666828.344725,222509803.952939,24019883760.332653,2644.832667,137346.362639,152887.154519,291240036.841528,0.0,591475386.165357
test0_DemHi_FuelLo_REcostLo_SitingOpen_BattMd_PolOBBBA,1,2,0,1,0,0,619.461815,3809.939902,0.0,0.0,0.0,0.0,14675.032553,3978.654012,12994.628099,0.0,52470.037427,0.0,56287.551753,142.0,405.8,0.0,24.4,4980.0,0.0,1270.4,5.0,1601742.4143,2002504.412727,0.0,0.0,0.0,0.0,0.0,-4956750.793003,6298462.266294,0.0,0.0,26050734.039,54786448.458762,0.0,29584737.201638,220374.912,442785.0048,0.0,84512.021539,36320885.82522,0.0,667722.24,-2225.691,74707.735793,74707.735793,0.0,0.0,9064956437.247995,0.0,2078075554.314062,0.0,4683558190.434171,649283386.792628,0.0,101080829.265183,0.0,6773999439.268532,4278125695.608012,-0.0,0.0,0.0,639533357.580153,231144144.583238,861453724.763651,338820312.014905,276782985.155449,29976814057.02798,2787.403696,127672.837883,152688.350949,272143038.040904,0.0,550786314.419658
test0_DemHi_FuelLo_REcostLo_SitingRef_BattHi_PolIRA,2,2,0,0,0,1,462.46638,2113.727965,0.0,1993.010724,3647.984706,6420.351261,7763.377968,2091.89588,12994.628099,7129.339744,40446.965673,0.0,62773.269736,142.0,405.8,0.0,24.4,4980.0,0.0,1270.4,5.0,1266660.729488,1110975.418369,0.0,2862887.112238,0.0,1917380.761475,3374536.622822,-2598865.160454,2201410.813347,0.0,0.0,26920965.006,47198271.089044,0.0,32993630.573273,251227.536,442984.704,0.0,88771.750824,36604349.830286,0.0,667722.24,-2954.1645,80282.330349,80282.330349,0.0,2662700.169441,8757278115.91129,82866457.56114,1462295994.145845,0.0,4255243783.292038,96532736.512812,0.0,42310427.414997,126592620.220448,6730790200.508935,4150538479.869702,44324100.499687,157736123.356102,-1523317943.091374,665355802.448206,351540829.895257,928836410.796241,353021743.153375,280850983.882075,26965459566.54621,2905.66344,125960.471093,159343.55289999998,293220510.249627,0.0,555869904.3931539
test0_DemHi_FuelLo_REcostLo_SitingRef_BattHi_PolOBBBA,2,2,0,1,0,1,906.108859,4201.104653,0.0,0.0,0.0,0.0,7950.7262,4374.68956,12994.628099,0.0,47442.14619,0.0,64019.625683,142.0,405.8,0.0,24.4,4980.0,0.0,1160.4,5.0,2487513.46835,2208100.605849,0.0,0.0,0.0,0.0,0.0,-2691970.350888,4037415.806322,0.0,0.0,26920965.006,61808151.012606,0.0,33648715.258764,232797.072,442984.704,0.0,85741.919904,36440737.20432,0.0,609906.24,-2790.657,77797.105002,77797.105002,0.0,0.0,12393792153.270975,0.0,2443818560.783118,0.0,6437009779.873514,912684796.839456,0.0,79756066.114125,0.0,6726561874.32059,4804183416.309538,0.0,-0.0,0.0,633712824.210597,422242883.301278,841038195.759098,330656131.325807,296908837.605097,36322365519.71319,2846.321786,118413.664234,156214.347166,277228567.363147,0.0,533407952.280107
test0_DemHi_FuelLo_REcostLo_SitingRef_BattLo_PolIRA,0,2,0,0,0,1,179.358462,3243.624364,0.0,1539.958979,3652.855265,5558.430747,28455.177184,2477.199239,12994.628099,5508.885176,42528.614974,0.0,49987.76175,142.0,405.8,0.0,24.4,4980.0,0.0,1270.4,5.0,494691.445602,1704848.965804,0.0,975597.746795,0.0,1919940.727382,2921511.200718,-9558428.635927,2606885.573247,0.0,0.0,26920965.006,24652336.525597,0.0,26273567.575702,232797.072,442984.704,0.0,89093.663616,36788769.17208,0.0,667722.24,-2514.9285,74207.770261,74207.770261,0.0,0.0,15335795106.040216,40396033.3302,3702083961.39468,0.0,4818361026.476509,953561328.605319,0.0,55936665.530567,97818905.246542,6848762849.497042,2844816487.626737,32627314.288085,118684977.449011,-1378022358.719596,683775528.946845,156533791.427434,891913478.840281,366048744.153501,210442943.045587,35779536783.178955,2757.851165,143895.57278,150336.089972,339610753.551196,0.0,541996863.373841
test0_DemHi_FuelLo_REcostLo_SitingRef_BattLo_PolOBBBA,0,2,0,1,0,1,375.144869,3874.504127,0.0,0.0,0.0,0.0,26947.170533,3582.795936,12994.628099,0.0,44650.680824,0.0,57230.433334,142.0,405.8,0.0,24.4,4980.0,0.0,1270.4,5.0,1031763.935797,2036439.369255,0.0,0.0,0.0,0.0,0.0,-9473801.424368,3770362.468806,0.0,0.0,26920965.006,29916203.152169,0.0,30080315.760222,232797.072,442984.704,0.0,89093.663616,36788769.17208,0.0,667722.24,-2514.9285,70069.823727,70069.823727,0.0,0.0,19955929296.821327,29041472.61036,4792714015.767276,0.0,6522184855.752059,1821451890.808355,0.0,73899399.286315,0.0,6779646300.164301,3301995884.667683,0.0,0.0,0.0,671178354.831868,204305361.288171,782907510.666482,351674715.126675,226872535.96996,45513801593.76083,2732.64767,138943.728673,150218.562054,327025236.345824,0.0,527982486.893623
test0_DemHi_FuelLo_REcostLo_SitingRef_BattMd_PolIRA,1,2,0,0,0,1,285.447963,2184.365541,0.0,1315.49677,3421.996177,8419.336821,16572.172878,2091.89588,12994.628099,7602.485483,41172.141561,0.0,53818.292336,142.0,405.8,0.0,24.4,4980.0,0.0,1270.4,5.0,784839.174418,1148102.528162,0.0,1691894.825958,-0.0,1798601.190764,4425203.432935,-6904156.164244,2201410.813347,0.0,0.0,26920965.006,31801670.945859,0.0,28286894.451713,232797.072,442984.704,0.0,86952.293184,36555577.98372,0.0,667722.24,-2514.9285,78657.782106,78657.782106,0.0,0.0,11697835433.767431,106994899.0908,2450846409.387971,0.0,5207445703.907744,214427777.620888,0.0,42841112.295551,134994065.647019,6854214325.804994,3247256450.009924,38354188.620496,163434970.84143,-1512739514.243391,676981803.488327,220979653.337337,936101891.76628,358439630.916178,240375735.478813,31078784537.7378,2611.148119,136563.278315,155578.98585300002,325020188.79007894,0.0,551064327.5054771
test0_DemHi_FuelLo_REcostLo_SitingRef_BattMd_PolOBBBA,1,2,0,1,0,1,627.754198,4239.716063,0.0,0.0,0.0,0.0,14884.326286,4302.669122,12994.628099,0.0,45484.551505,0.0,59927.398918,142.0,405.8,0.0,24.4,4980.0,0.0,1160.4,5.0,1726010.167064,2228394.76248,0.0,0.0,0.0,0.0,0.0,-6183776.073078,4527922.455775,0.0,0.0,26920965.006,46515017.077329,0.0,31497840.871257,232797.072,442984.704,0.0,85741.919904,36440737.20432,0.0,609906.24,-2514.9285,71004.85092999999,71004.85092999999,0.0,0.0,14552378558.890003,0.0,3155760719.70572,0.0,7616451348.977625,1064789216.259717,0.0,85276426.285772,0.0,6792483432.859535,4070824070.052296,0.0,-0.0,0.0,651985477.909719,318482617.735773,814144920.04704,337568666.344315,271159705.149122,39731305160.21664,2762.339404,127700.940529,153758.930611,302654433.602907,0.0,529594189.288694
test0_DemHi_FuelLo_REcostMd_SitingLim_BattHi_PolIRA,2,2,0,0,1,2,923.766686,760.158169,0.0,0.0,0.0,0.0,6940.385645,2067.551815,12994.628099,0.0,45528.248585,0.0,72583.906072,142.0,405.8,0.0,24.4,4980.0,0.0,1270.4,5.0,2688742.133342,399539.133858,0.0,0.0,0.0,0.0,0.0,-1679891.436526,12722021.226533,0.0,0.0,30008120.2923,87941803.214765,0.0,38150101.031253,253776.72,443341.2192,0.0,93549.753023,37121862.4659,0.0,667722.24,-2169.507,54353.488943,54353.488943,0.0,0.0,7756660003.158155,0.0,2252949325.344826,0.0,335303305.961854,0.0,0.0,146518920.961399,0.0,7036208799.816644,6218477243.073874,0.0,0.0,-1911784534.221395,677778940.198492,458629185.072188,568071605.293492,332982994.988978,422358617.363181,24294154407.01169,3044.184281,122185.184318,152774.338415,275451807.14946705,0.0,477444056.46849394
test0_DemHi_FuelLo_REcostMd_SitingLim_BattHi_PolOBBBA,2,2,0,1,1,2,1566.857153,2770.917535,0.0,0.0,0.0,0.0,6276.31357,4493.246912,12994.628099,0.0,45961.713571,0.0,67845.883336,142.0,405.8,0.0,24.4,4980.0,0.0,1070.703478,5.0,4559895.792867,1456394.256414,0.0,0.0,0.0,0.0,0.0,-1810720.997845,24947396.411086,0.0,0.0,30008120.2923,82551382.201297,0.0,35659796.281192,253776.72,443341.2192,0.0,93549.753023,37121862.4659,0.0,562761.747955,-2463.31875,54684.11582300001,54684.11582300001,0.0,0.0,7680578514.270947,0.0,2118944065.869114,0.0,0.0,0.0,0.0,297295707.214235,0.0,7209497321.067621,6056904016.707798,0.0,0.0,0.0,666527425.862757,459482145.951754,563949419.593736,331668023.310084,520461351.188621,25905307991.036667,2923.31336,119846.46391099998,151012.586233,270081169.041941,0.0,475457191.198534
test0_DemHi_FuelLo_REcostMd_SitingLim_BattLo_PolIRA,0,2,0,0,1,2,235.039094,3386.501675,0.0,0.0,0.0,0.0,32361.983213,2042.236829,12994.628099,0.0,46962.462278,0.0,52372.78941,142.0,405.8,0.0,24.4,4980.0,0.0,1270.4,5.0,684356.423164,1779945.280631,0.0,0.0,0.0,0.0,0.0,-10289875.534097,5861203.523707,0.0,0.0,30008120.2923,64798819.226454,0.0,27527138.114157,253776.72,443341.2192,0.0,96284.143757,37442977.524319,0.0,667722.24,-2001.471,57821.5201,57821.5201,0.0,0.0,12527586288.76571,0.0,3132231655.422595,0.0,708763349.470877,496781497.539742,0.0,92690115.338525,0.0,7344336434.108537,4543474375.71599,0.0,-0.0,-2327386184.559672,698354659.21641,271761718.300657,581089332.606176,354761433.970023,272367311.792126,28696811987.68769,2672.154368,152152.179643,141039.39189,351180069.446826,0.0,452353823.25250304
test0_DemHi_FuelLo_REcostMd_SitingLim_BattLo_PolOBBBA,0,2,0,1,1,2,486.628605,6898.102735,0.0,0.0,0.0,0.0,32199.334645,4493.230307,12994.628099,0.0,46200.344483,0.0,48597.019428,142.0,405.8,0.0,24.4,4980.0,0.0,1070.832014,5.0,1416896.67205,3625642.797576,0.0,0.0,0.0,0.0,0.0,-10088078.698466,9580441.461943,0.0,0.0,30008120.2923,64954492.934845,0.0,25542593.411617,253776.72,443341.2192,0.0,96284.143757,37575053.67654,0.0,562829.306486,-2001.471,55748.825606,55748.825606,0.0,0.0,14182652910.930618,102116520.744,3460691283.33789,0.0,686057211.064956,668215539.897698,0.0,161508546.719342,0.0,7604631902.94261,4531917392.049566,0.0,0.0,0.0,690305785.090137,339593215.95212,577026059.35169,354051611.990223,307102318.086878,33665870298.15773,2543.864351,151289.364126,138630.258531,349036340.23841506,0.0,449463839.209184
test0_DemHi_FuelLo_REcostMd_SitingLim_BattMd_PolIRA,1,2,0,0,1,2,516.408888,2758.949455,0.0,0.0,0.0,0.0,20154.661903,2071.891127,12994.628099,0.0,40873.454167,0.0,61925.594326,142.0,405.8,0.0,24.4,4980.0,0.0,1270.4,5.0,1501933.001911,1450103.833798,0.0,0.0,0.0,0.0,0.0,-6700082.865418,11961715.344795,0.0,0.0,30008120.2923,55120319.847827,0.0,32548092.377962,253776.72,443341.2192,0.0,96284.143757,37560556.726381,0.0,667722.24,-2001.471,58031.34198600001,58031.34198600001,0.0,0.0,11129167952.353756,0.0,3193627698.049748,0.0,809133238.480064,191509903.066381,0.0,154025846.12955,0.0,7364366126.088272,4577169429.910049,0.0,-0.0,-2294570809.118772,714004143.819779,264127327.473006,581047284.546948,345946816.960357,346563843.692582,27376118801.45172,2923.68521,137580.981273,153622.432102,312606143.251304,0.0,485011711.76336396
test0_DemHi_FuelLo_REcostMd_SitingLim_BattMd_PolOBBBA,1,2,0,1,1,2,1553.274304,3302.048739,0.0,0.0,0.0,0.0,17619.696853,4493.250074,12994.628099,0.0,43155.002648,0.0,59150.964637,142.0,405.8,0.0,24.4,4980.0,0.0,1070.703478,5.0,4522920.95724,1735556.817142,0.0,0.0,0.0,0.0,0.0,-6087985.421458,25941024.43832,0.0,0.0,30008120.2923,53005618.87084,0.0,31089747.013001,253776.72,443341.2192,0.0,96284.143757,37575053.67654,0.0,562761.747955,-2463.31875,54969.986574,54969.986574,0.0,0.0,11503861592.18083,0.0,2914725443.054643,0.0,131307515.155103,27711025.852408,0.0,312684180.117882,0.0,7433927583.616594,4640159433.575934,-0.0,-0.0,0.0,692715629.009611,297790047.427953,569584116.948174,339924869.696765,471254578.804336,29335646015.44023,2779.89007,131195.64932,151770.33456,298883165.72787595,0.0,484176199.581663
test0_DemHi_FuelLo_REcostMd_SitingOpen_BattHi_PolIRA,2,2,0,0,1,0,1027.714679,0.0,0.0,34.887876,264.350475,2814.04759,8247.255918,2484.083472,12994.628099,2090.803973,62234.601599,0.0,56734.80944,142.0,405.8,0.0,24.4,4980.0,0.0,1213.255579,5.0,2657361.844807,0.0,0.0,18337.06752,0.0,138942.609456,1479063.413117,-1348819.3354,13637081.700328,0.0,0.0,26050734.039,103701623.638038,0.0,29819815.841818,236119.872,442785.0048,0.0,87075.687048,36606395.48922,0.0,637687.13238,-1871.862,78643.185145,78643.185145,0.0,14593171.264875,6533717698.157078,7328007.967808,1995443575.746591,0.0,3575298840.798608,158803166.946648,0.0,150442676.015493,37125507.105331,6922051638.832518,6277608390.732729,11243588.44636,38313381.258791,-1338059007.376212,605139954.694524,401170079.491188,915690094.450576,326628510.911145,410034599.737313,27042573875.18136,2888.951248,123000.983524,139085.14415500002,260619990.173113,0.0,508028930.475563
test0_DemHi_FuelLo_REcostMd_SitingOpen_BattHi_PolOBBBA,2,2,0,1,1,0,1643.23928,0.0,0.0,0.0,0.0,0.0,9213.681864,5116.999789,12994.628099,0.0,65473.454524,0.0,54379.70418,142.0,405.8,0.0,24.4,4980.0,0.0,1115.4,5.0,4520674.118365,0.0,0.0,0.0,0.0,0.0,0.0,-1414543.855719,19631775.631341,0.0,0.0,26050734.039,106451388.543709,0.0,28581972.517,236119.872,442785.0048,0.0,87075.687048,36606395.48922,0.0,586254.24,-2146.137,73963.11192499999,73963.11192499999,0.0,0.0,10920026085.002718,0.0,3391779249.93658,0.0,6279580369.825676,662858207.067638,0.0,216221757.556398,0.0,7005698700.178007,6410237268.821617,0.0,-0.0,0.0,592119703.129503,450051868.974467,879762887.460143,323581076.283785,458400317.042756,37590317491.27928,2854.283632,120958.698781,136390.771992,251994023.750896,0.0,502122025.070835
test0_DemHi_FuelLo_REcostMd_SitingOpen_BattLo_PolIRA,0,2,0,0,1,0,360.785532,3347.591875,0.0,3.068959,617.167837,2220.953739,31063.904921,2712.548641,12994.628099,1837.56897,57940.880627,0.0,45521.962133,142.0,405.8,0.0,24.4,4980.0,0.0,1270.4,5.0,1482327.404902,1759494.289743,0.0,1613.044964,0.0,324383.415293,1167333.285148,-9542864.677195,14915653.967008,0.0,0.0,26050734.039,71036952.600396,0.0,23926343.297311,236119.872,442785.0048,0.0,91348.462896,37063901.578663,0.0,667722.24,-1802.397,79039.18253800001,79039.18253800001,0.0,0.0,10022313723.459229,0.0,2172468580.945768,0.0,3469019578.837713,754187579.627476,0.0,192407396.341044,32628922.044849,7266544254.679417,4693783320.317352,9515487.377743,33827067.166437,-1849006924.864902,622754131.800098,250212270.357841,914322398.619384,347312757.264598,358025142.292886,29290315686.26693,2648.829057,148944.064421,128027.17371599999,331700404.51617897,0.0,481597254.971789
test0_DemHi_FuelLo_REcostMd_SitingOpen_BattLo_PolOBBBA,0,2,0,1,1,0,753.060176,5190.772097,0.0,0.0,0.0,0.0,27960.48209,5026.556342,12994.628099,0.0,58996.704461,0.0,44347.980357,142.0,405.8,0.0,24.4,4980.0,0.0,1115.4,5.0,3094031.32234,2728269.814236,0.0,0.0,-0.0,0.0,0.0,-8846209.099894,27594708.581876,0.0,0.0,26050734.039,74989982.598145,0.0,23309298.475399,236119.872,442785.0048,0.0,91348.462896,37080293.44122,0.0,586254.24,-1802.397,70335.025354,70335.025354,0.0,0.0,9797623478.70498,0.0,2112652566.244228,0.0,3715315287.354752,618721190.320469,0.0,346513702.878598,0.0,7375484157.272578,5028116950.623962,0.0,-0.0,0.0,604548093.404698,289125378.829785,827692329.882233,339378413.101372,478273120.140244,31533444668.7579,2518.131186,144600.094341,126169.65512899999,314395942.7148,0.0,474366317.6460711
test0_DemHi_FuelLo_REcostMd_SitingOpen_BattMd_PolIRA,1,2,0,0,1,0,483.796792,1654.606743,0.0,19.60327,608.097999,2349.941156,15886.037139,2495.71238,12994.628099,2408.521272,59804.695481,0.0,50537.204063,142.0,405.8,0.0,24.4,4980.0,0.0,1215.438148,5.0,1988374.334309,869661.304183,0.0,10303.478454,0.0,319616.308229,1235129.071611,-4852213.783117,13710751.737427,0.0,0.0,26050734.039,87423217.082256,0.0,26562354.455257,236119.872,442785.0048,0.0,89418.39216,36693472.754105,0.0,638834.29038,-1871.862,78660.185264,78660.185264,0.0,0.0,7492527025.234375,0.0,2340748247.203396,0.0,4108726788.936506,293512917.45149,0.0,164540891.374682,42767076.567398,7078841783.677484,5456994425.905529,11922898.430399,35504431.801661,-1488038727.364858,617057640.534906,317688155.837927,914795251.422546,331756442.004742,375874844.390771,28095220093.40895,2719.125547,133722.36503299998,135198.169563,285831509.918112,0.0,505674474.0449349
test0_DemHi_FuelLo_REcostMd_SitingOpen_BattMd_PolOBBBA,1,2,0,1,1,0,1275.541175,2257.430346,0.0,0.0,0.0,0.0,13942.657222,5284.488662,12994.628099,0.0,63659.321683,0.0,47325.156911,142.0,405.8,0.0,24.4,4980.0,0.0,1115.4,5.0,4126250.817561,1186505.390084,0.0,0.0,0.0,0.0,0.0,-4410311.578509,28955273.343873,0.0,0.0,26050734.039,95753595.152105,0.0,24874102.472612,236119.872,442785.0048,0.0,88784.797387,36740604.678341,0.0,586254.24,-1871.862,70565.36275599999,70565.36275599999,0.0,0.0,7782167925.492066,0.0,2387300372.236724,0.0,4211958067.633728,409006073.171506,0.0,337320033.163817,0.0,7135920714.076215,5925375440.885811,0.0,-0.0,0.0,589834503.016786,385681002.394551,824566917.350463,323590725.667669,518930576.668595,30831652351.757927,2711.090971,129650.266463,131214.246997,275815723.717508,0.0,485087188.42930895
test0_DemHi_FuelLo_REcostMd_SitingRef_BattHi_PolIRA,2,2,0,0,1,1,866.114218,3098.960559,0.0,546.0,401.831132,683.965945,7810.25453,2604.372591,12994.628099,1214.037912,49414.495262,0.0,64766.711331,142.0,405.8,0.0,24.4,4980.0,0.0,1270.4,5.0,2379143.849132,1628813.669852,0.0,618693.749923,0.0,211202.442755,359492.500633,-2319704.681153,15220765.986809,0.0,0.0,26920965.006,86002348.943761,0.0,34041383.475632,251227.536,442984.704,0.0,89696.943516,36887440.78368,0.0,667722.24,-2894.541,76925.85288,76925.85288,0.0,0.0,8313389546.553651,0.0,1919914024.48615,0.0,3270550285.616076,420973404.104821,0.0,193994139.713332,21557149.158764,7137098504.984263,5938755056.945282,8082050.163011,21612514.085408,-1580513430.880314,634147406.419051,515707742.0675,835565844.341315,328315121.248879,436452870.315886,28415602229.323074,2976.685223,122573.611199,148090.226767,277792175.023223,0.0,499063744.79395694
test0_DemHi_FuelLo_REcostMd_SitingRef_BattHi_PolOBBBA,2,2,0,1,1,1,1626.903181,4990.275922,0.0,0.0,0.0,0.0,8628.401327,5346.084666,12994.628099,0.0,52152.429025,0.0,58968.462161,142.0,405.8,0.0,24.4,4980.0,0.0,1160.4,5.0,4525504.320001,2622889.02459,0.0,0.0,0.0,0.0,0.0,-2668932.514595,24007438.320188,0.0,0.0,26920965.006,84760861.927201,0.0,30993823.711745,251227.536,442984.704,0.0,89127.779466,36829343.80188,0.0,609906.24,-2894.541,71730.198841,71730.198841,0.0,0.0,12111335450.658045,0.0,2527259021.846246,0.0,5846309651.237493,724457792.874546,0.0,305343523.150214,0.0,7406578953.564047,5870015248.726367,0.0,-0.0,0.0,624331838.012772,558098821.160621,753824201.347656,329272761.768971,507144014.631211,37563971278.9782,2858.035273,121932.86613299999,147892.49489600002,280405166.381208,0.0,485930682.98286694
test0_DemHi_FuelLo_REcostMd_SitingRef_BattLo_PolIRA,0,2,0,0,1,1,395.72945,3131.060304,0.0,423.349145,332.47942,322.569353,29199.654418,2663.204316,12994.628099,496.828602,49733.228232,0.0,54050.806899,142.0,405.8,0.0,24.4,4980.0,0.0,1270.4,5.0,1089441.794447,1645685.296008,0.0,222512.31063,0.0,174751.183388,169542.452181,-10096176.670786,7254533.807802,0.0,0.0,26920965.006,73742430.900175,0.0,28409104.105865,251227.536,442984.704,0.0,92556.534846,37139233.330659,0.0,667722.24,-2298.111,67623.04720900001,67623.04720900001,0.0,0.0,13508593915.143309,32938317.319068,2790584154.000364,0.0,2902732525.28166,1011069079.21314,0.0,106391431.024284,8821971.856619,7222058866.175659,4969704324.012474,4076132.940575,10481045.257508,-1778666298.140364,641845234.013949,318253827.01758,776157626.370539,345771992.567417,306410878.094941,33177225022.148727,2744.063083,147537.153021,132491.685402,347509723.35661,0.0,463667788.37442803
test0_DemHi_FuelLo_REcostMd_SitingRef_BattLo_PolOBBBA,0,2,0,1,1,1,677.021172,4732.224107,0.0,0.0,0.0,0.0,28095.306633,4700.533748,12994.628099,0.0,52027.840081,0.0,49667.501816,142.0,405.8,0.0,24.4,4980.0,0.0,1160.4,5.0,1864675.446802,2487256.990426,0.0,0.0,0.0,0.0,0.0,-10097778.266788,10671069.159798,0.0,0.0,26920965.006,82177012.394483,0.0,26105238.954259,251227.536,442984.704,0.0,97157.734176,37483689.497463,0.0,609906.24,-2216.3085,63411.16268699999,63411.16268699999,0.0,0.0,13578176989.986454,0.0,2804052672.639817,0.0,3511100138.422431,984840187.663392,0.0,156809587.562061,0.0,7350806820.959728,5243317811.990755,0.0,0.0,0.0,633171353.068132,396433496.816972,689366151.668184,343741593.385848,341819062.653703,36033635866.817474,2614.421226,147855.263708,130126.343519,344956092.838204,0.0,452252097.35898495
test0_DemHi_FuelLo_REcostMd_SitingRef_BattMd_PolIRA,1,2,0,0,1,1,489.908663,3384.687337,0.0,546.0,392.924336,668.805485,18344.223082,2595.265273,12994.628099,1154.304403,46608.506015,0.0,58775.28201,142.0,405.8,0.0,24.4,4980.0,0.0,1270.4,5.0,1347003.867606,1778991.664117,0.0,286977.6,0.0,206521.031205,351524.163132,-7091919.516449,11533663.890362,0.0,0.0,26920965.006,67259459.270578,0.0,30892288.224639,251227.536,442984.704,0.0,93873.069156,37301915.011652,0.0,667722.24,-2298.111,71231.223139,71231.223139,0.0,0.0,10946998680.536676,0.0,2095040093.262052,0.0,3131687242.402681,617579368.291273,0.0,155485172.847704,20496486.940004,7315016479.451205,4952427313.361834,7902907.334492,16382796.676699,-1910171419.569497,655343576.963756,354131587.020592,802986232.71396,340573451.345739,359701123.450695,29861581093.02987,2782.83468,136115.16444400002,146062.651425,315246574.182492,0.0,492571988.31987596
test0_DemHi_FuelLo_REcostMd_SitingRef_BattMd_PolOBBBA,1,2,0,1,1,1,1049.374767,5524.625233,0.0,0.0,0.0,0.0,17699.57628,5313.10843,12994.628099,0.0,49589.741248,0.0,53879.837449,142.0,405.8,0.0,24.4,4980.0,0.0,1160.4,5.0,2887309.923968,2903743.022503,0.0,0.0,0.0,0.0,0.0,-7257612.395772,21005122.171428,0.0,0.0,26920965.006,76666366.379228,0.0,28319242.563428,251227.536,442984.704,0.0,93873.069156,37137232.383202,0.0,609906.24,-2298.111,65152.87787699999,65152.87787699999,0.0,0.0,11345355643.665691,0.0,2148998145.081821,0.0,3682869544.466879,641528506.756721,0.0,276717577.904201,0.0,7494896984.443795,5340998481.327444,0.0,-0.0,0.0,631015971.582972,447918087.159074,696292111.138874,336772542.09661,454122822.5964,33497486418.22049,2777.661423,135167.772624,141745.707615,312118388.819483,0.0,473784008.652815
test0_DemHi_FuelMd_REcostHi_SitingLim_BattHi_PolIRA,2,2,1,0,2,2,0.0,0.0,0.0,0.0,0.0,0.0,5481.079346,0.0,12994.628099,0.0,91105.379763,0.0,40506.690991,142.0,405.8,0.0,24.4,4980.0,0.0,195.586714,5.0,0.0,0.0,0.0,0.0,0.0,0.0,0.0,-537262.963081,0.0,0.0,0.0,30008120.2923,378114005.505391,0.0,36866548.185689,299655.216,443341.2192,0.0,96903.527634,37660645.7451,0.0,317603.214259,-3303.9585,38657.099079,38657.099079,0.0,0.0,821751879.153935,120046332.878406,243752636.261408,0.0,0.0,0.0,0.0,0.0,0.0,5730045520.461266,8986737754.033924,0.0,-0.0,-423052522.53252,400695972.864404,627423432.615959,419745977.485573,268754033.852676,901454095.277992,18097355112.353024,3029.738293,97715.329137,79325.88708300001,217822644.02392703,0.0,257522864.105968
test0_DemHi_FuelMd_REcostHi_SitingLim_BattHi_PolOBBBA,2,2,1,1,2,2,0.0,0.0,0.0,0.0,0.0,0.0,5492.720707,0.0,12994.628099,0.0,105005.290425,4149.841994,23606.816357,142.0,405.8,0.0,24.4,4980.0,0.0,1270.4,5.0,0.0,0.0,0.0,0.0,0.0,0.0,0.0,-550707.120908,0.0,0.0,0.0,30008120.2923,418758555.962622,20771359.553805,31818911.420494,299655.216,443341.2192,0.0,98893.965636,37816785.074455,0.0,866662.266735,-3253.39575,36537.838452,36537.838452,0.0,0.0,7221067326.521634,0.0,1521675783.44756,0.0,0.0,0.0,0.0,84949106.908465,0.0,5398118549.392353,10115704538.84146,0.0,-0.0,0.0,337413263.316997,587425214.127023,393172444.555869,239057073.307492,986446396.629761,26885029697.04861,2545.634563,81515.442706,68302.565718,193463361.99111298,0.0,225173752.544652
test0_DemHi_FuelMd_REcostHi_SitingLim_BattLo_PolIRA,0,2,1,0,2,2,0.0,0.0,0.0,0.0,0.0,0.0,28474.400543,0.0,12994.628099,0.0,87623.040009,0.0,27393.059694,142.0,405.8,0.0,24.4,4980.0,0.0,1115.4,5.0,0.0,0.0,0.0,0.0,0.0,0.0,0.0,-9606293.222027,0.0,0.0,0.0,30008120.2923,366944639.238147,0.0,15301757.059811,299655.216,443341.2192,0.0,104245.895765,38430199.26162,0.0,783040.329488,-2368.47,38883.550317,38883.550317,0.0,0.0,6059049245.617953,120046332.878406,1511689462.554023,0.0,0.0,0.0,0.0,0.0,0.0,6009035899.432771,8186960567.600218,0.0,-0.0,-423405565.052015,419657430.719921,293778634.280322,415069270.023135,273006473.292231,835579673.0468,23700467424.393764,2469.808214,120447.616157,73622.956974,276005469.927468,0.0,240588362.883864
test0_DemHi_FuelMd_REcostHi_SitingLim_BattLo_PolOBBBA,0,2,1,1,2,2,0.0,0.0,0.0,0.0,0.0,0.0,19443.48054,0.0,12994.628099,0.0,103608.319309,6057.151652,12393.028337,142.0,405.8,0.0,24.4,4980.0,0.0,844.69456,5.0,0.0,0.0,0.0,0.0,0.0,0.0,0.0,-5550778.067206,0.0,0.0,0.0,30008120.2923,407720187.952359,44695818.951602,14166281.39436,299655.216,443341.2192,0.0,106236.333767,38644351.52166,0.0,610643.496478,-3308.9145,34782.313325,34782.313325,0.0,0.0,7966316505.853032,0.0,1727674839.58801,0.0,115999758.019187,0.0,0.0,182793518.770202,0.0,5442977247.037763,9875486917.21738,0.0,-0.0,0.0,332340334.324612,358220743.330193,378488319.52314,240393542.951378,933430804.656235,27554122531.27113,2228.253114,89124.09882399999,63272.651181,216950030.624402,0.0,210625519.78825998
test0_DemHi_FuelMd_REcostHi_SitingLim_BattMd_PolIRA,1,2,1,0,2,2,0.0,0.0,0.0,0.0,0.0,0.0,8956.834504,0.0,12994.628099,0.0,90974.401139,0.0,35036.436287,142.0,405.8,0.0,24.4,4980.0,0.0,195.586714,5.0,0.0,0.0,0.0,0.0,0.0,0.0,0.0,-2212349.379604,0.0,0.0,0.0,30008120.2923,380024674.329904,0.0,33463361.134263,299655.216,443341.2192,0.0,104245.895765,37956925.46322,0.0,318465.422764,-3388.22775,38335.258463,38335.258463,0.0,0.0,407800.066977,120046332.878406,0.0,0.0,0.0,0.0,0.0,0.0,0.0,5740538569.7953,8929073664.620928,0.0,-0.0,-422675617.351459,396889418.943711,500813597.601501,417441846.013308,271236777.293652,895727879.929412,16849500269.791737,2843.948964,100794.961137,77505.991341,225646984.04793802,0.0,252470825.75465602
test0_DemHi_FuelMd_REcostHi_SitingLim_BattMd_PolOBBBA,1,2,1,1,2,2,0.0,0.0,0.0,0.0,0.0,0.0,6553.534565,0.0,12994.628099,0.0,104123.297599,4237.035913,21836.515902,142.0,405.8,0.0,24.4,4980.0,0.0,1160.4,5.0,0.0,0.0,0.0,0.0,0.0,0.0,0.0,-1364526.312838,0.0,0.0,-0.0,30008120.2923,417926032.486207,31265155.791347,28753795.225596,299655.216,443341.2192,0.0,98893.965636,37792297.92823,0.0,845934.283091,-3253.39575,36330.930061,36330.930061,0.0,0.0,9302393139.994251,0.0,2017182822.951076,0.0,513692015.377568,0.0,0.0,127865826.738453,0.0,5338492469.301271,10232116915.264904,0.0,-0.0,0.0,324859744.270955,505085297.807453,391441755.182685,233456492.132878,993415767.94779,29980002246.96928,2485.141783,81831.926811,65728.251708,194302190.75406897,0.0,218603289.94877902
test0_DemHi_FuelMd_REcostHi_SitingOpen_BattHi_PolIRA,2,2,1,0,2,0,0.0,0.0,0.0,0.0,0.0,0.0,9331.231894,0.0,12994.628099,0.0,114406.651373,0.0,20613.107503,142.0,405.8,0.0,24.4,4980.0,0.0,147.162912,5.0,0.0,0.0,0.0,0.0,0.0,0.0,0.0,-492831.644156,0.0,0.0,0.0,26050734.039,415548421.349519,0.0,11688107.601293,299140.608,442785.0048,0.0,98183.477899,37776482.913897,0.0,259888.117492,-2469.2505,39476.738556,39476.738556,0.0,0.0,0.0,103597296.48927,0.0,0.0,0.0,0.0,0.0,0.0,0.0,5708698283.811445,8912088453.464722,0.0,0.0,-103855737.889116,384358743.165429,611989036.861695,436800179.726003,259370210.658348,720837641.979549,17033884108.267347,2549.635594,85304.906931,78021.251197,182404403.199203,0.0,297052440.141827
test0_DemHi_FuelMd_REcostHi_SitingOpen_BattHi_PolOBBBA,2,2,1,1,2,0,0.0,0.0,0.0,0.0,0.0,0.0,7612.726258,0.0,12994.628099,0.0,112006.188491,0.0,21555.326584,142.0,405.8,0.0,24.4,4980.0,0.0,1184.814282,5.0,0.0,0.0,0.0,0.0,0.0,0.0,0.0,-698457.478173,0.0,0.0,0.0,26050734.039,420853112.48756,0.0,14164590.321996,299140.608,442785.0048,0.0,112207.905888,39232194.400775,0.0,871327.307437,-2632.851,40865.046956,40865.046956,0.0,0.0,8049630384.016006,120046332.878406,2229467113.033516,0.0,358003708.792995,0.0,0.0,0.0,0.0,5581007605.279127,9148522653.020462,0.0,-0.0,0.0,369864116.783561,557275958.623066,454948087.167075,238468684.782899,779539156.074498,27886773800.45161,2550.977574,79652.91291799999,76867.010769,175444948.57700902,0.0,294983594.26695395
test0_DemHi_FuelMd_REcostHi_SitingOpen_BattLo_PolIRA,0,2,1,0,2,0,0.0,0.0,0.0,0.0,0.0,0.0,19967.290839,0.0,12994.628099,0.0,102469.586518,0.0,20533.354455,142.0,405.8,0.0,24.4,4980.0,0.0,583.198737,5.0,0.0,0.0,0.0,0.0,0.0,0.0,0.0,-5508581.169365,0.0,0.0,0.0,26050734.039,388224689.066661,0.0,11080243.332768,299140.608,442785.0048,0.0,112207.905888,38725594.759067,0.0,342608.692155,-1221.018,40263.58015,40263.58015,0.0,0.0,2161512521.078779,162117906.71985,622858468.595851,0.0,254362369.763733,0.0,0.0,0.0,0.0,5866141026.581167,8397733932.164884,0.0,-0.0,-239868079.893251,405377111.804914,306031477.336298,444865270.880202,260094387.503781,745226933.564777,19386453326.100983,2407.759848,95874.637093,79246.64050000001,209568942.375815,0.0,302222195.698999
test0_DemHi_FuelMd_REcostHi_SitingOpen_BattLo_PolOBBBA,0,2,1,1,2,0,0.0,0.0,0.0,0.0,0.0,0.0,11791.40302,0.0,12994.628099,0.0,105260.952169,5017.498625,16495.585446,142.0,405.8,0.0,24.4,4980.0,0.0,1220.528613,5.0,0.0,0.0,0.0,0.0,0.0,0.0,0.0,-3448955.276553,0.0,0.0,0.0,26050734.039,411780795.251067,11740287.87224,11510804.381699,299140.608,442785.0048,0.0,112207.905888,39266087.06772,0.0,778276.461673,-1243.041,37620.603479,37620.603479,0.0,0.0,8258110708.053352,1054425.40956,2360706471.725512,0.0,0.0,34129595.496798,0.0,48014525.337723,0.0,5571118191.701709,9169807338.778332,0.0,-0.0,0.0,369734479.201722,371238555.362817,402229254.281665,234378731.375485,844748425.016728,27665270701.7414,2361.908651,79664.883871,76458.34790200001,179765526.82582402,0.0,292598392.539137
test0_DemHi_FuelMd_REcostHi_SitingOpen_BattMd_PolIRA,1,2,1,0,2,0,0.0,0.0,0.0,0.0,0.0,0.0,7211.045915,0.0,12994.628099,0.0,110706.68212,0.0,18937.713297,142.0,405.8,0.0,24.4,4980.0,0.0,76.91251,5.0,0.0,0.0,0.0,0.0,0.0,0.0,0.0,-2078007.991871,0.0,0.0,0.0,26050734.039,415711658.641452,0.0,10001536.955018,299140.608,442785.0048,0.0,97050.07486,37695710.55294,0.0,40425.215286,-1598.961,41131.138916,41131.138916,0.0,0.0,26268482.193344,102542871.07971,0.0,0.0,0.0,0.0,0.0,0.0,0.0,5737075243.572583,8883580305.10545,0.0,0.0,-88769796.215731,396308160.108492,488671612.386898,461462344.053343,256703779.401465,765877647.08815,17029720648.773705,2578.391486,89337.182732,78034.001908,190354608.161217,0.0,292990744.70881
test0_DemHi_FuelMd_REcostHi_SitingOpen_BattMd_PolOBBBA,1,2,1,1,2,0,0.0,0.0,0.0,0.0,0.0,0.0,9565.082855,0.0,12994.628099,0.0,108661.962773,4333.184875,16549.520888,142.0,405.8,0.0,24.4,4980.0,0.0,1219.244591,5.0,0.0,0.0,0.0,0.0,0.0,0.0,0.0,-2424859.858134,0.0,0.0,0.0,26050734.039,418806202.17228,7875819.815331,11314106.754711,299140.608,442785.0048,0.0,112207.905888,39266087.06772,0.0,836553.727063,-2692.239,37865.289121,37865.289121,0.0,0.0,9524726381.57774,1054425.40956,2741047666.416743,0.0,0.0,190593627.321295,0.0,32209921.442614,0.0,5569975333.268082,9213686080.04206,0.0,-0.0,0.0,364905462.871436,438226307.88894,404275932.231482,233617619.729696,826841971.356263,29541160729.55591,2393.422665,78130.561103,76040.276584,176020677.92581,0.0,292196931.411795
test0_DemHi_FuelMd_REcostHi_SitingRef_BattHi_PolIRA,2,2,1,0,2,1,0.0,0.0,0.0,0.0,0.0,0.0,9202.880099,0.0,12994.628099,0.0,101928.330534,0.0,31111.232542,142.0,405.8,0.0,24.4,4980.0,0.0,175.351085,5.0,0.0,0.0,0.0,0.0,0.0,0.0,0.0,-584719.08793,0.0,0.0,0.0,26920965.006,413620979.377618,0.0,18292439.406353,299450.736,442984.704,0.0,106044.982656,38345684.46192,0.0,261004.205598,-2409.651,38480.289353,38480.289353,0.0,0.0,1418048913.931977,103597296.48927,308584436.692702,0.0,0.0,0.0,0.0,0.0,0.0,5695936338.867047,9112323650.65408,0.0,-0.0,-95465977.05403,388702468.809795,764043784.782767,413460220.07987,258068310.25111,822383702.658671,19189683146.16326,2656.016292,93171.23710900001,74641.04490200001,208728044.672793,0.0,265383147.38636902
test0_DemHi_FuelMd_REcostHi_SitingRef_BattHi_PolOBBBA,2,2,1,1,2,1,0.0,0.0,0.0,0.0,0.0,0.0,8729.626827,0.0,12994.628099,0.0,104830.945889,8129.562548,20834.352052,142.0,405.8,0.0,24.4,4980.0,0.0,1270.4,5.0,0.0,0.0,0.0,0.0,0.0,0.0,0.0,-589537.426322,0.0,0.0,0.0,26920965.006,414883649.639631,45114880.08138,15656289.508372,299450.736,442984.704,0.0,111743.683626,38819607.247766,0.0,859465.252108,-2134.797,35335.016477,35335.016477,0.0,0.0,9619983436.609962,17503461.798696,2631210379.194949,0.0,0.0,43121960.24541,0.0,184507362.711063,0.0,5469869471.820116,10090250930.75357,0.0,-0.0,0.0,336734129.655077,718697554.700754,383111416.090047,228395868.273037,963693891.942533,30687079863.795208,2422.32403,79911.843017,66363.221118,187984100.90949598,0.0,241056675.055784
test0_DemHi_FuelMd_REcostHi_SitingRef_BattLo_PolIRA,0,2,1,0,2,1,0.0,0.0,0.0,0.0,0.0,0.0,22721.988276,0.0,12994.628099,0.0,100513.31853,0.0,22038.936411,142.0,405.8,0.0,24.4,4980.0,0.0,378.133079,5.0,0.0,0.0,0.0,-0.0,0.0,0.0,0.0,-7038224.627614,0.0,0.0,-0.0,26920965.006,411299449.116606,0.0,13212932.340943,299450.736,442984.704,0.0,108186.146616,38847919.12992,0.0,314702.64863,-2607.825,38027.87280899999,38027.87280899999,0.0,0.0,4065354765.59159,59575035.64014,1191086958.978868,0.0,268853978.246138,88111105.083088,0.0,0.0,0.0,5772751432.819797,8977737299.496048,0.0,-0.0,-96666017.141709,398346466.810662,303615481.477709,415015553.686158,255350850.916131,852127874.123268,22551260785.727886,2443.779623,99183.379137,71520.876637,227200504.275442,0.0,260452874.88135698
test0_DemHi_FuelMd_REcostHi_SitingRef_BattLo_PolOBBBA,0,2,1,1,2,1,0.0,0.0,0.0,0.0,0.0,0.0,15476.654263,0.0,12994.628099,0.0,101095.782194,5651.188326,17751.635436,142.0,405.8,0.0,24.4,4980.0,0.0,1270.4,5.0,0.0,0.0,0.0,0.0,0.0,0.0,0.0,-4392104.009862,0.0,0.0,0.0,26920965.006,413499217.409717,36960714.564175,12429916.065353,299450.736,442984.704,0.0,108186.146616,38847919.12992,0.0,874765.467085,-1838.061,35821.3709,35821.3709,0.0,0.0,8814782367.608671,58520610.23058,2626355735.854352,0.0,0.0,97728517.232229,0.0,151159084.44954,0.0,5435054510.885694,9824192054.88446,0.0,-0.0,0.0,349614351.678211,445372276.915849,387179537.391638,229462325.625972,950703437.1673,29370124809.924496,2288.270484,85058.270467,65395.86362899999,203371650.47764802,0.0,242240999.763627
test0_DemHi_FuelMd_REcostHi_SitingRef_BattMd_PolIRA,1,2,1,0,2,1,0.0,0.0,0.0,0.0,0.0,0.0,10691.69773,0.0,12994.628099,0.0,99998.187027,0.0,27647.781475,142.0,405.8,0.0,24.4,4980.0,0.0,137.812872,5.0,0.0,0.0,0.0,0.0,0.0,0.0,0.0,-2672897.264445,0.0,0.0,0.0,26920965.006,405729098.78094,0.0,16688059.52084,299450.736,442984.704,0.0,108186.146616,38828477.810744,0.0,170236.074156,-1574.007,37421.252749,37421.252749,0.0,0.0,2720847634.164166,103597296.48927,622736611.523147,0.0,43406972.88888,0.0,0.0,0.0,0.0,5698735130.89706,8914344254.706425,0.0,0.0,-95176007.802892,399129490.001438,629136814.091144,406683854.962352,256515032.028224,813407827.986469,20513364911.935684,2634.589531,98469.393678,72568.982708,222493446.983175,0.0,262794046.84076002
test0_DemHi_FuelMd_REcostHi_SitingRef_BattMd_PolOBBBA,1,2,1,1,2,1,0.0,0.0,0.0,0.0,0.0,0.0,10387.557824,0.0,12994.628099,0.0,103123.878268,5791.795788,19343.820826,142.0,405.8,0.0,24.4,4980.0,0.0,1270.4,5.0,0.0,0.0,0.0,0.0,0.0,0.0,0.0,-2362659.914556,0.0,0.0,0.0,26920965.006,416404228.773487,27335167.554976,12989179.96629,299450.736,442984.704,0.0,108186.146616,38847919.12992,0.0,864875.222047,-2758.503,36541.318906,36541.318906,0.0,0.0,9343227032.963043,17503461.798696,2822572552.68302,0.0,0.0,46263036.564311,0.0,111793263.458438,0.0,5485330400.823208,9667114666.448769,-0.0,0.0,0.0,352977592.501228,575997313.597209,393201556.889579,230711611.158484,928831347.784623,29975523836.67061,2421.443014,83893.64672799999,67867.86963500001,199743917.13928497,0.0,250218756.711558
test0_DemHi_FuelMd_REcostLo_SitingLim_BattHi_PolIRA,2,2,1,0,0,2,0.0,0.0,0.0,0.0,0.0,0.0,6596.269874,0.0,12994.628099,0.0,66355.211097,0.0,60392.101184,142.0,405.8,0.0,24.4,4980.0,0.0,183.782981,5.0,0.0,-0.0,0.0,0.0,0.0,0.0,0.0,-1133573.047426,0.0,0.0,0.0,30008120.2923,197732005.3525,0.0,34981130.772027,253776.72,443341.2192,0.0,88348.259268,36191371.372651,0.0,281301.338656,-2768.9235,46872.407376,46872.407376,0.0,0.0,3974278500.79276,29041472.61036,1614932826.846066,0.0,530383611.990575,0.0,0.0,-0.0,0.0,5774506597.106758,5225321887.281097,0.0,-0.0,-731759622.886054,529429475.549665,655980156.041225,485442211.222239,296209305.903872,464510967.152218,18848277389.610783,3041.74083,118576.010352,110413.189584,280628152.020252,0.0,380791843.747622
test0_DemHi_FuelMd_REcostLo_SitingLim_BattHi_PolOBBBA,2,2,1,1,0,2,0.0,0.0,0.0,0.0,0.0,0.0,7091.717192,0.0,12994.628099,0.0,76284.959522,0.0,50052.716155,142.0,405.8,0.0,24.4,4980.0,0.0,180.724987,5.0,-0.0,0.0,0.0,0.0,0.0,-0.0,0.0,-1538504.160044,0.0,0.0,0.0,30008120.2923,221532777.680649,-0.0,29063375.81441,272922.864,443341.2192,0.0,98274.581759,37406928.407819,0.0,279694.056628,-2937.4635,45549.485614000005,45549.485614000005,0.0,0.0,5488301370.361332,120557994.21036,1944799817.307261,0.0,509049414.483527,0.0,0.0,0.0,0.0,5605462994.888898,5485800898.527699,0.0,0.0,0.0,498542623.787487,687605856.515367,463425912.071064,287601762.689864,425595162.948066,21516743807.790924,3147.114264,112111.39477400001,105942.82320999999,272589495.610407,0.0,369981099.24889004
test0_DemHi_FuelMd_REcostLo_SitingLim_BattLo_PolIRA,0,2,1,0,0,2,137.539246,1142.295068,0.0,0.0,0.0,0.0,31519.356447,1422.671666,12994.628099,0.0,61185.060266,0.0,43709.933013,142.0,405.8,0.0,24.4,4980.0,0.0,1270.4,5.0,622452.014059,600390.287911,0.0,-0.0,0.0,0.0,0.0,-10725256.239147,747756.227671,0.0,0.0,30008120.2923,163878444.106365,0.0,22973940.79172,299655.216,443341.2192,0.0,102351.494081,37950995.937207,0.0,667722.24,-2368.47,47358.61969300001,47358.61969300001,0.0,0.0,6839262177.411711,0.0,2034113872.8534,0.0,607819010.224006,333028821.859033,0.0,17372327.118161,0.0,6139939830.102563,4238588001.631306,0.0,-0.0,-1300211170.688243,554808800.908894,387155660.422298,494812902.572591,314633572.042503,362018788.07826,21023342594.53648,2742.004049,144991.51820400002,103258.01159800001,357669550.383314,0.0,355996338.600095
test0_DemHi_FuelMd_REcostLo_SitingLim_BattLo_PolOBBBA,0,2,1,1,0,2,0.0,0.0,0.0,0.0,0.0,0.0,26116.214015,0.0,12994.628099,0.0,78820.625951,0.0,31805.506561,142.0,405.8,0.0,24.4,4980.0,0.0,1210.072358,5.0,0.0,0.0,0.0,0.0,0.0,0.0,0.0,-8778533.316304,0.0,0.0,0.0,30008120.2923,218150978.054565,-0.0,16716974.248249,299655.216,443341.2192,0.0,102351.494081,37985785.78374,0.0,636014.031428,-2998.35375,44037.974717,44037.974717,0.0,0.0,6196171179.19478,0.0,2039556141.28253,0.0,335959333.637842,162955810.968807,0.0,-0.0,0.0,5720728995.678257,5057724630.84561,0.0,-0.0,0.0,503577447.618603,397755672.457884,447464769.258764,297323094.08426,358877021.54141,21518094096.568745,2741.619071,127654.39937900001,98815.06423799999,316589366.41672003,0.0,348319911.63978493
test0_DemHi_FuelMd_REcostLo_SitingLim_BattMd_PolIRA,1,2,1,0,0,2,0.0,0.0,0.0,0.0,0.0,0.0,12854.472187,0.0,12994.628099,0.0,62500.258822,0.0,55132.707083,142.0,405.8,0.0,24.4,4980.0,0.0,137.482981,5.0,0.0,0.0,-0.0,0.0,0.0,0.0,0.0,-4090936.578665,0.0,0.0,0.0,30008120.2923,182296813.302631,0.0,28977750.842582,253776.72,443341.2192,0.0,95658.237395,37423767.29598,0.0,218298.400297,-2463.31875,46805.112069,46805.112069,0.0,0.0,4837184418.955869,29041472.61036,1775902103.05561,0.0,108550368.229386,0.0,0.0,-0.0,0.0,5876651254.943535,4749610247.751423,0.0,0.0,-885020888.125808,543493693.113894,536031586.741565,487309141.432959,300590175.809505,428676061.920919,18788019636.439213,2875.638404,126519.44555,111261.989833,301394667.355077,0.0,383787885.708174
test0_DemHi_FuelMd_REcostLo_SitingLim_BattMd_PolOBBBA,1,2,1,1,0,2,0.0,0.0,0.0,0.0,0.0,0.0,7056.463998,0.0,12994.628099,0.0,80970.242371,0.0,43673.111684,142.0,405.8,0.0,24.4,4980.0,0.0,182.482981,5.0,0.0,0.0,0.0,0.0,0.0,0.0,0.0,-2492313.261278,0.0,0.0,0.0,30008120.2923,234458366.841658,0.0,22954587.501083,292046.43,443341.2192,0.0,92052.900839,37188729.082603,0.0,253408.846433,-3105.80475,41767.975569,41767.975569,0.0,0.0,8572936640.815718,0.0,2702084841.694402,0.0,1693849197.07565,374723021.824957,0.0,0.0,0.0,5553407621.695876,5556779178.793543,0.0,0.0,0.0,487379795.88368,677432638.180566,449002160.851239,285095435.513092,413839670.106885,26766530202.435608,2810.673532,113705.05924500001,102303.95242000002,277229352.663588,0.0,359522932.997995
test0_DemHi_FuelMd_REcostLo_SitingOpen_BattHi_PolIRA,2,2,1,0,0,0,0.0,0.0,0.0,204.410532,1717.73213,471.848642,7953.939173,0.0,12994.628099,1348.167106,64019.939339,0.0,60826.615035,142.0,405.8,0.0,24.4,4980.0,0.0,203.559151,5.0,0.0,0.0,0.0,107438.175496,0.0,902840.007469,248003.646257,-876850.188059,0.0,0.0,0.0,26050734.039,184733961.410854,0.0,31970468.862298,286324.824,442785.0048,0.0,96094.541159,37667360.944372,0.0,106990.689718,-2601.909,63511.5157,63511.5157,0.0,0.0,2363146052.154854,111180073.7151,584466251.002332,0.0,4063792.120136,0.0,0.0,0.0,23938823.593669,5827145261.194045,4881627006.549005,14475146.712757,23469991.577356,-471321854.198988,516373656.103348,542237346.283968,702822781.943459,311992286.126267,443101100.345938,15878717715.223244,3304.068791,118122.391728,112042.725331,264961389.773682,0.0,432069155.734914
test0_DemHi_FuelMd_REcostLo_SitingOpen_BattHi_PolOBBBA,2,2,1,1,0,0,0.0,0.0,0.0,0.0,0.0,0.0,7684.035817,0.0,12994.628099,0.0,93510.918558,0.0,35854.106201,142.0,405.8,0.0,24.4,4980.0,0.0,144.652876,5.0,0.0,0.0,0.0,0.0,0.0,0.0,0.0,-1305536.497305,0.0,0.0,0.0,26050734.039,289852746.388697,0.0,18844918.219151,286324.824,442785.0048,0.0,96838.61613,37768221.899467,0.0,143762.452628,-2596.701,39244.284396,39244.284396,0.0,0.0,3266225605.170344,29041472.61036,1280875686.519992,0.0,29029441.938939,107918940.741763,0.0,0.0,0.0,5506536603.832771,6552216020.67868,0.0,-0.0,0.0,455755383.089548,506072220.206536,423781216.838903,268233851.31516,485628302.650825,18911314745.59382,2536.726312,94744.19915100001,101879.35346999999,212101287.174601,0.0,386825749.41507006
test0_DemHi_FuelMd_REcostLo_SitingOpen_BattLo_PolIRA,0,2,1,0,0,0,118.127083,1360.061091,0.0,137.979371,4651.645101,864.253944,27973.84782,1731.857145,12994.628099,4047.548956,63847.318837,0.0,41321.166291,142.0,405.8,0.0,24.4,4980.0,0.0,1270.4,5.0,478681.182189,714848.109342,0.0,72521.957358,0.0,2444904.665191,454251.872951,-8389680.294979,910264.11527,0.0,0.0,26050734.039,176118701.368136,0.0,21718405.002518,286324.824,442785.0048,0.0,93615.268974,37345799.25882,0.0,667722.24,-1719.039,56637.649886,56637.649886,0.0,0.0,4824095334.225179,106994899.0908,886097967.32034,0.0,1735898.165122,47926719.648795,0.0,20904488.017714,71870586.373208,6191459356.475049,4440498544.723228,10197444.906309,55063741.931826,-678678314.477374,528097328.419298,244581535.681853,653722031.943299,319086555.746042,376834100.163176,18100488218.353867,2840.892477,129959.10583500001,107931.221724,290784273.361203,0.0,434008864.382856
test0_DemHi_FuelMd_REcostLo_SitingOpen_BattLo_PolOBBBA,0,2,1,1,0,0,81.628698,845.866858,0.0,0.0,0.0,0.0,18877.822115,865.826935,12994.628099,0.0,87520.956071,0.0,28075.715362,142.0,405.8,0.0,24.4,4980.0,0.0,1270.4,5.0,330780.38118,444587.620777,0.0,0.0,0.0,0.0,0.0,-6343515.507613,455078.636778,0.0,0.0,26050734.039,259268969.191489,0.0,14756595.994336,299140.608,442785.0048,0.0,97803.651498,37922423.84082,0.0,667722.24,-2526.117,40790.228889,40790.228889,0.0,0.0,5093680047.778738,0.0,1719033482.746534,0.0,453295444.377944,417946515.93371,0.0,11749299.528181,0.0,5685121871.184977,5854384793.027874,0.0,-0.0,0.0,477531246.03536,313479387.646331,433699087.786088,278675171.715177,424715723.252632,21163312071.013542,2475.349743,108598.83903,99762.47953799999,249726312.461637,0.0,387290575.6774621
test0_DemHi_FuelMd_REcostLo_SitingOpen_BattMd_PolIRA,1,2,1,0,0,0,0.0,0.0,0.0,206.688996,1353.749288,0.0,9727.934659,0.0,12994.628099,822.309484,62560.477362,0.0,57214.553729,142.0,405.8,0.0,24.4,4980.0,0.0,578.009487,5.0,0.0,0.0,0.0,108635.736263,0.0,711530.626026,0.0,-2708496.061607,0.0,0.0,0.0,26050734.039,188623759.745424,0.0,30071969.439912,299140.608,442785.0048,0.0,95613.406998,37817223.647552,0.0,303801.786175,-2567.796,61025.864838,61025.864838,0.0,0.0,2029926803.849577,111907930.1715,517992951.386068,0.0,16104908.136044,0.0,0.0,0.0,14601395.908133,5814361927.087914,4930316626.254734,14762205.671814,14151282.468456,-502112266.928699,514244011.130486,477892890.281896,679246574.069914,306101569.218361,448650828.509761,15388149637.21596,3355.364282,121356.431068,109295.53814799999,270915938.39648,0.0,424644693.57429695
test0_DemHi_FuelMd_REcostLo_SitingOpen_BattMd_PolOBBBA,1,2,1,1,0,0,0.0,0.0,0.0,0.0,0.0,0.0,8802.946104,0.0,12994.628099,0.0,93391.990697,0.0,31979.669162,142.0,405.8,0.0,24.4,4980.0,0.0,104.278878,5.0,0.0,0.0,0.0,0.0,0.0,0.0,0.0,-2940573.959587,0.0,0.0,0.0,26050734.039,285450425.397277,0.0,16808514.111728,286324.824,442785.0048,0.0,97637.014698,37873274.22162,0.0,54808.978261,-2171.694,39994.813453,39994.813453,0.0,0.0,3914721529.492396,29769329.06676,1356894241.754536,0.0,205067184.285118,164305134.824814,0.0,0.0,0.0,5512177178.277257,6401083963.110958,0.0,-0.0,0.0,459248265.923352,388922677.320861,435404304.366499,268015774.353587,467717442.77561,19603327025.55175,2497.865381,95949.24558999999,102514.05276600001,217040454.175594,0.0,390172090.968581
test0_DemHi_FuelMd_REcostLo_SitingRef_BattHi_PolIRA,2,2,1,0,0,1,0.0,0.0,0.0,103.789944,1867.594283,1499.211307,7642.15703,0.0,12994.628099,1568.796293,68348.852603,0.0,53520.083274,142.0,405.8,0.0,24.4,4980.0,0.0,1270.4,5.0,0.0,0.0,0.0,54551.994804,0.0,981607.554934,787985.462998,-1670213.028736,0.0,0.0,0.0,26920965.006,203073550.346706,0.0,28130155.768583,299450.736,442984.704,0.0,97700.553246,37809006.141386,0.0,867071.34488,-3044.247,53425.77232399999,53425.77232399999,0.0,0.0,2535555131.087038,111907930.1715,791804825.464606,0.0,220106883.759945,93726543.65455,0.0,0.0,27856441.199935,5810536577.404626,5163353559.89193,10826112.417075,37061248.593168,-614826947.066984,512362890.008488,798896599.70996,564868521.138894,306075497.829038,452590372.032452,16822702187.29622,2900.294305,122218.84020400001,108220.14609299999,285496406.060799,0.0,396950774.15432894
test0_DemHi_FuelMd_REcostLo_SitingRef_BattHi_PolOBBBA,2,2,1,1,0,1,0.0,383.038296,0.0,0.0,0.0,0.0,7719.961015,58.155781,12994.628099,0.0,77616.161433,2228.194892,46381.037965,142.0,405.8,0.0,24.4,4980.0,0.0,1270.4,5.0,0.0,201324.928353,0.0,0.0,0.0,0.0,0.0,-1514477.469728,30566.678319,0.0,0.0,26920965.006,233032220.418968,1171139.235461,24377873.554307,299450.736,442984.704,0.0,98121.772014,37795678.412035,0.0,854749.741012,-3143.13,45312.125424,45312.125424,0.0,0.0,5960724732.579412,29041472.61036,2498310246.923576,0.0,172046062.929195,491841897.802007,0.0,8184457.361474,0.0,5644129574.988761,5659615596.082267,0.0,-0.0,0.0,485448678.626454,889892762.031823,462840282.611046,284656139.475331,454821466.556548,23041553370.57825,2688.11305,115043.830145,102595.47671999999,280595312.972479,0.0,368437333.27647793
test0_DemHi_FuelMd_REcostLo_SitingRef_BattLo_PolIRA,0,2,1,0,0,1,157.83683,1217.150498,0.0,0.0,2581.499854,1407.220744,26378.057109,1827.310106,12994.628099,2802.693521,63471.580004,0.0,41866.057884,142.0,405.8,0.0,24.4,4980.0,0.0,1270.4,5.0,681002.788649,639734.301961,0.0,0.0,0.0,1356836.323084,739635.222833,-9080703.796395,960434.191628,0.0,0.0,26920965.006,167784532.118351,0.0,22004800.023681,299450.736,442984.704,0.0,98291.025426,37962878.53392,0.0,667722.24,-2314.491,53083.27998,53083.27998,0.0,0.0,7469093210.835537,29041472.61036,1551972433.816877,0.0,145789356.859111,653971065.0473,0.0,20145031.703044,49766223.686714,6203790015.473206,4275250266.870998,9757585.207737,41689652.656307,-976586179.400221,541990461.972861,376456011.624998,579424239.831846,321769755.100486,342788690.8583,21636109294.75546,2662.692874,134793.57068200002,110750.563418,323992521.27734196,0.0,406233329.744687
test0_DemHi_FuelMd_REcostLo_SitingRef_BattLo_PolOBBBA,0,2,1,1,0,1,231.273819,1230.856167,0.0,0.0,0.0,0.0,25424.536067,2436.761396,12994.628099,0.0,72813.362449,853.85325,35394.605205,142.0,405.8,0.0,24.4,4980.0,0.0,1270.4,5.0,997854.021301,646938.001421,-0.0,0.0,0.0,0.0,0.0,-8652091.639073,1280761.789775,0.0,0.0,26920965.006,205393156.305538,448785.268227,18603404.495864,299450.736,442984.704,0.0,99213.303576,37859196.783937,0.0,667722.24,-2052.801,42099.30531,42099.30531,0.0,0.0,9439118615.982485,18274484.957219,2359552051.909508,0.0,0.0,907232464.593891,0.0,25642436.187201,0.0,6006135623.724613,4943632849.968813,0.0,-0.0,0.0,506715301.649321,508862593.090008,439622181.411159,302251502.447972,377818227.105618,25834858333.02781,2497.338014,129806.09502499999,103384.952794,323131164.61868197,0.0,364715507.71985
test0_DemHi_FuelMd_REcostLo_SitingRef_BattMd_PolIRA,1,2,1,0,0,1,0.0,418.975756,0.0,39.072299,2082.561423,1252.316358,9487.019216,63.274984,12994.628099,1600.973875,67414.041714,0.0,49638.850577,142.0,405.8,0.0,24.4,4980.0,0.0,1270.4,5.0,0.0,220213.657199,0.0,20536.400336,0.0,1094594.28383,658217.477789,-3337437.641724,33257.331555,0.0,0.0,26920965.006,197224324.734253,0.0,26090179.863194,299450.736,442984.704,0.0,95592.398106,37621985.65812,0.0,829286.264988,-2303.751,52078.199037,52078.199037,0.0,0.0,3464236655.156772,106267042.6344,1146404653.243589,0.0,186779718.079922,187298378.859149,0.0,3705494.08373,28427804.675497,5854303425.259869,4979651176.798941,10069452.984007,35419706.870259,-657291304.114477,519358109.712417,689437344.291495,558232157.880008,305288196.188251,424817488.479051,17842405501.08288,2843.394285,123726.351328,110084.41538100001,291695996.35911,0.0,400146109.49267507
test0_DemHi_FuelMd_REcostLo_SitingRef_BattMd_PolOBBBA,1,2,1,1,0,1,0.0,740.009753,0.0,0.0,0.0,0.0,8337.027884,112.412638,12994.628099,0.0,79552.305188,2016.601259,40740.87721,142.0,405.8,0.0,24.4,4980.0,0.0,1270.4,5.0,0.0,388949.126227,0.0,0.0,0.0,0.0,0.0,-3083485.149581,59084.08236,0.0,0.0,26920965.006,230116204.631303,1059925.621688,21413405.061485,299450.736,442984.704,0.0,96750.159906,36982390.136666,0.0,738345.396726,-2983.0545,44104.237551,44104.237551,0.0,0.0,6742460917.733494,29041472.61036,2789237238.247044,0.0,514937422.259857,752676853.901353,0.0,10895251.348733,0.0,5676730369.60226,5488106178.661505,0.0,-0.0,0.0,487089322.412555,834201653.209681,457253006.8604,284786155.758228,412176574.290338,24479592416.89581,2567.144544,118098.917158,102466.921619,288674321.019977,0.0,368416249.33108294
test0_DemHi_FuelMd_REcostMd_SitingLim_BattHi_PolIRA,2,2,1,0,1,2,0.0,0.0,0.0,0.0,0.0,0.0,5800.408048,0.0,12994.628099,0.0,74511.618309,0.0,53248.193852,142.0,405.8,0.0,24.4,4980.0,0.0,140.948345,5.0,0.0,0.0,0.0,0.0,0.0,0.0,0.0,-1195186.856256,0.0,0.0,0.0,30008120.2923,254042667.336224,0.0,32352797.496977,299655.216,443341.2192,0.0,94913.089632,37310696.192848,0.0,222225.977877,-3303.9585,42488.215465,42488.215465,0.0,0.0,5240375427.105483,102116520.744,1643295886.027016,0.0,0.0,0.0,0.0,0.0,0.0,6032645561.712646,6296546307.395877,0.0,-0.0,-465757248.643746,496278108.802327,743058368.248962,452888077.595291,290508589.10759,582950800.703123,21414906398.79857,3092.369962,118563.50658,100617.727777,274307509.398992,0.0,331730911.198923
test0_DemHi_FuelMd_REcostMd_SitingLim_BattHi_PolOBBBA,2,2,1,1,1,2,0.0,0.0,0.0,0.0,0.0,0.0,6371.0377,0.0,12994.628099,0.0,96826.517018,0.0,32050.032065,142.0,405.8,0.0,24.4,4980.0,0.0,697.260678,5.0,0.0,0.0,0.0,0.0,0.0,0.0,0.0,-1553575.167411,0.0,0.0,0.0,30008120.2923,321344773.765779,0.0,26696986.430462,299655.216,443341.2192,0.0,104245.895765,38430199.26162,0.0,550985.751074,-3303.9585,37983.577431000005,37983.577431000005,0.0,0.0,9512572183.917524,0.0,3063260552.956974,0.0,1218742410.445763,632342915.072142,0.0,0.0,0.0,5683070977.265031,7463164156.622601,0.0,0.0,0.0,432411850.503148,721647146.639864,406017325.216043,270394727.163591,602596066.247901,30006220312.05057,2599.709749,103420.085138,87381.97743300001,250004918.78941798,0.0,293135016.910065
test0_DemHi_FuelMd_REcostMd_SitingLim_BattLo_PolIRA,0,2,1,0,1,2,0.0,0.0,0.0,0.0,0.0,0.0,29539.662539,0.0,12994.628099,0.0,72498.849703,0.0,37804.381231,142.0,405.8,0.0,24.4,4980.0,0.0,1074.594543,5.0,0.0,0.0,0.0,0.0,0.0,0.0,0.0,-10274634.184038,0.0,0.0,0.0,30008120.2923,250096723.224889,0.0,19869982.774791,299655.216,443341.2192,0.0,102351.494081,37985785.78374,0.0,722497.702315,-2368.47,42382.444867000006,42382.444867000006,0.0,0.0,5378172073.516265,0.0,1861987399.370864,0.0,112079103.933771,292331492.374572,0.0,0.0,0.0,6168359121.988607,5889666934.33543,0.0,-0.0,-678432531.479274,499605966.532218,432178485.492409,451854795.31476,300841872.028757,523661453.580431,21232306166.988808,2565.130903,139669.261172,89439.215179,334533258.00898004,0.0,296139873.701191
test0_DemHi_FuelMd_REcostMd_SitingLim_BattLo_PolOBBBA,0,2,1,1,1,2,0.0,0.0,0.0,0.0,0.0,0.0,23132.289321,0.0,12994.628099,0.0,97882.194401,0.0,19106.903955,142.0,405.8,0.0,24.4,4980.0,0.0,109.834359,5.0,0.0,0.0,0.0,-0.0,0.0,0.0,0.0,-7504418.005949,0.0,0.0,0.0,30008120.2923,327082976.209496,0.0,16043883.721228,299655.216,443341.2192,0.0,104245.895765,38367237.247973,0.0,161806.350962,-2798.21475,37064.035263,37064.035263,0.0,0.0,9909221706.325825,0.0,2853114534.719917,0.0,498845131.76249,619410558.483709,0.0,0.0,0.0,5721700215.315263,7253297629.980682,0.0,0.0,0.0,424373196.204575,416568918.679632,397718066.961815,273755608.274442,564313461.078341,28932319027.78669,2345.726312,114556.214749,80090.124973,285256558.488091,0.0,269089791.242499
test0_DemHi_FuelMd_REcostMd_SitingLim_BattMd_PolIRA,1,2,1,0,1,2,0.0,0.0,0.0,0.0,0.0,0.0,11434.395803,0.0,12994.628099,0.0,73819.039909,0.0,46647.35992,142.0,405.8,0.0,24.4,4980.0,0.0,147.133413,5.0,0.0,0.0,0.0,0.0,0.0,0.0,0.0,-3754917.837853,0.0,0.0,0.0,30008120.2923,252246948.222483,0.0,24517852.373816,299655.216,443341.2192,0.0,96583.447213,37838318.61294,0.0,208807.717934,-3383.27775,42949.4832,42949.4832,0.0,0.0,6037028041.805201,0.0,1856894599.92332,0.0,0.0,0.0,0.0,0.0,0.0,6070986830.60703,6027079546.382406,0.0,-0.0,-538885919.587597,498543800.972713,685983321.8896,461403662.784829,291487233.168151,538882562.10786,21929403680.05352,2902.070699,125901.744579,97317.976085,296732583.15603703,0.0,321080796.545407
test0_DemHi_FuelMd_REcostMd_SitingLim_BattMd_PolOBBBA,1,2,1,1,1,2,0.0,0.0,0.0,0.0,0.0,0.0,7020.997193,0.0,12994.628099,0.0,96564.166072,0.0,31294.178736,142.0,405.8,0.0,24.4,4980.0,0.0,138.543651,5.0,0.0,0.0,0.0,0.0,0.0,0.0,0.0,-1751195.866261,0.0,0.0,0.0,30008120.2923,317362868.920029,0.0,32814564.349978,299655.216,443341.2192,0.0,104245.895765,38313135.480417,0.0,236387.918608,-3303.9585,36994.650349,36994.650349,0.0,0.0,8390199709.873537,80281988.95437,2565576415.05644,0.0,403688311.475281,249129197.671056,0.0,0.0,0.0,5661454617.450945,7538917153.657726,0.0,-0.0,0.0,422094878.111272,614983286.424608,400487310.548232,266956779.114,597187834.596518,27190957482.933983,2511.18766,103887.346632,86522.22130800001,251360948.569875,0.0,290102150.497139
test0_DemHi_FuelMd_REcostMd_SitingOpen_BattHi_PolIRA,2,2,1,0,1,0,0.0,0.0,0.0,0.0,0.0,0.0,7919.28406,0.0,12994.628099,0.0,84420.412514,0.0,46049.243747,142.0,405.8,0.0,24.4,4980.0,0.0,89.551221,5.0,0.0,0.0,0.0,0.0,0.0,0.0,0.0,-951326.503562,0.0,0.0,0.0,26050734.039,276398034.109999,0.0,24203482.513251,299140.608,442785.0048,0.0,99762.710272,37385392.01321,0.0,47068.121777,-2800.392,47896.93784,47896.93784,0.0,0.0,3939042626.538039,93985649.793882,1445126383.864439,0.0,0.0,0.0,0.0,0.0,0.0,5976230874.245026,6480233688.943333,0.0,-0.0,-591584707.686497,475668395.037846,654891421.207945,506104920.23509,283300925.290143,532837077.842667,19795837255.31192,3115.851904,112842.236418,97162.963958,246847451.27971,0.0,360880868.384114
test0_DemHi_FuelMd_REcostMd_SitingOpen_BattHi_PolOBBBA,2,2,1,1,1,0,0.0,0.0,0.0,0.0,0.0,0.0,8009.309324,0.0,12994.628099,0.0,107637.53064,928.830331,22857.310885,142.0,405.8,0.0,24.4,4980.0,0.0,1217.748072,5.0,0.0,0.0,0.0,0.0,0.0,0.0,0.0,-1156152.390076,-0.0,0.0,0.0,26050734.039,356424368.919006,488193.221749,12013802.601343,299140.608,442785.0048,0.0,99762.710272,37722349.76814,0.0,830753.133342,-2334.561,37224.302176,37224.302176,0.0,0.0,5827868444.716411,46641978.15858,2365931247.320006,0.0,0.0,244578614.295853,0.0,1996575.047431,0.0,5640774873.920906,7732402401.206091,0.0,-0.0,0.0,416380573.608228,648260264.844032,398914384.106469,255617684.012311,574477078.186337,24153844119.42265,2419.176235,91381.975932,86209.490968,208369492.07739198,0.0,329348840.40563995
test0_DemHi_FuelMd_REcostMd_SitingOpen_BattLo_PolIRA,0,2,1,0,1,0,0.0,0.0,0.0,0.0,0.0,0.0,20493.305253,0.0,12994.628099,0.0,76904.713081,0.0,40856.0832,142.0,405.8,0.0,24.4,4980.0,0.0,1152.004805,5.0,0.0,0.0,0.0,0.0,0.0,0.0,0.0,-6359873.496841,0.0,0.0,0.0,26050734.039,269062041.39893,0.0,21473957.329697,299140.608,442785.0048,0.0,101778.184392,38191554.31122,0.0,605493.725282,-2567.796,45003.050466,45003.050466,0.0,0.0,4169232849.947472,2412098.970769,1274864178.077352,0.0,4555201.322985,0.0,0.0,0.0,0.0,6001164390.810983,6326695682.15721,0.0,0.0,-579356997.073512,479992078.526402,354021778.163373,496798263.523645,282334088.953538,568609441.858007,19381323055.23822,2745.516787,118582.96419599999,93690.026224,265339546.870167,0.0,356879026.31153405
test0_DemHi_FuelMd_REcostMd_SitingOpen_BattLo_PolOBBBA,0,2,1,1,1,0,0.0,0.0,0.0,0.0,0.0,0.0,15851.223329,0.0,12994.628099,0.0,100674.156104,3567.896739,17970.031035,142.0,405.8,0.0,24.4,4980.0,0.0,1197.033502,5.0,0.0,0.0,0.0,0.0,0.0,0.0,0.0,-5083891.404494,0.0,0.0,0.0,26050734.039,337208563.057513,1875286.526214,11416015.915557,299140.608,442785.0048,0.0,101778.184392,38191554.31122,0.0,678985.555541,-1952.958,37900.441566,37900.441566,0.0,0.0,5411141429.264774,825521.73732,2149315167.631163,0.0,0.0,193801658.1233,0.0,7669402.437846,0.0,5744822618.497052,7378881584.777536,0.0,-0.0,0.0,427585593.228481,362103055.278894,404569965.559385,257688594.919985,568680371.122351,22907084962.57809,2387.75423,94089.568822,88854.75702899999,218254248.08551002,0.0,341867927.065579
test0_DemHi_FuelMd_REcostMd_SitingOpen_BattMd_PolIRA,1,2,1,0,1,0,0.0,0.0,0.0,0.0,0.0,0.0,9723.878189,0.0,12994.628099,0.0,78494.132997,0.0,45784.173238,142.0,405.8,0.0,24.4,4980.0,0.0,77.662203,5.0,0.0,0.0,0.0,0.0,0.0,0.0,0.0,-3009701.845054,0.0,0.0,0.0,26050734.039,262693211.154826,0.0,24064161.45387,299140.608,442785.0048,0.0,99762.710272,37718347.9409,0.0,40819.253696,-2822.649,47098.19585999999,47098.19585999999,0.0,0.0,4325868174.166545,116332751.24074,1492857816.46375,0.0,8277122.898004,0.0,0.0,0.0,0.0,6005218523.291246,6230464538.597433,0.0,-0.0,-584061331.869174,485337864.241791,523858026.972221,505430043.925858,283259167.890188,536565838.301312,19929408536.11991,3011.929015,116850.05205900001,97617.292805,256564940.784011,0.0,367148402.540263
test0_DemHi_FuelMd_REcostMd_SitingOpen_BattMd_PolOBBBA,1,2,1,1,1,0,0.0,0.0,0.0,0.0,0.0,0.0,9727.634677,0.0,12994.628099,0.0,105080.969485,300.50206,21157.373595,142.0,405.8,0.0,24.4,4980.0,0.0,1202.208139,5.0,0.0,0.0,0.0,-0.0,0.0,0.0,0.0,-3020352.976399,0.0,0.0,0.0,26050734.039,347078035.683042,157943.882964,12241902.032555,299140.608,442785.0048,0.0,101778.184392,37897730.431258,0.0,798658.231806,-2256.732,37276.329905,37276.329905,0.0,0.0,6375880056.165132,46641978.15858,2569033663.582303,0.0,0.0,349599877.866344,0.0,645946.730867,0.0,5643707359.897355,7549574179.753602,0.0,-0.0,0.0,421213704.724341,508119418.416671,399349571.08966,255304825.434225,563417702.654522,24682488284.4736,2367.834177,93102.875885,86744.071579,213627837.47706202,0.0,335331090.99559104
test0_DemHi_FuelMd_REcostMd_SitingRef_BattHi_PolIRA,2,2,1,0,1,1,0.0,0.0,0.0,0.0,0.0,0.0,9039.074919,0.0,12994.628099,0.0,79406.673485,0.0,48801.787507,142.0,405.8,0.0,24.4,4980.0,0.0,587.09423,5.0,0.0,0.0,0.0,0.0,0.0,0.0,0.0,-1326365.438318,0.0,0.0,0.0,26920965.006,256878768.947117,0.0,25650219.513626,299450.736,442984.704,0.0,93330.048156,37275094.53612,0.0,397201.564638,-2826.3885,46463.512021,46463.512021,0.0,0.0,3789117132.577354,46641978.15858,1528931297.562835,0.0,0.0,0.0,0.0,0.0,0.0,6077712684.177281,6130013924.710416,0.0,-0.0,-521406581.890943,495973494.897661,913897786.50624,486737180.878585,291661129.09115,493985146.312484,19733265172.981644,2803.560152,122880.94787999999,97891.898434,282068797.94697297,0.0,344199739.24567896
test0_DemHi_FuelMd_REcostMd_SitingRef_BattHi_PolOBBBA,2,2,1,1,1,1,0.0,0.0,0.0,0.0,0.0,0.0,8692.396723,0.0,12994.628099,0.0,96950.61066,4680.803908,27858.488319,142.0,405.8,0.0,24.4,4980.0,0.0,1213.625251,5.0,0.0,0.0,0.0,0.0,0.0,0.0,0.0,-1741080.464195,0.0,0.0,0.0,26920965.006,331280869.136145,2460230.533935,15600539.32814,299450.736,442984.704,0.0,95678.749536,37504845.36792,0.0,797395.597026,-2542.9785,38888.033283,38888.033283,0.0,0.0,6025896650.563051,33763839.056388,2441396279.450571,0.0,0.0,236333068.96762,0.0,10061661.399934,0.0,5803487834.300146,7411912075.621874,0.0,-0.0,0.0,430605898.86922,807479346.695324,405412462.266715,263675126.13739,595135922.115014,24465160165.44325,2477.523243,98462.573934,89793.31308400001,236861375.238545,0.0,321376015.830409
test0_DemHi_FuelMd_REcostMd_SitingRef_BattLo_PolIRA,0,2,1,0,1,1,125.95119,1838.876448,0.0,0.0,0.0,0.0,29816.55017,2104.133194,12994.628099,0.0,72902.716738,0.0,36676.559382,142.0,405.8,0.0,24.4,4980.0,0.0,1270.4,5.0,544494.55308,966513.461087,-0.0,0.0,0.0,0.0,-0.0,-10119698.981651,1105932.406937,0.0,0.0,26920965.006,235950062.416438,0.0,19277199.611385,299450.736,442984.704,0.0,101000.328816,38354942.03652,0.0,667722.24,-1948.635,44434.621812,44434.621812,0.0,0.0,8526564322.256753,46641978.15858,2783752782.120626,0.0,113180774.789434,1062647123.234441,0.0,26687421.667959,0.0,6440965298.816254,5611603324.438826,0.0,-0.0,-623834439.207052,512430001.420399,519208825.470306,468168832.893067,304256109.788383,484043842.678177,26276316198.52616,2628.667147,140545.77911099998,91547.83712899999,333429505.365993,0.0,325121090.499571
test0_DemHi_FuelMd_REcostMd_SitingRef_BattLo_PolOBBBA,0,2,1,1,1,1,0.0,1921.991705,0.0,0.0,0.0,0.0,24464.407654,671.436626,12994.628099,0.0,87591.895737,6967.301394,20116.170185,142.0,405.8,0.0,24.4,4980.0,0.0,1270.4,5.0,0.0,1010198.840262,0.0,0.0,0.0,0.0,0.0,-8047471.205779,352907.090857,0.0,0.0,26920965.006,290358137.638434,3662013.612773,10573059.049209,299450.736,442984.704,0.0,104674.087056,38469782.81592,0.0,701072.067528,-2557.851,40334.39329,40334.39329,0.0,0.0,9858115630.312954,5668813.224178,3407769056.958847,0.0,594742631.411932,1172278407.953641,0.0,34055676.273188,0.0,6139493851.882702,6491588234.634344,0.0,-0.0,0.0,457911812.85452,551598908.666,424928803.430921,281510946.719439,519213944.130904,29938876718.45357,2278.631816,116476.58450099999,89240.815459,286237104.06529504,0.0,321474564.362005
test0_DemHi_FuelMd_REcostMd_SitingRef_BattMd_PolIRA,1,2,1,0,1,1,0.0,0.0,0.0,0.0,0.0,0.0,9429.919332,0.0,12994.628099,0.0,78440.173861,0.0,44669.269655,142.0,405.8,0.0,24.4,4980.0,0.0,1062.796201,5.0,0.0,0.0,0.0,0.0,-0.0,0.0,0.0,-3068876.543136,0.0,0.0,0.0,26920965.006,253904684.905039,0.0,23478168.130457,299450.736,442984.704,0.0,93899.212206,37332613.75788,0.0,617154.794468,-2163.387,44162.669675,44162.669675,0.0,0.0,4211874939.444184,46641978.15858,1837826250.517758,0.0,0.0,0.0,0.0,0.0,0.0,6090609103.06702,6018343933.362619,0.0,-0.0,-587652921.174357,498678971.387606,813833375.123264,465099171.642063,288402523.706681,480665112.185104,20164322437.420525,2780.083143,126276.97914,97488.328841,293175731.937429,0.0,339585809.857072
test0_DemHi_FuelMd_REcostMd_SitingRef_BattMd_PolOBBBA,1,2,1,1,1,1,0.0,0.0,0.0,0.0,0.0,0.0,9067.927442,0.0,12994.628099,0.0,95443.211925,5225.066972,25652.879583,142.0,405.8,0.0,24.4,4980.0,0.0,1223.88456,5.0,0.0,0.0,0.0,0.0,0.0,0.0,0.0,-2939254.325418,0.0,0.0,0.0,26920965.006,328001322.876859,2746295.200706,13655356.773927,299450.736,442984.704,0.0,104164.67352,37557518.576291,0.0,731459.253525,-2213.781,38913.517881,38913.517881,0.0,0.0,5582532896.733736,46641978.15858,2257853733.66731,0.0,0.0,159127876.755842,0.0,11231586.647119,0.0,5823389807.845323,7298706287.398874,0.0,-0.0,0.0,432547291.28008,692910716.461099,406875857.237026,262418908.063146,586332352.463899,23560569292.71203,2386.166579,97875.78962699999,91835.541686,236591608.251306,0.0,327917977.943361
test0_DemLo_FuelHi_REcostHi_SitingLim_BattHi_PolIRA,2,0,2,0,2,2,504.372211,1781.89447,0.0,0.0,0.0,0.0,3498.470612,990.855602,12994.628099,0.0,84123.06037,1042.338193,40509.921986,142.0,405.8,0.0,24.4,4980.0,0.0,1015.622357,5.0,265098.034252,936563.733413,0.0,0.0,0.0,0.0,0.0,-541765.733652,520793.704476,0.0,0.0,30015915.9585,345701321.658091,547852.953984,39718053.211369,299130.384,443359.908,0.0,94920.101467,37322551.434864,0.0,534958.000076,-2290.434,34478.6,34478.6,0.0,0.0,6087318035.186006,0.0,0.0,0.0,0.0,102915422.180638,0.0,22025566.178597,0.0,4838242767.571672,5309939341.5443,0.0,-0.0,-67154949.207862,275369755.170785,317743045.653673,375947903.342,191970599.016356,854788816.666064,18309106303.30223,2911.073514,66844.16548200001,48640.054457,142017860.12534302,0.0,148896549.703486
test0_DemLo_FuelHi_REcostHi_SitingLim_BattHi_PolOBBBA,2,0,2,1,2,2,868.190696,203.845418,0.0,0.0,0.0,0.0,1857.789757,907.080693,12994.628099,0.0,98719.838759,7258.835777,24361.400653,142.0,405.8,0.0,24.4,4980.0,0.0,1060.608846,5.0,456321.02972,107141.151944,0.0,0.0,0.0,-0.0,0.0,-319471.572437,476761.612157,0.0,0.0,30015915.9585,414914531.953325,17549326.790538,52476714.553502,299130.384,443359.908,0.0,99135.339811,37773918.698104,0.0,769749.544361,-1988.724,34478.6,34478.6,0.0,0.0,6260546377.358614,1753660756.743182,0.0,0.0,0.0,109522778.644978,0.0,78662287.814346,0.0,4419656565.167203,6626903263.998802,0.0,-0.0,0.0,184732629.469202,164900723.126711,375947903.342,166087139.214779,1072705978.926183,21213326403.806,2694.285857,48937.761859,29682.826086,99161555.955036,0.0,90936370.535418
test0_DemLo_FuelHi_REcostHi_SitingLim_BattLo_PolIRA,0,0,2,0,2,2,0.0,2298.947175,0.0,0.0,0.0,0.0,16112.230732,452.35818,12994.628099,0.0,80292.133263,6114.335853,28457.28756,142.0,405.8,0.0,24.4,4980.0,0.0,1270.4,5.0,0.0,1208326.634987,0.0,0.0,0.0,0.0,0.0,-4681129.068983,237759.459345,0.0,0.0,30015915.9585,354469234.813624,25271305.214968,18483322.44414,299130.384,443359.908,0.0,108912.696883,38509763.5863,0.0,1099437.585221,-1135.308,34640.142444,34640.142444,0.0,0.0,6021405830.291055,5010987890.334767,93412681.520169,0.0,0.0,233784432.386398,0.0,124170893.934014,0.0,4777187746.867994,5413164450.696799,0.0,-0.0,-242539766.772354,227836771.56183,155167637.44694,376498656.459466,184804239.558707,913796427.037181,23289677891.322968,3013.959099,67081.510312,42333.624286000006,145285445.62347698,0.0,135186357.221598
test0_DemLo_FuelHi_REcostHi_SitingLim_BattLo_PolOBBBA,0,0,2,1,2,2,0.0,1113.375173,0.0,0.0,0.0,0.0,11881.458562,226.574152,12994.628099,0.0,99864.506463,7271.924827,16825.374388,142.0,405.8,0.0,24.4,4980.0,0.0,1061.141774,5.0,0.0,585189.991094,0.0,0.0,0.0,0.0,0.0,-2757648.195058,119087.374319,0.0,0.0,30015915.9585,426901983.190145,29422961.135393,20362178.763536,299130.384,443359.908,0.0,112282.457587,38875906.299922,0.0,658465.850664,-454.32,34478.6,34478.6,0.0,0.0,5434507441.304441,6291797829.611794,60047972.646233,0.0,0.0,258943220.242415,0.0,130532903.21385,0.0,4404246618.350846,6354428358.813951,0.0,-0.0,0.0,169817696.465355,156558560.62659,375947903.342,161169412.530135,1020728443.393335,24818726360.540947,2359.847728,48532.61994,31319.385372000004,101128827.93367901,0.0,99656828.181137
test0_DemLo_FuelHi_REcostHi_SitingLim_BattMd_PolIRA,1,0,2,0,2,2,0.0,2272.562299,0.0,0.0,0.0,0.0,14022.285001,386.993324,12994.628099,0.0,86486.393489,436.881606,30867.906064,142.0,405.8,0.0,24.4,4980.0,0.0,1015.769796,5.0,0.0,1194458.744536,0.0,0.0,0.0,0.0,0.0,-3752917.170969,203403.690949,0.0,0.0,30015915.9585,361460997.49204,229624.972293,22335577.133986,299130.384,443359.908,0.0,95113.580083,37415566.57788,0.0,534219.241806,-2493.264,34478.6,34478.6,0.0,0.0,6772482018.431957,0.0,0.0,0.0,0.0,16652008.019678,0.0,21137354.898351,0.0,4851202666.792396,5185980937.360983,0.0,0.0,-41545541.661563,275284932.45989,189583128.474075,375947903.342,193223425.42099,816233760.969234,18656182594.50799,2829.251396,68363.637401,47175.277356,147410780.646341,0.0,148805709.612965
test0_DemLo_FuelHi_REcostHi_SitingLim_BattMd_PolOBBBA,1,0,2,1,2,2,0.0,240.297195,0.0,0.0,0.0,0.0,10767.393524,48.928512,12994.628099,0.0,89225.257154,11829.186885,25544.665834,142.0,405.8,0.0,24.4,4980.0,0.0,1270.4,5.0,0.0,126300.205851,0.0,0.0,-0.0,0.0,0.0,-1996102.853585,25716.826108,0.0,0.0,30015915.9585,398652065.021445,44706556.923099,35422288.66389,299130.384,443359.908,0.0,109456.249219,38865122.54316,0.0,1061936.60046,-1135.308,34478.6,34478.6,0.0,0.0,5754959102.033545,3720959178.137383,0.0,0.0,0.0,189750081.536722,0.0,185079512.643839,0.0,4439783004.659812,6550169003.697876,0.0,-0.0,0.0,184126301.184116,154040700.188686,375947903.342,164245007.664475,1091420149.637025,22810479944.72548,2620.000164,50659.0163,29421.560628,105824756.40752599,0.0,91674541.239939
test0_DemLo_FuelHi_REcostHi_SitingOpen_BattHi_PolIRA,2,0,2,0,2,0,954.957278,1031.808076,0.0,0.0,0.0,0.0,1819.051776,1411.769223,12994.628099,0.0,85741.295221,1185.394467,38145.202332,142.0,405.8,0.0,24.4,4980.0,0.0,1125.503498,5.0,501925.545236,542318.324656,0.0,0.0,0.0,0.0,0.0,-358202.851629,742025.903648,0.0,0.0,26018975.2911,326052406.888811,623043.332022,28361086.275588,299184.912,443412.0096,0.0,106389.072977,38629964.686906,0.0,591913.983963,-1793.44725,34478.6,34478.6,0.0,0.0,5040269842.874279,0.0,0.0,0.0,0.0,216905707.979965,0.0,18852820.809838,0.0,4841367407.978455,4841695991.924677,0.0,-0.0,-1440102.661816,258649073.54786,200908542.853455,375947903.342,179808564.069669,709955019.305812,16682920772.024197,2797.117819,53723.145349,55422.22455300001,111851893.077444,0.0,215706737.583472
test0_DemLo_FuelHi_REcostHi_SitingOpen_BattHi_PolOBBBA,2,0,2,1,2,0,0.0,1615.063281,0.0,0.0,0.0,0.0,1726.749411,235.717154,12994.628099,0.0,90456.425339,13443.968096,28813.445388,142.0,405.8,0.0,24.4,4980.0,0.0,1104.2,5.0,0.0,848877.260398,0.0,0.0,0.0,0.0,0.0,-317208.173433,123892.936002,0.0,0.0,26018975.2911,395149067.059957,20058178.023386,48448724.641843,299184.912,443412.0096,0.0,109243.510039,38909236.559225,0.0,974592.142665,-1618.692,34478.6,34478.6,0.0,0.0,8863414395.831772,0.0,527845300.433204,0.0,0.0,361099130.148749,0.0,96112899.739885,0.0,4502918730.615768,6384772946.437305,0.0,0.0,0.0,161191449.299348,183561980.296311,375947903.342,155909150.128514,1056753372.907715,22669527259.180573,2683.5969,47539.900120000006,29673.503183,99369091.020199,0.0,118628478.195586
test0_DemLo_FuelHi_REcostHi_SitingOpen_BattLo_PolIRA,0,0,2,0,2,0,0.0,1399.354208,0.0,0.0,0.0,0.0,15816.704606,226.145474,12994.628099,0.0,80537.427815,2605.469956,31892.317307,142.0,405.8,0.0,24.4,4980.0,0.0,1270.4,5.0,0.0,735500.571866,0.0,0.0,0.0,0.0,0.0,-2709858.105255,118862.061333,0.0,0.0,26018975.2911,340509733.093818,7300039.537757,18111681.317379,299184.912,443412.0096,0.0,112223.032138,39257275.16682,0.0,812058.966151,-795.372,34478.6,34478.6,0.0,0.0,5717613862.315109,0.0,0.0,0.0,0.0,122144681.400773,0.0,42314965.452213,0.0,4711579620.736943,4962630305.623764,0.0,-0.0,-23570820.563406,252783694.156559,91987147.378306,375947903.342,181627350.229372,779238474.453084,17214297184.52472,2938.382809,50209.576022999994,55127.46789300001,104526231.729212,0.0,214678423.07827502
test0_DemLo_FuelHi_REcostHi_SitingOpen_BattLo_PolOBBBA,0,0,2,1,2,0,0.0,1650.896446,0.0,0.0,0.0,0.0,14206.185052,408.341252,12994.628099,0.0,87260.084757,13857.48232,22392.772294,142.0,405.8,0.0,24.4,4980.0,0.0,1104.2,5.0,0.0,867711.172029,0.0,0.0,0.0,0.0,0.0,-2882479.550335,214624.162189,0.0,0.0,26018975.2911,386694572.42392,31914406.405817,16508923.568627,299184.912,443412.0096,0.0,112223.032138,39257275.16682,0.0,822729.208463,-1607.481,34478.6,34478.6,0.0,0.0,7566633225.553831,0.0,252162098.852932,0.0,0.0,272507234.003017,0.0,145873864.44322,0.0,4630641256.860957,5856485958.358093,0.0,-0.0,0.0,185084711.573497,97838357.867993,375947903.342,166064336.759355,946774637.420548,20496013585.03544,2615.233307,48986.649338,35783.707514,102946654.345742,0.0,146036155.30918902
test0_DemLo_FuelHi_REcostHi_SitingOpen_BattMd_PolIRA,1,0,2,0,2,0,0.0,2338.477241,0.0,0.0,0.0,0.0,4255.407447,375.494329,12994.628099,0.0,87231.624085,1078.432117,34956.78874,142.0,405.8,0.0,24.4,4980.0,0.0,1125.503498,5.0,0.0,1229103.637993,0.0,0.0,0.0,0.0,0.0,-998909.734265,197359.81916,0.0,0.0,26018975.2911,331955210.787372,566823.920523,23110146.072724,299184.912,443412.0096,0.0,109243.510039,38936301.410736,0.0,591700.225971,-1760.60925,34478.6,34478.6,0.0,0.0,6059049836.307869,0.0,0.0,0.0,0.0,227389214.111936,0.0,23125871.117153,0.0,4789387461.01197,4809011625.998827,0.0,0.0,-1440102.661816,259078291.990697,168162494.495686,375947903.342,180169281.664722,696199258.760676,17586081136.13972,2948.822519,53527.833844,55697.043019000004,111608863.323703,0.0,216132570.75190702
test0_DemLo_FuelHi_REcostHi_SitingOpen_BattMd_PolOBBBA,1,0,2,1,2,0,0.0,800.151083,0.0,0.0,0.0,0.0,12176.793358,213.356449,12994.628099,0.0,90038.031618,13477.75456,22630.867373,142.0,405.8,0.0,24.4,4980.0,0.0,1104.2,5.0,0.0,420559.40901,0.0,0.0,0.0,0.0,0.0,-2429735.855389,112140.149407,0.0,0.0,26018975.2911,396526672.714982,31704958.63428,19950423.932238,299184.912,443412.0096,0.0,112223.032138,39257275.16682,0.0,871673.26331,-2110.986,34478.6,34478.6,0.0,0.0,8202296866.046316,0.0,266782410.237593,0.0,0.0,252344872.910235,0.0,137233258.25669,0.0,4583592129.485083,6033344903.930608,0.0,-0.0,0.0,175169440.945063,102376853.862757,375947903.342,162303508.47919,971517145.534197,21262909293.029736,2547.791983,47506.627664,33589.19348,99583032.068691,0.0,136197759.50626
test0_DemLo_FuelHi_REcostHi_SitingRef_BattHi_PolIRA,2,0,2,0,2,1,352.549636,860.363509,0.0,0.0,0.0,0.0,3767.814548,900.4053,12994.628099,0.0,87816.76994,1145.183797,36424.428812,142.0,405.8,0.0,24.4,4980.0,0.0,1015.192544,5.0,185300.088471,452207.060399,0.0,0.0,0.0,0.0,0.0,-743935.47812,473253.025791,0.0,0.0,25728515.7591,341389844.995193,601908.603845,28426593.556349,299120.16,443036.472,0.0,106410.316584,38632243.565679,0.0,533585.200951,-2265.8685,34478.6,34478.6,0.0,0.0,5665470017.803018,0.0,0.0,0.0,0.0,110874605.219714,0.0,14468675.241786,0.0,4740806442.311226,5017663876.70991,0.0,-0.0,0.0,252933727.317835,228259328.68402,375947903.342,177719529.105546,735267358.331714,17319411464.06677,2742.93641,55309.472571,50116.654007,119773014.23932901,0.0,193973801.85227
test0_DemLo_FuelHi_REcostHi_SitingRef_BattHi_PolOBBBA,2,0,2,1,2,1,0.0,729.196605,0.0,0.0,0.0,0.0,1531.549743,95.543018,12994.628099,0.0,99990.941048,7653.231232,25828.495469,142.0,405.8,0.0,24.4,4980.0,0.0,1067.0,5.0,0.0,383265.735824,0.0,0.0,0.0,0.0,0.0,-400407.059416,50217.410237,0.0,0.0,25728515.7591,415227837.356205,12101707.788691,34889395.460974,299120.16,443036.472,0.0,106410.316584,38631097.720339,0.0,712527.752318,-2199.3765,34478.6,34478.6,0.0,0.0,7372304751.673593,125094745.16,639453930.819041,0.0,0.0,266808276.274916,0.0,55867063.431143,0.0,4399248878.318362,6223009052.700041,0.0,0.0,0.0,168186039.279195,270288588.478033,375947903.342,157171764.336965,976184906.646992,21029565900.46028,2299.62867,48409.260323,29297.401546,102743658.000022,0.0,118607144.982436
test0_DemLo_FuelHi_REcostHi_SitingRef_BattLo_PolIRA,0,0,2,0,2,1,0.0,122.538295,0.0,0.0,0.0,0.0,16603.853736,15.846378,12994.628099,0.0,80765.688819,6382.499681,28245.701266,142.0,405.8,0.0,24.4,4980.0,0.0,1225.4,5.0,0.0,64406.128011,0.0,0.0,0.0,0.0,0.0,-3978137.002952,8328.856422,0.0,0.0,25728515.7591,331625159.504071,15860903.071161,15809229.95582,299120.16,443036.472,0.0,111673.966214,38953543.23468,0.0,806985.807261,-735.84,34478.6,34478.6,0.0,0.0,6537697310.83073,0.0,0.0,0.0,0.0,159261621.123132,0.0,65935181.934398,0.0,4758162618.526094,4900454333.260555,0.0,-0.0,0.0,260330854.118573,101157425.860495,375947903.342,190274510.086321,743877809.650997,18093099568.73329,2522.528678,60688.382508,50808.419492,130377905.67945501,0.0,194343405.37743798
test0_DemLo_FuelHi_REcostHi_SitingRef_BattLo_PolOBBBA,0,0,2,1,2,1,0.0,2274.88821,0.0,0.0,0.0,0.0,14356.757964,479.477125,12994.628099,0.0,88806.138374,11526.427818,22398.256442,142.0,405.8,0.0,24.4,4980.0,0.0,1105.5,5.0,0.0,1195681.242946,0.0,0.0,0.0,0.0,0.0,-2952606.525774,252013.176799,0.0,0.0,25728515.7591,390526662.954997,27989374.085278,14307079.755138,299120.16,443036.472,0.0,112216.385414,39240765.18612,0.0,833291.149246,-2090.583,34478.6,34478.6,0.0,0.0,8616187425.476189,0.0,490150954.282045,0.0,0.0,307335414.432694,0.0,135217350.667106,0.0,4614125098.48627,5815980099.961458,0.0,-0.0,0.0,190104370.278653,105681891.226413,375947903.342,166655591.627446,926468845.650681,21743854945.43095,2512.243692,48932.979569999996,35793.245369,104975503.60778199,0.0,146742265.926786
test0_DemLo_FuelHi_REcostHi_SitingRef_BattMd_PolIRA,1,0,2,0,2,1,29.707986,2038.22426,0.0,0.0,0.0,0.0,3855.660316,392.980575,12994.628099,0.0,87332.375939,1146.277736,36486.020801,142.0,405.8,0.0,24.4,4980.0,0.0,1015.228127,5.0,15614.517395,1071290.671171,0.0,0.0,0.0,0.0,0.0,-783948.05733,206550.59007,0.0,0.0,25728515.7591,341698705.092021,602483.578109,28312459.612106,299120.16,443036.472,0.0,106410.316584,38621007.126441,0.0,533603.903332,-2265.8685,34478.6,34478.6,0.0,0.0,6173548150.524734,0.0,0.0,0.0,0.0,174088768.254066,0.0,20975077.747302,0.0,4710381255.118721,5037035824.967363,0.0,-0.0,0.0,252814368.505748,221305175.381971,375947903.342,177523829.684093,735093365.448782,17878713718.974777,2934.630321,55201.805732,50092.476782,119523566.330001,0.0,193894579.067446
test0_DemLo_FuelHi_REcostHi_SitingRef_BattMd_PolOBBBA,1,0,2,1,2,1,0.0,1550.238412,0.0,0.0,0.0,0.0,13355.073764,333.444804,12994.628099,0.0,95662.21398,7634.751174,20778.886378,142.0,405.8,0.0,24.4,4980.0,0.0,1067.0,5.0,0.0,814805.309207,0.0,0.0,0.0,0.0,0.0,-2753238.099755,175258.589202,0.0,0.0,25728515.7591,404042905.384714,19698083.630102,15536000.1126,299120.16,443036.472,0.0,112216.385414,39240765.18612,0.0,689918.964345,-1903.338,34478.6,34478.6,0.0,0.0,7378074775.733131,0.0,501518466.227154,0.0,0.0,290403672.072962,0.0,94872347.991412,0.0,4565326432.64369,5851521695.321101,0.0,-0.0,0.0,187261045.662581,128168583.87369,375947903.342,164464173.906434,913716324.374554,20451275421.14871,2238.053669,48449.814582,34409.119356999996,103845088.847059,0.0,141869332.840045
test0_DemLo_FuelHi_REcostLo_SitingLim_BattHi_PolIRA,2,0,2,0,0,2,833.922754,887.508904,0.0,0.0,0.0,0.0,822.803312,821.596842,12994.628099,0.0,52836.01292,0.0,65385.471708,142.0,405.8,0.0,24.4,4980.0,0.0,1270.4,5.0,438309.799414,466474.679689,0.0,0.0,0.0,0.0,0.0,-199905.435477,431831.299901,0.0,0.0,30015915.9585,165802817.621277,0.0,45885698.989612,299130.384,443359.908,0.0,94129.034587,37219330.01628,0.0,997911.701786,-2593.14,39609.553062,39609.553062,0.0,0.0,6280788330.662273,361543313.376,141307236.897,0.0,0.0,19697678.918441,0.0,11850976.234316,0.0,4963607784.011963,3147951701.715008,0.0,-0.0,-523597373.255887,374834885.302532,340783162.485316,425623560.388878,227779211.761246,491846524.967944,16264016993.46503,3785.196472,88677.01746,80113.599134,197279800.805053,0.0,268531723.7867
test0_DemLo_FuelHi_REcostLo_SitingLim_BattHi_PolOBBBA,2,0,2,1,0,2,820.85625,1704.229691,0.0,0.0,0.0,0.0,2557.041569,996.230181,12994.628099,0.0,63693.131702,7945.451309,47373.880004,142.0,405.8,0.0,24.4,4980.0,0.0,1270.4,5.0,431442.044843,895743.125704,0.0,0.0,0.0,0.0,0.0,-740175.09494,523618.582999,0.0,0.0,30015915.9585,238673857.5515,12435581.253136,41563732.567792,299130.384,443359.908,0.0,94238.280727,37225426.478157,0.0,1069246.155273,-1862.316,39174.739445,39174.739445,0.0,0.0,8639415677.750399,203424451.7715,840420388.764888,0.0,0.0,175492907.695104,0.0,70109768.331602,0.0,4796366727.394497,4190332053.216258,0.0,0.0,0.0,294336773.101619,127789856.13399,397877719.701962,200498719.793633,665229713.10734,20601294756.76279,3320.442047,64811.7602,70992.015222,145484019.985846,0.0,238685589.39802098
test0_DemLo_FuelHi_REcostLo_SitingLim_BattLo_PolIRA,0,0,2,0,0,2,391.089003,1678.84207,0.0,0.0,0.0,0.0,19384.068719,806.46898,12994.628099,0.0,53584.829355,0.0,46316.756861,142.0,405.8,0.0,24.4,4980.0,0.0,1270.4,5.0,205556.380015,882399.39191,0.0,0.0,0.0,0.0,0.0,-6028758.426738,423880.095785,0.0,0.0,30015915.9585,176415317.350377,0.0,24344087.406196,299130.384,443359.908,0.0,104660.489815,38247409.787609,0.0,742092.742706,-1248.888,39169.44719,39169.44719,0.0,0.0,8142542695.196444,340810832.1609,647340381.597931,0.0,0.0,160760959.89469,0.0,18079315.502926,0.0,4993909778.494338,2900224106.606702,0.0,-1e-06,-441124244.105295,375750302.505443,98923769.097089,421526395.586201,230889223.349682,420264447.21142,18309897963.09847,3475.967628,92562.794225,78803.803076,215711669.938244,0.0,265794386.94197404
test0_DemLo_FuelHi_REcostLo_SitingLim_BattLo_PolOBBBA,0,0,2,1,0,2,0.0,435.0,0.0,0.0,0.0,0.0,15516.282822,41.420971,12994.628099,0.0,72972.395491,8260.653708,31474.904006,142.0,405.8,0.0,24.4,4980.0,0.0,1270.4,5.0,0.0,228636.0,0.0,0.0,0.0,0.0,0.0,-4091356.452807,21770.862294,0.0,0.0,30015915.9585,293107976.371956,4341799.588724,17690755.523624,299130.384,443359.908,0.0,105434.489491,38501081.00316,0.0,886169.044481,-1185.948,34478.6,34478.6,0.0,0.0,12376966335.83643,91516521.6,1717390751.925652,0.0,0.0,611007316.73522,0.0,21313408.304679,0.0,4562700512.888975,4299804481.343052,0.0,-0.0,0.0,273880905.735514,128890564.008167,375947903.342,196267004.481053,655974050.429954,25311659756.63069,3150.136584,69165.711722,58667.745718,166377860.982387,0.0,198698323.541993
test0_DemLo_FuelHi_REcostLo_SitingLim_BattMd_PolIRA,1,0,2,0,0,2,402.800135,1548.735117,0.0,0.0,0.0,0.0,5431.145691,812.169071,12994.628099,0.0,54403.935691,0.0,58762.979801,142.0,405.8,0.0,24.4,4980.0,0.0,1270.4,5.0,211711.751089,814015.177751,0.0,0.0,0.0,0.0,0.0,-1279949.161343,426876.063588,0.0,0.0,30015915.9585,166947511.263595,0.0,37333235.20282,299130.384,443359.908,0.0,94150.110391,37229660.75628,0.0,974803.923636,-2523.051,39987.107859,39987.107859,0.0,0.0,7137670657.019487,168510129.261426,347149157.997,0.0,0.0,23259565.600405,0.0,17073793.375357,0.0,5000372187.082317,3000667710.919594,0.0,0.0,-536074550.209503,379540150.04793,285307456.7758,427864729.919067,229142572.094747,443374100.859587,16923857660.743216,3790.954673,88804.82357100002,82045.634009,198056619.98189703,0.0,276252111.38327396
test0_DemLo_FuelHi_REcostLo_SitingLim_BattMd_PolOBBBA,1,0,2,1,0,2,0.0,1772.917065,0.0,0.0,0.0,0.0,8995.636143,193.263236,12994.628099,0.0,66549.846317,8018.526581,41019.709682,142.0,405.8,0.0,24.4,4980.0,0.0,1270.4,5.0,0.0,931845.20929,0.0,0.0,0.0,0.0,0.0,-2487644.759128,101579.15672,0.0,0.0,30015915.9585,262438593.56247,6071725.159623,24983573.417957,299130.384,443359.908,0.0,104752.668751,37369938.410658,0.0,945691.09778,-2543.904,36834.282599000006,36834.282599000006,0.0,0.0,9854266422.282295,202696595.3151,987109898.368882,0.0,0.0,202233937.997661,0.0,39947879.593394,0.0,4731176267.063383,4090201438.830978,0.0,-0.0,0.0,298124781.421741,127638620.271839,387560529.534853,200979259.924631,634773100.254976,21756708730.85973,3355.729317,66678.99595299999,68213.025236,151778686.148083,0.0,234156114.740726
test0_DemLo_FuelHi_REcostLo_SitingOpen_BattHi_PolIRA,2,0,2,0,0,0,495.523517,844.237751,0.0,1083.423316,2197.372199,2.691001,7496.288695,1211.716248,12994.628099,1063.595152,59481.995924,0.0,52491.141541,142.0,405.8,0.0,24.4,4980.0,0.0,1225.4,5.0,260447.160718,443731.362077,0.0,569447.294913,0.0,1154938.82787,1414.390002,-908213.764115,636878.060098,0.0,0.0,26018975.2911,173070927.161732,0.0,28088730.306051,299184.912,443412.0096,0.0,96869.374702,36167191.908893,0.0,923271.446043,-2611.8465,41970.67460699999,41970.67460699999,6233861.606346,0.0,5490691623.854148,6631632.0,87075012.691615,0.0,0.0,236894317.414308,0.0,13769415.023765,18885801.771706,5021288763.855745,2879991900.77309,3663509.554025,28876785.637482,-87778318.88968,362819529.188357,382368196.978859,471331422.016956,234984260.652586,408981518.924425,15566709233.053732,3251.022851,87866.90591199999,75972.397307,189444716.814064,0.0,299966786.77701
test0_DemLo_FuelHi_REcostLo_SitingOpen_BattHi_PolOBBBA,2,0,2,1,0,0,474.361614,892.996958,0.0,0.0,0.0,0.0,6503.586623,1180.658537,12994.628099,0.0,78757.22962,3169.733346,32874.755735,142.0,405.8,0.0,24.4,4980.0,0.0,1015.464265,5.0,249324.464089,469359.201298,0.0,0.0,0.0,0.0,0.0,-1055159.317485,620554.126956,0.0,0.0,26018975.2911,260718482.755751,1666011.846747,22912860.868532,299184.912,443412.0096,0.0,94750.093044,37669416.01596,0.0,533730.287393,-2329.79025,35510.453052,35510.453052,0.0,0.0,8479910744.493665,0.0,1010415860.237994,0.0,97827272.022899,558932089.75889,0.0,20791796.612902,0.0,4694459950.462952,3896368263.229431,0.0,-0.0,0.0,277670417.580057,179445538.59798,384578858.836688,196012172.329913,529889072.089265,20326302036.25264,2570.968775,60882.519172,71788.303765,132821027.62736699,0.0,266668766.948455
test0_DemLo_FuelHi_REcostLo_SitingOpen_BattLo_PolIRA,0,0,2,0,0,0,467.262253,1813.030681,0.0,216.518165,3346.029685,0.0,19806.375134,1307.838106,12994.628099,1315.903129,54432.403351,0.0,42608.324111,142.0,405.8,0.0,24.4,4980.0,0.0,1270.4,5.0,245593.040177,952928.925764,0.0,113801.947469,0.0,1758673.202205,0.0,-5462135.188394,687399.708681,0.0,0.0,26018975.2911,165179731.649699,0.0,22394935.152552,299184.912,443412.0096,0.0,100304.943744,38024137.74132,0.0,740252.988895,-2307.696,45566.259556,45566.259556,0.0,0.0,5685469600.410641,0.0,0.0,0.0,0.0,240060401.535256,0.0,22059415.239788,23365926.02286,5036208924.627684,2718586364.58564,4831566.62273,32666154.671384,-2061716.443914,366169526.866089,124924722.151361,515786696.737794,242492326.984934,398478170.342558,15409038080.354803,3187.451904,87839.753727,74608.491712,196060920.339928,0.0,310670778.42831105
test0_DemLo_FuelHi_REcostLo_SitingOpen_BattLo_PolOBBBA,0,0,2,1,0,0,101.738986,0.0,0.0,0.0,0.0,0.0,16405.229128,218.18271,12994.628099,0.0,74508.229127,5313.486868,29624.840089,142.0,405.8,0.0,24.4,4980.0,0.0,1034.0203,5.0,53474.010988,0.0,0.0,0.0,0.0,0.0,0.0,-3295328.911135,114676.83256,0.0,0.0,26018975.2911,270293847.355314,2792768.697747,16280557.264761,299184.912,443412.0096,0.0,112223.032138,39257275.16682,0.0,543481.069428,-795.372,34563.195705,34563.195705,0.0,0.0,10024370672.857624,0.0,1344995573.192695,0.0,32310341.826037,740378609.2147,0.0,12667056.25983,0.0,4492296095.134064,3946127247.377061,0.0,-0.0,0.0,275647843.760593,127958073.412477,376655505.811131,188267538.868042,563777773.040671,22125452330.754925,2750.042099,58185.970734,63420.695133,132805503.189272,0.0,264551392.70400003
test0_DemLo_FuelHi_REcostLo_SitingOpen_BattMd_PolIRA,1,0,2,0,0,0,423.959747,1055.956927,0.0,417.924975,1660.421993,254.57184,10518.451712,1091.952946,12994.628099,763.81325,58245.224151,0.0,50274.892763,142.0,405.8,0.0,24.4,4980.0,0.0,1025.270664,5.0,222833.242815,555010.96088,0.0,219661.366839,0.0,872717.799631,133802.958938,-2788491.062692,573930.46817,0.0,0.0,26018975.2911,175973365.719421,0.0,26424483.636184,299184.912,443412.0096,0.0,100304.943744,37970928.516104,0.0,538882.260737,-2430.8385,41929.365591,41929.365591,60142056.754391,0.0,5872462187.987714,548598766.489315,254299643.151557,0.0,0.0,427173551.879573,0.0,14660995.839692,13562703.440034,4975781962.812545,2899785931.256465,3274268.417378,22013489.789019,-105492794.222188,357006304.796361,245376191.851028,453369397.712725,230738557.075126,415158762.375081,16687911977.405811,2956.964769,85571.264697,74084.198997,189016707.426247,0.0,298649880.641217
test0_DemLo_FuelHi_REcostLo_SitingOpen_BattMd_PolOBBBA,1,0,2,1,0,0,95.716602,1525.549214,0.0,0.0,0.0,0.0,10186.581437,430.718282,12994.628099,0.0,78665.973071,5399.16956,30022.120975,142.0,405.8,0.0,24.4,4980.0,0.0,1027.283607,5.0,50308.645927,801828.667001,0.0,0.0,0.0,0.0,0.0,-2622113.427172,226385.529228,0.0,0.0,26018975.2911,278934706.128746,2837803.520521,17636830.225271,299184.912,443412.0096,0.0,103284.465842,38344013.08632,0.0,539940.264022,-724.089,34478.6,34478.6,0.0,0.0,9730777686.82129,65871009.3042,1244018576.025066,0.0,0.0,697561497.51091,0.0,26084838.100438,0.0,4624712786.347495,4082315145.836131,0.0,-0.0,0.0,263663369.237903,149406143.60666,375947903.342,189158689.04327,557434660.30175,22006952305.47711,2702.957022,58322.914142,64589.762435,131661733.16206601,0.0,254889817.666914
test0_DemLo_FuelHi_REcostLo_SitingRef_BattHi_PolIRA,2,0,2,0,0,1,515.580189,799.50745,0.0,1182.380707,1221.174355,4.901094,5921.773572,1233.616372,12994.628099,723.816839,59846.72548,0.0,52000.405128,142.0,405.8,0.0,24.4,4980.0,0.0,1270.4,5.0,270988.947285,420221.115976,0.0,621459.299645,0.0,641849.241129,2576.014811,-1015204.730181,648388.765297,0.0,0.0,25728515.7591,186983545.240806,0.0,27331412.935131,299120.16,443036.472,0.0,79288.313736,35607362.635313,0.0,939335.519501,-2513.81775,40500.561675,40500.561675,0.0,0.0,5550044884.919314,468551327.328,120064461.967675,0.0,0.0,226828569.325368,0.0,13539802.688825,12852504.366697,4958592411.620023,3046696735.540723,2592188.196423,20647462.153188,-127386635.856479,359779047.302409,385079684.743724,450974775.941439,226977082.739626,446269417.122273,16162103720.099226,3114.645077,84745.862523,75128.44262700001,190662394.265928,0.0,285442600.60418797
test0_DemLo_FuelHi_REcostLo_SitingRef_BattHi_PolOBBBA,2,0,2,1,0,1,492.009431,844.578666,0.0,0.0,0.0,0.0,5200.655888,1205.658907,12994.628099,0.0,73036.300638,6384.365485,35918.732333,142.0,405.8,0.0,24.4,4980.0,0.0,1015.496964,5.0,258600.157075,443910.54666,0.0,0.0,0.0,0.0,0.0,-1030768.962764,633694.321743,0.0,0.0,25728515.7591,262269479.792045,3355622.498804,26432548.765176,299120.16,443036.472,0.0,100090.508257,37898606.8152,0.0,534092.093625,-2541.60375,36830.671141,36830.671141,0.0,0.0,8539993601.411432,0.0,948895148.411304,0.0,223074891.54706,518172029.752938,0.0,27460456.651478,0.0,4701972241.510295,4026158346.909076,0.0,-0.0,0.0,278817462.025808,214733158.962027,395621849.444655,193949064.820066,587763858.027418,20656612109.47356,2561.70821,61497.206437,68934.920329,139122595.960676,0.0,254054299.72059196
test0_DemLo_FuelHi_REcostLo_SitingRef_BattLo_PolIRA,0,0,2,0,0,1,206.75718,1876.99624,0.0,138.721498,1253.918421,2.300175,19302.394609,753.359652,12994.628099,578.816503,56868.761034,0.0,41841.056508,142.0,405.8,0.0,24.4,4980.0,0.0,1270.4,5.0,108671.573928,986549.223697,0.0,72912.019311,0.0,659059.522268,1208.971888,-5560234.057237,395965.83317,0.0,0.0,25728515.7591,183780620.502948,0.0,21991659.30054,299120.16,443036.472,0.0,101160.616474,38097541.8504,0.0,952356.098935,-2272.572,41727.946267,41727.946267,0.0,0.0,7162729786.629893,384470807.680474,322640730.550651,0.0,0.0,318352884.802801,0.0,19352535.099708,10277795.747488,4928882144.087214,2952549218.928332,2709512.028846,12722804.814398,-55573693.382296,361859104.865956,153526989.685147,463469555.776056,229850238.020024,435976220.04895,17703796635.383644,3255.365211,86062.19371899999,73639.579851,197404335.71893898,0.0,288611239.752085
test0_DemLo_FuelHi_REcostLo_SitingRef_BattLo_PolOBBBA,0,0,2,1,0,1,0.0,1958.779399,0.0,0.0,0.0,0.0,8178.092139,320.384014,12994.628099,0.0,73760.647916,4985.247979,35868.936687,142.0,405.8,0.0,24.4,4980.0,0.0,1015.496964,5.0,0.0,1029534.452242,0.0,0.0,0.0,0.0,0.0,-2161267.928085,168393.83793,0.0,0.0,25728515.7591,273191078.891107,2620246.337762,19378765.562819,299120.16,443036.472,0.0,103924.558709,38393427.10896,0.0,533745.204476,-2196.471,36016.228925,36016.228925,0.0,0.0,7227727821.437459,99825512.99526,628756973.483293,0.0,0.0,461959663.478898,0.0,28208978.477259,0.0,4554949463.745682,4050536745.760301,0.0,-0.0,0.0,281724760.306019,143726728.905099,388809431.237969,189250720.153044,585697866.046828,18641174666.027115,2820.761003,57680.513212000005,64873.092399999994,131381646.523531,0.0,259657696.277341
test0_DemLo_FuelHi_REcostLo_SitingRef_BattMd_PolIRA,1,0,2,0,0,1,624.46148,807.330924,0.0,660.723152,1223.167985,4.861902,10250.195006,1243.875923,12994.628099,723.62392,60772.585272,0.0,46115.796791,142.0,405.8,0.0,24.4,4980.0,0.0,1270.4,5.0,328216.9538,424333.133647,0.0,347276.088502,0.0,642897.093004,2555.415452,-2744204.748172,653781.184867,0.0,0.0,25728515.7591,184895355.7261,0.0,24238462.793465,299120.16,443036.472,0.0,101160.616474,38097541.8504,0.0,905127.824664,-2576.37,40908.060204,40908.060204,0.0,0.0,6039369868.366772,468551327.328,284701680.556762,0.0,0.0,304423849.312352,0.0,13661358.353127,12849078.780993,4990821841.485355,2974216654.028028,2590805.653736,16569371.426241,-123916926.498669,360819137.366914,270813129.205914,453099241.009179,227127515.806015,430202441.215309,16725900373.396029,2966.69068,84095.733675,75917.454959,190071493.577525,0.0,290047868.027493
test0_DemLo_FuelHi_REcostLo_SitingRef_BattMd_PolOBBBA,1,0,2,1,0,1,0.0,1908.278088,0.0,0.0,0.0,0.0,5003.977332,274.430411,12994.628099,0.0,75582.420181,5618.542454,36728.144724,142.0,405.8,0.0,24.4,4980.0,0.0,1015.496964,5.0,0.0,1002990.962931,0.0,0.0,0.0,0.0,0.0,-1095829.837016,144240.624278,0.0,0.0,25728515.7591,270952040.427063,2953105.913998,24522780.726297,299120.16,443036.472,0.0,103019.44187,38198154.795543,0.0,534555.05,-2576.37,35711.917526,35711.917526,0.0,0.0,8567963148.796263,0.0,829250064.79508,0.0,27395962.406706,557895554.812011,0.0,28901421.090171,0.0,4577086776.663719,4120758633.505194,0.0,-0.0,0.0,279316617.496119,172416791.885078,386264012.452444,189585800.81036,578678009.72261,20315512794.43576,2786.757117,57253.338714,64817.397896999995,129310999.591587,0.0,257395698.95043597
test0_DemLo_FuelHi_REcostMd_SitingLim_BattHi_PolIRA,2,0,2,0,1,2,407.206793,1324.631647,0.0,0.0,0.0,0.0,3927.461143,793.785865,12994.628099,0.0,64439.418583,1330.724034,52518.193652,142.0,405.8,0.0,24.4,4980.0,0.0,1270.4,5.0,214027.890502,696226.393826,0.0,0.0,0.0,0.0,0.0,-804417.733522,417213.85068,0.0,0.0,30015915.9585,235849600.821377,699428.552418,40563703.862903,299130.384,443359.908,0.0,94385.669875,37230438.062046,0.0,1063873.309802,-2605.8,35809.233022,35809.233022,0.0,0.0,5637098295.975577,2599637449.900744,0.0,0.0,0.0,172492324.197618,0.0,18038928.607503,0.0,5103966236.337854,3964644977.715902,0.0,0.0,-306565419.40865,335618829.443128,292690012.390017,381596051.397549,217249388.372779,603825943.01126,19020293017.941284,3575.905114,81289.05470100002,70399.80888,177677720.233944,0.0,222159441.68294802
test0_DemLo_FuelHi_REcostMd_SitingLim_BattHi_PolOBBBA,2,0,2,1,1,2,1084.045801,1393.482569,0.0,0.0,0.0,0.0,632.544832,1206.356425,12994.628099,0.0,78921.451669,7970.055661,39186.633764,142.0,405.8,0.0,24.4,4980.0,0.0,1104.2,5.0,569774.473049,732414.438191,0.0,0.0,0.0,0.0,0.0,-135223.466722,634060.936773,0.0,0.0,30015915.9585,338962842.976186,22856520.155008,55236156.28423,299130.384,443359.908,0.0,98398.308859,37620631.947916,0.0,969456.30345,-1240.212,34478.6,34478.6,0.0,0.0,7395446743.834265,1249967747.411145,491829383.644605,0.0,0.0,253601591.885158,0.0,111345966.472518,0.0,4617759170.362604,5837545077.564009,0.0,0.0,0.0,219422659.972572,156424631.646027,375947903.342,171621157.027265,1010245728.041643,21891157761.203804,3002.85822,52924.843985,45130.224514999994,113728792.01935999,0.0,144092030.64890802
test0_DemLo_FuelHi_REcostMd_SitingLim_BattLo_PolIRA,0,0,2,0,1,2,267.964127,0.0,0.0,0.0,0.0,0.0,18497.800395,423.546502,12994.628099,0.0,68958.543649,1400.130881,36548.917631,142.0,405.8,0.0,24.4,4980.0,0.0,1270.4,5.0,140841.945374,0.0,0.0,0.0,0.0,0.0,0.0,-5332472.010342,222616.041327,0.0,0.0,30015915.9585,270727031.026711,735908.791001,20732321.184843,299130.384,443359.908,0.0,104890.937155,38349224.172525,0.0,792715.238077,-1135.308,34705.876451,34705.876451,0.0,0.0,6215130998.19679,336766017.49399,0.0,0.0,0.0,165362994.00457,0.0,5467333.519141,0.0,4940158801.182249,4026669495.769482,0.0,0.0,-258993860.79976,327705831.341809,129405266.862397,376722766.03799,216709191.631909,610418844.245793,17091523679.486357,2972.386806,81846.516623,63325.882813000004,184652167.339948,0.0,204626531.157618
test0_DemLo_FuelHi_REcostMd_SitingLim_BattLo_PolOBBBA,0,0,2,1,1,2,0.0,1559.668572,0.0,0.0,0.0,0.0,14773.329952,176.924549,12994.628099,0.0,80980.450674,6679.678458,26273.20737,142.0,405.8,0.0,24.4,4980.0,0.0,1015.908846,5.0,0.0,819761.80138,0.0,0.0,0.0,0.0,0.0,-3884031.862923,92991.542825,0.0,0.0,30015915.9585,352888149.669951,15537505.990336,22349500.036216,299130.384,443359.908,0.0,105434.489491,38501081.00316,0.0,535487.814907,-1135.308,34478.6,34478.6,0.0,0.0,8596072099.432844,744251812.264147,538890332.782215,0.0,0.0,119897105.727721,0.0,77019167.021376,0.0,4591637239.100571,5309361701.391171,0.0,0.0,0.0,220612897.707238,153613992.75606,375947903.342,178872182.87379,874831799.708004,21781008234.10714,2668.629294,62715.023422,45168.218264999996,143223523.154386,0.0,145270848.482281
test0_DemLo_FuelHi_REcostMd_SitingLim_BattMd_PolIRA,1,0,2,0,1,2,413.3047,1310.327916,0.0,0.0,0.0,0.0,9809.393443,801.798757,12994.628099,0.0,70003.399271,1285.436448,43197.749135,142.0,405.8,0.0,24.4,4980.0,0.0,1270.4,5.0,217232.95006,688708.352622,0.0,0.0,0.0,0.0,0.0,-2728639.710463,421425.426652,0.0,0.0,30015915.9585,252671390.135058,675625.396895,34484683.372497,299130.384,443359.908,0.0,94385.669875,37233320.818077,0.0,1029131.309983,-2523.051,35399.976446,35399.976446,0.0,0.0,6125724473.319752,406253767.766166,0.0,0.0,0.0,89919831.386068,0.0,17873911.834536,0.0,5092976146.897005,4036311521.594414,0.0,-0.0,-323538202.317256,330204973.132051,200400573.533728,379767646.798395,219249729.442834,598280144.01939,17173424517.407084,3179.861217,81888.14131500002,66014.248757,181814027.195722,0.0,209286010.402726
test0_DemLo_FuelHi_REcostMd_SitingLim_BattMd_PolOBBBA,1,0,2,1,1,2,0.0,1409.29482,0.0,0.0,0.0,0.0,11602.833539,149.534895,12994.628099,0.0,81633.243155,7956.59726,31762.623639,142.0,405.8,0.0,24.4,4980.0,0.0,1104.2,5.0,0.0,740725.357395,0.0,0.0,0.0,0.0,0.0,-2439855.588866,78595.540982,0.0,0.0,30015915.9585,348757313.824944,36035621.427258,28723986.301049,299130.384,443359.908,0.0,105434.489491,38501081.00316,0.0,855468.673322,-1804.236,34478.6,34478.6,0.0,0.0,8794423358.614021,1082745237.063112,535797783.928053,0.0,0.0,177349366.927143,0.0,159321823.421328,0.0,4573390709.542462,5632232504.438074,0.0,-0.0,0.0,216900350.734861,153485170.825013,375947903.342,175315309.755554,933637906.248194,22810547424.839813,2896.409256,56575.838241000005,42976.835657999996,126621007.328112,0.0,137406084.34878498
test0_DemLo_FuelHi_REcostMd_SitingOpen_BattHi_PolIRA,2,0,2,0,1,0,631.808039,871.288599,0.0,0.0,81.175557,0.0,7154.737743,1520.44187,12994.628099,34.532615,74446.894237,0.0,44932.71489,142.0,405.8,0.0,24.4,4980.0,0.0,1270.4,5.0,332078.305545,457949.287627,0.0,0.0,0.0,42665.872892,0.0,-784085.865403,799144.247044,0.0,0.0,26018975.2911,269756144.210768,0.0,25349157.699206,299184.912,443412.0096,0.0,101434.607402,38164748.36544,0.0,1058990.32623,-2083.713,34478.6,34478.6,0.0,0.0,5211710216.558023,0.0,0.0,0.0,0.0,230401155.148331,0.0,15776632.511522,613180.800027,4922491881.483285,4072988228.84462,81844.82852,751244.688236,-1929119.461985,305493071.711162,356364923.355733,375947903.342,201821671.694188,594037229.698955,16286550065.202618,3075.730967,69379.687336,61634.623821,151009443.704868,0.0,237573980.03003702
test0_DemLo_FuelHi_REcostMd_SitingOpen_BattHi_PolOBBBA,2,0,2,1,1,0,0.0,575.094006,0.0,0.0,0.0,0.0,6360.758826,86.660276,12994.628099,0.0,89562.592564,6791.637922,27717.171339,142.0,405.8,0.0,24.4,4980.0,0.0,1015.663887,5.0,0.0,302269.409757,0.0,0.0,0.0,0.0,0.0,-882887.206255,45548.640868,0.0,0.0,26018975.2911,343449676.857235,10408087.02399,22242222.900631,299184.912,443412.0096,0.0,109368.595075,38665323.60634,0.0,533832.939162,-1760.60925,34478.6,34478.6,0.0,0.0,5895246941.242171,0.0,353431152.196419,0.0,0.0,278850898.096554,0.0,47659329.67412,0.0,4619022890.713816,5060375460.030844,0.0,-0.0,0.0,229463350.6108,160496173.312326,375947903.342,174438939.601257,719457492.868372,17914390531.688683,2516.573225,47802.601027000004,54236.019063,102137619.43324101,0.0,206191964.764092
test0_DemLo_FuelHi_REcostMd_SitingOpen_BattLo_PolIRA,0,0,2,0,1,0,0.0,86.962653,0.0,0.0,81.215733,0.0,16845.217956,14.246776,12994.628099,63.560193,75903.348396,0.0,34824.858073,142.0,405.8,0.0,24.4,4980.0,0.0,1270.4,5.0,0.0,45707.570558,0.0,0.0,0.0,42686.989039,0.0,-4660550.827643,7488.105207,0.0,0.0,26018975.2911,273825340.358072,0.0,18303945.402977,299184.912,443412.0096,0.0,109243.510039,38947463.31582,0.0,774842.305684,-795.372,35029.482255,35029.482255,0.0,0.0,6824145161.103323,93160128.056562,0.0,0.0,0.0,241717357.514673,0.0,776829.133907,1128611.016414,4752414702.815344,3964944841.748936,81885.335073,751616.493439,-1938001.435208,305877332.736354,143204781.969644,380555768.980875,204236209.462426,552577557.675119,17463634782.606884,2946.196558,70929.993831,59795.518178000006,156722141.046104,0.0,239778288.304228
test0_DemLo_FuelHi_REcostMd_SitingOpen_BattLo_PolOBBBA,0,0,2,1,1,0,0.0,1701.829653,0.0,0.0,0.0,0.0,8477.666358,278.472495,12994.628099,0.0,79091.165281,7337.805969,33546.31661,142.0,405.8,0.0,24.4,4980.0,0.0,1017.383607,5.0,0.0,894481.665615,0.0,0.0,0.0,0.0,0.0,-2272934.923915,146365.143328,0.0,0.0,26018975.2911,322458178.504501,21141624.793714,19721841.953244,299184.912,443412.0096,0.0,109243.510039,38947463.31582,0.0,540971.805455,-1908.351,34478.6,34478.6,0.0,0.0,6805893642.311909,0.0,665644804.365703,0.0,0.0,311407979.24512,0.0,101662513.484733,0.0,4625830967.758534,4936742727.628974,0.0,-0.0,0.0,235773152.671846,138596661.727016,375947903.342,177460692.753647,749576775.336852,19124537820.62633,2745.347766,53890.742502,50121.413551000005,116500318.21700199,0.0,205021501.997392
test0_DemLo_FuelHi_REcostMd_SitingOpen_BattMd_PolIRA,1,0,2,0,1,0,697.305739,291.783496,0.0,0.0,72.015589,0.0,14176.988772,1568.463942,12994.628099,31.77615,73438.901808,0.0,39597.220923,142.0,405.8,0.0,24.4,4980.0,0.0,1270.4,5.0,366503.896242,153361.405505,0.0,0.0,0.0,37851.39384,0.0,-3397673.67442,824384.64786,0.0,0.0,26018975.2911,264073433.090456,0.0,26400715.600392,299184.912,443412.0096,0.0,104579.610455,38489607.68472,0.0,942902.991178,-2270.724,34978.804058,34978.804058,0.0,0.0,5592686663.557749,0.0,0.0,0.0,0.0,304969744.51625,0.0,11430012.947555,564235.43566,4937243078.083583,4017506171.413146,72609.339223,666473.14674,-1929119.461985,305634034.455695,173636342.688099,380131870.189526,205776972.232779,582287570.237428,16510676658.781448,2974.182062,70883.550796,59760.280032,157252896.18486002,0.0,238638188.61967498
test0_DemLo_FuelHi_REcostMd_SitingOpen_BattMd_PolOBBBA,1,0,2,1,1,0,0.0,520.493272,0.0,0.0,0.0,0.0,13099.085689,75.399342,12994.628099,0.0,89142.188506,6828.943699,24683.725911,142.0,405.8,0.0,24.4,4980.0,0.0,1017.383607,5.0,0.0,273571.26351,0.0,0.0,0.0,0.0,0.0,-2762696.046688,39629.893999,0.0,0.0,26018975.2911,334420302.099005,13746696.454231,15782484.07019,299184.912,443412.0096,0.0,112223.032138,38753260.408853,0.0,537080.78521,-2307.696,34478.6,34478.6,0.0,0.0,5554725194.037586,0.0,104376774.273655,0.0,0.0,227322125.346738,0.0,60812471.040327,0.0,4684951444.128941,4867535468.143597,0.0,0.0,0.0,228759358.38196,136779387.038894,375947903.342,180672797.302554,669700684.578111,17091583607.61436,2476.430205,55088.539833,50313.152785000006,120278759.28773299,0.0,201781950.142939
test0_DemLo_FuelHi_REcostMd_SitingRef_BattHi_PolIRA,2,0,2,0,1,1,534.058794,851.487096,0.0,0.0,84.992132,0.009634,5726.329151,1298.009964,12994.628099,36.445465,73764.028437,1891.014223,44073.630204,142.0,405.8,0.0,24.4,4980.0,0.0,1270.4,5.0,280701.302359,447541.617669,0.0,0.0,0.0,44671.864699,5.063667,-825609.554349,682234.03716,0.0,0.0,25728515.7591,278244047.266172,993917.075687,28612992.802056,299120.16,443036.472,0.0,106688.500944,38512600.20108,0.0,1054290.737373,-1821.921,34494.543309,34494.543309,0.0,0.0,5938543386.215354,0.0,15355546.325309,0.0,0.0,323979721.577538,0.0,18392750.861247,647146.447193,4885419071.719387,4260164756.832908,85706.145716,786687.294513,-80609850.51108,300231601.314656,348313279.813646,376191125.220797,197748952.307906,648760061.578176,17234009943.143265,3132.640571,67502.110835,60218.345473,149424408.043223,0.0,226565113.196396
test0_DemLo_FuelHi_REcostMd_SitingRef_BattHi_PolOBBBA,2,0,2,1,1,1,0.0,502.900725,0.0,0.0,0.0,0.0,6420.822592,58.151621,12994.628099,0.0,85288.955329,7498.763013,29896.258513,142.0,405.8,0.0,24.4,4980.0,0.0,1017.339253,5.0,0.0,264324.621151,0.0,0.0,0.0,0.0,0.0,-774224.696298,30564.49178,0.0,0.0,25728515.7591,321077395.901243,12136508.230884,27744635.784919,299120.16,443036.472,0.0,103646.374349,38363141.72268,0.0,540173.572328,-2199.3765,34478.6,34478.6,0.0,0.0,6723269365.694142,0.0,346478339.280848,0.0,0.0,222693959.974515,0.0,53986519.73662,0.0,4681145131.06988,4902939961.832596,0.0,-0.0,0.0,239086385.789859,204344733.381989,375947903.342,179814086.938435,704426673.916594,18634133060.95748,2505.646236,52746.80829,56521.296150999995,116234126.34077,0.0,208026786.23262
test0_DemLo_FuelHi_REcostMd_SitingRef_BattLo_PolIRA,0,0,2,0,1,1,506.672181,0.0,0.0,0.0,0.0,0.0,15464.65175,1094.251879,12994.628099,0.0,73688.527361,181.595689,36788.271253,142.0,405.8,0.0,24.4,4980.0,0.0,1015.393189,5.0,266306.89852,0.0,0.0,0.0,0.0,0.0,0.0,-4242306.00918,575138.787576,0.0,0.0,25728515.7591,275613177.693799,95446.694318,19335915.37054,299120.16,443036.472,0.0,109452.443179,38953543.23468,0.0,533690.660356,-2272.572,34872.823875,34872.823875,0.0,0.0,5192426701.70264,955241465.329616,0.0,0.0,0.0,292078748.152903,0.0,6636435.417838,0.0,4833851955.009969,4033762388.541744,143586.715992,-0.0,-18139459.83294,303992098.213439,145145409.803975,379245396.826666,201471454.876549,587533117.918404,16913389298.676794,2816.35699,68836.146329,60716.169133,155311808.662381,0.0,237627382.58757502
test0_DemLo_FuelHi_REcostMd_SitingRef_BattLo_PolOBBBA,0,0,2,1,1,1,0.0,1576.666707,0.0,0.0,0.0,0.0,8253.296597,182.134753,12994.628099,0.0,81509.619777,7419.253737,31405.994117,142.0,405.8,0.0,24.4,4980.0,0.0,1017.068477,5.0,0.0,828696.021198,0.0,0.0,0.0,0.0,0.0,-2252556.976921,95730.026132,0.0,0.0,25728515.7591,325651980.789809,24148986.089307,18878690.363351,299120.16,443036.472,0.0,109452.443179,38935321.240622,0.0,540390.911703,-2031.5355,34478.6,34478.6,0.0,0.0,7576341185.272659,0.0,625428935.090416,0.0,0.0,373397495.393172,0.0,112404266.363357,0.0,4609862203.392097,4992097277.089787,0.0,-0.0,0.0,228350129.687538,136366724.183049,375947903.342,177042016.939191,747509300.8278,19954747437.581062,2768.031924,52464.739052,50562.824692,116517074.69782,0.0,200087362.33722302
test0_DemLo_FuelHi_REcostMd_SitingRef_BattMd_PolIRA,1,0,2,0,1,1,434.400999,1007.880558,0.0,0.0,0.0,0.0,14655.974941,1102.377561,12994.628099,0.0,73456.812088,176.349392,40145.748751,142.0,405.8,0.0,24.4,4980.0,0.0,1015.393189,5.0,228321.165125,529742.02151,0.0,0.0,0.0,0.0,0.0,-3135605.344892,579409.646029,0.0,0.0,25728515.7591,268678114.444091,92689.240554,25703642.101385,299120.16,443036.472,0.0,109452.443179,38851994.235106,0.0,534120.36368,-2237.80575,34661.134292,34661.134292,0.0,0.0,5375090188.0118,1121213959.377752,0.0,0.0,0.0,309306792.507002,0.0,14715856.1825,0.0,4922988348.974846,4063962252.294514,237722.730686,-0.0,-10058132.540083,304495261.096775,185689499.26317,377934767.961845,203750419.6816,594290305.860044,17463617241.40245,2857.05947,68394.79490699999,61053.404524,152374609.347947,0.0,239655621.06204602
test0_DemLo_FuelHi_REcostMd_SitingRef_BattMd_PolOBBBA,1,0,2,1,1,1,0.0,1229.635659,0.0,0.0,0.0,0.0,13686.175029,147.493023,12994.628099,0.0,87380.855021,7421.342698,24669.362425,142.0,405.8,0.0,24.4,4980.0,0.0,1017.068477,5.0,0.0,646296.502583,0.0,0.0,0.0,0.0,0.0,-2958730.667619,77522.332968,0.0,0.0,25728515.7591,338313391.37369,16369706.99835,15571220.350782,299120.16,443036.472,0.0,112216.385414,38883085.039793,0.0,539341.335334,-1903.338,34478.6,34478.6,0.0,0.0,6413578056.705847,0.0,177954912.167108,0.0,0.0,226082171.239487,0.0,77618290.170482,0.0,4700082684.582721,4966850839.553626,0.0,0.0,0.0,226522546.809861,147613395.394647,375947903.342,180641000.330303,707697704.138207,18200589504.434288,2509.320473,55544.230880999996,48942.41306100001,123914454.004363,0.0,192310652.279323
test0_DemLo_FuelLo_REcostHi_SitingLim_BattHi_PolIRA,2,0,0,0,2,2,760.361165,3350.460341,0.0,0.0,0.0,0.0,4691.332753,2016.81856,12994.628099,0.0,47842.261689,0.0,56917.854081,142.0,405.8,6.0,24.4,4980.0,2300.139017,61.522345,1072.741246,2562582.698114,1761001.95509,0.0,0.0,0.0,0.0,0.0,-1428167.785297,12231534.447726,0.0,0.0,30015915.9585,54162866.226813,0.0,29916024.105225,291965.064,443359.908,12336.552,97038.692467,37581720.46056,17458795.399142,32336.144653,-658108.53413,47077.876255,47077.876255,0.0,0.0,30252704166.21756,42071573.841444,4237725184.745366,1940.902032,457879996.874944,1213098000.823231,0.0,163022009.83023,0.0,6582958271.380636,4422150212.684094,0.0,-0.0,-791485025.854395,511992031.057211,226774144.463958,480106577.403416,269073068.895539,383774267.380291,48451846420.64556,3375.44607,98567.50491200002,121240.101448,206981972.110129,0.0,357138606.23774797
test0_DemLo_FuelLo_REcostHi_SitingLim_BattHi_PolOBBBA,2,0,0,1,2,2,1074.105308,5944.894692,0.0,0.0,0.0,0.0,5226.902135,3989.638835,12994.628099,0.0,51853.756001,0.0,51414.469843,142.0,405.8,6.0,24.4,4980.0,0.0,550.707386,5.0,5292003.282819,3124636.650207,0.0,0.0,0.0,0.0,0.0,-1558137.07049,26290159.024333,0.0,0.0,30015915.9585,64415435.944225,0.0,27023445.349275,291965.064,443359.908,12336.552,97038.692467,37581720.46056,0.0,289451.802256,-3088.959,46276.910943,46276.910943,0.0,0.0,25427350344.39416,42071573.841444,4471559516.793935,0.0,800485442.350733,1248532305.179055,0.0,337929248.263083,0.0,6602652253.823924,4857291066.635145,0.0,-0.0,0.0,498760954.047434,253807406.346359,475805419.026371,265998816.785277,491648979.214631,45773893326.70155,3162.575897,96249.95079999999,118082.313431,203882227.504282,0.0,351090171.133329
test0_DemLo_FuelLo_REcostHi_SitingLim_BattLo_PolIRA,0,0,0,0,2,2,537.492951,271.553196,0.0,0.0,0.0,0.0,30671.743582,1931.160078,12994.628099,0.0,40189.803093,0.0,47195.858961,142.0,405.8,0.0,24.4,4980.0,0.0,61.522345,5.0,2720780.719938,142728.35982,0.0,0.0,0.0,0.0,0.0,-9873549.87984,11186559.216073,0.0,0.0,30015915.9585,40976602.847868,0.0,24806143.470091,295977.984,443359.908,0.0,101060.452195,37950032.32056,0.0,32336.144653,-2626.956,46393.644763,46393.644763,0.0,0.0,22687719371.795105,126562132.2,3451758537.211023,0.0,943865651.322658,1385726748.995612,0.0,125666883.424496,0.0,6312114262.217187,3487350192.289262,0.0,0.0,-1252718659.85296,523361603.544667,184340979.491242,487336037.269948,285433628.026893,286692441.960533,39035209809.89567,2924.885023,127884.316512,106673.56880499999,285152306.255437,0.0,324923020.004451
test0_DemLo_FuelLo_REcostHi_SitingLim_BattLo_PolOBBBA,0,0,0,1,2,2,951.098318,1644.480307,0.0,0.0,0.0,0.0,34858.002415,4047.343621,12994.628099,0.0,45209.794472,0.0,34675.82964,142.0,405.8,6.0,24.4,4980.0,0.0,834.738659,5.0,4704860.184828,864338.849304,0.0,-0.0,0.0,0.0,0.0,-11272351.165827,22911028.732712,0.0,0.0,30015915.9585,34945755.655994,0.0,18225616.058655,299130.384,443359.908,12639.312,103915.512403,38152347.64056,0.0,438738.638996,-2513.556,45694.222965,45694.222965,0.0,0.0,21218016676.85924,0.0,3666926448.372476,0.0,621290863.007898,1147336438.818436,0.0,266715370.037018,0.0,6469072584.513112,3087934918.186725,0.0,0.0,0.0,516446959.979436,164007820.388703,478313069.470089,285515480.573144,365142690.150118,38286719320.3564,2969.978703,130018.003645,102168.99588500001,292678056.842707,0.0,316084781.137103
test0_DemLo_FuelLo_REcostHi_SitingLim_BattMd_PolIRA,1,0,0,0,2,2,566.973806,2658.642235,0.0,0.0,0.0,0.0,21215.42332,2035.350515,12994.628099,0.0,41916.641307,0.0,51471.278831,142.0,405.8,0.0,24.4,4980.0,0.0,61.522345,5.0,2870924.030162,1397382.358481,0.0,0.0,0.0,0.0,0.0,-6533397.764532,12453903.016651,0.0,0.0,30015915.9585,46454923.391529,0.0,27053304.153492,295977.984,443359.908,0.0,98777.796163,37701004.30056,0.0,32336.144653,-2589.156,46295.270521,46295.270521,0.0,0.0,25328077748.9725,0.0,4048444383.33228,0.0,847412855.513388,1400421491.197919,0.0,158736869.959557,0.0,6505197464.615057,3877386423.71681,-0.0,-0.0,-1080305896.936216,521438139.088182,193287833.441534,483845738.464692,280637255.410002,319826849.448362,42884407156.22407,3109.900902,117257.286077,113391.304401,256835527.908429,0.0,339545335.48353
test0_DemLo_FuelLo_REcostHi_SitingLim_BattMd_PolOBBBA,1,0,0,1,2,2,1357.652426,2721.701103,0.0,0.0,0.0,0.0,18291.967867,3987.57742,12994.628099,0.0,44679.621947,0.0,49085.522979,142.0,405.8,6.0,24.4,4980.0,0.0,565.808381,5.0,6145110.236415,1430526.09992,0.0,-0.0,0.0,0.0,0.0,-5681941.012847,25861457.980331,0.0,0.0,30015915.9585,45185101.305342,0.0,25799350.877735,295977.984,443359.908,12506.112,97038.692467,37581720.46056,0.0,297388.885265,-2589.156,45125.579004,45125.579004,0.0,0.0,30647252571.71262,0.0,4547233602.460434,0.0,791365868.989051,1570929829.098892,0.0,307668668.35901,0.0,6516175042.465231,4007119115.997489,0.0,-0.0,0.0,505535847.914303,182009044.825444,470636518.31167,274461580.308469,448365101.007656,50268752791.45027,3202.959367,111233.080919,111259.635037,243492247.293475,0.0,337572115.883319
test0_DemLo_FuelLo_REcostHi_SitingOpen_BattHi_PolIRA,2,0,0,0,2,0,449.95977,3398.203754,0.0,0.0,0.0,0.0,5080.245288,1797.267289,12994.628099,0.0,64776.419802,0.0,46577.73033,142.0,405.8,0.0,24.4,4980.0,0.0,122.078222,5.0,1666378.761192,1786095.892883,0.0,0.0,0.0,0.0,0.0,-1052126.957337,9543403.03789,0.0,0.0,26018975.2911,97250656.997617,0.0,24481255.061439,285218.502,443412.0096,0.0,91771.742767,37095901.90362,0.0,64164.313549,-1637.06775,63151.931649000006,63151.931649000006,0.0,0.0,16117500363.708008,161063481.31029,2333999431.699885,0.0,3010883095.634722,1113967571.618601,0.0,133487958.485171,0.0,6085797490.00381,5630709468.38731,0.0,0.0,-328329952.015769,456730516.652328,265291626.538871,702086427.176763,248788501.37838,331185519.390752,36263161499.96912,2988.183187,91844.88056,103361.80803799999,187405601.074843,0.0,368561109.37408006
test0_DemLo_FuelLo_REcostHi_SitingOpen_BattHi_PolOBBBA,2,0,0,1,2,0,1529.226518,5880.773482,0.0,0.0,0.0,0.0,8622.854842,5816.382577,12994.628099,0.0,65836.766408,0.0,36538.199601,142.0,405.8,0.0,24.4,4980.0,0.0,1113.9,5.0,5177724.374303,3090934.542034,0.0,0.0,0.0,0.0,0.0,-1765250.833016,30884712.300122,0.0,0.0,26018975.2911,96964266.25833,0.0,19204477.710258,285218.502,443412.0096,0.0,91771.742767,37095901.90362,0.0,585465.84,-2140.57275,51999.175722,51999.175722,0.0,0.0,20335768607.161423,1054425.40956,3234919151.254155,0.0,2226891988.137699,1602924957.43182,0.0,387806176.828304,0.0,6403053921.472138,5727432050.39014,0.0,-0.0,0.0,433490412.77076,308440912.320462,573739437.585148,246913398.228627,517026077.718341,41999461516.70858,2582.765327,88224.354585,99534.57316100001,180803572.645863,0.0,353243314.61229104
test0_DemLo_FuelLo_REcostHi_SitingOpen_BattLo_PolIRA,0,0,0,0,2,0,416.325826,2825.55862,0.0,0.0,0.0,0.0,25027.893967,1792.009568,12994.628099,0.0,53075.655486,0.0,41724.739908,142.0,405.8,0.0,24.4,4980.0,0.0,52.070664,5.0,1544911.083311,1485113.610467,0.0,0.0,0.0,0.0,0.0,-7052996.457625,9533376.211549,0.0,0.0,26018975.2911,68436315.883954,0.0,21930523.295679,256444.332,443412.0096,0.0,88386.85535,36729514.644497,0.0,27368.340737,-1545.162,62697.92135899999,62697.92135899999,0.0,0.0,19772870902.2002,0.0,3290394600.888652,0.0,1930041339.841404,1851500003.94065,0.0,127804151.187747,0.0,6093765396.968184,4360039224.017172,-0.0,-0.0,-544301681.947681,477494586.072223,187683456.417572,704313319.373687,263685134.029826,291063438.389321,38806353871.37895,3070.229354,112298.56764299999,95451.36839399999,236958754.41627598,0.0,358514567.95366305
test0_DemLo_FuelLo_REcostHi_SitingOpen_BattLo_PolOBBBA,0,0,0,1,2,0,1389.128019,5459.797559,0.0,0.0,0.0,0.0,29214.823545,5937.263267,12994.628099,0.0,59486.041762,0.0,24393.785199,142.0,405.8,0.0,24.4,4980.0,0.0,1113.9,5.0,5113740.448256,2869669.597194,0.0,0.0,0.0,0.0,0.0,-8438203.633565,31585860.596792,0.0,0.0,26018975.2911,75401408.541313,0.0,12821373.500447,285218.502,443412.0096,0.0,89681.999963,36900795.99312,0.0,585465.84,-1512.324,50404.563771,50404.563771,0.0,0.0,21223098028.948624,1054425.40956,3579595217.28681,0.0,1922665407.713025,2096914275.438296,0.0,391211463.417236,0.0,6384268697.627248,4521336941.040581,-0.0,0.0,0.0,453399284.853628,234967434.233418,556514299.510787,259898024.334327,474524923.161507,42099448422.97505,2510.294102,110683.83030599999,88628.63735899999,239489749.70584399,0.0,329419884.99551404
test0_DemLo_FuelLo_REcostHi_SitingOpen_BattMd_PolIRA,1,0,0,0,2,0,421.301814,3385.070712,0.0,0.0,0.0,0.0,13601.354623,1840.349039,12994.628099,0.0,61334.215956,0.0,43706.854626,142.0,405.8,0.0,24.4,4980.0,0.0,52.070664,5.0,1549276.884615,1779193.166059,0.0,0.0,0.0,0.0,0.0,-3777125.952361,9790539.103372,0.0,0.0,26018975.2911,84000041.82964,0.0,22972322.791236,285218.502,443412.0096,0.0,94024.900868,37300128.794615,0.0,27368.340737,-2140.57275,62974.48010999999,62974.48010999999,0.0,0.0,19833753482.459507,0.0,2874707748.322396,0.0,2816244272.870035,1542148780.679224,0.0,136099560.052131,0.0,6129719993.80667,5028481522.582472,0.0,0.0,-410782600.900134,462538307.327564,222951597.575862,697744527.195301,255193903.757258,310782580.272496,39899583676.00078,3021.333203,100833.59680900001,98675.73524200001,207093595.90602598,0.0,366500977.18398404
test0_DemLo_FuelLo_REcostHi_SitingOpen_BattMd_PolOBBBA,1,0,0,1,2,0,1599.019784,5419.980216,0.0,0.0,0.0,0.0,16176.838827,5939.232635,12994.628099,0.0,66394.729557,0.0,29055.704314,142.0,405.8,0.0,24.4,4980.0,0.0,1113.9,5.0,5335576.201241,2848741.60137,0.0,0.0,0.0,0.0,0.0,-4704531.530704,31537040.210898,0.0,0.0,26018975.2911,87997996.892591,0.0,15271678.187406,299184.912,443412.0096,0.0,98034.085679,37360750.928591,0.0,585465.84,-2430.8385,50685.130115,50685.130115,0.0,0.0,22854227960.26928,1054425.40956,3547083809.498978,0.0,2679606020.824329,2060465425.233886,0.0,390355438.548922,0.0,6424112648.305505,5152765432.035217,0.0,0.0,0.0,437797576.665057,263297604.935579,552447450.955958,251111909.85857,494683800.687275,45109009503.22811,2550.769468,97889.845553,93586.96453999999,206337572.030545,0.0,342731273.70035
test0_DemLo_FuelLo_REcostHi_SitingRef_BattHi_PolIRA,2,0,0,0,2,1,421.371014,2918.628986,0.0,0.0,0.0,0.0,5208.8642,1646.373405,12994.628099,0.0,64418.978719,0.0,45981.457981,142.0,405.8,0.0,24.4,4980.0,1600.823892,54.476721,5.0,1584281.117855,1534031.394952,0.0,0.0,0.0,0.0,0.0,-1182637.865574,8933446.000662,0.0,0.0,25728515.7591,98245904.602028,0.0,24167854.314854,286245.588,443036.472,0.0,93496.344079,37265882.23656,11854992.900621,28632.96471,-1596.315,62539.416405,62539.416405,0.0,0.0,18602363827.713432,162117906.71985,2013366524.778042,0.0,1610419294.603274,815620534.191968,0.0,122738187.037623,0.0,6104941371.984217,5684589526.4921,0.0,-0.0,-338668664.975021,451920331.634396,251484185.359561,699973890.588669,243636247.201568,344110172.516057,36768613335.84574,2975.544806,88188.350388,101667.51038200001,183477861.20895702,0.0,361430541.099582
test0_DemLo_FuelLo_REcostHi_SitingRef_BattHi_PolOBBBA,2,0,0,1,2,1,1579.050401,5696.872702,0.0,0.0,0.0,0.0,8944.013627,5664.990245,12994.628099,0.0,65048.354946,0.0,37481.093999,142.0,405.8,0.0,24.4,4980.0,933.27731,1113.9,5.0,5051191.866614,2994276.292255,0.0,0.0,0.0,0.0,0.0,-1699002.23918,30706105.247321,0.0,0.0,25728515.7591,92569316.635465,0.0,19700063.006017,286245.588,443036.472,0.0,93496.344079,37265882.23656,6946322.12491,585465.84,-2300.601,56616.31987399999,56616.31987399999,0.0,0.0,20315489002.659904,0.0,2923499233.077181,0.0,5482276220.67889,1366165670.220629,0.0,384277379.94892,0.0,6406255885.155068,5607129981.576911,0.0,-0.0,0.0,430401872.265462,275599654.581701,634310285.170947,243978549.107617,523454997.989726,44592838732.43296,2556.284497,83916.45373,99684.936668,177663168.98232102,0.0,354925031.984443
test0_DemLo_FuelLo_REcostHi_SitingRef_BattLo_PolIRA,0,0,0,0,2,1,488.172948,2445.788002,0.0,0.0,0.0,0.0,26945.116578,2038.405492,12994.628099,0.0,50822.283806,0.0,40873.903266,142.0,405.8,0.0,24.4,4980.0,0.0,1115.4,5.0,1835088.937526,1285506.173985,0.0,0.0,0.0,0.0,0.0,-7600666.116748,11061136.295602,0.0,0.0,25728515.7591,65944748.665704,0.0,21483323.556732,286245.588,443036.472,0.0,91306.28346,37059365.74536,0.0,586254.24,-1536.732,62659.14281,62659.14281,0.0,0.0,21907221802.339443,0.0,3864989614.960442,0.0,4140005037.605226,1878438820.639615,0.0,141256981.26586,0.0,6080977804.987851,4317291496.835856,0.0,0.0,-532232007.060854,484256092.480905,170408951.518926,730813005.976443,263053184.685565,304264151.067766,43750744937.30304,2934.6125,111251.82448299999,96160.64309200001,242085282.261703,0.0,355243233.77676004
test0_DemLo_FuelLo_REcostHi_SitingRef_BattLo_PolOBBBA,0,0,0,1,2,1,1515.819729,3921.434836,0.0,0.0,0.0,0.0,25374.111607,5937.024883,12994.628099,0.0,59036.160672,0.0,29500.158169,142.0,405.8,0.0,24.4,4980.0,0.0,1113.9,5.0,5661479.717446,2061106.149995,0.0,0.0,0.0,0.0,0.0,-7266636.567598,32216671.82648,0.0,0.0,25728515.7591,75870937.143187,0.0,15505283.1335,286245.588,443036.472,0.0,92507.719387,37068036.426792,0.0,585465.84,-1536.732,56252.12066099999,56252.12066099999,0.0,0.0,25721440408.847008,0.0,4819767367.578504,0.0,5292496271.95483,2293478987.607311,0.0,385768964.765678,0.0,6228763192.189051,4697262985.616896,0.0,-0.0,0.0,449343198.695371,227123997.968738,631127923.842314,253747896.345034,489044048.187219,51489365243.59795,2514.002026,103166.13859,90340.26316900001,230408926.51267698,0.0,335068561.482963
test0_DemLo_FuelLo_REcostHi_SitingRef_BattMd_PolIRA,1,0,0,0,2,1,390.492811,2949.507189,0.0,0.0,0.0,0.0,14283.984981,1693.951287,12994.628099,0.0,61119.391897,0.0,42997.693217,142.0,405.8,0.0,24.4,4980.0,404.264293,84.155858,5.0,1459435.552317,1550260.978597,0.0,0.0,0.0,0.0,0.0,-4032422.519994,9192057.266147,0.0,0.0,25728515.7591,85813331.126049,0.0,22599587.554964,286245.588,443036.472,0.0,94964.195576,37379450.75062,3001280.169155,44232.318741,-2107.947,62675.217223,62675.217223,0.0,0.0,20272310398.62184,0.0,3330577072.77711,0.0,3356354109.219798,1367360792.255984,0.0,125821935.125601,0.0,6110857065.800185,5076356171.25385,0.0,-0.0,-443861971.082983,467902887.78054,215321997.211198,708757907.927909,252886253.80213,309997842.650533,41150642463.3437,2943.267116,99201.049573,98457.738775,211069312.00541398,0.0,360083617.28203
test0_DemLo_FuelLo_REcostHi_SitingRef_BattMd_PolOBBBA,1,0,0,1,2,1,1380.600027,6029.399973,0.0,0.0,0.0,0.0,13136.748736,4883.080802,12994.628099,0.0,65996.961649,0.0,33071.304434,142.0,405.8,0.0,24.4,4980.0,0.0,1070.333425,5.0,4212349.11336,3169052.625855,0.0,-0.0,0.0,0.0,0.0,-3798205.643932,26467899.595996,0.0,0.0,25728515.7591,87853859.27758,0.0,17382277.610595,286245.588,443036.472,0.0,93496.344079,37265882.23656,0.0,562567.247961,-2107.947,57272.115507,57272.115507,0.0,0.0,23714723280.98451,0.0,3951331833.77951,0.0,5956189761.414609,1982745521.305133,0.0,341153777.614135,0.0,6325016393.125835,5192618330.908031,0.0,-0.0,0.0,440884759.165828,236520341.600865,645926005.225542,247994511.248859,457765912.259035,49492870428.63189,2665.15882,91949.854116,96147.921342,199883716.088773,0.0,354427058.66012096
test0_DemLo_FuelLo_REcostLo_SitingLim_BattHi_PolIRA,2,0,0,0,0,2,401.320079,5348.679921,0.0,0.0,0.0,0.0,7638.607361,2130.050121,12994.628099,0.0,39057.039817,0.0,56469.63072,142.0,405.8,0.0,24.4,4980.0,0.0,1069.013489,802.413512,1282256.180513,2811266.166251,0.0,0.0,0.0,0.0,0.0,-2302847.107855,1443202.679105,0.0,0.0,30015915.9585,20528380.128003,0.0,29680437.906604,291965.064,443359.908,0.0,96495.140131,37452257.35056,0.0,561873.489892,-495085.162434,51559.759956,51559.759956,0.0,0.0,14233927192.03481,93485468.639835,3423288285.59661,0.0,403062400.496685,801696100.288372,0.0,60354224.363741,0.0,5747376944.789196,2914608254.579274,0.0,-0.0,-1957210903.060872,538352089.214214,76656875.82488,522807711.273336,269121322.076039,213933754.729952,27341459720.84607,3374.053248,93554.00372600001,132483.287849,205929734.24073902,0.0,421426697.91166806
test0_DemLo_FuelLo_REcostLo_SitingLim_BattHi_PolOBBBA,2,0,0,1,0,2,717.652615,5032.347385,0.0,0.0,0.0,0.0,7688.965449,2674.864153,12994.628099,0.0,39015.623887,0.0,57901.312731,142.0,405.8,0.0,24.4,4980.0,0.0,111.710098,25.563181,1842796.285591,2645001.785774,0.0,-0.0,0.0,0.0,0.0,-2475908.587351,1817152.913197,0.0,0.0,30015915.9585,20506611.915119,0.0,30432929.971257,291965.064,443359.908,0.0,96495.140131,37452257.35056,0.0,58714.827438,-13028.439738,53698.214631,53698.214631,0.0,0.0,13421022797.279806,727856.4564,3417858500.73959,0.0,572246802.873201,715406064.921558,0.0,62171375.341944,0.0,5773069067.26743,2929155167.114994,0.0,0.0,0.0,537733265.699852,83214965.363289,551092391.403356,267689108.649159,220093409.35774,28551480772.46832,3190.42276,90977.24233000001,133139.36370699998,202436126.99589503,0.0,423872078.215841
test0_DemLo_FuelLo_REcostLo_SitingLim_BattLo_PolIRA,0,0,0,0,0,2,278.052517,2545.404499,0.0,0.0,0.0,2806.927773,32153.736873,2116.01692,12994.628099,1462.614193,39128.60515,0.0,38434.310477,142.0,405.8,0.0,24.4,4980.0,0.0,126.483415,5.0,1402132.090222,1337864.604496,0.0,0.0,0.0,0.0,1475321.237641,-9863392.36161,1112178.492901,0.0,0.0,30015915.9585,20565994.866764,0.0,20201073.586775,248947.584,443359.908,0.0,92473.380403,37085046.76656,0.0,66479.682726,-2021.256,46761.640516,46761.640516,221989938.047715,22002.716375,13965992815.531532,0.0,2604065993.399692,0.0,392128895.438736,1028672206.264657,0.0,32438718.719993,25971011.297055,5628098302.285704,2277420066.806174,6034177.999377,35502939.202058,-1895369538.57371,515160254.596199,56574930.469015,487972140.960985,280705226.365319,166440395.172625,25829820476.699505,2964.631921,120236.233423,110735.09212399999,290091499.071399,0.0,360739245.730017
test0_DemLo_FuelLo_REcostLo_SitingLim_BattLo_PolOBBBA,0,0,0,1,0,2,444.283812,2447.58441,0.0,0.0,0.0,0.0,30681.532951,2655.858864,12994.628099,0.0,38779.697087,0.0,42599.988488,142.0,405.8,0.0,24.4,4980.0,0.0,109.641305,5.0,2240384.646179,1286450.365688,0.0,0.0,-0.0,-0.0,0.0,-9331490.698914,1395919.41912,0.0,0.0,30015915.9585,20382608.789164,0.0,22390553.949342,248947.584,443359.908,0.0,92473.380403,37085046.76656,0.0,57627.469763,-2021.256,47334.322687,47334.322687,0.0,0.0,13663173871.757172,0.0,2857181508.856909,0.0,328522407.735964,1052526393.715115,0.0,34792440.12786,0.0,5616101778.374633,2409379618.256118,-0.0,0.0,0.0,510205608.208094,68669896.239028,491192817.900417,276948193.119205,165382340.136128,27474076874.426643,2939.178053,116026.423526,111624.361625,275451263.10382605,0.0,367309433.924777
test0_DemLo_FuelLo_REcostLo_SitingLim_BattMd_PolIRA,1,0,0,0,0,2,328.466978,5421.533022,0.0,0.0,0.0,0.0,20990.981345,2127.334532,12994.628099,0.0,38983.712375,0.0,45849.64605,142.0,405.8,0.0,24.4,4980.0,0.0,1069.711653,602.030562,1635229.494572,2849557.756127,0.0,0.0,0.0,0.0,0.0,-6531831.917423,1118127.030165,0.0,0.0,30015915.9585,20489839.224072,0.0,24098573.963796,270443.544,443359.908,0.0,94756.036435,37321602.985822,0.0,562240.444724,-348045.568567,47543.701235,47543.701235,0.0,0.0,15074866091.015852,0.0,3151860614.303048,0.0,363895620.829999,1076746457.662878,0.0,57347765.491916,0.0,5816315393.966099,2575478813.482936,0.0,-0.0,-1965033517.211465,525250464.350424,66738555.52073,492748169.031183,275785419.755373,175832166.57116,27687832014.77013,3258.434269,107443.380919,120965.095568,249077281.72736198,0.0,387840806.104484
test0_DemLo_FuelLo_REcostLo_SitingLim_BattMd_PolOBBBA,1,0,0,1,0,2,464.86012,5285.13988,0.0,0.0,0.0,0.0,20285.853041,2662.213993,12994.628099,0.0,38983.410383,0.0,47757.556926,142.0,405.8,0.0,24.4,4980.0,0.0,109.641305,5.0,2171721.6429,2777869.520938,0.0,-0.0,0.0,0.0,0.0,-6397067.524351,1399259.674566,0.0,0.0,30015915.9585,20489680.497377,0.0,25101371.920507,270443.544,443359.908,0.0,94756.036435,37333512.64656,0.0,57627.469763,-2210.481,50574.373353,50574.373353,0.0,0.0,14711254014.447468,29041472.61036,2956178735.081074,0.0,301339943.955795,1049895526.626317,0.0,59419311.339177,0.0,5826445469.330361,2603892680.146894,0.0,-0.0,0.0,524355549.031435,72341516.493601,512973690.453625,273533382.695852,180582641.783542,29101253933.9955,3072.282976,104314.22517399999,121639.51772,242025564.850756,0.0,393381466.264924
test0_DemLo_FuelLo_REcostLo_SitingOpen_BattHi_PolIRA,2,0,0,0,0,0,501.680127,2150.348968,0.0,1588.47229,2472.55278,6653.134587,7432.018622,1283.189642,12994.628099,4878.183473,45335.589559,0.0,49136.66449,142.0,405.8,0.0,24.4,4980.0,0.0,158.108819,5.0,263683.074549,1130223.417687,0.0,834901.035819,0.0,1299573.741098,3496887.539144,-1724779.214946,1804924.284625,0.0,0.0,26018975.2911,38853167.029708,0.0,25826230.855999,218844.72,443412.0096,0.0,67082.170847,34238035.12752,0.0,83101.995008,-2021.256,66610.831259,66610.831259,0.0,0.0,9851165296.567717,222995257.632,1396651973.558022,0.0,619397598.812271,683686509.383881,0.0,38029119.138655,86619806.305528,5615261670.504052,3288297608.386848,37342090.57496,119506080.355823,-548714148.534597,505314545.91556,91630001.954094,781355788.450724,279599111.558162,207812123.696283,23275950434.259983,3037.730546,97497.191012,117969.66555099998,205168698.53381598,0.0,436184847.770345
test0_DemLo_FuelLo_REcostLo_SitingOpen_BattHi_PolOBBBA,2,0,0,1,0,0,474.728424,4135.694473,0.0,0.0,0.0,0.0,7903.629629,2302.634053,12994.628099,0.0,54761.881322,0.0,45195.033413,142.0,405.8,0.0,24.4,4980.0,0.0,276.365813,5.0,878071.044355,2173721.015222,0.0,0.0,0.0,0.0,0.0,-1995471.580654,3238866.6372,0.0,0.0,26018975.2911,57480037.853318,0.0,23754509.562129,218844.72,443412.0096,0.0,76589.116002,35455812.24816,0.0,145257.871303,-2021.256,58785.073388,58785.073388,0.0,0.0,12029238568.728687,334903187.8035,2392952278.15063,0.0,4249320740.29894,1125866955.722234,0.0,70199495.253106,0.0,5564432670.356181,3951737080.104829,0.0,0.0,0.0,487121023.340154,152579762.064686,637415701.438477,254023721.025738,226133414.813343,31475924599.100506,2796.37214,88549.673028,118810.63019699999,182660770.790668,0.0,421714868.561787
test0_DemLo_FuelLo_REcostLo_SitingOpen_BattLo_PolIRA,0,0,0,0,0,0,292.915984,3028.16412,0.0,140.448991,2811.196843,8612.763296,22570.342728,1597.071974,12994.628099,5852.622596,43185.942227,0.0,37560.429055,142.0,405.8,0.0,24.4,4980.0,0.0,114.751958,5.0,651136.928693,1591603.061244,0.0,73819.989503,0.0,1477565.060481,4526868.388276,-5760406.931307,2246428.662564,0.0,0.0,26018975.2911,33184729.06392,0.0,19741761.511471,218844.72,443412.0096,0.0,84268.204502,36290467.48176,0.0,60313.629278,-1512.324,64020.286881,64020.286881,0.0,0.0,9784230366.062565,41123889.7866,1428759458.593037,0.0,63874326.927139,717087546.661367,0.0,49431470.402444,103922502.812773,5625478900.631184,2743724288.39888,37695419.807484,136056257.273639,-480121591.137423,493422997.251619,81868137.861096,774100687.916464,279314944.238627,191643638.435339,22071613241.92284,2742.117547,105966.807162,108369.157001,229558114.028565,0.0,427869605.932319
test0_DemLo_FuelLo_REcostLo_SitingOpen_BattLo_PolOBBBA,0,0,0,1,0,0,655.124423,2275.328189,0.0,0.0,0.0,0.0,21539.240053,2396.026703,12994.628099,0.0,52841.450717,0.0,39238.392131,142.0,405.8,0.0,24.4,4980.0,0.0,120.781574,5.0,1527619.784001,1195912.496307,0.0,0.0,0.0,0.0,0.0,-6078637.023811,7737012.321077,0.0,0.0,26018975.2911,45160174.879696,0.0,20623698.903797,218844.72,443412.0096,0.0,84268.204502,36290467.48176,0.0,63482.795419,-1908.495,55451.831713,55451.831713,0.0,0.0,12845401483.911083,0.0,2417056544.426516,0.0,1534144712.767914,1298758568.11982,0.0,103632906.190613,0.0,5447565425.23562,3333455044.42224,0.0,0.0,0.0,480897495.229374,114327933.750756,623248210.910857,259534790.184219,236819755.696483,28694842870.845497,2850.141844,99883.515176,108132.42466799999,211204756.010172,0.0,408274672.82288504
test0_DemLo_FuelLo_REcostLo_SitingOpen_BattMd_PolIRA,1,0,0,0,0,0,479.077022,2406.813516,0.0,0.0,2677.093834,8794.37723,17769.383786,1283.240536,12994.628099,5976.297468,43445.027591,0.0,41815.390277,142.0,405.8,0.0,24.4,4980.0,0.0,114.751958,5.0,251802.88271,1265021.18416,0.0,-0.0,0.0,1407080.519294,4622324.671932,-4640275.061869,1804995.87262,0.0,0.0,26018975.2911,31734473.477913,0.0,21978169.129411,218844.72,443412.0096,0.0,84268.204502,36290467.48176,0.0,60313.629278,-1908.495,66093.328872,66093.328872,0.0,0.0,10598503187.620102,263391290.9622,1418906766.979659,0.0,1335150281.545723,332216791.553216,0.0,40108265.93049,106118544.323179,5666956205.788774,2795001528.178108,39491226.876538,136009501.455863,-377147976.7465,498064773.87627,75198992.495057,802279986.196305,274790860.243431,190167823.341478,24195208050.61989,2963.666828,102905.792041,111523.05816399999,224860968.097574,0.0,431948836.93537796
test0_DemLo_FuelLo_REcostLo_SitingOpen_BattMd_PolOBBBA,1,0,0,1,0,0,462.591648,4271.037641,0.0,0.0,0.0,0.0,15881.327262,2394.985844,12994.628099,0.0,51419.19153,0.0,42679.000111,142.0,405.8,0.0,24.4,4980.0,0.0,120.781574,5.0,1016973.789254,2244857.384128,0.0,0.0,0.0,0.0,0.0,-4442802.035144,4699895.594996,0.0,0.0,26018975.2911,53461706.475972,0.0,22432082.458431,218844.72,443412.0096,0.0,84268.204502,36290467.48176,0.0,63482.795419,-1908.495,53897.588569,53897.588569,0.0,0.0,12645966207.200542,222995257.632,2124730651.442202,0.0,1797789102.653888,1178867787.072398,0.0,87446442.959569,0.0,5572765911.949898,3740419402.849716,0.0,-0.0,0.0,483497840.607871,155269747.500684,587322994.751297,256802792.100978,229367423.376996,29083241562.09804,2922.387451,96435.234891,111454.235229,204221272.661446,0.0,405481260.95312697
test0_DemLo_FuelLo_REcostLo_SitingRef_BattHi_PolIRA,2,0,0,0,0,1,597.247052,2185.800774,0.0,1058.996492,2295.441442,8994.281676,7122.088792,1440.694334,12994.628099,6084.917618,48751.59507,0.0,42579.525413,142.0,405.8,0.0,24.4,4980.0,0.0,82.464972,5.0,313913.050742,1148856.886746,0.0,556608.556147,0.0,1206484.022043,4727394.448969,-1855979.811999,2159208.937868,0.0,0.0,25728515.7591,46100757.723629,0.0,22379798.556824,225507.36,443036.472,0.0,81121.212564,34651292.320212,0.0,43343.589259,-2053.26,69074.781329,69074.781329,0.0,0.0,9463779048.033098,497592799.93836,1472297260.428972,0.0,877894979.877467,584474211.956564,0.0,42216623.671109,108047265.634747,5590195534.688373,3373629848.87906,34519717.407563,143321150.587113,-658695296.131352,499879079.004722,106095449.234324,806973982.524751,274459149.932355,211969868.884816,23428650674.552044,2861.076316,93766.469822,119326.333651,205315705.29068002,0.0,435574684.679216
test0_DemLo_FuelLo_REcostLo_SitingRef_BattHi_PolOBBBA,2,0,0,1,0,1,560.321683,5189.678317,0.0,0.0,0.0,0.0,7964.118083,2799.905311,12994.628099,0.0,53660.775137,0.0,44247.827198,142.0,405.8,0.0,24.4,4980.0,0.0,409.183122,5.0,1088843.014556,2727694.923294,0.0,0.0,0.0,0.0,0.0,-2203578.705665,4196296.486833,0.0,0.0,25728515.7591,51087406.216345,0.0,23256657.97537,225507.36,443036.472,0.0,78892.925093,35687947.17096,0.0,215066.648871,-2053.26,63474.727632,63474.727632,0.0,0.0,14789589598.960949,468551327.328,3437479084.467004,0.0,4216309146.979321,1282892667.056066,0.0,89501166.670335,0.0,5622389102.320867,3708916064.366054,0.0,0.0,0.0,492483144.383743,136710378.975373,699819230.58621,253101334.374019,227486918.90449,35425229165.37243,2838.618635,85541.360953,120640.18048000001,184524854.32852998,0.0,426174032.50197
test0_DemLo_FuelLo_REcostLo_SitingRef_BattLo_PolIRA,0,0,0,0,0,1,320.59004,2998.40996,0.0,167.778678,2434.236385,7866.657959,23482.661517,1699.995621,12994.628099,5513.048592,41373.621136,0.0,39042.499907,142.0,405.8,0.0,24.4,4980.0,0.0,417.51424,5.0,350085.610704,1575964.274936,0.0,88184.473234,0.0,1279434.64394,4134715.423201,-6347825.379788,2736398.604636,0.0,0.0,25728515.7591,35704207.529609,0.0,20520737.951339,225507.36,443036.472,0.0,86686.626854,36536374.52136,0.0,219445.48477,-1936.98,63474.315478,63474.315478,0.0,0.0,9788595560.175903,812588673.01591,1531000288.745448,0.0,50436182.835937,598280926.429464,0.0,54617428.721397,97892833.230928,5560626579.954419,2916227118.7136,32892599.188709,123345259.418233,-672719403.256929,493407704.274686,87181805.17526,759558038.73624,273437432.514981,198539431.443185,22705908459.31737,2957.137733,103968.187323,108167.18827000001,228281806.626338,0.0,424609469.2828841
test0_DemLo_FuelLo_REcostLo_SitingRef_BattLo_PolOBBBA,0,0,0,1,0,1,677.589225,2271.410775,0.0,0.0,0.0,0.0,22498.471167,2788.75921,12994.628099,0.0,51906.719302,0.0,39181.496043,142.0,405.8,0.0,24.4,4980.0,0.0,358.047901,5.0,1603585.369422,1193853.503522,0.0,0.0,0.0,0.0,0.0,-6352310.064086,4362747.638635,0.0,0.0,25728515.7591,41403341.814935,0.0,20593794.320105,225507.36,443036.472,0.0,86686.626854,36536374.52136,0.0,188189.976505,-2053.26,60838.92077499999,60838.92077499999,0.0,0.0,14726015350.039854,0.0,2456242216.70764,0.0,3268504277.1154,1300607594.852872,0.0,66285105.636442,0.0,5464798807.911403,3143045584.380465,0.0,-0.0,0.0,480401909.08045,117916465.987214,704875194.843844,258731598.370065,199759824.194743,32187183929.12039,2854.206955,99134.567433,107917.281084,221982791.92138398,0.0,406277714.137174
test0_DemLo_FuelLo_REcostLo_SitingRef_BattMd_PolIRA,1,0,0,0,0,1,305.842566,2599.157434,0.0,89.28603,2275.43263,7576.635319,17210.777151,1456.855803,12994.628099,4910.10104,45642.710911,0.0,39519.641161,142.0,405.8,0.0,24.4,4980.0,0.0,80.472019,5.0,566540.835392,1366117.147327,0.0,46928.737263,0.0,1195967.390233,3982279.523592,-4594849.260302,2183430.584449,0.0,0.0,25728515.7591,37967449.307041,0.0,20771523.39428,225507.36,443036.472,0.0,86686.626854,36536374.52136,0.0,42296.093382,-1936.98,65938.21634300001,65938.21634300001,0.0,0.0,9071189347.725157,1202897259.196223,1217131496.427886,0.0,1058982201.041432,419576189.191577,0.0,45937218.991567,87186552.82225,5660125951.134076,2980645420.941039,32533071.101715,117590975.467358,-663456922.482606,499692901.709549,90841342.946174,782778286.702363,274546473.297171,195425256.569205,23073623022.78213,2881.756487,99995.64732799999,114998.168473,217061159.06333798,0.0,431376942.99305004
test0_DemLo_FuelLo_REcostLo_SitingRef_BattMd_PolOBBBA,1,0,0,1,0,1,525.90414,5224.09586,0.0,0.0,0.0,0.0,14960.859958,2787.377319,12994.628099,0.0,50768.119275,0.0,42020.42475,142.0,405.8,0.0,24.4,4980.0,0.0,383.693266,5.0,1113891.569553,2745784.783815,0.0,0.0,0.0,0.0,0.0,-4179257.28808,4177520.435,0.0,0.0,25728515.7591,45931754.600173,0.0,22085935.248704,225507.36,443036.472,0.0,86686.626854,36536374.52136,0.0,201669.180426,-2053.26,61510.71599699999,61510.71599699999,0.0,0.0,13816680071.01582,468551327.328,2723515324.67861,0.0,3140285428.822897,1230444980.408281,0.0,89657989.466746,0.0,5626287919.620179,3443139591.118315,0.0,-0.0,0.0,490208697.054106,130622393.350181,677621377.308151,256634806.88378,215799710.903565,32309449617.95864,2895.444679,92787.81847599999,115154.43205599999,206546866.53576198,0.0,411749169.65593094
test0_DemLo_FuelLo_REcostMd_SitingLim_BattHi_PolIRA,2,0,0,0,1,2,698.158512,6681.466506,0.0,0.0,0.0,0.0,7967.821154,2919.812624,12994.628099,0.0,40920.206729,0.0,55409.490053,142.0,405.8,6.0,24.4,4980.0,0.0,206.444379,420.703786,2215732.282952,3511778.795613,0.0,0.0,0.0,0.0,0.0,-2490392.350002,4560798.010338,0.0,0.0,30015915.9585,25388096.345066,0.0,29123227.972027,291965.064,443359.908,12336.552,96495.140131,37452257.35056,0.0,108507.165572,-249395.94656,53008.839131,53008.839131,0.0,0.0,18439730579.534145,113220306.273438,3986634389.83781,0.0,484242336.55513,987689909.787819,0.0,104616140.771079,0.0,6541748365.47311,3106458236.337542,0.0,0.0,-1975461076.668399,550340862.295958,109831345.30314,539443096.914125,276514546.328326,250069698.452451,33515078737.19567,3402.51595,94389.546254,136787.557428,204650238.257617,0.0,414148363.231199
test0_DemLo_FuelLo_REcostMd_SitingLim_BattHi_PolOBBBA,2,0,0,1,1,2,898.127277,6511.872723,0.0,0.0,0.0,0.0,7255.621641,3675.469422,12994.628099,0.0,41049.179501,0.0,55553.389371,142.0,405.8,6.0,24.4,4980.0,0.0,111.668205,5.0,2871769.152967,3422640.303251,0.0,0.0,0.0,0.0,0.0,-2374705.54707,6412880.837595,0.0,0.0,30015915.9585,25494911.486728,0.0,29198861.453383,291965.064,443359.908,12336.552,96495.140131,37452257.35056,0.0,58692.808609,-3088.959,51828.927102,51828.927102,0.0,0.0,15410479136.792631,80281988.95437,3646067692.311466,0.0,438912842.928511,783189045.139275,0.0,124134820.081718,0.0,6553370714.690333,3143614376.386244,0.0,-0.0,0.0,551174332.975899,124016782.828294,530915907.516312,275492146.886517,264732155.968064,31926381943.45964,3250.248196,92732.12554100002,137221.583341,201422520.504089,0.0,414426794.84878796
test0_DemLo_FuelLo_REcostMd_SitingLim_BattLo_PolIRA,0,0,0,0,1,2,647.83159,916.118561,0.0,0.0,0.0,0.0,33040.382369,2808.533645,12994.628099,0.0,39193.76087,0.0,41992.202486,142.0,405.8,0.0,24.4,4980.0,0.0,712.753004,5.0,3280875.714749,481511.915682,-0.0,0.0,0.0,0.0,0.0,-10318813.891255,14175214.127055,0.0,0.0,30015915.9585,20600240.713209,0.0,22071101.626494,251560.716474,443359.908,0.0,92473.380403,37085046.76656,0.0,374622.979155,-2210.481,46453.04958,46453.04958,0.0,0.0,16052236566.909426,0.0,2920557287.149482,0.0,65236315.428428,1036326683.433093,0.0,163685689.199419,0.0,6083529863.589602,2601712329.805224,0.0,-0.0,-2047752761.673818,521095061.071567,86477999.876827,482052972.809788,281821898.633173,279025821.691817,28526005727.924034,3115.39017,120715.63660299999,110885.78556700001,283044544.64823496,0.0,347245637.457672
test0_DemLo_FuelLo_REcostMd_SitingLim_BattLo_PolOBBBA,0,0,0,1,1,2,861.26868,0.0,0.0,0.0,0.0,0.0,32082.628028,3633.691927,12994.628099,0.0,39547.562853,0.0,42868.90506,142.0,405.8,0.0,24.4,4980.0,0.0,111.668205,5.0,4361805.655658,0.0,0.0,0.0,0.0,0.0,0.0,-9988459.008504,12593889.806249,0.0,0.0,30015915.9585,20786199.035795,0.0,22531896.499324,270443.544,443359.908,0.0,94212.484099,37204195.82256,0.0,58692.808609,-2210.481,46837.979557,46837.979557,0.0,0.0,16887946723.599516,0.0,3131121908.835397,0.0,0.0,1094140393.138288,0.0,139035938.954275,0.0,6099412213.44156,2592281875.744674,0.0,-0.0,0.0,522326339.37038,90660166.652653,484109359.027446,281775017.729081,265417817.027345,31588227753.52061,3013.804673,119490.566194,111778.48848199999,278888957.328903,0.0,351672493.986247
test0_DemLo_FuelLo_REcostMd_SitingLim_BattMd_PolIRA,1,0,0,0,1,2,556.280313,5106.478184,0.0,0.0,0.0,0.0,27108.002748,2891.730405,12994.628099,0.0,39329.450798,0.0,42884.336765,142.0,405.8,0.0,24.4,4980.0,0.0,140.244617,5.0,2817223.793167,2683964.933737,0.0,0.0,0.0,0.0,0.0,-8316352.452675,6953208.864519,0.0,0.0,30015915.9585,20671559.33924,0.0,22540007.403444,270443.544,443359.908,0.0,94212.484099,37204195.82256,0.0,73712.57056,-2210.481,47754.569893,47754.569893,0.0,0.0,17776678217.357883,0.0,2932833667.72816,0.0,24747996.652229,1099111910.851654,0.0,117423717.097726,0.0,6466194306.962852,2544414623.199836,0.0,-0.0,-2136397795.99754,534390797.359235,82896788.795378,492910670.579982,284607120.58026,221647619.709736,30441459640.8774,3156.637217,115263.727774,119793.013224,264258812.13184202,0.0,369439163.99348795
test0_DemLo_FuelLo_REcostMd_SitingLim_BattMd_PolOBBBA,1,0,0,1,1,2,754.564332,5248.572358,0.0,0.0,0.0,0.0,25636.55489,3630.819099,12994.628099,0.0,39144.745008,0.0,43232.107885,142.0,405.8,0.0,24.4,4980.0,0.0,111.668205,5.0,3496791.957785,2758649.631548,0.0,0.0,-0.0,-0.0,0.0,-7824203.799793,5855327.957848,0.0,0.0,30015915.9585,20574477.976077,0.0,22722795.904277,270443.544,443359.908,0.0,94212.484099,37204195.82256,0.0,58692.808609,-2210.481,47794.906251,47794.906251,0.0,0.0,18420137864.80575,26962557.602573,3160982996.698248,0.0,188242074.061837,1089077392.082805,0.0,107567365.585287,0.0,6498433913.177244,2548375721.06357,0.0,-0.0,0.0,535875676.820208,91264291.846349,493754175.381553,283526697.739771,213226340.252693,33657427067.117893,2923.630741,113259.69561499999,121324.90558299999,258894396.54314697,0.0,374445884.23111403
test0_DemLo_FuelLo_REcostMd_SitingOpen_BattHi_PolIRA,2,0,0,0,1,0,523.477083,2381.522917,0.0,0.0,447.004429,1838.189387,6295.714279,1345.481276,12994.628099,1142.897415,59392.062003,0.0,45857.637387,142.0,405.8,0.0,24.4,4980.0,0.0,81.51248,5.0,795395.624276,1251728.445356,0.0,0.0,0.0,234945.527636,966152.341797,-1542656.214994,6832294.357749,0.0,0.0,26018975.2911,64944558.57552,0.0,24102774.210543,218844.72,443412.0096,0.0,84268.204502,36290467.48176,0.0,42842.959356,-2021.256,63666.683154,63666.683154,0.0,0.0,16052742936.783504,126923967.11295,3041295878.54388,0.0,3726046865.069498,1252496923.36559,0.0,95357303.212523,20293937.953145,5935695864.173537,4288684868.429896,5774447.241054,27386852.443337,-596946362.606575,482951893.750037,151970172.065015,730954759.104175,255608536.871466,271131658.69326,35868370502.20629,2917.168004,89654.64702500001,115931.933933,182578101.382031,0.0,414884827.486591
test0_DemLo_FuelLo_REcostMd_SitingOpen_BattHi_PolOBBBA,2,0,0,1,1,0,1312.691525,4437.308475,0.0,0.0,0.0,0.0,5646.543276,3837.803878,12994.628099,0.0,61142.635738,0.0,42197.184258,142.0,405.8,0.0,24.4,4980.0,0.0,131.529679,5.0,3062614.938793,2332249.334235,0.0,0.0,0.0,0.0,0.0,-1585788.320381,19822775.426354,0.0,0.0,26018975.2911,68542675.121113,0.0,22178840.045963,218844.72,443412.0096,0.0,84268.204502,36290467.48176,0.0,69131.999373,-2021.256,57166.142758,57166.142758,0.0,0.0,16567352106.045868,33763839.056388,3193449932.90807,0.0,4974623978.725057,1379596962.325928,0.0,255426848.464444,0.0,6078966145.948286,4553826842.258844,-0.0,-0.0,0.0,465703847.30252,223536877.372159,652316149.548157,249383634.34236,389337758.893367,39017284923.19144,2775.241567,85780.831146,112532.124022,176271019.933788,0.0,399288893.54986495
test0_DemLo_FuelLo_REcostMd_SitingOpen_BattLo_PolIRA,0,0,0,0,1,0,372.359359,2946.640641,0.0,0.0,145.308762,731.562492,22961.949916,1658.940899,12994.628099,662.877012,53666.381502,0.0,39873.450514,142.0,405.8,0.0,24.4,4980.0,0.0,116.053214,5.0,1380202.46579,1548754.321053,0.0,-0.0,0.0,76374.285148,384509.245816,-6235083.844778,8825459.412295,0.0,0.0,26018975.2911,54771808.745022,0.0,20957485.590195,218844.72,443412.0096,0.0,84268.204502,36290467.48176,0.0,60997.569238,-1512.324,60139.15582300001,60139.15582300001,0.0,0.0,15953003381.02758,0.0,2907040372.740722,0.0,4032102382.394434,1464017029.473415,0.0,121230442.466742,11770422.063874,5880487327.356911,3752023484.948178,2161498.753283,10597811.092235,-816316178.030101,474990210.210227,123369458.441297,698017048.761896,261345396.598863,264213629.038344,35140053717.3379,2956.275443,104575.800861,102917.229777,224785026.0451,0.0,386274004.63950294
test0_DemLo_FuelLo_REcostMd_SitingOpen_BattLo_PolOBBBA,0,0,0,1,1,0,931.358907,4427.641093,0.0,0.0,0.0,0.0,21508.647575,3786.481808,12994.628099,0.0,55112.990654,0.0,37155.255062,142.0,405.8,0.0,24.4,4980.0,0.0,115.610246,5.0,3065836.046543,2327168.158578,0.0,0.0,0.0,0.0,0.0,-5881926.121119,19927103.23237,0.0,0.0,26018975.2911,53903747.104376,0.0,19528802.060469,218844.72,443412.0096,0.0,84268.204502,36290467.48176,0.0,60764.745557,-1512.324,55906.67081,55906.67081,0.0,0.0,17167762514.70743,0.0,3408287338.781516,0.0,5590511566.951286,1603090920.963678,0.0,255695229.459036,0.0,6012447774.676489,3832181839.996971,0.0,-0.0,0.0,466452043.506537,153222632.293596,645569992.32007,257960100.145472,361984040.698414,39755165994.500496,2775.908174,101354.40143,101579.564059,219946791.68679398,0.0,377574434.96476495
test0_DemLo_FuelLo_REcostMd_SitingOpen_BattMd_PolIRA,1,0,0,0,1,0,287.523256,2617.476744,0.0,0.0,266.191157,928.451505,16048.763652,1364.826373,12994.628099,870.245727,53963.964239,0.0,42859.666163,142.0,405.8,0.0,24.4,4980.0,0.0,1225.4,5.0,1065745.489902,1375745.776539,0.0,0.0,0.0,139910.07189,487994.111095,-4452732.698772,7247162.526763,0.0,0.0,26018975.2911,55220432.289329,0.0,22527040.535471,218844.72,443412.0096,0.0,84268.204502,36290467.48176,0.0,644070.24,-2021.256,58906.081505,58906.081505,0.0,143027.825343,19667988392.433395,825521.73732,3401316832.838738,0.0,3692071120.020096,1656868775.870851,0.0,101888597.054789,15452579.165785,5970796217.163333,3881560674.659104,3096662.837441,14206841.936668,-671636297.636754,489456779.487069,122767169.299293,670947172.776914,261616071.789417,255314462.38454,39534680601.64333,3189.280377,98178.665647,112397.88163399999,200989936.851238,0.0,407547644.135704
test0_DemLo_FuelLo_REcostMd_SitingOpen_BattMd_PolOBBBA,1,0,0,1,1,0,914.134936,4887.919581,0.0,0.0,0.0,0.0,14223.686796,3817.9302,12994.628099,0.0,55953.024516,0.0,41156.952871,142.0,405.8,0.0,24.4,4980.0,0.0,115.610246,5.0,2784297.534728,2569090.53203,0.0,0.0,0.0,0.0,0.0,-3879532.507256,19816051.7074,0.0,0.0,26018975.2911,58179274.741368,0.0,21632094.429185,218844.72,443412.0096,0.0,84268.204502,36290467.48176,0.0,60764.745557,-2021.256,55689.20935399999,55689.20935399999,0.0,0.0,18250721698.571312,0.0,3350306393.765368,0.0,5542467343.951573,1573520511.304994,0.0,259055021.900377,0.0,6093376694.656658,4124300033.36252,0.0,-0.0,0.0,469979806.741633,174267024.909004,627642963.748512,254653694.757873,375030827.572836,41095322015.24266,2902.172201,93900.121386,107477.536804,196861744.440315,0.0,391926597.268898
test0_DemLo_FuelLo_REcostMd_SitingRef_BattHi_PolIRA,2,0,0,0,1,1,570.029816,2334.970184,0.0,29.26089,942.972328,2617.095369,6408.710053,1411.032366,12994.628099,1743.816418,58026.453468,0.0,45697.310573,142.0,405.8,0.0,24.4,4980.0,0.0,80.662905,5.0,1130932.414373,1227260.328969,0.0,15379.523742,0.0,495626.255545,1375545.325747,-1651110.320849,7603391.15549,0.0,0.0,25728515.7591,60471153.452771,0.0,24018506.437339,225507.36,443036.472,0.0,86686.626854,36536374.52136,0.0,42396.422864,-2053.26,66603.95615900001,66603.95615900001,0.0,0.0,16453230325.677568,126923967.11295,3486009224.481038,0.0,4028732588.618001,1156305844.407752,0.0,103527630.049719,30964198.287607,5932344006.109696,4125645698.722191,12637214.078197,42058434.125645,-599058220.99304,496414292.37101,134219598.013382,777016544.568936,255301833.197966,274535817.056947,36836808995.88556,2863.343241,87592.07678,116971.434699,185502230.311666,0.0,418278454.24988896
test0_DemLo_FuelLo_REcostMd_SitingRef_BattHi_PolOBBBA,2,0,0,1,1,1,959.883315,4928.957732,0.0,0.0,0.0,0.0,7057.323907,3743.447305,12994.628099,0.0,60065.938562,0.0,42163.527774,142.0,405.8,6.0,24.4,4980.0,0.0,45.476721,5.0,2446086.738509,2590660.18379,0.0,0.0,0.0,0.0,0.0,-1918071.918898,17700257.652587,0.0,0.0,25728515.7591,63085900.936631,0.0,22161150.197832,225507.36,443036.472,9528.48,86686.626854,36536374.52136,0.0,23902.56471,-2053.26,62519.187354,62519.187354,0.0,0.0,19104619240.40212,0.0,3890459063.103061,0.0,6339945989.526602,1508601010.748972,0.0,236117123.187541,0.0,6087741069.273062,4303669130.181806,0.0,0.0,0.0,475327252.946865,190022124.81012,713974362.738422,249915781.393404,363743141.651427,43464135289.963394,2864.517286,83571.041272,114488.69872,178425343.71472,0.0,406304273.55750805
test0_DemLo_FuelLo_REcostMd_SitingRef_BattLo_PolIRA,0,0,0,0,1,1,378.50911,2925.718387,0.0,0.0,138.643425,1082.902243,23817.968512,1733.694528,12994.628099,723.990101,51982.830441,0.0,39895.606963,142.0,405.8,0.0,24.4,4980.0,0.0,82.976238,5.0,1423937.646263,1537757.584342,0.0,0.0,0.0,72870.98407,569173.419035,-6706413.268425,9407662.775533,0.0,0.0,25728515.7591,49515404.371849,0.0,20969131.019927,225507.36,443036.472,0.0,86686.626854,36536374.52136,0.0,43612.310645,-1536.732,63683.807529,63683.807529,0.0,0.0,17043486187.298302,0.0,3478867379.483602,0.0,4654648152.678516,1442493763.04662,0.0,127704056.928709,12855580.89944,5866360469.448405,3559168082.499082,2237044.4084,14979986.199065,-923593577.504545,489087540.956662,103901978.030585,751356356.523753,260330329.823543,264247533.52779,37148130864.247925,2866.30444,102149.95573799999,104314.76425600001,227483417.337221,0.0,390904975.6117731
test0_DemLo_FuelLo_REcostMd_SitingRef_BattLo_PolOBBBA,0,0,0,1,1,1,545.550298,0.0,0.0,0.0,0.0,0.0,24236.897681,1862.919929,12994.628099,0.0,52617.194002,0.0,42510.980114,142.0,405.8,0.0,24.4,4980.0,0.0,103.26102,5.0,2052340.583099,0.0,0.0,0.0,0.0,0.0,0.0,-6789160.65671,10108456.890102,0.0,0.0,25728515.7591,59695952.540355,0.0,22343771.14814,229452.972,443036.472,0.0,86872.645597,36559199.32776,0.0,54273.992297,-1536.732,60208.754847,60208.754847,0.0,0.0,12039001156.373686,0.0,3151968756.992759,0.0,5218487660.273365,535956912.845649,0.0,111596878.860798,0.0,5674909659.827013,4024395082.588958,0.0,0.0,0.0,476251284.192691,137699991.79142,695114165.68507,259009581.705729,283958404.03437,32608349535.17151,3076.974819,102473.587994,99930.99974800002,229600751.58521998,0.0,374603369.12423
test0_DemLo_FuelLo_REcostMd_SitingRef_BattMd_PolIRA,1,0,0,0,1,1,361.905965,2543.094035,0.0,0.0,352.552882,2156.683954,16012.203406,1494.06103,12994.628099,1651.050045,56342.736915,0.0,41297.438479,142.0,405.8,0.0,24.4,4980.0,0.0,82.976238,5.0,1206077.767886,1336650.224925,0.0,0.0,0.0,185301.794664,1133553.08626,-4497640.211148,8098300.834304,0.0,0.0,25728515.7591,51784945.011484,0.0,21705933.664412,225507.36,443036.472,0.0,86686.626854,36536374.52136,0.0,43612.310645,-2053.26,64727.183931,64727.183931,0.0,0.0,19558620953.33038,0.0,4192452329.121948,0.0,5792137544.896368,1583585050.959949,0.0,110632586.696369,29316985.693083,5964113448.628394,3656415588.886418,5771303.195421,30541167.51477,-721438917.70573,496897573.131742,102166684.393772,751677191.620843,260227045.997515,257738667.205713,42070855203.56696,2895.710059,95922.39559200002,111251.80924100001,204133542.836486,0.0,411896125.1383021
test0_DemLo_FuelLo_REcostMd_SitingRef_BattMd_PolOBBBA,1,0,0,1,1,1,829.870204,4920.129796,0.0,0.0,0.0,0.0,14212.023975,3695.488366,12994.628099,0.0,57576.917569,0.0,40312.002568,142.0,405.8,0.0,24.4,4980.0,0.0,121.797804,5.0,2805245.386247,2586020.22055,0.0,0.0,0.0,0.0,0.0,-4044936.672244,19257387.548916,0.0,0.0,25728515.7591,55746914.282552,0.0,21187988.549909,225507.36,443036.472,0.0,86686.626854,36536374.52136,0.0,64016.925865,-2053.26,60628.984964,60628.984964,0.0,0.0,19229456044.334755,0.0,3552582567.687734,0.0,6139843734.006861,1553316987.598275,0.0,253286267.206787,0.0,6073514577.669547,3992841009.158388,0.0,1e-06,0.0,472949723.965094,148162207.903741,699684508.964537,252979276.344457,364810882.121302,42733427786.96148,2909.358881,90987.12641699999,107829.23652100001,197465332.734718,0.0,396361303.155337
test0_DemLo_FuelMd_REcostHi_SitingLim_BattHi_PolIRA,2,0,1,0,2,2,689.362884,4697.092812,0.0,0.0,0.0,0.0,4294.252774,2465.984536,12994.628099,0.0,78422.316237,0.0,36901.053184,142.0,405.8,0.0,24.4,4980.0,0.0,1070.7,5.0,1367141.34518,2468791.982159,0.0,0.0,0.0,0.0,0.0,-1340379.329931,1296121.472152,0.0,0.0,30015915.9585,269310709.903698,0.0,21973865.536235,299130.384,443359.908,0.0,94477.848811,37170496.608662,0.0,617273.037868,-2363.688,37166.431151,37166.431151,0.0,0.0,6504467716.562738,389497585.698348,113652236.742354,0.0,0.0,0.0,0.0,52315712.248055,0.0,5545034100.392893,6417933177.196608,0.0,0.0,-486527009.717067,331778491.605427,357965251.383548,387731630.052665,219115442.147555,558645742.931339,20391610077.244465,2878.352722,77485.507572,71965.263045,162209404.275281,0.0,220870618.303334
test0_DemLo_FuelMd_REcostHi_SitingLim_BattHi_PolOBBBA,2,0,1,1,2,2,1333.409031,832.104056,0.0,0.0,0.0,0.0,2567.96015,1808.780237,12994.628099,0.0,101557.405796,2107.497337,21011.834897,142.0,405.8,0.0,24.4,4980.0,0.0,1063.099641,5.0,700839.786847,437353.891712,0.0,0.0,-0.0,0.0,0.0,-778600.046453,950694.892821,0.0,0.0,30015915.9585,376102409.781816,1107700.600369,14558229.053338,299130.384,443359.908,0.0,95021.401147,37348142.788225,0.0,674864.687111,-2443.272,34478.6,34478.6,0.0,0.0,8165362930.534468,2465539511.10014,590287073.140414,0.0,0.0,206570118.423666,0.0,21568471.978258,0.0,4909687293.65796,8305555196.898427,0.0,0.0,0.0,242687920.486272,367560795.223674,375947903.342,181576440.40488,723200312.671512,26555543967.861668,2530.625346,57110.47927,52614.307096000004,121563262.97452,0.0,163311140.78826398
test0_DemLo_FuelMd_REcostHi_SitingLim_BattLo_PolIRA,0,0,1,0,2,2,206.999437,1991.159982,0.0,0.0,0.0,0.0,20961.588996,1346.990651,12994.628099,0.0,67456.10418,0.0,35306.586369,142.0,405.8,0.0,24.4,4980.0,0.0,1063.040925,5.0,1030519.373653,1046553.686616,0.0,0.0,0.0,0.0,0.0,-6363814.943896,707978.286294,0.0,0.0,30015915.9585,256264173.100648,0.0,19405555.046981,299130.384,443359.908,0.0,105434.489491,38433223.483707,0.0,585096.664213,-1135.308,34538.298541,34538.298541,0.0,0.0,7507466738.213391,3976792037.92892,424354428.891765,0.0,0.0,213162628.341955,0.0,23709873.892545,0.0,5334392309.201412,6097919310.015303,0.0,-0.0,-302903438.563572,340124896.63677,130463688.960791,376151435.966818,220234364.452154,597373339.97619,24939241613.91444,2768.241831,89828.44482300001,67126.108171,192760273.143255,0.0,212091322.061281
test0_DemLo_FuelMd_REcostHi_SitingLim_BattLo_PolOBBBA,0,0,1,1,2,2,266.553605,2251.852574,0.0,0.0,0.0,0.0,17662.950457,1891.38745,12994.628099,0.0,95296.688087,1802.779775,12021.286978,142.0,405.8,0.0,24.4,4980.0,0.0,1026.514553,5.0,1327001.936188,1183573.712808,0.0,-0.0,0.0,0.0,0.0,-5245133.341758,994113.243981,0.0,0.0,30015915.9585,359075458.30536,947541.049652,7408588.549707,299130.384,443359.908,0.0,105434.489491,38501081.00316,0.0,539536.049056,-1135.308,34478.6,34478.6,0.0,0.0,14917286915.662209,1396989146.756,2253120429.65918,0.0,0.0,950904504.451283,0.0,32717591.33648,0.0,4928337037.638635,7796227219.417806,0.0,0.0,0.0,249075951.79132,172616380.459301,375947903.342,188901249.819816,693054071.788054,33955178402.12209,2516.8745,68342.02667199999,49014.721477,155616678.887655,0.0,154731037.260131
test0_DemLo_FuelMd_REcostHi_SitingLim_BattMd_PolIRA,1,0,1,0,2,2,1005.959218,4374.395212,0.0,0.0,0.0,0.0,10480.150099,2459.605332,12994.628099,0.0,75483.272074,0.0,34795.53481,142.0,405.8,0.0,24.4,4980.0,0.0,1107.9,5.0,992902.679472,2299182.123592,0.0,0.0,0.0,0.0,0.0,-3235458.527445,1292768.562551,0.0,0.0,30015915.9585,278841647.16264,0.0,18288533.096194,299130.384,443359.908,0.0,95113.580083,37342105.326983,0.0,701922.919644,-1173.288,36528.028065,36528.028065,0.0,0.0,5807062086.748248,520843051.782714,22028325.736158,0.0,0.0,0.0,0.0,49729452.983955,0.0,5520359704.976006,6527825124.986258,0.0,0.0,-418437062.377974,322592772.40819,219745132.419882,391916269.249614,219403732.221679,608630004.680536,19791698595.81527,2771.14813,77780.464597,69307.21625700001,164927288.565177,0.0,214743401.097447
test0_DemLo_FuelMd_REcostHi_SitingLim_BattMd_PolOBBBA,1,0,1,1,2,2,289.757681,2592.280434,0.0,0.0,0.0,0.0,12810.442887,1845.471395,12994.628099,0.0,98446.704101,2342.290585,14694.794312,142.0,405.8,0.0,24.4,4980.0,0.0,1070.561825,5.0,1442520.368761,1362502.596039,0.0,0.0,0.0,0.0,0.0,-3671165.219294,969979.765109,0.0,0.0,30015915.9585,360314861.111199,1231107.931482,8575934.074285,299130.384,443359.908,0.0,105434.489491,38501081.00316,0.0,633104.546574,-3012.045,34684.314831,34684.314831,0.0,0.0,11946428005.636543,646530828.36222,1454215724.231639,0.0,0.0,330300661.917834,0.0,36341120.454326,0.0,5051983415.657228,7848708048.082788,0.0,-0.0,0.0,250543791.237157,206641279.771578,377668609.163857,193307139.119817,665021880.845131,29007690504.48012,2458.328674,63762.810360999996,53034.141868000006,140402417.70195898,0.0,165865131.248213
test0_DemLo_FuelMd_REcostHi_SitingOpen_BattHi_PolIRA,2,0,1,0,2,0,1012.436757,2550.081265,0.0,0.0,0.0,0.0,4278.883956,2662.404063,12994.628099,0.0,86742.028077,0.0,31227.749842,142.0,405.8,0.0,24.4,4980.0,0.0,1023.609018,5.0,532136.759495,1340322.713026,0.0,0.0,0.0,0.0,0.0,-1093569.477791,1399359.575631,0.0,0.0,26018975.2911,272756989.218199,0.0,16413305.316784,299184.912,443412.0096,0.0,105973.421951,38602825.014677,0.0,538008.900026,-2201.391,35990.177481,35990.177481,0.0,0.0,7544981589.958006,0.0,532102606.458692,0.0,0.0,543191845.189971,0.0,35394882.676351,0.0,5297456817.042868,6236618209.742928,0.0,-0.0,-150556765.640238,319029314.062723,276594326.674047,390886630.660142,205305243.425476,479604322.8282,21710609023.079163,2636.384166,64219.404349,67492.811911,134741167.607663,0.0,258289768.645548
test0_DemLo_FuelMd_REcostHi_SitingOpen_BattHi_PolOBBBA,2,0,1,1,2,0,1822.976538,3047.521008,0.0,0.0,0.0,0.0,2659.64199,3525.640787,12994.628099,0.0,93539.632436,3075.90474,23934.090858,142.0,405.8,0.0,24.4,4980.0,0.0,1106.4,5.0,1130916.711711,1601777.042017,0.0,0.0,0.0,0.0,0.0,-880803.045058,1853076.797416,0.0,0.0,26018975.2911,310419073.73931,1616695.53115,14856883.700849,299184.912,443412.0096,0.0,112223.032138,39005574.635888,0.0,759091.632338,-3041.102826,36226.583038,36226.583038,0.0,0.0,10811050054.863882,118991907.468846,1422993157.510511,0.0,569062181.007968,710975510.020384,0.0,51160573.185561,0.0,5239877095.860585,7027154034.378121,0.0,-0.0,0.0,275636092.641097,248114602.472914,390172301.487816,185001113.298026,573152407.674734,27623341031.87045,2488.179911,53802.25124,59315.469501,114891439.37562901,0.0,238292289.459609
test0_DemLo_FuelMd_REcostHi_SitingOpen_BattLo_PolIRA,0,0,1,0,2,0,1197.835561,435.0,0.0,0.0,0.0,0.0,17009.831195,2665.374369,12994.628099,0.0,76999.278655,0.0,29574.272568,142.0,405.8,0.0,24.4,4980.0,0.0,1023.609018,5.0,629582.370809,228636.0,0.0,0.0,0.0,0.0,0.0,-3833038.207285,1400920.768567,0.0,-0.0,26018975.2911,261674356.180762,0.0,15544237.661711,299184.912,443412.0096,0.0,112223.032138,39257275.16682,0.0,538008.900026,-758.4,35614.651998,35614.651998,0.0,0.0,8012167489.881125,43125999.251004,744059453.279779,0.0,0.0,600127448.507635,0.0,18530490.061495,0.0,5218846125.741631,6024445664.273155,0.0,-0.0,-329841859.692388,324124887.011255,155813229.890107,386324158.184642,209255406.01998,525820450.708933,21932798943.11836,2672.14161,68332.14211799999,68301.143631,146967350.723646,0.0,261041815.742991
test0_DemLo_FuelMd_REcostHi_SitingOpen_BattLo_PolOBBBA,0,0,1,1,2,0,1386.162411,3047.521008,0.0,0.0,0.0,0.0,14396.276279,3525.640787,12994.628099,0.0,92459.88506,3077.150615,13823.824351,142.0,405.8,0.0,24.4,4980.0,0.0,1106.4,5.0,728566.963226,1601777.042017,0.0,0.0,0.0,0.0,0.0,-4272451.239501,1853076.797416,0.0,0.0,26018975.2911,294356807.611159,1617350.363219,7265802.079145,299184.912,443412.0096,0.0,112223.032138,39257275.16682,0.0,630926.66444,-592.737,35868.997585,35868.997585,0.0,0.0,11101896621.594517,43125999.251004,1256345629.069692,0.0,531046122.039244,836742137.733194,0.0,51163251.267336,0.0,5313234859.710898,6457909702.057328,0.0,-0.0,0.0,290487703.191429,171032068.899146,387577911.752336,196565208.975271,485433850.110608,27122561065.652,2413.810882,64210.396194999994,59353.321733000004,141947058.227282,0.0,238604116.62385702
test0_DemLo_FuelMd_REcostHi_SitingOpen_BattMd_PolIRA,1,0,1,0,2,0,1021.145251,2548.305445,0.0,0.0,0.0,0.0,13637.59859,2663.511701,12994.628099,0.0,81565.863634,0.0,30960.320901,142.0,405.8,0.0,24.4,4980.0,0.0,1023.609018,5.0,536713.944125,1339389.34201,0.0,0.0,0.0,0.0,0.0,-2615081.406095,1399941.750237,0.0,0.0,26018975.2911,272047936.468867,0.0,16272744.665487,299184.912,443412.0096,0.0,112223.032138,39257275.16682,0.0,538008.900026,-592.737,36023.81414,36023.81414,0.0,0.0,6969621820.769884,161063481.31029,307241117.924628,0.0,0.0,535677174.364137,0.0,35387031.609335,0.0,5309320471.481994,6262393419.001778,0.0,-0.0,-185972065.312198,319782497.748805,163913699.919475,390631738.938905,208551910.506613,525012024.987584,21002624323.25123,2649.856394,63792.975579000005,67623.849416,135369900.08082402,0.0,259289280.127532
test0_DemLo_FuelMd_REcostHi_SitingOpen_BattMd_PolOBBBA,1,0,1,1,2,0,1353.107693,3047.521008,0.0,0.0,0.0,0.0,11943.81334,3525.640787,12994.628099,0.0,96021.203005,3077.103643,14641.491642,142.0,405.8,0.0,24.4,4980.0,0.0,1106.4,5.0,760587.893506,1601777.042017,0.0,0.0,0.0,0.0,0.0,-3219517.0194,1853076.797416,0.0,0.0,26018975.2911,303530917.083523,1617325.674561,7695568.007219,299184.912,443412.0096,0.0,112223.032138,39257275.16682,0.0,628474.986536,-2148.74325,36055.281469,36055.281469,0.0,0.0,11802743618.295704,0.0,1456283430.055519,0.0,592916791.463069,839674985.458395,0.0,51163150.297565,0.0,5336755082.928057,6643504518.024149,-0.0,-0.0,0.0,284616373.342155,177413551.158587,389136087.024882,194103740.976571,487275287.770638,28255586616.79529,2393.422284,59457.640887,59787.147514000004,129546038.61626801,0.0,240248303.292589
test0_DemLo_FuelMd_REcostHi_SitingRef_BattHi_PolIRA,2,0,1,0,2,1,760.972986,527.998747,0.0,0.0,0.0,0.0,10218.07101,1727.122982,12994.628099,0.0,87771.869073,0.0,32339.837484,142.0,405.8,0.0,24.4,4980.0,0.0,1023.740107,5.0,399967.401335,277516.141481,0.0,0.0,0.0,0.0,0.0,-1020876.759264,907775.839183,0.0,0.0,25728515.7591,271898551.788438,0.0,16997818.581595,299120.16,443036.472,0.0,100641.173272,38057539.61592,0.0,538077.800113,-1821.921,38474.303814,38474.303814,0.0,0.0,7435197289.147274,0.0,590217475.412461,0.0,0.0,436367263.448847,0.0,14236265.406092,0.0,5208551642.889526,6189673303.645379,0.0,-0.0,-94042370.427581,326478776.939081,341016960.052559,424156770.590624,209689698.213385,451980736.245192,21533523811.56284,2600.751638,68548.518334,67217.027478,146814930.860457,0.0,249588674.19725898
test0_DemLo_FuelMd_REcostHi_SitingRef_BattHi_PolOBBBA,2,0,1,1,2,1,855.474447,888.233186,0.0,0.0,0.0,0.0,9476.808548,1981.546311,12994.628099,0.0,99755.774045,2805.574486,17702.419922,142.0,405.8,0.0,24.4,4980.0,0.0,1027.239253,5.0,449637.369584,466855.362377,0.0,0.0,0.0,0.0,0.0,-1407878.541477,1041500.740821,0.0,0.0,25728515.7591,315928543.042968,1474609.949957,10043355.301352,299120.16,443036.472,0.0,103646.374349,38363141.72268,0.0,541571.400515,-2293.371,35840.245502,35840.245502,0.0,0.0,8603281655.129776,102542871.07971,743470362.694726,0.0,0.0,491721323.821657,0.0,24538359.960271,0.0,5110904996.490702,6899891099.640662,0.0,0.0,0.0,286901883.856955,199455835.034725,387337414.379748,193755245.772578,493073166.54027,23536874214.401787,2391.371429,52266.58307,65728.461873,111684523.28275701,0.0,245576113.969552
test0_DemLo_FuelMd_REcostHi_SitingRef_BattLo_PolIRA,0,0,1,0,2,1,349.880663,2164.119337,0.0,0.0,0.0,0.0,10419.249329,1852.551889,12994.628099,0.0,76291.499219,0.0,36870.603786,142.0,405.8,0.0,24.4,4980.0,0.0,1023.740107,5.0,709624.232299,1137461.123346,0.0,0.0,0.0,0.0,0.0,-2841862.868646,973701.272724,0.0,0.0,25728515.7591,265344552.311721,0.0,19379189.349838,299120.16,443036.472,0.0,109452.443179,38730721.335302,0.0,538077.800113,-2113.113,38501.547647,38501.547647,0.0,0.0,8039276020.777784,102542871.07971,555629851.639171,0.0,0.0,513341316.533226,0.0,28022356.032775,0.0,5145960048.007329,6237127977.138906,0.0,-0.0,-114958516.627004,321871464.377746,168216975.080732,424451215.620535,204327862.067777,548538304.096431,22174347745.82512,2923.185035,67656.94555199999,66433.833755,146232896.572394,0.0,254413249.95660198
test0_DemLo_FuelMd_REcostHi_SitingRef_BattLo_PolOBBBA,0,0,1,1,2,1,718.383789,2611.203663,0.0,0.0,0.0,0.0,10038.420901,2045.273528,12994.628099,0.0,98995.950282,2233.27836,13464.37106,142.0,405.8,0.0,24.4,4980.0,0.0,1028.217434,5.0,377582.519334,1372448.64548,0.0,0.0,0.0,0.0,0.0,-3152004.923133,1074995.766234,0.0,0.0,25728515.7591,311271236.329666,1173811.106145,7076873.42913,299120.16,443036.472,0.0,109452.443179,38953543.23468,0.0,540431.083458,-2003.7495,36067.70851,36067.70851,0.0,0.0,9409244252.692673,1054425.40956,919799545.073063,0.0,0.0,668390199.475167,0.0,37984922.013493,0.0,5105168401.582914,6731439853.712042,0.0,0.0,0.0,288910480.102173,169657956.823677,389240033.256127,190984495.475095,478771906.83727,24390646472.45325,2463.908094,58727.97061,60632.836515,130849618.610449,0.0,234395587.03450298
test0_DemLo_FuelMd_REcostHi_SitingRef_BattMd_PolIRA,1,0,1,0,2,1,447.608191,2066.391809,0.0,0.0,0.0,0.0,7598.502511,1709.149375,12994.628099,0.0,79180.125724,0.0,37005.864071,142.0,405.8,0.0,24.4,4980.0,0.0,1023.740107,5.0,523995.949095,1086095.534988,0.0,0.0,0.0,0.0,0.0,-2002478.062591,898328.911294,0.0,0.0,25728515.7591,263367067.51994,0.0,19450282.155581,299120.16,443036.472,0.0,103924.558709,38393427.10896,0.0,538077.800113,-2458.24575,39461.555403,39461.555403,0.0,0.0,7342363156.947273,0.0,607947548.250329,0.0,0.0,409491682.834777,0.0,26410415.875831,0.0,5197342059.342724,6159990384.782808,0.0,-0.0,-119200109.094495,323453240.82987,228493081.04704,431300123.114972,206514744.696711,518063746.682268,21332170075.310104,2876.491936,68638.413658,66932.619187,148346606.47059,0.0,253844404.46821702
test0_DemLo_FuelMd_REcostHi_SitingRef_BattMd_PolOBBBA,1,0,1,1,2,1,521.363593,2427.636407,0.0,0.0,0.0,0.0,6880.70303,2047.350398,12994.628099,0.0,98959.235069,2842.173763,16469.465795,142.0,405.8,0.0,24.4,4980.0,0.0,1027.239253,5.0,654781.997775,1275965.695508,0.0,0.0,0.0,0.0,0.0,-2097297.423674,1076087.368945,0.0,0.0,25728515.7591,310545349.332761,1493846.529572,8656351.221743,299120.16,443036.472,0.0,109452.443179,38782936.091959,0.0,539916.951388,-2005.7985,36116.107862,36116.107862,0.0,0.0,8688878674.1413,16449036.389136,887886711.232224,0.0,0.0,529218622.014268,0.0,37287140.522568,0.0,5132333226.573,6769562531.632698,0.0,-0.0,0.0,286411952.663016,171692133.504099,389644870.603614,191286001.982835,478035536.707627,23578686437.96639,2521.255241,53811.91586,64078.192911,116471589.96021199,0.0,246598896.15271598
test0_DemLo_FuelMd_REcostLo_SitingLim_BattHi_PolIRA,2,0,1,0,0,2,1148.524466,28.290044,0.0,0.0,0.0,0.0,4188.864728,1053.509569,12994.628099,0.0,46088.908385,0.0,65467.986585,142.0,405.8,0.0,24.4,4980.0,0.0,592.886603,5.0,603664.459489,14869.24692,0.0,0.0,0.0,0.0,0.0,-1276998.674446,553724.6296,0.0,0.0,30015915.9585,97084302.992593,0.0,34409973.749121,295117.464,443359.908,0.0,97509.882175,37624972.816577,0.0,311621.198755,-2431.581,43895.833781,43895.833781,0.0,0.0,11659564982.486374,27417826.30892,2264276808.373646,0.0,0.0,626327493.597746,0.0,6303995.810256,0.0,5235803197.081433,3204564663.160546,0.0,-0.0,-893332987.675142,446316997.990947,305991899.154966,459736071.133691,247207699.205312,315687050.459671,23905865697.088364,3556.505403,94831.19783700001,101992.785612,212288272.740948,0.0,335952268.882273
test0_DemLo_FuelMd_REcostLo_SitingLim_BattHi_PolOBBBA,2,0,1,1,0,2,1041.265175,4568.704868,0.0,0.0,0.0,0.0,4270.882327,2989.398837,12994.628099,0.0,58382.015485,0.0,49096.822224,142.0,405.8,0.0,24.4,4980.0,0.0,1070.7,5.0,2011433.827506,2401311.278625,0.0,0.0,0.0,0.0,0.0,-1379219.560438,1571228.028814,0.0,0.0,30015915.9585,135338135.449054,0.0,25805289.761119,295117.464,443359.908,0.0,96747.837559,37021107.69737,0.0,562759.92,-3088.959,42220.318801,42220.318801,0.0,0.0,12916029108.089218,99825512.99526,2520655282.474286,0.0,0.0,644888784.88174,0.0,53671104.187816,0.0,5345070324.702281,3782962226.781372,0.0,0.0,0.0,410561806.652392,300303638.857714,422859230.91363,237615616.14357,337659176.334096,27072101813.01338,3012.884069,88234.62036,94149.900912,200958271.210604,0.0,312799628.592279
test0_DemLo_FuelMd_REcostLo_SitingLim_BattLo_PolIRA,0,0,1,0,0,2,563.697637,1841.778555,0.0,0.0,0.0,0.0,28323.622077,1042.790751,12994.628099,0.0,41604.140314,0.0,47056.404478,142.0,405.8,0.0,24.4,4980.0,0.0,100.389785,5.0,296279.477782,968038.808261,0.0,0.0,0.0,0.0,0.0,-8940033.555378,548090.818527,0.0,0.0,30015915.9585,85183416.506185,0.0,24732846.193876,299130.384,443359.908,0.0,102799.555891,37532574.455567,0.0,52764.871184,-2475.576,42536.888332,42536.888332,0.0,0.0,12238779377.019836,0.0,2111505911.828121,0.0,246114106.530472,830331879.384587,0.0,20695939.148948,0.0,5312053340.340735,2689276465.79816,0.0,-0.0,-876616693.366103,448681454.603088,107679123.408641,455299900.540144,258126368.239985,264319638.496679,24106246811.973293,3209.177147,112998.022165,92210.12625,267264023.187181,0.0,310170474.92985004
test0_DemLo_FuelMd_REcostLo_SitingLim_BattLo_PolOBBBA,0,0,1,1,0,2,1734.579491,478.928302,0.0,0.0,0.0,0.0,31967.05024,2874.609677,12994.628099,0.0,54630.153309,0.0,30241.103226,142.0,405.8,0.0,24.4,4980.0,0.0,1070.7,5.0,911694.980271,251724.715449,0.0,0.0,0.0,0.0,0.0,-10235570.073702,1510894.846467,0.0,0.0,30015915.9585,120404786.636072,-0.0,15894723.855505,299130.384,443359.908,0.0,96073.418023,37420254.119404,0.0,562759.92,-3164.604,39727.366434,39727.366434,0.0,0.0,14761313142.266504,0.0,2786203517.944886,0.0,220423658.186618,1028292167.545646,0.0,20132516.996275,0.0,5248527076.007677,3133415772.346004,-0.0,0.0,0.0,416174262.626256,84849636.634787,416141909.854538,249630668.301979,263700323.657778,28628804652.36896,2911.128852,110193.052904,83334.424028,265702889.116862,0.0,284423818.51047504
test0_DemLo_FuelMd_REcostLo_SitingLim_BattMd_PolIRA,1,0,1,0,0,2,630.238172,1482.284475,0.0,0.0,0.0,0.0,10602.404931,1043.10078,12994.628099,0.0,45084.609099,0.0,59651.143822,142.0,405.8,0.0,24.4,4980.0,0.0,101.379477,5.0,331253.183011,779088.720132,0.0,0.0,0.0,0.0,0.0,-3005415.403942,548253.769998,0.0,0.0,30015915.9585,90695215.997351,0.0,31352641.192718,291965.064,443359.908,0.0,97038.692467,37581720.46056,0.0,53285.05306,-2399.931,43743.276529,43743.276529,0.0,0.0,12255447084.285295,47272393.236872,2236360856.247258,0.0,0.0,623512619.702244,0.0,17849365.135156,0.0,5320066390.590652,2984151738.613309,0.0,-0.0,-767941460.261102,447553561.329252,214226657.978033,457005190.601059,249947830.450328,297134245.012676,24382586472.92103,3422.178656,98058.391436,102586.88652999999,223882770.530231,0.0,335137968.776399
test0_DemLo_FuelMd_REcostLo_SitingLim_BattMd_PolOBBBA,1,0,1,1,0,2,1130.74405,4479.225993,0.0,0.0,0.0,0.0,6096.127281,2851.159637,12994.628099,0.0,58096.669051,0.0,47675.196047,142.0,405.8,0.0,24.4,4980.0,0.0,1070.7,5.0,1288979.464938,2354281.181922,0.0,0.0,0.0,0.0,0.0,-1822519.077772,1498569.505078,0.0,0.0,30015915.9585,134665165.924834,0.0,25058083.042127,293762.784,443359.908,0.0,96579.372607,37456495.751703,0.0,562759.92,-3088.959,40738.906296,40738.906296,0.0,0.0,13617642013.444462,99825512.99526,2478888352.936012,0.0,1709739.435771,743773666.281295,0.0,52165864.168076,0.0,5329227224.638336,3736366208.494136,0.0,-0.0,0.0,409146683.611914,272102261.291374,413748330.268835,238743777.950581,332705484.796462,27726045120.312515,3020.363207,88553.082375,95044.85179500001,201136831.728263,0.0,314672575.91663396
test0_DemLo_FuelMd_REcostLo_SitingOpen_BattHi_PolIRA,2,0,1,0,0,0,676.061746,2316.000191,0.0,1004.647103,2295.506965,974.474395,5667.17297,1768.978544,12994.628099,1570.936041,47432.673168,0.0,58011.230677,142.0,405.8,0.0,24.4,4980.0,0.0,1023.770664,5.0,355338.05355,1217289.700244,0.0,528042.517406,0.0,1206518.460783,512183.742152,-1325051.750535,929775.122672,0.0,0.0,26018975.2911,113479015.808353,0.0,30490702.843902,285218.502,443412.0096,0.0,92336.068619,36580080.986816,0.0,538093.860737,-2396.211,50176.334479,50176.334479,58680252.270246,0.0,6462111115.189114,0.0,589073268.867611,0.0,0.0,342593141.36293,0.0,28583047.079358,27894435.78334,5244575738.27121,3463722223.845642,12063249.180144,41659092.869843,-373538160.71848,418442561.418676,268331768.592072,545884201.349886,240137318.217435,356909254.671048,17727122508.250076,3278.599827,90387.05148600001,90686.96874899999,199193501.31861198,0.0,349187339.14289606
test0_DemLo_FuelMd_REcostLo_SitingOpen_BattHi_PolOBBBA,2,0,1,1,0,0,1524.026331,2317.6579,0.0,0.0,0.0,0.0,4288.481071,2678.015649,12994.628099,0.0,59262.808784,0.0,49675.713187,142.0,405.8,0.0,24.4,4980.0,0.0,1024.084102,5.0,801028.239472,1218160.992081,0.0,0.0,0.0,0.0,0.0,-1255369.3946,1407565.025283,0.0,0.0,26018975.2911,163407463.519471,0.0,26109554.85119,285218.502,443412.0096,0.0,92458.779857,37466623.297991,0.0,538258.604203,-2073.714,38436.424025,38436.424025,0.0,0.0,7741127078.475594,29041472.61036,1245418933.262336,0.0,258546820.924775,440578330.187361,0.0,33722286.746638,0.0,5043542821.580338,4343970557.111464,0.0,-0.0,0.0,377849221.09135,220439568.820152,410441160.225543,218559527.242202,402620768.453408,20765858546.73152,2862.570086,75443.73058500001,87168.362685,162045843.508338,0.0,331847252.67123896
test0_DemLo_FuelMd_REcostLo_SitingOpen_BattLo_PolIRA,0,0,1,0,0,0,448.301626,2321.457943,0.0,125.406048,3341.500704,816.527719,21879.782207,1454.349417,12994.628099,1855.40039,45256.602387,0.0,45390.523583,142.0,405.8,0.0,24.4,4980.0,0.0,1270.4,5.0,235627.334666,1220158.294923,0.0,65913.419063,0.0,1756292.770124,429166.968911,-5940905.94442,764406.053729,0.0,0.0,26018975.2911,112067943.186407,0.0,23857259.194979,285218.502,443412.0096,0.0,88842.726203,36900795.99312,0.0,667722.24,-1635.4665,51130.488569,51130.488569,0.0,0.0,7610348799.053977,99825512.99526,774590651.443828,0.0,0.0,244261032.051167,0.0,26967532.024858,32945546.910883,5168926769.303536,3247383977.970875,10637492.892028,42236539.570234,-104123115.855738,415261007.036881,99909202.967043,581691600.930068,250341979.296999,323665390.732682,18824869919.32458,3316.595014,94143.514402,86784.963712,207993150.04715997,0.0,353975815.784099
test0_DemLo_FuelMd_REcostLo_SitingOpen_BattLo_PolOBBBA,0,0,1,1,0,0,1090.085765,2944.385371,0.0,0.0,0.0,0.0,19104.247365,2719.414561,12994.628099,0.0,63698.734816,0.0,32016.79342,142.0,405.8,0.0,24.4,4980.0,0.0,1035.272125,5.0,572949.078258,1547568.951243,0.0,0.0,0.0,0.0,0.0,-5314095.087321,1429324.293055,0.0,0.0,26018975.2911,166202363.195258,0.0,16828026.621636,285218.502,443412.0096,0.0,94283.949905,37715484.10932,0.0,544139.029001,-1895.4885,39348.393582,39348.393582,0.0,0.0,8943972703.606094,29769329.06676,1619752762.929545,0.0,416425165.508918,663548871.571904,0.0,39828322.162077,0.0,5062756323.15544,4106688406.163034,0.0,-0.0,0.0,381286399.801372,120905809.263658,417099609.016342,219385713.984901,325963242.677289,22347382658.907333,2845.520686,79015.10243300001,82634.437392,177857517.773294,0.0,326656639.05544496
test0_DemLo_FuelMd_REcostLo_SitingOpen_BattMd_PolIRA,1,0,1,0,0,0,890.010268,0.0,0.0,591.449363,2279.027472,594.340617,9965.126691,1769.025607,12994.628099,1507.124702,47672.05998,0.0,56623.830065,142.0,405.8,0.0,24.4,4980.0,0.0,1023.770664,5.0,467789.396694,0.0,0.0,310865.785204,0.0,1197856.839233,312385.428289,-2452606.617461,929799.858914,0.0,0.0,26018975.2911,121529089.441558,0.0,29761485.08203,285218.502,443412.0096,0.0,92704.202333,37498622.534598,0.0,538093.860737,-2396.211,48887.97285399999,48887.97285399999,0.0,0.0,6801037222.249026,322820770.62726,755732885.591596,0.0,3432663.819856,291557108.95574,0.0,10172564.708517,26761365.264758,5130370891.814364,3591318137.056338,10037251.716666,33452660.699171,-155450973.839332,406126195.06853,185470298.257725,541236487.786252,239529657.544644,365684079.292001,18559289266.61312,2807.567741,86505.548175,88598.920647,189491237.460302,0.0,351885285.45133394
test0_DemLo_FuelMd_REcostLo_SitingOpen_BattMd_PolOBBBA,1,0,1,1,0,0,1166.403003,1374.882095,0.0,0.0,0.0,0.0,8191.676511,2674.978247,12994.628099,0.0,59694.947029,0.0,46861.03991,142.0,405.8,0.0,24.4,4980.0,0.0,1024.084102,5.0,613061.418265,722638.029146,0.0,0.0,0.0,0.0,0.0,-2093661.154201,1405968.566394,0.0,0.0,26018975.2911,159027329.503177,0.0,24630162.576757,285218.502,443412.0096,0.0,92581.491095,37480461.622159,0.0,538258.604203,-2396.211,37761.948044,37761.948044,0.0,0.0,7909582454.56712,40396033.3302,1079927676.316365,0.0,67772922.428537,481466360.621483,0.0,26114902.342564,0.0,5002705700.797249,4194054921.183728,0.0,-0.0,0.0,386689967.583805,181447310.966309,406641375.660527,220598883.002202,385583722.401241,20382982231.201324,2856.168738,77887.12842999998,86672.111592,169063727.152843,0.0,332279576.573232
test0_DemLo_FuelMd_REcostLo_SitingRef_BattHi_PolIRA,2,0,1,0,0,1,733.762231,2064.923789,0.0,343.564132,3098.60219,1333.620521,4964.099434,1392.687401,12994.628099,1746.365548,49226.462352,0.0,57727.35705,142.0,405.8,0.0,24.4,4980.0,0.0,1025.542545,5.0,385665.428722,1085323.943425,0.0,180577.30764,0.0,1628625.310919,700950.945652,-1051008.158827,731996.497903,0.0,0.0,25728515.7591,119951661.835229,0.0,30341498.865566,286245.588,443036.472,0.0,83790.499988,34985943.972216,0.0,539025.161753,-1129.2975,50686.88822,50686.88822,20606475.711953,0.0,7160283607.3264,0.0,560740085.098722,0.0,145754625.394451,259373239.92704,0.0,24563158.062164,31009462.096899,5185684577.109515,3569250311.21862,15455633.616812,48330163.73875,-200975218.072575,413544893.649024,324571107.496154,592189290.848243,245156715.380453,353735413.929246,18749273542.53187,3174.606129,91184.15938600001,87413.740875,204843012.70389402,0.0,340690005.38215196
test0_DemLo_FuelMd_REcostLo_SitingRef_BattHi_PolOBBBA,2,0,1,1,0,1,820.977027,2084.022973,0.0,0.0,0.0,0.0,4825.067148,1665.738148,12994.628099,0.0,72553.227132,0.0,38400.101294,142.0,405.8,0.0,24.4,4980.0,0.0,1025.614738,5.0,431505.525497,1095362.474503,0.0,0.0,0.0,0.0,0.0,-1311460.337045,875511.970756,0.0,0.0,25728515.7591,196638199.35275,0.0,20183093.239947,286245.588,443036.472,0.0,94193.808763,37577584.920172,0.0,539063.106084,-1362.25875,40711.610003,40711.610003,0.0,0.0,8830975540.591434,29041472.61036,977603597.282363,0.0,235688653.933275,538034826.455211,0.0,26299068.303314,0.0,4909063047.817314,4775886727.578764,0.0,-0.0,0.0,360170794.45827,221883468.923276,430288079.342253,208948885.805889,367103134.305875,21910987297.4076,2929.959474,68344.435011,83066.77729200001,150737152.166059,0.0,317845137.354127
test0_DemLo_FuelMd_REcostLo_SitingRef_BattLo_PolIRA,0,0,1,0,0,1,519.052414,1994.947586,0.0,124.784783,3589.680457,748.572854,22903.666105,1438.414367,12994.628099,2549.269311,43186.910834,0.0,47864.644372,142.0,405.8,0.0,24.4,4980.0,0.0,1025.542545,5.0,272813.948698,1048544.451302,0.0,65586.881885,0.0,1886736.048015,393449.891975,-6209523.05222,756030.591321,0.0,0.0,25728515.7591,108520085.959848,0.0,25157657.081733,299120.16,443036.472,0.0,89686.422528,36895789.335483,0.0,539025.161753,-1853.05125,54694.534076,54694.534076,0.0,0.0,8268767982.053554,111180073.7151,813180477.661252,0.0,664733162.365629,350658084.271744,0.0,24269051.728116,45266278.971071,5148254088.063044,3208005316.475764,11044720.452196,43675799.988517,-148925743.601003,413049467.796748,129630601.066324,628286690.569344,250330356.395155,324767699.678352,20286174107.65091,3044.585591,95694.98454599999,84371.32227600002,217239801.400542,0.0,348489565.054785
test0_DemLo_FuelMd_REcostLo_SitingRef_BattLo_PolOBBBA,0,0,1,1,0,1,1187.454675,2845.0,0.0,0.0,0.0,0.0,19850.742682,2706.623483,12994.628099,0.0,63973.764628,0.0,32512.253156,142.0,405.8,0.0,24.4,4980.0,0.0,1025.293189,5.0,624126.177172,1495332.0,0.0,0.0,0.0,0.0,0.0,-5570198.694443,1422601.302732,0.0,0.0,25728515.7591,178306293.253418,0.0,17088440.258671,286245.588,443036.472,0.0,96668.560939,37811872.9944,0.0,538894.100356,-2107.947,40764.405315,40764.405315,0.0,0.0,9024597629.380198,727856.4564,1184712193.503472,0.0,152508939.373643,606706790.481689,0.0,38983260.977113,0.0,5016754308.264946,4372300656.26883,0.0,-0.0,0.0,367386826.418728,138146077.658068,428525647.611692,216497641.697747,364033849.874064,21911881677.96659,2866.140385,80235.006407,76748.11917,184678417.38617802,0.0,308145620.821566
test0_DemLo_FuelMd_REcostLo_SitingRef_BattMd_PolIRA,1,0,1,0,0,1,530.367595,2027.999884,0.0,160.375223,3488.430674,1081.106248,7819.066404,1427.650612,12994.628099,1958.514266,47166.122518,0.0,58388.183767,142.0,405.8,0.0,24.4,4980.0,0.0,1025.542545,5.0,278761.207913,1065916.738964,0.0,84293.217413,0.0,1833519.162418,568229.443845,-2035208.578542,750373.161752,0.0,0.0,25728515.7591,111189160.203568,0.0,30688829.38789,286245.588,443036.472,0.0,90371.331463,36824688.860392,0.0,539025.161753,-1129.2975,51618.984929,51618.984929,0.0,0.0,7138084529.175685,0.0,646341869.659537,0.0,0.0,143436229.829892,0.0,24475942.592635,34776495.656339,5174153417.602115,3414631059.999757,12515983.065984,47217365.865077,-207200663.393229,413057311.030102,293490929.385495,599262763.218949,247403865.342089,345358873.985886,18327005973.016315,3124.165943,92035.02732,86939.177072,202245717.240406,0.0,350963543.14942
test0_DemLo_FuelMd_REcostLo_SitingRef_BattMd_PolOBBBA,1,0,1,1,0,1,1025.617686,4136.023088,0.0,0.0,0.0,0.0,9797.85891,2702.918176,12994.628099,0.0,61944.636015,0.0,41758.001853,142.0,405.8,0.0,24.4,4980.0,0.0,1025.293189,5.0,539064.65566,2173893.734912,0.0,0.0,0.0,0.0,0.0,-2771373.948914,1420653.793492,0.0,0.0,25728515.7591,171569265.507517,0.0,21948005.77416,286245.588,443036.472,0.0,94740.419126,37714466.396805,0.0,538894.100356,-2397.36525,40726.594212,40726.594212,0.0,0.0,8477985532.366932,497592799.93836,1240271274.571135,0.0,320643017.487308,651028898.701506,0.0,49242495.56444,0.0,5095718521.432133,4393680457.512229,0.0,0.0,0.0,369944227.26583,199379798.683626,429740758.558487,217588588.890833,389036279.459234,22331852650.432053,2850.48842,76206.45723599999,82778.01573000001,172425127.38864198,0.0,318751517.21965504
test0_DemLo_FuelMd_REcostMd_SitingLim_BattHi_PolIRA,2,0,1,0,1,2,848.471018,1739.925425,0.0,0.0,0.0,0.0,3534.097468,1161.824593,12994.628099,0.0,59942.409624,0.0,54282.951338,142.0,405.8,0.0,24.4,4980.0,0.0,1025.840925,5.0,554219.666237,914504.803354,0.0,0.0,0.0,0.0,0.0,-1170031.563917,610655.006332,0.0,0.0,30015915.9585,167336883.252755,0.0,28531119.22322,299130.384,443359.908,0.0,94023.797047,37064039.946688,0.0,539181.99044,-3161.214,39629.266025,39629.266025,0.0,0.0,10733414028.531357,86282052.877503,1346332499.962417,0.0,0.0,217818996.915548,0.0,20623917.410307,0.0,5500810492.430581,4463790028.342907,0.0,-0.0,-580505483.970034,409091501.027867,335205053.995411,429290313.094482,235841007.516571,374254356.892311,23572248765.027225,3180.476772,90410.191945,90638.49969899999,197162451.00399897,0.0,285555303.607013
test0_DemLo_FuelMd_REcostMd_SitingLim_BattHi_PolOBBBA,2,0,1,1,1,2,533.232024,5073.208201,0.0,0.0,0.0,0.0,3951.619958,3274.399223,12994.628099,0.0,70475.938817,1382.936125,39732.290637,142.0,405.8,0.0,24.4,4980.0,0.0,1070.282268,5.0,2654625.245288,2666478.230419,0.0,0.0,0.0,0.0,0.0,-1244226.93299,1721024.231479,0.0,0.0,30015915.9585,208945321.992836,726871.227066,23075825.838644,299130.384,443359.908,0.0,94023.797047,37157062.788854,0.0,645073.776285,-3392.178,38750.592968,38750.592968,0.0,0.0,12911171264.607708,135054838.063068,2428270853.424196,0.0,0.0,681728032.937921,0.0,62306844.494487,0.0,5540043301.78953,5234064537.845015,-0.0,-0.0,0.0,363696031.234896,328008251.994215,394940671.438732,222929269.542831,432126598.819892,28734340496.192493,2809.226083,80753.58514499999,80982.930947,183266136.43375,0.0,256791464.398216
test0_DemLo_FuelMd_REcostMd_SitingLim_BattLo_PolIRA,0,0,1,0,1,2,171.766711,2126.724111,0.0,0.0,0.0,0.0,24774.975946,1167.861793,12994.628099,0.0,49558.367288,0.0,45086.44998,142.0,405.8,0.0,24.4,4980.0,0.0,1025.840925,5.0,855117.899329,1117806.19256,0.0,0.0,0.0,0.0,0.0,-7936557.068329,613828.158379,0.0,0.0,30015915.9585,144387495.42423,0.0,23697438.109557,299130.384,443359.908,0.0,104660.489815,38308754.627876,0.0,539181.99044,-2475.576,39214.844547,39214.844547,0.0,0.0,14014032702.243729,102116520.744,2433329382.51079,0.0,0.0,959363751.34041,0.0,23750907.199718,0.0,5486063391.814768,3923188693.49617,0.0,0.0,-583656617.312604,416755987.998608,165896269.24911,425910781.835457,247046398.786491,361505605.545889,27975303775.452538,2966.245149,107919.697627,82878.690462,249419865.80913198,0.0,266028923.779276
test0_DemLo_FuelMd_REcostMd_SitingLim_BattLo_PolOBBBA,0,0,1,1,1,2,1031.325256,1988.886216,0.0,0.0,0.0,0.0,31028.697779,3265.842298,12994.628099,0.0,71014.561918,0.0,18181.634527,142.0,405.8,0.0,24.4,4980.0,0.0,1070.282268,5.0,1322240.592956,1045358.595331,0.0,0.0,0.0,0.0,0.0,-10202203.761416,1716526.711731,0.0,0.0,30015915.9585,198986227.036211,0.0,9556267.107378,299130.384,443359.908,0.0,105434.489491,38410039.72127,0.0,612040.580385,-3164.604,35086.432511,35086.432511,0.0,0.0,14550260572.65656,102116520.744,2498691072.391642,0.0,232154529.933936,996595085.28377,0.0,35324584.886999,0.0,5438722439.299537,4541414161.736086,0.0,-0.0,0.0,368919568.787402,154566567.83332,381032130.537298,235318615.093064,344580468.972903,29879696318.15652,2737.086851,103794.638812,68711.00346200001,251385908.29784,0.0,223301206.341614
test0_DemLo_FuelMd_REcostMd_SitingLim_BattMd_PolIRA,1,0,1,0,1,2,530.990493,2232.671179,0.0,0.0,0.0,0.0,6878.696837,1161.198089,12994.628099,0.0,59439.059358,0.0,51429.382989,142.0,405.8,0.0,24.4,4980.0,0.0,1025.840925,5.0,279088.603069,1173491.971831,0.0,0.0,0.0,0.0,0.0,-2056643.400389,610325.715436,0.0,0.0,30015915.9585,164877840.174758,0.0,27031283.699126,299130.384,443359.908,0.0,96479.531431,37229660.75628,0.0,539181.99044,-2523.051,40053.055252,40053.055252,0.0,0.0,11348854140.631334,46641978.15858,1560161446.530237,0.0,0.0,289459286.15791,0.0,24553345.176945,0.0,5526996737.60747,4373388028.804828,0.0,-0.0,-584263842.108077,407359422.086269,274137979.427534,430161047.091093,237364597.992669,367163816.609542,24301977984.16633,3121.505586,91806.19605,90768.94588700001,201956716.595312,0.0,285383661.93004596
test0_DemLo_FuelMd_REcostMd_SitingLim_BattMd_PolOBBBA,1,0,1,1,1,2,734.396861,4877.73983,0.0,0.0,0.0,0.0,8091.438802,3272.908071,12994.628099,0.0,72623.311891,435.361664,34445.575715,142.0,405.8,0.0,24.4,4980.0,0.0,1070.282268,5.0,2242724.395696,2563740.054695,0.0,0.0,0.0,0.0,0.0,-2531833.428379,1720240.482109,0.0,0.0,30015915.9585,212991894.073512,228826.090788,19219170.058986,299130.384,443359.908,0.0,97834.419367,37226550.728744,0.0,612040.580385,-2224.365,35969.113143,35969.113143,0.0,0.0,13805304535.571932,135054838.063068,2233874272.305209,0.0,63181464.204604,616954292.067121,0.0,58696580.025943,0.0,5531745720.46312,5171731909.900322,0.0,-0.0,0.0,363284015.308432,230734772.120252,383872817.680492,223074770.345188,413762564.722697,29231272552.77838,2772.974125,80889.087151,80843.313232,181028976.67784,0.0,260982661.25706404
test0_DemLo_FuelMd_REcostMd_SitingOpen_BattHi_PolIRA,2,0,1,0,1,0,612.099208,944.794035,0.0,0.0,0.0,0.0,9142.257451,1471.197144,12994.628099,0.0,67110.577991,0.0,48408.085139,142.0,405.8,0.0,24.4,4980.0,0.0,1270.4,5.0,321719.343917,496583.744578,0.0,0.0,0.0,0.0,0.0,-1052422.452907,773261.218767,0.0,0.0,26018975.2911,190417057.163037,0.0,25443289.549212,299184.912,443412.0096,0.0,98748.098311,37964445.53004,0.0,667722.24,-2550.246,42270.465489,42270.465489,0.0,0.0,7536533916.269583,32938317.319068,572618573.431641,0.0,0.0,461675502.187486,0.0,16078512.698752,0.0,5265483074.720433,4823816269.379965,0.0,-0.0,-305862936.818252,373907414.564558,312177936.304016,455270770.727861,222883376.412136,401487189.098857,20169007916.296104,3161.515135,80371.67071499999,78002.145303,173085056.975231,0.0,296355003.00402796
test0_DemLo_FuelMd_REcostMd_SitingOpen_BattHi_PolOBBBA,2,0,1,1,1,0,606.70397,959.869732,0.0,0.0,0.0,0.0,8333.090024,1461.607647,12994.628099,0.0,81646.827624,633.744697,32134.711944,142.0,405.8,0.0,24.4,4980.0,0.0,1025.657311,5.0,318883.606662,504507.531232,0.0,0.0,0.0,0.0,0.0,-1600539.938082,768220.97919,0.0,0.0,26018975.2911,229075943.039448,333096.212577,16890004.597931,299184.912,443412.0096,0.0,98702.954797,37978181.641885,0.0,539085.482658,-2583.084,41013.183311,41013.183311,0.0,0.0,7883660180.661472,0.0,868642988.270483,0.0,0.0,489071361.063394,0.0,17522591.690399,0.0,5158763831.718445,5306334200.750237,0.0,-0.0,0.0,335342726.474069,208282060.620852,429625043.542241,209001567.174512,381716077.407427,21287962629.37353,2534.976806,65469.94820900001,79240.839512,141387646.645607,0.0,297658615.325698
test0_DemLo_FuelMd_REcostMd_SitingOpen_BattLo_PolIRA,0,0,1,0,1,0,173.425173,2340.574827,0.0,0.0,0.0,0.0,15480.376872,1542.779174,12994.628099,0.0,59797.743801,0.0,44891.495589,142.0,405.8,0.0,24.4,4980.0,0.0,1270.4,5.0,635818.307943,1230206.12883,0.0,0.0,0.0,0.0,0.0,-4305497.486857,810884.733708,0.0,0.0,26018975.2911,185757728.151741,0.0,23594970.081468,299184.912,443412.0096,0.0,100304.943744,38024137.74132,0.0,667722.24,-2307.696,41423.553195,41423.553195,0.0,0.0,8216068925.037299,12878139.102192,729633080.40219,0.0,0.0,503487600.438702,0.0,27633234.255275,0.0,5218080791.16903,4754956005.336607,0.0,-0.0,-261928173.030863,372948270.75156,159780812.724305,442755040.516287,221543686.079056,433578484.695521,20831415897.47716,3291.864956,82535.932983,76407.485979,179710852.199787,0.0,298512107.20006394
test0_DemLo_FuelMd_REcostMd_SitingOpen_BattLo_PolOBBBA,0,0,1,1,1,0,1356.407041,3600.531908,0.0,0.0,0.0,0.0,20873.107989,3404.406893,12994.628099,0.0,81068.444949,0.0,17157.175466,142.0,405.8,0.0,24.4,4980.0,0.0,1025.465656,5.0,712927.540798,1892439.570972,0.0,0.0,0.0,0.0,0.0,-5820124.883826,1789356.263184,0.0,0.0,26018975.2911,225194676.710852,0.0,9017811.424781,299184.912,443412.0096,0.0,100304.943744,38024137.74132,0.0,538984.748624,-795.372,35906.327353,35906.327353,0.0,0.0,9359040676.186785,32938317.319068,1122264135.839222,0.0,20299998.475918,725710843.338138,0.0,48209791.029772,0.0,5344214212.522376,5042686404.10779,-0.0,-0.0,0.0,339246369.062374,166875368.816945,387890157.338888,211323643.395483,356658677.155332,23157358594.588085,2572.540571,75432.966813,70572.117968,173482258.84130198,0.0,279225656.02453
test0_DemLo_FuelMd_REcostMd_SitingOpen_BattMd_PolIRA,1,0,1,0,1,0,699.432611,384.722213,0.0,0.0,0.0,0.0,13702.982758,1501.816694,12994.628099,0.0,65621.206392,0.0,42510.087876,142.0,405.8,0.0,24.4,4980.0,0.0,1270.4,5.0,367621.780599,202209.995024,0.0,0.0,0.0,0.0,0.0,-3852852.541685,789354.85423,0.0,0.0,26018975.2911,193508453.621647,0.0,22343302.18777,299184.912,443412.0096,0.0,100304.943744,38024137.74132,0.0,667722.24,-2430.8385,41199.439079,41199.439079,0.0,0.0,7060832599.612803,80281988.95437,427245030.762219,0.0,0.0,452653344.91327,0.0,11785068.440764,0.0,5255931875.575567,4807202567.610511,0.0,-0.0,-290135065.349716,370461818.842933,166138206.01701,440390048.436266,220876289.53994,407805665.822609,19411469439.17855,2970.640206,81825.647019,75984.602413,177002752.84398797,0.0,295183742.84580094
test0_DemLo_FuelMd_REcostMd_SitingOpen_BattMd_PolOBBBA,1,0,1,1,1,0,452.897969,2452.102031,0.0,0.0,0.0,0.0,7566.19626,1445.863218,12994.628099,0.0,86987.156529,69.076212,27468.745867,142.0,405.8,0.0,24.4,4980.0,0.0,1032.912263,5.0,238043.17228,1288824.82772,0.0,0.0,0.0,0.0,0.0,-2240672.078991,759945.707486,0.0,0.0,26018975.2911,246154148.471739,36306.457276,14437572.827668,299184.912,443412.0096,0.0,99038.664301,37934822.86009,0.0,542898.685193,-2439.048,37118.032577,37118.032577,0.0,0.0,8101393882.84725,32938317.319068,1042173830.662289,0.0,0.0,627079137.454368,0.0,28808614.171011,0.0,5095137090.907758,5574061323.648455,0.0,-0.0,0.0,325753030.299359,192342733.140884,398025489.917883,201873814.909612,393527159.967174,22013114425.24511,2617.407547,64387.444145999994,71797.86382999999,140413840.870679,0.0,284162114.252245
test0_DemLo_FuelMd_REcostMd_SitingRef_BattHi_PolIRA,2,0,1,0,1,1,805.956251,878.545122,0.0,0.0,0.0,0.0,7530.962521,1505.504795,12994.628099,0.0,70277.816723,0.0,44662.062279,142.0,405.8,0.0,24.4,4980.0,0.0,1270.4,5.0,423610.605784,461763.316071,0.0,0.0,0.0,0.0,0.0,-1314077.167471,791293.320249,0.0,0.0,25728515.7591,191300873.932492,0.0,23474379.933595,299120.16,443036.472,0.0,99772.981951,38045272.19724,0.0,667722.24,-2486.03175,42972.25545699999,42972.25545699999,0.0,0.0,7880100515.756954,32938317.319068,707214457.241958,0.0,0.0,391564854.493401,0.0,15748336.199831,0.0,5295396401.853437,4763279447.989216,0.0,0.0,-235623643.028256,376673233.064327,380130532.859904,462566128.240218,222782384.519436,363807324.723068,20656578291.232567,3117.486278,82688.776059,78351.616713,180088970.92456898,0.0,291028597.76695305
test0_DemLo_FuelMd_REcostMd_SitingRef_BattHi_PolOBBBA,2,0,1,1,1,1,625.344361,907.400816,0.0,0.0,0.0,0.0,6573.765678,1487.262781,12994.628099,0.0,83770.080625,2263.005757,28753.587648,142.0,405.8,0.0,24.4,4980.0,0.0,1025.614738,5.0,328680.996086,476929.868833,0.0,0.0,0.0,0.0,0.0,-1512747.301757,781705.317765,0.0,0.0,25728515.7591,242268144.22271,1189435.825694,15112885.667579,299120.16,443036.472,0.0,96934.423037,37736080.48813,0.0,539063.106084,-2029.97175,40194.539563,40194.539563,0.0,0.0,8558641217.905866,113220306.273438,962760605.985934,0.0,129176705.716166,536275391.357166,0.0,20798373.950953,0.0,5143820152.344735,5545311455.716891,0.0,-0.0,0.0,328732020.373358,257319978.582616,422798853.958612,206774082.829125,391407980.147105,22617037125.141968,2486.607391,66384.462121,76295.95563699999,146926506.05690202,0.0,280274333.05760205
test0_DemLo_FuelMd_REcostMd_SitingRef_BattLo_PolIRA,0,0,1,0,1,1,176.201264,2337.798736,0.0,0.0,61.260447,38.159781,18018.499635,1560.918358,12994.628099,79.087705,58362.655909,0.0,43853.680452,142.0,405.8,0.0,24.4,4980.0,0.0,1270.4,5.0,655637.856854,1228747.015421,0.0,0.0,0.0,32198.491094,20056.780672,-5166000.794029,820418.689071,0.0,0.0,25728515.7591,177784208.277505,0.0,23049494.445793,299120.16,443036.472,0.0,100255.499635,38097541.8504,0.0,667722.24,-2342.00325,41855.599405,41855.599405,0.0,0.0,9874782951.031052,126098445.37563,1284734718.977106,0.0,0.0,716046563.02093,0.0,27716331.522881,1404326.370006,5259558777.094997,4575062501.914153,399690.908011,1049596.322795,-215631228.918443,380380156.82585,191203721.138169,459497599.047981,226394282.834619,413136965.433573,23321835398.89931,3335.619393,88145.576213,75589.271786,196572348.53064,0.0,291682629.603678
test0_DemLo_FuelMd_REcostMd_SitingRef_BattLo_PolOBBBA,0,0,1,1,1,1,846.304268,0.0,0.0,0.0,0.0,0.0,22285.374405,1598.998294,12994.628099,0.0,80399.673886,3051.272219,18049.693943,142.0,405.8,0.0,24.4,4980.0,0.0,1270.4,5.0,444817.523108,0.0,0.0,0.0,0.0,0.0,0.0,-6472687.625135,840433.503565,0.0,0.0,25728515.7591,220590807.078599,1603748.678248,9486919.136296,299120.16,443036.472,0.0,101160.616474,38097541.8504,0.0,667722.24,-1760.94,37356.874846,37356.874846,0.0,0.0,12769456471.446442,33763839.056388,2752161615.034816,0.0,316505838.160861,1209493382.513236,0.0,15837233.394201,0.0,5150460912.121353,4935589941.500243,0.0,-0.0,0.0,350138034.428851,156213802.965035,400023290.853465,214663420.811109,343453872.599519,28647761654.88552,2618.203948,78240.244558,70713.571345,184668279.52007702,0.0,274866921.95330596
test0_DemLo_FuelMd_REcostMd_SitingRef_BattMd_PolIRA,1,0,1,0,1,1,468.770892,2404.287471,0.0,0.0,0.0,0.0,5929.203174,1537.865258,12994.628099,0.0,66181.601859,0.0,48109.825867,142.0,405.8,0.0,24.4,4980.0,0.0,1270.4,5.0,246385.980817,1263693.494569,0.0,0.0,0.0,0.0,0.0,-1544692.519363,808301.979364,0.0,0.0,25728515.7591,188845143.523238,0.0,25286524.475453,299120.16,443036.472,0.0,100919.357632,38040355.680463,0.0,667722.24,-2520.798,43069.051484,43069.051484,0.0,0.0,8202268407.613775,32938317.319068,671975816.777276,0.0,1981154.411073,385702326.03707,0.0,28218048.183292,0.0,5283774609.838707,4810863690.791728,0.0,-0.0,-214713300.216325,371606067.244492,344414031.194698,465135088.730156,221270821.235797,393782713.616368,20999217792.77718,3248.514852,82352.254709,76576.16570499999,178319255.72450098,0.0,293057182.487524
test0_DemLo_FuelMd_REcostMd_SitingRef_BattMd_PolOBBBA,1,0,1,1,1,1,513.452431,2107.828846,0.0,0.0,0.0,0.0,6494.181709,1492.383789,12994.628099,0.0,84396.663975,2564.689511,29030.875821,142.0,405.8,0.0,24.4,4980.0,0.0,1025.614738,5.0,269870.597618,1107874.84163,0.0,0.0,0.0,0.0,0.0,-1845786.850071,784396.919634,0.0,0.0,25728515.7591,248486160.165308,1348000.806914,15258628.331255,299120.16,443036.472,0.0,99874.765792,38072830.8168,0.0,539063.106084,-2541.60375,37746.073643,37746.073643,0.0,0.0,8760250003.439564,126098445.37563,819524515.196835,0.0,0.0,609967921.750719,0.0,31065363.842066,0.0,5104020701.964787,5697466791.448941,0.0,-0.0,0.0,323180741.05597,218184529.305275,403145721.521849,201845431.260403,409604499.841564,22704354666.0036,2642.397834,63472.57578499999,71539.499588,141900986.785828,0.0,278351981.378021
test0_DemMd_FuelHi_REcostHi_SitingLim_BattHi_PolIRA,2,1,2,0,2,2,0.0,1917.292747,0.0,0.0,0.0,0.0,3269.955943,204.714357,12994.628099,0.0,84609.142681,5997.950687,43509.248093,142.0,405.8,0.0,24.4,4980.0,0.0,1015.341199,5.0,0.0,1007729.068034,0.0,0.0,0.0,0.0,0.0,-326686.680616,107597.865795,0.0,0.0,29951650.8243,362459003.648668,35631328.66184,69724723.227906,299689.296,443293.4232,0.0,96473.351333,37399776.584771,0.0,534093.44764,-1913.343,34478.6,34478.6,0.0,0.0,7106647469.229158,0.0,0.0,0.0,0.0,52779027.829156,0.0,162037890.891985,0.0,4759759687.18582,6538873333.56302,0.0,0.0,0.0,248096455.200455,284106018.186256,375947903.342,188592549.093105,1128375404.036743,20845215738.557697,2971.826845,67652.95618000001,37553.840769999995,143861764.763246,0.0,110499616.37446402
test0_DemMd_FuelHi_REcostHi_SitingLim_BattHi_PolOBBBA,2,1,2,1,2,2,0.0,1741.704182,0.0,0.0,0.0,0.0,3186.169149,185.315884,12994.628099,0.0,98151.843773,10391.233516,28239.317399,142.0,405.8,0.0,24.4,4980.0,0.0,1104.2,5.0,0.0,915439.717818,0.0,0.0,0.0,0.0,0.0,-295059.252494,97402.02885,0.0,0.0,29951650.8243,424698228.31062,52674427.646938,67258333.314159,299689.296,443293.4232,0.0,99631.770293,37787350.155055,0.0,1015648.807334,-1172.235,34478.6,34478.6,0.0,0.0,6848108139.07122,3042087809.738594,0.0,0.0,0.0,89741672.829711,0.0,230275719.345416,0.0,4465848398.983832,7507715467.321011,0.0,-0.0,0.0,174957636.048804,152362703.616779,375947903.342,159125784.150109,1285988065.659219,24332159300.106693,2655.881192,42019.13,29570.732529,84965656.357987,0.0,91564730.55621299
test0_DemMd_FuelHi_REcostHi_SitingLim_BattLo_PolIRA,0,1,2,0,2,2,0.0,1757.490579,0.0,0.0,0.0,0.0,18193.703238,334.831297,12994.628099,0.0,91130.788467,3728.364231,24706.429779,142.0,405.8,0.0,24.4,4980.0,0.0,1015.341199,5.0,0.0,923737.04843,0.0,0.0,0.0,0.0,0.0,-5158292.846762,175987.329893,0.0,0.0,29951650.8243,391827891.387877,26616198.550207,22008348.095142,299689.296,443293.4232,0.0,108606.186374,38725682.66532,0.0,533663.333993,-1151.931,34478.6,34478.6,0.0,0.0,6876324608.491055,2459114094.241036,0.0,0.0,0.0,0.0,0.0,124635890.98714,0.0,4864993822.737239,5925704147.161139,0.0,0.0,0.0,255992561.798762,169172592.848906,375947903.342,191290447.357748,932670332.290732,22175846401.25576,2456.812106,69152.780658,42294.968954,151862833.430025,0.0,133497565.031545
test0_DemMd_FuelHi_REcostHi_SitingLim_BattLo_PolOBBBA,0,1,2,1,2,2,0.0,1113.701658,0.0,0.0,0.0,0.0,8858.948362,221.324381,12994.628099,0.0,99205.869882,14956.890248,18810.51211,142.0,405.8,0.0,24.4,4980.0,0.0,1270.4,5.0,0.0,585361.59165,0.0,0.0,0.0,0.0,0.0,-2129186.296032,116328.094495,0.0,0.0,29951650.8243,428102423.699111,91100949.306318,34672922.872875,299689.296,443293.4232,0.0,109760.125421,38996016.46884,0.0,1122496.522508,-1151.931,34478.6,34478.6,0.0,0.0,7067017291.870964,2314643359.952102,0.0,0.0,0.0,37378876.214898,0.0,382746294.324008,0.0,4471675443.793422,7467393452.484787,0.0,0.0,0.0,161874694.207954,141912523.996681,375947903.342,155607955.164529,1252724254.567254,23828922049.9186,2335.344171,42213.63,25802.242743999996,85833005.44186899,0.0,82003859.870027
test0_DemMd_FuelHi_REcostHi_SitingLim_BattMd_PolIRA,1,1,2,0,2,2,0.0,1917.292784,0.0,0.0,0.0,0.0,4323.436095,204.714361,12994.628099,0.0,84797.83829,5800.298432,41730.934738,142.0,405.8,0.0,24.4,4980.0,0.0,1015.341199,5.0,0.0,1007729.087204,0.0,0.0,0.0,0.0,0.0,-930611.370559,107597.867912,0.0,0.0,29951650.8243,363222245.712472,31777548.608011,65883832.597007,299689.296,443293.4232,0.0,94784.847336,37400854.264692,0.0,534093.44764,-1818.531,34478.6,34478.6,0.0,0.0,7094805096.21274,0.0,0.0,0.0,0.0,127894052.451872,0.0,146276998.283001,0.0,4784038187.642409,6428268466.338497,0.0,-0.0,0.0,251014870.272898,263068078.243923,375947903.342,190980585.402382,1103789763.349742,20766084001.539467,2847.310012,69310.75265,38060.275891,147408980.087163,0.0,114328467.331017
test0_DemMd_FuelHi_REcostHi_SitingLim_BattMd_PolOBBBA,1,1,2,1,2,2,0.0,1120.999945,0.0,0.0,0.0,0.0,3855.274973,126.352727,12994.628099,0.0,94722.020889,14291.573351,27693.718915,142.0,405.8,0.0,24.4,4980.0,0.0,1270.4,5.0,0.0,589197.57102,0.0,0.0,0.0,0.0,0.0,-583822.154639,66410.993069,0.0,0.0,29951650.8243,410740306.316179,78893932.529685,56718889.159491,299689.296,443293.4232,0.0,109760.125421,38051785.555527,0.0,1289907.694852,-1172.235,34478.6,34478.6,0.0,0.0,6671672740.189538,1917738325.525564,0.0,0.0,0.0,23372131.603995,0.0,332334472.044083,0.0,4479476286.453284,7491434066.009807,0.0,0.0,0.0,171362966.74828,154525061.051672,375947903.342,157236102.652178,1291551059.232608,23066651114.85301,2494.114145,42019.13,28866.429162,85235263.153852,0.0,89477931.375863
test0_DemMd_FuelHi_REcostHi_SitingOpen_BattHi_PolIRA,2,1,2,0,2,0,424.268533,1499.53262,5777.52986,0.0,0.0,0.0,6976.506448,1153.577659,12994.628099,0.0,76731.190813,5346.086409,42922.801966,142.0,405.8,0.0,24.4,4980.0,0.0,1030.372629,5.0,222995.541059,788154.344844,40987643.293815,0.0,0.0,0.0,0.0,-394231.073929,606320.417711,0.0,0.0,26017537.7361,308626881.219236,2809903.016475,27551720.374424,299331.456,442180.6848,0.0,109437.987913,37874256.547567,0.0,558945.650067,-1776.2415,34478.6,34478.6,0.0,0.0,9223947364.303856,0.0,0.0,0.0,0.0,279021989.144861,-524675211.239961,191189494.354362,0.0,5231606777.854329,5192532406.452439,0.0,0.0,-1380015.353364,283326646.44472,283159470.772848,375947903.342,200149961.983909,840493655.483497,21575320443.54349,2898.743576,62877.135056,57148.199434999995,129821681.28925201,0.0,219651314.136531
test0_DemMd_FuelHi_REcostHi_SitingOpen_BattHi_PolOBBBA,2,1,2,1,2,0,498.659311,1355.350226,6142.93039,0.0,0.0,0.0,5700.79604,1288.747942,12994.628099,0.0,88135.758601,5062.410485,34824.955099,142.0,405.8,0.0,24.4,4980.0,0.0,1270.4,5.0,262095.333756,712372.078805,43811114.807355,0.0,0.0,0.0,0.0,-308015.902412,677365.918178,0.0,0.0,26017537.7361,375698842.544538,2660802.950869,32355337.764984,299331.456,442180.6848,0.0,106231.850747,38215816.119021,0.0,1124117.96298,-1776.2415,34478.6,34478.6,0.0,0.0,6230146629.059449,0.0,133578915.037357,0.0,0.0,319871882.472265,-560817945.824072,201301097.730008,0.0,4969155228.827921,6185891481.769085,0.0,0.0,0.0,208049997.877049,344228415.873058,375947903.342,183831694.380854,1029279994.264045,19620465294.80902,3051.646407,59400.795134,40572.304725,123271335.38604102,0.0,149343244.902816
test0_DemMd_FuelHi_REcostHi_SitingOpen_BattLo_PolIRA,0,1,2,0,2,0,0.0,1497.210742,0.0,0.0,0.0,0.0,10343.424088,242.487185,12994.628099,0.0,84652.968402,5748.745751,33103.388356,142.0,405.8,0.0,24.4,4980.0,0.0,1025.536343,5.0,0.0,786933.966122,0.0,0.0,0.0,0.0,0.0,-2667751.810853,127451.264507,0.0,0.0,26017537.7361,341671937.384176,16692722.781009,20342413.141478,299331.456,442180.6848,0.0,109437.987913,38956262.697,0.0,539021.901769,-1095.255,34478.6,34478.6,0.0,0.0,6068938873.346796,0.0,0.0,0.0,0.0,369753800.853926,0.0,81602790.210918,0.0,5074470578.564473,5111916211.704968,0.0,-0.0,-1380015.353364,284140568.696042,137279874.290104,375947903.342,197570187.296117,762703806.99466,18462944579.94664,2831.400489,62143.495553999994,58449.080651000004,131361164.94810998,0.0,221143006.293961
test0_DemMd_FuelHi_REcostHi_SitingOpen_BattLo_PolOBBBA,0,1,2,1,2,0,0.0,1824.685968,0.0,0.0,0.0,0.0,11620.762376,282.714178,12994.628099,0.0,101290.526777,3092.955554,21319.662853,142.0,405.8,0.0,24.4,4980.0,0.0,1270.4,5.0,0.0,959054.944805,0.0,0.0,0.0,0.0,0.0,-3755846.084884,148594.572189,0.0,0.0,26017537.7361,429665813.849336,14622865.000943,21053450.649315,299331.456,442180.6848,0.0,101444.269609,38103388.21674,0.0,1096419.611399,-1956.773206,34478.6,34478.6,0.0,0.0,7398625705.160118,0.0,133472923.084416,0.0,0.0,346875100.302434,0.0,75825201.63636,0.0,4746088854.08283,6218964642.598779,0.0,-0.0,0.0,199476629.984869,137616516.164317,375947903.342,178266159.150933,962007210.227049,20773166845.734108,2863.800141,58598.672798,38681.473871999995,124496409.858079,0.0,141336974.79265898
test0_DemMd_FuelHi_REcostHi_SitingOpen_BattMd_PolIRA,1,1,2,0,2,0,279.012089,1499.532604,5855.923203,0.0,0.0,0.0,6518.152524,841.561406,12994.628099,0.0,76561.26915,5410.210281,38852.139265,142.0,405.8,0.0,24.4,4980.0,0.0,1029.094807,5.0,146648.753887,788154.336818,41634906.163645,0.0,0.0,0.0,0.0,-1814486.477595,442324.675036,0.0,0.0,26017537.7361,315581033.596294,2843606.523535,22266082.615427,299331.456,442180.6848,0.0,101444.269609,38103388.21674,0.0,553056.600232,-1657.7625,34478.6,34478.6,0.0,0.0,9423626448.305569,0.0,0.0,0.0,0.0,379549461.332851,-532429304.501913,192238180.753566,0.0,5198135170.573409,5220061327.231081,0.0,0.0,-1380015.353364,281426060.76863,163207395.491519,375947903.342,196276359.205456,827036086.493896,21723695073.6427,2903.117126,60982.792375000005,57985.174755,128259687.246694,0.0,220129271.367502
test0_DemMd_FuelHi_REcostHi_SitingOpen_BattMd_PolOBBBA,1,1,2,1,2,0,556.386258,1821.088533,8204.767676,0.0,0.0,0.0,5499.176152,1475.17908,12994.628099,0.0,88145.277773,3801.755001,29924.362886,142.0,405.8,0.0,24.4,4980.0,0.0,1270.4,5.0,292436.617025,957164.13306,59716619.872045,0.0,0.0,0.0,0.0,-1592715.149036,775354.124231,0.0,0.0,26017537.7361,374279936.392602,1998202.428586,24699819.1661,299331.456,442180.6848,0.0,98900.252713,37769618.443742,0.0,1081229.00355,-1819.2345,34478.6,34478.6,0.0,0.0,6586097455.318356,0.0,133561367.079286,0.0,0.0,378475532.623821,-764759734.504909,265656530.473898,0.0,4992377156.333131,6218606741.57796,0.0,0.0,0.0,203389387.229587,259573581.81109,375947903.342,180197695.612114,1045840781.856011,19874964398.75234,2965.310952,58564.595422,39718.904867,122075931.88978401,0.0,145555265.53910598
test0_DemMd_FuelHi_REcostHi_SitingRef_BattHi_PolIRA,2,1,2,0,2,1,0.0,1478.639696,0.0,0.0,0.0,0.0,6957.266788,240.671911,12994.628099,0.0,77524.325313,4833.625054,47715.598014,142.0,405.8,0.0,24.4,4980.0,0.0,1070.191864,5.0,0.0,777173.024332,0.0,0.0,0.0,0.0,0.0,-516139.874608,126497.156558,0.0,0.0,27098575.5645,331609496.606904,6349060.875547,43583224.961264,299614.32,443076.06,0.0,99176.444954,37776182.281762,0.0,693712.319048,-1822.7775,34478.6,34478.6,0.0,0.0,6252413215.35375,0.0,0.0,0.0,0.0,241467974.069912,0.0,39141604.092283,0.0,5053178862.729013,5292700674.482321,0.0,-0.0,0.0,277533087.240046,282696301.155758,375947903.342,201681997.873836,888335712.575332,18905097332.914253,2959.587322,65039.400714999996,58011.536739,145593146.363595,0.0,202714381.09892797
test0_DemMd_FuelHi_REcostHi_SitingRef_BattHi_PolOBBBA,2,1,2,1,2,1,0.0,1811.371509,0.0,0.0,0.0,0.0,6077.286836,280.572253,12994.628099,0.0,87436.035918,9734.669376,37583.918994,142.0,405.8,0.0,24.4,4980.0,0.0,1104.2,5.0,0.0,952056.865035,0.0,0.0,0.0,0.0,0.0,-344803.248053,147468.776422,0.0,0.0,27098575.5645,383190997.030935,25948092.719542,71311983.129206,299614.32,443076.06,0.0,99040.176298,37864771.85934,0.0,950811.923676,-1671.795,34478.6,34478.6,0.0,0.0,7416202920.121428,0.0,129809954.092812,0.0,0.0,278782112.36242,0.0,122023743.997966,0.0,4749046915.185435,6722327749.848175,0.0,0.0,0.0,192018718.946589,176110032.935249,375947903.342,177536811.017674,1151864533.538948,21491671395.38869,2876.579243,55254.911276,37543.005416,120899123.294653,0.0,126412625.408187
test0_DemMd_FuelHi_REcostHi_SitingRef_BattLo_PolIRA,0,1,2,0,2,1,0.0,1478.669411,0.0,0.0,0.0,0.0,14526.609253,240.449334,12994.628099,0.0,83715.041467,4861.485029,31116.860748,142.0,405.8,0.0,24.4,4980.0,0.0,1070.320822,5.0,0.0,777188.642244,0.0,0.0,0.0,0.0,0.0,-4446986.231339,126380.169851,0.0,0.0,27098575.5645,357015008.640339,7116712.962704,19793628.036632,299614.32,443076.06,0.0,110218.706206,39048059.71494,0.0,562560.624115,-1249.84875,34478.6,34478.6,0.0,0.0,6268943035.418069,0.0,0.0,0.0,0.0,294731203.714765,0.0,42280055.166853,0.0,5058752305.438055,5181680038.431414,0.0,0.0,0.0,277010783.885313,93446819.930763,375947903.342,198333327.081677,820560385.53457,18611685857.94348,2766.020231,65289.837081000005,56729.123528,146354991.581538,0.0,202222908.358147
test0_DemMd_FuelHi_REcostHi_SitingRef_BattLo_PolOBBBA,0,1,2,1,2,1,0.0,1327.527816,0.0,0.0,0.0,0.0,12894.399229,213.758611,12994.628099,0.0,87313.888197,9631.528887,29691.989271,142.0,405.8,0.0,24.4,4980.0,0.0,1052.685557,5.0,0.0,697748.619833,0.0,0.0,0.0,0.0,0.0,-3776085.463604,112351.52598,0.0,0.0,27098575.5645,393454431.28525,50913524.313147,32696773.611042,299614.32,443076.06,0.0,110218.706206,39048059.71494,0.0,691022.783986,-864.183,34478.6,34478.6,0.0,0.0,8338394062.226159,0.0,264884433.99324,0.0,0.0,318387277.126454,0.0,220037922.25048,0.0,4720983669.59774,6482505292.835978,0.0,-0.0,0.0,194068703.814989,64671996.213053,375947903.342,174474088.346617,1105833826.664297,22260189176.41101,2813.670594,55551.75285999999,37608.532741,122481642.827127,0.0,130857689.389951
test0_DemMd_FuelHi_REcostHi_SitingRef_BattMd_PolIRA,1,1,2,0,2,1,0.0,1481.12837,0.0,0.0,0.0,0.0,6896.662426,241.112248,12994.628099,0.0,81902.28533,4862.902746,39372.540973,142.0,405.8,0.0,24.4,4980.0,0.0,1070.273599,5.0,0.0,778481.07149,0.0,0.0,0.0,0.0,0.0,-2183323.228577,126728.597444,0.0,0.0,27098575.5645,348287922.466996,6099187.4501,28544324.969054,299614.32,443076.06,0.0,99650.479732,37964261.858373,0.0,690749.378377,-2416.296,34478.6,34478.6,0.0,0.0,6238319468.833063,0.0,0.0,0.0,0.0,262625174.818675,0.0,38142068.107013,0.0,5071413340.938918,5219244623.982476,0.0,-0.0,0.0,277385099.949787,216752161.567625,375947903.342,197994218.39584,840551367.666413,18738375427.60181,2964.686645,65003.382027,57935.320372999995,144968004.413715,0.0,203364091.10622504
test0_DemMd_FuelHi_REcostHi_SitingRef_BattMd_PolOBBBA,1,1,2,1,2,1,0.0,1813.072885,0.0,0.0,0.0,0.0,6114.131451,280.845287,12994.628099,0.0,88580.611489,9180.562441,33655.604358,142.0,405.8,0.0,24.4,4980.0,0.0,1052.731149,5.0,0.0,952951.108281,0.0,0.0,0.0,0.0,0.0,-1591250.303148,147612.28299,0.0,0.0,27098575.5645,389507540.118836,27614790.6622,66200368.670028,299614.32,443076.06,0.0,101606.149006,38121704.18694,0.0,716517.739534,-1051.248,34478.6,34478.6,0.0,0.0,7420749830.564167,0.0,129286688.834518,0.0,0.0,263519211.610569,0.0,128855214.806909,0.0,4732819252.885459,6732719518.794581,0.0,0.0,0.0,191550267.539588,82310782.101579,375947903.342,173752185.570256,1143587619.487974,21375098475.5376,2814.098085,55273.645079,37005.232083,120667889.651536,0.0,124899683.83764301
test0_DemMd_FuelHi_REcostLo_SitingLim_BattHi_PolIRA,2,1,2,0,0,2,1002.508601,1052.732359,0.0,0.0,0.0,0.0,2456.213249,1140.665698,12994.628099,0.0,61637.492492,0.0,58659.555328,142.0,405.8,0.0,24.4,4980.0,0.0,1015.944362,5.0,526918.520932,553316.128124,0.0,0.0,0.0,0.0,0.0,-492888.65509,599533.890674,0.0,0.0,29951650.8243,195537094.150564,0.0,47206160.922967,299689.296,443293.4232,0.0,93899.291602,37214297.628511,0.0,535223.066853,-2507.802,39288.701758,39288.701758,0.0,0.0,6965369021.32263,669536884.791746,290173930.656923,0.0,0.0,0.0,0.0,14924430.636954,0.0,5175047128.203394,3518856910.165214,0.0,0.0,-420241917.211553,399453618.57611,294430260.037017,416074224.204586,236616605.394223,518034982.518435,18078276079.29568,3086.68536,90125.631309,85635.465367,200026264.771603,0.0,281094065.690212
test0_DemMd_FuelHi_REcostLo_SitingLim_BattHi_PolOBBBA,2,1,2,1,0,2,255.021952,1876.709195,0.0,0.0,0.0,0.0,2305.723837,457.925623,12994.628099,0.0,75580.33441,6737.094752,44028.827117,142.0,405.8,0.0,24.4,4980.0,0.0,1095.2,5.0,134039.538117,986398.352857,0.0,0.0,0.0,0.0,0.0,-653487.496972,240685.707453,0.0,0.0,29951650.8243,302476124.387575,12800395.892084,39919416.203812,299689.296,443293.4232,0.0,94709.54821,37390456.70748,0.0,867399.10348,-2515.008,34478.6,34478.6,0.0,0.0,10703547359.581917,111907930.1715,1171621509.861156,0.0,0.0,220987736.251745,0.0,69788557.897291,0.0,4778483340.580604,4947588250.031604,0.0,0.0,0.0,299506725.127354,169050073.19564,375947903.342,200961183.465131,780555508.725206,23829946078.231144,3078.374145,65607.807136,65934.197623,146203198.470254,0.0,221850557.744547
test0_DemMd_FuelHi_REcostLo_SitingLim_BattLo_PolIRA,0,1,2,0,0,2,625.138926,1424.088589,0.0,0.0,0.0,0.0,30726.6859,1140.097962,12994.628099,0.0,62493.667394,0.0,33235.666484,142.0,405.8,0.0,24.4,4980.0,0.0,1015.562031,5.0,328573.019562,748500.962603,0.0,0.0,0.0,0.0,0.0,-10170255.540584,599235.488761,0.0,0.0,29951650.8243,215314490.999555,0.0,17468666.303969,299689.296,443293.4232,0.0,104035.036435,38265347.95884,0.0,533779.40342,-3143.367,37736.310665000005,37736.310665000005,0.0,0.0,8008208455.578093,212042075.042581,626603065.103864,0.0,0.0,57680961.345607,0.0,17885143.654366,0.0,5228914724.749237,3243328899.5114,0.0,-0.0,-452153282.725207,385336934.815267,123995258.506341,403538644.360202,241522198.391317,440631359.916816,18537534438.24988,2602.293238,105768.06305000001,73330.28169399999,252492369.056803,0.0,247021078.84915203
test0_DemMd_FuelHi_REcostLo_SitingLim_BattLo_PolOBBBA,0,1,2,1,0,2,16.62681,1805.100883,0.0,0.0,0.0,0.0,14770.158267,218.224838,12994.628099,0.0,77276.278875,7429.263798,31640.055329,142.0,405.8,0.0,24.4,4980.0,0.0,1015.341199,5.0,8739.051457,948761.024164,0.0,-0.0,0.0,0.0,0.0,-4151797.309867,114698.974988,0.0,0.0,29951650.8243,329315787.133925,12522102.763008,20125015.607012,299689.296,443293.4232,0.0,104913.202464,38476611.97092,0.0,533663.333993,-1151.931,34478.6,34478.6,0.0,0.0,13866910359.865124,11354560.71984,2192248119.200535,0.0,0.0,698559069.763496,0.0,66709227.07672,0.0,4720437331.543161,4921494993.674123,0.0,-0.0,0.0,272086390.57228,143361875.686724,375947903.342,199221029.622993,787792546.287227,28256123407.354225,2776.074027,65943.630523,61349.08657399999,155914207.39134198,0.0,208086243.866794
test0_DemMd_FuelHi_REcostLo_SitingLim_BattMd_PolIRA,1,1,2,0,0,2,625.135044,1424.088431,0.0,0.0,0.0,0.0,9337.932379,1139.975665,12994.628099,0.0,63867.340796,0.0,50910.914459,142.0,405.8,0.0,24.4,4980.0,0.0,1015.562031,5.0,328570.979086,748500.879485,0.0,0.0,0.0,0.0,0.0,-2818230.996482,599171.209597,0.0,0.0,29951650.8243,201988189.134773,0.0,41673685.851334,299689.296,443293.4232,0.0,94019.629997,37196528.317342,0.0,533997.513862,-3181.437,37785.846018,37785.846018,0.0,0.0,7514328739.944005,361543313.376,418498314.402918,0.0,0.0,0.0,0.0,17884343.41958,0.0,5216785594.727526,3493922577.384454,0.0,0.0,-445956896.852034,387954401.211258,219346607.45517,405099051.374941,237574204.522423,499072416.019356,18326052666.9856,2985.468446,94237.08103100001,81695.205274,212806534.634563,0.0,269656273.89116895
test0_DemMd_FuelHi_REcostLo_SitingLim_BattMd_PolOBBBA,1,1,2,1,0,2,0.0,1837.071932,0.0,0.0,0.0,0.0,3515.793618,195.856062,12994.628099,0.0,76332.220961,7495.969104,42213.392958,142.0,405.8,0.0,24.4,4980.0,0.0,1015.341199,5.0,0.0,965565.007515,0.0,0.0,-0.0,0.0,0.0,-1085395.245131,102941.946368,0.0,0.0,29951650.8243,311425162.249987,15972254.5021,33390838.603036,299689.296,443293.4232,0.0,94784.847336,37397194.275918,0.0,533663.333993,-1848.408,34478.6,34478.6,0.0,0.0,10537870858.803743,111907930.1715,891218582.848778,0.0,0.0,175932250.256508,0.0,80946883.380922,0.0,4743607939.173036,4975155132.965302,0.0,-0.0,0.0,281897593.66684,163802818.508554,375947903.342,199910147.326461,786174121.69689,23324372162.140533,3030.557337,63168.262313,66276.253873,141307726.282812,0.0,222243056.916157
test0_DemMd_FuelHi_REcostLo_SitingOpen_BattHi_PolIRA,2,1,2,0,0,0,420.850825,1506.197898,0.0,764.503629,1671.160081,61.882967,6096.683818,1145.763122,12994.628099,884.754791,62163.758073,0.0,56211.155622,142.0,405.8,0.0,24.4,4980.0,0.0,1025.598401,5.0,221199.193377,791657.615387,0.0,401823.107145,0.0,878361.738537,32525.687717,-855239.350204,602213.097044,0.0,0.0,26017537.7361,197443981.714854,0.0,31100859.982883,299331.456,442180.6848,0.0,95291.112572,36484700.710438,0.0,540198.704961,-2650.13475,42999.44785599999,42999.44785599999,9657271.12494,0.0,5150250787.888699,0.0,81307455.386497,0.0,0.0,198529737.511409,0.0,18561710.335842,15710210.37581,5183009190.829411,3246440058.368896,3396537.692329,22391826.090914,-47492753.476473,378942083.717623,344183612.08052,465910224.671559,238195854.05186,461576553.833347,15770570360.483185,3256.680862,85415.237919,80693.754576,186745036.35386,0.0,319999719.1900461
test0_DemMd_FuelHi_REcostLo_SitingOpen_BattHi_PolOBBBA,2,1,2,1,0,0,117.305923,1897.198401,0.0,0.0,0.0,0.0,4082.463519,461.098883,12994.628099,0.0,76515.097203,5170.984047,43210.130173,142.0,405.8,0.0,24.4,4980.0,0.0,1137.34452,5.0,61655.993028,997167.479627,0.0,0.0,0.0,0.0,0.0,-741469.154237,242353.572955,0.0,0.0,26017537.7361,296542889.380599,2717869.215239,26903221.170356,299331.456,442180.6848,0.0,102841.548613,38384049.3345,0.0,957273.966768,-2630.022,35493.119682,35493.119682,0.0,0.0,9067754632.71464,0.0,1155017024.008938,0.0,387483945.918609,590188070.213105,0.0,28734042.581165,0.0,4741317168.232284,4500861954.125931,0.0,-0.0,0.0,290732210.767812,177911990.397842,384433873.510841,197572040.645161,667886915.933626,22189893869.04995,2757.457169,57697.863821,67665.752754,128230258.264882,0.0,274896181.010573
test0_DemMd_FuelHi_REcostLo_SitingOpen_BattLo_PolIRA,0,1,2,0,0,0,420.883247,1505.954329,0.0,165.163606,1679.164137,62.104908,19025.44383,1146.088927,12994.628099,840.214705,62684.270039,0.0,43716.286152,142.0,405.8,0.0,24.4,4980.0,0.0,1025.281177,5.0,221216.234601,791529.595336,0.0,86809.991489,0.0,882568.670307,32642.33967,-5592599.805307,602384.340277,0.0,0.0,26017537.7361,205321783.161939,0.0,22977280.00173,299331.456,442180.6848,0.0,100935.497563,38080711.422,0.0,538887.786709,-2327.439,41990.007904,41990.007904,0.0,0.0,5722288550.239269,379892911.605097,184395578.266461,0.0,0.0,320912219.050237,0.0,18561626.031705,14919331.221111,5173293403.008144,3218669752.551587,3450643.440696,17734352.09333,-21646111.526032,368491515.855256,131288719.891143,463218960.090903,239489726.230354,461507916.726216,16696469094.775476,2829.514011,90004.728131,75133.364629,200407536.14418098,0.0,309250300.63936204
test0_DemMd_FuelHi_REcostLo_SitingOpen_BattLo_PolOBBBA,0,1,2,1,0,0,0.0,1827.208984,0.0,0.0,0.0,0.0,8617.847202,283.11762,12994.628099,0.0,83248.900147,4428.022636,33972.039435,142.0,405.8,0.0,24.4,4980.0,0.0,1033.700296,5.0,0.0,960381.042149,0.0,0.0,0.0,0.0,0.0,-2203403.10286,148806.620822,0.0,0.0,26017537.7361,306503353.1185,2327368.697654,19925388.305097,299331.456,442180.6848,0.0,109437.987913,38861310.289638,0.0,543312.875395,-916.77375,34702.446894,34702.446894,0.0,0.0,9420006967.8208,111180073.7151,1108700275.591711,0.0,85495707.213327,621546926.234491,0.0,25562456.322663,0.0,4699192626.138353,4466515666.635784,0.0,0.0,0.0,282288285.024036,146951484.447804,377820275.161834,195718264.466381,624012048.086959,22164991056.859245,2711.331606,58328.433938999995,64819.434818,131169063.030564,0.0,271022266.097754
test0_DemMd_FuelHi_REcostLo_SitingOpen_BattMd_PolIRA,1,1,2,0,0,0,420.833904,1506.196778,0.0,463.687103,1657.891101,150.992498,6399.56699,1145.365859,12994.628099,931.688389,61344.286019,0.0,55992.711699,142.0,405.8,0.0,24.4,4980.0,0.0,1025.598401,5.0,221190.30011,791657.026438,0.0,243713.941181,0.0,871387.562571,79361.657153,-1808175.489546,602004.295648,0.0,0.0,26017537.7361,192441086.3512,0.0,30025132.80724,299331.456,442180.6848,0.0,95953.232843,37714821.246,0.0,539809.002843,-2488.66275,43372.98508599999,43372.98508599999,0.0,0.0,5762200775.609703,0.0,233870488.298776,0.0,0.0,347813380.845421,0.0,18559433.781103,16543590.097949,5182751870.232398,3174489782.380059,3551680.460689,21034356.051408,-47483693.970988,378192725.899973,311379833.027119,470339973.532577,238378736.627485,446413349.005686,16558036281.87936,3325.469353,87260.772839,78999.022863,193536708.199721,0.0,318965372.84970003
test0_DemMd_FuelHi_REcostLo_SitingOpen_BattMd_PolOBBBA,1,1,2,1,0,0,0.0,1827.209507,0.0,0.0,0.0,0.0,5527.245547,281.317051,12994.628099,0.0,78077.360388,4636.579675,41617.998671,142.0,405.8,0.0,24.4,4980.0,0.0,1032.200296,5.0,0.0,960381.317088,0.0,0.0,0.0,0.0,0.0,-1474939.236626,147860.241862,0.0,0.0,26017537.7361,302298055.034427,2436986.277169,23995317.431185,299331.456,442180.6848,0.0,106603.824463,38372267.613421,0.0,542524.475395,-1973.89575,34962.072247000004,34962.072247000004,0.0,0.0,8900002983.347845,0.0,1012144331.078812,0.0,184656579.164366,534628187.741511,0.0,26000488.230595,0.0,4713698280.90004,4498573902.086362,0.0,-0.0,0.0,284904734.550735,152020894.318271,379991916.619903,195554132.335822,659912400.282524,21542088830.656788,2754.160179,58025.759991,65224.060527,129002892.169646,0.0,272942524.01341504
test0_DemMd_FuelHi_REcostLo_SitingRef_BattHi_PolIRA,2,1,2,0,0,1,555.91077,1244.900861,0.0,0.0,1842.280383,41.339547,5331.127241,1370.539846,12994.628099,642.000545,58364.342604,0.0,59046.899148,142.0,405.8,0.0,24.4,4980.0,0.0,1097.855279,5.0,292186.700458,654319.892592,0.0,0.0,0.0,968302.569466,21728.066044,-748175.522092,720355.743199,0.0,0.0,27098575.5645,197969912.840938,0.0,40687584.772573,299614.32,443076.06,0.0,88551.448486,36670510.8387,0.0,757190.693265,-2928.08475,40140.420162,40140.420162,0.0,0.0,5322070691.606871,921186737.856,220501773.339199,0.0,0.0,357548961.658077,0.0,17888770.45175,11399727.619581,5095873610.509594,3455416319.183328,1914434.571346,17572384.58082,-246192712.060788,360192254.164187,502656405.178257,433579160.413192,237513395.774828,558261256.984447,17267383171.83069,3175.052397,91465.33381099999,77282.039976,213619302.371831,0.0,280956113.245607
test0_DemMd_FuelHi_REcostLo_SitingRef_BattHi_PolOBBBA,2,1,2,1,0,1,525.191839,1896.810714,0.0,0.0,0.0,0.0,5449.558612,1384.134833,12994.628099,0.0,72625.47856,2566.229174,46589.3749,142.0,405.8,0.0,24.4,4980.0,0.0,1115.4,5.0,276040.830455,996963.711377,0.0,0.0,0.0,0.0,0.0,-685667.251912,727501.268355,0.0,0.0,27098575.5645,296360634.475222,1348810.054077,38812762.498841,299614.32,443076.06,0.0,101394.717619,37838444.066391,0.0,860863.164072,-2231.184,34478.6,34478.6,0.0,0.0,8689277844.857386,189277338.630324,929876977.593484,0.0,0.0,532840006.875948,0.0,28400649.314959,0.0,4770256207.704498,4712472458.655346,0.0,-0.0,0.0,274674376.967848,225647838.744431,375947903.342,198382942.1341,771518420.785649,21698572965.60597,2714.399326,60249.532454,68006.862358,140102799.907777,0.0,252125307.270364
test0_DemMd_FuelHi_REcostLo_SitingRef_BattLo_PolIRA,0,1,2,0,0,1,575.277689,1207.358643,0.0,0.0,1881.408285,42.217551,24109.246983,1405.040824,12994.628099,661.36075,62311.495118,0.0,36048.505674,142.0,405.8,0.0,24.4,4980.0,0.0,1097.622785,5.0,302365.953365,634587.702968,0.0,0.0,0.0,988868.194813,22189.545008,-8377733.384022,738489.456922,0.0,0.0,27098575.5645,223185764.969847,0.0,18947094.58213,299614.32,443076.06,0.0,99730.038302,38004162.9498,0.0,729714.269778,-1864.62,38935.764276,38935.764276,0.0,0.0,6539734560.597534,539335367.7129,346234997.84548,0.0,0.0,447457232.484137,0.0,17789325.543682,11743498.449418,5112484671.621586,3376418011.321612,1955094.944857,17945601.681695,-246369178.64978,353550859.480442,102903767.228388,425337572.337091,236834520.766113,511563069.860151,17794918973.225304,2949.869474,92638.178399,74377.46927599999,223393540.558002,0.0,274091518.420946
test0_DemMd_FuelHi_REcostLo_SitingRef_BattLo_PolOBBBA,0,1,2,1,0,1,0.0,1424.481422,0.0,0.0,0.0,0.0,13381.942034,229.328972,12994.628099,0.0,72949.595281,3770.170897,36123.634951,142.0,405.8,0.0,24.4,4980.0,0.0,1158.9,5.0,0.0,748707.435617,0.0,0.0,0.0,0.0,0.0,-4618805.270057,120535.307872,0.0,0.0,27098575.5645,304162868.406439,1981601.823484,21279139.205588,299614.32,443076.06,0.0,106008.85132,38708260.55262,0.0,873061.776521,-2170.36425,35041.255651,35041.255651,0.0,0.0,9758561363.695192,303751559.856332,1186915582.123971,0.0,214899755.866115,659964785.327671,0.0,20782617.920928,0.0,4694412267.478094,4492191494.983194,0.0,0.0,0.0,275772685.466169,96361495.446271,380654247.79002,198427314.087825,721032219.611784,23003727389.653564,2710.162355,63904.324489,68417.02791100001,152061667.430374,0.0,253873983.210291
test0_DemMd_FuelHi_REcostLo_SitingRef_BattMd_PolIRA,1,1,2,0,0,1,430.712526,1487.059685,0.0,68.552997,0.0,0.30108,6033.369386,1144.88941,12994.628099,37.909154,57213.149972,0.0,59140.864316,142.0,405.8,0.0,24.4,4897.854151,0.0,1015.422785,5.0,226382.503427,781598.570601,0.0,36031.45535,0.0,0.0,158.247409,-1765831.818067,601753.874142,0.0,0.0,27098575.5645,196145511.378265,0.0,41049214.833035,299614.32,443076.06,0.0,90060.991795,36489818.536153,0.0,533706.215536,-2914.24125,37949.685712,37949.685712,0.0,0.0,6481869383.840244,451241040.526004,561356888.014872,0.0,0.0,339843585.235752,0.0,18426032.298784,673136.540927,5091934741.523553,3429420033.309037,140758.785359,542084.981818,-113471581.348405,362364364.256598,465771552.892385,404439080.103364,230428907.505814,548831463.933339,18273811472.399445,3054.024278,93603.36564799999,76654.831497,221434420.220802,0.0,273523232.444901
test0_DemMd_FuelHi_REcostLo_SitingRef_BattMd_PolOBBBA,1,1,2,1,0,1,319.212326,1830.659018,0.0,0.0,0.0,0.0,5411.467624,939.379083,12994.628099,0.0,74941.388485,2472.601277,41986.221091,142.0,405.8,0.0,24.4,4980.0,0.0,1115.4,5.0,167777.998562,962194.379884,0.0,0.0,0.0,0.0,0.0,-1834950.64701,493737.646264,0.0,0.0,27098575.5645,303303641.898771,1299599.230967,32706635.427955,299614.32,443076.06,0.0,95010.55725,37400044.006026,0.0,865523.380686,-2801.559,34478.6,34478.6,0.0,0.0,8401885748.268884,539335367.7129,816085531.551338,0.0,0.0,485764153.184417,0.0,25132701.662439,0.0,4730042146.414366,4678756338.909952,0.0,0.0,0.0,271377213.417809,168117691.087466,375947903.342,196030082.350824,745333667.62707,21433808545.52946,2699.065315,60396.771141,68664.328101,140979520.81271,0.0,252403125.641348
test0_DemMd_FuelHi_REcostMd_SitingLim_BattHi_PolIRA,2,1,2,0,1,2,597.282128,1423.408141,0.0,0.0,0.0,0.0,2919.488575,1097.747515,12994.628099,0.0,68878.372612,2882.747403,53880.771064,142.0,405.8,0.0,24.4,4980.0,0.0,1149.0,5.0,313931.486214,748143.318825,0.0,0.0,0.0,0.0,0.0,-476923.306084,576976.093997,0.0,0.0,29951650.8243,270211259.222701,1515172.034828,55214059.055028,299689.296,443293.4232,0.0,94012.240291,37244943.50364,0.0,1001898.020263,-1828.683,34694.412219,34694.412219,0.0,0.0,5514077009.32027,2226008676.87834,0.0,0.0,0.0,172113685.654816,0.0,23833752.954576,0.0,5243429772.58866,4678025578.831924,0.0,-0.0,-258462607.75132,345684017.469774,300217462.852245,376683680.572596,221816316.259346,751880154.529622,19595307500.16085,3090.481515,82942.818759,68347.385149,180712434.044626,0.0,214849034.968216
test0_DemMd_FuelHi_REcostMd_SitingLim_BattHi_PolOBBBA,2,1,2,1,1,2,51.831264,1743.106317,0.0,0.0,0.0,0.0,2700.444116,266.004315,12994.628099,0.0,92790.459801,6490.661332,33201.75001,142.0,405.8,0.0,24.4,4980.0,0.0,1104.2,5.0,27242.512097,916176.680212,0.0,0.0,0.0,0.0,0.0,-378623.009579,139811.868016,0.0,0.0,29951650.8243,401313398.897162,20792811.277245,58566275.867506,299689.296,443293.4232,0.0,98477.831246,37658007.54972,0.0,1014305.201852,-1256.895,34478.6,34478.6,0.0,0.0,9160028011.683275,1438688535.636946,572164628.948258,0.0,0.0,142289893.244039,0.0,100312058.785121,0.0,4585217259.358141,6634271990.972176,0.0,-0.0,0.0,208408790.217144,167337284.784187,375947903.342,170776451.795284,1118924541.302852,24674367350.06942,2861.135148,48794.246767000004,43070.783997,105432690.917339,0.0,135902523.457967
test0_DemMd_FuelHi_REcostMd_SitingLim_BattLo_PolIRA,0,1,2,0,1,2,396.827012,1422.694988,0.0,0.0,0.0,0.0,25780.62931,780.861953,12994.628099,0.0,71006.44528,2969.501243,30711.592638,142.0,405.8,0.0,24.4,4980.0,0.0,1062.19297,5.0,208572.277569,747768.485716,0.0,0.0,0.0,0.0,0.0,-8074452.12573,410421.042276,0.0,0.0,29951650.8243,291363974.624166,1560769.853454,24124759.522015,299689.296,443293.4232,0.0,104913.202464,38448225.884727,0.0,695922.421783,-1151.931,34723.848549,34723.848549,0.0,0.0,6014502846.667695,1969666620.792556,0.0,0.0,0.0,106278083.31787,0.0,22201132.080461,0.0,5258764277.717735,4377961790.28101,0.0,-0.0,-240730429.396914,338784950.197943,144626054.644856,376784039.029449,225034454.720948,683663447.474279,19277537267.527885,2447.460505,92024.75829,61962.197614,213662733.520315,0.0,198961511.510987
test0_DemMd_FuelHi_REcostMd_SitingLim_BattLo_PolOBBBA,0,1,2,1,1,2,0.0,1121.126583,0.0,0.0,0.0,0.0,8355.093975,126.381367,12994.628099,0.0,97854.629669,9231.021509,22733.951992,142.0,405.8,0.0,24.4,4980.0,0.0,1270.4,5.0,0.0,589264.131911,0.0,0.0,0.0,-0.0,0.0,-1654817.735901,66426.046717,0.0,0.0,29951650.8243,411044483.527578,31375750.714139,41391291.63514,299689.296,443293.4232,0.0,109183.155898,38045094.863047,0.0,1055890.912847,-1151.931,34478.6,34478.6,0.0,0.0,9507151105.888493,709196777.48087,591695596.805974,0.0,0.0,221294062.94139,0.0,137999654.09052,0.0,4567815877.320058,6568600985.000469,0.0,-0.0,0.0,191183467.829037,179923932.702362,375947903.342,170933600.719436,1060363216.071375,24282106180.191982,2661.409463,50156.991431999995,39288.803891,112019668.535335,0.0,127150709.132621
test0_DemMd_FuelHi_REcostMd_SitingLim_BattMd_PolIRA,1,1,2,0,1,2,625.398623,1423.408347,0.0,0.0,0.0,0.0,6378.354612,1140.548808,12994.628099,0.0,70744.688715,2555.356134,48974.995027,142.0,405.8,0.0,24.4,4980.0,0.0,1051.262031,5.0,328709.516276,748143.427109,0.0,0.0,0.0,0.0,0.0,-1997122.352589,599472.453236,0.0,0.0,29951650.8243,269811298.936609,1343095.184231,54006408.782682,299689.296,443293.4232,0.0,94049.889854,37253533.59472,0.0,681905.421854,-1821.069,34731.897219,34731.897219,0.0,0.0,5532648800.586152,1942775079.142279,0.0,0.0,0.0,152706120.342018,0.0,23375038.456983,0.0,5275561755.47964,4636188713.177391,0.0,-0.0,-258680991.617568,341470672.342975,237542834.100145,376811479.682496,223401420.899759,729339132.79604,19213140055.388306,3008.201526,86731.468598,66140.019143,191843897.33316302,0.0,207305967.521418
test0_DemMd_FuelHi_REcostMd_SitingLim_BattMd_PolOBBBA,1,1,2,1,1,2,51.831263,1743.106314,0.0,0.0,0.0,0.0,3878.823671,266.004314,12994.628099,0.0,93725.591861,6701.45076,31865.798714,142.0,405.8,0.0,24.4,4980.0,0.0,1104.2,5.0,27242.511675,916176.678717,0.0,0.0,0.0,-0.0,-0.0,-622758.297645,139811.867195,0.0,0.0,29951650.8243,404896911.516217,22005337.106548,54018138.126765,299689.296,443293.4232,0.0,98477.831246,37658007.54972,0.0,1002945.828726,-1172.235,34478.6,34478.6,0.0,0.0,9289296682.049517,1127967220.562042,587179880.984439,0.0,0.0,228072138.51251,0.0,105270953.525683,0.0,4581043589.538984,6612042002.275628,0.0,-0.0,0.0,198871303.88907,170562497.435893,375947903.342,171442936.057185,1118776640.980009,24566473749.15296,2857.065293,47942.068858,42810.119818,103326775.946725,0.0,137976807.199462
test0_DemMd_FuelHi_REcostMd_SitingOpen_BattHi_PolIRA,2,1,2,0,1,0,678.864852,1442.877038,0.0,0.0,53.655257,0.0,4762.359016,1689.353898,12994.628099,20.094574,76375.141295,0.0,50151.435838,142.0,405.8,0.0,24.4,4980.0,0.0,1097.898401,5.0,356811.366006,758376.170993,0.0,0.0,0.0,28201.203004,0.0,-477290.838655,887924.408756,0.0,0.0,26017537.7361,294749917.356275,0.0,28825688.649022,299331.456,442180.6848,0.0,105001.620838,37620829.723734,0.0,827083.949036,-2016.71025,35637.412601,35637.412601,0.0,0.0,5208799178.271179,0.0,0.0,0.0,0.0,287895347.522669,0.0,21318847.406976,356810.705548,5110326641.732403,4454326366.14143,54097.630437,496556.205771,-44531801.572381,315772977.814704,421035903.331735,387216557.646383,210713500.906103,687840099.484431,17061621083.22739,3103.686197,74939.341745,62195.27699499999,164892026.823751,0.0,240835781.096353
test0_DemMd_FuelHi_REcostMd_SitingOpen_BattHi_PolOBBBA,2,1,2,1,1,0,0.0,1848.782654,0.0,0.0,0.0,0.0,4431.431627,286.579783,12994.628099,0.0,92268.430027,3245.645164,35247.709462,142.0,405.8,0.0,24.4,4980.0,0.0,1104.2,5.0,0.0,971720.163033,0.0,0.0,0.0,0.0,0.0,-594629.84685,150626.333725,0.0,0.0,26017537.7361,383915597.29135,8744463.948543,23477876.669325,299331.456,442180.6848,0.0,109437.987913,38795340.143968,0.0,868010.831518,-1942.3215,34478.6,34478.6,0.0,0.0,7548832821.381038,0.0,241992070.601298,0.0,0.0,285251145.923862,0.0,51998549.165159,0.0,4705083854.658218,5598798528.561313,0.0,0.0,0.0,232084426.410521,169963131.823764,375947903.342,179900061.778854,860316070.770312,20250168564.41634,2623.006273,47445.275094000004,53686.559075,102046275.161389,0.0,210261969.957795
test0_DemMd_FuelHi_REcostMd_SitingOpen_BattLo_PolIRA,0,1,2,0,1,0,678.084032,1444.875011,0.0,0.0,0.0,0.0,16975.960603,1687.989895,12994.628099,0.0,78072.508005,0.0,35542.054997,142.0,405.8,0.0,24.4,4980.0,0.0,1096.081177,5.0,356400.967106,759426.305902,0.0,0.0,0.0,0.0,0.0,-4723670.325397,887207.488574,0.0,0.0,26017537.7361,299069353.804082,0.0,20995917.712497,299331.456,442180.6848,0.0,107535.609721,38188610.807868,0.0,683090.896103,-1282.23,35531.588077,35531.588077,0.0,0.0,5302773752.403744,196046457.015252,0.0,0.0,0.0,332058961.318428,0.0,21326879.304525,0.0,5121819845.735847,4360281157.90334,0.0,0.0,-33323402.534488,312860451.506385,175898910.866537,385840358.466051,211150936.151524,646813648.267724,17033547956.40487,2903.527973,77555.671534,60204.597207,173412982.234,0.0,239658363.24071702
test0_DemMd_FuelHi_REcostMd_SitingOpen_BattLo_PolOBBBA,0,1,2,1,1,0,0.0,1316.69683,0.0,0.0,0.0,0.0,6443.266625,215.60576,12994.628099,0.0,95824.314911,9606.676765,24756.321915,142.0,405.8,0.0,24.4,4980.0,0.0,1270.4,5.0,0.0,692055.854083,0.0,0.0,0.0,0.0,0.0,-1818487.017624,113322.3873,0.0,0.0,26017537.7361,392814278.124681,24266344.4249,16720675.799601,299331.456,442180.6848,0.0,109437.987913,38956262.697,0.0,762503.931842,-1224.234,34478.6,34478.6,0.0,0.0,6448679301.760614,12878139.102192,400747550.506297,0.0,0.0,454027681.076783,0.0,111044159.427638,0.0,4725919394.684286,5780401657.218002,0.0,0.0,0.0,207511142.900984,127618354.549139,375947903.342,176453934.948848,877684301.37546,19698913520.89224,2624.774315,46757.984593,48658.450812,102068163.64314899,0.0,194050735.918753
test0_DemMd_FuelHi_REcostMd_SitingOpen_BattMd_PolIRA,1,1,2,0,1,0,678.825694,1443.437628,0.0,0.0,0.0,0.0,6676.462113,1689.353898,12994.628099,0.0,79865.400658,0.0,44532.659585,142.0,405.8,0.0,24.4,4980.0,0.0,1107.798401,5.0,356790.784723,758670.817519,0.0,0.0,0.0,0.0,0.0,-1873286.873549,887924.408756,0.0,0.0,26017537.7361,297205713.323574,0.0,23516192.49347,299331.456,442180.6848,0.0,97007.902534,37638725.142945,0.0,814666.28938,-2582.62125,36104.350391,36104.350391,0.0,0.0,5300615795.092039,324117546.520663,0.0,0.0,0.0,332901736.991385,0.0,21323321.716422,0.0,5131909363.050238,4379551880.737326,0.0,-0.0,-26001301.955631,314084834.215218,346163419.882384,393378419.131265,210974071.252815,646091722.327789,17375110808.96191,2957.13427,76932.399735,60333.251065000004,170574451.63812402,0.0,239424419.33637998
test0_DemMd_FuelHi_REcostMd_SitingOpen_BattMd_PolOBBBA,1,1,2,1,1,0,0.0,1317.418832,0.0,0.0,0.0,0.0,6278.463637,215.723947,12994.628099,0.0,93592.317513,10527.992155,27376.320482,142.0,405.8,0.0,24.4,4980.0,0.0,1270.4,5.0,0.0,692435.338047,0.0,0.0,0.0,0.0,0.0,-1483673.108139,113384.506733,0.0,0.0,26017537.7361,384973587.78879,27744570.239327,17824074.103958,299331.456,442180.6848,0.0,112272.151363,39015879.694654,0.0,761384.579381,-1746.525,34478.6,34478.6,0.0,0.0,6397949249.543372,12878139.102192,361275117.114668,0.0,0.0,464139443.168609,0.0,125286695.139698,0.0,4768081037.265555,5751514123.260258,0.0,-0.0,0.0,210267405.208422,136878838.616782,375947903.342,177737838.617285,882870697.294309,19664826487.67316,2612.618817,45807.766074,49729.952139,100186115.64086601,0.0,198757452.94573703
test0_DemMd_FuelHi_REcostMd_SitingRef_BattHi_PolIRA,2,1,2,0,1,1,430.802735,1486.772338,0.0,0.0,0.0,0.0,4414.765153,1142.665829,12994.628099,0.0,65986.10822,0.0,57424.115919,142.0,405.8,0.0,24.4,4980.0,0.0,1107.854987,5.0,226429.917771,781447.540984,0.0,0.0,0.0,0.0,0.0,-571279.049194,600585.159757,0.0,0.0,27098575.5645,267011590.036288,0.0,43475445.744558,299614.32,443076.06,0.0,94310.040775,37231858.013854,0.0,832873.229846,-2896.614,36232.297291,36232.297291,0.0,0.0,5046753066.188818,635758763.190204,0.0,0.0,0.0,275489007.192643,0.0,18388991.576004,0.0,5142103991.840394,4382425562.151266,0.0,-0.0,-3692674.401141,326002979.582772,403633972.232923,388400261.5941,215930096.881669,741937507.585725,17573131525.615376,3079.92531,77588.302563,69532.433151,176657233.36331597,0.0,242449197.14159402
test0_DemMd_FuelHi_REcostMd_SitingRef_BattHi_PolOBBBA,2,1,2,1,1,1,0.0,1337.007929,0.0,0.0,0.0,0.0,4551.509794,215.744217,12994.628099,0.0,83494.055487,5155.187534,40713.671745,142.0,405.8,0.0,24.4,4980.0,0.0,1104.2,5.0,0.0,702731.367502,0.0,0.0,0.0,0.0,0.0,-458144.015285,113395.160211,0.0,0.0,27098575.5645,361544242.050033,11932829.625122,39229794.368499,299614.32,443076.06,0.0,107652.733498,38153713.306605,0.0,890619.656238,-1953.37875,34478.6,34478.6,0.0,0.0,8547722804.331339,0.0,775502764.635448,0.0,0.0,404829603.494604,0.0,60704867.487927,0.0,4743332793.031447,5662628634.1186,0.0,-0.0,0.0,232706099.431174,215281917.40057,375947903.342,184937506.499644,934698964.01915,22138293857.791904,2752.402877,53487.84709,54458.866734,120955542.830328,0.0,195200231.699262
test0_DemMd_FuelHi_REcostMd_SitingRef_BattLo_PolIRA,0,1,2,0,1,1,580.608096,1197.105006,0.0,0.0,0.0,0.0,23103.177286,1414.548928,12994.628099,0.0,72526.226243,0.0,34920.12544,142.0,405.8,0.0,24.4,4980.0,0.0,1060.973599,5.0,305167.615006,629198.391139,0.0,0.0,0.0,0.0,0.0,-7772890.928683,743486.916543,0.0,0.0,27098575.5645,296717978.270817,0.0,21269616.141384,299614.32,443076.06,0.0,99351.963394,37840014.075441,0.0,680614.91215,-2234.208,35220.857818,35220.857818,0.0,0.0,5521757069.843449,288855793.327983,0.0,0.0,0.0,201287021.40367,0.0,17762655.143357,0.0,5121093234.225485,4339235757.298302,0.0,-0.0,-48428558.888248,320010030.995046,111360399.816111,382156533.701668,213874244.731795,682577010.128473,17151541191.727089,2817.135812,85059.483466,57795.04682799999,200366496.353766,0.0,217915613.527264
test0_DemMd_FuelHi_REcostMd_SitingRef_BattLo_PolOBBBA,0,1,2,1,1,1,0.0,1715.444975,0.0,0.0,0.0,0.0,11923.931762,265.143637,12994.628099,0.0,85632.565681,3657.95434,31264.441884,142.0,405.8,0.0,24.4,4980.0,0.0,1060.185557,5.0,0.0,901637.879077,0.0,0.0,0.0,0.0,0.0,-3783343.160585,139359.495348,0.0,0.0,27098575.5645,368736133.818751,16842981.474732,18721097.484285,299614.32,443076.06,0.0,110218.706206,38712171.191768,0.0,699231.42985,-1137.396,34478.6,34478.6,0.0,0.0,9166574325.51865,126098445.37563,887245416.828324,0.0,0.0,500881593.986923,0.0,83932663.206507,0.0,4736229651.315481,5443408088.296578,0.0,0.0,0.0,235118470.421248,91859619.056956,375947903.342,184483388.231603,866420317.358598,22698199882.938496,2659.362566,56573.483468000006,52800.303100000005,131333700.61076501,0.0,195863352.285885
test0_DemMd_FuelHi_REcostMd_SitingRef_BattMd_PolIRA,1,1,2,0,1,1,430.964407,1486.365871,0.0,0.0,0.0,0.0,4912.223253,1145.245379,12994.628099,0.0,68196.478978,1154.109422,52772.900028,142.0,405.8,0.0,24.4,4980.0,0.0,1097.675636,5.0,226514.89229,781233.901889,0.0,0.0,0.0,0.0,0.0,-1441873.551582,601940.971084,0.0,0.0,27098575.5645,274361452.415742,606599.911958,38143406.061311,299614.32,443076.06,0.0,94548.306724,37440825.635554,0.0,837590.759362,-2736.129,35618.484527,35618.484527,0.0,0.0,5104655812.128233,1140545339.98804,0.0,0.0,0.0,312657784.295346,0.0,20901305.809806,0.0,5136249880.491611,4381380304.123583,0.0,4e-06,-3692674.401141,321479301.528629,376088324.678495,382972251.751627,213403580.978244,717254452.430608,18103895663.803085,3096.976194,79693.168534,65791.672025,181207504.155514,0.0,236028276.977429
test0_DemMd_FuelHi_REcostMd_SitingRef_BattMd_PolOBBBA,1,1,2,1,1,1,0.0,1337.006828,0.0,0.0,0.0,0.0,4561.493787,215.39808,12994.628099,0.0,85127.241585,4295.386709,37946.145206,142.0,405.8,0.0,24.4,4980.0,0.0,1060.231149,5.0,0.0,702730.788617,0.0,0.0,0.0,0.0,0.0,-1363285.939529,113213.230835,0.0,0.0,27098575.5645,368038608.431483,8622470.023656,35662418.358876,299614.32,443076.06,0.0,99650.479732,37977759.057564,0.0,727995.074029,-2360.724,34478.6,34478.6,0.0,0.0,8581084766.036551,63963862.872623,775508600.967235,0.0,0.0,381861971.565126,0.0,47164429.119226,0.0,4733887984.068022,5630270560.571522,0.0,0.0,0.0,230534954.840258,149453185.3771,375947903.342,182761714.997649,916942654.844383,22069382588.601696,2669.660394,53790.674301,54467.514924,122085554.411697,0.0,195732360.83020198
test0_DemMd_FuelLo_REcostHi_SitingLim_BattHi_PolIRA,2,1,0,0,2,2,874.272332,4375.128184,0.0,0.0,0.0,0.0,4312.562561,3214.797228,12994.628099,0.0,50793.482401,0.0,56480.210834,142.0,405.8,6.0,24.4,4980.0,2882.119325,63.018933,1143.398583,3893796.055001,2299567.373307,0.0,0.0,0.0,0.0,0.0,-1416771.674152,19794302.630938,0.0,0.0,29951650.8243,67446084.772056,0.0,29685998.814239,292818.768,443293.4232,12372.624,96378.914362,37480817.01645,21584235.696764,33122.750976,-666340.803288,46793.208887,46793.208887,0.0,0.0,30897072820.26317,42071573.841444,4200102862.965585,1940.902032,340379411.518446,1113199100.407728,0.0,254476473.707874,0.0,6979661058.566229,5087496707.720919,0.0,0.0,-946967756.53747,537425197.663832,263001292.227548,472837888.280932,282557082.481309,488362010.358084,50011677664.36766,2748.572816,102037.707537,126799.68854999999,213140524.53340697,0.0,370616606.83608496
test0_DemMd_FuelLo_REcostHi_SitingLim_BattHi_PolOBBBA,2,1,0,1,2,2,1230.753901,6179.246099,0.0,0.0,0.0,0.0,4295.332887,4153.879281,12994.628099,0.0,53033.73766,0.0,53219.420548,142.0,405.8,6.0,24.4,4980.0,2194.060219,1069.044362,5.0,5337658.668669,3247811.749555,0.0,0.0,0.0,0.0,0.0,-1489215.820328,27925204.844424,0.0,0.0,29951650.8243,77341107.140611,0.0,27972127.440173,295136.208,443293.4232,12470.544,96378.914362,37544642.69868,16623474.031609,561889.716652,-3088.539,45371.455003,45371.455003,0.0,0.0,27744247450.723465,42071573.841444,3904916712.251978,0.0,120875164.759109,1031420862.535827,0.0,358936966.949719,0.0,6977663514.953506,5545350717.206902,0.0,-0.0,0.0,515172359.672311,309965639.912816,459517198.266031,277282634.357756,563653851.686733,47851074647.11759,2982.865956,98695.999003,122146.82068100001,212529799.205565,0.0,355934167.172847
test0_DemMd_FuelLo_REcostHi_SitingLim_BattLo_PolIRA,0,1,0,0,2,2,644.111546,4300.888454,0.0,0.0,0.0,0.0,35997.071192,3236.402615,12994.628099,0.0,43498.0389,0.0,37870.690193,142.0,405.8,0.0,24.4,4980.0,2067.779167,107.4,5.0,3210324.72934,2260546.971478,0.0,0.0,0.0,0.0,0.0,-11820649.354985,18121168.431293,0.0,0.0,29951650.8243,43476847.62814,0.0,19904834.765424,299689.296,443293.4232,0.0,103458.066912,38128936.71276,15666695.467592,56449.44,-2628.474,44730.887849000006,44730.887849000006,0.0,0.0,25517058861.397144,126562132.2,3600452610.758004,0.0,560871737.24454,1046372979.322186,0.0,235114862.155541,0.0,7036982102.323697,3510806118.309078,0.0,-0.0,-1433119962.260866,552139934.877288,210281566.611914,478332664.000437,302163815.343293,371760914.446345,42115780336.7286,2416.852648,139554.37633600002,107906.72254399999,309124733.970946,0.0,325876803.353611
test0_DemMd_FuelLo_REcostHi_SitingLim_BattLo_PolOBBBA,0,1,0,1,2,2,732.280453,6389.434167,0.0,0.0,0.0,0.0,35456.70708,4234.748287,12994.628099,0.0,46027.777718,0.0,32879.388553,142.0,405.8,6.0,24.4,4980.0,2317.49909,61.044362,5.0,3650789.019554,3358286.598272,0.0,0.0,0.0,0.0,0.0,-11765754.973397,23869643.381225,0.0,0.0,29951650.8243,42338410.84025,0.0,17281406.623705,299689.296,443293.4232,12662.928,103458.066912,38114163.970818,17558718.588543,32084.916652,-2628.474,44281.582722,44281.582722,0.0,0.0,27298170071.894028,126562132.2,4120616990.084746,0.0,984704680.201466,1080469490.218635,0.0,315790546.942583,0.0,7134909813.55581,3421423660.699833,0.0,-0.0,0.0,541216870.936759,208490509.87428,471343031.022732,301670377.051464,422254765.039406,46427622939.72175,2652.393229,135400.26374199998,106427.69335500001,301312576.794907,0.0,328136421.530317
test0_DemMd_FuelLo_REcostHi_SitingLim_BattMd_PolIRA,1,1,0,0,2,2,843.901259,3949.182902,0.0,0.0,0.0,0.0,28283.481015,3190.005455,12994.628099,0.0,44247.192567,0.0,45463.717249,142.0,405.8,0.0,24.4,4980.0,0.0,63.018933,5.0,3903199.628574,2075690.53312,0.0,0.0,0.0,0.0,0.0,-9083654.867739,19120622.351138,0.0,0.0,29951650.8243,53926060.402449,0.0,23895729.786144,299689.296,443293.4232,0.0,101611.574957,37952996.993542,0.0,33122.750976,-2628.474,46511.14662,46511.14662,0.0,0.0,24991095935.648834,0.0,3986422127.477248,0.0,976744009.146899,1437063401.957905,0.0,242641211.12583,0.0,7001988417.199006,4105040453.18914,0.0,0.0,-1299663128.247255,549600280.655726,255738294.377769,485359124.912673,300973654.775972,382743624.749906,43415747406.96966,2803.273894,131557.883492,114679.752652,290259644.837952,0.0,341963035.919045
test0_DemMd_FuelLo_REcostHi_SitingLim_BattMd_PolOBBBA,1,1,0,1,2,2,1497.425678,1451.574322,0.0,0.0,0.0,0.0,19126.057384,4233.863096,12994.628099,0.0,50533.288594,0.0,48667.737764,142.0,405.8,6.0,24.4,4980.0,0.0,61.044362,5.0,6664205.539172,762947.463451,-0.0,0.0,0.0,0.0,0.0,-6138674.019017,27851386.805013,0.0,0.0,29951650.8243,60389859.037851,0.0,25579762.968882,297371.856,443293.4232,12565.008,98225.406317,37670897.75148,0.0,32084.916652,-2588.586,45166.9333,45166.9333,0.0,0.0,33685110896.68489,0.0,5091759860.73817,0.0,1500418558.048848,1807480460.894564,0.0,319065838.532286,0.0,6774622848.538989,4582058045.491011,0.0,-0.0,0.0,533853268.901247,252543459.965338,470599838.191306,291116883.513175,484349147.877155,55792979107.376976,2955.786006,117448.726515,117316.38498,257768835.446774,0.0,353174139.714956
test0_DemMd_FuelLo_REcostHi_SitingOpen_BattHi_PolIRA,2,1,0,0,2,0,716.93074,2294.707777,0.0,0.0,0.0,0.0,6531.450106,1946.764433,12994.628099,0.0,62775.171432,0.0,55408.436297,142.0,405.8,0.0,24.4,4980.0,0.0,121.383349,5.0,1524107.556407,1206098.407814,0.0,-0.0,0.0,0.0,0.0,-1128936.263351,10472627.055526,0.0,0.0,26017537.7361,93698195.502934,0.0,29122674.117925,286359.756,442180.6848,0.0,93280.809852,37252336.626,0.0,63799.088027,-1657.7625,70475.02558399999,70475.02558399999,0.0,0.0,15659839765.0908,35664566.287341,2259578059.26706,0.0,1950867154.269512,1146455348.266814,0.0,134952343.277899,0.0,6373997561.312519,5763300430.124097,-0.0,-0.0,-491176915.334282,484200800.565453,289292626.98943,771860863.561718,269190609.468612,354304605.437673,35002327818.58464,3057.820387,101071.839638,108305.79095599998,205045173.91917002,0.0,395875525.988716
test0_DemMd_FuelLo_REcostHi_SitingOpen_BattHi_PolOBBBA,2,1,0,1,2,0,1615.971351,5794.028649,0.0,0.0,0.0,0.0,7490.701199,5649.697657,12994.628099,0.0,67788.448516,0.0,43553.305462,142.0,405.8,0.0,24.4,4980.0,0.0,1113.9,5.0,5208081.29919,3045341.457943,0.0,0.0,0.0,0.0,0.0,-1366807.72172,31242571.704611,0.0,0.0,26017537.7361,100981472.868634,0.0,22891617.351045,286359.756,442180.6848,0.0,92618.689582,37118171.360854,0.0,585465.84,-1690.00725,54554.633305,54554.633305,0.0,0.0,22215699026.01604,1054425.40956,3695765006.955976,0.0,4393779218.285103,2213949326.83417,0.0,391733437.175176,0.0,6608034867.625054,6096137320.893915,0.0,-0.0,0.0,451215181.182064,350279737.269829,623064393.206466,263895338.421448,542923088.186635,47847530367.46143,2442.289602,93062.27035800001,103986.762888,194760005.70846698,0.0,377069227.979819
test0_DemMd_FuelLo_REcostHi_SitingOpen_BattLo_PolIRA,0,1,0,0,2,0,492.147789,2367.339367,0.0,0.0,0.0,0.0,32177.758142,2015.729927,12994.628099,0.0,55619.980037,0.0,37729.044502,142.0,405.8,0.0,24.4,4980.0,0.0,119.883349,5.0,1878614.729681,1244273.571219,0.0,0.0,0.0,0.0,0.0,-9609573.797873,10860075.563404,0.0,0.0,26017537.7361,70642637.96773,0.0,19830385.79033,236839.948311,442180.6848,0.0,89598.843763,36871454.322,0.0,63010.688027,-1571.889,63722.03335700001,63722.03335700001,0.0,0.0,21863200044.73241,0.0,3940013346.18792,0.0,1093369280.046878,2175470862.742498,0.0,138658938.18047,0.0,6462483893.041442,4329449450.414646,0.0,-0.0,-642502859.397039,514769258.706644,194171790.435784,716906662.15984,287645191.607053,293973433.038782,41367609291.89733,2727.037053,128805.504826,98884.163204,275829048.152268,0.0,366328607.47925895
test0_DemMd_FuelLo_REcostHi_SitingOpen_BattLo_PolOBBBA,0,1,0,1,2,0,1426.646551,4216.335951,0.0,0.0,0.0,0.0,27417.438372,5683.034974,12994.628099,0.0,63492.709304,0.0,28540.53336,142.0,405.8,0.0,24.4,4980.0,0.0,1113.9,5.0,5514724.295012,2216106.175973,0.0,0.0,0.0,0.0,0.0,-8182002.915977,30618282.939417,0.0,0.0,26017537.7361,73480398.482434,0.0,15000904.334183,259042.506,442180.6848,0.0,90830.803588,36887405.071913,0.0,585465.84,-1614.882,55053.23544899999,55053.23544899999,0.0,0.0,27821511159.70794,1054425.40956,5083862608.550038,0.0,4604671668.215684,2741334175.886596,0.0,371369395.727295,0.0,6619748152.397118,4546294921.124083,0.0,0.0,0.0,487833895.004416,232520793.5472,628574554.613502,279715738.705826,467677405.32888,53886168894.21815,2323.356576,117366.713051,97520.90976400001,257562556.45036897,0.0,359049608.868232
test0_DemMd_FuelLo_REcostHi_SitingOpen_BattMd_PolIRA,1,1,0,0,2,0,696.114784,2464.218788,0.0,0.0,0.0,0.0,16721.522844,1975.135901,12994.628099,0.0,63014.849246,0.0,44404.089182,142.0,405.8,0.0,24.4,4980.0,0.0,119.883349,5.0,1578377.85611,1295193.395031,0.0,0.0,0.0,0.0,0.0,-5019549.584801,10641368.588485,0.0,0.0,26017537.7361,83465161.641042,0.0,23338789.273986,286359.756,442180.6848,0.0,94628.992302,36955363.961806,0.0,63010.688027,-2180.6805,64859.924203,64859.924203,0.0,0.0,19618814061.801582,0.0,3063632977.441732,0.0,1519907956.792344,1756916377.64991,0.0,138107465.623869,0.0,6501007377.728561,5027743735.554883,0.0,0.0,-559883377.125978,495849974.853123,235203364.8714,730319062.081118,277405609.779043,317824126.870608,39122848713.9222,2747.196302,113625.32837199999,104606.124416,234957479.340428,0.0,386400335.097777
test0_DemMd_FuelLo_REcostHi_SitingOpen_BattMd_PolOBBBA,1,1,0,1,2,0,1595.709211,5814.290789,0.0,0.0,0.0,0.0,13136.660198,5667.946777,12994.628099,0.0,67226.202567,0.0,35977.628506,142.0,405.8,0.0,24.4,4980.0,0.0,1113.9,5.0,5150522.1519,3055991.238695,0.0,0.0,0.0,0.0,0.0,-3896634.665601,30536992.803282,0.0,0.0,26017537.7361,84936587.906566,0.0,18909841.542696,259645.388638,442180.6848,0.0,91770.886943,37044220.898295,0.0,585465.84,-1981.723539,56807.508031,56807.508031,0.0,0.0,28110714324.159683,1054425.40956,4697322476.156491,0.0,5737665567.259399,2730867730.947602,0.0,384304687.776631,0.0,6700690679.603773,5227550956.781291,-0.0,-0.0,0.0,468251331.067776,285242580.893223,647810010.38045,269143450.741191,499542780.242113,55760161001.41919,2416.817418,101946.426177,103016.791996,216164326.26387602,0.0,380109375.119928
test0_DemMd_FuelLo_REcostHi_SitingRef_BattHi_PolIRA,2,1,0,0,2,1,717.831463,2493.150006,0.0,0.0,0.0,0.0,7574.132308,2387.246269,12994.628099,0.0,53381.067215,0.0,55749.805028,142.0,405.8,0.0,24.4,4980.0,0.0,1160.4,5.0,2211578.295796,1310399.643134,0.0,0.0,0.0,0.0,0.0,-2247761.344516,13814192.04556,0.0,0.0,27098575.5645,93321626.734099,0.0,29302097.522656,269021.13,443076.06,0.0,94213.449109,37365017.168887,0.0,609906.24,-2247.8925,58623.228668,58623.228668,0.0,0.0,19949094960.500416,17503461.798696,3927508727.160882,0.0,1147300036.694714,1329318792.151739,0.0,172786577.864331,0.0,6395974172.772947,5895918882.475519,0.0,-0.0,-481768939.852801,506629075.314164,432327437.325445,618261775.950568,269527699.473266,395204976.559237,40575587636.189125,2727.221093,101726.78863200001,113895.746587,222499167.20172897,0.0,373610744.722339
test0_DemMd_FuelLo_REcostHi_SitingRef_BattHi_PolOBBBA,2,1,0,1,2,1,1664.325342,5745.674658,0.0,0.0,0.0,0.0,6528.133513,5643.109568,12994.628099,0.0,53885.599881,0.0,50397.758047,142.0,405.8,0.0,24.4,4980.0,0.0,1158.9,5.0,5222615.027859,3019926.600196,0.0,-0.0,0.0,0.0,0.0,-2091372.96256,33070703.592959,0.0,0.0,27098575.5645,94623990.498652,0.0,26489061.629701,269021.13,443076.06,0.0,93637.41704,37311421.231985,0.0,609117.84,-2247.8925,53299.50539099999,53299.50539099999,0.0,0.0,21101169962.79598,0.0,3971332986.699764,0.0,1818994595.79574,1456889707.05934,0.0,411491195.005638,0.0,6620862002.278818,6131319767.413527,0.0,-0.0,0.0,478020112.576969,525214534.794146,543369345.886626,262192082.204413,581437569.101022,43902293861.61198,2565.474569,97088.036702,107733.54541299999,216951490.55916,0.0,355885766.080668
test0_DemMd_FuelLo_REcostHi_SitingRef_BattLo_PolIRA,0,1,0,0,2,1,464.798753,2328.95063,0.0,0.0,0.0,0.0,30310.249231,2389.836166,12994.628099,0.0,51355.786199,0.0,37740.707959,142.0,405.8,0.0,24.4,4980.0,0.0,1160.4,5.0,1936084.345625,1224096.451317,0.0,0.0,0.0,0.0,0.0,-10282178.85047,13846844.574861,0.0,0.0,27098575.5645,66499942.396783,0.0,19836516.103254,288393.054,443076.06,0.0,97718.409458,37673876.579177,0.0,609906.24,-2076.16875,54675.751003,54675.751003,0.0,0.0,15508586464.355534,42071573.841444,2452267643.173768,0.0,616032248.502862,1038553985.35554,0.0,170898799.767522,0.0,6520833626.835543,4266444526.180654,0.0,0.0,-1267450241.417788,529081030.466318,187431991.082454,595454593.064238,286969659.279808,315953063.177521,31263128963.665417,2510.048824,128578.16765200002,104551.136168,290495990.38017,0.0,350601490.30330205
test0_DemMd_FuelLo_REcostHi_SitingRef_BattLo_PolOBBBA,0,1,0,1,2,1,1083.844975,5724.870224,0.0,0.0,0.0,0.0,29494.853529,5736.704368,12994.628099,0.0,51704.716466,0.0,32931.275638,142.0,405.8,0.0,24.4,4980.0,0.0,1158.9,5.0,4523388.333631,3008991.789556,0.0,0.0,-0.0,-0.0,0.0,-10108389.424974,33326915.613849,0.0,0.0,27098575.5645,69001009.020252,0.0,17308678.475106,288393.054,443076.06,0.0,97997.359462,37782915.41245,0.0,609117.84,-2020.66275,51071.485397,51071.485397,0.0,0.0,17834350409.244,0.0,2992875044.769228,0.0,2421075381.531348,1197165712.952592,0.0,413300833.507003,0.0,6741673272.712349,4571900974.855452,0.0,-0.0,0.0,502456993.250771,248780883.45367,532300240.439639,280026674.531606,502137543.10408,38238043964.35174,2382.54226,122761.867519,98826.914542,285941470.913746,0.0,329930842.04876703
test0_DemMd_FuelLo_REcostHi_SitingRef_BattMd_PolIRA,1,1,0,0,2,1,823.960736,2124.860423,0.0,0.0,0.0,0.0,21522.685593,2387.246269,12994.628099,0.0,51279.767926,0.0,45635.058871,142.0,405.8,0.0,24.4,4980.0,0.0,1160.4,5.0,2152391.431683,1116826.638551,0.0,0.0,0.0,0.0,0.0,-7259614.463104,13831838.569982,0.0,0.0,27098575.5645,75916125.815728,0.0,23985786.942844,269021.13,443076.06,0.0,94323.502405,37468071.5418,0.0,609906.24,-2257.011,57782.2442,57782.2442,0.0,0.0,19826159104.70476,0.0,3144893734.453494,0.0,354349904.479215,1409909397.040084,0.0,169102159.048878,0.0,6522251941.855619,4884990916.594013,0.0,0.0,-854168879.589689,517305480.61443,263404585.432097,611255359.604224,280102342.297677,348057980.918977,37477614027.45379,2647.914832,118890.491383,106436.309946,264618264.920643,0.0,359826142.29032093
test0_DemMd_FuelLo_REcostHi_SitingRef_BattMd_PolOBBBA,1,1,0,1,2,1,1410.948543,4205.887315,0.0,0.0,0.0,0.0,17973.881358,5642.950434,12994.628099,0.0,51552.536057,0.0,44001.479242,142.0,405.8,0.0,24.4,4980.0,0.0,1158.9,5.0,5872394.349753,2210614.372506,-0.0,0.0,0.0,0.0,0.0,-6248640.289299,32695570.822071,0.0,0.0,27098575.5645,76884562.318883,0.0,23127177.489558,288393.054,443076.06,0.0,97235.891774,37648887.644131,0.0,609117.84,-2257.011,54352.679926,54352.679926,0.0,0.0,23675864557.49073,0.0,3853669125.283308,0.0,2974763498.041506,1577821781.35539,0.0,393923215.234172,0.0,6617278216.038417,5221549364.551621,0.0,0.0,0.0,488306172.08295,306934660.506309,562121593.833685,271232699.243813,534370898.404631,46477835782.066536,2540.427322,109237.86702599999,103550.038726,249095843.230643,0.0,349537660.372203
test0_DemMd_FuelLo_REcostLo_SitingLim_BattHi_PolIRA,2,1,0,0,0,2,390.688558,2393.1106,0.0,0.0,0.0,3819.64153,7084.187872,1625.424847,12994.628099,1807.886939,38634.266171,0.0,58799.66992,142.0,405.8,0.0,24.4,4980.0,0.0,1074.044343,665.426024,1220682.958371,1257818.931209,-0.0,0.0,0.0,0.0,2007603.588097,-2375373.808133,1135703.84562,0.0,0.0,29951650.8243,20332881.451097,0.0,30905106.510214,292818.768,443293.4232,0.0,95801.944838,36325361.222457,0.0,564517.706693,-407120.211549,53695.403249,53695.403249,75405136.40961,4088423.690909,15922114314.093218,29041472.61036,4784005460.780809,0.0,1183318571.835798,933939310.8564,0.0,32684453.3639,32101870.976715,5915923997.722116,2937217155.063466,8440622.022406,48312073.541355,-1845213742.330785,614080356.069793,65861208.983788,549655506.755721,292358704.462859,220331308.120597,31803666205.02904,2613.151948,99077.79067200002,148647.68361100001,219497907.715098,0.0,462197855.533413
test0_DemMd_FuelLo_REcostLo_SitingLim_BattHi_PolOBBBA,2,1,0,1,0,2,849.227896,4900.772104,0.0,0.0,0.0,0.0,7950.910591,3536.627201,12994.628099,0.0,38652.220099,0.0,58378.325724,142.0,405.8,0.0,24.4,4980.0,0.0,1071.018933,559.984335,2140298.492817,2575845.818116,0.0,0.0,0.0,0.0,0.0,-2685735.680153,2471083.864696,0.0,0.0,29951650.8243,20342365.924049,0.0,30683648.000615,292818.768,443293.4232,0.0,95801.944838,36882712.078166,0.0,562927.550976,-342589.834963,53353.119305,53353.119305,0.0,0.0,17917112537.624508,29041472.61036,4958487465.365314,0.0,1115447194.608338,1125927199.522639,0.0,68283140.29525,0.0,6096139400.225217,2987666399.05881,0.0,-0.0,0.0,601943036.484257,103639669.89655,541985528.886968,289956704.329032,228685431.628181,36064315180.53543,2649.897637,97247.001268,146186.836378,217204070.81732398,0.0,454812054.925012
test0_DemMd_FuelLo_REcostLo_SitingLim_BattLo_PolIRA,0,1,0,0,0,2,206.469114,2219.668394,0.0,6.958501,0.0,4006.69202,31078.945762,1603.127635,12994.628099,2047.132476,39092.186634,0.0,40837.105059,142.0,405.8,0.0,24.4,4980.0,0.0,1115.4,5.0,1028250.876642,1166657.708046,0.0,3657.387942,0.0,0.0,2105917.325865,-9651980.853629,1120124.515943,0.0,0.0,29951650.8243,20546853.294897,0.0,21463982.41875,246987.984,443293.4232,0.0,91531.991405,37019236.69548,0.0,586254.24,-1983.546,48866.22057600001,48866.22057600001,8278358.57347,1375559.190174,14652384872.79723,0.0,3471801878.387648,0.0,539287816.031431,847575518.868477,0.0,30073043.901041,36350051.113675,5951382540.250446,2380867201.48659,6361233.079539,50732587.248472,-1918149199.237588,572715496.615009,56519758.930269,513091386.863779,300576732.976281,173648639.429298,27674873476.505245,2360.85489,125920.376192,125378.044443,294962424.579509,0.0,403055565.12490004
test0_DemMd_FuelLo_REcostLo_SitingLim_BattLo_PolOBBBA,0,1,0,1,0,2,281.011209,4985.624264,0.0,0.0,0.0,0.0,30561.504458,2866.913556,12994.628099,0.0,39172.030322,0.0,42196.822268,142.0,405.8,0.0,24.4,4980.0,0.0,1071.018933,5.0,1400148.183947,2620444.113253,0.0,0.0,0.0,-0.0,0.0,-9460501.580445,2003146.904704,0.0,0.0,29951650.8243,20588819.137226,0.0,22178649.783871,246987.984,443293.4232,0.0,91531.991405,37019236.69548,0.0,562927.550976,-1983.546,48418.540651,48418.540651,0.0,0.0,14627448762.595964,0.0,3492039846.913842,0.0,719003956.2914,766705412.427659,0.0,62705368.220558,0.0,6032202273.982979,2469988834.25209,-0.0,-0.0,0.0,562906851.370451,71219526.502883,510747365.417539,295878770.91369,178839237.406825,29789686206.295883,2687.561959,121084.867398,125415.367857,291534084.26605797,0.0,396437601.366975
test0_DemMd_FuelLo_REcostLo_SitingLim_BattMd_PolIRA,1,1,0,0,0,2,622.190723,2282.809277,0.0,0.0,0.0,3430.779093,26252.308725,1625.424847,12994.628099,1703.345825,38919.011814,0.0,44044.892298,142.0,405.8,0.0,24.4,4980.0,0.0,1074.044343,5.0,1088487.89835,1199844.555823,0.0,0.0,0.0,0.0,1803217.491517,-8081359.836316,1135703.84562,0.0,0.0,29951650.8243,20455832.609531,-0.0,23149995.391817,246987.984,443293.4232,0.0,91531.991405,37019236.69548,0.0,564517.706693,-2185.146,48472.743653,48472.743653,98246411.00257,2056782.844016,15404391055.62688,29041472.61036,3354751772.559059,0.0,401889307.12078,955203673.470479,0.0,31688369.82643,30245579.38002,6040076324.843832,2479842238.858532,6687508.287776,43393614.445477,-1891716983.640714,583563018.831755,62282807.238218,510106331.077491,298506423.965155,181026343.454901,28621282051.80302,2485.172255,119225.209826,131121.630299,274561445.67199004,0.0,419150987.239399
test0_DemMd_FuelLo_REcostLo_SitingLim_BattMd_PolOBBBA,1,1,0,1,0,2,851.720401,4898.279599,0.0,0.0,0.0,0.0,24145.214062,3536.074991,12994.628099,0.0,38872.50301,0.0,45675.111591,142.0,405.8,0.0,24.4,4980.0,0.0,1071.018933,5.0,2660501.894408,2574535.757141,0.0,0.0,-0.0,0.0,-0.0,-7604160.986812,2157655.934805,0.0,0.0,29951650.8243,20431387.58227,0.0,24006838.652461,246987.984,443293.4232,0.0,91531.991405,37019236.69548,0.0,562927.550976,-2185.146,49255.603135000005,49255.603135000005,0.0,0.0,15914217923.654762,0.0,3226006552.308066,0.0,435642863.805351,990031418.525776,0.0,64559910.101724,0.0,6177297649.326306,2595811685.396328,-0.0,-0.0,0.0,575548139.980078,68731910.709459,515318658.318398,294131176.69598,192134488.937083,31049432377.759315,2625.675962,113182.16288399999,132041.18146999998,261112856.169827,0.0,421894592.45087004
test0_DemMd_FuelLo_REcostLo_SitingOpen_BattHi_PolIRA,2,1,0,0,0,0,765.383785,2139.616215,0.0,1203.768546,1535.302384,10260.145299,7645.739405,1992.853105,12994.628099,6469.878517,47198.551612,0.0,45984.298267,142.0,405.8,0.0,24.4,4980.0,0.0,1115.4,5.0,613717.847647,1124582.28267,0.0,632700.747783,0.0,806954.933226,5392732.369356,-1895903.549023,2494733.230434,0.0,0.0,26017537.7361,39909075.896021,0.0,24169347.169294,219512.688,442180.6848,0.0,84301.8816,36283508.37,0.0,586254.24,-2102.331,68541.32234,68541.32234,0.0,21765141.147269,10663719065.866615,252036730.24236,2052469392.137483,0.0,3002368401.009338,521754895.267525,0.0,45610799.789049,114882850.773892,5929860811.97255,3290350442.594068,36188732.366077,153434196.176171,-874914034.205522,542504260.486932,121124743.092487,790665083.588725,291468872.160815,216246256.980291,27171536641.44613,2988.466563,101709.670137,130930.03091999999,213987004.618125,0.0,475110121.85132504
test0_DemMd_FuelLo_REcostLo_SitingOpen_BattHi_PolOBBBA,2,1,0,1,0,0,731.970361,2689.719012,0.0,0.0,0.0,0.0,6568.232001,2199.762432,12994.628099,0.0,54273.392862,0.0,50801.144468,142.0,405.8,6.0,24.4,4980.0,0.0,1073.572629,5.0,748691.702181,1413716.312703,0.0,0.0,0.0,0.0,0.0,-1823560.358984,2753750.602629,0.0,0.0,26017537.7361,60312137.603017,0.0,26701081.532137,219512.688,442180.6848,9275.184,76308.163296,35416112.75784,0.0,564269.77375,-2102.331,61401.509263,61401.509263,0.0,0.0,11104014803.420729,293779298.0169,2153873481.826848,0.0,3601662787.109608,1013079753.042618,0.0,52869927.879289,0.0,5744745488.397298,4240243175.448883,0.0,-0.0,0.0,520309571.466258,189554805.566197,671528853.484832,271834091.058151,234563710.619195,30092059747.336807,2845.137931,95884.861418,127462.52689,204252944.340636,0.0,441447708.172128
test0_DemMd_FuelLo_REcostLo_SitingOpen_BattLo_PolIRA,0,1,0,0,0,0,269.712986,2442.988285,0.0,903.40147,2668.282218,3907.618616,29889.452616,2019.92998,12994.628099,4105.637283,44888.038093,0.0,37083.252073,142.0,405.8,0.0,24.4,4980.0,0.0,1124.737359,5.0,906836.400485,1284034.642844,0.0,474827.812433,0.0,1402449.133558,2053844.344624,-8678828.628162,3172275.794131,0.0,0.0,26017537.7361,27705805.084558,0.0,19490957.289709,219512.688,442180.6848,0.0,84301.8816,36283508.37,0.0,591161.95584,-2102.331,63404.385173,63404.385173,0.0,0.0,10433806732.877785,473847100.39321,1868237736.421041,0.0,1634375628.383772,609355644.108326,0.0,55440412.201939,72902035.802742,5953277575.742887,2555328387.829308,23506879.395498,81212125.965425,-1083433556.724773,538138464.500358,84832484.358123,734867169.71576,295105001.389852,176440026.727316,24507239849.08857,2422.514298,121265.74562100001,115602.58080699999,262462738.56146702,0.0,440047179.72918606
test0_DemMd_FuelLo_REcostLo_SitingOpen_BattLo_PolOBBBA,0,1,0,1,0,0,242.467313,2875.511763,0.0,0.0,0.0,0.0,28795.410316,2201.627614,12994.628099,0.0,47831.610328,0.0,41001.881103,142.0,405.8,0.0,24.4,4980.0,0.0,338.584299,5.0,590624.915569,1511368.982722,0.0,0.0,0.0,0.0,0.0,-8254672.797991,2859023.951665,0.0,0.0,26017537.7361,34835200.743411,0.0,21550588.707658,219512.688,442180.6848,0.0,84301.8816,36283508.37,0.0,177959.907772,-2102.331,58246.387598,58246.387598,0.0,0.0,10811043845.84914,0.0,2114447898.440807,0.0,3878107267.20297,1033419902.395154,0.0,55478151.049988,0.0,5820925053.21932,2921502633.006546,0.0,-0.0,0.0,533946134.95452,93269231.74011,668637937.352729,286476366.677069,182230606.589712,28399485028.478065,2721.401357,117446.01155200001,116874.55328600001,257073025.261904,0.0,425863002.651738
test0_DemMd_FuelLo_REcostLo_SitingOpen_BattMd_PolIRA,1,1,0,0,0,0,400.56832,2443.348916,0.0,46.384096,3220.554997,6710.054964,20979.103659,1333.434647,12994.628099,4788.647438,44569.10623,0.0,42599.016338,142.0,405.8,0.0,24.4,4980.0,0.0,211.87861,5.0,353694.411554,1284224.190482,0.0,24379.480617,0.0,1692723.706542,3526804.88933,-5829868.931681,1669246.827971,0.0,0.0,26017537.7361,24134761.869822,0.0,22390042.98732,219512.688,442180.6848,0.0,84301.8816,36283508.37,0.0,111363.397188,-2102.331,69074.338424,69074.338424,0.0,0.0,10302657447.701378,472145582.027104,1598562341.098702,0.0,585346018.421599,677248776.00674,0.0,39054105.989519,85029953.437649,6004163499.632551,2518571416.00281,33496227.935119,115040017.865534,-906546592.841482,541447868.017015,68375153.741013,831538687.609664,299055460.414471,175297558.547813,23440483521.6072,2793.883833,114083.336372,122462.942663,240211728.81337598,0.0,468214402.73393303
test0_DemMd_FuelLo_REcostLo_SitingOpen_BattMd_PolOBBBA,1,1,0,1,0,0,764.40483,2575.59517,0.0,0.0,0.0,0.0,21209.36097,2217.440144,12994.628099,0.0,49840.32899,0.0,43400.869357,142.0,405.8,0.0,24.4,4980.0,0.0,1115.4,5.0,758947.537021,1353732.821528,0.0,0.0,0.0,0.0,0.0,-6171343.027026,2775880.269357,0.0,0.0,26017537.7361,43623313.609808,0.0,22811496.933933,219512.688,442180.6848,0.0,84301.8816,36283508.37,0.0,586254.24,-1989.1575,57567.157298999984,57567.157298999984,0.0,0.0,14611460772.318607,222995257.632,2526019858.60394,0.0,2688648324.937434,1341097005.355954,0.0,52153277.821515,0.0,5886150835.162507,3367884839.803091,0.0,0.0,0.0,533540441.950817,124961320.915224,633113242.85495,282982796.524454,197756278.098447,32468764251.97893,2725.174565,110628.228193,121815.95419799999,237837476.911657,0.0,431797322.0798249
test0_DemMd_FuelLo_REcostLo_SitingRef_BattHi_PolIRA,2,1,0,0,0,1,616.059549,2288.940451,0.0,729.411479,390.665832,4942.339656,8874.862733,1670.574715,12994.628099,3170.639545,41350.072579,0.0,49557.878806,142.0,405.8,0.0,24.4,4980.0,0.0,1258.948284,5.0,633655.860935,1203067.101082,0.0,383378.67357,0.0,205333.961525,2597693.722967,-3168349.951212,2110938.209992,0.0,0.0,27098575.5645,38294803.980545,0.0,26047621.100196,233942.16,443076.06,0.0,85411.675986,36422509.6368,0.0,661703.217999,-2775.465,60615.21842800001,60615.21842800001,0.0,0.0,12794916505.483204,569104696.77966,2252353565.794035,0.0,1868347040.88599,683656163.795555,0.0,42614217.855212,56299683.030826,5848982525.186316,3381400985.522993,23366519.525634,71855094.538264,-1248072314.451101,550137559.991247,253988771.839175,652397900.22864,281054745.849732,234560109.854044,28316963771.709427,2834.505105,100215.780755,137273.585605,228837066.86042598,0.0,449883957.380009
test0_DemMd_FuelLo_REcostLo_SitingRef_BattHi_PolOBBBA,2,1,0,1,0,1,528.884687,2647.798066,0.0,0.0,0.0,0.0,9873.795289,2030.481771,12994.628099,0.0,42395.923442,0.0,52299.542893,142.0,405.8,6.0,24.4,4980.0,0.0,1066.05619,5.0,1005117.906149,1391682.663394,0.0,0.0,0.0,0.0,0.0,-3493737.226156,2400562.012542,0.0,0.0,27098575.5645,44397367.977608,0.0,27488639.744813,233942.16,443076.06,9884.88,84571.38885,36388836.398651,0.0,560319.133483,-2945.31,57670.057289,57670.057289,0.0,0.0,15401666589.220318,0.0,2566688611.098104,0.0,2761852458.768514,1124752210.496499,0.0,48548939.308316,0.0,5786238418.703497,3710148331.788344,0.0,-0.0,0.0,532832353.401926,294555295.631495,600646861.335678,273990417.331086,237259749.53846,33339180236.622234,2787.908191,98572.951109,134910.98497999998,221067701.135221,0.0,440350022.956424
test0_DemMd_FuelLo_REcostLo_SitingRef_BattLo_PolIRA,0,1,0,0,0,1,125.339738,2229.082336,0.0,180.76181,1086.592702,3757.270454,25643.329729,1651.810603,12994.628099,2573.445462,41923.820704,0.0,39661.253005,142.0,405.8,0.0,24.4,4980.0,0.0,1160.4,5.0,328603.190822,1171605.675954,0.0,95008.407406,-0.0,571113.124084,1974821.350609,-8556944.663915,2087227.877405,0.0,0.0,27098575.5645,23214425.281154,0.0,20845954.579281,233942.16,443076.06,0.0,89428.239264,35583973.894346,0.0,609906.24,-2474.11125,55630.60062,55630.60062,0.0,104169466.503523,12008192582.523413,0.0,2562134987.532704,0.0,801754216.648197,1051140414.410417,0.0,41004839.343461,45695564.490457,5835693578.09692,2449831303.809894,15630032.785953,58998467.791298,-1441611545.205831,559490926.853707,132061094.167546,604417396.677345,290776164.106416,174765740.87824,25294145231.41366,2973.577324,117127.582065,125898.741453,272471939.756291,0.0,432000696.13810503
test0_DemMd_FuelLo_REcostLo_SitingRef_BattLo_PolOBBBA,0,1,0,1,0,1,112.291282,3014.683008,0.0,0.0,0.0,0.0,24926.208212,1971.675629,12994.628099,0.0,43065.349063,0.0,43738.382019,142.0,405.8,0.0,24.4,4980.0,0.0,346.005346,5.0,294394.054327,1584517.389221,0.0,0.0,0.0,0.0,0.0,-8288519.349443,2491409.324335,0.0,0.0,27098575.5645,30336172.463899,0.0,22988893.589326,233942.16,443076.06,0.0,89428.239264,35454915.452654,0.0,181860.409633,-2474.11125,52691.459321,52691.459321,0.0,0.0,12595123198.090672,29041472.61036,2540796382.719781,0.0,2833166643.196966,1115101206.050574,0.0,52518853.328667,0.0,5776459285.824536,2835807138.475387,0.0,0.0,0.0,542080945.226944,176474037.110055,556110529.834265,284078028.639519,187781256.181316,29524538977.289043,2749.963899,114895.362364,123209.039785,270128292.349664,0.0,416667217.45710504
test0_DemMd_FuelLo_REcostLo_SitingRef_BattMd_PolIRA,1,1,0,0,0,1,194.376763,2332.253263,0.0,1199.330622,1568.798863,5080.74184,22043.493281,1637.592251,12994.628099,4134.423772,39900.855489,0.0,39751.977344,142.0,405.8,0.0,24.4,4980.0,0.0,1160.4,5.0,509597.560854,1225832.314947,0.0,630368.174911,0.0,824560.682651,2670437.911094,-7692264.574034,2069261.568261,0.0,0.0,27098575.5645,24265779.975472,0.0,20893639.292064,233942.16,443076.06,0.0,87472.56999,36705005.3178,0.0,609906.24,-2474.11125,57102.538189,57102.538189,0.0,0.0,11179135256.859722,29041472.61036,2199438865.125906,0.0,1881660567.148711,752079669.980691,0.0,42588716.23438,73413185.123761,5948139623.149149,2503075074.409778,24322381.5124,88198558.597954,-1407240873.743131,554062135.352746,170292287.091834,620112792.824389,290219911.10789,182685329.163524,25131224952.550068,2803.743258,114809.963108,128858.763535,268255999.159113,0.0,436425355.038157
test0_DemMd_FuelLo_REcostLo_SitingRef_BattMd_PolOBBBA,1,1,0,1,0,1,149.51222,2684.276918,0.0,0.0,0.0,0.0,21396.388005,1977.283558,12994.628099,0.0,42473.063984,0.0,44611.114679,142.0,405.8,6.0,24.4,4980.0,0.0,760.552326,5.0,391976.187003,1410855.948322,0.0,0.0,0.0,0.0,0.0,-7298557.578234,2498495.50326,0.0,0.0,27098575.5645,33708167.52583,0.0,23447601.875402,233942.16,443076.06,9884.88,87472.56999,36629314.904606,0.0,399746.302654,-2644.34625,54478.898933,54478.898933,0.0,0.0,11888652193.536407,0.0,2106027367.555441,0.0,2701179507.096475,942634179.952467,0.0,49982196.187098,0.0,5845466393.842795,3021504698.925924,-0.0,-0.0,0.0,536745324.589834,207023136.687339,569511018.950808,280939292.798098,198218842.75459,28347884152.87728,2779.260697,110223.634926,127515.917256,258113963.745561,0.0,422517194.346561
test0_DemMd_FuelLo_REcostMd_SitingLim_BattHi_PolIRA,2,1,0,0,1,2,465.549642,2332.295875,0.0,0.0,0.0,0.0,6356.305184,1723.711511,12994.628099,0.0,44861.529534,0.0,60109.844752,142.0,405.8,0.0,24.4,4980.0,0.0,1115.4,1357.840502,1454581.924667,1225854.71192,0.0,0.0,0.0,0.0,0.0,-2066079.774076,1717270.2719,0.0,0.0,29951650.8243,42884234.212204,0.0,31593734.401748,292818.768,443293.4232,0.0,95801.944838,37407609.28044,0.0,586254.24,-831002.357974,54370.984413000006,54370.984413000006,0.0,0.0,16375217949.864056,126098445.37563,3829518400.902716,0.0,932595684.256156,978943211.90532,0.0,38583322.813024,0.0,6519304611.377873,3880340642.900992,0.0,0.0,-1641217400.364824,592174301.90455,152286927.788113,533851712.455428,294239459.588399,252766135.949903,32864703406.71733,2707.700696,102565.013427,144090.942146,222877512.300123,0.0,427533519.38903797
test0_DemMd_FuelLo_REcostMd_SitingLim_BattHi_PolOBBBA,2,1,0,1,1,2,733.174458,6676.825542,0.0,0.0,0.0,0.0,6212.194386,3752.70758,12994.628099,0.0,42485.98944,0.0,57996.984218,142.0,405.8,6.0,24.4,4980.0,0.0,1069.044362,367.305567,2305799.943682,3509339.504993,0.0,0.0,0.0,0.0,0.0,-2086393.113277,7316160.60154,0.0,0.0,29951650.8243,38956184.547192,-0.0,30483214.90493,292818.768,443293.4232,12372.624,95801.944838,37407609.28044,0.0,561889.716652,-224794.383441,53712.972355000005,53712.972355000005,0.0,0.0,17994286553.1933,32938317.319068,4253436776.321737,0.0,995644932.06334,1019081953.148188,0.0,136164473.674258,0.0,6805537207.439477,3807139292.915506,0.0,0.0,0.0,587240861.305585,190898798.373425,530444682.506848,291979507.315749,306263624.912997,36951056980.48949,2954.145599,98901.98856900001,144161.77807799997,215830138.23385498,0.0,430366774.59621704
test0_DemMd_FuelLo_REcostMd_SitingLim_BattLo_PolIRA,0,1,0,0,1,2,239.316212,2547.257566,0.0,0.0,0.0,65.946173,33976.552818,1746.734614,12994.628099,32.147379,42685.874669,0.0,41593.316113,142.0,405.8,0.0,24.4,4980.0,0.0,1115.4,5.0,1193156.686785,1338838.576662,0.0,0.0,-0.0,0.0,34661.308514,-10836831.198595,8541338.95373,0.0,0.0,29951650.8243,36952286.732179,0.0,21861446.948731,269889.744,443293.4232,0.0,93378.48336,37145205.13068,0.0,586254.24,-2185.146,48219.46762,48219.46762,0.0,0.0,16988387737.236048,102116520.744,3552170025.608346,0.0,459289608.792762,929299808.297851,0.0,115514422.381145,570827.183551,6438844601.471881,3152289899.523795,99754.779284,834108.733372,-1636371526.70334,561883907.287601,156496421.480408,497256706.297531,300791108.839722,250270306.578174,31869744238.532127,2397.088137,132735.854995,117242.33031699999,305298119.41229796,0.0,362310776.391438
test0_DemMd_FuelLo_REcostMd_SitingLim_BattLo_PolOBBBA,0,1,0,1,1,2,543.495066,5067.835619,0.0,0.0,0.0,0.0,33603.349172,3759.913995,12994.628099,0.0,42505.068247,0.0,38916.403935,142.0,405.8,0.0,24.4,4980.0,0.0,504.472624,5.0,2709698.456699,2663654.401452,0.0,0.0,0.0,0.0,0.0,-10760637.33135,15621066.449257,0.0,0.0,29951650.8243,32063030.661563,-0.0,20454461.908154,269889.744,443293.4232,0.0,93378.48336,37145205.13068,0.0,265150.810914,-2185.146,48027.109070000006,48027.109070000006,0.0,0.0,17369475654.617035,0.0,3519446643.306879,0.0,542660679.598583,911159719.196108,0.0,213745532.489256,0.0,6625370793.161783,3000165629.54202,0.0,0.0,0.0,553912335.233793,162458035.810609,493322961.46527,300257149.204593,308055092.20298,34000030225.828907,2633.509982,129665.872981,117133.268185,297913470.384753,0.0,366083266.330573
test0_DemMd_FuelLo_REcostMd_SitingLim_BattMd_PolIRA,1,1,0,0,1,2,448.202699,2048.611902,0.0,0.0,0.0,0.0,30755.801295,1723.711511,12994.628099,0.0,40410.250376,0.0,44655.40261,142.0,405.8,0.0,24.4,4980.0,0.0,1115.4,5.0,1400382.44084,1076750.415777,0.0,-0.0,-0.0,0.0,0.0,-9631107.08966,9541674.018826,0.0,0.0,29951650.8243,23477672.920453,0.0,23470879.611839,269889.744,443293.4232,0.0,91531.991405,37019236.69548,0.0,586254.24,-2185.146,47398.325442,47398.325442,0.0,0.0,18993792968.82593,0.0,3648754502.490988,0.0,198761082.792288,1101487250.559508,0.0,121588292.534338,0.0,6649507762.396194,2734669355.801083,-0.0,-0.0,-1783022663.842578,581897012.071142,84330200.092598,497662429.812539,304190582.630742,254154735.051092,33387773511.21586,2589.176333,125707.848141,129373.586538,285224128.205666,0.0,392286333.659957
test0_DemMd_FuelLo_REcostMd_SitingLim_BattMd_PolOBBBA,1,1,0,1,1,2,959.534868,5003.871619,0.0,0.0,0.0,0.0,28670.60633,3752.990096,12994.628099,0.0,39271.189535,0.0,43613.90758,142.0,405.8,6.0,24.4,4980.0,0.0,795.354362,5.0,3021126.238379,2630034.923148,0.0,0.0,0.0,-0.0,0.0,-8972299.79214,14393521.369585,0.0,0.0,29951650.8243,20667648.371322,0.0,22923469.823961,269889.744,443293.4232,11403.792,91531.991405,37019236.69548,0.0,418038.252664,-2185.146,48699.138052,48699.138052,0.0,0.0,19245334324.3992,32938317.319068,3617397084.074484,0.0,0.0,1023105424.760876,0.0,199883968.081662,0.0,6826119770.99214,2707932917.65932,0.0,0.0,0.0,577986537.410342,104228066.905169,504743500.346739,301429285.898435,303153568.364255,35444252766.2117,2775.531389,120667.852575,129621.550919,283931978.494228,0.0,388530326.89092195
test0_DemMd_FuelLo_REcostMd_SitingOpen_BattHi_PolIRA,2,1,0,0,1,0,805.226555,2099.773445,0.0,0.0,4.251319,149.075269,6214.292283,2082.192207,12994.628099,81.031917,60181.197208,0.0,48286.611849,142.0,405.8,0.0,24.4,4980.0,0.0,1115.4,412.371339,1535038.11471,1103640.922504,0.0,0.0,0.0,2234.493324,78353.961352,-1679783.842309,11056413.980575,0.0,0.0,26017537.7361,64578686.018832,0.0,25379443.187949,219512.688,442180.6848,0.0,84301.8816,36283508.37,0.0,586254.24,-214298.2742,61902.100076,61902.100076,0.0,22827.583103,18735425154.36685,56413073.603614,3981699832.006876,0.0,2734513839.192388,1499548077.342838,0.0,139585181.821669,1438848.912237,6296635990.260679,4449317573.243844,369730.366418,1924896.808976,-779767978.0193,523763096.869138,194961453.225413,710320464.645147,275647933.514407,311575863.94814,39133395859.69244,2660.444561,97336.404931,127392.14745,198064405.567649,0.0,436077273.25346494
test0_DemMd_FuelLo_REcostMd_SitingOpen_BattHi_PolOBBBA,2,1,0,1,1,0,1043.328383,4706.671617,0.0,0.0,0.0,0.0,6053.505659,3688.425145,12994.628099,0.0,62174.007495,0.0,43783.442774,142.0,405.8,0.0,24.4,4980.0,0.0,1068.942496,5.0,2770347.575299,2473826.602021,-0.0,0.0,0.0,0.0,0.0,-1666109.653356,19153660.977988,0.0,0.0,26017537.7361,67314375.656612,0.0,23012577.522196,219512.688,442180.6848,0.0,84301.8816,36283508.37,0.0,561836.175954,-1903.857,59857.755021,59857.755021,0.0,0.0,19340724708.17989,0.0,4180501679.617962,0.0,5080971005.64319,1579913812.423648,0.0,251132613.38569,0.0,6402948803.618775,4572843764.840941,0.0,-0.0,0.0,508467719.797716,243726814.102583,675776650.444094,271585307.816569,386382339.809834,43494975219.68089,2773.140232,93550.234926,124097.27083699999,195189192.10170498,0.0,426908354.75752896
test0_DemMd_FuelLo_REcostMd_SitingOpen_BattLo_PolIRA,0,1,0,0,1,0,362.769826,2323.974841,0.0,0.0,336.194287,566.739961,33202.054029,2109.53538,12994.628099,641.346685,52763.882786,0.0,35983.159715,142.0,405.8,0.0,24.4,4980.0,0.0,1160.4,5.0,1402952.808873,1221481.176607,0.0,0.0,0.0,176703.71712,297878.523645,-9746392.267943,11365467.825108,0.0,0.0,26017537.7361,58587954.130122,0.0,18912748.746168,219512.688,442180.6848,0.0,84301.8816,36283508.37,0.0,609906.24,-1571.889,58835.53624,58835.53624,0.0,0.0,12041055195.761578,0.0,2143870062.289847,0.0,2402639938.317128,1033634989.240273,0.0,144543054.250039,11388117.300902,6216103051.922718,3847841527.843802,4070851.818595,10279644.903135,-1152985460.475197,511079939.103186,172955844.163673,667704527.078596,285421867.492794,281672004.47219,28621275155.48326,2472.067729,126598.45069700001,101287.569258,275311256.383389,0.0,380381216.18545103
test0_DemMd_FuelLo_REcostMd_SitingOpen_BattLo_PolOBBBA,0,1,0,1,1,0,668.007099,4487.667954,0.0,0.0,0.0,0.0,32151.706214,3638.533125,12994.628099,0.0,51438.561574,0.0,35869.437086,142.0,405.8,0.0,24.4,4980.0,0.0,318.940458,5.0,2349851.56354,2358718.276793,0.0,0.0,0.0,0.0,0.0,-9087571.733871,19573503.498233,0.0,0.0,26017537.7361,52072858.43967,0.0,18852976.132407,219512.688,442180.6848,0.0,84301.8816,36283508.37,0.0,167635.104898,-1571.889,56297.823714,56297.823714,0.0,0.0,13659504068.41181,0.0,2630366897.641826,0.0,3418762958.741674,1245492901.078992,0.0,252842909.427095,0.0,6343538944.056782,3712378745.612224,0.0,0.0,0.0,506186218.404119,175011582.973641,644427883.358467,283981611.127868,355573296.316561,33228068017.151066,2627.50287,122051.01285300001,103452.04802700001,269511076.695758,0.0,380535706.625942
test0_DemMd_FuelLo_REcostMd_SitingOpen_BattMd_PolIRA,1,1,0,0,1,0,649.700869,2255.299131,0.0,0.0,2015.138356,2847.132749,17884.090324,1745.099909,12994.628099,3714.929879,56457.104936,0.0,40669.817668,142.0,405.8,0.0,24.4,4980.0,0.0,704.561391,5.0,1344949.816667,1185385.223173,0.0,0.0,0.0,1059156.719952,1496452.972969,-5110281.646376,9402011.954862,0.0,0.0,26017537.7361,49478368.316674,-0.0,21376056.166264,219512.688,442180.6848,0.0,84301.8816,36283508.37,0.0,370317.466908,-2102.331,64493.6162,64493.6162,0.0,0.0,19251035150.811493,46350135.229619,3633645320.75703,0.0,2238075145.930822,1659024487.517312,0.0,122832125.958457,65964412.43641,6393894303.12219,3591163248.569976,18404917.310967,54660699.160855,-728521306.993803,528531118.29811,119837002.553236,756055552.260348,286540842.521777,267919634.190881,38305412789.63568,2689.757993,107912.133022,121091.54838700002,229755818.66519699,0.0,436147630.17772394
test0_DemMd_FuelLo_REcostMd_SitingOpen_BattMd_PolOBBBA,1,1,0,1,1,0,910.39929,4839.60071,0.0,0.0,0.0,0.0,15875.509363,3638.805605,12994.628099,0.0,60445.758295,0.0,38481.085355,142.0,405.8,0.0,24.4,4980.0,0.0,953.351653,5.0,2982253.917471,2543694.133089,0.0,0.0,0.0,0.0,0.0,-4478928.912797,19144204.794519,0.0,0.0,26017537.7361,54341354.430799,0.0,20225658.462599,219512.688,442180.6848,0.0,84301.8816,36283508.37,0.0,501081.628975,-1571.889,59593.622817,59593.622817,0.0,0.0,21519793711.40146,0.0,4322490938.546132,0.0,6645308700.438717,1830558466.50096,0.0,251846821.042542,0.0,6460678968.087639,3904782851.752256,0.0,-0.0,0.0,511172327.685629,164182283.368437,687134546.82387,277818508.348338,359064411.167339,46934832535.16332,2791.309685,103058.151782,118679.42152,221118692.101386,0.0,420064205.66689104
test0_DemMd_FuelLo_REcostMd_SitingRef_BattHi_PolIRA,2,1,0,0,1,1,707.703579,2046.351088,0.0,1124.571148,0.0,489.367985,7576.408464,2196.273359,12994.628099,1431.056069,44780.444005,0.0,56022.040737,142.0,405.8,0.0,24.4,4980.0,0.0,1160.4,5.0,1203813.483237,1075562.131771,0.0,1353260.633222,0.0,0.0,257211.812916,-2673685.747515,5148304.073724,0.0,0.0,27098575.5645,61626355.629854,0.0,29445184.611321,249715.236,443076.06,0.0,87731.089759,36757903.842,0.0,609906.24,-3033.11625,58836.648001,58836.648001,0.0,0.0,13964346504.969124,93985649.793882,2528166950.11869,0.0,1018238557.382608,1044793282.378358,0.0,73753900.081934,25410647.263966,6283394862.953908,4530550149.498531,10616289.322881,26406156.289846,-1135673969.204391,540079999.071648,385396371.451056,608171829.576066,277376636.364663,286072562.231887,30561086379.54466,2619.481507,102223.30067599998,128027.59724999999,223495391.976563,0.0,417803124.277405
test0_DemMd_FuelLo_REcostMd_SitingRef_BattHi_PolOBBBA,2,1,0,1,1,1,722.188427,5027.811573,0.0,0.0,0.0,0.0,7322.984127,3677.398188,12994.628099,0.0,47827.964386,0.0,51865.248098,142.0,405.8,6.0,24.4,4980.0,0.0,220.883875,5.0,1890924.013535,2642617.762686,0.0,0.0,0.0,0.0,0.0,-2789560.983794,5166708.161821,0.0,0.0,27098575.5645,66171510.808237,0.0,27260374.400234,249715.236,443076.06,10551.348,87120.786325,36611764.94945,0.0,116096.564673,-3033.11625,55161.917581,55161.917581,0.0,0.0,17034370723.256008,0.0,3324259858.225297,0.0,2077618528.432596,1342672804.091178,0.0,98970425.178586,0.0,6434864305.969442,4579400257.581194,0.0,0.0,0.0,527162612.613355,429888970.540959,575730237.085746,274925969.78702,285381808.142553,36985246500.90394,2802.844788,100818.350139,127192.764756,220124075.431454,0.0,414177972.610828
test0_DemMd_FuelLo_REcostMd_SitingRef_BattLo_PolIRA,0,1,0,0,1,1,337.999348,3143.814952,0.0,602.1355,0.0,353.497735,28523.501265,2716.992126,12994.628099,609.319736,47222.262776,0.0,39445.939585,142.0,405.8,0.0,24.4,4980.0,0.0,1160.4,5.0,886132.890593,1652389.138723,0.0,515256.461452,0.0,-0.0,185798.409304,-9499646.195845,7348416.039431,0.0,0.0,27098575.5645,54951042.285577,0.0,20732785.846058,249762.096,443076.06,0.0,92404.539149,37203161.6682,0.0,609906.24,-2034.855,53655.63000799999,53655.63000799999,0.0,0.0,12979867926.233244,0.0,2857640716.226896,0.0,930978728.163796,1008390370.524915,0.0,106944440.25307,10819428.551515,6294572284.847621,3773689229.745648,4850533.527863,12168612.802097,-1350642060.981574,531232791.802149,217739655.020732,575068672.308826,283951045.262536,247681505.01845,28484953879.30778,2512.827484,123653.321067,107969.574995,286447939.58275104,0.0,373462557.950304
test0_DemMd_FuelLo_REcostMd_SitingRef_BattLo_PolOBBBA,0,1,0,1,1,1,295.839396,5294.170872,0.0,0.0,0.0,0.0,29102.182353,3807.017285,12994.628099,0.0,47566.021922,0.0,37756.45325,142.0,405.8,0.0,24.4,4980.0,0.0,105.926865,5.0,775602.144361,2782616.210442,0.0,0.0,0.0,0.0,0.0,-9545134.984383,6860968.314622,0.0,0.0,27098575.5645,56583458.16009,0.0,19844791.82795,249762.096,443076.06,0.0,92404.539149,37203161.6682,0.0,55675.160225,-2034.855,51318.465262000005,51318.465262000005,0.0,0.0,12887060299.12597,32938317.319068,2862634075.724681,0.0,2237674148.266472,1081676700.296214,0.0,119664074.897297,0.0,6402327883.383052,3763488729.630874,0.0,0.0,0.0,525521368.050814,245084245.077763,548160062.622765,284934528.468537,244317997.762252,31235482430.62576,2702.047082,123339.356954,108631.00290900002,283715189.736053,0.0,373627491.380751
test0_DemMd_FuelLo_REcostMd_SitingRef_BattMd_PolIRA,1,1,0,0,1,1,557.945778,1870.217943,0.0,1046.671288,0.0,441.981369,23151.514205,2180.094329,12994.628099,894.622856,44372.902259,0.0,42994.249354,142.0,405.8,0.0,24.4,4980.0,0.0,1160.4,5.0,1462013.218276,982986.551103,0.0,550130.428942,0.0,-0.0,232305.407552,-8119040.450429,10877293.4441,0.0,0.0,27098575.5645,37150121.61826,0.0,22597777.460379,241833.384,443076.06,0.0,89800.27675,36843933.451621,0.0,609906.24,-2034.855,55641.715899,55641.715899,0.0,0.0,15987394748.273869,0.0,3239251111.988078,0.0,997684738.331688,1151083031.024624,0.0,135174326.445573,15885433.358243,6432562978.80183,3235591333.504776,8805554.541541,13808767.732918,-1388708858.583915,553007237.013351,181679300.140429,594853672.140724,286941405.87454,269930328.199855,31714945108.788124,2593.726542,115728.308517,124373.829948,263467037.321249,0.0,408150706.19847697
test0_DemMd_FuelLo_REcostMd_SitingRef_BattMd_PolOBBBA,1,1,0,1,1,1,616.896452,4661.208072,0.0,0.0,0.0,0.0,23913.668524,3645.287582,12994.628099,0.0,43561.762518,0.0,41537.737889,142.0,405.8,0.0,24.4,4980.0,0.0,409.262715,5.0,1616484.616891,2449930.962644,0.0,0.0,0.0,0.0,0.0,-8073341.821831,12527607.070568,0.0,0.0,27098575.5645,39947993.545767,0.0,21832235.034204,241833.384,443076.06,0.0,88587.952128,36839466.3978,0.0,215108.483147,-2034.855,51302.209771,51302.209771,0.0,0.0,17950357583.389038,0.0,3577778617.219717,0.0,2392060449.030368,1334411502.995731,0.0,176481188.482579,0.0,6557141566.960176,3344018182.169168,0.0,0.0,0.0,541019330.470458,214957054.792218,549260005.101317,286373189.258121,297801712.700711,37221660382.56961,2785.505354,115526.43670199999,123015.728471,260159618.34052002,0.0,404482097.146943
test0_DemMd_FuelMd_REcostHi_SitingLim_BattHi_PolIRA,2,1,1,0,2,2,600.846475,4959.193406,0.0,0.0,0.0,0.0,2680.187642,3565.598552,12994.628099,0.0,83255.856694,0.0,38872.750842,142.0,405.8,0.0,24.4,4980.0,0.0,1074.648489,5.0,2715834.112737,2606552.054254,0.0,0.0,0.0,0.0,0.0,-782406.272333,1874078.598866,0.0,0.0,29951650.8243,307345258.930792,0.0,28014901.044526,299689.296,443293.4232,0.0,94784.847336,37381703.714724,0.0,665986.230856,-3210.05175,34478.6,34478.6,0.0,0.0,6493369149.344106,750862562.282441,84977996.746633,0.0,0.0,14270448.975794,0.0,60128816.184889,0.0,5710489311.61334,7417679909.111637,0.0,0.0,-385028687.925681,337323204.903936,486788216.914774,375947903.342,224891569.441206,695232425.906216,22266932826.841293,2800.532531,80295.854848,69908.883531,169362243.19162098,0.0,213002333.83640397
test0_DemMd_FuelMd_REcostHi_SitingLim_BattHi_PolOBBBA,2,1,1,1,2,2,411.136554,3287.296532,0.0,0.0,0.0,0.0,2155.028561,2354.870375,12994.628099,0.0,101379.995464,4282.386423,22748.391908,142.0,405.8,0.0,24.4,4980.0,0.0,1270.4,5.0,1753541.159702,1727803.056973,0.0,0.0,0.0,0.0,0.0,-629978.168482,1237719.868858,0.0,0.0,29951650.8243,409033592.647854,2250822.303698,15291761.726861,299689.296,443293.4232,0.0,96631.339291,37534045.43772,0.0,998759.87728,-2107.464,34478.6,34478.6,0.0,0.0,14302854410.668615,1321603393.715757,2235194316.715281,0.0,0.0,734377975.942371,0.0,49276580.417216,0.0,5118350864.852806,9110680632.852398,0.0,0.0,0.0,249590364.997922,453406212.632297,375947903.342,188357080.128292,882583076.446357,35022222812.71131,2494.793206,55744.517492,54418.366138,122910890.655582,0.0,170029197.073731
test0_DemMd_FuelMd_REcostHi_SitingLim_BattLo_PolIRA,0,1,1,0,2,2,477.651022,4874.869488,0.0,0.0,0.0,0.0,25196.957484,3098.747641,12994.628099,0.0,80860.704565,0.0,20594.950553,142.0,405.8,0.0,24.4,4980.0,0.0,1119.648489,5.0,2339588.2023,2562231.402818,0.0,0.0,0.0,0.0,0.0,-8001679.526214,1628701.760077,0.0,0.0,29951650.8243,308942259.617363,0.0,11402147.238492,299689.296,443293.4232,0.0,104913.202464,38476611.97092,0.0,650473.926366,-1151.931,35030.190986,35030.190986,0.0,0.0,8477349654.602327,2255434000.79514,585562790.882936,0.0,76265856.779471,129906875.251959,0.0,57358470.234058,0.0,5735589128.26881,6971216960.684887,0.0,-0.0,-284828677.102325,341856531.564456,164126703.486089,380561697.179761,227460058.646476,657151071.759158,25775011123.033203,2437.408325,90893.00132800001,64790.732951,203168887.41354197,0.0,201247372.029475
test0_DemMd_FuelMd_REcostHi_SitingLim_BattLo_PolOBBBA,0,1,1,1,2,2,401.200837,3580.523433,0.0,0.0,0.0,0.0,19705.743956,2580.514894,12994.628099,0.0,100395.955155,1612.203865,10971.123401,142.0,405.8,0.0,24.4,4980.0,0.0,1270.4,5.0,1965126.633304,1881923.116263,0.0,0.0,0.0,-0.0,0.0,-5670727.644926,1356318.628479,0.0,0.0,29951650.8243,398320306.961202,847374.351499,7869904.632984,299689.296,443293.4232,0.0,110452.67833,38739601.895088,0.0,758488.849315,-1151.931,34526.42475,34526.42475,0.0,0.0,16072848861.271135,352215791.509018,2491438664.201762,0.0,0.0,1185561449.851629,0.0,47268938.998398,0.0,5156504699.291477,8649335153.487507,0.0,-0.0,0.0,250251920.565994,208084352.90804,376347934.417527,198295747.539575,816994453.816884,35805147967.85895,2338.930867,68570.347577,49554.065286,159147359.29830998,0.0,156211520.940503
test0_DemMd_FuelMd_REcostHi_SitingLim_BattMd_PolIRA,1,1,1,0,2,2,615.489616,4988.534827,0.0,0.0,0.0,0.0,6132.158732,3616.150138,12994.628099,0.0,83913.537548,0.0,35669.109702,142.0,405.8,0.0,24.4,4980.0,0.0,1119.648489,5.0,2785226.710686,2621973.904898,0.0,0.0,0.0,0.0,0.0,-2104994.373331,1900648.512371,0.0,0.0,29951650.8243,314118277.472404,0.0,21197551.99976,299689.296,443293.4232,0.0,94784.847336,37402750.127642,0.0,704380.076589,-2264.9475,34487.967366,34487.967366,0.0,0.0,6631681527.722098,162117906.71985,104623635.600764,0.0,0.0,61167683.525016,0.0,60666207.940727,0.0,5731739953.892735,7359222377.232901,0.0,0.0,-419962036.760606,329618427.450615,459818827.839117,375979839.878644,225082124.547432,689635379.117485,21771391854.706776,2747.880122,81729.836817,68057.184691,174018354.087254,0.0,209527298.945218
test0_DemMd_FuelMd_REcostHi_SitingLim_BattMd_PolOBBBA,1,1,1,1,2,2,376.440827,3401.171834,0.0,0.0,0.0,0.0,4053.127193,2410.608526,12994.628099,0.0,104425.152902,4088.137177,18872.449132,142.0,405.8,0.0,24.4,4980.0,0.0,1270.4,5.0,1843849.331174,1787655.915733,0.0,0.0,0.0,0.0,0.0,-1169715.811131,1267015.841189,0.0,0.0,29951650.8243,419703723.927651,2148724.899987,11695595.206797,299689.296,443293.4232,0.0,96631.339291,37534045.43772,0.0,934876.346094,-2017.728,34847.790837,34847.790837,0.0,0.0,15204283077.262411,0.0,2304275337.408176,0.0,0.0,767224575.719168,0.0,50096265.240694,0.0,5099434656.786409,9215941173.52666,0.0,-0.0,0.0,235045708.243621,407231347.909858,379036007.481381,186467300.736986,881037395.354603,34730072845.66997,2506.165846,54636.62923399999,52566.057759999996,119899127.535007,0.0,166263265.354434
test0_DemMd_FuelMd_REcostHi_SitingOpen_BattHi_PolIRA,2,1,1,0,2,0,757.333845,1284.913416,0.0,0.0,0.0,0.0,6596.892159,1837.011106,12994.628099,0.0,92627.221095,0.0,34836.329169,142.0,405.8,0.0,24.4,4980.0,0.0,1270.4,5.0,398054.669164,675350.491481,0.0,0.0,0.0,0.0,0.0,-506576.823287,965533.037204,-0.0,0.0,26017537.7361,296096464.016972,0.0,18309974.611443,299331.456,442180.6848,0.0,104339.500568,37603997.844276,0.0,729764.304314,-1864.212,37653.136586,37653.136586,0.0,0.0,6941183790.405644,0.0,282160463.987599,0.0,0.0,479979207.759105,0.0,20913336.396678,0.0,5419235813.801957,6732698555.164241,0.0,0.0,-70167830.812525,340037893.207882,382579847.165639,405836541.191946,220282551.469974,510866378.455332,21665606548.19348,2645.285918,72359.521185,68758.546393,153487941.619187,0.0,261505922.564208
test0_DemMd_FuelMd_REcostHi_SitingOpen_BattHi_PolOBBBA,2,1,1,1,2,0,1069.599936,4433.627127,0.0,0.0,0.0,0.0,5757.679914,4578.813923,12994.628099,0.0,104732.553298,834.795294,17823.218409,142.0,405.8,0.0,24.4,4980.0,0.0,1116.478132,5.0,1700656.379537,2330314.418019,0.0,0.0,0.0,0.0,0.0,-831036.739652,2406624.597866,0.0,0.0,26017537.7361,334244419.533715,438768.406662,13627364.943408,299331.456,442180.6848,0.0,109437.987913,38826503.115762,0.0,815541.608007,-3335.1735,36257.593512,36257.593512,0.0,0.0,11395790653.83913,0.0,1296629165.023122,0.0,388989854.476339,836884494.998756,0.0,63418344.527641,0.0,5521310833.008979,7433100240.307732,0.0,-0.0,0.0,293027352.293077,244632832.928263,390828330.15401,200426236.325976,549456711.691288,28614495049.57432,2444.877287,52950.213981999994,67232.914917,115681818.52206299,0.0,259985486.91039
test0_DemMd_FuelMd_REcostHi_SitingOpen_BattLo_PolIRA,0,1,1,0,2,0,756.694132,1287.842607,0.0,0.0,0.0,0.0,14616.460254,1835.979423,12994.628099,0.0,89322.919727,0.0,25998.498357,142.0,405.8,0.0,24.4,4980.0,0.0,1270.4,5.0,397718.435522,676890.07422,0.0,0.0,0.0,0.0,0.0,-4135990.992616,964990.784485,0.0,-0.0,26017537.7361,288328806.719233,0.0,13664810.736681,299331.456,442180.6848,0.0,109437.987913,38956262.697,0.0,667722.24,-720.28125,37322.04283,37322.04283,0.0,0.0,8091700046.212972,59575035.64014,568061461.911834,0.0,0.0,624393746.788215,0.0,20931787.117149,0.0,5447019459.040796,6455026879.180075,0.0,-0.0,-112109723.072549,345097499.583252,182570425.343298,405119927.993722,220719844.20282,495606554.441257,22803712944.382984,2538.393838,74820.187429,70176.325762,160611122.624379,0.0,269384738.77654004
test0_DemMd_FuelMd_REcostHi_SitingOpen_BattLo_PolOBBBA,0,1,1,1,2,0,949.852036,1492.981927,0.0,0.0,0.0,0.0,8449.956687,2268.348897,12994.628099,0.0,99865.667962,6750.898119,16004.487421,142.0,405.8,0.0,24.4,4980.0,0.0,1270.4,5.0,499242.230238,784711.300827,0.0,0.0,0.0,0.0,0.0,-2792895.166595,1192244.18008,0.0,0.0,26017537.7361,323195375.039762,3548272.051191,8411958.588709,299331.456,442180.6848,0.0,109437.987913,38956262.697,0.0,698652.670705,-1521.2865,37060.417972,37060.417972,0.0,0.0,10309914569.762997,0.0,1088161552.003102,0.0,153116792.441641,807017394.682925,0.0,39219879.802303,0.0,5389896910.581594,7069714229.82692,0.0,0.0,0.0,307629125.945603,187743284.686324,397543571.405452,204149934.235611,523523772.253063,26477631017.627533,2320.616464,59354.563595,67765.343117,131074840.541002,0.0,263567719.655693
test0_DemMd_FuelMd_REcostHi_SitingOpen_BattMd_PolIRA,1,1,1,0,2,0,756.773743,1286.016554,0.0,0.0,0.0,0.0,7750.671024,1835.979423,12994.628099,0.0,89854.670917,0.0,33808.176102,142.0,405.8,0.0,24.4,4980.0,0.0,1270.4,5.0,397760.27935,675930.300793,0.0,0.0,0.0,0.0,0.0,-2095195.172862,964990.784485,0.0,-0.0,26017537.7361,296785853.268707,0.0,17769577.359452,299331.456,442180.6848,0.0,97007.902534,37669233.41424,0.0,667722.24,-1298.928,37566.913342,37566.913342,0.0,0.0,6530419105.426044,0.0,211898024.41198,0.0,0.0,453958987.825779,0.0,20917212.625574,0.0,5414275131.51843,6750346787.247,0.0,0.0,-70138507.293982,337647038.205541,260068987.383551,409670116.167182,217449748.08052,538133831.038986,21074646462.63661,2660.578913,72618.477985,68112.22534,153333122.39564902,0.0,263368485.833733
test0_DemMd_FuelMd_REcostHi_SitingOpen_BattMd_PolOBBBA,1,1,1,1,2,0,844.778734,1699.262431,0.0,0.0,0.0,0.0,6874.602787,2074.076279,12994.628099,0.0,106899.069337,2038.678793,16042.60069,142.0,405.8,0.0,24.4,4980.0,0.0,1270.4,5.0,444015.702351,893132.333791,0.0,0.0,0.0,0.0,0.0,-2166879.058653,1090134.492204,0.0,-0.0,26017537.7361,337459067.721647,1071529.573645,8431990.922617,299331.456,442180.6848,0.0,109437.987913,38956262.697,0.0,734292.346763,-2431.377,36132.491094,36132.491094,0.0,0.0,8993330079.129078,0.0,939562019.888071,0.0,0.0,668609904.120031,0.0,29793988.013104,0.0,5301472889.502199,7274018493.98884,0.0,-0.0,0.0,296491269.14556,194704069.145092,389781908.47827,200897625.832046,508692045.120359,24797354292.362648,2524.315664,56096.646881,66705.714773,122882862.78070499,0.0,259293885.862241
test0_DemMd_FuelMd_REcostHi_SitingRef_BattHi_PolIRA,2,1,1,0,2,1,722.86159,1353.631736,0.0,0.0,0.0,0.0,5824.38155,1733.891219,12994.628099,0.0,88255.100185,0.0,37255.211203,142.0,405.8,0.0,24.4,4980.0,0.0,1106.077839,5.0,379936.05179,711468.840309,0.0,0.0,0.0,0.0,0.0,-775140.441831,911333.224786,0.0,0.0,27098575.5645,290705951.955202,0.0,20724017.569891,299614.32,443076.06,0.0,97742.352904,37675342.740833,0.0,656228.847949,-1909.86675,38278.395069000006,38278.395069000006,0.0,0.0,6213772967.988203,0.0,133133992.247395,0.0,0.0,281670321.970117,0.0,20864979.545853,0.0,5472293875.097735,6714694095.304873,0.0,-0.0,-178245097.558582,348016516.311858,553835296.595318,401828229.132906,222958664.594202,534238312.85215,20719062154.08203,2855.515721,80284.00747200001,69047.48672100001,180092302.67852902,0.0,237866553.056665
test0_DemMd_FuelMd_REcostHi_SitingRef_BattHi_PolOBBBA,2,1,1,1,2,1,575.203221,4835.54843,0.0,0.0,0.0,0.0,5599.274275,4658.988838,12994.628099,0.0,97870.859153,1747.546554,22278.114096,142.0,405.8,0.0,24.4,4980.0,0.0,1151.4,5.0,2369952.30967,2541564.254947,0.0,0.0,0.0,0.0,0.0,-797063.034371,2448764.533072,0.0,0.0,27098575.5645,340607568.325594,918510.468668,17646201.454819,299614.32,443076.06,0.0,112212.138432,38978204.0676,0.0,788587.073366,-2569.9425,35541.883544,35541.883544,0.0,0.0,10284374835.388706,0.0,1255753676.814476,0.0,406108733.82272,647186886.044366,0.0,69047330.691672,0.0,5529030733.560387,7765374499.556408,0.0,-0.0,0.0,288542070.238486,380046112.948685,384841759.814828,201117032.868874,647920040.80627,27859343712.55588,2429.915737,58464.230688,64988.61711200001,132061527.650633,0.0,231389626.71299803
test0_DemMd_FuelMd_REcostHi_SitingRef_BattLo_PolIRA,0,1,1,0,2,1,920.645278,969.499734,0.0,0.0,0.0,0.0,23063.903995,2083.081047,12994.628099,0.0,81304.639164,0.0,25850.252495,142.0,405.8,0.0,24.4,4980.0,0.0,1270.4,5.0,483891.157949,509569.06027,0.0,0.0,0.0,0.0,0.0,-7805707.191642,1094867.398386,0.0,0.0,27098575.5645,293872807.260682,0.0,13586892.71111,299614.32,443076.06,0.0,106837.427788,38733091.9785,0.0,709263.45887,-1438.788,35709.408071,35709.408071,0.0,0.0,6985811763.345005,42071573.841444,297628727.707476,0.0,0.0,323038582.371864,0.0,19628393.095158,0.0,5469270164.920667,6633602613.563005,0.0,-0.0,-75399361.063421,348161113.918458,118405563.978083,386243022.068213,225168383.588069,581448609.90029,21355079151.23432,2389.653768,86998.491019,63885.030075,196422371.31248102,0.0,231425747.702538
test0_DemMd_FuelMd_REcostHi_SitingRef_BattLo_PolOBBBA,0,1,1,1,2,1,699.986485,4686.999655,0.0,0.0,0.0,0.0,19917.087185,5472.745913,12994.628099,0.0,88399.207383,1185.171975,16323.072301,142.0,405.8,0.0,24.4,4980.0,0.0,1270.4,5.0,2884084.31522,2463487.018517,0.0,0.0,0.0,0.0,0.0,-6902590.121611,2876475.251775,0.0,0.0,27098575.5645,328317915.226825,622926.390091,11106796.474978,299614.32,443076.06,0.0,112212.138432,39155820.928366,0.0,718797.147336,-1177.02975,35284.210529,35284.210529,0.0,0.0,13047161773.904232,17503461.798696,1945507163.609716,0.0,75183017.747989,1177298640.451398,0.0,71297768.215727,0.0,5562103568.117815,7370735816.491358,0.0,-0.0,0.0,297903099.477885,139094453.018533,382686448.724535,208255058.801881,670946256.480992,30965676526.840755,2421.937389,73025.891319,57854.991144,174235822.970501,0.0,212982229.00169
test0_DemMd_FuelMd_REcostHi_SitingRef_BattMd_PolIRA,1,1,1,0,2,1,722.86159,1353.631736,0.0,0.0,0.0,0.0,8393.733104,1733.891219,12994.628099,0.0,85726.686396,0.0,36855.016458,142.0,405.8,0.0,24.4,4980.0,0.0,1106.022785,5.0,379936.05179,711468.840309,0.0,0.0,0.0,0.0,0.0,-2317066.958523,911333.224786,0.0,0.0,27098575.5645,294687604.459838,0.0,19370996.650169,299614.32,443076.06,0.0,98224.870588,37806736.4505,0.0,601108.980969,-1654.845,36548.113579,36548.113579,0.0,0.0,5781120618.433021,0.0,45691676.312941,0.0,0.0,270600828.820522,0.0,20864979.545853,0.0,5445727990.319546,6777810439.797899,0.0,-0.0,-116322159.968361,340942468.970416,418912020.409157,393214230.070477,221411258.484938,567544688.797331,20167519039.993744,2823.697007,82046.981904,65519.918943000004,183845605.14755198,0.0,232850173.721314
test0_DemMd_FuelMd_REcostHi_SitingRef_BattMd_PolOBBBA,1,1,1,1,2,1,695.65222,4493.222326,0.0,0.0,0.0,0.0,7895.668449,5426.579753,12994.628099,0.0,96409.454352,1399.219948,20472.505244,142.0,405.8,0.0,24.4,4980.0,0.0,1270.4,5.0,2866226.275469,2361637.654744,0.0,0.0,0.0,0.0,0.0,-2447948.155945,2852210.317961,0.0,0.0,27098575.5645,346101591.657116,735430.004508,12238771.495235,299614.32,443076.06,0.0,110218.706206,38870076.822326,0.0,849579.872958,-1518.423,35857.337636,35857.337636,0.0,0.0,9629152596.26789,0.0,887329689.964869,0.0,304761384.426054,614366521.911812,0.0,69947644.930915,0.0,5542798623.352256,7738052594.598967,-0.0,-0.0,0.0,280840415.895086,275979342.821236,387480381.871299,200905234.091575,663419028.531967,26595033458.663925,2470.462292,60550.586776,62121.997863,137877017.015118,0.0,226589480.664175
test0_DemMd_FuelMd_REcostLo_SitingLim_BattHi_PolIRA,2,1,1,0,0,2,819.089215,1803.864075,0.0,0.0,0.0,0.0,4259.631692,1318.373153,12994.628099,0.0,51985.799871,0.0,61938.217607,142.0,405.8,0.0,24.4,4980.0,0.0,1063.044362,5.0,430513.291466,948110.957852,-0.0,0.0,0.0,0.0,0.0,-1429541.453992,692936.928992,0.0,0.0,29951650.8243,130192188.017888,0.0,32554727.1741,295136.208,443293.4232,0.0,96763.698101,36723011.052683,0.0,643013.103921,-2960.52375,44327.510774,44327.510774,0.0,0.0,11655029844.54699,29041472.61036,1992947237.736914,0.0,5769559.47231,477998611.118239,0.0,21867067.025575,0.0,5502429439.417812,3842045345.053956,0.0,0.0,-682831759.069806,473114674.78953,290929569.295796,456131729.517695,257143732.828408,362880063.270698,24684496587.61448,3114.079964,94025.170075,108908.33913899999,211618951.30071,0.0,351443024.901732
test0_DemMd_FuelMd_REcostLo_SitingLim_BattHi_PolOBBBA,2,1,1,1,0,2,718.458968,5081.723634,0.0,0.0,0.0,0.0,3817.834978,3451.541472,12994.628099,0.0,62719.569917,0.0,48847.782937,142.0,405.8,0.0,24.4,4980.0,0.0,1078.2,5.0,2502249.262617,2670953.941935,0.0,0.0,0.0,0.0,0.0,-1458204.234011,1814130.197431,0.0,0.0,29951650.8243,156188412.689958,0.0,28171694.133777,295136.208,443293.4232,0.0,86456.982701,36502590.68388,0.0,623798.765145,-3019.80375,40443.63213500001,40443.63213500001,0.0,0.0,13553881073.104168,29041472.61036,2667657300.052762,0.0,0.0,772625121.05859,0.0,60401041.782503,0.0,5560904496.281187,4287262738.921416,0.0,-0.0,0.0,438826483.821168,306491172.454058,416930678.181744,249871839.390083,388095560.84845,28731988978.506485,2735.918389,89473.332053,101468.690625,202557046.27355102,0.0,333788557.533651
test0_DemMd_FuelMd_REcostLo_SitingLim_BattLo_PolIRA,0,1,1,0,0,2,429.975593,1388.109986,0.0,0.0,0.0,0.0,35172.488822,1175.697495,12994.628099,0.0,47529.367537,0.0,39577.138657,142.0,405.8,0.0,24.4,4980.0,0.0,1270.4,5.0,225995.171826,729590.608759,0.0,0.0,0.0,0.0,0.0,-11500224.113008,617946.603394,0.0,0.0,29951650.8243,100908962.163554,-0.0,20801744.078197,299689.296,443293.4232,0.0,94918.160045,37350435.13452,0.0,667722.24,-3304.647,41767.41454400001,41767.41454400001,0.0,0.0,14870673136.817434,0.0,2656304892.505454,0.0,261465127.784369,1127286157.80976,0.0,17901186.672388,0.0,5554569872.170524,2893588077.943437,0.0,0.0,-1037858403.132556,475834007.847647,160176249.883367,449278188.31299,275110387.537055,266750526.898216,27971079409.05008,2835.962643,125283.82451499999,93393.53833800001,302980941.38067496,0.0,311201793.48261595
test0_DemMd_FuelMd_REcostLo_SitingLim_BattLo_PolOBBBA,0,1,1,1,0,2,590.390125,5012.960491,0.0,0.0,0.0,0.0,34867.345576,3292.823629,12994.628099,0.0,57812.087569,0.0,26548.906652,142.0,405.8,0.0,24.4,4980.0,0.0,1078.2,5.0,959639.756494,2634812.033993,0.0,0.0,0.0,0.0,0.0,-11433013.862563,1730708.099474,0.0,0.0,29951650.8243,129724600.524514,0.0,13954105.336545,299689.296,443293.4232,0.0,94341.190522,37213401.71628,0.0,566701.92,-3143.367,38403.380889,38403.380889,0.0,0.0,14462609715.357136,0.0,2750814297.735528,0.0,365046558.929768,1036010219.83381,0.0,58954602.821006,0.0,5661491343.990181,3310566715.359309,0.0,-0.0,0.0,442484294.440069,220951101.596028,412160249.581165,268942614.10843,283753746.783289,29273785460.53572,2553.659754,121866.481373,85925.89772000001,297943836.734453,0.0,289847598.198492
test0_DemMd_FuelMd_REcostLo_SitingLim_BattMd_PolIRA,1,1,1,0,0,2,722.157236,1455.542583,0.0,0.0,0.0,0.0,10898.049722,1162.890327,12994.628099,0.0,49764.990484,0.0,57649.580023,142.0,405.8,0.0,24.4,4980.0,0.0,1270.4,5.0,379565.84309,765033.181536,-0.0,0.0,0.0,0.0,0.0,-3274600.157039,611215.155835,0.0,-0.0,29951650.8243,110528984.911314,0.0,30300619.260064,292818.768,443293.4232,0.0,96378.914362,37544642.69868,0.0,667722.24,-2386.986,42884.743813,42884.743813,0.0,0.0,13963908098.882214,29041472.61036,2726384407.854114,0.0,0.0,746376502.899526,0.0,18365079.545199,0.0,5558256825.282902,3370794421.418062,0.0,0.0,-840498643.250258,478411401.727026,209737118.331373,451991553.752604,264226279.359665,319726368.901703,27296720887.314484,3028.540978,100219.64172700001,111274.34253299999,225457625.697856,0.0,360667988.693686
test0_DemMd_FuelMd_REcostLo_SitingLim_BattMd_PolOBBBA,1,1,1,1,0,2,603.197179,5058.252634,0.0,0.0,0.0,0.0,5156.880973,3336.312158,12994.628099,0.0,62351.042909,0.0,48252.326531,142.0,405.8,0.0,24.4,4980.0,0.0,1078.2,5.0,2424804.003567,2658617.584662,0.0,0.0,0.0,0.0,0.0,-1781732.976352,1753565.670342,0.0,0.0,29951650.8243,159210138.335944,-0.0,25361422.824547,292818.768,443293.4232,0.0,96378.914362,36733184.695652,0.0,566701.92,-2935.14375,39901.650892000005,39901.650892000005,0.0,0.0,14320527646.621223,29041472.61036,2634703213.148672,0.0,169649387.214344,744773538.64224,0.0,59554420.07509,0.0,5543239197.618037,4260782683.622544,0.0,-0.0,0.0,431521513.019959,273996803.34418,413429465.528597,250281571.679388,376263519.969293,29507764433.09393,2762.08354,88280.15441799999,103046.715639,197832205.706662,0.0,338342866.20694804
test0_DemMd_FuelMd_REcostLo_SitingOpen_BattHi_PolIRA,2,1,1,0,0,0,535.245736,1762.21264,0.0,269.307003,1426.302022,856.081827,6282.922797,1382.354422,12994.628099,970.106682,55144.49545,0.0,59452.078652,142.0,405.8,0.0,24.4,4980.0,0.0,1060.981177,5.0,281325.158808,926218.963436,0.0,141547.760695,0.0,749664.34254,449956.608383,-992012.145482,726565.484458,0.0,0.0,26017537.7361,144164526.41078,0.0,31248012.539604,286359.756,442180.6848,0.0,92946.175015,37195911.44436,0.0,557651.706709,-2212.92525,47655.71888,47655.71888,0.0,0.0,7486740081.647026,70784040.3849,855607204.203218,0.0,0.0,465490876.899946,0.0,22003006.075473,17225767.215226,5348912052.377219,4080741220.657521,8731826.536604,26267436.603323,-277669987.733733,425628996.126765,338858939.297954,510913022.994977,247859672.179307,380263796.139948,20008357951.605675,3271.661104,93116.443228,92456.81474500001,203303709.825874,0.0,356789158.882411
test0_DemMd_FuelMd_REcostLo_SitingOpen_BattHi_PolOBBBA,2,1,1,1,0,0,969.992875,4725.24627,0.0,0.0,0.0,0.0,5366.380136,2941.273926,12994.628099,0.0,69474.208049,0.0,43657.467596,142.0,405.8,0.0,24.4,4980.0,0.0,1025.598401,5.0,509828.254988,2483589.439775,0.0,0.0,0.0,0.0,0.0,-1315384.808374,1545933.575345,0.0,0.0,26017537.7361,195081093.047472,0.0,22946364.968195,286359.756,442180.6848,0.0,92692.15384,37206551.597387,0.0,539054.519524,-2311.9485,40162.153009,40162.153009,0.0,0.0,8282499399.021179,29041472.61036,1095929521.221037,0.0,264755616.26195,613104928.89187,0.0,55232644.285628,0.0,5333496369.553305,4893862759.469267,0.0,-0.0,0.0,390688956.052167,218682748.261152,426588680.302306,227997058.472252,398820389.121618,22230700543.52409,2855.029181,73975.985246,90433.343615,162452635.766806,0.0,348356431.035011
test0_DemMd_FuelMd_REcostLo_SitingOpen_BattLo_PolIRA,0,1,1,0,0,0,644.181731,1509.410472,0.0,177.987149,3935.902178,664.060804,25820.886816,1624.420943,12994.628099,2687.598073,52962.933545,0.0,40194.751554,142.0,405.8,0.0,24.4,4980.0,0.0,44.581177,5.0,338581.917854,793346.144247,0.0,93550.045315,0.0,2068710.184862,349030.358492,-7206438.835455,853795.647776,0.0,0.0,26017537.7361,126815125.663545,0.0,21126361.416921,259042.506,442180.6848,0.0,89966.611281,37014766.002,0.0,23431.866709,-1743.861,51574.111766,51574.111766,0.0,0.0,7101140513.446201,111907930.1715,805961090.363897,0.0,0.0,527936761.951581,0.0,21473622.112107,47722523.31978,5438464708.874477,3403320235.966044,7074362.620524,46221882.702729,-265294215.606227,440175424.210481,87163939.573981,594328414.102505,265371063.203541,295135159.476471,18928103416.4896,2808.704594,101562.99887099999,92141.241747,228405098.137068,0.0,369844550.03491896
test0_DemMd_FuelMd_REcostLo_SitingOpen_BattLo_PolOBBBA,0,1,1,1,0,0,991.142066,4685.463466,0.0,0.0,0.0,0.0,17309.726337,2973.617263,12994.628099,0.0,67188.048063,0.0,33865.011171,142.0,405.8,0.0,24.4,4980.0,0.0,1025.598401,5.0,520944.26972,2462679.597691,0.0,0.0,0.0,0.0,0.0,-4907869.893587,1562933.233579,0.0,0.0,26017537.7361,187285222.644101,0.0,17799449.871501,286359.756,442180.6848,0.0,95255.14456,37396722.514296,0.0,539054.519524,-1167.71625,40128.810058,40128.810058,0.0,0.0,9913380921.116545,0.0,1568910653.20613,0.0,291290535.927422,892582235.889478,0.0,55097039.141103,0.0,5341756775.765674,4589645901.084293,0.0,-3e-06,0.0,396992745.219608,135777323.219593,417017537.537139,232538617.548161,367124315.011819,24202114600.66696,2791.12729,82419.03283399998,87044.482858,185424424.76818702,0.0,341752327.265168
test0_DemMd_FuelMd_REcostLo_SitingOpen_BattMd_PolIRA,1,1,1,0,0,0,534.619714,1762.016238,0.0,97.834491,1426.322725,887.598857,7395.495651,1382.489822,12994.628099,1161.122291,54749.636502,0.0,57900.447515,142.0,405.8,0.0,24.4,4980.0,0.0,1060.981177,5.0,280996.121459,926115.734838,0.0,51421.808708,0.0,749675.22418,466521.959247,-1963214.926369,726636.650553,0.0,0.0,26017537.7361,144207866.21286,0.0,30432475.2141,286359.756,442180.6848,0.0,93620.26624,37446567.877261,0.0,557651.706709,-2743.36725,47699.222617,47699.222617,0.0,0.0,7532651094.592434,96374013.832927,684192253.030551,0.0,0.0,455460561.624375,0.0,22002206.098366,20617549.239814,5350168051.003652,4063040290.774992,8075984.711541,25319868.808844,-244641551.549403,421573042.391015,283575219.012577,511639163.015216,247866243.393107,383205903.20117,19861119893.18117,3157.14582,93890.04113,90722.77812500001,206142157.01126802,0.0,355353031.28114104
test0_DemMd_FuelMd_REcostLo_SitingOpen_BattMd_PolOBBBA,1,1,1,1,0,0,979.778471,4707.02124,0.0,0.0,0.0,0.0,6058.957008,2954.204076,12994.628099,0.0,69847.434103,0.0,42073.484493,142.0,405.8,0.0,24.4,4980.0,0.0,1025.598401,5.0,514971.564571,2474010.363964,0.0,0.0,0.0,0.0,0.0,-1951946.508456,1552729.662467,0.0,0.0,26017537.7361,192617070.626035,0.0,22113823.449761,286359.756,442180.6848,0.0,92692.15384,37424886.465215,0.0,539054.519524,-2220.44925,40123.54066599999,40123.54066599999,0.0,0.0,8404744734.015656,106511798.130403,1141062276.836259,0.0,371992060.949334,678793401.367667,0.0,55165917.670469,0.0,5336161266.05044,4810087469.370311,0.0,0.0,0.0,391120460.274144,196659532.286605,423650680.411698,228254281.099957,392619205.294389,22536823083.757328,2828.166471,75680.763284,89704.75124999999,166275415.284931,0.0,348340427.17844
test0_DemMd_FuelMd_REcostLo_SitingRef_BattHi_PolIRA,2,1,1,0,0,1,471.445433,1859.266358,0.0,0.0,1548.30405,478.587709,5086.846339,1286.784609,12994.628099,810.643421,57437.190331,0.0,52718.754593,142.0,405.8,0.0,24.4,4980.0,0.0,1115.030713,5.0,247791.719435,977230.398006,0.0,0.0,0.0,813788.608455,251545.699922,-1443891.335937,676333.990704,0.0,0.0,27098575.5645,144297822.941769,0.0,27708977.414211,288393.054,443076.06,0.0,90940.134292,37049264.762601,0.0,716444.723369,-3013.14375,43626.273846,43626.273846,0.0,0.0,7708687967.740067,568376840.32326,1243719664.507985,0.0,79117421.517991,402011654.209838,0.0,22306276.508777,14394246.642893,5392906074.870983,3975306121.204919,8210377.02779,20382218.258968,-446501806.586529,430374121.738555,536794626.428747,460047175.891311,252014416.534291,343365596.557015,21011512993.376858,2972.008603,95066.627439,98702.300661,218506602.15736902,0.0,343751600.38699794
test0_DemMd_FuelMd_REcostLo_SitingRef_BattHi_PolOBBBA,2,1,1,1,0,1,1369.212876,4071.507581,0.0,0.0,0.0,0.0,5254.518077,3495.154834,12994.628099,0.0,62321.404151,0.0,46217.498175,142.0,405.8,0.0,24.4,4980.0,0.0,1062.926865,5.0,719658.287803,2139984.384644,0.0,-0.0,0.0,0.0,0.0,-1542479.37788,1837053.380677,0.0,0.0,27098575.5645,159827599.28207,0.0,24291917.040864,269021.13,443076.06,0.0,92499.333791,37229198.307993,0.0,626352.212605,-3013.14375,42128.705703,42128.705703,0.0,0.0,10867604277.847176,497592799.93836,2054030330.470962,0.0,488883671.81954,1004329465.517953,0.0,53169860.353162,0.0,5423399689.992528,4216880057.009404,0.0,0.0,0.0,404119637.182986,564887202.460558,437127113.182997,240601921.04751,363523100.746977,26616149127.57012,2719.016956,89149.44513099999,93739.287312,209888970.255898,0.0,334830055.464981
test0_DemMd_FuelMd_REcostLo_SitingRef_BattLo_PolIRA,0,1,1,0,0,1,213.055204,1823.582289,0.0,0.0,1563.322176,305.727783,27578.421161,1290.657438,12994.628099,1079.234842,47006.321032,0.0,40457.656927,142.0,405.8,0.0,24.4,4980.0,0.0,1115.089534,5.0,111981.815379,958474.850972,0.0,0.0,0.0,821682.135694,160690.522583,-9209367.821493,678369.54949,0.0,0.0,27098575.5645,111510128.278867,0.0,21264544.480633,249762.096,443076.06,0.0,95148.880608,37585433.361965,0.0,586091.059091,-2257.011,48338.78002699999,48338.78002699999,0.0,0.0,9778118311.886265,727856.4564,1620785409.279275,0.0,328716415.982735,839310309.594362,0.0,22043939.508939,19163509.017945,5469386034.733458,3143279107.403642,3030205.681707,18334815.721497,-726096554.787078,448464138.90875,171244839.001294,500591656.677717,263152851.054257,276069969.797467,22176322815.91863,2922.672839,111942.70471399999,96801.736711,267348495.01002097,0.0,342323930.86666703
test0_DemMd_FuelMd_REcostLo_SitingRef_BattLo_PolOBBBA,0,1,1,1,0,1,755.261391,3886.726856,0.0,0.0,0.0,0.0,27234.040212,3404.082148,12994.628099,0.0,54909.825079,0.0,32780.176271,142.0,405.8,0.0,24.4,4980.0,0.0,1107.575636,5.0,396965.387173,2042863.635281,0.0,0.0,0.0,0.0,0.0,-9117987.536439,1789185.577199,0.0,0.0,27098575.5645,143817850.210173,0.0,17229260.648278,269021.13,443076.06,0.0,94285.679455,37488551.144409,0.0,582141.754283,-2243.1675,41023.872353,41023.872353,0.0,0.0,12308409889.164003,15735124.850649,2433204372.86366,0.0,0.0,1216552714.223589,0.0,51062017.772559,0.0,5437278845.86512,3710843992.135692,0.0,-0.0,0.0,419729319.838192,181780763.528567,430233424.692069,250904672.45513,319078476.077788,26774813613.467026,2652.690746,103209.326273,90392.57552700001,252659834.794368,0.0,323381112.664824
test0_DemMd_FuelMd_REcostLo_SitingRef_BattMd_PolIRA,1,1,1,0,0,1,466.474158,1875.891815,0.0,0.0,1483.734248,340.242948,8249.653405,1278.791485,12994.628099,1109.307561,52452.201199,0.0,53294.761583,142.0,405.8,0.0,24.4,4980.0,0.0,1270.4,5.0,245178.817525,985968.738158,0.0,0.0,0.0,779850.720583,178831.69347,-3389150.591467,672132.804734,0.0,0.0,27098575.5645,127748501.721576,0.0,28011726.68797,288393.054,443076.06,0.0,90690.361255,36997981.595438,0.0,667722.24,-2813.5425,46601.30938700001,46601.30938700001,0.0,0.0,7601626381.404373,575498885.76494,1239634186.211447,0.0,27492824.755274,568235062.458148,0.0,22392590.336014,19697497.356647,5411730556.307816,3658592421.144411,7810168.956073,18034822.936199,-520720836.482642,443047807.408816,372628586.406364,505272540.961452,255190467.133081,323714220.889525,20529878183.947937,3062.387904,95319.723696,102786.924398,214244846.17947802,0.0,366463720.119061
test0_DemMd_FuelMd_REcostLo_SitingRef_BattMd_PolOBBBA,1,1,1,1,0,1,1336.874893,4124.156,0.0,0.0,0.0,0.0,7688.581296,3445.374508,12994.628099,0.0,62222.955153,0.0,43235.00791,142.0,405.8,0.0,24.4,4980.0,0.0,1107.926865,5.0,702661.443601,2167656.393786,0.0,0.0,0.0,0.0,0.0,-3038279.164158,1810888.841441,0.0,0.0,27098575.5645,160003473.472632,0.0,22724320.157324,288393.054,443076.06,0.0,92213.609074,37181853.09622,0.0,582326.360225,-3102.58125,41659.403152,41659.403152,0.0,0.0,10719982965.751236,468551327.328,2290008795.199964,0.0,573017753.26912,1010203695.792516,0.0,53305100.208848,0.0,5421630050.71849,4172494093.397414,0.0,-0.0,0.0,403244305.514871,466738538.566708,434067976.352167,241472414.513099,353832079.052915,26608549095.665344,2780.482199,89335.642056,93907.66727100001,211185030.248226,0.0,336412830.811771
test0_DemMd_FuelMd_REcostMd_SitingLim_BattHi_PolIRA,2,1,1,0,1,2,678.737429,2270.262571,0.0,0.0,0.0,0.0,3775.964154,1436.941993,12994.628099,0.0,66516.023908,0.0,52945.616201,142.0,405.8,0.0,24.4,4980.0,0.0,300.957883,5.0,511882.576874,1193250.007379,0.0,0.0,0.0,0.0,0.0,-1213229.675211,755256.711572,0.0,0.0,29951650.8243,194461237.107889,0.0,28066647.329329,299689.296,443293.4232,0.0,93486.745843,37136120.515941,0.0,158183.463368,-3299.36175,40890.720799,40890.720799,0.0,0.0,11278347544.189236,45816456.42126,1603215351.373854,0.0,0.0,405111919.604692,0.0,26182254.410545,0.0,5758604081.020339,4986429447.639967,0.0,-0.0,-466032928.117481,428643914.374415,412456335.310165,435985502.944732,249627506.888129,413390666.788748,25577778052.848606,2985.524467,93202.60290900001,95603.170682,203254846.111051,0.0,298857730.494873
test0_DemMd_FuelMd_REcostMd_SitingLim_BattHi_PolOBBBA,2,1,1,1,1,2,902.676323,4705.820231,0.0,0.0,0.0,0.0,3202.4788,3765.145171,12994.628099,0.0,77943.557178,3554.549445,36070.197807,142.0,405.8,0.0,24.4,4980.0,0.0,1070.273598,5.0,2619162.135805,2473379.113489,0.0,0.0,0.0,0.0,0.0,-1170610.000989,1978960.301865,0.0,0.0,29951650.8243,242321780.571568,1868271.18818,24507216.792238,299689.296,443293.4232,0.0,93693.16931,37217018.97036,0.0,654477.082337,-3222.74175,34478.6,34478.6,0.0,0.0,14062756192.888718,32938317.319068,2705715647.757156,0.0,0.0,821221025.389514,0.0,66991751.208793,0.0,5763598584.662588,5977728012.040439,0.0,-0.0,0.0,380407241.753796,426614792.042945,375947903.342,232209715.923254,500955729.59542,31347084913.92369,2612.02186,82233.12993200001,83204.250887,187945521.46980798,0.0,262124066.71402898
test0_DemMd_FuelMd_REcostMd_SitingLim_BattLo_PolIRA,0,1,1,0,1,2,163.755267,2270.287919,0.0,0.0,0.0,0.0,35245.300313,1405.847482,12994.628099,0.0,57341.512077,0.0,32247.968753,142.0,405.8,0.0,24.4,4980.0,0.0,1270.4,5.0,802091.638842,1193263.330265,0.0,0.0,0.0,0.0,0.0,-11738446.351619,738913.436432,0.0,0.0,29951650.8243,166150722.712746,0.0,16949532.376749,299689.296,443293.4232,0.0,104035.036435,38265347.95884,0.0,738935.625355,-3143.367,38964.338181,38964.338181,0.0,0.0,12636930516.88312,102116520.744,2175551622.329159,0.0,0.0,914919329.079592,0.0,26277685.409543,0.0,5801259691.901092,4144144312.50054,0.0,-0.0,-830842478.314915,440844873.509804,152777010.273745,420102985.23173,265474295.10367,346388992.699999,26595945357.35108,2620.957321,119919.283467,83868.744913,281920483.236545,0.0,268228880.421804
test0_DemMd_FuelMd_REcostMd_SitingLim_BattLo_PolOBBBA,0,1,1,1,1,2,289.799528,2610.446149,0.0,0.0,0.0,0.0,31563.205175,1927.939363,12994.628099,0.0,79010.189697,1623.295395,14721.923314,142.0,405.8,0.0,24.4,4980.0,0.0,1270.4,5.0,1419470.547763,1372050.495922,0.0,0.0,0.0,0.0,0.0,-10593088.809689,1013324.929032,0.0,0.0,29951650.8243,227404536.354043,853204.05981,8161275.004274,299689.296,443293.4232,0.0,104336.232941,38339578.55268,0.0,693375.611249,-3143.367,36089.156963,36089.156963,0.0,0.0,16099196649.810778,102116520.744,3087802295.312126,0.0,591108310.692205,1227817104.03532,0.0,35399702.069113,0.0,5586374463.475196,5072785304.728725,0.0,-0.0,0.0,385862123.949559,194758178.336135,389419439.269387,247244482.228084,371292093.254753,33391176667.90538,2434.000568,106388.61120700001,72524.525832,261709414.388753,0.0,232100877.770983
test0_DemMd_FuelMd_REcostMd_SitingLim_BattMd_PolIRA,1,1,1,0,1,2,759.069419,1664.300628,0.0,0.0,0.0,0.0,11091.633647,1377.795393,12994.628099,0.0,65101.66553,0.0,46757.167195,142.0,405.8,0.0,24.4,4980.0,0.0,1270.4,5.0,398966.886634,874756.409897,0.0,0.0,0.0,0.0,0.0,-3457244.49527,724169.258819,0.0,0.0,29951650.8243,189564041.944136,0.0,24575567.077863,299689.296,443293.4232,0.0,93813.507706,37135505.533927,0.0,716737.647266,-2669.082,40340.015285,40340.015285,0.0,0.0,11717404238.819466,0.0,1605950434.732339,0.0,0.0,316239278.312478,0.0,21278272.607249,0.0,5801761372.556503,4798559778.113415,0.0,-0.0,-598112372.996845,426956509.158811,265090783.498428,428702450.897913,251212436.359732,392219911.578744,25427263093.63823,2974.308181,96358.698199,95209.89196100002,212660883.444112,0.0,300143461.892457
test0_DemMd_FuelMd_REcostMd_SitingLim_BattMd_PolOBBBA,1,1,1,1,1,2,929.515144,4681.81554,0.0,0.0,0.0,0.0,4696.664904,3823.15117,12994.628099,0.0,77861.587916,3332.635347,34821.914061,142.0,405.8,0.0,24.4,4980.0,0.0,1070.273598,5.0,2650826.562417,2460762.248051,0.0,0.0,0.0,0.0,0.0,-1832257.960413,2009448.254963,0.0,0.0,29951650.8243,241595444.149769,1751633.13853,19457619.739027,299689.296,443293.4232,0.0,93865.038278,37217159.517092,0.0,599503.329938,-2292.8655,34478.6,34478.6,0.0,0.0,15585646682.037985,0.0,2760533344.785078,0.0,0.0,879258369.519046,0.0,66651778.686626,0.0,5786946204.536532,5810435394.769581,0.0,-0.0,0.0,375880345.263274,391474270.217495,375947903.342,234026593.163962,478676249.482448,32745477135.804028,2629.717669,81913.79942499999,85309.097519,186706817.09998,0.0,269967334.776167
test0_DemMd_FuelMd_REcostMd_SitingOpen_BattHi_PolIRA,2,1,1,0,1,0,680.655247,1437.74145,0.0,0.0,0.0,0.0,5187.917285,1692.399159,12994.628099,0.0,74569.486528,0.0,47969.132734,142.0,405.8,0.0,24.4,4980.0,0.0,1070.298401,5.0,357752.397813,755676.905979,0.0,0.0,0.0,0.0,0.0,-803796.226157,889524.997939,0.0,0.0,26017537.7361,220812774.828274,0.0,25212576.164913,299331.456,442180.6848,0.0,98775.425338,37784850.071503,0.0,562548.839524,-2258.028,42040.02785099999,42040.02785099999,0.0,0.0,7761703716.364576,113220306.273438,636302629.005436,0.0,3944052.014891,546273467.485984,0.0,21295528.561539,0.0,5456737809.145957,5428524490.948563,0.0,-0.0,-390985217.577566,383307559.191511,381144417.062264,450849647.795903,232123000.753786,434645631.386733,21459087038.413013,3007.714701,83558.88206300001,80018.560983,178571435.27903,0.0,305899389.460447
test0_DemMd_FuelMd_REcostMd_SitingOpen_BattHi_PolOBBBA,2,1,1,1,1,0,1642.112803,3922.398623,0.0,0.0,0.0,0.0,5842.128025,4169.362589,12994.628099,0.0,88434.582954,890.051727,29446.746196,142.0,405.8,0.0,24.4,4980.0,0.0,1034.099169,5.0,863094.489144,2061612.716251,0.0,0.0,0.0,0.0,0.0,-1065351.710965,2191416.976551,0.0,0.0,26017537.7361,263323392.693116,467811.187523,15477209.800732,299331.456,442180.6848,0.0,100007.385163,38061904.557025,0.0,543522.523179,-2739.14475,37651.012385,37651.012385,0.0,0.0,9973186003.55887,45816456.42126,1466452443.780996,0.0,0.0,846603414.733172,0.0,57070987.882576,0.0,5597968421.140959,6028095921.493182,0.0,-0.0,0.0,347126391.228912,301652625.993611,402483610.183644,217484108.482075,444816639.52452,25728757024.42378,2711.958869,66253.32102599999,77869.07635300001,147228377.37756598,0.0,300157997.18075204
test0_DemMd_FuelMd_REcostMd_SitingOpen_BattLo_PolIRA,0,1,1,0,1,0,701.479388,1396.594892,0.0,0.0,0.0,0.0,23410.716432,1731.390781,12994.628099,0.0,68742.47134,0.0,35217.348672,142.0,405.8,0.0,24.4,4980.0,0.0,876.039137,5.0,368697.566391,734050.27519,0.0,0.0,0.0,0.0,0.0,-7009585.718765,910018.994589,0.0,0.0,26017537.7361,204030716.82491,0.0,18510238.461892,299331.456,442180.6848,0.0,100935.497563,38080711.422,0.0,460446.170409,-2327.439,40286.73824399999,40286.73824399999,0.0,0.0,10065649248.600876,4199599.307853,1492837722.54671,0.0,0.0,906670615.058493,0.0,21193373.429501,0.0,5501432852.165623,4910714513.903021,0.0,-0.0,-390443053.113763,397827832.334033,153465745.507365,437232066.668264,237444952.320459,402151554.800487,24140377023.528923,2712.109986,95702.013354,76503.064639,214544479.274351,0.0,299884983.363827
test0_DemMd_FuelMd_REcostMd_SitingOpen_BattLo_PolOBBBA,0,1,1,1,1,0,828.050917,1732.22922,0.0,0.0,0.0,0.0,18375.351088,2043.264274,12994.628099,0.0,87208.31279,1507.227647,20962.30972,142.0,405.8,0.0,24.4,4980.0,0.0,1068.735546,5.0,435223.561735,910459.677997,0.0,0.0,0.0,0.0,0.0,-5366152.6628,1073939.70249,0.0,0.0,26017537.7361,251978879.020614,792198.851521,11017789.988813,299331.456,442180.6848,0.0,100935.497563,38080711.422,0.0,561727.403065,-755.55,37241.323288,37241.323288,0.0,0.0,11152161713.895569,32938317.319068,2107442946.538999,0.0,141457306.186454,1064279041.391617,0.0,28806841.736959,0.0,5354675978.517261,5620732026.938931,0.0,-0.0,0.0,355365879.123369,167985454.192867,399056757.539996,220222419.051268,390299917.452421,27035424599.884777,2440.330846,75886.20558400001,73988.591205,175914077.578511,0.0,294375692.041567
test0_DemMd_FuelMd_REcostMd_SitingOpen_BattMd_PolIRA,1,1,1,0,1,0,700.677175,1393.564514,0.0,0.0,0.0,0.0,7076.455125,1731.390781,12994.628099,0.0,70336.865222,0.0,48186.936071,142.0,405.8,0.0,24.4,4980.0,0.0,1023.736924,5.0,368275.923022,732457.508634,0.0,0.0,0.0,0.0,0.0,-2099918.226787,910018.994589,0.0,0.0,26017537.7361,208981974.125294,0.0,25327053.598743,299331.456,442180.6848,0.0,88621.634809,36875180.551738,0.0,538076.127432,-1443.45375,42636.98357799999,42636.98357799999,0.0,0.0,9110551746.960026,113220306.273438,1080902529.360818,0.0,32894921.465544,637643525.800072,0.0,21169186.718255,0.0,5494040858.026439,5201489434.645602,0.0,0.0,-385025775.019546,391614081.582027,272274357.351545,451933637.855107,232690256.538115,429215860.291535,23084614927.848976,3011.441196,85459.745313,82173.04940699998,185471539.77888602,0.0,313125223.538291
test0_DemMd_FuelMd_REcostMd_SitingOpen_BattMd_PolOBBBA,1,1,1,1,1,0,1665.037216,3867.896369,0.0,0.0,0.0,0.0,6737.770598,4137.404123,12994.628099,0.0,85623.861259,181.508127,29799.540358,142.0,405.8,0.0,24.4,4980.0,0.0,1034.044682,5.0,875143.560981,2032966.331542,0.0,0.0,0.0,0.0,0.0,-2135402.727077,2174619.607045,0.0,0.0,26017537.7361,256388963.748425,95400.671636,15662638.411918,299331.456,442180.6848,0.0,100007.385163,37630283.747738,0.0,543493.88511,-1941.651,38189.847689,38189.847689,0.0,0.0,9472663410.85033,45816456.42126,1269438379.300594,0.0,0.0,763810375.484797,0.0,54964529.654176,0.0,5592519866.524993,5893894862.039875,0.0,-0.0,0.0,350838267.849799,200673569.894619,406990708.857731,217282319.474874,445668256.25374,24714561002.606785,2611.076461,66628.153831,79091.97212399999,147648670.607598,0.0,308583050.204855
test0_DemMd_FuelMd_REcostMd_SitingRef_BattHi_PolIRA,2,1,1,0,1,1,610.178201,1565.771802,0.0,0.0,0.0,0.0,5780.725466,1530.048759,12994.628099,0.0,73808.665319,0.0,45996.555193,142.0,405.8,0.0,24.4,4980.0,0.0,1115.426865,5.0,320709.662193,822969.659294,0.0,0.0,0.0,0.0,0.0,-1293778.943395,804193.627668,0.0,0.0,27098575.5645,206492122.881112,0.0,24175789.409632,299614.32,443076.06,0.0,101169.72556,38126800.262773,0.0,731035.781397,-3353.4975,39417.84357,39417.84357,0.0,0.0,8800658870.58935,113220306.273438,861856581.712944,0.0,0.0,367769992.814312,0.0,21375338.072038,0.0,5571142746.715195,5099195908.673968,0.0,0.0,-397452050.694235,391969392.774442,610333472.169741,417238916.105125,239228753.138349,384899602.593165,22481437830.93783,2789.223013,93999.583867,82647.90314299999,212441723.147863,0.0,286661180.73062295
test0_DemMd_FuelMd_REcostMd_SitingRef_BattHi_PolOBBBA,2,1,1,1,1,1,2035.866102,3562.468392,0.0,0.0,0.0,0.0,6072.858297,5176.21202,12994.628099,0.0,82848.011931,0.0,32037.540311,142.0,405.8,0.0,24.4,4980.0,0.0,1055.261718,5.0,1400237.828218,1872433.386875,0.0,0.0,0.0,0.0,0.0,-1375489.904513,2720617.037851,0.0,0.0,27098575.5645,244818896.052379,0.0,18303719.828766,299614.32,443076.06,0.0,102620.31613,38142794.061703,0.0,602554.58067,-3492.5325,38406.040801,38406.040801,0.0,0.0,11058299462.8091,45816456.42126,1808223869.072308,0.0,203944617.233555,758190149.832972,0.0,58156239.733158,0.0,5724148918.860904,5753293023.545034,0.0,-0.0,0.0,354848561.729348,512131292.63109,398490110.976734,224424605.124111,440717889.871793,27340685197.84136,2567.725904,76703.89526800001,79456.188131,178927465.87955698,0.0,283773769.205614
test0_DemMd_FuelMd_REcostMd_SitingRef_BattLo_PolIRA,0,1,1,0,1,1,613.624619,1567.919852,0.0,0.0,0.0,0.0,26848.594873,1537.308561,12994.628099,0.0,63281.15817,0.0,33978.4864,142.0,405.8,0.0,24.4,4980.0,0.0,446.624972,5.0,322521.099748,824098.674198,0.0,0.0,0.0,0.0,0.0,-9263044.517649,808009.379543,0.0,0.0,27098575.5645,188016345.936755,0.0,17859092.45205,299614.32,443076.06,0.0,99730.038302,38004162.9498,0.0,234746.08547,-2034.855,39428.304941,39428.304941,0.0,0.0,10557662216.391245,45816456.42126,1825405740.133234,0.0,0.0,809776041.113113,0.0,21434612.88148,0.0,5613348785.233614,4567391461.476279,0.0,-0.0,-611530795.736292,411162744.11242,213200126.203257,417867925.849659,247419489.821006,379378775.523513,24498333579.42379,2799.547706,107641.84258699999,80133.07105299999,252609935.03475302,0.0,280093075.67013395
test0_DemMd_FuelMd_REcostMd_SitingRef_BattLo_PolOBBBA,0,1,1,1,1,1,1072.65052,1257.368644,0.0,0.0,0.0,0.0,28476.720648,2442.782148,12994.628099,0.0,72807.476404,3308.645064,20716.020525,142.0,405.8,0.0,24.4,4980.0,0.0,1270.4,5.0,563785.11332,660872.959464,0.0,0.0,0.0,0.0,0.0,-9902031.463212,1283926.29683,0.0,0.0,27098575.5645,220670323.83877,1739023.845555,10888340.387912,299614.32,443076.06,0.0,102672.323126,38004162.9498,0.0,667722.24,-2569.413,38456.988511,38456.988511,0.0,0.0,12518564259.181076,32938317.319068,2331596153.909701,0.0,436666449.509463,1203627688.552816,0.0,31163741.050358,0.0,5526321657.208784,5061553976.360148,-0.0,0.0,0.0,376082660.868331,147380632.568028,408752034.968028,236088877.13524,395271889.271176,28706008337.902218,2264.77283,95578.824532,74371.464577,236428946.87658304,0.0,268763739.449924
test0_DemMd_FuelMd_REcostMd_SitingRef_BattMd_PolIRA,1,1,1,0,1,1,614.432454,1557.484975,0.0,0.0,0.0,0.0,10468.445909,1537.644444,12994.628099,0.0,70630.071747,0.0,42067.372663,142.0,405.8,0.0,24.4,4980.0,0.0,1115.354987,5.0,322945.698043,818614.102862,0.0,0.0,0.0,0.0,0.0,-3735269.524727,808185.919523,0.0,-0.0,27098575.5645,199772575.6605,-0.0,22110611.071474,299614.32,443076.06,0.0,101373.29324,37773252.668211,0.0,586230.581129,-2188.10625,39555.501481,39555.501481,0.0,0.0,9119120400.498028,32938317.319068,1031981038.961965,0.0,0.0,495173943.780491,0.0,21353272.151043,0.0,5622008418.774012,4911745721.785833,0.0,-0.0,-518094238.472269,395564630.306242,426826651.579875,422944617.911051,240333636.782748,372623269.770606,22574519681.1487,2751.407539,96625.21480700001,83625.45342800001,218439207.587107,0.0,292557651.25255895
test0_DemMd_FuelMd_REcostMd_SitingRef_BattMd_PolOBBBA,1,1,1,1,1,1,1970.028019,3627.96834,0.0,0.0,0.0,0.0,6463.643452,5207.704939,12994.628099,0.0,82431.364561,0.0,30151.421637,142.0,405.8,0.0,24.4,4980.0,0.0,1052.746921,5.0,1488998.018581,1906860.15961,0.0,0.0,0.0,0.0,0.0,-2321923.88348,2737169.716193,0.0,0.0,27098575.5645,244324972.542197,0.0,15847587.212169,299614.32,443076.06,0.0,94007.75893,37416247.4745,0.0,564123.641895,-2294.5635,37974.577734,37974.577734,0.0,0.0,10642862731.566366,46641978.15858,1823945744.075156,0.0,29996092.711685,843087733.971328,0.0,58823243.83091,0.0,5721961444.271331,5670263053.694893,0.0,0.0,0.0,354901140.75235,466455100.321603,396455808.615242,224448639.42522,430973143.588669,26710815854.983334,2562.691412,77949.35412900001,79214.20850400001,183595813.101188,0.0,283765384.82644
